ISO-10303-21;
HEADER;
FILE_DESCRIPTION (( 'STEP AP214' ),
    '1' );
FILE_NAME ('ASV1_300_16C.STEP.STEP',
    '2026-08-01T02:08:55',
    ( '' ),
    ( '' ),
    'SwSTEP 2.0',
    'SolidWorks 2025',
    '' );
FILE_SCHEMA (( 'AUTOMOTIVE_DESIGN' ));
ENDSEC;

DATA;
#1 = VECTOR ( 'NONE', #1626, 1000.000000000000114 ) ;
#2 = VERTEX_POINT ( 'NONE', #3114 ) ;
#3 = EDGE_CURVE ( 'NONE', #1321, #3383, #3367, .T. ) ;
#4 = CARTESIAN_POINT ( 'NONE',  ( -1.329662364431582144, 34.99918317678400115, -7.895862313503799079 ) ) ;
#5 = DIRECTION ( 'NONE',  ( 0.000000000000000000, 0.000000000000000000, 1.000000000000000000 ) ) ;
#6 = VECTOR ( 'NONE', #151, 999.9999999999998863 ) ;
#7 = DIRECTION ( 'NONE',  ( 0.000000000000000000, -1.000000000000000000, 8.673617379884039170E-17 ) ) ;
#8 = CARTESIAN_POINT ( 'NONE',  ( 28.75000000000000000, -16.80260396486210084, 64.00000000000000000 ) ) ;
#9 = LINE ( 'NONE', #904, #1388 ) ;
#10 = CARTESIAN_POINT ( 'NONE',  ( 27.42319516092215181, 22.01490875213750442, -1.177295221254701429 ) ) ;
#11 = CIRCLE ( 'NONE', #771, 1.999999999999998668 ) ;
#12 = ORIENTED_EDGE ( 'NONE', *, *, #1158, .F. ) ;
#13 = CARTESIAN_POINT ( 'NONE',  ( -35.00000000000000000, 15.50910527760489899, 4.726781669297739796 ) ) ;
#14 = ORIENTED_EDGE ( 'NONE', *, *, #1051, .T. ) ;
#15 = CARTESIAN_POINT ( 'NONE',  ( 8.989785798379859472, 31.45508467770505234, 9.760903867390430477 ) ) ;
#16 = DIRECTION ( 'NONE',  ( 0.000000000000000000, 0.000000000000000000, -1.000000000000000000 ) ) ;
#17 = CARTESIAN_POINT ( 'NONE',  ( -35.00000000000000000, -15.11408154316849917, 7.352745219559709611 ) ) ;
#18 = DIRECTION ( 'NONE',  ( 0.000000000000000000, 0.000000000000000000, 1.000000000000000000 ) ) ;
#19 = DIRECTION ( 'NONE',  ( -0.7686030849743012983, -0.6397259552089372692, 0.000000000000000000 ) ) ;
#20 = ADVANCED_FACE ( 'NONE', ( #3949 ), #3085, .F. ) ;
#21 = DIRECTION ( 'NONE',  ( 0.000000000000000000, 0.000000000000000000, -1.000000000000000000 ) ) ;
#22 = ORIENTED_EDGE ( 'NONE', *, *, #1772, .T. ) ;
#23 = CARTESIAN_POINT ( 'NONE',  ( -8.623974774080750194, 33.92119719967669766, 7.500003639842120151 ) ) ;
#24 = CARTESIAN_POINT ( 'NONE',  ( 28.20583790848801087, 2.322694630423803197, 45.22155834033726052 ) ) ;
#25 = ORIENTED_EDGE ( 'NONE', *, *, #1847, .T. ) ;
#26 = FACE_OUTER_BOUND ( 'NONE', #1751, .T. ) ;
#27 = EDGE_CURVE ( 'NONE', #821, #1953, #4441, .T. ) ;
#28 = CARTESIAN_POINT ( 'NONE',  ( 34.50000000000000000, 3.551475717527324818E-16, 32.39999999999999858 ) ) ;
#29 = DIRECTION ( 'NONE',  ( 1.000000000000000000, 0.000000000000000000, 0.000000000000000000 ) ) ;
#30 = ORIENTED_EDGE ( 'NONE', *, *, #5709, .T. ) ;
#31 = FACE_OUTER_BOUND ( 'NONE', #596, .T. ) ;
#32 = EDGE_CURVE ( 'NONE', #3811, #5423, #812, .T. ) ;
#33 = CARTESIAN_POINT ( 'NONE',  ( -12.61420223406030061, 32.64786069331535145, 18.42692734016904765 ) ) ;
#34 = CARTESIAN_POINT ( 'NONE',  ( 10.87478571243549830, 33.26774286453664331, 8.194463759685310933 ) ) ;
#35 = EDGE_LOOP ( 'NONE', ( #536, #4794 ) ) ;
#36 = CARTESIAN_POINT ( 'NONE',  ( 24.59674775249745338, 21.00000000000025224, -0.6269330410537059528 ) ) ;
#37 = ORIENTED_EDGE ( 'NONE', *, *, #4219, .T. ) ;
#38 = CARTESIAN_POINT ( 'NONE',  ( 34.03289163600924638, -16.14671809340045172, 5.976135686746339992 ) ) ;
#39 = CARTESIAN_POINT ( 'NONE',  ( 35.00000000000000000, 15.50910527760495050, 4.726781669296889810 ) ) ;
#40 = CARTESIAN_POINT ( 'NONE',  ( 0.000000000000000000, 19.69999999999999929, 8.000000000000000000 ) ) ;
#41 = LINE ( 'NONE', #1744, #5391 ) ;
#42 = CARTESIAN_POINT ( 'NONE',  ( 9.264787205198089737, 26.74165987094290386, 9.950007581358079278 ) ) ;
#43 = VERTEX_POINT ( 'NONE', #3979 ) ;
#44 = CARTESIAN_POINT ( 'NONE',  ( -35.00000000000000000, -15.48385181469774885, 47.64471419138269681 ) ) ;
#45 = CARTESIAN_POINT ( 'NONE',  ( 9.946695338914111062, 30.78226865369749987, 11.03653632991492017 ) ) ;
#46 = CARTESIAN_POINT ( 'NONE',  ( 35.00000000000000000, 4.163799117100995136E-16, 8.599999999999999645 ) ) ;
#47 = CARTESIAN_POINT ( 'NONE',  ( -9.126684693004598614, 31.36672898656374997, 19.15276812015784813 ) ) ;
#48 = CARTESIAN_POINT ( 'NONE',  ( 28.75000000000000000, 16.80260396486210084, 54.00000000000000000 ) ) ;
#49 = CARTESIAN_POINT ( 'NONE',  ( 8.429077099616863578, 27.01555362766201540, 19.45350409288648663 ) ) ;
#50 =( BOUNDED_SURFACE ( )  B_SPLINE_SURFACE ( 3, 2, ( 
 ( #5597, #2087, #5624 ),
 ( #5183, #1217, #5766 ),
 ( #3963, #3074, #5735 ),
 ( #5271, #828, #3563 ) ),
 .UNSPECIFIED., .F., .F., .T. ) 
 B_SPLINE_SURFACE_WITH_KNOTS ( ( 4, 4 ),
 ( 3, 3 ),
 ( 1.157997922372182131, 1.210576814762442055 ),
 ( 0.000000000000000000, 1.000000000000000000 ),
 .UNSPECIFIED. ) 
 GEOMETRIC_REPRESENTATION_ITEM ( )  RATIONAL_B_SPLINE_SURFACE ( (
 ( 1.000000000000000000, 0.6096549954099259594, 1.000000000000000000),
 ( 1.000000000000000000, 0.6138664973310790085, 1.000000000000000000),
 ( 1.000000000000000000, 0.6180828130321940339, 1.000000000000000000),
 ( 1.000000000000000000, 0.6222980031143390267, 1.000000000000000000) ) ) 
 REPRESENTATION_ITEM ( '' )  SURFACE ( )  );
#51 = CARTESIAN_POINT ( 'NONE',  ( -8.635481107785000887, 31.67121644142545378, 9.602538072849050366 ) ) ;
#52 = ORIENTED_EDGE ( 'NONE', *, *, #2074, .F. ) ;
#53 = CARTESIAN_POINT ( 'NONE',  ( -12.72727272727255965, 32.60393425532604539, 11.50000000000000000 ) ) ;
#54 = CARTESIAN_POINT ( 'NONE',  ( 31.75000000000000000, 16.80260396486210084, 64.00000000000000000 ) ) ;
#55 = ORIENTED_EDGE ( 'NONE', *, *, #4062, .T. ) ;
#56 = CARTESIAN_POINT ( 'NONE',  ( -33.00000000000000000, -15.48385181469829952, 64.00000000000000000 ) ) ;
#57 = CARTESIAN_POINT ( 'NONE',  ( 8.000000000000000000, 32.01562118716435634, 19.50000000000000000 ) ) ;
#58 = LINE ( 'NONE', #2353, #2076 ) ;
#59 = EDGE_CURVE ( 'NONE', #225, #3195, #3920, .T. ) ;
#60 = ORIENTED_EDGE ( 'NONE', *, *, #1048, .T. ) ;
#61 = DIRECTION ( 'NONE',  ( 0.000000000000000000, 0.000000000000000000, -1.000000000000000000 ) ) ;
#62 = CARTESIAN_POINT ( 'NONE',  ( -9.838680098515078853, 33.58897391019845458, 21.29307887074799766 ) ) ;
#63 = DIRECTION ( 'NONE',  ( -1.000000000000000000, 0.000000000000000000, 0.000000000000000000 ) ) ;
#64 = VERTEX_POINT ( 'NONE', #1259 ) ;
#65 = CARTESIAN_POINT ( 'NONE',  ( 35.00000000000000000, -15.35740104585505073, 7.605054320356109621 ) ) ;
#66 = DIRECTION ( 'NONE',  ( -1.000000000000000000, 0.000000000000000000, 0.000000000000000000 ) ) ;
#67 = CARTESIAN_POINT ( 'NONE',  ( 35.00000000000000000, 20.00000000000035172, 7.000000000000000000 ) ) ;
#68 = CARTESIAN_POINT ( 'NONE',  ( 28.29212329900360601, -0.7568533447101465361, 44.17403417477864025 ) ) ;
#69 = CARTESIAN_POINT ( 'NONE',  ( -34.99981003221670051, -15.51141692027284691, 7.925595575824319283 ) ) ;
#70 = DIRECTION ( 'NONE',  ( 0.000000000000000000, 0.000000000000000000, 1.000000000000000000 ) ) ;
#71 = CIRCLE ( 'NONE', #1669, 2.000000000000000000 ) ;
#72 = ORIENTED_EDGE ( 'NONE', *, *, #2840, .F. ) ;
#73 = CARTESIAN_POINT ( 'NONE',  ( -8.602447631493832958, 26.96095240504789459, 9.592620962616488001 ) ) ;
#74 = AXIS2_PLACEMENT_3D ( 'NONE', #420, #2152, #4345 ) ;
#75 = AXIS2_PLACEMENT_3D ( 'NONE', #4102, #1102, #2409 ) ;
#76 = LINE ( 'NONE', #591, #562 ) ;
#77 = CARTESIAN_POINT ( 'NONE',  ( -9.889718586509109954, 30.82605169452170202, 18.15580471659430373 ) ) ;
#78 = DIRECTION ( 'NONE',  ( 0.6144940597340071697, -0.7382880531331423857, 0.2780787678922876371 ) ) ;
#79 = CARTESIAN_POINT ( 'NONE',  ( -28.18691046569556846, -2.531786175715607268, 45.53449520930799821 ) ) ;
#80 = CIRCLE ( 'NONE', #1764, 2.899999999999999911 ) ;
#81 = VECTOR ( 'NONE', #2679, 1000.000000000000000 ) ;
#82 = CARTESIAN_POINT ( 'NONE',  ( -8.697158747826140512, 31.63483137008834944, 9.624317679738290110 ) ) ;
#83 = VERTEX_POINT ( 'NONE', #4783 ) ;
#84 = CARTESIAN_POINT ( 'NONE',  ( -11.65353473136310036, 33.00360589816669687, 8.827714608442891020 ) ) ;
#85 = CIRCLE ( 'NONE', #740, 2.000000000000001776 ) ;
#86 = VECTOR ( 'NONE', #2704, 1000.000000000000114 ) ;
#87 = CARTESIAN_POINT ( 'NONE',  ( 35.00000000000067502, -15.49763501743495553, 8.000000000000005329 ) ) ;
#88 = ORIENTED_EDGE ( 'NONE', *, *, #4410, .T. ) ;
#89 = LINE ( 'NONE', #1448, #972 ) ;
#90 = AXIS2_PLACEMENT_3D ( 'NONE', #2304, #2367, #5410 ) ;
#91 = B_SPLINE_CURVE_WITH_KNOTS ( 'NONE', 3,
 ( #3568, #4498, #4006, #4938, #4407, #966, #419, #4903 ),
 .UNSPECIFIED., .F., .F.,
 ( 4, 2, 2, 4 ),
 ( 0.000000000000000000, 0.5000000000000000000, 0.7500000000000007772, 1.000000000000000000 ),
 .UNSPECIFIED. ) ;
#92 = CARTESIAN_POINT ( 'NONE',  ( 33.57592809158970226, -15.63219098839981669, 5.394630312300036756 ) ) ;
#93 = CARTESIAN_POINT ( 'NONE',  ( 32.73294549770974982, -18.91290918499434781, 64.00000000000000000 ) ) ;
#94 = ORIENTED_EDGE ( 'NONE', *, *, #4042, .F. ) ;
#95 = CARTESIAN_POINT ( 'NONE',  ( 28.18703262175441537, -2.530451257145349242, 13.46790163095336545 ) ) ;
#96 = EDGE_CURVE ( 'NONE', #1198, #5345, #5389, .T. ) ;
#97 = EDGE_CURVE ( 'NONE', #1581, #416, #2358, .T. ) ;
#98 = CARTESIAN_POINT ( 'NONE',  ( -34.79142977344123722, 16.48311851646862891, 4.543206712425344129 ) ) ;
#99 = EDGE_LOOP ( 'NONE', ( #3930, #3414, #1887, #2361, #2902, #3514, #2553, #3313, #3017, #5307, #5146, #4897, #5096 ) ) ;
#100 = CARTESIAN_POINT ( 'NONE',  ( -32.71202251039159137, 19.11222169690949357, 0.4575204540550680266 ) ) ;
#101 = CARTESIAN_POINT ( 'NONE',  ( 28.15104231716311389, 2.899795940974983388, 11.61463046615866723 ) ) ;
#102 = CARTESIAN_POINT ( 'NONE',  ( 28.29999999999999716, -1.169837286997702077E-15, 44.10000000000000142 ) ) ;
#103 = DIRECTION ( 'NONE',  ( 0.000000000000000000, -1.000000000000000000, 0.000000000000000000 ) ) ;
#104 = CARTESIAN_POINT ( 'NONE',  ( 9.358675653608051093, 26.70794077428382352, 10.03218970604989657 ) ) ;
#105 = B_SPLINE_CURVE_WITH_KNOTS ( 'NONE', 3,
 ( #4625, #5047, #5434, #3303, #655, #2819, #95, #208, #1893, #3660, #1975, #3712, #1453, #4597, #3740, #1021, #5514, #4551 ),
 .UNSPECIFIED., .F., .F.,
 ( 4, 2, 2, 2, 2, 2, 2, 2, 4 ),
 ( 0.000000000000000000, 0.1250000000000000000, 0.2500000000000000000, 0.3750000000000000000, 0.5000000000000000000, 0.6250000000000000000, 0.7500000000000000000, 0.8750000000000000000, 1.000000000000000000 ),
 .UNSPECIFIED. ) ;
#106 = ORIENTED_EDGE ( 'NONE', *, *, #113, .F. ) ;
#107 = CIRCLE ( 'NONE', #3822, 1.999999999999998224 ) ;
#108 = CARTESIAN_POINT ( 'NONE',  ( -8.694130168020132388, 26.93157732762739442, 9.623211500031324306 ) ) ;
#109 = CARTESIAN_POINT ( 'NONE',  ( -33.00000000000000000, -13.92840621133072077, 5.000000000000000000 ) ) ;
#110 = CARTESIAN_POINT ( 'NONE',  ( 34.07105994267834603, -15.98208146992258172, 5.881894796440963802 ) ) ;
#111 = CARTESIAN_POINT ( 'NONE',  ( -8.817917976631031607, 31.56209905572225694, 19.32623678897504860 ) ) ;
#112 = CARTESIAN_POINT ( 'NONE',  ( -28.18680907499340904, 2.532890708957173498, 28.03643941712610399 ) ) ;
#113 = EDGE_CURVE ( 'NONE', #3501, #5609, #2066, .T. ) ;
#114 = CARTESIAN_POINT ( 'NONE',  ( 8.231445115519735012, 27.07689588818683646, 19.49266071136070977 ) ) ;
#115 = CARTESIAN_POINT ( 'NONE',  ( -9.577259189430909814, 31.05803259652329729, 10.26335734255679988 ) ) ;
#116 = EDGE_LOOP ( 'NONE', ( #4826, #3947, #1604, #2262, #5361 ) ) ;
#117 = CARTESIAN_POINT ( 'NONE',  ( -35.00000000000000000, 0.000000000000000000, 12.00000000000000000 ) ) ;
#118 = VECTOR ( 'NONE', #5455, 999.9999999999998863 ) ;
#119 = DIRECTION ( 'NONE',  ( 0.000000000000000000, 0.000000000000000000, 1.000000000000000000 ) ) ;
#120 = DIRECTION ( 'NONE',  ( -0.3015819799600666928, 0.9534402494982923137, 0.000000000000000000 ) ) ;
#121 = CARTESIAN_POINT ( 'NONE',  ( 8.449175291031270518, 31.77792484364830372, 19.44996927057774982 ) ) ;
#122 = CARTESIAN_POINT ( 'NONE',  ( 22.69803548093715051, 26.66834945443899940, -0.8811268803841260100 ) ) ;
#123 = ORIENTED_EDGE ( 'NONE', *, *, #2619, .T. ) ;
#124 = CARTESIAN_POINT ( 'NONE',  ( -34.95030619471710054, -15.13932591373605163, 6.799357185388659630 ) ) ;
#125 = ADVANCED_FACE ( 'NONE', ( #1955 ), #2005, .F. ) ;
#126 = CARTESIAN_POINT ( 'NONE',  ( 23.84139470910855252, 21.80612354064369995, -1.092348684244289991 ) ) ;
#127 = VERTEX_POINT ( 'NONE', #1907 ) ;
#128 = CARTESIAN_POINT ( 'NONE',  ( -32.75390337432474297, 18.93111841912395121, 3.304077578644885271 ) ) ;
#129 = CARTESIAN_POINT ( 'NONE',  ( 33.34877244057864942, -16.27605516819560094, 5.582517546045550283 ) ) ;
#130 = LINE ( 'NONE', #3310, #1298 ) ;
#131 = CARTESIAN_POINT ( 'NONE',  ( -28.29999999999999716, 3.465750441587010136E-15, 61.00001199999999812 ) ) ;
#132 = CARTESIAN_POINT ( 'NONE',  ( 26.08523008968414914, 19.64739745654985015, 0.1229739684984113984 ) ) ;
#133 = ADVANCED_FACE ( 'NONE', ( #556 ), #3289, .F. ) ;
#134 = ORIENTED_EDGE ( 'NONE', *, *, #684, .F. ) ;
#135 = CARTESIAN_POINT ( 'NONE',  ( -35.00000000000000711, -14.24182158640469886, 5.168981845849155654 ) ) ;
#136 = CARTESIAN_POINT ( 'NONE',  ( 35.00000000000000000, -14.45032751935953819, 7.057975664137280170 ) ) ;
#137 = CARTESIAN_POINT ( 'NONE',  ( 34.40117890147049451, -15.66837130884715990, 5.950313813259800355 ) ) ;
#138 = EDGE_CURVE ( 'NONE', #505, #416, #2708, .T. ) ;
#139 = B_SPLINE_CURVE_WITH_KNOTS ( 'NONE', 3,
 ( #39, #4103, #2301, #5340 ),
 .UNSPECIFIED., .F., .F.,
 ( 4, 4 ),
 ( 0.000000000000000000, 0.0005473087074834500102 ),
 .UNSPECIFIED. ) ;
#140 = CARTESIAN_POINT ( 'NONE',  ( -28.26408360670363962, 1.469233005553573390, 9.470170873893840380 ) ) ;
#141 = CARTESIAN_POINT ( 'NONE',  ( -11.65353473136310036, 33.00360589816669687, 8.827714608442891020 ) ) ;
#142 = ORIENTED_EDGE ( 'NONE', *, *, #1358, .T. ) ;
#143 = LINE ( 'NONE', #4566, #363 ) ;
#144 = CARTESIAN_POINT ( 'NONE',  ( 28.24532184423441450, 1.779324698225146273, 44.67802248262874087 ) ) ;
#145 = CARTESIAN_POINT ( 'NONE',  ( -8.450530051093799955, 31.77696338593759862, 19.44886455469664810 ) ) ;
#146 = B_SPLINE_CURVE_WITH_KNOTS ( 'NONE', 3,
 ( #3267, #4017, #1933, #17 ),
 .UNSPECIFIED., .F., .F.,
 ( 4, 4 ),
 ( 0.000000000000000000, 0.0003508140271034285163 ),
 .UNSPECIFIED. ) ;
#147 = CARTESIAN_POINT ( 'NONE',  ( 11.20123412308310051, 33.15924600281795165, 20.57322592723340193 ) ) ;
#148 = CARTESIAN_POINT ( 'NONE',  ( 9.963670071122949778, 33.55209387737335192, 21.25136464053244723 ) ) ;
#149 = ORIENTED_EDGE ( 'NONE', *, *, #1746, .T. ) ;
#150 = CARTESIAN_POINT ( 'NONE',  ( 28.75000000000000000, 16.80260396486210084, 63.00000000000000000 ) ) ;
#151 = DIRECTION ( 'NONE',  ( 0.7071067811865520136, 8.659560562354881089E-17, -0.7071067811865431318 ) ) ;
#152 = CARTESIAN_POINT ( 'NONE',  ( 17.80152646576485154, 26.52917266666939966, -4.437022880966394744 ) ) ;
#153 = EDGE_CURVE ( 'NONE', #4968, #3464, #4532, .T. ) ;
#154 = ORIENTED_EDGE ( 'NONE', *, *, #2348, .T. ) ;
#155 = CARTESIAN_POINT ( 'NONE',  ( -12.72727272727255965, 32.60393425532604539, 11.50000000000000000 ) ) ;
#156 = CYLINDRICAL_SURFACE ( 'NONE', #1495, 50.00000000000000000 ) ;
#157 = FACE_OUTER_BOUND ( 'NONE', #4511, .T. ) ;
#158 = CARTESIAN_POINT ( 'NONE',  ( -33.45330854128908271, -15.37084141219517441, 5.269350438422756966 ) ) ;
#159 = EDGE_LOOP ( 'NONE', ( #3537, #2968, #736, #3229 ) ) ;
#160 = CARTESIAN_POINT ( 'NONE',  ( -26.75000000000000000, 16.80260396486210084, 54.00000000000000000 ) ) ;
#161 = CARTESIAN_POINT ( 'NONE',  ( 28.75000000000000000, 16.80260396486210084, 64.00000000000000000 ) ) ;
#162 = EDGE_CURVE ( 'NONE', #242, #1896, #5464, .T. ) ;
#163 = CARTESIAN_POINT ( 'NONE',  ( -12.49334245622965867, 32.69429725176589585, 18.81160943319260070 ) ) ;
#164 = CARTESIAN_POINT ( 'NONE',  ( -34.92452269561645295, -15.80982751657889906, 7.302527160177559651 ) ) ;
#165 = MANIFOLD_SOLID_BREP ( 'NONE', #4736 ) ;
#166 = CARTESIAN_POINT ( 'NONE',  ( -10.58288853452050127, 33.36193107774159472, 8.021001023864670287 ) ) ;
#167 = VERTEX_POINT ( 'NONE', #2370 ) ;
#168 = DIRECTION ( 'NONE',  ( 1.000000000000000000, 0.000000000000000000, 0.000000000000000000 ) ) ;
#169 = FACE_OUTER_BOUND ( 'NONE', #4754, .T. ) ;
#170 = AXIS2_PLACEMENT_3D ( 'NONE', #48, #4854, #2282 ) ;
#171 = CARTESIAN_POINT ( 'NONE',  ( -8.513533882376901119, 31.74139798450895000, 19.43322003121605235 ) ) ;
#172 = EDGE_CURVE ( 'NONE', #3592, #5762, #5377, .T. ) ;
#173 = CIRCLE ( 'NONE', #3430, 2.000000000000001776 ) ;
#174 = EDGE_LOOP ( 'NONE', ( #3761, #4234, #1678, #2560 ) ) ;
#175 = CIRCLE ( 'NONE', #941, 2.000000000000000444 ) ;
#176 = CARTESIAN_POINT ( 'NONE',  ( 8.697158747826140512, 31.63483137008834944, 19.37568232026169923 ) ) ;
#177 = CARTESIAN_POINT ( 'NONE',  ( 11.25426509424220001, 33.14128094818020287, 20.53085504709060061 ) ) ;
#178 = ORIENTED_EDGE ( 'NONE', *, *, #2635, .F. ) ;
#179 = CARTESIAN_POINT ( 'NONE',  ( 0.000000000000000000, -27.30000000000000071, 5.000000000000000000 ) ) ;
#180 = CARTESIAN_POINT ( 'NONE',  ( -34.06886423281511611, -15.81947620060808113, 5.719184397130955944 ) ) ;
#181 = AXIS2_PLACEMENT_3D ( 'NONE', #5355, #4025, #1382 ) ;
#182 = CARTESIAN_POINT ( 'NONE',  ( -34.17270615727149874, -16.09228332359440117, 6.061269798917369833 ) ) ;
#183 = ORIENTED_EDGE ( 'NONE', *, *, #5024, .F. ) ;
#184 = CARTESIAN_POINT ( 'NONE',  ( 34.98662057577374895, -15.73298349987091349, 6.519417463202233698 ) ) ;
#185 = DIRECTION ( 'NONE',  ( 0.000000000000000000, 0.000000000000000000, -1.000000000000000000 ) ) ;
#186 = CARTESIAN_POINT ( 'NONE',  ( -33.36735926167100530, -18.15707473300505015, 64.00000000000000000 ) ) ;
#187 = EDGE_CURVE ( 'NONE', #2541, #2817, #1602, .T. ) ;
#188 = ORIENTED_EDGE ( 'NONE', *, *, #5135, .F. ) ;
#189 = CARTESIAN_POINT ( 'NONE',  ( 28.29999999999999716, 3.465750441587010136E-15, 63.00000000000000000 ) ) ;
#190 = CARTESIAN_POINT ( 'NONE',  ( -28.26424073161001616, -1.465908555982810446, 9.468422004398664882 ) ) ;
#191 = CARTESIAN_POINT ( 'NONE',  ( -10.70220972871895881, 33.32382480309244954, 20.91261929969139999 ) ) ;
#192 = CARTESIAN_POINT ( 'NONE',  ( -35.00000000000000711, -15.58796486510785329, 7.450881605025384324 ) ) ;
#193 = ADVANCED_FACE ( 'NONE', ( #2390 ), #3090, .T. ) ;
#194 = CARTESIAN_POINT ( 'NONE',  ( -9.832838713513728734, 33.59068410453324560, 7.705076145706799551 ) ) ;
#195 = EDGE_LOOP ( 'NONE', ( #2533, #2569, #5748, #1456 ) ) ;
#196 = CARTESIAN_POINT ( 'NONE',  ( 35.00000000000000000, -15.48385181469839900, 7.984765732735509047 ) ) ;
#197 = CONICAL_SURFACE ( 'NONE', #5420, 1.999999999999998224, 0.7853981633974497223 ) ;
#198 = DIRECTION ( 'NONE',  ( 7.222237291452130070E-31, -6.013720597707430247E-45, -1.000000000000000000 ) ) ;
#199 = EDGE_CURVE ( 'NONE', #1117, #5423, #378, .T. ) ;
#200 = CIRCLE ( 'NONE', #1521, 3.000000000000000444 ) ;
#201 = VERTEX_POINT ( 'NONE', #220 ) ;
#202 = CARTESIAN_POINT ( 'NONE',  ( -26.24110130420514864, -21.76320724296504139, 5.827701211360387212 ) ) ;
#203 =( BOUNDED_SURFACE ( )  B_SPLINE_SURFACE ( 3, 2, ( 
 ( #5356, #87, #5479 ),
 ( #3222, #507, #1502 ),
 ( #1418, #2288, #1853 ),
 ( #4054, #4568, #3616 ),
 ( #1046, #1469, #2838 ),
 ( #5038, #3194, #1014 ),
 ( #4958, #5454, #984 ),
 ( #4513, #535, #2377 ) ),
 .UNSPECIFIED., .F., .F., .T. ) 
 B_SPLINE_SURFACE_WITH_KNOTS ( ( 4, 2, 2, 4 ),
 ( 3, 3 ),
 ( -3.469446951953614959E-18, 0.0002110987950909400037, 0.0003166481926364114827, 0.0004221975901818829889 ),
 ( 0.000000000000000000, 1.000000000000000000 ),
 .UNSPECIFIED. ) 
 GEOMETRIC_REPRESENTATION_ITEM ( )  RATIONAL_B_SPLINE_SURFACE ( (
 ( 1.000000000000000000, 0.9999762537611420754, 1.000000000000000000),
 ( 1.000000000000000000, 0.9999273981981369186, 1.000000000000000000),
 ( 1.000000000000000000, 1.000044119859587965, 1.000000000000000000),
 ( 1.000000000000000000, 0.9994893051309790000, 1.000000000000000000),
 ( 1.000000000000000000, 0.9992241049606259695, 1.000000000000000000),
 ( 1.000000000000000000, 0.9972782655806210483, 1.000000000000000000),
 ( 1.000000000000000000, 0.9957419794817941039, 1.000000000000000000),
 ( 1.000000000000000000, 0.9905204055972870458, 1.000000000000000000) ) ) 
 REPRESENTATION_ITEM ( '' )  SURFACE ( )  );
#204 = CARTESIAN_POINT ( 'NONE',  ( 10.34168351520957962, 33.43748721714819538, 21.09881406193764875 ) ) ;
#205 = ORIENTED_EDGE ( 'NONE', *, *, #2952, .T. ) ;
#206 = LINE ( 'NONE', #5258, #1490 ) ;
#207 = ADVANCED_FACE ( 'NONE', ( #2910 ), #4665, .F. ) ;
#208 = CARTESIAN_POINT ( 'NONE',  ( 28.15896564802079638, -2.825711453460964417, 12.75729971218643577 ) ) ;
#209 = B_SPLINE_CURVE_WITH_KNOTS ( 'NONE', 3,
 ( #4506, #977, #1844, #3608, #4138, #2308, #5005, #1439, #2771, #4111, #110, #1908, #1035, #2371, #2805, #2855, #2469, #1518, #1957, #2067, #5604, #5161, #3343, #4210, #1193, #2960 ),
 .UNSPECIFIED., .F., .F.,
 ( 4, 2, 2, 2, 2, 2, 2, 2, 2, 2, 2, 2, 4 ),
 ( 0.000000000000000000, 0.1250000000000789091, 0.1875000000001102729, 0.2500000000001416645, 0.3750000000001974532, 0.4375000000002168266, 0.4687500000002313705, 0.5000000000002458034, 0.6250000000001902922, 0.6875000000001539879, 0.7187500000001358913, 0.7500000000001176836, 1.000000000000000000 ),
 .UNSPECIFIED. ) ;
#210 = ADVANCED_FACE ( 'NONE', ( #3396 ), #3653, .F. ) ;
#211 = LINE ( 'NONE', #1100, #4843 ) ;
#212 = ADVANCED_FACE ( 'NONE', ( #1566 ), #4472, .T. ) ;
#213 = EDGE_LOOP ( 'NONE', ( #2762, #2476, #5460, #5228 ) ) ;
#214 = CARTESIAN_POINT ( 'NONE',  ( -31.40597919949569672, 20.10889144273330587, -0.02692758407454549224 ) ) ;
#215 = CARTESIAN_POINT ( 'NONE',  ( -10.00000000000000000, 30.74085229787894846, 17.50000000000000000 ) ) ;
#216 = CARTESIAN_POINT ( 'NONE',  ( -32.39927347090826260, 15.49308622692510795, 2.044926096058967691 ) ) ;
#217 = CARTESIAN_POINT ( 'NONE',  ( -28.29213101593841984, -0.7559858503976608635, 44.17404262503654166 ) ) ;
#218 = EDGE_CURVE ( 'NONE', #4771, #43, #4280, .T. ) ;
#219 = EDGE_LOOP ( 'NONE', ( #524, #4298, #2580, #5437 ) ) ;
#220 = CARTESIAN_POINT ( 'NONE',  ( 35.00000000000000000, -15.48385181469829952, 8.000000000000000000 ) ) ;
#221 = DIRECTION ( 'NONE',  ( -1.000000000000000000, 0.000000000000000000, 0.000000000000000000 ) ) ;
#222 = CARTESIAN_POINT ( 'NONE',  ( -12.51615600448845989, 32.68556793608065192, 18.74792263144505000 ) ) ;
#223 = CARTESIAN_POINT ( 'NONE',  ( -28.26433289480707600, 1.464090887039535716, 14.53259055085696261 ) ) ;
#224 = CARTESIAN_POINT ( 'NONE',  ( -12.65509283860918011, 32.63202199603144749, 10.76219868503901900 ) ) ;
#225 = VERTEX_POINT ( 'NONE', #2034 ) ;
#226 = CARTESIAN_POINT ( 'NONE',  ( -35.00000000000000000, 4.163799117101004504E-16, 32.89999999999999858 ) ) ;
#227 = CARTESIAN_POINT ( 'NONE',  ( 31.03007003613280190, 17.04871943525905209, 1.384252662275853973 ) ) ;
#228 = ORIENTED_EDGE ( 'NONE', *, *, #4873, .T. ) ;
#229 = CARTESIAN_POINT ( 'NONE',  ( 34.50000000000000000, 0.000000000000000000, 32.39999999999999858 ) ) ;
#230 = CARTESIAN_POINT ( 'NONE',  ( 29.50636969634924966, -17.60527675652184953, 5.000000000000000000 ) ) ;
#231 = EDGE_LOOP ( 'NONE', ( #4962, #1061, #3395, #3575, #2625 ) ) ;
#232 = CARTESIAN_POINT ( 'NONE',  ( -34.99994043322869430, -15.49995481216839899, 47.47156146315929703 ) ) ;
#233 = DIRECTION ( 'NONE',  ( 1.000000000000000000, 0.000000000000000000, 0.000000000000000000 ) ) ;
#234 =( BOUNDED_SURFACE ( )  B_SPLINE_SURFACE ( 3, 2, ( 
 ( #5490, #1535, #3818 ),
 ( #5127, #1080, #5515 ),
 ( #3788, #5566, #4598 ),
 ( #626, #4681, #2407 ),
 ( #4174, #713, #5538 ),
 ( #182, #262, #5101 ) ),
 .UNSPECIFIED., .F., .F., .T. ) 
 B_SPLINE_SURFACE_WITH_KNOTS ( ( 4, 2, 4 ),
 ( 3, 3 ),
 ( 0.002608007978885270011, 0.003293018250507894797, 0.003978028522130525220 ),
 ( 0.000000000000000000, 0.4450380580325560276 ),
 .UNSPECIFIED. ) 
 GEOMETRIC_REPRESENTATION_ITEM ( )  RATIONAL_B_SPLINE_SURFACE ( (
 ( 1.000000000000000000, 0.9864214525584099613, 0.9849288458854359440),
 ( 1.000000000000000000, 0.9865011010902450250, 0.9850172496932400046),
 ( 1.000000000000000000, 0.9869610099990299146, 0.9855277135755349249),
 ( 1.000000000000000000, 0.9886158831851380446, 0.9873644968496799734),
 ( 1.000000000000000000, 0.9898164341696319424, 0.9886970170612520148),
 ( 1.000000000000000000, 0.9912785377183029878, 0.9903198407107070000) ) ) 
 REPRESENTATION_ITEM ( '' )  SURFACE ( )  );
#235 = EDGE_CURVE ( 'NONE', #3842, #2086, #2990, .T. ) ;
#236 = CARTESIAN_POINT ( 'NONE',  ( 35.00000000000000000, -15.65450591469696739, 7.193138010847051511 ) ) ;
#237 = ORIENTED_EDGE ( 'NONE', *, *, #3475, .T. ) ;
#238 = CARTESIAN_POINT ( 'NONE',  ( 30.86889669933420421, 20.35376841243279600, -0.1485120325409412800 ) ) ;
#239 = CARTESIAN_POINT ( 'NONE',  ( 33.00000000000000000, 14.80414594680471829, 2.304417853285974704 ) ) ;
#240 = CARTESIAN_POINT ( 'NONE',  ( -34.99999999999965894, -15.60493848854237342, 7.416393718973905536 ) ) ;
#241 = CARTESIAN_POINT ( 'NONE',  ( -35.00000000000000000, -14.91147299315734109, 7.189374109621748943 ) ) ;
#242 = VERTEX_POINT ( 'NONE', #1543 ) ;
#243 = CARTESIAN_POINT ( 'NONE',  ( -26.08745973749730140, 23.33333333333359860, 1.105117766515159916 ) ) ;
#244 = CARTESIAN_POINT ( 'NONE',  ( -28.75000000000000000, -16.80260396486210084, 63.00000000000000000 ) ) ;
#245 = DIRECTION ( 'NONE',  ( -2.668805347656626481E-15, -1.000000000000000000, 6.672013369141566696E-17 ) ) ;
#246 = DIRECTION ( 'NONE',  ( 0.000000000000000000, 1.000000000000000000, -8.673617379884039170E-17 ) ) ;
#247 = CARTESIAN_POINT ( 'NONE',  ( -9.437644556735330426, 33.70385968265649979, 7.600061458845049245 ) ) ;
#248 = ORIENTED_EDGE ( 'NONE', *, *, #496, .F. ) ;
#249 = CARTESIAN_POINT ( 'NONE',  ( 35.00000000000000000, -15.35868357868249845, 7.606972335916659667 ) ) ;
#250 = CARTESIAN_POINT ( 'NONE',  ( -9.946695338914111062, 30.78226865369749987, 17.96346367008509759 ) ) ;
#251 = AXIS2_PLACEMENT_3D ( 'NONE', #619, #2398, #3585 ) ;
#252 = EDGE_CURVE ( 'NONE', #4422, #2452, #5575, .T. ) ;
#253 = ORIENTED_EDGE ( 'NONE', *, *, #530, .T. ) ;
#254 = CARTESIAN_POINT ( 'NONE',  ( -27.84425049861184931, 18.54179503689260144, 0.6863803310105799360 ) ) ;
#255 = AXIS2_PLACEMENT_3D ( 'NONE', #2799, #2272, #1871 ) ;
#256 = CARTESIAN_POINT ( 'NONE',  ( 27.32786168497039725, 22.15248984291030254, 1.890734633888275118 ) ) ;
#257 = ORIENTED_EDGE ( 'NONE', *, *, #301, .F. ) ;
#258 = CARTESIAN_POINT ( 'NONE',  ( -35.00000000000000000, -15.48385181469824978, 47.70734219474400106 ) ) ;
#259 = CARTESIAN_POINT ( 'NONE',  ( 34.90686774835830875, -15.84862632320338882, 7.248238680656966082 ) ) ;
#260 = VECTOR ( 'NONE', #2242, 1000.000000000000000 ) ;
#261 = AXIS2_PLACEMENT_3D ( 'NONE', #2146, #959, #3908 ) ;
#262 = CARTESIAN_POINT ( 'NONE',  ( -34.21495558431347916, -15.93923305025290915, 5.983290198471385324 ) ) ;
#263 = CARTESIAN_POINT ( 'NONE',  ( -9.687585519219132024, 30.97752143462069796, 10.42615558648001972 ) ) ;
#264 = VERTEX_POINT ( 'NONE', #1192 ) ;
#265 = CARTESIAN_POINT ( 'NONE',  ( 32.75390337432470034, 18.93111841912400095, 3.304077578644870172 ) ) ;
#266 = CIRCLE ( 'NONE', #3433, 2.000000000000001776 ) ;
#267 = ADVANCED_FACE ( 'NONE', ( #1984 ), #5421, .F. ) ;
#268 = CARTESIAN_POINT ( 'NONE',  ( 9.524462359091209862, 30.16477954738982348, -7.774407594955339285 ) ) ;
#269 = DIRECTION ( 'NONE',  ( -1.000000000000000000, 0.000000000000000000, 0.000000000000000000 ) ) ;
#270 =( BOUNDED_CURVE ( )  B_SPLINE_CURVE ( 3, ( #832, #320, #4373, #5187, #4745, #2545 ),
 .UNSPECIFIED., .F., .T. ) 
 B_SPLINE_CURVE_WITH_KNOTS ( ( 4, 2, 4 ),
 ( 0.000000000000000000, 0.4999958992140704495, 1.000000000000000000 ),
 .UNSPECIFIED. ) 
 CURVE ( )  GEOMETRIC_REPRESENTATION_ITEM ( )  RATIONAL_B_SPLINE_CURVE ( ( 0.9999999790233983221, 0.9999999755970564452, 0.9999999727857982190, 0.9999999688653266050, 0.9999999677526685282, 0.9999999675412767353 ) ) 
 REPRESENTATION_ITEM ( '' )  );
#271 = ADVANCED_FACE ( 'NONE', ( #5366 ), #3258, .F. ) ;
#272 = ORIENTED_EDGE ( 'NONE', *, *, #4932, .T. ) ;
#273 = DIRECTION ( 'NONE',  ( 0.000000000000000000, 0.3524796654001109975, 0.9358194726972857147 ) ) ;
#274 = LINE ( 'NONE', #2492, #4631 ) ;
#275 = CARTESIAN_POINT ( 'NONE',  ( 25.75000000000000000, 16.80260396486210084, 64.00000000000000000 ) ) ;
#276 = CARTESIAN_POINT ( 'NONE',  ( 28.18703262175314350, -2.530451257158716771, 30.96790163089625736 ) ) ;
#277 = CARTESIAN_POINT ( 'NONE',  ( 8.817917976631031607, 31.56209905572225694, 9.673763211024979825 ) ) ;
#278 = ORIENTED_EDGE ( 'NONE', *, *, #3912, .T. ) ;
#279 = CARTESIAN_POINT ( 'NONE',  ( -35.00000000000000000, -15.62900813768670183, 6.404569694055732398 ) ) ;
#280 = CARTESIAN_POINT ( 'NONE',  ( -9.307363026287681862, 31.24642139525835205, 19.01492028854930183 ) ) ;
#281 = ORIENTED_EDGE ( 'NONE', *, *, #3044, .T. ) ;
#282 = CARTESIAN_POINT ( 'NONE',  ( -29.60124998447784961, 20.79787230418289923, 2.707463116646674717 ) ) ;
#283 = AXIS2_PLACEMENT_3D ( 'NONE', #1794, #823, #1297 ) ;
#284 = CARTESIAN_POINT ( 'NONE',  ( 34.50000000000000000, 0.000000000000000000, 47.00000000000000000 ) ) ;
#285 = EDGE_LOOP ( 'NONE', ( #5476, #2740, #1734, #4014, #4439, #5270, #4108 ) ) ;
#286 = DIRECTION ( 'NONE',  ( 0.000000000000000000, -1.000000000000000000, 0.000000000000000000 ) ) ;
#287 = CARTESIAN_POINT ( 'NONE',  ( -28.90320573642910063, -15.69839625752525158, -20.84927391700995258 ) ) ;
#288 = CIRCLE ( 'NONE', #678, 1.999999999999998224 ) ;
#289 = CARTESIAN_POINT ( 'NONE',  ( -30.75000000000000000, -16.80260396486210084, 54.00000000000000000 ) ) ;
#290 = DIRECTION ( 'NONE',  ( -1.000000000000000000, 0.000000000000000000, 0.000000000000000000 ) ) ;
#291 = ORIENTED_EDGE ( 'NONE', *, *, #4553, .F. ) ;
#292 = CARTESIAN_POINT ( 'NONE',  ( 31.03218096148285099, 17.04665704385924840, 1.385167432393868081 ) ) ;
#293 = CARTESIAN_POINT ( 'NONE',  ( 23.84139470910873726, 21.80612354064383496, -1.092348684244371260 ) ) ;
#294 = CARTESIAN_POINT ( 'NONE',  ( -34.99999999999998579, -15.65452428447363609, 7.192997960785155520 ) ) ;
#295 = DIRECTION ( 'NONE',  ( 0.000000000000000000, 0.000000000000000000, -1.000000000000000000 ) ) ;
#296 = ORIENTED_EDGE ( 'NONE', *, *, #5227, .T. ) ;
#297 = CARTESIAN_POINT ( 'NONE',  ( -23.05210927309375180, 22.56525556921629772, -1.566273165820899926 ) ) ;
#298 = CARTESIAN_POINT ( 'NONE',  ( -28.30000000000000071, -0.3845855789776242983, 14.89999999999999858 ) ) ;
#299 = DIRECTION ( 'NONE',  ( 0.000000000000000000, 0.5558565883722519363, -0.8312782044316817665 ) ) ;
#300 = CARTESIAN_POINT ( 'NONE',  ( 28.15887731602154176, 2.826558438252237959, 30.25382690340004999 ) ) ;
#301 = EDGE_CURVE ( 'NONE', #441, #4657, #5678, .T. ) ;
#302 = CARTESIAN_POINT ( 'NONE',  ( -10.00000000000000178, 26.47434046536662322, 11.36908435647224636 ) ) ;
#303 = ORIENTED_EDGE ( 'NONE', *, *, #1472, .T. ) ;
#304 = CARTESIAN_POINT ( 'NONE',  ( 35.00000000000000000, -14.91147299316610031, 7.189374109629259380 ) ) ;
#305 = CARTESIAN_POINT ( 'NONE',  ( -9.206053159185170642, 31.31439115885549640, 19.09577278562274927 ) ) ;
#306 = CARTESIAN_POINT ( 'NONE',  ( 10.58439411777823835, 33.36145344604980068, 8.021807734782370858 ) ) ;
#307 = ORIENTED_EDGE ( 'NONE', *, *, #405, .F. ) ;
#308 = CARTESIAN_POINT ( 'NONE',  ( 0.000000000000000000, 19.69999999999999929, 5.000000000000000000 ) ) ;
#309 = LINE ( 'NONE', #406, #3053 ) ;
#310 = CARTESIAN_POINT ( 'NONE',  ( -28.75000000000000000, -16.80260396486210084, 64.00000000000000000 ) ) ;
#311 = EDGE_LOOP ( 'NONE', ( #2079, #1760, #3426, #2479 ) ) ;
#312 = CYLINDRICAL_SURFACE ( 'NONE', #4952, 2.000000000000000000 ) ;
#313 = EDGE_CURVE ( 'NONE', #2259, #821, #5308, .T. ) ;
#314 = CARTESIAN_POINT ( 'NONE',  ( -26.75000000000000000, -16.80260396486210084, 54.00000000000000000 ) ) ;
#315 = CARTESIAN_POINT ( 'NONE',  ( -8.635481107785000887, 31.67121644142545378, 9.602538072849050366 ) ) ;
#316 = ORIENTED_EDGE ( 'NONE', *, *, #3552, .T. ) ;
#317 = CARTESIAN_POINT ( 'NONE',  ( 33.01669656569397659, 18.70825781480154504, 0.6475078238473868097 ) ) ;
#318 = CARTESIAN_POINT ( 'NONE',  ( -24.59674775249745338, 21.00000000000025224, -0.6269330410537110598 ) ) ;
#319 = DIRECTION ( 'NONE',  ( 0.000000000000000000, 0.000000000000000000, -1.000000000000000000 ) ) ;
#320 = CARTESIAN_POINT ( 'NONE',  ( 34.02963038379870397, -16.14766622669221263, 5.974138398360615554 ) ) ;
#321 = ORIENTED_EDGE ( 'NONE', *, *, #2949, .T. ) ;
#322 = ADVANCED_FACE ( 'NONE', ( #3206 ), #2853, .F. ) ;
#323 = CARTESIAN_POINT ( 'NONE',  ( -4.279873189349690854, 31.23931802310485040, -8.926625304537280314 ) ) ;
#324 = CARTESIAN_POINT ( 'NONE',  ( -28.24522721190880503, 1.780763190982753930, 44.67914066627906777 ) ) ;
#325 = CARTESIAN_POINT ( 'NONE',  ( 28.26408360669379505, -1.469233005803803005, 26.97017087389350820 ) ) ;
#326 = ORIENTED_EDGE ( 'NONE', *, *, #714, .F. ) ;
#327 = CARTESIAN_POINT ( 'NONE',  ( 8.000000000000000000, 32.01562118716435634, 9.500000000000000000 ) ) ;
#328 = ORIENTED_EDGE ( 'NONE', *, *, #2025, .F. ) ;
#329 = EDGE_CURVE ( 'NONE', #2002, #492, #107, .T. ) ;
#330 = ADVANCED_BREP_SHAPE_REPRESENTATION ( 'ASV1_300_16C.STEP', ( #165, #2343 ), #573 ) ;
#331 = DIRECTION ( 'NONE',  ( 0.000000000000000000, 0.000000000000000000, -1.000000000000000000 ) ) ;
#332 = CARTESIAN_POINT ( 'NONE',  ( 26.26732177458633544, -21.79833815508223083, 5.870359428720186123 ) ) ;
#333 = CARTESIAN_POINT ( 'NONE',  ( -28.29999999999999716, 6.515341870076819610E-16, 26.59999999999999787 ) ) ;
#334 = ADVANCED_FACE ( 'NONE', ( #4705 ), #234, .T. ) ;
#335 = CARTESIAN_POINT ( 'NONE',  ( 11.65006844560575949, 33.00431421156490330, 8.833429563582189559 ) ) ;
#336 = ORIENTED_EDGE ( 'NONE', *, *, #1200, .T. ) ;
#337 = CARTESIAN_POINT ( 'NONE',  ( 30.43510164094135106, -16.98420142851290038, 5.000000000000000000 ) ) ;
#338 = CARTESIAN_POINT ( 'NONE',  ( 9.945723711543639212, 30.78301997799729861, 17.96760912191604831 ) ) ;
#339 = CARTESIAN_POINT ( 'NONE',  ( 9.900473544972919981, 30.81782119687635202, 10.87603868427651932 ) ) ;
#340 = ORIENTED_EDGE ( 'NONE', *, *, #4948, .T. ) ;
#341 = ADVANCED_FACE ( 'NONE', ( #1159 ), #1060, .F. ) ;
#342 = VECTOR ( 'NONE', #3062, 1000.000000000000000 ) ;
#343 = DIRECTION ( 'NONE',  ( -1.000000000000000000, 0.000000000000000000, 0.000000000000000000 ) ) ;
#344 = AXIS2_PLACEMENT_3D ( 'NONE', #1990, #4239, #2472 ) ;
#345 = AXIS2_PLACEMENT_3D ( 'NONE', #1683, #5601, #3478 ) ;
#346 = CARTESIAN_POINT ( 'NONE',  ( 9.722125623238749625, 30.95206734637100254, 18.51753549577410141 ) ) ;
#347 = CARTESIAN_POINT ( 'NONE',  ( -5.174699695852740255, 34.62128218133445046, -7.496411242946019904 ) ) ;
#348 = CARTESIAN_POINT ( 'NONE',  ( -8.259207664765339629, 31.88188045932355408, 9.515814907009762180 ) ) ;
#349 = ORIENTED_EDGE ( 'NONE', *, *, #2816, .T. ) ;
#350 = CARTESIAN_POINT ( 'NONE',  ( 8.323232323232300445, 33.30918163917095143, 8.166666666666751340 ) ) ;
#351 = CARTESIAN_POINT ( 'NONE',  ( -17.83831129215206346, 26.52299650812070198, -4.426286095593138903 ) ) ;
#352 = CARTESIAN_POINT ( 'NONE',  ( -35.00000000000002132, -15.68281030212901683, 6.910625226638263285 ) ) ;
#353 = TOROIDAL_SURFACE ( 'NONE', #3622, 13.00000000000000000, 3.000000000000000000 ) ;
#354 = LINE ( 'NONE', #3911, #2786 ) ;
#355 = VECTOR ( 'NONE', #2757, 1000.000000000000000 ) ;
#356 = EDGE_CURVE ( 'NONE', #4542, #5741, #211, .T. ) ;
#357 = ORIENTED_EDGE ( 'NONE', *, *, #3027, .T. ) ;
#358 = AXIS2_PLACEMENT_3D ( 'NONE', #3371, #1108, #5058 ) ;
#359 = CARTESIAN_POINT ( 'NONE',  ( 13.77953307706549069, 32.23084554790244738, -9.785952267031383656 ) ) ;
#360 = VECTOR ( 'NONE', #1163, 999.9999999999998863 ) ;
#361 = DIRECTION ( 'NONE',  ( 0.000000000000000000, 0.8312782044316817665, 0.5558565883722521583 ) ) ;
#362 = CARTESIAN_POINT ( 'NONE',  ( 28.29216882656865906, -0.7544926791177595238, 32.32631670336101593 ) ) ;
#363 = VECTOR ( 'NONE', #1938, 999.9999999999998863 ) ;
#364 = B_SPLINE_CURVE_WITH_KNOTS ( 'NONE', 3,
 ( #2344, #4951, #217, #4079, #1564, #561, #79, #1540, #2466, #5520, #1136, #1882, #2907, #3647, #2877, #3217, #2775, #4536 ),
 .UNSPECIFIED., .F., .F.,
 ( 4, 2, 2, 2, 2, 2, 2, 2, 4 ),
 ( 0.000000000000000000, 0.1250000000000000000, 0.2500000000000000000, 0.3750000000000000000, 0.5000000000000000000, 0.6250000000000000000, 0.7500000000000000000, 0.8750000000000000000, 1.000000000000000000 ),
 .UNSPECIFIED. ) ;
#365 = EDGE_LOOP ( 'NONE', ( #272, #4723, #4756, #3755 ) ) ;
#366 = CARTESIAN_POINT ( 'NONE',  ( 9.815895139709960304, 30.88210639574889882, 10.65922991954414023 ) ) ;
#367 = ORIENTED_EDGE ( 'NONE', *, *, #1749, .T. ) ;
#368 = CARTESIAN_POINT ( 'NONE',  ( -9.388505443170815923, 26.69731387505237663, 18.93947093043968977 ) ) ;
#369 = CARTESIAN_POINT ( 'NONE',  ( 25.30275523179795272, -20.49686785772361830, 5.035022676507260542 ) ) ;
#370 = LINE ( 'NONE', #1263, #5508 ) ;
#371 = CARTESIAN_POINT ( 'NONE',  ( 12.72726843836054123, 32.60393536498195033, 11.36474530992685850 ) ) ;
#372 = ORIENTED_EDGE ( 'NONE', *, *, #5315, .T. ) ;
#373 = CARTESIAN_POINT ( 'NONE',  ( -26.66109972314339061, -22.32504753265308040, 6.844433640073934733 ) ) ;
#374 = CARTESIAN_POINT ( 'NONE',  ( 9.986370539822059911, 30.75148003384720141, 17.73552355365920263 ) ) ;
#375 = EDGE_LOOP ( 'NONE', ( #1876, #3054, #5246, #4959 ) ) ;
#376 = ADVANCED_FACE ( 'NONE', ( #1130 ), #2869, .F. ) ;
#377 = FACE_OUTER_BOUND ( 'NONE', #388, .T. ) ;
#378 = CIRCLE ( 'NONE', #669, 2.899999999999999911 ) ;
#379 = CARTESIAN_POINT ( 'NONE',  ( 35.00000000000000000, -15.48385181469820004, 47.70734219474480398 ) ) ;
#380 = CARTESIAN_POINT ( 'NONE',  ( -19.90319471439429933, 28.81406418384640133, -2.379032126344169829 ) ) ;
#381 = EDGE_LOOP ( 'NONE', ( #3617, #1527 ) ) ;
#382 = CARTESIAN_POINT ( 'NONE',  ( -28.30000000000000071, -0.3845855789570634675, 32.39999999999999147 ) ) ;
#383 = CARTESIAN_POINT ( 'NONE',  ( 4.861338101416369462, 31.17786627781928743, -8.857901471391832260 ) ) ;
#384 = CARTESIAN_POINT ( 'NONE',  ( 12.72727272727255965, 32.60393425532604539, 11.50000000000000000 ) ) ;
#385 = CIRCLE ( 'NONE', #1701, 3.400000000000000355 ) ;
#386 = EDGE_CURVE ( 'NONE', #775, #43, #589, .T. ) ;
#387 = ADVANCED_FACE ( 'NONE', ( #2482 ), #2058, .T. ) ;
#388 = EDGE_LOOP ( 'NONE', ( #1277, #3133, #1324, #2430, #732, #2661, #2752, #2879, #2809, #3670, #3154, #1757, #5172 ) ) ;
#389 = AXIS2_PLACEMENT_3D ( 'NONE', #2839, #4960, #4592 ) ;
#390 = CARTESIAN_POINT ( 'NONE',  ( 7.364430574068666857, 34.26026929177395886, -12.22227194042959475 ) ) ;
#391 = CARTESIAN_POINT ( 'NONE',  ( 34.27469297666173276, -15.80379193862306941, 5.886454181127819929 ) ) ;
#392 = DIRECTION ( 'NONE',  ( 0.000000000000000000, 0.9358194726972850486, -0.3524796654001129959 ) ) ;
#393 = CARTESIAN_POINT ( 'NONE',  ( 28.29213101593330393, 0.7559858505278621577, 26.67404262507831092 ) ) ;
#394 = DIRECTION ( 'NONE',  ( 0.000000000000000000, 0.000000000000000000, 1.000000000000000000 ) ) ;
#395 = ORIENTED_EDGE ( 'NONE', *, *, #467, .F. ) ;
#396 = CARTESIAN_POINT ( 'NONE',  ( 10.00000000000000000, 30.74085229787894846, 11.50000000000000000 ) ) ;
#397 = ORIENTED_EDGE ( 'NONE', *, *, #1286, .T. ) ;
#398 = LINE ( 'NONE', #3549, #1122 ) ;
#399 = CARTESIAN_POINT ( 'NONE',  ( 25.68333637488788312, -21.01227055917681241, 5.223600648942640312 ) ) ;
#400 = CARTESIAN_POINT ( 'NONE',  ( -33.98661865792634984, -15.91272377535080196, 5.751202959506006351 ) ) ;
#401 = FACE_OUTER_BOUND ( 'NONE', #219, .T. ) ;
#402 = DIRECTION ( 'NONE',  ( -0.6397259552089364920, 0.7686030849743018534, 0.000000000000000000 ) ) ;
#403 = EDGE_LOOP ( 'NONE', ( #2198, #3529, #1480, #3865 ) ) ;
#404 = CARTESIAN_POINT ( 'NONE',  ( -26.66585648629883210, -22.33138761840171682, 6.863521497171952923 ) ) ;
#405 = EDGE_CURVE ( 'NONE', #3566, #3544, #2981, .T. ) ;
#406 = CARTESIAN_POINT ( 'NONE',  ( -8.000000000000000000, 39.00000000000000000, 9.500000000000000000 ) ) ;
#407 = ORIENTED_EDGE ( 'NONE', *, *, #1115, .F. ) ;
#408 = CARTESIAN_POINT ( 'NONE',  ( 34.77840842371408314, -15.98224843863523326, 6.909613950978209296 ) ) ;
#409 = CARTESIAN_POINT ( 'NONE',  ( 9.687585519219132024, 30.97752143462069796, 18.57384441351999982 ) ) ;
#410 = CARTESIAN_POINT ( 'NONE',  ( 1.291233876981530138, 34.98223813043939856, -7.877712008732300042 ) ) ;
#411 = ORIENTED_EDGE ( 'NONE', *, *, #523, .T. ) ;
#412 = DIRECTION ( 'NONE',  ( 0.000000000000000000, -1.000000000000000000, 0.000000000000000000 ) ) ;
#413 = CARTESIAN_POINT ( 'NONE',  ( -9.967536966003329724, 33.55093978119409570, 21.24996259752040118 ) ) ;
#414 = FACE_OUTER_BOUND ( 'NONE', #2096, .T. ) ;
#415 = EDGE_CURVE ( 'NONE', #43, #2546, #5647, .T. ) ;
#416 = VERTEX_POINT ( 'NONE', #4866 ) ;
#417 = CARTESIAN_POINT ( 'NONE',  ( 4.861338101416309954, 31.17786627781909914, -8.857901471391629755 ) ) ;
#418 = DIRECTION ( 'NONE',  ( -1.000000000000000000, 0.000000000000000000, 0.000000000000000000 ) ) ;
#419 = CARTESIAN_POINT ( 'NONE',  ( -29.31580026745035283, 17.90259952108903363, 0.9937974972054068878 ) ) ;
#420 = CARTESIAN_POINT ( 'NONE',  ( -28.75000000000000000, -16.80260396486210084, 54.00000000000000000 ) ) ;
#421 = CARTESIAN_POINT ( 'NONE',  ( 34.53189592717998835, -16.76965695867974659, 7.645857056338688729 ) ) ;
#422 = DIRECTION ( 'NONE',  ( -0.6429025854938242857, 0.7659479522561283282, 0.000000000000000000 ) ) ;
#423 = EDGE_CURVE ( 'NONE', #4490, #4275, #739, .T. ) ;
#424 = ORIENTED_EDGE ( 'NONE', *, *, #710, .T. ) ;
#425 =( BOUNDED_CURVE ( )  B_SPLINE_CURVE ( 3, ( #5518, #717, #2486, #1538 ),
 .UNSPECIFIED., .F., .T. ) 
 B_SPLINE_CURVE_WITH_KNOTS ( ( 4, 4 ),
 ( 0.000000000000000000, 1.000000000000000000 ),
 .UNSPECIFIED. ) 
 CURVE ( )  GEOMETRIC_REPRESENTATION_ITEM ( )  RATIONAL_B_SPLINE_CURVE ( ( 0.9999999889112267670, 0.9999999891666748741, 0.9999999894308864157, 0.9999999897286568906 ) ) 
 REPRESENTATION_ITEM ( '' )  );
#426 = CARTESIAN_POINT ( 'NONE',  ( -9.404760542003293367, 26.69158124510049035, 10.07638931666918758 ) ) ;
#427 = CARTESIAN_POINT ( 'NONE',  ( 40.00000000000000000, 0.000000000000000000, 44.10000000000000142 ) ) ;
#428 = CARTESIAN_POINT ( 'NONE',  ( -8.700468537701464555, 26.93121158177516961, 19.38056751563481939 ) ) ;
#429 = CARTESIAN_POINT ( 'NONE',  ( 34.50000000000000000, 0.000000000000000000, 12.00000000000000000 ) ) ;
#430 = CARTESIAN_POINT ( 'NONE',  ( -35.00000000000000000, 15.50910527760489899, -20.85027391700995381 ) ) ;
#431 = CARTESIAN_POINT ( 'NONE',  ( 9.793280457080205892, 26.55153544109550268, 18.39378705971054373 ) ) ;
#432 = CARTESIAN_POINT ( 'NONE',  ( -28.06754401145715150, -19.80488679993489853, 8.000000000000000000 ) ) ;
#433 = EDGE_LOOP ( 'NONE', ( #395, #4067, #407, #4613 ) ) ;
#434 = CARTESIAN_POINT ( 'NONE',  ( 33.00000000000000000, -13.92840621133064083, 5.000000000000000000 ) ) ;
#435 = DIRECTION ( 'NONE',  ( 1.000000000000000000, 0.000000000000000000, 0.000000000000000000 ) ) ;
#436 = ORIENTED_EDGE ( 'NONE', *, *, #1533, .T. ) ;
#437 = CARTESIAN_POINT ( 'NONE',  ( -34.99238363846992428, -16.17813293251465367, 7.491299927554490701 ) ) ;
#438 = EDGE_CURVE ( 'NONE', #2375, #1581, #1676, .T. ) ;
#439 = CARTESIAN_POINT ( 'NONE',  ( 26.08745973749730140, 23.33333333333359860, 1.105117766515159916 ) ) ;
#440 = CARTESIAN_POINT ( 'NONE',  ( 6.414670402092749413, 34.43060998690099694, -7.296599882598670206 ) ) ;
#441 = VERTEX_POINT ( 'NONE', #3504 ) ;
#442 = CARTESIAN_POINT ( 'NONE',  ( -28.15104231716390615, -2.899795940967204277, 29.11463046615719108 ) ) ;
#443 = ADVANCED_FACE ( 'NONE', ( #2660 ), #1214, .F. ) ;
#444 = CARTESIAN_POINT ( 'NONE',  ( 35.00000000000000000, -15.48487078520770055, 47.47157068450540152 ) ) ;
#445 = CARTESIAN_POINT ( 'NONE',  ( 12.14250551128590061, 32.82627947971899829, 9.469216798903639543 ) ) ;
#446 = CONICAL_SURFACE ( 'NONE', #5008, 33.00000000000000000, 0.7853981633974532750 ) ;
#447 = AXIS2_PLACEMENT_3D ( 'NONE', #4658, #1591, #4336 ) ;
#448 = ORIENTED_EDGE ( 'NONE', *, *, #4605, .F. ) ;
#449 = CARTESIAN_POINT ( 'NONE',  ( -10.13491179477389892, 33.52311869746470308, -6.385488188865959813 ) ) ;
#450 = DIRECTION ( 'NONE',  ( 0.000000000000000000, 0.000000000000000000, -1.000000000000000000 ) ) ;
#451 = DIRECTION ( 'NONE',  ( 0.000000000000000000, 0.000000000000000000, -1.000000000000000000 ) ) ;
#452 = CIRCLE ( 'NONE', #2040, 2.000000000000001776 ) ;
#453 = CARTESIAN_POINT ( 'NONE',  ( 40.00000000000000000, 0.000000000000000000, 47.00000000000000000 ) ) ;
#454 = CARTESIAN_POINT ( 'NONE',  ( 34.53189590451224689, -16.76965698568584884, 8.000000000000000000 ) ) ;
#455 = CARTESIAN_POINT ( 'NONE',  ( 8.000000000000000000, 27.14571789435674987, 9.500000000000000000 ) ) ;
#456 = EDGE_CURVE ( 'NONE', #3715, #3353, #2440, .T. ) ;
#457 = AXIS2_PLACEMENT_3D ( 'NONE', #3921, #5724, #4321 ) ;
#458 = CIRCLE ( 'NONE', #4820, 2.000000000000000000 ) ;
#459 = ORIENTED_EDGE ( 'NONE', *, *, #2699, .T. ) ;
#460 = CARTESIAN_POINT ( 'NONE',  ( -35.00000000000000000, -15.48385181469820004, 47.04567396532349477 ) ) ;
#461 = ORIENTED_EDGE ( 'NONE', *, *, #4135, .T. ) ;
#462 = CARTESIAN_POINT ( 'NONE',  ( 8.131062364890039973, 31.95012156622284394, 9.500026640543149270 ) ) ;
#463 = CARTESIAN_POINT ( 'NONE',  ( 35.00000000000000000, -15.35740104585489973, 7.605054320355889352 ) ) ;
#464 = CARTESIAN_POINT ( 'NONE',  ( -9.900473544972928863, 30.81782119687635202, 18.12396131572350200 ) ) ;
#465 = CARTESIAN_POINT ( 'NONE',  ( -28.26433289481001054, 1.464090886964878102, 32.03259055089372964 ) ) ;
#466 = FACE_OUTER_BOUND ( 'NONE', #5427, .T. ) ;
#467 = EDGE_CURVE ( 'NONE', #3195, #3695, #2526, .T. ) ;
#468 = CARTESIAN_POINT ( 'NONE',  ( -9.493809230304419700, 31.11768556126409990, 10.16385730402946130 ) ) ;
#469 = EDGE_LOOP ( 'NONE', ( #5492, #4465, #4155, #1210 ) ) ;
#470 = CARTESIAN_POINT ( 'NONE',  ( -12.72726868540314094, 32.60393524562945800, 11.36461877362893880 ) ) ;
#471 = PRODUCT_DEFINITION_SHAPE ( 'NONE', 'NONE',  #4823 ) ;
#472 = CARTESIAN_POINT ( 'NONE',  ( -9.986370539822070569, 30.75148003384715167, 11.26447644634080092 ) ) ;
#473 = ORIENTED_EDGE ( 'NONE', *, *, #2200, .T. ) ;
#474 = CARTESIAN_POINT ( 'NONE',  ( -33.00000000000000000, 15.50910527760489899, 4.176056798680565230 ) ) ;
#475 = CARTESIAN_POINT ( 'NONE',  ( 9.493809230304409041, 31.11768556126414964, 18.83614269597054758 ) ) ;
#476 = DIRECTION ( 'NONE',  ( 0.000000000000000000, 0.000000000000000000, -1.000000000000000000 ) ) ;
#477 = VERTEX_POINT ( 'NONE', #2171 ) ;
#478 = DIRECTION ( 'NONE',  ( 0.6062970217474248358, -0.7284396662843016790, 0.3190291115303083291 ) ) ;
#479 = CARTESIAN_POINT ( 'NONE',  ( -33.42693543583010296, -29.99999999999965183, -20.84927391700995258 ) ) ;
#480 = CARTESIAN_POINT ( 'NONE',  ( -35.00000000000000000, -14.45032751935665871, 7.057975664136610483 ) ) ;
#481 = VECTOR ( 'NONE', #5241, 1000.000000000000000 ) ;
#482 = EDGE_LOOP ( 'NONE', ( #1523, #4220 ) ) ;
#483 = CARTESIAN_POINT ( 'NONE',  ( 15.86443870339995144, 27.64224901475020246, -5.370502609883290646 ) ) ;
#484 = EDGE_LOOP ( 'NONE', ( #1659, #5545, #3582, #4426, #3744, #843, #1962 ) ) ;
#485 = FACE_OUTER_BOUND ( 'NONE', #512, .T. ) ;
#486 = AXIS2_PLACEMENT_3D ( 'NONE', #860, #1246, #2539 ) ;
#487 = LINE ( 'NONE', #968, #5564 ) ;
#488 = CARTESIAN_POINT ( 'NONE',  ( -33.42693543583010296, -29.99999999999965183, 8.000000000000000000 ) ) ;
#489 = FACE_OUTER_BOUND ( 'NONE', #3702, .T. ) ;
#490 = CARTESIAN_POINT ( 'NONE',  ( 29.58557478539949770, 20.77023554135995198, 2.724184345579980349 ) ) ;
#491 = VECTOR ( 'NONE', #1825, 1000.000000000000000 ) ;
#492 = VERTEX_POINT ( 'NONE', #289 ) ;
#494 = CARTESIAN_POINT ( 'NONE',  ( 0.000000000000000000, 19.69999999999999929, 64.00000000000000000 ) ) ;
#493 = UNCERTAINTY_MEASURE_WITH_UNIT (LENGTH_MEASURE( 1.000000000000000082E-05 ), #3834, 'distance_accuracy_value', 'NONE');
#495 = FILL_AREA_STYLE ('',( #4474 ) ) ;
#496 = EDGE_CURVE ( 'NONE', #2002, #1052, #2084, .T. ) ;
#497 = CARTESIAN_POINT ( 'NONE',  ( 9.355678264584000203, 31.21340090859649763, 10.02815409677019964 ) ) ;
#498 = CARTESIAN_POINT ( 'NONE',  ( 33.00000000000000000, -13.92840621133062129, 5.000000000000000000 ) ) ;
#499 = CARTESIAN_POINT ( 'NONE',  ( -9.206053159185170642, 31.31439115885549640, 19.09577278562274927 ) ) ;
#500 = DIRECTION ( 'NONE',  ( -0.7686030849743050730, -0.6397259552089326062, 0.000000000000000000 ) ) ;
#501 = CARTESIAN_POINT ( 'NONE',  ( 9.484053271043670463, 26.66356189548082156, 18.84153397594678836 ) ) ;
#502 = ADVANCED_FACE ( 'NONE', ( #2109 ), #5211, .F. ) ;
#503 = B_SPLINE_CURVE_WITH_KNOTS ( 'NONE', 3,
 ( #2552, #1691, #4755, #785 ),
 .UNSPECIFIED., .F., .F.,
 ( 4, 4 ),
 ( 0.000000000000000000, 0.0004216851391371085039 ),
 .UNSPECIFIED. ) ;
#504 = CARTESIAN_POINT ( 'NONE',  ( 34.50000000000000000, 0.000000000000000000, 29.50000000000000000 ) ) ;
#505 = VERTEX_POINT ( 'NONE', #4305 ) ;
#506 = CARTESIAN_POINT ( 'NONE',  ( -10.58288853452050127, 33.36193107774159472, 8.021001023864670287 ) ) ;
#507 = CARTESIAN_POINT ( 'NONE',  ( 34.99999999978499687, -15.49763501777080954, 7.927189285076878811 ) ) ;
#508 = VERTEX_POINT ( 'NONE', #2197 ) ;
#509 = CARTESIAN_POINT ( 'NONE',  ( -34.53189590453509794, -16.76965698565874874, 7.645857051383930347 ) ) ;
#510 = CARTESIAN_POINT ( 'NONE',  ( 9.570380474084920763, 33.66639794009614661, 21.36898088451165023 ) ) ;
#511 = DIRECTION ( 'NONE',  ( -1.000000000000000000, 0.000000000000000000, 0.000000000000000000 ) ) ;
#512 = EDGE_LOOP ( 'NONE', ( #1155, #3277, #3157, #4606 ) ) ;
#513 = CARTESIAN_POINT ( 'NONE',  ( 0.000000000000000000, -30.30000000000000071, 8.000000000000000000 ) ) ;
#514 = CARTESIAN_POINT ( 'NONE',  ( 34.99981003234444898, -15.51141691100690068, 47.00000000010130208 ) ) ;
#515 = CARTESIAN_POINT ( 'NONE',  ( 11.09775948938804113, 33.19401953331809807, 8.348034362514809459 ) ) ;
#516 = VERTEX_POINT ( 'NONE', #3961 ) ;
#517 = CARTESIAN_POINT ( 'NONE',  ( -34.95149185419081306, 16.10037675981964611, 4.359631755552974219 ) ) ;
#518 = CARTESIAN_POINT ( 'NONE',  ( 35.00000000000000000, 4.163799117100995136E-16, 26.10000000000000142 ) ) ;
#519 = CARTESIAN_POINT ( 'NONE',  ( -23.81453505251910130, 29.67138308075939790, 64.00000000000000000 ) ) ;
#520 = CARTESIAN_POINT ( 'NONE',  ( -33.42693543583010296, -29.99999999999965183, 8.000000000000000000 ) ) ;
#521 = CARTESIAN_POINT ( 'NONE',  ( -34.99379531982671665, -15.58359107682498035, 7.661459043164605021 ) ) ;
#522 = CARTESIAN_POINT ( 'NONE',  ( 9.396357508276398818, 26.69454025252112928, 10.06815275943554866 ) ) ;
#523 = EDGE_CURVE ( 'NONE', #4715, #3534, #3584, .T. ) ;
#524 = ORIENTED_EDGE ( 'NONE', *, *, #1712, .T. ) ;
#525 = B_SPLINE_CURVE_WITH_KNOTS ( 'NONE', 1,
 ( #5517, #155 ),
 .UNSPECIFIED., .F., .F.,
 ( 2, 2 ),
 ( 0.000000000000000000, 1.000000000000000000 ),
 .UNSPECIFIED. ) ;
#526 = CARTESIAN_POINT ( 'NONE',  ( -8.410155720635563270, 27.02144112805755327, 9.542497784890732859 ) ) ;
#527 = CARTESIAN_POINT ( 'NONE',  ( 35.00000000000000000, -14.10771801646080092, 7.000000000023650415 ) ) ;
#528 = CARTESIAN_POINT ( 'NONE',  ( -8.989785798379870130, 31.45508467770505234, 19.23909613260959972 ) ) ;
#529 = DIRECTION ( 'NONE',  ( -1.000000000000000000, 0.000000000000000000, 0.000000000000000000 ) ) ;
#530 = EDGE_CURVE ( 'NONE', #795, #1242, #58, .T. ) ;
#531 = CARTESIAN_POINT ( 'NONE',  ( 8.758672218421446942, 26.91051234928337621, 19.35051946497954845 ) ) ;
#532 = CARTESIAN_POINT ( 'NONE',  ( -9.999998094547279948, 30.74085323159360073, 11.43230938681447917 ) ) ;
#533 = VERTEX_POINT ( 'NONE', #1858 ) ;
#534 = DIRECTION ( 'NONE',  ( 0.000000000000000000, 0.000000000000000000, -1.000000000000000000 ) ) ;
#535 = CARTESIAN_POINT ( 'NONE',  ( 35.00000000000000711, -15.58796486510589396, 7.450881605029374022 ) ) ;
#536 = ORIENTED_EDGE ( 'NONE', *, *, #3770, .F. ) ;
#537 = CARTESIAN_POINT ( 'NONE',  ( -30.48208953066160021, 17.46055276585239824, 1.198638593660711793 ) ) ;
#538 = CARTESIAN_POINT ( 'NONE',  ( 12.27467391207810010, 32.77708897001319599, 19.30260685290874889 ) ) ;
#539 = CARTESIAN_POINT ( 'NONE',  ( 25.28633026606425105, 24.22902331178499935, 0.6175410217103090016 ) ) ;
#540 = VERTEX_POINT ( 'NONE', #4123 ) ;
#541 = CARTESIAN_POINT ( 'NONE',  ( 33.39704042307944576, -15.84231497980475112, 5.404090713189090067 ) ) ;
#542 = ADVANCED_FACE ( 'NONE', ( #5018 ), #5431, .T. ) ;
#543 = CARTESIAN_POINT ( 'NONE',  ( -34.59101078361811688, -15.55186358387912904, 6.131638903558969567 ) ) ;
#544 = ORIENTED_EDGE ( 'NONE', *, *, #5537, .T. ) ;
#545 = CARTESIAN_POINT ( 'NONE',  ( 34.89026135603609902, -15.87347998759890189, 7.199108859132040017 ) ) ;
#546 = EDGE_LOOP ( 'NONE', ( #257, #834, #805, #4539 ) ) ;
#547 = CARTESIAN_POINT ( 'NONE',  ( 33.50773368225547699, -15.89582223913530967, 5.432713142470783296 ) ) ;
#548 = CARTESIAN_POINT ( 'NONE',  ( -30.45426518713430042, 20.48832576205299816, 64.00000000000000000 ) ) ;
#549 = DIRECTION ( 'NONE',  ( 0.5640760748177676698, -0.8257228238447694713, 0.000000000000000000 ) ) ;
#550 = DIRECTION ( 'NONE',  ( 0.000000000000000000, 0.000000000000000000, -1.000000000000000000 ) ) ;
#551 = CARTESIAN_POINT ( 'NONE',  ( 30.11180974007815792, 20.55776103648470610, -0.2704509669127941329 ) ) ;
#552 = AXIS2_PLACEMENT_3D ( 'NONE', #2205, #3969, #4599 ) ;
#553 = EDGE_LOOP ( 'NONE', ( #5235, #4148, #3562, #3861 ) ) ;
#554 = CARTESIAN_POINT ( 'NONE',  ( -9.484053271262268936, 26.66356189542443289, 10.15846602429134826 ) ) ;
#555 = AXIS2_PLACEMENT_3D ( 'NONE', #8, #2332, #4878 ) ;
#556 = FACE_OUTER_BOUND ( 'NONE', #2499, .T. ) ;
#557 = AXIS2_PLACEMENT_3D ( 'NONE', #2604, #478, #5243 ) ;
#558 = DIRECTION ( 'NONE',  ( -1.000000000000000000, 0.000000000000000000, 0.000000000000000000 ) ) ;
#559 = CARTESIAN_POINT ( 'NONE',  ( -9.973179933704699351, 30.76175050284515322, 17.83314027612134822 ) ) ;
#560 = CARTESIAN_POINT ( 'NONE',  ( -34.50000000000000000, 0.000000000000000000, 12.00000000000000000 ) ) ;
#561 = CARTESIAN_POINT ( 'NONE',  ( -28.20583790848104755, -2.322694630519735348, 45.22155834045443612 ) ) ;
#562 = VECTOR ( 'NONE', #2832, 1000.000000000000000 ) ;
#563 = AXIS2_PLACEMENT_3D ( 'NONE', #862, #412, #1391 ) ;
#564 = CARTESIAN_POINT ( 'NONE',  ( -9.986370539822070569, 30.75148003384715167, 11.26447644634080092 ) ) ;
#565 = ORIENTED_EDGE ( 'NONE', *, *, #5002, .T. ) ;
#566 = EDGE_CURVE ( 'NONE', #83, #1191, #5764, .T. ) ;
#567 = DIRECTION ( 'NONE',  ( 0.000000000000000000, 0.000000000000000000, 1.000000000000000000 ) ) ;
#568 = VECTOR ( 'NONE', #4347, 1000.000000000000000 ) ;
#569 = AXIS2_PLACEMENT_3D ( 'NONE', #479, #4033, #3536 ) ;
#570 = CARTESIAN_POINT ( 'NONE',  ( 28.15104231716334127, 2.899795940972734076, 46.61463046619699213 ) ) ;
#571 = ORIENTED_EDGE ( 'NONE', *, *, #3442, .F. ) ;
#572 = CARTESIAN_POINT ( 'NONE',  ( -28.75000000000000000, 16.80260396486210084, 54.00000000000000000 ) ) ;
#573 =( GEOMETRIC_REPRESENTATION_CONTEXT ( 3 ) GLOBAL_UNCERTAINTY_ASSIGNED_CONTEXT ( ( #493 ) ) GLOBAL_UNIT_ASSIGNED_CONTEXT ( ( #3834, #5166, #2837 ) ) REPRESENTATION_CONTEXT ( 'NONE', 'WORKASPACE' ) );
#574 = CARTESIAN_POINT ( 'NONE',  ( 12.66772989706903907, 32.62711685611060375, 18.17121576667189942 ) ) ;
#575 = CARTESIAN_POINT ( 'NONE',  ( 5.155964653005679743, 34.64207364183715754, -7.517801541521380138 ) ) ;
#576 = EDGE_CURVE ( 'NONE', #5376, #242, #1240, .T. ) ;
#577 = ORIENTED_EDGE ( 'NONE', *, *, #1397, .T. ) ;
#578 = CARTESIAN_POINT ( 'NONE',  ( -34.99959609221565415, 15.54929816249589969, 4.176056798680570559 ) ) ;
#579 = CARTESIAN_POINT ( 'NONE',  ( -32.73294549770974982, -18.91290918499440110, 64.00000000000000000 ) ) ;
#580 = B_SPLINE_CURVE_WITH_KNOTS ( 'NONE', 3,
 ( #5312, #1338, #3142, #4104 ),
 .UNSPECIFIED., .F., .F.,
 ( 4, 4 ),
 ( 0.000000000000000000, 0.0004784299580535990152 ),
 .UNSPECIFIED. ) ;
#581 = CARTESIAN_POINT ( 'NONE',  ( 20.54094589285415040, 24.67673381693735024, -3.004545066677354992 ) ) ;
#582 = CARTESIAN_POINT ( 'NONE',  ( 34.37415798385585219, -16.47709599124004853, 6.627627192046180227 ) ) ;
#583 = CARTESIAN_POINT ( 'NONE',  ( 28.29999999999999361, 0.3845855789688849002, 14.89999999999999858 ) ) ;
#584 = CARTESIAN_POINT ( 'NONE',  ( 28.29216882656960408, -0.7544926790938492056, 49.82631670345258357 ) ) ;
#585 = LINE ( 'NONE', #2366, #360 ) ;
#586 = CARTESIAN_POINT ( 'NONE',  ( 9.063006524818996823, 26.81248963498931204, 9.800986421408243388 ) ) ;
#587 = EDGE_CURVE ( 'NONE', #4369, #3658, #3280, .T. ) ;
#588 = VERTEX_POINT ( 'NONE', #2231 ) ;
#589 = CIRCLE ( 'NONE', #1327, 2.000000000000000000 ) ;
#590 = SURFACE_STYLE_FILL_AREA ( #495 ) ;
#591 = CARTESIAN_POINT ( 'NONE',  ( 40.00000000000000000, 3.551475717527324818E-16, 32.39999999999999858 ) ) ;
#592 = CARTESIAN_POINT ( 'NONE',  ( -8.484848484848459549, 33.95596186517419568, 21.50000000000000000 ) ) ;
#593 = CARTESIAN_POINT ( 'NONE',  ( -28.18680907499555843, 2.532890708934448565, 10.53643941714679855 ) ) ;
#594 = AXIS2_PLACEMENT_3D ( 'NONE', #3763, #2406, #4577 ) ;
#595 = CARTESIAN_POINT ( 'NONE',  ( -33.45361141736240285, -15.36818311046539876, 5.268319219128179576 ) ) ;
#596 = EDGE_LOOP ( 'NONE', ( #2072, #55, #5175, #3850 ) ) ;
#597 = CARTESIAN_POINT ( 'NONE',  ( -12.17328163408985908, 32.81482172958105537, 9.522558641236468446 ) ) ;
#598 = CARTESIAN_POINT ( 'NONE',  ( 30.45426518713430042, 20.48832576205299816, 2.881837241123649473 ) ) ;
#599 = LINE ( 'NONE', #3731, #4388 ) ;
#600 = CARTESIAN_POINT ( 'NONE',  ( 9.832838713513728734, 33.59068410453324560, 21.29492385429314893 ) ) ;
#601 = CARTESIAN_POINT ( 'NONE',  ( -33.34190840721173288, 18.22465578683991438, 3.613481577821080926 ) ) ;
#602 = ORIENTED_EDGE ( 'NONE', *, *, #4564, .T. ) ;
#603 = FACE_OUTER_BOUND ( 'NONE', #2150, .T. ) ;
#604 = CARTESIAN_POINT ( 'NONE',  ( -34.47197567437904553, -15.62820104150638301, 6.012442401297241723 ) ) ;
#605 = CARTESIAN_POINT ( 'NONE',  ( 25.28633026606425105, 24.22902331178499935, 0.6175410217103090016 ) ) ;
#606 = CARTESIAN_POINT ( 'NONE',  ( -31.14615102416880887, 20.24178676845179226, -0.09278015185594143399 ) ) ;
#607 = CARTESIAN_POINT ( 'NONE',  ( 33.51401933474035388, -14.88177244759607909, 5.173926992416699733 ) ) ;
#608 = CARTESIAN_POINT ( 'NONE',  ( 8.000000000000000000, 39.00000000000000000, 11.50000000000000000 ) ) ;
#609 = DIRECTION ( 'NONE',  ( 0.000000000000000000, 0.000000000000000000, -1.000000000000000000 ) ) ;
#610 = ADVANCED_FACE ( 'NONE', ( #4030 ), #1062, .T. ) ;
#611 = ORIENTED_EDGE ( 'NONE', *, *, #4742, .F. ) ;
#612 = DIRECTION ( 'NONE',  ( 1.000000000000000000, 0.000000000000000000, 0.000000000000000000 ) ) ;
#613 = DIRECTION ( 'NONE',  ( -1.848892746611744886E-31, -6.938893903907229610E-17, -1.000000000000000000 ) ) ;
#614 = CARTESIAN_POINT ( 'NONE',  ( 35.00000000000000000, -15.04482269749370005, 7.300306013069479683 ) ) ;
#615 = CARTESIAN_POINT ( 'NONE',  ( -34.96727693638339929, -15.71585846416174981, 7.433977903060210224 ) ) ;
#616 = CARTESIAN_POINT ( 'NONE',  ( -11.83054979589648070, 32.94033760232425578, 9.026714685298481200 ) ) ;
#617 = VERTEX_POINT ( 'NONE', #93 ) ;
#618 = PRODUCT_CONTEXT ( 'NONE', #3817, 'mechanical' ) ;
#619 = CARTESIAN_POINT ( 'NONE',  ( 0.000000000000000000, 0.000000000000000000, 61.00001199999999812 ) ) ;
#620 = CARTESIAN_POINT ( 'NONE',  ( -8.418876002587630580, 31.79463122780149575, 19.45591762393394930 ) ) ;
#621 = CARTESIAN_POINT ( 'NONE',  ( 11.40794161733037981, 33.08869385060245349, 20.39973529407369668 ) ) ;
#622 = ORIENTED_EDGE ( 'NONE', *, *, #5642, .F. ) ;
#623 = DIRECTION ( 'NONE',  ( -1.000000000000000000, 0.000000000000000000, 0.000000000000000000 ) ) ;
#624 = CARTESIAN_POINT ( 'NONE',  ( -34.91836424271729555, -15.20298563096630318, 6.692970789011652322 ) ) ;
#625 = EDGE_CURVE ( 'NONE', #3406, #4289, #1827, .T. ) ;
#626 = CARTESIAN_POINT ( 'NONE',  ( -33.89400708534539319, -16.18714252369349893, 5.891083013806770019 ) ) ;
#627 = EDGE_CURVE ( 'NONE', #3464, #1313, #3096, .T. ) ;
#628 = ORIENTED_EDGE ( 'NONE', *, *, #719, .F. ) ;
#629 = CARTESIAN_POINT ( 'NONE',  ( 33.63850239471781833, -15.88998031985290993, 5.494296231036572387 ) ) ;
#630 = DIRECTION ( 'NONE',  ( 0.7071067811865485719, 8.659560562354913137E-17, 0.7071067811865465735 ) ) ;
#631 = ADVANCED_FACE ( 'NONE', ( #4896 ), #4041, .F. ) ;
#632 = EDGE_LOOP ( 'NONE', ( #5357, #5326, #1610, #2615 ) ) ;
#633 = CARTESIAN_POINT ( 'NONE',  ( -22.83462864776966228, 26.58306262776577000, -4.386297300841492053 ) ) ;
#634 = DIRECTION ( 'NONE',  ( 0.000000000000000000, 0.000000000000000000, 1.000000000000000000 ) ) ;
#635 = CARTESIAN_POINT ( 'NONE',  ( -11.91272589377570057, 32.91039360065600050, 19.86042493873565107 ) ) ;
#636 = EDGE_CURVE ( 'NONE', #3353, #3338, #3301, .T. ) ;
#637 = FACE_OUTER_BOUND ( 'NONE', #2105, .T. ) ;
#638 = CIRCLE ( 'NONE', #822, 33.00000000000000000 ) ;
#639 = AXIS2_PLACEMENT_3D ( 'NONE', #4230, #2932, #3392 ) ;
#640 = CARTESIAN_POINT ( 'NONE',  ( -12.17328163408985908, 32.81482172958105537, 9.522558641236468446 ) ) ;
#641 = ORIENTED_EDGE ( 'NONE', *, *, #4819, .F. ) ;
#642 = B_SPLINE_CURVE_WITH_KNOTS ( 'NONE', 3,
 ( #2992, #3049, #4808, #4292, #840, #782, #2549, #2118 ),
 .UNSPECIFIED., .F., .F.,
 ( 4, 2, 2, 4 ),
 ( 0.000000000000000000, 0.5000000000000001110, 0.7500000000000000000, 1.000000000000000000 ),
 .UNSPECIFIED. ) ;
#643 = CARTESIAN_POINT ( 'NONE',  ( 35.00000000000000000, -15.48222855150380006, 7.954326034676490131 ) ) ;
#644 = AXIS2_PLACEMENT_3D ( 'NONE', #2613, #4777, #3853 ) ;
#645 = AXIS2_PLACEMENT_3D ( 'NONE', #4869, #4001, #1736 ) ;
#646 = DIRECTION ( 'NONE',  ( -0.9940000000174334938, -0.1093800711525746566, 0.000000000000000000 ) ) ;
#647 = EDGE_CURVE ( 'NONE', #2590, #3907, #385, .T. ) ;
#648 = AXIS2_PLACEMENT_3D ( 'NONE', #3026, #5699, #4786 ) ;
#649 = ORIENTED_EDGE ( 'NONE', *, *, #4057, .F. ) ;
#650 = CIRCLE ( 'NONE', #5659, 2.000000000000001776 ) ;
#651 = CARTESIAN_POINT ( 'NONE',  ( -25.79456504228561187, -21.16399835613500713, 5.307988362251928827 ) ) ;
#652 = CARTESIAN_POINT ( 'NONE',  ( 12.02660997886779981, 32.86886710071884465, 19.70295091107989904 ) ) ;
#653 = ORIENTED_EDGE ( 'NONE', *, *, #2097, .F. ) ;
#654 = CARTESIAN_POINT ( 'NONE',  ( -34.05181430939106946, -15.96475013032095447, 5.850598655520520275 ) ) ;
#655 = CARTESIAN_POINT ( 'NONE',  ( 28.24545579148911045, -1.777240086728729240, 14.32357998274789246 ) ) ;
#656 = AXIS2_PLACEMENT_3D ( 'NONE', #4540, #567, #952 ) ;
#657 = B_SPLINE_CURVE_WITH_KNOTS ( 'NONE', 3,
 ( #3029, #2680, #4447, #1724 ),
 .UNSPECIFIED., .F., .F.,
 ( 4, 4 ),
 ( 0.000000000000000000, 1.000000000000000000 ),
 .UNSPECIFIED. ) ;
#658 = CARTESIAN_POINT ( 'NONE',  ( 35.00000000000000000, -15.26691677921535018, 7.490001449038460102 ) ) ;
#659 = VERTEX_POINT ( 'NONE', #230 ) ;
#660 = DIRECTION ( 'NONE',  ( -1.000000000000000000, 0.000000000000000000, 0.000000000000000000 ) ) ;
#661 = CARTESIAN_POINT ( 'NONE',  ( -35.00000000000000000, -15.35740104585399912, 7.605054320354469155 ) ) ;
#662 = DIRECTION ( 'NONE',  ( 0.000000000000000000, 0.000000000000000000, 1.000000000000000000 ) ) ;
#663 = DIRECTION ( 'NONE',  ( -1.000000000000000000, 0.000000000000000000, 0.000000000000000000 ) ) ;
#664 = ORIENTED_EDGE ( 'NONE', *, *, #1735, .T. ) ;
#665 = DIRECTION ( 'NONE',  ( 0.000000000000000000, -8.673617379884039170E-17, -1.000000000000000000 ) ) ;
#666 = CARTESIAN_POINT ( 'NONE',  ( 34.50000000000000000, 0.000000000000000000, 44.10000000000000142 ) ) ;
#667 = CARTESIAN_POINT ( 'NONE',  ( -12.57924295368776058, 32.66136350070209460, 18.55593537514939584 ) ) ;
#668 = LINE ( 'NONE', #696, #5284 ) ;
#669 = AXIS2_PLACEMENT_3D ( 'NONE', #1139, #753, #1652 ) ;
#670 = CARTESIAN_POINT ( 'NONE',  ( -11.35750370815249966, 33.10604285910315525, 8.555812347329380785 ) ) ;
#671 = EDGE_LOOP ( 'NONE', ( #5534, #3871, #4272, #5276 ) ) ;
#672 = DIRECTION ( 'NONE',  ( 0.6123724356958020199, 0.6846531968814499880, -0.3952847075210494943 ) ) ;
#673 = CARTESIAN_POINT ( 'NONE',  ( -34.99999999999998579, -15.47427687057483681, 6.051622595316130671 ) ) ;
#674 = AXIS2_PLACEMENT_3D ( 'NONE', #5125, #1587, #3358 ) ;
#675 = CARTESIAN_POINT ( 'NONE',  ( -33.54586105827478804, -16.07919993349705123, 5.586870807923625115 ) ) ;
#676 = EDGE_CURVE ( 'NONE', #2595, #2316, #3726, .T. ) ;
#677 = EDGE_CURVE ( 'NONE', #3534, #3765, #4487, .T. ) ;
#678 = AXIS2_PLACEMENT_3D ( 'NONE', #1940, #4088, #3249 ) ;
#679 = ORIENTED_EDGE ( 'NONE', *, *, #719, .T. ) ;
#680 = CARTESIAN_POINT ( 'NONE',  ( -30.12097293870322190, 20.57840562246942540, -0.2831901264915577254 ) ) ;
#681 = CARTESIAN_POINT ( 'NONE',  ( -8.323232323232311103, 33.30918163917095143, 8.166666666666751340 ) ) ;
#682 = ORIENTED_EDGE ( 'NONE', *, *, #5738, .F. ) ;
#683 = DIRECTION ( 'NONE',  ( -1.000000000000000000, 0.000000000000000000, 0.000000000000000000 ) ) ;
#684 = EDGE_CURVE ( 'NONE', #242, #2611, #875, .T. ) ;
#685 = DIRECTION ( 'NONE',  ( 0.000000000000000000, -1.000000000000000000, 0.000000000000000000 ) ) ;
#686 = CARTESIAN_POINT ( 'NONE',  ( -33.00000000000000000, 5.388445916248359929E-15, 7.000000000000000000 ) ) ;
#687 = ORIENTED_EDGE ( 'NONE', *, *, #3044, .F. ) ;
#688 = DIRECTION ( 'NONE',  ( -0.7071067811865485719, 0.000000000000000000, 0.7071067811865465735 ) ) ;
#689 = CARTESIAN_POINT ( 'NONE',  ( -31.80463446797709892, 16.17504505745595011, 1.767380194563139995 ) ) ;
#690 = FACE_OUTER_BOUND ( 'NONE', #311, .T. ) ;
#691 = DIRECTION ( 'NONE',  ( -1.000000000000000000, 0.000000000000000000, 0.000000000000000000 ) ) ;
#692 = EDGE_LOOP ( 'NONE', ( #2221, #1854, #3995, #3509 ) ) ;
#693 = CARTESIAN_POINT ( 'NONE',  ( -28.90320573642910063, -15.69839625752525158, 8.000000000000000000 ) ) ;
#694 = CARTESIAN_POINT ( 'NONE',  ( -28.24534073865813255, -1.779052537256086808, 14.32227185353270649 ) ) ;
#695 = CARTESIAN_POINT ( 'NONE',  ( -9.640868303737228473, 33.64607542001100171, 21.34918393424590022 ) ) ;
#696 = CARTESIAN_POINT ( 'NONE',  ( -35.00000000000000000, 20.00000000000035172, 7.000000000000000000 ) ) ;
#697 = CARTESIAN_POINT ( 'NONE',  ( -33.51510780351659236, -14.87300607326434054, 5.172221061650420282 ) ) ;
#698 = ORIENTED_EDGE ( 'NONE', *, *, #5579, .T. ) ;
#699 = DIRECTION ( 'NONE',  ( 0.000000000000000000, 0.000000000000000000, -1.000000000000000000 ) ) ;
#700 = EDGE_CURVE ( 'NONE', #1953, #2033, #2225, .T. ) ;
#701 = CARTESIAN_POINT ( 'NONE',  ( -34.16772401490049305, -16.09421705513319978, 6.058235658679490321 ) ) ;
#702 = CARTESIAN_POINT ( 'NONE',  ( 34.99959609221565415, 15.54929816249589969, 4.176056798680550131 ) ) ;
#703 = B_SPLINE_CURVE_WITH_KNOTS ( 'NONE', 3,
 ( #820, #3898, #2131, #374, #5640, #1239, #1294, #338, #5237, #3929, #5675, #855, #3005, #1700, #5706, #2656, #3095, #4763, #5265, #3065, #4828, #4394, #4793, #3992, #3527, #5296, #1267, #793, #4860, #2223, #5761, #1791, #2562, #3558, #5328, #1352, #3466, #4300 ),
 .UNSPECIFIED., .F., .F.,
 ( 4, 2, 2, 2, 2, 2, 2, 2, 2, 2, 2, 2, 2, 2, 2, 2, 2, 2, 4 ),
 ( 0.000000000000000000, 0.06250000000000000000, 0.09375000000000000000, 0.1250000000000000000, 0.1875000000000000000, 0.2500000000000000000, 0.3125000000000000000, 0.3437500000000000000, 0.3750000000000000000, 0.5000000000000000000, 0.5312500000000000000, 0.5625000000000000000, 0.6250000000000000000, 0.6875000000000000000, 0.7500000000000000000, 0.8125000000000000000, 0.8750000000000000000, 0.9375000000000000000, 1.000000000000000000 ),
 .UNSPECIFIED. ) ;
#704 = EDGE_CURVE ( 'NONE', #3927, #4992, #3369, .T. ) ;
#705 = VERTEX_POINT ( 'NONE', #4274 ) ;
#706 = CARTESIAN_POINT ( 'NONE',  ( -25.53317604276302077, -20.81036867706739457, 5.129288823640208328 ) ) ;
#707 = CARTESIAN_POINT ( 'NONE',  ( 11.35750370815248012, 33.10604285910315525, 20.44418765267055349 ) ) ;
#708 = ORIENTED_EDGE ( 'NONE', *, *, #4073, .T. ) ;
#709 = CARTESIAN_POINT ( 'NONE',  ( -34.01258531021287013, -15.93224350654821819, 5.789456199068883535 ) ) ;
#710 = EDGE_CURVE ( 'NONE', #4901, #1802, #2628, .T. ) ;
#711 = DIRECTION ( 'NONE',  ( 0.000000000000000000, 1.000000000000000000, -4.336808689942013792E-15 ) ) ;
#712 = EDGE_CURVE ( 'NONE', #5695, #4652, #3171, .T. ) ;
#713 = CARTESIAN_POINT ( 'NONE',  ( -34.08197743963327042, -15.97834155210345131, 5.898616911668982610 ) ) ;
#714 = EDGE_CURVE ( 'NONE', #516, #540, #967, .T. ) ;
#715 = CARTESIAN_POINT ( 'NONE',  ( -9.982118266772600279, 30.75479089583180325, 11.23103876611511964 ) ) ;
#716 = DIRECTION ( 'NONE',  ( -1.000000000000000000, 0.000000000000000000, 0.000000000000000000 ) ) ;
#717 = CARTESIAN_POINT ( 'NONE',  ( -33.54423783215281674, -15.25555495199664158, 5.267767168850041593 ) ) ;
#718 = CARTESIAN_POINT ( 'NONE',  ( -35.00000000000000000, -15.58796486510501822, 7.450881605031185018 ) ) ;
#719 = EDGE_CURVE ( 'NONE', #3839, #2033, #5311, .T. ) ;
#720 = EDGE_LOOP ( 'NONE', ( #2122, #2305 ) ) ;
#721 = CARTESIAN_POINT ( 'NONE',  ( -17.83831129215190003, 26.52299650812054921, -4.426286095593011005 ) ) ;
#722 = DIRECTION ( 'NONE',  ( -0.7071067811865480168, 8.659560562354929160E-17, 0.7071067811865470176 ) ) ;
#723 = CARTESIAN_POINT ( 'NONE',  ( 35.00000000000000000, -14.97741196201389791, 7.245702033837709166 ) ) ;
#724 = CARTESIAN_POINT ( 'NONE',  ( 28.29999999999999716, -2.369067627514480134E-23, 32.39999999999999858 ) ) ;
#725 = CARTESIAN_POINT ( 'NONE',  ( 9.575988381112431114, 31.05867633389795301, 10.26689228186710068 ) ) ;
#726 = ORIENTED_EDGE ( 'NONE', *, *, #2488, .F. ) ;
#727 = CARTESIAN_POINT ( 'NONE',  ( -34.50000000000000000, 0.000000000000000000, 29.50000000000000000 ) ) ;
#728 = CARTESIAN_POINT ( 'NONE',  ( 35.00000000000000000, -15.46099620667819963, 7.827004687631788471 ) ) ;
#729 = CARTESIAN_POINT ( 'NONE',  ( -9.615999349923230355, 31.02979968061834981, 18.68021246936740098 ) ) ;
#730 = AXIS2_PLACEMENT_3D ( 'NONE', #1417, #3193, #3125 ) ;
#731 = AXIS2_PLACEMENT_3D ( 'NONE', #2557, #815, #3059 ) ;
#732 = ORIENTED_EDGE ( 'NONE', *, *, #4062, .F. ) ;
#733 = CARTESIAN_POINT ( 'NONE',  ( -25.88442627390650586, -21.28522165411736111, 5.382424242740580844 ) ) ;
#734 = CARTESIAN_POINT ( 'NONE',  ( -31.21669720437609996, 17.65166650870609644, 3.304077578644860402 ) ) ;
#735 = VECTOR ( 'NONE', #2788, 999.9999999999998863 ) ;
#736 = ORIENTED_EDGE ( 'NONE', *, *, #3055, .F. ) ;
#737 = CARTESIAN_POINT ( 'NONE',  ( -35.00000000000000000, -15.48385181469704897, 47.47156146316280001 ) ) ;
#738 = CARTESIAN_POINT ( 'NONE',  ( 33.61183359728284614, -16.01833340116420246, 5.582549861934269941 ) ) ;
#739 = B_SPLINE_CURVE_WITH_KNOTS ( 'NONE', 3,
 ( #4738, #1300, #3869, #5180 ),
 .UNSPECIFIED., .F., .F.,
 ( 4, 4 ),
 ( 0.000000000000000000, 1.000000000000000000 ),
 .UNSPECIFIED. ) ;
#740 = AXIS2_PLACEMENT_3D ( 'NONE', #3397, #5498, #5576 ) ;
#741 = AXIS2_PLACEMENT_3D ( 'NONE', #3513, #2208, #1434 ) ;
#742 = ADVANCED_FACE ( 'NONE', ( #5618 ), #898, .F. ) ;
#743 = CARTESIAN_POINT ( 'NONE',  ( 35.00000000000000000, -15.13754077032309908, 7.370507319809560087 ) ) ;
#744 = CARTESIAN_POINT ( 'NONE',  ( -8.000000000000000000, 32.01562118716435634, 9.500000000000000000 ) ) ;
#745 = ORIENTED_EDGE ( 'NONE', *, *, #2716, .T. ) ;
#746 = CARTESIAN_POINT ( 'NONE',  ( 30.71500690268729983, 17.30927152393624979, 1.267427573070014191 ) ) ;
#747 = VECTOR ( 'NONE', #2020, 999.9999999999998863 ) ;
#748 = CARTESIAN_POINT ( 'NONE',  ( -23.05210927309392943, 22.56525556921643982, -1.566273165820987190 ) ) ;
#749 = CARTESIAN_POINT ( 'NONE',  ( -34.62530028788130210, -16.04287562070335227, 6.610179716728000088 ) ) ;
#750 = EDGE_CURVE ( 'NONE', #441, #3680, #4767, .T. ) ;
#751 = EDGE_CURVE ( 'NONE', #5707, #3604, #4838, .T. ) ;
#752 = ORIENTED_EDGE ( 'NONE', *, *, #1364, .T. ) ;
#753 = DIRECTION ( 'NONE',  ( 1.000000000000000000, 0.000000000000000000, 0.000000000000000000 ) ) ;
#754 = CYLINDRICAL_SURFACE ( 'NONE', #1401, 1.999999999999998224 ) ;
#755 = CARTESIAN_POINT ( 'NONE',  ( 28.29212329900902390, -0.7568533445726277620, 26.67403417477870420 ) ) ;
#756 = CARTESIAN_POINT ( 'NONE',  ( 9.999997978084341099, 30.74085334412589887, 11.43237265496343902 ) ) ;
#757 = ORIENTED_EDGE ( 'NONE', *, *, #3181, .T. ) ;
#758 = FACE_OUTER_BOUND ( 'NONE', #916, .T. ) ;
#759 = CARTESIAN_POINT ( 'NONE',  ( 35.00000000000000000, -15.40417385868569866, 7.683985003935090319 ) ) ;
#760 = CARTESIAN_POINT ( 'NONE',  ( 28.29999999999999716, 0.000000000000000000, 61.00001199999999812 ) ) ;
#761 = AXIS2_PLACEMENT_3D ( 'NONE', #3306, #1589, #5073 ) ;
#762 = B_SPLINE_CURVE_WITH_KNOTS ( 'NONE', 3,
 ( #1499, #23, #3703, #1821, #5424, #3681, #3271, #3220, #1445, #4117, #5388, #506, #5453, #2287, #3155, #4984, #5477, #1013, #1070, #84, #2778, #4921, #4053, #3650, #597, #1044, #3583, #1885, #4083, #2314, #5037, #2376, #4452, #2347, #983, #1416, #470, #53 ),
 .UNSPECIFIED., .F., .F.,
 ( 4, 2, 2, 2, 2, 2, 2, 2, 2, 2, 2, 2, 2, 2, 2, 2, 2, 2, 4 ),
 ( 0.000000000000000000, 0.06249999999999900080, 0.1250000000000000000, 0.1875000000000000000, 0.2500000000000000000, 0.3125000000000000000, 0.3750000000000000000, 0.4375000000000000000, 0.4687500000000000000, 0.5000000000000000000, 0.6250000000000000000, 0.6562500000000000000, 0.6875000000000000000, 0.7500000000000000000, 0.8125000000000000000, 0.8750000000000000000, 0.9062500000000000000, 0.9375000000000000000, 1.000000000000000000 ),
 .UNSPECIFIED. ) ;
#763 = CARTESIAN_POINT ( 'NONE',  ( 12.44473610604783786, 32.71282955886290011, 10.06312852708355976 ) ) ;
#764 = ORIENTED_EDGE ( 'NONE', *, *, #3518, .T. ) ;
#765 = CARTESIAN_POINT ( 'NONE',  ( -27.41691244731031318, 21.99110931204522501, -1.158798932496484690 ) ) ;
#766 = DIRECTION ( 'NONE',  ( 0.000000000000000000, 0.000000000000000000, -1.000000000000000000 ) ) ;
#767 = CONICAL_SURFACE ( 'NONE', #4572, 1.999999999999998224, 0.7853981633974497223 ) ;
#768 = CARTESIAN_POINT ( 'NONE',  ( -34.16772401490044331, -16.09421705513310030, 6.058235658679389957 ) ) ;
#769 = ORIENTED_EDGE ( 'NONE', *, *, #4753, .F. ) ;
#770 = DIRECTION ( 'NONE',  ( 0.000000000000000000, 0.000000000000000000, 1.000000000000000000 ) ) ;
#771 = AXIS2_PLACEMENT_3D ( 'NONE', #5671, #19, #1695 ) ;
#772 = CARTESIAN_POINT ( 'NONE',  ( 33.00000000000000000, -15.48385181469824978, 8.000000000000000000 ) ) ;
#773 = B_SPLINE_CURVE_WITH_KNOTS ( 'NONE', 1,
 ( #878, #2157 ),
 .UNSPECIFIED., .F., .F.,
 ( 2, 2 ),
 ( 0.000000000000000000, 1.000000000000000000 ),
 .UNSPECIFIED. ) ;
#774 = CARTESIAN_POINT ( 'NONE',  ( -9.152085688567240140, 31.35022918444060025, 9.863892624949780696 ) ) ;
#775 = VERTEX_POINT ( 'NONE', #1333 ) ;
#776 = CARTESIAN_POINT ( 'NONE',  ( 8.000000000000000000, 32.01562118716435634, 9.500000000000000000 ) ) ;
#777 = CARTESIAN_POINT ( 'NONE',  ( -2.472303650527605257, 31.43279353854058655, -9.142919755911197655 ) ) ;
#778 = CARTESIAN_POINT ( 'NONE',  ( -35.00000000000000000, -15.70071928463407396, 6.742206831989152604 ) ) ;
#779 = ORIENTED_EDGE ( 'NONE', *, *, #3851, .F. ) ;
#780 = CARTESIAN_POINT ( 'NONE',  ( 5.155964653005679743, 34.64207364183715754, -7.517801541521380138 ) ) ;
#781 = DIRECTION ( 'NONE',  ( -1.000000000000000000, 0.000000000000000000, 0.000000000000000000 ) ) ;
#782 = CARTESIAN_POINT ( 'NONE',  ( -30.90506396740943629, 20.32373792819677405, 2.927769946098181197 ) ) ;
#783 = DIRECTION ( 'NONE',  ( 0.000000000000000000, 0.7972562124938226136, -0.6036410619233958386 ) ) ;
#784 = VERTEX_POINT ( 'NONE', #3105 ) ;
#785 = CARTESIAN_POINT ( 'NONE',  ( -35.00000000000000000, -15.35740104585399912, 7.605054320354469155 ) ) ;
#786 = ORIENTED_EDGE ( 'NONE', *, *, #2554, .F. ) ;
#787 = DIRECTION ( 'NONE',  ( 1.000000000000000000, 0.000000000000000000, 0.000000000000000000 ) ) ;
#788 = CARTESIAN_POINT ( 'NONE',  ( 26.36811856944274624, -21.93343044470114478, 6.038301555953317745 ) ) ;
#789 = CARTESIAN_POINT ( 'NONE',  ( 0.000000000000000000, 0.000000000000000000, 63.00000000000000000 ) ) ;
#790 = CARTESIAN_POINT ( 'NONE',  ( 12.06986555665453942, 32.85308644200714667, 9.357162658078040707 ) ) ;
#791 = ORIENTED_EDGE ( 'NONE', *, *, #1809, .F. ) ;
#792 = DIRECTION ( 'NONE',  ( 0.000000000000000000, 0.000000000000000000, -1.000000000000000000 ) ) ;
#793 = CARTESIAN_POINT ( 'NONE',  ( 8.875365085743180060, 31.52677366188175156, 19.29940703096804810 ) ) ;
#794 = DIRECTION ( 'NONE',  ( 0.000000000000000000, 0.000000000000000000, 1.000000000000000000 ) ) ;
#795 = VERTEX_POINT ( 'NONE', #2265 ) ;
#796 = CARTESIAN_POINT ( 'NONE',  ( -26.75000000000000000, -16.80260396486210084, 63.00000000000000000 ) ) ;
#797 = CARTESIAN_POINT ( 'NONE',  ( 9.929065795957081164, 30.79588443308950119, 18.03206112165140240 ) ) ;
#798 = CARTESIAN_POINT ( 'NONE',  ( -13.59546461776792015, 32.27430885409579275, -5.212583278572670231 ) ) ;
#799 = CARTESIAN_POINT ( 'NONE',  ( -9.866899393277821062, 30.84349207277179872, 10.77955780833986132 ) ) ;
#800 = ORIENTED_EDGE ( 'NONE', *, *, #1111, .T. ) ;
#801 = CARTESIAN_POINT ( 'NONE',  ( 32.60605889074969355, 19.10874717601110007, 3.257400758860029999 ) ) ;
#802 = ADVANCED_FACE ( 'NONE', ( #414 ), #767, .F. ) ;
#803 = CARTESIAN_POINT ( 'NONE',  ( 14.86398908971805000, 28.14459326625801339, -5.818794348360077251 ) ) ;
#804 = CARTESIAN_POINT ( 'NONE',  ( -35.00000000000000000, -15.13753972828095051, 7.370506531600950595 ) ) ;
#805 = ORIENTED_EDGE ( 'NONE', *, *, #2980, .T. ) ;
#806 = CARTESIAN_POINT ( 'NONE',  ( 10.69555293636603821, 33.33145077071279871, -6.203453147091270381 ) ) ;
#807 = CARTESIAN_POINT ( 'NONE',  ( -34.50000000000000000, 3.551475717527324818E-16, 32.39999999999999858 ) ) ;
#808 = CYLINDRICAL_SURFACE ( 'NONE', #1582, 2.000000000000000000 ) ;
#809 = CARTESIAN_POINT ( 'NONE',  ( 33.42693543583010296, -29.99999999999965183, -20.84927391700995258 ) ) ;
#810 = ORIENTED_EDGE ( 'NONE', *, *, #3732, .T. ) ;
#811 = CARTESIAN_POINT ( 'NONE',  ( -34.37490578595576096, -16.47848285029247961, 6.631588401301095281 ) ) ;
#812 = LINE ( 'NONE', #427, #4120 ) ;
#813 = DIRECTION ( 'NONE',  ( -1.000000000000000000, 0.000000000000000000, 0.000000000000000000 ) ) ;
#814 = CARTESIAN_POINT ( 'NONE',  ( 34.78521588786799867, -15.38265970499814017, 6.400956938027239751 ) ) ;
#815 = DIRECTION ( 'NONE',  ( -0.7686030849743025195, -0.6397259552089356038, 0.000000000000000000 ) ) ;
#816 = ADVANCED_FACE ( 'NONE', ( #2202 ), #1362, .T. ) ;
#817 = CARTESIAN_POINT ( 'NONE',  ( 12.69157233029753939, 32.61785132950815580, 10.96525186738564095 ) ) ;
#818 = EDGE_LOOP ( 'NONE', ( #1596, #4697, #5728, #296 ) ) ;
#819 = CARTESIAN_POINT ( 'NONE',  ( 10.00000000000000000, 30.74085229787894846, 17.50000000000000000 ) ) ;
#820 = CARTESIAN_POINT ( 'NONE',  ( 10.00000000000000000, 30.74085229787894846, 17.50000000000000000 ) ) ;
#821 = VERTEX_POINT ( 'NONE', #4934 ) ;
#822 = AXIS2_PLACEMENT_3D ( 'NONE', #2165, #2535, #2627 ) ;
#823 = DIRECTION ( 'NONE',  ( 0.000000000000000000, -8.673617379884039170E-17, -1.000000000000000000 ) ) ;
#824 = AXIS2_PLACEMENT_3D ( 'NONE', #1743, #299, #361 ) ;
#825 = CIRCLE ( 'NONE', #4087, 2.999999999999960920 ) ;
#826 = CARTESIAN_POINT ( 'NONE',  ( -26.08745973749730140, 23.33333333333359860, 1.105117766515146149 ) ) ;
#827 = ORIENTED_EDGE ( 'NONE', *, *, #1494, .T. ) ;
#828 = CARTESIAN_POINT ( 'NONE',  ( 34.98474770534927103, 16.25085537686096870, 1.759509705171005356 ) ) ;
#829 = CARTESIAN_POINT ( 'NONE',  ( -28.75000000000000000, 16.80260396486210084, 54.00000000000000000 ) ) ;
#830 = CARTESIAN_POINT ( 'NONE',  ( 12.72001660130692002, 32.60676938975064587, 11.23076465594094131 ) ) ;
#831 = VECTOR ( 'NONE', #4385, 1000.000000000000000 ) ;
#832 = CARTESIAN_POINT ( 'NONE',  ( 34.16772401490059963, -16.09421705513325307, 6.058235658679660851 ) ) ;
#833 = AXIS2_PLACEMENT_3D ( 'NONE', #3230, #1476, #5488 ) ;
#834 = ORIENTED_EDGE ( 'NONE', *, *, #750, .T. ) ;
#835 = CIRCLE ( 'NONE', #2797, 2.899999999999999911 ) ;
#836 = CARTESIAN_POINT ( 'NONE',  ( 2.591947384082009975, 34.90997104407254881, -7.800722432417940055 ) ) ;
#837 = AXIS2_PLACEMENT_3D ( 'NONE', #2544, #2934, #319 ) ;
#838 = CARTESIAN_POINT ( 'NONE',  ( 0.000000000000000000, 0.000000000000000000, -61.00000000000000000 ) ) ;
#839 = CARTESIAN_POINT ( 'NONE',  ( -28.24545579148804464, 1.777240086743713920, 49.32357998268432908 ) ) ;
#840 = CARTESIAN_POINT ( 'NONE',  ( -31.33091038920044724, 20.11424621051761719, 2.985728973061616109 ) ) ;
#841 = CYLINDRICAL_SURFACE ( 'NONE', #2698, 10.00000000000000178 ) ;
#842 = CIRCLE ( 'NONE', #4100, 47.00000000000000000 ) ;
#843 = ORIENTED_EDGE ( 'NONE', *, *, #1235, .T. ) ;
#844 =( BOUNDED_SURFACE ( )  B_SPLINE_SURFACE ( 3, 2, ( 
 ( #1949, #184, #1537 ),
 ( #4555, #2873, #5406 ),
 ( #582, #1431, #3207 ),
 ( #4130, #4969, #3691 ),
 ( #2984, #5156, #2570 ),
 ( #3415, #1679, #2516 ) ),
 .UNSPECIFIED., .F., .F., .F. ) 
 B_SPLINE_SURFACE_WITH_KNOTS ( ( 4, 2, 4 ),
 ( 3, 3 ),
 ( 5.574983892897789950, 5.929084600038690311, 6.283185307179590673 ),
 ( 0.000000000000000000, 0.9857501605305460934 ),
 .UNSPECIFIED. ) 
 GEOMETRIC_REPRESENTATION_ITEM ( )  RATIONAL_B_SPLINE_SURFACE ( (
 ( 1.000000000000000000, 0.8908923622929040276, 0.9968904673555649687),
 ( 1.000000000000000000, 0.9071945564174099808, 0.9973550746541129941),
 ( 1.000000000000000000, 0.9196445816517709870, 0.9977098963760739903),
 ( 1.000000000000000000, 0.9363133588990600886, 0.9981849511759260940),
 ( 1.000000000000000000, 0.9405324812902149390, 0.9983051948094779915),
 ( 1.000000000000000000, 0.9405266858606070590, 0.9983050296415939551) ) ) 
 REPRESENTATION_ITEM ( '' )  SURFACE ( )  );
#845 = CARTESIAN_POINT ( 'NONE',  ( 8.418876002587630580, 31.79463122780149575, 9.544082376066070239 ) ) ;
#846 = VERTEX_POINT ( 'NONE', #4034 ) ;
#847 = CARTESIAN_POINT ( 'NONE',  ( -9.063006525066024111, 26.81248963490303439, 19.19901357843719580 ) ) ;
#848 = CARTESIAN_POINT ( 'NONE',  ( 34.72687479710968717, -15.43987901327269618, 6.309069998810922897 ) ) ;
#849 = B_SPLINE_CURVE_WITH_KNOTS ( 'NONE', 3,
 ( #5571, #2607, #5157, #2174, #3936, #4837, #1275, #3075 ),
 .UNSPECIFIED., .F., .F.,
 ( 4, 2, 2, 4 ),
 ( 0.000000000000000000, 0.2499999999999992784, 0.5000000000000000000, 1.000000000000000000 ),
 .UNSPECIFIED. ) ;
#850 = CARTESIAN_POINT ( 'NONE',  ( -34.05002187648316436, -15.96320316846671794, 5.847745176426522917 ) ) ;
#851 = CARTESIAN_POINT ( 'NONE',  ( -33.54441925427580173, -15.25779979985505008, 5.268330732137309624 ) ) ;
#852 = DIRECTION ( 'NONE',  ( 0.000000000000000000, 0.9747679289660435842, -0.2232207084014613818 ) ) ;
#853 = ORIENTED_EDGE ( 'NONE', *, *, #4158, .F. ) ;
#854 = DIRECTION ( 'NONE',  ( -1.000000000000000000, 0.000000000000000000, 0.000000000000000000 ) ) ;
#855 = CARTESIAN_POINT ( 'NONE',  ( 9.815377003464709205, 30.88249656054609815, 18.34187677000964811 ) ) ;
#856 = ORIENTED_EDGE ( 'NONE', *, *, #1551, .T. ) ;
#857 = CARTESIAN_POINT ( 'NONE',  ( -34.99290779483882119, -16.22041185690775578, 8.000000000000003553 ) ) ;
#858 = AXIS2_PLACEMENT_3D ( 'NONE', #4628, #2901, #4656 ) ;
#859 = CARTESIAN_POINT ( 'NONE',  ( 9.986370539822059911, 30.75148003384720141, 17.73552355365920263 ) ) ;
#860 = CARTESIAN_POINT ( 'NONE',  ( 40.00000000000000000, 0.000000000000000000, 12.00000000000000000 ) ) ;
#861 = EDGE_LOOP ( 'NONE', ( #2115, #253, #1515, #4815 ) ) ;
#862 = CARTESIAN_POINT ( 'NONE',  ( -8.000000000000000000, 39.00000000000000000, 17.50000000000000000 ) ) ;
#863 = ADVANCED_FACE ( 'NONE', ( #4429, #3136, #4900, #961, #5489, #2324 ), #2000, .T. ) ;
#864 = CARTESIAN_POINT ( 'NONE',  ( 17.32276562960506183, 26.81646339656926159, -4.673431208421209959 ) ) ;
#865 = DIRECTION ( 'NONE',  ( -1.000000000000000000, 0.000000000000000000, 0.000000000000000000 ) ) ;
#866 = AXIS2_PLACEMENT_3D ( 'NONE', #2478, #2536, #3148 ) ;
#867 = EDGE_LOOP ( 'NONE', ( #4935, #779, #4405, #5294 ) ) ;
#868 = VECTOR ( 'NONE', #2972, 1000.000000000000000 ) ;
#869 = CARTESIAN_POINT ( 'NONE',  ( -8.101279487026456394, 34.07329163495037960, -11.98904402293533877 ) ) ;
#870 = CARTESIAN_POINT ( 'NONE',  ( 33.48221287179135430, -16.26762216062149946, 5.653416392362349718 ) ) ;
#871 = CYLINDRICAL_SURFACE ( 'NONE', #3060, 2.899999999999999911 ) ;
#872 = CARTESIAN_POINT ( 'NONE',  ( -35.00000000000000000, 15.50910527760489899, 4.726781669297739796 ) ) ;
#873 = CARTESIAN_POINT ( 'NONE',  ( -30.43510164094135106, -16.98420142851290038, 8.000000000000000000 ) ) ;
#874 = ORIENTED_EDGE ( 'NONE', *, *, #4128, .T. ) ;
#875 = B_SPLINE_CURVE_WITH_KNOTS ( 'NONE', 3,
 ( #5148, #1584, #2815, #1096, #2380, #3355, #4622, #5122, #148, #1153, #204, #3708, #5094, #2053, #5533, #4676, #177, #707, #1971, #2454, #4168, #652, #2897, #3813, #1125, #3736, #5043, #4222, #4650, #1529, #1554, #2429, #5487, #1997, #3760, #1943, #1076, #2922 ),
 .UNSPECIFIED., .F., .F.,
 ( 4, 2, 2, 2, 2, 2, 2, 2, 2, 2, 2, 2, 2, 2, 2, 2, 2, 2, 4 ),
 ( 0.000000000000000000, 0.06249999999999909794, 0.1250000000000000000, 0.1875000000000000000, 0.2500000000000000000, 0.3125000000000000000, 0.3750000000000000000, 0.4375000000000000000, 0.4687500000000000000, 0.5000000000000000000, 0.6250000000000000000, 0.6562500000000000000, 0.6875000000000000000, 0.7500000000000000000, 0.8125000000000000000, 0.8750000000000000000, 0.9062500000000000000, 0.9375000000000000000, 1.000000000000000000 ),
 .UNSPECIFIED. ) ;
#876 = CARTESIAN_POINT ( 'NONE',  ( -8.429077095427103927, 27.01555362896375811, 9.546495906206331483 ) ) ;
#877 = EDGE_LOOP ( 'NONE', ( #4518, #2434, #1590, #94 ) ) ;
#878 = CARTESIAN_POINT ( 'NONE',  ( 12.72727272727259873, 32.60393425532604539, 11.50000000000000000 ) ) ;
#879 = CARTESIAN_POINT ( 'NONE',  ( 26.58099276739064720, -22.21705219571651568, 6.561588464749095628 ) ) ;
#880 = CARTESIAN_POINT ( 'NONE',  ( 29.30000000000000071, 3.588215121501744101E-15, 64.00000000000000000 ) ) ;
#881 = EDGE_CURVE ( 'NONE', #1666, #2564, #5100, .T. ) ;
#882 = CARTESIAN_POINT ( 'NONE',  ( 9.853891319102263679, 26.52906002605813995, 18.25058539525209866 ) ) ;
#883 =( BOUNDED_SURFACE ( )  B_SPLINE_SURFACE ( 3, 2, ( 
 ( #4428, #2201, #4964 ),
 ( #444, #2296, #2234 ),
 ( #2663, #4899, #992 ),
 ( #3964, #960, #514 ) ),
 .UNSPECIFIED., .F., .F., .T. ) 
 B_SPLINE_SURFACE_WITH_KNOTS ( ( 4, 4 ),
 ( 3, 3 ),
 ( -0.0001007596809481051966, 0.0006065859060031240663 ),
 ( 0.000000000000000000, 1.000000000000000000 ),
 .UNSPECIFIED. ) 
 GEOMETRIC_REPRESENTATION_ITEM ( )  RATIONAL_B_SPLINE_SURFACE ( (
 ( 1.000000000000000000, 1.000000000000000000, 1.000000000000000000),
 ( 1.000000000000000000, 0.9999986879784860117, 1.000000000000000000),
 ( 1.000000000000000000, 0.9999742806823039842, 1.000000000000000000),
 ( 1.000000000000000000, 0.9999762537611139868, 1.000000000000000000) ) ) 
 REPRESENTATION_ITEM ( '' )  SURFACE ( )  );
#884 = FACE_OUTER_BOUND ( 'NONE', #1428, .T. ) ;
#885 = ORIENTED_EDGE ( 'NONE', *, *, #3475, .F. ) ;
#886 = CARTESIAN_POINT ( 'NONE',  ( 10.90909090909086032, 31.36187961702795235, 17.50000000000000000 ) ) ;
#887 = CARTESIAN_POINT ( 'NONE',  ( 33.00000000000000000, 15.50910527760495050, -61.00000000000000000 ) ) ;
#888 = ORIENTED_EDGE ( 'NONE', *, *, #4294, .T. ) ;
#889 = CARTESIAN_POINT ( 'NONE',  ( -34.99982961742059473, -15.12549119581027135, 7.328653797124805358 ) ) ;
#890 = EDGE_CURVE ( 'NONE', #4901, #2983, #5022, .T. ) ;
#891 = CARTESIAN_POINT ( 'NONE',  ( 26.83281572999727516, 22.50000000000028777, -1.492958444838178966 ) ) ;
#892 = DIRECTION ( 'NONE',  ( 0.7686030849743098470, -0.6397259552089269441, 0.000000000000000000 ) ) ;
#893 = EDGE_CURVE ( 'NONE', #4908, #5062, #105, .T. ) ;
#894 = VERTEX_POINT ( 'NONE', #579 ) ;
#895 = CARTESIAN_POINT ( 'NONE',  ( -28.29999999999999716, 6.515341870076819610E-16, 26.59999999999999787 ) ) ;
#896 = CARTESIAN_POINT ( 'NONE',  ( -11.25804278305214012, 33.14014390405579746, 20.52984057708499677 ) ) ;
#897 = CARTESIAN_POINT ( 'NONE',  ( -35.00000000000001421, -14.28237692466960240, 7.019515175637492277 ) ) ;
#898 = B_SPLINE_SURFACE_WITH_KNOTS ( 'NONE', 1, 3, ( 
 ( #1375, #462, #4328, #1641, #2709, #4015, #4301, #3408, #2977, #2250, #2081, #15, #2508, #945, #4475, #2676, #4046, #5174, #497, #4732, #2133, #2104, #3864, #3115, #1670, #910, #3438, #5205, #2279, #3006, #339, #1783, #45, #3899, #5751, #1344, #4883, #1843 ),
 ( #3937, #3508, #1393, #2175, #2235, #4493, #2730, #5714, #5768, #5335, #1739, #2694, #5273, #34, #4372, #3965, #515, #4003, #1770, #1831, #1800, #4800, #4464, #2297, #445, #5401, #1427, #2608, #4871, #4064, #3595, #3629, #5364, #5305, #1303, #830, #4402, #384 ) ),
 .UNSPECIFIED., .F., .F., .F.,
 ( 2, 2 ),
 ( 4, 2, 2, 2, 2, 2, 2, 2, 2, 2, 2, 2, 2, 2, 2, 2, 2, 2, 4 ),
 ( 0.000000000000000000, 1.000000000000000000 ),
 ( 0.000000000000000000, 0.0007995668770073529512, 0.0009994585962591910535, 0.001199350315511029915, 0.001599133754014705035, 0.001998917192518379939, 0.002398700631022059829, 0.002598592350273895221, 0.002798484069525734950, 0.003198267508029410070, 0.003598050946533084757, 0.003997834385036759877, 0.004397617823540439334, 0.004797401262044119659, 0.004997292981295950280, 0.005197184700547790442, 0.005596968139051469900, 0.005996751577555139816, 0.006396535016058820140 ),
 .UNSPECIFIED. ) ;
#899 = EDGE_CURVE ( 'NONE', #2381, #2846, #2356, .T. ) ;
#900 = ORIENTED_EDGE ( 'NONE', *, *, #1809, .T. ) ;
#901 = CARTESIAN_POINT ( 'NONE',  ( -28.06754401145715150, -19.80488679993489853, 5.000000000000000000 ) ) ;
#902 = CARTESIAN_POINT ( 'NONE',  ( -34.99986903243885195, -15.50673965190865111, 47.29175036796920040 ) ) ;
#903 = FACE_OUTER_BOUND ( 'NONE', #5496, .T. ) ;
#904 = CARTESIAN_POINT ( 'NONE',  ( 23.81453505251874958, 29.67138308075954711, 64.00000000000000000 ) ) ;
#905 = CARTESIAN_POINT ( 'NONE',  ( 34.53720616994860393, 16.78855718802284969, 4.176056798680550131 ) ) ;
#906 = ADVANCED_FACE ( 'NONE', ( #4703 ), #1157, .T. ) ;
#907 = EDGE_LOOP ( 'NONE', ( #4259, #974, #2135, #2422 ) ) ;
#908 = CARTESIAN_POINT ( 'NONE',  ( -8.447206814144935905, 27.00989533136131016, 9.550602279984836684 ) ) ;
#909 = ORIENTED_EDGE ( 'NONE', *, *, #1637, .T. ) ;
#910 = CARTESIAN_POINT ( 'NONE',  ( 9.787224215578760322, 30.90366726397339647, 10.59992065537470118 ) ) ;
#911 = CARTESIAN_POINT ( 'NONE',  ( 35.00000000000000000, -15.20789718121910106, 7.423777555828070085 ) ) ;
#912 = DIRECTION ( 'NONE',  ( 1.000000000000000000, 0.000000000000000000, 1.084202172485503818E-16 ) ) ;
#913 = CARTESIAN_POINT ( 'NONE',  ( -33.00000000000000000, -13.92840621133072077, 5.000000000000000000 ) ) ;
#914 = DIRECTION ( 'NONE',  ( 0.000000000000000000, 0.000000000000000000, -1.000000000000000000 ) ) ;
#915 = DIRECTION ( 'NONE',  ( 0.5640760748177670036, 0.8257228238447700264, 0.000000000000000000 ) ) ;
#916 = EDGE_LOOP ( 'NONE', ( #5403, #3172, #5750 ) ) ;
#917 = CARTESIAN_POINT ( 'NONE',  ( -35.00000000000000000, -15.48385181469820004, 8.000000000000000000 ) ) ;
#918 = ORIENTED_EDGE ( 'NONE', *, *, #899, .T. ) ;
#919 = CARTESIAN_POINT ( 'NONE',  ( 0.000000000000000000, 0.000000000000000000, 9.500000000000000000 ) ) ;
#920 = B_SPLINE_CURVE_WITH_KNOTS ( 'NONE', 3,
 ( #3512, #5629, #1653, #3420, #839, #1687, #5193, #1225, #1716, #2547, #4315, #4807, #5250, #324, #3452, #2117, #1253, #3020 ),
 .UNSPECIFIED., .F., .F.,
 ( 4, 2, 2, 2, 2, 2, 2, 2, 4 ),
 ( 0.000000000000000000, 0.1250000000000000000, 0.2499999999999999445, 0.3749999999999999445, 0.4999999999999999445, 0.6250000000000000000, 0.7500000000000000000, 0.8750000000000000000, 1.000000000000000000 ),
 .UNSPECIFIED. ) ;
#921 = CARTESIAN_POINT ( 'NONE',  ( 9.378029619647509918, 31.19791134481999606, 18.94986764698895243 ) ) ;
#922 = CARTESIAN_POINT ( 'NONE',  ( 35.00000000000000000, -14.72098730086971941, 7.119956431513010386 ) ) ;
#923 = ORIENTED_EDGE ( 'NONE', *, *, #5474, .F. ) ;
#924 = CARTESIAN_POINT ( 'NONE',  ( -28.24532184422630365, -1.779324698337062527, 27.17802248283792466 ) ) ;
#925 = FACE_OUTER_BOUND ( 'NONE', #213, .T. ) ;
#926 = CARTESIAN_POINT ( 'NONE',  ( -33.00000000000000000, -15.48385181469829952, -20.85027391700995381 ) ) ;
#927 = CIRCLE ( 'NONE', #3787, 5.000000000000000888 ) ;
#928 = EDGE_CURVE ( 'NONE', #3927, #1228, #3441, .T. ) ;
#929 = ORIENTED_EDGE ( 'NONE', *, *, #5491, .T. ) ;
#930 = CARTESIAN_POINT ( 'NONE',  ( 19.61658693871048342, 29.02905810313517421, -6.508430320205080832 ) ) ;
#931 = DIRECTION ( 'NONE',  ( -1.000000000000000000, 0.000000000000000000, 0.000000000000000000 ) ) ;
#932 = CARTESIAN_POINT ( 'NONE',  ( -30.45426518713430042, 20.48832576205299816, -61.00000000000000000 ) ) ;
#933 = AXIS2_PLACEMENT_3D ( 'NONE', #5214, #3041, #4743 ) ;
#934 = VECTOR ( 'NONE', #5525, 1000.000000000000000 ) ;
#935 = CARTESIAN_POINT ( 'NONE',  ( 32.75390337432470034, 18.93111841912400095, 3.304077578644865287 ) ) ;
#936 = EDGE_CURVE ( 'NONE', #2277, #2269, #1606, .T. ) ;
#937 = DIRECTION ( 'NONE',  ( 0.000000000000000000, 0.000000000000000000, -1.000000000000000000 ) ) ;
#938 = CARTESIAN_POINT ( 'NONE',  ( 9.396012718637280159, 26.69466148216469747, 10.06781507968053191 ) ) ;
#939 = ADVANCED_FACE ( 'NONE', ( #2979 ), #312, .T. ) ;
#940 = CIRCLE ( 'NONE', #4453, 42.00000000000000000 ) ;
#941 = AXIS2_PLACEMENT_3D ( 'NONE', #3092, #852, #4856 ) ;
#942 = VERTEX_POINT ( 'NONE', #3843 ) ;
#943 = CARTESIAN_POINT ( 'NONE',  ( 30.41111563622945013, -20.46559750501669583, 8.000000000000000000 ) ) ;
#944 = ORIENTED_EDGE ( 'NONE', *, *, #4578, .T. ) ;
#945 = CARTESIAN_POINT ( 'NONE',  ( 9.126684693004598614, 31.36672898656374997, 9.847231879842139435 ) ) ;
#946 = CARTESIAN_POINT ( 'NONE',  ( -8.544980771761780503, 31.72344253886764776, 19.42459196712304959 ) ) ;
#947 = LINE ( 'NONE', #3216, #5188 ) ;
#948 = CIRCLE ( 'NONE', #1680, 1.999999999999998224 ) ;
#949 = CARTESIAN_POINT ( 'NONE',  ( 8.694130182619829839, 26.93157732290443107, 19.37678849456875696 ) ) ;
#950 = FACE_OUTER_BOUND ( 'NONE', #3361, .T. ) ;
#951 = ORIENTED_EDGE ( 'NONE', *, *, #2419, .T. ) ;
#952 = DIRECTION ( 'NONE',  ( -1.000000000000000000, 0.000000000000000000, 0.000000000000000000 ) ) ;
#953 = CARTESIAN_POINT ( 'NONE',  ( -28.29999999999999716, 1.169837286997702077E-15, 44.10000000000000142 ) ) ;
#954 = ORIENTED_EDGE ( 'NONE', *, *, #2840, .T. ) ;
#955 = CARTESIAN_POINT ( 'NONE',  ( 5.140863344171010318, -27.01800000081940212, 8.000000000000000000 ) ) ;
#956 = CARTESIAN_POINT ( 'NONE',  ( 10.92866661211492030, 33.25024307440569515, 20.77221475009869778 ) ) ;
#957 = CARTESIAN_POINT ( 'NONE',  ( 18.88040685764974924, 29.47685851860185124, -2.886404922856744992 ) ) ;
#958 = ORIENTED_EDGE ( 'NONE', *, *, #5247, .T. ) ;
#959 = DIRECTION ( 'NONE',  ( 0.000000000000000000, 0.000000000000000000, -1.000000000000000000 ) ) ;
#960 = CARTESIAN_POINT ( 'NONE',  ( 34.99999999999946709, -15.49763501744294203, 47.00000000005064749 ) ) ;
#961 = FACE_BOUND ( 'NONE', #4955, .T. ) ;
#962 = MECHANICAL_DESIGN_GEOMETRIC_PRESENTATION_REPRESENTATION (  '', ( #3735 ), #1696 ) ;
#963 = ORIENTED_EDGE ( 'NONE', *, *, #5218, .F. ) ;
#964 = CARTESIAN_POINT ( 'NONE',  ( 14.86398908971790078, 28.14459326625784996, -5.818794348359929813 ) ) ;
#965 = ORIENTED_EDGE ( 'NONE', *, *, #1541, .T. ) ;
#966 = CARTESIAN_POINT ( 'NONE',  ( -28.81329604893425866, 18.09574463935832966, 0.9025784293212909537 ) ) ;
#967 = CIRCLE ( 'NONE', #2724, 2.999999999999957367 ) ;
#968 = CARTESIAN_POINT ( 'NONE',  ( 40.00000000000000000, 0.000000000000000000, 9.099999999999999645 ) ) ;
#969 = DIRECTION ( 'NONE',  ( 0.000000000000000000, 0.000000000000000000, 1.000000000000000000 ) ) ;
#970 = DIRECTION ( 'NONE',  ( 0.7686030849743117344, -0.6397259552089247236, 0.000000000000000000 ) ) ;
#971 = CARTESIAN_POINT ( 'NONE',  ( 28.05212326028252789, 21.58216590780624600, -0.9019795284300996530 ) ) ;
#972 = VECTOR ( 'NONE', #1888, 1000.000000000000000 ) ;
#973 = EDGE_CURVE ( 'NONE', #3814, #264, #4655, .T. ) ;
#974 = ORIENTED_EDGE ( 'NONE', *, *, #4680, .T. ) ;
#975 = CARTESIAN_POINT ( 'NONE',  ( 34.99379120830185741, -15.58360841159524313, 7.661430115364727733 ) ) ;
#976 = CARTESIAN_POINT ( 'NONE',  ( 8.000000000000000000, 32.01562118716435634, 19.50000000000000000 ) ) ;
#977 = CARTESIAN_POINT ( 'NONE',  ( 34.16156777474377293, -16.08502842549037126, 6.045725212885135313 ) ) ;
#978 = CARTESIAN_POINT ( 'NONE',  ( -8.876074885489529720, 31.52633458119985477, 19.29906213241904922 ) ) ;
#979 = PLANE ( 'NONE',  #2047 ) ;
#980 = CARTESIAN_POINT ( 'NONE',  ( 9.518084201308777637, 26.65144823087987547, 18.80253149866374329 ) ) ;
#981 = CARTESIAN_POINT ( 'NONE',  ( -8.511750794940150300, 31.74260377208244677, 9.565509557748431035 ) ) ;
#982 = ORIENTED_EDGE ( 'NONE', *, *, #5240, .T. ) ;
#983 = CARTESIAN_POINT ( 'NONE',  ( -12.69836175114130050, 32.61520609650300173, 11.02895289271640067 ) ) ;
#984 = CARTESIAN_POINT ( 'NONE',  ( 34.96725762819620797, -15.71590089607374807, 7.433918530794120016 ) ) ;
#985 = EDGE_LOOP ( 'NONE', ( #2528, #954, #2082, #1467, #2298 ) ) ;
#986 = CARTESIAN_POINT ( 'NONE',  ( 10.00000000000000000, 26.47432718691829834, 17.50000000000000000 ) ) ;
#987 = CARTESIAN_POINT ( 'NONE',  ( 11.25426509424220001, 33.14128094818020287, 20.53085504709060061 ) ) ;
#988 = EDGE_CURVE ( 'NONE', #416, #3658, #5620, .T. ) ;
#989 = CARTESIAN_POINT ( 'NONE',  ( 12.44727782440365971, 32.73510542433520243, -5.636577937951000372 ) ) ;
#990 = ORIENTED_EDGE ( 'NONE', *, *, #1184, .F. ) ;
#991 = DIRECTION ( 'NONE',  ( 0.000000000000000000, 0.000000000000000000, 1.000000000000000000 ) ) ;
#992 = CARTESIAN_POINT ( 'NONE',  ( 34.99981003241165212, -15.51141690526340078, 47.23604656898319831 ) ) ;
#993 = CARTESIAN_POINT ( 'NONE',  ( -34.89284801204388486, -15.24792656914166322, 6.618191928496455212 ) ) ;
#994 = VERTEX_POINT ( 'NONE', #2565 ) ;
#995 = CARTESIAN_POINT ( 'NONE',  ( 18.88040685764974924, 29.47685851860185124, -2.886404922856744992 ) ) ;
#996 = DIRECTION ( 'NONE',  ( 0.000000000000000000, 0.000000000000000000, 1.000000000000000000 ) ) ;
#997 = FACE_OUTER_BOUND ( 'NONE', #2166, .T. ) ;
#998 = CARTESIAN_POINT ( 'NONE',  ( 28.29999999999999716, -1.355143360237210053E-18, 9.099999999999999645 ) ) ;
#999 = PLANE ( 'NONE',  #4086 ) ;
#1000 = DIRECTION ( 'NONE',  ( 1.000000000000000000, 0.000000000000000000, 0.000000000000000000 ) ) ;
#1001 = CARTESIAN_POINT ( 'NONE',  ( 8.700468537449300044, 26.93121158185438446, 9.619432484275494133 ) ) ;
#1002 = EDGE_CURVE ( 'NONE', #2154, #795, #2106, .T. ) ;
#1003 = VERTEX_POINT ( 'NONE', #2024 ) ;
#1004 = CARTESIAN_POINT ( 'NONE',  ( -8.754823157639583187, 26.91176457353216733, 9.647908624950428447 ) ) ;
#1005 = CARTESIAN_POINT ( 'NONE',  ( -5.140863346023020419, -27.01800000061555096, 8.000000000000000000 ) ) ;
#1006 = CARTESIAN_POINT ( 'NONE',  ( -34.50000000000000000, 0.000000000000000000, 29.50000000000000000 ) ) ;
#1007 = DIRECTION ( 'NONE',  ( 1.000000000000000000, 0.000000000000000000, 0.000000000000000000 ) ) ;
#1008 = CARTESIAN_POINT ( 'NONE',  ( -28.18703262175634094, 2.530451257124949116, 30.96790163096621384 ) ) ;
#1009 = CARTESIAN_POINT ( 'NONE',  ( 8.566574620522416694, 26.97237397045924823, 19.41854975546950612 ) ) ;
#1010 = EDGE_CURVE ( 'NONE', #1740, #705, #4263, .T. ) ;
#1011 = CARTESIAN_POINT ( 'NONE',  ( -9.044419852889872047, 31.42018660972294697, 9.793150090496890670 ) ) ;
#1012 = ORIENTED_EDGE ( 'NONE', *, *, #677, .F. ) ;
#1013 = CARTESIAN_POINT ( 'NONE',  ( -11.35750370815249966, 33.10604285910315525, 8.555812347329380785 ) ) ;
#1014 = CARTESIAN_POINT ( 'NONE',  ( 34.97825222285179336, -15.65994161583859956, 7.521104646414979555 ) ) ;
#1015 = ORIENTED_EDGE ( 'NONE', *, *, #4213, .F. ) ;
#1016 = CARTESIAN_POINT ( 'NONE',  ( -29.83691429206184864, 17.74117314562429826, 1.069026457436232036 ) ) ;
#1017 = CARTESIAN_POINT ( 'NONE',  ( 12.49319821173048162, 32.69437264034134927, 18.81697430892765155 ) ) ;
#1018 = CARTESIAN_POINT ( 'NONE',  ( 34.99999999999996447, -15.84028002284339642, 5.992154907774940753 ) ) ;
#1019 = EDGE_LOOP ( 'NONE', ( #2836, #3749, #5263, #5010 ) ) ;
#1020 = CYLINDRICAL_SURFACE ( 'NONE', #3524, 2.899999999999999911 ) ;
#1021 = CARTESIAN_POINT ( 'NONE',  ( 28.29212329900194689, -0.7568533447526452074, 9.174034174778801898 ) ) ;
#1022 = CARTESIAN_POINT ( 'NONE',  ( 18.73711835613719856, 25.93547498684705133, -3.962209237915210291 ) ) ;
#1023 = ORIENTED_EDGE ( 'NONE', *, *, #3732, .F. ) ;
#1024 = CARTESIAN_POINT ( 'NONE',  ( -30.90506396740810047, 20.32373792819734959, 2.927769946106044685 ) ) ;
#1025 = CARTESIAN_POINT ( 'NONE',  ( -34.99994513277794539, -15.49935914701189965, 47.48171684076159949 ) ) ;
#1026 = CARTESIAN_POINT ( 'NONE',  ( 28.29999999999999716, -2.369067627514480134E-23, 49.89999999999999858 ) ) ;
#1027 = DIRECTION ( 'NONE',  ( 0.000000000000000000, 0.000000000000000000, 1.000000000000000000 ) ) ;
#1028 = CARTESIAN_POINT ( 'NONE',  ( 9.605548663987699243, 26.62088556995036370, 10.27252331278139152 ) ) ;
#1029 = CIRCLE ( 'NONE', #4167, 10.00000000000000178 ) ;
#1030 = AXIS2_PLACEMENT_3D ( 'NONE', #3234, #5027, #4152 ) ;
#1031 = ORIENTED_EDGE ( 'NONE', *, *, #2182, .F. ) ;
#1032 = AXIS2_PLACEMENT_3D ( 'NONE', #520, #1458, #3209 ) ;
#1033 = CARTESIAN_POINT ( 'NONE',  ( -33.51401933472415351, -14.88177244758523976, 5.173926992409790593 ) ) ;
#1034 = AXIS2_PLACEMENT_3D ( 'NONE', #3201, #623, #61 ) ;
#1035 = CARTESIAN_POINT ( 'NONE',  ( 34.06211933414478210, -15.97389105386583275, 5.867227413508548928 ) ) ;
#1036 = CARTESIAN_POINT ( 'NONE',  ( -9.999997978084349981, 30.74085334412589887, 17.56762734503654855 ) ) ;
#1037 = CARTESIAN_POINT ( 'NONE',  ( -28.24545579148703922, 1.777240086757413629, 14.32357998271199406 ) ) ;
#1038 = ADVANCED_FACE ( 'NONE', ( #4277, #5563, #1243, #4330 ), #3008, .T. ) ;
#1039 = EDGE_CURVE ( 'NONE', #2898, #2448, #2459, .T. ) ;
#1040 = CIRCLE ( 'NONE', #1578, 35.00000000000000000 ) ;
#1041 = TOROIDAL_SURFACE ( 'NONE', #5744, 13.00000000000000000, 3.000000000000000000 ) ;
#1042 = CARTESIAN_POINT ( 'NONE',  ( -9.965972338202169212, 30.76733502482929694, 11.13109934252250000 ) ) ;
#1043 = ORIENTED_EDGE ( 'NONE', *, *, #1494, .F. ) ;
#1044 = CARTESIAN_POINT ( 'NONE',  ( -12.27467391207810010, 32.77708897001319599, 9.697393147091219134 ) ) ;
#1045 = AXIS2_PLACEMENT_3D ( 'NONE', #873, #422, #2209 ) ;
#1046 = CARTESIAN_POINT ( 'NONE',  ( 35.00000000000000000, -15.42594128738764958, 7.727660914360940048 ) ) ;
#1047 = CARTESIAN_POINT ( 'NONE',  ( -8.131062364890039973, 31.95012156622284394, 19.49997335945684895 ) ) ;
#1048 = EDGE_CURVE ( 'NONE', #2509, #3896, #3825, .T. ) ;
#1049 = CARTESIAN_POINT ( 'NONE',  ( 34.50000000000000000, 3.551475717527324818E-16, 26.59999999999999787 ) ) ;
#1050 = CARTESIAN_POINT ( 'NONE',  ( 8.892004082835709866, 33.85745385711939548, -6.718115952131089585 ) ) ;
#1051 = EDGE_CURVE ( 'NONE', #784, #2277, #1983, .T. ) ;
#1052 = VERTEX_POINT ( 'NONE', #796 ) ;
#1053 = CARTESIAN_POINT ( 'NONE',  ( 34.50000000000000000, 3.551475717527324818E-16, 9.099999999999999645 ) ) ;
#1054 = CARTESIAN_POINT ( 'NONE',  ( -34.81162375607642190, -15.35313766764360111, 6.447544866989619372 ) ) ;
#1055 = DIRECTION ( 'NONE',  ( 0.000000000000000000, -0.2232207084012339804, -0.9747679289660957647 ) ) ;
#1056 = ORIENTED_EDGE ( 'NONE', *, *, #1851, .T. ) ;
#1057 = CARTESIAN_POINT ( 'NONE',  ( 33.41572204555239978, -16.07447519076878351, 5.525141469169152941 ) ) ;
#1058 = DIRECTION ( 'NONE',  ( -1.000000000000000000, 0.000000000000000000, 0.000000000000000000 ) ) ;
#1059 = LINE ( 'NONE', #186, #5374 ) ;
#1060 = CONICAL_SURFACE ( 'NONE', #761, 1.999999999999998224, 0.7853981633974497223 ) ;
#1061 = ORIENTED_EDGE ( 'NONE', *, *, #4553, .T. ) ;
#1062 = CONICAL_SURFACE ( 'NONE', #4287, 33.00000000000000000, 0.7853981633974503884 ) ;
#1063 = CARTESIAN_POINT ( 'NONE',  ( 35.00000000000000000, -14.28237692467158659, 7.019515175637714322 ) ) ;
#1064 = CARTESIAN_POINT ( 'NONE',  ( 34.99999999999820943, -14.53568496093376794, 5.359279351235193722 ) ) ;
#1065 = CARTESIAN_POINT ( 'NONE',  ( 30.45426518713430042, 20.48832576205299816, 2.881837241123649473 ) ) ;
#1066 = CARTESIAN_POINT ( 'NONE',  ( -35.00000000000030553, -15.49477237455264600, 7.857229431304175726 ) ) ;
#1067 = AXIS2_PLACEMENT_3D ( 'NONE', #474, #1763, #3468 ) ;
#1068 = CARTESIAN_POINT ( 'NONE',  ( -9.570380474084942080, 33.66639794009614661, 7.631019115488319571 ) ) ;
#1069 = ORIENTED_EDGE ( 'NONE', *, *, #4927, .F. ) ;
#1070 = CARTESIAN_POINT ( 'NONE',  ( -11.40794161733039935, 33.08869385060245349, 8.600264705926230491 ) ) ;
#1071 = ADVANCED_FACE ( 'NONE', ( #1211 ), #197, .F. ) ;
#1072 = CARTESIAN_POINT ( 'NONE',  ( 28.29217083068130734, 0.7546497281498177889, 49.82639488858242771 ) ) ;
#1073 = DIRECTION ( 'NONE',  ( 0.000000000000000000, 0.000000000000000000, -1.000000000000000000 ) ) ;
#1074 = B_SPLINE_CURVE_WITH_KNOTS ( 'NONE', 3,
 ( #1682, #3792, #3014, #2089 ),
 .UNSPECIFIED., .F., .F.,
 ( 4, 4 ),
 ( 0.000000000000000000, 1.000000000000000000 ),
 .UNSPECIFIED. ) ;
#1075 = CARTESIAN_POINT ( 'NONE',  ( -24.59674775249745338, 21.00000000000025224, -0.6269330410537090614 ) ) ;
#1076 = CARTESIAN_POINT ( 'NONE',  ( 12.72726868540314094, 32.60393524562945800, 17.63538122637104877 ) ) ;
#1077 = ORIENTED_EDGE ( 'NONE', *, *, #4985, .T. ) ;
#1078 = CARTESIAN_POINT ( 'NONE',  ( -35.00000000000000000, -14.97741196200794001, 7.245702033832849054 ) ) ;
#1079 = CARTESIAN_POINT ( 'NONE',  ( -34.97474672170751830, -15.07530479835826043, 6.907321732963162653 ) ) ;
#1080 = CARTESIAN_POINT ( 'NONE',  ( -33.54853815850218268, -16.06680789392702380, 5.591335987783119243 ) ) ;
#1081 = ORIENTED_EDGE ( 'NONE', *, *, #3240, .T. ) ;
#1082 = DIRECTION ( 'NONE',  ( 0.000000000000000000, 0.000000000000000000, -1.000000000000000000 ) ) ;
#1083 = CARTESIAN_POINT ( 'NONE',  ( -34.40706491660724708, 16.94491627897023989, 1.468939200955122537 ) ) ;
#1084 = LINE ( 'NONE', #5077, #1213 ) ;
#1085 = ORIENTED_EDGE ( 'NONE', *, *, #4985, .F. ) ;
#1086 = DIRECTION ( 'NONE',  ( 0.000000000000000000, 0.000000000000000000, -1.000000000000000000 ) ) ;
#1087 = CARTESIAN_POINT ( 'NONE',  ( 0.000000000000000000, 19.69999999999999929, 8.000000000000000000 ) ) ;
#1088 = FACE_OUTER_BOUND ( 'NONE', #3011, .T. ) ;
#1089 = CARTESIAN_POINT ( 'NONE',  ( -34.99589746531990642, -15.56243644113374991, 7.714237310721710372 ) ) ;
#1090 = CARTESIAN_POINT ( 'NONE',  ( -12.49319821173049938, 32.69437264034134927, 10.18302569107233957 ) ) ;
#1091 = ORIENTED_EDGE ( 'NONE', *, *, #5049, .F. ) ;
#1092 = CARTESIAN_POINT ( 'NONE',  ( 35.00000000000000000, -15.45305096851115145, 7.800156674362559883 ) ) ;
#1093 = CARTESIAN_POINT ( 'NONE',  ( 27.83368628522596566, 18.50985143893026219, 0.7064018284319499852 ) ) ;
#1094 = ORIENTED_EDGE ( 'NONE', *, *, #4948, .F. ) ;
#1095 = CARTESIAN_POINT ( 'NONE',  ( -25.35481178962893978, -20.56794286619226853, 5.056848688317103324 ) ) ;
#1096 = CARTESIAN_POINT ( 'NONE',  ( 9.034682925262041309, 33.81411563867575154, 21.46837018598015234 ) ) ;
#1097 = EDGE_LOOP ( 'NONE', ( #3259, #1828, #5556, #2337 ) ) ;
#1098 = DIRECTION ( 'NONE',  ( -1.000000000000000000, 0.000000000000000000, 0.000000000000000000 ) ) ;
#1099 = CARTESIAN_POINT ( 'NONE',  ( -35.00000000000000711, -14.95509674443085935, 7.113190495124609214 ) ) ;
#1100 = CARTESIAN_POINT ( 'NONE',  ( 33.00000000000000000, -19.99999999999964828, 5.000000000000000000 ) ) ;
#1101 = VERTEX_POINT ( 'NONE', #3329 ) ;
#1102 = DIRECTION ( 'NONE',  ( 0.000000000000000000, 9.227252531791529091E-17, 1.000000000000000000 ) ) ;
#1103 = CARTESIAN_POINT ( 'NONE',  ( -33.84014708731607612, 17.62604354755159974, 1.161856474553520924 ) ) ;
#1104 = CARTESIAN_POINT ( 'NONE',  ( -28.91088794945320117, 15.73248864307934980, 64.00000000000000000 ) ) ;
#1105 = CARTESIAN_POINT ( 'NONE',  ( 9.420424069510474396, 26.68606076972627505, 18.90802409038728982 ) ) ;
#1106 = ORIENTED_EDGE ( 'NONE', *, *, #1356, .F. ) ;
#1107 = CARTESIAN_POINT ( 'NONE',  ( -15.90357045738640274, 27.62157329309624743, -5.352490301604430734 ) ) ;
#1108 = DIRECTION ( 'NONE',  ( 0.000000000000000000, -0.7972562124938762373, 0.6036410619233251174 ) ) ;
#1109 = CIRCLE ( 'NONE', #4340, 2.899999999999999911 ) ;
#1110 = CARTESIAN_POINT ( 'NONE',  ( 40.00000000000000000, 0.000000000000000000, 29.50000000000000000 ) ) ;
#1111 = EDGE_CURVE ( 'NONE', #2259, #1953, #1334, .T. ) ;
#1112 = CARTESIAN_POINT ( 'NONE',  ( -28.29999999999999716, 1.355143360237210053E-18, 9.099999999999999645 ) ) ;
#1113 = AXIS2_PLACEMENT_3D ( 'NONE', #2529, #3520, #5634 ) ;
#1114 = AXIS2_PLACEMENT_3D ( 'NONE', #4876, #3941, #2669 ) ;
#1115 = EDGE_CURVE ( 'NONE', #1672, #942, #2195, .T. ) ;
#1116 = CARTESIAN_POINT ( 'NONE',  ( -12.69836175114130050, 32.61520609650300173, 11.02895289271640067 ) ) ;
#1117 = VERTEX_POINT ( 'NONE', #4027 ) ;
#1118 = CARTESIAN_POINT ( 'NONE',  ( -24.59674775249745338, 22.00000000000024869, 1.105117766515159916 ) ) ;
#1119 = CARTESIAN_POINT ( 'NONE',  ( -35.00000000000000000, -14.94185376997085868, 7.222343263851159989 ) ) ;
#1120 = VECTOR ( 'NONE', #4835, 1000.000000000000000 ) ;
#1121 = CARTESIAN_POINT ( 'NONE',  ( -9.724324026749348704, 30.95049208087790049, 18.51539160054780098 ) ) ;
#1122 = VECTOR ( 'NONE', #2555, 1000.000000000000000 ) ;
#1123 = ORIENTED_EDGE ( 'NONE', *, *, #576, .F. ) ;
#1124 = CARTESIAN_POINT ( 'NONE',  ( 35.00000000000000000, 5.143516556418880167E-15, 5.000000000000000000 ) ) ;
#1125 = CARTESIAN_POINT ( 'NONE',  ( 12.17328163408985908, 32.81482172958105537, 19.47744135876349958 ) ) ;
#1126 = EDGE_LOOP ( 'NONE', ( #237, #2177, #2768, #3073, #1265, #3063, #745, #1690, #4456, #4868, #1779, #3307, #4880, #3424, #5567, #3473 ) ) ;
#1127 = FACE_OUTER_BOUND ( 'NONE', #381, .T. ) ;
#1128 = CARTESIAN_POINT ( 'NONE',  ( -33.00000000000000000, -15.48385181469824978, -20.85027391700995381 ) ) ;
#1129 = AXIS2_PLACEMENT_3D ( 'NONE', #1435, #70, #3211 ) ;
#1130 = FACE_OUTER_BOUND ( 'NONE', #1555, .T. ) ;
#1131 = ORIENTED_EDGE ( 'NONE', *, *, #1158, .T. ) ;
#1132 = CARTESIAN_POINT ( 'NONE',  ( 31.42076969028581246, 20.13086964919507693, -0.03757807202701628907 ) ) ;
#1133 = ADVANCED_FACE ( 'NONE', ( #377 ), #5267, .T. ) ;
#1134 = CARTESIAN_POINT ( 'NONE',  ( -8.000000000000000000, 27.14571789435674987, 19.50000000000000000 ) ) ;
#1135 = CARTESIAN_POINT ( 'NONE',  ( -33.00000000000000000, 14.80414594680469875, 2.304417853285995132 ) ) ;
#1136 = CARTESIAN_POINT ( 'NONE',  ( -28.15887731603789490, -2.826558438080241764, 47.75382690375403882 ) ) ;
#1137 = EDGE_CURVE ( 'NONE', #4240, #5080, #2290, .T. ) ;
#1138 = ORIENTED_EDGE ( 'NONE', *, *, #3690, .F. ) ;
#1139 = CARTESIAN_POINT ( 'NONE',  ( -34.50000000000000000, 0.000000000000000000, 47.00000000000000000 ) ) ;
#1140 = CARTESIAN_POINT ( 'NONE',  ( -28.15104231716379601, -2.899795940968330044, 11.61463046631860152 ) ) ;
#1141 = CARTESIAN_POINT ( 'NONE',  ( -12.06986555665453942, 32.85308644200714667, 19.64283734192195041 ) ) ;
#1142 = CARTESIAN_POINT ( 'NONE',  ( -10.00000000000000000, 39.00000000000000000, 11.50000000000000000 ) ) ;
#1143 = DIRECTION ( 'NONE',  ( 0.000000000000000000, 0.000000000000000000, -1.000000000000000000 ) ) ;
#1144 = ORIENTED_EDGE ( 'NONE', *, *, #5474, .T. ) ;
#1145 = DIRECTION ( 'NONE',  ( 0.7453559924999224595, -0.6666666666666750674, 0.000000000000000000 ) ) ;
#1146 = CARTESIAN_POINT ( 'NONE',  ( 35.00000000000000000, -15.44060745904999976, 7.765803193330810039 ) ) ;
#1147 = VECTOR ( 'NONE', #5590, 1000.000000000000000 ) ;
#1148 = CARTESIAN_POINT ( 'NONE',  ( -9.983169812854487901, 30.75397411067930165, 17.76737406630865124 ) ) ;
#1149 = ADVANCED_FACE ( 'NONE', ( #2167 ), #3996, .T. ) ;
#1150 = CONICAL_SURFACE ( 'NONE', #1801, 2.899999999999999911, 0.7853981633974518317 ) ;
#1151 = ORIENTED_EDGE ( 'NONE', *, *, #2400, .F. ) ;
#1152 = CARTESIAN_POINT ( 'NONE',  ( -25.23520341708746884, -20.40514040988364641, 5.024027905881657041 ) ) ;
#1153 = CARTESIAN_POINT ( 'NONE',  ( 10.21786135070531820, 33.47555556276264355, 21.15332257238150149 ) ) ;
#1154 = DIRECTION ( 'NONE',  ( 0.000000000000000000, -1.000000000000000000, 8.673617379884039170E-17 ) ) ;
#1155 = ORIENTED_EDGE ( 'NONE', *, *, #1737, .T. ) ;
#1156 = CARTESIAN_POINT ( 'NONE',  ( 33.00000000000000000, 0.000000000000000000, -37.00000000000000000 ) ) ;
#1157 = CYLINDRICAL_SURFACE ( 'NONE', #4020, 5.000000000000000888 ) ;
#1158 = EDGE_CURVE ( 'NONE', #2777, #2008, #5298, .T. ) ;
#1159 = FACE_OUTER_BOUND ( 'NONE', #4000, .T. ) ;
#1160 = EDGE_LOOP ( 'NONE', ( #5052, #1642 ) ) ;
#1161 = CARTESIAN_POINT ( 'NONE',  ( 26.75000000000000000, 16.80260396486210084, 63.00000000000000000 ) ) ;
#1162 = DIRECTION ( 'NONE',  ( 0.000000000000000000, 0.000000000000000000, -1.000000000000000000 ) ) ;
#1163 = DIRECTION ( 'NONE',  ( 0.7071067811865520136, 0.000000000000000000, 0.7071067811865431318 ) ) ;
#1164 = ORIENTED_EDGE ( 'NONE', *, *, #2793, .F. ) ;
#1165 = DIRECTION ( 'NONE',  ( 0.000000000000000000, -8.673617379884039170E-17, -1.000000000000000000 ) ) ;
#1166 = CARTESIAN_POINT ( 'NONE',  ( -28.29217083067654315, -0.7546497282710870058, 14.82639488858256094 ) ) ;
#1167 = CARTESIAN_POINT ( 'NONE',  ( -12.41885488418506078, 32.72266649434455843, 18.99872923008510028 ) ) ;
#1168 = CARTESIAN_POINT ( 'NONE',  ( 28.29999999999999716, -2.369067627514480134E-23, 32.39999999999999858 ) ) ;
#1169 = CARTESIAN_POINT ( 'NONE',  ( -28.29999999999999716, 3.465750441587010136E-15, 61.00001199999999812 ) ) ;
#1170 = ORIENTED_EDGE ( 'NONE', *, *, #252, .T. ) ;
#1171 = DIRECTION ( 'NONE',  ( 0.000000000000000000, 0.000000000000000000, 1.000000000000000000 ) ) ;
#1172 = ADVANCED_FACE ( 'NONE', ( #2723 ), #2070, .F. ) ;
#1173 = LINE ( 'NONE', #2860, #2876 ) ;
#1174 = CARTESIAN_POINT ( 'NONE',  ( -9.815895139709960304, 30.88210639574889882, 18.34077008045589707 ) ) ;
#1175 = ADVANCED_FACE ( 'NONE', ( #26 ), #2658, .T. ) ;
#1176 = ORIENTED_EDGE ( 'NONE', *, *, #1307, .F. ) ;
#1177 = CARTESIAN_POINT ( 'NONE',  ( -25.76461736026644900, -21.12356467659302695, 5.283835382431505856 ) ) ;
#1178 = CARTESIAN_POINT ( 'NONE',  ( -32.75390337432474297, 18.93111841912395121, 3.304077578644879942 ) ) ;
#1179 = ORIENTED_EDGE ( 'NONE', *, *, #1184, .T. ) ;
#1180 = CARTESIAN_POINT ( 'NONE',  ( -34.05320430310435142, -15.96595465463154362, 5.852816150701906750 ) ) ;
#1181 = ADVANCED_FACE ( 'NONE', ( #4894 ), #5732, .T. ) ;
#1182 = EDGE_CURVE ( 'NONE', #2595, #4797, #3461, .T. ) ;
#1183 = CARTESIAN_POINT ( 'NONE',  ( 33.91725264021835073, -15.86348464480465204, 5.652919594844890483 ) ) ;
#1184 = EDGE_CURVE ( 'NONE', #4490, #4530, #4457, .T. ) ;
#1185 = CARTESIAN_POINT ( 'NONE',  ( 34.73384699145525190, -16.00523861303500084, 6.812098911534500090 ) ) ;
#1186 = CARTESIAN_POINT ( 'NONE',  ( -9.204363927070350115, 31.31564882522119930, 9.901951750995390711 ) ) ;
#1187 = ORIENTED_EDGE ( 'NONE', *, *, #5135, .T. ) ;
#1188 = CARTESIAN_POINT ( 'NONE',  ( 30.11266582306850026, 17.65575311808369818, 1.108834449384640042 ) ) ;
#1189 = CARTESIAN_POINT ( 'NONE',  ( -18.76586930213116844, 25.93265776535195499, -3.952712484357970180 ) ) ;
#1190 = CARTESIAN_POINT ( 'NONE',  ( 0.000000000000000000, 0.000000000000000000, 64.00000000000000000 ) ) ;
#1191 = VERTEX_POINT ( 'NONE', #1386 ) ;
#1192 = CARTESIAN_POINT ( 'NONE',  ( -35.00000000000000000, 4.163799117100999573E-16, 50.39999999999999858 ) ) ;
#1193 = CARTESIAN_POINT ( 'NONE',  ( 33.93952425815325569, -15.87862697291322256, 5.683491730421545540 ) ) ;
#1194 = FACE_OUTER_BOUND ( 'NONE', #2750, .T. ) ;
#1195 = CARTESIAN_POINT ( 'NONE',  ( 28.24522721192492369, -1.780763190761217141, 27.17914066604001988 ) ) ;
#1196 = B_SPLINE_CURVE_WITH_KNOTS ( 'NONE', 3,
 ( #1512, #1482, #2933, #5467 ),
 .UNSPECIFIED., .F., .F.,
 ( 4, 4 ),
 ( 0.0006469077382620129968, 0.001127843867283819966 ),
 .UNSPECIFIED. ) ;
#1197 = CARTESIAN_POINT ( 'NONE',  ( 9.983169812854487901, 30.75397411067930165, 11.23262593369138074 ) ) ;
#1198 = VERTEX_POINT ( 'NONE', #4926 ) ;
#1199 = CARTESIAN_POINT ( 'NONE',  ( 28.29999999999999716, -2.369067627514480134E-23, 49.89999999999999858 ) ) ;
#1200 = EDGE_CURVE ( 'NONE', #846, #784, #200, .T. ) ;
#1201 = CARTESIAN_POINT ( 'NONE',  ( 31.21669720437609996, 16.84931803103770065, 1.472074052342816186 ) ) ;
#1202 = AXIS2_PLACEMENT_3D ( 'NONE', #2889, #3293, #2858 ) ;
#1203 = CIRCLE ( 'NONE', #3061, 28.29999999999999716 ) ;
#1204 = CARTESIAN_POINT ( 'NONE',  ( 12.49334245622965867, 32.69429725176589585, 10.18839056680736022 ) ) ;
#1205 = EDGE_LOOP ( 'NONE', ( #4341, #3294, #3856, #1565, #1419, #4874, #5649, #3145, #4143, #4202, #5469, #5019, #2780 ) ) ;
#1206 = FACE_OUTER_BOUND ( 'NONE', #484, .T. ) ;
#1207 = CONICAL_SURFACE ( 'NONE', #4448, 2.899999999999999911, 0.7853981633974419507 ) ;
#1208 = CARTESIAN_POINT ( 'NONE',  ( -34.73376844794910312, -16.00526677735939884, 6.811951048630660033 ) ) ;
#1209 = CONICAL_SURFACE ( 'NONE', #2687, 2.899999999999999911, 0.7853981633974419507 ) ;
#1210 = ORIENTED_EDGE ( 'NONE', *, *, #97, .T. ) ;
#1211 = FACE_OUTER_BOUND ( 'NONE', #2022, .T. ) ;
#1212 = AXIS2_PLACEMENT_3D ( 'NONE', #3981, #5668, #787 ) ;
#1213 = VECTOR ( 'NONE', #103, 1000.000000000000000 ) ;
#1214 = PLANE ( 'NONE',  #1234 ) ;
#1215 = CARTESIAN_POINT ( 'NONE',  ( -8.697158747826140512, 31.63483137008834944, 9.624317679738290110 ) ) ;
#1216 = EDGE_LOOP ( 'NONE', ( #4729, #1977, #3573, #3559 ) ) ;
#1217 = CARTESIAN_POINT ( 'NONE',  ( 33.84014708730844490, 17.62604354754301639, 1.161856474546819618 ) ) ;
#1218 = CARTESIAN_POINT ( 'NONE',  ( -4.279873189349743257, 31.23931802310503159, -8.926625304537482819 ) ) ;
#1219 = CARTESIAN_POINT ( 'NONE',  ( -35.00000000000003553, -15.63780639613521117, 7.289393087979660457 ) ) ;
#1220 = B_SPLINE_CURVE_WITH_KNOTS ( 'NONE', 3,
 ( #2728, #4032, #3134, #3535 ),
 .UNSPECIFIED., .F., .F.,
 ( 4, 4 ),
 ( 0.000000000000000000, 1.000000000000000000 ),
 .UNSPECIFIED. ) ;
#1221 = EDGE_CURVE ( 'NONE', #1820, #3695, #89, .T. ) ;
#1222 = ORIENTED_EDGE ( 'NONE', *, *, #2210, .F. ) ;
#1223 = CARTESIAN_POINT ( 'NONE',  ( 3.236839285427334456, 34.85594900254034911, -7.743277559949090616 ) ) ;
#1224 =( BOUNDED_SURFACE ( )  B_SPLINE_SURFACE ( 3, 2, ( 
 ( #136, #2340, #4476 ),
 ( #1932, #1064, #4561 ),
 ( #527, #4586, #3242 ),
 ( #3577, #1814, #498 ) ),
 .UNSPECIFIED., .F., .F., .T. ) 
 B_SPLINE_SURFACE_WITH_KNOTS ( ( 4, 4 ),
 ( 3, 3 ),
 ( 0.1371988372774718135, 0.5000000000000089928 ),
 ( 0.000000000000000000, 1.000000000000000000 ),
 .UNSPECIFIED. ) 
 GEOMETRIC_REPRESENTATION_ITEM ( )  RATIONAL_B_SPLINE_SURFACE ( (
 ( 1.000000000000000000, 0.7927829675779899388, 1.000000000000000000),
 ( 1.000000000000000000, 0.7673551956693650533, 1.000000000000000000),
 ( 1.000000000000000000, 0.7383205416491169792, 1.000000000000000000),
 ( 1.000000000000000000, 0.7071067811865440200, 1.000000000000000000) ) ) 
 REPRESENTATION_ITEM ( '' )  SURFACE ( )  );
#1225 = CARTESIAN_POINT ( 'NONE',  ( -28.15896564801877489, 2.825711453482053326, 47.75729971210272140 ) ) ;
#1226 = CARTESIAN_POINT ( 'NONE',  ( 28.29999999999999716, 0.3848661866493360284, 26.59999999999999787 ) ) ;
#1227 = DIRECTION ( 'NONE',  ( -0.7686030849743105131, 0.6397259552089263890, 0.000000000000000000 ) ) ;
#1228 = VERTEX_POINT ( 'NONE', #3683 ) ;
#1229 = CARTESIAN_POINT ( 'NONE',  ( -9.853891319111154345, 26.52906002605813640, 10.74941460476962796 ) ) ;
#1230 = ORIENTED_EDGE ( 'NONE', *, *, #3678, .F. ) ;
#1231 = CARTESIAN_POINT ( 'NONE',  ( -8.836010973656703626, 26.88776102131765455, 19.32145976183182867 ) ) ;
#1232 = CARTESIAN_POINT ( 'NONE',  ( 25.67550296725443459, -21.00168464432650950, 5.218245197984658468 ) ) ;
#1233 = DIRECTION ( 'NONE',  ( 0.000000000000000000, 0.000000000000000000, 1.000000000000000000 ) ) ;
#1234 = AXIS2_PLACEMENT_3D ( 'NONE', #3101, #892, #3443 ) ;
#1235 = EDGE_CURVE ( 'NONE', #5587, #4542, #2861, .T. ) ;
#1236 = CARTESIAN_POINT ( 'NONE',  ( 12.57924295368773926, 32.66136350070214434, 10.44406462485062015 ) ) ;
#1237 = ORIENTED_EDGE ( 'NONE', *, *, #3631, .T. ) ;
#1238 = CARTESIAN_POINT ( 'NONE',  ( -34.02915442758678211, -16.14784866091151372, 5.973849021065104736 ) ) ;
#1239 = CARTESIAN_POINT ( 'NONE',  ( 9.971929808617948865, 30.76271017861895274, 17.83560788333855029 ) ) ;
#1240 = CIRCLE ( 'NONE', #5686, 35.00000000000000000 ) ;
#1241 = DIRECTION ( 'NONE',  ( 0.6062970217474161760, 0.7284396662843081183, -0.3190291115303100500 ) ) ;
#1242 = VERTEX_POINT ( 'NONE', #986 ) ;
#1243 = FACE_BOUND ( 'NONE', #3652, .T. ) ;
#1244 = EDGE_CURVE ( 'NONE', #505, #2375, #3746, .T. ) ;
#1245 = AXIS2_PLACEMENT_3D ( 'NONE', #5677, #4423, #3128 ) ;
#1246 = DIRECTION ( 'NONE',  ( -1.000000000000000000, 0.000000000000000000, 0.000000000000000000 ) ) ;
#1247 = ORIENTED_EDGE ( 'NONE', *, *, #59, .T. ) ;
#1248 = CARTESIAN_POINT ( 'NONE',  ( 31.21669720437609996, 16.84931803103770065, 1.472074052342816186 ) ) ;
#1249 = CARTESIAN_POINT ( 'NONE',  ( -34.30273432244124621, -16.08824257589609985, 6.175499357377150389 ) ) ;
#1250 = CARTESIAN_POINT ( 'NONE',  ( 34.50000000000000000, 0.000000000000000000, 12.00000000000000000 ) ) ;
#1251 = ORIENTED_EDGE ( 'NONE', *, *, #2410, .T. ) ;
#1252 = CARTESIAN_POINT ( 'NONE',  ( 10.10170250203856135, 33.51642171915795387, -6.382712718582570943 ) ) ;
#1253 = CARTESIAN_POINT ( 'NONE',  ( -28.29999999999999361, 0.3857545809778405999, 44.10000000000001563 ) ) ;
#1254 = CARTESIAN_POINT ( 'NONE',  ( 28.15098312269650904, -2.900370556507546382, 29.11764080466811322 ) ) ;
#1255 = LINE ( 'NONE', #1689, #3531 ) ;
#1256 = ORIENTED_EDGE ( 'NONE', *, *, #405, .T. ) ;
#1257 =( BOUNDED_CURVE ( )  B_SPLINE_CURVE ( 3, ( #1930, #158, #5106, #3768 ),
 .UNSPECIFIED., .F., .T. ) 
 B_SPLINE_CURVE_WITH_KNOTS ( ( 4, 4 ),
 ( 0.000000000000000000, 1.000000000000000000 ),
 .UNSPECIFIED. ) 
 CURVE ( )  GEOMETRIC_REPRESENTATION_ITEM ( )  RATIONAL_B_SPLINE_CURVE ( ( 0.9999999996302731953, 0.9999999994290474925, 0.9999999991473846883, 0.9999999987899766962 ) ) 
 REPRESENTATION_ITEM ( '' )  );
#1258 = CARTESIAN_POINT ( 'NONE',  ( 9.492175124364210959, 31.11835339947050016, 10.16671478179964083 ) ) ;
#1259 = CARTESIAN_POINT ( 'NONE',  ( -34.53189590451224689, -16.76965698568589858, 8.000000000000000000 ) ) ;
#1260 = EDGE_CURVE ( 'NONE', #2086, #3586, #599, .T. ) ;
#1261 = CARTESIAN_POINT ( 'NONE',  ( -9.396357508276903303, 26.69454025252078821, 18.93184724056395751 ) ) ;
#1262 = CARTESIAN_POINT ( 'NONE',  ( 35.00000000000000711, -15.01676569612573431, 7.005464455311421368 ) ) ;
#1263 = CARTESIAN_POINT ( 'NONE',  ( 28.29999999999999716, 0.000000000000000000, 61.00001199999999812 ) ) ;
#1264 = CARTESIAN_POINT ( 'NONE',  ( 11.55647802609260033, 33.03723005843475136, 8.737875195248278715 ) ) ;
#1265 = ORIENTED_EDGE ( 'NONE', *, *, #1731, .T. ) ;
#1266 = CARTESIAN_POINT ( 'NONE',  ( -33.62005920810896242, -16.24726221785778435, 5.730751705454879996 ) ) ;
#1267 = CARTESIAN_POINT ( 'NONE',  ( 8.989076023415361050, 31.45553501615740188, 19.23949948806854593 ) ) ;
#1268 = ORIENTED_EDGE ( 'NONE', *, *, #187, .F. ) ;
#1269 = CARTESIAN_POINT ( 'NONE',  ( -34.99990478636944147, -15.50336707684277116, 8.000000000000014211 ) ) ;
#1270 = CARTESIAN_POINT ( 'NONE',  ( 8.816991779607279867, 31.56266667346870136, 19.32666128619539947 ) ) ;
#1271 = DIRECTION ( 'NONE',  ( 1.000000000000000000, 0.000000000000000000, 0.000000000000000000 ) ) ;
#1272 = CARTESIAN_POINT ( 'NONE',  ( -8.449175291031270518, 31.77792484364830372, 9.550030729422250175 ) ) ;
#1273 = ORIENTED_EDGE ( 'NONE', *, *, #3975, .T. ) ;
#1274 = DIRECTION ( 'NONE',  ( -0.7071067811865450192, 0.000000000000000000, -0.7071067811865500152 ) ) ;
#1275 = CARTESIAN_POINT ( 'NONE',  ( -26.65178923566361746, 22.70239377353048482, 1.542245514882042423 ) ) ;
#1276 = CARTESIAN_POINT ( 'NONE',  ( -35.00000000000000000, -15.11408154316849917, 7.352745219559690071 ) ) ;
#1277 = ORIENTED_EDGE ( 'NONE', *, *, #5447, .T. ) ;
#1278 = CARTESIAN_POINT ( 'NONE',  ( 0.7407378552200658550, 35.00053493482373312, -13.18894800323745820 ) ) ;
#1279 = LINE ( 'NONE', #1399, #5560 ) ;
#1280 = LINE ( 'NONE', #3048, #4917 ) ;
#1281 = CARTESIAN_POINT ( 'NONE',  ( -28.29999999999999716, 3.465750465278059542E-15, 49.89999999999999858 ) ) ;
#1282 = DIRECTION ( 'NONE',  ( -1.000000000000000000, 0.000000000000000000, 0.000000000000000000 ) ) ;
#1283 = ORIENTED_EDGE ( 'NONE', *, *, #3895, .F. ) ;
#1284 = CARTESIAN_POINT ( 'NONE',  ( 9.900473544972919981, 30.81782119687635202, 10.87603868427651932 ) ) ;
#1285 = EDGE_LOOP ( 'NONE', ( #5628, #5036, #3771, #4095 ) ) ;
#1286 = EDGE_CURVE ( 'NONE', #3728, #3955, #1710, .T. ) ;
#1287 = CARTESIAN_POINT ( 'NONE',  ( -12.72727272727255965, 32.60393425532604539, 11.50000000000000000 ) ) ;
#1288 = CARTESIAN_POINT ( 'NONE',  ( 34.75751631076047943, -15.41071642241149142, 6.355882522237719101 ) ) ;
#1289 = CARTESIAN_POINT ( 'NONE',  ( -34.99999999999958789, -15.48782047477943991, 47.58944493034788792 ) ) ;
#1290 = DIRECTION ( 'NONE',  ( -1.000000000000000000, 0.000000000000000000, 0.000000000000000000 ) ) ;
#1291 = CARTESIAN_POINT ( 'NONE',  ( 9.574162780800309136, 33.66511907447879537, 7.633559937568179521 ) ) ;
#1292 = ORIENTED_EDGE ( 'NONE', *, *, #1363, .T. ) ;
#1293 = CARTESIAN_POINT ( 'NONE',  ( -26.57653375930978257, -22.21212383691067060, 6.549889960669363909 ) ) ;
#1294 = CARTESIAN_POINT ( 'NONE',  ( 9.965972338202158554, 30.76733502482929694, 17.86890065747750000 ) ) ;
#1295 = ORIENTED_EDGE ( 'NONE', *, *, #4778, .T. ) ;
#1296 = AXIS2_PLACEMENT_3D ( 'NONE', #4541, #3704, #119 ) ;
#1297 = DIRECTION ( 'NONE',  ( 0.000000000000000000, -1.000000000000000000, 8.673617379884039170E-17 ) ) ;
#1298 = VECTOR ( 'NONE', #630, 1000.000000000000000 ) ;
#1299 = FACE_OUTER_BOUND ( 'NONE', #5155, .T. ) ;
#1300 = CARTESIAN_POINT ( 'NONE',  ( -10.90909090909086032, 31.36187961702800209, 17.50000000000000000 ) ) ;
#1301 = VERTEX_POINT ( 'NONE', #4121 ) ;
#1302 = CARTESIAN_POINT ( 'NONE',  ( -6.665475061075788688, 30.85607717241027714, -8.505497371227113135 ) ) ;
#1303 = CARTESIAN_POINT ( 'NONE',  ( 12.69157233029753939, 32.61785132950815580, 10.96525186738564095 ) ) ;
#1304 = VECTOR ( 'NONE', #451, 1000.000000000000000 ) ;
#1305 = AXIS2_PLACEMENT_3D ( 'NONE', #1441, #78, #500 ) ;
#1306 = EDGE_LOOP ( 'NONE', ( #5574, #929, #1729, #4775 ) ) ;
#1307 = EDGE_CURVE ( 'NONE', #3219, #5561, #2168, .T. ) ;
#1308 = AXIS2_PLACEMENT_3D ( 'NONE', #3082, #394, #5662 ) ;
#1309 = CARTESIAN_POINT ( 'NONE',  ( 1.217449084007296234, 31.48401431731145195, -9.201452371987569379 ) ) ;
#1310 = CARTESIAN_POINT ( 'NONE',  ( 33.62011448249569412, -16.24733052378665121, 5.730759151264549267 ) ) ;
#1311 = FACE_OUTER_BOUND ( 'NONE', #3780, .T. ) ;
#1312 = B_SPLINE_SURFACE_WITH_KNOTS ( 'NONE', 1, 3, ( 
 ( #4459, #1328, #5210, #859, #3100, #4864, #3904, #3009, #797, #1796, #3071, #4366, #4895, #4332, #346, #409, #4832, #2659, #475, #921, #2141, #4424, #5268, #2170, #1704, #3932, #2688, #3470, #1270, #176, #3624, #1449, #121, #1918, #3589, #1942, #2318, #57 ),
 ( #1889, #2402, #2813, #4990, #4166, #574, #3227, #5359, #1387, #1017, #4547, #4573, #538, #4122, #1504, #5017, #4593, #4961, #4928, #621, #3163, #987, #147, #3198, #956, #1422, #2783, #2725, #5042, #4488, #600, #510, #4092, #2291, #4058, #1856, #3684, #5396 ) ),
 .UNSPECIFIED., .F., .F., .F.,
 ( 2, 2 ),
 ( 4, 2, 2, 2, 2, 2, 2, 2, 2, 2, 2, 2, 2, 2, 2, 2, 2, 2, 4 ),
 ( 0.000000000000000000, 1.000000000000000000 ),
 ( 0.000000000000000000, 0.0003997978561041765034, 0.0005996967841562650262, 0.0007995957122083530069, 0.001199393568312530052, 0.001599191424416705146, 0.001998989280520880023, 0.002198888208572970064, 0.002398787136625059671, 0.003198382848833410293, 0.003398281776885499900, 0.003598180704937585170, 0.003997978561041764384, 0.004397776417145940128, 0.004797574273250120210, 0.005197372129354289882, 0.005597169985458469964, 0.005996967841562650045, 0.006396765697666820585 ),
 .UNSPECIFIED. ) ;
#1313 = VERTEX_POINT ( 'NONE', #4988 ) ;
#1314 = CARTESIAN_POINT ( 'NONE',  ( -9.017735961269281120, 26.82509230381455367, 9.776846650175038178 ) ) ;
#1315 = VERTEX_POINT ( 'NONE', #3654 ) ;
#1316 = CARTESIAN_POINT ( 'NONE',  ( -9.758988255213379759, 26.56597003457938655, 18.48820457834309750 ) ) ;
#1317 = CARTESIAN_POINT ( 'NONE',  ( 26.17365799504241863, -21.67274067167973683, 5.725521315728347993 ) ) ;
#1318 = DIRECTION ( 'NONE',  ( 0.000000000000000000, -1.000000000000000000, 0.000000000000000000 ) ) ;
#1319 = CARTESIAN_POINT ( 'NONE',  ( -34.50000000000000000, 0.000000000000000000, 29.50000000000000000 ) ) ;
#1320 = CARTESIAN_POINT ( 'NONE',  ( 8.762859561887939464, 33.88649257023624273, 7.500053281086390022 ) ) ;
#1321 = VERTEX_POINT ( 'NONE', #3224 ) ;
#1322 = CARTESIAN_POINT ( 'NONE',  ( -26.80077643654355057, -22.51040609137055171, 8.000000000000000000 ) ) ;
#1323 = DIRECTION ( 'NONE',  ( -1.000000000000000000, 0.000000000000000000, 2.168404344971010101E-16 ) ) ;
#1324 = ORIENTED_EDGE ( 'NONE', *, *, #1235, .F. ) ;
#1325 = CARTESIAN_POINT ( 'NONE',  ( -34.98870875698052885, -15.88982497534621707, 6.749480162755469692 ) ) ;
#1326 = EDGE_CURVE ( 'NONE', #2, #3839, #2275, .T. ) ;
#1327 = AXIS2_PLACEMENT_3D ( 'NONE', #686, #2461, #3359 ) ;
#1328 = CARTESIAN_POINT ( 'NONE',  ( 9.999998094547260408, 30.74085323159360073, 17.56769061318549774 ) ) ;
#1329 = DIRECTION ( 'NONE',  ( 1.000000000000000000, 0.000000000000000000, 0.000000000000000000 ) ) ;
#1330 = ORIENTED_EDGE ( 'NONE', *, *, #1851, .F. ) ;
#1331 = CARTESIAN_POINT ( 'NONE',  ( -28.29999999999999716, -0.3848661864479935857, 26.59999999999999432 ) ) ;
#1332 = CARTESIAN_POINT ( 'NONE',  ( -12.51615600448845989, 32.68556793608065192, 18.74792263144505000 ) ) ;
#1333 = CARTESIAN_POINT ( 'NONE',  ( -35.00000000000000000, 5.388445916248359929E-15, 7.000000000000000000 ) ) ;
#1334 = CIRCLE ( 'NONE', #3655, 2.000000000000001776 ) ;
#1335 = ORIENTED_EDGE ( 'NONE', *, *, #5614, .T. ) ;
#1336 = CARTESIAN_POINT ( 'NONE',  ( -13.79811348288600037, 32.22281601891483405, -9.776908202776388279 ) ) ;
#1337 = CARTESIAN_POINT ( 'NONE',  ( 32.73294549770974982, -18.91290918499434781, 64.00000000000000000 ) ) ;
#1338 = CARTESIAN_POINT ( 'NONE',  ( 35.00000000000000000, -14.60689307577663953, 7.093828992273899736 ) ) ;
#1339 = DIRECTION ( 'NONE',  ( 0.000000000000000000, 0.000000000000000000, -1.000000000000000000 ) ) ;
#1340 = CARTESIAN_POINT ( 'NONE',  ( 30.75000000000000000, 16.80260396486210084, 63.00000000000000000 ) ) ;
#1341 = VERTEX_POINT ( 'NONE', #2781 ) ;
#1342 = CARTESIAN_POINT ( 'NONE',  ( -35.00000000000000000, -15.48385181469820004, 47.10657258575490403 ) ) ;
#1343 = ORIENTED_EDGE ( 'NONE', *, *, #936, .T. ) ;
#1344 = CARTESIAN_POINT ( 'NONE',  ( 9.996579254902059120, 30.74352542462204951, 11.36538232797194148 ) ) ;
#1345 = CARTESIAN_POINT ( 'NONE',  ( -10.00000000000000000, 26.47432718691825215, 17.50000000000000000 ) ) ;
#1346 = DIRECTION ( 'NONE',  ( -5.782411586589370458E-16, -6.255730528566710035E-16, 1.000000000000000000 ) ) ;
#1347 = DIRECTION ( 'NONE',  ( 0.000000000000000000, 0.000000000000000000, 1.000000000000000000 ) ) ;
#1348 = CYLINDRICAL_SURFACE ( 'NONE', #5130, 2.000000000000001776 ) ;
#1349 = DIRECTION ( 'NONE',  ( -0.6429025854938241746, 0.7659479522561283282, -6.643539470775342857E-17 ) ) ;
#1350 = ORIENTED_EDGE ( 'NONE', *, *, #162, .F. ) ;
#1351 = CARTESIAN_POINT ( 'NONE',  ( -26.65042462754105301, -22.31081224131195029, 6.802821330522356824 ) ) ;
#1352 = CARTESIAN_POINT ( 'NONE',  ( 8.130536489231760200, 31.94952851871734367, 19.49678206266744951 ) ) ;
#1353 = ORIENTED_EDGE ( 'NONE', *, *, #1260, .T. ) ;
#1354 = ADVANCED_FACE ( 'NONE', ( #5064 ), #3196, .T. ) ;
#1355 = CARTESIAN_POINT ( 'NONE',  ( 34.16772401490059963, -16.09421705513325307, 6.058235658679660851 ) ) ;
#1356 = EDGE_CURVE ( 'NONE', #659, #3544, #4484, .T. ) ;
#1357 = CARTESIAN_POINT ( 'NONE',  ( 28.75000000000000000, 16.80260396486210084, 63.00000000000000000 ) ) ;
#1358 = EDGE_CURVE ( 'NONE', #1052, #5512, #288, .T. ) ;
#1359 = ORIENTED_EDGE ( 'NONE', *, *, #890, .F. ) ;
#1360 = CARTESIAN_POINT ( 'NONE',  ( 33.00000000000000000, -15.48385181469829952, 47.00000000000000000 ) ) ;
#1361 = DIRECTION ( 'NONE',  ( 0.000000000000000000, 0.000000000000000000, 1.000000000000000000 ) ) ;
#1362 = CYLINDRICAL_SURFACE ( 'NONE', #2820, 2.000000000000001776 ) ;
#1363 = EDGE_CURVE ( 'NONE', #1381, #2603, #2351, .T. ) ;
#1364 = EDGE_CURVE ( 'NONE', #4600, #4490, #1636, .T. ) ;
#1365 = ORIENTED_EDGE ( 'NONE', *, *, #3304, .F. ) ;
#1366 = CARTESIAN_POINT ( 'NONE',  ( 21.49968409071614417, 27.66022812189155289, -5.287497440838550666 ) ) ;
#1367 = DIRECTION ( 'NONE',  ( 0.000000000000000000, 0.000000000000000000, 1.000000000000000000 ) ) ;
#1368 = CARTESIAN_POINT ( 'NONE',  ( 28.24532184423545544, 1.779324698211134148, 9.678022482647900659 ) ) ;
#1369 = CARTESIAN_POINT ( 'NONE',  ( 28.15896564802125468, -2.825711453456015931, 47.75729971212172842 ) ) ;
#1370 = CARTESIAN_POINT ( 'NONE',  ( -34.96727693638376167, -15.71585846415988286, 7.433977903061309789 ) ) ;
#1371 = CARTESIAN_POINT ( 'NONE',  ( 10.00000000000000000, 26.47432718691829834, 11.50000000000000000 ) ) ;
#1372 = EDGE_LOOP ( 'NONE', ( #918, #5387, #3505, #3913 ) ) ;
#1373 = CARTESIAN_POINT ( 'NONE',  ( -9.420424069573554604, 26.68606076971069996, 10.09197590967609237 ) ) ;
#1374 = ORIENTED_EDGE ( 'NONE', *, *, #5614, .F. ) ;
#1375 = CARTESIAN_POINT ( 'NONE',  ( 8.000000000000000000, 32.01562118716435634, 9.500000000000000000 ) ) ;
#1376 = CARTESIAN_POINT ( 'NONE',  ( 33.91512116258675036, -15.86203678085639979, 5.649995779230339465 ) ) ;
#1377 = DIRECTION ( 'NONE',  ( -1.084202172485503818E-16, 0.000000000000000000, 1.000000000000000000 ) ) ;
#1378 = CARTESIAN_POINT ( 'NONE',  ( -28.75000000000000000, -16.80260396486210084, 54.00000000000000000 ) ) ;
#1379 = PLANE ( 'NONE',  #731 ) ;
#1380 = CARTESIAN_POINT ( 'NONE',  ( -9.152085688567240140, 31.35022918444060025, 9.863892624949780696 ) ) ;
#1381 = VERTEX_POINT ( 'NONE', #3403 ) ;
#1382 = DIRECTION ( 'NONE',  ( -1.000000000000000000, 0.000000000000000000, 0.000000000000000000 ) ) ;
#1383 = EDGE_CURVE ( 'NONE', #3765, #3282, #2918, .T. ) ;
#1384 = FACE_BOUND ( 'NONE', #2506, .T. ) ;
#1385 = ORIENTED_EDGE ( 'NONE', *, *, #928, .F. ) ;
#1386 = CARTESIAN_POINT ( 'NONE',  ( 26.80077643654355057, -22.51040609137055171, 64.00000000000000000 ) ) ;
#1387 = CARTESIAN_POINT ( 'NONE',  ( 12.57680623384747953, 32.66230167145874930, 18.56412224330495064 ) ) ;
#1388 = VECTOR ( 'NONE', #3571, 1000.000000000000114 ) ;
#1389 = CARTESIAN_POINT ( 'NONE',  ( 26.08745973749730140, 23.33333333333359860, 1.105117766515140154 ) ) ;
#1390 = ORIENTED_EDGE ( 'NONE', *, *, #4578, .F. ) ;
#1391 = DIRECTION ( 'NONE',  ( 0.000000000000000000, 0.000000000000000000, 1.000000000000000000 ) ) ;
#1392 = CARTESIAN_POINT ( 'NONE',  ( -10.21982601103868049, 33.47495354394675360, 21.15247357794875072 ) ) ;
#1393 = CARTESIAN_POINT ( 'NONE',  ( 9.036574885702220783, 33.81446444618285341, 7.525573618853819369 ) ) ;
#1394 = EDGE_CURVE ( 'NONE', #4542, #3592, #5220, .T. ) ;
#1395 = VECTOR ( 'NONE', #4217, 1000.000000000000000 ) ;
#1396 = ORIENTED_EDGE ( 'NONE', *, *, #2326, .F. ) ;
#1397 = EDGE_CURVE ( 'NONE', #4422, #3401, #2531, .T. ) ;
#1398 = CARTESIAN_POINT ( 'NONE',  ( -33.00000000000000000, -14.45032751935665871, 7.057975664136610483 ) ) ;
#1399 = CARTESIAN_POINT ( 'NONE',  ( 35.00000000000000000, -15.48385181469824978, -20.85027391700995381 ) ) ;
#1400 = CARTESIAN_POINT ( 'NONE',  ( -35.00000000000000000, -15.48385181469829952, 47.70734219474390159 ) ) ;
#1401 = AXIS2_PLACEMENT_3D ( 'NONE', #3398, #2991, #5162 ) ;
#1402 = AXIS2_PLACEMENT_3D ( 'NONE', #560, #529, #4588 ) ;
#1403 = CYLINDRICAL_SURFACE ( 'NONE', #4923, 2.000000000000001776 ) ;
#1404 = CARTESIAN_POINT ( 'NONE',  ( 9.395067300067465155, 26.69499518810978600, 10.06689566342349984 ) ) ;
#1405 = AXIS2_PLACEMENT_3D ( 'NONE', #1872, #5719, #1838 ) ;
#1406 = ORIENTED_EDGE ( 'NONE', *, *, #5049, .T. ) ;
#1407 = CARTESIAN_POINT ( 'NONE',  ( 34.99591539623869352, -15.56229660314210150, 7.714557645770885763 ) ) ;
#1408 = DIRECTION ( 'NONE',  ( -1.000000000000000000, 0.000000000000000000, 0.000000000000000000 ) ) ;
#1409 = DIRECTION ( 'NONE',  ( 0.000000000000000000, 0.000000000000000000, 1.000000000000000000 ) ) ;
#1410 = CARTESIAN_POINT ( 'NONE',  ( -9.615999349923230355, 31.02979968061834981, 18.68021246936740098 ) ) ;
#1411 = CARTESIAN_POINT ( 'NONE',  ( -28.29999999999999716, 6.515341870076819610E-16, 26.59999999999999787 ) ) ;
#1412 = CIRCLE ( 'NONE', #3803, 2.000000000000000000 ) ;
#1413 = CARTESIAN_POINT ( 'NONE',  ( 8.102042471455154882, 27.11564538808457669, 19.50000000000000355 ) ) ;
#1414 = CARTESIAN_POINT ( 'NONE',  ( -9.204363927070350115, 31.31564882522119930, 9.901951750995390711 ) ) ;
#1415 = ORIENTED_EDGE ( 'NONE', *, *, #3091, .F. ) ;
#1416 = CARTESIAN_POINT ( 'NONE',  ( -12.71998868679790107, 32.60678038678355506, 11.22987005665690141 ) ) ;
#1417 = CARTESIAN_POINT ( 'NONE',  ( 35.00000000000000000, 0.000000000000000000, -37.00000000000000000 ) ) ;
#1418 = CARTESIAN_POINT ( 'NONE',  ( 35.00000000000000000, -15.47220879268280136, 7.860177510957900182 ) ) ;
#1419 = ORIENTED_EDGE ( 'NONE', *, *, #2215, .F. ) ;
#1420 = CARTESIAN_POINT ( 'NONE',  ( 25.30064282233825068, 20.29486478949308292, -0.2269951423922047795 ) ) ;
#1421 = B_SPLINE_CURVE_WITH_KNOTS ( 'NONE', 3,
 ( #2974, #371, #5201, #817, #3002, #4728, #1236, #1697, #1204, #763, #4360, #4760, #4324, #5234, #790, #3926, #2532, #335, #1264, #3954, #4391, #2128, #1756, #3405, #3030, #4297, #306, #5703, #2100, #3497, #3894, #3860, #1291, #5637, #5672, #2162, #1320, #4790 ),
 .UNSPECIFIED., .F., .F.,
 ( 4, 2, 2, 2, 2, 2, 2, 2, 2, 2, 2, 2, 2, 2, 2, 2, 2, 2, 4 ),
 ( 0.000000000000000000, 0.06250000000000000000, 0.1250000000000000000, 0.1875000000000000000, 0.2187500000000000000, 0.2500000000000000000, 0.3125000000000000000, 0.3750000000000000000, 0.4375000000000000000, 0.5000000000000000000, 0.5625000000000000000, 0.5937500000000000000, 0.6250000000000000000, 0.6875000000000000000, 0.7500000000000000000, 0.8125000000000000000, 0.8437500000000000000, 0.8750000000000000000, 1.000000000000000000 ),
 .UNSPECIFIED. ) ;
#1422 = CARTESIAN_POINT ( 'NONE',  ( 10.70028453643023880, 33.32444034364630170, 20.91369981900774633 ) ) ;
#1423 = CARTESIAN_POINT ( 'NONE',  ( 32.75390337432470034, 18.93111841912400095, -0.1580580420047495160 ) ) ;
#1424 = ORIENTED_EDGE ( 'NONE', *, *, #2462, .F. ) ;
#1425 = DIRECTION ( 'NONE',  ( 0.000000000000000000, 0.9358194726972858257, -0.3524796654001109419 ) ) ;
#1426 = CARTESIAN_POINT ( 'NONE',  ( -12.67038167755502087, 32.62609901816905023, 18.16628055224375160 ) ) ;
#1427 = CARTESIAN_POINT ( 'NONE',  ( 12.33674726605749861, 32.75374920761005626, 9.818459839102057884 ) ) ;
#1428 = EDGE_LOOP ( 'NONE', ( #2978, #1179, #5723, #4524 ) ) ;
#1429 = CARTESIAN_POINT ( 'NONE',  ( 13.57549230395339990, 32.28249849427399454, -5.220059585248479905 ) ) ;
#1430 = EDGE_LOOP ( 'NONE', ( #307, #3918, #5206, #1283 ) ) ;
#1431 = CARTESIAN_POINT ( 'NONE',  ( 34.99030261424771027, -16.01422610284351933, 6.994715619220516878 ) ) ;
#1432 = CARTESIAN_POINT ( 'NONE',  ( 30.75000000000000000, -16.80260396486210084, 54.00000000000000000 ) ) ;
#1433 = DIRECTION ( 'NONE',  ( -1.000000000000000000, 0.000000000000000000, 0.000000000000000000 ) ) ;
#1434 = DIRECTION ( 'NONE',  ( -0.6397259552089265000, -0.7686030849743101800, 0.000000000000000000 ) ) ;
#1435 = CARTESIAN_POINT ( 'NONE',  ( 0.000000000000000000, 0.000000000000000000, 63.00000000000000000 ) ) ;
#1436 = CONICAL_SURFACE ( 'NONE', #4748, 28.29999999999999716, 0.7853981633974461696 ) ;
#1437 = ORIENTED_EDGE ( 'NONE', *, *, #2032, .T. ) ;
#1438 = CARTESIAN_POINT ( 'NONE',  ( -35.00000000000000000, -15.48385181470379912, 47.01522465510780080 ) ) ;
#1439 = CARTESIAN_POINT ( 'NONE',  ( 34.10394732826467390, -16.01435871568246938, 5.937723800528079465 ) ) ;
#1440 = CARTESIAN_POINT ( 'NONE',  ( -9.307363026287681862, 31.24642139525835205, 19.01492028854930183 ) ) ;
#1441 = CARTESIAN_POINT ( 'NONE',  ( 33.00000000000000000, 15.50910527760495050, 4.176056798680545690 ) ) ;
#1442 = CARTESIAN_POINT ( 'NONE',  ( 8.482416748616303792, 26.99888433548020927, 19.44109652063465177 ) ) ;
#1443 = DIRECTION ( 'NONE',  ( 0.6429025854938252849, -0.7659479522561273290, 6.643539470775342857E-17 ) ) ;
#1444 = ORIENTED_EDGE ( 'NONE', *, *, #2949, .F. ) ;
#1445 = CARTESIAN_POINT ( 'NONE',  ( -9.963670071122949778, 33.55209387737335192, 7.748635359467539452 ) ) ;
#1446 = CYLINDRICAL_SURFACE ( 'NONE', #251, 28.29999999999999716 ) ;
#1447 = ORIENTED_EDGE ( 'NONE', *, *, #2182, .T. ) ;
#1448 = CARTESIAN_POINT ( 'NONE',  ( 34.99981003234470478, -15.51141691099045161, -20.85027391700995381 ) ) ;
#1449 = CARTESIAN_POINT ( 'NONE',  ( 8.511750794940150300, 31.74260377208244677, 19.43449044225160094 ) ) ;
#1450 =( BOUNDED_SURFACE ( )  B_SPLINE_SURFACE ( 3, 2, ( 
 ( #2294, #1507, #2355 ),
 ( #4061, #5433, #2405 ),
 ( #3738, #1860, #541 ),
 ( #1531, #3302, #2323 ) ),
 .UNSPECIFIED., .F., .F., .T. ) 
 B_SPLINE_SURFACE_WITH_KNOTS ( ( 4, 4 ),
 ( 3, 3 ),
 ( 0.002279257450337494970, 0.004168438238226234750 ),
 ( 0.7024195879986229185, 1.000000000000000000 ),
 .UNSPECIFIED. ) 
 GEOMETRIC_REPRESENTATION_ITEM ( )  RATIONAL_B_SPLINE_SURFACE ( (
 ( 0.9964557336788519848, 0.9974771017339879586, 1.000000000000000000),
 ( 0.9944938751263520116, 0.9960806012761279638, 1.000000000000000000),
 ( 0.9917343099781860127, 0.9941162731200560154, 1.000000000000000000),
 ( 0.9882241119050879652, 0.9916176254932859147, 1.000000000000000000) ) ) 
 REPRESENTATION_ITEM ( '' )  SURFACE ( )  );
#1451 = DIRECTION ( 'NONE',  ( 0.000000000000000000, 0.000000000000000000, 1.000000000000000000 ) ) ;
#1452 = VERTEX_POINT ( 'NONE', #702 ) ;
#1453 = CARTESIAN_POINT ( 'NONE',  ( 28.20578337188456430, -2.323308454157740233, 10.22249430214127486 ) ) ;
#1454 = CARTESIAN_POINT ( 'NONE',  ( 12.44727782440365971, 32.73510542433520243, -5.636577937951000372 ) ) ;
#1455 = EDGE_CURVE ( 'NONE', #5398, #3966, #3366, .T. ) ;
#1456 = ORIENTED_EDGE ( 'NONE', *, *, #2548, .F. ) ;
#1457 = DIRECTION ( 'NONE',  ( 3.572850611589494751E-17, -1.000000000000000000, 8.673617379884039170E-17 ) ) ;
#1458 = DIRECTION ( 'NONE',  ( 0.000000000000000000, 0.000000000000000000, 1.000000000000000000 ) ) ;
#1459 = CARTESIAN_POINT ( 'NONE',  ( 26.75000000000000000, -16.80260396486210084, 63.00000000000000000 ) ) ;
#1460 = CARTESIAN_POINT ( 'NONE',  ( 9.296956655221068289, 26.73011060839296960, 9.977071374178425600 ) ) ;
#1461 = ORIENTED_EDGE ( 'NONE', *, *, #5537, .F. ) ;
#1462 =( LENGTH_UNIT ( ) NAMED_UNIT ( * ) SI_UNIT ( .MILLI., .METRE. ) );
#1463 = CARTESIAN_POINT ( 'NONE',  ( 35.00000000000000000, -14.94200898814793987, 7.222460787311330677 ) ) ;
#1464 = CARTESIAN_POINT ( 'NONE',  ( -9.983169812854487901, 30.75397411067930165, 17.76737406630865124 ) ) ;
#1465 = CARTESIAN_POINT ( 'NONE',  ( 40.00000000000000000, 0.000000000000000000, 47.00000000000000000 ) ) ;
#1466 = CARTESIAN_POINT ( 'NONE',  ( 28.29999999999999716, 0.000000000000000000, 8.000000000000000000 ) ) ;
#1467 = ORIENTED_EDGE ( 'NONE', *, *, #2667, .F. ) ;
#1468 = DIRECTION ( 'NONE',  ( 0.000000000000000000, 0.000000000000000000, 1.000000000000000000 ) ) ;
#1469 = CARTESIAN_POINT ( 'NONE',  ( 34.99999999999948841, -15.50485575289347828, 7.694482325361408748 ) ) ;
#1470 = CARTESIAN_POINT ( 'NONE',  ( -31.21669720437609996, 16.84931803103765091, 1.472074052342819961 ) ) ;
#1471 = EDGE_CURVE ( 'NONE', #5688, #3728, #3015, .T. ) ;
#1472 = EDGE_CURVE ( 'NONE', #3007, #4858, #4957, .T. ) ;
#1473 = CARTESIAN_POINT ( 'NONE',  ( -33.34877244057840073, -16.27605516819804876, 5.582517546046529944 ) ) ;
#1474 = DIRECTION ( 'NONE',  ( 0.000000000000000000, 0.000000000000000000, 1.000000000000000000 ) ) ;
#1475 = ORIENTED_EDGE ( 'NONE', *, *, #2789, .F. ) ;
#1476 = DIRECTION ( 'NONE',  ( 0.000000000000000000, 0.000000000000000000, -1.000000000000000000 ) ) ;
#1477 = CARTESIAN_POINT ( 'NONE',  ( -34.71537438136707010, -15.45017539578559251, 6.292440426702492040 ) ) ;
#1478 =( BOUNDED_CURVE ( )  B_SPLINE_CURVE ( 3, ( #5254, #4318, #811, #3832, #5722, #4351 ),
 .UNSPECIFIED., .F., .T. ) 
 B_SPLINE_CURVE_WITH_KNOTS ( ( 4, 2, 4 ),
 ( 0.000000000000000000, 0.4970004773424051558, 1.000000000000000000 ),
 .UNSPECIFIED. ) 
 CURVE ( )  GEOMETRIC_REPRESENTATION_ITEM ( )  RATIONAL_B_SPLINE_CURVE ( ( 0.9999999918592957782, 0.9999999930607513798, 0.9999999939798710491, 0.9999999952227658362, 0.9999999955392487871, 0.9999999955388140238 ) ) 
 REPRESENTATION_ITEM ( '' )  );
#1479 = CARTESIAN_POINT ( 'NONE',  ( 21.04126649531766446, 28.01124741757890746, -5.591290908113004221 ) ) ;
#1480 = ORIENTED_EDGE ( 'NONE', *, *, #2348, .F. ) ;
#1481 = CARTESIAN_POINT ( 'NONE',  ( -29.97474268331384906, 17.69847780793995184, 1.088923613966253923 ) ) ;
#1482 = CARTESIAN_POINT ( 'NONE',  ( -35.00000000000000000, -14.76035039892099832, 7.137082325026720575 ) ) ;
#1483 = CARTESIAN_POINT ( 'NONE',  ( -33.91725264021750519, -15.86348464480490073, 5.652919594845290163 ) ) ;
#1484 = AXIS2_PLACEMENT_3D ( 'NONE', #887, #766, #2193 ) ;
#1485 = VECTOR ( 'NONE', #2957, 1000.000000000000000 ) ;
#1486 = EDGE_CURVE ( 'NONE', #4987, #4840, #2077, .T. ) ;
#1487 = ORIENTED_EDGE ( 'NONE', *, *, #3137, .T. ) ;
#1488 = AXIS2_PLACEMENT_3D ( 'NONE', #4998, #3747, #4684 ) ;
#1489 = CARTESIAN_POINT ( 'NONE',  ( -35.00000000000000000, -14.10771801645937984, 7.000000000023650415 ) ) ;
#1490 = VECTOR ( 'NONE', #683, 1000.000000000000000 ) ;
#1491 = CARTESIAN_POINT ( 'NONE',  ( 33.00000000000000000, 0.000000000000000000, -37.00000000000000000 ) ) ;
#1492 = CARTESIAN_POINT ( 'NONE',  ( 33.91725264021835073, -15.86348464480465204, 5.652919594844890483 ) ) ;
#1493 = CARTESIAN_POINT ( 'NONE',  ( -28.29999999999999716, 3.465750465279244806E-15, 14.90000000000000036 ) ) ;
#1494 = EDGE_CURVE ( 'NONE', #4802, #3282, #2446, .T. ) ;
#1495 = AXIS2_PLACEMENT_3D ( 'NONE', #4752, #4809, #1282 ) ;
#1496 = TOROIDAL_SURFACE ( 'NONE', #2237, 47.00000000000000000, 3.000000000000000000 ) ;
#1497 = CARTESIAN_POINT ( 'NONE',  ( -11.20123412308310051, 33.15924600281795165, 8.426774072766550105 ) ) ;
#1498 = VERTEX_POINT ( 'NONE', #3859 ) ;
#1499 = CARTESIAN_POINT ( 'NONE',  ( -8.484848484848459549, 33.95596186517419568, 7.500000000000000000 ) ) ;
#1500 = VECTOR ( 'NONE', #1790, 1000.000000000000000 ) ;
#1501 = EDGE_CURVE ( 'NONE', #1301, #3544, #3284, .T. ) ;
#1502 = CARTESIAN_POINT ( 'NONE',  ( 34.99981003228375442, -15.51141691540850154, 7.925198932437630184 ) ) ;
#1503 = CARTESIAN_POINT ( 'NONE',  ( -8.698981712545988287, 31.63374322226790269, 19.37498129875969965 ) ) ;
#1504 = CARTESIAN_POINT ( 'NONE',  ( 12.13784223111201932, 32.82795021584804829, 19.53507099154855098 ) ) ;
#1505 = CARTESIAN_POINT ( 'NONE',  ( 26.67403896254699802, 22.71773910204779767, 1.524100326794479932 ) ) ;
#1506 = ORIENTED_EDGE ( 'NONE', *, *, #1711, .F. ) ;
#1507 = CARTESIAN_POINT ( 'NONE',  ( 33.58947013111480828, -14.85917910418007892, 5.189250792259523237 ) ) ;
#1508 = ADVANCED_FACE ( 'NONE', ( #401 ), #1436, .F. ) ;
#1509 = CARTESIAN_POINT ( 'NONE',  ( -34.79302725991330192, -15.37390702493365957, 6.414198809836011428 ) ) ;
#1510 = CARTESIAN_POINT ( 'NONE',  ( 34.30274165927900043, -16.08824224677270109, 6.175505726442749754 ) ) ;
#1511 = CARTESIAN_POINT ( 'NONE',  ( -33.03097358125958038, 18.72053847861625897, 0.6432629040062463055 ) ) ;
#1512 = CARTESIAN_POINT ( 'NONE',  ( -35.00000000000000000, -14.91147299315734109, 7.189374109621748943 ) ) ;
#1513 = CARTESIAN_POINT ( 'NONE',  ( -33.78972134108675363, -15.90052001629003264, 5.597106991418852928 ) ) ;
#1514 = VECTOR ( 'NONE', #4352, 1000.000000000000000 ) ;
#1515 = ORIENTED_EDGE ( 'NONE', *, *, #3868, .F. ) ;
#1516 = AXIS2_PLACEMENT_3D ( 'NONE', #3388, #2538, #4654 ) ;
#1517 = DIRECTION ( 'NONE',  ( -1.000000000000000000, 0.000000000000000000, 0.000000000000000000 ) ) ;
#1518 = CARTESIAN_POINT ( 'NONE',  ( 34.02919944658906815, -15.94572059056017999, 5.815078189021943622 ) ) ;
#1519 = CARTESIAN_POINT ( 'NONE',  ( -12.14250551128590061, 32.82627947971899829, 19.53078320109629828 ) ) ;
#1520 = CARTESIAN_POINT ( 'NONE',  ( -35.00000000000000000, -15.39467580136119906, 7.664633631138199732 ) ) ;
#1521 = AXIS2_PLACEMENT_3D ( 'NONE', #955, #646, #1855 ) ;
#1522 = CARTESIAN_POINT ( 'NONE',  ( -9.034682925262030651, 33.81411563867575154, 7.531629814019820124 ) ) ;
#1523 = ORIENTED_EDGE ( 'NONE', *, *, #5670, .F. ) ;
#1524 = APPLICATION_PROTOCOL_DEFINITION ( 'draft international standard', 'automotive_design', 1998, #3483 ) ;
#1525 = DIRECTION ( 'NONE',  ( 0.000000000000000000, -1.000000000000000000, 0.000000000000000000 ) ) ;
#1526 = CARTESIAN_POINT ( 'NONE',  ( -31.03712198964224811, 17.05526298727004786, 1.381877925673742125 ) ) ;
#1527 = ORIENTED_EDGE ( 'NONE', *, *, #5449, .F. ) ;
#1528 = CARTESIAN_POINT ( 'NONE',  ( -25.06227696885874678, -20.16939292887547808, 4.999999999999999112 ) ) ;
#1529 = CARTESIAN_POINT ( 'NONE',  ( 12.57680623384747953, 32.66230167145874930, 18.56412224330495064 ) ) ;
#1530 = VERTEX_POINT ( 'NONE', #333 ) ;
#1531 = CARTESIAN_POINT ( 'NONE',  ( 33.60531563260566656, -16.20246769389054009, 5.667819485998459861 ) ) ;
#1532 = CARTESIAN_POINT ( 'NONE',  ( -34.72909785212294054, -15.43764765967851815, 6.312386053829404986 ) ) ;
#1533 = EDGE_CURVE ( 'NONE', #2224, #1003, #3462, .T. ) ;
#1534 = EDGE_CURVE ( 'NONE', #4490, #3777, #3553, .T. ) ;
#1535 = CARTESIAN_POINT ( 'NONE',  ( -33.41576360261927192, -16.07447279220464864, 5.525162180460998940 ) ) ;
#1536 = ORIENTED_EDGE ( 'NONE', *, *, #1600, .T. ) ;
#1537 = CARTESIAN_POINT ( 'NONE',  ( 34.99982961742058052, -15.12549119581033530, 7.328653797124882630 ) ) ;
#1538 = CARTESIAN_POINT ( 'NONE',  ( -33.61183359728229902, -16.01833340116465365, 5.582549861934269941 ) ) ;
#1539 = CARTESIAN_POINT ( 'NONE',  ( 35.00000000000000000, -14.91147299316610031, 7.189374109629259380 ) ) ;
#1540 = CARTESIAN_POINT ( 'NONE',  ( -28.15891634551398326, -2.826179945974482965, 46.24464931614571128 ) ) ;
#1541 = EDGE_CURVE ( 'NONE', #264, #3814, #2530, .T. ) ;
#1542 = ORIENTED_EDGE ( 'NONE', *, *, #3429, .F. ) ;
#1543 = CARTESIAN_POINT ( 'NONE',  ( 8.484848484848470207, 33.95596186517419568, 21.50000000000000000 ) ) ;
#1544 = CARTESIAN_POINT ( 'NONE',  ( -28.15891634551349654, -2.826179945979554908, 11.24464931601919915 ) ) ;
#1545 = CARTESIAN_POINT ( 'NONE',  ( -12.72727272727255965, 32.60393425532604539, 17.50000000000000000 ) ) ;
#1546 = CYLINDRICAL_SURFACE ( 'NONE', #4918, 2.899999999999999911 ) ;
#1547 = CARTESIAN_POINT ( 'NONE',  ( -12.61214120630713964, 32.64865755242029621, 10.56478175617986004 ) ) ;
#1548 = ORIENTED_EDGE ( 'NONE', *, *, #2789, .T. ) ;
#1549 = CARTESIAN_POINT ( 'NONE',  ( 35.00000000000000000, -15.36122560533559955, 7.610823706119179910 ) ) ;
#1550 = CARTESIAN_POINT ( 'NONE',  ( -9.973179933704699351, 30.76175050284515322, 17.83314027612134822 ) ) ;
#1551 = EDGE_CURVE ( 'NONE', #4191, #3733, #370, .T. ) ;
#1552 = ORIENTED_EDGE ( 'NONE', *, *, #3091, .T. ) ;
#1553 = CARTESIAN_POINT ( 'NONE',  ( -26.05051696992995147, 19.63064750699640015, 0.1352527453349940123 ) ) ;
#1554 = CARTESIAN_POINT ( 'NONE',  ( 12.61214120630712010, 32.64865755242029621, 18.43521824382009910 ) ) ;
#1555 = EDGE_LOOP ( 'NONE', ( #2859, #4317, #4482, #248 ) ) ;
#1556 = CARTESIAN_POINT ( 'NONE',  ( -35.00000000000000000, -15.49179052862294981, 47.58942422806269690 ) ) ;
#1557 = DIRECTION ( 'NONE',  ( -1.000000000000000000, 0.000000000000000000, 0.000000000000000000 ) ) ;
#1558 = ADVANCED_FACE ( 'NONE', ( #2586 ), #1348, .T. ) ;
#1559 = DIRECTION ( 'NONE',  ( 0.000000000000000000, 1.000000000000000000, -8.673617379884039170E-17 ) ) ;
#1560 = ORIENTED_EDGE ( 'NONE', *, *, #2711, .T. ) ;
#1561 = CARTESIAN_POINT ( 'NONE',  ( 30.36593028758679580, 17.53601707339420201, 1.164324705143956029 ) ) ;
#1562 = CYLINDRICAL_SURFACE ( 'NONE', #3713, 2.000000000000000000 ) ;
#1563 = CARTESIAN_POINT ( 'NONE',  ( -31.80470223726309698, 16.17496733658471086, 1.767414233374674959 ) ) ;
#1564 = CARTESIAN_POINT ( 'NONE',  ( -28.24532184424118952, -1.779324698132140892, 44.67802248251416586 ) ) ;
#1565 = ORIENTED_EDGE ( 'NONE', *, *, #4404, .F. ) ;
#1566 = FACE_OUTER_BOUND ( 'NONE', #692, .T. ) ;
#1567 = CARTESIAN_POINT ( 'NONE',  ( -28.20583225160570962, -2.322784614960603733, 13.77832956292989941 ) ) ;
#1568 = CIRCLE ( 'NONE', #1202, 28.29999999999999716 ) ;
#1569 = CARTESIAN_POINT ( 'NONE',  ( -11.36052965214569888, 33.10512217578480687, 20.44369180646140194 ) ) ;
#1570 = CARTESIAN_POINT ( 'NONE',  ( -35.00000000007993606, -15.49763501531518273, 7.927521203614475098 ) ) ;
#1571 = ADVANCED_FACE ( 'NONE', ( #3120 ), #1150, .F. ) ;
#1572 = CIRCLE ( 'NONE', #4711, 50.00000000000000000 ) ;
#1573 = VECTOR ( 'NONE', #2637, 999.9999999999998863 ) ;
#1574 = CARTESIAN_POINT ( 'NONE',  ( -9.169852689972650239, 33.77770110407809767, 7.550390130117110132 ) ) ;
#1575 = ORIENTED_EDGE ( 'NONE', *, *, #423, .T. ) ;
#1576 = EDGE_CURVE ( 'NONE', #705, #1713, #657, .T. ) ;
#1577 = DIRECTION ( 'NONE',  ( 0.000000000000000000, -1.000000000000000000, 0.000000000000000000 ) ) ;
#1578 = AXIS2_PLACEMENT_3D ( 'NONE', #5547, #4264, #2937 ) ;
#1579 = CARTESIAN_POINT ( 'NONE',  ( -9.231800902144330578, 31.29721841712580144, 19.07598281873924861 ) ) ;
#1580 = CIRCLE ( 'NONE', #3264, 1.999999999999998224 ) ;
#1581 = VERTEX_POINT ( 'NONE', #3953 ) ;
#1582 = AXIS2_PLACEMENT_3D ( 'NONE', #2525, #4751, #4779 ) ;
#1583 = LINE ( 'NONE', #229, #747 ) ;
#1584 = CARTESIAN_POINT ( 'NONE',  ( 8.623974774080760852, 33.92119719967669766, 21.49999636015785143 ) ) ;
#1585 = ORIENTED_EDGE ( 'NONE', *, *, #1772, .F. ) ;
#1586 = DIRECTION ( 'NONE',  ( 1.000000000000000000, 0.000000000000000000, 0.000000000000000000 ) ) ;
#1587 = DIRECTION ( 'NONE',  ( 0.000000000000000000, -6.938893903907229610E-17, -1.000000000000000000 ) ) ;
#1588 = CIRCLE ( 'NONE', #4721, 3.400000000000000355 ) ;
#1589 = DIRECTION ( 'NONE',  ( 0.000000000000000000, 0.000000000000000000, 1.000000000000000000 ) ) ;
#1590 = ORIENTED_EDGE ( 'NONE', *, *, #625, .T. ) ;
#1591 = DIRECTION ( 'NONE',  ( 1.000000000000000000, 0.000000000000000000, 0.000000000000000000 ) ) ;
#1592 = CARTESIAN_POINT ( 'NONE',  ( 34.79199937089553885, 16.48243416974646181, 4.543206712424807669 ) ) ;
#1593 = CARTESIAN_POINT ( 'NONE',  ( -34.85531059276914334, -15.91735852835125087, 7.101792143804080304 ) ) ;
#1594 =( BOUNDED_CURVE ( )  B_SPLINE_CURVE ( 3, ( #1758, #3436, #1266, #5203, #1238, #3004 ),
 .UNSPECIFIED., .F., .F. ) 
 B_SPLINE_CURVE_WITH_KNOTS ( ( 4, 2, 4 ),
 ( 0.000000000000000000, 0.4999967739576134940, 1.000000000000000000 ),
 .UNSPECIFIED. ) 
 CURVE ( )  GEOMETRIC_REPRESENTATION_ITEM ( )  RATIONAL_B_SPLINE_CURVE ( ( 0.9999999847595520963, 0.9999999848579073092, 0.9999999853729315547, 0.9999999872087461661, 0.9999999885356708473, 0.9999999901507602429 ) ) 
 REPRESENTATION_ITEM ( '' )  );
#1595 = CARTESIAN_POINT ( 'NONE',  ( 9.324400688230191747, 26.71987260590532998, 19.00222753060028325 ) ) ;
#1596 = ORIENTED_EDGE ( 'NONE', *, *, #2692, .T. ) ;
#1597 = CARTESIAN_POINT ( 'NONE',  ( -26.08007523145182560, 23.40030500567300464, -2.057949029345412573 ) ) ;
#1598 = CARTESIAN_POINT ( 'NONE',  ( -28.20583790849343941, -2.322694630349100287, 10.22155834018170140 ) ) ;
#1599 = CARTESIAN_POINT ( 'NONE',  ( -12.44473610604783786, 32.71282955886290011, 18.93687147291640116 ) ) ;
#1600 = EDGE_CURVE ( 'NONE', #5552, #4065, #11, .T. ) ;
#1601 = CARTESIAN_POINT ( 'NONE',  ( 28.26427992334685513, 1.465232725312120898, 32.03197444291275531 ) ) ;
#1602 = CIRCLE ( 'NONE', #1793, 2.000000000000001776 ) ;
#1603 = FACE_OUTER_BOUND ( 'NONE', #5521, .T. ) ;
#1604 = ORIENTED_EDGE ( 'NONE', *, *, #4228, .T. ) ;
#1605 = LINE ( 'NONE', #2450, #1395 ) ;
#1606 = CIRCLE ( 'NONE', #1516, 3.000000000000000000 ) ;
#1607 = CARTESIAN_POINT ( 'NONE',  ( 29.83691429206184864, 17.74117314562429826, 1.069026457436230038 ) ) ;
#1608 = ADVANCED_FACE ( 'NONE', ( #466 ), #4617, .F. ) ;
#1609 = B_SPLINE_CURVE_WITH_KNOTS ( 'NONE', 3,
 ( #5184, #293, #3476, #2088, #2956, #4773, #3507, #3013, #864, #5651, #803, #2571, #4709, #4254, #268, #4799, #2113, #5625, #383, #2061, #4310, #5272, #3820, #2148, #777, #1218, #5599, #3848, #1302, #1620, #5244, #3393, #4285, #3873, #4337, #351, #1189, #4371, #2985, #748, #3909, #318 ),
 .UNSPECIFIED., .F., .F.,
 ( 4, 2, 2, 2, 2, 2, 2, 2, 2, 2, 2, 2, 2, 2, 2, 2, 2, 2, 2, 2, 4 ),
 ( 0.000000000000000000, 0.06249999999999947264, 0.1249999999999989453, 0.1562499999999995004, 0.1875000000000000833, 0.2499999999999996669, 0.3124999999999998335, 0.3437499999999996114, 0.3750000000000001665, 0.4374999999999996114, 0.4687499999999994449, 0.5000000000000000000, 0.5624999999999995559, 0.5937500000000000000, 0.6249999999999996669, 0.6875000000000001110, 0.7500000000000001110, 0.8124999999999998890, 0.8749999999999998890, 0.9374999999999998890, 1.000000000000000000 ),
 .UNSPECIFIED. ) ;
#1610 = ORIENTED_EDGE ( 'NONE', *, *, #5021, .T. ) ;
#1611 = CARTESIAN_POINT ( 'NONE',  ( -25.72182917369732280, -21.06573687033593956, 5.251091069469333128 ) ) ;
#1612 = ORIENTED_EDGE ( 'NONE', *, *, #2097, .T. ) ;
#1613 = DIRECTION ( 'NONE',  ( 0.000000000000000000, 0.000000000000000000, 1.000000000000000000 ) ) ;
#1614 = CARTESIAN_POINT ( 'NONE',  ( -26.75000000000000000, 16.80260396486210084, 63.00000000000000000 ) ) ;
#1615 = B_SPLINE_CURVE_WITH_KNOTS ( 'NONE', 3,
 ( #4770, #4455, #2930, #472, #715, #2540, #2483, #4252, #3444, #2059, #799, #2514, #3391, #2568, #5154, #263, #2110, #3360, #4306, #3819, #2982, #4334, #5596, #1186, #774, #3472, #3906, #1617, #4739, #1215, #315, #2953, #1272, #4706, #348, #3845, #4282, #744 ),
 .UNSPECIFIED., .F., .F.,
 ( 4, 2, 2, 2, 2, 2, 2, 2, 2, 2, 2, 2, 2, 2, 2, 2, 2, 2, 4 ),
 ( 0.000000000000000000, 0.06250000000000000000, 0.09375000000000000000, 0.1250000000000000000, 0.1875000000000000000, 0.2500000000000000000, 0.3125000000000000000, 0.3437500000000000000, 0.3750000000000000000, 0.5000000000000000000, 0.5312500000000000000, 0.5625000000000000000, 0.6250000000000000000, 0.6875000000000000000, 0.7500000000000000000, 0.8125000000000000000, 0.8750000000000000000, 0.9375000000000000000, 1.000000000000000000 ),
 .UNSPECIFIED. ) ;
#1616 = CARTESIAN_POINT ( 'NONE',  ( 34.99999999999999289, -15.70072301903024581, 6.742189683251305965 ) ) ;
#1617 = CARTESIAN_POINT ( 'NONE',  ( -8.875365085743190718, 31.52677366188175156, 9.700592969031951895 ) ) ;
#1618 = ORIENTED_EDGE ( 'NONE', *, *, #5209, .F. ) ;
#1619 = CARTESIAN_POINT ( 'NONE',  ( 32.50929904524392811, 19.29186786216246219, 0.3708492122820910564 ) ) ;
#1620 = CARTESIAN_POINT ( 'NONE',  ( -8.423817399809706785, 30.47801214239153111, -8.099697406916783748 ) ) ;
#1621 = CARTESIAN_POINT ( 'NONE',  ( -35.00000000000000000, -15.31421052844974895, 7.545693304363489062 ) ) ;
#1622 = LINE ( 'NONE', #2609, #1485 ) ;
#1623 = ORIENTED_EDGE ( 'NONE', *, *, #5116, .T. ) ;
#1624 = B_SPLINE_CURVE_WITH_KNOTS ( 'NONE', 3,
 ( #5046, #5071, #1078, #4550 ),
 .UNSPECIFIED., .F., .F.,
 ( 4, 4 ),
 ( 0.000000000000000000, 0.0002601673264201604914 ),
 .UNSPECIFIED. ) ;
#1625 = ADVANCED_FACE ( 'NONE', ( #3496 ), #1379, .F. ) ;
#1626 = DIRECTION ( 'NONE',  ( 0.7071067811865460184, 8.659560562354918067E-17, 0.7071067811865489050 ) ) ;
#1627 = DIRECTION ( 'NONE',  ( 0.000000000000000000, 1.000000000000000000, -4.336808689942013792E-15 ) ) ;
#1628 = CARTESIAN_POINT ( 'NONE',  ( -9.373373338841890501, 33.72157857493544952, 21.41183524786405101 ) ) ;
#1629 = DIRECTION ( 'NONE',  ( 0.000000000000000000, 0.000000000000000000, -1.000000000000000000 ) ) ;
#1630 = CARTESIAN_POINT ( 'NONE',  ( 9.973179933704699351, 30.76175050284515322, 11.16685972387864112 ) ) ;
#1631 = ORIENTED_EDGE ( 'NONE', *, *, #2754, .F. ) ;
#1632 = EDGE_CURVE ( 'NONE', #1242, #3298, #2052, .T. ) ;
#1633 = DIRECTION ( 'NONE',  ( -1.000000000000000000, 0.000000000000000000, 0.000000000000000000 ) ) ;
#1634 = CARTESIAN_POINT ( 'NONE',  ( 35.00000000000000000, -15.39791014490355003, 7.672202125583919674 ) ) ;
#1635 = CARTESIAN_POINT ( 'NONE',  ( -9.996579254902059120, 30.74352542462199978, 17.63461767202805319 ) ) ;
#1636 = B_SPLINE_CURVE_WITH_KNOTS ( 'NONE', 3,
 ( #5015, #1047, #2378, #620, #145, #171, #3705, #5482, #1503, #3273, #4695, #5635, #5144, #4296, #5554, #305, #1579, #280, #2017, #4243, #3352, #1662, #729, #5118, #1121, #3836, #1174, #5529, #4673, #3432, #5613, #2475, #250, #1550, #1148, #1635, #4218, #3757 ),
 .UNSPECIFIED., .F., .F.,
 ( 4, 2, 2, 2, 2, 2, 2, 2, 2, 2, 2, 2, 2, 2, 2, 2, 2, 2, 4 ),
 ( 0.000000000000000000, 0.1250000000000000000, 0.1562500000000000000, 0.1875000000000000000, 0.2500000000000000000, 0.3125000000000000000, 0.3750000000000000000, 0.4062500000000000000, 0.4375000000000000000, 0.5000000000000000000, 0.5625000000000000000, 0.6250000000000000000, 0.6875000000000000000, 0.7500000000000000000, 0.7812500000000000000, 0.8125000000000000000, 0.8750000000000000000, 0.9375000000000000000, 1.000000000000000000 ),
 .UNSPECIFIED. ) ;
#1637 = EDGE_CURVE ( 'NONE', #3811, #2648, #364, .T. ) ;
#1638 = CARTESIAN_POINT ( 'NONE',  ( -34.99981003234470478, -15.51141691099045161, 8.000000000000000000 ) ) ;
#1639 = ORIENTED_EDGE ( 'NONE', *, *, #5050, .T. ) ;
#1640 = CYLINDRICAL_SURFACE ( 'NONE', #4179, 3.000000000000000444 ) ;
#1641 = CARTESIAN_POINT ( 'NONE',  ( 8.418876002587630580, 31.79463122780149575, 9.544082376066070239 ) ) ;
#1642 = ORIENTED_EDGE ( 'NONE', *, *, #4288, .F. ) ;
#1643 = ADVANCED_FACE ( 'NONE', ( #4635 ), #4114, .F. ) ;
#1644 = DIRECTION ( 'NONE',  ( -1.000000000000000000, 0.000000000000000000, 0.000000000000000000 ) ) ;
#1645 = DIRECTION ( 'NONE',  ( 0.000000000000000000, 0.000000000000000000, -1.000000000000000000 ) ) ;
#1646 = DIRECTION ( 'NONE',  ( 0.000000000000000000, 0.000000000000000000, 1.000000000000000000 ) ) ;
#1647 = ORIENTED_EDGE ( 'NONE', *, *, #1244, .F. ) ;
#1648 = CARTESIAN_POINT ( 'NONE',  ( -26.75000000000000000, -16.80260396486210084, 54.00000000000000000 ) ) ;
#1649 = CARTESIAN_POINT ( 'NONE',  ( -8.000000000000000000, 32.01562118716435634, 19.50000000000000000 ) ) ;
#1650 = CARTESIAN_POINT ( 'NONE',  ( -35.00000000000000000, -15.63138184420969168, 7.320985708854592211 ) ) ;
#1651 = EDGE_LOOP ( 'NONE', ( #25, #4522, #4283, #2947 ) ) ;
#1652 = DIRECTION ( 'NONE',  ( 0.000000000000000000, 0.000000000000000000, -1.000000000000000000 ) ) ;
#1653 = CARTESIAN_POINT ( 'NONE',  ( -28.29216882657096477, 0.7544926790590485988, 49.82631670345755026 ) ) ;
#1654 = CARTESIAN_POINT ( 'NONE',  ( 28.29999999999999716, -0.3842395913052017442, 32.39999999999999147 ) ) ;
#1655 = LINE ( 'NONE', #3022, #568 ) ;
#1656 = ADVANCED_FACE ( 'NONE', ( #2438 ), #5380, .F. ) ;
#1657 = ORIENTED_EDGE ( 'NONE', *, *, #235, .F. ) ;
#1658 = CARTESIAN_POINT ( 'NONE',  ( -9.884613011080253031, 26.51765526781502302, 10.82898218801464196 ) ) ;
#1659 = ORIENTED_EDGE ( 'NONE', *, *, #5116, .F. ) ;
#1660 = CARTESIAN_POINT ( 'NONE',  ( -9.955980344769702839, 26.49271590492912765, 17.99470077977647264 ) ) ;
#1661 = CARTESIAN_POINT ( 'NONE',  ( 26.26896822263694276, -21.80054488029179183, 5.873081918456296791 ) ) ;
#1662 = CARTESIAN_POINT ( 'NONE',  ( -9.575988381112431114, 31.05867633389795301, 18.73310771813289932 ) ) ;
#1663 = AXIS2_PLACEMENT_3D ( 'NONE', #5426, #3156, #4924 ) ;
#1664 = VECTOR ( 'NONE', #5310, 1000.000000000000114 ) ;
#1665 = CARTESIAN_POINT ( 'NONE',  ( -8.762859561887921700, 33.88649257023624273, 21.49994671891355225 ) ) ;
#1666 = VERTEX_POINT ( 'NONE', #241 ) ;
#1667 = CARTESIAN_POINT ( 'NONE',  ( 33.17666223526509839, -14.25606666871211914, 5.000000000000000000 ) ) ;
#1668 = DIRECTION ( 'NONE',  ( -1.000000000000000000, 0.000000000000000000, 0.000000000000000000 ) ) ;
#1669 = AXIS2_PLACEMENT_3D ( 'NONE', #3774, #5548, #3724 ) ;
#1670 = CARTESIAN_POINT ( 'NONE',  ( 9.724324026749348704, 30.95049208087790049, 10.48460839945219902 ) ) ;
#1671 = CIRCLE ( 'NONE', #2134, 28.29999999999999716 ) ;
#1672 = VERTEX_POINT ( 'NONE', #5133 ) ;
#1673 = DIRECTION ( 'NONE',  ( 0.000000000000000000, 0.000000000000000000, 1.000000000000000000 ) ) ;
#1674 = CIRCLE ( 'NONE', #648, 28.29999999999999716 ) ;
#1675 = VECTOR ( 'NONE', #550, 1000.000000000000000 ) ;
#1676 = LINE ( 'NONE', #4796, #481 ) ;
#1677 = CARTESIAN_POINT ( 'NONE',  ( 29.83691429206184864, 17.74117314562429826, 1.069026457436230038 ) ) ;
#1678 = ORIENTED_EDGE ( 'NONE', *, *, #5176, .T. ) ;
#1679 = CARTESIAN_POINT ( 'NONE',  ( 34.99290779483882119, -16.22041185690775578, 8.000000000000003553 ) ) ;
#1680 = AXIS2_PLACEMENT_3D ( 'NONE', #3973, #2993, #4437 ) ;
#1681 = CARTESIAN_POINT ( 'NONE',  ( -32.73294549770970008, -18.91290918499440110, 5.000000000000000000 ) ) ;
#1682 = CARTESIAN_POINT ( 'NONE',  ( -33.00000000000000000, -13.92840621133072077, 5.000000000000000000 ) ) ;
#1683 = CARTESIAN_POINT ( 'NONE',  ( -35.00000000000000000, 0.000000000000000000, 12.00000000000000000 ) ) ;
#1684 = ADVANCED_FACE ( 'NONE', ( #4257 ), #4250, .F. ) ;
#1685 = EDGE_LOOP ( 'NONE', ( #4031, #2129, #4893, #1552 ) ) ;
#1686 = CARTESIAN_POINT ( 'NONE',  ( 8.892004082835709866, 33.85745385711939548, -6.718115952131089585 ) ) ;
#1687 = CARTESIAN_POINT ( 'NONE',  ( -28.20596600472640958, 2.321171457487020362, 48.78044521388979859 ) ) ;
#1688 = LINE ( 'NONE', #3021, #1675 ) ;
#1689 = CARTESIAN_POINT ( 'NONE',  ( 26.08745973749730140, 23.33333333333359860, -61.00000000000000000 ) ) ;
#1690 = ORIENTED_EDGE ( 'NONE', *, *, #3, .T. ) ;
#1691 = CARTESIAN_POINT ( 'NONE',  ( -35.00000000000000000, -15.48385181469814853, 7.859001005293608344 ) ) ;
#1692 = CARTESIAN_POINT ( 'NONE',  ( 40.00000000000000000, 0.000000000000000000, 12.00000000000000000 ) ) ;
#1693 = CARTESIAN_POINT ( 'NONE',  ( 26.08745973749730140, 23.33333333333359860, 64.00000000000000000 ) ) ;
#1694 = CARTESIAN_POINT ( 'NONE',  ( 25.16573937337484423, -20.31045660183594492, 5.000000000000003553 ) ) ;
#1695 = DIRECTION ( 'NONE',  ( -0.6397259552089373802, 0.7686030849743011872, 0.000000000000000000 ) ) ;
#1696 =( GEOMETRIC_REPRESENTATION_CONTEXT ( 3 ) GLOBAL_UNCERTAINTY_ASSIGNED_CONTEXT ( ( #5444 ) ) GLOBAL_UNIT_ASSIGNED_CONTEXT ( ( #1462, #1842, #5004 ) ) REPRESENTATION_CONTEXT ( 'NONE', 'WORKASPACE' ) );
#1697 = CARTESIAN_POINT ( 'NONE',  ( 12.51615600448845989, 32.68556793608065192, 10.25207736855490026 ) ) ;
#1698 = ORIENTED_EDGE ( 'NONE', *, *, #4727, .F. ) ;
#1699 = LINE ( 'NONE', #4890, #3173 ) ;
#1700 = CARTESIAN_POINT ( 'NONE',  ( 9.738832770356580681, 30.93968905931950175, 18.48872067938205177 ) ) ;
#1701 = AXIS2_PLACEMENT_3D ( 'NONE', #5069, #5511, #3385 ) ;
#1702 = ORIENTED_EDGE ( 'NONE', *, *, #5670, .T. ) ;
#1703 = VECTOR ( 'NONE', #3530, 1000.000000000000000 ) ;
#1704 = CARTESIAN_POINT ( 'NONE',  ( 9.152085688567240140, 31.35022918444060025, 19.13610737505019799 ) ) ;
#1705 = CARTESIAN_POINT ( 'NONE',  ( 30.41111563622945013, -20.46559750501669583, -20.84927391700995258 ) ) ;
#1706 = ORIENTED_EDGE ( 'NONE', *, *, #4390, .T. ) ;
#1707 = CARTESIAN_POINT ( 'NONE',  ( 33.36735926167130373, -18.15707473300470198, 64.00000000000000000 ) ) ;
#1708 = DIRECTION ( 'NONE',  ( 0.000000000000000000, 0.000000000000000000, 1.000000000000000000 ) ) ;
#1709 = CARTESIAN_POINT ( 'NONE',  ( -35.00000000000000000, -15.16037052666885110, 7.389047768532090110 ) ) ;
#1710 = B_SPLINE_CURVE_WITH_KNOTS ( 'NONE', 3,
 ( #3620, #2399, #1093, #5394, #5428, #1420, #4616, #4056 ),
 .UNSPECIFIED., .F., .F.,
 ( 4, 2, 2, 4 ),
 ( 0.000000000000000000, 0.5000000000000000000, 0.7499999999999992228, 1.000000000000000000 ),
 .UNSPECIFIED. ) ;
#1711 = EDGE_CURVE ( 'NONE', #2846, #4196, #2127, .T. ) ;
#1712 = EDGE_CURVE ( 'NONE', #4422, #4486, #3709, .T. ) ;
#1713 = VERTEX_POINT ( 'NONE', #4339 ) ;
#1714 = CARTESIAN_POINT ( 'NONE',  ( -6.070727169107410504, 30.96777568606755082, -8.627177040942328290 ) ) ;
#1715 = LINE ( 'NONE', #3484, #2599 ) ;
#1716 = CARTESIAN_POINT ( 'NONE',  ( -28.15105964228228430, 2.899627761638678525, 47.38677619450443501 ) ) ;
#1717 = LINE ( 'NONE', #5194, #3170 ) ;
#1718 = EDGE_LOOP ( 'NONE', ( #5253, #4136, #3555, #411 ) ) ;
#1719 = CARTESIAN_POINT ( 'NONE',  ( 9.930214535310589952, 30.79499987209025136, 10.97203231242713883 ) ) ;
#1720 = CARTESIAN_POINT ( 'NONE',  ( 35.00000000000000000, -15.48385181469829952, 47.23578073158159896 ) ) ;
#1721 = CARTESIAN_POINT ( 'NONE',  ( -9.264787205347253973, 26.74165987088561636, 19.04999241851948355 ) ) ;
#1722 = CARTESIAN_POINT ( 'NONE',  ( 26.06412014471811744, -21.52565478452529035, 5.578658681070519876 ) ) ;
#1723 = CARTESIAN_POINT ( 'NONE',  ( -34.10432455257686257, -16.01467212417661656, 5.938315732654026569 ) ) ;
#1724 = CARTESIAN_POINT ( 'NONE',  ( 33.34877244057864942, -16.27605516819560094, 5.582517546045550283 ) ) ;
#1725 = ORIENTED_EDGE ( 'NONE', *, *, #5240, .F. ) ;
#1726 = CARTESIAN_POINT ( 'NONE',  ( 11.81818181818174018, 31.98290693617699532, 17.50000000000000000 ) ) ;
#1727 = CARTESIAN_POINT ( 'NONE',  ( -25.75000000000000000, 16.80260396486210084, 64.00000000000000000 ) ) ;
#1728 = B_SPLINE_SURFACE_WITH_KNOTS ( 'NONE', 1, 3, ( 
 ( #4510, #532, #3989, #564, #4919, #2285, #1042, #2681, #5757, #1913, #3121, #4080, #4051, #5352, #2345, #4450, #4115, #115, #468, #4982, #2256, #4023, #1819, #1414, #1380, #1011, #3153, #2776, #4954, #82, #51, #981, #3648, #5422, #4669, #5503, #3348, #2447 ),
 ( #5061, #4642, #2042, #1116, #1961, #3269, #224, #1547, #1936, #1090, #3805, #2014, #4612, #640, #3701, #3727, #3776, #616, #141, #3319, #670, #4160, #1497, #2396, #5475, #5035, #166, #5140, #2914, #5551, #194, #1068, #247, #1574, #1522, #2835, #4589, #5114 ) ),
 .UNSPECIFIED., .F., .F., .F.,
 ( 2, 2 ),
 ( 4, 2, 2, 2, 2, 2, 2, 2, 2, 2, 2, 2, 2, 2, 2, 2, 2, 2, 4 ),
 ( 0.000000000000000000, 1.000000000000000000 ),
 ( 0.000000000000000000, 0.0003997978561041769913, 0.0005996967841562660020, 0.0007995957122083539826, 0.001199393568312530052, 0.001599191424416710134, 0.001998989280520884794, 0.002198888208572974835, 0.002398787136625059671, 0.003198382848833415063, 0.003398281776885505104, 0.003598180704937595144, 0.003997978561041769588, 0.004397776417145945332, 0.004797574273250120210, 0.005197372129354300291, 0.005597169985458480372, 0.005996967841562659586, 0.006396765697666830126 ),
 .UNSPECIFIED. ) ;
#1729 = ORIENTED_EDGE ( 'NONE', *, *, #4190, .F. ) ;
#1730 = CARTESIAN_POINT ( 'NONE',  ( -26.80077643654355057, -22.51040609137055171, -20.84927391700995258 ) ) ;
#1731 = EDGE_CURVE ( 'NONE', #1530, #127, #1622, .T. ) ;
#1732 = FACE_OUTER_BOUND ( 'NONE', #2537, .T. ) ;
#1733 = CARTESIAN_POINT ( 'NONE',  ( -4.539259443246800529, 34.71035335893915885, -7.589797938118420184 ) ) ;
#1734 = ORIENTED_EDGE ( 'NONE', *, *, #1137, .F. ) ;
#1735 = EDGE_CURVE ( 'NONE', #5512, #1052, #3795, .T. ) ;
#1736 = DIRECTION ( 'NONE',  ( -0.7659479522561344345, 0.6429025854938166251, 0.000000000000000000 ) ) ;
#1737 = EDGE_CURVE ( 'NONE', #942, #1713, #270, .T. ) ;
#1738 = PLANE ( 'NONE',  #5186 ) ;
#1739 = CARTESIAN_POINT ( 'NONE',  ( 10.34318915103539815, 33.43702152551579587, 7.901875735160509784 ) ) ;
#1740 = VERTEX_POINT ( 'NONE', #3875 ) ;
#1741 = CARTESIAN_POINT ( 'NONE',  ( -13.59546461776792015, 32.27430885409579275, -5.212583278572670231 ) ) ;
#1742 = CARTESIAN_POINT ( 'NONE',  ( -8.000000000000000000, 39.00000000000000000, 19.50000000000000000 ) ) ;
#1743 = CARTESIAN_POINT ( 'NONE',  ( 33.00000000000000000, -15.35740104585489973, 7.605054320355889352 ) ) ;
#1744 = CARTESIAN_POINT ( 'NONE',  ( -10.00000000000000000, 26.47432718691825215, 61.00001199999999812 ) ) ;
#1745 = CARTESIAN_POINT ( 'NONE',  ( -33.00000000000000000, 15.50910527760489899, 4.176056798680565230 ) ) ;
#1746 = EDGE_CURVE ( 'NONE', #4901, #4191, #354, .T. ) ;
#1747 = B_SPLINE_CURVE_WITH_KNOTS ( 'NONE', 3,
 ( #3636, #3569, #4877, #902, #5439, #4499, #4468, #1025, #2670, #1400 ),
 .UNSPECIFIED., .F., .F.,
 ( 4, 3, 3, 4 ),
 ( 0.000000000000000000, 0.0002917878637703755413, 0.0003688248904881114899, 0.0007080168086637310355 ),
 .UNSPECIFIED. ) ;
#1748 = VERTEX_POINT ( 'NONE', #518 ) ;
#1749 = EDGE_CURVE ( 'NONE', #2546, #2509, #3176, .T. ) ;
#1750 = CARTESIAN_POINT ( 'NONE',  ( 8.989785798379859472, 31.45508467770505234, 9.760903867390430477 ) ) ;
#1751 = EDGE_LOOP ( 'NONE', ( #1931, #4161, #2015 ) ) ;
#1752 = CARTESIAN_POINT ( 'NONE',  ( -9.378971142338954792, 26.70069717451209357, 18.94863421289148775 ) ) ;
#1753 = CARTESIAN_POINT ( 'NONE',  ( 26.62143352124328644, -22.27081289114587292, 6.694709986847443339 ) ) ;
#1754 = CARTESIAN_POINT ( 'NONE',  ( -33.98959580293098526, -15.91494769804034703, 5.755571297558197408 ) ) ;
#1755 = CARTESIAN_POINT ( 'NONE',  ( 9.866434351979311401, 26.52440509044077999, 18.21882839980069591 ) ) ;
#1756 = CARTESIAN_POINT ( 'NONE',  ( 11.04314306493919950, 33.21223304727050163, 8.308454428755469579 ) ) ;
#1757 = ORIENTED_EDGE ( 'NONE', *, *, #1749, .F. ) ;
#1758 = CARTESIAN_POINT ( 'NONE',  ( -33.34877244057840073, -16.27605516819804876, 5.582517546046529944 ) ) ;
#1759 = DIRECTION ( 'NONE',  ( 0.000000000000000000, 0.000000000000000000, 1.000000000000000000 ) ) ;
#1760 = ORIENTED_EDGE ( 'NONE', *, *, #3988, .T. ) ;
#1761 = AXIS2_PLACEMENT_3D ( 'NONE', #3351, #3778, #5553 ) ;
#1762 = AXIS2_PLACEMENT_3D ( 'NONE', #3043, #295, #2573 ) ;
#1763 = DIRECTION ( 'NONE',  ( 0.000000000000000000, -0.000000000000000000, -1.000000000000000000 ) ) ;
#1764 = AXIS2_PLACEMENT_3D ( 'NONE', #4844, #2524, #5718 ) ;
#1765 = CIRCLE ( 'NONE', #1305, 2.000000000000000000 ) ;
#1766 = CARTESIAN_POINT ( 'NONE',  ( 2.591947384082009975, 34.90997104407254881, -7.800722432417940055 ) ) ;
#1767 = ORIENTED_EDGE ( 'NONE', *, *, #4862, .T. ) ;
#1768 = LINE ( 'NONE', #3935, #3987 ) ;
#1769 = CYLINDRICAL_SURFACE ( 'NONE', #569, 10.00000000000000178 ) ;
#1770 = CARTESIAN_POINT ( 'NONE',  ( 11.36052965214569888, 33.10512217578480687, 8.556308193538571416 ) ) ;
#1771 = CIRCLE ( 'NONE', #2600, 2.000000000000001776 ) ;
#1772 = EDGE_CURVE ( 'NONE', #588, #2, #91, .T. ) ;
#1773 = ORIENTED_EDGE ( 'NONE', *, *, #5452, .T. ) ;
#1774 = CIRCLE ( 'NONE', #5023, 2.000000000000000888 ) ;
#1775 = DIRECTION ( 'NONE',  ( -1.000000000000000000, 0.000000000000000000, 0.000000000000000000 ) ) ;
#1776 = CARTESIAN_POINT ( 'NONE',  ( 28.29999999999999005, -0.3857545807607298260, 44.10000000000000853 ) ) ;
#1777 = CARTESIAN_POINT ( 'NONE',  ( 34.49955220767903086, -16.70966814330380146, 7.291890781676637623 ) ) ;
#1778 = DIRECTION ( 'NONE',  ( 1.000000000000000000, 0.000000000000000000, 0.000000000000000000 ) ) ;
#1779 = ORIENTED_EDGE ( 'NONE', *, *, #5598, .F. ) ;
#1780 = CARTESIAN_POINT ( 'NONE',  ( -35.00000000000000000, -15.48385181469814853, 47.67602819306329565 ) ) ;
#1781 = ORIENTED_EDGE ( 'NONE', *, *, #1534, .F. ) ;
#1782 = EDGE_CURVE ( 'NONE', #5109, #2777, #3419, .T. ) ;
#1783 = CARTESIAN_POINT ( 'NONE',  ( 9.930214535310589952, 30.79499987209025136, 10.97203231242713883 ) ) ;
#1784 = CARTESIAN_POINT ( 'NONE',  ( -9.339118459077445422, 26.71496728975219881, 18.98563582138242012 ) ) ;
#1785 = CARTESIAN_POINT ( 'NONE',  ( 26.66936317556510261, -22.33455503504707096, 6.874177455520239732 ) ) ;
#1786 = DIRECTION ( 'NONE',  ( 0.000000000000000000, 0.000000000000000000, 1.000000000000000000 ) ) ;
#1787 = CARTESIAN_POINT ( 'NONE',  ( -10.00000000000000000, 39.00000000000000000, 17.50000000000000000 ) ) ;
#1788 = CARTESIAN_POINT ( 'NONE',  ( -34.50000000000000000, 0.000000000000000000, 12.00000000000000000 ) ) ;
#1789 = ORIENTED_EDGE ( 'NONE', *, *, #4162, .F. ) ;
#1790 = DIRECTION ( 'NONE',  ( 0.000000000000000000, 0.000000000000000000, -1.000000000000000000 ) ) ;
#1791 = CARTESIAN_POINT ( 'NONE',  ( 8.511750794940150300, 31.74260377208244677, 19.43449044225160094 ) ) ;
#1792 = ORIENTED_EDGE ( 'NONE', *, *, #5452, .F. ) ;
#1793 = AXIS2_PLACEMENT_3D ( 'NONE', #4585, #5057, #612 ) ;
#1794 = CARTESIAN_POINT ( 'NONE',  ( -28.29999999999999716, -19.99999999999964828, 5.000000000000000000 ) ) ;
#1795 = AXIS2_PLACEMENT_3D ( 'NONE', #284, #3576, #2563 ) ;
#1796 = CARTESIAN_POINT ( 'NONE',  ( 9.889650585529809135, 30.82612277517934984, 18.15848715446495021 ) ) ;
#1797 = DIRECTION ( 'NONE',  ( 1.000000000000000000, 4.440892098500626162E-15, 0.000000000000000000 ) ) ;
#1798 = ORIENTED_EDGE ( 'NONE', *, *, #1244, .T. ) ;
#1799 = CARTESIAN_POINT ( 'NONE',  ( -12.72001660130692002, 32.60676938975064587, 17.76923534405900185 ) ) ;
#1800 = CARTESIAN_POINT ( 'NONE',  ( 11.65006844560575949, 33.00431421156490330, 8.833429563582189559 ) ) ;
#1801 = AXIS2_PLACEMENT_3D ( 'NONE', #1319, #1290, #914 ) ;
#1802 = VERTEX_POINT ( 'NONE', #3107 ) ;
#1803 = CARTESIAN_POINT ( 'NONE',  ( 1.510254109369499220, 34.97622598224047152, -13.15662725793532317 ) ) ;
#1804 = FACE_BOUND ( 'NONE', #5182, .T. ) ;
#1805 = DIRECTION ( 'NONE',  ( -1.000000000000000000, 0.000000000000000000, 0.000000000000000000 ) ) ;
#1806 = CARTESIAN_POINT ( 'NONE',  ( 28.20578337190287499, -2.323308453906104631, 45.22249430205248899 ) ) ;
#1807 = CARTESIAN_POINT ( 'NONE',  ( 34.37490577305934636, -16.47848286000054330, 6.631588393628356393 ) ) ;
#1808 = CARTESIAN_POINT ( 'NONE',  ( 25.30064282233809791, 20.29486478949295147, -0.2269951423921345024 ) ) ;
#1809 = EDGE_CURVE ( 'NONE', #1301, #617, #2270, .T. ) ;
#1810 = ORIENTED_EDGE ( 'NONE', *, *, #5584, .T. ) ;
#1811 = CARTESIAN_POINT ( 'NONE',  ( -8.566574606813423642, 26.97237397479310061, 9.581450240539895802 ) ) ;
#1812 = EDGE_LOOP ( 'NONE', ( #3876, #3127, #1781, #4244 ) ) ;
#1813 = DIRECTION ( 'NONE',  ( 0.7686030849743101800, -0.6397259552089265000, 0.000000000000000000 ) ) ;
#1814 = CARTESIAN_POINT ( 'NONE',  ( 35.00000000000001421, -13.92840621133061951, 4.999999999999985789 ) ) ;
#1815 = CARTESIAN_POINT ( 'NONE',  ( 34.49918916491635201, -15.61156120332333863, 6.037866306852178511 ) ) ;
#1816 = CARTESIAN_POINT ( 'NONE',  ( -28.20596600472985216, 2.321171457439843877, 31.28044521393311683 ) ) ;
#1817 = CARTESIAN_POINT ( 'NONE',  ( -33.57625781986590141, -15.63616573562284806, 5.395891295302269519 ) ) ;
#1818 = ADVANCED_FACE ( 'NONE', ( #2735 ), #5717, .F. ) ;
#1819 = CARTESIAN_POINT ( 'NONE',  ( -9.280581800882050203, 31.26443194551419680, 9.963387036383210216 ) ) ;
#1820 = VERTEX_POINT ( 'NONE', #3539 ) ;
#1821 = CARTESIAN_POINT ( 'NONE',  ( -9.034682925262030651, 33.81411563867575154, 7.531629814019820124 ) ) ;
#1822 = CARTESIAN_POINT ( 'NONE',  ( -33.56302412130180102, 14.83265613086645907, 2.380111256435704981 ) ) ;
#1823 = EDGE_LOOP ( 'NONE', ( #228, #965, #726, #958 ) ) ;
#1824 =( BOUNDED_CURVE ( )  B_SPLINE_CURVE ( 3, ( #129, #3309, #2827, #607 ),
 .UNSPECIFIED., .F., .T. ) 
 B_SPLINE_CURVE_WITH_KNOTS ( ( 4, 4 ),
 ( 0.000000000000000000, 1.000000000000000000 ),
 .UNSPECIFIED. ) 
 CURVE ( )  GEOMETRIC_REPRESENTATION_ITEM ( )  RATIONAL_B_SPLINE_CURVE ( ( 0.9999999980047511450, 0.9999999985940929426, 0.9999999990585363152, 0.9999999993903443407 ) ) 
 REPRESENTATION_ITEM ( '' )  );
#1825 = DIRECTION ( 'NONE',  ( 0.000000000000000000, 8.512952884235079334E-16, -1.000000000000000000 ) ) ;
#1826 = EDGE_CURVE ( 'NONE', #5345, #4124, #1279, .T. ) ;
#1827 = LINE ( 'NONE', #1423, #2826 ) ;
#1828 = ORIENTED_EDGE ( 'NONE', *, *, #2215, .T. ) ;
#1829 = DIRECTION ( 'NONE',  ( 0.000000000000000000, -1.000000000000000000, 8.673617379884029309E-17 ) ) ;
#1830 = CARTESIAN_POINT ( 'NONE',  ( -12.44473610604783786, 32.71282955886290011, 18.93687147291640116 ) ) ;
#1831 = CARTESIAN_POINT ( 'NONE',  ( 11.55647802609260033, 33.03723005843475136, 8.737875195248278715 ) ) ;
#1832 = ORIENTED_EDGE ( 'NONE', *, *, #647, .F. ) ;
#1833 = CARTESIAN_POINT ( 'NONE',  ( 26.08745973749730140, 23.33333333333359860, 1.105117766515166133 ) ) ;
#1834 = ORIENTED_EDGE ( 'NONE', *, *, #3, .F. ) ;
#1835 = CARTESIAN_POINT ( 'NONE',  ( 34.08241163248011674, -15.97821322635454777, 5.898893239062197758 ) ) ;
#1836 = DIRECTION ( 'NONE',  ( 0.000000000000000000, -8.673617379884042868E-17, -1.000000000000000000 ) ) ;
#1837 = DIRECTION ( 'NONE',  ( 0.000000000000000000, -1.000000000000000000, 6.938893903907228378E-17 ) ) ;
#1838 = DIRECTION ( 'NONE',  ( 0.000000000000000000, 0.000000000000000000, 1.000000000000000000 ) ) ;
#1839 = CARTESIAN_POINT ( 'NONE',  ( 9.388505443157388441, 26.69731387505803610, 10.06052906954733039 ) ) ;
#1840 = ORIENTED_EDGE ( 'NONE', *, *, #467, .T. ) ;
#1841 = CARTESIAN_POINT ( 'NONE',  ( 34.99981003234470478, -15.51141691099040187, 8.000000000000000000 ) ) ;
#1842 =( NAMED_UNIT ( * ) PLANE_ANGLE_UNIT ( ) SI_UNIT ( $, .RADIAN. ) );
#1843 = CARTESIAN_POINT ( 'NONE',  ( 10.00000000000000000, 30.74085229787894846, 11.50000000000000000 ) ) ;
#1844 = CARTESIAN_POINT ( 'NONE',  ( 34.15443246861478599, -16.07495729455642319, 6.031524784659873184 ) ) ;
#1845 = CARTESIAN_POINT ( 'NONE',  ( -9.448053926585609830, 31.14938834081069885, 18.88106240237684830 ) ) ;
#1846 = CARTESIAN_POINT ( 'NONE',  ( -28.15098312269976688, 2.900370556475867723, 29.11764080433959734 ) ) ;
#1847 = EDGE_CURVE ( 'NONE', #3604, #3435, #5646, .T. ) ;
#1848 = CARTESIAN_POINT ( 'NONE',  ( 9.404760541984668265, 26.69158124510502006, 18.92361068334914975 ) ) ;
#1849 = DIRECTION ( 'NONE',  ( 0.000000000000000000, 0.000000000000000000, 1.000000000000000000 ) ) ;
#1850 = ORIENTED_EDGE ( 'NONE', *, *, #456, .T. ) ;
#1851 = EDGE_CURVE ( 'NONE', #3007, #1452, #3619, .T. ) ;
#1852 = CARTESIAN_POINT ( 'NONE',  ( -29.50636969634919637, -17.60527675652184953, 8.000000000000000000 ) ) ;
#1853 = CARTESIAN_POINT ( 'NONE',  ( 35.00035232190365520, -15.51735141508909877, 7.856089564059139718 ) ) ;
#1854 = ORIENTED_EDGE ( 'NONE', *, *, #5530, .T. ) ;
#1855 = DIRECTION ( 'NONE',  ( -0.1093800711525746289, 0.9940000000174333827, 0.000000000000000000 ) ) ;
#1856 = CARTESIAN_POINT ( 'NONE',  ( 8.761744068065061342, 33.88586358045829883, 21.49356412533494876 ) ) ;
#1857 = AXIS2_PLACEMENT_3D ( 'NONE', #3081, #3541, #4528 ) ;
#1858 = CARTESIAN_POINT ( 'NONE',  ( -30.45426518713430042, 20.48832576205299816, 2.881837241123649473 ) ) ;
#1859 = ORIENTED_EDGE ( 'NONE', *, *, #3098, .F. ) ;
#1860 = CARTESIAN_POINT ( 'NONE',  ( 33.50768589015004295, -15.81360785357260923, 5.442488121006039847 ) ) ;
#1861 = CARTESIAN_POINT ( 'NONE',  ( -9.640868303737228473, 33.64607542001100171, 21.34918393424590022 ) ) ;
#1862 = CARTESIAN_POINT ( 'NONE',  ( -35.00000000000001421, -14.10669310721345049, 7.000000000000014211 ) ) ;
#1863 = AXIS2_PLACEMENT_3D ( 'NONE', #2341, #1377, #912 ) ;
#1864 = VECTOR ( 'NONE', #2241, 1000.000000000000000 ) ;
#1865 = EDGE_CURVE ( 'NONE', #3896, #3083, #4543, .T. ) ;
#1866 = ORIENTED_EDGE ( 'NONE', *, *, #1002, .F. ) ;
#1867 = CARTESIAN_POINT ( 'NONE',  ( 34.92452269561890432, -15.80982751657344920, 7.302527160185169564 ) ) ;
#1868 = DIRECTION ( 'NONE',  ( 0.000000000000000000, -6.672013369141570394E-17, -1.000000000000000000 ) ) ;
#1869 = CYLINDRICAL_SURFACE ( 'NONE', #3528, 5.000000000000000888 ) ;
#1870 = CIRCLE ( 'NONE', #3883, 10.00000000000000178 ) ;
#1871 = DIRECTION ( 'NONE',  ( 0.000000000000000000, -1.000000000000000000, 0.000000000000000000 ) ) ;
#1872 = CARTESIAN_POINT ( 'NONE',  ( -8.000000000000000000, 39.00000000000000000, 11.50000000000000000 ) ) ;
#1873 = CARTESIAN_POINT ( 'NONE',  ( 9.999999999999998224, 26.47437731065026156, 11.25929601183243633 ) ) ;
#1874 = EDGE_CURVE ( 'NONE', #4600, #4497, #3047, .T. ) ;
#1875 = AXIS2_PLACEMENT_3D ( 'NONE', #2911, #4666, #2392 ) ;
#1876 = ORIENTED_EDGE ( 'NONE', *, *, #4778, .F. ) ;
#1877 = CARTESIAN_POINT ( 'NONE',  ( -8.389086970601173476, 27.02798731676689670, 9.538206171846020709 ) ) ;
#1878 = DIRECTION ( 'NONE',  ( -0.7686030849743050730, -0.6397259552089326062, 0.000000000000000000 ) ) ;
#1879 = CARTESIAN_POINT ( 'NONE',  ( -9.946695338914111062, 30.78226865369749987, 17.96346367008509759 ) ) ;
#1880 = LINE ( 'NONE', #430, #81 ) ;
#1881 = VECTOR ( 'NONE', #2810, 1000.000000000000000 ) ;
#1882 = CARTESIAN_POINT ( 'NONE',  ( -28.18683994490488587, -2.532559619015971375, 48.46424740746866178 ) ) ;
#1883 = LINE ( 'NONE', #3245, #2588 ) ;
#1884 = ORIENTED_EDGE ( 'NONE', *, *, #2821, .F. ) ;
#1885 = CARTESIAN_POINT ( 'NONE',  ( -12.44493810695306024, 32.71279462263655091, 10.05911561668034082 ) ) ;
#1886 = CARTESIAN_POINT ( 'NONE',  ( 28.18691046569660941, 2.531786175704537012, 45.53449520939439310 ) ) ;
#1887 = ORIENTED_EDGE ( 'NONE', *, *, #1826, .F. ) ;
#1888 = DIRECTION ( 'NONE',  ( 0.000000000000000000, 0.000000000000000000, -1.000000000000000000 ) ) ;
#1889 = CARTESIAN_POINT ( 'NONE',  ( 12.72727272727255965, 32.60393425532604539, 17.50000000000000000 ) ) ;
#1890 = CARTESIAN_POINT ( 'NONE',  ( 8.274704486037139262, 34.01371768534205131, -6.874476804110700279 ) ) ;
#1891 = ORIENTED_EDGE ( 'NONE', *, *, #3304, .T. ) ;
#1892 = DIRECTION ( 'NONE',  ( -1.000000000000000000, 0.000000000000000000, 0.000000000000000000 ) ) ;
#1893 = CARTESIAN_POINT ( 'NONE',  ( 28.15105964228439461, -2.899627761618076782, 12.38677619456320578 ) ) ;
#1894 = AXIS2_PLACEMENT_3D ( 'NONE', #4882, #5287, #3025 ) ;
#1895 = CARTESIAN_POINT ( 'NONE',  ( 35.00000000000001421, -15.63135328942433588, 7.321110247776990931 ) ) ;
#1896 = VERTEX_POINT ( 'NONE', #4805 ) ;
#1897 = CARTESIAN_POINT ( 'NONE',  ( -30.45426518713430042, 20.48832576205299816, 2.881837241123694771 ) ) ;
#1898 = AXIS2_PLACEMENT_3D ( 'NONE', #3010, #3072, #1271 ) ;
#1899 = CARTESIAN_POINT ( 'NONE',  ( 28.26427992335035810, 1.465232725222959109, 14.53197444291267182 ) ) ;
#1900 = FACE_OUTER_BOUND ( 'NONE', #3796, .T. ) ;
#1901 = DIRECTION ( 'NONE',  ( 0.000000000000000000, 0.000000000000000000, -1.000000000000000000 ) ) ;
#1902 = CARTESIAN_POINT ( 'NONE',  ( 29.83691429206184864, 17.74117314562429826, 1.069026457436240030 ) ) ;
#1903 = ADVANCED_FACE ( 'NONE', ( #1804, #2701 ), #5338, .T. ) ;
#1904 = AXIS2_PLACEMENT_3D ( 'NONE', #3380, #3001, #4271 ) ;
#1905 = ORIENTED_EDGE ( 'NONE', *, *, #1455, .F. ) ;
#1906 = CARTESIAN_POINT ( 'NONE',  ( -8.785315620860764341, 26.90183351762185282, 9.660586997472321968 ) ) ;
#1907 = CARTESIAN_POINT ( 'NONE',  ( -28.29999999999999716, 3.465750465279244806E-15, 14.90000000000000036 ) ) ;
#1908 = CARTESIAN_POINT ( 'NONE',  ( 34.06427465385967679, -15.97584702159726078, 5.870746709977096245 ) ) ;
#1909 = CARTESIAN_POINT ( 'NONE',  ( -9.153522887464159652, 31.34912882314674931, 19.13414995030749921 ) ) ;
#1910 = CARTESIAN_POINT ( 'NONE',  ( -8.000000000000000000, 32.01562118716435634, 19.50000000000000000 ) ) ;
#1911 = B_SPLINE_CURVE_WITH_KNOTS ( 'NONE', 3,
 ( #5468, #2829, #1513, #1483 ),
 .UNSPECIFIED., .F., .F.,
 ( 4, 4 ),
 ( 0.000000000000000000, 1.000000000000000000 ),
 .UNSPECIFIED. ) ;
#1912 = CARTESIAN_POINT ( 'NONE',  ( 9.442022464157021844, 26.67843733914980575, 18.88604189838136804 ) ) ;
#1913 = CARTESIAN_POINT ( 'NONE',  ( -9.889650585529818017, 30.82612277517934984, 10.84151284553507821 ) ) ;
#1914 = VERTEX_POINT ( 'NONE', #4467 ) ;
#1915 = CARTESIAN_POINT ( 'NONE',  ( 35.00000000000000000, 0.000000000000000000, 29.50000000000000000 ) ) ;
#1916 = FACE_OUTER_BOUND ( 'NONE', #1126, .T. ) ;
#1917 = DIRECTION ( 'NONE',  ( 0.000000000000000000, 0.000000000000000000, 1.000000000000000000 ) ) ;
#1918 = CARTESIAN_POINT ( 'NONE',  ( 8.322930553845409918, 31.84754675527314660, 19.47480493494130016 ) ) ;
#1919 = CARTESIAN_POINT ( 'NONE',  ( 21.78585170452020137, 27.41859312980384900, -1.385713879497707968 ) ) ;
#1920 = ADVANCED_FACE ( 'NONE', ( #485 ), #2587, .T. ) ;
#1921 = ORIENTED_EDGE ( 'NONE', *, *, #4107, .F. ) ;
#1922 = CARTESIAN_POINT ( 'NONE',  ( -35.00000000000067502, -15.49763501743480631, 47.00000000000002132 ) ) ;
#1923 = CARTESIAN_POINT ( 'NONE',  ( -34.72088673953490456, -15.44517044903196634, 6.300407753925570731 ) ) ;
#1924 = EDGE_CURVE ( 'NONE', #3501, #2269, #2413, .T. ) ;
#1925 = CARTESIAN_POINT ( 'NONE',  ( 35.00000000000002842, -15.58796486510543033, 7.450881605030150290 ) ) ;
#1926 = ADVANCED_FACE ( 'NONE', ( #997 ), #4912, .T. ) ;
#1927 = EDGE_LOOP ( 'NONE', ( #2641, #3934, #565, #4889 ) ) ;
#1928 = CARTESIAN_POINT ( 'NONE',  ( 28.15100031401732039, 2.900203675985536744, 12.38326163102213151 ) ) ;
#1929 = DIRECTION ( 'NONE',  ( 0.000000000000000000, -1.000000000000000000, 0.000000000000000000 ) ) ;
#1930 = CARTESIAN_POINT ( 'NONE',  ( -33.51401933474085126, -14.88177244759215867, 5.173926992415930570 ) ) ;
#1931 = ORIENTED_EDGE ( 'NONE', *, *, #187, .T. ) ;
#1932 = CARTESIAN_POINT ( 'NONE',  ( 35.00000000000000000, -14.28642952956791845, 7.020443208334250507 ) ) ;
#1933 = CARTESIAN_POINT ( 'NONE',  ( -35.00000000000000000, -15.20798136753730034, 7.423841297342669954 ) ) ;
#1934 = ADVANCED_FACE ( 'NONE', ( #2763 ), #5456, .F. ) ;
#1935 = CARTESIAN_POINT ( 'NONE',  ( -28.30000000000000071, 0.3857545808739809567, 9.099999999999997868 ) ) ;
#1936 = CARTESIAN_POINT ( 'NONE',  ( -12.57680623384749907, 32.66230167145869956, 10.43587775669499962 ) ) ;
#1937 = ORIENTED_EDGE ( 'NONE', *, *, #301, .T. ) ;
#1938 = DIRECTION ( 'NONE',  ( -0.6429025854938156259, -0.7659479522561355447, 6.643539470775385998E-17 ) ) ;
#1939 = CARTESIAN_POINT ( 'NONE',  ( 28.20583225158589968, 2.322784615232854399, 48.77832956276438381 ) ) ;
#1940 = CARTESIAN_POINT ( 'NONE',  ( -28.75000000000000000, -16.80260396486210084, 63.00000000000000000 ) ) ;
#1941 = EDGE_CURVE ( 'NONE', #3383, #1321, #1203, .T. ) ;
#1942 = CARTESIAN_POINT ( 'NONE',  ( 8.130536489231760200, 31.94952851871734367, 19.49678206266744951 ) ) ;
#1943 = CARTESIAN_POINT ( 'NONE',  ( 12.71998868679786021, 32.60678038678355506, 17.77012994334310036 ) ) ;
#1944 = ORIENTED_EDGE ( 'NONE', *, *, #3018, .F. ) ;
#1945 = DIRECTION ( 'NONE',  ( -1.000000000000000000, 0.000000000000000000, 0.000000000000000000 ) ) ;
#1946 = CARTESIAN_POINT ( 'NONE',  ( -34.36703302055341425, -15.68625128821988035, 5.922511415936817514 ) ) ;
#1947 = CARTESIAN_POINT ( 'NONE',  ( 34.77840842370965646, -15.98224843864179689, 6.909613950972530283 ) ) ;
#1948 = ORIENTED_EDGE ( 'NONE', *, *, #3123, .F. ) ;
#1949 = CARTESIAN_POINT ( 'NONE',  ( 34.16352553440420081, -16.08643001429959796, 6.048593784182470401 ) ) ;
#1950 = CARTESIAN_POINT ( 'NONE',  ( -31.21669720437609996, 16.84931803103765091, 1.472074052342819961 ) ) ;
#1951 = AXIS2_PLACEMENT_3D ( 'NONE', #5622, #4892, #3413 ) ;
#1952 = VECTOR ( 'NONE', #688, 1000.000000000000000 ) ;
#1953 = VERTEX_POINT ( 'NONE', #4601 ) ;
#1954 = AXIS2_PLACEMENT_3D ( 'NONE', #4177, #185, #1979 ) ;
#1955 = FACE_OUTER_BOUND ( 'NONE', #546, .T. ) ;
#1956 = AXIS2_PLACEMENT_3D ( 'NONE', #4125, #1098, #2866 ) ;
#1957 = CARTESIAN_POINT ( 'NONE',  ( 34.02332440005042002, -15.94095292115585494, 5.806027546449320731 ) ) ;
#1958 = CARTESIAN_POINT ( 'NONE',  ( -10.87478571243549830, 33.26774286453664331, 20.80553624031464821 ) ) ;
#1959 = FACE_OUTER_BOUND ( 'NONE', #867, .T. ) ;
#1960 = CIRCLE ( 'NONE', #3632, 35.00000000000000000 ) ;
#1961 = CARTESIAN_POINT ( 'NONE',  ( -12.68934177800150032, 32.61871761679149984, 10.96207753222510028 ) ) ;
#1962 = ORIENTED_EDGE ( 'NONE', *, *, #5550, .F. ) ;
#1963 = CONICAL_SURFACE ( 'NONE', #181, 1.999999999999998224, 0.7853981633974497223 ) ;
#1964 = CARTESIAN_POINT ( 'NONE',  ( 35.00000000000000000, -15.43906733090999950, 7.761766631027659180 ) ) ;
#1965 = CARTESIAN_POINT ( 'NONE',  ( -30.10466946977054903, 17.64799395766399925, 1.112368039923303797 ) ) ;
#1966 = EDGE_CURVE ( 'NONE', #4530, #4707, #525, .T. ) ;
#1967 = AXIS2_PLACEMENT_3D ( 'NONE', #727, #1633, #699 ) ;
#1968 = B_SPLINE_CURVE_WITH_KNOTS ( 'NONE', 3,
 ( #1026, #5440, #584, #5408, #4039, #4469, #2365, #1369, #3667, #3540, #4971, #4132, #1806, #5371, #4070, #68, #1776, #102 ),
 .UNSPECIFIED., .F., .F.,
 ( 4, 2, 2, 2, 2, 2, 2, 2, 4 ),
 ( 0.000000000000000000, 0.1249999999999998890, 0.2499999999999997780, 0.3749999999999997780, 0.4999999999999997780, 0.6249999999999997780, 0.7499999999999997780, 0.8749999999999998890, 1.000000000000000000 ),
 .UNSPECIFIED. ) ;
#1969 = ORIENTED_EDGE ( 'NONE', *, *, #2504, .T. ) ;
#1970 = DIRECTION ( 'NONE',  ( 0.000000000000000000, 0.000000000000000000, -1.000000000000000000 ) ) ;
#1971 = CARTESIAN_POINT ( 'NONE',  ( 11.40794161733037981, 33.08869385060245349, 20.39973529407369668 ) ) ;
#1972 = ORIENTED_EDGE ( 'NONE', *, *, #2137, .T. ) ;
#1973 = LINE ( 'NONE', #4576, #355 ) ;
#1974 = ADVANCED_FACE ( 'NONE', ( #4630 ), #2847, .F. ) ;
#1975 = CARTESIAN_POINT ( 'NONE',  ( 28.15888572513163624, -2.826463495717340457, 11.24605691690166864 ) ) ;
#1976 = CARTESIAN_POINT ( 'NONE',  ( 34.83718218529384814, -15.93508994588760075, 7.054128067622470688 ) ) ;
#1977 = ORIENTED_EDGE ( 'NONE', *, *, #2610, .F. ) ;
#1978 = CARTESIAN_POINT ( 'NONE',  ( 33.34385205659324924, -16.27637133541045245, 5.579901540920760183 ) ) ;
#1979 = DIRECTION ( 'NONE',  ( -1.000000000000000000, 0.000000000000000000, 0.000000000000000000 ) ) ;
#1980 = DIRECTION ( 'NONE',  ( -1.000000000000000000, 0.000000000000000000, 0.000000000000000000 ) ) ;
#1981 = PRESENTATION_LAYER_ASSIGNMENT (  '', '', ( #3735 ) ) ;
#1982 = ORIENTED_EDGE ( 'NONE', *, *, #881, .F. ) ;
#1983 = CIRCLE ( 'NONE', #674, 50.00000000000000000 ) ;
#1984 = FACE_OUTER_BOUND ( 'NONE', #1718, .T. ) ;
#1985 = CARTESIAN_POINT ( 'NONE',  ( -28.18691046569599834, -2.531786175711086440, 10.53449520943559392 ) ) ;
#1986 = CARTESIAN_POINT ( 'NONE',  ( 30.75000000000000000, 16.80260396486210084, 54.00000000000000000 ) ) ;
#1987 = CARTESIAN_POINT ( 'NONE',  ( -35.00000000000000000, -15.42594734880804985, 7.727672048812170402 ) ) ;
#1988 = ADVANCED_FACE ( 'NONE', ( #2003 ), #844, .F. ) ;
#1989 = VECTOR ( 'NONE', #1917, 1000.000000000000000 ) ;
#1990 = CARTESIAN_POINT ( 'NONE',  ( -33.00000000000000000, 20.00000000000035172, 7.000000000000000000 ) ) ;
#1991 = VERTEX_POINT ( 'NONE', #4253 ) ;
#1992 = CARTESIAN_POINT ( 'NONE',  ( 28.75000000000000000, -16.80260396486210084, 54.00000000000000000 ) ) ;
#1993 = CARTESIAN_POINT ( 'NONE',  ( 35.00000000000000000, -15.48149712832860025, 7.944790173750420514 ) ) ;
#1994 = DIRECTION ( 'NONE',  ( -8.326672684688672475E-15, -1.000000000000000000, 0.000000000000000000 ) ) ;
#1995 = ORIENTED_EDGE ( 'NONE', *, *, #677, .T. ) ;
#1996 = CARTESIAN_POINT ( 'NONE',  ( -26.25661044133764221, -21.78398533018651406, 5.852753640182057460 ) ) ;
#1997 = CARTESIAN_POINT ( 'NONE',  ( 12.68934177800150032, 32.61871761679149984, 18.03792246777490149 ) ) ;
#1998 = ORIENTED_EDGE ( 'NONE', *, *, #4803, .T. ) ;
#1999 = CARTESIAN_POINT ( 'NONE',  ( -35.00000000037204018, -15.49763501742842386, 47.11789038725515155 ) ) ;
#2000 = PLANE ( 'NONE',  #594 ) ;
#2001 = CARTESIAN_POINT ( 'NONE',  ( 35.00000000000000000, -15.16036729934300098, 7.389046606306200360 ) ) ;
#2002 = VERTEX_POINT ( 'NONE', #1648 ) ;
#2003 = FACE_OUTER_BOUND ( 'NONE', #433, .T. ) ;
#2004 = CARTESIAN_POINT ( 'NONE',  ( -25.00753864710069863, -20.09476109758374918, 5.000000000000000000 ) ) ;
#2005 =( BOUNDED_SURFACE ( )  B_SPLINE_SURFACE ( 3, 2, ( 
 ( #2742, #4076, #109 ),
 ( #1489, #135, #3696 ),
 ( #5497, #4045, #3722 ),
 ( #3184, #3606, #1033 ) ),
 .UNSPECIFIED., .F., .F., .F. ) 
 B_SPLINE_SURFACE_WITH_KNOTS ( ( 4, 4 ),
 ( 3, 3 ),
 ( 0.5000000000000000000, 0.8628011627203759915 ),
 ( 0.000000000000000000, 1.000000000000000000 ),
 .UNSPECIFIED. ) 
 GEOMETRIC_REPRESENTATION_ITEM ( )  RATIONAL_B_SPLINE_SURFACE ( (
 ( 1.000000000000000000, 0.7071067811865480168, 1.000000000000000000),
 ( 1.000000000000000000, 0.7383205416489300177, 1.000000000000000000),
 ( 1.000000000000000000, 0.7673551956690219944, 1.000000000000000000),
 ( 1.000000000000000000, 0.7927829675775319718, 1.000000000000000000) ) ) 
 REPRESENTATION_ITEM ( '' )  SURFACE ( )  );
#2006 = CARTESIAN_POINT ( 'NONE',  ( 8.924144156495444236, 26.85622328019481486, 19.27404018176309464 ) ) ;
#2007 = ADVANCED_FACE ( 'NONE', ( #2464, #2903, #4741, #3362 ), #5102, .T. ) ;
#2008 = VERTEX_POINT ( 'NONE', #3766 ) ;
#2009 = CARTESIAN_POINT ( 'NONE',  ( -15.79450959844834834, 31.25701739973070659, -4.321344857329449951 ) ) ;
#2010 = EDGE_CURVE ( 'NONE', #4619, #4797, #2601, .T. ) ;
#2011 = CARTESIAN_POINT ( 'NONE',  ( -28.29213101593181889, -0.7559858505656370520, 9.174042625102133641 ) ) ;
#2012 = CARTESIAN_POINT ( 'NONE',  ( 31.33595851243696373, 20.13011674660210915, 2.981673501145419181 ) ) ;
#2013 = CARTESIAN_POINT ( 'NONE',  ( -35.00000000000021316, -15.52801254556526267, 7.592429019761951281 ) ) ;
#2014 = CARTESIAN_POINT ( 'NONE',  ( -12.33564818916713968, 32.75416301876100533, 9.816246459980138894 ) ) ;
#2015 = ORIENTED_EDGE ( 'NONE', *, *, #4438, .T. ) ;
#2016 = CARTESIAN_POINT ( 'NONE',  ( 28.30000000000000071, 0.3845855788558759647, 49.89999999999999858 ) ) ;
#2017 = CARTESIAN_POINT ( 'NONE',  ( -9.355678264584000203, 31.21340090859649763, 18.97184590322979858 ) ) ;
#2018 = EDGE_CURVE ( 'NONE', #3464, #4043, #3446, .T. ) ;
#2019 = EDGE_LOOP ( 'NONE', ( #1905, #698, #1151, #4269 ) ) ;
#2020 = DIRECTION ( 'NONE',  ( 0.7071067811865520136, 0.000000000000000000, 0.7071067811865431318 ) ) ;
#2021 = CARTESIAN_POINT ( 'NONE',  ( 26.08745973749730140, 23.33333333333359860, 1.105117766515140154 ) ) ;
#2022 = EDGE_LOOP ( 'NONE', ( #154, #2163, #1437, #188 ) ) ;
#2023 = CYLINDRICAL_SURFACE ( 'NONE', #4546, 2.000000000000000888 ) ;
#2024 = CARTESIAN_POINT ( 'NONE',  ( 34.53720616994860393, 16.78855718802284969, 64.00000000000000000 ) ) ;
#2025 = EDGE_CURVE ( 'NONE', #508, #2983, #3159, .T. ) ;
#2026 = ADVANCED_FACE ( 'NONE', ( #5650 ), #5217, .F. ) ;
#2027 = DIRECTION ( 'NONE',  ( -1.000000000000000000, 0.000000000000000000, 0.000000000000000000 ) ) ;
#2028 = CARTESIAN_POINT ( 'NONE',  ( 32.44637630201440714, 19.27567859916389992, 3.213032547988909471 ) ) ;
#2029 = CARTESIAN_POINT ( 'NONE',  ( 32.39927347090826260, 15.49308622692510795, 2.044926096058947707 ) ) ;
#2030 = CYLINDRICAL_SURFACE ( 'NONE', #837, 2.899999999999999911 ) ;
#2031 = CARTESIAN_POINT ( 'NONE',  ( 8.447206819862239868, 27.00989532958068651, 19.44939771870956946 ) ) ;
#2032 = EDGE_CURVE ( 'NONE', #4043, #3789, #825, .T. ) ;
#2033 = VERTEX_POINT ( 'NONE', #2485 ) ;
#2034 = CARTESIAN_POINT ( 'NONE',  ( 34.53189590451224689, -16.76965698568584884, 64.00000000000000000 ) ) ;
#2035 =( BOUNDED_CURVE ( )  B_SPLINE_CURVE ( 3, ( #1950, #1563, #216, #1135 ),
 .UNSPECIFIED., .F., .T. ) 
 B_SPLINE_CURVE_WITH_KNOTS ( ( 4, 4 ),
 ( 4.299590575961975247, 4.352169468352235171 ),
 .UNSPECIFIED. ) 
 CURVE ( )  GEOMETRIC_REPRESENTATION_ITEM ( )  RATIONAL_B_SPLINE_CURVE ( ( 1.000000000000000000, 0.9997696349411550054, 0.9997696349411550054, 1.000000000000000000 ) ) 
 REPRESENTATION_ITEM ( '' )  );
#2036 = CARTESIAN_POINT ( 'NONE',  ( -28.29999999999999716, 1.355143360237210053E-18, 9.099999999999999645 ) ) ;
#2037 = CIRCLE ( 'NONE', #1296, 3.400000000000000355 ) ;
#2038 = CARTESIAN_POINT ( 'NONE',  ( 33.56302412130180102, 14.83265613086652124, 2.380111256435695211 ) ) ;
#2039 = CARTESIAN_POINT ( 'NONE',  ( -34.97824339504160207, -15.65998211780250315, 7.521033130357060337 ) ) ;
#2040 = AXIS2_PLACEMENT_3D ( 'NONE', #3942, #4719, #5660 ) ;
#2041 = CIRCLE ( 'NONE', #5481, 2.000000000000001776 ) ;
#2042 = CARTESIAN_POINT ( 'NONE',  ( -12.71998868679790107, 32.60678038678355506, 11.22987005665690141 ) ) ;
#2043 = EDGE_LOOP ( 'NONE', ( #1773, #5149, #436, #3327, #2212, #1639 ) ) ;
#2044 = CARTESIAN_POINT ( 'NONE',  ( 33.00000000000000000, 5.143516556418880167E-15, 5.000000000000000000 ) ) ;
#2045 = CARTESIAN_POINT ( 'NONE',  ( 35.00000000000000000, -15.47370488684599898, 7.882443041143359252 ) ) ;
#2046 = CIRCLE ( 'NONE', #5283, 2.000000000000000000 ) ;
#2047 = AXIS2_PLACEMENT_3D ( 'NONE', #3551, #4078, #2651 ) ;
#2048 = DIRECTION ( 'NONE',  ( 0.000000000000000000, 0.000000000000000000, -1.000000000000000000 ) ) ;
#2049 = CIRCLE ( 'NONE', #1308, 2.999999999999960920 ) ;
#2050 = ORIENTED_EDGE ( 'NONE', *, *, #5223, .F. ) ;
#2051 = CARTESIAN_POINT ( 'NONE',  ( 33.00000000000000000, 15.50910527760495050, 4.176056798680550131 ) ) ;
#2052 = B_SPLINE_CURVE_WITH_KNOTS ( 'NONE', 3,
 ( #3089, #4821, #2622, #2219, #4855, #4389, #5727, #1755, #882, #2652, #431, #4050, #2311, #4207, #980, #501, #1912, #1105, #4509, #1848, #2746, #1595, #2714, #4980, #4662, #2006, #3794, #3769, #5419, #2283, #4916, #531, #5573, #3677, #949, #4480, #1009, #5543, #1442, #2031, #49, #3611, #4232, #5384, #114, #1413, #3189 ),
 .UNSPECIFIED., .F., .F.,
 ( 4, 2, 2, 1, 2, 2, 2, 2, 1, 1, 1, 2, 2, 2, 2, 1, 1, 1, 1, 2, 2, 2, 2, 2, 1, 2, 2, 4 ),
 ( 0.000000000000000000, 0.1250000000000449918, 0.1875000000000658917, 0.2187500000000778821, 0.2343750000000848488, 0.2500000000000918710, 0.3750000000001407763, 0.4375000000001665335, 0.4687500000001809108, 0.4843750000001870726, 0.4921875000001890710, 0.4960937500001885714, 0.5000000000001880718, 0.6250000000001513234, 0.6875000000001323386, 0.7187500000001227907, 0.7343750000001179057, 0.7421875000001153522, 0.7460937500001137979, 0.7480468750001124656, 0.7500000000001111333, 0.8125000000000811573, 0.8437500000000668354, 0.8593750000000595080, 0.8671875000000562883, 0.8710937500000547340, 0.8750000000000531797, 1.000000000000000000 ),
 .UNSPECIFIED. ) ;
#2053 = CARTESIAN_POINT ( 'NONE',  ( 10.92866661211492030, 33.25024307440569515, 20.77221475009869778 ) ) ;
#2054 = ORIENTED_EDGE ( 'NONE', *, *, #2596, .F. ) ;
#2055 = CARTESIAN_POINT ( 'NONE',  ( -34.99984552266894866, -15.50912884869175024, 47.23578073156880208 ) ) ;
#2056 = CARTESIAN_POINT ( 'NONE',  ( 34.89026135603833012, -15.87347998759364209, 7.199108859135810334 ) ) ;
#2057 = PRODUCT_DEFINITION_FORMATION_WITH_SPECIFIED_SOURCE ( 'Symmetric', '', #3946, .NOT_KNOWN. ) ;
#2058 = PLANE ( 'NONE',  #4569 ) ;
#2059 = CARTESIAN_POINT ( 'NONE',  ( -9.889650585529818017, 30.82612277517934984, 10.84151284553507821 ) ) ;
#2060 = FACE_OUTER_BOUND ( 'NONE', #231, .T. ) ;
#2061 = CARTESIAN_POINT ( 'NONE',  ( 3.051877040540338371, 31.37035410220363829, -9.073128579981904807 ) ) ;
#2062 = DIRECTION ( 'NONE',  ( 0.9414762763996651351, -0.3055304499422385467, 0.1423852700763492407 ) ) ;
#2063 = ADVANCED_FACE ( 'NONE', ( #2060 ), #50, .F. ) ;
#2064 = EDGE_LOOP ( 'NONE', ( #649, #2654, #679, #1560 ) ) ;
#2065 = CARTESIAN_POINT ( 'NONE',  ( -21.79540405771735223, 27.41072448131844652, -1.380425194227790087 ) ) ;
#2066 = CIRCLE ( 'NONE', #3451, 2.999999999999997780 ) ;
#2067 = CARTESIAN_POINT ( 'NONE',  ( 34.01303005406730762, -15.93281550825258819, 5.790404665375941562 ) ) ;
#2068 = CARTESIAN_POINT ( 'NONE',  ( -8.762859561887921700, 33.88649257023624273, 21.49994671891355225 ) ) ;
#2069 = CARTESIAN_POINT ( 'NONE',  ( 28.15888572515045851, -2.826463495519458302, 28.74605691662160112 ) ) ;
#2070 =( BOUNDED_SURFACE ( )  B_SPLINE_SURFACE ( 3, 2, ( 
 ( #5239, #857, #1269 ),
 ( #509, #3502, #3037 ),
 ( #3931, #437, #4863 ),
 ( #2631, #5330, #4396 ),
 ( #3959, #1325, #2597 ),
 ( #5358, #5708, #889 ) ),
 .UNSPECIFIED., .F., .F., .T. ) 
 B_SPLINE_SURFACE_WITH_KNOTS ( ( 4, 2, 4 ),
 ( 3, 3 ),
 ( 1.349134001883299767E-16, 0.3541007071409585372, 0.7082014142819170743 ),
 ( 0.000000000000000000, 0.9857501605305510894 ),
 .UNSPECIFIED. ) 
 GEOMETRIC_REPRESENTATION_ITEM ( )  RATIONAL_B_SPLINE_SURFACE ( (
 ( 1.000000000000000000, 0.9405266858606070590, 0.9983050296415949543),
 ( 1.000000000000000000, 0.9405324812901719733, 0.9983051948094769923),
 ( 1.000000000000000000, 0.9363133588991160439, 0.9981849511759280924),
 ( 1.000000000000000000, 0.9196445816517060390, 0.9977098963760729911),
 ( 1.000000000000000000, 0.9071945564174429544, 0.9973550746541149925),
 ( 1.000000000000000000, 0.8908923622928890396, 0.9968904673555659679) ) ) 
 REPRESENTATION_ITEM ( '' )  SURFACE ( )  );
#2071 = CARTESIAN_POINT ( 'NONE',  ( -33.62282105666803744, -15.78869587888670090, 5.467936465882584862 ) ) ;
#2072 = ORIENTED_EDGE ( 'NONE', *, *, #3974, .F. ) ;
#2073 = CARTESIAN_POINT ( 'NONE',  ( -33.51401933474085126, -14.88177244759215867, 5.173926992415930570 ) ) ;
#2074 = EDGE_CURVE ( 'NONE', #225, #617, #2199, .T. ) ;
#2075 = CARTESIAN_POINT ( 'NONE',  ( -33.00000000000000000, 15.50910527760489899, 4.176056798680565230 ) ) ;
#2076 = VECTOR ( 'NONE', #1474, 1000.000000000000000 ) ;
#2077 = LINE ( 'NONE', #4759, #868 ) ;
#2078 = CARTESIAN_POINT ( 'NONE',  ( -9.036574885702231441, 33.81446444618289604, 21.47442638114620195 ) ) ;
#2079 = ORIENTED_EDGE ( 'NONE', *, *, #5315, .F. ) ;
#2080 = CARTESIAN_POINT ( 'NONE',  ( -26.12572933480706538, -21.60872902068840773, 5.658299788547889619 ) ) ;
#2081 = CARTESIAN_POINT ( 'NONE',  ( 8.876074885489529720, 31.52633458119985477, 9.700937867580949003 ) ) ;
#2082 = ORIENTED_EDGE ( 'NONE', *, *, #1533, .F. ) ;
#2083 = CARTESIAN_POINT ( 'NONE',  ( 26.75000000000000000, -16.80260396486210084, 54.00000000000000000 ) ) ;
#2084 = LINE ( 'NONE', #314, #4381 ) ;
#2085 = DIRECTION ( 'NONE',  ( -1.000000000000000000, 0.000000000000000000, 0.000000000000000000 ) ) ;
#2086 = VERTEX_POINT ( 'NONE', #4462 ) ;
#2087 = CARTESIAN_POINT ( 'NONE',  ( 33.28461775846061244, 18.29348802510023475, 0.8395820404035719831 ) ) ;
#2088 = CARTESIAN_POINT ( 'NONE',  ( 21.40100488205058582, 24.00151450893360305, -2.522893840493965811 ) ) ;
#2089 = CARTESIAN_POINT ( 'NONE',  ( -33.51401933474085126, -14.88177244759215867, 5.173926992415930570 ) ) ;
#2090 = EDGE_CURVE ( 'NONE', #5688, #4289, #4806, .T. ) ;
#2091 = ORIENTED_EDGE ( 'NONE', *, *, #928, .T. ) ;
#2092 = CARTESIAN_POINT ( 'NONE',  ( -21.40643403909404796, 23.99697785921184945, -2.519791040543724492 ) ) ;
#2093 = DIRECTION ( 'NONE',  ( 0.000000000000000000, 0.000000000000000000, -1.000000000000000000 ) ) ;
#2094 = CARTESIAN_POINT ( 'NONE',  ( 28.26433289481148847, -1.464090886926916246, 32.03259055096587815 ) ) ;
#2095 = CARTESIAN_POINT ( 'NONE',  ( -9.987102486211769659, 26.47931546755393484, 11.23663268758103229 ) ) ;
#2096 = EDGE_LOOP ( 'NONE', ( #142, #321, #3356, #5141 ) ) ;
#2097 = EDGE_CURVE ( 'NONE', #1198, #1820, #2041, .T. ) ;
#2098 = CARTESIAN_POINT ( 'NONE',  ( 25.68915708659504915, -21.02013675043531649, 5.227618342665061313 ) ) ;
#2099 = CARTESIAN_POINT ( 'NONE',  ( 33.54101966249655220, 30.00000000000034817, 64.00000000000000000 ) ) ;
#2100 = CARTESIAN_POINT ( 'NONE',  ( 10.21982601103866095, 33.47495354394675360, 7.847526422051191552 ) ) ;
#2101 = ORIENTED_EDGE ( 'NONE', *, *, #587, .T. ) ;
#2102 = LINE ( 'NONE', #5705, #2973 ) ;
#2103 = DIRECTION ( 'NONE',  ( -2.168404344971010101E-16, 0.000000000000000000, -1.000000000000000000 ) ) ;
#2104 = CARTESIAN_POINT ( 'NONE',  ( 9.575988381112431114, 31.05867633389795301, 10.26689228186710068 ) ) ;
#2105 = EDGE_LOOP ( 'NONE', ( #2490, #5673, #372, #3456 ) ) ;
#2106 = LINE ( 'NONE', #3866, #5506 ) ;
#2107 = EDGE_CURVE ( 'NONE', #5587, #1301, #5014, .T. ) ;
#2108 = B_SPLINE_CURVE_WITH_KNOTS ( 'NONE', 3,
 ( #724, #1654, #362, #2094, #2614, #4266, #276, #5225, #3880, #1254, #2069, #3830, #5661, #1195, #325, #755, #5606, #2964 ),
 .UNSPECIFIED., .F., .F.,
 ( 4, 2, 2, 2, 2, 2, 2, 2, 4 ),
 ( 0.000000000000000000, 0.1250000000000000000, 0.2500000000000000000, 0.3750000000000000000, 0.5000000000000000000, 0.6250000000000000000, 0.7500000000000000000, 0.8750000000000000000, 1.000000000000000000 ),
 .UNSPECIFIED. ) ;
#2109 = FACE_OUTER_BOUND ( 'NONE', #1019, .T. ) ;
#2110 = CARTESIAN_POINT ( 'NONE',  ( -9.669687561482119165, 30.99064612352350068, 10.39852454448312180 ) ) ;
#2111 = ORIENTED_EDGE ( 'NONE', *, *, #2391, .T. ) ;
#2112 = DIRECTION ( 'NONE',  ( 0.000000000000000000, 0.000000000000000000, 1.000000000000000000 ) ) ;
#2113 = CARTESIAN_POINT ( 'NONE',  ( 7.801864229695513409, 30.61234591687913564, -8.243818767507532286 ) ) ;
#2114 = CARTESIAN_POINT ( 'NONE',  ( -34.89021889268504140, -15.87354458225494902, 7.198984495132719985 ) ) ;
#2115 = ORIENTED_EDGE ( 'NONE', *, *, #1002, .T. ) ;
#2116 = CARTESIAN_POINT ( 'NONE',  ( 10.08212954410325324, 33.54616167493597345, -11.33521610966445969 ) ) ;
#2117 = CARTESIAN_POINT ( 'NONE',  ( -28.29212329899507239, 0.7568533449270317126, 44.17403417477866157 ) ) ;
#2118 = CARTESIAN_POINT ( 'NONE',  ( -30.45426518713430042, 20.48832576205299816, 2.881837241123649473 ) ) ;
#2119 = EDGE_LOOP ( 'NONE', ( #2389, #4085, #4035, #4791, #3824, #1091 ) ) ;
#2120 = CARTESIAN_POINT ( 'NONE',  ( 8.698981712545979406, 31.63374322226790269, 9.625018701240298569 ) ) ;
#2121 = VECTOR ( 'NONE', #3821, 1000.000000000000000 ) ;
#2122 = ORIENTED_EDGE ( 'NONE', *, *, #3698, .F. ) ;
#2123 = CARTESIAN_POINT ( 'NONE',  ( 8.000000000000000000, 32.01562118716435634, 9.500000000000000000 ) ) ;
#2124 = CARTESIAN_POINT ( 'NONE',  ( 26.25558229659409903, -21.78260321296676594, 5.851073116858170664 ) ) ;
#2125 = DIRECTION ( 'NONE',  ( 0.000000000000000000, 0.000000000000000000, -1.000000000000000000 ) ) ;
#2126 = CIRCLE ( 'NONE', #4621, 2.899999999999999911 ) ;
#2127 = CIRCLE ( 'NONE', #345, 3.400000000000000355 ) ;
#2128 = CARTESIAN_POINT ( 'NONE',  ( 11.09775948938804113, 33.19401953331809807, 8.348034362514809459 ) ) ;
#2129 = ORIENTED_EDGE ( 'NONE', *, *, #97, .F. ) ;
#2130 = LINE ( 'NONE', #2222, #2891 ) ;
#2131 = CARTESIAN_POINT ( 'NONE',  ( 9.996566095208320846, 30.74353579325040187, 17.63506497163674780 ) ) ;
#2132 = CIRCLE ( 'NONE', #5099, 12.99999999999999822 ) ;
#2133 = CARTESIAN_POINT ( 'NONE',  ( 9.492175124364210959, 31.11835339947050016, 10.16671478179964083 ) ) ;
#2134 = AXIS2_PLACEMENT_3D ( 'NONE', #3486, #4690, #3453 ) ;
#2135 = ORIENTED_EDGE ( 'NONE', *, *, #4198, .T. ) ;
#2136 = ADVANCED_FACE ( 'NONE', ( #3506 ), #2263, .F. ) ;
#2137 = EDGE_CURVE ( 'NONE', #5345, #1820, #1220, .T. ) ;
#2138 = CARTESIAN_POINT ( 'NONE',  ( 28.75000000000000000, 16.80260396486210084, 63.00000000000000000 ) ) ;
#2139 = VECTOR ( 'NONE', #5288, 1000.000000000000000 ) ;
#2140 = VECTOR ( 'NONE', #4206, 1000.000000000000000 ) ;
#2141 = CARTESIAN_POINT ( 'NONE',  ( 9.354251748128479704, 31.21426898144065021, 18.97209382633594998 ) ) ;
#2142 = EDGE_CURVE ( 'NONE', #3435, #2590, #1768, .T. ) ;
#2143 = CARTESIAN_POINT ( 'NONE',  ( -2.622140235413780385, 34.92532615406629759, -7.816392125176600203 ) ) ;
#2144 = DIRECTION ( 'NONE',  ( 0.000000000000000000, 0.000000000000000000, -1.000000000000000000 ) ) ;
#2145 = EDGE_LOOP ( 'NONE', ( #4119, #1374, #1077, #2414, #3614 ) ) ;
#2146 = CARTESIAN_POINT ( 'NONE',  ( 28.75000000000000000, -16.80260396486210084, 54.00000000000000000 ) ) ;
#2147 = AXIS2_PLACEMENT_3D ( 'NONE', #1915, #4144, #1468 ) ;
#2148 = CARTESIAN_POINT ( 'NONE',  ( -1.253681657892721901, 31.49926485921867325, -9.218777662891758595 ) ) ;
#2149 = CARTESIAN_POINT ( 'NONE',  ( -35.00000000000003553, -15.73290787232777710, 6.535433133789148030 ) ) ;
#2150 = EDGE_LOOP ( 'NONE', ( #3958, #5343, #2732, #1657, #5317 ) ) ;
#2151 = CARTESIAN_POINT ( 'NONE',  ( -5.985994530725267104, 34.50177001971911750, -12.53557383964268546 ) ) ;
#2152 = DIRECTION ( 'NONE',  ( 0.000000000000000000, 0.000000000000000000, -1.000000000000000000 ) ) ;
#2153 = LINE ( 'NONE', #3916, #3891 ) ;
#2154 = VERTEX_POINT ( 'NONE', #5712 ) ;
#2155 = CARTESIAN_POINT ( 'NONE',  ( 9.126684693004598614, 31.36672898656374997, 9.847231879842139435 ) ) ;
#2156 = CARTESIAN_POINT ( 'NONE',  ( 34.53189590451224689, -16.76965698568584884, -20.84927391700995258 ) ) ;
#2157 = CARTESIAN_POINT ( 'NONE',  ( 10.00000000000000000, 30.74085229787894846, 11.50000000000000000 ) ) ;
#2158 = CARTESIAN_POINT ( 'NONE',  ( 24.59674775249745338, 21.00000000000025224, -0.6269330410537170550 ) ) ;
#2159 = CARTESIAN_POINT ( 'NONE',  ( -30.75000000000000000, 16.80260396486210084, 54.00000000000000000 ) ) ;
#2160 = AXIS2_PLACEMENT_3D ( 'NONE', #3663, #3598, #3689 ) ;
#2161 = ADVANCED_FACE ( 'NONE', ( #31 ), #1041, .T. ) ;
#2162 = CARTESIAN_POINT ( 'NONE',  ( 9.036574885702220783, 33.81446444618285341, 7.525573618853819369 ) ) ;
#2163 = ORIENTED_EDGE ( 'NONE', *, *, #2018, .T. ) ;
#2164 = CARTESIAN_POINT ( 'NONE',  ( -26.26895926966103900, -21.80053291319012843, 5.873067024213325382 ) ) ;
#2165 = CARTESIAN_POINT ( 'NONE',  ( 0.000000000000000000, 0.000000000000000000, 19.50000000000000000 ) ) ;
#2166 = EDGE_LOOP ( 'NONE', ( #1343, #2574, #336, #14 ) ) ;
#2167 = FACE_OUTER_BOUND ( 'NONE', #861, .T. ) ;
#2168 = CIRCLE ( 'NONE', #4659, 2.000000000000001776 ) ;
#2169 = EDGE_CURVE ( 'NONE', #2611, #3045, #3040, .T. ) ;
#2170 = CARTESIAN_POINT ( 'NONE',  ( 9.204363927070350115, 31.31564882522119930, 19.09804824900464837 ) ) ;
#2171 = CARTESIAN_POINT ( 'NONE',  ( 10.00000000000000000, 30.74085229787894846, 17.50000000000000000 ) ) ;
#2172 = ORIENTED_EDGE ( 'NONE', *, *, #4852, .T. ) ;
#2173 = CARTESIAN_POINT ( 'NONE',  ( -32.73294549770970008, -18.91290918499440110, 8.000000000000000000 ) ) ;
#2174 = CARTESIAN_POINT ( 'NONE',  ( -28.79371202597632617, 21.18728138142396134, 2.480969870353214368 ) ) ;
#2175 = CARTESIAN_POINT ( 'NONE',  ( 9.373373338841890501, 33.72157857493544952, 7.588164752135890367 ) ) ;
#2176 = EDGE_CURVE ( 'NONE', #1530, #5707, #5368, .T. ) ;
#2177 = ORIENTED_EDGE ( 'NONE', *, *, #4213, .T. ) ;
#2178 = CARTESIAN_POINT ( 'NONE',  ( -11.75318026948101924, 29.45527416617889926, -7.055972024546239396 ) ) ;
#2179 = CARTESIAN_POINT ( 'NONE',  ( 34.15184666210503650, -15.82992710022102223, 5.798865631251908681 ) ) ;
#2180 = CARTESIAN_POINT ( 'NONE',  ( 35.00000000000000000, 15.50910527760495050, -20.85027391700995381 ) ) ;
#2181 = CARTESIAN_POINT ( 'NONE',  ( 28.26424073160850980, 1.465908556021019216, 26.96842200442277360 ) ) ;
#2182 = EDGE_CURVE ( 'NONE', #4992, #3927, #2798, .T. ) ;
#2183 = ORIENTED_EDGE ( 'NONE', *, *, #5402, .T. ) ;
#2184 = CARTESIAN_POINT ( 'NONE',  ( -5.140863346023020419, -27.01800000061555096, 5.000000000000000000 ) ) ;
#2185 = CARTESIAN_POINT ( 'NONE',  ( -34.53720616994860393, 16.78855718802275021, -61.00000000000000000 ) ) ;
#2186 = LINE ( 'NONE', #3950, #2695 ) ;
#2187 = CARTESIAN_POINT ( 'NONE',  ( 34.65483432001714448, -15.50391812017232418, 6.206203862877579525 ) ) ;
#2188 = CARTESIAN_POINT ( 'NONE',  ( -33.98213558067541129, -15.90938707316028733, 5.744640212653488121 ) ) ;
#2189 = CARTESIAN_POINT ( 'NONE',  ( -33.51401933473740513, -14.88177244759883955, 5.173926992416509663 ) ) ;
#2190 = CARTESIAN_POINT ( 'NONE',  ( -34.99981003234470478, -15.51141691099045161, 47.00000000000000000 ) ) ;
#2191 = ORIENTED_EDGE ( 'NONE', *, *, #4636, .F. ) ;
#2192 = CARTESIAN_POINT ( 'NONE',  ( -26.61556191722089793, -22.26427225814335742, 6.676918143536825667 ) ) ;
#2193 = DIRECTION ( 'NONE',  ( 1.000000000000000000, 0.000000000000000000, 0.000000000000000000 ) ) ;
#2194 = VERTEX_POINT ( 'NONE', #2173 ) ;
#2195 = B_SPLINE_CURVE_WITH_KNOTS ( 'NONE', 3,
 ( #4248, #259, #2056, #3816, #5592, #408, #5763, #3160, #2227, #3069, #4365, #1355 ),
 .UNSPECIFIED., .F., .F.,
 ( 4, 2, 2, 2, 2, 4 ),
 ( 0.000000000000000000, 0.1250000000000000278, 0.2500000000000000000, 0.4999999999999997780, 0.7499999999999998890, 1.000000000000000000 ),
 .UNSPECIFIED. ) ;
#2196 = DIRECTION ( 'NONE',  ( -1.000000000000000000, 0.000000000000000000, -5.782411586589370458E-16 ) ) ;
#2197 = CARTESIAN_POINT ( 'NONE',  ( 35.00000000000000000, 0.000000000000000000, 50.39999999999999858 ) ) ;
#2198 = ORIENTED_EDGE ( 'NONE', *, *, #5449, .T. ) ;
#2199 = LINE ( 'NONE', #1707, #1573 ) ;
#2200 = EDGE_CURVE ( 'NONE', #4771, #3842, #4449, .T. ) ;
#2201 = CARTESIAN_POINT ( 'NONE',  ( 35.00000000000000000, -15.48385181469820004, 47.70734219474490345 ) ) ;
#2202 = FACE_OUTER_BOUND ( 'NONE', #2119, .T. ) ;
#2203 = EDGE_LOOP ( 'NONE', ( #900, #3039, #1256, #5074 ) ) ;
#2204 = CARTESIAN_POINT ( 'NONE',  ( 6.048117807680929658, 30.98754898806869917, -8.646754433495400960 ) ) ;
#2205 = CARTESIAN_POINT ( 'NONE',  ( 34.50000000000000000, 0.000000000000000000, 29.50000000000000000 ) ) ;
#2206 = DIRECTION ( 'NONE',  ( 0.000000000000000000, 0.000000000000000000, 1.000000000000000000 ) ) ;
#2207 = CARTESIAN_POINT ( 'NONE',  ( 33.00000000000000000, 15.50910527760495050, 4.176056798680550131 ) ) ;
#2208 = DIRECTION ( 'NONE',  ( 0.000000000000000000, -0.000000000000000000, -1.000000000000000000 ) ) ;
#2209 = DIRECTION ( 'NONE',  ( 0.7659479522561281062, 0.6429025854938241746, 0.000000000000000000 ) ) ;
#2210 = EDGE_CURVE ( 'NONE', #5109, #4850, #5020, .T. ) ;
#2211 = ADVANCED_FACE ( 'NONE', ( #3278 ), #1020, .F. ) ;
#2212 = ORIENTED_EDGE ( 'NONE', *, *, #4784, .T. ) ;
#2213 = CARTESIAN_POINT ( 'NONE',  ( -8.504490367423215957, 26.99195114531846684, 9.564554454310391307 ) ) ;
#2214 = DIRECTION ( 'NONE',  ( -1.000000000000000000, 0.000000000000000000, 0.000000000000000000 ) ) ;
#2215 = EDGE_CURVE ( 'NONE', #5159, #1666, #1624, .T. ) ;
#2216 = CYLINDRICAL_SURFACE ( 'NONE', #1212, 28.29999999999999716 ) ;
#2217 = CARTESIAN_POINT ( 'NONE',  ( 25.52475388857328653, -20.79785895645168026, 5.127951752483101089 ) ) ;
#2218 = PLANE ( 'NONE',  #2229 ) ;
#2219 = CARTESIAN_POINT ( 'NONE',  ( 9.947457457071458009, 26.49422055644330598, 17.96031957473773844 ) ) ;
#2220 = FACE_OUTER_BOUND ( 'NONE', #5632, .T. ) ;
#2221 = ORIENTED_EDGE ( 'NONE', *, *, #5483, .F. ) ;
#2222 = CARTESIAN_POINT ( 'NONE',  ( 28.29999999999999716, 0.000000000000000000, 61.00001199999999812 ) ) ;
#2223 = CARTESIAN_POINT ( 'NONE',  ( 8.697158747826140512, 31.63483137008834944, 19.37568232026169923 ) ) ;
#2224 = VERTEX_POINT ( 'NONE', #2818 ) ;
#2225 =( BOUNDED_CURVE ( )  B_SPLINE_CURVE ( 3, ( #3326, #4574, #601, #1178 ),
 .UNSPECIFIED., .F., .F. ) 
 B_SPLINE_CURVE_WITH_KNOTS ( ( 4, 4 ),
 ( 1.931015838827349951, 1.983594731217609874 ),
 .UNSPECIFIED. ) 
 CURVE ( )  GEOMETRIC_REPRESENTATION_ITEM ( )  RATIONAL_B_SPLINE_CURVE ( ( 1.000000000000000000, 0.9997696349411550054, 0.9997696349411550054, 1.000000000000000000 ) ) 
 REPRESENTATION_ITEM ( '' )  );
#2226 = AXIS2_PLACEMENT_3D ( 'NONE', #3870, #2144, #290 ) ;
#2227 = CARTESIAN_POINT ( 'NONE',  ( 34.56138369361583784, -16.05728189850906773, 6.505516367877831385 ) ) ;
#2228 = CIRCLE ( 'NONE', #1954, 2.000000000000001776 ) ;
#2229 = AXIS2_PLACEMENT_3D ( 'NONE', #1378, #2342, #4508 ) ;
#2230 = DIRECTION ( 'NONE',  ( 0.000000000000000000, 0.000000000000000000, 1.000000000000000000 ) ) ;
#2231 = CARTESIAN_POINT ( 'NONE',  ( -24.59674775249745338, 21.00000000000025224, -0.6269330410537110598 ) ) ;
#2232 = ORIENTED_EDGE ( 'NONE', *, *, #4094, .F. ) ;
#2233 = CARTESIAN_POINT ( 'NONE',  ( -28.15100031401647485, -2.900203675993709318, 29.88326163102451716 ) ) ;
#2234 = CARTESIAN_POINT ( 'NONE',  ( 35.00000000000000000, -15.50024763948244910, 47.47118635172510892 ) ) ;
#2235 = CARTESIAN_POINT ( 'NONE',  ( 9.440518290197999818, 33.70283995478245487, 7.602270890606599885 ) ) ;
#2236 = AXIS2_PLACEMENT_3D ( 'NONE', #5252, #783, #4780 ) ;
#2237 = AXIS2_PLACEMENT_3D ( 'NONE', #2672, #3602, #4009 ) ;
#2238 = ORIENTED_EDGE ( 'NONE', *, *, #5050, .F. ) ;
#2239 = AXIS2_PLACEMENT_3D ( 'NONE', #1852, #4956, #3247 ) ;
#2240 = CARTESIAN_POINT ( 'NONE',  ( -2.472303650527575059, 31.43279353854040181, -9.142919755910991597 ) ) ;
#2241 = DIRECTION ( 'NONE',  ( 0.000000000000000000, -1.000000000000000000, 0.000000000000000000 ) ) ;
#2242 = DIRECTION ( 'NONE',  ( -1.000000000000000000, 0.000000000000000000, 0.000000000000000000 ) ) ;
#2243 = DIRECTION ( 'NONE',  ( 0.000000000000000000, 0.000000000000000000, -1.000000000000000000 ) ) ;
#2244 = SPHERICAL_SURFACE ( 'NONE', #741, 2.000000000000000000 ) ;
#2245 = LINE ( 'NONE', #1340, #3993 ) ;
#2246 = AXIS2_PLACEMENT_3D ( 'NONE', #1992, #1171, #5610 ) ;
#2247 = EDGE_LOOP ( 'NONE', ( #3488, #764, #1230, #2354 ) ) ;
#2248 = CARTESIAN_POINT ( 'NONE',  ( -35.00000000000000000, -15.48385181469820004, 47.03044931021570108 ) ) ;
#2249 = ORIENTED_EDGE ( 'NONE', *, *, #4358, .T. ) ;
#2250 = CARTESIAN_POINT ( 'NONE',  ( 8.817917976631031607, 31.56209905572225694, 9.673763211024979825 ) ) ;
#2251 = DIRECTION ( 'NONE',  ( 1.000000000000000000, 0.000000000000000000, 0.000000000000000000 ) ) ;
#2252 = CARTESIAN_POINT ( 'NONE',  ( 34.46681956037333094, -15.63127635742445776, 6.007397775019366115 ) ) ;
#2253 = CARTESIAN_POINT ( 'NONE',  ( -28.24545579148494312, 1.777240086786100903, 31.82357998264566490 ) ) ;
#2254 = B_SPLINE_CURVE_WITH_KNOTS ( 'NONE', 3,
 ( #3357, #2924, #5726, #2899, #2188, #400, #1754, #4276, #709, #3784, #4818, #4653, #850, #654, #4678, #5150, #1180, #4624, #4701, #5701, #1723, #3495, #2431, #4197 ),
 .UNSPECIFIED., .F., .F.,
 ( 4, 1, 1, 1, 2, 2, 2, 2, 1, 2, 2, 2, 2, 4 ),
 ( 0.000000000000000000, 0.1250000000002329525, 0.1875000000003494427, 0.2187500000003942957, 0.2343750000004068967, 0.2500000000004194978, 0.3750000000005905831, 0.4375000000006676881, 0.4687500000007349121, 0.4843750000007252532, 0.5000000000007156498, 0.6250000000005416778, 0.7500000000003677059, 1.000000000000000000 ),
 .UNSPECIFIED. ) ;
#2255 = CARTESIAN_POINT ( 'NONE',  ( -35.00000000000000000, -14.79355871275445899, 5.559141788289278630 ) ) ;
#2256 = CARTESIAN_POINT ( 'NONE',  ( -9.354251748128488586, 31.21426898144065021, 10.02790617366403936 ) ) ;
#2257 = ORIENTED_EDGE ( 'NONE', *, *, #3982, .F. ) ;
#2258 = FACE_OUTER_BOUND ( 'NONE', #469, .T. ) ;
#2259 = VERTEX_POINT ( 'NONE', #5461 ) ;
#2260 = DIRECTION ( 'NONE',  ( -1.000000000000000000, 0.000000000000000000, -1.051347561198064958E-16 ) ) ;
#2261 = DIRECTION ( 'NONE',  ( -1.000000000000000000, 0.000000000000000000, 0.000000000000000000 ) ) ;
#2262 = ORIENTED_EDGE ( 'NONE', *, *, #3982, .T. ) ;
#2263 = CYLINDRICAL_SURFACE ( 'NONE', #563, 2.000000000000001776 ) ;
#2264 = CARTESIAN_POINT ( 'NONE',  ( 34.50000000000000000, 0.000000000000000000, 47.00000000000000000 ) ) ;
#2265 = CARTESIAN_POINT ( 'NONE',  ( 10.00000000000000000, 26.47432718691829834, 11.50000000000000000 ) ) ;
#2266 = AXIS2_PLACEMENT_3D ( 'NONE', #919, #2685, #2260 ) ;
#2267 = ORIENTED_EDGE ( 'NONE', *, *, #3809, .T. ) ;
#2268 = CARTESIAN_POINT ( 'NONE',  ( 17.08339691594268928, 30.60773843571993069, -8.040486608417950265 ) ) ;
#2269 = VERTEX_POINT ( 'NONE', #179 ) ;
#2270 = LINE ( 'NONE', #1337, #4169 ) ;
#2271 = CARTESIAN_POINT ( 'NONE',  ( 28.29999999999999716, -1.355143360237210053E-18, 9.099999999999999645 ) ) ;
#2272 = DIRECTION ( 'NONE',  ( 0.000000000000000000, 0.000000000000000000, 1.000000000000000000 ) ) ;
#2273 = CARTESIAN_POINT ( 'NONE',  ( -28.29999999999999716, 0.000000000000000000, 63.00000000000000000 ) ) ;
#2274 = CARTESIAN_POINT ( 'NONE',  ( 28.78490851475210022, 21.15939411353609856, 2.501944773143714773 ) ) ;
#2275 = B_SPLINE_CURVE_WITH_KNOTS ( 'NONE', 3,
 ( #1016, #2812, #1965, #4146, #537, #4164, #1526, #1470 ),
 .UNSPECIFIED., .F., .F.,
 ( 4, 2, 2, 4 ),
 ( 0.000000000000000000, 0.0004286589054174115110, 0.0008573178108348230219, 0.001714635621669650164 ),
 .UNSPECIFIED. ) ;
#2276 = EDGE_CURVE ( 'NONE', #2033, #1101, #1973, .T. ) ;
#2277 = VERTEX_POINT ( 'NONE', #513 ) ;
#2278 = DIRECTION ( 'NONE',  ( 0.000000000000000000, 0.000000000000000000, -1.000000000000000000 ) ) ;
#2279 = CARTESIAN_POINT ( 'NONE',  ( 9.866804164279018963, 30.84352501264284996, 10.78156426353969977 ) ) ;
#2280 = CARTESIAN_POINT ( 'NONE',  ( 33.00000000000000000, 15.50910527760495050, 4.176056798680550131 ) ) ;
#2281 = CARTESIAN_POINT ( 'NONE',  ( -9.231800902144330578, 31.29721841712580144, 19.07598281873924861 ) ) ;
#2282 = DIRECTION ( 'NONE',  ( -1.000000000000000000, 0.000000000000000000, 0.000000000000000000 ) ) ;
#2283 = CARTESIAN_POINT ( 'NONE',  ( 8.769818853154891514, 26.90688370624610215, 19.34591969734876571 ) ) ;
#2284 = EDGE_CURVE ( 'NONE', #617, #3566, #3342, .T. ) ;
#2285 = CARTESIAN_POINT ( 'NONE',  ( -9.971929808617959523, 30.76271017861895274, 11.16439211666146036 ) ) ;
#2286 = VERTEX_POINT ( 'NONE', #578 ) ;
#2287 = CARTESIAN_POINT ( 'NONE',  ( -10.92866661211493984, 33.25024307440569515, 8.227785249901279130 ) ) ;
#2288 = CARTESIAN_POINT ( 'NONE',  ( 35.00000000000076739, -15.49476043163235417, 7.858114211862726073 ) ) ;
#2289 = ORIENTED_EDGE ( 'NONE', *, *, #684, .T. ) ;
#2290 = LINE ( 'NONE', #1730, #1703 ) ;
#2291 = CARTESIAN_POINT ( 'NONE',  ( 9.169852689972650239, 33.77770110407809767, 21.44960986988285256 ) ) ;
#2292 = CARTESIAN_POINT ( 'NONE',  ( 10.69555293636603821, 33.33145077071279871, -6.203453147091270381 ) ) ;
#2293 = ORIENTED_EDGE ( 'NONE', *, *, #2980, .F. ) ;
#2294 = CARTESIAN_POINT ( 'NONE',  ( 33.66514449585137925, -14.84668220448899589, 5.200572037088475597 ) ) ;
#2295 = ADVANCED_FACE ( 'NONE', ( #603 ), #2594, .T. ) ;
#2296 = CARTESIAN_POINT ( 'NONE',  ( 35.00000000000818545, -15.49254607113340221, 47.47147424717471154 ) ) ;
#2297 = CARTESIAN_POINT ( 'NONE',  ( 12.06986555665453942, 32.85308644200714667, 9.357162658078040707 ) ) ;
#2298 = ORIENTED_EDGE ( 'NONE', *, *, #5152, .F. ) ;
#2299 = CARTESIAN_POINT ( 'NONE',  ( -34.53720616994860393, 16.78855718802275021, 4.726781669297739796 ) ) ;
#2300 = CARTESIAN_POINT ( 'NONE',  ( -33.42693543583010296, -29.99999999999965183, 5.000000000000000000 ) ) ;
#2301 = CARTESIAN_POINT ( 'NONE',  ( 34.99997123935879983, 15.53063459148049930, 4.358543318961174862 ) ) ;
#2302 = CYLINDRICAL_SURFACE ( 'NONE', #2325, 2.899999999999999911 ) ;
#2303 = CARTESIAN_POINT ( 'NONE',  ( -34.99589746531995615, -15.56243644113306601, 7.714237310721964391 ) ) ;
#2304 = CARTESIAN_POINT ( 'NONE',  ( 28.75000000000000000, -16.80260396486210084, 54.00000000000000000 ) ) ;
#2305 = ORIENTED_EDGE ( 'NONE', *, *, #4410, .F. ) ;
#2306 = CARTESIAN_POINT ( 'NONE',  ( -9.235492432727308909, 26.75108499677914153, 9.921945870400874057 ) ) ;
#2307 = DIRECTION ( 'NONE',  ( 0.000000000000000000, 0.000000000000000000, -1.000000000000000000 ) ) ;
#2308 = CARTESIAN_POINT ( 'NONE',  ( 34.12755976891644139, -16.04107967244387822, 5.980518181557531676 ) ) ;
#2309 = CARTESIAN_POINT ( 'NONE',  ( -9.724324026749348704, 30.95049208087790049, 18.51539160054780098 ) ) ;
#2310 = CARTESIAN_POINT ( 'NONE',  ( -8.484848484848459549, 33.95596186517419568, 21.50000000000000000 ) ) ;
#2311 = CARTESIAN_POINT ( 'NONE',  ( 9.623599091220725654, 26.61361621162372160, 18.66972353857184430 ) ) ;
#2312 = DIRECTION ( 'NONE',  ( 0.000000000000000000, 0.000000000000000000, -1.000000000000000000 ) ) ;
#2313 = ORIENTED_EDGE ( 'NONE', *, *, #4219, .F. ) ;
#2314 = CARTESIAN_POINT ( 'NONE',  ( -12.57680623384749907, 32.66230167145869956, 10.43587775669499962 ) ) ;
#2315 = CARTESIAN_POINT ( 'NONE',  ( -31.21669720437609996, 16.84931803103765091, 1.472074052342819961 ) ) ;
#2316 = VERTEX_POINT ( 'NONE', #3627 ) ;
#2317 = CARTESIAN_POINT ( 'NONE',  ( 29.50636969634924966, -17.60527675652184953, 8.000000000000000000 ) ) ;
#2318 = CARTESIAN_POINT ( 'NONE',  ( 8.065588107780941485, 31.98284307398099813, 19.49999818007895058 ) ) ;
#2319 = CIRCLE ( 'NONE', #2226, 4.999999999999997335 ) ;
#2320 = DIRECTION ( 'NONE',  ( 0.000000000000000000, 0.000000000000000000, -1.000000000000000000 ) ) ;
#2321 = ADVANCED_FACE ( 'NONE', ( #5399 ), #4627, .F. ) ;
#2322 = VERTEX_POINT ( 'NONE', #4963 ) ;
#2323 = CARTESIAN_POINT ( 'NONE',  ( 33.34789651997279947, -16.28392267699999962, 5.585747503559050031 ) ) ;
#2324 = FACE_OUTER_BOUND ( 'NONE', #5393, .T. ) ;
#2325 = AXIS2_PLACEMENT_3D ( 'NONE', #453, #1433, #2243 ) ;
#2326 = EDGE_CURVE ( 'NONE', #3566, #1191, #2882, .T. ) ;
#2327 = CARTESIAN_POINT ( 'NONE',  ( 23.05123425963219930, 22.56620277796350038, -1.566822890965160031 ) ) ;
#2328 = ORIENTED_EDGE ( 'NONE', *, *, #2284, .F. ) ;
#2329 = CARTESIAN_POINT ( 'NONE',  ( -32.45839730509099752, 19.28615618895705097, 3.210781683107124973 ) ) ;
#2330 = VECTOR ( 'NONE', #3427, 1000.000000000000000 ) ;
#2331 = CIRCLE ( 'NONE', #4091, 2.899999999999999911 ) ;
#2332 = DIRECTION ( 'NONE',  ( 0.000000000000000000, 0.000000000000000000, 1.000000000000000000 ) ) ;
#2333 = DIRECTION ( 'NONE',  ( 1.000000000000000000, 0.000000000000000000, 0.000000000000000000 ) ) ;
#2334 = PLANE ( 'NONE',  #90 ) ;
#2335 = CONICAL_SURFACE ( 'NONE', #656, 1.999999999999998224, 0.7853981633974497223 ) ;
#2336 = CIRCLE ( 'NONE', #3804, 2.899999999999999911 ) ;
#2337 = ORIENTED_EDGE ( 'NONE', *, *, #2400, .T. ) ;
#2338 = CARTESIAN_POINT ( 'NONE',  ( 34.97825222285199231, -15.65994161583741295, 7.521104646415618156 ) ) ;
#2339 = CARTESIAN_POINT ( 'NONE',  ( 35.00000000000000000, -15.48385181469820004, 47.70734219474480398 ) ) ;
#2340 = CARTESIAN_POINT ( 'NONE',  ( 35.00000000000006395, -14.79355871274882439, 5.559141788279277741 ) ) ;
#2341 = CARTESIAN_POINT ( 'NONE',  ( 8.000000000000000000, 39.00000000000000000, 9.500000000000000000 ) ) ;
#2342 = DIRECTION ( 'NONE',  ( 0.000000000000000000, 0.000000000000000000, 1.000000000000000000 ) ) ;
#2343 = AXIS2_PLACEMENT_3D ( 'NONE', #4693, #2500, #168 ) ;
#2344 = CARTESIAN_POINT ( 'NONE',  ( -28.29999999999999716, 1.169837286997702077E-15, 44.10000000000000142 ) ) ;
#2345 = CARTESIAN_POINT ( 'NONE',  ( -9.722125623238760284, 30.95206734637100254, 10.48246450422591991 ) ) ;
#2346 = ORIENTED_EDGE ( 'NONE', *, *, #2010, .F. ) ;
#2347 = CARTESIAN_POINT ( 'NONE',  ( -12.68934177800150032, 32.61871761679149984, 10.96207753222510028 ) ) ;
#2348 = EDGE_CURVE ( 'NONE', #1313, #3464, #3257, .T. ) ;
#2349 = CARTESIAN_POINT ( 'NONE',  ( 28.15887731601803523, 2.826558438288969910, 47.75382690340960323 ) ) ;
#2350 = ORIENTED_EDGE ( 'NONE', *, *, #4865, .F. ) ;
#2351 = LINE ( 'NONE', #4570, #1989 ) ;
#2352 = CARTESIAN_POINT ( 'NONE',  ( 33.61183359728284614, -16.01833340116420246, 5.582549861934269941 ) ) ;
#2353 = CARTESIAN_POINT ( 'NONE',  ( 10.00000000000000000, 26.47432718691829834, 61.00001199999999812 ) ) ;
#2354 = ORIENTED_EDGE ( 'NONE', *, *, #3729, .F. ) ;
#2355 = CARTESIAN_POINT ( 'NONE',  ( 33.51510780351609498, -14.87300607326826096, 5.172221061651179674 ) ) ;
#2356 = LINE ( 'NONE', #4126, #2363 ) ;
#2357 = ADVANCED_FACE ( 'NONE', ( #5513 ), #1450, .T. ) ;
#2358 = CIRCLE ( 'NONE', #3545, 1.999999999999998224 ) ;
#2359 = ADVANCED_FACE ( 'NONE', ( #4096 ), #2442, .F. ) ;
#2360 = CARTESIAN_POINT ( 'NONE',  ( 18.37263021321965084, 29.79607044057270215, -3.134070789845105232 ) ) ;
#2361 = ORIENTED_EDGE ( 'NONE', *, *, #96, .F. ) ;
#2362 = CARTESIAN_POINT ( 'NONE',  ( -30.10739356006135026, 17.64690920400025220, 1.112871311983505862 ) ) ;
#2363 = VECTOR ( 'NONE', #4225, 1000.000000000000000 ) ;
#2364 = FACE_OUTER_BOUND ( 'NONE', #285, .T. ) ;
#2365 = CARTESIAN_POINT ( 'NONE',  ( 28.18703262175373325, -2.530451257152550593, 48.46790163101266558 ) ) ;
#2366 = CARTESIAN_POINT ( 'NONE',  ( 34.50000000000000000, 0.000000000000000000, 49.89999999999999858 ) ) ;
#2367 = DIRECTION ( 'NONE',  ( 0.000000000000000000, 0.000000000000000000, -1.000000000000000000 ) ) ;
#2368 = ADVANCED_FACE ( 'NONE', ( #3815 ), #2023, .T. ) ;
#2369 = EDGE_LOOP ( 'NONE', ( #2404, #1548, #2054, #990 ) ) ;
#2370 = CARTESIAN_POINT ( 'NONE',  ( 33.00000000000000000, 14.80414594680471829, 2.304417853285974704 ) ) ;
#2371 = CARTESIAN_POINT ( 'NONE',  ( 34.05803746737186088, -15.97022352052639427, 5.860596126936626682 ) ) ;
#2372 = CARTESIAN_POINT ( 'NONE',  ( 34.41766446227586584, -15.65929194684950687, 5.964264129843479090 ) ) ;
#2373 = CARTESIAN_POINT ( 'NONE',  ( -28.29216882657309995, 0.7544926790045591858, 14.82631670347003094 ) ) ;
#2374 = CARTESIAN_POINT ( 'NONE',  ( -33.54707196135256453, -15.34868939916444575, 5.294438358924224097 ) ) ;
#2375 = VERTEX_POINT ( 'NONE', #2159 ) ;
#2376 = CARTESIAN_POINT ( 'NONE',  ( -12.65509283860918011, 32.63202199603144749, 10.76219868503901900 ) ) ;
#2377 = CARTESIAN_POINT ( 'NONE',  ( 34.92452269561844957, -15.80982751657444751, 7.302527160183859500 ) ) ;
#2378 = CARTESIAN_POINT ( 'NONE',  ( -8.260099589011089094, 31.88220933495204790, 19.48721319056584989 ) ) ;
#2379 = FACE_OUTER_BOUND ( 'NONE', #5432, .T. ) ;
#2380 = CARTESIAN_POINT ( 'NONE',  ( 9.169852689972650239, 33.77770110407809767, 21.44960986988285256 ) ) ;
#2381 = VERTEX_POINT ( 'NONE', #2948 ) ;
#2382 = DIRECTION ( 'NONE',  ( 0.000000000000000000, 0.000000000000000000, -1.000000000000000000 ) ) ;
#2383 = CARTESIAN_POINT ( 'NONE',  ( -34.36473237553660454, -15.68744434706745317, 5.920672693516135787 ) ) ;
#2384 = CARTESIAN_POINT ( 'NONE',  ( 22.82549104668610340, 26.59118412365606687, -4.392690984643460972 ) ) ;
#2385 = DIRECTION ( 'NONE',  ( -1.000000000000000000, 0.000000000000000000, 0.000000000000000000 ) ) ;
#2386 = CARTESIAN_POINT ( 'NONE',  ( 34.53720616994860393, 16.78855718802284969, 4.726781669296900468 ) ) ;
#2387 = CARTESIAN_POINT ( 'NONE',  ( -33.00000000000000000, -13.92840621133072077, 7.000000000000000000 ) ) ;
#2388 = ADVANCED_FACE ( 'NONE', ( #3923 ), #4349, .T. ) ;
#2389 = ORIENTED_EDGE ( 'NONE', *, *, #636, .F. ) ;
#2390 = FACE_OUTER_BOUND ( 'NONE', #3097, .T. ) ;
#2391 = EDGE_CURVE ( 'NONE', #201, #1198, #3058, .T. ) ;
#2392 = DIRECTION ( 'NONE',  ( -1.000000000000000000, 0.000000000000000000, 0.000000000000000000 ) ) ;
#2393 = CARTESIAN_POINT ( 'NONE',  ( -11.09775948938804113, 33.19401953331809807, 20.65196563748515146 ) ) ;
#2394 = ADVANCED_FACE ( 'NONE', ( #1127 ), #2510, .F. ) ;
#2395 = CARTESIAN_POINT ( 'NONE',  ( -35.00000000000000000, -15.48385180134015116, 7.929465525389430169 ) ) ;
#2396 = CARTESIAN_POINT ( 'NONE',  ( -11.03955984530043999, 33.21356693584064601, 8.303903501990697933 ) ) ;
#2397 = EDGE_LOOP ( 'NONE', ( #4116, #2690, #1859, #1081 ) ) ;
#2398 = DIRECTION ( 'NONE',  ( 0.000000000000000000, 0.000000000000000000, -1.000000000000000000 ) ) ;
#2399 = CARTESIAN_POINT ( 'NONE',  ( 28.79455215220009379, 18.06406743446032692, 0.9185491792116873278 ) ) ;
#2400 = EDGE_CURVE ( 'NONE', #2564, #5695, #2254, .T. ) ;
#2401 = EDGE_LOOP ( 'NONE', ( #2787, #5411, #1295, #5656 ) ) ;
#2402 = CARTESIAN_POINT ( 'NONE',  ( 12.72726868540314094, 32.60393524562945800, 17.63538122637104877 ) ) ;
#2403 = CARTESIAN_POINT ( 'NONE',  ( 28.78490851475210022, 21.15939411353609856, 2.501944773143714773 ) ) ;
#2404 = ORIENTED_EDGE ( 'NONE', *, *, #1534, .T. ) ;
#2405 = CARTESIAN_POINT ( 'NONE',  ( 33.45361141733949495, -15.36818311046739893, 5.268319219122669317 ) ) ;
#2406 = DIRECTION ( 'NONE',  ( 0.000000000000000000, 0.000000000000000000, 1.000000000000000000 ) ) ;
#2407 = CARTESIAN_POINT ( 'NONE',  ( -34.02461367951026716, -15.84913789868048184, 5.714689343616770500 ) ) ;
#2408 = ORIENTED_EDGE ( 'NONE', *, *, #138, .F. ) ;
#2409 = DIRECTION ( 'NONE',  ( 0.000000000000000000, -1.000000000000000000, 9.227252531791526626E-17 ) ) ;
#2410 = EDGE_CURVE ( 'NONE', #2648, #1117, #206, .T. ) ;
#2411 = CARTESIAN_POINT ( 'NONE',  ( -33.28461775846068349, 18.29348802510017791, 0.8395820404035987394 ) ) ;
#2412 = CARTESIAN_POINT ( 'NONE',  ( 24.59674775249745338, 22.00000000000024869, 1.105117766515156141 ) ) ;
#2413 = CIRCLE ( 'NONE', #75, 47.00000000000000000 ) ;
#2414 = ORIENTED_EDGE ( 'NONE', *, *, #2276, .F. ) ;
#2415 = CARTESIAN_POINT ( 'NONE',  ( -21.05612223479165834, 28.01866454804536488, -5.587097495944915337 ) ) ;
#2416 = DIRECTION ( 'NONE',  ( -1.000000000000000000, 0.000000000000000000, 0.000000000000000000 ) ) ;
#2417 = CARTESIAN_POINT ( 'NONE',  ( -10.93171521583185957, 33.24907602454985067, 20.76829990061569831 ) ) ;
#2418 = CARTESIAN_POINT ( 'NONE',  ( -28.20578337189603957, 2.323308453999953116, 10.22249430204552922 ) ) ;
#2419 = EDGE_CURVE ( 'NONE', #5329, #4987, #2331, .T. ) ;
#2420 = CIRCLE ( 'NONE', #2696, 2.000000000000000444 ) ;
#2421 = CARTESIAN_POINT ( 'NONE',  ( 26.75000000000000000, 16.80260396486210084, 63.00000000000000000 ) ) ;
#2422 = ORIENTED_EDGE ( 'NONE', *, *, #1115, .T. ) ;
#2423 = ADVANCED_FACE ( 'NONE', ( #4018 ), #979, .F. ) ;
#2424 = CONICAL_SURFACE ( 'NONE', #4267, 2.899999999999999911, 0.7853981633974419507 ) ;
#2425 = CARTESIAN_POINT ( 'NONE',  ( 35.00000000000000000, -15.48330924635505035, 7.969521922203190556 ) ) ;
#2426 = DIRECTION ( 'NONE',  ( -1.000000000000000000, 1.040834085586084059E-15, 0.000000000000000000 ) ) ;
#2427 = ORIENTED_EDGE ( 'NONE', *, *, #3587, .F. ) ;
#2428 = CARTESIAN_POINT ( 'NONE',  ( -25.79557252415123614, -21.16535788065948509, 5.308816678450083870 ) ) ;
#2429 = CARTESIAN_POINT ( 'NONE',  ( 12.65509283860916057, 32.63202199603150433, 18.23780131496089751 ) ) ;
#2430 = ORIENTED_EDGE ( 'NONE', *, *, #4226, .F. ) ;
#2431 = CARTESIAN_POINT ( 'NONE',  ( -34.15704086092932812, -16.07824591219592136, 6.036506302128903378 ) ) ;
#2432 = CARTESIAN_POINT ( 'NONE',  ( -35.00000000000000000, -14.91147299315734109, 7.189374109621748943 ) ) ;
#2433 = CARTESIAN_POINT ( 'NONE',  ( 35.00000000000000000, -15.71187414135767746, 6.648114739290372555 ) ) ;
#2434 = ORIENTED_EDGE ( 'NONE', *, *, #3829, .T. ) ;
#2435 = CARTESIAN_POINT ( 'NONE',  ( 33.54101966249655220, 30.00000000000034817, -61.00000000000000000 ) ) ;
#2436 = CARTESIAN_POINT ( 'NONE',  ( -31.21669720437614970, 16.84931803103765091, 1.472074052342829953 ) ) ;
#2437 = LINE ( 'NONE', #1459, #2140 ) ;
#2438 = FACE_OUTER_BOUND ( 'NONE', #159, .T. ) ;
#2439 = ORIENTED_EDGE ( 'NONE', *, *, #438, .T. ) ;
#2440 = CIRCLE ( 'NONE', #1898, 2.000000000000001776 ) ;
#2441 = CARTESIAN_POINT ( 'NONE',  ( -19.90319471439429933, 28.81406418384640133, -2.379032126344169829 ) ) ;
#2442 =( BOUNDED_SURFACE ( )  B_SPLINE_SURFACE ( 3, 2, ( 
 ( #4993, #1922, #5562 ),
 ( #4247, #1999, #3762 ),
 ( #4224, #5124, #2055 ),
 ( #737, #5535, #232 ),
 ( #3328, #1289, #1556 ),
 ( #258, #2480, #3952 ) ),
 .UNSPECIFIED., .F., .F., .T. ) 
 B_SPLINE_SURFACE_WITH_KNOTS ( ( 4, 2, 4 ),
 ( 3, 3 ),
 ( 0.000000000000000000, 0.0003536710973719784908, 0.0007073421947439569816 ),
 ( 0.000000000000000000, 1.000000000000000000 ),
 .UNSPECIFIED. ) 
 GEOMETRIC_REPRESENTATION_ITEM ( )  RATIONAL_B_SPLINE_SURFACE ( (
 ( 1.000000000000000000, 0.9999762537611420754, 1.000000000000000000),
 ( 1.000000000000000000, 0.9999760690846050126, 1.000000000000000000),
 ( 1.000000000000000000, 0.9999806901806590487, 1.000000000000000000),
 ( 1.000000000000000000, 0.9999925541275789254, 1.000000000000000000),
 ( 1.000000000000000000, 1.000000202688126061, 1.000000000000000000),
 ( 1.000000000000000000, 1.000000000000000000, 1.000000000000000000) ) ) 
 REPRESENTATION_ITEM ( '' )  SURFACE ( )  );
#2443 = CARTESIAN_POINT ( 'NONE',  ( -28.29999999999999716, -0.3848661866295802758, 9.099999999999997868 ) ) ;
#2444 = CARTESIAN_POINT ( 'NONE',  ( -11.82785414176865935, 32.94102035412865348, 19.96621543624859996 ) ) ;
#2445 = CARTESIAN_POINT ( 'NONE',  ( -28.20596600472764592, 2.321171457470236899, 13.78044521386519605 ) ) ;
#2446 = CIRCLE ( 'NONE', #4127, 10.00000000000000178 ) ;
#2447 = CARTESIAN_POINT ( 'NONE',  ( -8.000000000000000000, 32.01562118716435634, 9.500000000000000000 ) ) ;
#2448 = VERTEX_POINT ( 'NONE', #5323 ) ;
#2449 = CARTESIAN_POINT ( 'NONE',  ( -33.54101966249655220, 30.00000000000034817, 64.00000000000000000 ) ) ;
#2450 = CARTESIAN_POINT ( 'NONE',  ( -30.75000000000000000, -16.80260396486210084, 54.00000000000000000 ) ) ;
#2451 = CARTESIAN_POINT ( 'NONE',  ( -33.61183359728229902, -16.01833340116465365, 5.582549861934269941 ) ) ;
#2452 = VERTEX_POINT ( 'NONE', #880 ) ;
#2453 = DIRECTION ( 'NONE',  ( 1.000000000000000000, 0.000000000000000000, 0.000000000000000000 ) ) ;
#2454 = CARTESIAN_POINT ( 'NONE',  ( 11.65353473136310036, 33.00360589816669687, 20.17228539155710010 ) ) ;
#2455 = DIRECTION ( 'NONE',  ( 0.000000000000000000, -8.673617379884039170E-17, -1.000000000000000000 ) ) ;
#2456 = ORIENTED_EDGE ( 'NONE', *, *, #627, .T. ) ;
#2457 = CARTESIAN_POINT ( 'NONE',  ( 34.50000000000000000, 0.000000000000000000, 29.50000000000000000 ) ) ;
#2458 = EDGE_CURVE ( 'NONE', #4600, #5376, #2872, .T. ) ;
#2459 = LINE ( 'NONE', #2900, #2909 ) ;
#2460 = EDGE_CURVE ( 'NONE', #3586, #2908, #1880, .T. ) ;
#2461 = DIRECTION ( 'NONE',  ( 0.000000000000000000, -1.000000000000000000, 1.224646799147353947E-16 ) ) ;
#2462 = EDGE_CURVE ( 'NONE', #5080, #2603, #1870, .T. ) ;
#2463 = ORIENTED_EDGE ( 'NONE', *, *, #4190, .T. ) ;
#2464 = FACE_BOUND ( 'NONE', #482, .T. ) ;
#2465 = CARTESIAN_POINT ( 'NONE',  ( -34.53189590451224689, -16.76965698568589858, 64.00000000000000000 ) ) ;
#2466 = CARTESIAN_POINT ( 'NONE',  ( -28.15104231716430405, -2.899795940963354024, 46.61463046638369434 ) ) ;
#2467 = ORIENTED_EDGE ( 'NONE', *, *, #5181, .T. ) ;
#2468 = DIRECTION ( 'NONE',  ( -1.000000000000000000, 0.000000000000000000, 0.000000000000000000 ) ) ;
#2469 = CARTESIAN_POINT ( 'NONE',  ( 34.04419926018375975, -15.95809397692177178, 5.838388795285365696 ) ) ;
#2470 = CARTESIAN_POINT ( 'NONE',  ( 31.91775287179617848, 19.73421181964594240, 3.089686028670747930 ) ) ;
#2471 = CARTESIAN_POINT ( 'NONE',  ( -28.15888572512719890, 2.826463495763920086, 11.24605691688559794 ) ) ;
#2472 = DIRECTION ( 'NONE',  ( 0.000000000000000000, 0.000000000000000000, -1.000000000000000000 ) ) ;
#2473 = EDGE_LOOP ( 'NONE', ( #2257, #708, #4471, #2172 ) ) ;
#2474 = CARTESIAN_POINT ( 'NONE',  ( -35.00000000000001421, -15.73290787232741117, 6.535433133790193416 ) ) ;
#2475 = CARTESIAN_POINT ( 'NONE',  ( -9.930214535310589952, 30.79499987209025136, 18.02796768757284696 ) ) ;
#2476 = ORIENTED_EDGE ( 'NONE', *, *, #2462, .T. ) ;
#2477 = CARTESIAN_POINT ( 'NONE',  ( -25.69624865978213180, -21.03114215900442474, 5.232504933496897159 ) ) ;
#2478 = CARTESIAN_POINT ( 'NONE',  ( 28.75000000000000000, -16.80260396486210084, 54.00000000000000000 ) ) ;
#2479 = ORIENTED_EDGE ( 'NONE', *, *, #712, .T. ) ;
#2480 = CARTESIAN_POINT ( 'NONE',  ( -35.00000000000000000, -15.48385181469824978, 47.70734219474400106 ) ) ;
#2481 = DIRECTION ( 'NONE',  ( 0.000000000000000000, 0.000000000000000000, -1.000000000000000000 ) ) ;
#2482 = FACE_OUTER_BOUND ( 'NONE', #2646, .T. ) ;
#2483 = CARTESIAN_POINT ( 'NONE',  ( -9.965972338202169212, 30.76733502482929694, 11.13109934252250000 ) ) ;
#2484 = ORIENTED_EDGE ( 'NONE', *, *, #5636, .T. ) ;
#2485 = CARTESIAN_POINT ( 'NONE',  ( -32.75390337432474297, 18.93111841912395121, 3.304077578644879942 ) ) ;
#2486 = CARTESIAN_POINT ( 'NONE',  ( -33.57587778666256639, -15.63164820468421823, 5.394369448627274188 ) ) ;
#2487 = CARTESIAN_POINT ( 'NONE',  ( -35.00000000000000000, -15.28641648136209952, 7.511731357763539840 ) ) ;
#2488 = EDGE_CURVE ( 'NONE', #5423, #3814, #947, .T. ) ;
#2489 = EDGE_CURVE ( 'NONE', #167, #5552, #1765, .T. ) ;
#2490 = ORIENTED_EDGE ( 'NONE', *, *, #456, .F. ) ;
#2491 = CARTESIAN_POINT ( 'NONE',  ( -18.15467342267400142, 29.98506975434679944, -7.412768710925906390 ) ) ;
#2492 = CARTESIAN_POINT ( 'NONE',  ( 40.00000000000000000, 3.551475717527324818E-16, 14.90000000000000036 ) ) ;
#2493 = AXIS2_PLACEMENT_3D ( 'NONE', #432, #1443, #3554 ) ;
#2494 = AXIS2_PLACEMENT_3D ( 'NONE', #4433, #5, #1775 ) ;
#2495 = DIRECTION ( 'NONE',  ( -1.000000000000000000, 0.000000000000000000, 0.000000000000000000 ) ) ;
#2496 = CARTESIAN_POINT ( 'NONE',  ( 12.72727272727255965, 32.60393425532604539, 17.50000000000000000 ) ) ;
#2497 = AXIS2_PLACEMENT_3D ( 'NONE', #3694, #5028, #1058 ) ;
#2498 = CARTESIAN_POINT ( 'NONE',  ( 9.690079476708300277, 30.97576721674995071, 10.42858132903850077 ) ) ;
#2499 = EDGE_LOOP ( 'NONE', ( #3686, #4761, #3990, #4395 ) ) ;
#2500 = DIRECTION ( 'NONE',  ( 0.000000000000000000, 0.000000000000000000, 1.000000000000000000 ) ) ;
#2501 = CARTESIAN_POINT ( 'NONE',  ( 35.00000000000000000, -15.37431549012265108, 7.630742876298400645 ) ) ;
#2502 = CIRCLE ( 'NONE', #3261, 2.999999999999957367 ) ;
#2503 = CARTESIAN_POINT ( 'NONE',  ( 30.82248355925295158, 17.22842844170674681, 1.303928522445332083 ) ) ;
#2504 = EDGE_CURVE ( 'NONE', #1381, #2194, #4713, .T. ) ;
#2505 = VECTOR ( 'NONE', #4516, 999.9999999999998863 ) ;
#2506 = EDGE_LOOP ( 'NONE', ( #4325, #5734, #5602, #1725, #571, #5682, #1475, #1698 ) ) ;
#2507 = CARTESIAN_POINT ( 'NONE',  ( -26.08704078529163439, -21.55693193817010922, 5.608064293201699968 ) ) ;
#2508 = CARTESIAN_POINT ( 'NONE',  ( 9.045327443540500667, 31.41960624291484905, 9.793690350155230817 ) ) ;
#2509 = VERTEX_POINT ( 'NONE', #5448 ) ;
#2510 = PLANE ( 'NONE',  #3714 ) ;
#2511 = DIRECTION ( 'NONE',  ( 0.7071067811865485719, 8.659560562354913137E-17, 0.7071067811865465735 ) ) ;
#2512 = ADVANCED_FACE ( 'NONE', ( #3646 ), #2218, .T. ) ;
#2513 = CARTESIAN_POINT ( 'NONE',  ( 34.39962066537420071, -16.07994635457495036, 6.288576080598439866 ) ) ;
#2514 = CARTESIAN_POINT ( 'NONE',  ( -9.815377003464709205, 30.88249656054609815, 10.65812322999035899 ) ) ;
#2515 = ORIENTED_EDGE ( 'NONE', *, *, #2010, .T. ) ;
#2516 = CARTESIAN_POINT ( 'NONE',  ( 34.99990478636946989, -15.50336707684273563, 8.000000000000008882 ) ) ;
#2517 = ADVANCED_FACE ( 'NONE', ( #5754 ), #1209, .F. ) ;
#2518 = LINE ( 'NONE', #1681, #2686 ) ;
#2519 = CARTESIAN_POINT ( 'NONE',  ( -34.16772401489915012, -16.09421705513334899, 6.058235658678360558 ) ) ;
#2520 = ADVANCED_FACE ( 'NONE', ( #3088 ), #4113, .F. ) ;
#2521 = ORIENTED_EDGE ( 'NONE', *, *, #1941, .T. ) ;
#2522 = CARTESIAN_POINT ( 'NONE',  ( 28.75000000000000000, 16.80260396486210084, 54.00000000000000000 ) ) ;
#2523 = VECTOR ( 'NONE', #4947, 1000.000000000000000 ) ;
#2524 = DIRECTION ( 'NONE',  ( 1.000000000000000000, 0.000000000000000000, 0.000000000000000000 ) ) ;
#2525 = CARTESIAN_POINT ( 'NONE',  ( 33.00000000000000000, -15.48385181469829952, -20.85027391700995381 ) ) ;
#2526 = CIRCLE ( 'NONE', #3741, 2.000000000000001776 ) ;
#2527 = CARTESIAN_POINT ( 'NONE',  ( -10.00000000000000000, 26.47432718691825215, 11.50000000000000000 ) ) ;
#2528 = ORIENTED_EDGE ( 'NONE', *, *, #625, .F. ) ;
#2529 = CARTESIAN_POINT ( 'NONE',  ( -28.91088794945320117, 15.73248864307934980, -61.00000000000000000 ) ) ;
#2530 = CIRCLE ( 'NONE', #3374, 3.400000000000000355 ) ;
#2531 = LINE ( 'NONE', #760, #2731 ) ;
#2532 = CARTESIAN_POINT ( 'NONE',  ( 11.82785414176865935, 32.94102035412865348, 9.033784563751371621 ) ) ;
#2533 = ORIENTED_EDGE ( 'NONE', *, *, #751, .T. ) ;
#2534 = CARTESIAN_POINT ( 'NONE',  ( -28.03574054683691941, 21.56752682131968513, -0.8916982180698185267 ) ) ;
#2535 = DIRECTION ( 'NONE',  ( 2.102695122396129669E-16, 0.000000000000000000, 1.000000000000000000 ) ) ;
#2536 = DIRECTION ( 'NONE',  ( 0.000000000000000000, 0.000000000000000000, -1.000000000000000000 ) ) ;
#2537 = EDGE_LOOP ( 'NONE', ( #5531, #1353, #1631 ) ) ;
#2538 = DIRECTION ( 'NONE',  ( 1.000000000000000000, 0.000000000000000000, 0.000000000000000000 ) ) ;
#2539 = DIRECTION ( 'NONE',  ( 0.000000000000000000, 0.000000000000000000, -1.000000000000000000 ) ) ;
#2540 = CARTESIAN_POINT ( 'NONE',  ( -9.971929808617959523, 30.76271017861895274, 11.16439211666146036 ) ) ;
#2541 = VERTEX_POINT ( 'NONE', #4979 ) ;
#2542 = CARTESIAN_POINT ( 'NONE',  ( 31.89738882510128093, 19.82997201547645716, 0.1111169566763711841 ) ) ;
#2543 = DIRECTION ( 'NONE',  ( 1.000000000000000000, 0.000000000000000000, 0.000000000000000000 ) ) ;
#2544 = CARTESIAN_POINT ( 'NONE',  ( 40.00000000000000000, 0.000000000000000000, 29.50000000000000000 ) ) ;
#2545 = CARTESIAN_POINT ( 'NONE',  ( 33.34877244057864942, -16.27605516819560094, 5.582517546045550283 ) ) ;
#2546 = VERTEX_POINT ( 'NONE', #913 ) ;
#2547 = CARTESIAN_POINT ( 'NONE',  ( -28.15098312269988767, 2.900370556474844097, 46.61764080449369629 ) ) ;
#2548 = EDGE_CURVE ( 'NONE', #5707, #1530, #2665, .T. ) ;
#2549 = CARTESIAN_POINT ( 'NONE',  ( -30.68397900664747624, 20.41377840659304965, 2.902681866415799838 ) ) ;
#2550 = DIRECTION ( 'NONE',  ( -1.000000000000000000, 0.000000000000000000, 0.000000000000000000 ) ) ;
#2551 = ADVANCED_FACE ( 'NONE', ( #3188 ), #4812, .F. ) ;
#2552 = CARTESIAN_POINT ( 'NONE',  ( -35.00000000000000000, -15.48385181469820004, 8.000000000000000000 ) ) ;
#2553 = ORIENTED_EDGE ( 'NONE', *, *, #4680, .F. ) ;
#2554 = EDGE_CURVE ( 'NONE', #1003, #1991, #5565, .T. ) ;
#2555 = DIRECTION ( 'NONE',  ( -0.7071067811865480168, 0.000000000000000000, -0.7071067811865470176 ) ) ;
#2556 = CARTESIAN_POINT ( 'NONE',  ( 26.65781762494615492, -22.31919202777723754, 6.827829822150698114 ) ) ;
#2557 = CARTESIAN_POINT ( 'NONE',  ( 31.72600561785610296, 20.16609314576595224, -61.00000000000000000 ) ) ;
#2558 = EDGE_CURVE ( 'NONE', #3680, #775, #668, .T. ) ;
#2559 = CARTESIAN_POINT ( 'NONE',  ( -9.440518290197999818, 33.70283995478245487, 21.39772910939334949 ) ) ;
#2560 = ORIENTED_EDGE ( 'NONE', *, *, #1039, .F. ) ;
#2561 = CARTESIAN_POINT ( 'NONE',  ( 33.51401933474035388, -14.88177244759607909, 5.173926992416699733 ) ) ;
#2562 = CARTESIAN_POINT ( 'NONE',  ( 8.449175291031270518, 31.77792484364830372, 19.44996927057774982 ) ) ;
#2563 = DIRECTION ( 'NONE',  ( 0.000000000000000000, 0.000000000000000000, 1.000000000000000000 ) ) ;
#2564 = VERTEX_POINT ( 'NONE', #3725 ) ;
#2565 = CARTESIAN_POINT ( 'NONE',  ( -35.00000000000000000, -15.48385181469829952, 47.70734219474390159 ) ) ;
#2566 = DIRECTION ( 'NONE',  ( -1.000000000000000000, 0.000000000000000000, 0.000000000000000000 ) ) ;
#2567 = CARTESIAN_POINT ( 'NONE',  ( -8.934351787628081354, 33.86445793565344786, -6.723492521635670016 ) ) ;
#2568 = CARTESIAN_POINT ( 'NONE',  ( -9.738832770356589563, 30.93968905931950175, 10.51127932061796066 ) ) ;
#2569 = ORIENTED_EDGE ( 'NONE', *, *, #4803, .F. ) ;
#2570 = CARTESIAN_POINT ( 'NONE',  ( 34.99990478638518709, -15.50336719403311747, 7.878369409721917016 ) ) ;
#2571 = CARTESIAN_POINT ( 'NONE',  ( 12.79974988655889767, 29.05424864467892121, -6.664602331498421961 ) ) ;
#2572 = DIRECTION ( 'NONE',  ( -0.3086754475362245564, -0.9511674237947342903, 0.000000000000000000 ) ) ;
#2573 = DIRECTION ( 'NONE',  ( -1.000000000000000000, 0.000000000000000000, 0.000000000000000000 ) ) ;
#2574 = ORIENTED_EDGE ( 'NONE', *, *, #4746, .T. ) ;
#2575 = EDGE_CURVE ( 'NONE', #127, #1315, #3903, .T. ) ;
#2576 = CARTESIAN_POINT ( 'NONE',  ( -12.46549422516789996, 32.72808240661930057, -5.630065930601509727 ) ) ;
#2577 = DIRECTION ( 'NONE',  ( 0.000000000000000000, 0.000000000000000000, -1.000000000000000000 ) ) ;
#2578 = CARTESIAN_POINT ( 'NONE',  ( 28.15891634551326561, 2.826179945982039587, 28.74464931620378394 ) ) ;
#2579 = DIRECTION ( 'NONE',  ( 0.000000000000000000, 0.000000000000000000, 1.000000000000000000 ) ) ;
#2580 = ORIENTED_EDGE ( 'NONE', *, *, #3698, .T. ) ;
#2581 = CARTESIAN_POINT ( 'NONE',  ( -33.60531563260388310, -16.20246769388894847, 5.667819485996958839 ) ) ;
#2582 = AXIS2_PLACEMENT_3D ( 'NONE', #494, #2278, #5344 ) ;
#2583 = CARTESIAN_POINT ( 'NONE',  ( -28.75000000000000000, 16.80260396486210084, 63.00000000000000000 ) ) ;
#2584 = CARTESIAN_POINT ( 'NONE',  ( -9.393121287747291603, 26.69568185042615482, 18.93499785751852116 ) ) ;
#2585 = CARTESIAN_POINT ( 'NONE',  ( 34.71971201583942701, -15.44637789596065502, 6.298635200587888505 ) ) ;
#2586 = FACE_OUTER_BOUND ( 'NONE', #2718, .T. ) ;
#2587 =( BOUNDED_SURFACE ( )  B_SPLINE_SURFACE ( 3, 2, ( 
 ( #3511, #4376, #391 ),
 ( #38, #1835, #2179 ),
 ( #3599, #5369, #5278 ),
 ( #1310, #3079, #4842 ),
 ( #870, #2643, #629 ),
 ( #1978, #1057, #547 ) ),
 .UNSPECIFIED., .F., .F., .T. ) 
 B_SPLINE_SURFACE_WITH_KNOTS ( ( 4, 2, 4 ),
 ( 3, 3 ),
 ( 0.001231379285529495991, 0.001921401031968279901, 0.002611422778407064896 ),
 ( 0.000000000000000000, 0.4450380587770890184 ),
 .UNSPECIFIED. ) 
 GEOMETRIC_REPRESENTATION_ITEM ( )  RATIONAL_B_SPLINE_SURFACE ( (
 ( 1.000000000000000000, 0.9912784911645680097, 0.9903197890525919922),
 ( 1.000000000000000000, 0.9898220004256319537, 0.9887031951968859866),
 ( 1.000000000000000000, 0.9886277663214920741, 0.9873776862434699986),
 ( 1.000000000000000000, 0.9869683820709140853, 0.9855358960335980356),
 ( 1.000000000000000000, 0.9865017444408960001, 0.9850179637835939639),
 ( 1.000000000000000000, 0.9864214268934030638, 0.9849288174194510415) ) ) 
 REPRESENTATION_ITEM ( '' )  SURFACE ( )  );
#2588 = VECTOR ( 'NONE', #1349, 1000.000000000000114 ) ;
#2589 = AXIS2_PLACEMENT_3D ( 'NONE', #4068, #66, #3635 ) ;
#2590 = VERTEX_POINT ( 'NONE', #5500 ) ;
#2591 = CARTESIAN_POINT ( 'NONE',  ( -34.53720616994860393, 16.78855718802275021, -61.00000000000000000 ) ) ;
#2592 = CARTESIAN_POINT ( 'NONE',  ( 40.00000000000000000, 0.000000000000000000, 29.50000000000000000 ) ) ;
#2593 = VECTOR ( 'NONE', #2577, 1000.000000000000000 ) ;
#2594 = TOROIDAL_SURFACE ( 'NONE', #1034, 44.00000000000000000, 2.000000000000000000 ) ;
#2595 = VERTEX_POINT ( 'NONE', #5113 ) ;
#2596 = EDGE_CURVE ( 'NONE', #4530, #2941, #5060, .T. ) ;
#2597 = CARTESIAN_POINT ( 'NONE',  ( -34.99985364675356436, -15.24619546871206488, 7.421567207849960823 ) ) ;
#2598 = ADVANCED_FACE ( 'NONE', ( #637 ), #5178, .F. ) ;
#2599 = VECTOR ( 'NONE', #5249, 1000.000000000000000 ) ;
#2600 = AXIS2_PLACEMENT_3D ( 'NONE', #4311, #4338, #3849 ) ;
#2601 = B_SPLINE_CURVE_WITH_KNOTS ( 'NONE', 3,
 ( #5213, #350, #5540, #776 ),
 .UNSPECIFIED., .F., .F.,
 ( 4, 4 ),
 ( 0.000000000000000000, 1.000000000000000000 ),
 .UNSPECIFIED. ) ;
#2602 = CARTESIAN_POINT ( 'NONE',  ( -24.44920680482520225, 25.07250618795104913, 0.1210471594772072057 ) ) ;
#2603 = VERTEX_POINT ( 'NONE', #3802 ) ;
#2604 = CARTESIAN_POINT ( 'NONE',  ( 31.21669720437609996, 17.65166650870614973, 3.304077578644855073 ) ) ;
#2605 = ADVANCED_FACE ( 'NONE', ( #1959 ), #1546, .F. ) ;
#2606 = CONICAL_SURFACE ( 'NONE', #1967, 2.899999999999999911, 0.7853981633974518317 ) ;
#2607 = CARTESIAN_POINT ( 'NONE',  ( -30.01999972660728844, 20.62925477415351239, 2.803025264984521758 ) ) ;
#2608 = CARTESIAN_POINT ( 'NONE',  ( 12.41885488418506078, 32.72266649434455843, 10.00127076991486064 ) ) ;
#2609 = CARTESIAN_POINT ( 'NONE',  ( -28.29999999999999716, 3.465750441587010136E-15, 61.00001199999999812 ) ) ;
#2610 = EDGE_CURVE ( 'NONE', #4840, #3733, #3287, .T. ) ;
#2611 = VERTEX_POINT ( 'NONE', #2496 ) ;
#2612 = CARTESIAN_POINT ( 'NONE',  ( -5.265749851352871325, 34.61711594527041314, -12.68525854724980384 ) ) ;
#2613 = CARTESIAN_POINT ( 'NONE',  ( 33.00000000000000000, 15.50910527760495050, 4.176056798680550131 ) ) ;
#2614 = CARTESIAN_POINT ( 'NONE',  ( 28.24545579148713870, -1.777240086756086912, 31.82357998270984822 ) ) ;
#2615 = ORIENTED_EDGE ( 'NONE', *, *, #2711, .F. ) ;
#2616 = CARTESIAN_POINT ( 'NONE',  ( 8.638234903585908953, 31.66960397247284931, 9.603460564625970974 ) ) ;
#2617 = CARTESIAN_POINT ( 'NONE',  ( 35.00000000000000000, -15.48385181469824978, 47.47156146316330450 ) ) ;
#2618 = CARTESIAN_POINT ( 'NONE',  ( 25.75000000000000000, -16.80260396486210084, 64.00000000000000000 ) ) ;
#2619 = EDGE_CURVE ( 'NONE', #4486, #4422, #1671, .T. ) ;
#2620 = CARTESIAN_POINT ( 'NONE',  ( 34.71492792651992687, -15.45068355623213385, 6.291720887155436870 ) ) ;
#2621 = DIRECTION ( 'NONE',  ( 0.000000000000000000, -4.175306880205254575E-17, 1.000000000000000000 ) ) ;
#2622 = CARTESIAN_POINT ( 'NONE',  ( 9.987102486192604545, 26.47931546755395260, 17.76336731256358803 ) ) ;
#2623 = VECTOR ( 'NONE', #3886, 1000.000000000000000 ) ;
#2624 = CARTESIAN_POINT ( 'NONE',  ( 33.00000000000000000, 15.50910527760495050, 4.176056798680550131 ) ) ;
#2625 = ORIENTED_EDGE ( 'NONE', *, *, #4810, .F. ) ;
#2626 = LINE ( 'NONE', #2591, #5108 ) ;
#2627 = DIRECTION ( 'NONE',  ( 1.000000000000000000, 0.000000000000000000, -2.102695122396129916E-16 ) ) ;
#2628 = CIRCLE ( 'NONE', #1795, 2.899999999999999911 ) ;
#2629 = EDGE_LOOP ( 'NONE', ( #1706, #3846, #1444, #664 ) ) ;
#2630 =( BOUNDED_SURFACE ( )  B_SPLINE_SURFACE ( 3, 2, ( 
 ( #5132, #718, #3874 ),
 ( #5215, #240, #5652 ),
 ( #2114, #3477, #5572 ),
 ( #1593, #1650, #4685 ),
 ( #5600, #1219, #1621 ),
 ( #3394, #294, #2487 ),
 ( #2986, #5158, #4710 ),
 ( #749, #3448, #4255 ),
 ( #3416, #352, #4774 ),
 ( #4744, #778, #1709 ),
 ( #1249, #5685, #804 ),
 ( #2519, #2149, #1276 ) ),
 .UNSPECIFIED., .F., .F., .T. ) 
 B_SPLINE_SURFACE_WITH_KNOTS ( ( 4, 2, 2, 2, 2, 4 ),
 ( 3, 3 ),
 ( 2.414880768226645187E-15, 4.385698173603524779E-05, 8.771396346965559788E-05, 0.0001754279269368965149, 0.0002631418904041370253, 0.0003508558538713775357 ),
 ( 0.000000000000000000, 1.000000000000000000 ),
 .UNSPECIFIED. ) 
 GEOMETRIC_REPRESENTATION_ITEM ( )  RATIONAL_B_SPLINE_SURFACE ( (
 ( 1.000000000000000000, 0.9905204055974100585, 1.000000000000000000),
 ( 1.000000000000000000, 0.9882792254318839564, 1.000000000000000000),
 ( 1.000000000000000000, 0.9861843718907919998, 1.000000000000000000),
 ( 1.000000000000000000, 0.9817497587973059714, 1.000000000000000000),
 ( 1.000000000000000000, 0.9794293453189819587, 1.000000000000000000),
 ( 1.000000000000000000, 0.9719075500491120012, 1.000000000000000000),
 ( 1.000000000000000000, 0.9661739540399679749, 1.000000000000000000),
 ( 1.000000000000000000, 0.9520372876941609608, 1.000000000000000000),
 ( 1.000000000000000000, 0.9436765941485880660, 1.000000000000000000),
 ( 1.000000000000000000, 0.9219707752997530203, 1.000000000000000000),
 ( 1.000000000000000000, 0.9087735179274459840, 1.000000000000000000),
 ( 1.000000000000000000, 0.8899050532078059961, 1.000000000000000000) ) ) 
 REPRESENTATION_ITEM ( '' )  SURFACE ( )  );
#2631 = CARTESIAN_POINT ( 'NONE',  ( -34.37415798385535481, -16.47709599124040025, 6.627627192045800086 ) ) ;
#2632 = AXIS2_PLACEMENT_3D ( 'NONE', #4831, #2196, #3099 ) ;
#2633 = CARTESIAN_POINT ( 'NONE',  ( 35.00000000000000000, -15.11408154316919905, 7.352745219558790346 ) ) ;
#2634 = CARTESIAN_POINT ( 'NONE',  ( -12.46549422516789996, 32.72808240661930057, -5.630065930601509727 ) ) ;
#2635 = EDGE_CURVE ( 'NONE', #3733, #4840, #2108, .T. ) ;
#2636 = ORIENTED_EDGE ( 'NONE', *, *, #1286, .F. ) ;
#2637 = DIRECTION ( 'NONE',  ( -0.6429025854938156259, -0.7659479522561355447, 0.000000000000000000 ) ) ;
#2638 = CARTESIAN_POINT ( 'NONE',  ( -11.09775948938804113, 33.19401953331809807, 20.65196563748515146 ) ) ;
#2639 = CARTESIAN_POINT ( 'NONE',  ( 40.00000000000000000, 3.551475717527324818E-16, 32.39999999999999858 ) ) ;
#2640 = ADVANCED_FACE ( 'NONE', ( #3854 ), #808, .T. ) ;
#2641 = ORIENTED_EDGE ( 'NONE', *, *, #356, .T. ) ;
#2642 = CARTESIAN_POINT ( 'NONE',  ( -6.438650027839519119, 34.40863965112320244, -7.276090233414799435 ) ) ;
#2643 = CARTESIAN_POINT ( 'NONE',  ( 33.54966970194301012, -16.06674426301063718, 5.591898856839693899 ) ) ;
#2644 = LINE ( 'NONE', #807, #3986 ) ;
#2645 = DIRECTION ( 'NONE',  ( -1.000000000000000000, 0.000000000000000000, 0.000000000000000000 ) ) ;
#2646 = EDGE_LOOP ( 'NONE', ( #1542, #1390, #4024, #1618 ) ) ;
#2647 = CARTESIAN_POINT ( 'NONE',  ( -8.231445116932613715, 27.07689588776265666, 9.507339288919027354 ) ) ;
#2648 = VERTEX_POINT ( 'NONE', #1281 ) ;
#2649 = CARTESIAN_POINT ( 'NONE',  ( -33.00000000000000000, 14.80414594680469875, 2.304417853285995132 ) ) ;
#2650 = CARTESIAN_POINT ( 'NONE',  ( 10.00000000000000000, 30.74085229787894846, 17.50000000000000000 ) ) ;
#2651 = DIRECTION ( 'NONE',  ( 0.000000000000000000, 0.000000000000000000, 1.000000000000000000 ) ) ;
#2652 = CARTESIAN_POINT ( 'NONE',  ( 9.846641808629382098, 26.53174905514826776, 18.26820822439359304 ) ) ;
#2653 = CARTESIAN_POINT ( 'NONE',  ( -8.484848484848459549, 33.95596186517419568, 21.50000000000000000 ) ) ;
#2654 = ORIENTED_EDGE ( 'NONE', *, *, #1326, .T. ) ;
#2655 = CARTESIAN_POINT ( 'NONE',  ( -33.54101966249655220, 30.00000000000034817, -61.00000000000000000 ) ) ;
#2656 = CARTESIAN_POINT ( 'NONE',  ( 9.687585519219132024, 30.97752143462069796, 18.57384441351999982 ) ) ;
#2657 = ORIENTED_EDGE ( 'NONE', *, *, #4094, .T. ) ;
#2658 = CYLINDRICAL_SURFACE ( 'NONE', #1245, 2.000000000000001776 ) ;
#2659 = CARTESIAN_POINT ( 'NONE',  ( 9.577259189430900932, 31.05803259652334702, 18.73664265744319835 ) ) ;
#2660 = FACE_OUTER_BOUND ( 'NONE', #2145, .T. ) ;
#2661 = ORIENTED_EDGE ( 'NONE', *, *, #4583, .F. ) ;
#2662 = CARTESIAN_POINT ( 'NONE',  ( -28.18691046569590242, -2.531786175712120723, 28.03449520946823270 ) ) ;
#2663 = CARTESIAN_POINT ( 'NONE',  ( 35.00000000000000000, -15.48385181473514827, 47.23577525667610644 ) ) ;
#2664 = DIRECTION ( 'NONE',  ( 1.000000000000000000, 0.000000000000000000, 0.000000000000000000 ) ) ;
#2665 = B_SPLINE_CURVE_WITH_KNOTS ( 'NONE', 3,
 ( #4446, #4950, #3984, #465, #2253, #1816, #1008, #3579, #4049, #1846, #3610, #112, #2773, #4416, #2745, #3151, #4915, #1411 ),
 .UNSPECIFIED., .F., .F.,
 ( 4, 2, 2, 2, 2, 2, 2, 2, 4 ),
 ( 0.000000000000000000, 0.1250000000000000278, 0.2500000000000000000, 0.3749999999999999445, 0.4999999999999999445, 0.6249999999999998890, 0.7499999999999998890, 0.8750000000000000000, 1.000000000000000000 ),
 .UNSPECIFIED. ) ;
#2666 = ORIENTED_EDGE ( 'NONE', *, *, #4358, .F. ) ;
#2667 = EDGE_CURVE ( 'NONE', #2817, #2224, #2153, .T. ) ;
#2668 = CARTESIAN_POINT ( 'NONE',  ( -10.11752708290836367, 33.55685361285183177, -11.34559314963619236 ) ) ;
#2669 = DIRECTION ( 'NONE',  ( 1.000000000000000000, 0.000000000000000000, 0.000000000000000000 ) ) ;
#2670 = CARTESIAN_POINT ( 'NONE',  ( -35.00000000000000000, -15.49054879128419948, 47.59447673309599480 ) ) ;
#2671 = CARTESIAN_POINT ( 'NONE',  ( 10.00000000000000000, 30.74085229787894846, -61.00000000000000000 ) ) ;
#2672 = CARTESIAN_POINT ( 'NONE',  ( 0.000000000000000000, 19.69999999999999929, 8.000000000000000000 ) ) ;
#2673 = ORIENTED_EDGE ( 'NONE', *, *, #1712, .F. ) ;
#2674 = CARTESIAN_POINT ( 'NONE',  ( -35.00000000000000000, -15.48385181469839900, 47.48505673534059923 ) ) ;
#2675 = ORIENTED_EDGE ( 'NONE', *, *, #496, .T. ) ;
#2676 = CARTESIAN_POINT ( 'NONE',  ( 9.206053159185170642, 31.31439115885549640, 9.904227214377261390 ) ) ;
#2677 = CARTESIAN_POINT ( 'NONE',  ( 35.00000000000000000, -15.29191416471720011, 7.507119316785519914 ) ) ;
#2678 = FACE_OUTER_BOUND ( 'NONE', #4246, .T. ) ;
#2679 = DIRECTION ( 'NONE',  ( 0.000000000000000000, 0.000000000000000000, 1.000000000000000000 ) ) ;
#2680 = CARTESIAN_POINT ( 'NONE',  ( 33.54585716576286814, -16.07920368292272073, 5.586871135739357896 ) ) ;
#2681 = CARTESIAN_POINT ( 'NONE',  ( -9.945723711543658752, 30.78301997799729861, 11.03239087808394103 ) ) ;
#2682 = ORIENTED_EDGE ( 'NONE', *, *, #2169, .T. ) ;
#2683 = DIRECTION ( 'NONE',  ( -1.000000000000000000, 0.000000000000000000, 0.000000000000000000 ) ) ;
#2684 = ORIENTED_EDGE ( 'NONE', *, *, #235, .T. ) ;
#2685 = DIRECTION ( 'NONE',  ( 1.051347561198063849E-16, 0.000000000000000000, -1.000000000000000000 ) ) ;
#2686 = VECTOR ( 'NONE', #5684, 1000.000000000000000 ) ;
#2687 = AXIS2_PLACEMENT_3D ( 'NONE', #5418, #4886, #1347 ) ;
#2688 = CARTESIAN_POINT ( 'NONE',  ( 8.989076023415361050, 31.45553501615740188, 19.23949948806854593 ) ) ;
#2689 = CARTESIAN_POINT ( 'NONE',  ( 33.57630774097845006, -15.63670229487384944, 5.396152891587760791 ) ) ;
#2690 = ORIENTED_EDGE ( 'NONE', *, *, #4184, .T. ) ;
#2691 = CARTESIAN_POINT ( 'NONE',  ( -28.29217083067733896, -0.7546497282504958104, 32.32639488858256982 ) ) ;
#2692 = EDGE_CURVE ( 'NONE', #4055, #1313, #1717, .T. ) ;
#2693 = CARTESIAN_POINT ( 'NONE',  ( -12.06986555665453942, 32.85308644200714667, 19.64283734192195041 ) ) ;
#2694 = CARTESIAN_POINT ( 'NONE',  ( 10.58439411777823835, 33.36145344604980068, 8.021807734782370858 ) ) ;
#2695 = VECTOR ( 'NONE', #331, 1000.000000000000000 ) ;
#2696 = AXIS2_PLACEMENT_3D ( 'NONE', #4409, #3110, #970 ) ;
#2697 = ORIENTED_EDGE ( 'NONE', *, *, #4042, .T. ) ;
#2698 = AXIS2_PLACEMENT_3D ( 'NONE', #809, #3542, #2550 ) ;
#2699 = EDGE_CURVE ( 'NONE', #201, #3695, #4176, .T. ) ;
#2700 = CARTESIAN_POINT ( 'NONE',  ( 21.40100488205040108, 24.00151450893345384, -2.522893840493865003 ) ) ;
#2701 = FACE_OUTER_BOUND ( 'NONE', #375, .T. ) ;
#2702 = DIRECTION ( 'NONE',  ( 0.000000000000000000, 0.000000000000000000, 1.000000000000000000 ) ) ;
#2703 = CARTESIAN_POINT ( 'NONE',  ( -26.80077643654355057, -22.51040609137055171, 8.000000000000000000 ) ) ;
#2704 = DIRECTION ( 'NONE',  ( -0.7071067811865460184, 0.000000000000000000, 0.7071067811865489050 ) ) ;
#2705 = CARTESIAN_POINT ( 'NONE',  ( 9.955980344737485055, 26.49271590492875816, 11.00529922009633843 ) ) ;
#2706 = EDGE_LOOP ( 'NONE', ( #357, #5128, #4382, #3349 ) ) ;
#2707 = CARTESIAN_POINT ( 'NONE',  ( -8.815925919624834961, 26.89183871012328098, 9.673830309542251982 ) ) ;
#2708 = LINE ( 'NONE', #160, #2523 ) ;
#2709 = CARTESIAN_POINT ( 'NONE',  ( 8.450530051093799955, 31.77696338593759862, 9.551135445303371441 ) ) ;
#2710 = SPHERICAL_SURFACE ( 'NONE', #4098, 2.000000000000000000 ) ;
#2711 = EDGE_CURVE ( 'NONE', #2033, #533, #642, .T. ) ;
#2712 = PLANE ( 'NONE',  #5090 ) ;
#2713 = DIRECTION ( 'NONE',  ( 0.000000000000000000, 0.000000000000000000, -1.000000000000000000 ) ) ;
#2714 = CARTESIAN_POINT ( 'NONE',  ( 9.235492436228698310, 26.75108499569789089, 19.07805412685781477 ) ) ;
#2715 = B_SPLINE_CURVE_WITH_KNOTS ( 'NONE', 3,
 ( #5231, #3056, #5752, #428, #1231, #847, #3492, #1721, #3116, #1784, #4444, #1752, #368, #2584, #3857, #1261, #5321, #5633, #1316, #1660, #3888, #1345 ),
 .UNSPECIFIED., .F., .F.,
 ( 4, 2, 2, 2, 2, 1, 1, 1, 1, 2, 2, 2, 4 ),
 ( 0.000000000000000000, 0.1249999999999622247, 0.2499999999999244493, 0.3749999999998866462, 0.4374999999998677724, 0.4687499999998555600, 0.4843749999998473443, 0.4921874999998432920, 0.4960937499998411826, 0.4980468749998401834, 0.4999999999998391287, 0.7499999999999195088, 1.000000000000000000 ),
 .UNSPECIFIED. ) ;
#2716 = EDGE_CURVE ( 'NONE', #1315, #1321, #1688, .T. ) ;
#2717 = FACE_OUTER_BOUND ( 'NONE', #4074, .T. ) ;
#2718 = EDGE_LOOP ( 'NONE', ( #281, #5070, #2843, #3165, #1335, #4663 ) ) ;
#2719 = CARTESIAN_POINT ( 'NONE',  ( -28.29999999999999716, 3.465750465278059542E-15, 32.39999999999999858 ) ) ;
#2720 = CARTESIAN_POINT ( 'NONE',  ( 28.91088794945320117, 15.73248864307934980, 64.00000000000000000 ) ) ;
#2721 = ORIENTED_EDGE ( 'NONE', *, *, #3493, .T. ) ;
#2722 = AXIS2_PLACEMENT_3D ( 'NONE', #3750, #4290, #3772 ) ;
#2723 = FACE_OUTER_BOUND ( 'NONE', #3003, .T. ) ;
#2724 = AXIS2_PLACEMENT_3D ( 'NONE', #310, #794, #3841 ) ;
#2725 = CARTESIAN_POINT ( 'NONE',  ( 10.34168351520957962, 33.43748721714819538, 21.09881406193764875 ) ) ;
#2726 = CARTESIAN_POINT ( 'NONE',  ( 35.00000000000000000, -14.45032751936371973, 7.057975664138229632 ) ) ;
#2727 = ORIENTED_EDGE ( 'NONE', *, *, #4785, .F. ) ;
#2728 = CARTESIAN_POINT ( 'NONE',  ( 35.00000000000000000, -15.48385181469820004, 47.70734219474480398 ) ) ;
#2729 = CARTESIAN_POINT ( 'NONE',  ( -12.72727272727255965, 32.60393425532604539, 17.50000000000000000 ) ) ;
#2730 = CARTESIAN_POINT ( 'NONE',  ( 9.640868303737228473, 33.64607542001100171, 7.650816065754080242 ) ) ;
#2731 = VECTOR ( 'NONE', #2048, 1000.000000000000000 ) ;
#2732 = ORIENTED_EDGE ( 'NONE', *, *, #3742, .T. ) ;
#2733 = B_SPLINE_CURVE_WITH_KNOTS ( 'NONE', 3,
 ( #3113, #1780, #44, #3183, #2674, #3546, #4881, #5318, #1342, #460, #2248, #1438, #3213 ),
 .UNSPECIFIED., .F., .F.,
 ( 4, 3, 3, 3, 4 ),
 ( -9.394200504185539087E-05, -1.355252715606880543E-20, 0.0003850303630844044119, 0.0005677262243785620140, 0.0006134001897021009808 ),
 .UNSPECIFIED. ) ;
#2734 = CARTESIAN_POINT ( 'NONE',  ( 14.91622663146294236, 31.72177032271905617, -9.217088057902728337 ) ) ;
#2735 = FACE_OUTER_BOUND ( 'NONE', #1685, .T. ) ;
#2736 = LINE ( 'NONE', #932, #1304 ) ;
#2737 = DIRECTION ( 'NONE',  ( 0.000000000000000000, -1.000000000000000000, 0.000000000000000000 ) ) ;
#2738 = CARTESIAN_POINT ( 'NONE',  ( -35.00000000000000000, 4.163799117100999573E-16, 15.40000000000000036 ) ) ;
#2739 = CARTESIAN_POINT ( 'NONE',  ( 26.67403896254699802, 22.71773910204779767, 1.524100326794479932 ) ) ;
#2740 = ORIENTED_EDGE ( 'NONE', *, *, #3587, .T. ) ;
#2741 = CARTESIAN_POINT ( 'NONE',  ( -9.733629594188379031, 26.57365109559943050, 10.49409886521521074 ) ) ;
#2742 = CARTESIAN_POINT ( 'NONE',  ( -35.00000000000000000, -13.92840621133069945, 7.000000000000000000 ) ) ;
#2743 = CARTESIAN_POINT ( 'NONE',  ( 34.11470772290530817, -16.01516781497794994, 5.950559849225480313 ) ) ;
#2744 = CARTESIAN_POINT ( 'NONE',  ( 34.35025272847161659, -15.69516238981219480, 5.909213423911565677 ) ) ;
#2745 = CARTESIAN_POINT ( 'NONE',  ( -28.26408360670567177, 1.469233005501637379, 26.97017087389425782 ) ) ;
#2746 = CARTESIAN_POINT ( 'NONE',  ( 9.400750420166641419, 26.69299348738776345, 18.92755340838045441 ) ) ;
#2747 = ADVANCED_FACE ( 'NONE', ( #1311 ), #1403, .T. ) ;
#2748 = EDGE_CURVE ( 'NONE', #3195, #942, #3036, .T. ) ;
#2749 = DIRECTION ( 'NONE',  ( -1.000000000000000000, 0.000000000000000000, 0.000000000000000000 ) ) ;
#2750 = EDGE_LOOP ( 'NONE', ( #1106, #5189, #3106, #4335 ) ) ;
#2751 = CARTESIAN_POINT ( 'NONE',  ( 31.21669720437609996, 16.84931803103770065, 1.472074052342816186 ) ) ;
#2752 = ORIENTED_EDGE ( 'NONE', *, *, #4746, .F. ) ;
#2753 = DIRECTION ( 'NONE',  ( -1.000000000000000000, 0.000000000000000000, 0.000000000000000000 ) ) ;
#2754 = EDGE_CURVE ( 'NONE', #2286, #3586, #5145, .T. ) ;
#2755 = CARTESIAN_POINT ( 'NONE',  ( 13.57549230395339990, 32.28249849427399454, -5.220059585248479905 ) ) ;
#2756 = ORIENTED_EDGE ( 'NONE', *, *, #5687, .F. ) ;
#2757 = DIRECTION ( 'NONE',  ( 0.000000000000000000, 0.000000000000000000, 1.000000000000000000 ) ) ;
#2758 = CARTESIAN_POINT ( 'NONE',  ( -12.27593015425829925, 32.77661679512299742, 19.30015868924974853 ) ) ;
#2759 = CARTESIAN_POINT ( 'NONE',  ( -34.74785288781701809, -15.41999066506836513, 6.340523502277902956 ) ) ;
#2760 = ORIENTED_EDGE ( 'NONE', *, *, #1865, .T. ) ;
#2761 = CARTESIAN_POINT ( 'NONE',  ( 35.00000000000000000, -15.34921513703109852, 7.592812387855810030 ) ) ;
#2762 = ORIENTED_EDGE ( 'NONE', *, *, #1137, .T. ) ;
#2763 = FACE_OUTER_BOUND ( 'NONE', #2064, .T. ) ;
#2764 = CARTESIAN_POINT ( 'NONE',  ( 28.29999999999999716, -2.369264842740785093E-23, 14.90000000000000036 ) ) ;
#2765 = DIRECTION ( 'NONE',  ( 1.000000000000000000, 0.000000000000000000, 0.000000000000000000 ) ) ;
#2766 = CARTESIAN_POINT ( 'NONE',  ( 34.28337403974799713, -16.30871635398695219, 6.324988961162308243 ) ) ;
#2767 = CARTESIAN_POINT ( 'NONE',  ( 9.154659771249097133, 26.78066880902494873, 9.864330870322518763 ) ) ;
#2768 = ORIENTED_EDGE ( 'NONE', *, *, #2870, .T. ) ;
#2769 = CARTESIAN_POINT ( 'NONE',  ( 26.08745973749730140, 23.33333333333359860, 1.105117766515140154 ) ) ;
#2770 = DIRECTION ( 'NONE',  ( 0.1093800711919789698, 0.9940000000130974067, 0.000000000000000000 ) ) ;
#2771 = CARTESIAN_POINT ( 'NONE',  ( 34.09191941190930919, -16.00213290566776436, 5.916939021377030095 ) ) ;
#2772 = CARTESIAN_POINT ( 'NONE',  ( 34.36807380153007330, -15.68600733642985467, 5.923247015134794680 ) ) ;
#2773 = CARTESIAN_POINT ( 'NONE',  ( -28.20578337189326490, 2.323308454037914750, 27.72249430204005805 ) ) ;
#2774 = ADVANCED_FACE ( 'NONE', ( #3972 ), #5282, .F. ) ;
#2775 = CARTESIAN_POINT ( 'NONE',  ( -28.30000000000000071, -0.3845855789803640512, 49.89999999999999858 ) ) ;
#2776 = CARTESIAN_POINT ( 'NONE',  ( -8.875365085743190718, 31.52677366188175156, 9.700592969031951895 ) ) ;
#2777 = VERTEX_POINT ( 'NONE', #3943 ) ;
#2778 = CARTESIAN_POINT ( 'NONE',  ( -11.83054979589648070, 32.94033760232425578, 9.026714685298481200 ) ) ;
#2779 = CARTESIAN_POINT ( 'NONE',  ( 28.29999999999999716, -1.169837286997702077E-15, 44.10000000000000142 ) ) ;
#2780 = ORIENTED_EDGE ( 'NONE', *, *, #1260, .F. ) ;
#2781 = CARTESIAN_POINT ( 'NONE',  ( -29.30000000000000071, 0.000000000000000000, 64.00000000000000000 ) ) ;
#2782 = ADVANCED_FACE ( 'NONE', ( #4436 ), #3210, .F. ) ;
#2783 = CARTESIAN_POINT ( 'NONE',  ( 10.58288853452047995, 33.36193107774159472, 20.97899897613530129 ) ) ;
#2784 = AXIS2_PLACEMENT_3D ( 'NONE', #5730, #2103, #1323 ) ;
#2785 = CARTESIAN_POINT ( 'NONE',  ( 16.82591983693465210, 30.71361001650845068, -3.864336067355489845 ) ) ;
#2786 = VECTOR ( 'NONE', #5691, 1000.000000000000000 ) ;
#2787 = ORIENTED_EDGE ( 'NONE', *, *, #5021, .F. ) ;
#2788 = DIRECTION ( 'NONE',  ( 0.7071067811865520136, 8.659560562354881089E-17, -0.7071067811865431318 ) ) ;
#2789 = EDGE_CURVE ( 'NONE', #3777, #2941, #41, .T. ) ;
#2790 = CARTESIAN_POINT ( 'NONE',  ( -34.92970885385170021, -15.18217062931319106, 6.727654489767930457 ) ) ;
#2791 = AXIS2_PLACEMENT_3D ( 'NONE', #3915, #3080, #3485 ) ;
#2792 = AXIS2_PLACEMENT_3D ( 'NONE', #838, #1367, #931 ) ;
#2793 = EDGE_CURVE ( 'NONE', #2898, #1228, #4718, .T. ) ;
#2794 = CARTESIAN_POINT ( 'NONE',  ( 35.00000000000002842, -15.61456715051626176, 7.384596650122163375 ) ) ;
#2795 = CARTESIAN_POINT ( 'NONE',  ( -30.68397900664625055, 20.41377840659349729, 2.902681866423714840 ) ) ;
#2796 = CARTESIAN_POINT ( 'NONE',  ( 28.20583790848671057, 2.322694630441777264, 10.22155834032150423 ) ) ;
#2797 = AXIS2_PLACEMENT_3D ( 'NONE', #1006, #2251, #16 ) ;
#2798 = CIRCLE ( 'NONE', #261, 1.999999999999998224 ) ;
#2799 = CARTESIAN_POINT ( 'NONE',  ( 28.90320573642910063, -15.69839625752525158, 5.000000000000000000 ) ) ;
#2800 = DIRECTION ( 'NONE',  ( 0.000000000000000000, 0.000000000000000000, -1.000000000000000000 ) ) ;
#2801 = CARTESIAN_POINT ( 'NONE',  ( 27.32786168497039725, 22.15248984291030254, 1.890734633888275118 ) ) ;
#2802 = AXIS2_PLACEMENT_3D ( 'NONE', #3354, #1970, #5510 ) ;
#2803 = EDGE_LOOP ( 'NONE', ( #2183, #1237, #923, #951 ) ) ;
#2804 = PRESENTATION_STYLE_ASSIGNMENT (( #4976 ) ) ;
#2805 = CARTESIAN_POINT ( 'NONE',  ( 34.05520014938200291, -15.96771011470281643, 5.856019758388388396 ) ) ;
#2806 = CARTESIAN_POINT ( 'NONE',  ( -10.00000000000000000, 30.74085229787894846, 17.50000000000000000 ) ) ;
#2807 = CARTESIAN_POINT ( 'NONE',  ( -28.15098312269888581, 2.900370556484503037, 11.61764080428453561 ) ) ;
#2808 = CARTESIAN_POINT ( 'NONE',  ( 0.000000000000000000, 0.000000000000000000, 19.50000000000000000 ) ) ;
#2809 = ORIENTED_EDGE ( 'NONE', *, *, #5530, .F. ) ;
#2810 = DIRECTION ( 'NONE',  ( -1.000000000000000000, 0.000000000000000000, 0.000000000000000000 ) ) ;
#2811 = CARTESIAN_POINT ( 'NONE',  ( -35.00000000000000000, 0.000000000000000000, 43.60000000000000142 ) ) ;
#2812 = CARTESIAN_POINT ( 'NONE',  ( -29.97313141047889573, 17.69897693792444926, 1.088691006192914035 ) ) ;
#2813 = CARTESIAN_POINT ( 'NONE',  ( 12.71998868679786021, 32.60678038678355506, 17.77012994334310036 ) ) ;
#2814 = VECTOR ( 'NONE', #1645, 1000.000000000000000 ) ;
#2815 = CARTESIAN_POINT ( 'NONE',  ( 8.761744068065061342, 33.88586358045829883, 21.49356412533494876 ) ) ;
#2816 = EDGE_CURVE ( 'NONE', #4771, #3664, #2420, .T. ) ;
#2817 = VERTEX_POINT ( 'NONE', #5313 ) ;
#2818 = CARTESIAN_POINT ( 'NONE',  ( 34.53720616994860393, 16.78855718802284969, 4.726781669296900468 ) ) ;
#2819 = CARTESIAN_POINT ( 'NONE',  ( 28.20596600472564575, -2.321171457497748669, 13.78044521383029064 ) ) ;
#2820 = AXIS2_PLACEMENT_3D ( 'NONE', #926, #5737, #2664 ) ;
#2821 = EDGE_CURVE ( 'NONE', #4486, #1341, #4972, .T. ) ;
#2822 = ADVANCED_FACE ( 'NONE', ( #4879 ), #2244, .T. ) ;
#2823 = ADVANCED_FACE ( 'NONE', ( #489 ), #1496, .T. ) ;
#2824 = CARTESIAN_POINT ( 'NONE',  ( 26.83281572999722542, 22.50000000000024514, -1.492958444838169196 ) ) ;
#2825 = CARTESIAN_POINT ( 'NONE',  ( -30.48655263954355021, 17.45793235351235140, 1.199836727427191940 ) ) ;
#2826 = VECTOR ( 'NONE', #3625, 1000.000000000000000 ) ;
#2827 = CARTESIAN_POINT ( 'NONE',  ( 33.45330855004246473, -15.37084141035844098, 5.269350440875302688 ) ) ;
#2828 = CARTESIAN_POINT ( 'NONE',  ( -31.75000000000000000, 16.80260396486210084, 64.00000000000000000 ) ) ;
#2829 = CARTESIAN_POINT ( 'NONE',  ( -33.68619134288656625, -15.94975006214952984, 5.577661913762336887 ) ) ;
#2830 = EDGE_LOOP ( 'NONE', ( #326, #2350 ) ) ;
#2831 = CARTESIAN_POINT ( 'NONE',  ( 35.00000000000000000, -14.45032751935953819, 7.057975664137280170 ) ) ;
#2832 = DIRECTION ( 'NONE',  ( -1.000000000000000000, 0.000000000000000000, 0.000000000000000000 ) ) ;
#2833 = CARTESIAN_POINT ( 'NONE',  ( 32.44637630201448530, 19.27567859916382176, 3.213032547988548870 ) ) ;
#2834 = CARTESIAN_POINT ( 'NONE',  ( -34.99379531982664560, -15.58359107682585076, 7.661459043164239091 ) ) ;
#2835 = CARTESIAN_POINT ( 'NONE',  ( -8.761744068065061342, 33.88586358045829883, 7.506435874664980190 ) ) ;
#2836 = ORIENTED_EDGE ( 'NONE', *, *, #5048, .T. ) ;
#2837 =( NAMED_UNIT ( * ) SI_UNIT ( $, .STERADIAN. ) SOLID_ANGLE_UNIT ( ) );
#2838 = CARTESIAN_POINT ( 'NONE',  ( 34.99379120830179346, -15.58360841159595012, 7.661430115364430193 ) ) ;
#2839 = CARTESIAN_POINT ( 'NONE',  ( -10.00000000000000000, 39.00000000000000000, 17.50000000000000000 ) ) ;
#2840 = EDGE_CURVE ( 'NONE', #3406, #1003, #9, .T. ) ;
#2841 = CARTESIAN_POINT ( 'NONE',  ( -26.65178923565865077, 22.70239377353510335, 1.542245514899579950 ) ) ;
#2842 = CARTESIAN_POINT ( 'NONE',  ( 30.45426518713430042, 20.48832576205299816, 2.881837241123649473 ) ) ;
#2843 = ORIENTED_EDGE ( 'NONE', *, *, #2460, .T. ) ;
#2844 = CARTESIAN_POINT ( 'NONE',  ( -34.38385517390108248, -15.67746113045556378, 5.936068791785063858 ) ) ;
#2845 = DIRECTION ( 'NONE',  ( 0.000000000000000000, 0.000000000000000000, -1.000000000000000000 ) ) ;
#2846 = VERTEX_POINT ( 'NONE', #2738 ) ;
#2847 = CYLINDRICAL_SURFACE ( 'NONE', #2962, 10.00000000000000178 ) ;
#2848 = CARTESIAN_POINT ( 'NONE',  ( -33.93654863033120250, 17.51022126027735126, 3.904239511104500071 ) ) ;
#2849 = DIRECTION ( 'NONE',  ( 0.000000000000000000, 0.000000000000000000, -1.000000000000000000 ) ) ;
#2850 = EDGE_CURVE ( 'NONE', #4652, #3353, #3831, .T. ) ;
#2851 = ORIENTED_EDGE ( 'NONE', *, *, #96, .T. ) ;
#2852 = CARTESIAN_POINT ( 'NONE',  ( -33.00000000000000000, 15.50910527760489899, 4.176056798680570559 ) ) ;
#2853 =( BOUNDED_SURFACE ( )  B_SPLINE_SURFACE ( 3, 2, ( 
 ( #65, #1925, #1867 ),
 ( #2761, #4523, #4579 ),
 ( #4151, #2794, #545 ),
 ( #4101, #1895, #5463 ),
 ( #5436, #4281, #1976 ),
 ( #4227, #236, #1947 ),
 ( #658, #4201, #1185 ),
 ( #5153, #3390, #2951 ),
 ( #3764, #3281, #3743 ),
 ( #2001, #1616, #2513 ),
 ( #743, #2433, #1510 ),
 ( #2928, #5051, #4251 ) ),
 .UNSPECIFIED., .F., .F., .T. ) 
 B_SPLINE_SURFACE_WITH_KNOTS ( ( 4, 2, 2, 2, 2, 4 ),
 ( 3, 3 ),
 ( 2.561097289647575048E-16, 4.387551096625810413E-05, 8.775102193226009260E-05, 0.0001755020438642639882, 0.0002632530657962679787, 0.0003510040877282719963 ),
 ( 0.000000000000000000, 1.000000000000000000 ),
 .UNSPECIFIED. ) 
 GEOMETRIC_REPRESENTATION_ITEM ( )  RATIONAL_B_SPLINE_SURFACE ( (
 ( 1.000000000000000000, 0.9905204055973420019, 1.000000000000000000),
 ( 1.000000000000000000, 0.9882823919104309907, 1.000000000000000000),
 ( 1.000000000000000000, 0.9861897502383579761, 1.000000000000000000),
 ( 1.000000000000000000, 0.9817586923731039805, 1.000000000000000000),
 ( 1.000000000000000000, 0.9794395488726900245, 1.000000000000000000),
 ( 1.000000000000000000, 0.9719193592835200235, 1.000000000000000000),
 ( 1.000000000000000000, 0.9661841816649789916, 1.000000000000000000),
 ( 1.000000000000000000, 0.9520295318026399389, 1.000000000000000000),
 ( 1.000000000000000000, 0.9436437260200499777, 1.000000000000000000),
 ( 1.000000000000000000, 0.9219666779739700280, 1.000000000000000000),
 ( 1.000000000000000000, 0.9087745673819570547, 1.000000000000000000),
 ( 1.000000000000000000, 0.8899050532078700559, 1.000000000000000000) ) ) 
 REPRESENTATION_ITEM ( '' )  SURFACE ( )  );
#2854 = EDGE_CURVE ( 'NONE', #3955, #3534, #650, .T. ) ;
#2855 = CARTESIAN_POINT ( 'NONE',  ( 34.05072850820805286, -15.96377328772421222, 5.848830078551105593 ) ) ;
#2856 = DIRECTION ( 'NONE',  ( 0.000000000000000000, 0.000000000000000000, -1.000000000000000000 ) ) ;
#2857 = DIRECTION ( 'NONE',  ( 0.000000000000000000, 0.000000000000000000, -1.000000000000000000 ) ) ;
#2858 = DIRECTION ( 'NONE',  ( -1.000000000000000000, 0.000000000000000000, -1.225952986556047499E-16 ) ) ;
#2859 = ORIENTED_EDGE ( 'NONE', *, *, #329, .T. ) ;
#2860 = CARTESIAN_POINT ( 'NONE',  ( 10.00000000000000000, 39.00000000000000000, 17.50000000000000000 ) ) ;
#2861 = LINE ( 'NONE', #5507, #118 ) ;
#2862 = ORIENTED_EDGE ( 'NONE', *, *, #751, .F. ) ;
#2863 = CARTESIAN_POINT ( 'NONE',  ( -30.01999972660435034, 20.62925477415459952, 2.803025265003370237 ) ) ;
#2864 = CARTESIAN_POINT ( 'NONE',  ( -8.484848484848459549, 33.95596186517419568, 7.500000000000000000 ) ) ;
#2865 = ORIENTED_EDGE ( 'NONE', *, *, #1383, .F. ) ;
#2866 = DIRECTION ( 'NONE',  ( 0.000000000000000000, 0.000000000000000000, -1.000000000000000000 ) ) ;
#2867 = CARTESIAN_POINT ( 'NONE',  ( -34.37373896983013566, -15.68276072896728301, 5.927892913903732186 ) ) ;
#2868 = CARTESIAN_POINT ( 'NONE',  ( -34.50000000000000000, 0.000000000000000000, 9.099999999999999645 ) ) ;
#2869 = CYLINDRICAL_SURFACE ( 'NONE', #858, 1.999999999999998224 ) ;
#2870 = EDGE_CURVE ( 'NONE', #3811, #5707, #3720, .T. ) ;
#2871 = VERTEX_POINT ( 'NONE', #5495 ) ;
#2872 = B_SPLINE_CURVE_WITH_KNOTS ( 'NONE', 1,
 ( #1910, #2310 ),
 .UNSPECIFIED., .F., .F.,
 ( 2, 2 ),
 ( 0.000000000000000000, 1.000000000000000000 ),
 .UNSPECIFIED. ) ;
#2873 = CARTESIAN_POINT ( 'NONE',  ( 34.98870875698052885, -15.88982497534558291, 6.749480162756332113 ) ) ;
#2874 = CARTESIAN_POINT ( 'NONE',  ( -33.00000000000000000, 14.80414594680469875, 2.304417853286000017 ) ) ;
#2875 = DIRECTION ( 'NONE',  ( 0.000000000000000000, -1.000000000000000000, 0.000000000000000000 ) ) ;
#2876 = VECTOR ( 'NONE', #1525, 1000.000000000000000 ) ;
#2877 = CARTESIAN_POINT ( 'NONE',  ( -28.26427992335074535, -1.465232725212758158, 49.53197444291212292 ) ) ;
#2878 = AXIS2_PLACEMENT_3D ( 'NONE', #1250, #3823, #3016 ) ;
#2879 = ORIENTED_EDGE ( 'NONE', *, *, #1924, .F. ) ;
#2880 = CIRCLE ( 'NONE', #255, 1.999999999999998224 ) ;
#2881 = CARTESIAN_POINT ( 'NONE',  ( -26.83281572999727516, 22.50000000000028777, -1.492958444838178966 ) ) ;
#2882 = CIRCLE ( 'NONE', #3799, 10.00000000000000178 ) ;
#2883 = DIRECTION ( 'NONE',  ( -3.469446951953620105E-15, -4.336808689942015369E-15, -1.000000000000000000 ) ) ;
#2884 = CARTESIAN_POINT ( 'NONE',  ( -12.61420223406030061, 32.64786069331535145, 18.42692734016904765 ) ) ;
#2885 = EDGE_CURVE ( 'NONE', #1101, #5091, #2971, .T. ) ;
#2886 = CARTESIAN_POINT ( 'NONE',  ( -28.15896564801974122, 2.825711453472103507, 12.75729971219040237 ) ) ;
#2887 = CIRCLE ( 'NONE', #2970, 2.000000000000000000 ) ;
#2888 = AXIS2_PLACEMENT_3D ( 'NONE', #3237, #2800, #4558 ) ;
#2889 = CARTESIAN_POINT ( 'NONE',  ( 0.000000000000000000, 0.000000000000000000, 9.500000000000000000 ) ) ;
#2890 = ORIENTED_EDGE ( 'NONE', *, *, #2635, .T. ) ;
#2891 = VECTOR ( 'NONE', #3499, 1000.000000000000000 ) ;
#2892 = CARTESIAN_POINT ( 'NONE',  ( -34.03421810789004809, -15.94282701418974924, 5.813185883612930205 ) ) ;
#2893 = DIRECTION ( 'NONE',  ( 0.000000000000000000, -1.000000000000000000, 0.000000000000000000 ) ) ;
#2894 = EDGE_CURVE ( 'NONE', #4657, #5398, #1257, .T. ) ;
#2895 = EDGE_LOOP ( 'NONE', ( #4052, #4060, #1487, #2697 ) ) ;
#2896 = DIRECTION ( 'NONE',  ( 0.7659479522561349896, -0.6429025854938161810, 0.000000000000000000 ) ) ;
#2897 = CARTESIAN_POINT ( 'NONE',  ( 12.06457534379829966, 32.85494697611260051, 19.64768882703939923 ) ) ;
#2898 = VERTEX_POINT ( 'NONE', #4154 ) ;
#2899 = CARTESIAN_POINT ( 'NONE',  ( -33.97155375778097408, -15.90159487053685972, 5.729256241532016958 ) ) ;
#2900 = CARTESIAN_POINT ( 'NONE',  ( 30.75000000000000000, -16.80260396486210084, 63.00000000000000000 ) ) ;
#2901 = DIRECTION ( 'NONE',  ( 0.000000000000000000, 0.000000000000000000, 1.000000000000000000 ) ) ;
#2902 = ORIENTED_EDGE ( 'NONE', *, *, #2391, .F. ) ;
#2903 = FACE_BOUND ( 'NONE', #3246, .T. ) ;
#2904 = CARTESIAN_POINT ( 'NONE',  ( -10.00000000000000000, 30.74085229787894846, 11.50000000000000000 ) ) ;
#2905 = DIRECTION ( 'NONE',  ( -0.7071067811865485719, 0.000000000000000000, 0.7071067811865465735 ) ) ;
#2906 = VECTOR ( 'NONE', #4505, 1000.000000000000000 ) ;
#2907 = CARTESIAN_POINT ( 'NONE',  ( -28.20583225160902074, -2.322784614914859436, 48.77832956294869859 ) ) ;
#2908 = VERTEX_POINT ( 'NONE', #3748 ) ;
#2909 = VECTOR ( 'NONE', #2925, 1000.000000000000000 ) ;
#2910 = FACE_OUTER_BOUND ( 'NONE', #818, .T. ) ;
#2911 = CARTESIAN_POINT ( 'NONE',  ( -28.75000000000000000, 16.80260396486210084, 64.00000000000000000 ) ) ;
#2912 = CARTESIAN_POINT ( 'NONE',  ( -12.72726843836054123, 32.60393536498190059, 17.63525469007310065 ) ) ;
#2913 = CARTESIAN_POINT ( 'NONE',  ( -35.00000000000000000, -15.43933274751435114, 7.760064682859180607 ) ) ;
#2914 = CARTESIAN_POINT ( 'NONE',  ( -10.21786135070531820, 33.47555556276264355, 7.846677427618488743 ) ) ;
#2915 = ORIENTED_EDGE ( 'NONE', *, *, #2176, .F. ) ;
#2916 = DIRECTION ( 'NONE',  ( 0.000000000000000000, 0.000000000000000000, 1.000000000000000000 ) ) ;
#2917 = CARTESIAN_POINT ( 'NONE',  ( 35.00000000000000000, -15.46722955471384964, 7.854196067649089841 ) ) ;
#2918 = LINE ( 'NONE', #5089, #3000 ) ;
#2919 = B_SPLINE_CURVE_WITH_KNOTS ( 'NONE', 3,
 ( #3862, #1726, #886, #819 ),
 .UNSPECIFIED., .F., .F.,
 ( 4, 4 ),
 ( 0.000000000000000000, 1.000000000000000000 ),
 .UNSPECIFIED. ) ;
#2920 = ORIENTED_EDGE ( 'NONE', *, *, #5218, .T. ) ;
#2921 = CARTESIAN_POINT ( 'NONE',  ( -25.39612653675046161, -20.62412595992047670, 5.071287819465802649 ) ) ;
#2922 = CARTESIAN_POINT ( 'NONE',  ( 12.72727272727255965, 32.60393425532604539, 17.50000000000000000 ) ) ;
#2923 = ORIENTED_EDGE ( 'NONE', *, *, #3493, .F. ) ;
#2924 = CARTESIAN_POINT ( 'NONE',  ( -33.93052953685391770, -15.87251328428798303, 5.671146353919501060 ) ) ;
#2925 = DIRECTION ( 'NONE',  ( 0.7071067811865485719, 8.659560562354913137E-17, 0.7071067811865465735 ) ) ;
#2926 = EDGE_CURVE ( 'NONE', #3839, #4771, #2035, .T. ) ;
#2927 = CARTESIAN_POINT ( 'NONE',  ( -34.50000000000000000, 3.551475717527324818E-16, 32.39999999999999858 ) ) ;
#2928 = CARTESIAN_POINT ( 'NONE',  ( 35.00000000000000000, -15.11408154316849917, 7.352745219559760237 ) ) ;
#2929 = B_SPLINE_CURVE_WITH_KNOTS ( 'NONE', 3,
 ( #4354, #1694, #369, #5199, #2217, #3983, #3428, #3494, #3057, #1232, #399, #2999, #5289, #2098, #3460, #5753, #1722, #5232, #1317, #5257, #4295, #2124, #4758, #332, #1661, #788, #3889, #3117, #879, #1753, #3922, #2556, #1785, #3087, #5669, #4322 ),
 .UNSPECIFIED., .F., .F.,
 ( 4, 2, 2, 2, 1, 1, 1, 2, 2, 2, 2, 1, 1, 1, 2, 2, 2, 2, 2, 2, 4 ),
 ( 0.000000000000000000, 0.1250000000000505984, 0.1875000000000744405, 0.2187500000000862643, 0.2343750000000912048, 0.2421875000000938138, 0.2460937500000940636, 0.2480468750000942024, 0.2500000000000943134, 0.3750000000001046385, 0.4375000000001105782, 0.4687500000001135203, 0.4843750000001155187, 0.4921875000001170730, 0.4960937500001171840, 0.5000000000001172396, 0.6250000000000870415, 0.6875000000000729417, 0.7187500000000659472, 0.7500000000000588418, 1.000000000000000000 ),
 .UNSPECIFIED. ) ;
#2930 = CARTESIAN_POINT ( 'NONE',  ( -9.996566095208331504, 30.74353579325045160, 11.36493502836328062 ) ) ;
#2931 = ORIENTED_EDGE ( 'NONE', *, *, #712, .F. ) ;
#2932 = DIRECTION ( 'NONE',  ( 1.000000000000000000, 0.000000000000000000, 0.000000000000000000 ) ) ;
#2933 = CARTESIAN_POINT ( 'NONE',  ( -35.00000000000000000, -14.60649625224274040, 7.093738120151590110 ) ) ;
#2934 = DIRECTION ( 'NONE',  ( -1.000000000000000000, 0.000000000000000000, 0.000000000000000000 ) ) ;
#2935 = ORIENTED_EDGE ( 'NONE', *, *, #4331, .T. ) ;
#2936 = DIRECTION ( 'NONE',  ( 0.000000000000000000, -1.000000000000000000, 8.673617379884039170E-17 ) ) ;
#2937 = DIRECTION ( 'NONE',  ( -1.000000000000000000, 0.000000000000000000, 0.000000000000000000 ) ) ;
#2938 = CARTESIAN_POINT ( 'NONE',  ( -10.58439411777823835, 33.36145344604980068, 20.97819226521760072 ) ) ;
#2939 = CARTESIAN_POINT ( 'NONE',  ( 28.18683994492135980, 2.532559618842755267, 30.96424740782584450 ) ) ;
#2940 = CARTESIAN_POINT ( 'NONE',  ( 9.355678264584000203, 31.21340090859649763, 10.02815409677019964 ) ) ;
#2941 = VERTEX_POINT ( 'NONE', #5029 ) ;
#2942 = CARTESIAN_POINT ( 'NONE',  ( 35.00000000000000000, -15.40719220695839908, 7.689934938518289798 ) ) ;
#2943 = CARTESIAN_POINT ( 'NONE',  ( 30.36153152294495072, 17.53831799015604886, 1.163265351990053986 ) ) ;
#2944 = ORIENTED_EDGE ( 'NONE', *, *, #4107, .T. ) ;
#2945 = CARTESIAN_POINT ( 'NONE',  ( -25.60780822054688599, -20.91144755827826884, 5.173414175788074054 ) ) ;
#2946 = CARTESIAN_POINT ( 'NONE',  ( -34.39964963517885366, -16.07994865514509897, 6.288592519225050026 ) ) ;
#2947 = ORIENTED_EDGE ( 'NONE', *, *, #4128, .F. ) ;
#2948 = CARTESIAN_POINT ( 'NONE',  ( -34.50000000000000000, 3.551475717527324818E-16, 14.90000000000000036 ) ) ;
#2949 = EDGE_CURVE ( 'NONE', #5512, #516, #3668, .T. ) ;
#2950 = CARTESIAN_POINT ( 'NONE',  ( 33.68620307307088524, -15.94973975729284099, 5.577660867415365153 ) ) ;
#2951 = CARTESIAN_POINT ( 'NONE',  ( 34.62524070961519129, -16.04289720919729945, 6.610067133100789860 ) ) ;
#2952 = EDGE_CURVE ( 'NONE', #3966, #2564, #1911, .T. ) ;
#2953 = CARTESIAN_POINT ( 'NONE',  ( -8.511750794940150300, 31.74260377208244677, 9.565509557748431035 ) ) ;
#2954 = ORIENTED_EDGE ( 'NONE', *, *, #4867, .F. ) ;
#2955 = CARTESIAN_POINT ( 'NONE',  ( 31.33595851243689623, 20.13011674660214823, 2.981673501145800209 ) ) ;
#2956 = CARTESIAN_POINT ( 'NONE',  ( 20.54094589285433159, 24.67673381693750656, -3.004545066677462462 ) ) ;
#2957 = DIRECTION ( 'NONE',  ( 0.000000000000000000, 0.000000000000000000, -1.000000000000000000 ) ) ;
#2958 = ORIENTED_EDGE ( 'NONE', *, *, #587, .F. ) ;
#2959 = CARTESIAN_POINT ( 'NONE',  ( -12.81858092531122040, 29.04687796853510307, -6.657465856954240202 ) ) ;
#2960 = CARTESIAN_POINT ( 'NONE',  ( 33.91725264021835073, -15.86348464480465204, 5.652919594844890483 ) ) ;
#2961 = CIRCLE ( 'NONE', #1951, 43.99999999999999289 ) ;
#2962 = AXIS2_PLACEMENT_3D ( 'NONE', #2435, #5438, #660 ) ;
#2963 = CARTESIAN_POINT ( 'NONE',  ( 28.90320573642910063, -15.69839625752525158, 8.000000000000000000 ) ) ;
#2964 = CARTESIAN_POINT ( 'NONE',  ( 28.29999999999999716, -6.515341870076819610E-16, 26.59999999999999787 ) ) ;
#2965 = CONICAL_SURFACE ( 'NONE', #3340, 2.899999999999999911, 0.7853981633974419507 ) ;
#2966 = AXIS2_PLACEMENT_3D ( 'NONE', #3118, #2713, #5383 ) ;
#2967 = CARTESIAN_POINT ( 'NONE',  ( 9.724324026749348704, 30.95049208087790049, 10.48460839945219902 ) ) ;
#2968 = ORIENTED_EDGE ( 'NONE', *, *, #4288, .T. ) ;
#2969 = CARTESIAN_POINT ( 'NONE',  ( 35.00000000000000000, -15.41904323371420027, 7.713296336067780423 ) ) ;
#2970 = AXIS2_PLACEMENT_3D ( 'NONE', #5348, #5416, #1878 ) ;
#2971 = CIRCLE ( 'NONE', #5016, 4.999999999999997335 ) ;
#2972 = DIRECTION ( 'NONE',  ( -1.000000000000000000, 0.000000000000000000, 0.000000000000000000 ) ) ;
#2973 = VECTOR ( 'NONE', #2683, 1000.000000000000000 ) ;
#2974 = CARTESIAN_POINT ( 'NONE',  ( 12.72727272727259873, 32.60393425532604539, 11.50000000000000000 ) ) ;
#2975 = ORIENTED_EDGE ( 'NONE', *, *, #4198, .F. ) ;
#2976 = DIRECTION ( 'NONE',  ( -0.6429025854938160700, -0.7659479522561352116, 6.643539470775400789E-17 ) ) ;
#2977 = CARTESIAN_POINT ( 'NONE',  ( 8.698981712545979406, 31.63374322226790269, 9.625018701240298569 ) ) ;
#2978 = ORIENTED_EDGE ( 'NONE', *, *, #423, .F. ) ;
#2979 = FACE_OUTER_BOUND ( 'NONE', #4170, .T. ) ;
#2980 = EDGE_CURVE ( 'NONE', #3680, #2546, #458, .T. ) ;
#2981 = LINE ( 'NONE', #1705, #2814 ) ;
#2982 = CARTESIAN_POINT ( 'NONE',  ( -9.354251748128488586, 31.21426898144065021, 10.02790617366403936 ) ) ;
#2983 = VERTEX_POINT ( 'NONE', #4178 ) ;
#2984 = CARTESIAN_POINT ( 'NONE',  ( 34.53189590453484925, -16.76965698565894769, 7.645857051384109759 ) ) ;
#2985 = CARTESIAN_POINT ( 'NONE',  ( -21.40643403909422560, 23.99697785921199866, -2.519791040543825300 ) ) ;
#2986 = CARTESIAN_POINT ( 'NONE',  ( -34.73376844794910312, -16.00526677735939884, 6.811951048630660033 ) ) ;
#2987 = ADVANCED_FACE ( 'NONE', ( #3263 ), #3286, .T. ) ;
#2988 = ORIENTED_EDGE ( 'NONE', *, *, #1221, .F. ) ;
#2989 = CARTESIAN_POINT ( 'NONE',  ( 6.414670402092749413, 34.43060998690099694, -7.296599882598670206 ) ) ;
#2990 = CIRCLE ( 'NONE', #4945, 2.000000000000000444 ) ;
#2991 = DIRECTION ( 'NONE',  ( 0.000000000000000000, 0.000000000000000000, 1.000000000000000000 ) ) ;
#2992 = CARTESIAN_POINT ( 'NONE',  ( -32.75390337432474297, 18.93111841912395121, 3.304077578644879942 ) ) ;
#2993 = DIRECTION ( 'NONE',  ( 0.000000000000000000, 0.000000000000000000, -1.000000000000000000 ) ) ;
#2994 = AXIS2_PLACEMENT_3D ( 'NONE', #5177, #4766, #685 ) ;
#2995 = VERTEX_POINT ( 'NONE', #1539 ) ;
#2996 = CARTESIAN_POINT ( 'NONE',  ( -9.846641808608730173, 26.53174905515749060, 10.73179177555781294 ) ) ;
#2997 = EDGE_LOOP ( 'NONE', ( #4004, #1834 ) ) ;
#2998 = CARTESIAN_POINT ( 'NONE',  ( -26.08745973749730140, 23.33333333333359860, -61.00000000000000000 ) ) ;
#2999 = CARTESIAN_POINT ( 'NONE',  ( 25.68664681699291208, -21.01674432364931278, 5.225883376359298005 ) ) ;
#3000 = VECTOR ( 'NONE', #5169, 1000.000000000000000 ) ;
#3001 = DIRECTION ( 'NONE',  ( 1.000000000000000000, 0.000000000000000000, 0.000000000000000000 ) ) ;
#3002 = CARTESIAN_POINT ( 'NONE',  ( 12.67038167755502087, 32.62609901816905023, 10.83371944775621998 ) ) ;
#3003 = EDGE_LOOP ( 'NONE', ( #4549, #1069, #3449, #2931 ) ) ;
#3004 = CARTESIAN_POINT ( 'NONE',  ( -34.16772401490044331, -16.09421705513310030, 6.058235658679389957 ) ) ;
#3005 = CARTESIAN_POINT ( 'NONE',  ( 9.786631987122898835, 30.90411245744095226, 18.40130342645390016 ) ) ;
#3006 = CARTESIAN_POINT ( 'NONE',  ( 9.889718586509109954, 30.82605169452170202, 10.84419528340571937 ) ) ;
#3007 = VERTEX_POINT ( 'NONE', #3311 ) ;
#3008 = PLANE ( 'NONE',  #4847 ) ;
#3009 = CARTESIAN_POINT ( 'NONE',  ( 9.945723711543639212, 30.78301997799729861, 17.96760912191604831 ) ) ;
#3010 = CARTESIAN_POINT ( 'NONE',  ( -33.00000000000000000, -15.48385181469824978, 8.000000000000000000 ) ) ;
#3011 = EDGE_LOOP ( 'NONE', ( #2915, #30, #4186, #2862 ) ) ;
#3012 = CARTESIAN_POINT ( 'NONE',  ( 30.91384852147379902, 20.33918052446540159, 2.923540620549755165 ) ) ;
#3013 = CARTESIAN_POINT ( 'NONE',  ( 17.80152646576501496, 26.52917266666955953, -4.437022880966523530 ) ) ;
#3014 = CARTESIAN_POINT ( 'NONE',  ( -33.35251591957264594, -14.58222749039846100, 5.061269058593250492 ) ) ;
#3015 = B_SPLINE_CURVE_WITH_KNOTS ( 'NONE', 3,
 ( #1201, #4646, #227, #2503, #3808, #2943, #5586, #1607 ),
 .UNSPECIFIED., .F., .F.,
 ( 4, 2, 2, 4 ),
 ( 0.000000000000000000, 0.0004289832852079100462, 0.0008579665704158200923, 0.001715933140831635197 ),
 .UNSPECIFIED. ) ;
#3016 = DIRECTION ( 'NONE',  ( 0.000000000000000000, 0.000000000000000000, 1.000000000000000000 ) ) ;
#3017 = ORIENTED_EDGE ( 'NONE', *, *, #4228, .F. ) ;
#3018 = EDGE_CURVE ( 'NONE', #894, #3219, #1059, .T. ) ;
#3019 = CARTESIAN_POINT ( 'NONE',  ( 10.08437848283691984, 29.99830569351620113, -7.603296185919579564 ) ) ;
#3020 = CARTESIAN_POINT ( 'NONE',  ( -28.29999999999999716, 1.169837286997702077E-15, 44.10000000000000142 ) ) ;
#3021 = CARTESIAN_POINT ( 'NONE',  ( -28.29999999999999716, 3.465750441587010136E-15, 61.00001199999999812 ) ) ;
#3022 = CARTESIAN_POINT ( 'NONE',  ( -34.53189590451224689, -16.76965698568589858, -20.84927391700995258 ) ) ;
#3023 = VERTEX_POINT ( 'NONE', #4661 ) ;
#3024 = CARTESIAN_POINT ( 'NONE',  ( 8.450530051093799955, 31.77696338593759862, 9.551135445303371441 ) ) ;
#3025 = DIRECTION ( 'NONE',  ( -1.000000000000000000, 0.000000000000000000, 0.000000000000000000 ) ) ;
#3026 = CARTESIAN_POINT ( 'NONE',  ( 0.000000000000000000, 0.000000000000000000, 19.50000000000000000 ) ) ;
#3027 = EDGE_CURVE ( 'NONE', #1896, #3298, #1084, .T. ) ;
#3028 = CARTESIAN_POINT ( 'NONE',  ( 34.88661204982853548, -15.25841090504156305, 6.602072406113971503 ) ) ;
#3029 = CARTESIAN_POINT ( 'NONE',  ( 33.61183359728284614, -16.01833340116420246, 5.582549861934269941 ) ) ;
#3030 = CARTESIAN_POINT ( 'NONE',  ( 10.87478571243549830, 33.26774286453664331, 8.194463759685310933 ) ) ;
#3031 = EDGE_LOOP ( 'NONE', ( #1461, #2682, #3102, #1273 ) ) ;
#3032 = CARTESIAN_POINT ( 'NONE',  ( -28.75000000000000000, 16.80260396486210084, 63.00000000000000000 ) ) ;
#3033 = FACE_OUTER_BOUND ( 'NONE', #5115, .T. ) ;
#3034 = ORIENTED_EDGE ( 'NONE', *, *, #1632, .T. ) ;
#3035 = EDGE_CURVE ( 'NONE', #1228, #2898, #4356, .T. ) ;
#3036 =( BOUNDED_CURVE ( )  B_SPLINE_CURVE ( 3, ( #454, #421, #1777, #1807, #2766, #5409 ),
 .UNSPECIFIED., .F., .T. ) 
 B_SPLINE_CURVE_WITH_KNOTS ( ( 4, 2, 4 ),
 ( 0.000000000000000000, 0.5029995226575838529, 1.000000000000000000 ),
 .UNSPECIFIED. ) 
 CURVE ( )  GEOMETRIC_REPRESENTATION_ITEM ( )  RATIONAL_B_SPLINE_CURVE ( ( 0.9999999968939308204, 0.9999999968942334672, 0.9999999966738845059, 0.9999999958085278307, 0.9999999951685972777, 0.9999999943320925233 ) ) 
 REPRESENTATION_ITEM ( '' )  );
#3037 = CARTESIAN_POINT ( 'NONE',  ( -34.99990478638522262, -15.50336719403312991, 7.878369409721863725 ) ) ;
#3038 = CARTESIAN_POINT ( 'NONE',  ( -33.00000000000000000, -19.99999999999964828, 5.000000000000000000 ) ) ;
#3039 = ORIENTED_EDGE ( 'NONE', *, *, #2284, .T. ) ;
#3040 = LINE ( 'NONE', #3474, #1120 ) ;
#3041 = DIRECTION ( 'NONE',  ( 0.000000000000000000, 9.227252531791529091E-17, 1.000000000000000000 ) ) ;
#3042 = CARTESIAN_POINT ( 'NONE',  ( 34.53189590451224689, -16.76965698568584884, 8.000000000000000000 ) ) ;
#3043 = CARTESIAN_POINT ( 'NONE',  ( 0.000000000000000000, 0.000000000000000000, 63.00000000000000000 ) ) ;
#3044 = EDGE_CURVE ( 'NONE', #2259, #2286, #4632, .T. ) ;
#3045 = VERTEX_POINT ( 'NONE', #4105 ) ;
#3046 = CARTESIAN_POINT ( 'NONE',  ( 0.6323149228155571233, 35.00039834201535172, -7.897161445288179316 ) ) ;
#3047 = LINE ( 'NONE', #1742, #1864 ) ;
#3048 = CARTESIAN_POINT ( 'NONE',  ( 8.000000000000000000, 39.00000000000000000, 9.500000000000000000 ) ) ;
#3049 = CARTESIAN_POINT ( 'NONE',  ( -32.45839730509263177, 19.28615618895542738, 3.210781683099767303 ) ) ;
#3050 = FACE_OUTER_BOUND ( 'NONE', #4180, .T. ) ;
#3051 = ORIENTED_EDGE ( 'NONE', *, *, #4943, .T. ) ;
#3052 = CARTESIAN_POINT ( 'NONE',  ( 8.544980771761769844, 31.72344253886764776, 9.575408032876978837 ) ) ;
#3053 = VECTOR ( 'NONE', #3863, 1000.000000000000000 ) ;
#3054 = ORIENTED_EDGE ( 'NONE', *, *, #3129, .T. ) ;
#3055 = EDGE_CURVE ( 'NONE', #1228, #4733, #2437, .T. ) ;
#3056 = CARTESIAN_POINT ( 'NONE',  ( -8.200832548365402985, 27.08482273214859859, 19.50000000000000711 ) ) ;
#3057 = CARTESIAN_POINT ( 'NONE',  ( 25.65939862996076926, -20.97992200274381247, 5.207426327456070148 ) ) ;
#3058 = LINE ( 'NONE', #5290, #4258 ) ;
#3059 = DIRECTION ( 'NONE',  ( -0.6397259552089356038, 0.7686030849743025195, 0.000000000000000000 ) ) ;
#3060 = AXIS2_PLACEMENT_3D ( 'NONE', #5693, #781, #2093 ) ;
#3061 = AXIS2_PLACEMENT_3D ( 'NONE', #3665, #1082, #2385 ) ;
#3062 = DIRECTION ( 'NONE',  ( 0.000000000000000000, 8.350613760410499288E-17, -1.000000000000000000 ) ) ;
#3063 = ORIENTED_EDGE ( 'NONE', *, *, #2575, .T. ) ;
#3064 = CARTESIAN_POINT ( 'NONE',  ( 35.00000000000000000, 0.000000000000000000, 12.00000000000000000 ) ) ;
#3065 = CARTESIAN_POINT ( 'NONE',  ( 9.378029619647509918, 31.19791134481999606, 18.94986764698895243 ) ) ;
#3066 = VECTOR ( 'NONE', #7, 1000.000000000000000 ) ;
#3067 = AXIS2_PLACEMENT_3D ( 'NONE', #3775, #4563, #4611 ) ;
#3068 = ORIENTED_EDGE ( 'NONE', *, *, #1200, .F. ) ;
#3069 = CARTESIAN_POINT ( 'NONE',  ( 34.39962066538560492, -16.07994635456774546, 6.288576080607058749 ) ) ;
#3070 = B_SPLINE_CURVE_WITH_KNOTS ( 'NONE', 3,
 ( #2779, #4145, #4084, #4986, #144, #24, #1886, #3651, #570, #4591, #2349, #4118, #1939, #3248, #3272, #1072, #2016, #1199 ),
 .UNSPECIFIED., .F., .F.,
 ( 4, 2, 2, 2, 2, 2, 2, 2, 4 ),
 ( 0.000000000000000000, 0.1250000000000000278, 0.2500000000000000000, 0.3749999999999999445, 0.4999999999999999445, 0.6249999999999998890, 0.7499999999999998890, 0.8750000000000000000, 1.000000000000000000 ),
 .UNSPECIFIED. ) ;
#3071 = CARTESIAN_POINT ( 'NONE',  ( 9.866899393277810404, 30.84349207277185201, 18.22044219166015466 ) ) ;
#3072 = DIRECTION ( 'NONE',  ( 0.000000000000000000, 0.000000000000000000, 1.000000000000000000 ) ) ;
#3073 = ORIENTED_EDGE ( 'NONE', *, *, #2548, .T. ) ;
#3074 = CARTESIAN_POINT ( 'NONE',  ( 34.40706491659937427, 16.94491627896916697, 1.468939200968873982 ) ) ;
#3075 = CARTESIAN_POINT ( 'NONE',  ( -26.08745973749730140, 23.33333333333359860, 1.105117766515146149 ) ) ;
#3076 = CARTESIAN_POINT ( 'NONE',  ( -35.00000000000000000, -13.92840621133072077, 7.000000000000000000 ) ) ;
#3077 = ORIENTED_EDGE ( 'NONE', *, *, #3700, .F. ) ;
#3078 = CARTESIAN_POINT ( 'NONE',  ( 1.291233876981530138, 34.98223813043939856, -7.877712008732300042 ) ) ;
#3079 = CARTESIAN_POINT ( 'NONE',  ( 33.68365365094573605, -16.05114905144559856, 5.663727626787149028 ) ) ;
#3080 = DIRECTION ( 'NONE',  ( 1.000000000000000000, 0.000000000000000000, 0.000000000000000000 ) ) ;
#3081 = CARTESIAN_POINT ( 'NONE',  ( 40.00000000000000000, 0.000000000000000000, 12.00000000000000000 ) ) ;
#3082 = CARTESIAN_POINT ( 'NONE',  ( 28.75000000000000000, -16.80260396486210084, 64.00000000000000000 ) ) ;
#3083 = VERTEX_POINT ( 'NONE', #2004 ) ;
#3084 = CARTESIAN_POINT ( 'NONE',  ( -8.482416740092764584, 26.99888433814485467, 9.558903477271128324 ) ) ;
#3085 = CYLINDRICAL_SURFACE ( 'NONE', #4012, 2.899999999999999911 ) ;
#3086 = LINE ( 'NONE', #4757, #2330 ) ;
#3087 = CARTESIAN_POINT ( 'NONE',  ( 26.75778821082660031, -22.45235480163830033, 7.253225761266177685 ) ) ;
#3088 = FACE_OUTER_BOUND ( 'NONE', #403, .T. ) ;
#3089 = CARTESIAN_POINT ( 'NONE',  ( 10.00000000000000000, 26.47432718691829834, 17.50000000000000000 ) ) ;
#3090 = TOROIDAL_SURFACE ( 'NONE', #5412, 2.000000000000000000, 3.000000000000000000 ) ;
#3091 = EDGE_CURVE ( 'NONE', #2375, #505, #4454, .T. ) ;
#3092 = CARTESIAN_POINT ( 'NONE',  ( 33.00000000000000000, -14.45032751935953819, 7.057975664137280170 ) ) ;
#3093 = ORIENTED_EDGE ( 'NONE', *, *, #5642, .T. ) ;
#3094 = CARTESIAN_POINT ( 'NONE',  ( -35.00000000000000000, -15.48385181469829952, -20.85027391700995381 ) ) ;
#3095 = CARTESIAN_POINT ( 'NONE',  ( 9.669687561482108507, 30.99064612352350068, 18.60147545551689774 ) ) ;
#3096 = CIRCLE ( 'NONE', #5126, 1.999999999999998224 ) ;
#3097 = EDGE_LOOP ( 'NONE', ( #2050, #60, #4560, #1969 ) ) ;
#3098 = EDGE_CURVE ( 'NONE', #1802, #508, #585, .T. ) ;
#3099 = DIRECTION ( 'NONE',  ( -5.782411586589370458E-16, 0.000000000000000000, 1.000000000000000000 ) ) ;
#3100 = CARTESIAN_POINT ( 'NONE',  ( 9.982118266772589621, 30.75479089583180325, 17.76896123388490167 ) ) ;
#3101 = CARTESIAN_POINT ( 'NONE',  ( -35.00000000000000000, 16.23253040407215053, -61.00000000000000000 ) ) ;
#3102 = ORIENTED_EDGE ( 'NONE', *, *, #4742, .T. ) ;
#3103 = CARTESIAN_POINT ( 'NONE',  ( -28.26424073161619077, -1.465908555825721660, 26.96842200425853164 ) ) ;
#3104 = CARTESIAN_POINT ( 'NONE',  ( -11.82785414176865935, 32.94102035412865348, 19.96621543624859996 ) ) ;
#3105 = CARTESIAN_POINT ( 'NONE',  ( 5.469003557628729695, -30.00000000087169738, 8.000000000000000000 ) ) ;
#3106 = ORIENTED_EDGE ( 'NONE', *, *, #2107, .T. ) ;
#3107 = CARTESIAN_POINT ( 'NONE',  ( 34.50000000000000000, 3.551475717527324818E-16, 49.89999999999999858 ) ) ;
#3108 = CARTESIAN_POINT ( 'NONE',  ( 33.00000000000000000, 5.316988904016569554E-15, 7.000000000000000000 ) ) ;
#3109 = DIRECTION ( 'NONE',  ( 0.000000000000000000, 0.000000000000000000, -1.000000000000000000 ) ) ;
#3110 = DIRECTION ( 'NONE',  ( 0.6144940597339989541, 0.7382880531331490470, -0.2780787678922885253 ) ) ;
#3111 = FACE_OUTER_BOUND ( 'NONE', #1430, .T. ) ;
#3112 = ORIENTED_EDGE ( 'NONE', *, *, #4943, .F. ) ;
#3113 = CARTESIAN_POINT ( 'NONE',  ( -35.00000000000000000, -15.48385181469829952, 47.70734219474390159 ) ) ;
#3114 = CARTESIAN_POINT ( 'NONE',  ( -29.83691429206184864, 17.74117314562429826, 1.069026457436232036 ) ) ;
#3115 = CARTESIAN_POINT ( 'NONE',  ( 9.690079476708300277, 30.97576721674995071, 10.42858132903850077 ) ) ;
#3116 = CARTESIAN_POINT ( 'NONE',  ( -9.296956655344271070, 26.73011060834472019, 19.02292862571575327 ) ) ;
#3117 = CARTESIAN_POINT ( 'NONE',  ( 26.55074023525750349, -22.17683062589374288, 6.472976457349477464 ) ) ;
#3118 = CARTESIAN_POINT ( 'NONE',  ( -28.90320573642910063, -15.69839625752525158, 8.000000000000000000 ) ) ;
#3119 = EDGE_CURVE ( 'NONE', #2546, #4657, #1074, .T. ) ;
#3120 = FACE_OUTER_BOUND ( 'NONE', #5212, .T. ) ;
#3121 = CARTESIAN_POINT ( 'NONE',  ( -9.866899393277821062, 30.84349207277179872, 10.77955780833986132 ) ) ;
#3122 = EDGE_LOOP ( 'NONE', ( #5711, #2111, #1612, #3409 ) ) ;
#3123 = EDGE_CURVE ( 'NONE', #4319, #3338, #1771, .T. ) ;
#3124 = CARTESIAN_POINT ( 'NONE',  ( -26.54725669264474419, -22.17298057554533841, 6.464496934447220511 ) ) ;
#3125 = DIRECTION ( 'NONE',  ( 0.000000000000000000, 0.000000000000000000, -1.000000000000000000 ) ) ;
#3126 = FACE_OUTER_BOUND ( 'NONE', #174, .T. ) ;
#3127 = ORIENTED_EDGE ( 'NONE', *, *, #4727, .T. ) ;
#3128 = DIRECTION ( 'NONE',  ( 1.000000000000000000, 0.000000000000000000, 0.000000000000000000 ) ) ;
#3129 = EDGE_CURVE ( 'NONE', #5134, #4802, #1960, .T. ) ;
#3130 = DIRECTION ( 'NONE',  ( 0.000000000000000000, -0.5558565883664269291, 0.8312782044355767619 ) ) ;
#3131 = CARTESIAN_POINT ( 'NONE',  ( 20.35841115551709990, 28.47605557569699997, -2.138666529868685107 ) ) ;
#3132 = ADVANCED_FACE ( 'NONE', ( #5185 ), #2030, .F. ) ;
#3133 = ORIENTED_EDGE ( 'NONE', *, *, #356, .F. ) ;
#3134 = CARTESIAN_POINT ( 'NONE',  ( 34.99981332753690566, -15.51117784843199843, 47.23604656898229592 ) ) ;
#3135 = DIRECTION ( 'NONE',  ( -1.000000000000000000, 0.000000000000000000, 0.000000000000000000 ) ) ;
#3136 = FACE_BOUND ( 'NONE', #3417, .T. ) ;
#3137 = EDGE_CURVE ( 'NONE', #3728, #3765, #3431, .T. ) ;
#3138 = ORIENTED_EDGE ( 'NONE', *, *, #2458, .F. ) ;
#3139 = CARTESIAN_POINT ( 'NONE',  ( 17.32276562960489841, 26.81646339656909817, -4.673431208421079397 ) ) ;
#3140 = DIRECTION ( 'NONE',  ( 0.000000000000000000, -1.000000000000000000, 6.672013369141566696E-17 ) ) ;
#3141 = CARTESIAN_POINT ( 'NONE',  ( 28.15887731601298682, 2.826558438342202884, 12.75382690331863245 ) ) ;
#3142 = CARTESIAN_POINT ( 'NONE',  ( 35.00000000000000000, -14.76075404353508169, 7.137221995055949897 ) ) ;
#3143 = CARTESIAN_POINT ( 'NONE',  ( -34.97824339504183655, -15.65998211780103233, 7.521033130357850816 ) ) ;
#3144 = CARTESIAN_POINT ( 'NONE',  ( 30.45426518713430042, 20.48832576205299816, 2.881837241123674787 ) ) ;
#3145 = ORIENTED_EDGE ( 'NONE', *, *, #3318, .F. ) ;
#3146 = CARTESIAN_POINT ( 'NONE',  ( -9.411042620995141661, 26.68936774898047304, 10.08261569085933651 ) ) ;
#3147 = EDGE_LOOP ( 'NONE', ( #2467, #827, #2865, #1012 ) ) ;
#3148 = DIRECTION ( 'NONE',  ( 1.000000000000000000, 0.000000000000000000, 0.000000000000000000 ) ) ;
#3149 = DIRECTION ( 'NONE',  ( -0.6397259552089364920, 0.7686030849743018534, 0.000000000000000000 ) ) ;
#3150 = FACE_OUTER_BOUND ( 'NONE', #2997, .T. ) ;
#3151 = CARTESIAN_POINT ( 'NONE',  ( -28.29212329899706901, 0.7568533448765534244, 26.67403417477886052 ) ) ;
#3152 = CARTESIAN_POINT ( 'NONE',  ( -35.00000000000000000, -14.71969385913030059, 7.119660234301050217 ) ) ;
#3153 = CARTESIAN_POINT ( 'NONE',  ( -8.989076023415361050, 31.45553501615745162, 9.760500511931471834 ) ) ;
#3154 = ORIENTED_EDGE ( 'NONE', *, *, #1048, .F. ) ;
#3155 = CARTESIAN_POINT ( 'NONE',  ( -11.03955984530043999, 33.21356693584064601, 8.303903501990697933 ) ) ;
#3156 = DIRECTION ( 'NONE',  ( 0.000000000000000000, -6.938893903907229610E-17, -1.000000000000000000 ) ) ;
#3157 = ORIENTED_EDGE ( 'NONE', *, *, #1010, .F. ) ;
#3158 = AXIS2_PLACEMENT_3D ( 'NONE', #3437, #435, #1759 ) ;
#3159 = CIRCLE ( 'NONE', #639, 3.400000000000000355 ) ;
#3160 = CARTESIAN_POINT ( 'NONE',  ( 34.62524070962254541, -16.04289720919010520, 6.610067133108166182 ) ) ;
#3161 = CIRCLE ( 'NONE', #5653, 2.000000000000000000 ) ;
#3162 = AXIS2_PLACEMENT_3D ( 'NONE', #1156, #1586, #3521 ) ;
#3163 = CARTESIAN_POINT ( 'NONE',  ( 11.35750370815248012, 33.10604285910315525, 20.44418765267055349 ) ) ;
#3164 = CARTESIAN_POINT ( 'NONE',  ( 18.37263021321965084, 29.79607044057270215, -3.134070789845105232 ) ) ;
#3165 = ORIENTED_EDGE ( 'NONE', *, *, #4479, .T. ) ;
#3166 = CARTESIAN_POINT ( 'NONE',  ( -28.20583225160152807, -2.322784615018221643, 31.27832956289793032 ) ) ;
#3167 = CARTESIAN_POINT ( 'NONE',  ( -12.49334245622965867, 32.69429725176589585, 18.81160943319260070 ) ) ;
#3168 = CARTESIAN_POINT ( 'NONE',  ( -28.75000000000000000, -16.80260396486210084, 63.00000000000000000 ) ) ;
#3169 = CIRCLE ( 'NONE', #5747, 10.00000000000000178 ) ;
#3170 = VECTOR ( 'NONE', #3421, 1000.000000000000000 ) ;
#3171 = B_SPLINE_CURVE_WITH_KNOTS ( 'NONE', 3,
 ( #768, #4913, #2946, #4442, #3607, #1208, #4764, #3548, #5320, #4699, #5346, #5641 ),
 .UNSPECIFIED., .F., .F.,
 ( 4, 2, 2, 2, 2, 4 ),
 ( 0.000000000000000000, 0.2499999999999995837, 0.4999999999999991673, 0.7499999999999997780, 0.8750000000000000000, 1.000000000000000000 ),
 .UNSPECIFIED. ) ;
#3172 = ORIENTED_EDGE ( 'NONE', *, *, #27, .T. ) ;
#3173 = VECTOR ( 'NONE', #3897, 1000.000000000000000 ) ;
#3174 = CARTESIAN_POINT ( 'NONE',  ( 22.69803548093715051, 26.66834945443899940, -0.8811268803841260100 ) ) ;
#3175 = ORIENTED_EDGE ( 'NONE', *, *, #4836, .T. ) ;
#3176 = LINE ( 'NONE', #901, #1664 ) ;
#3177 = CARTESIAN_POINT ( 'NONE',  ( 34.50000000000000000, 0.000000000000000000, 9.099999999999999645 ) ) ;
#3178 = DIRECTION ( 'NONE',  ( 0.000000000000000000, -6.938893903907229610E-17, -1.000000000000000000 ) ) ;
#3179 = CARTESIAN_POINT ( 'NONE',  ( 28.75000000000000000, -16.80260396486210084, 63.00000000000000000 ) ) ;
#3180 = CARTESIAN_POINT ( 'NONE',  ( 27.83368628522584842, 18.50985143893010232, 0.7064018284320320307 ) ) ;
#3181 = EDGE_CURVE ( 'NONE', #4992, #2898, #3910, .T. ) ;
#3182 = EDGE_LOOP ( 'NONE', ( #5509, #4692, #2346, #3051 ) ) ;
#3183 = CARTESIAN_POINT ( 'NONE',  ( -35.00000000000000000, -15.48385181469789984, 47.61340018970209798 ) ) ;
#3184 = CARTESIAN_POINT ( 'NONE',  ( -35.00000000000000000, -14.45032751935663917, 7.057975664136599825 ) ) ;
#3185 = ADVANCED_FACE ( 'NONE', ( #690 ), #2630, .F. ) ;
#3186 = FACE_OUTER_BOUND ( 'NONE', #4494, .T. ) ;
#3187 = CARTESIAN_POINT ( 'NONE',  ( -8.638234903585919611, 31.66960397247284931, 19.39653943537404857 ) ) ;
#3188 = FACE_OUTER_BOUND ( 'NONE', #1372, .T. ) ;
#3189 = CARTESIAN_POINT ( 'NONE',  ( 8.000000000000000000, 27.14571789435674987, 19.50000000000000000 ) ) ;
#3190 = DIRECTION ( 'NONE',  ( -1.000000000000000000, 0.000000000000000000, 0.000000000000000000 ) ) ;
#3191 = EDGE_LOOP ( 'NONE', ( #2238, #461, #1056 ) ) ;
#3192 = CARTESIAN_POINT ( 'NONE',  ( 40.00000000000000000, 0.000000000000000000, 26.59999999999999787 ) ) ;
#3193 = DIRECTION ( 'NONE',  ( -1.000000000000000000, 0.000000000000000000, 0.000000000000000000 ) ) ;
#3194 = CARTESIAN_POINT ( 'NONE',  ( 35.00000000000046185, -15.52799968349241766, 7.592480192670733707 ) ) ;
#3195 = VERTEX_POINT ( 'NONE', #3042 ) ;
#3196 = PLANE ( 'NONE',  #389 ) ;
#3197 = AXIS2_PLACEMENT_3D ( 'NONE', #5207, #1644, #3785 ) ;
#3198 = CARTESIAN_POINT ( 'NONE',  ( 11.03955984530043999, 33.21356693584064601, 20.69609649800925055 ) ) ;
#3199 = CARTESIAN_POINT ( 'NONE',  ( 35.00000000000000000, -14.98433086687585991, 7.203902079721989260 ) ) ;
#3200 = EDGE_LOOP ( 'NONE', ( #4983, #3439 ) ) ;
#3201 = CARTESIAN_POINT ( 'NONE',  ( -33.00000000000000000, 0.000000000000000000, -37.00000000000000000 ) ) ;
#3202 = CARTESIAN_POINT ( 'NONE',  ( -12.72726843836054123, 32.60393536498190059, 17.63525469007310065 ) ) ;
#3203 = CARTESIAN_POINT ( 'NONE',  ( -34.94150295242022963, -15.15893524144891913, 6.766465874887164667 ) ) ;
#3204 = AXIS2_PLACEMENT_3D ( 'NONE', #4189, #198, #1994 ) ;
#3205 = ORIENTED_EDGE ( 'NONE', *, *, #4857, .T. ) ;
#3206 = FACE_OUTER_BOUND ( 'NONE', #907, .T. ) ;
#3207 = CARTESIAN_POINT ( 'NONE',  ( 34.99987262611946903, -15.34159448418368399, 7.528337339877290368 ) ) ;
#3208 = CARTESIAN_POINT ( 'NONE',  ( 28.20583225158707208, 2.322784615217137638, 13.77832956281979548 ) ) ;
#3209 = DIRECTION ( 'NONE',  ( 0.000000000000000000, -1.000000000000000000, 0.000000000000000000 ) ) ;
#3210 = CYLINDRICAL_SURFACE ( 'NONE', #1405, 2.000000000000000000 ) ;
#3211 = DIRECTION ( 'NONE',  ( -1.000000000000000000, 0.000000000000000000, 0.000000000000000000 ) ) ;
#3212 = EDGE_LOOP ( 'NONE', ( #5527, #791, #682, #4966 ) ) ;
#3213 = CARTESIAN_POINT ( 'NONE',  ( -35.00000000000000000, -15.48385181469824978, 47.00000000000000000 ) ) ;
#3214 = FACE_OUTER_BOUND ( 'NONE', #2473, .T. ) ;
#3215 = CARTESIAN_POINT ( 'NONE',  ( -8.131062364890039973, 31.95012156622284394, 19.49997335945684895 ) ) ;
#3216 = CARTESIAN_POINT ( 'NONE',  ( -34.50000000000000000, 0.000000000000000000, 44.10000000000000142 ) ) ;
#3217 = CARTESIAN_POINT ( 'NONE',  ( -28.29217083067642591, -0.7546497282741557733, 49.82639488858242771 ) ) ;
#3218 = FACE_OUTER_BOUND ( 'NONE', #4637, .T. ) ;
#3219 = VERTEX_POINT ( 'NONE', #2465 ) ;
#3220 = CARTESIAN_POINT ( 'NONE',  ( -9.832838713513728734, 33.59068410453324560, 7.705076145706799551 ) ) ;
#3221 = B_SPLINE_CURVE_WITH_KNOTS ( 'NONE', 3,
 ( #2386, #1592, #5131, #3334 ),
 .UNSPECIFIED., .F., .F.,
 ( 4, 4 ),
 ( 0.000000000000000000, 1.000000000000000000 ),
 .UNSPECIFIED. ) ;
#3222 = CARTESIAN_POINT ( 'NONE',  ( 35.00000000000000000, -15.48385181106385033, 7.929198629788189123 ) ) ;
#3223 = ORIENTED_EDGE ( 'NONE', *, *, #5048, .F. ) ;
#3224 = CARTESIAN_POINT ( 'NONE',  ( -28.29999999999999716, 3.465750441587010136E-15, 8.000000000000000000 ) ) ;
#3225 = B_SPLINE_CURVE_WITH_KNOTS ( 'NONE', 3,
 ( #2729, #3202, #1799, #3594, #1426, #33, #4002, #1332, #3167, #1830, #5736, #3564, #2758, #4933, #2693, #5334, #3104, #5767, #4492, #4870, #896, #2638, #4063, #3628, #4463, #4520, #4401, #5363, #1392, #413, #62, #1861, #5400, #2559, #5170, #2078, #1665, #2653 ),
 .UNSPECIFIED., .F., .F.,
 ( 4, 2, 2, 2, 2, 2, 2, 2, 2, 2, 2, 2, 2, 2, 2, 2, 2, 2, 4 ),
 ( 0.000000000000000000, 0.06250000000000000000, 0.1250000000000000000, 0.1875000000000000000, 0.2187500000000000000, 0.2500000000000000000, 0.3125000000000000000, 0.3750000000000000000, 0.4375000000000000000, 0.5000000000000000000, 0.5625000000000000000, 0.5937500000000000000, 0.6250000000000000000, 0.6875000000000000000, 0.7500000000000000000, 0.8125000000000000000, 0.8437500000000000000, 0.8750000000000000000, 1.000000000000000000 ),
 .UNSPECIFIED. ) ;
#3226 = ADVANCED_FACE ( 'NONE', ( #4286 ), #883, .F. ) ;
#3227 = CARTESIAN_POINT ( 'NONE',  ( 12.65509283860916057, 32.63202199603150433, 18.23780131496089751 ) ) ;
#3228 = CARTESIAN_POINT ( 'NONE',  ( 34.99999999999998579, -14.79355871275681089, 5.559141788289994501 ) ) ;
#3229 = ORIENTED_EDGE ( 'NONE', *, *, #3035, .T. ) ;
#3230 = CARTESIAN_POINT ( 'NONE',  ( 28.90320573642910063, -15.69839625752525158, 64.00000000000000000 ) ) ;
#3231 = CARTESIAN_POINT ( 'NONE',  ( -34.86349883916095393, -15.29037421651137052, 6.548888518632284494 ) ) ;
#3232 = CARTESIAN_POINT ( 'NONE',  ( 18.11433944448091538, 30.00970400844314057, -7.436937528155140420 ) ) ;
#3233 = ORIENTED_EDGE ( 'NONE', *, *, #4404, .T. ) ;
#3234 = CARTESIAN_POINT ( 'NONE',  ( 0.000000000000000000, 19.69999999999999929, 8.000000000000000000 ) ) ;
#3235 = CARTESIAN_POINT ( 'NONE',  ( 28.26424073160795558, 1.465908556035444565, 9.468422004404098757 ) ) ;
#3236 = CYLINDRICAL_SURFACE ( 'NONE', #1488, 2.000000000000001776 ) ;
#3237 = CARTESIAN_POINT ( 'NONE',  ( -28.75000000000000000, 16.80260396486210084, 54.00000000000000000 ) ) ;
#3238 = CARTESIAN_POINT ( 'NONE',  ( 9.758988255149448676, 26.56597003457880390, 10.51179542154321034 ) ) ;
#3239 =( BOUNDED_SURFACE ( )  B_SPLINE_SURFACE ( 3, 2, ( 
 ( #701, #2474, #5528 ),
 ( #5088, #279, #1119 ),
 ( #2892, #4242, #4645 ),
 ( #3807, #673, #5585 ) ),
 .UNSPECIFIED., .F., .F., .F. ) 
 B_SPLINE_SURFACE_WITH_KNOTS ( ( 4, 4 ),
 ( 3, 3 ),
 ( -8.532671097460918663E-17, 0.0006452983096913550128 ),
 ( 0.000000000000000000, 1.000000000000000000 ),
 .UNSPECIFIED. ) 
 GEOMETRIC_REPRESENTATION_ITEM ( )  RATIONAL_B_SPLINE_SURFACE ( (
 ( 1.000000000000000000, 0.8899050532079909592, 1.000000000000000000),
 ( 1.000000000000000000, 0.8824318458553370714, 1.000000000000000000),
 ( 1.000000000000000000, 0.8710708633547320501, 1.000000000000000000),
 ( 1.000000000000000000, 0.8536865167106959529, 1.000000000000000000) ) ) 
 REPRESENTATION_ITEM ( '' )  SURFACE ( )  );
#3240 = EDGE_CURVE ( 'NONE', #1802, #4901, #2336, .T. ) ;
#3241 = EDGE_LOOP ( 'NONE', ( #4765, #3034, #5731, #1138 ) ) ;
#3242 = CARTESIAN_POINT ( 'NONE',  ( 33.17666223526509839, -14.25606666871211914, 5.000000000000000000 ) ) ;
#3243 = CARTESIAN_POINT ( 'NONE',  ( -9.996579254902059120, 30.74352542462199978, 17.63461767202805319 ) ) ;
#3244 = DIRECTION ( 'NONE',  ( -1.000000000000000000, 0.000000000000000000, 0.000000000000000000 ) ) ;
#3245 = CARTESIAN_POINT ( 'NONE',  ( -31.69341012452284900, -20.15140162281635128, 8.000000000000000000 ) ) ;
#3246 = EDGE_LOOP ( 'NONE', ( #328, #5504 ) ) ;
#3247 = DIRECTION ( 'NONE',  ( 0.3015819799600677475, 0.9534402494982919807, 0.000000000000000000 ) ) ;
#3248 = CARTESIAN_POINT ( 'NONE',  ( 28.24534073867761563, 1.779052536988279698, 49.32227185369394817 ) ) ;
#3249 = DIRECTION ( 'NONE',  ( -1.000000000000000000, 0.000000000000000000, 0.000000000000000000 ) ) ;
#3250 = ADVANCED_FACE ( 'NONE', ( #925 ), #1769, .F. ) ;
#3251 = LINE ( 'NONE', #1049, #2505 ) ;
#3252 = CONICAL_SURFACE ( 'NONE', #3330, 2.899999999999999911, 0.7853981633974419507 ) ;
#3253 = DIRECTION ( 'NONE',  ( -1.000000000000000000, 0.000000000000000000, 0.000000000000000000 ) ) ;
#3254 = EDGE_LOOP ( 'NONE', ( #4165, #149, #2313, #769 ) ) ;
#3255 = CARTESIAN_POINT ( 'NONE',  ( -33.91725264021750519, -15.86348464480490073, 5.652919594845290163 ) ) ;
#3256 = AXIS2_PLACEMENT_3D ( 'NONE', #2963, #4750, #5281 ) ;
#3257 = CIRCLE ( 'NONE', #3623, 1.999999999999998224 ) ;
#3258 = CYLINDRICAL_SURFACE ( 'NONE', #2160, 2.899999999999999911 ) ;
#3259 = ORIENTED_EDGE ( 'NONE', *, *, #4936, .F. ) ;
#3260 = CARTESIAN_POINT ( 'NONE',  ( -31.53699576766019774, 19.99377834945330079, 3.018876571807740383 ) ) ;
#3261 = AXIS2_PLACEMENT_3D ( 'NONE', #3290, #3751, #221 ) ;
#3262 = LINE ( 'NONE', #3767, #4256 ) ;
#3263 = FACE_OUTER_BOUND ( 'NONE', #2043, .T. ) ;
#3264 = AXIS2_PLACEMENT_3D ( 'NONE', #3032, #792, #854 ) ;
#3265 = ORIENTED_EDGE ( 'NONE', *, *, #3974, .T. ) ;
#3266 = CARTESIAN_POINT ( 'NONE',  ( 34.99999999999998579, -15.62910243606238581, 6.404688465090189631 ) ) ;
#3267 = CARTESIAN_POINT ( 'NONE',  ( -35.00000000000000000, -15.35740104585399912, 7.605054320354469155 ) ) ;
#3268 = CARTESIAN_POINT ( 'NONE',  ( -34.99999999999996447, -15.50094337680687140, 7.737122624646843860 ) ) ;
#3269 = CARTESIAN_POINT ( 'NONE',  ( -12.66772989706906039, 32.62711685611054691, 10.82878423332801887 ) ) ;
#3270 = ORIENTED_EDGE ( 'NONE', *, *, #3295, .F. ) ;
#3271 = CARTESIAN_POINT ( 'NONE',  ( -9.570380474084942080, 33.66639794009614661, 7.631019115488319571 ) ) ;
#3272 = CARTESIAN_POINT ( 'NONE',  ( 28.26427992334584971, 1.465232725337303865, 49.53197444291209450 ) ) ;
#3273 = CARTESIAN_POINT ( 'NONE',  ( -8.817917976631031607, 31.56209905572225694, 19.32623678897504860 ) ) ;
#3274 = CARTESIAN_POINT ( 'NONE',  ( -34.50000000000000000, 0.000000000000000000, 44.10000000000000142 ) ) ;
#3275 = VECTOR ( 'NONE', #3471, 1000.000000000000000 ) ;
#3276 = CARTESIAN_POINT ( 'NONE',  ( 29.58557478539949770, 20.77023554135995198, 2.724184345579980349 ) ) ;
#3277 = ORIENTED_EDGE ( 'NONE', *, *, #1576, .F. ) ;
#3278 = FACE_OUTER_BOUND ( 'NONE', #1306, .T. ) ;
#3279 = CARTESIAN_POINT ( 'NONE',  ( -34.76322816468488242, -15.40469109724501706, 6.364953088576998930 ) ) ;
#3280 = CIRCLE ( 'NONE', #3917, 2.999999999999957367 ) ;
#3281 = CARTESIAN_POINT ( 'NONE',  ( 35.00000000000000000, -15.68283653018474055, 6.910361042298126755 ) ) ;
#3282 = VERTEX_POINT ( 'NONE', #5304 ) ;
#3283 = CARTESIAN_POINT ( 'NONE',  ( -31.33091038919894800, 20.11424621051844852, 2.985728973069365022 ) ) ;
#3284 = CIRCLE ( 'NONE', #3204, 5.000000000000000888 ) ;
#3285 = CARTESIAN_POINT ( 'NONE',  ( 28.29999999999999716, 0.000000000000000000, 63.00000000000000000 ) ) ;
#3286 = CYLINDRICAL_SURFACE ( 'NONE', #3718, 2.000000000000001776 ) ;
#3287 = B_SPLINE_CURVE_WITH_KNOTS ( 'NONE', 3,
 ( #5007, #1226, #393, #2181, #3373, #5630, #5251, #2578, #4379, #4346, #300, #2939, #5578, #5163, #1601, #4316, #5139, #1168 ),
 .UNSPECIFIED., .F., .F.,
 ( 4, 2, 2, 2, 2, 2, 2, 2, 4 ),
 ( 0.000000000000000000, 0.1250000000000000000, 0.2500000000000000000, 0.3750000000000000000, 0.5000000000000000000, 0.6250000000000000000, 0.7500000000000000000, 0.8750000000000000000, 1.000000000000000000 ),
 .UNSPECIFIED. ) ;
#3288 = ORIENTED_EDGE ( 'NONE', *, *, #973, .T. ) ;
#3289 = CYLINDRICAL_SURFACE ( 'NONE', #4377, 2.899999999999999911 ) ;
#3290 = CARTESIAN_POINT ( 'NONE',  ( -28.75000000000000000, -16.80260396486210084, 64.00000000000000000 ) ) ;
#3291 = CARTESIAN_POINT ( 'NONE',  ( -10.21982601103868049, 33.47495354394675360, 21.15247357794875072 ) ) ;
#3292 = CARTESIAN_POINT ( 'NONE',  ( -35.00000000000000000, -15.47199423873190050, 7.859395763224219955 ) ) ;
#3293 = DIRECTION ( 'NONE',  ( 1.225952986556046020E-16, 0.000000000000000000, -1.000000000000000000 ) ) ;
#3294 = ORIENTED_EDGE ( 'NONE', *, *, #2558, .F. ) ;
#3295 = EDGE_CURVE ( 'NONE', #4275, #5376, #3225, .T. ) ;
#3296 = CYLINDRICAL_SURFACE ( 'NONE', #1761, 1.999999999999998224 ) ;
#3297 = DIRECTION ( 'NONE',  ( 0.000000000000000000, 0.000000000000000000, -1.000000000000000000 ) ) ;
#3298 = VERTEX_POINT ( 'NONE', #3434 ) ;
#3299 = CARTESIAN_POINT ( 'NONE',  ( -30.48972328217256589, 20.45593445728076532, -0.2095829594633783488 ) ) ;
#3300 = FACE_OUTER_BOUND ( 'NONE', #1216, .T. ) ;
#3301 = LINE ( 'NONE', #3782, #1147 ) ;
#3302 = CARTESIAN_POINT ( 'NONE',  ( 33.47270121667576603, -16.23917350443498364, 5.635039656233042038 ) ) ;
#3303 = CARTESIAN_POINT ( 'NONE',  ( 28.26433289481058964, -1.464090886949941162, 14.53259055095353247 ) ) ;
#3304 = EDGE_CURVE ( 'NONE', #3045, #4619, #1421, .T. ) ;
#3305 = PRODUCT_RELATED_PRODUCT_CATEGORY ( 'part', '', ( #3946 ) ) ;
#3306 = CARTESIAN_POINT ( 'NONE',  ( 28.75000000000000000, 16.80260396486210084, 63.00000000000000000 ) ) ;
#3307 = ORIENTED_EDGE ( 'NONE', *, *, #2610, .T. ) ;
#3308 = CARTESIAN_POINT ( 'NONE',  ( -30.36290141346550087, 17.52692758470675116, 1.168195838138438081 ) ) ;
#3309 = CARTESIAN_POINT ( 'NONE',  ( 33.39742162315375396, -15.83929436649627398, 5.403549311820156298 ) ) ;
#3310 = CARTESIAN_POINT ( 'NONE',  ( -26.75000000000000000, -16.80260396486210084, 63.00000000000000000 ) ) ;
#3311 = CARTESIAN_POINT ( 'NONE',  ( 35.00000000000000000, 15.50910527760495050, 4.176056798680550131 ) ) ;
#3312 = CARTESIAN_POINT ( 'NONE',  ( -28.75000000000000000, 16.80260396486210084, 54.00000000000000000 ) ) ;
#3313 = ORIENTED_EDGE ( 'NONE', *, *, #4073, .F. ) ;
#3314 = CARTESIAN_POINT ( 'NONE',  ( -24.44920680482520225, 25.07250618795104913, 0.1210471594772072057 ) ) ;
#3315 = DIRECTION ( 'NONE',  ( -1.000000000000000000, 0.000000000000000000, 0.000000000000000000 ) ) ;
#3316 = CARTESIAN_POINT ( 'NONE',  ( 33.42693543583010296, -29.99999999999965183, 5.000000000000000000 ) ) ;
#3317 = CARTESIAN_POINT ( 'NONE',  ( -28.29212329899915801, 0.7568533448234870953, 9.174034174778766371 ) ) ;
#3318 = EDGE_CURVE ( 'NONE', #4319, #3715, #3463, .T. ) ;
#3319 = CARTESIAN_POINT ( 'NONE',  ( -11.40794161733039935, 33.08869385060245349, 8.600264705926230491 ) ) ;
#3320 = ORIENTED_EDGE ( 'NONE', *, *, #5636, .F. ) ;
#3321 = SHAPE_DEFINITION_REPRESENTATION ( #471, #330 ) ;
#3322 = CARTESIAN_POINT ( 'NONE',  ( 33.42693543583010296, -29.99999999999965183, 8.000000000000000000 ) ) ;
#3323 = CARTESIAN_POINT ( 'NONE',  ( -33.34877244057840073, -16.27605516819804876, 5.582517546046529944 ) ) ;
#3324 = ORIENTED_EDGE ( 'NONE', *, *, #1782, .F. ) ;
#3325 = DIRECTION ( 'NONE',  ( 0.000000000000000000, 0.000000000000000000, 1.000000000000000000 ) ) ;
#3326 = CARTESIAN_POINT ( 'NONE',  ( -34.53720616994860393, 16.78855718802275021, 4.176056798680580329 ) ) ;
#3327 = ORIENTED_EDGE ( 'NONE', *, *, #2554, .T. ) ;
#3328 = CARTESIAN_POINT ( 'NONE',  ( -35.00000000000000000, -15.48385181469794958, 47.58945182895320158 ) ) ;
#3329 = CARTESIAN_POINT ( 'NONE',  ( -32.75390337432474297, 18.93111841912395121, 64.00000000000000000 ) ) ;
#3330 = AXIS2_PLACEMENT_3D ( 'NONE', #504, #5325, #3581 ) ;
#3331 = CARTESIAN_POINT ( 'NONE',  ( -28.75000000000000000, -16.80260396486210084, 54.00000000000000000 ) ) ;
#3332 = EDGE_LOOP ( 'NONE', ( #5539, #473, #963 ) ) ;
#3333 = CARTESIAN_POINT ( 'NONE',  ( 31.91775287179609322, 19.73421181964599924, 3.089686028671119633 ) ) ;
#3334 = CARTESIAN_POINT ( 'NONE',  ( 34.99065363601484790, 15.70223244146575325, 4.176056798680550131 ) ) ;
#3335 = CARTESIAN_POINT ( 'NONE',  ( 33.00000000000000000, 15.50910527760495050, -20.85027391700995381 ) ) ;
#3336 = AXIS2_PLACEMENT_3D ( 'NONE', #1110, #2495, #2856 ) ;
#3337 = CARTESIAN_POINT ( 'NONE',  ( 28.75000000000000000, -16.80260396486210084, 63.00000000000000000 ) ) ;
#3338 = VERTEX_POINT ( 'NONE', #2190 ) ;
#3339 =( BOUNDED_SURFACE ( )  B_SPLINE_SURFACE ( 3, 2, ( 
 ( #3144, #3603, #1902 ),
 ( #490, #551, #5442 ),
 ( #2274, #4040, #3180 ),
 ( #4942, #4134, #5000 ),
 ( #2801, #971, #132 ),
 ( #2739, #10, #1808 ),
 ( #3572, #3998, #4768 ),
 ( #439, #891, #4029 ) ),
 .UNSPECIFIED., .F., .F., .T. ) 
 B_SPLINE_SURFACE_WITH_KNOTS ( ( 4, 2, 2, 4 ),
 ( 3, 3 ),
 ( 0.000000000000000000, 0.003271995591536130173, 0.004907993387304189839, 0.006543991183072260347 ),
 ( 0.000000000000000000, 1.000000000000000000 ),
 .UNSPECIFIED. ) 
 GEOMETRIC_REPRESENTATION_ITEM ( )  RATIONAL_B_SPLINE_SURFACE ( (
 ( 1.000000000000000000, 0.5469087810680040018, 1.000000000000000000),
 ( 1.000000000000000000, 0.5490214747959279995, 1.000000000000000000),
 ( 1.000000000000000000, 0.5521747821493759867, 1.000000000000000000),
 ( 1.000000000000000000, 0.5595403522184039247, 1.000000000000000000),
 ( 1.000000000000000000, 0.5624508925963129791, 1.000000000000000000),
 ( 1.000000000000000000, 0.5691738963039030264, 1.000000000000000000),
 ( 1.000000000000000000, 0.5730008731485149998, 1.000000000000000000),
 ( 1.000000000000000000, 0.5773502691896219563, 1.000000000000000000) ) ) 
 REPRESENTATION_ITEM ( '' )  SURFACE ( )  );
#3340 = AXIS2_PLACEMENT_3D ( 'NONE', #4940, #2765, #969 ) ;
#3341 = DIRECTION ( 'NONE',  ( 0.000000000000000000, -1.000000000000000000, 8.673617379884039170E-17 ) ) ;
#3342 = CIRCLE ( 'NONE', #833, 5.000000000000000888 ) ;
#3343 = CARTESIAN_POINT ( 'NONE',  ( 33.99618988998387437, -15.91983759013046829, 5.765222187139785959 ) ) ;
#3344 = CARTESIAN_POINT ( 'NONE',  ( -9.574162780800319794, 33.66511907447879537, 21.36644006243174942 ) ) ;
#3345 = CARTESIAN_POINT ( 'NONE',  ( -35.00000000000000000, -15.35740104585404886, 7.605054320354460273 ) ) ;
#3346 = CONICAL_SURFACE ( 'NONE', #5103, 1.999999999999998224, 0.7853981633974497223 ) ;
#3347 = ADVANCED_FACE ( 'NONE', ( #4825 ), #5615, .T. ) ;
#3348 = CARTESIAN_POINT ( 'NONE',  ( -8.065588107780941485, 31.98284307398099813, 9.500001819921010338 ) ) ;
#3349 = ORIENTED_EDGE ( 'NONE', *, *, #3674, .F. ) ;
#3350 = AXIS2_PLACEMENT_3D ( 'NONE', #3503, #2230, #2566 ) ;
#3351 = CARTESIAN_POINT ( 'NONE',  ( -28.75000000000000000, -16.80260396486210084, 54.00000000000000000 ) ) ;
#3352 = CARTESIAN_POINT ( 'NONE',  ( -9.492175124364219840, 31.11835339947044687, 18.83328521820035206 ) ) ;
#3353 = VERTEX_POINT ( 'NONE', #1638 ) ;
#3354 = CARTESIAN_POINT ( 'NONE',  ( 28.75000000000000000, 16.80260396486210084, 54.00000000000000000 ) ) ;
#3355 = CARTESIAN_POINT ( 'NONE',  ( 9.437644556735321544, 33.70385968265649979, 21.39993854115489924 ) ) ;
#3356 = ORIENTED_EDGE ( 'NONE', *, *, #714, .T. ) ;
#3357 = CARTESIAN_POINT ( 'NONE',  ( -33.91725264021750519, -15.86348464480490073, 5.652919594845290163 ) ) ;
#3358 = DIRECTION ( 'NONE',  ( 0.000000000000000000, -1.000000000000000000, 6.938893903907228378E-17 ) ) ;
#3359 = DIRECTION ( 'NONE',  ( 0.000000000000000000, -1.224646799147354440E-16, -1.000000000000000000 ) ) ;
#3360 = CARTESIAN_POINT ( 'NONE',  ( -9.577259189430909814, 31.05803259652329729, 10.26335734255679988 ) ) ;
#3361 = EDGE_LOOP ( 'NONE', ( #2463, #4674, #2484, #3737 ) ) ;
#3362 = FACE_OUTER_BOUND ( 'NONE', #99, .T. ) ;
#3363 = EDGE_CURVE ( 'NONE', #5762, #2322, #175, .T. ) ;
#3364 = CARTESIAN_POINT ( 'NONE',  ( 31.80470223726309698, 16.17496733658471086, 1.767414233374644983 ) ) ;
#3365 = CARTESIAN_POINT ( 'NONE',  ( 30.75000000000000000, -16.80260396486210084, 54.00000000000000000 ) ) ;
#3366 = B_SPLINE_CURVE_WITH_KNOTS ( 'NONE', 3,
 ( #3323, #3779, #675, #2451 ),
 .UNSPECIFIED., .F., .F.,
 ( 4, 4 ),
 ( 0.000000000000000000, 1.000000000000000000 ),
 .UNSPECIFIED. ) ;
#3367 = CIRCLE ( 'NONE', #1894, 28.29999999999999716 ) ;
#3368 = ORIENTED_EDGE ( 'NONE', *, *, #4162, .T. ) ;
#3369 = CIRCLE ( 'NONE', #866, 1.999999999999998224 ) ;
#3370 = CARTESIAN_POINT ( 'NONE',  ( -23.68391034769893011, 25.82901730290067732, -3.792313907162577546 ) ) ;
#3371 = CARTESIAN_POINT ( 'NONE',  ( -33.00000000000000000, -15.11408154316849917, 7.352745219559730039 ) ) ;
#3372 = CARTESIAN_POINT ( 'NONE',  ( 32.60605889074976460, 19.10874717601101835, 3.257400758859672507 ) ) ;
#3373 = CARTESIAN_POINT ( 'NONE',  ( 28.24532184423858183, 1.779324698168123664, 27.17802248263819465 ) ) ;
#3374 = AXIS2_PLACEMENT_3D ( 'NONE', #5233, #3892, #5324 ) ;
#3375 = ADVANCED_FACE ( 'NONE', ( #884 ), #4418, .T. ) ;
#3376 = CARTESIAN_POINT ( 'NONE',  ( -33.66514449585046265, -14.84668220448535791, 5.200572037087436428 ) ) ;
#3377 = ORIENTED_EDGE ( 'NONE', *, *, #3700, .T. ) ;
#3378 = EDGE_CURVE ( 'NONE', #3597, #2381, #1109, .T. ) ;
#3379 = CARTESIAN_POINT ( 'NONE',  ( 35.00000000000000000, -15.48385181469829952, 8.000000000000000000 ) ) ;
#3380 = CARTESIAN_POINT ( 'NONE',  ( 35.00000000000000000, 0.000000000000000000, -37.00000000000000000 ) ) ;
#3381 = ADVANCED_FACE ( 'NONE', ( #950 ), #4537, .F. ) ;
#3382 = ADVANCED_FACE ( 'NONE', ( #4538 ), #446, .T. ) ;
#3383 = VERTEX_POINT ( 'NONE', #1466 ) ;
#3384 = CARTESIAN_POINT ( 'NONE',  ( 4.673420642456949992, -47.67642020736360564, 8.000000000000000000 ) ) ;
#3385 = DIRECTION ( 'NONE',  ( 0.000000000000000000, 0.000000000000000000, -1.000000000000000000 ) ) ;
#3386 = ORIENTED_EDGE ( 'NONE', *, *, #1471, .F. ) ;
#3387 = DIRECTION ( 'NONE',  ( 0.000000000000000000, 0.000000000000000000, -1.000000000000000000 ) ) ;
#3388 = CARTESIAN_POINT ( 'NONE',  ( 0.000000000000000000, -27.30000000000000071, 8.000000000000000000 ) ) ;
#3389 = ADVANCED_FACE ( 'NONE', ( #2717 ), #3613, .T. ) ;
#3390 = CARTESIAN_POINT ( 'NONE',  ( 35.00000000000000711, -15.67630984817252227, 6.985948803043545041 ) ) ;
#3391 = CARTESIAN_POINT ( 'NONE',  ( -9.786631987122898835, 30.90411245744089896, 10.59869657354609984 ) ) ;
#3392 = DIRECTION ( 'NONE',  ( 0.000000000000000000, 0.000000000000000000, 1.000000000000000000 ) ) ;
#3393 = CARTESIAN_POINT ( 'NONE',  ( -11.75318026948114714, 29.45527416617906979, -7.055972024546408150 ) ) ;
#3394 = CARTESIAN_POINT ( 'NONE',  ( -34.77831655920455489, -15.98230293723264950, 6.909406004835539683 ) ) ;
#3395 = ORIENTED_EDGE ( 'NONE', *, *, #2090, .T. ) ;
#3396 = FACE_OUTER_BOUND ( 'NONE', #1823, .T. ) ;
#3397 = CARTESIAN_POINT ( 'NONE',  ( -33.00000000000000000, -15.48385181469829952, 8.000000000000000000 ) ) ;
#3398 = CARTESIAN_POINT ( 'NONE',  ( 28.75000000000000000, -16.80260396486210084, 54.00000000000000000 ) ) ;
#3399 = DIRECTION ( 'NONE',  ( -1.000000000000000000, 0.000000000000000000, 0.000000000000000000 ) ) ;
#3400 = CARTESIAN_POINT ( 'NONE',  ( -33.47270121667505549, -16.23917350443315399, 5.635039656231684013 ) ) ;
#3401 = VERTEX_POINT ( 'NONE', #4481 ) ;
#3402 = CARTESIAN_POINT ( 'NONE',  ( 35.00000000000000000, -15.35740104585489973, 7.605054320355889352 ) ) ;
#3403 = CARTESIAN_POINT ( 'NONE',  ( -30.41111563622940039, -20.46559750501669583, 8.000000000000000000 ) ) ;
#3404 =( BOUNDED_SURFACE ( )  B_SPLINE_SURFACE ( 3, 2, ( 
 ( #697, #4142, #3376 ),
 ( #595, #2374, #5526 ),
 ( #5085, #4214, #2071 ),
 ( #4782, #3400, #2581 ) ),
 .UNSPECIFIED., .F., .F., .T. ) 
 B_SPLINE_SURFACE_WITH_KNOTS ( ( 4, 4 ),
 ( 3, 3 ),
 ( 0.002279257450332430011, 0.004168438238222955255 ),
 ( 0.000000000000000000, 0.2975804119992789820 ),
 .UNSPECIFIED. ) 
 GEOMETRIC_REPRESENTATION_ITEM ( )  RATIONAL_B_SPLINE_SURFACE ( (
 ( 1.000000000000000000, 0.9974771017340179347, 0.9964557336788819608),
 ( 1.000000000000000000, 0.9960806012761699302, 0.9944938751263929788),
 ( 1.000000000000000000, 0.9941162731201100833, 0.9917343099782380822),
 ( 1.000000000000000000, 0.9916176254933579681, 0.9882241119051539124) ) ) 
 REPRESENTATION_ITEM ( '' )  SURFACE ( )  );
#3405 = CARTESIAN_POINT ( 'NONE',  ( 10.93171521583185957, 33.24907602454985067, 8.231700099384260838 ) ) ;
#3406 = VERTEX_POINT ( 'NONE', #5009 ) ;
#3407 = CARTESIAN_POINT ( 'NONE',  ( -29.31580026744649814, 17.90259952108064923, 0.9937974972093609471 ) ) ;
#3408 = CARTESIAN_POINT ( 'NONE',  ( 8.638234903585908953, 31.66960397247284931, 9.603460564625970974 ) ) ;
#3409 = ORIENTED_EDGE ( 'NONE', *, *, #1221, .T. ) ;
#3410 = ADVANCED_FACE ( 'NONE', ( #3218 ), #3252, .F. ) ;
#3411 = CARTESIAN_POINT ( 'NONE',  ( 33.78973421404547395, -15.90051681241496517, 5.597107851120475708 ) ) ;
#3412 = DIRECTION ( 'NONE',  ( -0.7659479522561283282, -0.6429025854938241746, 0.000000000000000000 ) ) ;
#3413 = DIRECTION ( 'NONE',  ( 0.000000000000000000, 0.000000000000000000, -1.000000000000000000 ) ) ;
#3414 = ORIENTED_EDGE ( 'NONE', *, *, #4312, .T. ) ;
#3415 = CARTESIAN_POINT ( 'NONE',  ( 34.53189590451224689, -16.76965698568589858, 8.000000000000000000 ) ) ;
#3416 = CARTESIAN_POINT ( 'NONE',  ( -34.56163057908020164, -16.05724093783999962, 6.505869917246429601 ) ) ;
#3417 = EDGE_LOOP ( 'NONE', ( #5353, #1094 ) ) ;
#3418 = DIRECTION ( 'NONE',  ( 0.000000000000000000, 0.000000000000000000, 1.000000000000000000 ) ) ;
#3419 = CIRCLE ( 'NONE', #2589, 2.899999999999999911 ) ;
#3420 = CARTESIAN_POINT ( 'NONE',  ( -28.26433289480915789, 1.464090886986175954, 49.53259055086903118 ) ) ;
#3421 = DIRECTION ( 'NONE',  ( 0.000000000000000000, 0.000000000000000000, 1.000000000000000000 ) ) ;
#3422 = CARTESIAN_POINT ( 'NONE',  ( -35.00000000000000000, -15.11408154316849917, 7.352745219559709611 ) ) ;
#3423 = CIRCLE ( 'NONE', #933, 47.00000000000000000 ) ;
#3424 = ORIENTED_EDGE ( 'NONE', *, *, #3851, .T. ) ;
#3425 = CARTESIAN_POINT ( 'NONE',  ( -9.900880842178498398, 26.51160318759005463, 10.87726521923996259 ) ) ;
#3426 = ORIENTED_EDGE ( 'NONE', *, *, #4936, .T. ) ;
#3427 = DIRECTION ( 'NONE',  ( -1.000000000000000000, 0.000000000000000000, 0.000000000000000000 ) ) ;
#3428 = CARTESIAN_POINT ( 'NONE',  ( 25.61470531185782207, -20.91951764819319237, 5.179013852358815839 ) ) ;
#3429 = EDGE_CURVE ( 'NONE', #2194, #64, #1883, .T. ) ;
#3430 = AXIS2_PLACEMENT_3D ( 'NONE', #3723, #2883, #1627 ) ;
#3431 = CIRCLE ( 'NONE', #4099, 2.000000000000000888 ) ;
#3432 = CARTESIAN_POINT ( 'NONE',  ( -9.889718586509109954, 30.82605169452170202, 18.15580471659430373 ) ) ;
#3433 = AXIS2_PLACEMENT_3D ( 'NONE', #2051, #3325, #4221 ) ;
#3434 = CARTESIAN_POINT ( 'NONE',  ( 8.000000000000000000, 27.14571789435674987, 19.50000000000000000 ) ) ;
#3435 = VERTEX_POINT ( 'NONE', #5386 ) ;
#3436 = CARTESIAN_POINT ( 'NONE',  ( -33.48430225880085942, -16.26721602186514914, 5.654622678126572488 ) ) ;
#3437 = CARTESIAN_POINT ( 'NONE',  ( 35.00000000000000000, 0.000000000000000000, 29.50000000000000000 ) ) ;
#3438 = CARTESIAN_POINT ( 'NONE',  ( 9.815895139709960304, 30.88210639574889882, 10.65922991954414023 ) ) ;
#3439 = ORIENTED_EDGE ( 'NONE', *, *, #1541, .F. ) ;
#3440 = ADVANCED_FACE ( 'NONE', ( #2220 ), #1728, .F. ) ;
#3441 = LINE ( 'NONE', #2083, #4200 ) ;
#3442 = EDGE_CURVE ( 'NONE', #1498, #4350, #1568, .T. ) ;
#3443 = DIRECTION ( 'NONE',  ( 0.000000000000000000, 0.000000000000000000, -1.000000000000000000 ) ) ;
#3444 = CARTESIAN_POINT ( 'NONE',  ( -9.929065795957091822, 30.79588443308950119, 10.96793887834860115 ) ) ;
#3445 = ORIENTED_EDGE ( 'NONE', *, *, #2142, .F. ) ;
#3446 = LINE ( 'NONE', #1161, #1952 ) ;
#3447 = FACE_OUTER_BOUND ( 'NONE', #3833, .T. ) ;
#3448 = CARTESIAN_POINT ( 'NONE',  ( -35.00000000000002132, -15.67630167095842353, 6.986028514499445841 ) ) ;
#3449 = ORIENTED_EDGE ( 'NONE', *, *, #2850, .F. ) ;
#3450 = CARTESIAN_POINT ( 'NONE',  ( 9.524462359091099728, 30.16477954738964939, -7.774407594955160761 ) ) ;
#3451 = AXIS2_PLACEMENT_3D ( 'NONE', #1005, #4110, #2770 ) ;
#3452 = CARTESIAN_POINT ( 'NONE',  ( -28.26408360670777853, 1.469233005448622231, 44.47017087389334478 ) ) ;
#3453 = DIRECTION ( 'NONE',  ( -1.000000000000000000, 0.000000000000000000, 0.000000000000000000 ) ) ;
#3454 = CARTESIAN_POINT ( 'NONE',  ( 32.75390337432470034, 18.93111841912400095, 3.304077578644865287 ) ) ;
#3455 = AXIS2_PLACEMENT_3D ( 'NONE', #3999, #3590, #3253 ) ;
#3456 = ORIENTED_EDGE ( 'NONE', *, *, #2850, .T. ) ;
#3457 = CARTESIAN_POINT ( 'NONE',  ( 8.260099589011097976, 31.88220933495204790, 9.512786809434182089 ) ) ;
#3458 = DIRECTION ( 'NONE',  ( -1.000000000000000000, 0.000000000000000000, 0.000000000000000000 ) ) ;
#3459 = CARTESIAN_POINT ( 'NONE',  ( -26.08745973749730140, 23.33333333333359860, 1.105117766515146149 ) ) ;
#3460 = CARTESIAN_POINT ( 'NONE',  ( 25.81053615750665742, -21.18417453208868295, 5.312026180189465485 ) ) ;
#3461 = CIRCLE ( 'NONE', #2266, 33.00000000000000000 ) ;
#3462 = LINE ( 'NONE', #5702, #5425 ) ;
#3463 = LINE ( 'NONE', #5262, #342 ) ;
#3464 = VERTEX_POINT ( 'NONE', #2421 ) ;
#3465 = CARTESIAN_POINT ( 'NONE',  ( -30.75000000000000000, -16.80260396486210084, 63.00000000000000000 ) ) ;
#3466 = CARTESIAN_POINT ( 'NONE',  ( 8.065588107780941485, 31.98284307398099813, 19.49999818007895058 ) ) ;
#3467 = ORIENTED_EDGE ( 'NONE', *, *, #3487, .F. ) ;
#3468 = DIRECTION ( 'NONE',  ( -0.6397259552089265000, -0.7686030849743101800, 0.000000000000000000 ) ) ;
#3469 = ADVANCED_FACE ( 'NONE', ( #5580 ), #4185, .T. ) ;
#3470 = CARTESIAN_POINT ( 'NONE',  ( 8.875365085743180060, 31.52677366188175156, 19.29940703096804810 ) ) ;
#3471 = DIRECTION ( 'NONE',  ( 0.000000000000000000, -1.000000000000000000, 8.673617379884039170E-17 ) ) ;
#3472 = CARTESIAN_POINT ( 'NONE',  ( -9.044419852889872047, 31.42018660972294697, 9.793150090496890670 ) ) ;
#3473 = ORIENTED_EDGE ( 'NONE', *, *, #2619, .F. ) ;
#3474 = CARTESIAN_POINT ( 'NONE',  ( 12.72727272727262005, 32.60393425532604539, -61.00000000000000000 ) ) ;
#3475 = EDGE_CURVE ( 'NONE', #4486, #2648, #3754, .T. ) ;
#3476 = CARTESIAN_POINT ( 'NONE',  ( 23.05123425963237693, 22.56620277796364249, -1.566822890965247295 ) ) ;
#3477 = CARTESIAN_POINT ( 'NONE',  ( -35.00000000000002132, -15.61459283147217647, 7.384515930983933885 ) ) ;
#3478 = DIRECTION ( 'NONE',  ( 0.000000000000000000, 0.000000000000000000, -1.000000000000000000 ) ) ;
#3479 = ADVANCED_FACE ( 'NONE', ( #1603 ), #3404, .T. ) ;
#3480 = ORIENTED_EDGE ( 'NONE', *, *, #3882, .T. ) ;
#3481 = B_SPLINE_CURVE_WITH_KNOTS ( 'NONE', 3,
 ( #3402, #249, #5117, #1549, #2501, #5063, #1634, #5168, #759, #2942, #2969, #4188, #1964, #1146, #3730, #5143, #1092, #728, #2917, #2045, #4615, #5505, #1993, #4672, #643, #2425, #196, #3379 ),
 .UNSPECIFIED., .F., .F.,
 ( 4, 3, 3, 3, 3, 3, 3, 3, 3, 4 ),
 ( 0.000000000000000000, 6.921926560360699193E-06, 7.849221633795409523E-05, 9.850790065779579106E-05, 0.0001771952861232690122, 0.0001901553415731425034, 0.0002739852261158415184, 0.0003610944349611520119, 0.0003754367820362834837, 0.0004211566181783444555 ),
 .UNSPECIFIED. ) ;
#3482 = CARTESIAN_POINT ( 'NONE',  ( -1.253681657892705914, 31.49926485921849917, -9.218777662891548985 ) ) ;
#3483 = APPLICATION_CONTEXT ( 'automotive_design' ) ;
#3484 = CARTESIAN_POINT ( 'NONE',  ( -30.75000000000000000, 16.80260396486210084, 63.00000000000000000 ) ) ;
#3485 = DIRECTION ( 'NONE',  ( 0.000000000000000000, 0.000000000000000000, 1.000000000000000000 ) ) ;
#3486 = CARTESIAN_POINT ( 'NONE',  ( 0.000000000000000000, 0.000000000000000000, 63.00000000000000000 ) ) ;
#3487 = EDGE_CURVE ( 'NONE', #5695, #64, #1478, .T. ) ;
#3488 = ORIENTED_EDGE ( 'NONE', *, *, #2596, .T. ) ;
#3489 = CARTESIAN_POINT ( 'NONE',  ( 9.946695338914111062, 30.78226865369749987, 11.03653632991492017 ) ) ;
#3490 = ORIENTED_EDGE ( 'NONE', *, *, #4057, .T. ) ;
#3491 = EDGE_CURVE ( 'NONE', #3715, #4399, #503, .T. ) ;
#3492 = CARTESIAN_POINT ( 'NONE',  ( -9.154659771465453844, 26.78066880894593993, 19.13566912952197541 ) ) ;
#3493 = EDGE_CURVE ( 'NONE', #4797, #2154, #5079, .T. ) ;
#3494 = CARTESIAN_POINT ( 'NONE',  ( 25.64484024319669686, -20.96024764002965313, 5.197997084672711487 ) ) ;
#3495 = CARTESIAN_POINT ( 'NONE',  ( -34.14139548782583233, -16.05625798690400075, 6.005245045778404567 ) ) ;
#3496 = FACE_OUTER_BOUND ( 'NONE', #985, .T. ) ;
#3497 = CARTESIAN_POINT ( 'NONE',  ( 9.967536966003319066, 33.55093978119409570, 7.750037402479539317 ) ) ;
#3498 = ORIENTED_EDGE ( 'NONE', *, *, #199, .T. ) ;
#3499 = DIRECTION ( 'NONE',  ( 0.000000000000000000, 0.000000000000000000, -1.000000000000000000 ) ) ;
#3500 = CARTESIAN_POINT ( 'NONE',  ( -35.00000000000000000, -13.92840621133072077, 7.000000000000000000 ) ) ;
#3501 = VERTEX_POINT ( 'NONE', #2184 ) ;
#3502 = CARTESIAN_POINT ( 'NONE',  ( -34.99290783854033293, -16.22041180481600975, 7.746722861657137749 ) ) ;
#3503 = CARTESIAN_POINT ( 'NONE',  ( -33.00000000000000000, 15.50910527760489899, -61.00000000000000000 ) ) ;
#3504 = CARTESIAN_POINT ( 'NONE',  ( -35.00000000000000000, -14.45032751935665871, 7.057975664136610483 ) ) ;
#3505 = ORIENTED_EDGE ( 'NONE', *, *, #4714, .F. ) ;
#3506 = FACE_OUTER_BOUND ( 'NONE', #1812, .T. ) ;
#3507 = CARTESIAN_POINT ( 'NONE',  ( 18.73711835613736554, 25.93547498684720765, -3.962209237915330196 ) ) ;
#3508 = CARTESIAN_POINT ( 'NONE',  ( 8.762859561887939464, 33.88649257023624273, 7.500053281086390022 ) ) ;
#3509 = ORIENTED_EDGE ( 'NONE', *, *, #4249, .T. ) ;
#3510 = CARTESIAN_POINT ( 'NONE',  ( -8.934351787628081354, 33.86445793565344786, -6.723492521635670016 ) ) ;
#3511 = CARTESIAN_POINT ( 'NONE',  ( 34.17270167330229924, -16.09228506936860015, 6.061267068595630469 ) ) ;
#3512 = CARTESIAN_POINT ( 'NONE',  ( -28.29999999999999716, 3.465750465278059542E-15, 49.89999999999999858 ) ) ;
#3513 = CARTESIAN_POINT ( 'NONE',  ( -33.00000000000000000, 15.50910527760489899, 4.176056798680565230 ) ) ;
#3514 = ORIENTED_EDGE ( 'NONE', *, *, #3912, .F. ) ;
#3515 = CARTESIAN_POINT ( 'NONE',  ( 9.045327443540500667, 31.41960624291484905, 9.793690350155230817 ) ) ;
#3516 = CIRCLE ( 'NONE', #1663, 50.00000000000000000 ) ;
#3517 = ORIENTED_EDGE ( 'NONE', *, *, #3690, .T. ) ;
#3518 = EDGE_CURVE ( 'NONE', #2941, #1498, #4647, .T. ) ;
#3519 = LINE ( 'NONE', #5198, #2139 ) ;
#3520 = DIRECTION ( 'NONE',  ( 0.000000000000000000, 0.000000000000000000, 1.000000000000000000 ) ) ;
#3521 = DIRECTION ( 'NONE',  ( 0.000000000000000000, 0.000000000000000000, 1.000000000000000000 ) ) ;
#3522 = DIRECTION ( 'NONE',  ( 1.000000000000000000, 0.000000000000000000, 0.000000000000000000 ) ) ;
#3523 = CIRCLE ( 'NONE', #1032, 10.00000000000000178 ) ;
#3524 = AXIS2_PLACEMENT_3D ( 'NONE', #3687, #1892, #2382 ) ;
#3525 = EDGE_LOOP ( 'NONE', ( #4411, #982, #1866, #2923 ) ) ;
#3526 = DIRECTION ( 'NONE',  ( 0.000000000000000000, 0.000000000000000000, 1.000000000000000000 ) ) ;
#3527 = CARTESIAN_POINT ( 'NONE',  ( 9.152085688567240140, 31.35022918444060025, 19.13610737505019799 ) ) ;
#3528 = AXIS2_PLACEMENT_3D ( 'NONE', #4970, #2702, #1805 ) ;
#3529 = ORIENTED_EDGE ( 'NONE', *, *, #153, .T. ) ;
#3530 = DIRECTION ( 'NONE',  ( 0.000000000000000000, 0.000000000000000000, 1.000000000000000000 ) ) ;
#3531 = VECTOR ( 'NONE', #5720, 1000.000000000000000 ) ;
#3532 = CARTESIAN_POINT ( 'NONE',  ( -33.00000000000000000, -15.35740104585404886, 7.605054320354460273 ) ) ;
#3533 = CARTESIAN_POINT ( 'NONE',  ( 3.236839285427334456, 34.85594900254034911, -7.743277559949090616 ) ) ;
#3534 = VERTEX_POINT ( 'NONE', #2769 ) ;
#3535 = CARTESIAN_POINT ( 'NONE',  ( 34.99981003234470478, -15.51141691099045161, 47.00000000000000000 ) ) ;
#3536 = DIRECTION ( 'NONE',  ( 1.000000000000000000, 0.000000000000000000, 0.000000000000000000 ) ) ;
#3537 = ORIENTED_EDGE ( 'NONE', *, *, #1039, .T. ) ;
#3538 = CARTESIAN_POINT ( 'NONE',  ( 2.443836104995475100, 31.41897393974930353, -9.127962321837649995 ) ) ;
#3539 = CARTESIAN_POINT ( 'NONE',  ( 34.99981003234470478, -15.51141691099045161, 47.00000000000000000 ) ) ;
#3540 = CARTESIAN_POINT ( 'NONE',  ( 28.15098312269720182, -2.900370556500903252, 46.61764080430820201 ) ) ;
#3541 = DIRECTION ( 'NONE',  ( -1.000000000000000000, 0.000000000000000000, 0.000000000000000000 ) ) ;
#3542 = DIRECTION ( 'NONE',  ( 0.000000000000000000, 0.000000000000000000, 1.000000000000000000 ) ) ;
#3543 = B_SPLINE_CURVE_WITH_KNOTS ( 'NONE', 3,
 ( #998, #4939, #4038, #3235, #1368, #2796, #4556, #3693, #101, #1928, #3141, #4131, #3208, #3600, #1899, #5370, #583, #2764 ),
 .UNSPECIFIED., .F., .F.,
 ( 4, 2, 2, 2, 2, 2, 2, 2, 4 ),
 ( 0.000000000000000000, 0.1250000000000000000, 0.2500000000000000000, 0.3750000000000000000, 0.5000000000000000000, 0.6250000000000000000, 0.7500000000000000000, 0.8750000000000000000, 1.000000000000000000 ),
 .UNSPECIFIED. ) ;
#3544 = VERTEX_POINT ( 'NONE', #943 ) ;
#3545 = AXIS2_PLACEMENT_3D ( 'NONE', #2583, #2307, #1408 ) ;
#3546 = CARTESIAN_POINT ( 'NONE',  ( -35.00000000000000000, -15.48385181490344920, 47.35671328097919996 ) ) ;
#3547 = EDGE_LOOP ( 'NONE', ( #5715, #1131, #4374, #1222 ) ) ;
#3548 = CARTESIAN_POINT ( 'NONE',  ( -34.83710222543174240, -15.93516367750049945, 7.053922522487540370 ) ) ;
#3549 = CARTESIAN_POINT ( 'NONE',  ( -34.50000000000000000, 0.000000000000000000, 9.099999999999999645 ) ) ;
#3550 = CARTESIAN_POINT ( 'NONE',  ( 34.85498343662030862, -15.30217793076619692, 6.530845063205630296 ) ) ;
#3551 = CARTESIAN_POINT ( 'NONE',  ( 35.00000000000000000, -16.21196227194295147, -20.84927391700995258 ) ) ;
#3552 = EDGE_CURVE ( 'NONE', #994, #4319, #2733, .T. ) ;
#3553 = LINE ( 'NONE', #1787, #3924 ) ;
#3554 = DIRECTION ( 'NONE',  ( 0.7659479522561273290, 0.6429025854938252849, 0.000000000000000000 ) ) ;
#3555 = ORIENTED_EDGE ( 'NONE', *, *, #4609, .T. ) ;
#3556 = DIRECTION ( 'NONE',  ( 0.000000000000000000, 0.000000000000000000, 1.000000000000000000 ) ) ;
#3557 = B_SPLINE_CURVE_WITH_KNOTS ( 'NONE', 3,
 ( #4587, #723, #614, #5577 ),
 .UNSPECIFIED., .F., .F.,
 ( 4, 4 ),
 ( 0.0002831114696426769686, 0.0005432787960512599698 ),
 .UNSPECIFIED. ) ;
#3558 = CARTESIAN_POINT ( 'NONE',  ( 8.322930553845409918, 31.84754675527314660, 19.47480493494130016 ) ) ;
#3559 = ORIENTED_EDGE ( 'NONE', *, *, #2419, .F. ) ;
#3560 = DIRECTION ( 'NONE',  ( 0.7071067811865520136, 0.000000000000000000, 0.7071067811865431318 ) ) ;
#3561 = CARTESIAN_POINT ( 'NONE',  ( 0.000000000000000000, 0.000000000000000000, 9.500000000000000000 ) ) ;
#3562 = ORIENTED_EDGE ( 'NONE', *, *, #3363, .T. ) ;
#3563 = CARTESIAN_POINT ( 'NONE',  ( 34.53720616994860393, 16.78855718802284969, 4.176056798680550131 ) ) ;
#3564 = CARTESIAN_POINT ( 'NONE',  ( -12.33674726605745953, 32.75374920761005626, 19.18154016089794922 ) ) ;
#3565 = DIRECTION ( 'NONE',  ( 0.000000000000000000, 0.000000000000000000, 1.000000000000000000 ) ) ;
#3566 = VERTEX_POINT ( 'NONE', #4531 ) ;
#3567 = CARTESIAN_POINT ( 'NONE',  ( 19.19507337519145196, 25.62845001807034961, -3.723272596750789809 ) ) ;
#3568 = CARTESIAN_POINT ( 'NONE',  ( -24.59674775249745338, 21.00000000000025224, -0.6269330410537110598 ) ) ;
#3569 = CARTESIAN_POINT ( 'NONE',  ( -34.99981003234470478, -15.51141691099040187, 47.09726262125680307 ) ) ;
#3570 = LINE ( 'NONE', #5341, #3793 ) ;
#3571 = DIRECTION ( 'NONE',  ( 0.6397259552089354928, -0.7686030849743025195, 0.000000000000000000 ) ) ;
#3572 = CARTESIAN_POINT ( 'NONE',  ( 26.36980192589384941, 23.01766517024825376, 1.323819084713274030 ) ) ;
#3573 = ORIENTED_EDGE ( 'NONE', *, *, #1486, .F. ) ;
#3574 = CARTESIAN_POINT ( 'NONE',  ( -9.518084201584395387, 26.65144823080620995, 10.19746850165611107 ) ) ;
#3575 = ORIENTED_EDGE ( 'NONE', *, *, #5152, .T. ) ;
#3576 = DIRECTION ( 'NONE',  ( -1.000000000000000000, 0.000000000000000000, 0.000000000000000000 ) ) ;
#3577 = CARTESIAN_POINT ( 'NONE',  ( 35.00000000000000000, -13.92840621133062129, 7.000000000000000000 ) ) ;
#3578 = CARTESIAN_POINT ( 'NONE',  ( 35.00000000000000000, -15.35740104585489973, 7.605054320355889352 ) ) ;
#3579 = CARTESIAN_POINT ( 'NONE',  ( -28.15896564801893476, 2.825711453480558077, 30.25729971217488057 ) ) ;
#3580 = CARTESIAN_POINT ( 'NONE',  ( -35.00000000000000000, -15.23609287607274965, 7.318579170557350189 ) ) ;
#3581 = DIRECTION ( 'NONE',  ( 0.000000000000000000, 0.000000000000000000, 1.000000000000000000 ) ) ;
#3582 = ORIENTED_EDGE ( 'NONE', *, *, #2748, .F. ) ;
#3583 = CARTESIAN_POINT ( 'NONE',  ( -12.33564818916713968, 32.75416301876100533, 9.816246459980138894 ) ) ;
#3584 = B_SPLINE_CURVE_WITH_KNOTS ( 'NONE', 3,
 ( #826, #5301, #2602, #5621, #4367, #380, #4769, #3933, #5710, #798, #2634, #3905, #2567, #5733, #4333, #347, #1733, #2143, #5680, #4397, #410, #1766, #3533, #575, #440, #1890, #1050, #4460, #2292, #989, #2755, #4425, #2785, #3164, #957, #3685, #3131, #1919, #122, #5459, #539, #1389 ),
 .UNSPECIFIED., .F., .F.,
 ( 4, 2, 2, 2, 2, 2, 2, 2, 2, 2, 2, 2, 2, 2, 2, 2, 2, 2, 2, 2, 4 ),
 ( 0.000000000000000000, 0.06250000000000004163, 0.1250000000000000833, 0.1875000000000000833, 0.2499999999999998890, 0.3124999999999998335, 0.3750000000000002220, 0.4062499999999999445, 0.4375000000000004996, 0.5000000000000000000, 0.5312500000000005551, 0.5625000000000003331, 0.6249999999999998890, 0.6562500000000004441, 0.6875000000000001110, 0.7500000000000003331, 0.8124999999999998890, 0.8437500000000004441, 0.8750000000000009992, 0.9375000000000005551, 1.000000000000000000 ),
 .UNSPECIFIED. ) ;
#3585 = DIRECTION ( 'NONE',  ( 1.000000000000000000, 0.000000000000000000, 0.000000000000000000 ) ) ;
#3586 = VERTEX_POINT ( 'NONE', #13 ) ;
#3587 = EDGE_CURVE ( 'NONE', #1191, #5080, #3707, .T. ) ;
#3588 = CARTESIAN_POINT ( 'NONE',  ( 34.50000000000000000, 0.000000000000000000, 14.90000000000000036 ) ) ;
#3589 = CARTESIAN_POINT ( 'NONE',  ( 8.259207664765339629, 31.88188045932355408, 19.48418509299025203 ) ) ;
#3590 = DIRECTION ( 'NONE',  ( 0.000000000000000000, 0.000000000000000000, 1.000000000000000000 ) ) ;
#3591 = EDGE_CURVE ( 'NONE', #3695, #1672, #3887, .T. ) ;
#3592 = VERTEX_POINT ( 'NONE', #4304 ) ;
#3593 = CARTESIAN_POINT ( 'NONE',  ( -28.29213101592564428, -0.7559858507230019509, 26.67404262524245695 ) ) ;
#3594 = CARTESIAN_POINT ( 'NONE',  ( -12.69157233029753939, 32.61785132950815580, 18.03474813261430043 ) ) ;
#3595 = CARTESIAN_POINT ( 'NONE',  ( 12.51615600448845989, 32.68556793608065192, 10.25207736855490026 ) ) ;
#3596 =( BOUNDED_CURVE ( )  B_SPLINE_CURVE ( 3, ( #3454, #3881, #3944, #905 ),
 .UNSPECIFIED., .F., .F. ) 
 B_SPLINE_CURVE_WITH_KNOTS ( ( 4, 4 ),
 ( 1.157997922372182131, 1.210576814762442055 ),
 .UNSPECIFIED. ) 
 CURVE ( )  GEOMETRIC_REPRESENTATION_ITEM ( )  RATIONAL_B_SPLINE_CURVE ( ( 1.000000000000000000, 0.9997696349411550054, 0.9997696349411550054, 1.000000000000000000 ) ) 
 REPRESENTATION_ITEM ( '' )  );
#3597 = VERTEX_POINT ( 'NONE', #2868 ) ;
#3598 = DIRECTION ( 'NONE',  ( -1.000000000000000000, 0.000000000000000000, 0.000000000000000000 ) ) ;
#3599 = CARTESIAN_POINT ( 'NONE',  ( 33.89551950175354733, -16.18672944028994820, 5.891993485417209797 ) ) ;
#3600 = CARTESIAN_POINT ( 'NONE',  ( 28.24534073867675588, 1.779052537000035850, 14.32227185364259903 ) ) ;
#3601 = FACE_OUTER_BOUND ( 'NONE', #5332, .T. ) ;
#3602 = DIRECTION ( 'NONE',  ( 0.000000000000000000, -8.673617379884039170E-17, -1.000000000000000000 ) ) ;
#3603 = CARTESIAN_POINT ( 'NONE',  ( 30.86889669933419711, 20.35376841243275337, -0.1485120325409247655 ) ) ;
#3604 = VERTEX_POINT ( 'NONE', #2927 ) ;
#3605 = CARTESIAN_POINT ( 'NONE',  ( 34.99981003228376153, -15.51141691540837897, 7.925198932437648836 ) ) ;
#3606 = CARTESIAN_POINT ( 'NONE',  ( -35.00000000000003553, -14.79355871274435152, 5.559141788275790752 ) ) ;
#3607 = CARTESIAN_POINT ( 'NONE',  ( -34.62530028788130210, -16.04287562070335227, 6.610179716728000088 ) ) ;
#3608 = CARTESIAN_POINT ( 'NONE',  ( 34.14183264729563660, -16.05855834011540040, 6.007285377296421203 ) ) ;
#3609 = CARTESIAN_POINT ( 'NONE',  ( -9.492175124364219840, 31.11835339947044687, 18.83328521820035206 ) ) ;
#3610 = CARTESIAN_POINT ( 'NONE',  ( -28.15888572512930210, 2.826463495741770693, 28.74605691690729614 ) ) ;
#3611 = CARTESIAN_POINT ( 'NONE',  ( 8.410155723109220105, 27.02144112728999303, 19.45750221459299212 ) ) ;
#3612 = AXIS2_PLACEMENT_3D ( 'NONE', #3838, #915, #21 ) ;
#3613 = CYLINDRICAL_SURFACE ( 'NONE', #2493, 3.000000000000000888 ) ;
#3614 = ORIENTED_EDGE ( 'NONE', *, *, #700, .F. ) ;
#3615 = FACE_OUTER_BOUND ( 'NONE', #3633, .T. ) ;
#3616 = CARTESIAN_POINT ( 'NONE',  ( 34.99591539623865089, -15.56229660314265040, 7.714557645770680594 ) ) ;
#3617 = ORIENTED_EDGE ( 'NONE', *, *, #5227, .F. ) ;
#3618 = AXIS2_PLACEMENT_3D ( 'NONE', #5648, #1646, #2085 ) ;
#3619 = CIRCLE ( 'NONE', #1114, 2.000000000000001776 ) ;
#3620 = CARTESIAN_POINT ( 'NONE',  ( 29.83691429206184864, 17.74117314562429826, 1.069026457436230038 ) ) ;
#3621 = ADVANCED_FACE ( 'NONE', ( #3300 ), #5068, .F. ) ;
#3622 = AXIS2_PLACEMENT_3D ( 'NONE', #488, #4008, #3637 ) ;
#3623 = AXIS2_PLACEMENT_3D ( 'NONE', #150, #4519, #3711 ) ;
#3624 = CARTESIAN_POINT ( 'NONE',  ( 8.635481107784990229, 31.67121644142545378, 19.39746192715094963 ) ) ;
#3625 = DIRECTION ( 'NONE',  ( 0.000000000000000000, 0.000000000000000000, -1.000000000000000000 ) ) ;
#3626 = ORIENTED_EDGE ( 'NONE', *, *, #5584, .F. ) ;
#3627 = CARTESIAN_POINT ( 'NONE',  ( -8.484848484848459549, 33.95596186517419568, 7.500000000000000000 ) ) ;
#3628 = CARTESIAN_POINT ( 'NONE',  ( -10.93171521583185957, 33.24907602454985067, 20.76829990061569831 ) ) ;
#3629 = CARTESIAN_POINT ( 'NONE',  ( 12.57924295368773926, 32.66136350070214434, 10.44406462485062015 ) ) ;
#3630 = AXIS2_PLACEMENT_3D ( 'NONE', #4195, #2455, #1154 ) ;
#3631 = EDGE_CURVE ( 'NONE', #1748, #1914, #4704, .T. ) ;
#3632 = AXIS2_PLACEMENT_3D ( 'NONE', #1190, #5626, #269 ) ;
#3633 = EDGE_LOOP ( 'NONE', ( #1810, #4643, #2101, #5123 ) ) ;
#3634 = CARTESIAN_POINT ( 'NONE',  ( 20.35841115551709990, 28.47605557569699997, -2.138666529868685107 ) ) ;
#3635 = DIRECTION ( 'NONE',  ( 0.000000000000000000, 0.000000000000000000, 1.000000000000000000 ) ) ;
#3636 = CARTESIAN_POINT ( 'NONE',  ( -34.99981003234470478, -15.51141691099045161, 47.00000000000000000 ) ) ;
#3637 = DIRECTION ( 'NONE',  ( 0.000000000000000000, -1.000000000000000000, 8.673617379884029309E-17 ) ) ;
#3638 = CARTESIAN_POINT ( 'NONE',  ( -34.99981003234470478, -15.51141691099045161, 8.000000000000000000 ) ) ;
#3639 = DIRECTION ( 'NONE',  ( 0.000000000000000000, 0.000000000000000000, -1.000000000000000000 ) ) ;
#3640 = ADVANCED_FACE ( 'NONE', ( #5204 ), #4327, .T. ) ;
#3641 = ORIENTED_EDGE ( 'NONE', *, *, #2894, .F. ) ;
#3642 = CARTESIAN_POINT ( 'NONE',  ( -8.102042472908415505, 27.11564538765630061, 9.500000000000000000 ) ) ;
#3643 = CARTESIAN_POINT ( 'NONE',  ( 8.484848484848470207, 33.95596186517419568, 21.50000000000000000 ) ) ;
#3644 = CARTESIAN_POINT ( 'NONE',  ( 35.00000000000000000, -15.11408154316844943, 7.352745219559739809 ) ) ;
#3645 = CARTESIAN_POINT ( 'NONE',  ( -8.513533882376901119, 31.74139798450895000, 19.43322003121605235 ) ) ;
#3646 = FACE_OUTER_BOUND ( 'NONE', #4677, .T. ) ;
#3647 = CARTESIAN_POINT ( 'NONE',  ( -28.24534073865461892, -1.779052537304638193, 49.32227185351109711 ) ) ;
#3648 = CARTESIAN_POINT ( 'NONE',  ( -8.449175291031270518, 31.77792484364830372, 9.550030729422250175 ) ) ;
#3649 = ORIENTED_EDGE ( 'NONE', *, *, #2926, .F. ) ;
#3650 = CARTESIAN_POINT ( 'NONE',  ( -12.13784223111203886, 32.82795021584804829, 9.464929008451379744 ) ) ;
#3651 = CARTESIAN_POINT ( 'NONE',  ( 28.15891634551310574, 2.826179945983733788, 46.24464931605540841 ) ) ;
#3652 = EDGE_LOOP ( 'NONE', ( #3320, #1506 ) ) ;
#3653 = CONICAL_SURFACE ( 'NONE', #5502, 2.899999999999999911, 0.7853981633974476129 ) ;
#3654 = CARTESIAN_POINT ( 'NONE',  ( -28.29999999999999716, 1.355143360237210053E-18, 9.099999999999999645 ) ) ;
#3655 = AXIS2_PLACEMENT_3D ( 'NONE', #5098, #4679, #711 ) ;
#3656 = CARTESIAN_POINT ( 'NONE',  ( 33.54438421424263339, -15.25736574535791057, 5.268221775186431977 ) ) ;
#3657 = CARTESIAN_POINT ( 'NONE',  ( 0.000000000000000000, 0.000000000000000000, 21.50000000000000000 ) ) ;
#3658 = VERTEX_POINT ( 'NONE', #1727 ) ;
#3659 = CARTESIAN_POINT ( 'NONE',  ( 33.42693543583010296, -29.99999999999965183, 64.00000000000000000 ) ) ;
#3660 = CARTESIAN_POINT ( 'NONE',  ( 28.15098312269777026, -2.900370556495404539, 11.61764080444039671 ) ) ;
#3661 = AXIS2_PLACEMENT_3D ( 'NONE', #2317, #5040, #120 ) ;
#3662 = ADVANCED_FACE ( 'NONE', ( #4363 ), #4731, .T. ) ;
#3663 = CARTESIAN_POINT ( 'NONE',  ( 40.00000000000000000, 0.000000000000000000, 29.50000000000000000 ) ) ;
#3664 = VERTEX_POINT ( 'NONE', #3957 ) ;
#3665 = CARTESIAN_POINT ( 'NONE',  ( 0.000000000000000000, 0.000000000000000000, 8.000000000000000000 ) ) ;
#3666 = CARTESIAN_POINT ( 'NONE',  ( 40.00000000000000000, 3.551475717527324818E-16, 14.90000000000000036 ) ) ;
#3667 = CARTESIAN_POINT ( 'NONE',  ( 28.15105964228497015, -2.899627761612578514, 47.38677619469062563 ) ) ;
#3668 = LINE ( 'NONE', #5441, #5570 ) ;
#3669 = FACE_OUTER_BOUND ( 'NONE', #4461, .T. ) ;
#3670 = ORIENTED_EDGE ( 'NONE', *, *, #1865, .F. ) ;
#3671 = CARTESIAN_POINT ( 'NONE',  ( -8.769818852860909786, 26.90688370632366500, 9.654080302529049362 ) ) ;
#3672 = SURFACE_SIDE_STYLE ('',( #590 ) ) ;
#3673 = CARTESIAN_POINT ( 'NONE',  ( 35.00000000000000000, -14.62682363814314179, 6.929371310438559917 ) ) ;
#3674 = EDGE_CURVE ( 'NONE', #1896, #4600, #638, .T. ) ;
#3675 = CARTESIAN_POINT ( 'NONE',  ( -9.854603016831640971, 30.85279983752385036, 18.24936461503914842 ) ) ;
#3676 = DIRECTION ( 'NONE',  ( -1.000000000000000000, -2.775557561562890957E-15, 0.000000000000000000 ) ) ;
#3677 = CARTESIAN_POINT ( 'NONE',  ( 8.734074872588413641, 26.91851344861927231, 19.36053916465082736 ) ) ;
#3678 = EDGE_CURVE ( 'NONE', #2595, #1498, #309, .T. ) ;
#3679 = DIRECTION ( 'NONE',  ( 0.000000000000000000, 0.000000000000000000, -1.000000000000000000 ) ) ;
#3680 = VERTEX_POINT ( 'NONE', #3500 ) ;
#3681 = CARTESIAN_POINT ( 'NONE',  ( -9.437644556735330426, 33.70385968265649979, 7.600061458845049245 ) ) ;
#3682 = DIRECTION ( 'NONE',  ( -1.000000000000000000, 0.000000000000000000, 0.000000000000000000 ) ) ;
#3683 = CARTESIAN_POINT ( 'NONE',  ( 26.75000000000000000, -16.80260396486210084, 63.00000000000000000 ) ) ;
#3684 = CARTESIAN_POINT ( 'NONE',  ( 8.623974774080760852, 33.92119719967669766, 21.49999636015785143 ) ) ;
#3685 = CARTESIAN_POINT ( 'NONE',  ( 19.87270128679184822, 28.81719442974975109, -2.388981106447789937 ) ) ;
#3686 = ORIENTED_EDGE ( 'NONE', *, *, #1637, .F. ) ;
#3687 = CARTESIAN_POINT ( 'NONE',  ( 40.00000000000000000, 0.000000000000000000, 12.00000000000000000 ) ) ;
#3688 = CARTESIAN_POINT ( 'NONE',  ( -34.40784438560799430, -15.66464353178053592, 5.955878819105903332 ) ) ;
#3689 = DIRECTION ( 'NONE',  ( 0.000000000000000000, 0.000000000000000000, -1.000000000000000000 ) ) ;
#3690 = EDGE_CURVE ( 'NONE', #477, #1896, #703, .T. ) ;
#3691 = CARTESIAN_POINT ( 'NONE',  ( 34.99989819532442681, -15.47019309607037130, 7.756770463897308510 ) ) ;
#3692 = ADVANCED_FACE ( 'NONE', ( #3033 ), #5478, .F. ) ;
#3693 = CARTESIAN_POINT ( 'NONE',  ( 28.15891634551283218, 2.826179945986543984, 11.24464931611959706 ) ) ;
#3694 = CARTESIAN_POINT ( 'NONE',  ( 0.000000000000000000, 0.000000000000000000, 64.00000000000000000 ) ) ;
#3695 = VERTEX_POINT ( 'NONE', #4496 ) ;
#3696 = CARTESIAN_POINT ( 'NONE',  ( -33.17666223525765190, -14.25606666871352068, 5.000000000000000000 ) ) ;
#3697 = CARTESIAN_POINT ( 'NONE',  ( 34.16772401490049305, -16.09421705513319978, 6.058235658679550717 ) ) ;
#3698 = EDGE_CURVE ( 'NONE', #1341, #2452, #3978, .T. ) ;
#3699 = CARTESIAN_POINT ( 'NONE',  ( -8.698981712545988287, 31.63374322226790269, 19.37498129875969965 ) ) ;
#3700 = EDGE_CURVE ( 'NONE', #4987, #5329, #5274, .T. ) ;
#3701 = CARTESIAN_POINT ( 'NONE',  ( -12.13784223111203886, 32.82795021584804829, 9.464929008451379744 ) ) ;
#3702 = EDGE_LOOP ( 'NONE', ( #3068, #4595, #3265, #1767 ) ) ;
#3703 = CARTESIAN_POINT ( 'NONE',  ( -8.761744068065061342, 33.88586358045829883, 7.506435874664980190 ) ) ;
#3704 = DIRECTION ( 'NONE',  ( 1.000000000000000000, 0.000000000000000000, 0.000000000000000000 ) ) ;
#3705 = CARTESIAN_POINT ( 'NONE',  ( -8.544980771761780503, 31.72344253886764776, 19.42459196712304959 ) ) ;
#3706 = CARTESIAN_POINT ( 'NONE',  ( -26.08745973749730140, 23.33333333333359860, 1.105117766515159916 ) ) ;
#3707 = CIRCLE ( 'NONE', #2582, 50.00000000000000000 ) ;
#3708 = CARTESIAN_POINT ( 'NONE',  ( 10.58288853452047995, 33.36193107774159472, 20.97899897613530129 ) ) ;
#3709 = CIRCLE ( 'NONE', #1762, 28.29999999999999716 ) ;
#3710 = EDGE_LOOP ( 'NONE', ( #1170, #88, #1884, #123 ) ) ;
#3711 = DIRECTION ( 'NONE',  ( -1.000000000000000000, 0.000000000000000000, 0.000000000000000000 ) ) ;
#3712 = CARTESIAN_POINT ( 'NONE',  ( 28.18680907499106070, -2.532890708981860861, 10.53643941713193222 ) ) ;
#3713 = AXIS2_PLACEMENT_3D ( 'NONE', #608, #1929, #4153 ) ;
#3714 = AXIS2_PLACEMENT_3D ( 'NONE', #4387, #3387, #1318 ) ;
#3715 = VERTEX_POINT ( 'NONE', #917 ) ;
#3716 = CARTESIAN_POINT ( 'NONE',  ( -33.28461775846064086, 18.29348802510019567, 0.8395820404035828632 ) ) ;
#3717 = CIRCLE ( 'NONE', #457, 47.00000000000000000 ) ;
#3718 = AXIS2_PLACEMENT_3D ( 'NONE', #3335, #1027, #5542 ) ;
#3719 = CARTESIAN_POINT ( 'NONE',  ( 8.000000000000000000, 27.14571789435674987, 9.500000000000000000 ) ) ;
#3720 = LINE ( 'NONE', #131, #5485 ) ;
#3721 = ORIENTED_EDGE ( 'NONE', *, *, #3129, .F. ) ;
#3722 = CARTESIAN_POINT ( 'NONE',  ( -33.35251591957264594, -14.58222749039846100, 5.061269058593250492 ) ) ;
#3723 = CARTESIAN_POINT ( 'NONE',  ( -33.00000000000000000, 15.50910527760489899, 4.176056798680565230 ) ) ;
#3724 = DIRECTION ( 'NONE',  ( 0.3086754475362229466, -0.9511674237947347343, 0.000000000000000000 ) ) ;
#3725 = CARTESIAN_POINT ( 'NONE',  ( -33.91725264021750519, -15.86348464480490073, 5.652919594845290163 ) ) ;
#3726 = B_SPLINE_CURVE_WITH_KNOTS ( 'NONE', 3,
 ( #4147, #4594, #681, #2864 ),
 .UNSPECIFIED., .F., .F.,
 ( 4, 4 ),
 ( 0.000000000000000000, 1.000000000000000000 ),
 .UNSPECIFIED. ) ;
#3727 = CARTESIAN_POINT ( 'NONE',  ( -12.06457534379829966, 32.85494697611265025, 9.352311172960570573 ) ) ;
#3728 = VERTEX_POINT ( 'NONE', #1677 ) ;
#3729 = EDGE_CURVE ( 'NONE', #4530, #2595, #1615, .T. ) ;
#3730 = CARTESIAN_POINT ( 'NONE',  ( 35.00000000000000000, -15.44211142193015007, 7.769853744693340225 ) ) ;
#3731 = CARTESIAN_POINT ( 'NONE',  ( -35.00000000000000000, 15.50910527760489899, -20.85027391700995381 ) ) ;
#3732 = EDGE_CURVE ( 'NONE', #2603, #894, #2319, .T. ) ;
#3733 = VERTEX_POINT ( 'NONE', #5681 ) ;
#3734 = CARTESIAN_POINT ( 'NONE',  ( -28.40248021990299776, 21.40991240931015227, 2.348902084813440094 ) ) ;
#3735 = STYLED_ITEM ( 'NONE', ( #2804 ), #165 ) ;
#3736 = CARTESIAN_POINT ( 'NONE',  ( 12.27467391207810010, 32.77708897001319599, 19.30260685290874889 ) ) ;
#3737 = ORIENTED_EDGE ( 'NONE', *, *, #899, .F. ) ;
#3738 = CARTESIAN_POINT ( 'NONE',  ( 33.62282105668018772, -15.78869587888808113, 5.467936465886237940 ) ) ;
#3739 = ADVANCED_FACE ( 'NONE', ( #3126 ), #5739, .F. ) ;
#3740 = CARTESIAN_POINT ( 'NONE',  ( 28.26408360670082942, -1.469233005624944743, 9.470170873894000252 ) ) ;
#3741 = AXIS2_PLACEMENT_3D ( 'NONE', #772, #4833, #1329 ) ;
#3742 = EDGE_CURVE ( 'NONE', #775, #2086, #2961, .T. ) ;
#3743 = CARTESIAN_POINT ( 'NONE',  ( 34.56138369360730422, -16.05728189851635079, 6.505516367869959460 ) ) ;
#3744 = ORIENTED_EDGE ( 'NONE', *, *, #2107, .F. ) ;
#3745 = CARTESIAN_POINT ( 'NONE',  ( -32.11816627176959571, 19.59687665428964820, 3.127140798007244982 ) ) ;
#3746 = CIRCLE ( 'NONE', #4204, 1.999999999999998224 ) ;
#3747 = DIRECTION ( 'NONE',  ( 0.000000000000000000, -1.000000000000000000, 0.000000000000000000 ) ) ;
#3748 = CARTESIAN_POINT ( 'NONE',  ( -35.00000000000000000, 15.50910527760489899, 64.00000000000000000 ) ) ;
#3749 = ORIENTED_EDGE ( 'NONE', *, *, #5065, .F. ) ;
#3750 = CARTESIAN_POINT ( 'NONE',  ( -33.00000000000000000, 0.000000000000000000, -37.00000000000000000 ) ) ;
#3751 = DIRECTION ( 'NONE',  ( 0.000000000000000000, 0.000000000000000000, 1.000000000000000000 ) ) ;
#3752 = CARTESIAN_POINT ( 'NONE',  ( 32.75390337432470034, 18.93111841912400095, 3.304077578644865287 ) ) ;
#3753 = CARTESIAN_POINT ( 'NONE',  ( -35.00000000000086686, -15.49763501743480631, 7.999999999999993783 ) ) ;
#3754 = LINE ( 'NONE', #1169, #3878 ) ;
#3755 = ORIENTED_EDGE ( 'NONE', *, *, #2575, .F. ) ;
#3756 = CARTESIAN_POINT ( 'NONE',  ( 26.75000000000000000, -16.80260396486210084, 54.00000000000000000 ) ) ;
#3757 = CARTESIAN_POINT ( 'NONE',  ( -10.00000000000000000, 30.74085229787894846, 17.50000000000000000 ) ) ;
#3758 = ORIENTED_EDGE ( 'NONE', *, *, #5223, .T. ) ;
#3759 = CARTESIAN_POINT ( 'NONE',  ( -26.26321013327350684, -21.79282871504184982, 5.863581297475676912 ) ) ;
#3760 = CARTESIAN_POINT ( 'NONE',  ( 12.69836175114127919, 32.61520609650300173, 17.97104710728354604 ) ) ;
#3761 = ORIENTED_EDGE ( 'NONE', *, *, #2793, .T. ) ;
#3762 = CARTESIAN_POINT ( 'NONE',  ( -34.99981003234439925, -15.51141691100965225, 47.11789036517569684 ) ) ;
#3763 = CARTESIAN_POINT ( 'NONE',  ( 0.000000000000000000, 9.849999999999999645, 64.00000000000000000 ) ) ;
#3764 = CARTESIAN_POINT ( 'NONE',  ( 35.00000000000000000, -15.20457790750760019, 7.427783094031700450 ) ) ;
#3765 = VERTEX_POINT ( 'NONE', #598 ) ;
#3766 = CARTESIAN_POINT ( 'NONE',  ( 35.00000000000000000, 0.000000000000000000, 15.40000000000000036 ) ) ;
#3767 = CARTESIAN_POINT ( 'NONE',  ( 28.29999999999999716, 0.000000000000000000, 61.00001199999999812 ) ) ;
#3768 = CARTESIAN_POINT ( 'NONE',  ( -33.34877244057840073, -16.27605516819804876, 5.582517546046529944 ) ) ;
#3769 = CARTESIAN_POINT ( 'NONE',  ( 8.815925920734839494, 26.89183870982769164, 19.32616968996774176 ) ) ;
#3770 = EDGE_CURVE ( 'NONE', #2008, #4850, #2037, .T. ) ;
#3771 = ORIENTED_EDGE ( 'NONE', *, *, #4216, .F. ) ;
#3772 = DIRECTION ( 'NONE',  ( 0.000000000000000000, 0.000000000000000000, -1.000000000000000000 ) ) ;
#3773 = CARTESIAN_POINT ( 'NONE',  ( -28.18683994491043165, -2.532559618957655800, 13.46424740755433369 ) ) ;
#3774 = CARTESIAN_POINT ( 'NONE',  ( -29.83691429206184864, 18.58599091446355089, 2.881837241123674787 ) ) ;
#3775 = CARTESIAN_POINT ( 'NONE',  ( 33.00000000000000000, 15.50910527760495050, 64.00000000000000000 ) ) ;
#3776 = CARTESIAN_POINT ( 'NONE',  ( -12.02660997886779981, 32.86886710071884465, 9.297049088920049442 ) ) ;
#3777 = VERTEX_POINT ( 'NONE', #5012 ) ;
#3778 = DIRECTION ( 'NONE',  ( 0.000000000000000000, 0.000000000000000000, 1.000000000000000000 ) ) ;
#3779 = CARTESIAN_POINT ( 'NONE',  ( -33.45805061766539268, -16.16230787385553924, 5.590284610707449531 ) ) ;
#3780 = EDGE_LOOP ( 'NONE', ( #4431, #4861, #1247, #1840, #2988, #4215 ) ) ;
#3781 = CARTESIAN_POINT ( 'NONE',  ( -30.86889669933419711, 20.35376841243275337, -0.1485120325409291508 ) ) ;
#3782 = CARTESIAN_POINT ( 'NONE',  ( -34.99981003234470478, -15.51141691099045161, -20.85027391700995381 ) ) ;
#3783 = ORIENTED_EDGE ( 'NONE', *, *, #5598, .T. ) ;
#3784 = CARTESIAN_POINT ( 'NONE',  ( -34.02686159999326776, -15.94380707450422641, 5.811456188841624737 ) ) ;
#3785 = DIRECTION ( 'NONE',  ( 0.000000000000000000, 0.000000000000000000, -1.000000000000000000 ) ) ;
#3786 = ADVANCED_FACE ( 'NONE', ( #1384, #1916 ), #1446, .F. ) ;
#3787 = AXIS2_PLACEMENT_3D ( 'NONE', #2720, #4485, #3682 ) ;
#3788 = CARTESIAN_POINT ( 'NONE',  ( -33.61842576831450202, -16.24762089024680023, 5.729795831206899948 ) ) ;
#3789 = VERTEX_POINT ( 'NONE', #54 ) ;
#3790 = CARTESIAN_POINT ( 'NONE',  ( 33.15898835922180865, 18.50500517144559964, 0.7423456058787000211 ) ) ;
#3791 = CARTESIAN_POINT ( 'NONE',  ( -32.75390337432474297, 18.93111841912395121, 3.304077578644870172 ) ) ;
#3792 = CARTESIAN_POINT ( 'NONE',  ( -33.17666223525765190, -14.25606666871352068, 5.000000000000000000 ) ) ;
#3793 = VECTOR ( 'NONE', #2737, 1000.000000000000000 ) ;
#3794 = CARTESIAN_POINT ( 'NONE',  ( 8.875612739303287313, 26.87227137419468193, 19.29881284390345186 ) ) ;
#3795 = CIRCLE ( 'NONE', #5740, 1.999999999999998224 ) ;
#3796 = EDGE_LOOP ( 'NONE', ( #1251, #5056, #3976, #1015 ) ) ;
#3797 = CIRCLE ( 'NONE', #4811, 2.999999999999960920 ) ;
#3798 = CARTESIAN_POINT ( 'NONE',  ( -23.84130033790600223, 21.80622425490970073, -1.092406831652899868 ) ) ;
#3799 = AXIS2_PLACEMENT_3D ( 'NONE', #3659, #991, #1945 ) ;
#3800 = CARTESIAN_POINT ( 'NONE',  ( -28.15100031401658853, -2.900203675992583108, 12.38326163086220255 ) ) ;
#3801 = DIRECTION ( 'NONE',  ( 5.341891487760449849E-32, -6.672013369141570394E-17, -1.000000000000000000 ) ) ;
#3802 = CARTESIAN_POINT ( 'NONE',  ( -30.41111563622940039, -20.46559750501669583, 64.00000000000000000 ) ) ;
#3803 = AXIS2_PLACEMENT_3D ( 'NONE', #1745, #1227, #4846 ) ;
#3804 = AXIS2_PLACEMENT_3D ( 'NONE', #2264, #3135, #1361 ) ;
#3805 = CARTESIAN_POINT ( 'NONE',  ( -12.44493810695306024, 32.71279462263655091, 10.05911561668034082 ) ) ;
#3806 = ORIENTED_EDGE ( 'NONE', *, *, #5447, .F. ) ;
#3807 = CARTESIAN_POINT ( 'NONE',  ( -33.91512267525455115, -15.86203780698384946, 5.649997851930010029 ) ) ;
#3808 = CARTESIAN_POINT ( 'NONE',  ( 30.71088917426730092, 17.31221691466069856, 1.266094660447119935 ) ) ;
#3809 = EDGE_CURVE ( 'NONE', #2277, #5609, #3516, .T. ) ;
#3810 =( BOUNDED_SURFACE ( )  B_SPLINE_SURFACE ( 3, 2, ( 
 ( #2874, #5054, #5076 ),
 ( #4633, #1083, #2848 ),
 ( #689, #1103, #4602 ),
 ( #2436, #2411, #3791 ) ),
 .UNSPECIFIED., .F., .F., .T. ) 
 B_SPLINE_SURFACE_WITH_KNOTS ( ( 4, 4 ),
 ( 3, 3 ),
 ( 1.931015838827349951, 1.983594731217609874 ),
 ( 0.000000000000000000, 1.000000000000000000 ),
 .UNSPECIFIED. ) 
 GEOMETRIC_REPRESENTATION_ITEM ( )  RATIONAL_B_SPLINE_SURFACE ( (
 ( 1.000000000000000000, 0.6222980031143400259, 1.000000000000000000),
 ( 1.000000000000000000, 0.6180828130321950331, 1.000000000000000000),
 ( 1.000000000000000000, 0.6138664973310810069, 1.000000000000000000),
 ( 1.000000000000000000, 0.6096549954099279578, 1.000000000000000000) ) ) 
 REPRESENTATION_ITEM ( '' )  SURFACE ( )  );
#3811 = VERTEX_POINT ( 'NONE', #953 ) ;
#3812 = CARTESIAN_POINT ( 'NONE',  ( -30.45426518713430042, 20.48832576205299816, 2.881837241123674787 ) ) ;
#3813 = CARTESIAN_POINT ( 'NONE',  ( 12.13784223111201932, 32.82795021584804829, 19.53507099154855098 ) ) ;
#3814 = VERTEX_POINT ( 'NONE', #2811 ) ;
#3815 = FACE_OUTER_BOUND ( 'NONE', #1927, .T. ) ;
#3816 = CARTESIAN_POINT ( 'NONE',  ( 34.85538078952063046, -15.91728168705781599, 7.101981472580944477 ) ) ;
#3817 = APPLICATION_CONTEXT ( 'automotive_design' ) ;
#3818 = CARTESIAN_POINT ( 'NONE',  ( -33.50777425969661749, -15.89582042695187702, 5.432732251898038989 ) ) ;
#3819 = CARTESIAN_POINT ( 'NONE',  ( -9.378029619647520576, 31.19791134481999606, 10.05013235301107777 ) ) ;
#3820 = CARTESIAN_POINT ( 'NONE',  ( 0.5961826415118535172, 31.50035850775757140, -9.220017743229048435 ) ) ;
#3821 = DIRECTION ( 'NONE',  ( 0.000000000000000000, 0.000000000000000000, 1.000000000000000000 ) ) ;
#3822 = AXIS2_PLACEMENT_3D ( 'NONE', #3331, #2845, #2027 ) ;
#3823 = DIRECTION ( 'NONE',  ( 1.000000000000000000, 0.000000000000000000, 0.000000000000000000 ) ) ;
#3824 = ORIENTED_EDGE ( 'NONE', *, *, #5607, .T. ) ;
#3825 = CIRCLE ( 'NONE', #2994, 1.999999999999998224 ) ;
#3826 = DIRECTION ( 'NONE',  ( -1.000000000000000000, 0.000000000000000000, 0.000000000000000000 ) ) ;
#3827 = CARTESIAN_POINT ( 'NONE',  ( 28.29999999999999716, -2.369264842740785093E-23, 14.90000000000000036 ) ) ;
#3828 = CARTESIAN_POINT ( 'NONE',  ( -9.036574885702231441, 33.81446444618289604, 21.47442638114620195 ) ) ;
#3829 = EDGE_CURVE ( 'NONE', #3282, #3406, #927, .T. ) ;
#3830 = CARTESIAN_POINT ( 'NONE',  ( 28.18680907497233790, -2.532890709178633237, 28.03643941740999423 ) ) ;
#3831 = B_SPLINE_CURVE_WITH_KNOTS ( 'NONE', 3,
 ( #4501, #1370, #3143, #521, #2303, #4071, #69, #3638 ),
 .UNSPECIFIED., .F., .F.,
 ( 4, 2, 2, 4 ),
 ( 0.000000000000000000, 0.2499999999999996669, 0.4999999999999996114, 1.000000000000000000 ),
 .UNSPECIFIED. ) ;
#3832 = CARTESIAN_POINT ( 'NONE',  ( -34.49955221819363516, -16.70966813196352874, 7.291890785930899455 ) ) ;
#3833 = EDGE_LOOP ( 'NONE', ( #2267, #106, #4974, #4451 ) ) ;
#3834 =( LENGTH_UNIT ( ) NAMED_UNIT ( * ) SI_UNIT ( .MILLI., .METRE. ) );
#3835 = DIRECTION ( 'NONE',  ( 0.6144940597339989541, 0.7382880531331490470, -0.2780787678922885253 ) ) ;
#3836 = CARTESIAN_POINT ( 'NONE',  ( -9.787224215578770981, 30.90366726397339647, 18.40007934462530059 ) ) ;
#3837 = ADVANCED_FACE ( 'NONE', ( #5392 ), #203, .F. ) ;
#3838 = CARTESIAN_POINT ( 'NONE',  ( -10.00000000000000000, 30.74085229787894846, -61.00000000000000000 ) ) ;
#3839 = VERTEX_POINT ( 'NONE', #2315 ) ;
#3840 = CARTESIAN_POINT ( 'NONE',  ( -26.20965045923938774, -21.72108411550062002, 5.778451001811771626 ) ) ;
#3841 = DIRECTION ( 'NONE',  ( -1.000000000000000000, 0.000000000000000000, 0.000000000000000000 ) ) ;
#3842 = VERTEX_POINT ( 'NONE', #1822 ) ;
#3843 = CARTESIAN_POINT ( 'NONE',  ( 34.16772401490059963, -16.09421705513325307, 6.058235658679660851 ) ) ;
#3844 = DIRECTION ( 'NONE',  ( 0.000000000000000000, 0.000000000000000000, 1.000000000000000000 ) ) ;
#3845 = CARTESIAN_POINT ( 'NONE',  ( -8.130536489231770858, 31.94952851871734367, 9.503217937332541609 ) ) ;
#3846 = ORIENTED_EDGE ( 'NONE', *, *, #4865, .T. ) ;
#3847 = CARTESIAN_POINT ( 'NONE',  ( 29.83691429206184864, 17.74117314562429826, 1.069026457436240030 ) ) ;
#3848 = CARTESIAN_POINT ( 'NONE',  ( -6.070727169107484222, 30.96777568606772846, -8.627177040942523689 ) ) ;
#3849 = DIRECTION ( 'NONE',  ( 1.000000000000000000, 0.000000000000000000, 0.000000000000000000 ) ) ;
#3850 = ORIENTED_EDGE ( 'NONE', *, *, #3895, .T. ) ;
#3851 = EDGE_CURVE ( 'NONE', #4191, #3401, #3070, .T. ) ;
#3852 = CARTESIAN_POINT ( 'NONE',  ( -20.12247737020186733, 28.69715001569047175, -6.195000753157994922 ) ) ;
#3853 = DIRECTION ( 'NONE',  ( 0.000000000000000000, -0.3524796654001127738, -0.9358194726972850486 ) ) ;
#3854 = FACE_OUTER_BOUND ( 'NONE', #3122, .T. ) ;
#3855 = CARTESIAN_POINT ( 'NONE',  ( -9.947457457104951217, 26.49422055644329888, 11.03968042540398642 ) ) ;
#3856 = ORIENTED_EDGE ( 'NONE', *, *, #750, .F. ) ;
#3857 = CARTESIAN_POINT ( 'NONE',  ( -9.395067300070138572, 26.69499518810854966, 18.93310433657390135 ) ) ;
#3858 = CARTESIAN_POINT ( 'NONE',  ( -33.61183359728229902, -16.01833340116465365, 5.582549861934269941 ) ) ;
#3859 = CARTESIAN_POINT ( 'NONE',  ( -8.000000000000000000, 27.14571789435674987, 9.500000000000000000 ) ) ;
#3860 = CARTESIAN_POINT ( 'NONE',  ( 9.640868303737228473, 33.64607542001100171, 7.650816065754080242 ) ) ;
#3861 = ORIENTED_EDGE ( 'NONE', *, *, #5550, .T. ) ;
#3862 = CARTESIAN_POINT ( 'NONE',  ( 12.72727272727255965, 32.60393425532604539, 17.50000000000000000 ) ) ;
#3863 = DIRECTION ( 'NONE',  ( 0.000000000000000000, -1.000000000000000000, 0.000000000000000000 ) ) ;
#3864 = CARTESIAN_POINT ( 'NONE',  ( 9.615999349923230355, 31.02979968061834981, 10.31978753063262033 ) ) ;
#3865 = ORIENTED_EDGE ( 'NONE', *, *, #2692, .F. ) ;
#3866 = CARTESIAN_POINT ( 'NONE',  ( 10.00000000000000000, 39.00000000000000000, 11.50000000000000000 ) ) ;
#3867 = B_SPLINE_CURVE_WITH_KNOTS ( 'NONE', 3,
 ( #5121, #1528, #4675, #1152, #5067, #1095, #2921, #706, #2945, #2477, #1611, #5173, #1177, #4730, #4698, #4620, #651, #2428, #733, #4273, #2507, #2080, #5532, #3840, #202, #1996, #3759, #5674, #2164, #5236, #4420, #3124, #1293, #2192, #3928, #1351, #373, #404, #3956, #4762, #1322 ),
 .UNSPECIFIED., .F., .F.,
 ( 4, 2, 2, 2, 2, 2, 2, 1, 2, 2, 2, 2, 1, 1, 1, 2, 2, 2, 2, 1, 2, 2, 4 ),
 ( 0.000000000000000000, 0.06250000000000485723, 0.09375000000000677236, 0.1250000000000086875, 0.1875000000000144329, 0.2187500000000181799, 0.2343750000000200118, 0.2421875000000209555, 0.2460937500000201505, 0.2500000000000193179, 0.3750000000000226485, 0.4375000000000251466, 0.4687500000000255906, 0.4843750000000256462, 0.4921875000000246470, 0.4960937500000242029, 0.5000000000000236478, 0.6250000000000187628, 0.6875000000000158762, 0.7187500000000152101, 0.7343750000000142109, 0.7500000000000132117, 1.000000000000000000 ),
 .UNSPECIFIED. ) ;
#3868 = EDGE_CURVE ( 'NONE', #477, #1242, #1173, .T. ) ;
#3869 = CARTESIAN_POINT ( 'NONE',  ( -11.81818181818171887, 31.98290693617704505, 17.50000000000000000 ) ) ;
#3870 = CARTESIAN_POINT ( 'NONE',  ( -28.90320573642910063, -15.69839625752525158, 64.00000000000000000 ) ) ;
#3871 = ORIENTED_EDGE ( 'NONE', *, *, #3674, .T. ) ;
#3872 = CARTESIAN_POINT ( 'NONE',  ( 30.45426518713430042, 20.48832576205299816, 2.881837241123700100 ) ) ;
#3873 = CARTESIAN_POINT ( 'NONE',  ( -14.89196619283566392, 28.13131565990891758, -5.806738272770658682 ) ) ;
#3874 = CARTESIAN_POINT ( 'NONE',  ( -35.00000000000000000, -15.35740104585534915, 7.605054320356489761 ) ) ;
#3875 = CARTESIAN_POINT ( 'NONE',  ( 33.91725264021835073, -15.86348464480465204, 5.652919594844890483 ) ) ;
#3876 = ORIENTED_EDGE ( 'NONE', *, *, #1874, .T. ) ;
#3877 = CARTESIAN_POINT ( 'NONE',  ( -6.665475061075710528, 30.85607717241009951, -8.505497371226919512 ) ) ;
#3878 = VECTOR ( 'NONE', #1143, 1000.000000000000000 ) ;
#3879 = DIRECTION ( 'NONE',  ( 0.000000000000000000, -0.3524796654001127738, -0.9358194726972850486 ) ) ;
#3880 = CARTESIAN_POINT ( 'NONE',  ( 28.15105964228565583, -2.899627761605934939, 29.88677619433259380 ) ) ;
#3881 = CARTESIAN_POINT ( 'NONE',  ( 33.34190840721168314, 18.22465578683996412, 3.613481577821065827 ) ) ;
#3882 = EDGE_CURVE ( 'NONE', #3664, #1953, #5555, .T. ) ;
#3883 = AXIS2_PLACEMENT_3D ( 'NONE', #5350, #18, #3676 ) ;
#3884 = ORIENTED_EDGE ( 'NONE', *, *, #3035, .F. ) ;
#3885 = CARTESIAN_POINT ( 'NONE',  ( 9.153522887464150770, 31.34912882314674931, 9.865850049692539869 ) ) ;
#3886 = DIRECTION ( 'NONE',  ( 0.000000000000000000, 0.000000000000000000, -1.000000000000000000 ) ) ;
#3887 = B_SPLINE_CURVE_WITH_KNOTS ( 'NONE', 3,
 ( #1841, #3605, #5378, #1407, #975, #2338, #4109, #4737 ),
 .UNSPECIFIED., .F., .F.,
 ( 4, 2, 2, 4 ),
 ( 0.000000000000000000, 0.5000000000000005551, 0.7500000000000002220, 1.000000000000000000 ),
 .UNSPECIFIED. ) ;
#3888 = CARTESIAN_POINT ( 'NONE',  ( -9.999999999999998224, 26.47437731065046052, 17.74070398808071758 ) ) ;
#3889 = CARTESIAN_POINT ( 'NONE',  ( 26.44955478209618605, -22.04210679640597093, 6.209970237890514611 ) ) ;
#3890 = VECTOR ( 'NONE', #722, 1000.000000000000000 ) ;
#3891 = VECTOR ( 'NONE', #5694, 1000.000000000000000 ) ;
#3892 = DIRECTION ( 'NONE',  ( -1.000000000000000000, 0.000000000000000000, 0.000000000000000000 ) ) ;
#3893 = VECTOR ( 'NONE', #2453, 1000.000000000000000 ) ;
#3894 = CARTESIAN_POINT ( 'NONE',  ( 9.838680098515069972, 33.58897391019845458, 7.706921129251959712 ) ) ;
#3895 = EDGE_CURVE ( 'NONE', #3544, #83, #1029, .T. ) ;
#3896 = VERTEX_POINT ( 'NONE', #4163 ) ;
#3897 = DIRECTION ( 'NONE',  ( 0.000000000000000000, 1.000000000000000000, 0.000000000000000000 ) ) ;
#3898 = CARTESIAN_POINT ( 'NONE',  ( 9.999998094547260408, 30.74085323159360073, 17.56769061318549774 ) ) ;
#3899 = CARTESIAN_POINT ( 'NONE',  ( 9.973179933704699351, 30.76175050284515322, 11.16685972387864112 ) ) ;
#3900 = ORIENTED_EDGE ( 'NONE', *, *, #4571, .F. ) ;
#3901 = ADVANCED_FACE ( 'NONE', ( #169 ), #3296, .F. ) ;
#3902 = DIRECTION ( 'NONE',  ( 0.000000000000000000, 0.000000000000000000, 1.000000000000000000 ) ) ;
#3903 = B_SPLINE_CURVE_WITH_KNOTS ( 'NONE', 3,
 ( #1493, #4641, #2373, #223, #1037, #2445, #4212, #2886, #4238, #2807, #2471, #593, #2418, #4140, #140, #3317, #1935, #1112 ),
 .UNSPECIFIED., .F., .F.,
 ( 4, 2, 2, 2, 2, 2, 2, 2, 4 ),
 ( 0.000000000000000000, 0.1250000000000000000, 0.2500000000000000000, 0.3750000000000000000, 0.5000000000000000000, 0.6250000000000000000, 0.7500000000000000000, 0.8750000000000000000, 1.000000000000000000 ),
 .UNSPECIFIED. ) ;
#3904 = CARTESIAN_POINT ( 'NONE',  ( 9.965972338202158554, 30.76733502482929694, 17.86890065747750000 ) ) ;
#3905 = CARTESIAN_POINT ( 'NONE',  ( -10.13491179477389892, 33.52311869746470308, -6.385488188865959813 ) ) ;
#3906 = CARTESIAN_POINT ( 'NONE',  ( -8.989076023415361050, 31.45553501615745162, 9.760500511931471834 ) ) ;
#3907 = VERTEX_POINT ( 'NONE', #226 ) ;
#3908 = DIRECTION ( 'NONE',  ( 1.000000000000000000, 0.000000000000000000, 0.000000000000000000 ) ) ;
#3909 = CARTESIAN_POINT ( 'NONE',  ( -23.84130033790618697, 21.80622425490983574, -1.092406831652981136 ) ) ;
#3910 = LINE ( 'NONE', #3365, #2121 ) ;
#3911 = CARTESIAN_POINT ( 'NONE',  ( 40.00000000000000000, 0.000000000000000000, 44.10000000000000142 ) ) ;
#3912 = EDGE_CURVE ( 'NONE', #4011, #201, #3481, .T. ) ;
#3913 = ORIENTED_EDGE ( 'NONE', *, *, #3378, .T. ) ;
#3914 = CARTESIAN_POINT ( 'NONE',  ( -1.557497059300040565, 34.99890319961793494, -13.18678286049113879 ) ) ;
#3915 = CARTESIAN_POINT ( 'NONE',  ( 35.00000000000000000, 0.000000000000000000, 47.00000000000000000 ) ) ;
#3916 = CARTESIAN_POINT ( 'NONE',  ( 34.53720616994860393, 16.78855718802284969, -61.00000000000000000 ) ) ;
#3917 = AXIS2_PLACEMENT_3D ( 'NONE', #4093, #5360, #2261 ) ;
#3918 = ORIENTED_EDGE ( 'NONE', *, *, #2326, .T. ) ;
#3919 = CARTESIAN_POINT ( 'NONE',  ( 9.866804164279018963, 30.84352501264284996, 10.78156426353969977 ) ) ;
#3920 = LINE ( 'NONE', #2156, #2623 ) ;
#3921 = CARTESIAN_POINT ( 'NONE',  ( 0.000000000000000000, 19.69999999999999929, 5.000000000000000000 ) ) ;
#3922 = CARTESIAN_POINT ( 'NONE',  ( 26.63409156414685341, -22.28763904317843725, 6.739119542398849028 ) ) ;
#3923 = FACE_OUTER_BOUND ( 'NONE', #5365, .T. ) ;
#3924 = VECTOR ( 'NONE', #3985, 1000.000000000000000 ) ;
#3925 = CARTESIAN_POINT ( 'NONE',  ( -34.99999999999997868, -15.84027607622426537, 5.992152747579142513 ) ) ;
#3926 = CARTESIAN_POINT ( 'NONE',  ( 11.91272589377570057, 32.91039360065600050, 9.139575061264281430 ) ) ;
#3927 = VERTEX_POINT ( 'NONE', #3756 ) ;
#3928 = CARTESIAN_POINT ( 'NONE',  ( -26.63385561429035420, -22.28870615504684238, 6.740170678887266398 ) ) ;
#3929 = CARTESIAN_POINT ( 'NONE',  ( 9.889650585529809135, 30.82612277517934984, 18.15848715446495021 ) ) ;
#3930 = ORIENTED_EDGE ( 'NONE', *, *, #4784, .F. ) ;
#3931 = CARTESIAN_POINT ( 'NONE',  ( -34.49955218357994369, -16.70966816929555065, 7.291890771925530146 ) ) ;
#3932 = CARTESIAN_POINT ( 'NONE',  ( 9.044419852889861389, 31.42018660972294697, 19.20684990950309867 ) ) ;
#3933 = CARTESIAN_POINT ( 'NONE',  ( -16.86742321243060161, 30.69063699252424726, -3.845466030132094648 ) ) ;
#3934 = ORIENTED_EDGE ( 'NONE', *, *, #5024, .T. ) ;
#3935 = CARTESIAN_POINT ( 'NONE',  ( -34.50000000000000000, 0.000000000000000000, 26.59999999999999787 ) ) ;
#3936 = CARTESIAN_POINT ( 'NONE',  ( -28.40248021990708338, 21.40991240930772932, 2.348902084795037482 ) ) ;
#3937 = CARTESIAN_POINT ( 'NONE',  ( 8.484848484848459549, 33.95596186517419568, 7.500000000000099476 ) ) ;
#3938 = ADVANCED_FACE ( 'NONE', ( #4694 ), #3239, .F. ) ;
#3939 = EDGE_LOOP ( 'NONE', ( #3077, #4361, #178, #641 ) ) ;
#3940 = CARTESIAN_POINT ( 'NONE',  ( -7.069443246619839805, 34.28453019173525007, -7.148616293614299622 ) ) ;
#3941 = DIRECTION ( 'NONE',  ( 0.000000000000000000, 0.000000000000000000, 1.000000000000000000 ) ) ;
#3942 = CARTESIAN_POINT ( 'NONE',  ( 33.00000000000000000, -15.48385181469824978, 64.00000000000000000 ) ) ;
#3943 = CARTESIAN_POINT ( 'NONE',  ( 34.50000000000000000, 3.551475717527324818E-16, 14.90000000000000036 ) ) ;
#3944 = CARTESIAN_POINT ( 'NONE',  ( 33.93647964085691626, 17.51030414814893632, 3.904208291109379836 ) ) ;
#3945 = EDGE_CURVE ( 'NONE', #492, #5512, #1605, .T. ) ;
#3946 = PRODUCT ( 'ASV1_300_16C.STEP', 'ASV1_300_16C.STEP', '', ( #618 ) ) ;
#3947 = ORIENTED_EDGE ( 'NONE', *, *, #3363, .F. ) ;
#3948 = CARTESIAN_POINT ( 'NONE',  ( 9.787224215578760322, 30.90366726397339647, 10.59992065537470118 ) ) ;
#3949 = FACE_OUTER_BOUND ( 'NONE', #5676, .T. ) ;
#3950 = CARTESIAN_POINT ( 'NONE',  ( 35.00000000000000000, 15.50910527760495050, -20.85027391700995381 ) ) ;
#3951 = CARTESIAN_POINT ( 'NONE',  ( 34.59422649251904858, -15.54940196649934236, 6.134585313379267824 ) ) ;
#3952 = CARTESIAN_POINT ( 'NONE',  ( -35.00000000000000000, -15.48385181469824978, 47.70734219474400106 ) ) ;
#3953 = CARTESIAN_POINT ( 'NONE',  ( -30.75000000000000000, 16.80260396486210084, 63.00000000000000000 ) ) ;
#3954 = CARTESIAN_POINT ( 'NONE',  ( 11.36052965214569888, 33.10512217578480687, 8.556308193538571416 ) ) ;
#3955 = VERTEX_POINT ( 'NONE', #2158 ) ;
#3956 = CARTESIAN_POINT ( 'NONE',  ( -26.75711442294280218, -22.45293120391925612, 7.242311947596633104 ) ) ;
#3957 = CARTESIAN_POINT ( 'NONE',  ( -33.35578841082645596, 15.08164087986915014, 2.254940249537844998 ) ) ;
#3958 = ORIENTED_EDGE ( 'NONE', *, *, #218, .T. ) ;
#3959 = CARTESIAN_POINT ( 'NONE',  ( -34.28116002819555064, -16.30461004569050232, 6.317590465351210050 ) ) ;
#3960 = EDGE_CURVE ( 'NONE', #2777, #5109, #2126, .T. ) ;
#3961 = CARTESIAN_POINT ( 'NONE',  ( -31.75000000000000000, -16.80260396486210084, 64.00000000000000000 ) ) ;
#3962 = ORIENTED_EDGE ( 'NONE', *, *, #1455, .T. ) ;
#3963 = CARTESIAN_POINT ( 'NONE',  ( 32.39934245649275368, 15.49300711114049989, 2.044955895294915393 ) ) ;
#3964 = CARTESIAN_POINT ( 'NONE',  ( 35.00000000000000000, -15.48385181469829952, 47.00000000000000000 ) ) ;
#3965 = CARTESIAN_POINT ( 'NONE',  ( 11.04314306493919950, 33.21223304727050163, 8.308454428755469579 ) ) ;
#3966 = VERTEX_POINT ( 'NONE', #3858 ) ;
#3967 = ADVANCED_FACE ( 'NONE', ( #5322 ), #5700, .T. ) ;
#3968 = CARTESIAN_POINT ( 'NONE',  ( 7.801864229695420150, 30.61234591687895090, -8.243818767507340439 ) ) ;
#3969 = DIRECTION ( 'NONE',  ( -1.000000000000000000, 0.000000000000000000, 0.000000000000000000 ) ) ;
#3970 = CARTESIAN_POINT ( 'NONE',  ( -34.50000000000000000, 0.000000000000000000, 29.50000000000000000 ) ) ;
#3971 = DIRECTION ( 'NONE',  ( -0.7071067811865450192, 8.659560562354959975E-17, 0.7071067811865500152 ) ) ;
#3972 = FACE_OUTER_BOUND ( 'NONE', #365, .T. ) ;
#3973 = CARTESIAN_POINT ( 'NONE',  ( 28.75000000000000000, 16.80260396486210084, 54.00000000000000000 ) ) ;
#3974 = EDGE_CURVE ( 'NONE', #2871, #83, #2929, .T. ) ;
#3975 = EDGE_CURVE ( 'NONE', #2154, #477, #4885, .T. ) ;
#3976 = ORIENTED_EDGE ( 'NONE', *, *, #32, .F. ) ;
#3977 = CARTESIAN_POINT ( 'NONE',  ( -8.397365158975253152, 27.02541706111814790, 9.539861339659788442 ) ) ;
#3978 = CIRCLE ( 'NONE', #4801, 29.30000000000000071 ) ;
#3979 = CARTESIAN_POINT ( 'NONE',  ( -33.00000000000000000, 5.143516556418880167E-15, 5.000000000000000000 ) ) ;
#3980 = AXIS2_PLACEMENT_3D ( 'NONE', #3337, #5107, #691 ) ;
#3981 = CARTESIAN_POINT ( 'NONE',  ( 0.000000000000000000, 0.000000000000000000, 61.00001199999999812 ) ) ;
#3982 = EDGE_CURVE ( 'NONE', #2995, #1740, #4872, .T. ) ;
#3983 = CARTESIAN_POINT ( 'NONE',  ( 25.59325748635127695, -20.89052215167522064, 5.166189990043618785 ) ) ;
#3984 = CARTESIAN_POINT ( 'NONE',  ( -28.29216882657019028, 0.7544926790786390391, 32.32631670343346286 ) ) ;
#3985 = DIRECTION ( 'NONE',  ( 0.000000000000000000, -1.000000000000000000, 0.000000000000000000 ) ) ;
#3986 = VECTOR ( 'NONE', #3971, 1000.000000000000000 ) ;
#3987 = VECTOR ( 'NONE', #1274, 1000.000000000000000 ) ;
#3988 = EDGE_CURVE ( 'NONE', #4399, #5159, #146, .T. ) ;
#3989 = CARTESIAN_POINT ( 'NONE',  ( -9.996566095208331504, 30.74353579325045160, 11.36493502836328062 ) ) ;
#3990 = ORIENTED_EDGE ( 'NONE', *, *, #199, .F. ) ;
#3991 = CYLINDRICAL_SURFACE ( 'NONE', #5755, 10.00000000000000178 ) ;
#3992 = CARTESIAN_POINT ( 'NONE',  ( 9.204363927070350115, 31.31564882522119930, 19.09804824900464837 ) ) ;
#3993 = VECTOR ( 'NONE', #4380, 1000.000000000000000 ) ;
#3994 = AXIS2_PLACEMENT_3D ( 'NONE', #3179, #937, #2645 ) ;
#3995 = ORIENTED_EDGE ( 'NONE', *, *, #113, .T. ) ;
#3996 = PLANE ( 'NONE',  #2632 ) ;
#3997 = CIRCLE ( 'NONE', #4824, 3.400000000000000355 ) ;
#3998 = CARTESIAN_POINT ( 'NONE',  ( 27.12280463969050004, 22.24734893816961900, -1.327056891478624712 ) ) ;
#3999 = CARTESIAN_POINT ( 'NONE',  ( 28.90320573642910063, -15.69839625752525158, -20.84927391700995258 ) ) ;
#4000 = EDGE_LOOP ( 'NONE', ( #1187, #340, #4682, #2456 ) ) ;
#4001 = DIRECTION ( 'NONE',  ( -0.6429025854938166251, -0.7659479522561346565, 0.000000000000000000 ) ) ;
#4002 = CARTESIAN_POINT ( 'NONE',  ( -12.57924295368776058, 32.66136350070209460, 18.55593537514939584 ) ) ;
#4003 = CARTESIAN_POINT ( 'NONE',  ( 11.25804278305211881, 33.14014390405579746, 8.470159422914958824 ) ) ;
#4004 = ORIENTED_EDGE ( 'NONE', *, *, #1941, .F. ) ;
#4005 = CARTESIAN_POINT ( 'NONE',  ( -2.622140235413780385, 34.92532615406629759, -7.816392125176600203 ) ) ;
#4006 = CARTESIAN_POINT ( 'NONE',  ( -26.05051696993663768, 19.63064750700292649, 0.1352527453315328365 ) ) ;
#4007 = DIRECTION ( 'NONE',  ( -1.000000000000000000, 0.000000000000000000, 0.000000000000000000 ) ) ;
#4008 = DIRECTION ( 'NONE',  ( 0.000000000000000000, -8.673617379884029309E-17, -1.000000000000000000 ) ) ;
#4009 = DIRECTION ( 'NONE',  ( 0.000000000000000000, -1.000000000000000000, 8.673617379884039170E-17 ) ) ;
#4010 = CARTESIAN_POINT ( 'NONE',  ( 8.200832548268214950, 27.08482273217742886, 9.500000000000001776 ) ) ;
#4011 = VERTEX_POINT ( 'NONE', #3578 ) ;
#4012 = AXIS2_PLACEMENT_3D ( 'NONE', #1692, #3458, #4413 ) ;
#4013 = CARTESIAN_POINT ( 'NONE',  ( -9.324400686115186687, 26.71987260662617913, 9.997772467331135005 ) ) ;
#4014 = ORIENTED_EDGE ( 'NONE', *, *, #4249, .F. ) ;
#4015 = CARTESIAN_POINT ( 'NONE',  ( 8.513533882376890460, 31.74139798450895000, 9.566779968783940546 ) ) ;
#4016 = FACE_OUTER_BOUND ( 'NONE', #553, .T. ) ;
#4017 = CARTESIAN_POINT ( 'NONE',  ( -35.00000000000000000, -15.29182627978899944, 7.506987885717509634 ) ) ;
#4018 = FACE_OUTER_BOUND ( 'NONE', #3212, .T. ) ;
#4019 = CARTESIAN_POINT ( 'NONE',  ( -35.00000000000000000, -14.98398967865229814, 7.203746950690129935 ) ) ;
#4020 = AXIS2_PLACEMENT_3D ( 'NONE', #287, #2481, #233 ) ;
#4021 = ADVANCED_FACE ( 'NONE', ( #5349 ), #4978, .T. ) ;
#4022 = ADVANCED_FACE ( 'NONE', ( #3150 ), #2712, .T. ) ;
#4023 = CARTESIAN_POINT ( 'NONE',  ( -9.305582115857760073, 31.24749346542674999, 9.984572476455209511 ) ) ;
#4024 = ORIENTED_EDGE ( 'NONE', *, *, #3018, .T. ) ;
#4025 = DIRECTION ( 'NONE',  ( 0.000000000000000000, 0.000000000000000000, 1.000000000000000000 ) ) ;
#4026 = EDGE_LOOP ( 'NONE', ( #1798, #2439, #3626, #2408 ) ) ;
#4027 = CARTESIAN_POINT ( 'NONE',  ( -34.50000000000000000, 3.551475717527324818E-16, 49.89999999999999858 ) ) ;
#4028 = ADVANCED_FACE ( 'NONE', ( #2678 ), #5664, .F. ) ;
#4029 = CARTESIAN_POINT ( 'NONE',  ( 24.59674775249745338, 21.00000000000025224, -0.6269330410537080622 ) ) ;
#4030 = FACE_OUTER_BOUND ( 'NONE', #3182, .T. ) ;
#4031 = ORIENTED_EDGE ( 'NONE', *, *, #138, .T. ) ;
#4032 = CARTESIAN_POINT ( 'NONE',  ( 35.00000000000000000, -15.49984687949545048, 47.47120121940830018 ) ) ;
#4033 = DIRECTION ( 'NONE',  ( 0.000000000000000000, 0.000000000000000000, -1.000000000000000000 ) ) ;
#4034 = CARTESIAN_POINT ( 'NONE',  ( 5.140863344171010318, -27.01800000081940212, 5.000000000000000000 ) ) ;
#4035 = ORIENTED_EDGE ( 'NONE', *, *, #5209, .T. ) ;
#4036 = CARTESIAN_POINT ( 'NONE',  ( 16.82591983693465210, 30.71361001650845068, -3.864336067355489845 ) ) ;
#4037 = DIRECTION ( 'NONE',  ( 1.000000000000000000, 0.000000000000000000, 0.000000000000000000 ) ) ;
#4038 = CARTESIAN_POINT ( 'NONE',  ( 28.29213101593389013, 0.7559858505128840278, 9.174042625096889836 ) ) ;
#4039 = CARTESIAN_POINT ( 'NONE',  ( 28.24545579148879071, -1.777240086733496316, 49.32357998266482468 ) ) ;
#4040 = CARTESIAN_POINT ( 'NONE',  ( 29.40344329273395374, 20.83832508091007796, -0.4395093601131477845 ) ) ;
#4041 =( BOUNDED_SURFACE ( )  B_SPLINE_SURFACE ( 3, 2, ( 
 ( #4929, #3228, #2726 ),
 ( #4489, #4059, #922 ),
 ( #2689, #5397, #3199 ),
 ( #4517, #1018, #4548 ) ),
 .UNSPECIFIED., .F., .F., .F. ) 
 B_SPLINE_SURFACE_WITH_KNOTS ( ( 4, 4 ),
 ( 3, 3 ),
 ( -4.247253590494715859E-15, 0.0008276146585383729838 ),
 ( 0.000000000000000000, 1.000000000000000000 ),
 .UNSPECIFIED. ) 
 GEOMETRIC_REPRESENTATION_ITEM ( )  RATIONAL_B_SPLINE_SURFACE ( (
 ( 1.000000000000000000, 0.7927829675796519426, 1.000000000000000000),
 ( 1.000000000000000000, 0.7976089844491470737, 1.000000000000000000),
 ( 1.000000000000000000, 0.8025605299013029992, 1.000000000000000000),
 ( 1.000000000000000000, 0.8081587543801250773, 1.000000000000000000) ) ) 
 REPRESENTATION_ITEM ( '' )  SURFACE ( )  );
#4042 = EDGE_CURVE ( 'NONE', #3765, #4289, #5347, .T. ) ;
#4043 = VERTEX_POINT ( 'NONE', #275 ) ;
#4044 = CARTESIAN_POINT ( 'NONE',  ( -9.623599091591074739, 26.61361621151319312, 10.33027646194222093 ) ) ;
#4045 = CARTESIAN_POINT ( 'NONE',  ( -34.99999999999938893, -14.53568496093325813, 5.359279351233309008 ) ) ;
#4046 = CARTESIAN_POINT ( 'NONE',  ( 9.231800902144330578, 31.29721841712580144, 9.924017181260738951 ) ) ;
#4047 = CARTESIAN_POINT ( 'NONE',  ( 28.29999999999999716, -6.515341870076819610E-16, 26.59999999999999787 ) ) ;
#4048 = CARTESIAN_POINT ( 'NONE',  ( -8.260099589011089094, 31.88220933495204790, 19.48721319056584989 ) ) ;
#4049 = CARTESIAN_POINT ( 'NONE',  ( -28.15105964228238733, 2.899627761637654011, 29.88677619466460555 ) ) ;
#4050 = CARTESIAN_POINT ( 'NONE',  ( 9.733629593869892460, 26.57365109570996964, 18.50590113533368708 ) ) ;
#4051 = CARTESIAN_POINT ( 'NONE',  ( -9.786631987122898835, 30.90411245744089896, 10.59869657354609984 ) ) ;
#4052 = ORIENTED_EDGE ( 'NONE', *, *, #2090, .F. ) ;
#4053 = CARTESIAN_POINT ( 'NONE',  ( -12.06457534379829966, 32.85494697611265025, 9.352311172960570573 ) ) ;
#4054 = CARTESIAN_POINT ( 'NONE',  ( 35.00000000000000000, -15.43941423302930183, 7.760248434533910000 ) ) ;
#4055 = VERTEX_POINT ( 'NONE', #1986 ) ;
#4056 = CARTESIAN_POINT ( 'NONE',  ( 24.59674775249745338, 21.00000000000025224, -0.6269330410537170550 ) ) ;
#4057 = EDGE_CURVE ( 'NONE', #2, #533, #71, .T. ) ;
#4058 = CARTESIAN_POINT ( 'NONE',  ( 9.034682925262041309, 33.81411563867575154, 21.46837018598015234 ) ) ;
#4059 = CARTESIAN_POINT ( 'NONE',  ( 35.00000000000000711, -15.14316148413695906, 5.664836102811807272 ) ) ;
#4060 = ORIENTED_EDGE ( 'NONE', *, *, #1471, .T. ) ;
#4061 = CARTESIAN_POINT ( 'NONE',  ( 33.64300515648977097, -15.33121088001242960, 5.311780836594248711 ) ) ;
#4062 = EDGE_CURVE ( 'NONE', #2871, #659, #2132, .T. ) ;
#4063 = CARTESIAN_POINT ( 'NONE',  ( -11.04314306493919950, 33.21223304727050163, 20.69154557124450022 ) ) ;
#4064 = CARTESIAN_POINT ( 'NONE',  ( 12.49334245622965867, 32.69429725176589585, 10.18839056680736022 ) ) ;
#4065 = VERTEX_POINT ( 'NONE', #2038 ) ;
#4066 = CARTESIAN_POINT ( 'NONE',  ( 26.08017040256139296, 23.40019117759215916, -2.057877596029517697 ) ) ;
#4067 = ORIENTED_EDGE ( 'NONE', *, *, #2748, .T. ) ;
#4068 = CARTESIAN_POINT ( 'NONE',  ( 34.50000000000000000, 0.000000000000000000, 12.00000000000000000 ) ) ;
#4069 = LINE ( 'NONE', #67, #3066 ) ;
#4070 = CARTESIAN_POINT ( 'NONE',  ( 28.26408360669923425, -1.469233005665737890, 44.47017087389325951 ) ) ;
#4071 = CARTESIAN_POINT ( 'NONE',  ( -35.00033698814424810, -15.51758961825794714, 7.855101493967104886 ) ) ;
#4072 = CARTESIAN_POINT ( 'NONE',  ( 8.383007378625316974, 27.02974243724107950, 9.530102616613451261 ) ) ;
#4073 = EDGE_CURVE ( 'NONE', #2995, #5285, #3557, .T. ) ;
#4074 = EDGE_LOOP ( 'NONE', ( #367, #3758, #5086, #3467, #5302, #3641, #5120 ) ) ;
#4075 = CARTESIAN_POINT ( 'NONE',  ( -8.734074862984053667, 26.91851345176720400, 9.639460831438700694 ) ) ;
#4076 = CARTESIAN_POINT ( 'NONE',  ( -35.00000000000002132, -13.92840621133069590, 5.000000000000007105 ) ) ;
#4077 = CARTESIAN_POINT ( 'NONE',  ( -9.866804164279029621, 30.84352501264284996, 18.21843573646030023 ) ) ;
#4078 = DIRECTION ( 'NONE',  ( -0.7659479522561349896, 0.6429025854938160700, 0.000000000000000000 ) ) ;
#4079 = CARTESIAN_POINT ( 'NONE',  ( -28.26424073160341166, -1.465908556150786080, 44.46842200446424442 ) ) ;
#4080 = CARTESIAN_POINT ( 'NONE',  ( -9.815377003464709205, 30.88249656054609815, 10.65812322999035899 ) ) ;
#4081 = ORIENTED_EDGE ( 'NONE', *, *, #415, .T. ) ;
#4082 = ADVANCED_FACE ( 'NONE', ( #1088 ), #5138, .F. ) ;
#4083 = CARTESIAN_POINT ( 'NONE',  ( -12.49319821173049938, 32.69437264034134927, 10.18302569107233957 ) ) ;
#4084 = CARTESIAN_POINT ( 'NONE',  ( 28.29213101593675006, 0.7559858504399464829, 44.17404262505790769 ) ) ;
#4085 = ORIENTED_EDGE ( 'NONE', *, *, #4927, .T. ) ;
#4086 = AXIS2_PLACEMENT_3D ( 'NONE', #2671, #549, #3109 ) ;
#4087 = AXIS2_PLACEMENT_3D ( 'NONE', #4772, #2112, #716 ) ;
#4088 = DIRECTION ( 'NONE',  ( 0.000000000000000000, 0.000000000000000000, -1.000000000000000000 ) ) ;
#4089 = ADVANCED_FACE ( 'NONE', ( #5083 ), #871, .F. ) ;
#4090 = CIRCLE ( 'NONE', #358, 2.000000000000000000 ) ;
#4091 = AXIS2_PLACEMENT_3D ( 'NONE', #2457, #4478, #1786 ) ;
#4092 = CARTESIAN_POINT ( 'NONE',  ( 9.437644556735321544, 33.70385968265649979, 21.39993854115489924 ) ) ;
#4093 = CARTESIAN_POINT ( 'NONE',  ( -28.75000000000000000, 16.80260396486210084, 64.00000000000000000 ) ) ;
#4094 = EDGE_CURVE ( 'NONE', #4065, #167, #3161, .T. ) ;
#4095 = ORIENTED_EDGE ( 'NONE', *, *, #1182, .F. ) ;
#4096 = FACE_OUTER_BOUND ( 'NONE', #4565, .T. ) ;
#4097 = CARTESIAN_POINT ( 'NONE',  ( -34.42900915482569957, -15.65286356781635924, 5.974141294341228203 ) ) ;
#4098 = AXIS2_PLACEMENT_3D ( 'NONE', #2280, #5445, #3149 ) ;
#4099 = AXIS2_PLACEMENT_3D ( 'NONE', #5245, #2062, #2572 ) ;
#4100 = AXIS2_PLACEMENT_3D ( 'NONE', #308, #5729, #4393 ) ;
#4101 = CARTESIAN_POINT ( 'NONE',  ( 35.00000000000000000, -15.32325966642789972, 7.557280308665839996 ) ) ;
#4102 = CARTESIAN_POINT ( 'NONE',  ( 0.000000000000000000, 19.69999999999999929, 5.000000000000000000 ) ) ;
#4103 = CARTESIAN_POINT ( 'NONE',  ( 35.00000000000000000, 15.51719632390904913, 4.542113291633980587 ) ) ;
#4104 = CARTESIAN_POINT ( 'NONE',  ( 35.00000000000000000, -14.91147299316610031, 7.189374109629259380 ) ) ;
#4105 = CARTESIAN_POINT ( 'NONE',  ( 12.72727272727259873, 32.60393425532604539, 11.50000000000000000 ) ) ;
#4106 = FACE_OUTER_BOUND ( 'NONE', #3710, .T. ) ;
#4107 = EDGE_CURVE ( 'NONE', #3007, #4065, #4626, .T. ) ;
#4108 = ORIENTED_EDGE ( 'NONE', *, *, #4862, .F. ) ;
#4109 = CARTESIAN_POINT ( 'NONE',  ( 34.96725762819649930, -15.71590089607224527, 7.433918530795005530 ) ) ;
#4110 = DIRECTION ( 'NONE',  ( -0.9940000000130974067, 0.1093800711919790530, 0.000000000000000000 ) ) ;
#4111 = CARTESIAN_POINT ( 'NONE',  ( 34.07601002913055765, -15.98672622846997804, 5.890114711126763325 ) ) ;
#4112 = CARTESIAN_POINT ( 'NONE',  ( -8.450530051093799955, 31.77696338593759862, 19.44886455469664810 ) ) ;
#4113 = CYLINDRICAL_SURFACE ( 'NONE', #170, 1.999999999999998224 ) ;
#4114 = CYLINDRICAL_SURFACE ( 'NONE', #4344, 1.999999999999998224 ) ;
#4115 = CARTESIAN_POINT ( 'NONE',  ( -9.669687561482119165, 30.99064612352350068, 10.39852454448312180 ) ) ;
#4116 = ORIENTED_EDGE ( 'NONE', *, *, #890, .T. ) ;
#4117 = CARTESIAN_POINT ( 'NONE',  ( -10.21786135070531820, 33.47555556276264355, 7.846677427618488743 ) ) ;
#4118 = CARTESIAN_POINT ( 'NONE',  ( 28.18683994492469580, 2.532559618807724622, 48.46424740781113627 ) ) ;
#4119 = ORIENTED_EDGE ( 'NONE', *, *, #27, .F. ) ;
#4120 = VECTOR ( 'NONE', #2214, 1000.000000000000000 ) ;
#4121 = CARTESIAN_POINT ( 'NONE',  ( 32.73294549770974982, -18.91290918499434781, 8.000000000000000000 ) ) ;
#4122 = CARTESIAN_POINT ( 'NONE',  ( 12.17328163408985908, 32.81482172958105537, 19.47744135876349958 ) ) ;
#4123 = CARTESIAN_POINT ( 'NONE',  ( -25.75000000000000000, -16.80260396486210084, 64.00000000000000000 ) ) ;
#4124 = VERTEX_POINT ( 'NONE', #5745 ) ;
#4125 = CARTESIAN_POINT ( 'NONE',  ( -34.50000000000000000, 0.000000000000000000, 47.00000000000000000 ) ) ;
#4126 = CARTESIAN_POINT ( 'NONE',  ( -34.50000000000000000, 3.551475717527324818E-16, 14.90000000000000036 ) ) ;
#4127 = AXIS2_PLACEMENT_3D ( 'NONE', #2099, #4726, #2426 ) ;
#4128 = EDGE_CURVE ( 'NONE', #3604, #3907, #2644, .T. ) ;
#4129 = CARTESIAN_POINT ( 'NONE',  ( 21.78585170452020137, 27.41859312980384900, -1.385713879497707968 ) ) ;
#4130 = CARTESIAN_POINT ( 'NONE',  ( 34.49955218357949605, -16.70966816929594856, 7.291890771925499948 ) ) ;
#4131 = CARTESIAN_POINT ( 'NONE',  ( 28.18683994492991474, 2.532559618752791231, 13.46424740790636143 ) ) ;
#4132 = CARTESIAN_POINT ( 'NONE',  ( 28.18680907498975685, -2.532890708995473972, 45.53643941730875611 ) ) ;
#4133 = DIRECTION ( 'NONE',  ( -0.7453559924999232367, -0.6666666666666741792, 0.000000000000000000 ) ) ;
#4134 = CARTESIAN_POINT ( 'NONE',  ( 28.38230188634991080, 21.38184276963721331, -0.7765047579823997070 ) ) ;
#4135 = EDGE_CURVE ( 'NONE', #5591, #3007, #4378, .T. ) ;
#4136 = ORIENTED_EDGE ( 'NONE', *, *, #4571, .T. ) ;
#4137 = CARTESIAN_POINT ( 'NONE',  ( 35.00000000000000000, -13.92840621133064083, 7.000000000000000000 ) ) ;
#4138 = CARTESIAN_POINT ( 'NONE',  ( 34.13731539599533704, -16.05287626049410576, 5.998715082369470153 ) ) ;
#4139 = CARTESIAN_POINT ( 'NONE',  ( -8.000000000000000000, 32.01562118716435634, 19.50000000000000000 ) ) ;
#4140 = CARTESIAN_POINT ( 'NONE',  ( -28.24522721191430463, 1.780763190907295623, 9.679140666204869348 ) ) ;
#4141 = ADVANCED_FACE ( 'NONE', ( #5224 ), #754, .F. ) ;
#4142 = CARTESIAN_POINT ( 'NONE',  ( -33.58947013111459512, -14.85917910417630061, 5.189250792258555123 ) ) ;
#4143 = ORIENTED_EDGE ( 'NONE', *, *, #3552, .F. ) ;
#4144 = DIRECTION ( 'NONE',  ( 1.000000000000000000, 0.000000000000000000, 0.000000000000000000 ) ) ;
#4145 = CARTESIAN_POINT ( 'NONE',  ( 28.29999999999999716, 0.3848661866106609653, 44.10000000000000853 ) ) ;
#4146 = CARTESIAN_POINT ( 'NONE',  ( -30.35876201707520039, 17.52906061018214956, 1.167215283078659960 ) ) ;
#4147 = CARTESIAN_POINT ( 'NONE',  ( -8.000000000000000000, 32.01562118716435634, 9.500000000000000000 ) ) ;
#4148 = ORIENTED_EDGE ( 'NONE', *, *, #172, .T. ) ;
#4149 = CARTESIAN_POINT ( 'NONE',  ( -34.22127273855780771, -15.76116661211118064, 5.807168998583211561 ) ) ;
#4150 = ADVANCED_FACE ( 'NONE', ( #1194 ), #5013, .T. ) ;
#4151 = CARTESIAN_POINT ( 'NONE',  ( 35.00000000000000000, -15.34074247817465064, 7.580815327010689941 ) ) ;
#4152 = DIRECTION ( 'NONE',  ( 0.000000000000000000, -1.000000000000000000, 8.673617379884039170E-17 ) ) ;
#4153 = DIRECTION ( 'NONE',  ( 0.000000000000000000, 0.000000000000000000, 1.000000000000000000 ) ) ;
#4154 = CARTESIAN_POINT ( 'NONE',  ( 30.75000000000000000, -16.80260396486210084, 63.00000000000000000 ) ) ;
#4155 = ORIENTED_EDGE ( 'NONE', *, *, #4981, .F. ) ;
#4156 = DIRECTION ( 'NONE',  ( -1.000000000000000000, 0.000000000000000000, 0.000000000000000000 ) ) ;
#4157 = CARTESIAN_POINT ( 'NONE',  ( -11.25804278305214012, 33.14014390405579746, 20.52984057708499677 ) ) ;
#4158 = EDGE_CURVE ( 'NONE', #4124, #225, #452, .T. ) ;
#4159 = CARTESIAN_POINT ( 'NONE',  ( -35.00000000000024158, -15.54740678807667997, 7.533259243919859571 ) ) ;
#4160 = CARTESIAN_POINT ( 'NONE',  ( -11.25426509424221955, 33.14128094818020287, 8.469144952909349655 ) ) ;
#4161 = ORIENTED_EDGE ( 'NONE', *, *, #2667, .T. ) ;
#4162 = EDGE_CURVE ( 'NONE', #492, #2002, #5385, .T. ) ;
#4163 = CARTESIAN_POINT ( 'NONE',  ( -29.50636969634919637, -17.60527675652184953, 5.000000000000000000 ) ) ;
#4164 = CARTESIAN_POINT ( 'NONE',  ( -30.83121019052390110, 17.23381496222165055, 1.301738799182289963 ) ) ;
#4165 = ORIENTED_EDGE ( 'NONE', *, *, #710, .F. ) ;
#4166 = CARTESIAN_POINT ( 'NONE',  ( 12.68934177800150032, 32.61871761679149984, 18.03792246777490149 ) ) ;
#4167 = AXIS2_PLACEMENT_3D ( 'NONE', #3322, #5612, #1577 ) ;
#4168 = CARTESIAN_POINT ( 'NONE',  ( 11.83054979589650024, 32.94033760232425578, 19.97328531470150281 ) ) ;
#4169 = VECTOR ( 'NONE', #2206, 1000.000000000000000 ) ;
#4170 = EDGE_LOOP ( 'NONE', ( #1948, #5619, #1850, #4686 ) ) ;
#4171 = DIRECTION ( 'NONE',  ( 0.000000000000000000, 0.3524796654001109975, 0.9358194726972857147 ) ) ;
#4172 = CARTESIAN_POINT ( 'NONE',  ( -34.50147447207644547, -15.61028576021718628, 6.040347018839574034 ) ) ;
#4173 = TOROIDAL_SURFACE ( 'NONE', #3630, 47.00000000000000000, 3.000000000000000000 ) ;
#4174 = CARTESIAN_POINT ( 'NONE',  ( -34.03243254174395105, -16.14689714098444995, 5.975856166446209983 ) ) ;
#4175 = AXIS2_PLACEMENT_3D ( 'NONE', #1087, #613, #4608 ) ;
#4176 = CIRCLE ( 'NONE', #4262, 2.000000000000001776 ) ;
#4177 = CARTESIAN_POINT ( 'NONE',  ( -33.00000000000000000, 15.50910527760489899, 64.00000000000000000 ) ) ;
#4178 = CARTESIAN_POINT ( 'NONE',  ( 35.00000000000000000, 4.163799117100995136E-16, 43.60000000000000142 ) ) ;
#4179 = AXIS2_PLACEMENT_3D ( 'NONE', #3384, #2976, #2896 ) ;
#4180 = EDGE_LOOP ( 'NONE', ( #5643, #5367, #12, #4920 ) ) ;
#4181 = CARTESIAN_POINT ( 'NONE',  ( -34.50000000000000000, 3.551475717527324818E-16, 49.89999999999999858 ) ) ;
#4182 = CARTESIAN_POINT ( 'NONE',  ( -12.27593015425829925, 32.77661679512299742, 19.30015868924974853 ) ) ;
#4183 = CARTESIAN_POINT ( 'NONE',  ( -34.99999999999973710, -15.50484995209834338, 7.694502388965188899 ) ) ;
#4184 = EDGE_CURVE ( 'NONE', #2983, #508, #5279, .T. ) ;
#4185 = CYLINDRICAL_SURFACE ( 'NONE', #344, 2.000000000000000000 ) ;
#4186 = ORIENTED_EDGE ( 'NONE', *, *, #1847, .F. ) ;
#4187 = DIRECTION ( 'NONE',  ( -1.000000000000000000, 0.000000000000000000, 0.000000000000000000 ) ) ;
#4188 = CARTESIAN_POINT ( 'NONE',  ( 35.00000000000000000, -15.42972921826574861, 7.737292126275250759 ) ) ;
#4189 = CARTESIAN_POINT ( 'NONE',  ( 28.90320573642910063, -15.69839625752525158, 8.000000000000000000 ) ) ;
#4190 = EDGE_CURVE ( 'NONE', #2381, #3597, #80, .T. ) ;
#4191 = VERTEX_POINT ( 'NONE', #4291 ) ;
#4192 = CARTESIAN_POINT ( 'NONE',  ( -28.81329604892994922, 18.09574463935015132, 0.9025784293251960522 ) ) ;
#4193 = AXIS2_PLACEMENT_3D ( 'NONE', #2522, #3418, #3826 ) ;
#4194 = CARTESIAN_POINT ( 'NONE',  ( 26.36980192589384941, 23.01766517024825376, 1.323819084713274030 ) ) ;
#4195 = CARTESIAN_POINT ( 'NONE',  ( 0.000000000000000000, 19.69999999999999929, 8.000000000000000000 ) ) ;
#4196 = VERTEX_POINT ( 'NONE', #4408 ) ;
#4197 = CARTESIAN_POINT ( 'NONE',  ( -34.16772401490044331, -16.09421705513310030, 6.058235658679389957 ) ) ;
#4198 = EDGE_CURVE ( 'NONE', #4011, #1672, #5558, .T. ) ;
#4199 = CARTESIAN_POINT ( 'NONE',  ( -34.71340853792550973, -15.45195084063725233, 6.289614551646141472 ) ) ;
#4200 = VECTOR ( 'NONE', #4734, 1000.000000000000000 ) ;
#4201 = CARTESIAN_POINT ( 'NONE',  ( 34.99999999999997868, -15.66204284964728721, 7.127093502871656661 ) ) ;
#4202 = ORIENTED_EDGE ( 'NONE', *, *, #5607, .F. ) ;
#4203 = CARTESIAN_POINT ( 'NONE',  ( -31.88882833498610836, 19.80871269052495620, 0.1205311893210099100 ) ) ;
#4204 = AXIS2_PLACEMENT_3D ( 'NONE', #572, #3297, #2753 ) ;
#4205 = CARTESIAN_POINT ( 'NONE',  ( -28.29999999999999716, 3.465750441587010136E-15, 63.00000000000000000 ) ) ;
#4206 = DIRECTION ( 'NONE',  ( -0.7071067811865485719, 0.000000000000000000, 0.7071067811865465735 ) ) ;
#4207 = CARTESIAN_POINT ( 'NONE',  ( 9.583506813917040290, 26.62806985592698084, 18.72359223574537168 ) ) ;
#4208 = ORIENTED_EDGE ( 'NONE', *, *, #3729, .T. ) ;
#4209 = CARTESIAN_POINT ( 'NONE',  ( -16.86742321243060161, 30.69063699252424726, -3.845466030132094648 ) ) ;
#4210 = CARTESIAN_POINT ( 'NONE',  ( 33.96533473854623253, -15.89661355071811322, 5.719729867167414383 ) ) ;
#4211 = CARTESIAN_POINT ( 'NONE',  ( -12.33674726605745953, 32.75374920761005626, 19.18154016089794922 ) ) ;
#4212 = CARTESIAN_POINT ( 'NONE',  ( -28.18703262175543500, 2.530451257134528564, 13.46790163094799553 ) ) ;
#4213 = EDGE_CURVE ( 'NONE', #2648, #3811, #920, .T. ) ;
#4214 = CARTESIAN_POINT ( 'NONE',  ( -33.50768589013907217, -15.81360785357069254, 5.442488121001105128 ) ) ;
#4215 = ORIENTED_EDGE ( 'NONE', *, *, #2137, .F. ) ;
#4216 = EDGE_CURVE ( 'NONE', #4797, #4350, #1280, .T. ) ;
#4217 = DIRECTION ( 'NONE',  ( 0.000000000000000000, 0.000000000000000000, 1.000000000000000000 ) ) ;
#4218 = CARTESIAN_POINT ( 'NONE',  ( -9.999997978084349981, 30.74085334412589887, 17.56762734503654855 ) ) ;
#4219 = EDGE_CURVE ( 'NONE', #3401, #4191, #1968, .T. ) ;
#4220 = ORIENTED_EDGE ( 'NONE', *, *, #3631, .F. ) ;
#4221 = DIRECTION ( 'NONE',  ( 1.000000000000000000, 0.000000000000000000, 0.000000000000000000 ) ) ;
#4222 = CARTESIAN_POINT ( 'NONE',  ( 12.44493810695306024, 32.71279462263655091, 18.94088438331959878 ) ) ;
#4223 = EDGE_LOOP ( 'NONE', ( #4930, #1623, #5704 ) ) ;
#4224 = CARTESIAN_POINT ( 'NONE',  ( -35.00000000000000000, -15.48385181469904914, 47.23578073158120105 ) ) ;
#4225 = DIRECTION ( 'NONE',  ( -0.7071067811865480168, 8.659560562354929160E-17, 0.7071067811865470176 ) ) ;
#4226 = EDGE_CURVE ( 'NONE', #659, #5587, #2880, .T. ) ;
#4227 = CARTESIAN_POINT ( 'NONE',  ( 35.00000000000000000, -15.28645767586184867, 7.511778686676340300 ) ) ;
#4228 = EDGE_CURVE ( 'NONE', #5762, #2995, #580, .T. ) ;
#4229 = ORIENTED_EDGE ( 'NONE', *, *, #1600, .F. ) ;
#4230 = CARTESIAN_POINT ( 'NONE',  ( 35.00000000000000000, 0.000000000000000000, 47.00000000000000000 ) ) ;
#4231 = DIRECTION ( 'NONE',  ( 1.000000000000000000, 0.000000000000000000, 0.000000000000000000 ) ) ;
#4232 = CARTESIAN_POINT ( 'NONE',  ( 8.397365160262765471, 27.02541706071898631, 19.46013866008122406 ) ) ;
#4233 = ADVANCED_FACE ( 'NONE', ( #4435 ), #999, .F. ) ;
#4234 = ORIENTED_EDGE ( 'NONE', *, *, #3055, .T. ) ;
#4235 = CARTESIAN_POINT ( 'NONE',  ( 0.000000000000000000, 19.69999999999999929, 8.000000000000000000 ) ) ;
#4236 = LINE ( 'NONE', #4181, #3890 ) ;
#4237 = CARTESIAN_POINT ( 'NONE',  ( 32.10292151357432999, 19.58797754612638187, 3.129294578448446718 ) ) ;
#4238 = CARTESIAN_POINT ( 'NONE',  ( -28.15105964228327551, 2.899627761629019140, 12.38677619471747349 ) ) ;
#4239 = DIRECTION ( 'NONE',  ( 0.000000000000000000, 1.000000000000000000, 0.000000000000000000 ) ) ;
#4240 = VERTEX_POINT ( 'NONE', #2703 ) ;
#4241 = CARTESIAN_POINT ( 'NONE',  ( 35.00000000000000000, -14.45032751935953819, 7.057975664137280170 ) ) ;
#4242 = CARTESIAN_POINT ( 'NONE',  ( -34.99999999999997868, -15.54216349648602069, 6.242251240130245904 ) ) ;
#4243 = CARTESIAN_POINT ( 'NONE',  ( -9.448053926585609830, 31.14938834081069885, 18.88106240237684830 ) ) ;
#4244 = ORIENTED_EDGE ( 'NONE', *, *, #1364, .F. ) ;
#4245 = CARTESIAN_POINT ( 'NONE',  ( -29.40045516033477213, 20.86373595013584392, -0.4565074339677339665 ) ) ;
#4246 = EDGE_LOOP ( 'NONE', ( #3138, #752, #1575, #4925 ) ) ;
#4247 = CARTESIAN_POINT ( 'NONE',  ( -35.00000000000000000, -15.48385181469059901, 47.11789036579070000 ) ) ;
#4248 = CARTESIAN_POINT ( 'NONE',  ( 34.92452269561550082, -15.80982751658170038, 7.302527160175780629 ) ) ;
#4249 = EDGE_CURVE ( 'NONE', #5609, #4240, #1572, .T. ) ;
#4250 = CONICAL_SURFACE ( 'NONE', #2878, 2.899999999999999911, 0.7853981633974419507 ) ;
#4251 = CARTESIAN_POINT ( 'NONE',  ( 34.16772401489959776, -16.09421705513330281, 6.058235658678800206 ) ) ;
#4252 = CARTESIAN_POINT ( 'NONE',  ( -9.945723711543658752, 30.78301997799729861, 11.03239087808394103 ) ) ;
#4253 = CARTESIAN_POINT ( 'NONE',  ( 35.00000000000000000, 15.50910527760495050, 64.00000000000000000 ) ) ;
#4254 = CARTESIAN_POINT ( 'NONE',  ( 10.08437848283703353, 29.99830569351638232, -7.603296185919758088 ) ) ;
#4255 = CARTESIAN_POINT ( 'NONE',  ( -35.00000000000000000, -15.22601865259639986, 7.448041296926080079 ) ) ;
#4256 = VECTOR ( 'NONE', #1162, 1000.000000000000000 ) ;
#4257 = FACE_OUTER_BOUND ( 'NONE', #3547, .T. ) ;
#4258 = VECTOR ( 'NONE', #2621, 1000.000000000000000 ) ;
#4259 = ORIENTED_EDGE ( 'NONE', *, *, #5142, .F. ) ;
#4260 = VECTOR ( 'NONE', #5407, 999.9999999999998863 ) ;
#4261 = CARTESIAN_POINT ( 'NONE',  ( -14.89196619283552003, 28.13131565990875416, -5.806738272770510356 ) ) ;
#4262 = AXIS2_PLACEMENT_3D ( 'NONE', #4720, #1629, #3399 ) ;
#4263 = B_SPLINE_CURVE_WITH_KNOTS ( 'NONE', 3,
 ( #1183, #3411, #2950, #738 ),
 .UNSPECIFIED., .F., .F.,
 ( 4, 4 ),
 ( 0.000000000000000000, 1.000000000000000000 ),
 .UNSPECIFIED. ) ;
#4264 = DIRECTION ( 'NONE',  ( 0.000000000000000000, 0.000000000000000000, 1.000000000000000000 ) ) ;
#4265 = CARTESIAN_POINT ( 'NONE',  ( -12.67038167755502087, 32.62609901816905023, 18.16628055224375160 ) ) ;
#4266 = CARTESIAN_POINT ( 'NONE',  ( 28.20596600472745763, -2.321171457472672728, 31.28044521386624766 ) ) ;
#4267 = AXIS2_PLACEMENT_3D ( 'NONE', #5226, #1778, #2579 ) ;
#4268 = CARTESIAN_POINT ( 'NONE',  ( 9.854603016831640971, 30.85279983752385036, 10.75063538496086046 ) ) ;
#4269 = ORIENTED_EDGE ( 'NONE', *, *, #2952, .F. ) ;
#4270 = CARTESIAN_POINT ( 'NONE',  ( -34.92452269561630374, -15.80982751657925078, 7.302527160177089804 ) ) ;
#4271 = DIRECTION ( 'NONE',  ( 0.000000000000000000, -2.664535259100375303E-15, 1.000000000000000000 ) ) ;
#4272 = ORIENTED_EDGE ( 'NONE', *, *, #2458, .T. ) ;
#4273 = CARTESIAN_POINT ( 'NONE',  ( -25.96791816718267754, -21.39729994409008995, 5.465862652815804523 ) ) ;
#4274 = CARTESIAN_POINT ( 'NONE',  ( 33.61183359728284614, -16.01833340116420246, 5.582549861934269941 ) ) ;
#4275 = VERTEX_POINT ( 'NONE', #4905 ) ;
#4276 = CARTESIAN_POINT ( 'NONE',  ( -33.99005186193944894, -15.91528675971859386, 5.756238503372945736 ) ) ;
#4277 = FACE_BOUND ( 'NONE', #5623, .T. ) ;
#4278 = ADVANCED_FACE ( 'NONE', ( #3601 ), #353, .T. ) ;
#4279 = ADVANCED_FACE ( 'NONE', ( #1900 ), #2302, .F. ) ;
#4280 = CIRCLE ( 'NONE', #2722, 42.00000000000000000 ) ;
#4281 = CARTESIAN_POINT ( 'NONE',  ( 35.00000000000000000, -15.63777987078414178, 7.289529047947950424 ) ) ;
#4282 = CARTESIAN_POINT ( 'NONE',  ( -8.065588107780941485, 31.98284307398099813, 9.500001819921010338 ) ) ;
#4283 = ORIENTED_EDGE ( 'NONE', *, *, #647, .T. ) ;
#4284 = CARTESIAN_POINT ( 'NONE',  ( 32.69285434835821036, 19.10140726681332524, 0.4619254620406050282 ) ) ;
#4285 = CARTESIAN_POINT ( 'NONE',  ( -12.81858092531135185, 29.04687796853526649, -6.657465856954400074 ) ) ;
#4286 = FACE_OUTER_BOUND ( 'NONE', #4813, .T. ) ;
#4287 = AXIS2_PLACEMENT_3D ( 'NONE', #3561, #5331, #29 ) ;
#4288 = EDGE_CURVE ( 'NONE', #2448, #4733, #4348, .T. ) ;
#4289 = VERTEX_POINT ( 'NONE', #935 ) ;
#4290 = DIRECTION ( 'NONE',  ( 1.000000000000000000, 0.000000000000000000, 0.000000000000000000 ) ) ;
#4291 = CARTESIAN_POINT ( 'NONE',  ( 28.29999999999999716, -1.169837286997702077E-15, 44.10000000000000142 ) ) ;
#4292 = CARTESIAN_POINT ( 'NONE',  ( -31.53699576766177159, 19.99377834945234156, 3.018876571800054531 ) ) ;
#4293 = ORIENTED_EDGE ( 'NONE', *, *, #2488, .T. ) ;
#4294 = EDGE_CURVE ( 'NONE', #4240, #1381, #3523, .T. ) ;
#4295 = CARTESIAN_POINT ( 'NONE',  ( 26.23889243359064238, -21.76023057219935808, 5.824159891594558935 ) ) ;
#4296 = CARTESIAN_POINT ( 'NONE',  ( -9.126684693004598614, 31.36672898656374997, 19.15276812015784813 ) ) ;
#4297 = CARTESIAN_POINT ( 'NONE',  ( 10.70220972871893927, 33.32382480309244954, 8.087380700308601789 ) ) ;
#4298 = ORIENTED_EDGE ( 'NONE', *, *, #2821, .T. ) ;
#4299 = CARTESIAN_POINT ( 'NONE',  ( -27.37477233163350121, 18.79680876001165046, 0.5603156262099679985 ) ) ;
#4300 = CARTESIAN_POINT ( 'NONE',  ( 8.000000000000000000, 32.01562118716435634, 19.50000000000000000 ) ) ;
#4301 = CARTESIAN_POINT ( 'NONE',  ( 8.544980771761769844, 31.72344253886764776, 9.575408032876978837 ) ) ;
#4302 = EDGE_LOOP ( 'NONE', ( #1415, #1647 ) ) ;
#4303 = DIRECTION ( 'NONE',  ( 0.000000000000000000, 1.000000000000000000, 0.000000000000000000 ) ) ;
#4304 = CARTESIAN_POINT ( 'NONE',  ( 35.00000000000000000, -13.92840621133064083, 7.000000000000000000 ) ) ;
#4305 = CARTESIAN_POINT ( 'NONE',  ( -26.75000000000000000, 16.80260396486210084, 54.00000000000000000 ) ) ;
#4306 = CARTESIAN_POINT ( 'NONE',  ( -9.493809230304419700, 31.11768556126409990, 10.16385730402946130 ) ) ;
#4307 = ORIENTED_EDGE ( 'NONE', *, *, #4312, .F. ) ;
#4308 = CARTESIAN_POINT ( 'NONE',  ( 32.10292151357425183, 19.58797754612644937, 3.129294578448814867 ) ) ;
#4309 = ADVANCED_FACE ( 'NONE', ( #903 ), #2965, .F. ) ;
#4310 = CARTESIAN_POINT ( 'NONE',  ( 2.443836104995505298, 31.41897393974948116, -9.127962321837857829 ) ) ;
#4311 = CARTESIAN_POINT ( 'NONE',  ( -33.00000000000000000, -15.48385181470379912, 47.00000000000000000 ) ) ;
#4312 = EDGE_CURVE ( 'NONE', #1991, #4124, #3570, .T. ) ;
#4313 = EDGE_LOOP ( 'NONE', ( #757, #3884, #1385, #5581 ) ) ;
#4314 = CARTESIAN_POINT ( 'NONE',  ( -9.555773977892680904, 30.17080682749675447, -7.777056907672720065 ) ) ;
#4315 = CARTESIAN_POINT ( 'NONE',  ( -28.15888572514300492, 2.826463495597837827, 46.24605691671641949 ) ) ;
#4316 = CARTESIAN_POINT ( 'NONE',  ( 28.29217083068037653, 0.7546497281732925666, 32.32639488858255561 ) ) ;
#4317 = ORIENTED_EDGE ( 'NONE', *, *, #3945, .T. ) ;
#4318 = CARTESIAN_POINT ( 'NONE',  ( -34.28337405433433105, -16.30871634538634396, 6.324988970062383586 ) ) ;
#4319 = VERTEX_POINT ( 'NONE', #4500 ) ;
#4320 = ADVANCED_FACE ( 'NONE', ( #4527 ), #3236, .F. ) ;
#4321 = DIRECTION ( 'NONE',  ( 0.000000000000000000, -1.000000000000000000, 9.227252531791526626E-17 ) ) ;
#4322 = CARTESIAN_POINT ( 'NONE',  ( 26.80077643654355057, -22.51040609137055171, 8.000000000000000000 ) ) ;
#4323 = CARTESIAN_POINT ( 'NONE',  ( -35.00000000000002132, -15.14148789721997090, 5.664330131697802528 ) ) ;
#4324 = CARTESIAN_POINT ( 'NONE',  ( 12.27593015425829925, 32.77661679512299742, 9.699841310750191070 ) ) ;
#4325 = ORIENTED_EDGE ( 'NONE', *, *, #4735, .F. ) ;
#4326 = CARTESIAN_POINT ( 'NONE',  ( -35.00000000000000000, -15.48385181469829952, 64.00000000000000000 ) ) ;
#4327 = CYLINDRICAL_SURFACE ( 'NONE', #1484, 2.000000000000001776 ) ;
#4328 = CARTESIAN_POINT ( 'NONE',  ( 8.260099589011097976, 31.88220933495204790, 9.512786809434182089 ) ) ;
#4329 = EDGE_LOOP ( 'NONE', ( #4911, #1268, #1792, #1330, #2944, #4229 ) ) ;
#4330 = FACE_OUTER_BOUND ( 'NONE', #1205, .T. ) ;
#4331 = EDGE_CURVE ( 'NONE', #5062, #3383, #3262, .T. ) ;
#4332 = CARTESIAN_POINT ( 'NONE',  ( 9.738832770356580681, 30.93968905931950175, 18.48872067938205177 ) ) ;
#4333 = CARTESIAN_POINT ( 'NONE',  ( -6.438650027839519119, 34.40863965112320244, -7.276090233414799435 ) ) ;
#4334 = CARTESIAN_POINT ( 'NONE',  ( -9.305582115857760073, 31.24749346542674999, 9.984572476455209511 ) ) ;
#4335 = ORIENTED_EDGE ( 'NONE', *, *, #1501, .T. ) ;
#4336 = DIRECTION ( 'NONE',  ( 0.000000000000000000, 1.000000000000000000, 0.000000000000000000 ) ) ;
#4337 = CARTESIAN_POINT ( 'NONE',  ( -15.90357045738655373, 27.62157329309640730, -5.352490301604570178 ) ) ;
#4338 = DIRECTION ( 'NONE',  ( 0.000000000000000000, 0.000000000000000000, 1.000000000000000000 ) ) ;
#4339 = CARTESIAN_POINT ( 'NONE',  ( 33.34877244057864942, -16.27605516819560094, 5.582517546045550283 ) ) ;
#4340 = AXIS2_PLACEMENT_3D ( 'NONE', #5450, #4888, #3679 ) ;
#4341 = ORIENTED_EDGE ( 'NONE', *, *, #3742, .F. ) ;
#4342 = CARTESIAN_POINT ( 'NONE',  ( 11.73600480591131934, 29.46159488215225153, -7.062188031561030144 ) ) ;
#4343 = VECTOR ( 'NONE', #1346, 1000.000000000000000 ) ;
#4344 = AXIS2_PLACEMENT_3D ( 'NONE', #3312, #5078, #663 ) ;
#4345 = DIRECTION ( 'NONE',  ( -1.000000000000000000, 0.000000000000000000, 0.000000000000000000 ) ) ;
#4346 = CARTESIAN_POINT ( 'NONE',  ( 28.15100031401686564, 2.900203675989853735, 29.88326163087519660 ) ) ;
#4347 = DIRECTION ( 'NONE',  ( 0.000000000000000000, 0.000000000000000000, 1.000000000000000000 ) ) ;
#4348 = CIRCLE ( 'NONE', #555, 2.999999999999960920 ) ;
#4349 = TOROIDAL_SURFACE ( 'NONE', #3162, 44.00000000000000000, 2.000000000000000000 ) ;
#4350 = VERTEX_POINT ( 'NONE', #3719 ) ;
#4351 = CARTESIAN_POINT ( 'NONE',  ( -34.53189590451224689, -16.76965698568589858, 8.000000000000000000 ) ) ;
#4352 = DIRECTION ( 'NONE',  ( 0.000000000000000000, 0.000000000000000000, -1.000000000000000000 ) ) ;
#4353 = CARTESIAN_POINT ( 'NONE',  ( 35.00000000000000000, -15.11408154316919905, 7.352745219558790346 ) ) ;
#4354 = CARTESIAN_POINT ( 'NONE',  ( 25.00753864710069863, -20.09476109758374918, 5.000000000000000000 ) ) ;
#4355 = AXIS2_PLACEMENT_3D ( 'NONE', #4816, #4851, #813 ) ;
#4356 = CIRCLE ( 'NONE', #5104, 1.999999999999998224 ) ;
#4357 = CARTESIAN_POINT ( 'NONE',  ( -33.00000000000000000, 15.50910527760489899, -20.85027391700995381 ) ) ;
#4358 = EDGE_CURVE ( 'NONE', #4657, #3966, #425, .T. ) ;
#4359 = CIRCLE ( 'NONE', #2802, 1.999999999999998224 ) ;
#4360 = CARTESIAN_POINT ( 'NONE',  ( 12.41885488418506078, 32.72266649434455843, 10.00127076991486064 ) ) ;
#4361 = ORIENTED_EDGE ( 'NONE', *, *, #1486, .T. ) ;
#4362 = DIRECTION ( 'NONE',  ( -1.000000000000000000, 0.000000000000000000, 0.000000000000000000 ) ) ;
#4363 = FACE_OUTER_BOUND ( 'NONE', #2706, .T. ) ;
#4364 = ORIENTED_EDGE ( 'NONE', *, *, #4873, .F. ) ;
#4365 = CARTESIAN_POINT ( 'NONE',  ( 34.30274165929205310, -16.08824224676565251, 6.175505726451602229 ) ) ;
#4366 = CARTESIAN_POINT ( 'NONE',  ( 9.815377003464709205, 30.88249656054609815, 18.34187677000964811 ) ) ;
#4367 = CARTESIAN_POINT ( 'NONE',  ( -21.79540405771735223, 27.41072448131844652, -1.380425194227790087 ) ) ;
#4368 = B_SPLINE_CURVE_WITH_KNOTS ( 'NONE', 3,
 ( #2036, #2443, #2011, #190, #5523, #1598, #1985, #1544, #1140, #3800, #5082, #3773, #1567, #694, #5137, #1166, #298, #5222 ),
 .UNSPECIFIED., .F., .F.,
 ( 4, 2, 2, 2, 2, 2, 2, 2, 4 ),
 ( 0.000000000000000000, 0.1250000000000000000, 0.2500000000000000000, 0.3750000000000000000, 0.5000000000000000000, 0.6250000000000000000, 0.7500000000000000000, 0.8750000000000000000, 1.000000000000000000 ),
 .UNSPECIFIED. ) ;
#4369 = VERTEX_POINT ( 'NONE', #2828 ) ;
#4370 = CARTESIAN_POINT ( 'NONE',  ( -28.24534073866238515, -1.779052537197616024, 31.82227185356546073 ) ) ;
#4371 = CARTESIAN_POINT ( 'NONE',  ( -20.54995239728878076, 24.66965203329675660, -2.999496776188222302 ) ) ;
#4372 = CARTESIAN_POINT ( 'NONE',  ( 10.93171521583185957, 33.24907602454985067, 8.231700099384260838 ) ) ;
#4373 = CARTESIAN_POINT ( 'NONE',  ( 33.89388504783229905, -16.18708869400205330, 5.891036351028677842 ) ) ;
#4374 = ORIENTED_EDGE ( 'NONE', *, *, #3770, .T. ) ;
#4375 = CARTESIAN_POINT ( 'NONE',  ( 5.960985603922746456, 34.52905645487728492, -12.57023979789048695 ) ) ;
#4376 = CARTESIAN_POINT ( 'NONE',  ( 34.21495134142638506, -15.93923429801566627, 5.983287496694853935 ) ) ;
#4377 = AXIS2_PLACEMENT_3D ( 'NONE', #5470, #1517, #5379 ) ;
#4378 = LINE ( 'NONE', #2180, #2593 ) ;
#4379 = CARTESIAN_POINT ( 'NONE',  ( 28.15104231716355443, 2.899795940970665953, 29.11463046630660401 ) ) ;
#4380 = DIRECTION ( 'NONE',  ( 0.7071067811865485719, 8.659560562354913137E-17, 0.7071067811865465735 ) ) ;
#4381 = VECTOR ( 'NONE', #3844, 1000.000000000000000 ) ;
#4382 = ORIENTED_EDGE ( 'NONE', *, *, #1874, .F. ) ;
#4383 = CARTESIAN_POINT ( 'NONE',  ( 8.876074885489529720, 31.52633458119985477, 9.700937867580949003 ) ) ;
#4384 = ORIENTED_EDGE ( 'NONE', *, *, #5001, .T. ) ;
#4385 = DIRECTION ( 'NONE',  ( 0.000000000000000000, 0.000000000000000000, -1.000000000000000000 ) ) ;
#4386 = CARTESIAN_POINT ( 'NONE',  ( 34.71358694809006096, -15.45188818131499708, 6.289786437939168806 ) ) ;
#4387 = CARTESIAN_POINT ( 'NONE',  ( 28.75000000000000000, 16.80260396486210084, 54.00000000000000000 ) ) ;
#4388 = VECTOR ( 'NONE', #4515, 1000.000000000000000 ) ;
#4389 = CARTESIAN_POINT ( 'NONE',  ( 9.900880842148094274, 26.51160318759004753, 18.12273478085219125 ) ) ;
#4390 = EDGE_CURVE ( 'NONE', #1052, #540, #130, .T. ) ;
#4391 = CARTESIAN_POINT ( 'NONE',  ( 11.25804278305211881, 33.14014390405579746, 8.470159422914958824 ) ) ;
#4392 = ORIENTED_EDGE ( 'NONE', *, *, #5483, .T. ) ;
#4393 = DIRECTION ( 'NONE',  ( 0.000000000000000000, -1.000000000000000000, 9.227252531791526626E-17 ) ) ;
#4394 = CARTESIAN_POINT ( 'NONE',  ( 9.305582115857749415, 31.24749346542674999, 19.01542752354479759 ) ) ;
#4395 = ORIENTED_EDGE ( 'NONE', *, *, #2410, .F. ) ;
#4396 = CARTESIAN_POINT ( 'NONE',  ( -34.99987262611949745, -15.34159448418369642, 7.528337339877177570 ) ) ;
#4397 = CARTESIAN_POINT ( 'NONE',  ( 0.6323149228155571233, 35.00039834201535172, -7.897161445288179316 ) ) ;
#4398 = ADVANCED_FACE ( 'NONE', ( #5541 ), #1562, .F. ) ;
#4399 = VERTEX_POINT ( 'NONE', #661 ) ;
#4400 = DIRECTION ( 'NONE',  ( -1.000000000000000000, 0.000000000000000000, 0.000000000000000000 ) ) ;
#4401 = CARTESIAN_POINT ( 'NONE',  ( -10.58439411777823835, 33.36145344604980068, 20.97819226521760072 ) ) ;
#4402 = CARTESIAN_POINT ( 'NONE',  ( 12.72726843836054123, 32.60393536498195033, 11.36474530992685850 ) ) ;
#4403 =( BOUNDED_CURVE ( )  B_SPLINE_CURVE ( 3, ( #239, #2029, #3364, #1248 ),
 .UNSPECIFIED., .F., .T. ) 
 B_SPLINE_CURVE_WITH_KNOTS ( ( 4, 4 ),
 ( 5.072608492417140624, 5.125187384807399660 ),
 .UNSPECIFIED. ) 
 CURVE ( )  GEOMETRIC_REPRESENTATION_ITEM ( )  RATIONAL_B_SPLINE_CURVE ( ( 1.000000000000000000, 0.9997696349411550054, 0.9997696349411550054, 1.000000000000000000 ) ) 
 REPRESENTATION_ITEM ( '' )  );
#4404 = EDGE_CURVE ( 'NONE', #1666, #441, #1196, .T. ) ;
#4405 = ORIENTED_EDGE ( 'NONE', *, *, #1746, .F. ) ;
#4406 = CARTESIAN_POINT ( 'NONE',  ( -11.38679352475851658, 33.14928111686889878, -10.85015262184583129 ) ) ;
#4407 = CARTESIAN_POINT ( 'NONE',  ( -27.84425049861701140, 18.54179503690029307, 0.6863803310067929653 ) ) ;
#4408 = CARTESIAN_POINT ( 'NONE',  ( -35.00000000000000000, 0.000000000000000000, 8.599999999999999645 ) ) ;
#4409 = CARTESIAN_POINT ( 'NONE',  ( -33.00000000000000000, 15.50910527760489899, 4.176056798680565230 ) ) ;
#4410 = EDGE_CURVE ( 'NONE', #2452, #1341, #5480, .T. ) ;
#4411 = ORIENTED_EDGE ( 'NONE', *, *, #4216, .T. ) ;
#4412 = CARTESIAN_POINT ( 'NONE',  ( -9.583506814274937113, 26.62806985582565744, 10.27640776471190875 ) ) ;
#4413 = DIRECTION ( 'NONE',  ( 0.000000000000000000, 0.000000000000000000, -1.000000000000000000 ) ) ;
#4414 = FACE_OUTER_BOUND ( 'NONE', #5765, .T. ) ;
#4415 = CARTESIAN_POINT ( 'NONE',  ( 34.96677390601280422, -15.11956273351421842, 6.831265241247236553 ) ) ;
#4416 = CARTESIAN_POINT ( 'NONE',  ( -28.24522721191697272, 1.780763190870736423, 27.17914066621173319 ) ) ;
#4417 = CARTESIAN_POINT ( 'NONE',  ( -35.00000000000000000, -14.45032751936191850, 7.057975664137810412 ) ) ;
#4418 = PLANE ( 'NONE',  #3612 ) ;
#4419 = ORIENTED_EDGE ( 'NONE', *, *, #4479, .F. ) ;
#4420 = CARTESIAN_POINT ( 'NONE',  ( -26.44863914432599472, -22.04110217702687891, 6.208787255312927300 ) ) ;
#4421 = DIRECTION ( 'NONE',  ( 0.000000000000000000, 0.000000000000000000, -1.000000000000000000 ) ) ;
#4422 = VERTEX_POINT ( 'NONE', #3285 ) ;
#4423 = DIRECTION ( 'NONE',  ( 0.000000000000000000, 0.000000000000000000, -1.000000000000000000 ) ) ;
#4424 = CARTESIAN_POINT ( 'NONE',  ( 9.305582115857749415, 31.24749346542674999, 19.01542752354479759 ) ) ;
#4425 = CARTESIAN_POINT ( 'NONE',  ( 15.76483691330974857, 31.27177029565560318, -4.333975031745810114 ) ) ;
#4426 = ORIENTED_EDGE ( 'NONE', *, *, #5738, .T. ) ;
#4427 = CARTESIAN_POINT ( 'NONE',  ( -28.15891634551359957, -2.826179945978520625, 28.74464931598695827 ) ) ;
#4428 = CARTESIAN_POINT ( 'NONE',  ( 35.00000000000000000, -15.48385181469820004, 47.70734219474490345 ) ) ;
#4429 = FACE_BOUND ( 'NONE', #720, .T. ) ;
#4430 = ADVANCED_FACE ( 'NONE', ( #5494 ), #1207, .F. ) ;
#4431 = ORIENTED_EDGE ( 'NONE', *, *, #1826, .T. ) ;
#4432 = CARTESIAN_POINT ( 'NONE',  ( -7.403973086557440020, 34.22953945763030958, -12.18707788265347780 ) ) ;
#4433 = CARTESIAN_POINT ( 'NONE',  ( -28.75000000000000000, 16.80260396486210084, 54.00000000000000000 ) ) ;
#4434 = FACE_OUTER_BOUND ( 'NONE', #877, .T. ) ;
#4435 = FACE_OUTER_BOUND ( 'NONE', #3031, .T. ) ;
#4436 = FACE_OUTER_BOUND ( 'NONE', #2247, .T. ) ;
#4437 = DIRECTION ( 'NONE',  ( 1.000000000000000000, 0.000000000000000000, 0.000000000000000000 ) ) ;
#4438 = EDGE_CURVE ( 'NONE', #2224, #2541, #3221, .T. ) ;
#4439 = ORIENTED_EDGE ( 'NONE', *, *, #3809, .F. ) ;
#4440 = CARTESIAN_POINT ( 'NONE',  ( -9.400750420232697024, 26.69299348736527477, 10.07244659168415524 ) ) ;
#4441 = LINE ( 'NONE', #2185, #1514 ) ;
#4442 = CARTESIAN_POINT ( 'NONE',  ( -34.56163057908020164, -16.05724093783999962, 6.505869917246429601 ) ) ;
#4443 = ADVANCED_FACE ( 'NONE', ( #157 ), #3810, .F. ) ;
#4444 = CARTESIAN_POINT ( 'NONE',  ( -9.358675653664873195, 26.70794077426066337, 18.96781029389708095 ) ) ;
#4445 = CARTESIAN_POINT ( 'NONE',  ( -9.787224215578770981, 30.90366726397339647, 18.40007934462530059 ) ) ;
#4446 = CARTESIAN_POINT ( 'NONE',  ( -28.29999999999999716, 3.465750465278059542E-15, 32.39999999999999858 ) ) ;
#4447 = CARTESIAN_POINT ( 'NONE',  ( 33.45804657532400483, -16.16231208164728628, 5.590284323451876425 ) ) ;
#4448 = AXIS2_PLACEMENT_3D ( 'NONE', #4581, #4231, #5105 ) ;
#4449 = CIRCLE ( 'NONE', #5655, 2.000000000000000444 ) ;
#4450 = CARTESIAN_POINT ( 'NONE',  ( -9.687585519219132024, 30.97752143462069796, 10.42615558648001972 ) ) ;
#4451 = ORIENTED_EDGE ( 'NONE', *, *, #936, .F. ) ;
#4452 = CARTESIAN_POINT ( 'NONE',  ( -12.66772989706906039, 32.62711685611054691, 10.82878423332801887 ) ) ;
#4453 = AXIS2_PLACEMENT_3D ( 'NONE', #1491, #558, #1409 ) ;
#4454 = CIRCLE ( 'NONE', #2888, 1.999999999999998224 ) ;
#4455 = CARTESIAN_POINT ( 'NONE',  ( -9.999998094547279948, 30.74085323159360073, 11.43230938681447917 ) ) ;
#4456 = ORIENTED_EDGE ( 'NONE', *, *, #4331, .F. ) ;
#4457 = LINE ( 'NONE', #4795, #491 ) ;
#4458 = CONICAL_SURFACE ( 'NONE', #1129, 28.29999999999999716, 0.7853981633974461696 ) ;
#4459 = CARTESIAN_POINT ( 'NONE',  ( 10.00000000000000000, 30.74085229787894846, 17.50000000000000000 ) ) ;
#4460 = CARTESIAN_POINT ( 'NONE',  ( 10.10170250203856135, 33.51642171915795387, -6.382712718582570943 ) ) ;
#4461 = EDGE_LOOP ( 'NONE', ( #5319, #1031 ) ) ;
#4462 = CARTESIAN_POINT ( 'NONE',  ( -35.00000000000000000, 15.50910527760489899, 4.176056798680565230 ) ) ;
#4463 = CARTESIAN_POINT ( 'NONE',  ( -10.87478571243549830, 33.26774286453664331, 20.80553624031464821 ) ) ;
#4464 = CARTESIAN_POINT ( 'NONE',  ( 11.91272589377570057, 32.91039360065600050, 9.139575061264281430 ) ) ;
#4465 = ORIENTED_EDGE ( 'NONE', *, *, #4867, .T. ) ;
#4466 = CARTESIAN_POINT ( 'NONE',  ( 24.44827876024135094, 25.07355864211319840, 0.1204712569508650105 ) ) ;
#4467 = CARTESIAN_POINT ( 'NONE',  ( 35.00000000000000000, 0.000000000000000000, 32.89999999999999858 ) ) ;
#4468 = CARTESIAN_POINT ( 'NONE',  ( -34.99989908609840228, -15.50394274356690083, 47.36874582478520068 ) ) ;
#4469 = CARTESIAN_POINT ( 'NONE',  ( 28.20596600472568838, -2.321171457496946644, 48.78044521390964405 ) ) ;
#4470 = CARTESIAN_POINT ( 'NONE',  ( -35.00000000000000000, 15.51719632390899939, 4.542113291634519712 ) ) ;
#4471 = ORIENTED_EDGE ( 'NONE', *, *, #5142, .T. ) ;
#4472 = TOROIDAL_SURFACE ( 'NONE', #5306, 47.00000000000000000, 3.000000000000000000 ) ;
#4473 = CARTESIAN_POINT ( 'NONE',  ( -9.075494076118328479, 26.80562526649491062, 9.812550270659238905 ) ) ;
#4474 = FILL_AREA_STYLE_COLOUR ( '', #5208 ) ;
#4475 = CARTESIAN_POINT ( 'NONE',  ( 9.153522887464150770, 31.34912882314674931, 9.865850049692539869 ) ) ;
#4476 = CARTESIAN_POINT ( 'NONE',  ( 33.51401933472705252, -14.88177244759059903, 5.173926992411820081 ) ) ;
#4477 = CARTESIAN_POINT ( 'NONE',  ( -9.045327443540511325, 31.41960624291484905, 19.20630964984479760 ) ) ;
#4478 = DIRECTION ( 'NONE',  ( -1.000000000000000000, 0.000000000000000000, 0.000000000000000000 ) ) ;
#4479 = EDGE_CURVE ( 'NONE', #2908, #3023, #2228, .T. ) ;
#4480 = CARTESIAN_POINT ( 'NONE',  ( 8.602447646340854348, 26.96095240032183327, 19.40737903269400988 ) ) ;
#4481 = CARTESIAN_POINT ( 'NONE',  ( 28.29999999999999716, -2.369067627514480134E-23, 49.89999999999999858 ) ) ;
#4482 = ORIENTED_EDGE ( 'NONE', *, *, #1358, .F. ) ;
#4483 = LINE ( 'NONE', #3192, #1881 ) ;
#4484 = CIRCLE ( 'NONE', #3661, 2.999999999999999556 ) ;
#4485 = DIRECTION ( 'NONE',  ( 0.000000000000000000, 0.000000000000000000, -1.000000000000000000 ) ) ;
#4486 = VERTEX_POINT ( 'NONE', #4205 ) ;
#4487 = B_SPLINE_CURVE_WITH_KNOTS ( 'NONE', 3,
 ( #2021, #4194, #1505, #256, #5559, #2403, #3276, #2842 ),
 .UNSPECIFIED., .F., .F.,
 ( 4, 2, 2, 4 ),
 ( 0.000000000000000000, 0.2500000000000008327, 0.5000000000000000000, 1.000000000000000000 ),
 .UNSPECIFIED. ) ;
#4488 = CARTESIAN_POINT ( 'NONE',  ( 9.963670071122949778, 33.55209387737335192, 21.25136464053244723 ) ) ;
#4489 = CARTESIAN_POINT ( 'NONE',  ( 33.54456689651039625, -15.25962603608004997, 5.268789218870450597 ) ) ;
#4490 = VERTEX_POINT ( 'NONE', #215 ) ;
#4491 = DIRECTION ( 'NONE',  ( 0.000000000000000000, 0.000000000000000000, -1.000000000000000000 ) ) ;
#4492 = CARTESIAN_POINT ( 'NONE',  ( -11.55647802609260033, 33.03723005843475136, 20.26212480475169997 ) ) ;
#4493 = CARTESIAN_POINT ( 'NONE',  ( 9.574162780800309136, 33.66511907447879537, 7.633559937568179521 ) ) ;
#4494 = EDGE_LOOP ( 'NONE', ( #1536, #2657, #5195 ) ) ;
#4495 = CARTESIAN_POINT ( 'NONE',  ( -34.99039392663364367, 15.70489091757850275, 4.176056798680570559 ) ) ;
#4496 = CARTESIAN_POINT ( 'NONE',  ( 34.99981003234470478, -15.51141691099040187, 8.000000000000000000 ) ) ;
#4497 = VERTEX_POINT ( 'NONE', #1134 ) ;
#4498 = CARTESIAN_POINT ( 'NONE',  ( -25.27399794040056236, 20.27722894068039849, -0.2096409753927692965 ) ) ;
#4499 = CARTESIAN_POINT ( 'NONE',  ( -34.99988862675785128, -15.50498389132795118, 47.34308485769659569 ) ) ;
#4500 = CARTESIAN_POINT ( 'NONE',  ( -35.00000000000000000, -15.48385181469824978, 47.00000000000000000 ) ) ;
#4501 = CARTESIAN_POINT ( 'NONE',  ( -34.92452269561630374, -15.80982751657925078, 7.302527160177089804 ) ) ;
#4502 = CARTESIAN_POINT ( 'NONE',  ( 9.393121287741372782, 26.69568185042873054, 10.06500214247573766 ) ) ;
#4503 = ORIENTED_EDGE ( 'NONE', *, *, #2716, .F. ) ;
#4504 = CARTESIAN_POINT ( 'NONE',  ( -9.442022464277506799, 26.67843733911961479, 10.11395810174294496 ) ) ;
#4505 = DIRECTION ( 'NONE',  ( 0.000000000000000000, 0.000000000000000000, 1.000000000000000000 ) ) ;
#4506 = CARTESIAN_POINT ( 'NONE',  ( 34.16772401490059963, -16.09421705513325307, 6.058235658679660851 ) ) ;
#4507 = CARTESIAN_POINT ( 'NONE',  ( 34.21117181910007332, -15.76442620131044592, 5.803058395038068085 ) ) ;
#4508 = DIRECTION ( 'NONE',  ( 1.000000000000000000, 0.000000000000000000, 0.000000000000000000 ) ) ;
#4509 = CARTESIAN_POINT ( 'NONE',  ( 9.411042620958486538, 26.68936774898946496, 18.91738430917711611 ) ) ;
#4510 = CARTESIAN_POINT ( 'NONE',  ( -10.00000000000000000, 30.74085229787894846, 11.50000000000000000 ) ) ;
#4511 = EDGE_LOOP ( 'NONE', ( #349, #3480, #4781, #628, #5003 ) ) ;
#4512 = DIRECTION ( 'NONE',  ( -1.000000000000000000, 0.000000000000000000, 0.000000000000000000 ) ) ;
#4513 = CARTESIAN_POINT ( 'NONE',  ( 35.00000000000000000, -15.35740104585494947, 7.605054320355879582 ) ) ;
#4514 = ORIENTED_EDGE ( 'NONE', *, *, #3181, .F. ) ;
#4515 = DIRECTION ( 'NONE',  ( 0.000000000000000000, 0.000000000000000000, 1.000000000000000000 ) ) ;
#4516 = DIRECTION ( 'NONE',  ( 0.7071067811865520136, 8.659560562354881089E-17, -0.7071067811865431318 ) ) ;
#4517 = CARTESIAN_POINT ( 'NONE',  ( 33.61248228912495506, -16.02530611396879934, 5.585948826065699535 ) ) ;
#4518 = ORIENTED_EDGE ( 'NONE', *, *, #1383, .T. ) ;
#4519 = DIRECTION ( 'NONE',  ( 0.000000000000000000, 0.000000000000000000, -1.000000000000000000 ) ) ;
#4520 = CARTESIAN_POINT ( 'NONE',  ( -10.70220972871895881, 33.32382480309244954, 20.91261929969139999 ) ) ;
#4521 = CARTESIAN_POINT ( 'NONE',  ( -34.65214342314260421, -15.50658805535505458, 6.202676603285261159 ) ) ;
#4522 = ORIENTED_EDGE ( 'NONE', *, *, #2142, .T. ) ;
#4523 = CARTESIAN_POINT ( 'NONE',  ( 35.00000000000001421, -15.60491453133227147, 7.416442407555646987 ) ) ;
#4524 = ORIENTED_EDGE ( 'NONE', *, *, #4785, .T. ) ;
#4525 = CARTESIAN_POINT ( 'NONE',  ( -30.83525494451075133, 17.23061593187859941, 1.303179853058163973 ) ) ;
#4526 = CARTESIAN_POINT ( 'NONE',  ( -26.80077643654355057, -22.51040609137055171, 64.00000000000000000 ) ) ;
#4527 = FACE_OUTER_BOUND ( 'NONE', #3241, .T. ) ;
#4528 = DIRECTION ( 'NONE',  ( 0.000000000000000000, 0.000000000000000000, -1.000000000000000000 ) ) ;
#4529 = CARTESIAN_POINT ( 'NONE',  ( 9.378971142310739140, 26.70069717452378555, 10.05136578708155781 ) ) ;
#4530 = VERTEX_POINT ( 'NONE', #2904 ) ;
#4531 = CARTESIAN_POINT ( 'NONE',  ( 30.41111563622945013, -20.46559750501669583, 64.00000000000000000 ) ) ;
#4532 = LINE ( 'NONE', #5414, #2906 ) ;
#4533 = CARTESIAN_POINT ( 'NONE',  ( 35.00000000000000711, -15.54221095894125071, 6.242385242177115323 ) ) ;
#4534 = CARTESIAN_POINT ( 'NONE',  ( -9.355678264584000203, 31.21340090859649763, 18.97184590322979858 ) ) ;
#4535 = DIRECTION ( 'NONE',  ( -0.7071067811865480168, 0.000000000000000000, -0.7071067811865470176 ) ) ;
#4536 = CARTESIAN_POINT ( 'NONE',  ( -28.29999999999999716, 3.465750465278059542E-15, 49.89999999999999858 ) ) ;
#4537 = CONICAL_SURFACE ( 'NONE', #4910, 2.899999999999999911, 0.7853981633974476129 ) ;
#4538 = FACE_OUTER_BOUND ( 'NONE', #671, .T. ) ;
#4539 = ORIENTED_EDGE ( 'NONE', *, *, #3119, .T. ) ;
#4540 = CARTESIAN_POINT ( 'NONE',  ( -28.75000000000000000, 16.80260396486210084, 63.00000000000000000 ) ) ;
#4541 = CARTESIAN_POINT ( 'NONE',  ( 35.00000000000000000, 0.000000000000000000, 12.00000000000000000 ) ) ;
#4542 = VERTEX_POINT ( 'NONE', #4660 ) ;
#4543 = CIRCLE ( 'NONE', #5280, 12.99999999999999822 ) ;
#4544 = DIRECTION ( 'NONE',  ( -1.000000000000000000, 0.000000000000000000, 0.000000000000000000 ) ) ;
#4545 = AXIS2_PLACEMENT_3D ( 'NONE', #4651, #4187, #5087 ) ;
#4546 = AXIS2_PLACEMENT_3D ( 'NONE', #5097, #286, #1613 ) ;
#4547 = CARTESIAN_POINT ( 'NONE',  ( 12.44493810695306024, 32.71279462263655091, 18.94088438331959878 ) ) ;
#4548 = CARTESIAN_POINT ( 'NONE',  ( 35.00000000000000000, -15.23609572425825043, 7.318580467898779141 ) ) ;
#4549 = ORIENTED_EDGE ( 'NONE', *, *, #3487, .T. ) ;
#4550 = CARTESIAN_POINT ( 'NONE',  ( -35.00000000000000000, -14.91147299315734109, 7.189374109621748943 ) ) ;
#4551 = CARTESIAN_POINT ( 'NONE',  ( 28.29999999999999716, -1.355143360237210053E-18, 9.099999999999999645 ) ) ;
#4552 = CIRCLE ( 'NONE', #1045, 2.999999999999997780 ) ;
#4553 = EDGE_CURVE ( 'NONE', #167, #5688, #4403, .T. ) ;
#4554 = CARTESIAN_POINT ( 'NONE',  ( 20.10057573830489019, 28.69552973619739689, -6.201382998883337550 ) ) ;
#4555 = CARTESIAN_POINT ( 'NONE',  ( 34.28116002819449903, -16.30461004569160011, 6.317590465351150542 ) ) ;
#4556 = CARTESIAN_POINT ( 'NONE',  ( 28.18691046569667336, 2.531786175703979236, 10.53449520933519246 ) ) ;
#4557 = DIRECTION ( 'NONE',  ( 0.000000000000000000, -1.000000000000000000, 0.000000000000000000 ) ) ;
#4558 = DIRECTION ( 'NONE',  ( -1.000000000000000000, 0.000000000000000000, 0.000000000000000000 ) ) ;
#4559 = CARTESIAN_POINT ( 'NONE',  ( -34.50000000000000000, 0.000000000000000000, 47.00000000000000000 ) ) ;
#4560 = ORIENTED_EDGE ( 'NONE', *, *, #5687, .T. ) ;
#4561 = CARTESIAN_POINT ( 'NONE',  ( 33.35251591957584338, -14.58222749040158028, 5.061269058594129788 ) ) ;
#4562 = DIRECTION ( 'NONE',  ( 0.000000000000000000, 0.000000000000000000, 1.000000000000000000 ) ) ;
#4563 = DIRECTION ( 'NONE',  ( 0.000000000000000000, 0.000000000000000000, -1.000000000000000000 ) ) ;
#4564 = EDGE_CURVE ( 'NONE', #533, #4715, #849, .T. ) ;
#4565 = EDGE_LOOP ( 'NONE', ( #316, #5665, #1406 ) ) ;
#4566 = CARTESIAN_POINT ( 'NONE',  ( 35.00000000000000000, -16.21196227194295147, 8.000000000000000000 ) ) ;
#4567 = ADVANCED_FACE ( 'NONE', ( #5713 ), #1738, .T. ) ;
#4568 = CARTESIAN_POINT ( 'NONE',  ( 34.99999999999967315, -15.50091379823954441, 7.737374808849280861 ) ) ;
#4569 = AXIS2_PLACEMENT_3D ( 'NONE', #5595, #3412, #5269 ) ;
#4570 = CARTESIAN_POINT ( 'NONE',  ( -30.41111563622940039, -20.46559750501669583, -20.84927391700995258 ) ) ;
#4571 = EDGE_CURVE ( 'NONE', #3955, #588, #1609, .T. ) ;
#4572 = AXIS2_PLACEMENT_3D ( 'NONE', #3168, #3565, #865 ) ;
#4573 = CARTESIAN_POINT ( 'NONE',  ( 12.33564818916712014, 32.75416301876100533, 19.18375354001980071 ) ) ;
#4574 = CARTESIAN_POINT ( 'NONE',  ( -33.93647964085691626, 17.51030414814888303, 3.904208291109400264 ) ) ;
#4575 = ORIENTED_EDGE ( 'NONE', *, *, #2169, .F. ) ;
#4576 = CARTESIAN_POINT ( 'NONE',  ( -32.75390337432474297, 18.93111841912395121, 64.00000000000000000 ) ) ;
#4577 = DIRECTION ( 'NONE',  ( 1.000000000000000000, 0.000000000000000000, 0.000000000000000000 ) ) ;
#4578 = EDGE_CURVE ( 'NONE', #894, #2194, #2518, .T. ) ;
#4579 = CARTESIAN_POINT ( 'NONE',  ( 34.90686774835639739, -15.84862632320835019, 7.248238680653539490 ) ) ;
#4580 = CARTESIAN_POINT ( 'NONE',  ( -32.11286547340303343, 19.64117341199866118, 0.2022665543576570579 ) ) ;
#4581 = CARTESIAN_POINT ( 'NONE',  ( 34.50000000000000000, 0.000000000000000000, 29.50000000000000000 ) ) ;
#4582 = DIRECTION ( 'NONE',  ( 0.6123724356958009096, -0.6846531968814508762, 0.3952847075210493832 ) ) ;
#4583 = EDGE_CURVE ( 'NONE', #846, #2871, #3423, .T. ) ;
#4584 = EDGE_LOOP ( 'NONE', ( #1447, #2091, #1164, #4514 ) ) ;
#4585 = CARTESIAN_POINT ( 'NONE',  ( 33.00000000000000000, 15.50910527760495050, 4.176056798680550131 ) ) ;
#4586 = CARTESIAN_POINT ( 'NONE',  ( 35.00000000000000711, -14.24182158640464024, 5.168981845857260282 ) ) ;
#4587 = CARTESIAN_POINT ( 'NONE',  ( 35.00000000000000000, -14.91147299316610031, 7.189374109629259380 ) ) ;
#4588 = DIRECTION ( 'NONE',  ( 0.000000000000000000, 0.000000000000000000, -1.000000000000000000 ) ) ;
#4589 = CARTESIAN_POINT ( 'NONE',  ( -8.623974774080750194, 33.92119719967669766, 7.500003639842120151 ) ) ;
#4590 = EDGE_LOOP ( 'NONE', ( #1292, #810, #944, #5721 ) ) ;
#4591 = CARTESIAN_POINT ( 'NONE',  ( 28.15100031401707525, 2.900203675987785612, 47.38326163097811872 ) ) ;
#4592 = DIRECTION ( 'NONE',  ( 0.000000000000000000, 1.000000000000000000, 0.000000000000000000 ) ) ;
#4593 = CARTESIAN_POINT ( 'NONE',  ( 12.02660997886779981, 32.86886710071884465, 19.70295091107989904 ) ) ;
#4594 = CARTESIAN_POINT ( 'NONE',  ( -8.161616161616159104, 32.66240141316764323, 8.833333333333380111 ) ) ;
#4595 = ORIENTED_EDGE ( 'NONE', *, *, #4583, .T. ) ;
#4596 = CARTESIAN_POINT ( 'NONE',  ( -33.00000000000000000, 15.50910527760489899, 4.176056798680570559 ) ) ;
#4597 = CARTESIAN_POINT ( 'NONE',  ( 28.24522721192570174, -1.780763190750609404, 9.679140666110333413 ) ) ;
#4598 = CARTESIAN_POINT ( 'NONE',  ( -33.76758254192866815, -15.87923005996407788, 5.562424326890988979 ) ) ;
#4599 = DIRECTION ( 'NONE',  ( 0.000000000000000000, 0.000000000000000000, 1.000000000000000000 ) ) ;
#4600 = VERTEX_POINT ( 'NONE', #1649 ) ;
#4601 = CARTESIAN_POINT ( 'NONE',  ( -34.53720616994860393, 16.78855718802275021, 4.176056798680580329 ) ) ;
#4602 = CARTESIAN_POINT ( 'NONE',  ( -33.34184064778079915, 18.22473719686739813, 3.613445923303714835 ) ) ;
#4603 = DIRECTION ( 'NONE',  ( 0.000000000000000000, 0.000000000000000000, -1.000000000000000000 ) ) ;
#4604 = ADVANCED_FACE ( 'NONE', ( #3447 ), #4173, .T. ) ;
#4605 = EDGE_CURVE ( 'NONE', #3907, #2590, #5190, .T. ) ;
#4606 = ORIENTED_EDGE ( 'NONE', *, *, #4852, .F. ) ;
#4607 = CARTESIAN_POINT ( 'NONE',  ( -20.54995239728859957, 24.66965203329660028, -2.999496776188114833 ) ) ;
#4608 = DIRECTION ( 'NONE',  ( 1.065814103640150279E-14, -1.000000000000000000, 6.938893903907228378E-17 ) ) ;
#4609 = EDGE_CURVE ( 'NONE', #588, #4715, #5484, .T. ) ;
#4610 = CARTESIAN_POINT ( 'NONE',  ( -11.55647802609260033, 33.03723005843475136, 20.26212480475169997 ) ) ;
#4611 = DIRECTION ( 'NONE',  ( -1.000000000000000000, 0.000000000000000000, 0.000000000000000000 ) ) ;
#4612 = CARTESIAN_POINT ( 'NONE',  ( -12.27467391207810010, 32.77708897001319599, 9.697393147091219134 ) ) ;
#4613 = ORIENTED_EDGE ( 'NONE', *, *, #3591, .F. ) ;
#4614 = FACE_OUTER_BOUND ( 'NONE', #1651, .T. ) ;
#4615 = CARTESIAN_POINT ( 'NONE',  ( 35.00000000000000000, -15.47835582947014998, 7.911175243225359033 ) ) ;
#4616 = CARTESIAN_POINT ( 'NONE',  ( 24.93556157425676645, 20.63841305707242313, -0.4181707222188801309 ) ) ;
#4617 =( BOUNDED_SURFACE ( )  B_SPLINE_SURFACE ( 3, 2, ( 
 ( #4417, #2255, #2189 ),
 ( #3152, #4323, #851 ),
 ( #4019, #5351, #1817 ),
 ( #3580, #3925, #4788 ) ),
 .UNSPECIFIED., .F., .F., .T. ) 
 B_SPLINE_SURFACE_WITH_KNOTS ( ( 4, 4 ),
 ( 3, 3 ),
 ( -5.390870042032430669E-15, 0.0008282338785611350262 ),
 ( 0.000000000000000000, 1.000000000000000000 ),
 .UNSPECIFIED. ) 
 GEOMETRIC_REPRESENTATION_ITEM ( )  RATIONAL_B_SPLINE_SURFACE ( (
 ( 1.000000000000000000, 0.7927829675796199682, 1.000000000000000000),
 ( 1.000000000000000000, 0.7975852229128810311, 1.000000000000000000),
 ( 1.000000000000000000, 0.8025532126534029587, 1.000000000000000000),
 ( 1.000000000000000000, 0.8081586909280719100, 1.000000000000000000) ) ) 
 REPRESENTATION_ITEM ( '' )  SURFACE ( )  );
#4618 = AXIS2_PLACEMENT_3D ( 'NONE', #4634, #662, #2333 ) ;
#4619 = VERTEX_POINT ( 'NONE', #4724 ) ;
#4620 = CARTESIAN_POINT ( 'NONE',  ( -25.79069731568338497, -21.15877906560620758, 5.304811849415198566 ) ) ;
#4621 = AXIS2_PLACEMENT_3D ( 'NONE', #429, #4853, #5725 ) ;
#4622 = CARTESIAN_POINT ( 'NONE',  ( 9.570380474084920763, 33.66639794009614661, 21.36898088451165023 ) ) ;
#4623 = EDGE_LOOP ( 'NONE', ( #2975, #278, #459, #5451 ) ) ;
#4624 = CARTESIAN_POINT ( 'NONE',  ( -34.06310611257659104, -15.97465478891956714, 5.868721396913203492 ) ) ;
#4625 = CARTESIAN_POINT ( 'NONE',  ( 28.29999999999999716, -2.369264842740785093E-23, 14.90000000000000036 ) ) ;
#4626 = CIRCLE ( 'NONE', #644, 2.000000000000000000 ) ;
#4627 = CONICAL_SURFACE ( 'NONE', #1956, 2.899999999999999911, 0.7853981633974476129 ) ;
#4628 = CARTESIAN_POINT ( 'NONE',  ( -28.75000000000000000, -16.80260396486210084, 54.00000000000000000 ) ) ;
#4629 = ORIENTED_EDGE ( 'NONE', *, *, #5402, .F. ) ;
#4630 = FACE_OUTER_BOUND ( 'NONE', #3147, .T. ) ;
#4631 = VECTOR ( 'NONE', #4156, 1000.000000000000000 ) ;
#4632 = CIRCLE ( 'NONE', #4618, 2.000000000000001776 ) ;
#4633 = CARTESIAN_POINT ( 'NONE',  ( -32.39934245650220390, 15.49300711114784868, 2.044955895292150050 ) ) ;
#4634 = CARTESIAN_POINT ( 'NONE',  ( -33.00000000000000000, 15.50910527760489899, 4.176056798680565230 ) ) ;
#4635 = FACE_OUTER_BOUND ( 'NONE', #4026, .T. ) ;
#4636 = EDGE_CURVE ( 'NONE', #5091, #5134, #3169, .T. ) ;
#4637 = EDGE_LOOP ( 'NONE', ( #3377, #1144, #1702, #4629 ) ) ;
#4638 = CARTESIAN_POINT ( 'NONE',  ( -25.28623028300539843, 24.22913509624309825, 0.6174801708701349590 ) ) ;
#4639 = DIRECTION ( 'NONE',  ( 0.000000000000000000, 0.000000000000000000, 1.000000000000000000 ) ) ;
#4640 = CARTESIAN_POINT ( 'NONE',  ( -11.04314306493919950, 33.21223304727050163, 20.69154557124450022 ) ) ;
#4641 = CARTESIAN_POINT ( 'NONE',  ( -28.29999999999999361, 0.3842395914556691605, 14.89999999999999680 ) ) ;
#4642 = CARTESIAN_POINT ( 'NONE',  ( -12.72726868540314094, 32.60393524562945800, 11.36461877362893880 ) ) ;
#4643 = ORIENTED_EDGE ( 'NONE', *, *, #4981, .T. ) ;
#4644 = CYLINDRICAL_SURFACE ( 'NONE', #2246, 1.999999999999998224 ) ;
#4645 = CARTESIAN_POINT ( 'NONE',  ( -35.00000000000000000, -14.78164027356812049, 7.078843807718929959 ) ) ;
#4646 = CARTESIAN_POINT ( 'NONE',  ( 31.12687964597909840, 16.95232485834614877, 1.426960945357031996 ) ) ;
#4647 = B_SPLINE_CURVE_WITH_KNOTS ( 'NONE', 3,
 ( #2527, #302, #2095, #3855, #5631, #3425, #1658, #5196, #1229, #2996, #5749, #2741, #4044, #4412, #3574, #554, #4504, #1373, #3146, #426, #4440, #4013, #2306, #4473, #1314, #4946, #4975, #2707, #1906, #3671, #4849, #4909, #1004, #4075, #108, #73, #1811, #2213, #3084, #908, #876, #526, #3977, #1877, #2647, #3642, #5413 ),
 .UNSPECIFIED., .F., .F.,
 ( 4, 2, 2, 1, 2, 2, 2, 2, 1, 1, 1, 2, 2, 2, 2, 1, 1, 1, 1, 2, 2, 2, 2, 2, 1, 2, 2, 4 ),
 ( 0.000000000000000000, 0.1250000000000670297, 0.1875000000000997535, 0.2187500000001152967, 0.2343750000001218747, 0.2500000000001284528, 0.3750000000001894596, 0.4375000000002197686, 0.4687500000002357559, 0.4843750000002443046, 0.4921875000002485789, 0.4960937500002507994, 0.5000000000002530198, 0.6250000000002785550, 0.6875000000002908784, 0.7187500000002959855, 0.7343750000002984279, 0.7421875000002996492, 0.7460937500003012035, 0.7480468750003019807, 0.7500000000003027578, 0.8125000000002254863, 0.8437500000001868505, 0.8593750000001674216, 0.8671875000001572076, 0.8710937500001519895, 0.8750000000001468825, 1.000000000000000000 ),
 .UNSPECIFIED. ) ;
#4648 = EDGE_LOOP ( 'NONE', ( #611, #1891, #2515, #2721 ) ) ;
#4649 = CARTESIAN_POINT ( 'NONE',  ( -27.29893408577310154, 22.13786687163514699, 1.903598113735410102 ) ) ;
#4650 = CARTESIAN_POINT ( 'NONE',  ( 12.49319821173048162, 32.69437264034134927, 18.81697430892765155 ) ) ;
#4651 = CARTESIAN_POINT ( 'NONE',  ( -35.00000000000000000, 0.000000000000000000, 29.50000000000000000 ) ) ;
#4652 = VERTEX_POINT ( 'NONE', #4270 ) ;
#4653 = CARTESIAN_POINT ( 'NONE',  ( -34.04568735804858193, -15.95949139601883182, 5.840872836364129128 ) ) ;
#4654 = DIRECTION ( 'NONE',  ( 0.000000000000000000, 0.000000000000000000, -1.000000000000000000 ) ) ;
#4655 = CIRCLE ( 'NONE', #3197, 3.400000000000000355 ) ;
#4656 = DIRECTION ( 'NONE',  ( -1.000000000000000000, 0.000000000000000000, 0.000000000000000000 ) ) ;
#4657 = VERTEX_POINT ( 'NONE', #2073 ) ;
#4658 = CARTESIAN_POINT ( 'NONE',  ( 35.00000000000000000, 20.00000000000035172, -20.85027391700995381 ) ) ;
#4659 = AXIS2_PLACEMENT_3D ( 'NONE', #56, #1073, #4544 ) ;
#4660 = CARTESIAN_POINT ( 'NONE',  ( 33.00000000000000000, -13.92840621133064083, 5.000000000000000000 ) ) ;
#4661 = CARTESIAN_POINT ( 'NONE',  ( -34.53720616994860393, 16.78855718802275021, 64.00000000000000000 ) ) ;
#4662 = CARTESIAN_POINT ( 'NONE',  ( 9.017735964786492531, 26.82509230282344959, 19.22315334777810847 ) ) ;
#4663 = ORIENTED_EDGE ( 'NONE', *, *, #313, .F. ) ;
#4664 = PRODUCT_DEFINITION_CONTEXT ( 'detailed design', #3483, 'design' ) ;
#4665 = CYLINDRICAL_SURFACE ( 'NONE', #4193, 1.999999999999998224 ) ;
#4666 = DIRECTION ( 'NONE',  ( 0.000000000000000000, 0.000000000000000000, 1.000000000000000000 ) ) ;
#4667 = CARTESIAN_POINT ( 'NONE',  ( -9.440518290197999818, 33.70283995478245487, 21.39772910939334949 ) ) ;
#4668 = CARTESIAN_POINT ( 'NONE',  ( -35.00000000000000000, -15.48385181469824978, 8.000000000000000000 ) ) ;
#4669 = CARTESIAN_POINT ( 'NONE',  ( -8.259207664765339629, 31.88188045932355408, 9.515814907009762180 ) ) ;
#4670 = ORIENTED_EDGE ( 'NONE', *, *, #1326, .F. ) ;
#4671 = FACE_OUTER_BOUND ( 'NONE', #4584, .T. ) ;
#4672 = CARTESIAN_POINT ( 'NONE',  ( 35.00000000000000000, -15.48188934419210128, 7.949556366207700009 ) ) ;
#4673 = CARTESIAN_POINT ( 'NONE',  ( -9.866804164279029621, 30.84352501264284996, 18.21843573646030023 ) ) ;
#4674 = ORIENTED_EDGE ( 'NONE', *, *, #4714, .T. ) ;
#4675 = CARTESIAN_POINT ( 'NONE',  ( -25.12620000454944247, -20.25661347178649763, 5.004150677277974246 ) ) ;
#4676 = CARTESIAN_POINT ( 'NONE',  ( 11.20123412308310051, 33.15924600281795165, 20.57322592723340193 ) ) ;
#4677 = EDGE_LOOP ( 'NONE', ( #1789, #5230 ) ) ;
#4678 = CARTESIAN_POINT ( 'NONE',  ( -34.05306135238714660, -15.96583468650460880, 5.852591629528614448 ) ) ;
#4679 = DIRECTION ( 'NONE',  ( -3.469446951953620105E-15, -4.336808689942015369E-15, -1.000000000000000000 ) ) ;
#4680 = EDGE_CURVE ( 'NONE', #5285, #4011, #5429, .T. ) ;
#4681 = CARTESIAN_POINT ( 'NONE',  ( -33.94872351706077040, -16.00702661601532384, 5.816301772849707952 ) ) ;
#4682 = ORIENTED_EDGE ( 'NONE', *, *, #2018, .F. ) ;
#4683 = CARTESIAN_POINT ( 'NONE',  ( 31.21669720437609996, 16.84931803103765091, 1.472074052342811967 ) ) ;
#4684 = DIRECTION ( 'NONE',  ( 0.000000000000000000, 0.000000000000000000, 1.000000000000000000 ) ) ;
#4685 = CARTESIAN_POINT ( 'NONE',  ( -35.00000000000000000, -15.32322467930609911, 7.557234486895519687 ) ) ;
#4686 = ORIENTED_EDGE ( 'NONE', *, *, #636, .T. ) ;
#4687 = CARTESIAN_POINT ( 'NONE',  ( -25.30447360855434269, 24.23646009136899693, -2.629077857135825980 ) ) ;
#4688 = CARTESIAN_POINT ( 'NONE',  ( 35.00000000000000000, 5.388445916248359929E-15, 7.000000000000000000 ) ) ;
#4689 = CARTESIAN_POINT ( 'NONE',  ( -12.69157233029753939, 32.61785132950815580, 18.03474813261430043 ) ) ;
#4690 = DIRECTION ( 'NONE',  ( 0.000000000000000000, 0.000000000000000000, -1.000000000000000000 ) ) ;
#4691 = CARTESIAN_POINT ( 'NONE',  ( 9.448053926585599172, 31.14938834081069885, 10.11893759762316058 ) ) ;
#4692 = ORIENTED_EDGE ( 'NONE', *, *, #1182, .T. ) ;
#4693 = CARTESIAN_POINT ( 'NONE',  ( 0.000000000000000000, 0.000000000000000000, 0.000000000000000000 ) ) ;
#4694 = FACE_OUTER_BOUND ( 'NONE', #1097, .T. ) ;
#4695 = CARTESIAN_POINT ( 'NONE',  ( -8.876074885489529720, 31.52633458119985477, 19.29906213241904922 ) ) ;
#4696 = B_SPLINE_CURVE_WITH_KNOTS ( 'NONE', 3,
 ( #2561, #5639, #1667, #434 ),
 .UNSPECIFIED., .F., .F.,
 ( 4, 4 ),
 ( 0.000000000000000000, 1.000000000000000000 ),
 .UNSPECIFIED. ) ;
#4697 = ORIENTED_EDGE ( 'NONE', *, *, #627, .F. ) ;
#4698 = CARTESIAN_POINT ( 'NONE',  ( -25.78472774452996319, -21.15072222774377408, 5.299930413964271558 ) ) ;
#4699 = CARTESIAN_POINT ( 'NONE',  ( -34.89021889268504140, -15.87354458225494902, 7.198984495132719985 ) ) ;
#4700 = EDGE_LOOP ( 'NONE', ( #3498, #4293, #3288, #4364 ) ) ;
#4701 = CARTESIAN_POINT ( 'NONE',  ( -34.07295162019551782, -15.98364054700459747, 5.884856263069208282 ) ) ;
#4702 = ADVANCED_FACE ( 'NONE', ( #758 ), #5256, .T. ) ;
#4703 = FACE_OUTER_BOUND ( 'NONE', #4590, .T. ) ;
#4704 = CIRCLE ( 'NONE', #3158, 3.400000000000000355 ) ;
#4705 = FACE_OUTER_BOUND ( 'NONE', #2019, .T. ) ;
#4706 = CARTESIAN_POINT ( 'NONE',  ( -8.322930553845409918, 31.84754675527314660, 9.525195065058721156 ) ) ;
#4707 = VERTEX_POINT ( 'NONE', #1287 ) ;
#4708 = CARTESIAN_POINT ( 'NONE',  ( 30.82610808743290320, 17.22551916679490347, 1.305235733751195948 ) ) ;
#4709 = CARTESIAN_POINT ( 'NONE',  ( 11.73600480591144368, 29.46159488215242206, -7.062188031561198009 ) ) ;
#4710 = CARTESIAN_POINT ( 'NONE',  ( -35.00000000000000000, -15.26688685875245000, 7.489970550236649594 ) ) ;
#4711 = AXIS2_PLACEMENT_3D ( 'NONE', #40, #3178, #1837 ) ;
#4712 = DIRECTION ( 'NONE',  ( -1.000000000000000000, 0.000000000000000000, 0.000000000000000000 ) ) ;
#4713 = CIRCLE ( 'NONE', #2966, 5.000000000000000888 ) ;
#4714 = EDGE_CURVE ( 'NONE', #3597, #4196, #398, .T. ) ;
#4715 = VERTEX_POINT ( 'NONE', #3459 ) ;
#4716 = CIRCLE ( 'NONE', #2236, 2.000000000000002220 ) ;
#4717 = CARTESIAN_POINT ( 'NONE',  ( -34.50000000000000000, 0.000000000000000000, 47.00000000000000000 ) ) ;
#4718 = CIRCLE ( 'NONE', #3994, 1.999999999999998224 ) ;
#4719 = DIRECTION ( 'NONE',  ( 0.000000000000000000, 0.000000000000000000, -1.000000000000000000 ) ) ;
#4720 = CARTESIAN_POINT ( 'NONE',  ( 33.00000000000000000, -15.48385181469829952, 8.000000000000000000 ) ) ;
#4721 = AXIS2_PLACEMENT_3D ( 'NONE', #117, #4512, #534 ) ;
#4722 = CARTESIAN_POINT ( 'NONE',  ( 8.131062364890039973, 31.95012156622284394, 9.500026640543149270 ) ) ;
#4723 = ORIENTED_EDGE ( 'NONE', *, *, #3378, .F. ) ;
#4724 = CARTESIAN_POINT ( 'NONE',  ( 8.484848484848459549, 33.95596186517419568, 7.500000000000000000 ) ) ;
#4725 = DIRECTION ( 'NONE',  ( 0.7686030849743117344, -0.6397259552089247236, 0.000000000000000000 ) ) ;
#4726 = DIRECTION ( 'NONE',  ( 0.000000000000000000, 0.000000000000000000, 1.000000000000000000 ) ) ;
#4727 = EDGE_CURVE ( 'NONE', #4497, #3777, #2715, .T. ) ;
#4728 = CARTESIAN_POINT ( 'NONE',  ( 12.61420223406030061, 32.64786069331530172, 10.57307265983089906 ) ) ;
#4729 = ORIENTED_EDGE ( 'NONE', *, *, #4819, .T. ) ;
#4730 = CARTESIAN_POINT ( 'NONE',  ( -25.77825173715112683, -21.14197830967079739, 5.294708015327804773 ) ) ;
#4731 = PLANE ( 'NONE',  #2784 ) ;
#4732 = CARTESIAN_POINT ( 'NONE',  ( 9.448053926585599172, 31.14938834081069885, 10.11893759762316058 ) ) ;
#4733 = VERTEX_POINT ( 'NONE', #2618 ) ;
#4734 = DIRECTION ( 'NONE',  ( 0.000000000000000000, 0.000000000000000000, 1.000000000000000000 ) ) ;
#4735 = EDGE_CURVE ( 'NONE', #3298, #4497, #1674, .T. ) ;
#4736 = CLOSED_SHELL ( 'NONE', ( #3381, #2321, #1684, #4309, #3410, #5746, #20, #2211, #4089, #133, #271, #4082, #1508, #802, #5696, #3739, #1071, #376, #2520, #5759, #1643, #4604, #4789, #1903, #3786, #5299, #4702, #1558, #3640, #2007, #3692, #1133, #1038, #4022, #863, #5119, #1974, #5171, #3250, #5544, #1625, #2423, #387, #443, #906, #3967, #5044, #542, #3389, #193, #4278, #212, #1926, #2823, #2161, #4150, #5457, #1818, #4567, #4141, #5260, #207, #2394, #3901, #2512, #341, #1656, #5644, #4891, #5261, #816, #1172, #2747, #1988, #2987, #2368, #2388, #2357, #1920, #3469, #2295, #3479, #334, #2359, #939, #2598, #3185, #3938, #1608, #125, #4839, #631, #4830, #322, #3837, #2640, #3226, #3132, #3621, #4279, #2605, #2774, #502, #1571, #4430, #2517, #5167, #210, #2551, #1175, #4822, #2063, #2026, #5275, #267, #5435, #1934, #4443, #1181, #2136, #1354, #2782, #4021, #4398, #1149, #4320, #3662, #3382, #4028, #5354, #3375, #4233, #3440, #742, #610, #2822, #3347 ) ) ;
#4737 = CARTESIAN_POINT ( 'NONE',  ( 34.92452269561550082, -15.80982751658170038, 7.302527160175780629 ) ) ;
#4738 = CARTESIAN_POINT ( 'NONE',  ( -10.00000000000000000, 30.74085229787894846, 17.50000000000000000 ) ) ;
#4739 = CARTESIAN_POINT ( 'NONE',  ( -8.816991779607290525, 31.56266667346870136, 9.673338713804589872 ) ) ;
#4740 = ORIENTED_EDGE ( 'NONE', *, *, #2885, .F. ) ;
#4741 = FACE_BOUND ( 'NONE', #35, .T. ) ;
#4742 = EDGE_CURVE ( 'NONE', #3045, #2154, #773, .T. ) ;
#4743 = DIRECTION ( 'NONE',  ( 0.000000000000000000, -1.000000000000000000, 9.227252531791526626E-17 ) ) ;
#4744 = CARTESIAN_POINT ( 'NONE',  ( -34.39964963517885366, -16.07994865514509897, 6.288592519225050026 ) ) ;
#4745 = CARTESIAN_POINT ( 'NONE',  ( 33.48548242567354549, -16.26713919888532800, 5.655250378134619282 ) ) ;
#4746 = EDGE_CURVE ( 'NONE', #2269, #846, #3717, .T. ) ;
#4747 = ORIENTED_EDGE ( 'NONE', *, *, #1966, .F. ) ;
#4748 = AXIS2_PLACEMENT_3D ( 'NONE', #789, #4887, #5259 ) ;
#4749 = CARTESIAN_POINT ( 'NONE',  ( 9.417959484650669566, 33.73685484157438452, -11.56974102245879976 ) ) ;
#4750 = DIRECTION ( 'NONE',  ( 0.000000000000000000, -8.673617379884039170E-17, -1.000000000000000000 ) ) ;
#4751 = DIRECTION ( 'NONE',  ( 0.000000000000000000, 0.000000000000000000, -1.000000000000000000 ) ) ;
#4752 = CARTESIAN_POINT ( 'NONE',  ( 0.000000000000000000, 19.69999999999999929, -20.84927391700995258 ) ) ;
#4753 = EDGE_CURVE ( 'NONE', #1802, #3401, #3086, .T. ) ;
#4754 = EDGE_LOOP ( 'NONE', ( #2675, #4834, #5242, #3368 ) ) ;
#4755 = CARTESIAN_POINT ( 'NONE',  ( -35.00000000000000000, -15.43566921052855001, 7.722103611046610361 ) ) ;
#4756 = ORIENTED_EDGE ( 'NONE', *, *, #5491, .F. ) ;
#4757 = CARTESIAN_POINT ( 'NONE',  ( 40.00000000000000000, 3.551475717527324818E-16, 49.89999999999999858 ) ) ;
#4758 = CARTESIAN_POINT ( 'NONE',  ( 26.26263878836993371, -21.79206145476038614, 5.862640675788371780 ) ) ;
#4759 = CARTESIAN_POINT ( 'NONE',  ( 40.00000000000000000, 0.000000000000000000, 26.59999999999999787 ) ) ;
#4760 = CARTESIAN_POINT ( 'NONE',  ( 12.33674726605749861, 32.75374920761005626, 9.818459839102057884 ) ) ;
#4761 = ORIENTED_EDGE ( 'NONE', *, *, #32, .T. ) ;
#4762 = CARTESIAN_POINT ( 'NONE',  ( -26.80077643654355413, -22.51040609137056947, 7.622942461156909211 ) ) ;
#4763 = CARTESIAN_POINT ( 'NONE',  ( 9.577259189430900932, 31.05803259652334702, 18.73664265744319835 ) ) ;
#4764 = CARTESIAN_POINT ( 'NONE',  ( -34.77831655920455489, -15.98230293723264950, 6.909406004835539683 ) ) ;
#4765 = ORIENTED_EDGE ( 'NONE', *, *, #3868, .T. ) ;
#4766 = DIRECTION ( 'NONE',  ( 0.000000000000000000, 0.000000000000000000, 1.000000000000000000 ) ) ;
#4767 =( BOUNDED_CURVE ( )  B_SPLINE_CURVE ( 3, ( #480, #897, #1862, #3076 ),
 .UNSPECIFIED., .F., .T. ) 
 B_SPLINE_CURVE_WITH_KNOTS ( ( 4, 4 ),
 ( 1.228613083672377870, 1.570796326794895004 ),
 .UNSPECIFIED. ) 
 CURVE ( )  GEOMETRIC_REPRESENTATION_ITEM ( )  RATIONAL_B_SPLINE_CURVE ( ( 1.000000000000000000, 0.9902663310775480232, 0.9902663310775480232, 1.000000000000000000 ) ) 
 REPRESENTATION_ITEM ( '' )  );
#4768 = CARTESIAN_POINT ( 'NONE',  ( 24.93556157425660302, 20.63841305707229878, -0.4181707222188124629 ) ) ;
#4769 = CARTESIAN_POINT ( 'NONE',  ( -18.91942106738274987, 29.46999611993890156, -2.875156862169979899 ) ) ;
#4770 = CARTESIAN_POINT ( 'NONE',  ( -10.00000000000000000, 30.74085229787894846, 11.50000000000000000 ) ) ;
#4771 = VERTEX_POINT ( 'NONE', #2649 ) ;
#4772 = CARTESIAN_POINT ( 'NONE',  ( 28.75000000000000000, 16.80260396486210084, 64.00000000000000000 ) ) ;
#4773 = CARTESIAN_POINT ( 'NONE',  ( 19.19507337519162604, 25.62845001807050238, -3.723272596750906605 ) ) ;
#4774 = CARTESIAN_POINT ( 'NONE',  ( -35.00000000000000000, -15.20465008099704995, 7.427847999377250154 ) ) ;
#4775 = ORIENTED_EDGE ( 'NONE', *, *, #4932, .F. ) ;
#4776 = CARTESIAN_POINT ( 'NONE',  ( 11.98914735578601665, 32.91737340513029864, -10.58164110219296639 ) ) ;
#4777 = DIRECTION ( 'NONE',  ( 0.000000000000000000, 0.9358194726972850486, -0.3524796654001129959 ) ) ;
#4778 = EDGE_CURVE ( 'NONE', #5134, #4715, #4884, .T. ) ;
#4779 = DIRECTION ( 'NONE',  ( 0.000000000000000000, -1.000000000000000000, 0.000000000000000000 ) ) ;
#4780 = DIRECTION ( 'NONE',  ( 0.000000000000000000, 0.6036410619233957275, 0.7972562124938225026 ) ) ;
#4781 = ORIENTED_EDGE ( 'NONE', *, *, #700, .T. ) ;
#4782 = CARTESIAN_POINT ( 'NONE',  ( -33.34789651997305526, -16.28392267699774720, 5.585747503558099680 ) ) ;
#4783 = CARTESIAN_POINT ( 'NONE',  ( 26.80077643654355057, -22.51040609137055171, 8.000000000000000000 ) ) ;
#4784 = EDGE_CURVE ( 'NONE', #1991, #5591, #2186, .T. ) ;
#4785 = EDGE_CURVE ( 'NONE', #4707, #4275, #3519, .T. ) ;
#4786 = DIRECTION ( 'NONE',  ( 1.000000000000000000, 0.000000000000000000, -2.451905973112094999E-16 ) ) ;
#4787 = CARTESIAN_POINT ( 'NONE',  ( 34.80320026473776807, -15.36312399948601914, 6.432388898291881318 ) ) ;
#4788 = CARTESIAN_POINT ( 'NONE',  ( -33.61248187889029992, -16.02530170703565204, 5.585946673701440268 ) ) ;
#4789 = ADVANCED_FACE ( 'NONE', ( #4414 ), #2216, .F. ) ;
#4790 = CARTESIAN_POINT ( 'NONE',  ( 8.484848484848459549, 33.95596186517419568, 7.500000000000000000 ) ) ;
#4791 = ORIENTED_EDGE ( 'NONE', *, *, #1307, .T. ) ;
#4792 = CARTESIAN_POINT ( 'NONE',  ( -5.469003559598959008, -30.00000000065485040, 8.000000000000000000 ) ) ;
#4793 = CARTESIAN_POINT ( 'NONE',  ( 9.280581800882050203, 31.26443194551419680, 19.03661296361680400 ) ) ;
#4794 = ORIENTED_EDGE ( 'NONE', *, *, #5611, .F. ) ;
#4795 = CARTESIAN_POINT ( 'NONE',  ( -10.00000000000000000, 30.74085229787894846, 11.50000000000000000 ) ) ;
#4796 = CARTESIAN_POINT ( 'NONE',  ( -30.75000000000000000, 16.80260396486210084, 54.00000000000000000 ) ) ;
#4797 = VERTEX_POINT ( 'NONE', #2123 ) ;
#4798 = CARTESIAN_POINT ( 'NONE',  ( -28.15887731601969080, -2.826558438271660201, 30.25382690351117887 ) ) ;
#4799 = CARTESIAN_POINT ( 'NONE',  ( 8.383889563790472010, 30.47170847126017890, -8.094565227089885795 ) ) ;
#4800 = CARTESIAN_POINT ( 'NONE',  ( 11.82785414176865935, 32.94102035412865348, 9.033784563751371621 ) ) ;
#4801 = AXIS2_PLACEMENT_3D ( 'NONE', #5405, #996, #418 ) ;
#4802 = VERTEX_POINT ( 'NONE', #1693 ) ;
#4803 = EDGE_CURVE ( 'NONE', #3435, #3604, #835, .T. ) ;
#4804 = CARTESIAN_POINT ( 'NONE',  ( -4.539259443246800529, 34.71035335893915885, -7.589797938118420184 ) ) ;
#4805 = CARTESIAN_POINT ( 'NONE',  ( 8.000000000000000000, 32.01562118716435634, 19.50000000000000000 ) ) ;
#4806 = CIRCLE ( 'NONE', #557, 2.000000000000000444 ) ;
#4807 = CARTESIAN_POINT ( 'NONE',  ( -28.18680907497983767, 2.532890709099679505, 45.53643941731388622 ) ) ;
#4808 = CARTESIAN_POINT ( 'NONE',  ( -32.11816627177126549, 19.59687665428828751, 3.127140797999751864 ) ) ;
#4809 = DIRECTION ( 'NONE',  ( 0.000000000000000000, 0.000000000000000000, 1.000000000000000000 ) ) ;
#4810 = EDGE_CURVE ( 'NONE', #5552, #2817, #2887, .T. ) ;
#4811 = AXIS2_PLACEMENT_3D ( 'NONE', #161, #634, #2416 ) ;
#4812 = CONICAL_SURFACE ( 'NONE', #1402, 2.899999999999999911, 0.7853981633974476129 ) ;
#4813 = EDGE_LOOP ( 'NONE', ( #653, #2851, #1972 ) ) ;
#4814 = CARTESIAN_POINT ( 'NONE',  ( 9.996579254902059120, 30.74352542462204951, 11.36538232797194148 ) ) ;
#4815 = ORIENTED_EDGE ( 'NONE', *, *, #3975, .F. ) ;
#4816 = CARTESIAN_POINT ( 'NONE',  ( -33.00000000000000000, 15.50910527760489899, -61.00000000000000000 ) ) ;
#4817 = CARTESIAN_POINT ( 'NONE',  ( 34.74348547617688610, -15.42443346852960850, 6.333862899996661966 ) ) ;
#4818 = CARTESIAN_POINT ( 'NONE',  ( -34.04180134949208281, -15.95619353717577305, 5.834739773076218050 ) ) ;
#4819 = EDGE_CURVE ( 'NONE', #5329, #3733, #76, .T. ) ;
#4820 = AXIS2_PLACEMENT_3D ( 'NONE', #2387, #2875, #609 ) ;
#4821 = CARTESIAN_POINT ( 'NONE',  ( 9.999999999999998224, 26.47434046536665875, 17.63091564362479957 ) ) ;
#4822 = ADVANCED_FACE ( 'NONE', ( #3186 ), #2710, .T. ) ;
#4823 = PRODUCT_DEFINITION ( 'General', '', #2057, #4664 ) ;
#4824 = AXIS2_PLACEMENT_3D ( 'NONE', #3064, #5760, #3556 ) ;
#4825 = FACE_OUTER_BOUND ( 'NONE', #4329, .T. ) ;
#4826 = ORIENTED_EDGE ( 'NONE', *, *, #5375, .T. ) ;
#4827 = CARTESIAN_POINT ( 'NONE',  ( 33.35578841082645596, 15.08164087986919810, 2.254940249537829899 ) ) ;
#4828 = CARTESIAN_POINT ( 'NONE',  ( 9.354251748128479704, 31.21426898144065021, 18.97209382633594998 ) ) ;
#4829 = ORIENTED_EDGE ( 'NONE', *, *, #386, .T. ) ;
#4830 = ADVANCED_FACE ( 'NONE', ( #3214 ), #5594, .F. ) ;
#4831 = CARTESIAN_POINT ( 'NONE',  ( 10.00000000000000000, 39.00000000000000000, 17.50000000000000000 ) ) ;
#4832 = CARTESIAN_POINT ( 'NONE',  ( 9.669687561482108507, 30.99064612352350068, 18.60147545551689774 ) ) ;
#4833 = DIRECTION ( 'NONE',  ( 0.000000000000000000, 0.000000000000000000, 1.000000000000000000 ) ) ;
#4834 = ORIENTED_EDGE ( 'NONE', *, *, #1735, .F. ) ;
#4835 = DIRECTION ( 'NONE',  ( 0.000000000000000000, 0.000000000000000000, -1.000000000000000000 ) ) ;
#4836 = EDGE_CURVE ( 'NONE', #5741, #167, #940, .T. ) ;
#4837 = CARTESIAN_POINT ( 'NONE',  ( -27.29893408577782665, 22.13786687163149480, 1.903598113717470008 ) ) ;
#4838 = LINE ( 'NONE', #2639, #5316 ) ;
#4839 = ADVANCED_FACE ( 'NONE', ( #4016 ), #1224, .F. ) ;
#4840 = VERTEX_POINT ( 'NONE', #4047 ) ;
#4841 = CARTESIAN_POINT ( 'NONE',  ( -4.879002570373859982, 31.15915396314435171, -8.837483459220269566 ) ) ;
#4842 = CARTESIAN_POINT ( 'NONE',  ( 33.76917440891881483, -15.87907975218798384, 5.563303605434900767 ) ) ;
#4843 = VECTOR ( 'NONE', #1559, 1000.000000000000000 ) ;
#4844 = CARTESIAN_POINT ( 'NONE',  ( -34.50000000000000000, 0.000000000000000000, 12.00000000000000000 ) ) ;
#4845 = CARTESIAN_POINT ( 'NONE',  ( -34.99959609221565415, 15.54929816249589969, 4.176056798680570559 ) ) ;
#4846 = DIRECTION ( 'NONE',  ( 0.6397259552089265000, 0.7686030849743101800, 0.000000000000000000 ) ) ;
#4847 = AXIS2_PLACEMENT_3D ( 'NONE', #5645, #343, #1673 ) ;
#4848 = ORIENTED_EDGE ( 'NONE', *, *, #218, .F. ) ;
#4849 = CARTESIAN_POINT ( 'NONE',  ( -8.763136342082779251, 26.90905938397141384, 9.651317023212207857 ) ) ;
#4850 = VERTEX_POINT ( 'NONE', #46 ) ;
#4851 = DIRECTION ( 'NONE',  ( 0.000000000000000000, 0.000000000000000000, 1.000000000000000000 ) ) ;
#4852 = EDGE_CURVE ( 'NONE', #942, #1740, #209, .T. ) ;
#4853 = DIRECTION ( 'NONE',  ( -1.000000000000000000, 0.000000000000000000, 0.000000000000000000 ) ) ;
#4854 = DIRECTION ( 'NONE',  ( 0.000000000000000000, 0.000000000000000000, 1.000000000000000000 ) ) ;
#4855 = CARTESIAN_POINT ( 'NONE',  ( 9.930867462313450744, 26.50042935034115743, 18.02567782556797482 ) ) ;
#4856 = DIRECTION ( 'NONE',  ( 0.000000000000000000, 0.2232207084014612430, 0.9747679289660436952 ) ) ;
#4857 = EDGE_CURVE ( 'NONE', #2086, #2286, #173, .T. ) ;
#4858 = VERTEX_POINT ( 'NONE', #4688 ) ;
#4859 = DIRECTION ( 'NONE',  ( 0.000000000000000000, 0.000000000000000000, -1.000000000000000000 ) ) ;
#4860 = CARTESIAN_POINT ( 'NONE',  ( 8.816991779607279867, 31.56266667346870136, 19.32666128619539947 ) ) ;
#4861 = ORIENTED_EDGE ( 'NONE', *, *, #4158, .T. ) ;
#4862 = EDGE_CURVE ( 'NONE', #83, #784, #5657, .T. ) ;
#4863 = CARTESIAN_POINT ( 'NONE',  ( -34.99989819532441260, -15.47019309607038906, 7.756770463897322720 ) ) ;
#4864 = CARTESIAN_POINT ( 'NONE',  ( 9.971929808617948865, 30.76271017861895274, 17.83560788333855029 ) ) ;
#4865 = EDGE_CURVE ( 'NONE', #540, #516, #2502, .T. ) ;
#4866 = CARTESIAN_POINT ( 'NONE',  ( -26.75000000000000000, 16.80260396486210084, 63.00000000000000000 ) ) ;
#4867 = EDGE_CURVE ( 'NONE', #3658, #4369, #4922, .T. ) ;
#4868 = ORIENTED_EDGE ( 'NONE', *, *, #5065, .T. ) ;
#4869 = CARTESIAN_POINT ( 'NONE',  ( 30.43510164094135106, -16.98420142851290038, 8.000000000000000000 ) ) ;
#4870 = CARTESIAN_POINT ( 'NONE',  ( -11.36052965214569888, 33.10512217578480687, 20.44369180646140194 ) ) ;
#4871 = CARTESIAN_POINT ( 'NONE',  ( 12.44473610604783786, 32.71282955886290011, 10.06312852708355976 ) ) ;
#4872 = B_SPLINE_CURVE_WITH_KNOTS ( 'NONE', 3,
 ( #304, #1262, #4415, #3028, #3550, #4787, #814, #1288, #4817, #848, #2585, #2620, #4386, #2187, #3951, #1815, #2252, #2372, #137, #2772, #2744, #4507, #5472, #1492 ),
 .UNSPECIFIED., .F., .F.,
 ( 4, 2, 2, 2, 1, 1, 2, 2, 2, 2, 2, 2, 4 ),
 ( 0.000000000000000000, 0.2500000000000616729, 0.3750000000000926481, 0.4375000000001075806, 0.4687500000001145750, 0.4843750000001153522, 0.4921875000001134648, 0.5000000000001115774, 0.6250000000000879297, 0.6875000000000793809, 0.7187500000000747180, 0.7500000000000700551, 1.000000000000000000 ),
 .UNSPECIFIED. ) ;
#4873 = EDGE_CURVE ( 'NONE', #1117, #264, #4236, .T. ) ;
#4874 = ORIENTED_EDGE ( 'NONE', *, *, #3988, .F. ) ;
#4875 = CARTESIAN_POINT ( 'NONE',  ( -3.052890113596247179, 34.90099280034842621, -13.05589270578509442 ) ) ;
#4876 = CARTESIAN_POINT ( 'NONE',  ( 33.00000000000000000, 15.50910527760495050, 4.176056798680550131 ) ) ;
#4877 = CARTESIAN_POINT ( 'NONE',  ( -34.99983334048219774, -15.50985830563474899, 47.19453776478029283 ) ) ;
#4878 = DIRECTION ( 'NONE',  ( -1.000000000000000000, 0.000000000000000000, 0.000000000000000000 ) ) ;
#4879 = FACE_OUTER_BOUND ( 'NONE', #3332, .T. ) ;
#4880 = ORIENTED_EDGE ( 'NONE', *, *, #1551, .F. ) ;
#4881 = CARTESIAN_POINT ( 'NONE',  ( -35.00000000000000000, -15.48385181487974904, 47.22836982661770122 ) ) ;
#4882 = CARTESIAN_POINT ( 'NONE',  ( 0.000000000000000000, 0.000000000000000000, 8.000000000000000000 ) ) ;
#4883 = CARTESIAN_POINT ( 'NONE',  ( 9.999997978084341099, 30.74085334412589887, 11.43237265496343902 ) ) ;
#4884 = LINE ( 'NONE', #2998, #831 ) ;
#4885 = LINE ( 'NONE', #2650, #4343 ) ;
#4886 = DIRECTION ( 'NONE',  ( 1.000000000000000000, 0.000000000000000000, 0.000000000000000000 ) ) ;
#4887 = DIRECTION ( 'NONE',  ( 0.000000000000000000, 0.000000000000000000, 1.000000000000000000 ) ) ;
#4888 = DIRECTION ( 'NONE',  ( 1.000000000000000000, 0.000000000000000000, 0.000000000000000000 ) ) ;
#4889 = ORIENTED_EDGE ( 'NONE', *, *, #1394, .F. ) ;
#4890 = CARTESIAN_POINT ( 'NONE',  ( -35.00000000000000000, 20.00000000000035172, 64.00000000000000000 ) ) ;
#4891 = ADVANCED_FACE ( 'NONE', ( #5111 ), #3346, .F. ) ;
#4892 = DIRECTION ( 'NONE',  ( -1.000000000000000000, 0.000000000000000000, 0.000000000000000000 ) ) ;
#4893 = ORIENTED_EDGE ( 'NONE', *, *, #438, .F. ) ;
#4894 = FACE_OUTER_BOUND ( 'NONE', #5026, .T. ) ;
#4895 = CARTESIAN_POINT ( 'NONE',  ( 9.786631987122898835, 30.90411245744095226, 18.40130342645390016 ) ) ;
#4896 = FACE_OUTER_BOUND ( 'NONE', #116, .T. ) ;
#4897 = ORIENTED_EDGE ( 'NONE', *, *, #1472, .F. ) ;
#4898 = CARTESIAN_POINT ( 'NONE',  ( -28.26427992334991757, -1.465232725234157263, 32.03197444291283347 ) ) ;
#4899 = CARTESIAN_POINT ( 'NONE',  ( 35.00000000127504762, -15.49763501467953120, 47.23583924815066126 ) ) ;
#4900 = FACE_BOUND ( 'NONE', #1160, .T. ) ;
#4901 = VERTEX_POINT ( 'NONE', #666 ) ;
#4902 = CARTESIAN_POINT ( 'NONE',  ( 25.30352856881733814, 24.23758263259568935, -2.629793886606557773 ) ) ;
#4903 = CARTESIAN_POINT ( 'NONE',  ( -29.83691429206184864, 17.74117314562429826, 1.069026457436232036 ) ) ;
#4904 = CARTESIAN_POINT ( 'NONE',  ( 34.50000000000000000, 0.000000000000000000, 26.59999999999999787 ) ) ;
#4905 = CARTESIAN_POINT ( 'NONE',  ( -12.72727272727255965, 32.60393425532604539, 17.50000000000000000 ) ) ;
#4906 = CARTESIAN_POINT ( 'NONE',  ( -34.99997123935879983, 15.53063459148044956, 4.358543318961469737 ) ) ;
#4907 = CARTESIAN_POINT ( 'NONE',  ( 8.836010973391521972, 26.88776102140402813, 9.678540238046446476 ) ) ;
#4908 = VERTEX_POINT ( 'NONE', #3827 ) ;
#4909 = CARTESIAN_POINT ( 'NONE',  ( -8.758672218336357673, 26.91051234930575475, 9.649480534985636737 ) ) ;
#4910 = AXIS2_PLACEMENT_3D ( 'NONE', #1788, #3190, #2312 ) ;
#4911 = ORIENTED_EDGE ( 'NONE', *, *, #4810, .T. ) ;
#4912 = TOROIDAL_SURFACE ( 'NONE', #1030, 47.00000000000000000, 3.000000000000000000 ) ;
#4913 = CARTESIAN_POINT ( 'NONE',  ( -34.30273432244124621, -16.08824257589609985, 6.175499357377150389 ) ) ;
#4914 = CARTESIAN_POINT ( 'NONE',  ( -8.418876002587630580, 31.79463122780149575, 19.45591762393394930 ) ) ;
#4915 = CARTESIAN_POINT ( 'NONE',  ( -28.30000000000000426, 0.3857545809268995152, 26.60000000000000142 ) ) ;
#4916 = CARTESIAN_POINT ( 'NONE',  ( 8.763136342251900857, 26.90905938392686636, 19.34868297671804172 ) ) ;
#4917 = VECTOR ( 'NONE', #4557, 1000.000000000000000 ) ;
#4918 = AXIS2_PLACEMENT_3D ( 'NONE', #1465, #3244, #2857 ) ;
#4919 = CARTESIAN_POINT ( 'NONE',  ( -9.982118266772600279, 30.75479089583180325, 11.23103876611511964 ) ) ;
#4920 = ORIENTED_EDGE ( 'NONE', *, *, #3960, .T. ) ;
#4921 = CARTESIAN_POINT ( 'NONE',  ( -12.02660997886779981, 32.86886710071884465, 9.297049088920049442 ) ) ;
#4922 = CIRCLE ( 'NONE', #1875, 2.999999999999957367 ) ;
#4923 = AXIS2_PLACEMENT_3D ( 'NONE', #4941, #5372, #1000 ) ;
#4924 = DIRECTION ( 'NONE',  ( 0.000000000000000000, -1.000000000000000000, 6.938893903907228378E-17 ) ) ;
#4925 = ORIENTED_EDGE ( 'NONE', *, *, #3295, .T. ) ;
#4926 = CARTESIAN_POINT ( 'NONE',  ( 35.00000000000000000, -15.48385181469829952, 47.00000000000000000 ) ) ;
#4927 = EDGE_CURVE ( 'NONE', #3353, #64, #85, .T. ) ;
#4928 = CARTESIAN_POINT ( 'NONE',  ( 11.65353473136310036, 33.00360589816669687, 20.17228539155710010 ) ) ;
#4929 = CARTESIAN_POINT ( 'NONE',  ( 33.51401933473760408, -14.88177244760136020, 5.173926992417160697 ) ) ;
#4930 = ORIENTED_EDGE ( 'NONE', *, *, #1576, .T. ) ;
#4931 = CARTESIAN_POINT ( 'NONE',  ( -28.29999999999999716, 3.465750465278059542E-15, 32.39999999999999858 ) ) ;
#4932 = EDGE_CURVE ( 'NONE', #127, #2381, #274, .T. ) ;
#4933 = CARTESIAN_POINT ( 'NONE',  ( -12.14250551128590061, 32.82627947971899829, 19.53078320109629828 ) ) ;
#4934 = CARTESIAN_POINT ( 'NONE',  ( -34.53720616994860393, 16.78855718802275021, 4.726781669297739796 ) ) ;
#4935 = ORIENTED_EDGE ( 'NONE', *, *, #4753, .T. ) ;
#4936 = EDGE_CURVE ( 'NONE', #5159, #5695, #4090, .T. ) ;
#4937 = ORIENTED_EDGE ( 'NONE', *, *, #893, .T. ) ;
#4938 = CARTESIAN_POINT ( 'NONE',  ( -27.37477233163906476, 18.79680876001906853, 0.5603156262062530812 ) ) ;
#4939 = CARTESIAN_POINT ( 'NONE',  ( 28.29999999999999716, 0.3848661865893460710, 9.099999999999997868 ) ) ;
#4940 = CARTESIAN_POINT ( 'NONE',  ( 34.50000000000000000, 0.000000000000000000, 47.00000000000000000 ) ) ;
#4941 = CARTESIAN_POINT ( 'NONE',  ( 33.00000000000000000, -15.48385181469824978, -20.85027391700995381 ) ) ;
#4942 = CARTESIAN_POINT ( 'NONE',  ( 27.68007141328414988, 21.88559847909780132, 2.058014911985725170 ) ) ;
#4943 = EDGE_CURVE ( 'NONE', #4619, #2316, #1040, .T. ) ;
#4944 = ORIENTED_EDGE ( 'NONE', *, *, #5501, .F. ) ;
#4945 = AXIS2_PLACEMENT_3D ( 'NONE', #2852, #5160, #273 ) ;
#4946 = CARTESIAN_POINT ( 'NONE',  ( -8.924144153868228457, 26.85622328091559652, 9.725959816875725750 ) ) ;
#4947 = DIRECTION ( 'NONE',  ( 0.000000000000000000, 0.000000000000000000, 1.000000000000000000 ) ) ;
#4948 = EDGE_CURVE ( 'NONE', #3789, #4043, #3797, .T. ) ;
#4949 = CARTESIAN_POINT ( 'NONE',  ( -9.690079476708300277, 30.97576721674995071, 18.57141867096149923 ) ) ;
#4950 = CARTESIAN_POINT ( 'NONE',  ( -28.30000000000000426, 0.3842395914415179803, 32.40000000000000568 ) ) ;
#4951 = CARTESIAN_POINT ( 'NONE',  ( -28.29999999999999716, -0.3848661866197690129, 44.10000000000000853 ) ) ;
#4952 = AXIS2_PLACEMENT_3D ( 'NONE', #1128, #770, #4303 ) ;
#4953 = EDGE_CURVE ( 'NONE', #1315, #127, #4368, .T. ) ;
#4954 = CARTESIAN_POINT ( 'NONE',  ( -8.816991779607290525, 31.56266667346870136, 9.673338713804589872 ) ) ;
#4955 = EDGE_LOOP ( 'NONE', ( #2958, #2954 ) ) ;
#4956 = DIRECTION ( 'NONE',  ( -0.9534402494982919807, 0.3015819799600680251, 0.000000000000000000 ) ) ;
#4957 = CIRCLE ( 'NONE', #1904, 44.00000000000000000 ) ;
#4958 = CARTESIAN_POINT ( 'NONE',  ( 35.00000000000000000, -15.37694741307084989, 7.634285697001149451 ) ) ;
#4959 = ORIENTED_EDGE ( 'NONE', *, *, #523, .F. ) ;
#4960 = DIRECTION ( 'NONE',  ( 1.000000000000000000, 0.000000000000000000, 0.000000000000000000 ) ) ;
#4961 = CARTESIAN_POINT ( 'NONE',  ( 11.83054979589650024, 32.94033760232425578, 19.97328531470150281 ) ) ;
#4962 = ORIENTED_EDGE ( 'NONE', *, *, #2489, .F. ) ;
#4963 = CARTESIAN_POINT ( 'NONE',  ( 33.51401933474035388, -14.88177244759607909, 5.173926992416699733 ) ) ;
#4964 = CARTESIAN_POINT ( 'NONE',  ( 35.00000000000000000, -15.48385181469820004, 47.70734219474490345 ) ) ;
#4965 = CARTESIAN_POINT ( 'NONE',  ( -34.92064769777820743, -15.19890356551609401, 6.699766526239193887 ) ) ;
#4966 = ORIENTED_EDGE ( 'NONE', *, *, #59, .F. ) ;
#4967 = CARTESIAN_POINT ( 'NONE',  ( 19.87270128679184822, 28.81719442974975109, -2.388981106447789937 ) ) ;
#4968 = VERTEX_POINT ( 'NONE', #5692 ) ;
#4969 = CARTESIAN_POINT ( 'NONE',  ( 34.99238363846993138, -16.17813293251503381, 7.491299927554543991 ) ) ;
#4970 = CARTESIAN_POINT ( 'NONE',  ( 28.91088794945320117, 15.73248864307934980, -61.00000000000000000 ) ) ;
#4971 = CARTESIAN_POINT ( 'NONE',  ( 28.15888572513303956, -2.826463495702628226, 46.24605691672184804 ) ) ;
#4972 = LINE ( 'NONE', #2273, #86 ) ;
#4973 = FACE_OUTER_BOUND ( 'NONE', #5066, .T. ) ;
#4974 = ORIENTED_EDGE ( 'NONE', *, *, #1924, .T. ) ;
#4975 = CARTESIAN_POINT ( 'NONE',  ( -8.875612737258288476, 26.87227137474651784, 9.701187155121630212 ) ) ;
#4976 = SURFACE_STYLE_USAGE ( .BOTH. , #3672 ) ;
#4977 = CARTESIAN_POINT ( 'NONE',  ( 34.99999999999998579, -15.47427599008393884, 6.051620122852949812 ) ) ;
#4978 = PLANE ( 'NONE',  #1863 ) ;
#4979 = CARTESIAN_POINT ( 'NONE',  ( 34.99065363601484790, 15.70223244146575325, 4.176056798680550131 ) ) ;
#4980 = CARTESIAN_POINT ( 'NONE',  ( 9.075494079862403751, 26.80562526541367774, 19.18744972695447970 ) ) ;
#4981 = EDGE_CURVE ( 'NONE', #1581, #4369, #1715, .T. ) ;
#4982 = CARTESIAN_POINT ( 'NONE',  ( -9.378029619647520576, 31.19791134481999606, 10.05013235301107777 ) ) ;
#4983 = ORIENTED_EDGE ( 'NONE', *, *, #973, .F. ) ;
#4984 = CARTESIAN_POINT ( 'NONE',  ( -11.20123412308310051, 33.15924600281795165, 8.426774072766550105 ) ) ;
#4985 = EDGE_CURVE ( 'NONE', #3023, #1101, #5466, .T. ) ;
#4986 = CARTESIAN_POINT ( 'NONE',  ( 28.26424073160513828, 1.465908556107276439, 44.46842200444248050 ) ) ;
#4987 = VERTEX_POINT ( 'NONE', #4904 ) ;
#4988 = CARTESIAN_POINT ( 'NONE',  ( 30.75000000000000000, 16.80260396486210084, 63.00000000000000000 ) ) ;
#4989 =( BOUNDED_CURVE ( )  B_SPLINE_CURVE ( 3, ( #2352, #92, #3656, #5430 ),
 .UNSPECIFIED., .F., .F. ) 
 B_SPLINE_CURVE_WITH_KNOTS ( ( 4, 4 ),
 ( 0.000000000000000000, 1.000000000000000000 ),
 .UNSPECIFIED. ) 
 CURVE ( )  GEOMETRIC_REPRESENTATION_ITEM ( )  RATIONAL_B_SPLINE_CURVE ( ( 0.9999999916442987580, 0.9999999914023857128, 0.9999999911881545245, 0.9999999909793226838 ) ) 
 REPRESENTATION_ITEM ( '' )  );
#4990 = CARTESIAN_POINT ( 'NONE',  ( 12.69836175114127919, 32.61520609650300173, 17.97104710728354604 ) ) ;
#4991 = CARTESIAN_POINT ( 'NONE',  ( 26.80077643654355057, -22.51040609137055171, -20.84927391700995258 ) ) ;
#4992 = VERTEX_POINT ( 'NONE', #1432 ) ;
#4993 = CARTESIAN_POINT ( 'NONE',  ( -35.00000000000000000, -15.48385181469814853, 47.00000000000000000 ) ) ;
#4994 = CARTESIAN_POINT ( 'NONE',  ( 34.50000000000000000, 3.551475717527324818E-16, 44.10000000000000142 ) ) ;
#4995 = CARTESIAN_POINT ( 'NONE',  ( 15.76483691330974857, 31.27177029565560318, -4.333975031745810114 ) ) ;
#4996 = CARTESIAN_POINT ( 'NONE',  ( -31.03939420526965165, 17.05265710470860085, 1.383019203993413937 ) ) ;
#4997 = LINE ( 'NONE', #3666, #260 ) ;
#4998 = CARTESIAN_POINT ( 'NONE',  ( 8.000000000000000000, 39.00000000000000000, 17.50000000000000000 ) ) ;
#4999 = DIRECTION ( 'NONE',  ( -0.6429025854938241746, 0.7659479522561283282, 0.000000000000000000 ) ) ;
#5000 = CARTESIAN_POINT ( 'NONE',  ( 26.50788176343035119, 19.34168553070849939, 0.2826505980435010112 ) ) ;
#5001 = EDGE_CURVE ( 'NONE', #5109, #5062, #487, .T. ) ;
#5002 = EDGE_CURVE ( 'NONE', #4858, #3592, #4069, .T. ) ;
#5003 = ORIENTED_EDGE ( 'NONE', *, *, #2926, .T. ) ;
#5004 =( NAMED_UNIT ( * ) SI_UNIT ( $, .STERADIAN. ) SOLID_ANGLE_UNIT ( ) );
#5005 = CARTESIAN_POINT ( 'NONE',  ( 34.12303686573216766, -16.03576757178143808, 5.972183036631888875 ) ) ;
#5006 = CARTESIAN_POINT ( 'NONE',  ( -9.815895139709960304, 30.88210639574889882, 18.34077008045589707 ) ) ;
#5007 = CARTESIAN_POINT ( 'NONE',  ( 28.29999999999999716, -6.515341870076819610E-16, 26.59999999999999787 ) ) ;
#5008 = AXIS2_PLACEMENT_3D ( 'NONE', #2808, #1849, #2749 ) ;
#5009 = CARTESIAN_POINT ( 'NONE',  ( 32.75390337432470034, 18.93111841912400095, 64.00000000000000000 ) ) ;
#5010 = ORIENTED_EDGE ( 'NONE', *, *, #3960, .F. ) ;
#5011 = CARTESIAN_POINT ( 'NONE',  ( -34.16772401490044331, -16.09421705513310030, 6.058235658679389957 ) ) ;
#5012 = CARTESIAN_POINT ( 'NONE',  ( -10.00000000000000000, 26.47432718691825215, 17.50000000000000000 ) ) ;
#5013 = TOROIDAL_SURFACE ( 'NONE', #3256, 2.000000000000000000, 3.000000000000000000 ) ;
#5014 = CIRCLE ( 'NONE', #645, 3.000000000000000444 ) ;
#5015 = CARTESIAN_POINT ( 'NONE',  ( -8.000000000000000000, 32.01562118716435634, 19.50000000000000000 ) ) ;
#5016 = AXIS2_PLACEMENT_3D ( 'NONE', #1104, #1901, #5519 ) ;
#5017 = CARTESIAN_POINT ( 'NONE',  ( 12.06457534379829966, 32.85494697611260051, 19.64768882703939923 ) ) ;
#5018 = FACE_OUTER_BOUND ( 'NONE', #2203, .T. ) ;
#5019 = ORIENTED_EDGE ( 'NONE', *, *, #2460, .F. ) ;
#5020 = LINE ( 'NONE', #1053, #735 ) ;
#5021 = EDGE_CURVE ( 'NONE', #5091, #533, #2736, .T. ) ;
#5022 = LINE ( 'NONE', #4994, #6 ) ;
#5023 = AXIS2_PLACEMENT_3D ( 'NONE', #3532, #3130, #5300 ) ;
#5024 = EDGE_CURVE ( 'NONE', #5741, #4858, #2046, .T. ) ;
#5025 = DIRECTION ( 'NONE',  ( 0.000000000000000000, -0.9747679289660957647, 0.2232207084012339249 ) ) ;
#5026 = EDGE_LOOP ( 'NONE', ( #2920, #2684, #3205, #687, #800, #5238 ) ) ;
#5027 = DIRECTION ( 'NONE',  ( 0.000000000000000000, -8.673617379884039170E-17, -1.000000000000000000 ) ) ;
#5028 = DIRECTION ( 'NONE',  ( 0.000000000000000000, 0.000000000000000000, 1.000000000000000000 ) ) ;
#5029 = CARTESIAN_POINT ( 'NONE',  ( -10.00000000000000000, 26.47432718691825215, 11.50000000000000000 ) ) ;
#5030 = ORIENTED_EDGE ( 'NONE', *, *, #2894, .T. ) ;
#5031 = CARTESIAN_POINT ( 'NONE',  ( 35.00000000000000000, -14.10669310721444702, 7.000000000000000888 ) ) ;
#5032 = CARTESIAN_POINT ( 'NONE',  ( 35.00000000000002132, -15.73290787232739518, 6.535433133790266247 ) ) ;
#5033 = CARTESIAN_POINT ( 'NONE',  ( -9.967536966003329724, 33.55093978119409570, 21.24996259752040118 ) ) ;
#5034 = CARTESIAN_POINT ( 'NONE',  ( -34.99981003221670051, -15.51141692027299968, 7.925595575824298855 ) ) ;
#5035 = CARTESIAN_POINT ( 'NONE',  ( -10.70028453643023880, 33.32444034364630170, 8.086300180992180842 ) ) ;
#5036 = ORIENTED_EDGE ( 'NONE', *, *, #3442, .T. ) ;
#5037 = CARTESIAN_POINT ( 'NONE',  ( -12.61214120630713964, 32.64865755242029621, 10.56478175617986004 ) ) ;
#5038 = CARTESIAN_POINT ( 'NONE',  ( 35.00000000000000000, -15.39469134699105091, 7.664663884551000450 ) ) ;
#5039 = AXIS2_PLACEMENT_3D ( 'NONE', #734, #1241, #1813 ) ;
#5040 = DIRECTION ( 'NONE',  ( -0.9534402494982924248, -0.3015819799600666373, 0.000000000000000000 ) ) ;
#5041 = AXIS2_PLACEMENT_3D ( 'NONE', #5200, #2893, #1233 ) ;
#5042 = CARTESIAN_POINT ( 'NONE',  ( 10.21786135070531820, 33.47555556276264355, 21.15332257238150149 ) ) ;
#5043 = CARTESIAN_POINT ( 'NONE',  ( 12.33564818916712014, 32.75416301876100533, 19.18375354001980071 ) ) ;
#5044 = ADVANCED_FACE ( 'NONE', ( #4434 ), #1869, .T. ) ;
#5045 = ORIENTED_EDGE ( 'NONE', *, *, #4953, .T. ) ;
#5046 = CARTESIAN_POINT ( 'NONE',  ( -35.00000000000000000, -15.11408154316849917, 7.352745219559709611 ) ) ;
#5047 = CARTESIAN_POINT ( 'NONE',  ( 28.29999999999999716, -0.3842395913116044004, 14.89999999999999858 ) ) ;
#5048 = EDGE_CURVE ( 'NONE', #2777, #4908, #4997, .T. ) ;
#5049 = EDGE_CURVE ( 'NONE', #3338, #994, #1747, .T. ) ;
#5050 = EDGE_CURVE ( 'NONE', #5591, #1452, #139, .T. ) ;
#5051 = CARTESIAN_POINT ( 'NONE',  ( 34.99999999999999289, -15.73290787232763144, 6.535433133789565474 ) ) ;
#5052 = ORIENTED_EDGE ( 'NONE', *, *, #5176, .F. ) ;
#5053 = CARTESIAN_POINT ( 'NONE',  ( -31.21669720437609996, 16.84931803103765091, 1.472074052342826178 ) ) ;
#5054 = CARTESIAN_POINT ( 'NONE',  ( -34.98474770534928524, 16.25085537686087633, 1.759509705171041327 ) ) ;
#5055 = CARTESIAN_POINT ( 'NONE',  ( 28.75000000000000000, -16.80260396486210084, 63.00000000000000000 ) ) ;
#5056 = ORIENTED_EDGE ( 'NONE', *, *, #5247, .F. ) ;
#5057 = DIRECTION ( 'NONE',  ( 0.000000000000000000, 0.000000000000000000, 1.000000000000000000 ) ) ;
#5058 = DIRECTION ( 'NONE',  ( 0.000000000000000000, -0.6036410619233252284, -0.7972562124938759043 ) ) ;
#5059 = CARTESIAN_POINT ( 'NONE',  ( 30.91384852147386653, 20.33918052446537317, 2.923540620549367919 ) ) ;
#5060 = LINE ( 'NONE', #1142, #934 ) ;
#5061 = CARTESIAN_POINT ( 'NONE',  ( -12.72727272727258097, 32.60393425532604539, 11.50000000000000000 ) ) ;
#5062 = VERTEX_POINT ( 'NONE', #2271 ) ;
#5063 = CARTESIAN_POINT ( 'NONE',  ( 35.00000000000000000, -15.38658988017750140, 7.651226662993090066 ) ) ;
#5064 = FACE_OUTER_BOUND ( 'NONE', #2369, .T. ) ;
#5065 = EDGE_CURVE ( 'NONE', #5062, #4908, #3543, .T. ) ;
#5066 = EDGE_LOOP ( 'NONE', ( #5202, #397, #5516, #1995 ) ) ;
#5067 = CARTESIAN_POINT ( 'NONE',  ( -25.27371423747018042, -20.45758563240282513, 5.032949905024781678 ) ) ;
#5068 = CYLINDRICAL_SURFACE ( 'NONE', #5179, 2.899999999999999911 ) ;
#5069 = CARTESIAN_POINT ( 'NONE',  ( -35.00000000000000000, 0.000000000000000000, 29.50000000000000000 ) ) ;
#5070 = ORIENTED_EDGE ( 'NONE', *, *, #2754, .T. ) ;
#5071 = CARTESIAN_POINT ( 'NONE',  ( -35.00000000000000000, -15.04482269748944923, 7.300306013068589728 ) ) ;
#5072 = CARTESIAN_POINT ( 'NONE',  ( -34.92431770039618755, -15.19220103924193488, 6.710933040329700283 ) ) ;
#5073 = DIRECTION ( 'NONE',  ( -1.000000000000000000, 0.000000000000000000, 0.000000000000000000 ) ) ;
#5074 = ORIENTED_EDGE ( 'NONE', *, *, #1501, .F. ) ;
#5075 = CARTESIAN_POINT ( 'NONE',  ( -29.83691429206184864, 17.74117314562429826, 1.069026457436235811 ) ) ;
#5076 = CARTESIAN_POINT ( 'NONE',  ( -34.53720616994860393, 16.78855718802275021, 4.176056798680570559 ) ) ;
#5077 = CARTESIAN_POINT ( 'NONE',  ( 8.000000000000000000, 39.00000000000000000, 19.50000000000000000 ) ) ;
#5078 = DIRECTION ( 'NONE',  ( 0.000000000000000000, 0.000000000000000000, 1.000000000000000000 ) ) ;
#5079 = B_SPLINE_CURVE_WITH_KNOTS ( 'NONE', 3,
 ( #327, #4722, #3457, #845, #3024, #5164, #3052, #2616, #2120, #277, #4383, #1750, #3515, #2155, #3885, #5286, #5666, #5229, #2940, #4691, #1258, #725, #5697, #2498, #2967, #3948, #366, #4268, #3919, #5608, #1284, #1719, #3489, #1630, #1197, #4814, #756, #396 ),
 .UNSPECIFIED., .F., .F.,
 ( 4, 2, 2, 2, 2, 2, 2, 2, 2, 2, 2, 2, 2, 2, 2, 2, 2, 2, 4 ),
 ( 0.000000000000000000, 0.1250000000000000000, 0.1562500000000000000, 0.1875000000000000000, 0.2500000000000000000, 0.3125000000000000000, 0.3750000000000000000, 0.4062500000000000000, 0.4375000000000000000, 0.5000000000000000000, 0.5625000000000000000, 0.6250000000000000000, 0.6875000000000000000, 0.7500000000000000000, 0.7812500000000000000, 0.8125000000000000000, 0.8750000000000000000, 0.9375000000000000000, 1.000000000000000000 ),
 .UNSPECIFIED. ) ;
#5080 = VERTEX_POINT ( 'NONE', #4526 ) ;
#5081 = CARTESIAN_POINT ( 'NONE',  ( -18.91942106738274987, 29.46999611993890156, -2.875156862169979899 ) ) ;
#5082 = CARTESIAN_POINT ( 'NONE',  ( -28.15887731603246280, -2.826558438137432017, 12.75382690367087157 ) ) ;
#5083 = FACE_OUTER_BOUND ( 'NONE', #3254, .T. ) ;
#5084 = CARTESIAN_POINT ( 'NONE',  ( -35.00033698814424810, -15.51758961825819938, 7.855101493967080906 ) ) ;
#5085 = CARTESIAN_POINT ( 'NONE',  ( -33.39704042306955500, -15.84231497980210079, 5.404090713182419847 ) ) ;
#5086 = ORIENTED_EDGE ( 'NONE', *, *, #3429, .T. ) ;
#5087 = DIRECTION ( 'NONE',  ( 0.000000000000000000, 0.000000000000000000, -1.000000000000000000 ) ) ;
#5088 = CARTESIAN_POINT ( 'NONE',  ( -34.11465982632225291, -16.01509640005830093, 5.950462572007189976 ) ) ;
#5089 = CARTESIAN_POINT ( 'NONE',  ( 30.45426518713430042, 20.48832576205299816, -61.00000000000000000 ) ) ;
#5090 = AXIS2_PLACEMENT_3D ( 'NONE', #5417, #4562, #1007 ) ;
#5091 = VERTEX_POINT ( 'NONE', #548 ) ;
#5092 = CARTESIAN_POINT ( 'NONE',  ( -29.83691429206184864, 17.74117314562429826, 1.069026457436240030 ) ) ;
#5093 = AXIS2_PLACEMENT_3D ( 'NONE', #2075, #3835, #4725 ) ;
#5094 = CARTESIAN_POINT ( 'NONE',  ( 10.70028453643023880, 33.32444034364630170, 20.91369981900774633 ) ) ;
#5095 = AXIS2_PLACEMENT_3D ( 'NONE', #3970, #4037, #450 ) ;
#5096 = ORIENTED_EDGE ( 'NONE', *, *, #4135, .F. ) ;
#5097 = CARTESIAN_POINT ( 'NONE',  ( 33.00000000000000000, 20.00000000000035172, 7.000000000000000000 ) ) ;
#5098 = CARTESIAN_POINT ( 'NONE',  ( -33.00000000000000000, 15.50910527760489899, 4.176056798680565230 ) ) ;
#5099 = AXIS2_PLACEMENT_3D ( 'NONE', #3316, #3801, #245 ) ;
#5100 = B_SPLINE_CURVE_WITH_KNOTS ( 'NONE', 3,
 ( #2432, #1099, #5536, #1079, #5462, #124, #3203, #2790, #5072, #4965, #624, #993, #3231, #1054, #1509, #3279, #2759, #1532, #1923, #1477, #4199, #4521, #543, #4172, #604, #4097, #3688, #2844, #2867, #1946, #2383, #4149, #180, #3255 ),
 .UNSPECIFIED., .F., .F.,
 ( 4, 2, 2, 1, 1, 2, 2, 2, 2, 1, 1, 2, 2, 2, 2, 1, 1, 2, 2, 4 ),
 ( 0.000000000000000000, 0.1250000000000304756, 0.1875000000000457134, 0.2187500000000528744, 0.2343750000000559275, 0.2421875000000569267, 0.2500000000000579536, 0.3750000000000480727, 0.4375000000000436873, 0.4687500000000421330, 0.4843750000000413003, 0.4921875000000403566, 0.5000000000000393019, 0.6250000000000245359, 0.6875000000000182077, 0.7187500000000109912, 0.7343750000000103251, 0.7421875000000099920, 0.7500000000000096589, 1.000000000000000000 ),
 .UNSPECIFIED. ) ;
#5101 = CARTESIAN_POINT ( 'NONE',  ( -34.27469690715035711, -15.80379110251586461, 5.886456983715801172 ) ) ;
#5102 = PLANE ( 'NONE',  #447 ) ;
#5103 = AXIS2_PLACEMENT_3D ( 'NONE', #244, #4639, #3315 ) ;
#5104 = AXIS2_PLACEMENT_3D ( 'NONE', #5055, #2849, #1980 ) ;
#5105 = DIRECTION ( 'NONE',  ( 0.000000000000000000, 0.000000000000000000, 1.000000000000000000 ) ) ;
#5106 = CARTESIAN_POINT ( 'NONE',  ( -33.39742161279619381, -15.83929436918482914, 5.403549308227988845 ) ) ;
#5107 = DIRECTION ( 'NONE',  ( 0.000000000000000000, 0.000000000000000000, 1.000000000000000000 ) ) ;
#5108 = VECTOR ( 'NONE', #4859, 1000.000000000000000 ) ;
#5109 = VERTEX_POINT ( 'NONE', #3177 ) ;
#5110 = CARTESIAN_POINT ( 'NONE',  ( -24.59674775249745338, 21.00000000000025224, -0.6269330410537130582 ) ) ;
#5111 = FACE_OUTER_BOUND ( 'NONE', #2629, .T. ) ;
#5112 = CARTESIAN_POINT ( 'NONE',  ( -10.34318915103539815, 33.43702152551579587, 21.09812426483944847 ) ) ;
#5113 = CARTESIAN_POINT ( 'NONE',  ( -8.000000000000000000, 32.01562118716435634, 9.500000000000000000 ) ) ;
#5114 = CARTESIAN_POINT ( 'NONE',  ( -8.484848484848459549, 33.95596186517419568, 7.500000000000089706 ) ) ;
#5115 = EDGE_LOOP ( 'NONE', ( #4670, #1585, #3900, #2636, #3386, #291, #5667, #3806, #4848, #3649 ) ) ;
#5116 = EDGE_CURVE ( 'NONE', #1713, #2322, #1824, .T. ) ;
#5117 = CARTESIAN_POINT ( 'NONE',  ( 35.00000000000000000, -15.35995847257425062, 7.608895481881619460 ) ) ;
#5118 = CARTESIAN_POINT ( 'NONE',  ( -9.690079476708300277, 30.97576721674995071, 18.57141867096149923 ) ) ;
#5119 = ADVANCED_FACE ( 'NONE', ( #2364 ), #156, .T. ) ;
#5120 = ORIENTED_EDGE ( 'NONE', *, *, #3119, .F. ) ;
#5121 = CARTESIAN_POINT ( 'NONE',  ( -25.00753864710069863, -20.09476109758374918, 5.000000000000000000 ) ) ;
#5122 = CARTESIAN_POINT ( 'NONE',  ( 9.832838713513728734, 33.59068410453324560, 21.29492385429314893 ) ) ;
#5123 = ORIENTED_EDGE ( 'NONE', *, *, #988, .F. ) ;
#5124 = CARTESIAN_POINT ( 'NONE',  ( -34.99999999965532282, -15.49649080619673569, 47.23578003223914124 ) ) ;
#5125 = CARTESIAN_POINT ( 'NONE',  ( 0.000000000000000000, 19.69999999999999929, 8.000000000000000000 ) ) ;
#5126 = AXIS2_PLACEMENT_3D ( 'NONE', #1357, #2320, #511 ) ;
#5127 = CARTESIAN_POINT ( 'NONE',  ( -33.48104510798690825, -16.26769355522199945, 5.652796740991700375 ) ) ;
#5128 = ORIENTED_EDGE ( 'NONE', *, *, #4735, .T. ) ;
#5129 = CARTESIAN_POINT ( 'NONE',  ( 31.12799054810520261, 16.95105082505364891, 1.427518923907850068 ) ) ;
#5130 = AXIS2_PLACEMENT_3D ( 'NONE', #4357, #2125, #3522 ) ;
#5131 = CARTESIAN_POINT ( 'NONE',  ( 34.95219381750253262, 16.09865610363467425, 4.359631755552706878 ) ) ;
#5132 = CARTESIAN_POINT ( 'NONE',  ( -34.92452269561945144, -15.80982751657230168, 7.302527160186779831 ) ) ;
#5133 = CARTESIAN_POINT ( 'NONE',  ( 34.92452269561550082, -15.80982751658170038, 7.302527160175780629 ) ) ;
#5134 = VERTEX_POINT ( 'NONE', #5314 ) ;
#5135 = EDGE_CURVE ( 'NONE', #1313, #3789, #2245, .T. ) ;
#5136 = CARTESIAN_POINT ( 'NONE',  ( -18.76586930213100146, 25.93265776535180223, -3.952712484357850276 ) ) ;
#5137 = CARTESIAN_POINT ( 'NONE',  ( -28.26427992335071337, -1.465232725213842846, 14.53197444291283702 ) ) ;
#5138 = CYLINDRICAL_SURFACE ( 'NONE', #3336, 2.899999999999999911 ) ;
#5139 = CARTESIAN_POINT ( 'NONE',  ( 28.30000000000000071, 0.3845855788796540553, 32.40000000000000568 ) ) ;
#5140 = CARTESIAN_POINT ( 'NONE',  ( -10.34168351520956008, 33.43748721714819538, 7.901185938062320169 ) ) ;
#5141 = ORIENTED_EDGE ( 'NONE', *, *, #4390, .F. ) ;
#5142 = EDGE_CURVE ( 'NONE', #5285, #942, #4716, .T. ) ;
#5143 = CARTESIAN_POINT ( 'NONE',  ( 35.00000000000000000, -15.44357844381599953, 7.773917447032499872 ) ) ;
#5144 = CARTESIAN_POINT ( 'NONE',  ( -9.045327443540511325, 31.41960624291484905, 19.20630964984479760 ) ) ;
#5145 = B_SPLINE_CURVE_WITH_KNOTS ( 'NONE', 3,
 ( #4845, #4906, #4470, #872 ),
 .UNSPECIFIED., .F., .F.,
 ( 4, 4 ),
 ( 0.002455826945327524956, 0.003003135652811795165 ),
 .UNSPECIFIED. ) ;
#5146 = ORIENTED_EDGE ( 'NONE', *, *, #5002, .F. ) ;
#5147 = CARTESIAN_POINT ( 'NONE',  ( -29.04719019659257384, 21.02734426609535490, -0.5566745376382640220 ) ) ;
#5148 = CARTESIAN_POINT ( 'NONE',  ( 8.484848484848470207, 33.95596186517419568, 21.50000000000000000 ) ) ;
#5149 = ORIENTED_EDGE ( 'NONE', *, *, #4438, .F. ) ;
#5150 = CARTESIAN_POINT ( 'NONE',  ( -34.05377267605331326, -15.96645502232812319, 5.853729998384127775 ) ) ;
#5151 = DIRECTION ( 'NONE',  ( 0.000000000000000000, -1.000000000000000000, 0.000000000000000000 ) ) ;
#5152 = EDGE_CURVE ( 'NONE', #4289, #2817, #3596, .T. ) ;
#5153 = CARTESIAN_POINT ( 'NONE',  ( 35.00000000000000000, -15.22599587794709919, 7.448017729428410227 ) ) ;
#5154 = CARTESIAN_POINT ( 'NONE',  ( -9.722125623238760284, 30.95206734637100254, 10.48246450422591991 ) ) ;
#5155 = EDGE_LOOP ( 'NONE', ( #1350, #2289, #544, #3517 ) ) ;
#5156 = CARTESIAN_POINT ( 'NONE',  ( 34.99290783854033293, -16.22041180481697609, 7.746722861657219461 ) ) ;
#5157 = CARTESIAN_POINT ( 'NONE',  ( -29.60124998448110389, 20.79787230418152788, 2.707463116627918609 ) ) ;
#5158 = CARTESIAN_POINT ( 'NONE',  ( -35.00000000000002132, -15.66205324742817773, 7.126991804538223008 ) ) ;
#5159 = VERTEX_POINT ( 'NONE', #3422 ) ;
#5160 = DIRECTION ( 'NONE',  ( 0.000000000000000000, 0.9358194726972858257, -0.3524796654001109419 ) ) ;
#5161 = CARTESIAN_POINT ( 'NONE',  ( 34.00146349289059344, -15.92385039750097597, 5.773049365311929471 ) ) ;
#5162 = DIRECTION ( 'NONE',  ( -1.000000000000000000, 0.000000000000000000, 0.000000000000000000 ) ) ;
#5163 = CARTESIAN_POINT ( 'NONE',  ( 28.24534073868258588, 1.779052536919504046, 31.82227185371305112 ) ) ;
#5164 = CARTESIAN_POINT ( 'NONE',  ( 8.513533882376890460, 31.74139798450895000, 9.566779968783940546 ) ) ;
#5165 = ORIENTED_EDGE ( 'NONE', *, *, #676, .T. ) ;
#5166 =( NAMED_UNIT ( * ) PLANE_ANGLE_UNIT ( ) SI_UNIT ( $, .RADIAN. ) );
#5167 = ADVANCED_FACE ( 'NONE', ( #3050 ), #2424, .F. ) ;
#5168 = CARTESIAN_POINT ( 'NONE',  ( 35.00000000000000000, -15.40107881059394934, 7.678073386571280246 ) ) ;
#5169 = DIRECTION ( 'NONE',  ( 0.000000000000000000, 0.000000000000000000, 1.000000000000000000 ) ) ;
#5170 = CARTESIAN_POINT ( 'NONE',  ( -9.373373338841890501, 33.72157857493544952, 21.41183524786405101 ) ) ;
#5171 = ADVANCED_FACE ( 'NONE', ( #3111 ), #841, .F. ) ;
#5172 = ORIENTED_EDGE ( 'NONE', *, *, #415, .F. ) ;
#5173 = CARTESIAN_POINT ( 'NONE',  ( -25.75461807425410754, -21.11005471445925608, 5.276015526495055674 ) ) ;
#5174 = CARTESIAN_POINT ( 'NONE',  ( 9.307363026287681862, 31.24642139525835205, 9.985079711450721263 ) ) ;
#5175 = ORIENTED_EDGE ( 'NONE', *, *, #1356, .T. ) ;
#5176 = EDGE_CURVE ( 'NONE', #4733, #2448, #2049, .T. ) ;
#5177 = CARTESIAN_POINT ( 'NONE',  ( -28.90320573642910063, -15.69839625752525158, 5.000000000000000000 ) ) ;
#5178 =( BOUNDED_SURFACE ( )  B_SPLINE_SURFACE ( 3, 2, ( 
 ( #5473, #3753, #4668 ),
 ( #5034, #1570, #2395 ),
 ( #5084, #1066, #3292 ),
 ( #1089, #3268, #2913 ),
 ( #2834, #4183, #1987 ),
 ( #2039, #2013, #1520 ),
 ( #615, #4159, #5549 ),
 ( #164, #192, #3345 ) ),
 .UNSPECIFIED., .F., .F., .T. ) 
 B_SPLINE_SURFACE_WITH_KNOTS ( ( 4, 2, 2, 4 ),
 ( 3, 3 ),
 ( -1.035413074723655964E-17, 0.0002108494957517089850, 0.0003162742436275685462, 0.0004216989915034279990 ),
 ( 0.000000000000000000, 1.000000000000000000 ),
 .UNSPECIFIED. ) 
 GEOMETRIC_REPRESENTATION_ITEM ( )  RATIONAL_B_SPLINE_SURFACE ( (
 ( 1.000000000000000000, 0.9999762537611420754, 1.000000000000000000),
 ( 1.000000000000000000, 0.9999288282276850293, 1.000000000000000000),
 ( 1.000000000000000000, 1.000042203049563927, 1.000000000000000000),
 ( 1.000000000000000000, 0.9994870627650980222, 1.000000000000000000),
 ( 1.000000000000000000, 0.9992246194847460572, 1.000000000000000000),
 ( 1.000000000000000000, 0.9972771604879410168, 1.000000000000000000),
 ( 1.000000000000000000, 0.9957431462976490399, 1.000000000000000000),
 ( 1.000000000000000000, 0.9905204055970310284, 1.000000000000000000) ) ) 
 REPRESENTATION_ITEM ( '' )  SURFACE ( )  );
#5179 = AXIS2_PLACEMENT_3D ( 'NONE', #2592, #1668, #4421 ) ;
#5180 = CARTESIAN_POINT ( 'NONE',  ( -12.72727272727255965, 32.60393425532604539, 17.50000000000000000 ) ) ;
#5181 = EDGE_CURVE ( 'NONE', #3534, #4802, #1255, .T. ) ;
#5182 = EDGE_LOOP ( 'NONE', ( #1365, #4575, #134, #1123, #3270, #2727, #622, #3112 ) ) ;
#5183 = CARTESIAN_POINT ( 'NONE',  ( 31.80463446797824645, 16.17504505745704790, 1.767380194562654827 ) ) ;
#5184 = CARTESIAN_POINT ( 'NONE',  ( 24.59674775249745338, 21.00000000000025224, -0.6269330410537170550 ) ) ;
#5185 = FACE_OUTER_BOUND ( 'NONE', #195, .T. ) ;
#5186 = AXIS2_PLACEMENT_3D ( 'NONE', #829, #1708, #2543 ) ;
#5187 = CARTESIAN_POINT ( 'NONE',  ( 33.62174698362034775, -16.24697087276769025, 5.731714643950465593 ) ) ;
#5188 = VECTOR ( 'NONE', #4535, 1000.000000000000000 ) ;
#5189 = ORIENTED_EDGE ( 'NONE', *, *, #4226, .T. ) ;
#5190 = CIRCLE ( 'NONE', #4545, 3.400000000000000355 ) ;
#5191 = CARTESIAN_POINT ( 'NONE',  ( 3.771150477352644970, 34.80826021767632028, -12.93484408407073971 ) ) ;
#5192 = AXIS2_PLACEMENT_3D ( 'NONE', #2624, #5293, #402 ) ;
#5193 = CARTESIAN_POINT ( 'NONE',  ( -28.18703262175617397, 2.530451257126831166, 48.46790163103066362 ) ) ;
#5194 = CARTESIAN_POINT ( 'NONE',  ( 30.75000000000000000, 16.80260396486210084, 54.00000000000000000 ) ) ;
#5195 = ORIENTED_EDGE ( 'NONE', *, *, #2489, .T. ) ;
#5196 = CARTESIAN_POINT ( 'NONE',  ( -9.866434351995463814, 26.52440509044078354, 10.78117160024098276 ) ) ;
#5197 = ORIENTED_EDGE ( 'NONE', *, *, #1731, .F. ) ;
#5198 = CARTESIAN_POINT ( 'NONE',  ( -12.72727272727254011, 32.60393425532604539, -61.00000000000000000 ) ) ;
#5199 = CARTESIAN_POINT ( 'NONE',  ( 25.47352750541578459, -20.72849853712990509, 5.102737548107469934 ) ) ;
#5200 = CARTESIAN_POINT ( 'NONE',  ( 33.00000000000000000, -13.92840621133064083, 7.000000000000000000 ) ) ;
#5201 = CARTESIAN_POINT ( 'NONE',  ( 12.72001660130692002, 32.60676938975064587, 11.23076465594094131 ) ) ;
#5202 = ORIENTED_EDGE ( 'NONE', *, *, #3137, .F. ) ;
#5203 = CARTESIAN_POINT ( 'NONE',  ( -33.89237553374892542, -16.18750039314021549, 5.890128010670341752 ) ) ;
#5204 = FACE_OUTER_BOUND ( 'NONE', #3191, .T. ) ;
#5205 = CARTESIAN_POINT ( 'NONE',  ( 9.854603016831640971, 30.85279983752385036, 10.75063538496086046 ) ) ;
#5206 = ORIENTED_EDGE ( 'NONE', *, *, #566, .F. ) ;
#5207 = CARTESIAN_POINT ( 'NONE',  ( -35.00000000000000000, 0.000000000000000000, 47.00000000000000000 ) ) ;
#5208 = COLOUR_RGB ( '',0.7921568627450980005, 0.8196078431372548767, 0.9333333333333333481 ) ;
#5209 = EDGE_CURVE ( 'NONE', #64, #3219, #1655, .T. ) ;
#5210 = CARTESIAN_POINT ( 'NONE',  ( 9.996566095208320846, 30.74353579325040187, 17.63506497163674780 ) ) ;
#5211 = CYLINDRICAL_SURFACE ( 'NONE', #486, 2.899999999999999911 ) ;
#5212 = EDGE_LOOP ( 'NONE', ( #874, #5443, #3445, #1998 ) ) ;
#5213 = CARTESIAN_POINT ( 'NONE',  ( 8.484848484848459549, 33.95596186517419568, 7.500000000000000000 ) ) ;
#5214 = CARTESIAN_POINT ( 'NONE',  ( 0.000000000000000000, 19.69999999999999929, 5.000000000000000000 ) ) ;
#5215 = CARTESIAN_POINT ( 'NONE',  ( -34.90684300758230307, -15.84868068964840049, 7.248162597022539622 ) ) ;
#5216 = VECTOR ( 'NONE', #1451, 1000.000000000000000 ) ;
#5217 =( BOUNDED_SURFACE ( )  B_SPLINE_SURFACE ( 3, 2, ( 
 ( #3847, #238, #3872 ),
 ( #1188, #1132, #3012 ),
 ( #1561, #2542, #2955 ),
 ( #746, #1619, #3333 ),
 ( #4708, #4284, #4308 ),
 ( #292, #317, #2028 ),
 ( #5129, #3790, #801 ),
 ( #4683, #5568, #265 ) ),
 .UNSPECIFIED., .F., .F., .T. ) 
 B_SPLINE_SURFACE_WITH_KNOTS ( ( 4, 2, 2, 4 ),
 ( 3, 3 ),
 ( 0.000000000000000000, 0.0008652280262536800066, 0.001297842039380520118, 0.001730456052507360013 ),
 ( 0.000000000000000000, 1.000000000000000000 ),
 .UNSPECIFIED. ) 
 GEOMETRIC_REPRESENTATION_ITEM ( )  RATIONAL_B_SPLINE_SURFACE ( (
 ( 1.000000000000000000, 0.5469087810679990058, 1.000000000000000000),
 ( 1.000000000000000000, 0.5535714215742110200, 1.000000000000000000),
 ( 1.000000000000000000, 0.5626726300969200345, 1.000000000000000000),
 ( 1.000000000000000000, 0.5789056970932310309, 1.000000000000000000),
 ( 1.000000000000000000, 0.5847599866377299893, 1.000000000000000000),
 ( 1.000000000000000000, 0.5968764637924439675, 1.000000000000000000),
 ( 1.000000000000000000, 0.6031760440442530680, 1.000000000000000000),
 ( 1.000000000000000000, 0.6096549954099229618, 1.000000000000000000) ) ) 
 REPRESENTATION_ITEM ( '' )  SURFACE ( )  );
#5218 = EDGE_CURVE ( 'NONE', #3664, #3842, #1412, .T. ) ;
#5219 = ORIENTED_EDGE ( 'NONE', *, *, #2176, .T. ) ;
#5220 = CIRCLE ( 'NONE', #5041, 2.000000000000000888 ) ;
#5221 = CARTESIAN_POINT ( 'NONE',  ( 11.36740532249612201, 33.13593088632590167, -10.84069570940212301 ) ) ;
#5222 = CARTESIAN_POINT ( 'NONE',  ( -28.29999999999999716, 3.465750465279244806E-15, 14.90000000000000036 ) ) ;
#5223 = EDGE_CURVE ( 'NONE', #2509, #2194, #4552, .T. ) ;
#5224 = FACE_OUTER_BOUND ( 'NONE', #4313, .T. ) ;
#5225 = CARTESIAN_POINT ( 'NONE',  ( 28.15896564802195456, -2.825711453448712884, 30.25729971224045300 ) ) ;
#5226 = CARTESIAN_POINT ( 'NONE',  ( 34.50000000000000000, 0.000000000000000000, 12.00000000000000000 ) ) ;
#5227 = EDGE_CURVE ( 'NONE', #4968, #4055, #948, .T. ) ;
#5228 = ORIENTED_EDGE ( 'NONE', *, *, #4294, .F. ) ;
#5229 = CARTESIAN_POINT ( 'NONE',  ( 9.307363026287681862, 31.24642139525835205, 9.985079711450721263 ) ) ;
#5230 = ORIENTED_EDGE ( 'NONE', *, *, #329, .F. ) ;
#5231 = CARTESIAN_POINT ( 'NONE',  ( -8.000000000000000000, 27.14571789435674987, 19.50000000000000000 ) ) ;
#5232 = CARTESIAN_POINT ( 'NONE',  ( 26.10963468539172538, -21.58680500571076877, 5.636432428304292586 ) ) ;
#5233 = CARTESIAN_POINT ( 'NONE',  ( -35.00000000000000000, 0.000000000000000000, 47.00000000000000000 ) ) ;
#5234 = CARTESIAN_POINT ( 'NONE',  ( 12.14250551128590061, 32.82627947971899829, 9.469216798903639543 ) ) ;
#5235 = ORIENTED_EDGE ( 'NONE', *, *, #1394, .T. ) ;
#5236 = CARTESIAN_POINT ( 'NONE',  ( -26.36840506467168765, -21.93381339194953128, 6.038778171722308130 ) ) ;
#5237 = CARTESIAN_POINT ( 'NONE',  ( 9.929065795957081164, 30.79588443308950119, 18.03206112165140240 ) ) ;
#5238 = ORIENTED_EDGE ( 'NONE', *, *, #3882, .F. ) ;
#5239 = CARTESIAN_POINT ( 'NONE',  ( -34.53189590451224689, -16.76965698568589858, 8.000000000000000000 ) ) ;
#5240 = EDGE_CURVE ( 'NONE', #4350, #795, #5415, .T. ) ;
#5241 = DIRECTION ( 'NONE',  ( 0.000000000000000000, 0.000000000000000000, 1.000000000000000000 ) ) ;
#5242 = ORIENTED_EDGE ( 'NONE', *, *, #3945, .F. ) ;
#5243 = DIRECTION ( 'NONE',  ( -0.7686030849743030746, -0.6397259552089351597, 0.000000000000000000 ) ) ;
#5244 = CARTESIAN_POINT ( 'NONE',  ( -9.555773977892783932, 30.17080682749692500, -7.777056907672900365 ) ) ;
#5245 = CARTESIAN_POINT ( 'NONE',  ( 29.83691429206184864, 18.58599091446355089, 2.881837241123669902 ) ) ;
#5246 = ORIENTED_EDGE ( 'NONE', *, *, #5181, .F. ) ;
#5247 = EDGE_CURVE ( 'NONE', #5423, #1117, #5291, .T. ) ;
#5248 = CARTESIAN_POINT ( 'NONE',  ( 3.025852110077432489, 34.87974457391761973, -13.02911795853893651 ) ) ;
#5249 = DIRECTION ( 'NONE',  ( -0.7071067811865485719, 0.000000000000000000, 0.7071067811865465735 ) ) ;
#5250 = CARTESIAN_POINT ( 'NONE',  ( -28.20578337190170259, 2.323308453922239281, 45.22249430196924891 ) ) ;
#5251 = CARTESIAN_POINT ( 'NONE',  ( 28.18691046569624348, 2.531786175708483633, 28.03449520925191507 ) ) ;
#5252 = CARTESIAN_POINT ( 'NONE',  ( 33.00000000000000000, -15.11408154316919905, 7.352745219558790346 ) ) ;
#5253 = ORIENTED_EDGE ( 'NONE', *, *, #2854, .F. ) ;
#5254 = CARTESIAN_POINT ( 'NONE',  ( -34.16772401490044331, -16.09421705513310030, 6.058235658679389957 ) ) ;
#5255 = ORIENTED_EDGE ( 'NONE', *, *, #2025, .T. ) ;
#5256 = CYLINDRICAL_SURFACE ( 'NONE', #4355, 2.000000000000001776 ) ;
#5257 = CARTESIAN_POINT ( 'NONE',  ( 26.20460901243093943, -21.71426337989126409, 5.770674829958934104 ) ) ;
#5258 = CARTESIAN_POINT ( 'NONE',  ( 40.00000000000000000, 3.551475717527324818E-16, 49.89999999999999858 ) ) ;
#5259 = DIRECTION ( 'NONE',  ( -1.000000000000000000, 0.000000000000000000, 0.000000000000000000 ) ) ;
#5260 = ADVANCED_FACE ( 'NONE', ( #3669 ), #2334, .F. ) ;
#5261 = ADVANCED_FACE ( 'NONE', ( #4106 ), #4458, .F. ) ;
#5262 = CARTESIAN_POINT ( 'NONE',  ( -35.00000000000000000, -15.48385181469824978, 8.000000000000000000 ) ) ;
#5263 = ORIENTED_EDGE ( 'NONE', *, *, #5001, .F. ) ;
#5264 = LINE ( 'NONE', #3094, #1500 ) ;
#5265 = CARTESIAN_POINT ( 'NONE',  ( 9.493809230304409041, 31.11768556126414964, 18.83614269597054758 ) ) ;
#5266 = ORIENTED_EDGE ( 'NONE', *, *, #893, .F. ) ;
#5267 = PLANE ( 'NONE',  #283 ) ;
#5268 = CARTESIAN_POINT ( 'NONE',  ( 9.280581800882050203, 31.26443194551419680, 19.03661296361680400 ) ) ;
#5269 = DIRECTION ( 'NONE',  ( -0.6429025854938241746, 0.7659479522561283282, 0.000000000000000000 ) ) ;
#5270 = ORIENTED_EDGE ( 'NONE', *, *, #1051, .F. ) ;
#5271 = CARTESIAN_POINT ( 'NONE',  ( 33.00000000000000000, 14.80414594680471829, 2.304417853285980033 ) ) ;
#5272 = CARTESIAN_POINT ( 'NONE',  ( 1.217449084007311555, 31.48401431731161892, -9.201452371987777212 ) ) ;
#5273 = CARTESIAN_POINT ( 'NONE',  ( 10.70220972871893927, 33.32382480309244954, 8.087380700308601789 ) ) ;
#5274 = CIRCLE ( 'NONE', #552, 2.899999999999999911 ) ;
#5275 = ADVANCED_FACE ( 'NONE', ( #4973 ), #3339, .F. ) ;
#5276 = ORIENTED_EDGE ( 'NONE', *, *, #576, .T. ) ;
#5277 = CARTESIAN_POINT ( 'NONE',  ( -8.423817399809609086, 30.47801214239134993, -8.099697406916599007 ) ) ;
#5278 = CARTESIAN_POINT ( 'NONE',  ( 34.02600680026446867, -15.84893838169081448, 5.715578993098814564 ) ) ;
#5279 = CIRCLE ( 'NONE', #2791, 3.400000000000000355 ) ;
#5280 = AXIS2_PLACEMENT_3D ( 'NONE', #2300, #1868, #3140 ) ;
#5281 = DIRECTION ( 'NONE',  ( 0.000000000000000000, -1.000000000000000000, 8.673617379884039170E-17 ) ) ;
#5282 = CYLINDRICAL_SURFACE ( 'NONE', #1857, 2.899999999999999911 ) ;
#5283 = AXIS2_PLACEMENT_3D ( 'NONE', #3108, #1457, #1836 ) ;
#5284 = VECTOR ( 'NONE', #246, 1000.000000000000000 ) ;
#5285 = VERTEX_POINT ( 'NONE', #2633 ) ;
#5286 = CARTESIAN_POINT ( 'NONE',  ( 9.206053159185170642, 31.31439115885549640, 9.904227214377261390 ) ) ;
#5287 = DIRECTION ( 'NONE',  ( 0.000000000000000000, 0.000000000000000000, -1.000000000000000000 ) ) ;
#5288 = DIRECTION ( 'NONE',  ( 0.000000000000000000, 0.000000000000000000, 1.000000000000000000 ) ) ;
#5289 = CARTESIAN_POINT ( 'NONE',  ( 25.68884340954565815, -21.01971284815188667, 5.227402326271055166 ) ) ;
#5290 = CARTESIAN_POINT ( 'NONE',  ( 35.00000000000000000, -15.48385181469829952, 47.00000000000000000 ) ) ;
#5291 = CIRCLE ( 'NONE', #5663, 2.899999999999999911 ) ;
#5292 = DIRECTION ( 'NONE',  ( 0.000000000000000000, 0.000000000000000000, -1.000000000000000000 ) ) ;
#5293 = DIRECTION ( 'NONE',  ( -0.000000000000000000, 0.000000000000000000, -1.000000000000000000 ) ) ;
#5294 = ORIENTED_EDGE ( 'NONE', *, *, #3240, .F. ) ;
#5295 = CARTESIAN_POINT ( 'NONE',  ( 35.00000000000000000, 15.50910527760495050, 4.726781669296889810 ) ) ;
#5296 = CARTESIAN_POINT ( 'NONE',  ( 9.044419852889861389, 31.42018660972294697, 19.20684990950309867 ) ) ;
#5297 = ORIENTED_EDGE ( 'NONE', *, *, #2870, .F. ) ;
#5298 = LINE ( 'NONE', #3588, #5689 ) ;
#5299 = ADVANCED_FACE ( 'NONE', ( #1732 ), #5679, .T. ) ;
#5300 = DIRECTION ( 'NONE',  ( 0.000000000000000000, -0.8312782044355769839, -0.5558565883664269291 ) ) ;
#5301 = CARTESIAN_POINT ( 'NONE',  ( -25.28623028300539843, 24.22913509624309825, 0.6174801708701349590 ) ) ;
#5302 = ORIENTED_EDGE ( 'NONE', *, *, #5579, .F. ) ;
#5303 = DIRECTION ( 'NONE',  ( 0.000000000000000000, -8.673617379884029309E-17, -1.000000000000000000 ) ) ;
#5304 = CARTESIAN_POINT ( 'NONE',  ( 30.45426518713430042, 20.48832576205299816, 64.00000000000000000 ) ) ;
#5305 = CARTESIAN_POINT ( 'NONE',  ( 12.67038167755502087, 32.62609901816905023, 10.83371944775621998 ) ) ;
#5306 = AXIS2_PLACEMENT_3D ( 'NONE', #4235, #665, #2936 ) ;
#5307 = ORIENTED_EDGE ( 'NONE', *, *, #172, .F. ) ;
#5308 = B_SPLINE_CURVE_WITH_KNOTS ( 'NONE', 3,
 ( #4495, #517, #98, #2299 ),
 .UNSPECIFIED., .F., .F.,
 ( 4, 4 ),
 ( 0.000000000000000000, 1.000000000000000000 ),
 .UNSPECIFIED. ) ;
#5309 = CARTESIAN_POINT ( 'NONE',  ( 8.383889563790370758, 30.47170847126000126, -8.094565227089701054 ) ) ;
#5310 = DIRECTION ( 'NONE',  ( 0.6429025854938241746, -0.7659479522561283282, 6.643539470775342857E-17 ) ) ;
#5311 = CIRCLE ( 'NONE', #5039, 2.000000000000000000 ) ;
#5312 = CARTESIAN_POINT ( 'NONE',  ( 35.00000000000000000, -14.45032751935953819, 7.057975664137280170 ) ) ;
#5313 = CARTESIAN_POINT ( 'NONE',  ( 34.53720616994860393, 16.78855718802284969, 4.176056798680550131 ) ) ;
#5314 = CARTESIAN_POINT ( 'NONE',  ( -26.08745973749730140, 23.33333333333359860, 64.00000000000000000 ) ) ;
#5315 = EDGE_CURVE ( 'NONE', #4399, #4652, #1774, .T. ) ;
#5316 = VECTOR ( 'NONE', #63, 1000.000000000000000 ) ;
#5317 = ORIENTED_EDGE ( 'NONE', *, *, #2200, .F. ) ;
#5318 = CARTESIAN_POINT ( 'NONE',  ( -35.00000000000000000, -15.48385181486854911, 47.16747120618629907 ) ) ;
#5319 = ORIENTED_EDGE ( 'NONE', *, *, #704, .F. ) ;
#5320 = CARTESIAN_POINT ( 'NONE',  ( -34.85531059276914334, -15.91735852835125087, 7.101792143804080304 ) ) ;
#5321 = CARTESIAN_POINT ( 'NONE',  ( -9.396012718635116556, 26.69466148216524815, 18.93218492032158551 ) ) ;
#5322 = FACE_OUTER_BOUND ( 'NONE', #632, .T. ) ;
#5323 = CARTESIAN_POINT ( 'NONE',  ( 31.75000000000000000, -16.80260396486210084, 64.00000000000000000 ) ) ;
#5324 = DIRECTION ( 'NONE',  ( 0.000000000000000000, 0.000000000000000000, -1.000000000000000000 ) ) ;
#5325 = DIRECTION ( 'NONE',  ( 1.000000000000000000, 0.000000000000000000, 0.000000000000000000 ) ) ;
#5326 = ORIENTED_EDGE ( 'NONE', *, *, #2885, .T. ) ;
#5327 = FACE_OUTER_BOUND ( 'NONE', #2401, .T. ) ;
#5328 = CARTESIAN_POINT ( 'NONE',  ( 8.259207664765339629, 31.88188045932355408, 19.48418509299025203 ) ) ;
#5329 = VERTEX_POINT ( 'NONE', #28 ) ;
#5330 = CARTESIAN_POINT ( 'NONE',  ( -34.99030261424768184, -16.01422610284391013, 6.994715619220281511 ) ) ;
#5331 = DIRECTION ( 'NONE',  ( 0.000000000000000000, 0.000000000000000000, -1.000000000000000000 ) ) ;
#5332 = EDGE_LOOP ( 'NONE', ( #2756, #2760, #4392, #888 ) ) ;
#5333 = CARTESIAN_POINT ( 'NONE',  ( -28.20583790849584460, -2.322694630315941478, 27.72155834013179287 ) ) ;
#5334 = CARTESIAN_POINT ( 'NONE',  ( -11.91272589377570057, 32.91039360065600050, 19.86042493873565107 ) ) ;
#5335 = CARTESIAN_POINT ( 'NONE',  ( 10.21982601103866095, 33.47495354394675360, 7.847526422051191552 ) ) ;
#5336 = ORIENTED_EDGE ( 'NONE', *, *, #4609, .F. ) ;
#5337 = CARTESIAN_POINT ( 'NONE',  ( 23.67845728398243565, 25.83417304361035605, -3.796188620990549545 ) ) ;
#5338 = CYLINDRICAL_SURFACE ( 'NONE', #2792, 35.00000000000000000 ) ;
#5339 =( BOUNDED_SURFACE ( )  B_SPLINE_SURFACE ( 3, 2, ( 
 ( #3706, #5486, #1075 ),
 ( #2841, #765, #5588 ),
 ( #4649, #2534, #1553 ),
 ( #3734, #5147, #4299 ),
 ( #5557, #4245, #254 ),
 ( #282, #680, #4192 ),
 ( #2863, #3299, #3407 ),
 ( #3812, #3781, #5092 ) ),
 .UNSPECIFIED., .F., .F., .F. ) 
 B_SPLINE_SURFACE_WITH_KNOTS ( ( 4, 2, 2, 4 ),
 ( 3, 3 ),
 ( 0.000000000000000000, 0.003274151104294110125, 0.004911226656441169958, 0.006548302208588220250 ),
 ( 0.000000000000000000, 1.000000000000000000 ),
 .UNSPECIFIED. ) 
 GEOMETRIC_REPRESENTATION_ITEM ( )  RATIONAL_B_SPLINE_SURFACE ( (
 ( 1.000000000000000000, 0.5773502691896219563, 1.000000000000000000),
 ( 1.000000000000000000, 0.5686555231729349957, 1.000000000000000000),
 ( 1.000000000000000000, 0.5621090105855379715, 1.000000000000000000),
 ( 1.000000000000000000, 0.5547108112903079702, 1.000000000000000000),
 ( 1.000000000000000000, 0.5526508984324050022, 1.000000000000000000),
 ( 1.000000000000000000, 0.5492848190531059993, 1.000000000000000000),
 ( 1.000000000000000000, 0.5479597955975700208, 1.000000000000000000),
 ( 1.000000000000000000, 0.5469087810680040018, 1.000000000000000000) ) ) 
 REPRESENTATION_ITEM ( '' )  SURFACE ( )  );
#5340 = CARTESIAN_POINT ( 'NONE',  ( 34.99959609221565415, 15.54929816249589969, 4.176056798680550131 ) ) ;
#5341 = CARTESIAN_POINT ( 'NONE',  ( 35.00000000000000000, 20.00000000000035172, 64.00000000000000000 ) ) ;
#5342 = DIRECTION ( 'NONE',  ( 1.000000000000000000, 0.000000000000000000, 0.000000000000000000 ) ) ;
#5343 = ORIENTED_EDGE ( 'NONE', *, *, #386, .F. ) ;
#5344 = DIRECTION ( 'NONE',  ( -1.000000000000000000, 0.000000000000000000, 0.000000000000000000 ) ) ;
#5345 = VERTEX_POINT ( 'NONE', #379 ) ;
#5346 = CARTESIAN_POINT ( 'NONE',  ( -34.90684300758230307, -15.84868068964840049, 7.248162597022539622 ) ) ;
#5347 = B_SPLINE_CURVE_WITH_KNOTS ( 'NONE', 3,
 ( #1065, #5059, #2012, #2470, #4237, #2833, #3372, #3752 ),
 .UNSPECIFIED., .F., .F.,
 ( 4, 2, 2, 4 ),
 ( 0.000000000000000000, 0.5000000000000000000, 0.7500000000000001110, 1.000000000000000000 ),
 .UNSPECIFIED. ) ;
#5348 = CARTESIAN_POINT ( 'NONE',  ( 33.00000000000000000, 15.50910527760495050, 4.176056798680545690 ) ) ;
#5349 = FACE_OUTER_BOUND ( 'NONE', #1285, .T. ) ;
#5350 = CARTESIAN_POINT ( 'NONE',  ( -33.42693543583010296, -29.99999999999965183, 64.00000000000000000 ) ) ;
#5351 = CARTESIAN_POINT ( 'NONE',  ( -35.00000000000006395, -15.48915882135094968, 5.799967733267727965 ) ) ;
#5352 = CARTESIAN_POINT ( 'NONE',  ( -9.738832770356589563, 30.93968905931950175, 10.51127932061796066 ) ) ;
#5353 = ORIENTED_EDGE ( 'NONE', *, *, #2032, .F. ) ;
#5354 = ADVANCED_FACE ( 'NONE', ( #1299 ), #1312, .F. ) ;
#5355 = CARTESIAN_POINT ( 'NONE',  ( -28.75000000000000000, 16.80260396486210084, 63.00000000000000000 ) ) ;
#5356 = CARTESIAN_POINT ( 'NONE',  ( 35.00000000000000000, -15.48385181469829952, 8.000000000000000000 ) ) ;
#5357 = ORIENTED_EDGE ( 'NONE', *, *, #2276, .T. ) ;
#5358 = CARTESIAN_POINT ( 'NONE',  ( -34.16352553440409423, -16.08643001429939901, 6.048593784182210165 ) ) ;
#5359 = CARTESIAN_POINT ( 'NONE',  ( 12.61214120630712010, 32.64865755242029621, 18.43521824382009910 ) ) ;
#5360 = DIRECTION ( 'NONE',  ( 0.000000000000000000, 0.000000000000000000, 1.000000000000000000 ) ) ;
#5361 = ORIENTED_EDGE ( 'NONE', *, *, #1010, .T. ) ;
#5362 = CARTESIAN_POINT ( 'NONE',  ( -28.18683994492322498, -2.532559618823125636, 30.96424740771491813 ) ) ;
#5363 = CARTESIAN_POINT ( 'NONE',  ( -10.34318915103539815, 33.43702152551579587, 21.09812426483944847 ) ) ;
#5364 = CARTESIAN_POINT ( 'NONE',  ( 12.61420223406030061, 32.64786069331530172, 10.57307265983089906 ) ) ;
#5365 = EDGE_LOOP ( 'NONE', ( #303, #183, #3175, #2232, #1921 ) ) ;
#5366 = FACE_OUTER_BOUND ( 'NONE', #3939, .T. ) ;
#5367 = ORIENTED_EDGE ( 'NONE', *, *, #5611, .T. ) ;
#5368 = B_SPLINE_CURVE_WITH_KNOTS ( 'NONE', 3,
 ( #895, #1331, #3593, #3103, #924, #5333, #2662, #4427, #442, #2233, #4798, #5362, #3166, #4370, #4898, #2691, #382, #4931 ),
 .UNSPECIFIED., .F., .F.,
 ( 4, 2, 2, 2, 2, 2, 2, 2, 4 ),
 ( 0.000000000000000000, 0.1250000000000000000, 0.2500000000000000000, 0.3750000000000000000, 0.5000000000000000000, 0.6250000000000000000, 0.7500000000000000000, 0.8750000000000000000, 1.000000000000000000 ),
 .UNSPECIFIED. ) ;
#5369 = CARTESIAN_POINT ( 'NONE',  ( 33.95018191512131978, -16.00672924705239097, 5.817181143683235689 ) ) ;
#5370 = CARTESIAN_POINT ( 'NONE',  ( 28.29217083067688066, 0.7546497282624545777, 14.82639488858253252 ) ) ;
#5371 = CARTESIAN_POINT ( 'NONE',  ( 28.24522721190765395, -1.780763190998846168, 44.67914066619582769 ) ) ;
#5372 = DIRECTION ( 'NONE',  ( 0.000000000000000000, 0.000000000000000000, -1.000000000000000000 ) ) ;
#5373 = CARTESIAN_POINT ( 'NONE',  ( 9.339118458997733185, 26.71496728978418389, 10.01436417854550243 ) ) ;
#5374 = VECTOR ( 'NONE', #4999, 1000.000000000000114 ) ;
#5375 = EDGE_CURVE ( 'NONE', #705, #2322, #4989, .T. ) ;
#5376 = VERTEX_POINT ( 'NONE', #5458 ) ;
#5377 =( BOUNDED_CURVE ( )  B_SPLINE_CURVE ( 3, ( #4137, #5031, #1063, #2831 ),
 .UNSPECIFIED., .F., .T. ) 
 B_SPLINE_CURVE_WITH_KNOTS ( ( 4, 4 ),
 ( 4.712388980384689674, 5.054572223509219420 ),
 .UNSPECIFIED. ) 
 CURVE ( )  GEOMETRIC_REPRESENTATION_ITEM ( )  RATIONAL_B_SPLINE_CURVE ( ( 1.000000000000000000, 0.9902663310774340033, 0.9902663310774340033, 1.000000000000000000 ) ) 
 REPRESENTATION_ITEM ( '' )  );
#5378 = CARTESIAN_POINT ( 'NONE',  ( 35.00035232190364098, -15.51735141508889448, 7.856089564059157482 ) ) ;
#5379 = DIRECTION ( 'NONE',  ( 0.000000000000000000, 0.000000000000000000, -1.000000000000000000 ) ) ;
#5380 = CONICAL_SURFACE ( 'NONE', #3980, 1.999999999999998224, 0.7853981633974497223 ) ;
#5381 = CARTESIAN_POINT ( 'NONE',  ( 34.03430393189550074, -15.94288507827644885, 5.813303227944819795 ) ) ;
#5382 = CARTESIAN_POINT ( 'NONE',  ( -9.575988381112431114, 31.05867633389795301, 18.73310771813289932 ) ) ;
#5383 = DIRECTION ( 'NONE',  ( 0.000000000000000000, -1.000000000000000000, 0.000000000000000000 ) ) ;
#5384 = CARTESIAN_POINT ( 'NONE',  ( 8.389086970684681788, 27.02798731674094412, 19.46179382813754088 ) ) ;
#5385 = CIRCLE ( 'NONE', #74, 1.999999999999998224 ) ;
#5386 = CARTESIAN_POINT ( 'NONE',  ( -34.50000000000000000, 0.000000000000000000, 26.59999999999999787 ) ) ;
#5387 = ORIENTED_EDGE ( 'NONE', *, *, #1711, .T. ) ;
#5388 = CARTESIAN_POINT ( 'NONE',  ( -10.34168351520956008, 33.43748721714819538, 7.901185938062320169 ) ) ;
#5389 = B_SPLINE_CURVE_WITH_KNOTS ( 'NONE', 3,
 ( #5698, #1720, #2617, #2339 ),
 .UNSPECIFIED., .F., .F.,
 ( 4, 4 ),
 ( 0.000000000000000000, 1.000000000000000000 ),
 .UNSPECIFIED. ) ;
#5390 = AXIS2_PLACEMENT_3D ( 'NONE', #1118, #672, #1145 ) ;
#5391 = VECTOR ( 'NONE', #1339, 1000.000000000000000 ) ;
#5392 = FACE_OUTER_BOUND ( 'NONE', #4623, .T. ) ;
#5393 = EDGE_LOOP ( 'NONE', ( #1944, #1023, #1424, #2427, #1396, #2328, #52, #853, #4307, #786, #72, #5638, #1043, #3721, #2191, #4740, #1085, #4419, #4944, #1176 ) ) ;
#5394 = CARTESIAN_POINT ( 'NONE',  ( 26.50788176343048974, 19.34168553070864860, 0.2826505980434239618 ) ) ;
#5395 = CIRCLE ( 'NONE', #2239, 3.000000000000000444 ) ;
#5396 = CARTESIAN_POINT ( 'NONE',  ( 8.484848484848470207, 33.95596186517419568, 21.50000000000000000 ) ) ;
#5397 = CARTESIAN_POINT ( 'NONE',  ( 34.99999999999999289, -15.48964376960786105, 5.800232737743677092 ) ) ;
#5398 = VERTEX_POINT ( 'NONE', #1473 ) ;
#5399 = FACE_OUTER_BOUND ( 'NONE', #4700, .T. ) ;
#5400 = CARTESIAN_POINT ( 'NONE',  ( -9.574162780800319794, 33.66511907447879537, 21.36644006243174942 ) ) ;
#5401 = CARTESIAN_POINT ( 'NONE',  ( 12.27593015425829925, 32.77661679512299742, 9.699841310750191070 ) ) ;
#5402 = EDGE_CURVE ( 'NONE', #4987, #1748, #3251, .T. ) ;
#5403 = ORIENTED_EDGE ( 'NONE', *, *, #313, .T. ) ;
#5404 = CARTESIAN_POINT ( 'NONE',  ( 12.79974988655876089, 29.05424864467875068, -6.664602331498259424 ) ) ;
#5405 = CARTESIAN_POINT ( 'NONE',  ( 0.000000000000000000, 0.000000000000000000, 64.00000000000000000 ) ) ;
#5406 = CARTESIAN_POINT ( 'NONE',  ( 34.99985364675358568, -15.24619546871224607, 7.421567207849744996 ) ) ;
#5407 = DIRECTION ( 'NONE',  ( 0.6397259552089269441, 0.7686030849743097360, 0.000000000000000000 ) ) ;
#5408 = CARTESIAN_POINT ( 'NONE',  ( 28.26433289481053279, -1.464090886951358028, 49.53259055087400498 ) ) ;
#5409 = CARTESIAN_POINT ( 'NONE',  ( 34.16772401490059963, -16.09421705513325307, 6.058235658679660851 ) ) ;
#5410 = DIRECTION ( 'NONE',  ( 0.000000000000000000, -1.000000000000000000, 0.000000000000000000 ) ) ;
#5411 = ORIENTED_EDGE ( 'NONE', *, *, #4636, .T. ) ;
#5412 = AXIS2_PLACEMENT_3D ( 'NONE', #693, #1165, #3341 ) ;
#5413 = CARTESIAN_POINT ( 'NONE',  ( -8.000000000000000000, 27.14571789435674987, 9.500000000000000000 ) ) ;
#5414 = CARTESIAN_POINT ( 'NONE',  ( 26.75000000000000000, 16.80260396486210084, 54.00000000000000000 ) ) ;
#5415 = B_SPLINE_CURVE_WITH_KNOTS ( 'NONE', 3,
 ( #455, #4010, #4072, #1001, #4907, #586, #2767, #42, #1460, #5373, #104, #4529, #1839, #4502, #1404, #522, #938, #1028, #3238, #2705, #1873, #1371 ),
 .UNSPECIFIED., .F., .F.,
 ( 4, 2, 2, 2, 2, 1, 1, 1, 1, 2, 2, 2, 4 ),
 ( 0.000000000000000000, 0.1250000000000058564, 0.2500000000000117129, 0.3750000000000175415, 0.4375000000000211497, 0.4687500000000227041, 0.4843750000000237033, 0.4921875000000222045, 0.4960937500000227041, 0.4980468750000225930, 0.5000000000000225375, 0.7500000000000112133, 1.000000000000000000 ),
 .UNSPECIFIED. ) ;
#5416 = DIRECTION ( 'NONE',  ( 0.6144940597340071697, -0.7382880531331423857, 0.2780787678922876371 ) ) ;
#5417 = CARTESIAN_POINT ( 'NONE',  ( 0.000000000000000000, 0.000000000000000000, 8.000000000000000000 ) ) ;
#5418 = CARTESIAN_POINT ( 'NONE',  ( 34.50000000000000000, 0.000000000000000000, 47.00000000000000000 ) ) ;
#5419 = CARTESIAN_POINT ( 'NONE',  ( 8.785315621437788991, 26.90183351746914653, 19.33941300228291382 ) ) ;
#5420 = AXIS2_PLACEMENT_3D ( 'NONE', #2138, #3902, #1557 ) ;
#5421 =( BOUNDED_SURFACE ( )  B_SPLINE_SURFACE ( 3, 2, ( 
 ( #5110, #2881, #243 ),
 ( #3798, #1597, #4638 ),
 ( #297, #4687, #3314 ),
 ( #2092, #3370, #5522 ),
 ( #4607, #633, #2065 ),
 ( #5136, #2415, #2441 ),
 ( #721, #3852, #5081 ),
 ( #1107, #2491, #4209 ),
 ( #4261, #5603, #2009 ),
 ( #2959, #5546, #1741 ),
 ( #2178, #1336, #2576 ),
 ( #4314, #4406, #449 ),
 ( #5277, #2668, #3510 ),
 ( #3877, #869, #3940 ),
 ( #1714, #4432, #2642 ),
 ( #4841, #2151, #5690 ),
 ( #323, #2612, #4804 ),
 ( #2240, #4875, #4005 ),
 ( #3482, #3914, #4 ),
 ( #5716, #1278, #3046 ),
 ( #1309, #1803, #3078 ),
 ( #3538, #5248, #836 ),
 ( #5658, #5191, #1223 ),
 ( #417, #4375, #780 ),
 ( #2204, #390, #2989 ),
 ( #3968, #4749, #5742 ),
 ( #5309, #2116, #1686 ),
 ( #3450, #5221, #1252 ),
 ( #3019, #4776, #806 ),
 ( #4342, #359, #1454 ),
 ( #5404, #2734, #1429 ),
 ( #964, #2268, #4995 ),
 ( #483, #3232, #4036 ),
 ( #3139, #930, #2360 ),
 ( #152, #4554, #995 ),
 ( #1022, #1479, #4967 ),
 ( #3567, #1366, #3634 ),
 ( #581, #2384, #4129 ),
 ( #2700, #5337, #3174 ),
 ( #2327, #4902, #4466 ),
 ( #126, #4066, #605 ),
 ( #36, #2824, #1833 ) ),
 .UNSPECIFIED., .F., .F., .T. ) 
 B_SPLINE_SURFACE_WITH_KNOTS ( ( 4, 2, 2, 2, 2, 2, 2, 2, 2, 2, 2, 2, 2, 2, 2, 2, 2, 2, 2, 2, 4 ),
 ( 3, 3 ),
 ( 1.734723475976804976E-18, 0.003651973945517535125, 0.007303947891035069383, 0.01095592183655260017, 0.01460789578207011968, 0.01825986972758764787, 0.02191184367310520034, 0.02373783064586395056, 0.02556381761862274934, 0.02921579156414024978, 0.03104177853689904856, 0.03286776550965780225, 0.03651973945517530268, 0.03834572642793410147, 0.04017171340069285168, 0.04382368734621039374, 0.04747566129172790111, 0.04930164826448669990, 0.05112763523724549869, 0.05477960918276299912, 0.05843158312828049955 ),
 ( 0.000000000000000000, 1.000000000000000000 ),
 .UNSPECIFIED. ) 
 GEOMETRIC_REPRESENTATION_ITEM ( )  RATIONAL_B_SPLINE_SURFACE ( (
 ( 1.000000000000000000, 0.5773502691896219563, 1.000000000000000000),
 ( 1.000000000000000000, 0.5662676556445499498, 1.000000000000000000),
 ( 1.000000000000000000, 0.5548785032856039523, 1.000000000000000000),
 ( 1.000000000000000000, 0.5316914773463369270, 1.000000000000000000),
 ( 1.000000000000000000, 0.5198918869118790420, 1.000000000000000000),
 ( 1.000000000000000000, 0.4961186896577199912, 1.000000000000000000),
 ( 1.000000000000000000, 0.4841427717106280282, 1.000000000000000000),
 ( 1.000000000000000000, 0.4603414666882789663, 1.000000000000000000),
 ( 1.000000000000000000, 0.4484698828115759595, 1.000000000000000000),
 ( 1.000000000000000000, 0.4258410267979290120, 1.000000000000000000),
 ( 1.000000000000000000, 0.4150316416038780098, 1.000000000000000000),
 ( 1.000000000000000000, 0.3951292807328495305, 1.000000000000000000),
 ( 1.000000000000000000, 0.3860339291945624751, 1.000000000000000000),
 ( 1.000000000000000000, 0.3744272467731254994, 1.000000000000000000),
 ( 1.000000000000000000, 0.3709147346625420449, 1.000000000000000000),
 ( 1.000000000000000000, 0.3648071567970589957, 1.000000000000000000),
 ( 1.000000000000000000, 0.3621975886769950304, 1.000000000000000000),
 ( 1.000000000000000000, 0.3558408263224739909, 1.000000000000000000),
 ( 1.000000000000000000, 0.3535781440522509644, 1.000000000000000000),
 ( 1.000000000000000000, 0.3535413190184065191, 1.000000000000000000),
 ( 1.000000000000000000, 0.3540933478990480054, 1.000000000000000000),
 ( 1.000000000000000000, 0.3562699746423995117, 1.000000000000000000),
 ( 1.000000000000000000, 0.3578916839257065274, 1.000000000000000000),
 ( 1.000000000000000000, 0.3642178511833689680, 1.000000000000000000),
 ( 1.000000000000000000, 0.3703845075174309609, 1.000000000000000000),
 ( 1.000000000000000000, 0.3819129722442959896, 1.000000000000000000),
 ( 1.000000000000000000, 0.3861511072845315029, 1.000000000000000000),
 ( 1.000000000000000000, 0.3951535753403194740, 1.000000000000000000),
 ( 1.000000000000000000, 0.3999240611841560211, 1.000000000000000000),
 ( 1.000000000000000000, 0.4148622501705244714, 1.000000000000000000),
 ( 1.000000000000000000, 0.4256481035128300006, 1.000000000000000000),
 ( 1.000000000000000000, 0.4481522260196295071, 1.000000000000000000),
 ( 1.000000000000000000, 0.4598739471771510212, 1.000000000000000000),
 ( 1.000000000000000000, 0.4777939158374640005, 1.000000000000000000),
 ( 1.000000000000000000, 0.4838224243344679820, 1.000000000000000000),
 ( 1.000000000000000000, 0.4958386047436110222, 1.000000000000000000),
 ( 1.000000000000000000, 0.5018400316128789340, 1.000000000000000000),
 ( 1.000000000000000000, 0.5197677174806180078, 1.000000000000000000),
 ( 1.000000000000000000, 0.5316156818585789923, 1.000000000000000000),
 ( 1.000000000000000000, 0.5548654777395150006, 1.000000000000000000),
 ( 1.000000000000000000, 0.5662691006154969564, 1.000000000000000000),
 ( 1.000000000000000000, 0.5773502691896229555, 1.000000000000000000) ) ) 
 REPRESENTATION_ITEM ( '' )  SURFACE ( )  );
#5422 = CARTESIAN_POINT ( 'NONE',  ( -8.322930553845409918, 31.84754675527314660, 9.525195065058721156 ) ) ;
#5423 = VERTEX_POINT ( 'NONE', #3274 ) ;
#5424 = CARTESIAN_POINT ( 'NONE',  ( -9.169852689972650239, 33.77770110407809767, 7.550390130117110132 ) ) ;
#5425 = VECTOR ( 'NONE', #5756, 1000.000000000000000 ) ;
#5426 = CARTESIAN_POINT ( 'NONE',  ( 0.000000000000000000, 19.69999999999999929, 8.000000000000000000 ) ) ;
#5427 = EDGE_LOOP ( 'NONE', ( #205, #1982, #3233, #1937, #2249 ) ) ;
#5428 = CARTESIAN_POINT ( 'NONE',  ( 26.08523008968429124, 19.64739745654998870, 0.1229739684983364723 ) ) ;
#5429 = B_SPLINE_CURVE_WITH_KNOTS ( 'NONE', 3,
 ( #4353, #911, #2677, #463 ),
 .UNSPECIFIED., .F., .F.,
 ( 4, 4 ),
 ( 9.220181747203668851E-18, 0.0003530083809698394753 ),
 .UNSPECIFIED. ) ;
#5430 = CARTESIAN_POINT ( 'NONE',  ( 33.51401933474035388, -14.88177244759607909, 5.173926992416699733 ) ) ;
#5431 = CYLINDRICAL_SURFACE ( 'NONE', #3455, 5.000000000000000888 ) ;
#5432 = EDGE_LOOP ( 'NONE', ( #5336, #22, #3490, #602 ) ) ;
#5433 = CARTESIAN_POINT ( 'NONE',  ( 33.54707196132135039, -15.34868939916685271, 5.294438358922450405 ) ) ;
#5434 = CARTESIAN_POINT ( 'NONE',  ( 28.29216882656960408, -0.7544926790935611027, 14.82631670337367069 ) ) ;
#5435 = ADVANCED_FACE ( 'NONE', ( #2379 ), #5339, .F. ) ;
#5436 = CARTESIAN_POINT ( 'NONE',  ( 35.00000000000000000, -15.31424945728669940, 7.545742380497669544 ) ) ;
#5437 = ORIENTED_EDGE ( 'NONE', *, *, #252, .F. ) ;
#5438 = DIRECTION ( 'NONE',  ( 0.000000000000000000, 0.000000000000000000, 1.000000000000000000 ) ) ;
#5439 = CARTESIAN_POINT ( 'NONE',  ( -34.99987845685844690, -15.50591617502375108, 47.31741924264220245 ) ) ;
#5440 = CARTESIAN_POINT ( 'NONE',  ( 28.30000000000000782, -0.3842395915028972708, 49.90000000000001279 ) ) ;
#5441 = CARTESIAN_POINT ( 'NONE',  ( -30.75000000000000000, -16.80260396486210084, 63.00000000000000000 ) ) ;
#5442 = CARTESIAN_POINT ( 'NONE',  ( 28.79455215220000142, 18.06406743446015284, 0.9185491792117720378 ) ) ;
#5443 = ORIENTED_EDGE ( 'NONE', *, *, #4605, .T. ) ;
#5444 = UNCERTAINTY_MEASURE_WITH_UNIT (LENGTH_MEASURE( 1.000000000000000082E-05 ), #1462, 'distance_accuracy_value', 'NONE');
#5445 = DIRECTION ( 'NONE',  ( -0.000000000000000000, 0.000000000000000000, -1.000000000000000000 ) ) ;
#5446 = CARTESIAN_POINT ( 'NONE',  ( -9.930214535310589952, 30.79499987209025136, 18.02796768757284696 ) ) ;
#5447 = EDGE_CURVE ( 'NONE', #43, #5741, #5617, .T. ) ;
#5448 = CARTESIAN_POINT ( 'NONE',  ( -30.43510164094135106, -16.98420142851290038, 5.000000000000000000 ) ) ;
#5449 = EDGE_CURVE ( 'NONE', #4055, #4968, #4359, .T. ) ;
#5450 = CARTESIAN_POINT ( 'NONE',  ( -34.50000000000000000, 0.000000000000000000, 12.00000000000000000 ) ) ;
#5451 = ORIENTED_EDGE ( 'NONE', *, *, #3591, .T. ) ;
#5452 = EDGE_CURVE ( 'NONE', #1452, #2541, #266, .T. ) ;
#5453 = CARTESIAN_POINT ( 'NONE',  ( -10.70028453643023880, 33.32444034364630170, 8.086300180992180842 ) ) ;
#5454 = CARTESIAN_POINT ( 'NONE',  ( 34.99999999999985789, -15.54742746348172666, 7.533217220291102301 ) ) ;
#5455 = DIRECTION ( 'NONE',  ( 0.6429025854938156259, 0.7659479522561355447, -6.643539470775385998E-17 ) ) ;
#5456 =( BOUNDED_SURFACE ( )  B_SPLINE_SURFACE ( 3, 2, ( 
 ( #5053, #3716, #128 ),
 ( #4996, #1511, #2329 ),
 ( #4525, #100, #3745 ),
 ( #2825, #4580, #3260 ),
 ( #3308, #4203, #3283 ),
 ( #2362, #214, #1024 ),
 ( #1481, #606, #2795 ),
 ( #5075, #5493, #1897 ) ),
 .UNSPECIFIED., .F., .F., .F. ) 
 B_SPLINE_SURFACE_WITH_KNOTS ( ( 4, 2, 2, 4 ),
 ( 3, 3 ),
 ( -2.168404344971009831E-19, 0.0008660779446540199742, 0.001299116916981029853, 0.001732155889308039948 ),
 ( 0.000000000000000000, 1.000000000000000000 ),
 .UNSPECIFIED. ) 
 GEOMETRIC_REPRESENTATION_ITEM ( )  RATIONAL_B_SPLINE_SURFACE ( (
 ( 1.000000000000000000, 0.6096549954099239610, 1.000000000000000000),
 ( 1.000000000000000000, 0.5967163411738690693, 1.000000000000000000),
 ( 1.000000000000000000, 0.5845301120893430236, 1.000000000000000000),
 ( 1.000000000000000000, 0.5682660794465960175, 1.000000000000000000),
 ( 1.000000000000000000, 0.5631882811065099803, 1.000000000000000000),
 ( 1.000000000000000000, 0.5541905836013060194, 1.000000000000000000),
 ( 1.000000000000000000, 0.5502307927848669733, 1.000000000000000000),
 ( 1.000000000000000000, 0.5469087810679990058, 1.000000000000000000) ) ) 
 REPRESENTATION_ITEM ( '' )  SURFACE ( )  );
#5457 = ADVANCED_FACE ( 'NONE', ( #1206 ), #1640, .T. ) ;
#5458 = CARTESIAN_POINT ( 'NONE',  ( -8.484848484848459549, 33.95596186517419568, 21.50000000000000000 ) ) ;
#5459 = CARTESIAN_POINT ( 'NONE',  ( 24.44827876024135094, 25.07355864211319840, 0.1204712569508650105 ) ) ;
#5460 = ORIENTED_EDGE ( 'NONE', *, *, #1363, .F. ) ;
#5461 = CARTESIAN_POINT ( 'NONE',  ( -34.99039392663364367, 15.70489091757850275, 4.176056798680570559 ) ) ;
#5462 = CARTESIAN_POINT ( 'NONE',  ( -34.96627789003007791, -15.10055422693099203, 6.864582820614184122 ) ) ;
#5463 = CARTESIAN_POINT ( 'NONE',  ( 34.85538078951770302, -15.91728168706359803, 7.101981472576510690 ) ) ;
#5464 = B_SPLINE_CURVE_WITH_KNOTS ( 'NONE', 1,
 ( #3643, #976 ),
 .UNSPECIFIED., .F., .F.,
 ( 2, 2 ),
 ( 0.000000000000000000, 1.000000000000000000 ),
 .UNSPECIFIED. ) ;
#5465 = EDGE_LOOP ( 'NONE', ( #5758, #4829, #4081, #2293 ) ) ;
#5466 = LINE ( 'NONE', #519, #4260 ) ;
#5467 = CARTESIAN_POINT ( 'NONE',  ( -35.00000000000000000, -14.45032751935665871, 7.057975664136610483 ) ) ;
#5468 = CARTESIAN_POINT ( 'NONE',  ( -33.61183359728229902, -16.01833340116465365, 5.582549861934269941 ) ) ;
#5469 = ORIENTED_EDGE ( 'NONE', *, *, #5501, .T. ) ;
#5470 = CARTESIAN_POINT ( 'NONE',  ( 40.00000000000000000, 0.000000000000000000, 47.00000000000000000 ) ) ;
#5471 = CARTESIAN_POINT ( 'NONE',  ( 35.00000000000000000, -14.78174952492759964, 7.078949380466460717 ) ) ;
#5472 = CARTESIAN_POINT ( 'NONE',  ( 34.07005348155587399, -15.81918586974597929, 5.719640045246491056 ) ) ;
#5473 = CARTESIAN_POINT ( 'NONE',  ( -34.99981003234470478, -15.51141691099040187, 8.000000000000000000 ) ) ;
#5474 = EDGE_CURVE ( 'NONE', #5329, #1914, #1583, .T. ) ;
#5475 = CARTESIAN_POINT ( 'NONE',  ( -10.92866661211493984, 33.25024307440569515, 8.227785249901279130 ) ) ;
#5476 = ORIENTED_EDGE ( 'NONE', *, *, #566, .T. ) ;
#5477 = CARTESIAN_POINT ( 'NONE',  ( -11.25426509424221955, 33.14128094818020287, 8.469144952909349655 ) ) ;
#5478 = CYLINDRICAL_SURFACE ( 'NONE', #730, 42.00000000000000000 ) ;
#5479 = CARTESIAN_POINT ( 'NONE',  ( 34.99981003234470478, -15.51141691099045161, 8.000000000000000000 ) ) ;
#5480 = CIRCLE ( 'NONE', #2497, 29.30000000000000071 ) ;
#5481 = AXIS2_PLACEMENT_3D ( 'NONE', #1360, #4491, #4400 ) ;
#5482 = CARTESIAN_POINT ( 'NONE',  ( -8.638234903585919611, 31.66960397247284931, 19.39653943537404857 ) ) ;
#5483 = EDGE_CURVE ( 'NONE', #3083, #4240, #3867, .T. ) ;
#5484 = CIRCLE ( 'NONE', #5390, 1.999999999999999112 ) ;
#5485 = VECTOR ( 'NONE', #4603, 1000.000000000000000 ) ;
#5486 = CARTESIAN_POINT ( 'NONE',  ( -26.83281572999727516, 22.50000000000028777, -1.492958444838180743 ) ) ;
#5487 = CARTESIAN_POINT ( 'NONE',  ( 12.66772989706903907, 32.62711685611060375, 18.17121576667189942 ) ) ;
#5488 = DIRECTION ( 'NONE',  ( -1.000000000000000000, 0.000000000000000000, 0.000000000000000000 ) ) ;
#5489 = FACE_BOUND ( 'NONE', #2830, .T. ) ;
#5490 = CARTESIAN_POINT ( 'NONE',  ( -33.34389497213634712, -16.27636862128655082, 5.579924343239859752 ) ) ;
#5491 = EDGE_CURVE ( 'NONE', #1315, #3597, #2102, .T. ) ;
#5492 = ORIENTED_EDGE ( 'NONE', *, *, #988, .T. ) ;
#5493 = CARTESIAN_POINT ( 'NONE',  ( -30.86889669933420421, 20.35376841243279600, -0.1485120325409465813 ) ) ;
#5494 = FACE_OUTER_BOUND ( 'NONE', #2803, .T. ) ;
#5495 = CARTESIAN_POINT ( 'NONE',  ( 25.00753864710069863, -20.09476109758374918, 5.000000000000000000 ) ) ;
#5496 = EDGE_LOOP ( 'NONE', ( #424, #5616, #5255, #1359 ) ) ;
#5497 = CARTESIAN_POINT ( 'NONE',  ( -35.00000000000000000, -14.28642952956639967, 7.020443208332910245 ) ) ;
#5498 = DIRECTION ( 'NONE',  ( 0.000000000000000000, 0.000000000000000000, 1.000000000000000000 ) ) ;
#5499 = CARTESIAN_POINT ( 'NONE',  ( -9.838680098515078853, 33.58897391019845458, 21.29307887074799766 ) ) ;
#5500 = CARTESIAN_POINT ( 'NONE',  ( -35.00000000000000000, 0.000000000000000000, 26.10000000000000142 ) ) ;
#5501 = EDGE_CURVE ( 'NONE', #5561, #2908, #1699, .T. ) ;
#5502 = AXIS2_PLACEMENT_3D ( 'NONE', #4717, #2468, #1086 ) ;
#5503 = CARTESIAN_POINT ( 'NONE',  ( -8.130536489231770858, 31.94952851871734367, 9.503217937332541609 ) ) ;
#5504 = ORIENTED_EDGE ( 'NONE', *, *, #4184, .F. ) ;
#5505 = CARTESIAN_POINT ( 'NONE',  ( 35.00000000000000000, -15.48105221782605057, 7.940029201838391337 ) ) ;
#5506 = VECTOR ( 'NONE', #5151, 1000.000000000000000 ) ;
#5507 = CARTESIAN_POINT ( 'NONE',  ( 4.673420642456940222, -47.67642020736349906, 5.000000000000000000 ) ) ;
#5508 = VECTOR ( 'NONE', #5292, 1000.000000000000000 ) ;
#5509 = ORIENTED_EDGE ( 'NONE', *, *, #676, .F. ) ;
#5510 = DIRECTION ( 'NONE',  ( 1.000000000000000000, 0.000000000000000000, 0.000000000000000000 ) ) ;
#5511 = DIRECTION ( 'NONE',  ( -1.000000000000000000, 0.000000000000000000, 0.000000000000000000 ) ) ;
#5512 = VERTEX_POINT ( 'NONE', #3465 ) ;
#5513 = FACE_OUTER_BOUND ( 'NONE', #4223, .T. ) ;
#5514 = CARTESIAN_POINT ( 'NONE',  ( 28.29999999999999361, -0.3857545808029758105, 9.099999999999997868 ) ) ;
#5515 = CARTESIAN_POINT ( 'NONE',  ( -33.63739575204988341, -15.89002860096721648, 5.493776708465960112 ) ) ;
#5516 = ORIENTED_EDGE ( 'NONE', *, *, #2854, .T. ) ;
#5517 = CARTESIAN_POINT ( 'NONE',  ( -10.00000000000000000, 30.74085229787894846, 11.50000000000000000 ) ) ;
#5518 = CARTESIAN_POINT ( 'NONE',  ( -33.51401933474085126, -14.88177244759215867, 5.173926992415930570 ) ) ;
#5519 = DIRECTION ( 'NONE',  ( -1.000000000000000000, 0.000000000000000000, 0.000000000000000000 ) ) ;
#5520 = CARTESIAN_POINT ( 'NONE',  ( -28.15100031401607694, -2.900203675997559127, 47.38326163079472764 ) ) ;
#5521 = EDGE_LOOP ( 'NONE', ( #5030, #3962, #2666 ) ) ;
#5522 = CARTESIAN_POINT ( 'NONE',  ( -22.70379367779819901, 26.66330873252464784, -0.8778763280496689747 ) ) ;
#5523 = CARTESIAN_POINT ( 'NONE',  ( -28.24532184422873016, -1.779324698303603070, 9.678022482787701719 ) ) ;
#5524 = CARTESIAN_POINT ( 'NONE',  ( -11.65006844560575949, 33.00431421156490330, 20.16657043641774649 ) ) ;
#5525 = DIRECTION ( 'NONE',  ( 0.000000000000000000, -1.000000000000000000, 0.000000000000000000 ) ) ;
#5526 = CARTESIAN_POINT ( 'NONE',  ( -33.64300515652503520, -15.33121088000938315, 5.311780836593817945 ) ) ;
#5527 = ORIENTED_EDGE ( 'NONE', *, *, #2074, .T. ) ;
#5528 = CARTESIAN_POINT ( 'NONE',  ( -35.00000000000000000, -15.11408154316839969, 7.352745219559669643 ) ) ;
#5529 = CARTESIAN_POINT ( 'NONE',  ( -9.854603016831640971, 30.85279983752385036, 18.24936461503914842 ) ) ;
#5530 = EDGE_CURVE ( 'NONE', #3083, #3501, #842, .T. ) ;
#5531 = ORIENTED_EDGE ( 'NONE', *, *, #4857, .F. ) ;
#5532 = CARTESIAN_POINT ( 'NONE',  ( -26.18197462400021891, -21.68403123987322090, 5.737722682933285689 ) ) ;
#5533 = CARTESIAN_POINT ( 'NONE',  ( 11.03955984530043999, 33.21356693584064601, 20.69609649800925055 ) ) ;
#5534 = ORIENTED_EDGE ( 'NONE', *, *, #162, .T. ) ;
#5535 = CARTESIAN_POINT ( 'NONE',  ( -35.00000000034084024, -15.49190341973047147, 47.47156076383307521 ) ) ;
#5536 = CARTESIAN_POINT ( 'NONE',  ( -34.99444955641781974, -15.00156064508101750, 7.032938882235444389 ) ) ;
#5537 = EDGE_CURVE ( 'NONE', #2611, #477, #2919, .T. ) ;
#5538 = CARTESIAN_POINT ( 'NONE',  ( -34.15144503401683806, -15.83001299275830753, 5.798579232222499158 ) ) ;
#5539 = ORIENTED_EDGE ( 'NONE', *, *, #2816, .F. ) ;
#5540 = CARTESIAN_POINT ( 'NONE',  ( 8.161616161616148446, 32.66240141316764323, 8.833333333333380111 ) ) ;
#5541 = FACE_OUTER_BOUND ( 'NONE', #3525, .T. ) ;
#5542 = DIRECTION ( 'NONE',  ( -1.000000000000000000, 0.000000000000000000, 0.000000000000000000 ) ) ;
#5543 = CARTESIAN_POINT ( 'NONE',  ( 8.504490377485700137, 26.99195114216279379, 19.43544554308108019 ) ) ;
#5544 = ADVANCED_FACE ( 'NONE', ( #5327 ), #3991, .F. ) ;
#5545 = ORIENTED_EDGE ( 'NONE', *, *, #1737, .F. ) ;
#5546 = CARTESIAN_POINT ( 'NONE',  ( -14.93602609693027006, 31.71270681178504347, -9.207054583916649548 ) ) ;
#5547 = CARTESIAN_POINT ( 'NONE',  ( 0.000000000000000000, 0.000000000000000000, 7.500000000000119016 ) ) ;
#5548 = DIRECTION ( 'NONE',  ( 0.9414762763996656902, 0.3055304499422369369, -0.1423852700763483803 ) ) ;
#5549 = CARTESIAN_POINT ( 'NONE',  ( -35.00000000000000000, -15.37696393614724855, 7.634310413140360296 ) ) ;
#5550 = EDGE_CURVE ( 'NONE', #2322, #4542, #4696, .T. ) ;
#5551 = CARTESIAN_POINT ( 'NONE',  ( -9.963670071122949778, 33.55209387737335192, 7.748635359467539452 ) ) ;
#5552 = VERTEX_POINT ( 'NONE', #4827 ) ;
#5553 = DIRECTION ( 'NONE',  ( -1.000000000000000000, 0.000000000000000000, 0.000000000000000000 ) ) ;
#5554 = CARTESIAN_POINT ( 'NONE',  ( -9.153522887464159652, 31.34912882314674931, 19.13414995030749921 ) ) ;
#5555 = CIRCLE ( 'NONE', #5093, 2.000000000000000444 ) ;
#5556 = ORIENTED_EDGE ( 'NONE', *, *, #881, .T. ) ;
#5557 = CARTESIAN_POINT ( 'NONE',  ( -28.79371202597249635, 21.18728138142600059, 2.480969870371749764 ) ) ;
#5558 = CIRCLE ( 'NONE', #824, 2.000000000000000888 ) ;
#5559 = CARTESIAN_POINT ( 'NONE',  ( 27.68007141328414988, 21.88559847909780132, 2.058014911985725170 ) ) ;
#5560 = VECTOR ( 'NONE', #5743, 1000.000000000000000 ) ;
#5561 = VERTEX_POINT ( 'NONE', #4326 ) ;
#5562 = CARTESIAN_POINT ( 'NONE',  ( -34.99981003234470478, -15.51141691099035036, 47.00000000000000000 ) ) ;
#5563 = FACE_BOUND ( 'NONE', #3200, .T. ) ;
#5564 = VECTOR ( 'NONE', #4007, 1000.000000000000000 ) ;
#5565 = CIRCLE ( 'NONE', #3067, 2.000000000000001776 ) ;
#5566 = CARTESIAN_POINT ( 'NONE',  ( -33.68201449406129910, -16.05136719720181659, 5.662824113370753309 ) ) ;
#5567 = ORIENTED_EDGE ( 'NONE', *, *, #1397, .F. ) ;
#5568 = CARTESIAN_POINT ( 'NONE',  ( 33.28461775846061244, 18.29348802510022765, 0.8395820404035631013 ) ) ;
#5569 = CIRCLE ( 'NONE', #2147, 3.400000000000000355 ) ;
#5570 = VECTOR ( 'NONE', #2905, 1000.000000000000000 ) ;
#5571 = CARTESIAN_POINT ( 'NONE',  ( -30.45426518713430042, 20.48832576205299816, 2.881837241123649473 ) ) ;
#5572 = CARTESIAN_POINT ( 'NONE',  ( -35.00000000000000000, -15.34072099767735153, 7.580785137318170719 ) ) ;
#5573 = CARTESIAN_POINT ( 'NONE',  ( 8.754823157339300721, 26.91176457363061658, 19.35209137517183464 ) ) ;
#5574 = ORIENTED_EDGE ( 'NONE', *, *, #4953, .F. ) ;
#5575 = LINE ( 'NONE', #189, #1 ) ;
#5576 = DIRECTION ( 'NONE',  ( 1.000000000000000000, 0.000000000000000000, 0.000000000000000000 ) ) ;
#5577 = CARTESIAN_POINT ( 'NONE',  ( 35.00000000000000000, -15.11408154316919905, 7.352745219558790346 ) ) ;
#5578 = CARTESIAN_POINT ( 'NONE',  ( 28.20583225158130958, 2.322784615296515920, 31.27832956274997045 ) ) ;
#5579 = EDGE_CURVE ( 'NONE', #5398, #5695, #1594, .T. ) ;
#5580 = FACE_OUTER_BOUND ( 'NONE', #5465, .T. ) ;
#5581 = ORIENTED_EDGE ( 'NONE', *, *, #704, .T. ) ;
#5582 = APPLICATION_PROTOCOL_DEFINITION ( 'draft international standard', 'automotive_design', 1998, #3817 ) ;
#5583 = DIRECTION ( 'NONE',  ( -1.000000000000000000, -1.040834085586084059E-15, 0.000000000000000000 ) ) ;
#5584 = EDGE_CURVE ( 'NONE', #416, #1581, #1580, .T. ) ;
#5585 = CARTESIAN_POINT ( 'NONE',  ( -35.00000000000000000, -14.62682560115652031, 6.929373205690650295 ) ) ;
#5586 = CARTESIAN_POINT ( 'NONE',  ( 30.10945052842020075, 17.65674913365904786, 1.108370279784794077 ) ) ;
#5587 = VERTEX_POINT ( 'NONE', #337 ) ;
#5588 = CARTESIAN_POINT ( 'NONE',  ( -25.27399794039325087, 20.27722894067455073, -0.2096409753895329964 ) ) ;
#5589 = AXIS2_PLACEMENT_3D ( 'NONE', #1398, #5025, #1055 ) ;
#5590 = DIRECTION ( 'NONE',  ( 0.000000000000000000, 0.000000000000000000, 1.000000000000000000 ) ) ;
#5591 = VERTEX_POINT ( 'NONE', #5295 ) ;
#5592 = CARTESIAN_POINT ( 'NONE',  ( 34.83718218529713084, -15.93508994588159844, 7.054128067627222443 ) ) ;
#5593 = VECTOR ( 'NONE', #2511, 1000.000000000000000 ) ;
#5594 =( BOUNDED_SURFACE ( )  B_SPLINE_SURFACE ( 3, 2, ( 
 ( #3644, #5032, #3697 ),
 ( #1463, #3266, #2743 ),
 ( #5471, #4533, #5381 ),
 ( #3673, #4977, #1376 ) ),
 .UNSPECIFIED., .F., .F., .F. ) 
 B_SPLINE_SURFACE_WITH_KNOTS ( ( 4, 4 ),
 ( 3, 3 ),
 ( -9.074772183703669647E-17, 0.0006454564587548359666 ),
 ( 0.000000000000000000, 1.000000000000000000 ),
 .UNSPECIFIED. ) 
 GEOMETRIC_REPRESENTATION_ITEM ( )  RATIONAL_B_SPLINE_SURFACE ( (
 ( 1.000000000000000000, 0.8899050532079979536, 1.000000000000000000),
 ( 1.000000000000000000, 0.8824386652818689836, 1.000000000000000000),
 ( 1.000000000000000000, 0.8710831764415439826, 1.000000000000000000),
 ( 1.000000000000000000, 0.8536862952201360599, 1.000000000000000000) ) ) 
 REPRESENTATION_ITEM ( '' )  SURFACE ( )  );
#5595 = CARTESIAN_POINT ( 'NONE',  ( -31.69341012452284900, -20.15140162281635128, -20.84927391700995258 ) ) ;
#5596 = CARTESIAN_POINT ( 'NONE',  ( -9.280581800882050203, 31.26443194551419680, 9.963387036383210216 ) ) ;
#5597 = CARTESIAN_POINT ( 'NONE',  ( 31.21669720437609996, 16.84931803103765091, 1.472074052342819961 ) ) ;
#5598 = EDGE_CURVE ( 'NONE', #4840, #4908, #2130, .T. ) ;
#5599 = CARTESIAN_POINT ( 'NONE',  ( -4.879002570373920378, 31.15915396314453290, -8.837483459220470294 ) ) ;
#5600 = CARTESIAN_POINT ( 'NONE',  ( -34.83710222543174240, -15.93516367750049945, 7.053922522487540370 ) ) ;
#5601 = DIRECTION ( 'NONE',  ( -1.000000000000000000, 0.000000000000000000, 0.000000000000000000 ) ) ;
#5602 = ORIENTED_EDGE ( 'NONE', *, *, #530, .F. ) ;
#5603 = CARTESIAN_POINT ( 'NONE',  ( -17.11219063952410480, 30.59185473940042144, -8.024158442539974345 ) ) ;
#5604 = CARTESIAN_POINT ( 'NONE',  ( 34.00935111706167646, -15.92993858881731128, 5.784855550245155520 ) ) ;
#5605 = CARTESIAN_POINT ( 'NONE',  ( -12.72001660130692002, 32.60676938975064587, 17.76923534405900185 ) ) ;
#5606 = CARTESIAN_POINT ( 'NONE',  ( 28.29999999999999361, -0.3857545806230123220, 26.60000000000000497 ) ) ;
#5607 = EDGE_CURVE ( 'NONE', #5561, #994, #5264, .T. ) ;
#5608 = CARTESIAN_POINT ( 'NONE',  ( 9.889718586509109954, 30.82605169452170202, 10.84419528340571937 ) ) ;
#5609 = VERTEX_POINT ( 'NONE', #4792 ) ;
#5610 = DIRECTION ( 'NONE',  ( -1.000000000000000000, 0.000000000000000000, 0.000000000000000000 ) ) ;
#5611 = EDGE_CURVE ( 'NONE', #4850, #2008, #3997, .T. ) ;
#5612 = DIRECTION ( 'NONE',  ( 0.000000000000000000, 0.000000000000000000, 1.000000000000000000 ) ) ;
#5613 = CARTESIAN_POINT ( 'NONE',  ( -9.900473544972928863, 30.81782119687635202, 18.12396131572350200 ) ) ;
#5614 = EDGE_CURVE ( 'NONE', #3023, #821, #2626, .T. ) ;
#5615 = SPHERICAL_SURFACE ( 'NONE', #5192, 2.000000000000000000 ) ;
#5616 = ORIENTED_EDGE ( 'NONE', *, *, #3098, .T. ) ;
#5617 = LINE ( 'NONE', #1124, #3893 ) ;
#5618 = FACE_OUTER_BOUND ( 'NONE', #4648, .T. ) ;
#5619 = ORIENTED_EDGE ( 'NONE', *, *, #3318, .T. ) ;
#5620 = LINE ( 'NONE', #1614, #5593 ) ;
#5621 = CARTESIAN_POINT ( 'NONE',  ( -22.70379367779819901, 26.66330873252464784, -0.8778763280496689747 ) ) ;
#5622 = CARTESIAN_POINT ( 'NONE',  ( -35.00000000000000000, 0.000000000000000000, -37.00000000000000000 ) ) ;
#5623 = EDGE_LOOP ( 'NONE', ( #1832, #448 ) ) ;
#5624 = CARTESIAN_POINT ( 'NONE',  ( 32.75390337432470034, 18.93111841912400095, 3.304077578644855073 ) ) ;
#5625 = CARTESIAN_POINT ( 'NONE',  ( 6.048117807681000713, 30.98754898806887681, -8.646754433495596359 ) ) ;
#5626 = DIRECTION ( 'NONE',  ( 0.000000000000000000, 0.000000000000000000, -1.000000000000000000 ) ) ;
#5627 = DIRECTION ( 'NONE',  ( 0.000000000000000000, 0.000000000000000000, -1.000000000000000000 ) ) ;
#5628 = ORIENTED_EDGE ( 'NONE', *, *, #3678, .T. ) ;
#5629 = CARTESIAN_POINT ( 'NONE',  ( -28.30000000000000071, 0.3842395914801008949, 49.89999999999999147 ) ) ;
#5630 = CARTESIAN_POINT ( 'NONE',  ( 28.20583790848353090, 2.322694630485338863, 27.72155834033180000 ) ) ;
#5631 = CARTESIAN_POINT ( 'NONE',  ( -9.930867462349301178, 26.50042935034115743, 10.97432217456057657 ) ) ;
#5632 = EDGE_LOOP ( 'NONE', ( #4747, #4208, #5165, #3093 ) ) ;
#5633 = CARTESIAN_POINT ( 'NONE',  ( -9.605548664048944474, 26.62088556995096766, 18.72747668715925329 ) ) ;
#5634 = DIRECTION ( 'NONE',  ( -1.000000000000000000, 0.000000000000000000, 0.000000000000000000 ) ) ;
#5635 = CARTESIAN_POINT ( 'NONE',  ( -8.989785798379870130, 31.45508467770505234, 19.23909613260959972 ) ) ;
#5636 = EDGE_CURVE ( 'NONE', #4196, #2846, #1588, .T. ) ;
#5637 = CARTESIAN_POINT ( 'NONE',  ( 9.440518290197999818, 33.70283995478245487, 7.602270890606599885 ) ) ;
#5638 = ORIENTED_EDGE ( 'NONE', *, *, #3829, .F. ) ;
#5639 = CARTESIAN_POINT ( 'NONE',  ( 33.35251591957584338, -14.58222749040158028, 5.061269058594129788 ) ) ;
#5640 = CARTESIAN_POINT ( 'NONE',  ( 9.982118266772589621, 30.75479089583180325, 17.76896123388490167 ) ) ;
#5641 = CARTESIAN_POINT ( 'NONE',  ( -34.92452269561630374, -15.80982751657925078, 7.302527160177089804 ) ) ;
#5642 = EDGE_CURVE ( 'NONE', #2316, #4707, #762, .T. ) ;
#5643 = ORIENTED_EDGE ( 'NONE', *, *, #2210, .T. ) ;
#5644 = ADVANCED_FACE ( 'NONE', ( #2258 ), #2335, .F. ) ;
#5645 = CARTESIAN_POINT ( 'NONE',  ( -35.00000000000000000, 20.00000000000035172, -20.85027391700995381 ) ) ;
#5646 = CIRCLE ( 'NONE', #5095, 2.899999999999999911 ) ;
#5647 = LINE ( 'NONE', #3038, #3275 ) ;
#5648 = CARTESIAN_POINT ( 'NONE',  ( 28.75000000000000000, -16.80260396486210084, 63.00000000000000000 ) ) ;
#5649 = ORIENTED_EDGE ( 'NONE', *, *, #3491, .F. ) ;
#5650 = FACE_OUTER_BOUND ( 'NONE', #2895, .T. ) ;
#5651 = CARTESIAN_POINT ( 'NONE',  ( 15.86443870340010776, 27.64224901475036589, -5.370502609883432754 ) ) ;
#5652 = CARTESIAN_POINT ( 'NONE',  ( -35.00000000000000000, -15.34920322535339920, 7.592794574612019787 ) ) ;
#5653 = AXIS2_PLACEMENT_3D ( 'NONE', #2207, #392, #3879 ) ;
#5654 = CARTESIAN_POINT ( 'NONE',  ( -28.75000000000000000, -16.80260396486210084, 63.00000000000000000 ) ) ;
#5655 = AXIS2_PLACEMENT_3D ( 'NONE', #4596, #1425, #4171 ) ;
#5656 = ORIENTED_EDGE ( 'NONE', *, *, #4564, .F. ) ;
#5657 = CIRCLE ( 'NONE', #4175, 50.00000000000000000 ) ;
#5658 = CARTESIAN_POINT ( 'NONE',  ( 3.051877040540300179, 31.37035410220345000, -9.073128579981698749 ) ) ;
#5659 = AXIS2_PLACEMENT_3D ( 'NONE', #2412, #4582, #4133 ) ;
#5660 = DIRECTION ( 'NONE',  ( -1.000000000000000000, 0.000000000000000000, 0.000000000000000000 ) ) ;
#5661 = CARTESIAN_POINT ( 'NONE',  ( 28.20578337188546314, -2.323308454145421198, 27.72249430220948341 ) ) ;
#5662 = DIRECTION ( 'NONE',  ( -1.000000000000000000, 0.000000000000000000, 0.000000000000000000 ) ) ;
#5663 = AXIS2_PLACEMENT_3D ( 'NONE', #4559, #5342, #3639 ) ;
#5664 = B_SPLINE_SURFACE_WITH_KNOTS ( 'NONE', 1, 3, ( 
 ( #4139, #3215, #4048, #4914, #4112, #3645, #946, #3187, #3699, #111, #978, #528, #4477, #47, #1909, #499, #2281, #1440, #4534, #1845, #3609, #5382, #1410, #4949, #2309, #4445, #5006, #3675, #4077, #77, #464, #5446, #1879, #559, #1464, #3243, #1036, #2806 ),
 ( #592, #2068, #3828, #1628, #4667, #3344, #695, #5499, #5033, #3291, #5112, #2938, #191, #1958, #2417, #4640, #2393, #4157, #1569, #4610, #5524, #2444, #635, #1141, #1519, #4182, #4211, #1167, #1599, #163, #222, #667, #2884, #4265, #4689, #5605, #2912, #1545 ) ),
 .UNSPECIFIED., .F., .F., .F.,
 ( 2, 2 ),
 ( 4, 2, 2, 2, 2, 2, 2, 2, 2, 2, 2, 2, 2, 2, 2, 2, 2, 2, 4 ),
 ( 0.000000000000000000, 1.000000000000000000 ),
 ( 0.000000000000000000, 0.0007995668770073519754, 0.0009994585962591899693, 0.001199350315511027963, 0.001599133754014705035, 0.001998917192518379939, 0.002398700631022054625, 0.002598592350273895221, 0.002798484069525730179, 0.003198267508029410070, 0.003598050946533084757, 0.003997834385036759877, 0.004397617823540434998, 0.004797401262044109251, 0.004997292981295950280, 0.005197184700547790442, 0.005596968139051460359, 0.005996751577555139816, 0.006396535016058820140 ),
 .UNSPECIFIED. ) ;
#5665 = ORIENTED_EDGE ( 'NONE', *, *, #3123, .T. ) ;
#5666 = CARTESIAN_POINT ( 'NONE',  ( 9.231800902144330578, 31.29721841712580144, 9.924017181260738951 ) ) ;
#5667 = ORIENTED_EDGE ( 'NONE', *, *, #4836, .F. ) ;
#5668 = DIRECTION ( 'NONE',  ( 0.000000000000000000, 0.000000000000000000, -1.000000000000000000 ) ) ;
#5669 = CARTESIAN_POINT ( 'NONE',  ( 26.80077643654355768, -22.51040609137056236, 7.622146072098188618 ) ) ;
#5670 = EDGE_CURVE ( 'NONE', #1914, #1748, #5569, .T. ) ;
#5671 = CARTESIAN_POINT ( 'NONE',  ( 33.00000000000000000, 15.50910527760495050, 4.176056798680550131 ) ) ;
#5672 = CARTESIAN_POINT ( 'NONE',  ( 9.373373338841890501, 33.72157857493544952, 7.588164752135890367 ) ) ;
#5673 = ORIENTED_EDGE ( 'NONE', *, *, #3491, .T. ) ;
#5674 = CARTESIAN_POINT ( 'NONE',  ( -26.26759938409813344, -21.79871055151178538, 5.870819860839893600 ) ) ;
#5675 = CARTESIAN_POINT ( 'NONE',  ( 9.866899393277810404, 30.84349207277185201, 18.22044219166015466 ) ) ;
#5676 = EDGE_LOOP ( 'NONE', ( #3324, #4384, #5266, #3223 ) ) ;
#5677 = CARTESIAN_POINT ( 'NONE',  ( 33.00000000000000000, 15.50910527760495050, -61.00000000000000000 ) ) ;
#5678 = CIRCLE ( 'NONE', #5589, 2.000000000000000444 ) ;
#5679 = CYLINDRICAL_SURFACE ( 'NONE', #3350, 2.000000000000001776 ) ;
#5680 = CARTESIAN_POINT ( 'NONE',  ( -1.329662364431582144, 34.99918317678400115, -7.895862313503799079 ) ) ;
#5681 = CARTESIAN_POINT ( 'NONE',  ( 28.29999999999999716, -2.369067627514480134E-23, 32.39999999999999858 ) ) ;
#5682 = ORIENTED_EDGE ( 'NONE', *, *, #3518, .F. ) ;
#5683 = CARTESIAN_POINT ( 'NONE',  ( 33.42693543583010296, -29.99999999999965183, 8.000000000000000000 ) ) ;
#5684 = DIRECTION ( 'NONE',  ( 0.000000000000000000, 0.000000000000000000, -1.000000000000000000 ) ) ;
#5685 = CARTESIAN_POINT ( 'NONE',  ( -34.99999999999999289, -15.71187513512367140, 6.648109438602421761 ) ) ;
#5686 = AXIS2_PLACEMENT_3D ( 'NONE', #3657, #476, #1797 ) ;
#5687 = EDGE_CURVE ( 'NONE', #3896, #1381, #5395, .T. ) ;
#5688 = VERTEX_POINT ( 'NONE', #2751 ) ;
#5689 = VECTOR ( 'NONE', #3560, 999.9999999999998863 ) ;
#5690 = CARTESIAN_POINT ( 'NONE',  ( -5.174699695852740255, 34.62128218133445046, -7.496411242946019904 ) ) ;
#5691 = DIRECTION ( 'NONE',  ( -1.000000000000000000, 0.000000000000000000, 0.000000000000000000 ) ) ;
#5692 = CARTESIAN_POINT ( 'NONE',  ( 26.75000000000000000, 16.80260396486210084, 54.00000000000000000 ) ) ;
#5693 = CARTESIAN_POINT ( 'NONE',  ( 40.00000000000000000, 0.000000000000000000, 47.00000000000000000 ) ) ;
#5694 = DIRECTION ( 'NONE',  ( 0.000000000000000000, 0.000000000000000000, 1.000000000000000000 ) ) ;
#5695 = VERTEX_POINT ( 'NONE', #5011 ) ;
#5696 = ADVANCED_FACE ( 'NONE', ( #3615 ), #1963, .F. ) ;
#5697 = CARTESIAN_POINT ( 'NONE',  ( 9.615999349923230355, 31.02979968061834981, 10.31978753063262033 ) ) ;
#5698 = CARTESIAN_POINT ( 'NONE',  ( 35.00000000000000000, -15.48385181469829952, 47.00000000000000000 ) ) ;
#5699 = DIRECTION ( 'NONE',  ( 2.451905973112095492E-16, 0.000000000000000000, 1.000000000000000000 ) ) ;
#5700 = CYLINDRICAL_SURFACE ( 'NONE', #1113, 4.999999999999997335 ) ;
#5701 = CARTESIAN_POINT ( 'NONE',  ( -34.09400761543285796, -16.00415061581482945, 5.920458369828184964 ) ) ;
#5702 = CARTESIAN_POINT ( 'NONE',  ( 34.53720616994860393, 16.78855718802284969, -61.00000000000000000 ) ) ;
#5703 = CARTESIAN_POINT ( 'NONE',  ( 10.34318915103539815, 33.43702152551579587, 7.901875735160509784 ) ) ;
#5704 = ORIENTED_EDGE ( 'NONE', *, *, #5375, .F. ) ;
#5705 = CARTESIAN_POINT ( 'NONE',  ( 40.00000000000000000, 0.000000000000000000, 9.099999999999999645 ) ) ;
#5706 = CARTESIAN_POINT ( 'NONE',  ( 9.722125623238749625, 30.95206734637100254, 18.51753549577410141 ) ) ;
#5707 = VERTEX_POINT ( 'NONE', #2719 ) ;
#5708 = CARTESIAN_POINT ( 'NONE',  ( -34.98662057577377738, -15.73298349987079980, 6.519417463202006324 ) ) ;
#5709 = EDGE_CURVE ( 'NONE', #1530, #3435, #4483, .T. ) ;
#5710 = CARTESIAN_POINT ( 'NONE',  ( -15.79450959844834834, 31.25701739973070659, -4.321344857329449951 ) ) ;
#5711 = ORIENTED_EDGE ( 'NONE', *, *, #2699, .F. ) ;
#5712 = CARTESIAN_POINT ( 'NONE',  ( 10.00000000000000000, 30.74085229787894846, 11.50000000000000000 ) ) ;
#5713 = FACE_OUTER_BOUND ( 'NONE', #4302, .T. ) ;
#5714 = CARTESIAN_POINT ( 'NONE',  ( 9.838680098515069972, 33.58897391019845458, 7.706921129251959712 ) ) ;
#5715 = ORIENTED_EDGE ( 'NONE', *, *, #1782, .T. ) ;
#5716 = CARTESIAN_POINT ( 'NONE',  ( 0.5961826415118460787, 31.50035850775739732, -9.220017743228840601 ) ) ;
#5717 = CYLINDRICAL_SURFACE ( 'NONE', #2494, 1.999999999999998224 ) ;
#5718 = DIRECTION ( 'NONE',  ( 0.000000000000000000, 0.000000000000000000, -1.000000000000000000 ) ) ;
#5719 = DIRECTION ( 'NONE',  ( 0.000000000000000000, -1.000000000000000000, 0.000000000000000000 ) ) ;
#5720 = DIRECTION ( 'NONE',  ( 0.000000000000000000, 0.000000000000000000, 1.000000000000000000 ) ) ;
#5721 = ORIENTED_EDGE ( 'NONE', *, *, #2504, .F. ) ;
#5722 = CARTESIAN_POINT ( 'NONE',  ( -34.53189593705986482, -16.76965694690905551, 7.645857058500094006 ) ) ;
#5723 = ORIENTED_EDGE ( 'NONE', *, *, #1966, .T. ) ;
#5724 = DIRECTION ( 'NONE',  ( 0.000000000000000000, 9.227252531791529091E-17, 1.000000000000000000 ) ) ;
#5725 = DIRECTION ( 'NONE',  ( 0.000000000000000000, 0.000000000000000000, 1.000000000000000000 ) ) ;
#5726 = CARTESIAN_POINT ( 'NONE',  ( -33.94990663896145833, -15.88597765832585473, 5.698210936636669999 ) ) ;
#5727 = CARTESIAN_POINT ( 'NONE',  ( 9.884613011054815601, 26.51765526781501947, 18.17101781205515820 ) ) ;
#5728 = ORIENTED_EDGE ( 'NONE', *, *, #153, .F. ) ;
#5729 = DIRECTION ( 'NONE',  ( 0.000000000000000000, 9.227252531791529091E-17, 1.000000000000000000 ) ) ;
#5730 = CARTESIAN_POINT ( 'NONE',  ( 8.000000000000000000, 39.00000000000000000, 19.50000000000000000 ) ) ;
#5731 = ORIENTED_EDGE ( 'NONE', *, *, #3027, .F. ) ;
#5732 = SPHERICAL_SURFACE ( 'NONE', #1067, 2.000000000000000000 ) ;
#5733 = CARTESIAN_POINT ( 'NONE',  ( -7.069443246619839805, 34.28453019173525007, -7.148616293614299622 ) ) ;
#5734 = ORIENTED_EDGE ( 'NONE', *, *, #1632, .F. ) ;
#5735 = CARTESIAN_POINT ( 'NONE',  ( 33.93654863032855218, 17.51022126028054871, 3.904239511119750095 ) ) ;
#5736 = CARTESIAN_POINT ( 'NONE',  ( -12.41885488418506078, 32.72266649434455843, 18.99872923008510028 ) ) ;
#5737 = DIRECTION ( 'NONE',  ( 0.000000000000000000, 0.000000000000000000, -1.000000000000000000 ) ) ;
#5738 = EDGE_CURVE ( 'NONE', #3195, #1301, #143, .T. ) ;
#5739 = CONICAL_SURFACE ( 'NONE', #3618, 1.999999999999998224, 0.7853981633974497223 ) ;
#5740 = AXIS2_PLACEMENT_3D ( 'NONE', #5654, #5627, #4712 ) ;
#5741 = VERTEX_POINT ( 'NONE', #2044 ) ;
#5742 = CARTESIAN_POINT ( 'NONE',  ( 8.274704486037139262, 34.01371768534205131, -6.874476804110700279 ) ) ;
#5743 = DIRECTION ( 'NONE',  ( 0.000000000000000000, 0.000000000000000000, 1.000000000000000000 ) ) ;
#5744 = AXIS2_PLACEMENT_3D ( 'NONE', #5683, #5303, #1829 ) ;
#5745 = CARTESIAN_POINT ( 'NONE',  ( 35.00000000000000000, -15.48385181469824978, 64.00000000000000000 ) ) ;
#5746 = ADVANCED_FACE ( 'NONE', ( #4614 ), #2606, .F. ) ;
#5747 = AXIS2_PLACEMENT_3D ( 'NONE', #2449, #2916, #5583 ) ;
#5748 = ORIENTED_EDGE ( 'NONE', *, *, #5709, .F. ) ;
#5749 = CARTESIAN_POINT ( 'NONE',  ( -9.793280457245298720, 26.55153544102181584, 10.60621294067797749 ) ) ;
#5750 = ORIENTED_EDGE ( 'NONE', *, *, #1111, .F. ) ;
#5751 = CARTESIAN_POINT ( 'NONE',  ( 9.983169812854487901, 30.75397411067930165, 11.23262593369138074 ) ) ;
#5752 = CARTESIAN_POINT ( 'NONE',  ( -8.383007378793873698, 27.02974243719065228, 19.46989738335783926 ) ) ;
#5753 = CARTESIAN_POINT ( 'NONE',  ( 25.91893483106241902, -21.33033924814061422, 5.412770881635158737 ) ) ;
#5754 = FACE_OUTER_BOUND ( 'NONE', #2397, .T. ) ;
#5755 = AXIS2_PLACEMENT_3D ( 'NONE', #2655, #3526, #4362 ) ;
#5756 = DIRECTION ( 'NONE',  ( 0.000000000000000000, 0.000000000000000000, 1.000000000000000000 ) ) ;
#5757 = CARTESIAN_POINT ( 'NONE',  ( -9.929065795957091822, 30.79588443308950119, 10.96793887834860115 ) ) ;
#5758 = ORIENTED_EDGE ( 'NONE', *, *, #2558, .T. ) ;
#5759 = ADVANCED_FACE ( 'NONE', ( #4671 ), #4644, .F. ) ;
#5760 = DIRECTION ( 'NONE',  ( 1.000000000000000000, 0.000000000000000000, 0.000000000000000000 ) ) ;
#5761 = CARTESIAN_POINT ( 'NONE',  ( 8.635481107784990229, 31.67121644142545378, 19.39746192715094963 ) ) ;
#5762 = VERTEX_POINT ( 'NONE', #4241 ) ;
#5763 = CARTESIAN_POINT ( 'NONE',  ( 34.73384699146055254, -16.00523861302816542, 6.812098911540768853 ) ) ;
#5764 = LINE ( 'NONE', #4991, #5216 ) ;
#5765 = EDGE_LOOP ( 'NONE', ( #2673, #577, #37, #856, #2890, #3783, #4937, #2935, #2521, #4503, #5045, #5197, #5219, #5297, #909, #885 ) ) ;
#5766 = CARTESIAN_POINT ( 'NONE',  ( 33.34184064778180101, 18.22473719686625060, 3.613445923296609852 ) ) ;
#5767 = CARTESIAN_POINT ( 'NONE',  ( -11.65006844560575949, 33.00431421156490330, 20.16657043641774649 ) ) ;
#5768 = CARTESIAN_POINT ( 'NONE',  ( 9.967536966003319066, 33.55093978119409570, 7.750037402479539317 ) ) ;
ENDSEC;
END-ISO-10303-21;
