ISO-10303-21;
HEADER;
FILE_DESCRIPTION (( 'STEP AP214' ),
    '1' );
FILE_NAME ('ASV1_400_19X_1_1.STEP.STEP',
    '2026-08-01T03:19:13',
    ( '' ),
    ( '' ),
    'SwSTEP 2.0',
    'SolidWorks 2025',
    '' );
FILE_SCHEMA (( 'AUTOMOTIVE_DESIGN' ));
ENDSEC;

DATA;
#1 = ADVANCED_FACE ( 'NONE', ( #139, #714 ), #921, .F. ) ;
#2 = SURFACE_SIDE_STYLE ('',( #366 ) ) ;
#3 = CARTESIAN_POINT ( 'NONE',  ( 0.000000000000000000, 0.000000000000000000, -2.250000000000000000 ) ) ;
#4 = ORIENTED_EDGE ( 'NONE', *, *, #1061, .F. ) ;
#5 = CARTESIAN_POINT ( 'NONE',  ( 0.000000000000000000, 0.000000000000000000, 1.399999999999999911 ) ) ;
#6 = FACE_OUTER_BOUND ( 'NONE', #2026, .T. ) ;
#7 = AXIS2_PLACEMENT_3D ( 'NONE', #86, #704, #2114 ) ;
#8 = MECHANICAL_DESIGN_GEOMETRIC_PRESENTATION_REPRESENTATION (  '', ( #699 ), #570 ) ;
#9 = LINE ( 'NONE', #648, #237 ) ;
#10 = ORIENTED_EDGE ( 'NONE', *, *, #1340, .T. ) ;
#11 = CARTESIAN_POINT ( 'NONE',  ( 6.250000000000000000, 0.000000000000000000, -2.500000000000000000 ) ) ;
#12 = VECTOR ( 'NONE', #1025, 1000.000000000000000 ) ;
#13 = AXIS2_PLACEMENT_3D ( 'NONE', #2107, #1103, #438 ) ;
#14 = EDGE_LOOP ( 'NONE', ( #2522, #135 ) ) ;
#15 = ADVANCED_FACE ( 'NONE', ( #2579, #2180 ), #542, .F. ) ;
#16 = CIRCLE ( 'NONE', #402, 8.601648351648348623 ) ;
#17 = EDGE_CURVE ( 'NONE', #283, #291, #1779, .T. ) ;
#18 = DIRECTION ( 'NONE',  ( 0.000000000000000000, 0.000000000000000000, -1.000000000000000000 ) ) ;
#19 = CARTESIAN_POINT ( 'NONE',  ( -8.953296703296699022, 1.096462614950885909E-15, -2.500000000000000000 ) ) ;
#20 = VERTEX_POINT ( 'NONE', #2207 ) ;
#21 = CIRCLE ( 'NONE', #2186, 8.953296703296699022 ) ;
#22 = DIRECTION ( 'NONE',  ( -0.9927088740980527515, 0.1205366802553335948, 0.000000000000000000 ) ) ;
#23 = FACE_OUTER_BOUND ( 'NONE', #1117, .T. ) ;
#24 = DIRECTION ( 'NONE',  ( 1.000000000000000000, 0.000000000000000000, 0.000000000000000000 ) ) ;
#25 = DIRECTION ( 'NONE',  ( 0.000000000000000000, 0.000000000000000000, -1.000000000000000000 ) ) ;
#26 = ORIENTED_EDGE ( 'NONE', *, *, #681, .F. ) ;
#27 = CARTESIAN_POINT ( 'NONE',  ( 10.50000000000000000, 0.000000000000000000, 1.150000000000024114 ) ) ;
#28 = CARTESIAN_POINT ( 'NONE',  ( -10.25000000000000000, 1.255262969126040002E-15, 1.649999999999999911 ) ) ;
#29 = ORIENTED_EDGE ( 'NONE', *, *, #1565, .T. ) ;
#30 = FILL_AREA_STYLE_COLOUR ( '', #538 ) ;
#31 = ADVANCED_FACE ( 'NONE', ( #1270 ), #2555, .T. ) ;
#32 = CARTESIAN_POINT ( 'NONE',  ( 7.546703296703309860, 0.000000000000000000, -1.111111111111109828 ) ) ;
#33 = ORIENTED_EDGE ( 'NONE', *, *, #1076, .T. ) ;
#34 = DIRECTION ( 'NONE',  ( 0.000000000000000000, 0.000000000000000000, -1.000000000000000000 ) ) ;
#35 = EDGE_CURVE ( 'NONE', #291, #1848, #1502, .T. ) ;
#36 = FACE_OUTER_BOUND ( 'NONE', #2021, .T. ) ;
#37 = ADVANCED_FACE ( 'NONE', ( #1741 ), #950, .T. ) ;
#38 = FACE_OUTER_BOUND ( 'NONE', #1152, .T. ) ;
#39 = SPHERICAL_SURFACE ( 'NONE', #2387, 1.314988271469590186 ) ;
#40 = ORIENTED_EDGE ( 'NONE', *, *, #953, .F. ) ;
#41 = VECTOR ( 'NONE', #1576, 1000.000000000000000 ) ;
#42 = CIRCLE ( 'NONE', #1853, 6.935011728530420250 ) ;
#43 = FACE_OUTER_BOUND ( 'NONE', #813, .T. ) ;
#44 = MANIFOLD_SOLID_BREP ( 'NONE', #1383 ) ;
#45 = CARTESIAN_POINT ( 'NONE',  ( 0.000000000000000000, 0.000000000000000000, -2.500000000000000000 ) ) ;
#46 = AXIS2_PLACEMENT_3D ( 'NONE', #558, #340, #2396 ) ;
#47 = ORIENTED_EDGE ( 'NONE', *, *, #645, .T. ) ;
#48 = DIRECTION ( 'NONE',  ( 0.6631226582407918624, -0.7485107481711040789, 0.000000000000000000 ) ) ;
#49 = DIRECTION ( 'NONE',  ( 0.000000000000000000, 0.000000000000000000, 1.000000000000000000 ) ) ;
#50 = ADVANCED_FACE ( 'NONE', ( #2662 ), #352, .T. ) ;
#51 = DIRECTION ( 'NONE',  ( 1.000000000000000000, 0.000000000000000000, 0.000000000000000000 ) ) ;
#52 = CONICAL_SURFACE ( 'NONE', #1643, 6.000000000000000000, 0.7853981633974568277 ) ;
#53 = CARTESIAN_POINT ( 'NONE',  ( 7.898351648351649601, 0.000000000000000000, -2.500000000000000000 ) ) ;
#54 = ORIENTED_EDGE ( 'NONE', *, *, #72, .T. ) ;
#55 = STYLED_ITEM ( 'NONE', ( #2267 ), #967 ) ;
#56 = EDGE_LOOP ( 'NONE', ( #415, #2304, #1062, #2481 ) ) ;
#57 = VECTOR ( 'NONE', #287, 1000.000000000000000 ) ;
#58 = AXIS2_PLACEMENT_3D ( 'NONE', #1734, #2606, #1762 ) ;
#59 = SURFACE_SIDE_STYLE ('',( #1308 ) ) ;
#60 = CARTESIAN_POINT ( 'NONE',  ( 0.000000000000000000, 10.50000000000000000, 1.649999999999999911 ) ) ;
#61 = ORIENTED_EDGE ( 'NONE', *, *, #1487, .F. ) ;
#62 = AXIS2_PLACEMENT_3D ( 'NONE', #1714, #2143, #1205 ) ;
#63 = DIRECTION ( 'NONE',  ( -0.1205366802553335948, -0.9927088740980527515, 0.000000000000000000 ) ) ;
#64 = EDGE_LOOP ( 'NONE', ( #639, #559 ) ) ;
#65 = AXIS2_PLACEMENT_3D ( 'NONE', #1891, #1531, #93 ) ;
#66 = MANIFOLD_SOLID_BREP ( 'NONE', #1256 ) ;
#67 = DIRECTION ( 'NONE',  ( -1.000000000000000000, 0.000000000000000000, 0.000000000000000000 ) ) ;
#68 = DIRECTION ( 'NONE',  ( 1.000000000000000000, 0.000000000000000000, 0.000000000000000000 ) ) ;
#69 = VERTEX_POINT ( 'NONE', #374 ) ;
#70 = ADVANCED_FACE ( 'NONE', ( #182 ), #1195, .F. ) ;
#71 = VERTEX_POINT ( 'NONE', #1835 ) ;
#72 = EDGE_CURVE ( 'NONE', #405, #69, #1717, .T. ) ;
#73 = DIRECTION ( 'NONE',  ( 0.000000000000000000, 0.000000000000000000, -1.000000000000000000 ) ) ;
#74 = EDGE_CURVE ( 'NONE', #1013, #2562, #1766, .T. ) ;
#75 = MANIFOLD_SOLID_BREP ( 'NONE', #516 ) ;
#76 = DIRECTION ( 'NONE',  ( 0.7071067811865535679, 8.659560562354953812E-17, 0.7071067811865415775 ) ) ;
#77 = CARTESIAN_POINT ( 'NONE',  ( 0.000000000000000000, 0.000000000000000000, 1.399999999999999911 ) ) ;
#78 = MANIFOLD_SOLID_BREP ( 'NONE', #728 ) ;
#79 = CARTESIAN_POINT ( 'NONE',  ( 0.000000000000000000, 0.000000000000000000, 4.336808689942014778E-16 ) ) ;
#80 = CARTESIAN_POINT ( 'NONE',  ( 8.601648351648348623, 0.000000000000000000, 0.1172161172161182013 ) ) ;
#81 = ORIENTED_EDGE ( 'NONE', *, *, #915, .T. ) ;
#82 = MANIFOLD_SOLID_BREP ( 'NONE', #816 ) ;
#83 = VERTEX_POINT ( 'NONE', #205 ) ;
#84 = EDGE_CURVE ( 'NONE', #305, #332, #1804, .T. ) ;
#85 = SPHERICAL_SURFACE ( 'NONE', #2653, 1.314988271469590186 ) ;
#86 = CARTESIAN_POINT ( 'NONE',  ( 0.000000000000000000, 0.000000000000000000, 1.399999999999999911 ) ) ;
#87 = CLOSED_SHELL ( 'NONE', ( #2331, #159, #518, #1847, #343, #480 ) ) ;
#88 = CARTESIAN_POINT ( 'NONE',  ( -7.546703296703309860, 9.242046036422477822E-16, -2.375000000000000000 ) ) ;
#89 = FACE_BOUND ( 'NONE', #2266, .T. ) ;
#90 = ORIENTED_EDGE ( 'NONE', *, *, #2523, .F. ) ;
#91 = AXIS2_PLACEMENT_3D ( 'NONE', #1387, #2174, #163 ) ;
#92 = DIRECTION ( 'NONE',  ( -1.000000000000000000, 0.000000000000000000, 0.000000000000000000 ) ) ;
#93 = DIRECTION ( 'NONE',  ( 1.000000000000000000, 0.000000000000000000, 0.000000000000000000 ) ) ;
#94 = ORIENTED_EDGE ( 'NONE', *, *, #1410, .F. ) ;
#95 = CARTESIAN_POINT ( 'NONE',  ( 11.50000000000000000, 0.000000000000000000, 1.399999999999999911 ) ) ;
#96 = ORIENTED_EDGE ( 'NONE', *, *, #1143, .T. ) ;
#97 = CIRCLE ( 'NONE', #1689, 1.314988271469590408 ) ;
#98 = AXIS2_PLACEMENT_3D ( 'NONE', #1334, #1373, #745 ) ;
#99 = CARTESIAN_POINT ( 'NONE',  ( 8.250000000000000000, 0.000000000000000000, 4.336808689942014778E-16 ) ) ;
#100 = ADVANCED_FACE ( 'NONE', ( #1702 ), #2086, .T. ) ;
#101 = CARTESIAN_POINT ( 'NONE',  ( 0.000000000000000000, 0.000000000000000000, -2.500000000000000000 ) ) ;
#102 = AXIS2_PLACEMENT_3D ( 'NONE', #1493, #2097, #1115 ) ;
#103 = EDGE_CURVE ( 'NONE', #1292, #286, #651, .T. ) ;
#104 = SURFACE_STYLE_USAGE ( .BOTH. , #763 ) ;
#105 = AXIS2_PLACEMENT_3D ( 'NONE', #1953, #2577, #1556 ) ;
#106 = EDGE_CURVE ( 'NONE', #1546, #1951, #1083, .T. ) ;
#107 = FACE_OUTER_BOUND ( 'NONE', #1720, .T. ) ;
#108 = EDGE_LOOP ( 'NONE', ( #1428, #1927, #1819, #723 ) ) ;
#109 = DIRECTION ( 'NONE',  ( 0.000000000000000000, 0.000000000000000000, 1.000000000000000000 ) ) ;
#110 = UNCERTAINTY_MEASURE_WITH_UNIT (LENGTH_MEASURE( 1.000000000000000082E-05 ), #131, 'distance_accuracy_value', 'NONE');
#111 = EDGE_LOOP ( 'NONE', ( #181, #1595 ) ) ;
#112 = CIRCLE ( 'NONE', #2404, 8.953296703296699022 ) ;
#113 = FACE_OUTER_BOUND ( 'NONE', #1250, .T. ) ;
#114 = AXIS2_PLACEMENT_3D ( 'NONE', #2023, #1857, #191 ) ;
#115 = VERTEX_POINT ( 'NONE', #28 ) ;
#116 = LINE ( 'NONE', #923, #793 ) ;
#117 = DIRECTION ( 'NONE',  ( -5.691217451329918638E-17, 1.084370887601945846E-16, 1.000000000000000000 ) ) ;
#118 = EDGE_CURVE ( 'NONE', #1420, #587, #42, .T. ) ;
#119 = DIRECTION ( 'NONE',  ( 0.3546048870425393962, 0.9350162426854135012, -0.000000000000000000 ) ) ;
#120 = DIRECTION ( 'NONE',  ( 1.000000000000000000, 0.000000000000000000, 0.000000000000000000 ) ) ;
#121 = ORIENTED_EDGE ( 'NONE', *, *, #2523, .T. ) ;
#122 = MANIFOLD_SOLID_BREP ( 'NONE', #771 ) ;
#123 = ADVANCED_FACE ( 'NONE', ( #964 ), #1519, .T. ) ;
#124 = CARTESIAN_POINT ( 'NONE',  ( 0.000000000000000000, 0.000000000000000000, 1.399999999999999911 ) ) ;
#125 = FACE_OUTER_BOUND ( 'NONE', #14, .T. ) ;
#126 = EDGE_LOOP ( 'NONE', ( #717, #1453 ) ) ;
#127 = DIRECTION ( 'NONE',  ( 0.000000000000000000, 0.000000000000000000, -1.000000000000000000 ) ) ;
#128 = EDGE_CURVE ( 'NONE', #2425, #401, #2213, .T. ) ;
#129 = EDGE_LOOP ( 'NONE', ( #1459, #1488 ) ) ;
#130 = DIRECTION ( 'NONE',  ( -0.1205366802553199390, 0.9927088740980544168, 0.000000000000000000 ) ) ;
#131 =( LENGTH_UNIT ( ) NAMED_UNIT ( * ) SI_UNIT ( .MILLI., .METRE. ) );
#132 = CYLINDRICAL_SURFACE ( 'NONE', #667, 7.546703296703309860 ) ;
#133 = FACE_OUTER_BOUND ( 'NONE', #568, .T. ) ;
#134 = STYLED_ITEM ( 'NONE', ( #1862 ), #78 ) ;
#135 = ORIENTED_EDGE ( 'NONE', *, *, #1681, .T. ) ;
#136 = AXIS2_PLACEMENT_3D ( 'NONE', #698, #2164, #304 ) ;
#137 = FACE_OUTER_BOUND ( 'NONE', #2163, .T. ) ;
#138 = SPHERICAL_SURFACE ( 'NONE', #1878, 1.314988271469590186 ) ;
#139 = FACE_BOUND ( 'NONE', #986, .T. ) ;
#140 = DIRECTION ( 'NONE',  ( -0.8854560256532160167, -0.4647231720437570712, 0.000000000000000000 ) ) ;
#141 = EDGE_CURVE ( 'NONE', #649, #883, #1753, .T. ) ;
#142 = CONICAL_SURFACE ( 'NONE', #564, 6.250000000000000000, 0.7853981633974391752 ) ;
#143 =( LENGTH_UNIT ( ) NAMED_UNIT ( * ) SI_UNIT ( .MILLI., .METRE. ) );
#144 = ORIENTED_EDGE ( 'NONE', *, *, #1389, .F. ) ;
#145 = DIRECTION ( 'NONE',  ( 1.000000000000000000, 0.000000000000000000, 0.000000000000000000 ) ) ;
#146 = AXIS2_PLACEMENT_3D ( 'NONE', #350, #1370, #154 ) ;
#147 = DIRECTION ( 'NONE',  ( -0.2393156642875654272, -0.9709418174260502354, 0.000000000000000000 ) ) ;
#148 = CARTESIAN_POINT ( 'NONE',  ( -6.250000000000000000, 0.000000000000000000, 2.500000000000000000 ) ) ;
#149 = EDGE_LOOP ( 'NONE', ( #1540, #1157 ) ) ;
#150 = AXIS2_PLACEMENT_3D ( 'NONE', #276, #63, #22 ) ;
#151 = PLANE ( 'NONE',  #619 ) ;
#152 = DIRECTION ( 'NONE',  ( 0.8229838658936575735, 0.5680647467311541465, 0.000000000000000000 ) ) ;
#153 = CARTESIAN_POINT ( 'NONE',  ( 0.000000000000000000, 0.000000000000000000, -2.500000000000000000 ) ) ;
#154 = DIRECTION ( 'NONE',  ( -0.2393156642875653994, -0.9709418174260502354, 0.000000000000000000 ) ) ;
#155 = ADVANCED_FACE ( 'NONE', ( #2364 ), #1780, .T. ) ;
#156 = CIRCLE ( 'NONE', #317, 8.601648351648348623 ) ;
#157 = VERTEX_POINT ( 'NONE', #95 ) ;
#158 = CIRCLE ( 'NONE', #1658, 7.546703296703309860 ) ;
#159 = ADVANCED_FACE ( 'NONE', ( #2150 ), #946, .F. ) ;
#160 = DIRECTION ( 'NONE',  ( 0.000000000000000000, 0.000000000000000000, -1.000000000000000000 ) ) ;
#161 = ADVANCED_FACE ( 'NONE', ( #1330 ), #2609, .T. ) ;
#162 = DIRECTION ( 'NONE',  ( 1.000000000000000000, 0.000000000000000000, 0.000000000000000000 ) ) ;
#163 = DIRECTION ( 'NONE',  ( 1.000000000000000000, 0.000000000000000000, 0.000000000000000000 ) ) ;
#164 = ORIENTED_EDGE ( 'NONE', *, *, #792, .F. ) ;
#165 = DIRECTION ( 'NONE',  ( 0.000000000000000000, 0.000000000000000000, 1.000000000000000000 ) ) ;
#166 = CARTESIAN_POINT ( 'NONE',  ( 8.189848211308948578, 0.9944276121063889695, 8.266365894244630389E-16 ) ) ;
#167 = UNCERTAINTY_MEASURE_WITH_UNIT (LENGTH_MEASURE( 1.000000000000000082E-05 ), #2252, 'distance_accuracy_value', 'NONE');
#168 = ORIENTED_EDGE ( 'NONE', *, *, #1364, .T. ) ;
#169 = EDGE_LOOP ( 'NONE', ( #993, #2176, #1783, #2124 ) ) ;
#170 = FILL_AREA_STYLE ('',( #2255 ) ) ;
#171 = ADVANCED_FACE ( 'NONE', ( #715 ), #1118, .T. ) ;
#172 =( LENGTH_UNIT ( ) NAMED_UNIT ( * ) SI_UNIT ( .MILLI., .METRE. ) );
#173 = DIRECTION ( 'NONE',  ( 1.000000000000000000, 0.000000000000000000, 0.000000000000000000 ) ) ;
#174 = VERTEX_POINT ( 'NONE', #1737 ) ;
#175 = CARTESIAN_POINT ( 'NONE',  ( 10.25000000000000000, 0.000000000000000000, -2.500000000000000000 ) ) ;
#176 = DIRECTION ( 'NONE',  ( 0.000000000000000000, 0.000000000000000000, 1.000000000000000000 ) ) ;
#177 = CLOSED_SHELL ( 'NONE', ( #2581, #344, #593, #37 ) ) ;
#178 = COLOUR_RGB ( '',0.7921568627450980005, 0.8196078431372548767, 0.9333333333333333481 ) ;
#179 = SURFACE_STYLE_USAGE ( .BOTH. , #2670 ) ;
#180 = DIRECTION ( 'NONE',  ( 1.000000000000000000, 0.000000000000000000, 0.000000000000000000 ) ) ;
#181 = ORIENTED_EDGE ( 'NONE', *, *, #1265, .F. ) ;
#182 = FACE_OUTER_BOUND ( 'NONE', #2316, .T. ) ;
#183 = VECTOR ( 'NONE', #2283, 1000.000000000000000 ) ;
#184 = ORIENTED_EDGE ( 'NONE', *, *, #2040, .F. ) ;
#185 = SURFACE_STYLE_FILL_AREA ( #1019 ) ;
#186 = EDGE_CURVE ( 'NONE', #2375, #2535, #1901, .T. ) ;
#187 = ORIENTED_EDGE ( 'NONE', *, *, #1498, .F. ) ;
#188 = CIRCLE ( 'NONE', #1777, 8.953296703296699022 ) ;
#189 = CYLINDRICAL_SURFACE ( 'NONE', #399, 10.25000000000000000 ) ;
#190 = COLOUR_RGB ( '',0.7921568627450980005, 0.8196078431372548767, 0.9333333333333333481 ) ;
#191 = DIRECTION ( 'NONE',  ( 1.000000000000000000, 0.000000000000000000, 0.000000000000000000 ) ) ;
#192 = AXIS2_PLACEMENT_3D ( 'NONE', #2435, #2235, #1840 ) ;
#193 = ORIENTED_EDGE ( 'NONE', *, *, #353, .F. ) ;
#194 = AXIS2_PLACEMENT_3D ( 'NONE', #1048, #1075, #48 ) ;
#195 =( LENGTH_UNIT ( ) NAMED_UNIT ( * ) SI_UNIT ( .MILLI., .METRE. ) );
#196 = MECHANICAL_DESIGN_GEOMETRIC_PRESENTATION_REPRESENTATION (  '', ( #751 ), #2184 ) ;
#197 = ORIENTED_EDGE ( 'NONE', *, *, #1227, .F. ) ;
#198 = VECTOR ( 'NONE', #460, 1000.000000000000000 ) ;
#199 = FACE_OUTER_BOUND ( 'NONE', #672, .T. ) ;
#200 = ORIENTED_EDGE ( 'NONE', *, *, #141, .T. ) ;
#201 = SPHERICAL_SURFACE ( 'NONE', #192, 1.314988271469590186 ) ;
#202 = CARTESIAN_POINT ( 'NONE',  ( -6.342760448618999902, -7.159496527325459603, 8.266365894244630389E-16 ) ) ;
#203 = ADVANCED_FACE ( 'NONE', ( #113 ), #1339, .T. ) ;
#204 = ORIENTED_EDGE ( 'NONE', *, *, #808, .T. ) ;
#205 = CARTESIAN_POINT ( 'NONE',  ( 8.943419394919541077, -3.391791585567690337, 8.266365894244630389E-16 ) ) ;
#206 = ADVANCED_FACE ( 'NONE', ( #544 ), #1163, .T. ) ;
#207 = ORIENTED_EDGE ( 'NONE', *, *, #2018, .F. ) ;
#208 =( NAMED_UNIT ( * ) PLANE_ANGLE_UNIT ( ) SI_UNIT ( $, .RADIAN. ) );
#209 = DIRECTION ( 'NONE',  ( 0.000000000000000000, 0.000000000000000000, 1.000000000000000000 ) ) ;
#210 = ORIENTED_EDGE ( 'NONE', *, *, #1795, .F. ) ;
#211 = DIRECTION ( 'NONE',  ( 1.000000000000000000, 0.000000000000000000, 0.000000000000000000 ) ) ;
#212 = CARTESIAN_POINT ( 'NONE',  ( 0.000000000000000000, 0.000000000000000000, 2.375000000000000000 ) ) ;
#213 = DIRECTION ( 'NONE',  ( 0.000000000000000000, 0.000000000000000000, -1.000000000000000000 ) ) ;
#214 = FACE_OUTER_BOUND ( 'NONE', #432, .T. ) ;
#215 = EDGE_LOOP ( 'NONE', ( #81, #798 ) ) ;
#216 = ADVANCED_FACE ( 'NONE', ( #1150 ), #1134, .T. ) ;
#217 = FACE_OUTER_BOUND ( 'NONE', #455, .T. ) ;
#218 = DIRECTION ( 'NONE',  ( 0.000000000000000000, 0.000000000000000000, -1.000000000000000000 ) ) ;
#219 = ADVANCED_FACE ( 'NONE', ( #2402 ), #528, .T. ) ;
#220 = MECHANICAL_DESIGN_GEOMETRIC_PRESENTATION_REPRESENTATION (  '', ( #2159 ), #981 ) ;
#221 = APPLICATION_CONTEXT ( 'automotive_design' ) ;
#222 = EDGE_LOOP ( 'NONE', ( #2570, #380, #1066, #653 ) ) ;
#223 = AXIS2_PLACEMENT_3D ( 'NONE', #2587, #522, #1347 ) ;
#224 = DIRECTION ( 'NONE',  ( 0.000000000000000000, 0.000000000000000000, 1.000000000000000000 ) ) ;
#225 = ORIENTED_EDGE ( 'NONE', *, *, #1946, .F. ) ;
#226 = CARTESIAN_POINT ( 'NONE',  ( 0.000000000000000000, 0.000000000000000000, 1.399999999999999911 ) ) ;
#227 = DIRECTION ( 'NONE',  ( -0.2393156642875654272, -0.9709418174260502354, 0.000000000000000000 ) ) ;
#228 = ORIENTED_EDGE ( 'NONE', *, *, #873, .T. ) ;
#229 = CARTESIAN_POINT ( 'NONE',  ( 10.50000000000000000, 1.285879139104722014E-15, -2.250000000000000000 ) ) ;
#230 = PRESENTATION_STYLE_ASSIGNMENT (( #472 ) ) ;
#231 = AXIS2_PLACEMENT_3D ( 'NONE', #633, #2453, #1451 ) ;
#232 = EDGE_CURVE ( 'NONE', #1610, #83, #777, .T. ) ;
#233 = AXIS2_PLACEMENT_3D ( 'NONE', #2658, #790, #603 ) ;
#234 = EDGE_LOOP ( 'NONE', ( #2401, #187, #1085, #47 ) ) ;
#235 = AXIS2_PLACEMENT_3D ( 'NONE', #2378, #2558, #2617 ) ;
#236 = CARTESIAN_POINT ( 'NONE',  ( 8.953296703296699022, 0.000000000000000000, -2.500000000000000000 ) ) ;
#237 = VECTOR ( 'NONE', #1672, 1000.000000000000000 ) ;
#238 = LINE ( 'NONE', #853, #1511 ) ;
#239 = EDGE_LOOP ( 'NONE', ( #1354, #342, #697, #436 ) ) ;
#240 = EDGE_CURVE ( 'NONE', #2425, #418, #2290, .T. ) ;
#241 = AXIS2_PLACEMENT_3D ( 'NONE', #370, #382, #2039 ) ;
#242 = CYLINDRICAL_SURFACE ( 'NONE', #1401, 10.50000000000000000 ) ;
#243 = EDGE_CURVE ( 'NONE', #1094, #2228, #2520, .T. ) ;
#244 = DIRECTION ( 'NONE',  ( 0.4647231720437703384, 0.8854560256532089113, 0.000000000000000000 ) ) ;
#245 = ORIENTED_EDGE ( 'NONE', *, *, #2278, .T. ) ;
#246 =( LENGTH_UNIT ( ) NAMED_UNIT ( * ) SI_UNIT ( .MILLI., .METRE. ) );
#247 = ORIENTED_EDGE ( 'NONE', *, *, #2074, .F. ) ;
#248 = EDGE_CURVE ( 'NONE', #2375, #1887, #1484, .T. ) ;
#249 = CARTESIAN_POINT ( 'NONE',  ( -8.250000000000000000, 1.010333609296566156E-15, 8.266365894244630389E-16 ) ) ;
#250 = ORIENTED_EDGE ( 'NONE', *, *, #1072, .T. ) ;
#251 = LINE ( 'NONE', #657, #574 ) ;
#252 = DIRECTION ( 'NONE',  ( 1.000000000000000000, 0.000000000000000000, 0.000000000000000000 ) ) ;
#253 = DIRECTION ( 'NONE',  ( -1.224646799147351975E-16, -1.000000000000000000, 0.000000000000000000 ) ) ;
#254 = DIRECTION ( 'NONE',  ( 0.000000000000000000, 0.000000000000000000, 1.000000000000000000 ) ) ;
#255 = VERTEX_POINT ( 'NONE', #2158 ) ;
#256 = AXIS2_PLACEMENT_3D ( 'NONE', #1662, #1642, #2483 ) ;
#257 = AXIS2_PLACEMENT_3D ( 'NONE', #1972, #1545, #2580 ) ;
#258 = PLANE ( 'NONE',  #1129 ) ;
#259 = AXIS2_PLACEMENT_3D ( 'NONE', #285, #1054, #2111 ) ;
#260 = EDGE_LOOP ( 'NONE', ( #1194, #602, #4, #901 ) ) ;
#261 = ADVANCED_FACE ( 'NONE', ( #2324 ), #2497, .T. ) ;
#262 = SPHERICAL_SURFACE ( 'NONE', #1479, 1.314988271469590186 ) ;
#263 = ADVANCED_FACE ( 'NONE', ( #445 ), #142, .F. ) ;
#264 = ADVANCED_FACE ( 'NONE', ( #89, #217 ), #1893, .F. ) ;
#265 = DIRECTION ( 'NONE',  ( -0.1205366802553335948, -0.9927088740980527515, 0.000000000000000000 ) ) ;
#266 = CYLINDRICAL_SURFACE ( 'NONE', #1101, 8.953296703296699022 ) ;
#267 = EDGE_LOOP ( 'NONE', ( #1768, #2485 ) ) ;
#268 =( NAMED_UNIT ( * ) PLANE_ANGLE_UNIT ( ) SI_UNIT ( $, .RADIAN. ) );
#269 = EDGE_CURVE ( 'NONE', #174, #2011, #780, .T. ) ;
#270 = VERTEX_POINT ( 'NONE', #2561 ) ;
#271 = MECHANICAL_DESIGN_GEOMETRIC_PRESENTATION_REPRESENTATION (  '', ( #1817 ), #1648 ) ;
#272 = CIRCLE ( 'NONE', #1784, 1.314988271469587966 ) ;
#273 = DIRECTION ( 'NONE',  ( 0.000000000000000000, 0.000000000000000000, 1.000000000000000000 ) ) ;
#274 = DIRECTION ( 'NONE',  ( 0.000000000000000000, 0.000000000000000000, -1.000000000000000000 ) ) ;
#275 = AXIS2_PLACEMENT_3D ( 'NONE', #1759, #1571, #1112 ) ;
#276 = CARTESIAN_POINT ( 'NONE',  ( -8.189848211308939696, 0.9944276121065038776, 8.266365894244630389E-16 ) ) ;
#277 =( NAMED_UNIT ( * ) PLANE_ANGLE_UNIT ( ) SI_UNIT ( $, .RADIAN. ) );
#278 = CARTESIAN_POINT ( 'NONE',  ( 0.000000000000000000, 0.000000000000000000, -1.314988271469587966 ) ) ;
#279 = AXIS2_PLACEMENT_3D ( 'NONE', #1655, #2276, #1049 ) ;
#280 = CARTESIAN_POINT ( 'NONE',  ( -10.50000000000000000, 0.000000000000000000, -2.250000000000000000 ) ) ;
#281 = ORIENTED_EDGE ( 'NONE', *, *, #1873, .F. ) ;
#282 = EDGE_CURVE ( 'NONE', #1951, #1546, #1170, .T. ) ;
#283 = VERTEX_POINT ( 'NONE', #1934 ) ;
#284 = DIRECTION ( 'NONE',  ( 0.000000000000000000, 0.000000000000000000, -1.000000000000000000 ) ) ;
#285 = CARTESIAN_POINT ( 'NONE',  ( 7.713884002154659747, -2.925490318100949949, 8.266365894244630389E-16 ) ) ;
#286 = VERTEX_POINT ( 'NONE', #1861 ) ;
#287 = DIRECTION ( 'NONE',  ( 0.000000000000000000, 0.000000000000000000, -1.000000000000000000 ) ) ;
#288 = DIRECTION ( 'NONE',  ( -1.000000000000000000, 1.224646799147351975E-16, 0.000000000000000000 ) ) ;
#289 = ORIENTED_EDGE ( 'NONE', *, *, #1749, .F. ) ;
#290 = EDGE_CURVE ( 'NONE', #1974, #115, #1855, .T. ) ;
#291 = VERTEX_POINT ( 'NONE', #11 ) ;
#292 = AXIS2_PLACEMENT_3D ( 'NONE', #1153, #130, #1120 ) ;
#293 = CARTESIAN_POINT ( 'NONE',  ( 0.000000000000000000, 8.250000000000000000, 8.266365894244630389E-16 ) ) ;
#294 = SURFACE_STYLE_USAGE ( .BOTH. , #2215 ) ;
#295 =( GEOMETRIC_REPRESENTATION_CONTEXT ( 3 ) GLOBAL_UNCERTAINTY_ASSIGNED_CONTEXT ( ( #1800 ) ) GLOBAL_UNIT_ASSIGNED_CONTEXT ( ( #1675, #1281, #2291 ) ) REPRESENTATION_CONTEXT ( 'NONE', 'WORKASPACE' ) );
#296 = CARTESIAN_POINT ( 'NONE',  ( 8.953296703296699022, 0.000000000000000000, -2.500000000000000000 ) ) ;
#297 = AXIS2_PLACEMENT_3D ( 'NONE', #1641, #821, #709 ) ;
#298 = DIRECTION ( 'NONE',  ( 0.000000000000000000, 0.000000000000000000, -1.000000000000000000 ) ) ;
#299 = ORIENTED_EDGE ( 'NONE', *, *, #827, .T. ) ;
#300 = AXIS2_PLACEMENT_3D ( 'NONE', #1067, #571, #1774 ) ;
#301 = DIRECTION ( 'NONE',  ( 0.000000000000000000, 0.000000000000000000, 1.000000000000000000 ) ) ;
#302 = DIRECTION ( 'NONE',  ( 0.000000000000000000, 0.000000000000000000, -1.000000000000000000 ) ) ;
#303 = ORIENTED_EDGE ( 'NONE', *, *, #577, .T. ) ;
#304 = DIRECTION ( 'NONE',  ( 0.6631226582407918624, -0.7485107481711040789, 0.000000000000000000 ) ) ;
#305 = VERTEX_POINT ( 'NONE', #27 ) ;
#306 = CIRCLE ( 'NONE', #2436, 1.314988271469590186 ) ;
#307 = EDGE_CURVE ( 'NONE', #1032, #1088, #2033, .T. ) ;
#308 =( GEOMETRIC_REPRESENTATION_CONTEXT ( 3 ) GLOBAL_UNCERTAINTY_ASSIGNED_CONTEXT ( ( #754 ) ) GLOBAL_UNIT_ASSIGNED_CONTEXT ( ( #1986, #759, #2424 ) ) REPRESENTATION_CONTEXT ( 'NONE', 'WORKASPACE' ) );
#309 = FACE_OUTER_BOUND ( 'NONE', #1388, .T. ) ;
#310 = FACE_OUTER_BOUND ( 'NONE', #1837, .T. ) ;
#311 = EDGE_CURVE ( 'NONE', #1559, #649, #1722, .T. ) ;
#312 = CIRCLE ( 'NONE', #1695, 8.953296703296699022 ) ;
#313 = AXIS2_PLACEMENT_3D ( 'NONE', #479, #1311, #2131 ) ;
#314 = CARTESIAN_POINT ( 'NONE',  ( -5.470761930486609970, -6.175213672411539179, 8.266365894244630389E-16 ) ) ;
#315 = EDGE_CURVE ( 'NONE', #2326, #1763, #610, .T. ) ;
#316 = ORIENTED_EDGE ( 'NONE', *, *, #353, .T. ) ;
#317 = AXIS2_PLACEMENT_3D ( 'NONE', #1771, #2571, #180 ) ;
#318 = DIRECTION ( 'NONE',  ( 1.000000000000000000, 0.000000000000000000, 0.000000000000000000 ) ) ;
#319 = DIRECTION ( 'NONE',  ( 1.000000000000000000, 0.000000000000000000, 0.000000000000000000 ) ) ;
#320 = DIRECTION ( 'NONE',  ( 0.000000000000000000, 0.000000000000000000, 1.000000000000000000 ) ) ;
#321 = CIRCLE ( 'NONE', #756, 8.953296703296699022 ) ;
#322 = DIRECTION ( 'NONE',  ( 0.000000000000000000, 0.000000000000000000, -1.000000000000000000 ) ) ;
#323 = CONICAL_SURFACE ( 'NONE', #1830, 6.000000000000000000, 0.7853981633974568277 ) ;
#324 = EDGE_LOOP ( 'NONE', ( #299, #2433 ) ) ;
#325 = FILL_AREA_STYLE_COLOUR ( '', #1460 ) ;
#326 = CIRCLE ( 'NONE', #1015, 10.75000000000000000 ) ;
#327 = DIRECTION ( 'NONE',  ( 0.000000000000000000, 0.000000000000000000, 1.000000000000000000 ) ) ;
#328 = CARTESIAN_POINT ( 'NONE',  ( 5.470761930486530034, -6.175213672411609345, 8.266365894244630389E-16 ) ) ;
#329 = SPHERICAL_SURFACE ( 'NONE', #1185, 1.314988271469590186 ) ;
#330 = EDGE_CURVE ( 'NONE', #2411, #2199, #863, .T. ) ;
#331 = DIRECTION ( 'NONE',  ( 0.000000000000000000, 0.000000000000000000, 1.000000000000000000 ) ) ;
#332 = VERTEX_POINT ( 'NONE', #1040 ) ;
#333 = CARTESIAN_POINT ( 'NONE',  ( -7.546703296703309860, 9.242046036422477822E-16, 2.500000000000000000 ) ) ;
#334 = CARTESIAN_POINT ( 'NONE',  ( 0.000000000000000000, 0.000000000000000000, 2.375000000000000000 ) ) ;
#335 = ORIENTED_EDGE ( 'NONE', *, *, #377, .T. ) ;
#336 = DIRECTION ( 'NONE',  ( 0.000000000000000000, 0.000000000000000000, -1.000000000000000000 ) ) ;
#337 = ORIENTED_EDGE ( 'NONE', *, *, #1029, .T. ) ;
#338 = CARTESIAN_POINT ( 'NONE',  ( 0.000000000000000000, 0.000000000000000000, 1.150000000000024114 ) ) ;
#339 = FILL_AREA_STYLE_COLOUR ( '', #837 ) ;
#340 = DIRECTION ( 'NONE',  ( -0.5680647467311539245, 0.8229838658936577955, 0.000000000000000000 ) ) ;
#341 = CLOSED_SHELL ( 'NONE', ( #1042, #2241, #2031, #1943 ) ) ;
#342 = ORIENTED_EDGE ( 'NONE', *, *, #2542, .T. ) ;
#343 = ADVANCED_FACE ( 'NONE', ( #1454, #650 ), #428, .F. ) ;
#344 = ADVANCED_FACE ( 'NONE', ( #861 ), #39, .T. ) ;
#345 = AXIS2_PLACEMENT_3D ( 'NONE', #1068, #2140, #446 ) ;
#346 = SPHERICAL_SURFACE ( 'NONE', #1962, 1.314988271469590186 ) ;
#347 = DIRECTION ( 'NONE',  ( -0.8854560256532160167, -0.4647231720437570712, 0.000000000000000000 ) ) ;
#348 = CIRCLE ( 'NONE', #2165, 1.314988271469589964 ) ;
#349 = EDGE_CURVE ( 'NONE', #418, #854, #1464, .T. ) ;
#350 = CARTESIAN_POINT ( 'NONE',  ( -1.974354230372415309, -8.010269993764911334, 8.266365894244630389E-16 ) ) ;
#351 = ORIENTED_EDGE ( 'NONE', *, *, #282, .T. ) ;
#352 = CYLINDRICAL_SURFACE ( 'NONE', #646, 8.953296703296699022 ) ;
#353 = EDGE_CURVE ( 'NONE', #1987, #2632, #2079, .T. ) ;
#354 = AXIS2_PLACEMENT_3D ( 'NONE', #338, #2585, #145 ) ;
#355 = CARTESIAN_POINT ( 'NONE',  ( 0.000000000000000000, 0.000000000000000000, -2.500000000000000000 ) ) ;
#356 = FACE_OUTER_BOUND ( 'NONE', #260, .T. ) ;
#357 = CIRCLE ( 'NONE', #1605, 10.50000000000000000 ) ;
#358 = ORIENTED_EDGE ( 'NONE', *, *, #35, .T. ) ;
#359 = CIRCLE ( 'NONE', #789, 1.314988271469590408 ) ;
#360 = DIRECTION ( 'NONE',  ( -0.1205366802553200500, 0.9927088740980544168, 0.000000000000000000 ) ) ;
#361 = FILL_AREA_STYLE ('',( #2388 ) ) ;
#362 = EDGE_LOOP ( 'NONE', ( #1057, #1920, #1224, #1880 ) ) ;
#363 = ADVANCED_FACE ( 'NONE', ( #107 ), #1902, .F. ) ;
#364 = VERTEX_POINT ( 'NONE', #1156 ) ;
#365 = CARTESIAN_POINT ( 'NONE',  ( -1.974354230372415309, -8.010269993764911334, 8.266365894244630389E-16 ) ) ;
#366 = SURFACE_STYLE_FILL_AREA ( #2009 ) ;
#367 = CARTESIAN_POINT ( 'NONE',  ( 5.470761930486530034, -6.175213672411609345, 8.266365894244630389E-16 ) ) ;
#368 = EDGE_LOOP ( 'NONE', ( #1978, #1017 ) ) ;
#369 = CARTESIAN_POINT ( 'NONE',  ( 0.000000000000000000, 0.000000000000000000, -2.250000000000000000 ) ) ;
#370 = CARTESIAN_POINT ( 'NONE',  ( 0.000000000000000000, 0.000000000000000000, -2.500000000000000000 ) ) ;
#371 = CARTESIAN_POINT ( 'NONE',  ( -7.546703296703309860, 9.242046036422477822E-16, -2.500000000000000000 ) ) ;
#372 = CARTESIAN_POINT ( 'NONE',  ( 5.470761930486530034, -6.175213672411609345, 8.266365894244630389E-16 ) ) ;
#373 = EDGE_LOOP ( 'NONE', ( #849, #1619 ) ) ;
#374 = CARTESIAN_POINT ( 'NONE',  ( 7.546703296703309860, 0.000000000000000000, -2.500000000000000000 ) ) ;
#375 = ADVANCED_FACE ( 'NONE', ( #356 ), #2602, .T. ) ;
#376 = ORIENTED_EDGE ( 'NONE', *, *, #1946, .T. ) ;
#377 = EDGE_CURVE ( 'NONE', #270, #1495, #1549, .T. ) ;
#378 = DIRECTION ( 'NONE',  ( 0.000000000000000000, 0.000000000000000000, 1.000000000000000000 ) ) ;
#379 = CARTESIAN_POINT ( 'NONE',  ( 0.000000000000000000, 0.000000000000000000, 1.111111111111109828 ) ) ;
#380 = ORIENTED_EDGE ( 'NONE', *, *, #1966, .T. ) ;
#381 = DIRECTION ( 'NONE',  ( 0.000000000000000000, 0.000000000000000000, 1.000000000000000000 ) ) ;
#382 = DIRECTION ( 'NONE',  ( 0.000000000000000000, 0.000000000000000000, -1.000000000000000000 ) ) ;
#383 = AXIS2_PLACEMENT_3D ( 'NONE', #1369, #320, #944 ) ;
#384 =( NAMED_UNIT ( * ) SI_UNIT ( $, .STERADIAN. ) SOLID_ANGLE_UNIT ( ) );
#385 = ORIENTED_EDGE ( 'NONE', *, *, #74, .F. ) ;
#386 = DIRECTION ( 'NONE',  ( 0.000000000000000000, 0.000000000000000000, -1.000000000000000000 ) ) ;
#387 = AXIS2_PLACEMENT_3D ( 'NONE', #1442, #2507, #1661 ) ;
#388 = VECTOR ( 'NONE', #2536, 1000.000000000000000 ) ;
#389 = EDGE_LOOP ( 'NONE', ( #485, #2289, #1573, #1528 ) ) ;
#390 = AXIS2_PLACEMENT_3D ( 'NONE', #466, #1087, #1111 ) ;
#391 = SURFACE_STYLE_USAGE ( .BOTH. , #811 ) ;
#392 = EDGE_CURVE ( 'NONE', #1088, #1032, #1216, .T. ) ;
#393 = DIRECTION ( 'NONE',  ( -0.8854560256532160167, -0.4647231720437570712, 0.000000000000000000 ) ) ;
#394 = EDGE_LOOP ( 'NONE', ( #922, #1241, #1133, #1673 ) ) ;
#395 = MECHANICAL_DESIGN_GEOMETRIC_PRESENTATION_REPRESENTATION (  '', ( #55 ), #1557 ) ;
#396 = DIRECTION ( 'NONE',  ( 0.000000000000000000, -1.000000000000000000, 0.000000000000000000 ) ) ;
#397 = CARTESIAN_POINT ( 'NONE',  ( 7.546703296703309860, 0.000000000000000000, -2.500000000000000000 ) ) ;
#398 = ADVANCED_FACE ( 'NONE', ( #133 ), #1423, .T. ) ;
#399 = AXIS2_PLACEMENT_3D ( 'NONE', #1435, #2038, #1006 ) ;
#400 = SURFACE_STYLE_FILL_AREA ( #1615 ) ;
#401 = VERTEX_POINT ( 'NONE', #551 ) ;
#402 = AXIS2_PLACEMENT_3D ( 'NONE', #1299, #1924, #1501 ) ;
#403 = SURFACE_STYLE_USAGE ( .BOTH. , #2027 ) ;
#404 = AXIS2_PLACEMENT_3D ( 'NONE', #1012, #992, #426 ) ;
#405 = VERTEX_POINT ( 'NONE', #1796 ) ;
#406 = AXIS2_PLACEMENT_3D ( 'NONE', #1914, #1938, #2335 ) ;
#407 = PRESENTATION_STYLE_ASSIGNMENT (( #2051 ) ) ;
#408 = CARTESIAN_POINT ( 'NONE',  ( 0.000000000000000000, 0.000000000000000000, 2.500000000000000000 ) ) ;
#409 = EDGE_LOOP ( 'NONE', ( #885, #168 ) ) ;
#410 = EDGE_CURVE ( 'NONE', #255, #1983, #1594, .T. ) ;
#411 = DIRECTION ( 'NONE',  ( 0.000000000000000000, 0.000000000000000000, 1.000000000000000000 ) ) ;
#412 = DIRECTION ( 'NONE',  ( 0.000000000000000000, 0.000000000000000000, 1.000000000000000000 ) ) ;
#413 = DIRECTION ( 'NONE',  ( 1.000000000000000000, 0.000000000000000000, 0.000000000000000000 ) ) ;
#414 = CARTESIAN_POINT ( 'NONE',  ( -8.189848211308939696, 0.9944276121065038776, 8.266365894244630389E-16 ) ) ;
#415 = ORIENTED_EDGE ( 'NONE', *, *, #511, .T. ) ;
#416 = DIRECTION ( 'NONE',  ( 0.9709418174260535661, 0.2393156642875519102, 0.000000000000000000 ) ) ;
#417 =( NAMED_UNIT ( * ) PLANE_ANGLE_UNIT ( ) SI_UNIT ( $, .RADIAN. ) );
#418 = VERTEX_POINT ( 'NONE', #148 ) ;
#419 = DIRECTION ( 'NONE',  ( 0.000000000000000000, 0.000000000000000000, -1.000000000000000000 ) ) ;
#420 = CARTESIAN_POINT ( 'NONE',  ( -3.833966169361000098, 7.305012211639029474, 8.266365894244630389E-16 ) ) ;
#421 = ORIENTED_EDGE ( 'NONE', *, *, #1072, .F. ) ;
#422 = DIRECTION ( 'NONE',  ( 1.000000000000000000, 0.000000000000000000, 0.000000000000000000 ) ) ;
#423 = DIRECTION ( 'NONE',  ( 0.000000000000000000, 0.000000000000000000, -1.000000000000000000 ) ) ;
#424 = ADVANCED_FACE ( 'NONE', ( #1171 ), #2627, .F. ) ;
#425 = DIRECTION ( 'NONE',  ( -0.5680647467311655818, -0.8229838658936495799, 0.000000000000000000 ) ) ;
#426 = DIRECTION ( 'NONE',  ( -0.6631226582408019654, -0.7485107481710950861, 0.000000000000000000 ) ) ;
#427 = VERTEX_POINT ( 'NONE', #764 ) ;
#428 = PLANE ( 'NONE',  #1264 ) ;
#429 = SURFACE_SIDE_STYLE ('',( #1721 ) ) ;
#430 = COLOUR_RGB ( '',0.7921568627450980005, 0.8196078431372548767, 0.9333333333333333481 ) ;
#431 = AXIS2_PLACEMENT_3D ( 'NONE', #1506, #486, #2307 ) ;
#432 = EDGE_LOOP ( 'NONE', ( #385, #826 ) ) ;
#433 = EDGE_CURVE ( 'NONE', #2491, #1260, #1125, .T. ) ;
#434 = AXIS2_PLACEMENT_3D ( 'NONE', #1113, #1293, #1674 ) ;
#435 = FACE_OUTER_BOUND ( 'NONE', #514, .T. ) ;
#436 = ORIENTED_EDGE ( 'NONE', *, *, #2365, .F. ) ;
#437 = AXIS2_PLACEMENT_3D ( 'NONE', #1963, #160, #2572 ) ;
#438 = DIRECTION ( 'NONE',  ( 1.000000000000000000, 0.000000000000000000, 0.000000000000000000 ) ) ;
#439 = PRODUCT_CONTEXT ( 'NONE', #221, 'mechanical' ) ;
#440 = AXIS2_PLACEMENT_3D ( 'NONE', #730, #1018, #998 ) ;
#441 = MECHANICAL_DESIGN_GEOMETRIC_PRESENTATION_REPRESENTATION (  '', ( #1397 ), #2641 ) ;
#442 = FACE_OUTER_BOUND ( 'NONE', #1146, .T. ) ;
#443 = CARTESIAN_POINT ( 'NONE',  ( 0.000000000000000000, 8.250000000000000000, 8.266365894244630389E-16 ) ) ;
#444 = EDGE_LOOP ( 'NONE', ( #2292, #2664 ) ) ;
#445 = FACE_OUTER_BOUND ( 'NONE', #2211, .T. ) ;
#446 = DIRECTION ( 'NONE',  ( 1.000000000000000000, 0.000000000000000000, 0.000000000000000000 ) ) ;
#447 = AXIS2_PLACEMENT_3D ( 'NONE', #976, #726, #1578 ) ;
#448 = ADVANCED_FACE ( 'NONE', ( #2233 ), #1747, .T. ) ;
#449 = AXIS2_PLACEMENT_3D ( 'NONE', #1424, #814, #575 ) ;
#450 = ORIENTED_EDGE ( 'NONE', *, *, #884, .F. ) ;
#451 = AXIS2_PLACEMENT_3D ( 'NONE', #1668, #1273, #2095 ) ;
#452 = CARTESIAN_POINT ( 'NONE',  ( 0.000000000000000000, 0.000000000000000000, -2.500000000000000000 ) ) ;
#453 = AXIS2_PLACEMENT_3D ( 'NONE', #2543, #2239, #1724 ) ;
#454 = FACE_OUTER_BOUND ( 'NONE', #1644, .T. ) ;
#455 = EDGE_LOOP ( 'NONE', ( #529, #376 ) ) ;
#456 = VECTOR ( 'NONE', #1612, 1000.000000000000000 ) ;
#457 = FACE_OUTER_BOUND ( 'NONE', #567, .T. ) ;
#458 = DIRECTION ( 'NONE',  ( 1.000000000000000000, 0.000000000000000000, 0.000000000000000000 ) ) ;
#459 = CARTESIAN_POINT ( 'NONE',  ( 0.000000000000000000, 0.000000000000000000, -2.500000000000000000 ) ) ;
#460 = DIRECTION ( 'NONE',  ( -0.7071067811865535679, 0.000000000000000000, 0.7071067811865415775 ) ) ;
#461 = ORIENTED_EDGE ( 'NONE', *, *, #928, .F. ) ;
#462 = CARTESIAN_POINT ( 'NONE',  ( -6.000000000000000000, 0.000000000000000000, 2.250000000000000000 ) ) ;
#463 = ORIENTED_EDGE ( 'NONE', *, *, #554, .F. ) ;
#464 = ADVANCED_FACE ( 'NONE', ( #1572 ), #1084, .F. ) ;
#465 = DIRECTION ( 'NONE',  ( -0.8229838658936495799, 0.5680647467311655818, 0.000000000000000000 ) ) ;
#466 = CARTESIAN_POINT ( 'NONE',  ( 0.000000000000000000, 0.000000000000000000, -2.375000000000000000 ) ) ;
#467 = ORIENTED_EDGE ( 'NONE', *, *, #2327, .F. ) ;
#468 = LINE ( 'NONE', #2537, #2094 ) ;
#469 = SPHERICAL_SURFACE ( 'NONE', #2438, 1.314988271469590186 ) ;
#470 = SPHERICAL_SURFACE ( 'NONE', #1613, 1.314988271469590186 ) ;
#471 = ORIENTED_EDGE ( 'NONE', *, *, #2631, .F. ) ;
#472 = SURFACE_STYLE_USAGE ( .BOTH. , #429 ) ;
#473 = VERTEX_POINT ( 'NONE', #1539 ) ;
#474 = AXIS2_PLACEMENT_3D ( 'NONE', #153, #336, #757 ) ;
#475 = DIRECTION ( 'NONE',  ( -0.8854560256532089113, 0.4647231720437703384, 0.000000000000000000 ) ) ;
#476 = CARTESIAN_POINT ( 'NONE',  ( 6.000000000000000000, 7.347880794884119736E-16, 2.250000000000000000 ) ) ;
#477 = AXIS2_PLACEMENT_3D ( 'NONE', #916, #972, #1977 ) ;
#478 = AXIS2_PLACEMENT_3D ( 'NONE', #1622, #224, #2459 ) ;
#479 = CARTESIAN_POINT ( 'NONE',  ( 0.000000000000000000, 0.000000000000000000, -1.111111111111109828 ) ) ;
#480 = ADVANCED_FACE ( 'NONE', ( #926 ), #2409, .T. ) ;
#481 = CARTESIAN_POINT ( 'NONE',  ( 0.000000000000000000, 0.000000000000000000, 1.111111111111112049 ) ) ;
#482 = EDGE_CURVE ( 'NONE', #597, #2651, #939, .T. ) ;
#483 = AXIS2_PLACEMENT_3D ( 'NONE', #1060, #1932, #2556 ) ;
#484 = FACE_OUTER_BOUND ( 'NONE', #1187, .T. ) ;
#485 = ORIENTED_EDGE ( 'NONE', *, *, #282, .F. ) ;
#486 = DIRECTION ( 'NONE',  ( -1.000000000000000000, 0.000000000000000000, 0.000000000000000000 ) ) ;
#487 = COLOUR_RGB ( '',0.7921568627450980005, 0.8196078431372548767, 0.9333333333333333481 ) ;
#488 = ORIENTED_EDGE ( 'NONE', *, *, #1282, .T. ) ;
#489 = VECTOR ( 'NONE', #1903, 1000.000000000000000 ) ;
#490 = AXIS2_PLACEMENT_3D ( 'NONE', #1461, #2515, #2546 ) ;
#491 = CARTESIAN_POINT ( 'NONE',  ( -5.470761930486609970, -6.175213672411539179, 8.266365894244630389E-16 ) ) ;
#492 = CARTESIAN_POINT ( 'NONE',  ( -8.953296703296699022, 1.096462614950885909E-15, 2.500000000000000000 ) ) ;
#493 = TOROIDAL_SURFACE ( 'NONE', #451, 8.250000000000000000, 1.314988271469587966 ) ;
#494 = AXIS2_PLACEMENT_3D ( 'NONE', #2288, #1466, #2303 ) ;
#495 = CARTESIAN_POINT ( 'NONE',  ( 0.000000000000000000, 0.000000000000000000, -2.500000000000000000 ) ) ;
#496 = ORIENTED_EDGE ( 'NONE', *, *, #1448, .F. ) ;
#497 = CIRCLE ( 'NONE', #2492, 8.953296703296699022 ) ;
#498 = EDGE_CURVE ( 'NONE', #1422, #1336, #652, .T. ) ;
#499 = CARTESIAN_POINT ( 'NONE',  ( -10.75000000000000000, 1.316495309083402054E-15, 1.399999999999999911 ) ) ;
#500 = CARTESIAN_POINT ( 'NONE',  ( -7.898351648351649601, 9.672691064694068703E-16, 0.1172161172161182013 ) ) ;
#501 = VERTEX_POINT ( 'NONE', #628 ) ;
#502 = ORIENTED_EDGE ( 'NONE', *, *, #1210, .T. ) ;
#503 = CARTESIAN_POINT ( 'NONE',  ( 9.495248737731667887, 1.152931932924013969, 8.266365894244630389E-16 ) ) ;
#504 = DIRECTION ( 'NONE',  ( 0.000000000000000000, -1.000000000000000000, -9.166612918751317926E-17 ) ) ;
#505 = FACE_OUTER_BOUND ( 'NONE', #2533, .T. ) ;
#506 = DIRECTION ( 'NONE',  ( -1.215717745149353924E-16, 1.476148596545422201E-17, 1.000000000000000000 ) ) ;
#507 = VERTEX_POINT ( 'NONE', #614 ) ;
#508 = CARTESIAN_POINT ( 'NONE',  ( -3.222860648643314896, 6.140647923002979347, 9.876762071816169222E-16 ) ) ;
#509 = DIRECTION ( 'NONE',  ( 0.7485107481710950861, -0.6631226582408019654, 0.000000000000000000 ) ) ;
#510 = VERTEX_POINT ( 'NONE', #1421 ) ;
#511 = EDGE_CURVE ( 'NONE', #2073, #2326, #1609, .T. ) ;
#512 = CARTESIAN_POINT ( 'NONE',  ( 0.000000000000000000, 0.000000000000000000, -2.500000000000000000 ) ) ;
#513 =( NAMED_UNIT ( * ) PLANE_ANGLE_UNIT ( ) SI_UNIT ( $, .RADIAN. ) );
#514 = EDGE_LOOP ( 'NONE', ( #1971, #734 ) ) ;
#515 = EDGE_CURVE ( 'NONE', #1336, #1422, #348, .T. ) ;
#516 = CLOSED_SHELL ( 'NONE', ( #171, #1844, #1296, #448 ) ) ;
#517 = CARTESIAN_POINT ( 'NONE',  ( 8.953296703296699022, 0.000000000000000000, 1.111111111111112049 ) ) ;
#518 = ADVANCED_FACE ( 'NONE', ( #2020, #199 ), #1412, .F. ) ;
#519 = DIRECTION ( 'NONE',  ( 1.000000000000000000, 0.000000000000000000, 0.000000000000000000 ) ) ;
#520 = STYLED_ITEM ( 'NONE', ( #230 ), #122 ) ;
#521 = CIRCLE ( 'NONE', #692, 10.50000000000000000 ) ;
#522 = DIRECTION ( 'NONE',  ( 0.000000000000000000, 0.000000000000000000, -1.000000000000000000 ) ) ;
#523 = ORIENTED_EDGE ( 'NONE', *, *, #900, .F. ) ;
#524 = CIRCLE ( 'NONE', #2390, 10.25000000000000000 ) ;
#525 = SPHERICAL_SURFACE ( 'NONE', #1478, 1.314988271469590186 ) ;
#526 = DIRECTION ( 'NONE',  ( 1.000000000000000000, 0.000000000000000000, 0.000000000000000000 ) ) ;
#527 = CARTESIAN_POINT ( 'NONE',  ( 0.000000000000000000, 6.250000000000000000, 2.500000000000000000 ) ) ;
#528 = CYLINDRICAL_SURFACE ( 'NONE', #2675, 7.546703296703309860 ) ;
#529 = ORIENTED_EDGE ( 'NONE', *, *, #634, .T. ) ;
#530 =( GEOMETRIC_REPRESENTATION_CONTEXT ( 3 ) GLOBAL_UNCERTAINTY_ASSIGNED_CONTEXT ( ( #1161 ) ) GLOBAL_UNIT_ASSIGNED_CONTEXT ( ( #1781, #1562, #2611 ) ) REPRESENTATION_CONTEXT ( 'NONE', 'WORKASPACE' ) );
#531 = ADVANCED_FACE ( 'NONE', ( #829 ), #1001, .T. ) ;
#532 = CIRCLE ( 'NONE', #231, 1.314988271469587966 ) ;
#533 = DIRECTION ( 'NONE',  ( 0.2393156642875514384, -0.9709418174260536771, 0.000000000000000000 ) ) ;
#534 = DIRECTION ( 'NONE',  ( 1.000000000000000000, 0.000000000000000000, 0.000000000000000000 ) ) ;
#535 = AXIS2_PLACEMENT_3D ( 'NONE', #929, #1790, #735 ) ;
#536 = DIRECTION ( 'NONE',  ( 0.000000000000000000, 0.000000000000000000, 1.000000000000000000 ) ) ;
#537 = ORIENTED_EDGE ( 'NONE', *, *, #1320, .T. ) ;
#538 = COLOUR_RGB ( '',0.7921568627450980005, 0.8196078431372548767, 0.9333333333333333481 ) ;
#539 = DIRECTION ( 'NONE',  ( 1.000000000000000000, 0.000000000000000000, 0.000000000000000000 ) ) ;
#540 = DIRECTION ( 'NONE',  ( 0.000000000000000000, 0.000000000000000000, -1.000000000000000000 ) ) ;
#541 = UNCERTAINTY_MEASURE_WITH_UNIT (LENGTH_MEASURE( 1.000000000000000082E-05 ), #1184, 'distance_accuracy_value', 'NONE');
#542 = PLANE ( 'NONE',  #383 ) ;
#543 = AXIS2_PLACEMENT_3D ( 'NONE', #661, #1481, #675 ) ;
#544 = FACE_OUTER_BOUND ( 'NONE', #1897, .T. ) ;
#545 = DIRECTION ( 'NONE',  ( 1.000000000000000000, 0.000000000000000000, 0.000000000000000000 ) ) ;
#546 = EDGE_LOOP ( 'NONE', ( #1272, #948 ) ) ;
#547 =( LENGTH_UNIT ( ) NAMED_UNIT ( * ) SI_UNIT ( .MILLI., .METRE. ) );
#548 = DIRECTION ( 'NONE',  ( 1.000000000000000000, 0.000000000000000000, 0.000000000000000000 ) ) ;
#549 = EDGE_CURVE ( 'NONE', #283, #656, #1306, .T. ) ;
#550 = FACE_OUTER_BOUND ( 'NONE', #2657, .T. ) ;
#551 = CARTESIAN_POINT ( 'NONE',  ( 6.000000000000000000, 7.500961644777530783E-16, 2.250000000000000000 ) ) ;
#552 = ORIENTED_EDGE ( 'NONE', *, *, #1795, .T. ) ;
#553 = FACE_OUTER_BOUND ( 'NONE', #1206, .T. ) ;
#554 = EDGE_CURVE ( 'NONE', #83, #1610, #1343, .T. ) ;
#555 = EDGE_LOOP ( 'NONE', ( #1740, #1128 ) ) ;
#556 = CARTESIAN_POINT ( 'NONE',  ( 6.789616893622680394, 4.686534160532019655, 8.266365894244630389E-16 ) ) ;
#557 = DIRECTION ( 'NONE',  ( -0.8229838658936503570, 0.5680647467311646936, 0.000000000000000000 ) ) ;
#558 = CARTESIAN_POINT ( 'NONE',  ( 6.789616893622680394, 4.686534160532019655, 8.266365894244630389E-16 ) ) ;
#559 = ORIENTED_EDGE ( 'NONE', *, *, #1164, .T. ) ;
#560 = EDGE_CURVE ( 'NONE', #2228, #1995, #521, .T. ) ;
#561 = DIRECTION ( 'NONE',  ( 1.000000000000000000, 0.000000000000000000, 0.000000000000000000 ) ) ;
#562 = DIRECTION ( 'NONE',  ( 0.000000000000000000, 0.000000000000000000, 1.000000000000000000 ) ) ;
#563 = UNCERTAINTY_MEASURE_WITH_UNIT (LENGTH_MEASURE( 1.000000000000000082E-05 ), #195, 'distance_accuracy_value', 'NONE');
#564 = AXIS2_PLACEMENT_3D ( 'NONE', #1686, #1881, #664 ) ;
#565 = PRESENTATION_STYLE_ASSIGNMENT (( #1393 ) ) ;
#566 = AXIS2_PLACEMENT_3D ( 'NONE', #1808, #1870, #641 ) ;
#567 = EDGE_LOOP ( 'NONE', ( #1039, #29, #1172, #1247 ) ) ;
#568 = EDGE_LOOP ( 'NONE', ( #96, #776, #1630, #2071 ) ) ;
#569 = CIRCLE ( 'NONE', #695, 1.314988271469590408 ) ;
#570 =( GEOMETRIC_REPRESENTATION_CONTEXT ( 3 ) GLOBAL_UNCERTAINTY_ASSIGNED_CONTEXT ( ( #1532 ) ) GLOBAL_UNIT_ASSIGNED_CONTEXT ( ( #2049, #2429, #1838 ) ) REPRESENTATION_CONTEXT ( 'NONE', 'WORKASPACE' ) );
#571 = DIRECTION ( 'NONE',  ( 0.000000000000000000, 0.000000000000000000, 1.000000000000000000 ) ) ;
#572 = CONICAL_SURFACE ( 'NONE', #2222, 10.25000000000000000, 0.7853981633974433940 ) ;
#573 = ORIENTED_EDGE ( 'NONE', *, *, #1565, .F. ) ;
#574 = VECTOR ( 'NONE', #2318, 1000.000000000000000 ) ;
#575 = DIRECTION ( 'NONE',  ( 1.000000000000000000, 0.000000000000000000, 0.000000000000000000 ) ) ;
#576 = DIRECTION ( 'NONE',  ( 1.000000000000000000, 0.000000000000000000, 0.000000000000000000 ) ) ;
#577 = EDGE_CURVE ( 'NONE', #1338, #2638, #2214, .T. ) ;
#578 = MECHANICAL_DESIGN_GEOMETRIC_PRESENTATION_REPRESENTATION (  '', ( #705 ), #2317 ) ;
#579 = CARTESIAN_POINT ( 'NONE',  ( 5.470761930486530034, -6.175213672411609345, 8.266365894244630389E-16 ) ) ;
#580 = AXIS2_PLACEMENT_3D ( 'NONE', #1922, #475, #2282 ) ;
#581 = ORIENTED_EDGE ( 'NONE', *, *, #549, .F. ) ;
#582 = VECTOR ( 'NONE', #1926, 1000.000000000000000 ) ;
#583 = ORIENTED_EDGE ( 'NONE', *, *, #679, .F. ) ;
#584 = SURFACE_SIDE_STYLE ('',( #2677 ) ) ;
#585 = DIRECTION ( 'NONE',  ( 1.000000000000000000, 0.000000000000000000, 0.000000000000000000 ) ) ;
#586 = DIRECTION ( 'NONE',  ( 0.000000000000000000, 0.000000000000000000, -1.000000000000000000 ) ) ;
#587 = VERTEX_POINT ( 'NONE', #984 ) ;
#588 = DIRECTION ( 'NONE',  ( 0.9350162426854135012, -0.3546048870425393962, 0.000000000000000000 ) ) ;
#589 = DIRECTION ( 'NONE',  ( 0.000000000000000000, 0.000000000000000000, 1.000000000000000000 ) ) ;
#590 = UNCERTAINTY_MEASURE_WITH_UNIT (LENGTH_MEASURE( 1.000000000000000082E-05 ), #547, 'distance_accuracy_value', 'NONE');
#591 = PRODUCT ( 'ASV1_400_19X_1_1.STEP', 'ASV1_400_19X_1_1.STEP', '', ( #439 ) ) ;
#592 = FACE_OUTER_BOUND ( 'NONE', #215, .T. ) ;
#593 = ADVANCED_FACE ( 'NONE', ( #2500 ), #1824, .T. ) ;
#594 = SPHERICAL_SURFACE ( 'NONE', #839, 1.314988271469590186 ) ;
#595 = ORIENTED_EDGE ( 'NONE', *, *, #2576, .T. ) ;
#596 = EDGE_CURVE ( 'NONE', #687, #510, #1596, .T. ) ;
#597 = VERTEX_POINT ( 'NONE', #2490 ) ;
#598 = SURFACE_STYLE_USAGE ( .BOTH. , #2635 ) ;
#599 = EDGE_CURVE ( 'NONE', #2414, #1332, #2430, .T. ) ;
#600 = FACE_OUTER_BOUND ( 'NONE', #2168, .T. ) ;
#601 = DIRECTION ( 'NONE',  ( 1.000000000000000000, 0.000000000000000000, 0.000000000000000000 ) ) ;
#602 = ORIENTED_EDGE ( 'NONE', *, *, #2068, .T. ) ;
#603 = DIRECTION ( 'NONE',  ( 1.000000000000000000, 0.000000000000000000, 1.145064648755479787E-16 ) ) ;
#604 = DIRECTION ( 'NONE',  ( 1.000000000000000000, 0.000000000000000000, 0.000000000000000000 ) ) ;
#605 = MECHANICAL_DESIGN_GEOMETRIC_PRESENTATION_REPRESENTATION (  '', ( #2294 ), #2468 ) ;
#606 = CARTESIAN_POINT ( 'NONE',  ( -6.789616893622610228, 4.686534160532120907, 8.266365894244630389E-16 ) ) ;
#607 = DIRECTION ( 'NONE',  ( -0.8229838658936495799, 0.5680647467311655818, 0.000000000000000000 ) ) ;
#608 = ORIENTED_EDGE ( 'NONE', *, *, #290, .F. ) ;
#609 = SURFACE_STYLE_FILL_AREA ( #1443 ) ;
#610 = CIRCLE ( 'NONE', #387, 8.953296703296699022 ) ;
#611 = AXIS2_PLACEMENT_3D ( 'NONE', #249, #2544, #1073 ) ;
#612 = ORIENTED_EDGE ( 'NONE', *, *, #103, .T. ) ;
#613 = EDGE_CURVE ( 'NONE', #1983, #255, #2636, .T. ) ;
#614 = CARTESIAN_POINT ( 'NONE',  ( 8.953296703296699022, 0.000000000000000000, -1.111111111111109828 ) ) ;
#615 = ORIENTED_EDGE ( 'NONE', *, *, #1487, .T. ) ;
#616 = PRESENTATION_LAYER_ASSIGNMENT (  '', '', ( #55 ) ) ;
#617 = CARTESIAN_POINT ( 'NONE',  ( 0.000000000000000000, 0.000000000000000000, 2.500000000000000000 ) ) ;
#618 = CARTESIAN_POINT ( 'NONE',  ( 0.000000000000000000, 8.250000000000000000, 8.266365894244630389E-16 ) ) ;
#619 = AXIS2_PLACEMENT_3D ( 'NONE', #2383, #2178, #318 ) ;
#620 = SPHERICAL_SURFACE ( 'NONE', #2090, 1.314988271469590186 ) ;
#621 = CARTESIAN_POINT ( 'NONE',  ( -1.974354230372415309, -8.010269993764911334, 8.266365894244630389E-16 ) ) ;
#622 = ORIENTED_EDGE ( 'NONE', *, *, #1059, .F. ) ;
#623 = DIRECTION ( 'NONE',  ( 1.000000000000000000, 0.000000000000000000, 0.000000000000000000 ) ) ;
#624 = EDGE_LOOP ( 'NONE', ( #1865, #2595 ) ) ;
#625 = AXIS2_PLACEMENT_3D ( 'NONE', #2437, #2621, #2423 ) ;
#626 = AXIS2_PLACEMENT_3D ( 'NONE', #2478, #2067, #1811 ) ;
#627 = ADVANCED_FACE ( 'NONE', ( #1020 ), #1634, .T. ) ;
#628 = CARTESIAN_POINT ( 'NONE',  ( -7.898351648351649601, 9.672691064694068703E-16, -0.1172161172161163972 ) ) ;
#629 = ORIENTED_EDGE ( 'NONE', *, *, #232, .F. ) ;
#630 = FACE_OUTER_BOUND ( 'NONE', #2127, .T. ) ;
#631 = EDGE_CURVE ( 'NONE', #174, #2011, #1553, .T. ) ;
#632 = FACE_OUTER_BOUND ( 'NONE', #2037, .T. ) ;
#633 = CARTESIAN_POINT ( 'NONE',  ( 8.189848211308948578, 0.9944276121063889695, 8.266365894244630389E-16 ) ) ;
#634 = EDGE_CURVE ( 'NONE', #2060, #20, #1992, .T. ) ;
#635 = DIRECTION ( 'NONE',  ( -0.9927088740980527515, 0.1205366802553335948, 0.000000000000000000 ) ) ;
#636 = ORIENTED_EDGE ( 'NONE', *, *, #1725, .F. ) ;
#637 = CARTESIAN_POINT ( 'NONE',  ( 1.974354230372300067, -8.010269993764939755, 8.266365894244630389E-16 ) ) ;
#638 = FILL_AREA_STYLE ('',( #2337 ) ) ;
#639 = ORIENTED_EDGE ( 'NONE', *, *, #186, .T. ) ;
#640 = CARTESIAN_POINT ( 'NONE',  ( 0.000000000000000000, 0.000000000000000000, 2.500000000000000000 ) ) ;
#641 = DIRECTION ( 'NONE',  ( 0.9927088740980544168, 0.1205366802553199390, 0.000000000000000000 ) ) ;
#642 = ORIENTED_EDGE ( 'NONE', *, *, #808, .F. ) ;
#643 = DIRECTION ( 'NONE',  ( 0.000000000000000000, 0.000000000000000000, -1.000000000000000000 ) ) ;
#644 = APPLICATION_PROTOCOL_DEFINITION ( 'draft international standard', 'automotive_design', 1998, #221 ) ;
#645 = EDGE_CURVE ( 'NONE', #71, #1094, #524, .T. ) ;
#646 = AXIS2_PLACEMENT_3D ( 'NONE', #1207, #782, #1395 ) ;
#647 = DIRECTION ( 'NONE',  ( 0.000000000000000000, 1.000000000000000000, 0.000000000000000000 ) ) ;
#648 = CARTESIAN_POINT ( 'NONE',  ( 8.953296703296699022, 0.000000000000000000, -2.500000000000000000 ) ) ;
#649 = VERTEX_POINT ( 'NONE', #492 ) ;
#650 = FACE_OUTER_BOUND ( 'NONE', #64, .T. ) ;
#651 = CIRCLE ( 'NONE', #345, 7.546703296703309860 ) ;
#652 = CIRCLE ( 'NONE', #2678, 1.314988271469586634 ) ;
#653 = ORIENTED_EDGE ( 'NONE', *, *, #1765, .F. ) ;
#654 = SPHERICAL_SURFACE ( 'NONE', #2612, 1.314988271469590186 ) ;
#655 = AXIS2_PLACEMENT_3D ( 'NONE', #1228, #1666, #2052 ) ;
#656 = VERTEX_POINT ( 'NONE', #1324 ) ;
#657 = CARTESIAN_POINT ( 'NONE',  ( -11.50000000000000000, 1.408343819019455979E-15, -2.500000000000000000 ) ) ;
#658 = AXIS2_PLACEMENT_3D ( 'NONE', #365, #2063, #2243 ) ;
#659 = PRESENTATION_LAYER_ASSIGNMENT (  '', '', ( #1397 ) ) ;
#660 = DIRECTION ( 'NONE',  ( -1.000000000000000000, 0.000000000000000000, 0.000000000000000000 ) ) ;
#661 = CARTESIAN_POINT ( 'NONE',  ( 6.789616893622680394, 4.686534160532019655, 8.266365894244630389E-16 ) ) ;
#662 = ORIENTED_EDGE ( 'NONE', *, *, #2374, .T. ) ;
#663 = ADVANCED_FACE ( 'NONE', ( #2511 ), #896, .T. ) ;
#664 = DIRECTION ( 'NONE',  ( 1.000000000000000000, 0.000000000000000000, 0.000000000000000000 ) ) ;
#665 = CIRCLE ( 'NONE', #449, 7.546703296703309860 ) ;
#666 = ADVANCED_FACE ( 'NONE', ( #454 ), #2091, .T. ) ;
#667 = AXIS2_PLACEMENT_3D ( 'NONE', #2145, #747, #1948 ) ;
#668 = ORIENTED_EDGE ( 'NONE', *, *, #1547, .F. ) ;
#669 = CIRCLE ( 'NONE', #1009, 1.314988271469589742 ) ;
#670 = CARTESIAN_POINT ( 'NONE',  ( 10.25000000000000000, 0.000000000000000000, 1.649999999999999911 ) ) ;
#671 = VECTOR ( 'NONE', #1302, 1000.000000000000000 ) ;
#672 = EDGE_LOOP ( 'NONE', ( #642, #810 ) ) ;
#673 = CARTESIAN_POINT ( 'NONE',  ( 6.484348609389780194, -2.459189050634210005, 9.876762071816169222E-16 ) ) ;
#674 = CARTESIAN_POINT ( 'NONE',  ( 0.000000000000000000, 8.250000000000000000, 8.266365894244630389E-16 ) ) ;
#675 = DIRECTION ( 'NONE',  ( 0.8229838658936575735, 0.5680647467311541465, 0.000000000000000000 ) ) ;
#676 = EDGE_LOOP ( 'NONE', ( #595, #1543, #2138, #421 ) ) ;
#677 =( NAMED_UNIT ( * ) SI_UNIT ( $, .STERADIAN. ) SOLID_ANGLE_UNIT ( ) );
#678 = EDGE_LOOP ( 'NONE', ( #2455, #1196 ) ) ;
#679 = EDGE_CURVE ( 'NONE', #1559, #2053, #1691, .T. ) ;
#680 = DIRECTION ( 'NONE',  ( 1.000000000000000000, 0.000000000000000000, 0.000000000000000000 ) ) ;
#681 = EDGE_CURVE ( 'NONE', #883, #2073, #2035, .T. ) ;
#682 = LINE ( 'NONE', #845, #1874 ) ;
#683 = CARTESIAN_POINT ( 'NONE',  ( 7.713884002154659747, -2.925490318100949949, 8.266365894244630389E-16 ) ) ;
#684 = DIRECTION ( 'NONE',  ( 0.000000000000000000, 0.000000000000000000, 1.000000000000000000 ) ) ;
#685 = EDGE_LOOP ( 'NONE', ( #1704, #795 ) ) ;
#686 =( LENGTH_UNIT ( ) NAMED_UNIT ( * ) SI_UNIT ( .MILLI., .METRE. ) );
#687 = VERTEX_POINT ( 'NONE', #32 ) ;
#688 = AXIS2_PLACEMENT_3D ( 'NONE', #1392, #2212, #1356 ) ;
#689 = CARTESIAN_POINT ( 'NONE',  ( 1.974354230372300067, -8.010269993764939755, 8.266365894244630389E-16 ) ) ;
#690 = EDGE_CURVE ( 'NONE', #1013, #2562, #2126, .T. ) ;
#691 = DIRECTION ( 'NONE',  ( -2.930771622555895082E-17, -1.189060788869125880E-16, 1.000000000000000000 ) ) ;
#692 = AXIS2_PLACEMENT_3D ( 'NONE', #801, #843, #2246 ) ;
#693 = DIRECTION ( 'NONE',  ( 0.000000000000000000, 0.000000000000000000, -1.000000000000000000 ) ) ;
#694 = DIRECTION ( 'NONE',  ( 1.000000000000000000, 0.000000000000000000, 0.000000000000000000 ) ) ;
#695 = AXIS2_PLACEMENT_3D ( 'NONE', #1297, #274, #1907 ) ;
#696 = CARTESIAN_POINT ( 'NONE',  ( 0.000000000000000000, 0.000000000000000000, 8.266365894244630389E-16 ) ) ;
#697 = ORIENTED_EDGE ( 'NONE', *, *, #1389, .T. ) ;
#698 = CARTESIAN_POINT ( 'NONE',  ( 5.470761930486530034, -6.175213672411609345, 8.266365894244630389E-16 ) ) ;
#699 = STYLED_ITEM ( 'NONE', ( #2229 ), #952 ) ;
#700 = ORIENTED_EDGE ( 'NONE', *, *, #2305, .T. ) ;
#701 = CIRCLE ( 'NONE', #1137, 1.314988271469590408 ) ;
#702 = AXIS2_PLACEMENT_3D ( 'NONE', #2399, #752, #1147 ) ;
#703 = DIRECTION ( 'NONE',  ( 0.000000000000000000, 0.000000000000000000, 1.000000000000000000 ) ) ;
#704 = DIRECTION ( 'NONE',  ( 0.000000000000000000, 0.000000000000000000, -1.000000000000000000 ) ) ;
#705 = STYLED_ITEM ( 'NONE', ( #1212 ), #1867 ) ;
#706 = ADVANCED_FACE ( 'NONE', ( #880 ), #52, .F. ) ;
#707 = AXIS2_PLACEMENT_3D ( 'NONE', #99, #1509, #703 ) ;
#708 = CARTESIAN_POINT ( 'NONE',  ( -8.953296703296699022, 1.096462614950885909E-15, -2.500000000000000000 ) ) ;
#709 = DIRECTION ( 'NONE',  ( 1.000000000000000000, 0.000000000000000000, 0.000000000000000000 ) ) ;
#710 = ORIENTED_EDGE ( 'NONE', *, *, #1807, .F. ) ;
#711 = CIRCLE ( 'NONE', #1703, 1.314988271469587744 ) ;
#712 = DIRECTION ( 'NONE',  ( 0.4647231720437703384, 0.8854560256532089113, 0.000000000000000000 ) ) ;
#713 = LINE ( 'NONE', #280, #198 ) ;
#714 = FACE_OUTER_BOUND ( 'NONE', #1317, .T. ) ;
#715 = FACE_OUTER_BOUND ( 'NONE', #126, .T. ) ;
#716 = ADVANCED_FACE ( 'NONE', ( #1726 ), #1490, .T. ) ;
#717 = ORIENTED_EDGE ( 'NONE', *, *, #1229, .T. ) ;
#718 = DIRECTION ( 'NONE',  ( 0.000000000000000000, 0.000000000000000000, -1.000000000000000000 ) ) ;
#719 = FACE_OUTER_BOUND ( 'NONE', #2619, .T. ) ;
#720 = ORIENTED_EDGE ( 'NONE', *, *, #1396, .T. ) ;
#721 = DIRECTION ( 'NONE',  ( -0.6631226582408019654, -0.7485107481710950861, 0.000000000000000000 ) ) ;
#722 = CARTESIAN_POINT ( 'NONE',  ( -8.953296703296699022, 1.096462614950885909E-15, 2.375000000000000000 ) ) ;
#723 = ORIENTED_EDGE ( 'NONE', *, *, #1176, .F. ) ;
#724 = DIRECTION ( 'NONE',  ( 0.000000000000000000, 0.000000000000000000, -1.000000000000000000 ) ) ;
#725 = EDGE_CURVE ( 'NONE', #1797, #2551, #1863, .T. ) ;
#726 = DIRECTION ( 'NONE',  ( 0.000000000000000000, 0.000000000000000000, -1.000000000000000000 ) ) ;
#727 = EDGE_LOOP ( 'NONE', ( #1733, #1756 ) ) ;
#728 = CLOSED_SHELL ( 'NONE', ( #1597, #2256, #1244, #1950 ) ) ;
#729 = CARTESIAN_POINT ( 'NONE',  ( -8.250000000000000000, 1.010333609296566156E-15, 4.336808689942014778E-16 ) ) ;
#730 = CARTESIAN_POINT ( 'NONE',  ( 0.000000000000000000, 0.000000000000000000, -0.1172161172161163972 ) ) ;
#731 = DIRECTION ( 'NONE',  ( 0.3546048870425270727, -0.9350162426854180531, 0.000000000000000000 ) ) ;
#732 = AXIS2_PLACEMENT_3D ( 'NONE', #637, #416, #1248 ) ;
#733 = CARTESIAN_POINT ( 'NONE',  ( 0.000000000000000000, 0.000000000000000000, -1.314988271469587966 ) ) ;
#734 = ORIENTED_EDGE ( 'NONE', *, *, #433, .F. ) ;
#735 = DIRECTION ( 'NONE',  ( 0.000000000000000000, -1.000000000000000000, 1.084370887601939436E-16 ) ) ;
#736 = CARTESIAN_POINT ( 'NONE',  ( -6.789616893622610228, 4.686534160532120907, 8.266365894244630389E-16 ) ) ;
#737 = ORIENTED_EDGE ( 'NONE', *, *, #2308, .F. ) ;
#738 = DIRECTION ( 'NONE',  ( -0.8854560256532160167, -0.4647231720437570712, 0.000000000000000000 ) ) ;
#739 = PRESENTATION_STYLE_ASSIGNMENT (( #1602 ) ) ;
#740 = EDGE_CURVE ( 'NONE', #1987, #2632, #569, .T. ) ;
#741 = EDGE_LOOP ( 'NONE', ( #1394, #2185, #1365, #1968 ) ) ;
#742 = PRESENTATION_LAYER_ASSIGNMENT (  '', '', ( #1732 ) ) ;
#743 = AXIS2_PLACEMENT_3D ( 'NONE', #579, #1858, #1408 ) ;
#744 = DIRECTION ( 'NONE',  ( -0.6631226582408019654, -0.7485107481710951971, 0.000000000000000000 ) ) ;
#745 = DIRECTION ( 'NONE',  ( -1.000000000000000000, 0.000000000000000000, 0.000000000000000000 ) ) ;
#746 = AXIS2_PLACEMENT_3D ( 'NONE', #617, #2066, #211 ) ;
#747 = DIRECTION ( 'NONE',  ( 0.000000000000000000, 0.000000000000000000, -1.000000000000000000 ) ) ;
#748 = VECTOR ( 'NONE', #2201, 999.9999999999998863 ) ;
#749 = DIRECTION ( 'NONE',  ( 1.000000000000000000, 0.000000000000000000, 0.000000000000000000 ) ) ;
#750 = EDGE_LOOP ( 'NONE', ( #1676, #1692 ) ) ;
#751 = STYLED_ITEM ( 'NONE', ( #1895 ), #1888 ) ;
#752 = DIRECTION ( 'NONE',  ( 0.000000000000000000, 0.000000000000000000, 1.000000000000000000 ) ) ;
#753 = DIRECTION ( 'NONE',  ( -0.6631226582408019654, -0.7485107481710950861, 0.000000000000000000 ) ) ;
#754 = UNCERTAINTY_MEASURE_WITH_UNIT (LENGTH_MEASURE( 1.000000000000000082E-05 ), #1986, 'distance_accuracy_value', 'NONE');
#755 = CARTESIAN_POINT ( 'NONE',  ( 6.250000000000000000, 0.000000000000000000, -2.500000000000000000 ) ) ;
#756 = AXIS2_PLACEMENT_3D ( 'NONE', #943, #2413, #576 ) ;
#757 = DIRECTION ( 'NONE',  ( 1.000000000000000000, 0.000000000000000000, 0.000000000000000000 ) ) ;
#758 = PRODUCT_DEFINITION_FORMATION_WITH_SPECIFIED_SOURCE ( 'Symmetric', '', #591, .NOT_KNOWN. ) ;
#759 =( NAMED_UNIT ( * ) PLANE_ANGLE_UNIT ( ) SI_UNIT ( $, .RADIAN. ) );
#760 = ORIENTED_EDGE ( 'NONE', *, *, #515, .T. ) ;
#761 = CARTESIAN_POINT ( 'NONE',  ( 4.598763412354149871, -5.190930817497680927, 9.876762071816181055E-16 ) ) ;
#762 = ADVANCED_FACE ( 'NONE', ( #1102 ), #1727, .F. ) ;
#763 = SURFACE_SIDE_STYLE ('',( #2395 ) ) ;
#764 = CARTESIAN_POINT ( 'NONE',  ( -8.953296703296699022, 1.096462614950885909E-15, 1.314988271469590186 ) ) ;
#765 = EDGE_LOOP ( 'NONE', ( #2310, #10, #1905, #622 ) ) ;
#766 = FACE_OUTER_BOUND ( 'NONE', #727, .T. ) ;
#767 = CARTESIAN_POINT ( 'NONE',  ( -8.601648351648348623, 1.053398112123725835E-15, -0.1172161172161163972 ) ) ;
#768 = FILL_AREA_STYLE ('',( #1792 ) ) ;
#769 = ORIENTED_EDGE ( 'NONE', *, *, #1633, .F. ) ;
#770 =( NAMED_UNIT ( * ) SI_UNIT ( $, .STERADIAN. ) SOLID_ANGLE_UNIT ( ) );
#771 = CLOSED_SHELL ( 'NONE', ( #1713, #1090, #627, #203 ) ) ;
#772 = ADVANCED_FACE ( 'NONE', ( #2296, #435 ), #258, .F. ) ;
#773 = DIRECTION ( 'NONE',  ( 0.000000000000000000, 0.000000000000000000, -1.000000000000000000 ) ) ;
#774 = EDGE_CURVE ( 'NONE', #401, #854, #1500, .T. ) ;
#775 = COLOUR_RGB ( '',0.7921568627450980005, 0.8196078431372548767, 0.9333333333333333481 ) ;
#776 = ORIENTED_EDGE ( 'NONE', *, *, #2340, .T. ) ;
#777 = CIRCLE ( 'NONE', #1168, 1.314988271469590408 ) ;
#778 = CARTESIAN_POINT ( 'NONE',  ( 0.000000000000000000, 0.000000000000000000, -2.250000000000000000 ) ) ;
#779 = UNCERTAINTY_MEASURE_WITH_UNIT (LENGTH_MEASURE( 1.000000000000000082E-05 ), #1269, 'distance_accuracy_value', 'NONE');
#780 = CIRCLE ( 'NONE', #1041, 1.314988271469589076 ) ;
#781 = EDGE_LOOP ( 'NONE', ( #1563, #1603 ) ) ;
#782 = DIRECTION ( 'NONE',  ( 0.000000000000000000, 0.000000000000000000, -1.000000000000000000 ) ) ;
#783 = VERTEX_POINT ( 'NONE', #1923 ) ;
#784 = AXIS2_PLACEMENT_3D ( 'NONE', #1345, #911, #1525 ) ;
#785 = PRESENTATION_LAYER_ASSIGNMENT (  '', '', ( #1817 ) ) ;
#786 = AXIS2_PLACEMENT_3D ( 'NONE', #1611, #2022, #1232 ) ;
#787 = VERTEX_POINT ( 'NONE', #1271 ) ;
#788 = EDGE_CURVE ( 'NONE', #2535, #783, #238, .T. ) ;
#789 = AXIS2_PLACEMENT_3D ( 'NONE', #1159, #1585, #919 ) ;
#790 = DIRECTION ( 'NONE',  ( -1.145064648755479787E-16, -4.342657398786394513E-17, 1.000000000000000000 ) ) ;
#791 = AXIS2_PLACEMENT_3D ( 'NONE', #2473, #982, #585 ) ;
#792 = EDGE_CURVE ( 'NONE', #1789, #2428, #1309, .T. ) ;
#793 = VECTOR ( 'NONE', #1757, 1000.000000000000000 ) ;
#794 = CARTESIAN_POINT ( 'NONE',  ( 10.50000000000000000, 0.000000000000000000, -2.250000000000000000 ) ) ;
#795 = ORIENTED_EDGE ( 'NONE', *, *, #1024, .T. ) ;
#796 =( NAMED_UNIT ( * ) SI_UNIT ( $, .STERADIAN. ) SOLID_ANGLE_UNIT ( ) );
#797 = AXIS2_PLACEMENT_3D ( 'NONE', #1034, #2659, #1405 ) ;
#798 = ORIENTED_EDGE ( 'NONE', *, *, #2596, .T. ) ;
#799 = DIRECTION ( 'NONE',  ( -1.000000000000000000, 0.000000000000000000, 0.000000000000000000 ) ) ;
#800 = FILL_AREA_STYLE_COLOUR ( '', #1653 ) ;
#801 = CARTESIAN_POINT ( 'NONE',  ( 0.000000000000000000, 0.000000000000000000, -2.250000000000000000 ) ) ;
#802 = APPLICATION_CONTEXT ( 'automotive_design' ) ;
#803 = EDGE_LOOP ( 'NONE', ( #1321, #502, #2528, #1070 ) ) ;
#804 = CARTESIAN_POINT ( 'NONE',  ( 6.935011728530420250, 0.000000000000000000, 5.947204867513560513E-16 ) ) ;
#805 = PLANE ( 'NONE',  #2321 ) ;
#806 = UNCERTAINTY_MEASURE_WITH_UNIT (LENGTH_MEASURE( 1.000000000000000082E-05 ), #1657, 'distance_accuracy_value', 'NONE');
#807 = CARTESIAN_POINT ( 'NONE',  ( -11.50000000000000000, 1.408343819019455979E-15, 1.399999999999999911 ) ) ;
#808 = EDGE_CURVE ( 'NONE', #1887, #783, #903, .T. ) ;
#809 =( NAMED_UNIT ( * ) PLANE_ANGLE_UNIT ( ) SI_UNIT ( $, .RADIAN. ) );
#810 = ORIENTED_EDGE ( 'NONE', *, *, #2434, .F. ) ;
#811 = SURFACE_SIDE_STYLE ('',( #185 ) ) ;
#812 = CARTESIAN_POINT ( 'NONE',  ( -7.713884002154699715, -2.925490318100844700, 8.266365894244630389E-16 ) ) ;
#813 = EDGE_LOOP ( 'NONE', ( #1699, #121 ) ) ;
#814 = DIRECTION ( 'NONE',  ( 0.000000000000000000, 0.000000000000000000, 1.000000000000000000 ) ) ;
#815 = FACE_OUTER_BOUND ( 'NONE', #781, .T. ) ;
#816 = CLOSED_SHELL ( 'NONE', ( #2516, #1984, #1375, #1463 ) ) ;
#817 = AXIS2_PLACEMENT_3D ( 'NONE', #1318, #254, #1711 ) ;
#818 = LINE ( 'NONE', #2287, #1181 ) ;
#819 = SPHERICAL_SURFACE ( 'NONE', #2406, 1.314988271469590186 ) ;
#820 = ORIENTED_EDGE ( 'NONE', *, *, #1671, .T. ) ;
#821 = DIRECTION ( 'NONE',  ( 0.000000000000000000, 0.000000000000000000, 1.000000000000000000 ) ) ;
#822 = FILL_AREA_STYLE ('',( #1223 ) ) ;
#823 = ADVANCED_FACE ( 'NONE', ( #550 ), #1600, .F. ) ;
#824 = AXIS2_PLACEMENT_3D ( 'NONE', #2341, #691, #2353 ) ;
#825 = ADVANCED_FACE ( 'NONE', ( #719 ), #1182, .F. ) ;
#826 = ORIENTED_EDGE ( 'NONE', *, *, #990, .T. ) ;
#827 = EDGE_CURVE ( 'NONE', #473, #890, #2302, .T. ) ;
#828 =( NAMED_UNIT ( * ) SI_UNIT ( $, .STERADIAN. ) SOLID_ANGLE_UNIT ( ) );
#829 = FACE_OUTER_BOUND ( 'NONE', #373, .T. ) ;
#830 = EDGE_LOOP ( 'NONE', ( #2496, #2498 ) ) ;
#831 = DIRECTION ( 'NONE',  ( 1.000000000000000000, 0.000000000000000000, 0.000000000000000000 ) ) ;
#832 = CIRCLE ( 'NONE', #102, 1.314988271469589076 ) ;
#833 = CARTESIAN_POINT ( 'NONE',  ( 6.789616893622680394, 4.686534160532019655, 8.266365894244630389E-16 ) ) ;
#834 = CARTESIAN_POINT ( 'NONE',  ( -1.659656938655315050, -6.733492891570289629, 9.876762071816181055E-16 ) ) ;
#835 = CARTESIAN_POINT ( 'NONE',  ( -6.789616893622610228, 4.686534160532120907, 8.266365894244630389E-16 ) ) ;
#836 = EDGE_LOOP ( 'NONE', ( #144, #2608 ) ) ;
#837 = COLOUR_RGB ( '',0.7921568627450980005, 0.8196078431372548767, 0.9333333333333333481 ) ;
#838 = CARTESIAN_POINT ( 'NONE',  ( 0.000000000000000000, 0.000000000000000000, 2.500000000000000000 ) ) ;
#839 = AXIS2_PLACEMENT_3D ( 'NONE', #835, #2465, #607 ) ;
#840 = AXIS2_PLACEMENT_3D ( 'NONE', #1203, #423, #1425 ) ;
#841 = DIRECTION ( 'NONE',  ( -0.1205366802553335948, -0.9927088740980527515, 0.000000000000000000 ) ) ;
#842 = ADVANCED_FACE ( 'NONE', ( #2171 ), #1582, .T. ) ;
#843 = DIRECTION ( 'NONE',  ( 0.000000000000000000, 0.000000000000000000, 1.000000000000000000 ) ) ;
#844 = VERTEX_POINT ( 'NONE', #1384 ) ;
#845 = CARTESIAN_POINT ( 'NONE',  ( -10.50000000000000000, 1.285879139104722014E-15, -2.500000000000000000 ) ) ;
#846 = DIRECTION ( 'NONE',  ( 0.000000000000000000, 0.000000000000000000, 1.000000000000000000 ) ) ;
#847 = SPHERICAL_SURFACE ( 'NONE', #743, 1.314988271469590186 ) ;
#848 = CARTESIAN_POINT ( 'NONE',  ( 0.000000000000000000, 0.000000000000000000, -2.500000000000000000 ) ) ;
#849 = ORIENTED_EDGE ( 'NONE', *, *, #2374, .F. ) ;
#850 = DIRECTION ( 'NONE',  ( 0.7071067811865535679, 8.659560562354953812E-17, 0.7071067811865415775 ) ) ;
#851 = ORIENTED_EDGE ( 'NONE', *, *, #2325, .T. ) ;
#852 = SPHERICAL_SURFACE ( 'NONE', #1404, 1.314988271469590186 ) ;
#853 = CARTESIAN_POINT ( 'NONE',  ( -8.953296703296699022, 1.096462614950885909E-15, -2.500000000000000000 ) ) ;
#854 = VERTEX_POINT ( 'NONE', #1358 ) ;
#855 = EDGE_CURVE ( 'NONE', #1336, #1422, #997, .T. ) ;
#856 = FACE_OUTER_BOUND ( 'NONE', #2001, .T. ) ;
#857 = CLOSED_SHELL ( 'NONE', ( #1419, #261, #1836, #2149 ) ) ;
#858 = DIRECTION ( 'NONE',  ( 1.000000000000000000, 0.000000000000000000, 0.000000000000000000 ) ) ;
#859 = DIRECTION ( 'NONE',  ( -0.8854560256532160167, -0.4647231720437570157, 0.000000000000000000 ) ) ;
#860 = ORIENTED_EDGE ( 'NONE', *, *, #141, .F. ) ;
#861 = FACE_OUTER_BOUND ( 'NONE', #1688, .T. ) ;
#862 = CARTESIAN_POINT ( 'NONE',  ( 0.000000000000000000, 0.000000000000000000, 1.399999999999999911 ) ) ;
#863 = CIRCLE ( 'NONE', #732, 1.314988271469590853 ) ;
#864 = ORIENTED_EDGE ( 'NONE', *, *, #35, .F. ) ;
#865 = DIRECTION ( 'NONE',  ( 1.000000000000000000, 0.000000000000000000, 0.000000000000000000 ) ) ;
#866 = DIRECTION ( 'NONE',  ( -1.000000000000000000, 0.000000000000000000, 0.000000000000000000 ) ) ;
#867 = EDGE_LOOP ( 'NONE', ( #2247, #1522 ) ) ;
#868 = CARTESIAN_POINT ( 'NONE',  ( 1.974354230372300067, -8.010269993764939755, 8.266365894244630389E-16 ) ) ;
#869 = AXIS2_PLACEMENT_3D ( 'NONE', #2200, #937, #534 ) ;
#870 = CARTESIAN_POINT ( 'NONE',  ( 7.898351648351649601, 0.000000000000000000, 0.1172161172161182013 ) ) ;
#871 = DIRECTION ( 'NONE',  ( 0.000000000000000000, 0.000000000000000000, -1.000000000000000000 ) ) ;
#872 = ORIENTED_EDGE ( 'NONE', *, *, #1282, .F. ) ;
#873 = EDGE_CURVE ( 'NONE', #2647, #2338, #306, .T. ) ;
#874 = CIRCLE ( 'NONE', #2560, 6.250000000000000000 ) ;
#875 = EDGE_LOOP ( 'NONE', ( #1793, #537 ) ) ;
#876 = ADVANCED_FACE ( 'NONE', ( #2616, #310 ), #1141, .F. ) ;
#877 = CIRCLE ( 'NONE', #1523, 1.314988271469590186 ) ;
#878 =( NAMED_UNIT ( * ) PLANE_ANGLE_UNIT ( ) SI_UNIT ( $, .RADIAN. ) );
#879 = CIRCLE ( 'NONE', #918, 1.314988271469587966 ) ;
#880 = FACE_OUTER_BOUND ( 'NONE', #1074, .T. ) ;
#881 = CARTESIAN_POINT ( 'NONE',  ( 6.789616893622680394, 4.686534160532019655, 8.266365894244630389E-16 ) ) ;
#882 = DIRECTION ( 'NONE',  ( 0.000000000000000000, 0.000000000000000000, 1.000000000000000000 ) ) ;
#883 = VERTEX_POINT ( 'NONE', #924 ) ;
#884 = EDGE_CURVE ( 'NONE', #2414, #270, #2369, .T. ) ;
#885 = ORIENTED_EDGE ( 'NONE', *, *, #949, .T. ) ;
#886 = DIRECTION ( 'NONE',  ( 0.000000000000000000, 0.000000000000000000, 1.000000000000000000 ) ) ;
#887 = CARTESIAN_POINT ( 'NONE',  ( 7.546703296703309860, 0.000000000000000000, -2.500000000000000000 ) ) ;
#888 = DIRECTION ( 'NONE',  ( 1.000000000000000000, 0.000000000000000000, 0.000000000000000000 ) ) ;
#889 = FACE_OUTER_BOUND ( 'NONE', #1761, .T. ) ;
#890 = VERTEX_POINT ( 'NONE', #761 ) ;
#891 = ORIENTED_EDGE ( 'NONE', *, *, #1498, .T. ) ;
#892 = PRESENTATION_LAYER_ASSIGNMENT (  '', '', ( #2159 ) ) ;
#893 = EDGE_CURVE ( 'NONE', #1032, #1088, #1268, .T. ) ;
#894 = MECHANICAL_DESIGN_GEOMETRIC_PRESENTATION_REPRESENTATION (  '', ( #1385 ), #1635 ) ;
#895 = CARTESIAN_POINT ( 'NONE',  ( 6.000000000000000000, 0.000000000000000000, -2.500000000000000000 ) ) ;
#896 = SPHERICAL_SURFACE ( 'NONE', #2349, 1.314988271469590186 ) ;
#897 = AXIS2_PLACEMENT_3D ( 'NONE', #958, #1363, #2618 ) ;
#898 = DIRECTION ( 'NONE',  ( 0.9350162426854135012, -0.3546048870425393962, 0.000000000000000000 ) ) ;
#899 = DIRECTION ( 'NONE',  ( -0.7071067811865535679, 0.000000000000000000, 0.7071067811865415775 ) ) ;
#900 = EDGE_CURVE ( 'NONE', #332, #305, #2601, .T. ) ;
#901 = ORIENTED_EDGE ( 'NONE', *, *, #1665, .F. ) ;
#902 = DIRECTION ( 'NONE',  ( 0.000000000000000000, 0.000000000000000000, 1.000000000000000000 ) ) ;
#903 = CIRCLE ( 'NONE', #1267, 8.953296703296699022 ) ;
#904 = LINE ( 'NONE', #2109, #1011 ) ;
#905 = DIRECTION ( 'NONE',  ( 0.000000000000000000, 0.000000000000000000, -1.000000000000000000 ) ) ;
#906 = CARTESIAN_POINT ( 'NONE',  ( 0.000000000000000000, 0.000000000000000000, -2.500000000000000000 ) ) ;
#907 = MECHANICAL_DESIGN_GEOMETRIC_PRESENTATION_REPRESENTATION (  '', ( #1732 ), #530 ) ;
#908 = ORIENTED_EDGE ( 'NONE', *, *, #330, .T. ) ;
#909 = CONICAL_SURFACE ( 'NONE', #2484, 10.25000000000000000, 0.7853981633974433940 ) ;
#910 = DIRECTION ( 'NONE',  ( 0.000000000000000000, 0.000000000000000000, -1.000000000000000000 ) ) ;
#911 = DIRECTION ( 'NONE',  ( 0.7485107481711048560, 0.6631226582407909742, 0.000000000000000000 ) ) ;
#912 = VECTOR ( 'NONE', #693, 1000.000000000000000 ) ;
#913 = AXIS2_PLACEMENT_3D ( 'NONE', #848, #25, #1259 ) ;
#914 = FACE_OUTER_BOUND ( 'NONE', #1114, .T. ) ;
#915 = EDGE_CURVE ( 'NONE', #2323, #1021, #1866, .T. ) ;
#916 = CARTESIAN_POINT ( 'NONE',  ( -8.189848211308939696, 0.9944276121065038776, 8.266365894244630389E-16 ) ) ;
#917 = EDGE_LOOP ( 'NONE', ( #608, #2445, #351, #1329 ) ) ;
#918 = AXIS2_PLACEMENT_3D ( 'NONE', #1599, #360, #1955 ) ;
#919 = DIRECTION ( 'NONE',  ( 0.000000000000000000, -1.000000000000000000, 1.224646799147351482E-16 ) ) ;
#920 = FACE_OUTER_BOUND ( 'NONE', #1109, .T. ) ;
#921 = PLANE ( 'NONE',  #1077 ) ;
#922 = ORIENTED_EDGE ( 'NONE', *, *, #1831, .T. ) ;
#923 = CARTESIAN_POINT ( 'NONE',  ( 7.546703296703309860, 0.000000000000000000, -2.500000000000000000 ) ) ;
#924 = CARTESIAN_POINT ( 'NONE',  ( -8.953296703296699022, 1.096462614950885909E-15, 1.111111111111112049 ) ) ;
#925 = PRESENTATION_STYLE_ASSIGNMENT (( #104 ) ) ;
#926 = FACE_OUTER_BOUND ( 'NONE', #741, .T. ) ;
#927 = ORIENTED_EDGE ( 'NONE', *, *, #74, .T. ) ;
#928 = EDGE_CURVE ( 'NONE', #890, #473, #97, .T. ) ;
#929 = CARTESIAN_POINT ( 'NONE',  ( 3.833966169361100018, 7.305012211638979736, 8.266365894244630389E-16 ) ) ;
#930 = CARTESIAN_POINT ( 'NONE',  ( 1.974354230372300067, -8.010269993764939755, 8.266365894244630389E-16 ) ) ;
#931 = ORIENTED_EDGE ( 'NONE', *, *, #392, .F. ) ;
#932 = CARTESIAN_POINT ( 'NONE',  ( -8.953296703296699022, 1.096462614950885909E-15, -2.500000000000000000 ) ) ;
#933 = CYLINDRICAL_SURFACE ( 'NONE', #447, 7.546703296703309860 ) ;
#934 = ORIENTED_EDGE ( 'NONE', *, *, #2103, .F. ) ;
#935 = SURFACE_SIDE_STYLE ('',( #1590 ) ) ;
#936 = CYLINDRICAL_SURFACE ( 'NONE', #1437, 7.898351648351649601 ) ;
#937 = DIRECTION ( 'NONE',  ( 0.000000000000000000, 0.000000000000000000, 1.000000000000000000 ) ) ;
#938 = COLOUR_RGB ( '',0.7921568627450980005, 0.8196078431372548767, 0.9333333333333333481 ) ;
#939 = CIRCLE ( 'NONE', #2345, 7.546703296703309860 ) ;
#940 = CARTESIAN_POINT ( 'NONE',  ( 0.000000000000000000, 0.000000000000000000, -2.500000000000000000 ) ) ;
#941 = ORIENTED_EDGE ( 'NONE', *, *, #1198, .T. ) ;
#942 = CARTESIAN_POINT ( 'NONE',  ( -7.546703296703309860, 9.242046036422477822E-16, 1.111111111111109828 ) ) ;
#943 = CARTESIAN_POINT ( 'NONE',  ( 0.000000000000000000, 0.000000000000000000, -2.375000000000000000 ) ) ;
#944 = DIRECTION ( 'NONE',  ( 1.000000000000000000, 0.000000000000000000, 0.000000000000000000 ) ) ;
#945 = MANIFOLD_SOLID_BREP ( 'NONE', #2028 ) ;
#946 = CYLINDRICAL_SURFACE ( 'NONE', #2119, 7.546703296703309860 ) ;
#947 = SURFACE_SIDE_STYLE ('',( #1165 ) ) ;
#948 = ORIENTED_EDGE ( 'NONE', *, *, #2221, .T. ) ;
#949 = EDGE_CURVE ( 'NONE', #844, #501, #1812, .T. ) ;
#950 = SPHERICAL_SURFACE ( 'NONE', #292, 1.314988271469590186 ) ;
#951 = CIRCLE ( 'NONE', #146, 1.314988271469590186 ) ;
#952 = MANIFOLD_SOLID_BREP ( 'NONE', #1851 ) ;
#953 = EDGE_CURVE ( 'NONE', #2562, #1013, #1601, .T. ) ;
#954 = CARTESIAN_POINT ( 'NONE',  ( -6.789616893622610228, 4.686534160532120907, 8.266365894244630389E-16 ) ) ;
#955 = CIRCLE ( 'NONE', #233, 1.314988271469590408 ) ;
#956 = CARTESIAN_POINT ( 'NONE',  ( -8.601648351648348623, 1.053398112123725835E-15, 0.1172161172161182013 ) ) ;
#957 = PRESENTATION_LAYER_ASSIGNMENT (  '', '', ( #1138 ) ) ;
#958 = CARTESIAN_POINT ( 'NONE',  ( 0.000000000000000000, 0.000000000000000000, -2.500000000000000000 ) ) ;
#959 = ORIENTED_EDGE ( 'NONE', *, *, #634, .F. ) ;
#960 = CIRCLE ( 'NONE', #1656, 7.898351648351649601 ) ;
#961 = DIRECTION ( 'NONE',  ( 1.000000000000000000, 0.000000000000000000, 0.000000000000000000 ) ) ;
#962 = DIRECTION ( 'NONE',  ( 1.000000000000000000, 0.000000000000000000, 0.000000000000000000 ) ) ;
#963 = CIRCLE ( 'NONE', #1058, 1.314988271469590408 ) ;
#964 = FACE_OUTER_BOUND ( 'NONE', #1098, .T. ) ;
#965 = CARTESIAN_POINT ( 'NONE',  ( -5.707402762363759763, 3.939535681145294621, 9.876762071816181055E-16 ) ) ;
#966 = EDGE_LOOP ( 'NONE', ( #1535, #1617, #61, #2676 ) ) ;
#967 = MANIFOLD_SOLID_BREP ( 'NONE', #2509 ) ;
#968 = EDGE_CURVE ( 'NONE', #2421, #2106, #1947, .T. ) ;
#969 = CARTESIAN_POINT ( 'NONE',  ( 7.546703296703309860, 0.000000000000000000, -2.500000000000000000 ) ) ;
#970 = MANIFOLD_SOLID_BREP ( 'NONE', #1035 ) ;
#971 =( LENGTH_UNIT ( ) NAMED_UNIT ( * ) SI_UNIT ( .MILLI., .METRE. ) );
#972 = DIRECTION ( 'NONE',  ( -0.1205366802553335670, -0.9927088740980527515, 0.000000000000000000 ) ) ;
#973 = ORIENTED_EDGE ( 'NONE', *, *, #1472, .F. ) ;
#974 = FACE_OUTER_BOUND ( 'NONE', #875, .T. ) ;
#975 = CARTESIAN_POINT ( 'NONE',  ( 4.445071690078805204, 8.469376500275030750, 8.266365894244630389E-16 ) ) ;
#976 = CARTESIAN_POINT ( 'NONE',  ( 0.000000000000000000, 0.000000000000000000, -2.500000000000000000 ) ) ;
#977 = ORIENTED_EDGE ( 'NONE', *, *, #1547, .T. ) ;
#978 = SURFACE_STYLE_USAGE ( .BOTH. , #1618 ) ;
#979 = ORIENTED_EDGE ( 'NONE', *, *, #290, .T. ) ;
#980 = EDGE_CURVE ( 'NONE', #2224, #427, #188, .T. ) ;
#981 =( GEOMETRIC_REPRESENTATION_CONTEXT ( 3 ) GLOBAL_UNCERTAINTY_ASSIGNED_CONTEXT ( ( #563 ) ) GLOBAL_UNIT_ASSIGNED_CONTEXT ( ( #195, #417, #796 ) ) REPRESENTATION_CONTEXT ( 'NONE', 'WORKASPACE' ) );
#982 = DIRECTION ( 'NONE',  ( 0.000000000000000000, 0.000000000000000000, -1.000000000000000000 ) ) ;
#983 = ADVANCED_FACE ( 'NONE', ( #2223 ), #2166, .T. ) ;
#984 = CARTESIAN_POINT ( 'NONE',  ( -6.935011728530420250, 8.492939915394129625E-16, 5.947204867513560513E-16 ) ) ;
#985 = VECTOR ( 'NONE', #127, 1000.000000000000000 ) ;
#986 = EDGE_LOOP ( 'NONE', ( #1003, #668 ) ) ;
#987 = AXIS2_PLACEMENT_3D ( 'NONE', #1852, #2064, #2258 ) ;
#988 = CARTESIAN_POINT ( 'NONE',  ( -10.25000000000000000, 1.255262969126040002E-15, 1.399999999999999911 ) ) ;
#989 = SPHERICAL_SURFACE ( 'NONE', #1148, 1.314988271469590186 ) ;
#990 = EDGE_CURVE ( 'NONE', #1013, #2562, #951, .T. ) ;
#991 = FACE_OUTER_BOUND ( 'NONE', #1606, .T. ) ;
#992 = DIRECTION ( 'NONE',  ( 0.7485107481710950861, -0.6631226582408019654, 0.000000000000000000 ) ) ;
#993 = ORIENTED_EDGE ( 'NONE', *, *, #1360, .T. ) ;
#994 = DIRECTION ( 'NONE',  ( 1.000000000000000000, 0.000000000000000000, 0.000000000000000000 ) ) ;
#995 = MANIFOLD_SOLID_BREP ( 'NONE', #2545 ) ;
#996 = EDGE_LOOP ( 'NONE', ( #1505, #1825 ) ) ;
#997 = CIRCLE ( 'NONE', #1514, 1.314988271469590408 ) ;
#998 = DIRECTION ( 'NONE',  ( 1.000000000000000000, 0.000000000000000000, 0.000000000000000000 ) ) ;
#999 = CIRCLE ( 'NONE', #2311, 1.314988271469590408 ) ;
#1000 = FACE_OUTER_BOUND ( 'NONE', #966, .T. ) ;
#1001 = SPHERICAL_SURFACE ( 'NONE', #2472, 1.314988271469590186 ) ;
#1002 = CIRCLE ( 'NONE', #58, 1.314988271469589742 ) ;
#1003 = ORIENTED_EDGE ( 'NONE', *, *, #349, .F. ) ;
#1004 = ADVANCED_FACE ( 'NONE', ( #1755 ), #933, .T. ) ;
#1005 = AXIS2_PLACEMENT_3D ( 'NONE', #355, #2431, #2034 ) ;
#1006 = DIRECTION ( 'NONE',  ( 1.000000000000000000, 0.000000000000000000, 0.000000000000000000 ) ) ;
#1007 = CARTESIAN_POINT ( 'NONE',  ( 10.25000000000000000, 0.000000000000000000, 1.399999999999999911 ) ) ;
#1008 = MANIFOLD_SOLID_BREP ( 'NONE', #1211 ) ;
#1009 = AXIS2_PLACEMENT_3D ( 'NONE', #2661, #1277, #1417 ) ;
#1010 =( NAMED_UNIT ( * ) PLANE_ANGLE_UNIT ( ) SI_UNIT ( $, .RADIAN. ) );
#1011 = VECTOR ( 'NONE', #1327, 1000.000000000000114 ) ;
#1012 = CARTESIAN_POINT ( 'NONE',  ( -5.470761930486609970, -6.175213672411539179, 8.266365894244630389E-16 ) ) ;
#1013 = VERTEX_POINT ( 'NONE', #834 ) ;
#1014 = CARTESIAN_POINT ( 'NONE',  ( -1.974354230372415309, -8.010269993764911334, 8.266365894244630389E-16 ) ) ;
#1015 = AXIS2_PLACEMENT_3D ( 'NONE', #226, #846, #2668 ) ;
#1016 = MANIFOLD_SOLID_BREP ( 'NONE', #87 ) ;
#1017 = ORIENTED_EDGE ( 'NONE', *, *, #269, .T. ) ;
#1018 = DIRECTION ( 'NONE',  ( 0.000000000000000000, 0.000000000000000000, 1.000000000000000000 ) ) ;
#1019 = FILL_AREA_STYLE ('',( #2216 ) ) ;
#1020 = FACE_OUTER_BOUND ( 'NONE', #2466, .T. ) ;
#1021 = VERTEX_POINT ( 'NONE', #965 ) ;
#1022 = DIRECTION ( 'NONE',  ( -1.000000000000000000, 0.000000000000000000, 0.000000000000000000 ) ) ;
#1023 = CARTESIAN_POINT ( 'NONE',  ( 7.546703296703309860, 0.000000000000000000, 1.111111111111109828 ) ) ;
#1024 = EDGE_CURVE ( 'NONE', #2421, #2106, #532, .T. ) ;
#1025 = DIRECTION ( 'NONE',  ( 0.000000000000000000, 0.000000000000000000, -1.000000000000000000 ) ) ;
#1026 = DIRECTION ( 'NONE',  ( -0.2393156642875654272, -0.9709418174260502354, 0.000000000000000000 ) ) ;
#1027 = ORIENTED_EDGE ( 'NONE', *, *, #2055, .T. ) ;
#1028 = ORIENTED_EDGE ( 'NONE', *, *, #2410, .T. ) ;
#1029 = EDGE_CURVE ( 'NONE', #1021, #2323, #999, .T. ) ;
#1030 = SURFACE_STYLE_FILL_AREA ( #1225 ) ;
#1031 = CARTESIAN_POINT ( 'NONE',  ( 0.000000000000000000, 0.000000000000000000, -1.111111111111109828 ) ) ;
#1032 = VERTEX_POINT ( 'NONE', #2237 ) ;
#1033 = DIRECTION ( 'NONE',  ( 0.000000000000000000, 0.000000000000000000, -1.000000000000000000 ) ) ;
#1034 = CARTESIAN_POINT ( 'NONE',  ( 8.189848211308948578, 0.9944276121063889695, 8.266365894244630389E-16 ) ) ;
#1035 = CLOSED_SHELL ( 'NONE', ( #1730, #2419, #2389, #31 ) ) ;
#1036 = AXIS2_PLACEMENT_3D ( 'NONE', #1534, #2552, #1352 ) ;
#1037 = LINE ( 'NONE', #371, #12 ) ;
#1038 = SPHERICAL_SURFACE ( 'NONE', #2650, 1.314988271469590186 ) ;
#1039 = ORIENTED_EDGE ( 'NONE', *, *, #1059, .T. ) ;
#1040 = CARTESIAN_POINT ( 'NONE',  ( -10.50000000000000000, 1.285879139104722014E-15, 1.150000000000024114 ) ) ;
#1041 = AXIS2_PLACEMENT_3D ( 'NONE', #2101, #1845, #1731 ) ;
#1042 = ADVANCED_FACE ( 'NONE', ( #592 ), #620, .T. ) ;
#1043 = ORIENTED_EDGE ( 'NONE', *, *, #1782, .T. ) ;
#1044 = CARTESIAN_POINT ( 'NONE',  ( -7.546703296703309860, 9.242046036422477822E-16, -2.500000000000000000 ) ) ;
#1045 = CARTESIAN_POINT ( 'NONE',  ( -3.833966169361000098, 7.305012211639029474, 8.266365894244630389E-16 ) ) ;
#1046 = EDGE_LOOP ( 'NONE', ( #629, #463 ) ) ;
#1047 = PRESENTATION_LAYER_ASSIGNMENT (  '', '', ( #699 ) ) ;
#1048 = CARTESIAN_POINT ( 'NONE',  ( 5.470761930486530034, -6.175213672411609345, 8.266365894244630389E-16 ) ) ;
#1049 = DIRECTION ( 'NONE',  ( 1.000000000000000000, 0.000000000000000000, 0.000000000000000000 ) ) ;
#1050 = CIRCLE ( 'NONE', #1183, 8.953296703296699022 ) ;
#1051 = CARTESIAN_POINT ( 'NONE',  ( 0.000000000000000000, 0.000000000000000000, 5.947204867513560513E-16 ) ) ;
#1052 = FACE_OUTER_BOUND ( 'NONE', #546, .T. ) ;
#1053 = PRESENTATION_LAYER_ASSIGNMENT (  '', '', ( #1097 ) ) ;
#1054 = DIRECTION ( 'NONE',  ( 0.3546048870425393962, 0.9350162426854135012, -0.000000000000000000 ) ) ;
#1055 = FILL_AREA_STYLE_COLOUR ( '', #938 ) ;
#1056 = CIRCLE ( 'NONE', #1960, 1.314988271469587966 ) ;
#1057 = ORIENTED_EDGE ( 'NONE', *, *, #2325, .F. ) ;
#1058 = AXIS2_PLACEMENT_3D ( 'NONE', #736, #2195, #1791 ) ;
#1059 = EDGE_CURVE ( 'NONE', #587, #1420, #1693, .T. ) ;
#1060 = CARTESIAN_POINT ( 'NONE',  ( 3.833966169361100018, 7.305012211638979736, 8.266365894244630389E-16 ) ) ;
#1061 = EDGE_CURVE ( 'NONE', #2381, #2391, #818, .T. ) ;
#1062 = ORIENTED_EDGE ( 'NONE', *, *, #2152, .F. ) ;
#1063 = CARTESIAN_POINT ( 'NONE',  ( 10.75000000000000000, 0.000000000000000000, 1.399999999999999911 ) ) ;
#1064 = DIRECTION ( 'NONE',  ( 0.000000000000000000, 0.000000000000000000, -1.000000000000000000 ) ) ;
#1065 = LINE ( 'NONE', #1719, #582 ) ;
#1066 = ORIENTED_EDGE ( 'NONE', *, *, #980, .T. ) ;
#1067 = CARTESIAN_POINT ( 'NONE',  ( 0.000000000000000000, 0.000000000000000000, 2.500000000000000000 ) ) ;
#1068 = CARTESIAN_POINT ( 'NONE',  ( 0.000000000000000000, 0.000000000000000000, 2.500000000000000000 ) ) ;
#1069 = PRODUCT_DEFINITION_SHAPE ( 'NONE', 'NONE',  #2342 ) ;
#1070 = ORIENTED_EDGE ( 'NONE', *, *, #1705, .F. ) ;
#1071 = DIRECTION ( 'NONE',  ( 1.000000000000000000, 0.000000000000000000, 0.000000000000000000 ) ) ;
#1072 = EDGE_CURVE ( 'NONE', #2273, #501, #2277, .T. ) ;
#1073 = DIRECTION ( 'NONE',  ( -1.000000000000000000, 1.224646799147353207E-16, 0.000000000000000000 ) ) ;
#1074 = EDGE_LOOP ( 'NONE', ( #2203, #977, #1298, #737 ) ) ;
#1075 = DIRECTION ( 'NONE',  ( 0.7485107481711040789, 0.6631226582407918624, -0.000000000000000000 ) ) ;
#1076 = EDGE_CURVE ( 'NONE', #1292, #1338, #1037, .T. ) ;
#1077 = AXIS2_PLACEMENT_3D ( 'NONE', #527, #905, #1956 ) ;
#1078 = CARTESIAN_POINT ( 'NONE',  ( 10.50000000000000000, 0.000000000000000000, -2.500000000000000000 ) ) ;
#1079 = ADVANCED_FACE ( 'NONE', ( #1220, #1813 ), #1258, .F. ) ;
#1080 = DIRECTION ( 'NONE',  ( -0.4647231720437565716, 0.8854560256532162388, 0.000000000000000000 ) ) ;
#1081 = EDGE_LOOP ( 'NONE', ( #245, #1162 ) ) ;
#1082 = DIRECTION ( 'NONE',  ( 1.000000000000000000, 0.000000000000000000, 0.000000000000000000 ) ) ;
#1083 = CIRCLE ( 'NONE', #2426, 10.25000000000000000 ) ;
#1084 = TOROIDAL_SURFACE ( 'NONE', #2594, 8.250000000000000000, 1.314988271469587966 ) ;
#1085 = ORIENTED_EDGE ( 'NONE', *, *, #2340, .F. ) ;
#1086 = CARTESIAN_POINT ( 'NONE',  ( 10.25000000000000000, 0.000000000000000000, 1.399999999999999911 ) ) ;
#1087 = DIRECTION ( 'NONE',  ( 0.000000000000000000, 0.000000000000000000, 1.000000000000000000 ) ) ;
#1088 = VERTEX_POINT ( 'NONE', #2042 ) ;
#1089 =( NAMED_UNIT ( * ) SI_UNIT ( $, .STERADIAN. ) SOLID_ANGLE_UNIT ( ) );
#1090 = ADVANCED_FACE ( 'NONE', ( #1416 ), #847, .T. ) ;
#1091 = VECTOR ( 'NONE', #213, 1000.000000000000000 ) ;
#1092 = CARTESIAN_POINT ( 'NONE',  ( 10.50000000000000000, 0.000000000000000000, 1.649999999999999911 ) ) ;
#1093 = DIRECTION ( 'NONE',  ( 1.000000000000000000, 0.000000000000000000, 0.000000000000000000 ) ) ;
#1094 = VERTEX_POINT ( 'NONE', #2024 ) ;
#1095 = PRESENTATION_STYLE_ASSIGNMENT (( #1455 ) ) ;
#1096 = AXIS2_PLACEMENT_3D ( 'NONE', #1367, #1189, #712 ) ;
#1097 = STYLED_ITEM ( 'NONE', ( #2232 ), #1850 ) ;
#1098 = EDGE_LOOP ( 'NONE', ( #1294, #662 ) ) ;
#1099 = CIRCLE ( 'NONE', #707, 1.314988271469587966 ) ;
#1100 = CARTESIAN_POINT ( 'NONE',  ( 8.953296703296699022, 0.000000000000000000, -2.375000000000000000 ) ) ;
#1101 = AXIS2_PLACEMENT_3D ( 'NONE', #2564, #2123, #1093 ) ;
#1102 = FACE_OUTER_BOUND ( 'NONE', #2084, .T. ) ;
#1103 = DIRECTION ( 'NONE',  ( 0.000000000000000000, 0.000000000000000000, 1.000000000000000000 ) ) ;
#1104 = CARTESIAN_POINT ( 'NONE',  ( 0.000000000000000000, 0.000000000000000000, -2.500000000000000000 ) ) ;
#1105 = CARTESIAN_POINT ( 'NONE',  ( -5.470761930486609970, -6.175213672411539179, 8.266365894244630389E-16 ) ) ;
#1106 = ORIENTED_EDGE ( 'NONE', *, *, #2204, .T. ) ;
#1107 = ADVANCED_FACE ( 'NONE', ( #991 ), #469, .T. ) ;
#1108 = DIRECTION ( 'NONE',  ( 0.000000000000000000, 0.000000000000000000, 1.000000000000000000 ) ) ;
#1109 = EDGE_LOOP ( 'NONE', ( #193, #2196 ) ) ;
#1110 = ADVANCED_FACE ( 'NONE', ( #1890 ), #572, .T. ) ;
#1111 = DIRECTION ( 'NONE',  ( 1.000000000000000000, 0.000000000000000000, 0.000000000000000000 ) ) ;
#1112 = DIRECTION ( 'NONE',  ( 1.000000000000000000, 0.000000000000000000, 0.000000000000000000 ) ) ;
#1113 = CARTESIAN_POINT ( 'NONE',  ( 0.000000000000000000, 8.953296703296699022, 2.500000000000000000 ) ) ;
#1114 = EDGE_LOOP ( 'NONE', ( #33, #303, #2284, #1222 ) ) ;
#1115 = DIRECTION ( 'NONE',  ( -0.9350162426854180531, -0.3546048870425271282, 0.000000000000000000 ) ) ;
#1116 = DIRECTION ( 'NONE',  ( 1.000000000000000000, 0.000000000000000000, 0.000000000000000000 ) ) ;
#1117 = EDGE_LOOP ( 'NONE', ( #2508, #2666, #2062, #1476 ) ) ;
#1118 = SPHERICAL_SURFACE ( 'NONE', #1548, 1.314988271469590186 ) ;
#1119 = EDGE_LOOP ( 'NONE', ( #461, #2330 ) ) ;
#1120 = DIRECTION ( 'NONE',  ( 0.9927088740980544168, 0.1205366802553199390, 0.000000000000000000 ) ) ;
#1121 = ADVANCED_FACE ( 'NONE', ( #36 ), #1465, .F. ) ;
#1122 = VECTOR ( 'NONE', #298, 1000.000000000000000 ) ;
#1123 = DIRECTION ( 'NONE',  ( -1.000000000000000000, 0.000000000000000000, 0.000000000000000000 ) ) ;
#1124 = DIRECTION ( 'NONE',  ( -0.8854560256532089113, 0.4647231720437703384, 0.000000000000000000 ) ) ;
#1125 = CIRCLE ( 'NONE', #2257, 10.50000000000000000 ) ;
#1126 = LINE ( 'NONE', #708, #1142 ) ;
#1127 = DIRECTION ( 'NONE',  ( 0.3546048870425270727, -0.9350162426854180531, 0.000000000000000000 ) ) ;
#1128 = ORIENTED_EDGE ( 'NONE', *, *, #725, .T. ) ;
#1129 = AXIS2_PLACEMENT_3D ( 'NONE', #60, #1706, #680 ) ;
#1130 = DIRECTION ( 'NONE',  ( 1.000000000000000000, 0.000000000000000000, 0.000000000000000000 ) ) ;
#1131 = STYLED_ITEM ( 'NONE', ( #2393 ), #945 ) ;
#1132 = DIRECTION ( 'NONE',  ( 0.7485107481710950861, -0.6631226582408019654, 0.000000000000000000 ) ) ;
#1133 = ORIENTED_EDGE ( 'NONE', *, *, #2624, .F. ) ;
#1134 = CYLINDRICAL_SURFACE ( 'NONE', #1342, 7.546703296703309860 ) ;
#1135 = AXIS2_PLACEMENT_3D ( 'NONE', #79, #1683, #252 ) ;
#1136 = ORIENTED_EDGE ( 'NONE', *, *, #1782, .F. ) ;
#1137 = AXIS2_PLACEMENT_3D ( 'NONE', #683, #1503, #2346 ) ;
#1138 = STYLED_ITEM ( 'NONE', ( #407 ), #1884 ) ;
#1139 = SPHERICAL_SURFACE ( 'NONE', #453, 1.314988271469590186 ) ;
#1140 = ADVANCED_FACE ( 'NONE', ( #2301 ), #2130, .F. ) ;
#1141 = PLANE ( 'NONE',  #869 ) ;
#1142 = VECTOR ( 'NONE', #1538, 1000.000000000000000 ) ;
#1143 = EDGE_CURVE ( 'NONE', #1094, #71, #2046, .T. ) ;
#1144 = SPHERICAL_SURFACE ( 'NONE', #1279, 1.314988271469590186 ) ;
#1145 = DIRECTION ( 'NONE',  ( -0.9350162426854180531, -0.3546048870425270727, 0.000000000000000000 ) ) ;
#1146 = EDGE_LOOP ( 'NONE', ( #1627, #2218, #2254, #2048 ) ) ;
#1147 = DIRECTION ( 'NONE',  ( 1.000000000000000000, 0.000000000000000000, 0.000000000000000000 ) ) ;
#1148 = AXIS2_PLACEMENT_3D ( 'NONE', #618, #1669, #1436 ) ;
#1149 = ORIENTED_EDGE ( 'NONE', *, *, #1671, .F. ) ;
#1150 = FACE_OUTER_BOUND ( 'NONE', #1441, .T. ) ;
#1151 = SURFACE_STYLE_FILL_AREA ( #768 ) ;
#1152 = EDGE_LOOP ( 'NONE', ( #1371, #2030 ) ) ;
#1153 = CARTESIAN_POINT ( 'NONE',  ( 8.189848211308948578, 0.9944276121063889695, 8.266365894244630389E-16 ) ) ;
#1154 = CARTESIAN_POINT ( 'NONE',  ( 0.000000000000000000, 0.000000000000000000, -2.500000000000000000 ) ) ;
#1155 = DIRECTION ( 'NONE',  ( -0.9350162426854180531, -0.3546048870425270727, 0.000000000000000000 ) ) ;
#1156 = CARTESIAN_POINT ( 'NONE',  ( 8.953296703296699022, 0.000000000000000000, 2.375000000000000000 ) ) ;
#1157 = ORIENTED_EDGE ( 'NONE', *, *, #2674, .T. ) ;
#1158 = ADVANCED_FACE ( 'NONE', ( #442 ), #1925, .F. ) ;
#1159 = CARTESIAN_POINT ( 'NONE',  ( 0.000000000000000000, 8.250000000000000000, 8.266365894244630389E-16 ) ) ;
#1160 = SPHERICAL_SURFACE ( 'NONE', #1406, 1.314988271469590186 ) ;
#1161 = UNCERTAINTY_MEASURE_WITH_UNIT (LENGTH_MEASURE( 1.000000000000000082E-05 ), #1781, 'distance_accuracy_value', 'NONE');
#1162 = ORIENTED_EDGE ( 'NONE', *, *, #1665, .T. ) ;
#1163 = SPHERICAL_SURFACE ( 'NONE', #1989, 1.314988271469590186 ) ;
#1164 = EDGE_CURVE ( 'NONE', #2535, #2375, #2397, .T. ) ;
#1165 = SURFACE_STYLE_FILL_AREA ( #361 ) ;
#1166 = ORIENTED_EDGE ( 'NONE', *, *, #17, .T. ) ;
#1167 = CARTESIAN_POINT ( 'NONE',  ( -3.833966169361000098, 7.305012211639029474, 8.266365894244630389E-16 ) ) ;
#1168 = AXIS2_PLACEMENT_3D ( 'NONE', #2593, #1628, #2085 ) ;
#1169 = CARTESIAN_POINT ( 'NONE',  ( 7.713884002154659747, -2.925490318100949949, 8.266365894244630389E-16 ) ) ;
#1170 = CIRCLE ( 'NONE', #297, 10.25000000000000000 ) ;
#1171 = FACE_OUTER_BOUND ( 'NONE', #56, .T. ) ;
#1172 = ORIENTED_EDGE ( 'NONE', *, *, #577, .F. ) ;
#1173 = FACE_BOUND ( 'NONE', #444, .T. ) ;
#1174 = FACE_OUTER_BOUND ( 'NONE', #917, .T. ) ;
#1175 = CARTESIAN_POINT ( 'NONE',  ( -3.833966169361000098, 7.305012211639029474, 8.266365894244630389E-16 ) ) ;
#1176 = EDGE_CURVE ( 'NONE', #2425, #656, #1276, .T. ) ;
#1177 = VECTOR ( 'NONE', #76, 1000.000000000000000 ) ;
#1178 = EDGE_LOOP ( 'NONE', ( #720, #941 ) ) ;
#1179 = FILL_AREA_STYLE ('',( #325 ) ) ;
#1180 = PRESENTATION_LAYER_ASSIGNMENT (  '', '', ( #2351 ) ) ;
#1181 = VECTOR ( 'NONE', #1204, 1000.000000000000000 ) ;
#1182 = CYLINDRICAL_SURFACE ( 'NONE', #1645, 7.546703296703309860 ) ;
#1183 = AXIS2_PLACEMENT_3D ( 'NONE', #481, #2205, #1130 ) ;
#1184 =( LENGTH_UNIT ( ) NAMED_UNIT ( * ) SI_UNIT ( .MILLI., .METRE. ) );
#1185 = AXIS2_PLACEMENT_3D ( 'NONE', #1728, #731, #1155 ) ;
#1186 = DIRECTION ( 'NONE',  ( -8.120910408566819726E-17, -9.166612918751209458E-17, 1.000000000000000000 ) ) ;
#1187 = EDGE_LOOP ( 'NONE', ( #2298, #1942 ) ) ;
#1188 = CIRCLE ( 'NONE', #62, 8.601648351648348623 ) ;
#1189 = DIRECTION ( 'NONE',  ( -0.8854560256532092444, 0.4647231720437701163, 0.000000000000000000 ) ) ;
#1190 = CARTESIAN_POINT ( 'NONE',  ( 7.546703296703309860, 0.000000000000000000, 2.375000000000000000 ) ) ;
#1191 = CIRCLE ( 'NONE', #1524, 6.000000000000000000 ) ;
#1192 = ADVANCED_FACE ( 'NONE', ( #2549 ), #1314, .T. ) ;
#1193 = ADVANCED_BREP_SHAPE_REPRESENTATION ( 'ASV1_400_19X_1_1.STEP', ( #1867, #75, #66, #82, #1850, #967, #1884, #1016, #78, #995, #44, #970, #945, #122, #952, #1008, #1820, #1888, #1964 ), #1238 ) ;
#1194 = ORIENTED_EDGE ( 'NONE', *, *, #792, .T. ) ;
#1195 = CYLINDRICAL_SURFACE ( 'NONE', #2075, 8.953296703296699022 ) ;
#1196 = ORIENTED_EDGE ( 'NONE', *, *, #915, .F. ) ;
#1197 = FILL_AREA_STYLE ('',( #1620 ) ) ;
#1198 = EDGE_CURVE ( 'NONE', #787, #2405, #1274, .T. ) ;
#1199 = CARTESIAN_POINT ( 'NONE',  ( -6.250000000000000000, 7.654042494670939857E-16, -2.500000000000000000 ) ) ;
#1200 = DIRECTION ( 'NONE',  ( 0.7485107481711040789, 0.6631226582407918624, -0.000000000000000000 ) ) ;
#1201 = EDGE_LOOP ( 'NONE', ( #2540, #1652 ) ) ;
#1202 = DIRECTION ( 'NONE',  ( 0.3546048870425393962, 0.9350162426854135012, -0.000000000000000000 ) ) ;
#1203 = CARTESIAN_POINT ( 'NONE',  ( -6.789616893622610228, 4.686534160532120907, 8.266365894244630389E-16 ) ) ;
#1204 = DIRECTION ( 'NONE',  ( 0.000000000000000000, 0.000000000000000000, -1.000000000000000000 ) ) ;
#1205 = DIRECTION ( 'NONE',  ( 1.000000000000000000, 0.000000000000000000, 0.000000000000000000 ) ) ;
#1206 = EDGE_LOOP ( 'NONE', ( #1518, #316 ) ) ;
#1207 = CARTESIAN_POINT ( 'NONE',  ( 0.000000000000000000, 0.000000000000000000, -2.500000000000000000 ) ) ;
#1208 = EDGE_LOOP ( 'NONE', ( #2471, #973 ) ) ;
#1209 =( NAMED_UNIT ( * ) PLANE_ANGLE_UNIT ( ) SI_UNIT ( $, .RADIAN. ) );
#1210 = EDGE_CURVE ( 'NONE', #305, #2228, #2359, .T. ) ;
#1211 = CLOSED_SHELL ( 'NONE', ( #983, #2015, #2599, #1954, #1470, #375 ) ) ;
#1212 = PRESENTATION_STYLE_ASSIGNMENT (( #2019 ) ) ;
#1213 = DIRECTION ( 'NONE',  ( 0.3546048870425405619, 0.9350162426854131681, 0.000000000000000000 ) ) ;
#1214 = PRESENTATION_LAYER_ASSIGNMENT (  '', '', ( #1385 ) ) ;
#1215 = EDGE_LOOP ( 'NONE', ( #1418, #710, #636, #1413 ) ) ;
#1216 = CIRCLE ( 'NONE', #477, 1.314988271469590186 ) ;
#1217 = CARTESIAN_POINT ( 'NONE',  ( 0.000000000000000000, 8.250000000000000000, 8.266365894244630389E-16 ) ) ;
#1218 = LINE ( 'NONE', #397, #456 ) ;
#1219 = AXIS2_PLACEMENT_3D ( 'NONE', #45, #284, #1286 ) ;
#1220 = FACE_BOUND ( 'NONE', #1915, .T. ) ;
#1221 = SPHERICAL_SURFACE ( 'NONE', #404, 1.314988271469590186 ) ;
#1222 = ORIENTED_EDGE ( 'NONE', *, *, #103, .F. ) ;
#1223 = FILL_AREA_STYLE_COLOUR ( '', #430 ) ;
#1224 = ORIENTED_EDGE ( 'NONE', *, *, #1614, .T. ) ;
#1225 = FILL_AREA_STYLE ('',( #1399 ) ) ;
#1226 = AXIS2_PLACEMENT_3D ( 'NONE', #278, #2320, #51 ) ;
#1227 = EDGE_CURVE ( 'NONE', #2411, #2199, #2557, .T. ) ;
#1228 = CARTESIAN_POINT ( 'NONE',  ( 6.789616893622680394, 4.686534160532019655, 8.266365894244630389E-16 ) ) ;
#1229 = EDGE_CURVE ( 'NONE', #2011, #174, #832, .T. ) ;
#1230 = VERTEX_POINT ( 'NONE', #499 ) ;
#1231 = AXIS2_PLACEMENT_3D ( 'NONE', #77, #1900, #1889 ) ;
#1232 = DIRECTION ( 'NONE',  ( 1.000000000000000000, 0.000000000000000000, -1.007864557116581987E-16 ) ) ;
#1233 = DIRECTION ( 'NONE',  ( 0.000000000000000000, 0.000000000000000000, -1.000000000000000000 ) ) ;
#1234 = AXIS2_PLACEMENT_3D ( 'NONE', #452, #419, #1071 ) ;
#1235 = CIRCLE ( 'NONE', #1919, 6.000000000000000000 ) ;
#1236 = CARTESIAN_POINT ( 'NONE',  ( 7.713884002154659747, -2.925490318100949949, 8.266365894244630389E-16 ) ) ;
#1237 = VERTEX_POINT ( 'NONE', #870 ) ;
#1238 =( GEOMETRIC_REPRESENTATION_CONTEXT ( 3 ) GLOBAL_UNCERTAINTY_ASSIGNED_CONTEXT ( ( #1328 ) ) GLOBAL_UNIT_ASSIGNED_CONTEXT ( ( #1729, #277, #1089 ) ) REPRESENTATION_CONTEXT ( 'NONE', 'WORKASPACE' ) );
#1239 = EDGE_LOOP ( 'NONE', ( #197, #2280 ) ) ;
#1240 = DIRECTION ( 'NONE',  ( 0.000000000000000000, 0.000000000000000000, 1.000000000000000000 ) ) ;
#1241 = ORIENTED_EDGE ( 'NONE', *, *, #900, .T. ) ;
#1242 = CARTESIAN_POINT ( 'NONE',  ( 7.713884002154659747, -2.925490318100949949, 8.266365894244630389E-16 ) ) ;
#1243 = FACE_OUTER_BOUND ( 'NONE', #108, .T. ) ;
#1244 = ADVANCED_FACE ( 'NONE', ( #1697 ), #2531, .T. ) ;
#1245 = CARTESIAN_POINT ( 'NONE',  ( -6.789616893622610228, 4.686534160532120907, 8.266365894244630389E-16 ) ) ;
#1246 = DIRECTION ( 'NONE',  ( -0.1205366802553335948, -0.9927088740980527515, 0.000000000000000000 ) ) ;
#1247 = ORIENTED_EDGE ( 'NONE', *, *, #2305, .F. ) ;
#1248 = DIRECTION ( 'NONE',  ( 0.2393156642875517714, -0.9709418174260535661, 0.000000000000000000 ) ) ;
#1249 = FILL_AREA_STYLE ('',( #2649 ) ) ;
#1250 = EDGE_LOOP ( 'NONE', ( #934, #2350 ) ) ;
#1251 = CARTESIAN_POINT ( 'NONE',  ( -8.189848211308939696, 0.9944276121065038776, 8.266365894244630389E-16 ) ) ;
#1252 = DIRECTION ( 'NONE',  ( -0.4647231720437570157, 0.8854560256532159057, 0.000000000000000000 ) ) ;
#1253 = ORIENTED_EDGE ( 'NONE', *, *, #248, .T. ) ;
#1254 = FACE_BOUND ( 'NONE', #1815, .T. ) ;
#1255 = CARTESIAN_POINT ( 'NONE',  ( 0.000000000000000000, 0.000000000000000000, 2.250000000000000000 ) ) ;
#1256 = CLOSED_SHELL ( 'NONE', ( #206, #155, #531, #123 ) ) ;
#1257 =( GEOMETRIC_REPRESENTATION_CONTEXT ( 3 ) GLOBAL_UNCERTAINTY_ASSIGNED_CONTEXT ( ( #2565 ) ) GLOBAL_UNIT_ASSIGNED_CONTEXT ( ( #246, #1485, #1917 ) ) REPRESENTATION_CONTEXT ( 'NONE', 'WORKASPACE' ) );
#1258 = PLANE ( 'NONE',  #1516 ) ;
#1259 = DIRECTION ( 'NONE',  ( 1.000000000000000000, 0.000000000000000000, 0.000000000000000000 ) ) ;
#1260 = VERTEX_POINT ( 'NONE', #1092 ) ;
#1261 = EDGE_CURVE ( 'NONE', #1260, #2491, #357, .T. ) ;
#1262 = CARTESIAN_POINT ( 'NONE',  ( 0.000000000000000000, 8.953296703296699022, -1.314988271469587966 ) ) ;
#1263 = SURFACE_SIDE_STYLE ('',( #2125 ) ) ;
#1264 = AXIS2_PLACEMENT_3D ( 'NONE', #1262, #1468, #2306 ) ;
#1265 = EDGE_CURVE ( 'NONE', #1610, #83, #701, .T. ) ;
#1266 = ORIENTED_EDGE ( 'NONE', *, *, #1921, .T. ) ;
#1267 = AXIS2_PLACEMENT_3D ( 'NONE', #1991, #1785, #519 ) ;
#1268 = CIRCLE ( 'NONE', #98, 1.314988271469589520 ) ;
#1269 =( LENGTH_UNIT ( ) NAMED_UNIT ( * ) SI_UNIT ( .MILLI., .METRE. ) );
#1270 = FACE_OUTER_BOUND ( 'NONE', #1278, .T. ) ;
#1271 = CARTESIAN_POINT ( 'NONE',  ( 3.222860648643400161, 6.140647923002930497, 9.876762071816181055E-16 ) ) ;
#1272 = ORIENTED_EDGE ( 'NONE', *, *, #740, .F. ) ;
#1273 = DIRECTION ( 'NONE',  ( 0.000000000000000000, 0.000000000000000000, -1.000000000000000000 ) ) ;
#1274 = CIRCLE ( 'NONE', #2603, 1.314988271469590408 ) ;
#1275 = CIRCLE ( 'NONE', #1871, 7.546703296703309860 ) ;
#1276 = LINE ( 'NONE', #2517, #57 ) ;
#1277 = DIRECTION ( 'NONE',  ( 0.7485107481710949751, -0.6631226582408020764, 0.000000000000000000 ) ) ;
#1278 = EDGE_LOOP ( 'NONE', ( #471, #2475 ) ) ;
#1279 = AXIS2_PLACEMENT_3D ( 'NONE', #1169, #119, #898 ) ;
#1280 = CARTESIAN_POINT ( 'NONE',  ( 8.953296703296699022, 0.000000000000000000, -2.500000000000000000 ) ) ;
#1281 =( NAMED_UNIT ( * ) PLANE_ANGLE_UNIT ( ) SI_UNIT ( $, .RADIAN. ) );
#1282 = EDGE_CURVE ( 'NONE', #2053, #883, #1050, .T. ) ;
#1283 = ORIENTED_EDGE ( 'NONE', *, *, #949, .F. ) ;
#1284 = AXIS2_PLACEMENT_3D ( 'NONE', #2590, #2630, #526 ) ;
#1285 = EDGE_CURVE ( 'NONE', #2647, #2338, #359, .T. ) ;
#1286 = DIRECTION ( 'NONE',  ( 1.000000000000000000, 0.000000000000000000, 0.000000000000000000 ) ) ;
#1287 = ORIENTED_EDGE ( 'NONE', *, *, #1288, .T. ) ;
#1288 = EDGE_CURVE ( 'NONE', #787, #2405, #1432, .T. ) ;
#1289 = DIRECTION ( 'NONE',  ( -1.000000000000000000, 0.000000000000000000, 0.000000000000000000 ) ) ;
#1290 = DIRECTION ( 'NONE',  ( 0.000000000000000000, 0.000000000000000000, 1.000000000000000000 ) ) ;
#1291 = LINE ( 'NONE', #53, #671 ) ;
#1292 = VERTEX_POINT ( 'NONE', #333 ) ;
#1293 = DIRECTION ( 'NONE',  ( 0.000000000000000000, 0.000000000000000000, -1.000000000000000000 ) ) ;
#1294 = ORIENTED_EDGE ( 'NONE', *, *, #515, .F. ) ;
#1295 = CARTESIAN_POINT ( 'NONE',  ( -6.789616893622610228, 4.686534160532120907, 8.266365894244630389E-16 ) ) ;
#1296 = ADVANCED_FACE ( 'NONE', ( #766 ), #1530, .T. ) ;
#1297 = CARTESIAN_POINT ( 'NONE',  ( -5.470761930486609970, -6.175213672411539179, 8.266365894244630389E-16 ) ) ;
#1298 = ORIENTED_EDGE ( 'NONE', *, *, #240, .F. ) ;
#1299 = CARTESIAN_POINT ( 'NONE',  ( 0.000000000000000000, 0.000000000000000000, 0.1172161172161182013 ) ) ;
#1300 = COLOUR_RGB ( '',0.7921568627450980005, 0.8196078431372548767, 0.9333333333333333481 ) ;
#1301 = CARTESIAN_POINT ( 'NONE',  ( 3.833966169361100018, 7.305012211638979736, 8.266365894244630389E-16 ) ) ;
#1302 = DIRECTION ( 'NONE',  ( 0.000000000000000000, 0.000000000000000000, -1.000000000000000000 ) ) ;
#1303 = ORIENTED_EDGE ( 'NONE', *, *, #2169, .F. ) ;
#1304 = FILL_AREA_STYLE ('',( #1055 ) ) ;
#1305 = PRESENTATION_LAYER_ASSIGNMENT (  '', '', ( #520 ) ) ;
#1306 = CIRCLE ( 'NONE', #2512, 6.000000000000000000 ) ;
#1307 = EDGE_LOOP ( 'NONE', ( #1427, #908 ) ) ;
#1308 = SURFACE_STYLE_FILL_AREA ( #1499 ) ;
#1309 = LINE ( 'NONE', #1678, #2087 ) ;
#1310 = EDGE_CURVE ( 'NONE', #2199, #2411, #1952, .T. ) ;
#1311 = DIRECTION ( 'NONE',  ( 0.000000000000000000, 0.000000000000000000, 1.000000000000000000 ) ) ;
#1312 = COLOUR_RGB ( '',0.7921568627450980005, 0.8196078431372548767, 0.9333333333333333481 ) ;
#1313 = ADVANCED_FACE ( 'NONE', ( #553 ), #1574, .T. ) ;
#1314 = CONICAL_SURFACE ( 'NONE', #1429, 10.50000000000000000, 0.7853981633974568277 ) ;
#1315 = CARTESIAN_POINT ( 'NONE',  ( 1.974354230372300067, -8.010269993764939755, 8.266365894244630389E-16 ) ) ;
#1316 = DIRECTION ( 'NONE',  ( -0.8854560256532089113, 0.4647231720437703384, 0.000000000000000000 ) ) ;
#1317 = EDGE_LOOP ( 'NONE', ( #851, #612 ) ) ;
#1318 = CARTESIAN_POINT ( 'NONE',  ( 0.000000000000000000, 0.000000000000000000, 1.150000000000024114 ) ) ;
#1319 = AXIS2_PLACEMENT_3D ( 'NONE', #1716, #643, #2356 ) ;
#1320 = EDGE_CURVE ( 'NONE', #2501, #364, #2225, .T. ) ;
#1321 = ORIENTED_EDGE ( 'NONE', *, *, #84, .F. ) ;
#1322 = CIRCLE ( 'NONE', #1742, 1.314988271469590408 ) ;
#1323 = DIRECTION ( 'NONE',  ( 0.7485107481710949751, -0.6631226582408020764, 0.000000000000000000 ) ) ;
#1324 = CARTESIAN_POINT ( 'NONE',  ( -6.000000000000000000, 7.347880794884119736E-16, -2.250000000000000000 ) ) ;
#1325 = ORIENTED_EDGE ( 'NONE', *, *, #1265, .T. ) ;
#1326 = DIRECTION ( 'NONE',  ( 0.000000000000000000, -1.000000000000000000, -1.189060788869130317E-16 ) ) ;
#1327 = DIRECTION ( 'NONE',  ( 0.7071067811865365815, 0.000000000000000000, -0.7071067811865584529 ) ) ;
#1328 = UNCERTAINTY_MEASURE_WITH_UNIT (LENGTH_MEASURE( 1.000000000000000082E-05 ), #1729, 'distance_accuracy_value', 'NONE');
#1329 = ORIENTED_EDGE ( 'NONE', *, *, #2055, .F. ) ;
#1330 = FACE_OUTER_BOUND ( 'NONE', #2016, .T. ) ;
#1331 = ADVANCED_FACE ( 'NONE', ( #1173, #1996 ), #151, .F. ) ;
#1332 = VERTEX_POINT ( 'NONE', #2589 ) ;
#1333 = SPHERICAL_SURFACE ( 'NONE', #1359, 1.314988271469590186 ) ;
#1334 = CARTESIAN_POINT ( 'NONE',  ( -8.189848211308939696, 0.9944276121065038776, 8.266365894244630389E-16 ) ) ;
#1335 = DIRECTION ( 'NONE',  ( 0.000000000000000000, 0.000000000000000000, 1.000000000000000000 ) ) ;
#1336 = VERTEX_POINT ( 'NONE', #508 ) ;
#1337 = CARTESIAN_POINT ( 'NONE',  ( 0.000000000000000000, 0.000000000000000000, 2.250000000000000000 ) ) ;
#1338 = VERTEX_POINT ( 'NONE', #942 ) ;
#1339 = SPHERICAL_SURFACE ( 'NONE', #136, 1.314988271469590186 ) ;
#1340 = EDGE_CURVE ( 'NONE', #510, #687, #1275, .T. ) ;
#1341 = ORIENTED_EDGE ( 'NONE', *, *, #377, .F. ) ;
#1342 = AXIS2_PLACEMENT_3D ( 'NONE', #512, #724, #2386 ) ;
#1343 = CIRCLE ( 'NONE', #1682, 1.314988271469581749 ) ;
#1344 = LINE ( 'NONE', #895, #1569 ) ;
#1345 = CARTESIAN_POINT ( 'NONE',  ( 5.470761930486530034, -6.175213672411609345, 8.266365894244630389E-16 ) ) ;
#1346 = AXIS2_PLACEMENT_3D ( 'NONE', #812, #1431, #2272 ) ;
#1347 = DIRECTION ( 'NONE',  ( 1.000000000000000000, 0.000000000000000000, 0.000000000000000000 ) ) ;
#1348 = ORIENTED_EDGE ( 'NONE', *, *, #968, .T. ) ;
#1349 = CARTESIAN_POINT ( 'NONE',  ( 1.974354230372300067, -8.010269993764939755, 8.266365894244630389E-16 ) ) ;
#1350 = AXIS2_PLACEMENT_3D ( 'NONE', #1849, #1646, #799 ) ;
#1351 = FACE_OUTER_BOUND ( 'NONE', #129, .T. ) ;
#1352 = DIRECTION ( 'NONE',  ( 1.000000000000000000, 0.000000000000000000, 0.000000000000000000 ) ) ;
#1353 = DIRECTION ( 'NONE',  ( 1.000000000000000000, 0.000000000000000000, 0.000000000000000000 ) ) ;
#1354 = ORIENTED_EDGE ( 'NONE', *, *, #596, .F. ) ;
#1355 = AXIS2_PLACEMENT_3D ( 'NONE', #1217, #1022, #381 ) ;
#1356 = DIRECTION ( 'NONE',  ( 1.000000000000000000, 0.000000000000000000, 0.000000000000000000 ) ) ;
#1357 = DIRECTION ( 'NONE',  ( -1.000000000000000000, 0.000000000000000000, 0.000000000000000000 ) ) ;
#1358 = CARTESIAN_POINT ( 'NONE',  ( 6.250000000000000000, 7.654042494670939857E-16, 2.500000000000000000 ) ) ;
#1359 = AXIS2_PLACEMENT_3D ( 'NONE', #293, #1123, #2376 ) ;
#1360 = EDGE_CURVE ( 'NONE', #2651, #597, #2132, .T. ) ;
#1361 = TOROIDAL_SURFACE ( 'NONE', #1826, 8.250000000000000000, 1.314988271469590186 ) ;
#1362 = FACE_OUTER_BOUND ( 'NONE', #750, .T. ) ;
#1363 = DIRECTION ( 'NONE',  ( 0.000000000000000000, 0.000000000000000000, -1.000000000000000000 ) ) ;
#1364 = EDGE_CURVE ( 'NONE', #501, #844, #2312, .T. ) ;
#1365 = ORIENTED_EDGE ( 'NONE', *, *, #248, .F. ) ;
#1366 = CIRCLE ( 'NONE', #2188, 1.314988271469590408 ) ;
#1367 = CARTESIAN_POINT ( 'NONE',  ( 3.833966169361100018, 7.305012211638979736, 8.266365894244630389E-16 ) ) ;
#1368 = CARTESIAN_POINT ( 'NONE',  ( 1.659656938655214908, -6.733492891570309169, 9.876762071816181055E-16 ) ) ;
#1369 = CARTESIAN_POINT ( 'NONE',  ( 0.000000000000000000, 8.953296703296699022, 1.314988271469590186 ) ) ;
#1370 = DIRECTION ( 'NONE',  ( 0.9709418174260502354, -0.2393156642875655660, 0.000000000000000000 ) ) ;
#1371 = ORIENTED_EDGE ( 'NONE', *, *, #1198, .F. ) ;
#1372 = FACE_OUTER_BOUND ( 'NONE', #1239, .T. ) ;
#1373 = DIRECTION ( 'NONE',  ( 0.000000000000000000, 0.000000000000000000, -1.000000000000000000 ) ) ;
#1374 = CARTESIAN_POINT ( 'NONE',  ( -10.25000000000000000, 1.255262969126040002E-15, 1.399999999999999911 ) ) ;
#1375 = ADVANCED_FACE ( 'NONE', ( #137 ), #525, .T. ) ;
#1376 = CARTESIAN_POINT ( 'NONE',  ( 8.189848211308948578, 0.9944276121063889695, 8.266365894244630389E-16 ) ) ;
#1377 = ADVANCED_FACE ( 'NONE', ( #1969 ), #909, .T. ) ;
#1378 = EDGE_LOOP ( 'NONE', ( #1447, #581, #247, #1398 ) ) ;
#1379 = DIRECTION ( 'NONE',  ( 0.7485107481710950861, -0.6631226582408019654, 0.000000000000000000 ) ) ;
#1380 = CARTESIAN_POINT ( 'NONE',  ( 0.000000000000000000, 0.000000000000000000, -2.500000000000000000 ) ) ;
#1381 = DIRECTION ( 'NONE',  ( -0.4647231720437570157, 0.8854560256532159057, 0.000000000000000000 ) ) ;
#1382 = EDGE_LOOP ( 'NONE', ( #2613, #1854 ) ) ;
#1383 = CLOSED_SHELL ( 'NONE', ( #1121, #2333, #1158, #398, #1700, #1110, #2502, #762, #666, #161, #876, #1551, #772, #1544, #1377, #2189, #1192, #1331, #424, #363, #70, #264 ) ) ;
#1384 = CARTESIAN_POINT ( 'NONE',  ( 7.898351648351649601, 0.000000000000000000, -0.1172161172161163972 ) ) ;
#1385 = STYLED_ITEM ( 'NONE', ( #1095 ), #82 ) ;
#1386 = AXIS2_PLACEMENT_3D ( 'NONE', #379, #2036, #601 ) ;
#1387 = CARTESIAN_POINT ( 'NONE',  ( 0.000000000000000000, 0.000000000000000000, 8.266365894244630389E-16 ) ) ;
#1388 = EDGE_LOOP ( 'NONE', ( #90, #337 ) ) ;
#1389 = EDGE_CURVE ( 'NONE', #69, #405, #2524, .T. ) ;
#1390 = DIRECTION ( 'NONE',  ( 0.9709418174260536771, 0.2393156642875514384, -0.000000000000000000 ) ) ;
#1391 = DIRECTION ( 'NONE',  ( 1.000000000000000000, 0.000000000000000000, -1.215717745149354417E-16 ) ) ;
#1392 = CARTESIAN_POINT ( 'NONE',  ( 0.000000000000000000, 0.000000000000000000, -2.500000000000000000 ) ) ;
#1393 = SURFACE_STYLE_USAGE ( .BOTH. , #947 ) ;
#1394 = ORIENTED_EDGE ( 'NONE', *, *, #788, .T. ) ;
#1395 = DIRECTION ( 'NONE',  ( 1.000000000000000000, 0.000000000000000000, 0.000000000000000000 ) ) ;
#1396 = EDGE_CURVE ( 'NONE', #2405, #787, #2092, .T. ) ;
#1397 = STYLED_ITEM ( 'NONE', ( #2082 ), #1016 ) ;
#1398 = ORIENTED_EDGE ( 'NONE', *, *, #2308, .T. ) ;
#1399 = FILL_AREA_STYLE_COLOUR ( '', #1997 ) ;
#1400 = AXIS2_PLACEMENT_3D ( 'NONE', #369, #1414, #831 ) ;
#1401 = AXIS2_PLACEMENT_3D ( 'NONE', #495, #34, #1477 ) ;
#1402 = CARTESIAN_POINT ( 'NONE',  ( -7.713884002154699715, -2.925490318100844700, 8.266365894244630389E-16 ) ) ;
#1403 = ORIENTED_EDGE ( 'NONE', *, *, #2270, .T. ) ;
#1404 = AXIS2_PLACEMENT_3D ( 'NONE', #1295, #2487, #465 ) ;
#1405 = DIRECTION ( 'NONE',  ( 0.9927088740980544168, 0.1205366802553199390, 0.000000000000000000 ) ) ;
#1406 = AXIS2_PLACEMENT_3D ( 'NONE', #2162, #1132, #753 ) ;
#1407 = CIRCLE ( 'NONE', #626, 1.314988271469590186 ) ;
#1408 = DIRECTION ( 'NONE',  ( 0.6631226582407918624, -0.7485107481711040789, 0.000000000000000000 ) ) ;
#1409 = EDGE_LOOP ( 'NONE', ( #1712, #1894 ) ) ;
#1410 = EDGE_CURVE ( 'NONE', #787, #2405, #1002, .T. ) ;
#1411 = ORIENTED_EDGE ( 'NONE', *, *, #1966, .F. ) ;
#1412 = PLANE ( 'NONE',  #987 ) ;
#1413 = ORIENTED_EDGE ( 'NONE', *, *, #482, .T. ) ;
#1414 = DIRECTION ( 'NONE',  ( 0.000000000000000000, 0.000000000000000000, 1.000000000000000000 ) ) ;
#1415 = LINE ( 'NONE', #1007, #1489 ) ;
#1416 = FACE_OUTER_BOUND ( 'NONE', #1119, .T. ) ;
#1417 = DIRECTION ( 'NONE',  ( -0.6631226582408019654, -0.7485107481710951971, 0.000000000000000000 ) ) ;
#1418 = ORIENTED_EDGE ( 'NONE', *, *, #2489, .T. ) ;
#1419 = ADVANCED_FACE ( 'NONE', ( #2629 ), #2461, .T. ) ;
#1420 = VERTEX_POINT ( 'NONE', #804 ) ;
#1421 = CARTESIAN_POINT ( 'NONE',  ( -7.546703296703309860, 9.242046036422477822E-16, -1.111111111111109828 ) ) ;
#1422 = VERTEX_POINT ( 'NONE', #1638 ) ;
#1423 = CONICAL_SURFACE ( 'NONE', #2427, 10.50000000000000000, 0.7853981633974568277 ) ;
#1424 = CARTESIAN_POINT ( 'NONE',  ( 0.000000000000000000, 0.000000000000000000, 1.314988271469590186 ) ) ;
#1425 = DIRECTION ( 'NONE',  ( -1.000000000000000000, 0.000000000000000000, 0.000000000000000000 ) ) ;
#1426 = DIRECTION ( 'NONE',  ( 0.000000000000000000, 0.000000000000000000, 1.000000000000000000 ) ) ;
#1427 = ORIENTED_EDGE ( 'NONE', *, *, #1681, .F. ) ;
#1428 = ORIENTED_EDGE ( 'NONE', *, *, #128, .T. ) ;
#1429 = AXIS2_PLACEMENT_3D ( 'NONE', #1718, #1290, #67 ) ;
#1430 = EDGE_CURVE ( 'NONE', #883, #2053, #312, .T. ) ;
#1431 = DIRECTION ( 'NONE',  ( 0.000000000000000000, 0.000000000000000000, -1.000000000000000000 ) ) ;
#1432 = CIRCLE ( 'NONE', #535, 1.314988271469590408 ) ;
#1433 = ORIENTED_EDGE ( 'NONE', *, *, #2469, .T. ) ;
#1434 = CIRCLE ( 'NONE', #1231, 11.50000000000000000 ) ;
#1435 = CARTESIAN_POINT ( 'NONE',  ( 0.000000000000000000, 0.000000000000000000, -2.500000000000000000 ) ) ;
#1436 = DIRECTION ( 'NONE',  ( 0.000000000000000000, 1.000000000000000000, 0.000000000000000000 ) ) ;
#1437 = AXIS2_PLACEMENT_3D ( 'NONE', #1154, #718, #548 ) ;
#1438 = DIRECTION ( 'NONE',  ( -1.007864557116571879E-16, 6.956786737927740234E-17, 1.000000000000000000 ) ) ;
#1439 = VECTOR ( 'NONE', #302, 1000.000000000000000 ) ;
#1440 = FACE_OUTER_BOUND ( 'NONE', #1839, .T. ) ;
#1441 = EDGE_LOOP ( 'NONE', ( #2065, #54, #1679, #2385 ) ) ;
#1442 = CARTESIAN_POINT ( 'NONE',  ( 0.000000000000000000, 0.000000000000000000, -2.500000000000000000 ) ) ;
#1443 = FILL_AREA_STYLE ('',( #2442 ) ) ;
#1444 = ORIENTED_EDGE ( 'NONE', *, *, #1979, .F. ) ;
#1445 = SPHERICAL_SURFACE ( 'NONE', #580, 1.314988271469590186 ) ;
#1446 = DIRECTION ( 'NONE',  ( -0.4647231720437565716, 0.8854560256532162388, 0.000000000000000000 ) ) ;
#1447 = ORIENTED_EDGE ( 'NONE', *, *, #1176, .T. ) ;
#1448 = EDGE_CURVE ( 'NONE', #1848, #291, #874, .T. ) ;
#1449 = DIRECTION ( 'NONE',  ( 0.000000000000000000, 0.000000000000000000, 1.000000000000000000 ) ) ;
#1450 = CYLINDRICAL_SURFACE ( 'NONE', #279, 6.000000000000000000 ) ;
#1451 = DIRECTION ( 'NONE',  ( 0.9927088740980543058, 0.1205366802553199390, 0.000000000000000000 ) ) ;
#1452 = CYLINDRICAL_SURFACE ( 'NONE', #913, 10.50000000000000000 ) ;
#1453 = ORIENTED_EDGE ( 'NONE', *, *, #631, .T. ) ;
#1454 = FACE_BOUND ( 'NONE', #1201, .T. ) ;
#1455 = SURFACE_STYLE_USAGE ( .BOTH. , #1263 ) ;
#1456 = ORIENTED_EDGE ( 'NONE', *, *, #118, .T. ) ;
#1457 = FACE_OUTER_BOUND ( 'NONE', #149, .T. ) ;
#1458 = DIRECTION ( 'NONE',  ( 0.9350162426854128350, -0.3546048870425406729, 0.000000000000000000 ) ) ;
#1459 = ORIENTED_EDGE ( 'NONE', *, *, #1513, .F. ) ;
#1460 = COLOUR_RGB ( '',0.7921568627450980005, 0.8196078431372548767, 0.9333333333333333481 ) ;
#1461 = CARTESIAN_POINT ( 'NONE',  ( 0.000000000000000000, 0.000000000000000000, 1.111111111111109828 ) ) ;
#1462 = PRESENTATION_LAYER_ASSIGNMENT (  '', '', ( #134 ) ) ;
#1463 = ADVANCED_FACE ( 'NONE', ( #1624 ), #201, .T. ) ;
#1464 = CIRCLE ( 'NONE', #300, 6.250000000000000000 ) ;
#1465 = CYLINDRICAL_SURFACE ( 'NONE', #1604, 8.953296703296699022 ) ;
#1466 = DIRECTION ( 'NONE',  ( 0.3546048870425405619, 0.9350162426854131681, 0.000000000000000000 ) ) ;
#1467 = EDGE_LOOP ( 'NONE', ( #979, #1515 ) ) ;
#1468 = DIRECTION ( 'NONE',  ( 0.000000000000000000, 0.000000000000000000, -1.000000000000000000 ) ) ;
#1469 = AXIS2_PLACEMENT_3D ( 'NONE', #314, #1186, #2202 ) ;
#1470 = ADVANCED_FACE ( 'NONE', ( #1254, #2285 ), #2667, .F. ) ;
#1471 = ORIENTED_EDGE ( 'NONE', *, *, #1261, .T. ) ;
#1472 = EDGE_CURVE ( 'NONE', #2338, #2647, #1911, .T. ) ;
#1473 = VECTOR ( 'NONE', #1758, 1000.000000000000000 ) ;
#1474 = FACE_OUTER_BOUND ( 'NONE', #2398, .T. ) ;
#1475 = DIRECTION ( 'NONE',  ( -0.2393156642875654272, -0.9709418174260502354, 0.000000000000000000 ) ) ;
#1476 = ORIENTED_EDGE ( 'NONE', *, *, #774, .F. ) ;
#1477 = DIRECTION ( 'NONE',  ( 1.000000000000000000, 0.000000000000000000, 0.000000000000000000 ) ) ;
#1478 = AXIS2_PLACEMENT_3D ( 'NONE', #1349, #1390, #2161 ) ;
#1479 = AXIS2_PLACEMENT_3D ( 'NONE', #881, #1707, #1512 ) ;
#1480 = DIRECTION ( 'NONE',  ( 0.000000000000000000, 0.000000000000000000, -1.000000000000000000 ) ) ;
#1481 = DIRECTION ( 'NONE',  ( -0.5680647467311541465, 0.8229838658936576845, 0.000000000000000000 ) ) ;
#1482 = EDGE_LOOP ( 'NONE', ( #2623, #1325 ) ) ;
#1483 = AXIS2_PLACEMENT_3D ( 'NONE', #491, #1323, #744 ) ;
#1484 = LINE ( 'NONE', #1280, #1122 ) ;
#1485 =( NAMED_UNIT ( * ) PLANE_ANGLE_UNIT ( ) SI_UNIT ( $, .RADIAN. ) );
#1486 = VECTOR ( 'NONE', #910, 1000.000000000000000 ) ;
#1487 = EDGE_CURVE ( 'NONE', #1495, #270, #665, .T. ) ;
#1488 = ORIENTED_EDGE ( 'NONE', *, *, #613, .F. ) ;
#1489 = VECTOR ( 'NONE', #2261, 999.9999999999998863 ) ;
#1490 = SPHERICAL_SURFACE ( 'NONE', #483, 1.314988271469590186 ) ;
#1491 = ORIENTED_EDGE ( 'NONE', *, *, #2269, .F. ) ;
#1492 = DIRECTION ( 'NONE',  ( 0.000000000000000000, 0.000000000000000000, -1.000000000000000000 ) ) ;
#1493 = CARTESIAN_POINT ( 'NONE',  ( -7.713884002154699715, -2.925490318100844700, 8.266365894244630389E-16 ) ) ;
#1494 = FACE_OUTER_BOUND ( 'NONE', #1710, .T. ) ;
#1495 = VERTEX_POINT ( 'NONE', #2260 ) ;
#1496 = CARTESIAN_POINT ( 'NONE',  ( 0.000000000000000000, 0.000000000000000000, 5.947204867513560513E-16 ) ) ;
#1497 = EDGE_LOOP ( 'NONE', ( #1456, #700, #1775, #573 ) ) ;
#1498 = EDGE_CURVE ( 'NONE', #1995, #2228, #1738, .T. ) ;
#1499 = FILL_AREA_STYLE ('',( #30 ) ) ;
#1500 = LINE ( 'NONE', #476, #1177 ) ;
#1501 = DIRECTION ( 'NONE',  ( 1.000000000000000000, 0.000000000000000000, 0.000000000000000000 ) ) ;
#1502 = CIRCLE ( 'NONE', #688, 6.250000000000000000 ) ;
#1503 = DIRECTION ( 'NONE',  ( 0.000000000000000000, 0.000000000000000000, -1.000000000000000000 ) ) ;
#1504 = CARTESIAN_POINT ( 'NONE',  ( -8.953296703296699022, 1.096462614950885909E-15, -2.500000000000000000 ) ) ;
#1505 = ORIENTED_EDGE ( 'NONE', *, *, #855, .F. ) ;
#1506 = CARTESIAN_POINT ( 'NONE',  ( 0.000000000000000000, 8.250000000000000000, 8.266365894244630389E-16 ) ) ;
#1507 = AXIS2_PLACEMENT_3D ( 'NONE', #838, #2072, #623 ) ;
#1508 = ORIENTED_EDGE ( 'NONE', *, *, #1061, .T. ) ;
#1509 = DIRECTION ( 'NONE',  ( 0.000000000000000000, 1.000000000000000000, 0.000000000000000000 ) ) ;
#1510 = DIRECTION ( 'NONE',  ( 1.000000000000000000, 0.000000000000000000, 0.000000000000000000 ) ) ;
#1511 = VECTOR ( 'NONE', #1886, 1000.000000000000000 ) ;
#1512 = DIRECTION ( 'NONE',  ( 0.8229838658936575735, 0.5680647467311541465, 0.000000000000000000 ) ) ;
#1513 = EDGE_CURVE ( 'NONE', #255, #1983, #1818, .T. ) ;
#1514 = AXIS2_PLACEMENT_3D ( 'NONE', #1167, #117, #2625 ) ;
#1515 = ORIENTED_EDGE ( 'NONE', *, *, #1873, .T. ) ;
#1516 = AXIS2_PLACEMENT_3D ( 'NONE', #1842, #2439, #24 ) ;
#1517 = DIRECTION ( 'NONE',  ( 0.000000000000000000, 0.000000000000000000, -1.000000000000000000 ) ) ;
#1518 = ORIENTED_EDGE ( 'NONE', *, *, #2221, .F. ) ;
#1519 = SPHERICAL_SURFACE ( 'NONE', #2510, 1.314988271469590186 ) ;
#1520 = AXIS2_PLACEMENT_3D ( 'NONE', #2372, #1379, #721 ) ;
#1521 = MECHANICAL_DESIGN_GEOMETRIC_PRESENTATION_REPRESENTATION (  '', ( #1097 ), #2403 ) ;
#1522 = ORIENTED_EDGE ( 'NONE', *, *, #1143, .F. ) ;
#1523 = AXIS2_PLACEMENT_3D ( 'NONE', #2128, #2525, #273 ) ;
#1524 = AXIS2_PLACEMENT_3D ( 'NONE', #1337, #2539, #1116 ) ;
#1525 = DIRECTION ( 'NONE',  ( 0.6631226582407910852, -0.7485107481711047450, 0.000000000000000000 ) ) ;
#1526 = DIRECTION ( 'NONE',  ( 0.000000000000000000, 0.000000000000000000, -1.000000000000000000 ) ) ;
#1527 = DIRECTION ( 'NONE',  ( 1.000000000000000000, 0.000000000000000000, 0.000000000000000000 ) ) ;
#1528 = ORIENTED_EDGE ( 'NONE', *, *, #1831, .F. ) ;
#1529 = EDGE_CURVE ( 'NONE', #1974, #1951, #2477, .T. ) ;
#1530 = SPHERICAL_SURFACE ( 'NONE', #2441, 1.314988271469590186 ) ;
#1531 = DIRECTION ( 'NONE',  ( 0.000000000000000000, 0.000000000000000000, 1.000000000000000000 ) ) ;
#1532 = UNCERTAINTY_MEASURE_WITH_UNIT (LENGTH_MEASURE( 1.000000000000000082E-05 ), #2049, 'distance_accuracy_value', 'NONE');
#1533 = ORIENTED_EDGE ( 'NONE', *, *, #599, .F. ) ;
#1534 = CARTESIAN_POINT ( 'NONE',  ( 0.000000000000000000, 0.000000000000000000, -1.314988271469587966 ) ) ;
#1535 = ORIENTED_EDGE ( 'NONE', *, *, #2559, .T. ) ;
#1536 = DIRECTION ( 'NONE',  ( 0.000000000000000000, 0.000000000000000000, -1.000000000000000000 ) ) ;
#1537 = CARTESIAN_POINT ( 'NONE',  ( 0.000000000000000000, 8.250000000000000000, 8.266365894244630389E-16 ) ) ;
#1538 = DIRECTION ( 'NONE',  ( 0.000000000000000000, 0.000000000000000000, -1.000000000000000000 ) ) ;
#1539 = CARTESIAN_POINT ( 'NONE',  ( 6.342760448618910196, -7.159496527325540427, 8.266365894244630389E-16 ) ) ;
#1540 = ORIENTED_EDGE ( 'NONE', *, *, #893, .F. ) ;
#1541 = CARTESIAN_POINT ( 'NONE',  ( 0.000000000000000000, 0.000000000000000000, 2.375000000000000000 ) ) ;
#1542 = FACE_OUTER_BOUND ( 'NONE', #1497, .T. ) ;
#1543 = ORIENTED_EDGE ( 'NONE', *, *, #2327, .T. ) ;
#1544 = ADVANCED_FACE ( 'NONE', ( #2248 ), #189, .T. ) ;
#1545 = DIRECTION ( 'NONE',  ( 0.000000000000000000, 0.000000000000000000, 1.000000000000000000 ) ) ;
#1546 = VERTEX_POINT ( 'NONE', #988 ) ;
#1547 = EDGE_CURVE ( 'NONE', #854, #418, #1958, .T. ) ;
#1548 = AXIS2_PLACEMENT_3D ( 'NONE', #1941, #1999, #2415 ) ;
#1549 = CIRCLE ( 'NONE', #2120, 7.546703296703309860 ) ;
#1550 = CARTESIAN_POINT ( 'NONE',  ( 5.470761930486530034, -6.175213672411609345, 8.266365894244630389E-16 ) ) ;
#1551 = ADVANCED_FACE ( 'NONE', ( #630 ), #2265, .F. ) ;
#1552 = SURFACE_STYLE_FILL_AREA ( #2417 ) ;
#1553 = CIRCLE ( 'NONE', #1346, 1.314988271469590408 ) ;
#1554 = SPHERICAL_SURFACE ( 'NONE', #1821, 1.314988271469590186 ) ;
#1555 = ORIENTED_EDGE ( 'NONE', *, *, #2576, .F. ) ;
#1556 = DIRECTION ( 'NONE',  ( 0.2393156642875517714, -0.9709418174260535661, 0.000000000000000000 ) ) ;
#1557 =( GEOMETRIC_REPRESENTATION_CONTEXT ( 3 ) GLOBAL_UNCERTAINTY_ASSIGNED_CONTEXT ( ( #2361 ) ) GLOBAL_UNIT_ASSIGNED_CONTEXT ( ( #2032, #1209, #1631 ) ) REPRESENTATION_CONTEXT ( 'NONE', 'WORKASPACE' ) );
#1558 = CARTESIAN_POINT ( 'NONE',  ( 0.000000000000000000, 0.000000000000000000, 4.336808689942014778E-16 ) ) ;
#1559 = VERTEX_POINT ( 'NONE', #1654 ) ;
#1560 = CARTESIAN_POINT ( 'NONE',  ( -3.833966169361000098, 7.305012211639029474, 8.266365894244630389E-16 ) ) ;
#1561 = AXIS2_PLACEMENT_3D ( 'NONE', #1104, #2334, #858 ) ;
#1562 =( NAMED_UNIT ( * ) PLANE_ANGLE_UNIT ( ) SI_UNIT ( $, .RADIAN. ) );
#1563 = ORIENTED_EDGE ( 'NONE', *, *, #2238, .F. ) ;
#1564 = AXIS2_PLACEMENT_3D ( 'NONE', #2056, #1033, #396 ) ;
#1565 = EDGE_CURVE ( 'NONE', #1420, #2638, #272, .T. ) ;
#1566 = COLOUR_RGB ( '',0.7921568627450980005, 0.8196078431372548767, 0.9333333333333333481 ) ;
#1567 = CARTESIAN_POINT ( 'NONE',  ( -8.943419394919590815, -3.391791585567565104, 8.266365894244630389E-16 ) ) ;
#1568 = DIRECTION ( 'NONE',  ( 8.120910408566700164E-17, -9.166612918751319159E-17, 1.000000000000000000 ) ) ;
#1569 = VECTOR ( 'NONE', #1536, 1000.000000000000000 ) ;
#1570 = AXIS2_PLACEMENT_3D ( 'NONE', #1105, #509, #1698 ) ;
#1571 = DIRECTION ( 'NONE',  ( 0.000000000000000000, 0.000000000000000000, 1.000000000000000000 ) ) ;
#1572 = FACE_OUTER_BOUND ( 'NONE', #765, .T. ) ;
#1573 = ORIENTED_EDGE ( 'NONE', *, *, #84, .T. ) ;
#1574 = SPHERICAL_SURFACE ( 'NONE', #1520, 1.314988271469590186 ) ;
#1575 = CYLINDRICAL_SURFACE ( 'NONE', #2141, 10.25000000000000000 ) ;
#1576 = DIRECTION ( 'NONE',  ( 0.7071067811865410224, 0.000000000000000000, -0.7071067811865540120 ) ) ;
#1577 = DIRECTION ( 'NONE',  ( 0.000000000000000000, 0.000000000000000000, -1.000000000000000000 ) ) ;
#1578 = DIRECTION ( 'NONE',  ( 1.000000000000000000, 0.000000000000000000, 0.000000000000000000 ) ) ;
#1579 = ORIENTED_EDGE ( 'NONE', *, *, #311, .T. ) ;
#1580 = DIRECTION ( 'NONE',  ( 0.8229838658936575735, 0.5680647467311541465, 0.000000000000000000 ) ) ;
#1581 = EDGE_CURVE ( 'NONE', #174, #2011, #955, .T. ) ;
#1582 = SPHERICAL_SURFACE ( 'NONE', #2041, 1.314988271469590186 ) ;
#1583 = CARTESIAN_POINT ( 'NONE',  ( 0.000000000000000000, 0.000000000000000000, 1.649999999999999911 ) ) ;
#1584 = ORIENTED_EDGE ( 'NONE', *, *, #1472, .T. ) ;
#1585 = DIRECTION ( 'NONE',  ( 0.000000000000000000, 1.224646799147351975E-16, 1.000000000000000000 ) ) ;
#1586 = CARTESIAN_POINT ( 'NONE',  ( -6.000000000000000000, 0.000000000000000000, 2.250000000000000000 ) ) ;
#1587 = ADVANCED_FACE ( 'NONE', ( #2451, #974 ), #2299, .F. ) ;
#1588 = PRESENTATION_STYLE_ASSIGNMENT (( #2198 ) ) ;
#1589 = ORIENTED_EDGE ( 'NONE', *, *, #1921, .F. ) ;
#1590 = SURFACE_STYLE_FILL_AREA ( #1179 ) ;
#1591 = MECHANICAL_DESIGN_GEOMETRIC_PRESENTATION_REPRESENTATION (  '', ( #2209 ), #1985 ) ;
#1592 =( NAMED_UNIT ( * ) PLANE_ANGLE_UNIT ( ) SI_UNIT ( $, .RADIAN. ) );
#1593 =( NAMED_UNIT ( * ) PLANE_ANGLE_UNIT ( ) SI_UNIT ( $, .RADIAN. ) );
#1594 = CIRCLE ( 'NONE', #46, 1.314988271469587966 ) ;
#1595 = ORIENTED_EDGE ( 'NONE', *, *, #2210, .T. ) ;
#1596 = CIRCLE ( 'NONE', #1687, 7.546703296703309860 ) ;
#1597 = ADVANCED_FACE ( 'NONE', ( #2080 ), #2503, .T. ) ;
#1598 = CARTESIAN_POINT ( 'NONE',  ( 0.000000000000000000, 0.000000000000000000, -2.500000000000000000 ) ) ;
#1599 = CARTESIAN_POINT ( 'NONE',  ( 8.189848211308948578, 0.9944276121063889695, 8.266365894244630389E-16 ) ) ;
#1600 = CONICAL_SURFACE ( 'NONE', #437, 6.250000000000000000, 0.7853981633974391752 ) ;
#1601 = CIRCLE ( 'NONE', #658, 1.314988271469590186 ) ;
#1602 = SURFACE_STYLE_USAGE ( .BOTH. , #2183 ) ;
#1603 = ORIENTED_EDGE ( 'NONE', *, *, #1285, .T. ) ;
#1604 = AXIS2_PLACEMENT_3D ( 'NONE', #459, #1064, #1913 ) ;
#1605 = AXIS2_PLACEMENT_3D ( 'NONE', #1670, #882, #1708 ) ;
#1606 = EDGE_LOOP ( 'NONE', ( #1584, #228 ) ) ;
#1607 = AXIS2_PLACEMENT_3D ( 'NONE', #2563, #301, #961 ) ;
#1608 =( NAMED_UNIT ( * ) SI_UNIT ( $, .STERADIAN. ) SOLID_ANGLE_UNIT ( ) );
#1609 = LINE ( 'NONE', #19, #183 ) ;
#1610 = VERTEX_POINT ( 'NONE', #673 ) ;
#1611 = CARTESIAN_POINT ( 'NONE',  ( 6.789616893622680394, 4.686534160532019655, 8.266365894244630389E-16 ) ) ;
#1612 = DIRECTION ( 'NONE',  ( 0.000000000000000000, 0.000000000000000000, -1.000000000000000000 ) ) ;
#1613 = AXIS2_PLACEMENT_3D ( 'NONE', #1735, #1316, #244 ) ;
#1614 = EDGE_CURVE ( 'NONE', #2638, #1338, #1651, .T. ) ;
#1615 = FILL_AREA_STYLE ('',( #1877 ) ) ;
#1616 = DIRECTION ( 'NONE',  ( -1.000000000000000000, 0.000000000000000000, 0.000000000000000000 ) ) ;
#1617 = ORIENTED_EDGE ( 'NONE', *, *, #884, .T. ) ;
#1618 = SURFACE_SIDE_STYLE ('',( #2045 ) ) ;
#1619 = ORIENTED_EDGE ( 'NONE', *, *, #855, .T. ) ;
#1620 = FILL_AREA_STYLE_COLOUR ( '', #2172 ) ;
#1621 = SURFACE_STYLE_FILL_AREA ( #2626 ) ;
#1622 = CARTESIAN_POINT ( 'NONE',  ( 0.000000000000000000, 0.000000000000000000, 2.375000000000000000 ) ) ;
#1623 = ORIENTED_EDGE ( 'NONE', *, *, #410, .F. ) ;
#1624 = FACE_OUTER_BOUND ( 'NONE', #1307, .T. ) ;
#1625 = CYLINDRICAL_SURFACE ( 'NONE', #241, 6.000000000000000000 ) ;
#1626 = CARTESIAN_POINT ( 'NONE',  ( 8.953296703296699022, 0.000000000000000000, 1.314988271469590186 ) ) ;
#1627 = ORIENTED_EDGE ( 'NONE', *, *, #1979, .T. ) ;
#1628 = DIRECTION ( 'NONE',  ( 1.145064648755475843E-16, -4.342657398786549203E-17, 1.000000000000000000 ) ) ;
#1629 = EDGE_CURVE ( 'NONE', #1763, #2326, #2357, .T. ) ;
#1630 = ORIENTED_EDGE ( 'NONE', *, *, #560, .F. ) ;
#1631 =( NAMED_UNIT ( * ) SI_UNIT ( $, .STERADIAN. ) SOLID_ANGLE_UNIT ( ) );
#1632 = CLOSED_SHELL ( 'NONE', ( #1140, #464, #823, #2639, #2615, #219, #1647, #1004, #1079, #216, #2521, #1786, #1, #706, #2548, #263 ) ) ;
#1633 = EDGE_CURVE ( 'NONE', #20, #2151, #251, .T. ) ;
#1634 = SPHERICAL_SURFACE ( 'NONE', #2167, 1.314988271469590186 ) ;
#1635 =( GEOMETRIC_REPRESENTATION_CONTEXT ( 3 ) GLOBAL_UNCERTAINTY_ASSIGNED_CONTEXT ( ( #1829 ) ) GLOBAL_UNIT_ASSIGNED_CONTEXT ( ( #686, #268, #677 ) ) REPRESENTATION_CONTEXT ( 'NONE', 'WORKASPACE' ) );
#1636 = ORIENTED_EDGE ( 'NONE', *, *, #311, .F. ) ;
#1637 = AXIS2_PLACEMENT_3D ( 'NONE', #2482, #1335, #1527 ) ;
#1638 = CARTESIAN_POINT ( 'NONE',  ( -4.445071690078685300, 8.469376500275080488, 8.266365894244630389E-16 ) ) ;
#1639 = CARTESIAN_POINT ( 'NONE',  ( -1.974354230372415309, -8.010269993764911334, 8.266365894244630389E-16 ) ) ;
#1640 = ORIENTED_EDGE ( 'NONE', *, *, #1210, .F. ) ;
#1641 = CARTESIAN_POINT ( 'NONE',  ( 0.000000000000000000, 0.000000000000000000, 1.399999999999999911 ) ) ;
#1642 = DIRECTION ( 'NONE',  ( 0.000000000000000000, 0.000000000000000000, 1.000000000000000000 ) ) ;
#1643 = AXIS2_PLACEMENT_3D ( 'NONE', #1896, #2144, #866 ) ;
#1644 = EDGE_LOOP ( 'NONE', ( #959, #1043, #820, #769 ) ) ;
#1645 = AXIS2_PLACEMENT_3D ( 'NONE', #101, #1794, #1945 ) ;
#1646 = DIRECTION ( 'NONE',  ( 0.000000000000000000, 0.000000000000000000, -1.000000000000000000 ) ) ;
#1647 = ADVANCED_FACE ( 'NONE', ( #457 ), #493, .F. ) ;
#1648 =( GEOMETRIC_REPRESENTATION_CONTEXT ( 3 ) GLOBAL_UNCERTAINTY_ASSIGNED_CONTEXT ( ( #2643 ) ) GLOBAL_UNIT_ASSIGNED_CONTEXT ( ( #143, #513, #384 ) ) REPRESENTATION_CONTEXT ( 'NONE', 'WORKASPACE' ) );
#1649 = FILL_AREA_STYLE_COLOUR ( '', #1566 ) ;
#1650 = DIRECTION ( 'NONE',  ( 1.000000000000000000, 0.000000000000000000, 0.000000000000000000 ) ) ;
#1651 = CIRCLE ( 'NONE', #490, 7.546703296703309860 ) ;
#1652 = ORIENTED_EDGE ( 'NONE', *, *, #1360, .F. ) ;
#1653 = COLOUR_RGB ( '',0.7921568627450980005, 0.8196078431372548767, 0.9333333333333333481 ) ;
#1654 = CARTESIAN_POINT ( 'NONE',  ( 8.953296703296699022, 0.000000000000000000, 2.500000000000000000 ) ) ;
#1655 = CARTESIAN_POINT ( 'NONE',  ( 0.000000000000000000, 0.000000000000000000, -2.500000000000000000 ) ) ;
#1656 = AXIS2_PLACEMENT_3D ( 'NONE', #1879, #1833, #2495 ) ;
#1657 =( LENGTH_UNIT ( ) NAMED_UNIT ( * ) SI_UNIT ( .MILLI., .METRE. ) );
#1658 = AXIS2_PLACEMENT_3D ( 'NONE', #212, #412, #604 ) ;
#1659 = CARTESIAN_POINT ( 'NONE',  ( 0.000000000000000000, 0.000000000000000000, 1.314988271469590186 ) ) ;
#1660 = ORIENTED_EDGE ( 'NONE', *, *, #690, .T. ) ;
#1661 = DIRECTION ( 'NONE',  ( 1.000000000000000000, 0.000000000000000000, 0.000000000000000000 ) ) ;
#1662 = CARTESIAN_POINT ( 'NONE',  ( 0.000000000000000000, 0.000000000000000000, -2.500000000000000000 ) ) ;
#1663 = VERTEX_POINT ( 'NONE', #1063 ) ;
#1664 = FACE_OUTER_BOUND ( 'NONE', #624, .T. ) ;
#1665 = EDGE_CURVE ( 'NONE', #1789, #2381, #16, .T. ) ;
#1666 = DIRECTION ( 'NONE',  ( -0.5680647467311539245, 0.8229838658936577955, 0.000000000000000000 ) ) ;
#1667 = ORIENTED_EDGE ( 'NONE', *, *, #1513, .T. ) ;
#1668 = CARTESIAN_POINT ( 'NONE',  ( 0.000000000000000000, 0.000000000000000000, 4.336808689942014778E-16 ) ) ;
#1669 = DIRECTION ( 'NONE',  ( -1.000000000000000000, 0.000000000000000000, 0.000000000000000000 ) ) ;
#1670 = CARTESIAN_POINT ( 'NONE',  ( 0.000000000000000000, 0.000000000000000000, 1.649999999999999911 ) ) ;
#1671 = EDGE_CURVE ( 'NONE', #157, #2151, #1434, .T. ) ;
#1672 = DIRECTION ( 'NONE',  ( 0.000000000000000000, 0.000000000000000000, -1.000000000000000000 ) ) ;
#1673 = ORIENTED_EDGE ( 'NONE', *, *, #106, .F. ) ;
#1674 = DIRECTION ( 'NONE',  ( 0.000000000000000000, -1.000000000000000000, 0.000000000000000000 ) ) ;
#1675 =( LENGTH_UNIT ( ) NAMED_UNIT ( * ) SI_UNIT ( .MILLI., .METRE. ) );
#1676 = ORIENTED_EDGE ( 'NONE', *, *, #2210, .F. ) ;
#1677 =( NAMED_UNIT ( * ) SI_UNIT ( $, .STERADIAN. ) SOLID_ANGLE_UNIT ( ) );
#1678 = CARTESIAN_POINT ( 'NONE',  ( -8.601648351648348623, 1.053398112123725835E-15, -2.500000000000000000 ) ) ;
#1679 = ORIENTED_EDGE ( 'NONE', *, *, #2542, .F. ) ;
#1680 = SPHERICAL_SURFACE ( 'NONE', #194, 1.314988271469590186 ) ;
#1681 = EDGE_CURVE ( 'NONE', #2411, #2199, #2648, .T. ) ;
#1682 = AXIS2_PLACEMENT_3D ( 'NONE', #2077, #1213, #1458 ) ;
#1683 = DIRECTION ( 'NONE',  ( 0.000000000000000000, 0.000000000000000000, -1.000000000000000000 ) ) ;
#1684 = CARTESIAN_POINT ( 'NONE',  ( 8.953296703296699022, 0.000000000000000000, -1.314988271469587966 ) ) ;
#1685 = EDGE_LOOP ( 'NONE', ( #2628, #1253, #204, #1736 ) ) ;
#1686 = CARTESIAN_POINT ( 'NONE',  ( 0.000000000000000000, 0.000000000000000000, -2.500000000000000000 ) ) ;
#1687 = AXIS2_PLACEMENT_3D ( 'NONE', #1031, #2656, #1650 ) ;
#1688 = EDGE_LOOP ( 'NONE', ( #2014, #2371 ) ) ;
#1689 = AXIS2_PLACEMENT_3D ( 'NONE', #328, #1568, #504 ) ;
#1690 = DIRECTION ( 'NONE',  ( 0.000000000000000000, 0.000000000000000000, -1.000000000000000000 ) ) ;
#1691 = LINE ( 'NONE', #2105, #388 ) ;
#1692 = ORIENTED_EDGE ( 'NONE', *, *, #232, .T. ) ;
#1693 = CIRCLE ( 'NONE', #1909, 6.935011728530420250 ) ;
#1694 = FACE_OUTER_BOUND ( 'NONE', #324, .T. ) ;
#1695 = AXIS2_PLACEMENT_3D ( 'NONE', #1798, #1449, #2275 ) ;
#1696 = VECTOR ( 'NONE', #1526, 1000.000000000000000 ) ;
#1697 = FACE_OUTER_BOUND ( 'NONE', #830, .T. ) ;
#1698 = DIRECTION ( 'NONE',  ( -0.6631226582408019654, -0.7485107481710950861, 0.000000000000000000 ) ) ;
#1699 = ORIENTED_EDGE ( 'NONE', *, *, #2596, .F. ) ;
#1700 = ADVANCED_FACE ( 'NONE', ( #2332 ), #242, .T. ) ;
#1701 = AXIS2_PLACEMENT_3D ( 'NONE', #729, #2392, #2187 ) ;
#1702 = FACE_OUTER_BOUND ( 'NONE', #1208, .T. ) ;
#1703 = AXIS2_PLACEMENT_3D ( 'NONE', #2147, #253, #288 ) ;
#1704 = ORIENTED_EDGE ( 'NONE', *, *, #968, .F. ) ;
#1705 = EDGE_CURVE ( 'NONE', #332, #1995, #682, .T. ) ;
#1706 = DIRECTION ( 'NONE',  ( 0.000000000000000000, 0.000000000000000000, 1.000000000000000000 ) ) ;
#1707 = DIRECTION ( 'NONE',  ( -0.5680647467311541465, 0.8229838658936576845, 0.000000000000000000 ) ) ;
#1708 = DIRECTION ( 'NONE',  ( 1.000000000000000000, 0.000000000000000000, 0.000000000000000000 ) ) ;
#1709 = CARTESIAN_POINT ( 'NONE',  ( -7.871831024881458916, 5.433532639918950302, 8.266365894244630389E-16 ) ) ;
#1710 = EDGE_LOOP ( 'NONE', ( #1904, #1266, #1444, #26 ) ) ;
#1711 = DIRECTION ( 'NONE',  ( 1.000000000000000000, 0.000000000000000000, 0.000000000000000000 ) ) ;
#1712 = ORIENTED_EDGE ( 'NONE', *, *, #392, .T. ) ;
#1713 = ADVANCED_FACE ( 'NONE', ( #1694 ), #1680, .T. ) ;
#1714 = CARTESIAN_POINT ( 'NONE',  ( 0.000000000000000000, 0.000000000000000000, -0.1172161172161163972 ) ) ;
#1715 = CARTESIAN_POINT ( 'NONE',  ( -1.974354230372415309, -8.010269993764911334, 8.266365894244630389E-16 ) ) ;
#1716 = CARTESIAN_POINT ( 'NONE',  ( 0.000000000000000000, 8.953296703296699022, 2.375000000000000000 ) ) ;
#1717 = CIRCLE ( 'NONE', #256, 7.546703296703309860 ) ;
#1718 = CARTESIAN_POINT ( 'NONE',  ( 0.000000000000000000, 0.000000000000000000, -2.250000000000000000 ) ) ;
#1719 = CARTESIAN_POINT ( 'NONE',  ( -7.546703296703309860, 9.242046036422477822E-16, -2.500000000000000000 ) ) ;
#1720 = EDGE_LOOP ( 'NONE', ( #2440, #289, #1589, #488 ) ) ;
#1721 = SURFACE_STYLE_FILL_AREA ( #638 ) ;
#1722 = CIRCLE ( 'NONE', #1507, 8.953296703296699022 ) ;
#1723 = ORIENTED_EDGE ( 'NONE', *, *, #2278, .F. ) ;
#1724 = DIRECTION ( 'NONE',  ( -0.8229838658936495799, 0.5680647467311655818, 0.000000000000000000 ) ) ;
#1725 = EDGE_CURVE ( 'NONE', #597, #2551, #2116, .T. ) ;
#1726 = FACE_OUTER_BOUND ( 'NONE', #2193, .T. ) ;
#1727 = CONICAL_SURFACE ( 'NONE', #7, 10.75000000000000000, 0.7853981633974320697 ) ;
#1728 = CARTESIAN_POINT ( 'NONE',  ( -7.713884002154699715, -2.925490318100844700, 8.266365894244630389E-16 ) ) ;
#1729 =( LENGTH_UNIT ( ) NAMED_UNIT ( * ) SI_UNIT ( .MILLI., .METRE. ) );
#1730 = ADVANCED_FACE ( 'NONE', ( #856 ), #262, .T. ) ;
#1731 = DIRECTION ( 'NONE',  ( -0.9350162426854180531, -0.3546048870425271282, 0.000000000000000000 ) ) ;
#1732 = STYLED_ITEM ( 'NONE', ( #739 ), #970 ) ;
#1733 = ORIENTED_EDGE ( 'NONE', *, *, #269, .F. ) ;
#1734 = CARTESIAN_POINT ( 'NONE',  ( 3.833966169361100018, 7.305012211638979736, 8.266365894244630389E-16 ) ) ;
#1735 = CARTESIAN_POINT ( 'NONE',  ( 3.833966169361100018, 7.305012211638979736, 8.266365894244630389E-16 ) ) ;
#1736 = ORIENTED_EDGE ( 'NONE', *, *, #788, .F. ) ;
#1737 = CARTESIAN_POINT ( 'NONE',  ( -6.484348609389810392, -2.459189050634125184, 9.876762071816181055E-16 ) ) ;
#1738 = CIRCLE ( 'NONE', #1400, 10.50000000000000000 ) ;
#1739 = PRESENTATION_LAYER_ASSIGNMENT (  '', '', ( #2182 ) ) ;
#1740 = ORIENTED_EDGE ( 'NONE', *, *, #1807, .T. ) ;
#1741 = FACE_OUTER_BOUND ( 'NONE', #685, .T. ) ;
#1742 = AXIS2_PLACEMENT_3D ( 'NONE', #1550, #2170, #1357 ) ;
#1743 = LINE ( 'NONE', #2154, #1486 ) ;
#1744 = CIRCLE ( 'NONE', #406, 8.601648351648348623 ) ;
#1745 = EDGE_CURVE ( 'NONE', #656, #1848, #468, .T. ) ;
#1746 = LINE ( 'NONE', #2418, #1696 ) ;
#1747 = SPHERICAL_SURFACE ( 'NONE', #1806, 1.314988271469590186 ) ;
#1748 = ORIENTED_EDGE ( 'NONE', *, *, #1581, .F. ) ;
#1749 = EDGE_CURVE ( 'NONE', #507, #2073, #2005, .T. ) ;
#1750 = DIRECTION ( 'NONE',  ( -0.9350162426854180531, -0.3546048870425270727, 0.000000000000000000 ) ) ;
#1751 = DIRECTION ( 'NONE',  ( 0.000000000000000000, 0.000000000000000000, -1.000000000000000000 ) ) ;
#1752 = ORIENTED_EDGE ( 'NONE', *, *, #599, .T. ) ;
#1753 = LINE ( 'NONE', #932, #985 ) ;
#1754 = ADVANCED_FACE ( 'NONE', ( #505 ), #1554, .T. ) ;
#1755 = FACE_OUTER_BOUND ( 'NONE', #239, .T. ) ;
#1756 = ORIENTED_EDGE ( 'NONE', *, *, #1581, .T. ) ;
#1757 = DIRECTION ( 'NONE',  ( 0.000000000000000000, 0.000000000000000000, -1.000000000000000000 ) ) ;
#1758 = DIRECTION ( 'NONE',  ( 0.000000000000000000, 0.000000000000000000, -1.000000000000000000 ) ) ;
#1759 = CARTESIAN_POINT ( 'NONE',  ( 0.000000000000000000, 0.000000000000000000, -2.375000000000000000 ) ) ;
#1760 = DIRECTION ( 'NONE',  ( -0.1205366802553199390, 0.9927088740980544168, 0.000000000000000000 ) ) ;
#1761 = EDGE_LOOP ( 'NONE', ( #1623, #1667 ) ) ;
#1762 = DIRECTION ( 'NONE',  ( 0.4647231720437703384, 0.8854560256532089113, 0.000000000000000000 ) ) ;
#1763 = VERTEX_POINT ( 'NONE', #296 ) ;
#1764 = DIRECTION ( 'NONE',  ( 1.000000000000000000, 0.000000000000000000, 0.000000000000000000 ) ) ;
#1765 = EDGE_CURVE ( 'NONE', #2501, #427, #1126, .T. ) ;
#1766 = CIRCLE ( 'NONE', #1936, 1.314988271469589964 ) ;
#1767 = DIRECTION ( 'NONE',  ( 0.000000000000000000, 0.000000000000000000, 1.000000000000000000 ) ) ;
#1768 = ORIENTED_EDGE ( 'NONE', *, *, #873, .F. ) ;
#1769 = SURFACE_STYLE_USAGE ( .BOTH. , #935 ) ;
#1770 = AXIS2_PLACEMENT_3D ( 'NONE', #2370, #506, #2673 ) ;
#1771 = CARTESIAN_POINT ( 'NONE',  ( 0.000000000000000000, 0.000000000000000000, -0.1172161172161163972 ) ) ;
#1772 = CARTESIAN_POINT ( 'NONE',  ( 3.833966169361100018, 7.305012211638979736, 8.266365894244630389E-16 ) ) ;
#1773 =( LENGTH_UNIT ( ) NAMED_UNIT ( * ) SI_UNIT ( .MILLI., .METRE. ) );
#1774 = DIRECTION ( 'NONE',  ( 1.000000000000000000, 0.000000000000000000, 0.000000000000000000 ) ) ;
#1775 = ORIENTED_EDGE ( 'NONE', *, *, #1614, .F. ) ;
#1776 = DIRECTION ( 'NONE',  ( 1.000000000000000000, 0.000000000000000000, 0.000000000000000000 ) ) ;
#1777 = AXIS2_PLACEMENT_3D ( 'NONE', #2017, #1767, #545 ) ;
#1778 = CARTESIAN_POINT ( 'NONE',  ( -7.546703296703309860, 9.242046036422477822E-16, -2.500000000000000000 ) ) ;
#1779 = LINE ( 'NONE', #755, #41 ) ;
#1780 = SPHERICAL_SURFACE ( 'NONE', #2253, 1.314988271469590186 ) ;
#1781 =( LENGTH_UNIT ( ) NAMED_UNIT ( * ) SI_UNIT ( .MILLI., .METRE. ) );
#1782 = EDGE_CURVE ( 'NONE', #2060, #157, #1746, .T. ) ;
#1783 = ORIENTED_EDGE ( 'NONE', *, *, #725, .F. ) ;
#1784 = AXIS2_PLACEMENT_3D ( 'NONE', #2493, #2640, #165 ) ;
#1785 = DIRECTION ( 'NONE',  ( 0.000000000000000000, 0.000000000000000000, 1.000000000000000000 ) ) ;
#1786 = ADVANCED_FACE ( 'NONE', ( #914 ), #132, .T. ) ;
#1787 = TOROIDAL_SURFACE ( 'NONE', #2654, 8.250000000000000000, 1.314988271469587966 ) ;
#1788 = DIRECTION ( 'NONE',  ( 1.000000000000000000, 0.000000000000000000, 0.000000000000000000 ) ) ;
#1789 = VERTEX_POINT ( 'NONE', #956 ) ;
#1790 = DIRECTION ( 'NONE',  ( 5.691217451330078876E-17, 1.084370887601939806E-16, 1.000000000000000000 ) ) ;
#1791 = DIRECTION ( 'NONE',  ( -0.8229838658936503570, 0.5680647467311646936, 0.000000000000000000 ) ) ;
#1792 = FILL_AREA_STYLE_COLOUR ( '', #487 ) ;
#1793 = ORIENTED_EDGE ( 'NONE', *, *, #2534, .T. ) ;
#1794 = DIRECTION ( 'NONE',  ( 0.000000000000000000, 0.000000000000000000, -1.000000000000000000 ) ) ;
#1795 = EDGE_CURVE ( 'NONE', #2151, #157, #2268, .T. ) ;
#1796 = CARTESIAN_POINT ( 'NONE',  ( -7.546703296703309860, 9.242046036422477822E-16, -2.500000000000000000 ) ) ;
#1797 = VERTEX_POINT ( 'NONE', #88 ) ;
#1798 = CARTESIAN_POINT ( 'NONE',  ( 0.000000000000000000, 0.000000000000000000, 1.111111111111112049 ) ) ;
#1799 = DIRECTION ( 'NONE',  ( 0.2393156642875514384, -0.9709418174260536771, 0.000000000000000000 ) ) ;
#1800 = UNCERTAINTY_MEASURE_WITH_UNIT (LENGTH_MEASURE( 1.000000000000000082E-05 ), #1675, 'distance_accuracy_value', 'NONE');
#1801 = CARTESIAN_POINT ( 'NONE',  ( 0.000000000000000000, 0.000000000000000000, -2.500000000000000000 ) ) ;
#1802 = ORIENTED_EDGE ( 'NONE', *, *, #307, .F. ) ;
#1803 =( NAMED_UNIT ( * ) SI_UNIT ( $, .STERADIAN. ) SOLID_ANGLE_UNIT ( ) );
#1804 = CIRCLE ( 'NONE', #817, 10.50000000000000000 ) ;
#1805 = ORIENTED_EDGE ( 'NONE', *, *, #1633, .T. ) ;
#1806 = AXIS2_PLACEMENT_3D ( 'NONE', #1402, #1127, #1145 ) ;
#1807 = EDGE_CURVE ( 'NONE', #2551, #1797, #2444, .T. ) ;
#1808 = CARTESIAN_POINT ( 'NONE',  ( 8.189848211308948578, 0.9944276121063889695, 8.266365894244630389E-16 ) ) ;
#1809 = ORIENTED_EDGE ( 'NONE', *, *, #17, .F. ) ;
#1810 = DIRECTION ( 'NONE',  ( 0.000000000000000000, 0.000000000000000000, -1.000000000000000000 ) ) ;
#1811 = DIRECTION ( 'NONE',  ( -0.9927088740980526405, 0.1205366802553335809, 0.000000000000000000 ) ) ;
#1812 = CIRCLE ( 'NONE', #440, 7.898351648351649601 ) ;
#1813 = FACE_OUTER_BOUND ( 'NONE', #836, .T. ) ;
#1814 = DIRECTION ( 'NONE',  ( 0.9709418174260502354, -0.2393156642875654272, 0.000000000000000000 ) ) ;
#1815 = EDGE_LOOP ( 'NONE', ( #2148, #1555 ) ) ;
#1816 = CARTESIAN_POINT ( 'NONE',  ( 0.000000000000000000, 0.000000000000000000, -2.500000000000000000 ) ) ;
#1817 = STYLED_ITEM ( 'NONE', ( #565 ), #1008 ) ;
#1818 = CIRCLE ( 'NONE', #786, 1.314988271469590408 ) ;
#1819 = ORIENTED_EDGE ( 'NONE', *, *, #2469, .F. ) ;
#1820 = MANIFOLD_SOLID_BREP ( 'NONE', #857 ) ;
#1821 = AXIS2_PLACEMENT_3D ( 'NONE', #1993, #2157, #147 ) ;
#1822 =( NAMED_UNIT ( * ) PLANE_ANGLE_UNIT ( ) SI_UNIT ( $, .RADIAN. ) );
#1823 = CIRCLE ( 'NONE', #2230, 11.50000000000000000 ) ;
#1824 = SPHERICAL_SURFACE ( 'NONE', #566, 1.314988271469590186 ) ;
#1825 = ORIENTED_EDGE ( 'NONE', *, *, #498, .F. ) ;
#1826 = AXIS2_PLACEMENT_3D ( 'NONE', #696, #871, #68 ) ;
#1827 = DIRECTION ( 'NONE',  ( 1.000000000000000000, 0.000000000000000000, 0.000000000000000000 ) ) ;
#1828 = FACE_OUTER_BOUND ( 'NONE', #1378, .T. ) ;
#1829 = UNCERTAINTY_MEASURE_WITH_UNIT (LENGTH_MEASURE( 1.000000000000000082E-05 ), #686, 'distance_accuracy_value', 'NONE');
#1830 = AXIS2_PLACEMENT_3D ( 'NONE', #1255, #176, #2462 ) ;
#1831 = EDGE_CURVE ( 'NONE', #1546, #332, #2173, .T. ) ;
#1832 = DIRECTION ( 'NONE',  ( -0.8229838658936495799, 0.5680647467311655818, 0.000000000000000000 ) ) ;
#1833 = DIRECTION ( 'NONE',  ( 0.000000000000000000, 0.000000000000000000, 1.000000000000000000 ) ) ;
#1834 = ORIENTED_EDGE ( 'NONE', *, *, #1929, .T. ) ;
#1835 = CARTESIAN_POINT ( 'NONE',  ( -10.25000000000000000, 0.000000000000000000, -2.500000000000000000 ) ) ;
#1836 = ADVANCED_FACE ( 'NONE', ( #1362 ), #1144, .T. ) ;
#1837 = EDGE_LOOP ( 'NONE', ( #1149, #210 ) ) ;
#1838 =( NAMED_UNIT ( * ) SI_UNIT ( $, .STERADIAN. ) SOLID_ANGLE_UNIT ( ) );
#1839 = EDGE_LOOP ( 'NONE', ( #1802, #931 ) ) ;
#1840 = DIRECTION ( 'NONE',  ( 0.2393156642875514384, -0.9709418174260536771, 0.000000000000000000 ) ) ;
#1841 = CARTESIAN_POINT ( 'NONE',  ( 0.000000000000000000, 6.935011728530410480, 9.876762071816181055E-16 ) ) ;
#1842 = CARTESIAN_POINT ( 'NONE',  ( 0.000000000000000000, 7.546703296703309860, -2.500000000000000000 ) ) ;
#1843 = ORIENTED_EDGE ( 'NONE', *, *, #1448, .T. ) ;
#1844 = ADVANCED_FACE ( 'NONE', ( #2191 ), #329, .T. ) ;
#1845 = DIRECTION ( 'NONE',  ( 0.3546048870425270172, -0.9350162426854181641, 0.000000000000000000 ) ) ;
#1846 = SURFACE_STYLE_FILL_AREA ( #822 ) ;
#1847 = ADVANCED_FACE ( 'NONE', ( #2586 ), #1976, .F. ) ;
#1848 = VERTEX_POINT ( 'NONE', #1199 ) ;
#1849 = CARTESIAN_POINT ( 'NONE',  ( 8.189848211308948578, 0.9944276121063889695, 8.266365894244630389E-16 ) ) ;
#1850 = MANIFOLD_SOLID_BREP ( 'NONE', #2380 ) ;
#1851 = CLOSED_SHELL ( 'NONE', ( #663, #1754, #2244, #2134 ) ) ;
#1852 = CARTESIAN_POINT ( 'NONE',  ( 0.000000000000000000, 8.953296703296699022, -2.375000000000000000 ) ) ;
#1853 = AXIS2_PLACEMENT_3D ( 'NONE', #1496, #1108, #1082 ) ;
#1854 = ORIENTED_EDGE ( 'NONE', *, *, #2470, .T. ) ;
#1855 = CIRCLE ( 'NONE', #1637, 10.25000000000000000 ) ;
#1856 = DIRECTION ( 'NONE',  ( 0.000000000000000000, 0.000000000000000000, -1.000000000000000000 ) ) ;
#1857 = DIRECTION ( 'NONE',  ( 0.000000000000000000, 0.000000000000000000, 1.000000000000000000 ) ) ;
#1858 = DIRECTION ( 'NONE',  ( 0.7485107481711040789, 0.6631226582407918624, -0.000000000000000000 ) ) ;
#1859 = DIRECTION ( 'NONE',  ( 0.9350162426854135012, -0.3546048870425393962, 0.000000000000000000 ) ) ;
#1860 = ORIENTED_EDGE ( 'NONE', *, *, #2270, .F. ) ;
#1861 = CARTESIAN_POINT ( 'NONE',  ( 7.546703296703309860, 0.000000000000000000, 2.500000000000000000 ) ) ;
#1862 = PRESENTATION_STYLE_ASSIGNMENT (( #2263 ) ) ;
#1863 = CIRCLE ( 'NONE', #390, 7.546703296703309860 ) ;
#1864 = ADVANCED_FACE ( 'NONE', ( #600 ), #2448, .T. ) ;
#1865 = ORIENTED_EDGE ( 'NONE', *, *, #1288, .F. ) ;
#1866 = CIRCLE ( 'NONE', #2394, 1.314988271469590408 ) ;
#1867 = MANIFOLD_SOLID_BREP ( 'NONE', #341 ) ;
#1868 = COLOUR_RGB ( '',0.7921568627450980005, 0.8196078431372548767, 0.9333333333333333481 ) ;
#1869 = LINE ( 'NONE', #236, #2446 ) ;
#1870 = DIRECTION ( 'NONE',  ( -0.1205366802553199390, 0.9927088740980544168, 0.000000000000000000 ) ) ;
#1871 = AXIS2_PLACEMENT_3D ( 'NONE', #2194, #902, #2422 ) ;
#1872 = ORIENTED_EDGE ( 'NONE', *, *, #498, .T. ) ;
#1873 = EDGE_CURVE ( 'NONE', #115, #1974, #2315, .T. ) ;
#1874 = VECTOR ( 'NONE', #1492, 1000.000000000000000 ) ;
#1875 = CARTESIAN_POINT ( 'NONE',  ( 0.000000000000000000, 8.601648351648348623, -0.1172161172161162029 ) ) ;
#1876 =( GEOMETRIC_REPRESENTATION_CONTEXT ( 3 ) GLOBAL_UNCERTAINTY_ASSIGNED_CONTEXT ( ( #2591 ) ) GLOBAL_UNIT_ASSIGNED_CONTEXT ( ( #971, #208, #828 ) ) REPRESENTATION_CONTEXT ( 'NONE', 'WORKASPACE' ) );
#1877 = FILL_AREA_STYLE_COLOUR ( '', #190 ) ;
#1878 = AXIS2_PLACEMENT_3D ( 'NONE', #2578, #2013, #152 ) ;
#1879 = CARTESIAN_POINT ( 'NONE',  ( 0.000000000000000000, 0.000000000000000000, 0.1172161172161182013 ) ) ;
#1880 = ORIENTED_EDGE ( 'NONE', *, *, #1076, .F. ) ;
#1881 = DIRECTION ( 'NONE',  ( 0.000000000000000000, 0.000000000000000000, -1.000000000000000000 ) ) ;
#1882 = DIRECTION ( 'NONE',  ( 0.000000000000000000, 0.000000000000000000, 1.000000000000000000 ) ) ;
#1883 = ORIENTED_EDGE ( 'NONE', *, *, #1765, .T. ) ;
#1884 = MANIFOLD_SOLID_BREP ( 'NONE', #1632 ) ;
#1885 = DIRECTION ( 'NONE',  ( -0.9927088740980527515, 0.1205366802553335948, 0.000000000000000000 ) ) ;
#1886 = DIRECTION ( 'NONE',  ( 0.000000000000000000, 0.000000000000000000, -1.000000000000000000 ) ) ;
#1887 = VERTEX_POINT ( 'NONE', #1100 ) ;
#1888 = MANIFOLD_SOLID_BREP ( 'NONE', #177 ) ;
#1889 = DIRECTION ( 'NONE',  ( 1.000000000000000000, 0.000000000000000000, 0.000000000000000000 ) ) ;
#1890 = FACE_OUTER_BOUND ( 'NONE', #389, .T. ) ;
#1891 = CARTESIAN_POINT ( 'NONE',  ( 0.000000000000000000, 0.000000000000000000, 2.500000000000000000 ) ) ;
#1892 = ORIENTED_EDGE ( 'NONE', *, *, #980, .F. ) ;
#1893 = PLANE ( 'NONE',  #434 ) ;
#1894 = ORIENTED_EDGE ( 'NONE', *, *, #893, .T. ) ;
#1895 = PRESENTATION_STYLE_ASSIGNMENT (( #2113 ) ) ;
#1896 = CARTESIAN_POINT ( 'NONE',  ( 0.000000000000000000, 0.000000000000000000, 2.250000000000000000 ) ) ;
#1897 = EDGE_LOOP ( 'NONE', ( #1872, #760 ) ) ;
#1898 = AXIS2_PLACEMENT_3D ( 'NONE', #556, #2153, #1580 ) ;
#1899 = ADVANCED_FACE ( 'NONE', ( #1000 ), #2295, .F. ) ;
#1900 = DIRECTION ( 'NONE',  ( 0.000000000000000000, 0.000000000000000000, 1.000000000000000000 ) ) ;
#1901 = CIRCLE ( 'NONE', #1036, 8.953296703296699022 ) ;
#1902 = TOROIDAL_SURFACE ( 'NONE', #91, 8.250000000000000000, 1.314988271469590186 ) ;
#1903 = DIRECTION ( 'NONE',  ( 0.000000000000000000, 0.000000000000000000, -1.000000000000000000 ) ) ;
#1904 = ORIENTED_EDGE ( 'NONE', *, *, #1430, .T. ) ;
#1905 = ORIENTED_EDGE ( 'NONE', *, *, #1990, .T. ) ;
#1906 = COLOUR_RGB ( '',0.7921568627450980005, 0.8196078431372548767, 0.9333333333333333481 ) ;
#1907 = DIRECTION ( 'NONE',  ( -1.000000000000000000, 0.000000000000000000, 0.000000000000000000 ) ) ;
#1908 = EDGE_LOOP ( 'NONE', ( #335, #615 ) ) ;
#1909 = AXIS2_PLACEMENT_3D ( 'NONE', #1051, #2645, #413 ) ;
#1910 = DIRECTION ( 'NONE',  ( 0.000000000000000000, 0.000000000000000000, -1.000000000000000000 ) ) ;
#1911 = CIRCLE ( 'NONE', #1355, 1.314988271469590186 ) ;
#1912 = MECHANICAL_DESIGN_GEOMETRIC_PRESENTATION_REPRESENTATION (  '', ( #2182 ), #2050 ) ;
#1913 = DIRECTION ( 'NONE',  ( 1.000000000000000000, 0.000000000000000000, 0.000000000000000000 ) ) ;
#1914 = CARTESIAN_POINT ( 'NONE',  ( 0.000000000000000000, 0.000000000000000000, 0.1172161172161182013 ) ) ;
#1915 = EDGE_LOOP ( 'NONE', ( #358, #1843 ) ) ;
#1916 = VECTOR ( 'NONE', #2480, 1000.000000000000114 ) ;
#1917 =( NAMED_UNIT ( * ) SI_UNIT ( $, .STERADIAN. ) SOLID_ANGLE_UNIT ( ) );
#1918 = ADVANCED_FACE ( 'NONE', ( #1664 ), #1445, .T. ) ;
#1919 = AXIS2_PLACEMENT_3D ( 'NONE', #778, #562, #319 ) ;
#1920 = ORIENTED_EDGE ( 'NONE', *, *, #2117, .T. ) ;
#1921 = EDGE_CURVE ( 'NONE', #2053, #507, #877, .T. ) ;
#1922 = CARTESIAN_POINT ( 'NONE',  ( 3.833966169361100018, 7.305012211638979736, 8.266365894244630389E-16 ) ) ;
#1923 = CARTESIAN_POINT ( 'NONE',  ( -8.953296703296699022, 1.096462614950885909E-15, -2.375000000000000000 ) ) ;
#1924 = DIRECTION ( 'NONE',  ( 0.000000000000000000, 0.000000000000000000, 1.000000000000000000 ) ) ;
#1925 = CYLINDRICAL_SURFACE ( 'NONE', #2264, 8.953296703296699022 ) ;
#1926 = DIRECTION ( 'NONE',  ( 0.000000000000000000, 0.000000000000000000, -1.000000000000000000 ) ) ;
#1927 = ORIENTED_EDGE ( 'NONE', *, *, #2074, .T. ) ;
#1928 = DIRECTION ( 'NONE',  ( 1.000000000000000000, 0.000000000000000000, 0.000000000000000000 ) ) ;
#1929 = EDGE_CURVE ( 'NONE', #1332, #1495, #2499, .T. ) ;
#1930 = ORIENTED_EDGE ( 'NONE', *, *, #2660, .F. ) ;
#1931 = CARTESIAN_POINT ( 'NONE',  ( -8.953296703296699022, 1.096462614950885909E-15, -1.111111111111109828 ) ) ;
#1932 = DIRECTION ( 'NONE',  ( -0.8854560256532089113, 0.4647231720437703384, 0.000000000000000000 ) ) ;
#1933 = FILL_AREA_STYLE ('',( #339 ) ) ;
#1934 = CARTESIAN_POINT ( 'NONE',  ( 6.000000000000000000, 0.000000000000000000, -2.250000000000000000 ) ) ;
#1935 = EDGE_LOOP ( 'NONE', ( #2604, #1940, #2460, #2450 ) ) ;
#1936 = AXIS2_PLACEMENT_3D ( 'NONE', #1014, #386, #2226 ) ;
#1937 = CARTESIAN_POINT ( 'NONE',  ( 0.000000000000000000, 0.000000000000000000, -2.500000000000000000 ) ) ;
#1938 = DIRECTION ( 'NONE',  ( 0.000000000000000000, 0.000000000000000000, 1.000000000000000000 ) ) ;
#1939 = PRODUCT_DEFINITION_CONTEXT ( 'detailed design', #802, 'design' ) ;
#1940 = ORIENTED_EDGE ( 'NONE', *, *, #596, .T. ) ;
#1941 = CARTESIAN_POINT ( 'NONE',  ( -7.713884002154699715, -2.925490318100844700, 8.266365894244630389E-16 ) ) ;
#1942 = ORIENTED_EDGE ( 'NONE', *, *, #740, .T. ) ;
#1943 = ADVANCED_FACE ( 'NONE', ( #43 ), #852, .T. ) ;
#1944 = DIRECTION ( 'NONE',  ( 1.000000000000000000, 0.000000000000000000, 0.000000000000000000 ) ) ;
#1945 = DIRECTION ( 'NONE',  ( 1.000000000000000000, 0.000000000000000000, 0.000000000000000000 ) ) ;
#1946 = EDGE_CURVE ( 'NONE', #20, #2060, #1823, .T. ) ;
#1947 = CIRCLE ( 'NONE', #1350, 1.314988271469590408 ) ;
#1948 = DIRECTION ( 'NONE',  ( 1.000000000000000000, 0.000000000000000000, 0.000000000000000000 ) ) ;
#1949 = CARTESIAN_POINT ( 'NONE',  ( 0.000000000000000000, 0.000000000000000000, 4.336808689942014778E-16 ) ) ;
#1950 = ADVANCED_FACE ( 'NONE', ( #1457 ), #654, .T. ) ;
#1951 = VERTEX_POINT ( 'NONE', #1086 ) ;
#1952 = CIRCLE ( 'NONE', #105, 1.314988271469590853 ) ;
#1953 = CARTESIAN_POINT ( 'NONE',  ( 1.974354230372300067, -8.010269993764939755, 8.266365894244630389E-16 ) ) ;
#1954 = ADVANCED_FACE ( 'NONE', ( #1474 ), #2313, .F. ) ;
#1955 = DIRECTION ( 'NONE',  ( 0.9927088740980543058, 0.1205366802553199390, 0.000000000000000000 ) ) ;
#1956 = DIRECTION ( 'NONE',  ( 0.000000000000000000, -1.000000000000000000, 0.000000000000000000 ) ) ;
#1957 = DIRECTION ( 'NONE',  ( 1.000000000000000000, 0.000000000000000000, 0.000000000000000000 ) ) ;
#1958 = CIRCLE ( 'NONE', #746, 6.250000000000000000 ) ;
#1959 = ORIENTED_EDGE ( 'NONE', *, *, #2443, .T. ) ;
#1960 = AXIS2_PLACEMENT_3D ( 'NONE', #372, #1975, #1961 ) ;
#1961 = DIRECTION ( 'NONE',  ( 0.6631226582407910852, -0.7485107481711047450, 0.000000000000000000 ) ) ;
#1962 = AXIS2_PLACEMENT_3D ( 'NONE', #930, #2384, #1799 ) ;
#1963 = CARTESIAN_POINT ( 'NONE',  ( 0.000000000000000000, 0.000000000000000000, -2.500000000000000000 ) ) ;
#1964 = AXIS2_PLACEMENT_3D ( 'NONE', #2300, #49, #458 ) ;
#1965 =( NAMED_UNIT ( * ) SI_UNIT ( $, .STERADIAN. ) SOLID_ANGLE_UNIT ( ) );
#1966 = EDGE_CURVE ( 'NONE', #364, #2224, #1869, .T. ) ;
#1967 = DIRECTION ( 'NONE',  ( 0.000000000000000000, 0.000000000000000000, -1.000000000000000000 ) ) ;
#1968 = ORIENTED_EDGE ( 'NONE', *, *, #1164, .F. ) ;
#1969 = FACE_OUTER_BOUND ( 'NONE', #394, .T. ) ;
#1970 = CARTESIAN_POINT ( 'NONE',  ( -10.50000000000000000, 1.301187224094061935E-15, 1.649999999999999911 ) ) ;
#1971 = ORIENTED_EDGE ( 'NONE', *, *, #1261, .F. ) ;
#1972 = CARTESIAN_POINT ( 'NONE',  ( 0.000000000000000000, 0.000000000000000000, 2.250000000000000000 ) ) ;
#1973 = SURFACE_SIDE_STYLE ('',( #1151 ) ) ;
#1974 = VERTEX_POINT ( 'NONE', #670 ) ;
#1975 = DIRECTION ( 'NONE',  ( 0.7485107481711048560, 0.6631226582407909742, 0.000000000000000000 ) ) ;
#1976 = CYLINDRICAL_SURFACE ( 'NONE', #1005, 7.546703296703309860 ) ;
#1977 = DIRECTION ( 'NONE',  ( -0.9927088740980526405, 0.1205366802553335809, 0.000000000000000000 ) ) ;
#1978 = ORIENTED_EDGE ( 'NONE', *, *, #631, .F. ) ;
#1979 = EDGE_CURVE ( 'NONE', #2073, #507, #112, .T. ) ;
#1980 = PRODUCT_RELATED_PRODUCT_CATEGORY ( 'part', '', ( #591 ) ) ;
#1981 = CARTESIAN_POINT ( 'NONE',  ( 0.000000000000000000, 0.000000000000000000, -1.314988271469587966 ) ) ;
#1982 = DIRECTION ( 'NONE',  ( 0.000000000000000000, 0.000000000000000000, 1.000000000000000000 ) ) ;
#1983 = VERTEX_POINT ( 'NONE', #2584 ) ;
#1984 = ADVANCED_FACE ( 'NONE', ( #1372 ), #85, .T. ) ;
#1985 =( GEOMETRIC_REPRESENTATION_CONTEXT ( 3 ) GLOBAL_UNCERTAINTY_ASSIGNED_CONTEXT ( ( #590 ) ) GLOBAL_UNIT_ASSIGNED_CONTEXT ( ( #547, #2004, #1988 ) ) REPRESENTATION_CONTEXT ( 'NONE', 'WORKASPACE' ) );
#1986 =( LENGTH_UNIT ( ) NAMED_UNIT ( * ) SI_UNIT ( .MILLI., .METRE. ) );
#1987 = VERTEX_POINT ( 'NONE', #2368 ) ;
#1988 =( NAMED_UNIT ( * ) SI_UNIT ( $, .STERADIAN. ) SOLID_ANGLE_UNIT ( ) );
#1989 = AXIS2_PLACEMENT_3D ( 'NONE', #1560, #347, #1381 ) ;
#1990 = EDGE_CURVE ( 'NONE', #687, #1420, #1099, .T. ) ;
#1991 = CARTESIAN_POINT ( 'NONE',  ( 0.000000000000000000, 0.000000000000000000, -2.375000000000000000 ) ) ;
#1992 = CIRCLE ( 'NONE', #2514, 11.50000000000000000 ) ;
#1993 = CARTESIAN_POINT ( 'NONE',  ( -1.974354230372415309, -8.010269993764911334, 8.266365894244630389E-16 ) ) ;
#1994 = DIRECTION ( 'NONE',  ( 0.000000000000000000, 0.000000000000000000, 1.000000000000000000 ) ) ;
#1995 = VERTEX_POINT ( 'NONE', #2407 ) ;
#1996 = FACE_OUTER_BOUND ( 'NONE', #867, .T. ) ;
#1997 = COLOUR_RGB ( '',0.7921568627450980005, 0.8196078431372548767, 0.9333333333333333481 ) ;
#1998 = DIRECTION ( 'NONE',  ( 1.000000000000000000, 0.000000000000000000, 0.000000000000000000 ) ) ;
#1999 = DIRECTION ( 'NONE',  ( 0.3546048870425270727, -0.9350162426854180531, 0.000000000000000000 ) ) ;
#2000 = AXIS2_PLACEMENT_3D ( 'NONE', #1315, #2538, #1326 ) ;
#2001 = EDGE_LOOP ( 'NONE', ( #2513, #2566 ) ) ;
#2002 = EDGE_CURVE ( 'NONE', #2632, #1987, #2363, .T. ) ;
#2003 = AXIS2_PLACEMENT_3D ( 'NONE', #1541, #109, #561 ) ;
#2004 =( NAMED_UNIT ( * ) PLANE_ANGLE_UNIT ( ) SI_UNIT ( $, .RADIAN. ) );
#2005 = CIRCLE ( 'NONE', #313, 8.953296703296699022 ) ;
#2006 = DIRECTION ( 'NONE',  ( -1.000000000000000000, 0.000000000000000000, 0.000000000000000000 ) ) ;
#2007 = AXIS2_PLACEMENT_3D ( 'NONE', #443, #1616, #1426 ) ;
#2008 = CIRCLE ( 'NONE', #840, 1.314988271469589520 ) ;
#2009 = FILL_AREA_STYLE ('',( #1649 ) ) ;
#2010 = DIRECTION ( 'NONE',  ( 1.000000000000000000, 0.000000000000000000, 0.000000000000000000 ) ) ;
#2011 = VERTEX_POINT ( 'NONE', #1567 ) ;
#2012 = DIRECTION ( 'NONE',  ( 0.000000000000000000, 0.000000000000000000, 1.000000000000000000 ) ) ;
#2013 = DIRECTION ( 'NONE',  ( -0.5680647467311541465, 0.8229838658936576845, 0.000000000000000000 ) ) ;
#2014 = ORIENTED_EDGE ( 'NONE', *, *, #2470, .F. ) ;
#2015 = ADVANCED_FACE ( 'NONE', ( #2598 ), #936, .F. ) ;
#2016 = EDGE_LOOP ( 'NONE', ( #1805, #552, #1136, #225 ) ) ;
#2017 = CARTESIAN_POINT ( 'NONE',  ( 0.000000000000000000, 0.000000000000000000, 1.314988271469590186 ) ) ;
#2018 = EDGE_CURVE ( 'NONE', #2391, #2428, #1188, .T. ) ;
#2019 = SURFACE_STYLE_USAGE ( .BOTH. , #2 ) ;
#2020 = FACE_BOUND ( 'NONE', #555, .T. ) ;
#2021 = EDGE_LOOP ( 'NONE', ( #2358, #2160, #2373, #860 ) ) ;
#2022 = DIRECTION ( 'NONE',  ( 1.007864557116581987E-16, 6.956786737927599718E-17, 1.000000000000000000 ) ) ;
#2023 = CARTESIAN_POINT ( 'NONE',  ( 0.000000000000000000, 0.000000000000000000, 0.1172161172161182013 ) ) ;
#2024 = CARTESIAN_POINT ( 'NONE',  ( 10.25000000000000000, 1.270571054115379923E-15, -2.500000000000000000 ) ) ;
#2025 = CARTESIAN_POINT ( 'NONE',  ( 11.50000000000000000, 0.000000000000000000, 2.500000000000000000 ) ) ;
#2026 = EDGE_LOOP ( 'NONE', ( #1028, #1348 ) ) ;
#2027 = SURFACE_SIDE_STYLE ('',( #1846 ) ) ;
#2028 = CLOSED_SHELL ( 'NONE', ( #842, #1918, #716, #2286 ) ) ;
#2029 = MECHANICAL_DESIGN_GEOMETRIC_PRESENTATION_REPRESENTATION (  '', ( #134 ), #295 ) ;
#2030 = ORIENTED_EDGE ( 'NONE', *, *, #1410, .T. ) ;
#2031 = ADVANCED_FACE ( 'NONE', ( #309 ), #1139, .T. ) ;
#2032 =( LENGTH_UNIT ( ) NAMED_UNIT ( * ) SI_UNIT ( .MILLI., .METRE. ) );
#2033 = CIRCLE ( 'NONE', #1770, 1.314988271469590408 ) ;
#2034 = DIRECTION ( 'NONE',  ( 1.000000000000000000, 0.000000000000000000, 0.000000000000000000 ) ) ;
#2035 = CIRCLE ( 'NONE', #611, 1.314988271469589520 ) ;
#2036 = DIRECTION ( 'NONE',  ( 0.000000000000000000, 0.000000000000000000, 1.000000000000000000 ) ) ;
#2037 = EDGE_LOOP ( 'NONE', ( #207, #2146 ) ) ;
#2038 = DIRECTION ( 'NONE',  ( 0.000000000000000000, 0.000000000000000000, -1.000000000000000000 ) ) ;
#2039 = DIRECTION ( 'NONE',  ( 1.000000000000000000, 0.000000000000000000, 0.000000000000000000 ) ) ;
#2040 = EDGE_CURVE ( 'NONE', #890, #473, #1056, .T. ) ;
#2041 = AXIS2_PLACEMENT_3D ( 'NONE', #1772, #1124, #2377 ) ;
#2042 = CARTESIAN_POINT ( 'NONE',  ( -9.495248737731660782, 1.152931932924147862, 8.266365894244630389E-16 ) ) ;
#2043 = LINE ( 'NONE', #2646, #1916 ) ;
#2044 = ORIENTED_EDGE ( 'NONE', *, *, #953, .T. ) ;
#2045 = SURFACE_STYLE_FILL_AREA ( #1249 ) ;
#2046 = CIRCLE ( 'NONE', #1561, 10.25000000000000000 ) ;
#2047 = VECTOR ( 'NONE', #1856, 1000.000000000000000 ) ;
#2048 = ORIENTED_EDGE ( 'NONE', *, *, #511, .F. ) ;
#2049 =( LENGTH_UNIT ( ) NAMED_UNIT ( * ) SI_UNIT ( .MILLI., .METRE. ) );
#2050 =( GEOMETRIC_REPRESENTATION_CONTEXT ( 3 ) GLOBAL_UNCERTAINTY_ASSIGNED_CONTEXT ( ( #2463 ) ) GLOBAL_UNIT_ASSIGNED_CONTEXT ( ( #1773, #2573, #1965 ) ) REPRESENTATION_CONTEXT ( 'NONE', 'WORKASPACE' ) );
#2051 = SURFACE_STYLE_USAGE ( .BOTH. , #2458 ) ;
#2052 = DIRECTION ( 'NONE',  ( 0.8229838658936577955, 0.5680647467311539245, 0.000000000000000000 ) ) ;
#2053 = VERTEX_POINT ( 'NONE', #517 ) ;
#2054 = CIRCLE ( 'NONE', #1284, 8.953296703296699022 ) ;
#2055 = EDGE_CURVE ( 'NONE', #115, #1546, #1743, .T. ) ;
#2056 = CARTESIAN_POINT ( 'NONE',  ( 0.000000000000000000, 8.601648351648348623, 0.1172161172161179932 ) ) ;
#2057 = DIRECTION ( 'NONE',  ( -1.000000000000000000, 0.000000000000000000, 0.000000000000000000 ) ) ;
#2058 = CARTESIAN_POINT ( 'NONE',  ( -7.898351648351649601, 9.672691064694068703E-16, -2.500000000000000000 ) ) ;
#2059 = CARTESIAN_POINT ( 'NONE',  ( 2.289051522089385227, -9.287047095959570342, 8.266365894244630389E-16 ) ) ;
#2060 = VERTEX_POINT ( 'NONE', #2025 ) ;
#2061 = SURFACE_SIDE_STYLE ('',( #609 ) ) ;
#2062 = ORIENTED_EDGE ( 'NONE', *, *, #349, .T. ) ;
#2063 = DIRECTION ( 'NONE',  ( 0.9709418174260502354, -0.2393156642875655660, 0.000000000000000000 ) ) ;
#2064 = DIRECTION ( 'NONE',  ( 0.000000000000000000, 0.000000000000000000, 1.000000000000000000 ) ) ;
#2065 = ORIENTED_EDGE ( 'NONE', *, *, #2365, .T. ) ;
#2066 = DIRECTION ( 'NONE',  ( 0.000000000000000000, 0.000000000000000000, 1.000000000000000000 ) ) ;
#2067 = DIRECTION ( 'NONE',  ( -0.1205366802553335670, -0.9927088740980527515, 0.000000000000000000 ) ) ;
#2068 = EDGE_CURVE ( 'NONE', #2428, #2391, #156, .T. ) ;
#2069 =( NAMED_UNIT ( * ) SI_UNIT ( $, .STERADIAN. ) SOLID_ANGLE_UNIT ( ) );
#2070 = FACE_OUTER_BOUND ( 'NONE', #111, .T. ) ;
#2071 = ORIENTED_EDGE ( 'NONE', *, *, #243, .F. ) ;
#2072 = DIRECTION ( 'NONE',  ( 0.000000000000000000, 0.000000000000000000, 1.000000000000000000 ) ) ;
#2073 = VERTEX_POINT ( 'NONE', #1931 ) ;
#2074 = EDGE_CURVE ( 'NONE', #401, #283, #1344, .T. ) ;
#2075 = AXIS2_PLACEMENT_3D ( 'NONE', #1816, #218, #994 ) ;
#2076 = DIRECTION ( 'NONE',  ( 1.000000000000000000, 0.000000000000000000, 0.000000000000000000 ) ) ;
#2077 = CARTESIAN_POINT ( 'NONE',  ( 7.713884002154659747, -2.925490318100949949, 8.266365894244630389E-16 ) ) ;
#2078 = ORIENTED_EDGE ( 'NONE', *, *, #433, .T. ) ;
#2079 = CIRCLE ( 'NONE', #1469, 1.314988271469590408 ) ;
#2080 = FACE_OUTER_BOUND ( 'NONE', #1409, .T. ) ;
#2081 = DIRECTION ( 'NONE',  ( 1.000000000000000000, 0.000000000000000000, 0.000000000000000000 ) ) ;
#2082 = PRESENTATION_STYLE_ASSIGNMENT (( #179 ) ) ;
#2083 = DIRECTION ( 'NONE',  ( 0.9709418174260502354, -0.2393156642875654272, 0.000000000000000000 ) ) ;
#2084 = EDGE_LOOP ( 'NONE', ( #2078, #1403, #2553, #1303 ) ) ;
#2085 = DIRECTION ( 'NONE',  ( 1.000000000000000000, 0.000000000000000000, -1.145064648755475596E-16 ) ) ;
#2086 = SPHERICAL_SURFACE ( 'NONE', #431, 1.314988271469590186 ) ;
#2087 = VECTOR ( 'NONE', #2129, 1000.000000000000000 ) ;
#2088 = ADVANCED_FACE ( 'NONE', ( #2554 ), #1333, .T. ) ;
#2089 = ORIENTED_EDGE ( 'NONE', *, *, #2408, .F. ) ;
#2090 = AXIS2_PLACEMENT_3D ( 'NONE', #606, #425, #1832 ) ;
#2091 = CYLINDRICAL_SURFACE ( 'NONE', #1219, 11.50000000000000000 ) ;
#2092 = CIRCLE ( 'NONE', #1096, 1.314988271469589742 ) ;
#2093 = EDGE_LOOP ( 'NONE', ( #2044, #927 ) ) ;
#2094 = VECTOR ( 'NONE', #2344, 1000.000000000000000 ) ;
#2095 = DIRECTION ( 'NONE',  ( 1.000000000000000000, 0.000000000000000000, 0.000000000000000000 ) ) ;
#2096 = CIRCLE ( 'NONE', #1701, 1.314988271469587744 ) ;
#2097 = DIRECTION ( 'NONE',  ( 0.3546048870425270172, -0.9350162426854181641, 0.000000000000000000 ) ) ;
#2098 = AXIS2_PLACEMENT_3D ( 'NONE', #2532, #859, #1080 ) ;
#2099 = SPHERICAL_SURFACE ( 'NONE', #2567, 1.314988271469590186 ) ;
#2100 = ORIENTED_EDGE ( 'NONE', *, *, #1745, .F. ) ;
#2101 = CARTESIAN_POINT ( 'NONE',  ( -7.713884002154699715, -2.925490318100844700, 8.266365894244630389E-16 ) ) ;
#2102 = EDGE_LOOP ( 'NONE', ( #1748, #2592 ) ) ;
#2103 = EDGE_CURVE ( 'NONE', #890, #473, #1322, .T. ) ;
#2104 = DIRECTION ( 'NONE',  ( 0.000000000000000000, 0.000000000000000000, 1.000000000000000000 ) ) ;
#2105 = CARTESIAN_POINT ( 'NONE',  ( 8.953296703296699022, 0.000000000000000000, -2.500000000000000000 ) ) ;
#2106 = VERTEX_POINT ( 'NONE', #503 ) ;
#2107 = CARTESIAN_POINT ( 'NONE',  ( 0.000000000000000000, 0.000000000000000000, -2.500000000000000000 ) ) ;
#2108 = CARTESIAN_POINT ( 'NONE',  ( 0.000000000000000000, 0.000000000000000000, 1.399999999999999911 ) ) ;
#2109 = CARTESIAN_POINT ( 'NONE',  ( 10.75000000000000000, 0.000000000000000000, 1.399999999999999911 ) ) ;
#2110 = ORIENTED_EDGE ( 'NONE', *, *, #990, .F. ) ;
#2111 = DIRECTION ( 'NONE',  ( 0.9350162426854135012, -0.3546048870425393962, 0.000000000000000000 ) ) ;
#2112 = ORIENTED_EDGE ( 'NONE', *, *, #1705, .T. ) ;
#2113 = SURFACE_STYLE_USAGE ( .BOTH. , #59 ) ;
#2114 = DIRECTION ( 'NONE',  ( 1.000000000000000000, 0.000000000000000000, 0.000000000000000000 ) ) ;
#2115 = ORIENTED_EDGE ( 'NONE', *, *, #549, .T. ) ;
#2116 = LINE ( 'NONE', #887, #912 ) ;
#2117 = EDGE_CURVE ( 'NONE', #286, #2638, #116, .T. ) ;
#2118 = SHAPE_DEFINITION_REPRESENTATION ( #1069, #1193 ) ;
#2119 = AXIS2_PLACEMENT_3D ( 'NONE', #906, #1577, #1957 ) ;
#2120 = AXIS2_PLACEMENT_3D ( 'NONE', #2217, #331, #2010 ) ;
#2121 = CARTESIAN_POINT ( 'NONE',  ( -8.189848211308939696, 0.9944276121065038776, 8.266365894244630389E-16 ) ) ;
#2122 = EDGE_CURVE ( 'NONE', #510, #587, #2096, .T. ) ;
#2123 = DIRECTION ( 'NONE',  ( 0.000000000000000000, 0.000000000000000000, -1.000000000000000000 ) ) ;
#2124 = ORIENTED_EDGE ( 'NONE', *, *, #2489, .F. ) ;
#2125 = SURFACE_STYLE_FILL_AREA ( #1304 ) ;
#2126 = CIRCLE ( 'NONE', #824, 1.314988271469589520 ) ;
#2127 = EDGE_LOOP ( 'NONE', ( #2362, #1930, #1860, #1471 ) ) ;
#2128 = CARTESIAN_POINT ( 'NONE',  ( 8.250000000000000000, 0.000000000000000000, 8.266365894244630389E-16 ) ) ;
#2129 = DIRECTION ( 'NONE',  ( 0.000000000000000000, 0.000000000000000000, -1.000000000000000000 ) ) ;
#2130 = TOROIDAL_SURFACE ( 'NONE', #1135, 8.250000000000000000, 1.314988271469587966 ) ;
#2131 = DIRECTION ( 'NONE',  ( 1.000000000000000000, 0.000000000000000000, 0.000000000000000000 ) ) ;
#2132 = CIRCLE ( 'NONE', #2177, 7.546703296703309860 ) ;
#2133 = APPLICATION_PROTOCOL_DEFINITION ( 'draft international standard', 'automotive_design', 1998, #802 ) ;
#2134 = ADVANCED_FACE ( 'NONE', ( #214 ), #2099, .T. ) ;
#2135 = AXIS2_PLACEMENT_3D ( 'NONE', #2245, #378, #162 ) ;
#2136 = DIRECTION ( 'NONE',  ( 0.000000000000000000, 0.000000000000000000, -1.000000000000000000 ) ) ;
#2137 = FACE_OUTER_BOUND ( 'NONE', #1685, .T. ) ;
#2138 = ORIENTED_EDGE ( 'NONE', *, *, #1364, .F. ) ;
#2139 = AXIS2_PLACEMENT_3D ( 'NONE', #2339, #18, #2076 ) ;
#2140 = DIRECTION ( 'NONE',  ( 0.000000000000000000, 0.000000000000000000, 1.000000000000000000 ) ) ;
#2141 = AXIS2_PLACEMENT_3D ( 'NONE', #1380, #1751, #2206 ) ;
#2142 = ORIENTED_EDGE ( 'NONE', *, *, #1529, .F. ) ;
#2143 = DIRECTION ( 'NONE',  ( 0.000000000000000000, 0.000000000000000000, 1.000000000000000000 ) ) ;
#2144 = DIRECTION ( 'NONE',  ( 0.000000000000000000, 0.000000000000000000, 1.000000000000000000 ) ) ;
#2145 = CARTESIAN_POINT ( 'NONE',  ( 0.000000000000000000, 0.000000000000000000, -2.500000000000000000 ) ) ;
#2146 = ORIENTED_EDGE ( 'NONE', *, *, #2068, .F. ) ;
#2147 = CARTESIAN_POINT ( 'NONE',  ( -8.250000000000000000, 1.010333609296566156E-15, 4.336808689942014778E-16 ) ) ;
#2148 = ORIENTED_EDGE ( 'NONE', *, *, #2204, .F. ) ;
#2149 = ADVANCED_FACE ( 'NONE', ( #2070 ), #1038, .T. ) ;
#2150 = FACE_OUTER_BOUND ( 'NONE', #169, .T. ) ;
#2151 = VERTEX_POINT ( 'NONE', #807 ) ;
#2152 = EDGE_CURVE ( 'NONE', #507, #1763, #9, .T. ) ;
#2153 = DIRECTION ( 'NONE',  ( -0.5680647467311541465, 0.8229838658936576845, 0.000000000000000000 ) ) ;
#2154 = CARTESIAN_POINT ( 'NONE',  ( -10.25000000000000000, 1.255262969126040002E-15, -2.500000000000000000 ) ) ;
#2155 = ADVANCED_FACE ( 'NONE', ( #1052 ), #1221, .T. ) ;
#2156 = FILL_AREA_STYLE_COLOUR ( '', #1312 ) ;
#2157 = DIRECTION ( 'NONE',  ( 0.9709418174260502354, -0.2393156642875654272, 0.000000000000000000 ) ) ;
#2158 = CARTESIAN_POINT ( 'NONE',  ( 5.707402762363820159, 3.939535681145209800, 9.876762071816181055E-16 ) ) ;
#2159 = STYLED_ITEM ( 'NONE', ( #2467 ), #66 ) ;
#2160 = ORIENTED_EDGE ( 'NONE', *, *, #679, .T. ) ;
#2161 = DIRECTION ( 'NONE',  ( 0.2393156642875514384, -0.9709418174260536771, 0.000000000000000000 ) ) ;
#2162 = CARTESIAN_POINT ( 'NONE',  ( -5.470761930486609970, -6.175213672411539179, 8.266365894244630389E-16 ) ) ;
#2163 = EDGE_LOOP ( 'NONE', ( #2672, #2588 ) ) ;
#2164 = DIRECTION ( 'NONE',  ( 0.7485107481711040789, 0.6631226582407918624, -0.000000000000000000 ) ) ;
#2165 = AXIS2_PLACEMENT_3D ( 'NONE', #2637, #586, #2449 ) ;
#2166 = CYLINDRICAL_SURFACE ( 'NONE', #2479, 8.601648351648348623 ) ;
#2167 = AXIS2_PLACEMENT_3D ( 'NONE', #367, #1200, #2474 ) ;
#2168 = EDGE_LOOP ( 'NONE', ( #1883, #2259, #1411, #2416 ) ) ;
#2169 = EDGE_CURVE ( 'NONE', #2491, #1230, #2043, .T. ) ;
#2170 = DIRECTION ( 'NONE',  ( 0.000000000000000000, 0.000000000000000000, -1.000000000000000000 ) ) ;
#2171 = FACE_OUTER_BOUND ( 'NONE', #1178, .T. ) ;
#2172 = COLOUR_RGB ( '',0.7921568627450980005, 0.8196078431372548767, 0.9333333333333333481 ) ;
#2173 = LINE ( 'NONE', #1374, #748 ) ;
#2174 = DIRECTION ( 'NONE',  ( 0.000000000000000000, 0.000000000000000000, -1.000000000000000000 ) ) ;
#2175 = MECHANICAL_DESIGN_GEOMETRIC_PRESENTATION_REPRESENTATION (  '', ( #2351 ), #308 ) ;
#2176 = ORIENTED_EDGE ( 'NONE', *, *, #1725, .T. ) ;
#2177 = AXIS2_PLACEMENT_3D ( 'NONE', #1981, #2012, #539 ) ;
#2178 = DIRECTION ( 'NONE',  ( 0.000000000000000000, 0.000000000000000000, 1.000000000000000000 ) ) ;
#2179 = CARTESIAN_POINT ( 'NONE',  ( 6.884447684886230157, 0.8359232912887629707, 9.876762071816169222E-16 ) ) ;
#2180 = FACE_OUTER_BOUND ( 'NONE', #2541, .T. ) ;
#2181 = CARTESIAN_POINT ( 'NONE',  ( 0.000000000000000000, 0.000000000000000000, -2.500000000000000000 ) ) ;
#2182 = STYLED_ITEM ( 'NONE', ( #925 ), #1820 ) ;
#2183 = SURFACE_SIDE_STYLE ('',( #2582 ) ) ;
#2184 =( GEOMETRIC_REPRESENTATION_CONTEXT ( 3 ) GLOBAL_UNCERTAINTY_ASSIGNED_CONTEXT ( ( #779 ) ) GLOBAL_UNIT_ASSIGNED_CONTEXT ( ( #1269, #878, #1677 ) ) REPRESENTATION_CONTEXT ( 'NONE', 'WORKASPACE' ) );
#2185 = ORIENTED_EDGE ( 'NONE', *, *, #2434, .T. ) ;
#2186 = AXIS2_PLACEMENT_3D ( 'NONE', #1659, #684, #2360 ) ;
#2187 = DIRECTION ( 'NONE',  ( -1.000000000000000000, 1.224646799147351975E-16, 0.000000000000000000 ) ) ;
#2188 = AXIS2_PLACEMENT_3D ( 'NONE', #833, #1233, #2057 ) ;
#2189 = ADVANCED_FACE ( 'NONE', ( #2250 ), #1452, .T. ) ;
#2190 = DIRECTION ( 'NONE',  ( -0.5680647467311650267, -0.8229838658936500240, 0.000000000000000000 ) ) ;
#2191 = FACE_OUTER_BOUND ( 'NONE', #2102, .T. ) ;
#2192 = CARTESIAN_POINT ( 'NONE',  ( 0.000000000000000000, 0.000000000000000000, -2.250000000000000000 ) ) ;
#2193 = EDGE_LOOP ( 'NONE', ( #94, #1287 ) ) ;
#2194 = CARTESIAN_POINT ( 'NONE',  ( 0.000000000000000000, 0.000000000000000000, -1.111111111111109828 ) ) ;
#2195 = DIRECTION ( 'NONE',  ( -0.5680647467311650267, -0.8229838658936500240, 0.000000000000000000 ) ) ;
#2196 = ORIENTED_EDGE ( 'NONE', *, *, #2002, .F. ) ;
#2197 = CARTESIAN_POINT ( 'NONE',  ( -3.833966169361000098, 7.305012211639029474, 8.266365894244630389E-16 ) ) ;
#2198 = SURFACE_STYLE_USAGE ( .BOTH. , #1973 ) ;
#2199 = VERTEX_POINT ( 'NONE', #2059 ) ;
#2200 = CARTESIAN_POINT ( 'NONE',  ( 0.000000000000000000, 11.50000000000000000, 1.399999999999999911 ) ) ;
#2201 = DIRECTION ( 'NONE',  ( -0.7071067811865441310, 8.659560562354890950E-17, -0.7071067811865510144 ) ) ;
#2202 = DIRECTION ( 'NONE',  ( 0.000000000000000000, -1.000000000000000000, -9.166612918751215621E-17 ) ) ;
#2203 = ORIENTED_EDGE ( 'NONE', *, *, #774, .T. ) ;
#2204 = EDGE_CURVE ( 'NONE', #1237, #2273, #960, .T. ) ;
#2205 = DIRECTION ( 'NONE',  ( 0.000000000000000000, 0.000000000000000000, 1.000000000000000000 ) ) ;
#2206 = DIRECTION ( 'NONE',  ( 1.000000000000000000, 0.000000000000000000, 0.000000000000000000 ) ) ;
#2207 = CARTESIAN_POINT ( 'NONE',  ( -11.50000000000000000, 1.408343819019455979E-15, 2.500000000000000000 ) ) ;
#2208 = DIRECTION ( 'NONE',  ( -0.4647231720437570157, 0.8854560256532159057, 0.000000000000000000 ) ) ;
#2209 = STYLED_ITEM ( 'NONE', ( #2597 ), #44 ) ;
#2210 = EDGE_CURVE ( 'NONE', #1610, #83, #2488, .T. ) ;
#2211 = EDGE_LOOP ( 'NONE', ( #2457, #864, #1809, #2115 ) ) ;
#2212 = DIRECTION ( 'NONE',  ( 0.000000000000000000, 0.000000000000000000, 1.000000000000000000 ) ) ;
#2213 = CIRCLE ( 'NONE', #257, 6.000000000000000000 ) ;
#2214 = CIRCLE ( 'NONE', #1386, 7.546703296703309860 ) ;
#2215 = SURFACE_SIDE_STYLE ('',( #1552 ) ) ;
#2216 = FILL_AREA_STYLE_COLOUR ( '', #2527 ) ;
#2217 = CARTESIAN_POINT ( 'NONE',  ( 0.000000000000000000, 0.000000000000000000, 1.314988271469590186 ) ) ;
#2218 = ORIENTED_EDGE ( 'NONE', *, *, #2152, .T. ) ;
#2219 = DIRECTION ( 'NONE',  ( 0.000000000000000000, 0.000000000000000000, -1.000000000000000000 ) ) ;
#2220 = PRESENTATION_LAYER_ASSIGNMENT (  '', '', ( #1131 ) ) ;
#2221 = EDGE_CURVE ( 'NONE', #1987, #2632, #669, .T. ) ;
#2222 = AXIS2_PLACEMENT_3D ( 'NONE', #2108, #1480, #694 ) ;
#2223 = FACE_OUTER_BOUND ( 'NONE', #2234, .T. ) ;
#2224 = VERTEX_POINT ( 'NONE', #1626 ) ;
#2225 = CIRCLE ( 'NONE', #2003, 8.953296703296699022 ) ;
#2226 = DIRECTION ( 'NONE',  ( -1.000000000000000000, 0.000000000000000000, 0.000000000000000000 ) ) ;
#2227 = AXIS2_PLACEMENT_3D ( 'NONE', #868, #1910, #1289 ) ;
#2228 = VERTEX_POINT ( 'NONE', #794 ) ;
#2229 = PRESENTATION_STYLE_ASSIGNMENT (( #598 ) ) ;
#2230 = AXIS2_PLACEMENT_3D ( 'NONE', #640, #2104, #865 ) ;
#2231 = CIRCLE ( 'NONE', #2274, 1.314988271469589520 ) ;
#2232 = PRESENTATION_STYLE_ASSIGNMENT (( #391 ) ) ;
#2233 = FACE_OUTER_BOUND ( 'NONE', #368, .T. ) ;
#2234 = EDGE_LOOP ( 'NONE', ( #1723, #1508, #2519, #164 ) ) ;
#2235 = DIRECTION ( 'NONE',  ( 0.9709418174260536771, 0.2393156642875514384, -0.000000000000000000 ) ) ;
#2236 = FACE_BOUND ( 'NONE', #409, .T. ) ;
#2237 = CARTESIAN_POINT ( 'NONE',  ( -6.884447684886219498, 0.8359232912888598932, 9.876762071816181055E-16 ) ) ;
#2238 = EDGE_CURVE ( 'NONE', #2647, #2338, #2529, .T. ) ;
#2239 = DIRECTION ( 'NONE',  ( -0.5680647467311655818, -0.8229838658936495799, 0.000000000000000000 ) ) ;
#2240 = EDGE_LOOP ( 'NONE', ( #2110, #1660 ) ) ;
#2241 = ADVANCED_FACE ( 'NONE', ( #2454 ), #594, .T. ) ;
#2242 = ORIENTED_EDGE ( 'NONE', *, *, #2559, .F. ) ;
#2243 = DIRECTION ( 'NONE',  ( -0.2393156642875653994, -0.9709418174260502354, 0.000000000000000000 ) ) ;
#2244 = ADVANCED_FACE ( 'NONE', ( #2671 ), #819, .T. ) ;
#2245 = CARTESIAN_POINT ( 'NONE',  ( 0.000000000000000000, 0.000000000000000000, 1.649999999999999911 ) ) ;
#2246 = DIRECTION ( 'NONE',  ( 1.000000000000000000, 0.000000000000000000, 0.000000000000000000 ) ) ;
#2247 = ORIENTED_EDGE ( 'NONE', *, *, #645, .F. ) ;
#2248 = FACE_OUTER_BOUND ( 'NONE', #2348, .T. ) ;
#2249 = SPHERICAL_SURFACE ( 'NONE', #797, 1.314988271469590186 ) ;
#2250 = FACE_OUTER_BOUND ( 'NONE', #2575, .T. ) ;
#2251 = EDGE_LOOP ( 'NONE', ( #2281, #1959 ) ) ;
#2252 =( LENGTH_UNIT ( ) NAMED_UNIT ( * ) SI_UNIT ( .MILLI., .METRE. ) );
#2253 = AXIS2_PLACEMENT_3D ( 'NONE', #2197, #738, #2208 ) ;
#2254 = ORIENTED_EDGE ( 'NONE', *, *, #315, .F. ) ;
#2255 = FILL_AREA_STYLE_COLOUR ( '', #1906 ) ;
#2256 = ADVANCED_FACE ( 'NONE', ( #1440 ), #2279, .T. ) ;
#2257 = AXIS2_PLACEMENT_3D ( 'NONE', #1583, #536, #749 ) ;
#2258 = DIRECTION ( 'NONE',  ( 1.000000000000000000, 0.000000000000000000, 0.000000000000000000 ) ) ;
#2259 = ORIENTED_EDGE ( 'NONE', *, *, #2269, .T. ) ;
#2260 = CARTESIAN_POINT ( 'NONE',  ( -7.546703296703309860, 9.242046036422477822E-16, 1.314988271469590186 ) ) ;
#2261 = DIRECTION ( 'NONE',  ( 0.7071067811865441310, 0.000000000000000000, -0.7071067811865510144 ) ) ;
#2262 =( GEOMETRIC_REPRESENTATION_CONTEXT ( 3 ) GLOBAL_UNCERTAINTY_ASSIGNED_CONTEXT ( ( #110 ) ) GLOBAL_UNIT_ASSIGNED_CONTEXT ( ( #131, #1592, #770 ) ) REPRESENTATION_CONTEXT ( 'NONE', 'WORKASPACE' ) );
#2263 = SURFACE_STYLE_USAGE ( .BOTH. , #2061 ) ;
#2264 = AXIS2_PLACEMENT_3D ( 'NONE', #1937, #2136, #888 ) ;
#2265 = CONICAL_SURFACE ( 'NONE', #2605, 10.75000000000000000, 0.7853981633974320697 ) ;
#2266 = EDGE_LOOP ( 'NONE', ( #1636, #2089 ) ) ;
#2267 = PRESENTATION_STYLE_ASSIGNMENT (( #2652 ) ) ;
#2268 = CIRCLE ( 'NONE', #235, 11.50000000000000000 ) ;
#2269 = EDGE_CURVE ( 'NONE', #427, #2224, #21, .T. ) ;
#2270 = EDGE_CURVE ( 'NONE', #1260, #1663, #904, .T. ) ;
#2271 = PRESENTATION_LAYER_ASSIGNMENT (  '', '', ( #751 ) ) ;
#2272 = DIRECTION ( 'NONE',  ( -1.000000000000000000, 0.000000000000000000, 0.000000000000000000 ) ) ;
#2273 = VERTEX_POINT ( 'NONE', #500 ) ;
#2274 = AXIS2_PLACEMENT_3D ( 'NONE', #166, #2607, #1391 ) ;
#2275 = DIRECTION ( 'NONE',  ( 1.000000000000000000, 0.000000000000000000, 0.000000000000000000 ) ) ;
#2276 = DIRECTION ( 'NONE',  ( 0.000000000000000000, 0.000000000000000000, -1.000000000000000000 ) ) ;
#2277 = LINE ( 'NONE', #2058, #1091 ) ;
#2278 = EDGE_CURVE ( 'NONE', #2381, #1789, #1744, .T. ) ;
#2279 = SPHERICAL_SURFACE ( 'NONE', #2366, 1.314988271469590186 ) ;
#2280 = ORIENTED_EDGE ( 'NONE', *, *, #1310, .F. ) ;
#2281 = ORIENTED_EDGE ( 'NONE', *, *, #2660, .T. ) ;
#2282 = DIRECTION ( 'NONE',  ( 0.4647231720437703384, 0.8854560256532089113, 0.000000000000000000 ) ) ;
#2283 = DIRECTION ( 'NONE',  ( 0.000000000000000000, 0.000000000000000000, -1.000000000000000000 ) ) ;
#2284 = ORIENTED_EDGE ( 'NONE', *, *, #2117, .F. ) ;
#2285 = FACE_OUTER_BOUND ( 'NONE', #1081, .T. ) ;
#2286 = ADVANCED_FACE ( 'NONE', ( #38 ), #470, .T. ) ;
#2287 = CARTESIAN_POINT ( 'NONE',  ( 8.601648351648348623, 0.000000000000000000, -2.500000000000000000 ) ) ;
#2288 = CARTESIAN_POINT ( 'NONE',  ( 7.713884002154659747, -2.925490318100949949, 8.266365894244630389E-16 ) ) ;
#2289 = ORIENTED_EDGE ( 'NONE', *, *, #2624, .T. ) ;
#2290 = LINE ( 'NONE', #462, #2547 ) ;
#2291 =( NAMED_UNIT ( * ) SI_UNIT ( $, .STERADIAN. ) SOLID_ANGLE_UNIT ( ) );
#2292 = ORIENTED_EDGE ( 'NONE', *, *, #1629, .T. ) ;
#2293 = PRESENTATION_LAYER_ASSIGNMENT (  '', '', ( #2294 ) ) ;
#2294 = STYLED_ITEM ( 'NONE', ( #2456 ), #75 ) ;
#2295 = CYLINDRICAL_SURFACE ( 'NONE', #2139, 7.546703296703309860 ) ;
#2296 = FACE_BOUND ( 'NONE', #1467, .T. ) ;
#2297 = VECTOR ( 'NONE', #850, 1000.000000000000000 ) ;
#2298 = ORIENTED_EDGE ( 'NONE', *, *, #2002, .T. ) ;
#2299 = PLANE ( 'NONE',  #1319 ) ;
#2300 = CARTESIAN_POINT ( 'NONE',  ( 0.000000000000000000, 0.000000000000000000, 0.000000000000000000 ) ) ;
#2301 = FACE_OUTER_BOUND ( 'NONE', #1935, .T. ) ;
#2302 = CIRCLE ( 'NONE', #784, 1.314988271469587966 ) ;
#2303 = DIRECTION ( 'NONE',  ( 0.9350162426854128350, -0.3546048870425406729, 0.000000000000000000 ) ) ;
#2304 = ORIENTED_EDGE ( 'NONE', *, *, #1629, .F. ) ;
#2305 = EDGE_CURVE ( 'NONE', #587, #1338, #711, .T. ) ;
#2306 = DIRECTION ( 'NONE',  ( 0.000000000000000000, -1.000000000000000000, 0.000000000000000000 ) ) ;
#2307 = DIRECTION ( 'NONE',  ( 0.000000000000000000, 1.000000000000000000, 0.000000000000000000 ) ) ;
#2308 = EDGE_CURVE ( 'NONE', #401, #2425, #1191, .T. ) ;
#2309 = MECHANICAL_DESIGN_GEOMETRIC_PRESENTATION_REPRESENTATION (  '', ( #1131 ), #2262 ) ;
#2310 = ORIENTED_EDGE ( 'NONE', *, *, #2122, .F. ) ;
#2311 = AXIS2_PLACEMENT_3D ( 'NONE', #1245, #1438, #2464 ) ;
#2312 = CIRCLE ( 'NONE', #702, 7.898351648351649601 ) ;
#2313 = CYLINDRICAL_SURFACE ( 'NONE', #1234, 7.898351648351649601 ) ;
#2314 = DIRECTION ( 'NONE',  ( 0.9709418174260502354, -0.2393156642875654272, 0.000000000000000000 ) ) ;
#2315 = CIRCLE ( 'NONE', #2135, 10.25000000000000000 ) ;
#2316 = EDGE_LOOP ( 'NONE', ( #200, #872, #583, #1579 ) ) ;
#2317 =( GEOMETRIC_REPRESENTATION_CONTEXT ( 3 ) GLOBAL_UNCERTAINTY_ASSIGNED_CONTEXT ( ( #2669 ) ) GLOBAL_UNIT_ASSIGNED_CONTEXT ( ( #172, #1822, #2655 ) ) REPRESENTATION_CONTEXT ( 'NONE', 'WORKASPACE' ) );
#2318 = DIRECTION ( 'NONE',  ( 0.000000000000000000, 0.000000000000000000, -1.000000000000000000 ) ) ;
#2319 = VECTOR ( 'NONE', #73, 1000.000000000000000 ) ;
#2320 = DIRECTION ( 'NONE',  ( 0.000000000000000000, 0.000000000000000000, 1.000000000000000000 ) ) ;
#2321 = AXIS2_PLACEMENT_3D ( 'NONE', #1875, #589, #2081 ) ;
#2322 = SPHERICAL_SURFACE ( 'NONE', #1570, 1.314988271469590186 ) ;
#2323 = VERTEX_POINT ( 'NONE', #1709 ) ;
#2324 = FACE_OUTER_BOUND ( 'NONE', #1046, .T. ) ;
#2325 = EDGE_CURVE ( 'NONE', #286, #1292, #2530, .T. ) ;
#2326 = VERTEX_POINT ( 'NONE', #1504 ) ;
#2327 = EDGE_CURVE ( 'NONE', #1237, #844, #1291, .T. ) ;
#2328 = CARTESIAN_POINT ( 'NONE',  ( 0.000000000000000000, 0.000000000000000000, -1.111111111111109828 ) ) ;
#2329 = CARTESIAN_POINT ( 'NONE',  ( 0.000000000000000000, 0.000000000000000000, -2.500000000000000000 ) ) ;
#2330 = ORIENTED_EDGE ( 'NONE', *, *, #827, .F. ) ;
#2331 = ADVANCED_FACE ( 'NONE', ( #2137 ), #266, .T. ) ;
#2332 = FACE_OUTER_BOUND ( 'NONE', #803, .T. ) ;
#2333 = ADVANCED_FACE ( 'NONE', ( #1494 ), #1361, .F. ) ;
#2334 = DIRECTION ( 'NONE',  ( 0.000000000000000000, 0.000000000000000000, 1.000000000000000000 ) ) ;
#2335 = DIRECTION ( 'NONE',  ( 1.000000000000000000, 0.000000000000000000, 0.000000000000000000 ) ) ;
#2336 = EDGE_LOOP ( 'NONE', ( #1533, #2242 ) ) ;
#2337 = FILL_AREA_STYLE_COLOUR ( '', #178 ) ;
#2338 = VERTEX_POINT ( 'NONE', #2347 ) ;
#2339 = CARTESIAN_POINT ( 'NONE',  ( 0.000000000000000000, 0.000000000000000000, -2.500000000000000000 ) ) ;
#2340 = EDGE_CURVE ( 'NONE', #71, #1995, #713, .T. ) ;
#2341 = CARTESIAN_POINT ( 'NONE',  ( -1.974354230372415309, -8.010269993764911334, 8.266365894244630389E-16 ) ) ;
#2342 = PRODUCT_DEFINITION ( 'General', '', #758, #1939 ) ;
#2343 = PRESENTATION_LAYER_ASSIGNMENT (  '', '', ( #2209 ) ) ;
#2344 = DIRECTION ( 'NONE',  ( -0.7071067811865410224, 8.659560562354849042E-17, -0.7071067811865540120 ) ) ;
#2345 = AXIS2_PLACEMENT_3D ( 'NONE', #733, #1994, #2420 ) ;
#2346 = DIRECTION ( 'NONE',  ( -1.000000000000000000, 0.000000000000000000, 0.000000000000000000 ) ) ;
#2347 = CARTESIAN_POINT ( 'NONE',  ( 0.000000000000000000, 9.564988271469589520, 8.266365894244630389E-16 ) ) ;
#2348 = EDGE_LOOP ( 'NONE', ( #1027, #2367, #2142, #281 ) ) ;
#2349 = AXIS2_PLACEMENT_3D ( 'NONE', #1715, #2314, #1475 ) ;
#2350 = ORIENTED_EDGE ( 'NONE', *, *, #2040, .T. ) ;
#2351 = STYLED_ITEM ( 'NONE', ( #1588 ), #995 ) ;
#2352 = DIRECTION ( 'NONE',  ( 0.9709418174260536771, 0.2393156642875514384, -0.000000000000000000 ) ) ;
#2353 = DIRECTION ( 'NONE',  ( 0.000000000000000000, -1.000000000000000000, -1.189060788869126619E-16 ) ) ;
#2354 = AXIS2_PLACEMENT_3D ( 'NONE', #2121, #265, #2505 ) ;
#2355 = ADVANCED_FACE ( 'NONE', ( #484 ), #2322, .T. ) ;
#2356 = DIRECTION ( 'NONE',  ( 0.000000000000000000, -1.000000000000000000, 0.000000000000000000 ) ) ;
#2357 = CIRCLE ( 'NONE', #13, 8.953296703296699022 ) ;
#2358 = ORIENTED_EDGE ( 'NONE', *, *, #2408, .T. ) ;
#2359 = LINE ( 'NONE', #1078, #489 ) ;
#2360 = DIRECTION ( 'NONE',  ( 1.000000000000000000, 0.000000000000000000, 0.000000000000000000 ) ) ;
#2361 = UNCERTAINTY_MEASURE_WITH_UNIT (LENGTH_MEASURE( 1.000000000000000082E-05 ), #2032, 'distance_accuracy_value', 'NONE');
#2362 = ORIENTED_EDGE ( 'NONE', *, *, #2169, .T. ) ;
#2363 = CIRCLE ( 'NONE', #1483, 1.314988271469589742 ) ;
#2364 = FACE_OUTER_BOUND ( 'NONE', #996, .T. ) ;
#2365 = EDGE_CURVE ( 'NONE', #510, #405, #1065, .T. ) ;
#2366 = AXIS2_PLACEMENT_3D ( 'NONE', #414, #1246, #635 ) ;
#2367 = ORIENTED_EDGE ( 'NONE', *, *, #106, .T. ) ;
#2368 = CARTESIAN_POINT ( 'NONE',  ( -4.598763412354220037, -5.190930817497619643, 9.876762071816181055E-16 ) ) ;
#2369 = LINE ( 'NONE', #969, #1473 ) ;
#2370 = CARTESIAN_POINT ( 'NONE',  ( -8.189848211308939696, 0.9944276121065038776, 8.266365894244630389E-16 ) ) ;
#2371 = ORIENTED_EDGE ( 'NONE', *, *, #2410, .F. ) ;
#2372 = CARTESIAN_POINT ( 'NONE',  ( -5.470761930486609970, -6.175213672411539179, 8.266365894244630389E-16 ) ) ;
#2373 = ORIENTED_EDGE ( 'NONE', *, *, #1430, .F. ) ;
#2374 = EDGE_CURVE ( 'NONE', #1336, #1422, #2614, .T. ) ;
#2375 = VERTEX_POINT ( 'NONE', #1684 ) ;
#2376 = DIRECTION ( 'NONE',  ( 0.000000000000000000, 1.000000000000000000, 0.000000000000000000 ) ) ;
#2377 = DIRECTION ( 'NONE',  ( 0.4647231720437703384, 0.8854560256532089113, 0.000000000000000000 ) ) ;
#2378 = CARTESIAN_POINT ( 'NONE',  ( 0.000000000000000000, 0.000000000000000000, 1.399999999999999911 ) ) ;
#2379 = DIRECTION ( 'NONE',  ( 0.000000000000000000, 0.000000000000000000, 1.000000000000000000 ) ) ;
#2380 = CLOSED_SHELL ( 'NONE', ( #1107, #100, #2663, #2088 ) ) ;
#2381 = VERTEX_POINT ( 'NONE', #80 ) ;
#2382 = MECHANICAL_DESIGN_GEOMETRIC_PRESENTATION_REPRESENTATION (  '', ( #520 ), #1257 ) ;
#2383 = CARTESIAN_POINT ( 'NONE',  ( 0.000000000000000000, 10.25000000000000000, -2.500000000000000000 ) ) ;
#2384 = DIRECTION ( 'NONE',  ( 0.9709418174260536771, 0.2393156642875514384, -0.000000000000000000 ) ) ;
#2385 = ORIENTED_EDGE ( 'NONE', *, *, #1340, .F. ) ;
#2386 = DIRECTION ( 'NONE',  ( 1.000000000000000000, 0.000000000000000000, 0.000000000000000000 ) ) ;
#2387 = AXIS2_PLACEMENT_3D ( 'NONE', #1376, #1760, #2574 ) ;
#2388 = FILL_AREA_STYLE_COLOUR ( '', #1868 ) ;
#2389 = ADVANCED_FACE ( 'NONE', ( #889 ), #2518, .T. ) ;
#2390 = AXIS2_PLACEMENT_3D ( 'NONE', #2329, #886, #2526 ) ;
#2391 = VERTEX_POINT ( 'NONE', #2550 ) ;
#2392 = DIRECTION ( 'NONE',  ( -1.224646799147351975E-16, -1.000000000000000000, 0.000000000000000000 ) ) ;
#2393 = PRESENTATION_STYLE_ASSIGNMENT (( #294 ) ) ;
#2394 = AXIS2_PLACEMENT_3D ( 'NONE', #954, #2190, #557 ) ;
#2395 = SURFACE_STYLE_FILL_AREA ( #1933 ) ;
#2396 = DIRECTION ( 'NONE',  ( 0.8229838658936577955, 0.5680647467311539245, 0.000000000000000000 ) ) ;
#2397 = CIRCLE ( 'NONE', #1226, 8.953296703296699022 ) ;
#2398 = EDGE_LOOP ( 'NONE', ( #250, #1283, #467, #1106 ) ) ;
#2399 = CARTESIAN_POINT ( 'NONE',  ( 0.000000000000000000, 0.000000000000000000, -0.1172161172161163972 ) ) ;
#2400 = LINE ( 'NONE', #1778, #1439 ) ;
#2401 = ORIENTED_EDGE ( 'NONE', *, *, #243, .T. ) ;
#2402 = FACE_OUTER_BOUND ( 'NONE', #362, .T. ) ;
#2403 =( GEOMETRIC_REPRESENTATION_CONTEXT ( 3 ) GLOBAL_UNCERTAINTY_ASSIGNED_CONTEXT ( ( #541 ) ) GLOBAL_UNIT_ASSIGNED_CONTEXT ( ( #1184, #1593, #1608 ) ) REPRESENTATION_CONTEXT ( 'NONE', 'WORKASPACE' ) );
#2404 = AXIS2_PLACEMENT_3D ( 'NONE', #2328, #327, #1944 ) ;
#2405 = VERTEX_POINT ( 'NONE', #975 ) ;
#2406 = AXIS2_PLACEMENT_3D ( 'NONE', #1639, #1814, #227 ) ;
#2407 = CARTESIAN_POINT ( 'NONE',  ( -10.50000000000000000, 1.285879139104722014E-15, -2.250000000000000000 ) ) ;
#2408 = EDGE_CURVE ( 'NONE', #649, #1559, #2054, .T. ) ;
#2409 = CYLINDRICAL_SURFACE ( 'NONE', #223, 8.953296703296699022 ) ;
#2410 = EDGE_CURVE ( 'NONE', #2106, #2421, #879, .T. ) ;
#2411 = VERTEX_POINT ( 'NONE', #1368 ) ;
#2412 = CARTESIAN_POINT ( 'NONE',  ( -7.713884002154699715, -2.925490318100844700, 8.266365894244630389E-16 ) ) ;
#2413 = DIRECTION ( 'NONE',  ( 0.000000000000000000, 0.000000000000000000, 1.000000000000000000 ) ) ;
#2414 = VERTEX_POINT ( 'NONE', #1190 ) ;
#2415 = DIRECTION ( 'NONE',  ( -0.9350162426854180531, -0.3546048870425270727, 0.000000000000000000 ) ) ;
#2416 = ORIENTED_EDGE ( 'NONE', *, *, #1320, .F. ) ;
#2417 = FILL_AREA_STYLE ('',( #2156 ) ) ;
#2418 = CARTESIAN_POINT ( 'NONE',  ( 11.50000000000000000, 0.000000000000000000, -2.500000000000000000 ) ) ;
#2419 = ADVANCED_FACE ( 'NONE', ( #1351 ), #138, .T. ) ;
#2420 = DIRECTION ( 'NONE',  ( 1.000000000000000000, 0.000000000000000000, 0.000000000000000000 ) ) ;
#2421 = VERTEX_POINT ( 'NONE', #2179 ) ;
#2422 = DIRECTION ( 'NONE',  ( 1.000000000000000000, 0.000000000000000000, 0.000000000000000000 ) ) ;
#2423 = DIRECTION ( 'NONE',  ( 1.000000000000000000, 0.000000000000000000, 0.000000000000000000 ) ) ;
#2424 =( NAMED_UNIT ( * ) SI_UNIT ( $, .STERADIAN. ) SOLID_ANGLE_UNIT ( ) );
#2425 = VERTEX_POINT ( 'NONE', #1586 ) ;
#2426 = AXIS2_PLACEMENT_3D ( 'NONE', #862, #1882, #1928 ) ;
#2427 = AXIS2_PLACEMENT_3D ( 'NONE', #2192, #2379, #2432 ) ;
#2428 = VERTEX_POINT ( 'NONE', #767 ) ;
#2429 =( NAMED_UNIT ( * ) PLANE_ANGLE_UNIT ( ) SI_UNIT ( $, .RADIAN. ) );
#2430 = CIRCLE ( 'NONE', #478, 7.546703296703309860 ) ;
#2431 = DIRECTION ( 'NONE',  ( 0.000000000000000000, 0.000000000000000000, -1.000000000000000000 ) ) ;
#2432 = DIRECTION ( 'NONE',  ( -1.000000000000000000, 0.000000000000000000, 0.000000000000000000 ) ) ;
#2433 = ORIENTED_EDGE ( 'NONE', *, *, #2103, .T. ) ;
#2434 = EDGE_CURVE ( 'NONE', #783, #1887, #321, .T. ) ;
#2435 = CARTESIAN_POINT ( 'NONE',  ( 1.974354230372300067, -8.010269993764939755, 8.266365894244630389E-16 ) ) ;
#2436 = AXIS2_PLACEMENT_3D ( 'NONE', #1537, #2600, #2006 ) ;
#2437 = CARTESIAN_POINT ( 'NONE',  ( 0.000000000000000000, 0.000000000000000000, 1.399999999999999911 ) ) ;
#2438 = AXIS2_PLACEMENT_3D ( 'NONE', #674, #92, #647 ) ;
#2439 = DIRECTION ( 'NONE',  ( 0.000000000000000000, 0.000000000000000000, 1.000000000000000000 ) ) ;
#2440 = ORIENTED_EDGE ( 'NONE', *, *, #681, .T. ) ;
#2441 = AXIS2_PLACEMENT_3D ( 'NONE', #2412, #2620, #1750 ) ;
#2442 = FILL_AREA_STYLE_COLOUR ( '', #1300 ) ;
#2443 = EDGE_CURVE ( 'NONE', #1230, #1663, #2447, .T. ) ;
#2444 = CIRCLE ( 'NONE', #275, 7.546703296703309860 ) ;
#2445 = ORIENTED_EDGE ( 'NONE', *, *, #1529, .T. ) ;
#2446 = VECTOR ( 'NONE', #1690, 1000.000000000000000 ) ;
#2447 = CIRCLE ( 'NONE', #625, 10.75000000000000000 ) ;
#2448 = CYLINDRICAL_SURFACE ( 'NONE', #791, 8.953296703296699022 ) ;
#2449 = DIRECTION ( 'NONE',  ( -1.000000000000000000, 0.000000000000000000, 0.000000000000000000 ) ) ;
#2450 = ORIENTED_EDGE ( 'NONE', *, *, #118, .F. ) ;
#2451 = FACE_BOUND ( 'NONE', #2336, .T. ) ;
#2452 = CARTESIAN_POINT ( 'NONE',  ( -2.289051522089519786, -9.287047095959540144, 8.266365894244630389E-16 ) ) ;
#2453 = DIRECTION ( 'NONE',  ( -0.1205366802553200500, 0.9927088740980544168, 0.000000000000000000 ) ) ;
#2454 = FACE_OUTER_BOUND ( 'NONE', #678, .T. ) ;
#2455 = ORIENTED_EDGE ( 'NONE', *, *, #1029, .F. ) ;
#2456 = PRESENTATION_STYLE_ASSIGNMENT (( #978 ) ) ;
#2457 = ORIENTED_EDGE ( 'NONE', *, *, #1745, .T. ) ;
#2458 = SURFACE_SIDE_STYLE ('',( #1621 ) ) ;
#2459 = DIRECTION ( 'NONE',  ( 1.000000000000000000, 0.000000000000000000, 0.000000000000000000 ) ) ;
#2460 = ORIENTED_EDGE ( 'NONE', *, *, #2122, .T. ) ;
#2461 = SPHERICAL_SURFACE ( 'NONE', #2644, 1.314988271469590186 ) ;
#2462 = DIRECTION ( 'NONE',  ( -1.000000000000000000, 0.000000000000000000, 0.000000000000000000 ) ) ;
#2463 = UNCERTAINTY_MEASURE_WITH_UNIT (LENGTH_MEASURE( 1.000000000000000082E-05 ), #1773, 'distance_accuracy_value', 'NONE');
#2464 = DIRECTION ( 'NONE',  ( 1.000000000000000000, 0.000000000000000000, 1.007864557116571756E-16 ) ) ;
#2465 = DIRECTION ( 'NONE',  ( -0.5680647467311655818, -0.8229838658936495799, 0.000000000000000000 ) ) ;
#2466 = EDGE_LOOP ( 'NONE', ( #184, #2634 ) ) ;
#2467 = PRESENTATION_STYLE_ASSIGNMENT (( #403 ) ) ;
#2468 =( GEOMETRIC_REPRESENTATION_CONTEXT ( 3 ) GLOBAL_UNCERTAINTY_ASSIGNED_CONTEXT ( ( #167 ) ) GLOBAL_UNIT_ASSIGNED_CONTEXT ( ( #2252, #809, #1803 ) ) REPRESENTATION_CONTEXT ( 'NONE', 'WORKASPACE' ) );
#2469 = EDGE_CURVE ( 'NONE', #656, #283, #1235, .T. ) ;
#2470 = EDGE_CURVE ( 'NONE', #2421, #2106, #2231, .T. ) ;
#2471 = ORIENTED_EDGE ( 'NONE', *, *, #1285, .F. ) ;
#2472 = AXIS2_PLACEMENT_3D ( 'NONE', #420, #393, #1252 ) ;
#2473 = CARTESIAN_POINT ( 'NONE',  ( 0.000000000000000000, 0.000000000000000000, -2.500000000000000000 ) ) ;
#2474 = DIRECTION ( 'NONE',  ( 0.6631226582407918624, -0.7485107481711040789, 0.000000000000000000 ) ) ;
#2475 = ORIENTED_EDGE ( 'NONE', *, *, #410, .T. ) ;
#2476 = ADVANCED_FACE ( 'NONE', ( #920 ), #1160, .T. ) ;
#2477 = LINE ( 'NONE', #175, #2047 ) ;
#2478 = CARTESIAN_POINT ( 'NONE',  ( -8.189848211308939696, 0.9944276121065038776, 8.266365894244630389E-16 ) ) ;
#2479 = AXIS2_PLACEMENT_3D ( 'NONE', #1801, #2622, #1353 ) ;
#2480 = DIRECTION ( 'NONE',  ( -0.7071067811865365815, 8.659560562354743039E-17, -0.7071067811865584529 ) ) ;
#2481 = ORIENTED_EDGE ( 'NONE', *, *, #1749, .T. ) ;
#2482 = CARTESIAN_POINT ( 'NONE',  ( 0.000000000000000000, 0.000000000000000000, 1.649999999999999911 ) ) ;
#2483 = DIRECTION ( 'NONE',  ( 1.000000000000000000, 0.000000000000000000, 0.000000000000000000 ) ) ;
#2484 = AXIS2_PLACEMENT_3D ( 'NONE', #124, #2219, #1776 ) ;
#2485 = ORIENTED_EDGE ( 'NONE', *, *, #2238, .T. ) ;
#2486 = MECHANICAL_DESIGN_GEOMETRIC_PRESENTATION_REPRESENTATION (  '', ( #1138 ), #1876 ) ;
#2487 = DIRECTION ( 'NONE',  ( -0.5680647467311655818, -0.8229838658936495799, 0.000000000000000000 ) ) ;
#2488 = CIRCLE ( 'NONE', #494, 1.314988271469581749 ) ;
#2489 = EDGE_CURVE ( 'NONE', #2651, #1797, #2400, .T. ) ;
#2490 = CARTESIAN_POINT ( 'NONE',  ( 7.546703296703309860, 0.000000000000000000, -1.314988271469587966 ) ) ;
#2491 = VERTEX_POINT ( 'NONE', #1970 ) ;
#2492 = AXIS2_PLACEMENT_3D ( 'NONE', #334, #1982, #1998 ) ;
#2493 = CARTESIAN_POINT ( 'NONE',  ( 8.250000000000000000, 0.000000000000000000, 4.336808689942014778E-16 ) ) ;
#2494 = CARTESIAN_POINT ( 'NONE',  ( -8.953296703296699022, 1.096462614950885909E-15, -1.314988271469587966 ) ) ;
#2495 = DIRECTION ( 'NONE',  ( 1.000000000000000000, 0.000000000000000000, 0.000000000000000000 ) ) ;
#2496 = ORIENTED_EDGE ( 'NONE', *, *, #2674, .F. ) ;
#2497 = SPHERICAL_SURFACE ( 'NONE', #259, 1.314988271469590186 ) ;
#2498 = ORIENTED_EDGE ( 'NONE', *, *, #307, .T. ) ;
#2499 = LINE ( 'NONE', #1044, #2319 ) ;
#2500 = FACE_OUTER_BOUND ( 'NONE', #1382, .T. ) ;
#2501 = VERTEX_POINT ( 'NONE', #722 ) ;
#2502 = ADVANCED_FACE ( 'NONE', ( #1174 ), #1575, .T. ) ;
#2503 = SPHERICAL_SURFACE ( 'NONE', #150, 1.314988271469590186 ) ;
#2504 = CARTESIAN_POINT ( 'NONE',  ( 7.546703296703309860, 0.000000000000000000, -2.375000000000000000 ) ) ;
#2505 = DIRECTION ( 'NONE',  ( -0.9927088740980527515, 0.1205366802553335948, 0.000000000000000000 ) ) ;
#2506 = DIRECTION ( 'NONE',  ( 0.3546048870425393962, 0.9350162426854135012, -0.000000000000000000 ) ) ;
#2507 = DIRECTION ( 'NONE',  ( 0.000000000000000000, 0.000000000000000000, 1.000000000000000000 ) ) ;
#2508 = ORIENTED_EDGE ( 'NONE', *, *, #128, .F. ) ;
#2509 = CLOSED_SHELL ( 'NONE', ( #2355, #2476, #1313, #2155 ) ) ;
#2510 = AXIS2_PLACEMENT_3D ( 'NONE', #1175, #140, #2568 ) ;
#2511 = FACE_OUTER_BOUND ( 'NONE', #2093, .T. ) ;
#2512 = AXIS2_PLACEMENT_3D ( 'NONE', #3, #209, #173 ) ;
#2513 = ORIENTED_EDGE ( 'NONE', *, *, #613, .T. ) ;
#2514 = AXIS2_PLACEMENT_3D ( 'NONE', #408, #1240, #1510 ) ;
#2515 = DIRECTION ( 'NONE',  ( 0.000000000000000000, 0.000000000000000000, 1.000000000000000000 ) ) ;
#2516 = ADVANCED_FACE ( 'NONE', ( #125 ), #346, .T. ) ;
#2517 = CARTESIAN_POINT ( 'NONE',  ( -6.000000000000000000, 7.347880794884119736E-16, -2.500000000000000000 ) ) ;
#2518 = SPHERICAL_SURFACE ( 'NONE', #543, 1.314988271469590186 ) ;
#2519 = ORIENTED_EDGE ( 'NONE', *, *, #2018, .T. ) ;
#2520 = LINE ( 'NONE', #229, #2297 ) ;
#2521 = ADVANCED_FACE ( 'NONE', ( #1542 ), #1787, .F. ) ;
#2522 = ORIENTED_EDGE ( 'NONE', *, *, #1310, .T. ) ;
#2523 = EDGE_CURVE ( 'NONE', #1021, #2323, #963, .T. ) ;
#2524 = CIRCLE ( 'NONE', #1607, 7.546703296703309860 ) ;
#2525 = DIRECTION ( 'NONE',  ( 0.000000000000000000, 1.000000000000000000, 0.000000000000000000 ) ) ;
#2526 = DIRECTION ( 'NONE',  ( 1.000000000000000000, 0.000000000000000000, 0.000000000000000000 ) ) ;
#2527 = COLOUR_RGB ( '',0.7921568627450980005, 0.8196078431372548767, 0.9333333333333333481 ) ;
#2528 = ORIENTED_EDGE ( 'NONE', *, *, #560, .T. ) ;
#2529 = CIRCLE ( 'NONE', #2007, 1.314988271469590186 ) ;
#2530 = CIRCLE ( 'NONE', #65, 7.546703296703309860 ) ;
#2531 = SPHERICAL_SURFACE ( 'NONE', #2354, 1.314988271469590186 ) ;
#2532 = CARTESIAN_POINT ( 'NONE',  ( -3.833966169361000098, 7.305012211639029474, 8.266365894244630389E-16 ) ) ;
#2533 = EDGE_LOOP ( 'NONE', ( #2583, #40 ) ) ;
#2534 = EDGE_CURVE ( 'NONE', #364, #2501, #497, .T. ) ;
#2535 = VERTEX_POINT ( 'NONE', #2494 ) ;
#2536 = DIRECTION ( 'NONE',  ( 0.000000000000000000, 0.000000000000000000, -1.000000000000000000 ) ) ;
#2537 = CARTESIAN_POINT ( 'NONE',  ( -6.250000000000000000, 7.654042494670939857E-16, -2.500000000000000000 ) ) ;
#2538 = DIRECTION ( 'NONE',  ( 2.930771622555724984E-17, -1.189060788869129824E-16, 1.000000000000000000 ) ) ;
#2539 = DIRECTION ( 'NONE',  ( 0.000000000000000000, 0.000000000000000000, 1.000000000000000000 ) ) ;
#2540 = ORIENTED_EDGE ( 'NONE', *, *, #482, .F. ) ;
#2541 = EDGE_LOOP ( 'NONE', ( #1892, #1491 ) ) ;
#2542 = EDGE_CURVE ( 'NONE', #687, #69, #1218, .T. ) ;
#2543 = CARTESIAN_POINT ( 'NONE',  ( -6.789616893622610228, 4.686534160532120907, 8.266365894244630389E-16 ) ) ;
#2544 = DIRECTION ( 'NONE',  ( -1.224646799147351975E-16, -1.000000000000000000, 0.000000000000000000 ) ) ;
#2545 = CLOSED_SHELL ( 'NONE', ( #50, #1899, #1587, #825, #15, #1864 ) ) ;
#2546 = DIRECTION ( 'NONE',  ( 1.000000000000000000, 0.000000000000000000, 0.000000000000000000 ) ) ;
#2547 = VECTOR ( 'NONE', #899, 1000.000000000000000 ) ;
#2548 = ADVANCED_FACE ( 'NONE', ( #1828 ), #1625, .F. ) ;
#2549 = FACE_OUTER_BOUND ( 'NONE', #234, .T. ) ;
#2550 = CARTESIAN_POINT ( 'NONE',  ( 8.601648351648348623, 0.000000000000000000, -0.1172161172161163972 ) ) ;
#2551 = VERTEX_POINT ( 'NONE', #2504 ) ;
#2552 = DIRECTION ( 'NONE',  ( 0.000000000000000000, 0.000000000000000000, 1.000000000000000000 ) ) ;
#2553 = ORIENTED_EDGE ( 'NONE', *, *, #2443, .F. ) ;
#2554 = FACE_OUTER_BOUND ( 'NONE', #267, .T. ) ;
#2555 = SPHERICAL_SURFACE ( 'NONE', #1898, 1.314988271469590186 ) ;
#2556 = DIRECTION ( 'NONE',  ( 0.4647231720437703384, 0.8854560256532089113, 0.000000000000000000 ) ) ;
#2557 = CIRCLE ( 'NONE', #2000, 1.314988271469589520 ) ;
#2558 = DIRECTION ( 'NONE',  ( 0.000000000000000000, 0.000000000000000000, 1.000000000000000000 ) ) ;
#2559 = EDGE_CURVE ( 'NONE', #1332, #2414, #158, .T. ) ;
#2560 = AXIS2_PLACEMENT_3D ( 'NONE', #1598, #411, #422 ) ;
#2561 = CARTESIAN_POINT ( 'NONE',  ( 7.546703296703309860, 0.000000000000000000, 1.314988271469590186 ) ) ;
#2562 = VERTEX_POINT ( 'NONE', #2452 ) ;
#2563 = CARTESIAN_POINT ( 'NONE',  ( 0.000000000000000000, 0.000000000000000000, -2.500000000000000000 ) ) ;
#2564 = CARTESIAN_POINT ( 'NONE',  ( 0.000000000000000000, 0.000000000000000000, -2.500000000000000000 ) ) ;
#2565 = UNCERTAINTY_MEASURE_WITH_UNIT (LENGTH_MEASURE( 1.000000000000000082E-05 ), #246, 'distance_accuracy_value', 'NONE');
#2566 = ORIENTED_EDGE ( 'NONE', *, *, #2631, .T. ) ;
#2567 = AXIS2_PLACEMENT_3D ( 'NONE', #621, #2083, #1026 ) ;
#2568 = DIRECTION ( 'NONE',  ( -0.4647231720437570157, 0.8854560256532159057, 0.000000000000000000 ) ) ;
#2569 = CIRCLE ( 'NONE', #114, 7.898351648351649601 ) ;
#2570 = ORIENTED_EDGE ( 'NONE', *, *, #2534, .F. ) ;
#2571 = DIRECTION ( 'NONE',  ( 0.000000000000000000, 0.000000000000000000, 1.000000000000000000 ) ) ;
#2572 = DIRECTION ( 'NONE',  ( 1.000000000000000000, 0.000000000000000000, 0.000000000000000000 ) ) ;
#2573 =( NAMED_UNIT ( * ) PLANE_ANGLE_UNIT ( ) SI_UNIT ( $, .RADIAN. ) );
#2574 = DIRECTION ( 'NONE',  ( 0.9927088740980544168, 0.1205366802553199390, 0.000000000000000000 ) ) ;
#2575 = EDGE_LOOP ( 'NONE', ( #2112, #891, #1640, #523 ) ) ;
#2576 = EDGE_CURVE ( 'NONE', #2273, #1237, #2569, .T. ) ;
#2577 = DIRECTION ( 'NONE',  ( 0.9709418174260535661, 0.2393156642875519102, 0.000000000000000000 ) ) ;
#2578 = CARTESIAN_POINT ( 'NONE',  ( 6.789616893622680394, 4.686534160532019655, 8.266365894244630389E-16 ) ) ;
#2579 = FACE_BOUND ( 'NONE', #1908, .T. ) ;
#2580 = DIRECTION ( 'NONE',  ( 1.000000000000000000, 0.000000000000000000, 0.000000000000000000 ) ) ;
#2581 = ADVANCED_FACE ( 'NONE', ( #6 ), #2249, .T. ) ;
#2582 = SURFACE_STYLE_FILL_AREA ( #170 ) ;
#2583 = ORIENTED_EDGE ( 'NONE', *, *, #690, .F. ) ;
#2584 = CARTESIAN_POINT ( 'NONE',  ( 7.871831024881538852, 5.433532639918829510, 8.266365894244630389E-16 ) ) ;
#2585 = DIRECTION ( 'NONE',  ( 0.000000000000000000, 0.000000000000000000, 1.000000000000000000 ) ) ;
#2586 = FACE_OUTER_BOUND ( 'NONE', #1215, .T. ) ;
#2587 = CARTESIAN_POINT ( 'NONE',  ( 0.000000000000000000, 0.000000000000000000, -2.500000000000000000 ) ) ;
#2588 = ORIENTED_EDGE ( 'NONE', *, *, #1227, .T. ) ;
#2589 = CARTESIAN_POINT ( 'NONE',  ( -7.546703296703309860, 9.242046036422477822E-16, 2.375000000000000000 ) ) ;
#2590 = CARTESIAN_POINT ( 'NONE',  ( 0.000000000000000000, 0.000000000000000000, 2.500000000000000000 ) ) ;
#2591 = UNCERTAINTY_MEASURE_WITH_UNIT (LENGTH_MEASURE( 1.000000000000000082E-05 ), #971, 'distance_accuracy_value', 'NONE');
#2592 = ORIENTED_EDGE ( 'NONE', *, *, #1229, .F. ) ;
#2593 = CARTESIAN_POINT ( 'NONE',  ( 7.713884002154659747, -2.925490318100949949, 8.266365894244630389E-16 ) ) ;
#2594 = AXIS2_PLACEMENT_3D ( 'NONE', #1949, #1967, #120 ) ;
#2595 = ORIENTED_EDGE ( 'NONE', *, *, #1396, .F. ) ;
#2596 = EDGE_CURVE ( 'NONE', #1021, #2323, #2008, .T. ) ;
#2597 = PRESENTATION_STYLE_ASSIGNMENT (( #1769 ) ) ;
#2598 = FACE_OUTER_BOUND ( 'NONE', #676, .T. ) ;
#2599 = ADVANCED_FACE ( 'NONE', ( #2236, #632 ), #805, .F. ) ;
#2600 = DIRECTION ( 'NONE',  ( 0.000000000000000000, 0.000000000000000000, -1.000000000000000000 ) ) ;
#2601 = CIRCLE ( 'NONE', #354, 10.50000000000000000 ) ;
#2602 = CYLINDRICAL_SURFACE ( 'NONE', #897, 8.601648351648348623 ) ;
#2603 = AXIS2_PLACEMENT_3D ( 'NONE', #1301, #1517, #660 ) ;
#2604 = ORIENTED_EDGE ( 'NONE', *, *, #1990, .F. ) ;
#2605 = AXIS2_PLACEMENT_3D ( 'NONE', #5, #1810, #1827 ) ;
#2606 = DIRECTION ( 'NONE',  ( -0.8854560256532092444, 0.4647231720437701163, 0.000000000000000000 ) ) ;
#2607 = DIRECTION ( 'NONE',  ( 1.215717745149353924E-16, 1.476148596545256108E-17, 1.000000000000000000 ) ) ;
#2608 = ORIENTED_EDGE ( 'NONE', *, *, #72, .F. ) ;
#2609 = CYLINDRICAL_SURFACE ( 'NONE', #474, 11.50000000000000000 ) ;
#2610 = PRESENTATION_LAYER_ASSIGNMENT (  '', '', ( #705 ) ) ;
#2611 =( NAMED_UNIT ( * ) SI_UNIT ( $, .STERADIAN. ) SOLID_ANGLE_UNIT ( ) );
#2612 = AXIS2_PLACEMENT_3D ( 'NONE', #1251, #841, #1885 ) ;
#2613 = ORIENTED_EDGE ( 'NONE', *, *, #1024, .F. ) ;
#2614 = CIRCLE ( 'NONE', #2098, 1.314988271469586634 ) ;
#2615 = ADVANCED_FACE ( 'NONE', ( #23 ), #323, .F. ) ;
#2616 = FACE_BOUND ( 'NONE', #2251, .T. ) ;
#2617 = DIRECTION ( 'NONE',  ( 1.000000000000000000, 0.000000000000000000, 0.000000000000000000 ) ) ;
#2618 = DIRECTION ( 'NONE',  ( 1.000000000000000000, 0.000000000000000000, 0.000000000000000000 ) ) ;
#2619 = EDGE_LOOP ( 'NONE', ( #1834, #1341, #450, #1752 ) ) ;
#2620 = DIRECTION ( 'NONE',  ( 0.3546048870425270727, -0.9350162426854180531, 0.000000000000000000 ) ) ;
#2621 = DIRECTION ( 'NONE',  ( 0.000000000000000000, 0.000000000000000000, 1.000000000000000000 ) ) ;
#2622 = DIRECTION ( 'NONE',  ( 0.000000000000000000, 0.000000000000000000, -1.000000000000000000 ) ) ;
#2623 = ORIENTED_EDGE ( 'NONE', *, *, #554, .T. ) ;
#2624 = EDGE_CURVE ( 'NONE', #1951, #305, #1415, .T. ) ;
#2625 = DIRECTION ( 'NONE',  ( 0.000000000000000000, -1.000000000000000000, 1.084370887601945476E-16 ) ) ;
#2626 = FILL_AREA_STYLE ('',( #800 ) ) ;
#2627 = CYLINDRICAL_SURFACE ( 'NONE', #2633, 8.953296703296699022 ) ;
#2628 = ORIENTED_EDGE ( 'NONE', *, *, #186, .F. ) ;
#2629 = FACE_OUTER_BOUND ( 'NONE', #1482, .T. ) ;
#2630 = DIRECTION ( 'NONE',  ( 0.000000000000000000, 0.000000000000000000, 1.000000000000000000 ) ) ;
#2631 = EDGE_CURVE ( 'NONE', #255, #1983, #1366, .T. ) ;
#2632 = VERTEX_POINT ( 'NONE', #202 ) ;
#2633 = AXIS2_PLACEMENT_3D ( 'NONE', #940, #773, #1788 ) ;
#2634 = ORIENTED_EDGE ( 'NONE', *, *, #928, .T. ) ;
#2635 = SURFACE_SIDE_STYLE ('',( #1030 ) ) ;
#2636 = CIRCLE ( 'NONE', #655, 1.314988271469587966 ) ;
#2637 = CARTESIAN_POINT ( 'NONE',  ( -3.833966169361000098, 7.305012211639029474, 8.266365894244630389E-16 ) ) ;
#2638 = VERTEX_POINT ( 'NONE', #1023 ) ;
#2639 = ADVANCED_FACE ( 'NONE', ( #1243 ), #1450, .F. ) ;
#2640 = DIRECTION ( 'NONE',  ( 0.000000000000000000, 1.000000000000000000, 0.000000000000000000 ) ) ;
#2641 =( GEOMETRIC_REPRESENTATION_CONTEXT ( 3 ) GLOBAL_UNCERTAINTY_ASSIGNED_CONTEXT ( ( #806 ) ) GLOBAL_UNIT_ASSIGNED_CONTEXT ( ( #1657, #1010, #2069 ) ) REPRESENTATION_CONTEXT ( 'NONE', 'WORKASPACE' ) );
#2642 = CARTESIAN_POINT ( 'NONE',  ( -7.546703296703309860, 9.242046036422477822E-16, -1.314988271469587966 ) ) ;
#2643 = UNCERTAINTY_MEASURE_WITH_UNIT (LENGTH_MEASURE( 1.000000000000000082E-05 ), #143, 'distance_accuracy_value', 'NONE');
#2644 = AXIS2_PLACEMENT_3D ( 'NONE', #1242, #1202, #588 ) ;
#2645 = DIRECTION ( 'NONE',  ( 0.000000000000000000, 0.000000000000000000, 1.000000000000000000 ) ) ;
#2646 = CARTESIAN_POINT ( 'NONE',  ( -10.75000000000000000, 1.316495309083402054E-15, 1.399999999999999911 ) ) ;
#2647 = VERTEX_POINT ( 'NONE', #1841 ) ;
#2648 = CIRCLE ( 'NONE', #2227, 1.314988271469590186 ) ;
#2649 = FILL_AREA_STYLE_COLOUR ( '', #775 ) ;
#2650 = AXIS2_PLACEMENT_3D ( 'NONE', #1236, #2506, #1859 ) ;
#2651 = VERTEX_POINT ( 'NONE', #2642 ) ;
#2652 = SURFACE_STYLE_USAGE ( .BOTH. , #584 ) ;
#2653 = AXIS2_PLACEMENT_3D ( 'NONE', #689, #2352, #533 ) ;
#2654 = AXIS2_PLACEMENT_3D ( 'NONE', #1558, #540, #962 ) ;
#2655 =( NAMED_UNIT ( * ) SI_UNIT ( $, .STERADIAN. ) SOLID_ANGLE_UNIT ( ) );
#2656 = DIRECTION ( 'NONE',  ( 0.000000000000000000, 0.000000000000000000, 1.000000000000000000 ) ) ;
#2657 = EDGE_LOOP ( 'NONE', ( #1433, #1166, #496, #2100 ) ) ;
#2658 = CARTESIAN_POINT ( 'NONE',  ( -7.713884002154699715, -2.925490318100844700, 8.266365894244630389E-16 ) ) ;
#2659 = DIRECTION ( 'NONE',  ( -0.1205366802553199390, 0.9927088740980544168, 0.000000000000000000 ) ) ;
#2660 = EDGE_CURVE ( 'NONE', #1663, #1230, #326, .T. ) ;
#2661 = CARTESIAN_POINT ( 'NONE',  ( -5.470761930486609970, -6.175213672411539179, 8.266365894244630389E-16 ) ) ;
#2662 = FACE_OUTER_BOUND ( 'NONE', #222, .T. ) ;
#2663 = ADVANCED_FACE ( 'NONE', ( #815 ), #989, .T. ) ;
#2664 = ORIENTED_EDGE ( 'NONE', *, *, #315, .T. ) ;
#2665 = DIRECTION ( 'NONE',  ( -0.8854560256532160167, -0.4647231720437570157, 0.000000000000000000 ) ) ;
#2666 = ORIENTED_EDGE ( 'NONE', *, *, #240, .T. ) ;
#2667 = PLANE ( 'NONE',  #1564 ) ;
#2668 = DIRECTION ( 'NONE',  ( 1.000000000000000000, 0.000000000000000000, 0.000000000000000000 ) ) ;
#2669 = UNCERTAINTY_MEASURE_WITH_UNIT (LENGTH_MEASURE( 1.000000000000000082E-05 ), #172, 'distance_accuracy_value', 'NONE');
#2670 = SURFACE_SIDE_STYLE ('',( #400 ) ) ;
#2671 = FACE_OUTER_BOUND ( 'NONE', #2240, .T. ) ;
#2672 = ORIENTED_EDGE ( 'NONE', *, *, #330, .F. ) ;
#2673 = DIRECTION ( 'NONE',  ( 1.000000000000000000, 0.000000000000000000, 1.215717745149353678E-16 ) ) ;
#2674 = EDGE_CURVE ( 'NONE', #1032, #1088, #1407, .T. ) ;
#2675 = AXIS2_PLACEMENT_3D ( 'NONE', #2181, #322, #1764 ) ;
#2676 = ORIENTED_EDGE ( 'NONE', *, *, #1929, .F. ) ;
#2677 = SURFACE_STYLE_FILL_AREA ( #1197 ) ;
#2678 = AXIS2_PLACEMENT_3D ( 'NONE', #1045, #2665, #1446 ) ;
ENDSEC;
END-ISO-10303-21;
