ISO-10303-21;
HEADER;
FILE_DESCRIPTION (( 'STEP AP214' ),
    '1' );
FILE_NAME ('ASV1_400_21X_1_1.STEP.STEP',
    '2026-08-01T03:19:14',
    ( '' ),
    ( '' ),
    'SwSTEP 2.0',
    'SolidWorks 2025',
    '' );
FILE_SCHEMA (( 'AUTOMOTIVE_DESIGN' ));
ENDSEC;

DATA;
#1 = EDGE_CURVE ( 'NONE', #557, #2124, #2333, .T. ) ;
#2 = DIRECTION ( 'NONE',  ( -0.1205366802553200500, 0.9927088740980544168, 0.000000000000000000 ) ) ;
#3 = ORIENTED_EDGE ( 'NONE', *, *, #1881, .F. ) ;
#4 = DIRECTION ( 'NONE',  ( 1.000000000000000000, 0.000000000000000000, 0.000000000000000000 ) ) ;
#5 = ORIENTED_EDGE ( 'NONE', *, *, #1349, .F. ) ;
#6 = SURFACE_SIDE_STYLE ('',( #1834 ) ) ;
#7 = AXIS2_PLACEMENT_3D ( 'NONE', #1147, #1584, #2199 ) ;
#8 = CARTESIAN_POINT ( 'NONE',  ( 0.000000000000000000, 0.000000000000000000, 1.111111111111109828 ) ) ;
#9 = MECHANICAL_DESIGN_GEOMETRIC_PRESENTATION_REPRESENTATION (  '', ( #1146 ), #451 ) ;
#10 = EDGE_LOOP ( 'NONE', ( #666, #977 ) ) ;
#11 = DIRECTION ( 'NONE',  ( 1.000000000000000000, 0.000000000000000000, 0.000000000000000000 ) ) ;
#12 = CARTESIAN_POINT ( 'NONE',  ( 0.000000000000000000, 0.000000000000000000, 2.500000000000000000 ) ) ;
#13 = CARTESIAN_POINT ( 'NONE',  ( -7.546703296703309860, 9.242046036422477822E-16, 2.375000000000000000 ) ) ;
#14 = CIRCLE ( 'NONE', #1825, 10.25000000000000000 ) ;
#15 = AXIS2_PLACEMENT_3D ( 'NONE', #960, #1784, #2605 ) ;
#16 = DIRECTION ( 'NONE',  ( -0.8229838658936503570, 0.5680647467311646936, 0.000000000000000000 ) ) ;
#17 = EDGE_CURVE ( 'NONE', #2312, #1217, #213, .T. ) ;
#18 = AXIS2_PLACEMENT_3D ( 'NONE', #1160, #757, #530 ) ;
#19 = FACE_OUTER_BOUND ( 'NONE', #1020, .T. ) ;
#20 = AXIS2_PLACEMENT_3D ( 'NONE', #817, #2078, #16 ) ;
#21 = ORIENTED_EDGE ( 'NONE', *, *, #2079, .T. ) ;
#22 =( NAMED_UNIT ( * ) PLANE_ANGLE_UNIT ( ) SI_UNIT ( $, .RADIAN. ) );
#23 = AXIS2_PLACEMENT_3D ( 'NONE', #2449, #604, #480 ) ;
#24 = DIRECTION ( 'NONE',  ( 1.000000000000000000, 0.000000000000000000, 0.000000000000000000 ) ) ;
#25 = SURFACE_STYLE_USAGE ( .BOTH. , #6 ) ;
#26 = CARTESIAN_POINT ( 'NONE',  ( 8.953296703296699022, 0.000000000000000000, 1.111111111111112049 ) ) ;
#27 = VERTEX_POINT ( 'NONE', #1625 ) ;
#28 = DIRECTION ( 'NONE',  ( 0.2393156642875514384, -0.9709418174260536771, 0.000000000000000000 ) ) ;
#29 = LINE ( 'NONE', #2314, #684 ) ;
#30 = CARTESIAN_POINT ( 'NONE',  ( 0.000000000000000000, 0.000000000000000000, -2.500000000000000000 ) ) ;
#31 = SPHERICAL_SURFACE ( 'NONE', #414, 1.314988271469590186 ) ;
#32 = CARTESIAN_POINT ( 'NONE',  ( -8.953296703296699022, 1.096462614950885909E-15, -2.500000000000000000 ) ) ;
#33 = EDGE_CURVE ( 'NONE', #1770, #718, #1943, .T. ) ;
#34 = EDGE_LOOP ( 'NONE', ( #2657, #1972 ) ) ;
#35 = CYLINDRICAL_SURFACE ( 'NONE', #702, 6.000000000000000000 ) ;
#36 = EDGE_CURVE ( 'NONE', #953, #1583, #2508, .T. ) ;
#37 = CARTESIAN_POINT ( 'NONE',  ( 8.189848211308948578, 0.9944276121063889695, 8.266365894244630389E-16 ) ) ;
#38 = ORIENTED_EDGE ( 'NONE', *, *, #1, .T. ) ;
#39 = ADVANCED_FACE ( 'NONE', ( #2638 ), #1673, .T. ) ;
#40 = DIRECTION ( 'NONE',  ( 0.000000000000000000, 0.000000000000000000, 1.000000000000000000 ) ) ;
#41 = DIRECTION ( 'NONE',  ( 0.9927088740980544168, 0.1205366802553199390, 0.000000000000000000 ) ) ;
#42 = CARTESIAN_POINT ( 'NONE',  ( -8.189848211308939696, 0.9944276121065038776, 8.266365894244630389E-16 ) ) ;
#43 =( GEOMETRIC_REPRESENTATION_CONTEXT ( 3 ) GLOBAL_UNCERTAINTY_ASSIGNED_CONTEXT ( ( #1946 ) ) GLOBAL_UNIT_ASSIGNED_CONTEXT ( ( #1284, #254, #1731 ) ) REPRESENTATION_CONTEXT ( 'NONE', 'WORKASPACE' ) );
#44 = AXIS2_PLACEMENT_3D ( 'NONE', #995, #1621, #1417 ) ;
#45 = DIRECTION ( 'NONE',  ( -0.8854560256532160167, -0.4647231720437570712, 0.000000000000000000 ) ) ;
#46 = ORIENTED_EDGE ( 'NONE', *, *, #1543, .F. ) ;
#47 = PRESENTATION_STYLE_ASSIGNMENT (( #2291 ) ) ;
#48 = CONICAL_SURFACE ( 'NONE', #830, 6.000000000000000000, 0.7853981633974568277 ) ;
#49 = CARTESIAN_POINT ( 'NONE',  ( 0.000000000000000000, 0.000000000000000000, -2.250000000000000000 ) ) ;
#50 = EDGE_CURVE ( 'NONE', #2582, #1619, #1219, .T. ) ;
#51 = EDGE_LOOP ( 'NONE', ( #143, #134, #1431, #697 ) ) ;
#52 = CIRCLE ( 'NONE', #1661, 7.546703296703309860 ) ;
#53 = DIRECTION ( 'NONE',  ( 1.000000000000000000, 0.000000000000000000, 0.000000000000000000 ) ) ;
#54 = PRESENTATION_LAYER_ASSIGNMENT (  '', '', ( #1822 ) ) ;
#55 = FACE_OUTER_BOUND ( 'NONE', #1264, .T. ) ;
#56 =( GEOMETRIC_REPRESENTATION_CONTEXT ( 3 ) GLOBAL_UNCERTAINTY_ASSIGNED_CONTEXT ( ( #947 ) ) GLOBAL_UNIT_ASSIGNED_CONTEXT ( ( #291, #565, #147 ) ) REPRESENTATION_CONTEXT ( 'NONE', 'WORKASPACE' ) );
#57 = CONICAL_SURFACE ( 'NONE', #1114, 10.50000000000000000, 0.7853981633974568277 ) ;
#58 = CARTESIAN_POINT ( 'NONE',  ( 0.000000000000000000, 0.000000000000000000, 1.111111111111112049 ) ) ;
#59 = VERTEX_POINT ( 'NONE', #1805 ) ;
#60 = PRESENTATION_LAYER_ASSIGNMENT (  '', '', ( #1363 ) ) ;
#61 = SURFACE_SIDE_STYLE ('',( #1470 ) ) ;
#62 = DIRECTION ( 'NONE',  ( 0.7485107481711040789, 0.6631226582407918624, -0.000000000000000000 ) ) ;
#63 = AXIS2_PLACEMENT_3D ( 'NONE', #1875, #193, #1026 ) ;
#64 = CARTESIAN_POINT ( 'NONE',  ( -10.50000000000000000, 1.285879139104722014E-15, 1.150000000000024114 ) ) ;
#65 = CARTESIAN_POINT ( 'NONE',  ( 0.000000000000000000, 0.000000000000000000, -2.375000000000000000 ) ) ;
#66 = AXIS2_PLACEMENT_3D ( 'NONE', #1204, #1007, #2273 ) ;
#67 = EDGE_LOOP ( 'NONE', ( #1375, #1388 ) ) ;
#68 = CARTESIAN_POINT ( 'NONE',  ( -3.222860648643314896, 6.140647923002979347, 9.876762071816169222E-16 ) ) ;
#69 = EDGE_CURVE ( 'NONE', #1668, #2353, #2673, .T. ) ;
#70 = CARTESIAN_POINT ( 'NONE',  ( -7.713884002154699715, -2.925490318100844700, 8.266365894244630389E-16 ) ) ;
#71 = DIRECTION ( 'NONE',  ( 1.000000000000000000, 0.000000000000000000, 0.000000000000000000 ) ) ;
#72 = ADVANCED_FACE ( 'NONE', ( #586 ), #809, .T. ) ;
#73 = SPHERICAL_SURFACE ( 'NONE', #874, 1.314988271469590186 ) ;
#74 = EDGE_CURVE ( 'NONE', #2082, #2296, #2417, .T. ) ;
#75 = ORIENTED_EDGE ( 'NONE', *, *, #1803, .T. ) ;
#76 = CARTESIAN_POINT ( 'NONE',  ( 5.470761930486530034, -6.175213672411609345, 8.266365894244630389E-16 ) ) ;
#77 = ORIENTED_EDGE ( 'NONE', *, *, #1573, .F. ) ;
#78 = CARTESIAN_POINT ( 'NONE',  ( 0.000000000000000000, 0.000000000000000000, 5.947204867513560513E-16 ) ) ;
#79 = FACE_OUTER_BOUND ( 'NONE', #1539, .T. ) ;
#80 = DIRECTION ( 'NONE',  ( -0.4647231720437570157, 0.8854560256532159057, 0.000000000000000000 ) ) ;
#81 = EDGE_CURVE ( 'NONE', #1403, #994, #2551, .T. ) ;
#82 = CYLINDRICAL_SURFACE ( 'NONE', #2123, 7.898351648351649601 ) ;
#83 = EDGE_LOOP ( 'NONE', ( #1786, #2614 ) ) ;
#84 = PRESENTATION_STYLE_ASSIGNMENT (( #2408 ) ) ;
#85 = CLOSED_SHELL ( 'NONE', ( #1554, #491, #1329, #2105 ) ) ;
#86 = SURFACE_STYLE_USAGE ( .BOTH. , #123 ) ;
#87 = DIRECTION ( 'NONE',  ( -1.000000000000000000, 0.000000000000000000, 0.000000000000000000 ) ) ;
#88 = AXIS2_PLACEMENT_3D ( 'NONE', #703, #299, #2361 ) ;
#89 = ORIENTED_EDGE ( 'NONE', *, *, #2322, .T. ) ;
#90 = CARTESIAN_POINT ( 'NONE',  ( -3.833966169361000098, 7.305012211639029474, 8.266365894244630389E-16 ) ) ;
#91 = DIRECTION ( 'NONE',  ( 1.145064648755475843E-16, -4.342657398786549203E-17, 1.000000000000000000 ) ) ;
#92 = VECTOR ( 'NONE', #1172, 1000.000000000000114 ) ;
#93 = DIRECTION ( 'NONE',  ( 0.000000000000000000, 0.000000000000000000, -1.000000000000000000 ) ) ;
#94 = FACE_OUTER_BOUND ( 'NONE', #187, .T. ) ;
#95 = ADVANCED_FACE ( 'NONE', ( #1435 ), #2120, .T. ) ;
#96 = ORIENTED_EDGE ( 'NONE', *, *, #1952, .F. ) ;
#97 = AXIS2_PLACEMENT_3D ( 'NONE', #1872, #2049, #191 ) ;
#98 = SURFACE_STYLE_FILL_AREA ( #334 ) ;
#99 = CIRCLE ( 'NONE', #460, 1.314988271469590408 ) ;
#100 = ADVANCED_FACE ( 'NONE', ( #1849 ), #35, .F. ) ;
#101 = CARTESIAN_POINT ( 'NONE',  ( 7.898351648351649601, 0.000000000000000000, -2.500000000000000000 ) ) ;
#102 =( GEOMETRIC_REPRESENTATION_CONTEXT ( 3 ) GLOBAL_UNCERTAINTY_ASSIGNED_CONTEXT ( ( #574 ) ) GLOBAL_UNIT_ASSIGNED_CONTEXT ( ( #1046, #2321, #1265 ) ) REPRESENTATION_CONTEXT ( 'NONE', 'WORKASPACE' ) );
#103 = EDGE_LOOP ( 'NONE', ( #1940, #464, #373, #2550 ) ) ;
#104 = UNCERTAINTY_MEASURE_WITH_UNIT (LENGTH_MEASURE( 1.000000000000000082E-05 ), #1579, 'distance_accuracy_value', 'NONE');
#105 = AXIS2_PLACEMENT_3D ( 'NONE', #1415, #2275, #2035 ) ;
#106 = DIRECTION ( 'NONE',  ( 0.000000000000000000, 0.000000000000000000, 1.000000000000000000 ) ) ;
#107 = AXIS2_PLACEMENT_3D ( 'NONE', #909, #765, #728 ) ;
#108 = ORIENTED_EDGE ( 'NONE', *, *, #1218, .T. ) ;
#109 = FACE_OUTER_BOUND ( 'NONE', #648, .T. ) ;
#110 = DIRECTION ( 'NONE',  ( 0.000000000000000000, 0.000000000000000000, -1.000000000000000000 ) ) ;
#111 = ORIENTED_EDGE ( 'NONE', *, *, #1744, .F. ) ;
#112 = ADVANCED_FACE ( 'NONE', ( #2514, #1123 ), #668, .F. ) ;
#113 = FILL_AREA_STYLE_COLOUR ( '', #912 ) ;
#114 = DIRECTION ( 'NONE',  ( 1.000000000000000000, 0.000000000000000000, 0.000000000000000000 ) ) ;
#115 = EDGE_CURVE ( 'NONE', #1477, #1523, #1268, .T. ) ;
#116 = VERTEX_POINT ( 'NONE', #1917 ) ;
#117 = PRODUCT_CONTEXT ( 'NONE', #772, 'mechanical' ) ;
#118 = CARTESIAN_POINT ( 'NONE',  ( 3.833966169361100018, 7.305012211638979736, 8.266365894244630389E-16 ) ) ;
#119 = EDGE_CURVE ( 'NONE', #2270, #2527, #220, .T. ) ;
#120 = VERTEX_POINT ( 'NONE', #64 ) ;
#121 = FACE_OUTER_BOUND ( 'NONE', #1567, .T. ) ;
#122 = EDGE_LOOP ( 'NONE', ( #748, #597, #1502, #2424 ) ) ;
#123 = SURFACE_SIDE_STYLE ('',( #2542 ) ) ;
#124 = VECTOR ( 'NONE', #1079, 1000.000000000000000 ) ;
#125 = DIRECTION ( 'NONE',  ( 0.9927088740980544168, 0.1205366802553199390, 0.000000000000000000 ) ) ;
#126 =( GEOMETRIC_REPRESENTATION_CONTEXT ( 3 ) GLOBAL_UNCERTAINTY_ASSIGNED_CONTEXT ( ( #735 ) ) GLOBAL_UNIT_ASSIGNED_CONTEXT ( ( #2663, #1637, #596 ) ) REPRESENTATION_CONTEXT ( 'NONE', 'WORKASPACE' ) );
#127 = ORIENTED_EDGE ( 'NONE', *, *, #768, .T. ) ;
#128 = CARTESIAN_POINT ( 'NONE',  ( 8.953296703296699022, 0.000000000000000000, -1.111111111111109828 ) ) ;
#129 = EDGE_CURVE ( 'NONE', #576, #2124, #2084, .T. ) ;
#130 = DIRECTION ( 'NONE',  ( 0.9709418174260535661, 0.2393156642875519102, 0.000000000000000000 ) ) ;
#131 = VECTOR ( 'NONE', #851, 1000.000000000000000 ) ;
#132 = ORIENTED_EDGE ( 'NONE', *, *, #815, .F. ) ;
#133 = CARTESIAN_POINT ( 'NONE',  ( 0.000000000000000000, 9.564988271469589520, 8.266365894244630389E-16 ) ) ;
#134 = ORIENTED_EDGE ( 'NONE', *, *, #736, .T. ) ;
#135 = STYLED_ITEM ( 'NONE', ( #47 ), #1099 ) ;
#136 = DIRECTION ( 'NONE',  ( 0.4647231720437703384, 0.8854560256532089113, 0.000000000000000000 ) ) ;
#137 = STYLED_ITEM ( 'NONE', ( #84 ), #1102 ) ;
#138 = CARTESIAN_POINT ( 'NONE',  ( 0.000000000000000000, 0.000000000000000000, 1.649999999999999911 ) ) ;
#139 = CIRCLE ( 'NONE', #1014, 8.953296703296699022 ) ;
#140 = ORIENTED_EDGE ( 'NONE', *, *, #2121, .F. ) ;
#141 = CARTESIAN_POINT ( 'NONE',  ( -10.50000000000000000, 0.000000000000000000, -2.250000000000000000 ) ) ;
#142 = MECHANICAL_DESIGN_GEOMETRIC_PRESENTATION_REPRESENTATION (  '', ( #1363 ), #102 ) ;
#143 = ORIENTED_EDGE ( 'NONE', *, *, #1628, .T. ) ;
#144 = ADVANCED_FACE ( 'NONE', ( #1513 ), #1883, .T. ) ;
#145 = AXIS2_PLACEMENT_3D ( 'NONE', #2143, #2129, #889 ) ;
#146 = DIRECTION ( 'NONE',  ( 0.9350162426854128350, -0.3546048870425406729, 0.000000000000000000 ) ) ;
#147 =( NAMED_UNIT ( * ) SI_UNIT ( $, .STERADIAN. ) SOLID_ANGLE_UNIT ( ) );
#148 = AXIS2_PLACEMENT_3D ( 'NONE', #2088, #456, #1312 ) ;
#149 = EDGE_CURVE ( 'NONE', #1052, #576, #825, .T. ) ;
#150 = EDGE_LOOP ( 'NONE', ( #547, #2586, #2475, #2346 ) ) ;
#151 = EDGE_CURVE ( 'NONE', #1887, #1781, #1650, .T. ) ;
#152 = SPHERICAL_SURFACE ( 'NONE', #2204, 1.314988271469590186 ) ;
#153 = DIRECTION ( 'NONE',  ( 1.000000000000000000, 0.000000000000000000, 0.000000000000000000 ) ) ;
#154 = DIRECTION ( 'NONE',  ( 0.000000000000000000, 0.000000000000000000, -1.000000000000000000 ) ) ;
#155 = CARTESIAN_POINT ( 'NONE',  ( 0.000000000000000000, 0.000000000000000000, 5.947204867513560513E-16 ) ) ;
#156 = EDGE_LOOP ( 'NONE', ( #300, #903 ) ) ;
#157 = FILL_AREA_STYLE ('',( #174 ) ) ;
#158 = CARTESIAN_POINT ( 'NONE',  ( 0.000000000000000000, 0.000000000000000000, -2.500000000000000000 ) ) ;
#159 = MANIFOLD_SOLID_BREP ( 'NONE', #526 ) ;
#160 = ORIENTED_EDGE ( 'NONE', *, *, #865, .F. ) ;
#161 = ADVANCED_FACE ( 'NONE', ( #476 ), #1503, .T. ) ;
#162 = PLANE ( 'NONE',  #44 ) ;
#163 = EDGE_LOOP ( 'NONE', ( #419, #1921, #2365, #1287 ) ) ;
#164 = CARTESIAN_POINT ( 'NONE',  ( 0.000000000000000000, 0.000000000000000000, 1.314988271469590186 ) ) ;
#165 = MANIFOLD_SOLID_BREP ( 'NONE', #2033 ) ;
#166 = ORIENTED_EDGE ( 'NONE', *, *, #1682, .T. ) ;
#167 =( NAMED_UNIT ( * ) SI_UNIT ( $, .STERADIAN. ) SOLID_ANGLE_UNIT ( ) );
#168 = CYLINDRICAL_SURFACE ( 'NONE', #318, 7.898351648351649601 ) ;
#169 = MANIFOLD_SOLID_BREP ( 'NONE', #614 ) ;
#170 = ORIENTED_EDGE ( 'NONE', *, *, #1924, .F. ) ;
#171 = DIRECTION ( 'NONE',  ( 1.000000000000000000, 0.000000000000000000, 0.000000000000000000 ) ) ;
#172 = DIRECTION ( 'NONE',  ( 0.9709418174260502354, -0.2393156642875655660, 0.000000000000000000 ) ) ;
#173 = AXIS2_PLACEMENT_3D ( 'NONE', #1704, #1511, #876 ) ;
#174 = FILL_AREA_STYLE_COLOUR ( '', #537 ) ;
#175 = ORIENTED_EDGE ( 'NONE', *, *, #1393, .F. ) ;
#176 = DIRECTION ( 'NONE',  ( 0.000000000000000000, 1.000000000000000000, 0.000000000000000000 ) ) ;
#177 = EDGE_CURVE ( 'NONE', #1994, #1571, #2420, .T. ) ;
#178 = ORIENTED_EDGE ( 'NONE', *, *, #609, .T. ) ;
#179 = CARTESIAN_POINT ( 'NONE',  ( 1.974354230372300067, -8.010269993764939755, 8.266365894244630389E-16 ) ) ;
#180 = AXIS2_PLACEMENT_3D ( 'NONE', #2211, #1783, #2604 ) ;
#181 = ORIENTED_EDGE ( 'NONE', *, *, #1291, .F. ) ;
#182 =( GEOMETRIC_REPRESENTATION_CONTEXT ( 3 ) GLOBAL_UNCERTAINTY_ASSIGNED_CONTEXT ( ( #1547 ) ) GLOBAL_UNIT_ASSIGNED_CONTEXT ( ( #2450, #1414, #2672 ) ) REPRESENTATION_CONTEXT ( 'NONE', 'WORKASPACE' ) );
#183 = DIRECTION ( 'NONE',  ( 1.000000000000000000, 0.000000000000000000, 0.000000000000000000 ) ) ;
#184 = SURFACE_SIDE_STYLE ('',( #408 ) ) ;
#185 = DIRECTION ( 'NONE',  ( 0.000000000000000000, 0.000000000000000000, 1.000000000000000000 ) ) ;
#186 = AXIS2_PLACEMENT_3D ( 'NONE', #2503, #709, #1514 ) ;
#187 = EDGE_LOOP ( 'NONE', ( #863, #447 ) ) ;
#188 = CYLINDRICAL_SURFACE ( 'NONE', #956, 8.953296703296699022 ) ;
#189 = LINE ( 'NONE', #2239, #2531 ) ;
#190 = COLOUR_RGB ( '',0.7921568627450980005, 0.8196078431372548767, 0.9333333333333333481 ) ;
#191 = DIRECTION ( 'NONE',  ( 0.000000000000000000, -1.000000000000000000, 1.084370887601939436E-16 ) ) ;
#192 = CIRCLE ( 'NONE', #1675, 8.601648351648348623 ) ;
#193 = DIRECTION ( 'NONE',  ( 0.000000000000000000, 0.000000000000000000, 1.000000000000000000 ) ) ;
#194 = MANIFOLD_SOLID_BREP ( 'NONE', #2241 ) ;
#195 = EDGE_LOOP ( 'NONE', ( #906, #140, #2664, #1266 ) ) ;
#196 = AXIS2_PLACEMENT_3D ( 'NONE', #962, #1977, #1341 ) ;
#197 = DIRECTION ( 'NONE',  ( 0.000000000000000000, 0.000000000000000000, 1.000000000000000000 ) ) ;
#198 = EDGE_LOOP ( 'NONE', ( #1693, #262, #1237, #808 ) ) ;
#199 = FILL_AREA_STYLE ('',( #1604 ) ) ;
#200 = MANIFOLD_SOLID_BREP ( 'NONE', #910 ) ;
#201 = CARTESIAN_POINT ( 'NONE',  ( 7.713884002154659747, -2.925490318100949949, 8.266365894244630389E-16 ) ) ;
#202 =( NAMED_UNIT ( * ) PLANE_ANGLE_UNIT ( ) SI_UNIT ( $, .RADIAN. ) );
#203 = FACE_OUTER_BOUND ( 'NONE', #2589, .T. ) ;
#204 = ADVANCED_FACE ( 'NONE', ( #357 ), #1602, .T. ) ;
#205 = ORIENTED_EDGE ( 'NONE', *, *, #1480, .F. ) ;
#206 = DIRECTION ( 'NONE',  ( 0.9709418174260502354, -0.2393156642875655660, 0.000000000000000000 ) ) ;
#207 = DIRECTION ( 'NONE',  ( -0.2393156642875653994, -0.9709418174260502354, 0.000000000000000000 ) ) ;
#208 = ADVANCED_FACE ( 'NONE', ( #2385 ), #791, .T. ) ;
#209 = CARTESIAN_POINT ( 'NONE',  ( 8.953296703296699022, 0.000000000000000000, 1.314988271469590186 ) ) ;
#210 = ORIENTED_EDGE ( 'NONE', *, *, #2596, .F. ) ;
#211 = FACE_OUTER_BOUND ( 'NONE', #51, .T. ) ;
#212 = ORIENTED_EDGE ( 'NONE', *, *, #1740, .T. ) ;
#213 = LINE ( 'NONE', #374, #1515 ) ;
#214 = DIRECTION ( 'NONE',  ( -0.8854560256532089113, 0.4647231720437703384, 0.000000000000000000 ) ) ;
#215 = ORIENTED_EDGE ( 'NONE', *, *, #2548, .F. ) ;
#216 = CARTESIAN_POINT ( 'NONE',  ( 7.713884002154659747, -2.925490318100949949, 8.266365894244630389E-16 ) ) ;
#217 = APPLICATION_PROTOCOL_DEFINITION ( 'draft international standard', 'automotive_design', 1998, #772 ) ;
#218 = EDGE_CURVE ( 'NONE', #454, #1296, #1654, .T. ) ;
#219 = FACE_OUTER_BOUND ( 'NONE', #945, .T. ) ;
#220 = CIRCLE ( 'NONE', #1309, 1.314988271469589520 ) ;
#221 = CARTESIAN_POINT ( 'NONE',  ( -5.470761930486609970, -6.175213672411539179, 8.266365894244630389E-16 ) ) ;
#222 = AXIS2_PLACEMENT_3D ( 'NONE', #2448, #1272, #1288 ) ;
#223 = CARTESIAN_POINT ( 'NONE',  ( -5.470761930486609970, -6.175213672411539179, 8.266365894244630389E-16 ) ) ;
#224 = ORIENTED_EDGE ( 'NONE', *, *, #2552, .F. ) ;
#225 = DIRECTION ( 'NONE',  ( 0.000000000000000000, 0.000000000000000000, 1.000000000000000000 ) ) ;
#226 = DIRECTION ( 'NONE',  ( 0.9350162426854128350, -0.3546048870425406729, 0.000000000000000000 ) ) ;
#227 = DIRECTION ( 'NONE',  ( 0.7485107481710950861, -0.6631226582408019654, 0.000000000000000000 ) ) ;
#228 = AXIS2_PLACEMENT_3D ( 'NONE', #424, #305, #2600 ) ;
#229 = EDGE_LOOP ( 'NONE', ( #2635, #2620 ) ) ;
#230 = DIRECTION ( 'NONE',  ( 1.000000000000000000, 0.000000000000000000, 0.000000000000000000 ) ) ;
#231 = DIRECTION ( 'NONE',  ( 1.000000000000000000, 0.000000000000000000, 0.000000000000000000 ) ) ;
#232 = AXIS2_PLACEMENT_3D ( 'NONE', #1891, #713, #470 ) ;
#233 = ADVANCED_FACE ( 'NONE', ( #1652 ), #152, .T. ) ;
#234 = AXIS2_PLACEMENT_3D ( 'NONE', #867, #1092, #1298 ) ;
#235 = FACE_OUTER_BOUND ( 'NONE', #590, .T. ) ;
#236 = AXIS2_PLACEMENT_3D ( 'NONE', #558, #1355, #125 ) ;
#237 = DIRECTION ( 'NONE',  ( 0.7485107481710950861, -0.6631226582408019654, 0.000000000000000000 ) ) ;
#238 = ORIENTED_EDGE ( 'NONE', *, *, #1740, .F. ) ;
#239 = CARTESIAN_POINT ( 'NONE',  ( 5.470761930486530034, -6.175213672411609345, 8.266365894244630389E-16 ) ) ;
#240 = EDGE_CURVE ( 'NONE', #120, #1592, #2247, .T. ) ;
#241 = CIRCLE ( 'NONE', #2268, 7.546703296703309860 ) ;
#242 = CARTESIAN_POINT ( 'NONE',  ( 8.953296703296699022, 0.000000000000000000, -2.500000000000000000 ) ) ;
#243 = ADVANCED_FACE ( 'NONE', ( #2024, #400 ), #162, .F. ) ;
#244 = DIRECTION ( 'NONE',  ( 0.000000000000000000, 1.000000000000000000, 0.000000000000000000 ) ) ;
#245 = VERTEX_POINT ( 'NONE', #1859 ) ;
#246 = CARTESIAN_POINT ( 'NONE',  ( -5.470761930486609970, -6.175213672411539179, 8.266365894244630389E-16 ) ) ;
#247 = DIRECTION ( 'NONE',  ( 0.3546048870425393962, 0.9350162426854135012, -0.000000000000000000 ) ) ;
#248 = CARTESIAN_POINT ( 'NONE',  ( 0.000000000000000000, 0.000000000000000000, -1.111111111111109828 ) ) ;
#249 = CARTESIAN_POINT ( 'NONE',  ( 0.000000000000000000, 0.000000000000000000, 2.500000000000000000 ) ) ;
#250 = CYLINDRICAL_SURFACE ( 'NONE', #619, 7.546703296703309860 ) ;
#251 = EDGE_CURVE ( 'NONE', #1619, #2582, #1862, .T. ) ;
#252 = EDGE_LOOP ( 'NONE', ( #919, #2198 ) ) ;
#253 = FACE_OUTER_BOUND ( 'NONE', #1828, .T. ) ;
#254 =( NAMED_UNIT ( * ) PLANE_ANGLE_UNIT ( ) SI_UNIT ( $, .RADIAN. ) );
#255 = FACE_OUTER_BOUND ( 'NONE', #163, .T. ) ;
#256 = VERTEX_POINT ( 'NONE', #2232 ) ;
#257 = DIRECTION ( 'NONE',  ( 1.000000000000000000, 0.000000000000000000, 0.000000000000000000 ) ) ;
#258 = CARTESIAN_POINT ( 'NONE',  ( 0.000000000000000000, 8.250000000000000000, 8.266365894244630389E-16 ) ) ;
#259 = AXIS2_PLACEMENT_3D ( 'NONE', #984, #2279, #612 ) ;
#260 = AXIS2_PLACEMENT_3D ( 'NONE', #2453, #1194, #2013 ) ;
#261 = CARTESIAN_POINT ( 'NONE',  ( 0.000000000000000000, 0.000000000000000000, 1.649999999999999911 ) ) ;
#262 = ORIENTED_EDGE ( 'NONE', *, *, #1109, .T. ) ;
#263 = CIRCLE ( 'NONE', #2511, 8.953296703296699022 ) ;
#264 = ADVANCED_FACE ( 'NONE', ( #386, #1220 ), #1235, .F. ) ;
#265 = FILL_AREA_STYLE_COLOUR ( '', #2628 ) ;
#266 = DIRECTION ( 'NONE',  ( 0.000000000000000000, 0.000000000000000000, -1.000000000000000000 ) ) ;
#267 = EDGE_CURVE ( 'NONE', #1781, #1887, #1560, .T. ) ;
#268 = ORIENTED_EDGE ( 'NONE', *, *, #1258, .T. ) ;
#269 = DIRECTION ( 'NONE',  ( 1.000000000000000000, 0.000000000000000000, 0.000000000000000000 ) ) ;
#270 = FACE_OUTER_BOUND ( 'NONE', #2486, .T. ) ;
#271 = DIRECTION ( 'NONE',  ( -0.8229838658936495799, 0.5680647467311655818, 0.000000000000000000 ) ) ;
#272 = PRESENTATION_LAYER_ASSIGNMENT (  '', '', ( #404 ) ) ;
#273 = ADVANCED_FACE ( 'NONE', ( #819 ), #1667, .F. ) ;
#274 = DIRECTION ( 'NONE',  ( -0.8854560256532160167, -0.4647231720437570712, 0.000000000000000000 ) ) ;
#275 = VECTOR ( 'NONE', #2032, 1000.000000000000000 ) ;
#276 = CIRCLE ( 'NONE', #2217, 1.314988271469590853 ) ;
#277 = DIRECTION ( 'NONE',  ( -0.6631226582408019654, -0.7485107481710950861, 0.000000000000000000 ) ) ;
#278 = ORIENTED_EDGE ( 'NONE', *, *, #1036, .F. ) ;
#279 = CIRCLE ( 'NONE', #1068, 7.546703296703309860 ) ;
#280 = AXIS2_PLACEMENT_3D ( 'NONE', #1009, #2229, #1812 ) ;
#281 = CARTESIAN_POINT ( 'NONE',  ( 0.000000000000000000, 0.000000000000000000, -2.500000000000000000 ) ) ;
#282 = DIRECTION ( 'NONE',  ( -0.6631226582408019654, -0.7485107481710950861, 0.000000000000000000 ) ) ;
#283 = AXIS2_PLACEMENT_3D ( 'NONE', #331, #2583, #940 ) ;
#284 = EDGE_LOOP ( 'NONE', ( #478, #1878 ) ) ;
#285 = DIRECTION ( 'NONE',  ( 1.000000000000000000, 0.000000000000000000, 0.000000000000000000 ) ) ;
#286 = ADVANCED_FACE ( 'NONE', ( #211 ), #1180, .T. ) ;
#287 = DIRECTION ( 'NONE',  ( -0.1205366802553199390, 0.9927088740980544168, 0.000000000000000000 ) ) ;
#288 = CARTESIAN_POINT ( 'NONE',  ( -6.884447684886219498, 0.8359232912888598932, 9.876762071816181055E-16 ) ) ;
#289 = DIRECTION ( 'NONE',  ( 1.000000000000000000, 0.000000000000000000, 0.000000000000000000 ) ) ;
#290 = ORIENTED_EDGE ( 'NONE', *, *, #251, .F. ) ;
#291 =( LENGTH_UNIT ( ) NAMED_UNIT ( * ) SI_UNIT ( .MILLI., .METRE. ) );
#292 = DIRECTION ( 'NONE',  ( 1.000000000000000000, 0.000000000000000000, 0.000000000000000000 ) ) ;
#293 = VERTEX_POINT ( 'NONE', #892 ) ;
#294 = CARTESIAN_POINT ( 'NONE',  ( 6.935011728530420250, 0.000000000000000000, 5.947204867513560513E-16 ) ) ;
#295 = DIRECTION ( 'NONE',  ( -0.5680647467311655818, -0.8229838658936495799, 0.000000000000000000 ) ) ;
#296 = EDGE_CURVE ( 'NONE', #1485, #27, #1777, .T. ) ;
#297 = DIRECTION ( 'NONE',  ( 0.000000000000000000, -1.000000000000000000, 0.000000000000000000 ) ) ;
#298 = AXIS2_PLACEMENT_3D ( 'NONE', #1031, #2444, #2455 ) ;
#299 = DIRECTION ( 'NONE',  ( 8.120910408566700164E-17, -9.166612918751319159E-17, 1.000000000000000000 ) ) ;
#300 = ORIENTED_EDGE ( 'NONE', *, *, #69, .F. ) ;
#301 =( LENGTH_UNIT ( ) NAMED_UNIT ( * ) SI_UNIT ( .MILLI., .METRE. ) );
#302 =( GEOMETRIC_REPRESENTATION_CONTEXT ( 3 ) GLOBAL_UNCERTAINTY_ASSIGNED_CONTEXT ( ( #1974 ) ) GLOBAL_UNIT_ASSIGNED_CONTEXT ( ( #955, #344, #2400 ) ) REPRESENTATION_CONTEXT ( 'NONE', 'WORKASPACE' ) );
#303 = SURFACE_SIDE_STYLE ('',( #722 ) ) ;
#304 = CIRCLE ( 'NONE', #2425, 1.314988271469590408 ) ;
#305 = DIRECTION ( 'NONE',  ( 0.3546048870425270172, -0.9350162426854181641, 0.000000000000000000 ) ) ;
#306 = DIRECTION ( 'NONE',  ( 0.000000000000000000, 0.000000000000000000, -1.000000000000000000 ) ) ;
#307 = AXIS2_PLACEMENT_3D ( 'NONE', #2509, #664, #1484 ) ;
#308 = EDGE_LOOP ( 'NONE', ( #2567, #468, #974, #2398 ) ) ;
#309 = DIRECTION ( 'NONE',  ( -0.7071067811865535679, 0.000000000000000000, 0.7071067811865415775 ) ) ;
#310 = FACE_OUTER_BOUND ( 'NONE', #1768, .T. ) ;
#311 = ORIENTED_EDGE ( 'NONE', *, *, #911, .F. ) ;
#312 = FACE_OUTER_BOUND ( 'NONE', #2224, .T. ) ;
#313 = ADVANCED_FACE ( 'NONE', ( #2130 ), #48, .F. ) ;
#314 = AXIS2_PLACEMENT_3D ( 'NONE', #248, #1085, #872 ) ;
#315 = CARTESIAN_POINT ( 'NONE',  ( -7.546703296703309860, 9.242046036422477822E-16, -2.500000000000000000 ) ) ;
#316 = ORIENTED_EDGE ( 'NONE', *, *, #1763, .F. ) ;
#317 = EDGE_CURVE ( 'NONE', #2312, #1162, #2205, .T. ) ;
#318 = AXIS2_PLACEMENT_3D ( 'NONE', #1421, #842, #1226 ) ;
#319 = SURFACE_STYLE_FILL_AREA ( #970 ) ;
#320 = COLOUR_RGB ( '',0.7921568627450980005, 0.8196078431372548767, 0.9333333333333333481 ) ;
#321 = ADVANCED_FACE ( 'NONE', ( #642 ), #73, .T. ) ;
#322 = CARTESIAN_POINT ( 'NONE',  ( -8.601648351648348623, 1.053398112123725835E-15, 0.1172161172161182013 ) ) ;
#323 = AXIS2_PLACEMENT_3D ( 'NONE', #1427, #2451, #640 ) ;
#324 = ORIENTED_EDGE ( 'NONE', *, *, #2401, .T. ) ;
#325 = CARTESIAN_POINT ( 'NONE',  ( -10.75000000000000000, 1.316495309083402054E-15, 1.399999999999999911 ) ) ;
#326 = UNCERTAINTY_MEASURE_WITH_UNIT (LENGTH_MEASURE( 1.000000000000000082E-05 ), #376, 'distance_accuracy_value', 'NONE');
#327 = CIRCLE ( 'NONE', #1627, 1.314988271469590186 ) ;
#328 = FACE_OUTER_BOUND ( 'NONE', #2086, .T. ) ;
#329 = VECTOR ( 'NONE', #2018, 1000.000000000000000 ) ;
#330 = ORIENTED_EDGE ( 'NONE', *, *, #2125, .F. ) ;
#331 = CARTESIAN_POINT ( 'NONE',  ( -5.470761930486609970, -6.175213672411539179, 8.266365894244630389E-16 ) ) ;
#332 = CARTESIAN_POINT ( 'NONE',  ( -8.953296703296699022, 1.096462614950885909E-15, 1.111111111111112049 ) ) ;
#333 = ORIENTED_EDGE ( 'NONE', *, *, #1480, .T. ) ;
#334 = FILL_AREA_STYLE ('',( #2185 ) ) ;
#335 = EDGE_CURVE ( 'NONE', #1052, #557, #1692, .T. ) ;
#336 = FACE_OUTER_BOUND ( 'NONE', #1343, .T. ) ;
#337 = ORIENTED_EDGE ( 'NONE', *, *, #2462, .T. ) ;
#338 = DIRECTION ( 'NONE',  ( -0.5680647467311650267, -0.8229838658936500240, 0.000000000000000000 ) ) ;
#339 = DIRECTION ( 'NONE',  ( 0.000000000000000000, 0.000000000000000000, -1.000000000000000000 ) ) ;
#340 = ORIENTED_EDGE ( 'NONE', *, *, #2577, .F. ) ;
#341 = DIRECTION ( 'NONE',  ( -1.000000000000000000, 0.000000000000000000, 0.000000000000000000 ) ) ;
#342 = SURFACE_SIDE_STYLE ('',( #2020 ) ) ;
#343 = ORIENTED_EDGE ( 'NONE', *, *, #2150, .T. ) ;
#344 =( NAMED_UNIT ( * ) PLANE_ANGLE_UNIT ( ) SI_UNIT ( $, .RADIAN. ) );
#345 = CLOSED_SHELL ( 'NONE', ( #2058, #606, #1185, #401, #2282, #1400 ) ) ;
#346 = DIRECTION ( 'NONE',  ( 1.000000000000000000, 0.000000000000000000, 0.000000000000000000 ) ) ;
#347 = ADVANCED_FACE ( 'NONE', ( #1681 ), #2483, .T. ) ;
#348 = VERTEX_POINT ( 'NONE', #2526 ) ;
#349 = CARTESIAN_POINT ( 'NONE',  ( 0.000000000000000000, 0.000000000000000000, 8.266365894244630389E-16 ) ) ;
#350 = FACE_OUTER_BOUND ( 'NONE', #769, .T. ) ;
#351 = ADVANCED_FACE ( 'NONE', ( #1281 ), #2276, .T. ) ;
#352 = EDGE_LOOP ( 'NONE', ( #1282, #1206 ) ) ;
#353 = DIRECTION ( 'NONE',  ( 0.000000000000000000, 0.000000000000000000, -1.000000000000000000 ) ) ;
#354 = EDGE_CURVE ( 'NONE', #521, #1664, #1865, .T. ) ;
#355 = EDGE_LOOP ( 'NONE', ( #1001, #1242 ) ) ;
#356 = AXIS2_PLACEMENT_3D ( 'NONE', #1225, #613, #1461 ) ;
#357 = FACE_OUTER_BOUND ( 'NONE', #474, .T. ) ;
#358 = MECHANICAL_DESIGN_GEOMETRIC_PRESENTATION_REPRESENTATION (  '', ( #406 ), #1444 ) ;
#359 = DIRECTION ( 'NONE',  ( -1.000000000000000000, 0.000000000000000000, 0.000000000000000000 ) ) ;
#360 = AXIS2_PLACEMENT_3D ( 'NONE', #1462, #2016, #1642 ) ;
#361 = VERTEX_POINT ( 'NONE', #692 ) ;
#362 = CARTESIAN_POINT ( 'NONE',  ( 1.974354230372300067, -8.010269993764939755, 8.266365894244630389E-16 ) ) ;
#363 = CARTESIAN_POINT ( 'NONE',  ( 10.50000000000000000, 0.000000000000000000, 1.649999999999999911 ) ) ;
#364 = COLOUR_RGB ( '',0.7921568627450980005, 0.8196078431372548767, 0.9333333333333333481 ) ;
#365 = ORIENTED_EDGE ( 'NONE', *, *, #1563, .T. ) ;
#366 =( GEOMETRIC_REPRESENTATION_CONTEXT ( 3 ) GLOBAL_UNCERTAINTY_ASSIGNED_CONTEXT ( ( #811 ) ) GLOBAL_UNIT_ASSIGNED_CONTEXT ( ( #878, #2464, #1041 ) ) REPRESENTATION_CONTEXT ( 'NONE', 'WORKASPACE' ) );
#367 = SPHERICAL_SURFACE ( 'NONE', #2057, 1.314988271469590186 ) ;
#368 = ADVANCED_FACE ( 'NONE', ( #1075 ), #2081, .T. ) ;
#369 = AXIS2_PLACEMENT_3D ( 'NONE', #829, #592, #2627 ) ;
#370 = FACE_OUTER_BOUND ( 'NONE', #2597, .T. ) ;
#371 = ORIENTED_EDGE ( 'NONE', *, *, #1938, .F. ) ;
#372 = DIRECTION ( 'NONE',  ( -0.5680647467311541465, 0.8229838658936576845, 0.000000000000000000 ) ) ;
#373 = ORIENTED_EDGE ( 'NONE', *, *, #2300, .F. ) ;
#374 = CARTESIAN_POINT ( 'NONE',  ( -6.000000000000000000, 0.000000000000000000, 2.250000000000000000 ) ) ;
#375 =( NAMED_UNIT ( * ) PLANE_ANGLE_UNIT ( ) SI_UNIT ( $, .RADIAN. ) );
#376 =( LENGTH_UNIT ( ) NAMED_UNIT ( * ) SI_UNIT ( .MILLI., .METRE. ) );
#377 = DIRECTION ( 'NONE',  ( 1.000000000000000000, 0.000000000000000000, 0.000000000000000000 ) ) ;
#378 = ORIENTED_EDGE ( 'NONE', *, *, #979, .F. ) ;
#379 = DIRECTION ( 'NONE',  ( 0.000000000000000000, 0.000000000000000000, -1.000000000000000000 ) ) ;
#380 = CARTESIAN_POINT ( 'NONE',  ( -8.189848211308939696, 0.9944276121065038776, 8.266365894244630389E-16 ) ) ;
#381 = DIRECTION ( 'NONE',  ( 0.8229838658936575735, 0.5680647467311541465, 0.000000000000000000 ) ) ;
#382 = ADVANCED_FACE ( 'NONE', ( #1119 ), #1929, .F. ) ;
#383 = CARTESIAN_POINT ( 'NONE',  ( 7.546703296703309860, 0.000000000000000000, 2.375000000000000000 ) ) ;
#384 = VERTEX_POINT ( 'NONE', #1877 ) ;
#385 = ADVANCED_FACE ( 'NONE', ( #446 ), #2094, .T. ) ;
#386 = FACE_BOUND ( 'NONE', #1830, .T. ) ;
#387 = ORIENTED_EDGE ( 'NONE', *, *, #832, .F. ) ;
#388 = CARTESIAN_POINT ( 'NONE',  ( 8.601648351648348623, 0.000000000000000000, -2.500000000000000000 ) ) ;
#389 = EDGE_LOOP ( 'NONE', ( #2253, #2325 ) ) ;
#390 = CARTESIAN_POINT ( 'NONE',  ( 8.953296703296699022, 0.000000000000000000, -2.500000000000000000 ) ) ;
#391 = DIRECTION ( 'NONE',  ( 0.000000000000000000, 0.000000000000000000, 1.000000000000000000 ) ) ;
#392 = VERTEX_POINT ( 'NONE', #463 ) ;
#393 = CARTESIAN_POINT ( 'NONE',  ( -8.953296703296699022, 1.096462614950885909E-15, -2.500000000000000000 ) ) ;
#394 = CARTESIAN_POINT ( 'NONE',  ( 0.000000000000000000, 0.000000000000000000, 1.111111111111112049 ) ) ;
#395 = AXIS2_PLACEMENT_3D ( 'NONE', #2030, #941, #289 ) ;
#396 = AXIS2_PLACEMENT_3D ( 'NONE', #90, #712, #1128 ) ;
#397 = DIRECTION ( 'NONE',  ( -0.8229838658936495799, 0.5680647467311655818, 0.000000000000000000 ) ) ;
#398 = ORIENTED_EDGE ( 'NONE', *, *, #2548, .T. ) ;
#399 = VECTOR ( 'NONE', #771, 1000.000000000000000 ) ;
#400 = FACE_OUTER_BOUND ( 'NONE', #2187, .T. ) ;
#401 = ADVANCED_FACE ( 'NONE', ( #19 ), #250, .F. ) ;
#402 = ORIENTED_EDGE ( 'NONE', *, *, #421, .T. ) ;
#403 = DIRECTION ( 'NONE',  ( 0.000000000000000000, 0.000000000000000000, -1.000000000000000000 ) ) ;
#404 = STYLED_ITEM ( 'NONE', ( #1256 ), #1074 ) ;
#405 = DIRECTION ( 'NONE',  ( 1.000000000000000000, 0.000000000000000000, 0.000000000000000000 ) ) ;
#406 = STYLED_ITEM ( 'NONE', ( #1810 ), #1115 ) ;
#407 = EDGE_CURVE ( 'NONE', #2378, #384, #473, .T. ) ;
#408 = SURFACE_STYLE_FILL_AREA ( #986 ) ;
#409 = CARTESIAN_POINT ( 'NONE',  ( -6.789616893622610228, 4.686534160532120907, 8.266365894244630389E-16 ) ) ;
#410 = EDGE_LOOP ( 'NONE', ( #2022, #710 ) ) ;
#411 = CARTESIAN_POINT ( 'NONE',  ( -1.974354230372415309, -8.010269993764911334, 8.266365894244630389E-16 ) ) ;
#412 = CARTESIAN_POINT ( 'NONE',  ( 0.000000000000000000, 0.000000000000000000, -2.250000000000000000 ) ) ;
#413 = DIRECTION ( 'NONE',  ( -0.8854560256532092444, 0.4647231720437701163, 0.000000000000000000 ) ) ;
#414 = AXIS2_PLACEMENT_3D ( 'NONE', #701, #1087, #443 ) ;
#415 = DIRECTION ( 'NONE',  ( 0.000000000000000000, 0.000000000000000000, -1.000000000000000000 ) ) ;
#416 = ORIENTED_EDGE ( 'NONE', *, *, #967, .F. ) ;
#417 = VECTOR ( 'NONE', #618, 1000.000000000000000 ) ;
#418 = DIRECTION ( 'NONE',  ( 0.9927088740980543058, 0.1205366802553199390, 0.000000000000000000 ) ) ;
#419 = ORIENTED_EDGE ( 'NONE', *, *, #963, .T. ) ;
#420 = SURFACE_STYLE_USAGE ( .BOTH. , #1832 ) ;
#421 = EDGE_CURVE ( 'NONE', #1592, #384, #1100, .T. ) ;
#422 = ORIENTED_EDGE ( 'NONE', *, *, #2656, .T. ) ;
#423 = SURFACE_STYLE_FILL_AREA ( #2667 ) ;
#424 = CARTESIAN_POINT ( 'NONE',  ( -7.713884002154699715, -2.925490318100844700, 8.266365894244630389E-16 ) ) ;
#425 = SPHERICAL_SURFACE ( 'NONE', #677, 1.314988271469590186 ) ;
#426 = ORIENTED_EDGE ( 'NONE', *, *, #2435, .F. ) ;
#427 = FACE_OUTER_BOUND ( 'NONE', #2195, .T. ) ;
#428 = DIRECTION ( 'NONE',  ( -0.9350162426854180531, -0.3546048870425270727, 0.000000000000000000 ) ) ;
#429 = SURFACE_STYLE_FILL_AREA ( #1646 ) ;
#430 = PRODUCT ( 'ASV1_400_21X_1_1.STEP', 'ASV1_400_21X_1_1.STEP', '', ( #117 ) ) ;
#431 = SPHERICAL_SURFACE ( 'NONE', #546, 1.314988271469590186 ) ;
#432 = ORIENTED_EDGE ( 'NONE', *, *, #1445, .F. ) ;
#433 = DIRECTION ( 'NONE',  ( 0.000000000000000000, 0.000000000000000000, 1.000000000000000000 ) ) ;
#434 = CARTESIAN_POINT ( 'NONE',  ( 3.833966169361100018, 7.305012211638979736, 8.266365894244630389E-16 ) ) ;
#435 = CARTESIAN_POINT ( 'NONE',  ( -7.546703296703309860, 9.242046036422477822E-16, -1.314988271469587966 ) ) ;
#436 = ADVANCED_FACE ( 'NONE', ( #740 ), #2595, .T. ) ;
#437 = DIRECTION ( 'NONE',  ( 0.000000000000000000, 0.000000000000000000, 1.000000000000000000 ) ) ;
#438 = VERTEX_POINT ( 'NONE', #952 ) ;
#439 = CARTESIAN_POINT ( 'NONE',  ( 8.953296703296699022, 0.000000000000000000, 2.375000000000000000 ) ) ;
#440 = CARTESIAN_POINT ( 'NONE',  ( -3.833966169361000098, 7.305012211639029474, 8.266365894244630389E-16 ) ) ;
#441 = AXIS2_PLACEMENT_3D ( 'NONE', #76, #1489, #866 ) ;
#442 = MECHANICAL_DESIGN_GEOMETRIC_PRESENTATION_REPRESENTATION (  '', ( #1474 ), #873 ) ;
#443 = DIRECTION ( 'NONE',  ( -0.9927088740980527515, 0.1205366802553335948, 0.000000000000000000 ) ) ;
#444 = ADVANCED_FACE ( 'NONE', ( #1950 ), #82, .F. ) ;
#445 = AXIS2_PLACEMENT_3D ( 'NONE', #1870, #2670, #828 ) ;
#446 = FACE_OUTER_BOUND ( 'NONE', #2468, .T. ) ;
#447 = ORIENTED_EDGE ( 'NONE', *, *, #119, .T. ) ;
#448 = CARTESIAN_POINT ( 'NONE',  ( 0.000000000000000000, 0.000000000000000000, 2.500000000000000000 ) ) ;
#449 = AXIS2_PLACEMENT_3D ( 'NONE', #985, #760, #2162 ) ;
#450 = SURFACE_SIDE_STYLE ('',( #490 ) ) ;
#451 =( GEOMETRIC_REPRESENTATION_CONTEXT ( 3 ) GLOBAL_UNCERTAINTY_ASSIGNED_CONTEXT ( ( #2001 ) ) GLOBAL_UNIT_ASSIGNED_CONTEXT ( ( #855, #375, #167 ) ) REPRESENTATION_CONTEXT ( 'NONE', 'WORKASPACE' ) );
#452 = FACE_OUTER_BOUND ( 'NONE', #34, .T. ) ;
#453 = AXIS2_PLACEMENT_3D ( 'NONE', #457, #661, #1481 ) ;
#454 = VERTEX_POINT ( 'NONE', #2182 ) ;
#455 = FACE_OUTER_BOUND ( 'NONE', #1632, .T. ) ;
#456 = DIRECTION ( 'NONE',  ( -0.8854560256532160167, -0.4647231720437570157, 0.000000000000000000 ) ) ;
#457 = CARTESIAN_POINT ( 'NONE',  ( -8.189848211308939696, 0.9944276121065038776, 8.266365894244630389E-16 ) ) ;
#458 = AXIS2_PLACEMENT_3D ( 'NONE', #2506, #2536, #1532 ) ;
#459 = EDGE_CURVE ( 'NONE', #953, #1930, #2397, .T. ) ;
#460 = AXIS2_PLACEMENT_3D ( 'NONE', #37, #2099, #2135 ) ;
#461 = SPHERICAL_SURFACE ( 'NONE', #1496, 1.314988271469590186 ) ;
#462 = AXIS2_PLACEMENT_3D ( 'NONE', #2173, #1955, #1769 ) ;
#463 = CARTESIAN_POINT ( 'NONE',  ( 7.546703296703309860, 0.000000000000000000, 2.500000000000000000 ) ) ;
#464 = ORIENTED_EDGE ( 'NONE', *, *, #2330, .F. ) ;
#465 = PRESENTATION_STYLE_ASSIGNMENT (( #1105 ) ) ;
#466 = CIRCLE ( 'NONE', #2101, 8.953296703296699022 ) ;
#467 = DIRECTION ( 'NONE',  ( -0.5680647467311541465, 0.8229838658936576845, 0.000000000000000000 ) ) ;
#468 = ORIENTED_EDGE ( 'NONE', *, *, #2462, .F. ) ;
#469 = CARTESIAN_POINT ( 'NONE',  ( -7.546703296703309860, 9.242046036422477822E-16, -2.500000000000000000 ) ) ;
#470 = DIRECTION ( 'NONE',  ( 1.000000000000000000, 0.000000000000000000, 0.000000000000000000 ) ) ;
#471 = DIRECTION ( 'NONE',  ( 0.000000000000000000, 0.000000000000000000, -1.000000000000000000 ) ) ;
#472 = EDGE_CURVE ( 'NONE', #1887, #1781, #1561, .T. ) ;
#473 = LINE ( 'NONE', #1303, #1778 ) ;
#474 = EDGE_LOOP ( 'NONE', ( #1780, #2290 ) ) ;
#475 = DIRECTION ( 'NONE',  ( 0.000000000000000000, 0.000000000000000000, 1.000000000000000000 ) ) ;
#476 = FACE_OUTER_BOUND ( 'NONE', #67, .T. ) ;
#477 = DIRECTION ( 'NONE',  ( 1.000000000000000000, 0.000000000000000000, 0.000000000000000000 ) ) ;
#478 = ORIENTED_EDGE ( 'NONE', *, *, #296, .F. ) ;
#479 = DIRECTION ( 'NONE',  ( 1.000000000000000000, 0.000000000000000000, 0.000000000000000000 ) ) ;
#480 = DIRECTION ( 'NONE',  ( 0.000000000000000000, 0.000000000000000000, 1.000000000000000000 ) ) ;
#481 = SPHERICAL_SURFACE ( 'NONE', #1359, 1.314988271469590186 ) ;
#482 = CARTESIAN_POINT ( 'NONE',  ( -11.50000000000000000, 1.408343819019455979E-15, 1.399999999999999911 ) ) ;
#483 = CLOSED_SHELL ( 'NONE', ( #1459, #72, #720, #1510 ) ) ;
#484 = AXIS2_PLACEMENT_3D ( 'NONE', #2207, #372, #1208 ) ;
#485 = APPLICATION_CONTEXT ( 'automotive_design' ) ;
#486 = CARTESIAN_POINT ( 'NONE',  ( 0.000000000000000000, 0.000000000000000000, -2.500000000000000000 ) ) ;
#487 = ORIENTED_EDGE ( 'NONE', *, *, #354, .T. ) ;
#488 = AXIS2_PLACEMENT_3D ( 'NONE', #1739, #1141, #927 ) ;
#489 = AXIS2_PLACEMENT_3D ( 'NONE', #78, #40, #898 ) ;
#490 = SURFACE_STYLE_FILL_AREA ( #1061 ) ;
#491 = ADVANCED_FACE ( 'NONE', ( #540 ), #1978, .T. ) ;
#492 =( NAMED_UNIT ( * ) SI_UNIT ( $, .STERADIAN. ) SOLID_ANGLE_UNIT ( ) );
#493 = LINE ( 'NONE', #2310, #1961 ) ;
#494 = VERTEX_POINT ( 'NONE', #729 ) ;
#495 = ADVANCED_FACE ( 'NONE', ( #753 ), #2382, .T. ) ;
#496 = AXIS2_PLACEMENT_3D ( 'NONE', #1163, #1593, #2375 ) ;
#497 = CARTESIAN_POINT ( 'NONE',  ( 0.000000000000000000, 0.000000000000000000, 1.150000000000024114 ) ) ;
#498 = DIRECTION ( 'NONE',  ( 0.000000000000000000, 0.000000000000000000, -1.000000000000000000 ) ) ;
#499 = SPHERICAL_SURFACE ( 'NONE', #881, 1.314988271469590186 ) ;
#500 = PRESENTATION_LAYER_ASSIGNMENT (  '', '', ( #135 ) ) ;
#501 = FACE_OUTER_BOUND ( 'NONE', #813, .T. ) ;
#502 = CIRCLE ( 'NONE', #232, 7.898351648351649601 ) ;
#503 = TOROIDAL_SURFACE ( 'NONE', #926, 8.250000000000000000, 1.314988271469587966 ) ;
#504 = DIRECTION ( 'NONE',  ( -1.224646799147351975E-16, -1.000000000000000000, 0.000000000000000000 ) ) ;
#505 = ORIENTED_EDGE ( 'NONE', *, *, #33, .F. ) ;
#506 = PRESENTATION_LAYER_ASSIGNMENT (  '', '', ( #2352 ) ) ;
#507 = CIRCLE ( 'NONE', #105, 8.953296703296699022 ) ;
#508 = CARTESIAN_POINT ( 'NONE',  ( 6.789616893622680394, 4.686534160532019655, 8.266365894244630389E-16 ) ) ;
#509 = DIRECTION ( 'NONE',  ( 0.000000000000000000, 0.000000000000000000, 1.000000000000000000 ) ) ;
#510 = CONICAL_SURFACE ( 'NONE', #2012, 10.75000000000000000, 0.7853981633974320697 ) ;
#511 = EDGE_CURVE ( 'NONE', #1930, #494, #706, .T. ) ;
#512 = ORIENTED_EDGE ( 'NONE', *, *, #1002, .F. ) ;
#513 = CARTESIAN_POINT ( 'NONE',  ( -6.935011728530420250, 8.492939915394129625E-16, 5.947204867513560513E-16 ) ) ;
#514 = CARTESIAN_POINT ( 'NONE',  ( 0.000000000000000000, 0.000000000000000000, -1.314988271469587966 ) ) ;
#515 = CARTESIAN_POINT ( 'NONE',  ( 0.000000000000000000, 8.953296703296699022, -1.314988271469587966 ) ) ;
#516 = CARTESIAN_POINT ( 'NONE',  ( 6.250000000000000000, 7.654042494670939857E-16, 2.500000000000000000 ) ) ;
#517 = EDGE_LOOP ( 'NONE', ( #608, #2441 ) ) ;
#518 = DIRECTION ( 'NONE',  ( 0.000000000000000000, 0.000000000000000000, -1.000000000000000000 ) ) ;
#519 = FILL_AREA_STYLE ('',( #1541 ) ) ;
#520 = LINE ( 'NONE', #2613, #2566 ) ;
#521 = VERTEX_POINT ( 'NONE', #332 ) ;
#522 = EDGE_CURVE ( 'NONE', #2040, #1198, #1315, .T. ) ;
#523 = EDGE_LOOP ( 'NONE', ( #857, #2004 ) ) ;
#524 = DIRECTION ( 'NONE',  ( 0.7485107481711040789, 0.6631226582407918624, -0.000000000000000000 ) ) ;
#525 = EDGE_CURVE ( 'NONE', #953, #773, #1275, .T. ) ;
#526 = CLOSED_SHELL ( 'NONE', ( #2399, #1843, #588, #1719, #2153, #538, #1696, #2610, #1787, #2261, #112, #1526, #890, #436, #286, #1155, #932, #243, #2499, #993, #273, #751 ) ) ;
#527 = DIRECTION ( 'NONE',  ( 1.000000000000000000, 0.000000000000000000, 0.000000000000000000 ) ) ;
#528 = ADVANCED_FACE ( 'NONE', ( #94 ), #1966, .T. ) ;
#529 = VERTEX_POINT ( 'NONE', #1562 ) ;
#530 = DIRECTION ( 'NONE',  ( 0.000000000000000000, -1.000000000000000000, 0.000000000000000000 ) ) ;
#531 = VECTOR ( 'NONE', #1517, 1000.000000000000000 ) ;
#532 = ORIENTED_EDGE ( 'NONE', *, *, #2537, .T. ) ;
#533 = FACE_OUTER_BOUND ( 'NONE', #2053, .T. ) ;
#534 = CARTESIAN_POINT ( 'NONE',  ( -8.953296703296699022, 1.096462614950885909E-15, -1.111111111111109828 ) ) ;
#535 = EDGE_LOOP ( 'NONE', ( #2244, #1996, #181, #1156 ) ) ;
#536 = CARTESIAN_POINT ( 'NONE',  ( 8.953296703296699022, 0.000000000000000000, -2.500000000000000000 ) ) ;
#537 = COLOUR_RGB ( '',0.7921568627450980005, 0.8196078431372548767, 0.9333333333333333481 ) ;
#538 = ADVANCED_FACE ( 'NONE', ( #2144 ), #2038, .T. ) ;
#539 = CIRCLE ( 'NONE', #2050, 1.314988271469589520 ) ;
#540 = FACE_OUTER_BOUND ( 'NONE', #156, .T. ) ;
#541 = EDGE_LOOP ( 'NONE', ( #1600, #1944 ) ) ;
#542 = CIRCLE ( 'NONE', #1918, 6.000000000000000000 ) ;
#543 = AXIS2_PLACEMENT_3D ( 'NONE', #1624, #1419, #2469 ) ;
#544 = ORIENTED_EDGE ( 'NONE', *, *, #1874, .T. ) ;
#545 = CARTESIAN_POINT ( 'NONE',  ( -8.953296703296699022, 1.096462614950885909E-15, -2.500000000000000000 ) ) ;
#546 = AXIS2_PLACEMENT_3D ( 'NONE', #607, #2243, #397 ) ;
#547 = ORIENTED_EDGE ( 'NONE', *, *, #2073, .F. ) ;
#548 = CARTESIAN_POINT ( 'NONE',  ( 10.75000000000000000, 0.000000000000000000, 1.399999999999999911 ) ) ;
#549 = UNCERTAINTY_MEASURE_WITH_UNIT (LENGTH_MEASURE( 1.000000000000000082E-05 ), #2096, 'distance_accuracy_value', 'NONE');
#550 = APPLICATION_PROTOCOL_DEFINITION ( 'draft international standard', 'automotive_design', 1998, #485 ) ;
#551 = AXIS2_PLACEMENT_3D ( 'NONE', #1188, #1989, #2167 ) ;
#552 = DIRECTION ( 'NONE',  ( 0.4647231720437703384, 0.8854560256532089113, 0.000000000000000000 ) ) ;
#553 = ORIENTED_EDGE ( 'NONE', *, *, #1203, .T. ) ;
#554 = CARTESIAN_POINT ( 'NONE',  ( 6.250000000000000000, 0.000000000000000000, -2.500000000000000000 ) ) ;
#555 = DIRECTION ( 'NONE',  ( 0.000000000000000000, 0.000000000000000000, -1.000000000000000000 ) ) ;
#556 = EDGE_CURVE ( 'NONE', #494, #1930, #1055, .T. ) ;
#557 = VERTEX_POINT ( 'NONE', #1939 ) ;
#558 = CARTESIAN_POINT ( 'NONE',  ( 8.189848211308948578, 0.9944276121063889695, 8.266365894244630389E-16 ) ) ;
#559 = ORIENTED_EDGE ( 'NONE', *, *, #69, .T. ) ;
#560 = FACE_OUTER_BOUND ( 'NONE', #284, .T. ) ;
#561 = ADVANCED_FACE ( 'NONE', ( #1766 ), #2584, .T. ) ;
#562 = SPHERICAL_SURFACE ( 'NONE', #2007, 1.314988271469590186 ) ;
#563 = VERTEX_POINT ( 'NONE', #516 ) ;
#564 = CARTESIAN_POINT ( 'NONE',  ( -7.871831024881458916, 5.433532639918950302, 8.266365894244630389E-16 ) ) ;
#565 =( NAMED_UNIT ( * ) PLANE_ANGLE_UNIT ( ) SI_UNIT ( $, .RADIAN. ) );
#566 = ORIENTED_EDGE ( 'NONE', *, *, #1077, .T. ) ;
#567 = DIRECTION ( 'NONE',  ( 0.000000000000000000, 0.000000000000000000, -1.000000000000000000 ) ) ;
#568 = CLOSED_SHELL ( 'NONE', ( #1544, #385, #1016, #646 ) ) ;
#569 =( NAMED_UNIT ( * ) PLANE_ANGLE_UNIT ( ) SI_UNIT ( $, .RADIAN. ) );
#570 = EDGE_CURVE ( 'NONE', #2117, #1233, #743, .T. ) ;
#571 = STYLED_ITEM ( 'NONE', ( #2575 ), #165 ) ;
#572 = EDGE_LOOP ( 'NONE', ( #1165, #1817 ) ) ;
#573 = PLANE ( 'NONE',  #496 ) ;
#574 = UNCERTAINTY_MEASURE_WITH_UNIT (LENGTH_MEASURE( 1.000000000000000082E-05 ), #1046, 'distance_accuracy_value', 'NONE');
#575 = AXIS2_PLACEMENT_3D ( 'NONE', #1537, #2560, #171 ) ;
#576 = VERTEX_POINT ( 'NONE', #439 ) ;
#577 = VECTOR ( 'NONE', #1346, 999.9999999999998863 ) ;
#578 = CYLINDRICAL_SURFACE ( 'NONE', #1836, 8.953296703296699022 ) ;
#579 = FACE_OUTER_BOUND ( 'NONE', #1901, .T. ) ;
#580 = CIRCLE ( 'NONE', #1525, 1.314988271469590408 ) ;
#581 = EDGE_LOOP ( 'NONE', ( #1981, #1985 ) ) ;
#582 = PRESENTATION_LAYER_ASSIGNMENT (  '', '', ( #137 ) ) ;
#583 = DIRECTION ( 'NONE',  ( 1.000000000000000000, 0.000000000000000000, 0.000000000000000000 ) ) ;
#584 =( NAMED_UNIT ( * ) SI_UNIT ( $, .STERADIAN. ) SOLID_ANGLE_UNIT ( ) );
#585 = CIRCLE ( 'NONE', #1286, 1.314988271469587966 ) ;
#586 = FACE_OUTER_BOUND ( 'NONE', #1866, .T. ) ;
#587 = CARTESIAN_POINT ( 'NONE',  ( 8.953296703296699022, 0.000000000000000000, -2.500000000000000000 ) ) ;
#588 = ADVANCED_FACE ( 'NONE', ( #1644 ), #188, .F. ) ;
#589 = DIRECTION ( 'NONE',  ( 0.9709418174260536771, 0.2393156642875514384, -0.000000000000000000 ) ) ;
#590 = EDGE_LOOP ( 'NONE', ( #2626, #914 ) ) ;
#591 =( GEOMETRIC_REPRESENTATION_CONTEXT ( 3 ) GLOBAL_UNCERTAINTY_ASSIGNED_CONTEXT ( ( #549 ) ) GLOBAL_UNIT_ASSIGNED_CONTEXT ( ( #2096, #22, #1694 ) ) REPRESENTATION_CONTEXT ( 'NONE', 'WORKASPACE' ) );
#592 = DIRECTION ( 'NONE',  ( 0.000000000000000000, 0.000000000000000000, -1.000000000000000000 ) ) ;
#593 = LINE ( 'NONE', #2629, #275 ) ;
#594 = AXIS2_PLACEMENT_3D ( 'NONE', #950, #524, #1535 ) ;
#595 = EDGE_LOOP ( 'NONE', ( #512, #1962, #1030, #1580 ) ) ;
#596 =( NAMED_UNIT ( * ) SI_UNIT ( $, .STERADIAN. ) SOLID_ANGLE_UNIT ( ) );
#597 = ORIENTED_EDGE ( 'NONE', *, *, #2197, .T. ) ;
#598 = DIRECTION ( 'NONE',  ( 0.9709418174260535661, 0.2393156642875519102, 0.000000000000000000 ) ) ;
#599 = DIRECTION ( 'NONE',  ( 1.000000000000000000, 0.000000000000000000, 0.000000000000000000 ) ) ;
#600 = FILL_AREA_STYLE_COLOUR ( '', #1280 ) ;
#601 = ORIENTED_EDGE ( 'NONE', *, *, #472, .T. ) ;
#602 = EDGE_CURVE ( 'NONE', #1142, #384, #1260, .T. ) ;
#603 = DIRECTION ( 'NONE',  ( 1.000000000000000000, 0.000000000000000000, 0.000000000000000000 ) ) ;
#604 = DIRECTION ( 'NONE',  ( -1.000000000000000000, 0.000000000000000000, 0.000000000000000000 ) ) ;
#605 = CARTESIAN_POINT ( 'NONE',  ( 0.000000000000000000, 0.000000000000000000, -2.500000000000000000 ) ) ;
#606 = ADVANCED_FACE ( 'NONE', ( #1022 ), #1840, .F. ) ;
#607 = CARTESIAN_POINT ( 'NONE',  ( -6.789616893622610228, 4.686534160532120907, 8.266365894244630389E-16 ) ) ;
#608 = ORIENTED_EDGE ( 'NONE', *, *, #2656, .F. ) ;
#609 = EDGE_CURVE ( 'NONE', #1136, #1858, #1658, .T. ) ;
#610 = ORIENTED_EDGE ( 'NONE', *, *, #2435, .T. ) ;
#611 = CARTESIAN_POINT ( 'NONE',  ( -6.250000000000000000, 7.654042494670939857E-16, -2.500000000000000000 ) ) ;
#612 = DIRECTION ( 'NONE',  ( 1.000000000000000000, 0.000000000000000000, 0.000000000000000000 ) ) ;
#613 = DIRECTION ( 'NONE',  ( 0.000000000000000000, 0.000000000000000000, 1.000000000000000000 ) ) ;
#614 = CLOSED_SHELL ( 'NONE', ( #2245, #1984, #2358, #1378 ) ) ;
#615 = CARTESIAN_POINT ( 'NONE',  ( 7.898351648351649601, 0.000000000000000000, -0.1172161172161163972 ) ) ;
#616 = ORIENTED_EDGE ( 'NONE', *, *, #852, .T. ) ;
#617 = CARTESIAN_POINT ( 'NONE',  ( 8.601648351648348623, 0.000000000000000000, -0.1172161172161163972 ) ) ;
#618 = DIRECTION ( 'NONE',  ( 0.7071067811865535679, 8.659560562354953812E-17, 0.7071067811865415775 ) ) ;
#619 = AXIS2_PLACEMENT_3D ( 'NONE', #1088, #1900, #2319 ) ;
#620 = CARTESIAN_POINT ( 'NONE',  ( -4.445071690078685300, 8.469376500275080488, 8.266365894244630389E-16 ) ) ;
#621 = AXIS2_PLACEMENT_3D ( 'NONE', #1922, #1945, #2326 ) ;
#622 = CYLINDRICAL_SURFACE ( 'NONE', #891, 8.953296703296699022 ) ;
#623 = EDGE_LOOP ( 'NONE', ( #1090, #1893 ) ) ;
#624 = ADVANCED_FACE ( 'NONE', ( #455 ), #2458, .T. ) ;
#625 = DIRECTION ( 'NONE',  ( 0.000000000000000000, 0.000000000000000000, -1.000000000000000000 ) ) ;
#626 = VERTEX_POINT ( 'NONE', #617 ) ;
#627 = SURFACE_SIDE_STYLE ('',( #1196 ) ) ;
#628 =( GEOMETRIC_REPRESENTATION_CONTEXT ( 3 ) GLOBAL_UNCERTAINTY_ASSIGNED_CONTEXT ( ( #326 ) ) GLOBAL_UNIT_ASSIGNED_CONTEXT ( ( #376, #202, #492 ) ) REPRESENTATION_CONTEXT ( 'NONE', 'WORKASPACE' ) );
#629 = DIRECTION ( 'NONE',  ( 0.4647231720437703384, 0.8854560256532089113, 0.000000000000000000 ) ) ;
#630 = CIRCLE ( 'NONE', #2562, 10.75000000000000000 ) ;
#631 = DIRECTION ( 'NONE',  ( 1.000000000000000000, 0.000000000000000000, 1.215717745149353678E-16 ) ) ;
#632 = SPHERICAL_SURFACE ( 'NONE', #1789, 1.314988271469590186 ) ;
#633 = AXIS2_PLACEMENT_3D ( 'NONE', #2342, #91, #1374 ) ;
#634 = EDGE_LOOP ( 'NONE', ( #1897, #2406 ) ) ;
#635 = DIRECTION ( 'NONE',  ( 0.000000000000000000, 0.000000000000000000, 1.000000000000000000 ) ) ;
#636 = CARTESIAN_POINT ( 'NONE',  ( -7.713884002154699715, -2.925490318100844700, 8.266365894244630389E-16 ) ) ;
#637 = AXIS2_PLACEMENT_3D ( 'NONE', #179, #598, #794 ) ;
#638 = CARTESIAN_POINT ( 'NONE',  ( 0.000000000000000000, 0.000000000000000000, 1.399999999999999911 ) ) ;
#639 = VECTOR ( 'NONE', #1250, 1000.000000000000000 ) ;
#640 = DIRECTION ( 'NONE',  ( -1.000000000000000000, 0.000000000000000000, 0.000000000000000000 ) ) ;
#641 = CIRCLE ( 'NONE', #724, 7.546703296703309860 ) ;
#642 = FACE_OUTER_BOUND ( 'NONE', #623, .T. ) ;
#643 = ADVANCED_FACE ( 'NONE', ( #1633 ), #1423, .T. ) ;
#644 = ORIENTED_EDGE ( 'NONE', *, *, #1856, .T. ) ;
#645 = DIRECTION ( 'NONE',  ( 0.9927088740980543058, 0.1205366802553199390, 0.000000000000000000 ) ) ;
#646 = ADVANCED_FACE ( 'NONE', ( #650 ), #1229, .T. ) ;
#647 = DIRECTION ( 'NONE',  ( 1.000000000000000000, 0.000000000000000000, 0.000000000000000000 ) ) ;
#648 = EDGE_LOOP ( 'NONE', ( #1623, #897 ) ) ;
#649 = EDGE_CURVE ( 'NONE', #2270, #2527, #1603, .T. ) ;
#650 = FACE_OUTER_BOUND ( 'NONE', #517, .T. ) ;
#651 = DIRECTION ( 'NONE',  ( -1.000000000000000000, 0.000000000000000000, 0.000000000000000000 ) ) ;
#652 = DIRECTION ( 'NONE',  ( 1.000000000000000000, 0.000000000000000000, 0.000000000000000000 ) ) ;
#653 = DIRECTION ( 'NONE',  ( 0.000000000000000000, 0.000000000000000000, 1.000000000000000000 ) ) ;
#654 = ORIENTED_EDGE ( 'NONE', *, *, #1928, .F. ) ;
#655 = DIRECTION ( 'NONE',  ( 0.3546048870425393962, 0.9350162426854135012, -0.000000000000000000 ) ) ;
#656 = ADVANCED_FACE ( 'NONE', ( #1038 ), #2272, .T. ) ;
#657 = MECHANICAL_DESIGN_GEOMETRIC_PRESENTATION_REPRESENTATION (  '', ( #2287 ), #43 ) ;
#658 = EDGE_LOOP ( 'NONE', ( #2497, #38, #2277, #1192 ) ) ;
#659 = DIRECTION ( 'NONE',  ( 0.000000000000000000, 0.000000000000000000, -1.000000000000000000 ) ) ;
#660 = DIRECTION ( 'NONE',  ( 0.000000000000000000, 0.000000000000000000, -1.000000000000000000 ) ) ;
#661 = DIRECTION ( 'NONE',  ( -0.1205366802553335670, -0.9927088740980527515, 0.000000000000000000 ) ) ;
#662 = AXIS2_PLACEMENT_3D ( 'NONE', #1815, #2634, #176 ) ;
#663 = CYLINDRICAL_SURFACE ( 'NONE', #721, 7.546703296703309860 ) ;
#664 = DIRECTION ( 'NONE',  ( 0.9709418174260536771, 0.2393156642875514384, -0.000000000000000000 ) ) ;
#665 = AXIS2_PLACEMENT_3D ( 'NONE', #2149, #687, #479 ) ;
#666 = ORIENTED_EDGE ( 'NONE', *, *, #2596, .T. ) ;
#667 = FILL_AREA_STYLE ('',( #2512 ) ) ;
#668 = PLANE ( 'NONE',  #1387 ) ;
#669 = COLOUR_RGB ( '',0.7921568627450980005, 0.8196078431372548767, 0.9333333333333333481 ) ;
#670 = CARTESIAN_POINT ( 'NONE',  ( -5.707402762363759763, 3.939535681145294621, 9.876762071816181055E-16 ) ) ;
#671 = AXIS2_PLACEMENT_3D ( 'NONE', #1935, #1911, #53 ) ;
#672 = EDGE_LOOP ( 'NONE', ( #340, #166 ) ) ;
#673 = PLANE ( 'NONE',  #1605 ) ;
#674 = DIRECTION ( 'NONE',  ( 0.000000000000000000, 0.000000000000000000, 1.000000000000000000 ) ) ;
#675 = EDGE_CURVE ( 'NONE', #2409, #348, #1947, .T. ) ;
#676 = DIRECTION ( 'NONE',  ( 1.000000000000000000, 0.000000000000000000, 0.000000000000000000 ) ) ;
#677 = AXIS2_PLACEMENT_3D ( 'NONE', #409, #2074, #1437 ) ;
#678 = ADVANCED_FACE ( 'NONE', ( #427 ), #1455, .T. ) ;
#679 = AXIS2_PLACEMENT_3D ( 'NONE', #1222, #433, #4 ) ;
#680 = CIRCLE ( 'NONE', #63, 10.75000000000000000 ) ;
#681 = DIRECTION ( 'NONE',  ( 1.000000000000000000, 0.000000000000000000, 0.000000000000000000 ) ) ;
#682 = TOROIDAL_SURFACE ( 'NONE', #551, 8.250000000000000000, 1.314988271469587966 ) ;
#683 = EDGE_LOOP ( 'NONE', ( #1348, #644, #77, #2414 ) ) ;
#684 = VECTOR ( 'NONE', #498, 1000.000000000000000 ) ;
#685 = SPHERICAL_SURFACE ( 'NONE', #793, 1.314988271469590186 ) ;
#686 = VERTEX_POINT ( 'NONE', #845 ) ;
#687 = DIRECTION ( 'NONE',  ( 0.000000000000000000, 0.000000000000000000, 1.000000000000000000 ) ) ;
#688 =( NAMED_UNIT ( * ) PLANE_ANGLE_UNIT ( ) SI_UNIT ( $, .RADIAN. ) );
#689 = FACE_OUTER_BOUND ( 'NONE', #195, .T. ) ;
#690 = DIRECTION ( 'NONE',  ( 0.6631226582407918624, -0.7485107481711040789, 0.000000000000000000 ) ) ;
#691 = EDGE_CURVE ( 'NONE', #1224, #1858, #263, .T. ) ;
#692 = CARTESIAN_POINT ( 'NONE',  ( -7.546703296703309860, 9.242046036422477822E-16, -2.375000000000000000 ) ) ;
#693 = ORIENTED_EDGE ( 'NONE', *, *, #1089, .T. ) ;
#694 = EDGE_CURVE ( 'NONE', #438, #293, #304, .T. ) ;
#695 = DIRECTION ( 'NONE',  ( 1.000000000000000000, 0.000000000000000000, 0.000000000000000000 ) ) ;
#696 = DIRECTION ( 'NONE',  ( 0.8229838658936577955, 0.5680647467311539245, 0.000000000000000000 ) ) ;
#697 = ORIENTED_EDGE ( 'NONE', *, *, #74, .F. ) ;
#698 = CARTESIAN_POINT ( 'NONE',  ( 0.000000000000000000, 0.000000000000000000, 2.500000000000000000 ) ) ;
#699 = CARTESIAN_POINT ( 'NONE',  ( 0.000000000000000000, 0.000000000000000000, 1.399999999999999911 ) ) ;
#700 = DIRECTION ( 'NONE',  ( 0.000000000000000000, 0.000000000000000000, -1.000000000000000000 ) ) ;
#701 = CARTESIAN_POINT ( 'NONE',  ( -8.189848211308939696, 0.9944276121065038776, 8.266365894244630389E-16 ) ) ;
#702 = AXIS2_PLACEMENT_3D ( 'NONE', #1684, #2334, #2349 ) ;
#703 = CARTESIAN_POINT ( 'NONE',  ( 5.470761930486530034, -6.175213672411609345, 8.266365894244630389E-16 ) ) ;
#704 = EDGE_CURVE ( 'NONE', #2296, #2378, #1725, .T. ) ;
#705 = VERTEX_POINT ( 'NONE', #726 ) ;
#706 = CIRCLE ( 'NONE', #2678, 7.546703296703309860 ) ;
#707 = AXIS2_PLACEMENT_3D ( 'NONE', #2339, #870, #285 ) ;
#708 = FILL_AREA_STYLE_COLOUR ( '', #779 ) ;
#709 = DIRECTION ( 'NONE',  ( 0.000000000000000000, 1.224646799147351975E-16, 1.000000000000000000 ) ) ;
#710 = ORIENTED_EDGE ( 'NONE', *, *, #2674, .T. ) ;
#711 = CONICAL_SURFACE ( 'NONE', #1873, 10.50000000000000000, 0.7853981633974568277 ) ;
#712 = DIRECTION ( 'NONE',  ( -5.691217451329918638E-17, 1.084370887601945846E-16, 1.000000000000000000 ) ) ;
#713 = DIRECTION ( 'NONE',  ( 0.000000000000000000, 0.000000000000000000, 1.000000000000000000 ) ) ;
#714 = CIRCLE ( 'NONE', #180, 8.601648351648348623 ) ;
#715 = DIRECTION ( 'NONE',  ( 1.000000000000000000, 0.000000000000000000, 0.000000000000000000 ) ) ;
#716 =( GEOMETRIC_REPRESENTATION_CONTEXT ( 3 ) GLOBAL_UNCERTAINTY_ASSIGNED_CONTEXT ( ( #1835 ) ) GLOBAL_UNIT_ASSIGNED_CONTEXT ( ( #1524, #2008, #1991 ) ) REPRESENTATION_CONTEXT ( 'NONE', 'WORKASPACE' ) );
#717 = AXIS2_PLACEMENT_3D ( 'NONE', #2668, #1201, #2473 ) ;
#718 = VERTEX_POINT ( 'NONE', #1300 ) ;
#719 = AXIS2_PLACEMENT_3D ( 'NONE', #2402, #1344, #2364 ) ;
#720 = ADVANCED_FACE ( 'NONE', ( #1898 ), #1531, .T. ) ;
#721 = AXIS2_PLACEMENT_3D ( 'NONE', #1331, #1718, #71 ) ;
#722 = SURFACE_STYLE_FILL_AREA ( #519 ) ;
#723 = FACE_OUTER_BOUND ( 'NONE', #252, .T. ) ;
#724 = AXIS2_PLACEMENT_3D ( 'NONE', #12, #674, #2113 ) ;
#725 = ORIENTED_EDGE ( 'NONE', *, *, #1928, .T. ) ;
#726 = CARTESIAN_POINT ( 'NONE',  ( 8.953296703296699022, 0.000000000000000000, -1.314988271469587966 ) ) ;
#727 = EDGE_CURVE ( 'NONE', #1583, #953, #2127, .T. ) ;
#728 = DIRECTION ( 'NONE',  ( 1.000000000000000000, 0.000000000000000000, 0.000000000000000000 ) ) ;
#729 = CARTESIAN_POINT ( 'NONE',  ( 7.546703296703309860, 0.000000000000000000, -2.500000000000000000 ) ) ;
#730 = ORIENTED_EDGE ( 'NONE', *, *, #2323, .F. ) ;
#731 = DIRECTION ( 'NONE',  ( -0.8854560256532092444, 0.4647231720437701163, 0.000000000000000000 ) ) ;
#732 = CARTESIAN_POINT ( 'NONE',  ( 0.000000000000000000, 0.000000000000000000, 2.250000000000000000 ) ) ;
#733 = ORIENTED_EDGE ( 'NONE', *, *, #115, .T. ) ;
#734 = LINE ( 'NONE', #325, #92 ) ;
#735 = UNCERTAINTY_MEASURE_WITH_UNIT (LENGTH_MEASURE( 1.000000000000000082E-05 ), #2663, 'distance_accuracy_value', 'NONE');
#736 = EDGE_CURVE ( 'NONE', #120, #2378, #2166, .T. ) ;
#737 = DIRECTION ( 'NONE',  ( 1.000000000000000000, 0.000000000000000000, 0.000000000000000000 ) ) ;
#738 = ORIENTED_EDGE ( 'NONE', *, *, #2654, .T. ) ;
#739 = DIRECTION ( 'NONE',  ( 0.8229838658936575735, 0.5680647467311541465, 0.000000000000000000 ) ) ;
#740 = FACE_OUTER_BOUND ( 'NONE', #1970, .T. ) ;
#741 = ORIENTED_EDGE ( 'NONE', *, *, #1291, .T. ) ;
#742 =( LENGTH_UNIT ( ) NAMED_UNIT ( * ) SI_UNIT ( .MILLI., .METRE. ) );
#743 = CIRCLE ( 'NONE', #1737, 1.314988271469590408 ) ;
#744 = ORIENTED_EDGE ( 'NONE', *, *, #2594, .T. ) ;
#745 = ORIENTED_EDGE ( 'NONE', *, *, #1874, .F. ) ;
#746 = DIRECTION ( 'NONE',  ( 0.000000000000000000, 0.000000000000000000, 1.000000000000000000 ) ) ;
#747 = DIRECTION ( 'NONE',  ( -0.8854560256532089113, 0.4647231720437703384, 0.000000000000000000 ) ) ;
#748 = ORIENTED_EDGE ( 'NONE', *, *, #1175, .T. ) ;
#749 = ADVANCED_FACE ( 'NONE', ( #1311 ), #1492, .T. ) ;
#750 = CARTESIAN_POINT ( 'NONE',  ( 0.000000000000000000, 0.000000000000000000, -2.500000000000000000 ) ) ;
#751 = ADVANCED_FACE ( 'NONE', ( #2534, #1506 ), #673, .F. ) ;
#752 = STYLED_ITEM ( 'NONE', ( #2060 ), #1086 ) ;
#753 = FACE_OUTER_BOUND ( 'NONE', #1094, .T. ) ;
#754 = ORIENTED_EDGE ( 'NONE', *, *, #1594, .F. ) ;
#755 = AXIS2_PLACEMENT_3D ( 'NONE', #118, #747, #552 ) ;
#756 = SURFACE_SIDE_STYLE ('',( #319 ) ) ;
#757 = DIRECTION ( 'NONE',  ( 0.000000000000000000, 0.000000000000000000, -1.000000000000000000 ) ) ;
#758 = CIRCLE ( 'NONE', #1197, 1.314988271469590408 ) ;
#759 = ORIENTED_EDGE ( 'NONE', *, *, #1426, .F. ) ;
#760 = DIRECTION ( 'NONE',  ( 0.000000000000000000, 0.000000000000000000, 1.000000000000000000 ) ) ;
#761 = CIRCLE ( 'NONE', #2265, 1.314988271469590186 ) ;
#762 = FACE_OUTER_BOUND ( 'NONE', #1775, .T. ) ;
#763 = AXIS2_PLACEMENT_3D ( 'NONE', #1700, #2077, #651 ) ;
#764 = ORIENTED_EDGE ( 'NONE', *, *, #525, .F. ) ;
#765 = DIRECTION ( 'NONE',  ( 0.000000000000000000, 0.000000000000000000, 1.000000000000000000 ) ) ;
#766 = SURFACE_STYLE_USAGE ( .BOTH. , #2157 ) ;
#767 = EDGE_LOOP ( 'NONE', ( #1813, #958 ) ) ;
#768 = EDGE_CURVE ( 'NONE', #1656, #2263, #2380, .T. ) ;
#769 = EDGE_LOOP ( 'NONE', ( #1360, #75 ) ) ;
#770 = EDGE_LOOP ( 'NONE', ( #2095, #789 ) ) ;
#771 = DIRECTION ( 'NONE',  ( 0.000000000000000000, 0.000000000000000000, -1.000000000000000000 ) ) ;
#772 = APPLICATION_CONTEXT ( 'automotive_design' ) ;
#773 = VERTEX_POINT ( 'NONE', #513 ) ;
#774 = DIRECTION ( 'NONE',  ( -0.9927088740980526405, 0.1205366802553335809, 0.000000000000000000 ) ) ;
#775 = ORIENTED_EDGE ( 'NONE', *, *, #1139, .T. ) ;
#776 = AXIS2_PLACEMENT_3D ( 'NONE', #2098, #1904, #2500 ) ;
#777 = CARTESIAN_POINT ( 'NONE',  ( 0.000000000000000000, 0.000000000000000000, -2.500000000000000000 ) ) ;
#778 = ADVANCED_FACE ( 'NONE', ( #2545 ), #2313, .T. ) ;
#779 = COLOUR_RGB ( '',0.7921568627450980005, 0.8196078431372548767, 0.9333333333333333481 ) ;
#780 = MECHANICAL_DESIGN_GEOMETRIC_PRESENTATION_REPRESENTATION (  '', ( #1389 ), #1314 ) ;
#781 = VERTEX_POINT ( 'NONE', #68 ) ;
#782 = DIRECTION ( 'NONE',  ( 0.2393156642875514384, -0.9709418174260536771, 0.000000000000000000 ) ) ;
#783 = FACE_OUTER_BOUND ( 'NONE', #1469, .T. ) ;
#784 = ORIENTED_EDGE ( 'NONE', *, *, #1170, .T. ) ;
#785 = DIRECTION ( 'NONE',  ( 0.000000000000000000, 0.000000000000000000, -1.000000000000000000 ) ) ;
#786 = CARTESIAN_POINT ( 'NONE',  ( 10.25000000000000000, 1.270571054115379923E-15, -2.500000000000000000 ) ) ;
#787 = CARTESIAN_POINT ( 'NONE',  ( 8.250000000000000000, 0.000000000000000000, 4.336808689942014778E-16 ) ) ;
#788 = COLOUR_RGB ( '',0.7921568627450980005, 0.8196078431372548767, 0.9333333333333333481 ) ;
#789 = ORIENTED_EDGE ( 'NONE', *, *, #1763, .T. ) ;
#790 = AXIS2_PLACEMENT_3D ( 'NONE', #1855, #2646, #381 ) ;
#791 = SPHERICAL_SURFACE ( 'NONE', #484, 1.314988271469590186 ) ;
#792 = ORIENTED_EDGE ( 'NONE', *, *, #1323, .F. ) ;
#793 = AXIS2_PLACEMENT_3D ( 'NONE', #2085, #227, #1322 ) ;
#794 = DIRECTION ( 'NONE',  ( 0.2393156642875517714, -0.9709418174260535661, 0.000000000000000000 ) ) ;
#795 = EDGE_CURVE ( 'NONE', #801, #773, #2633, .T. ) ;
#796 = DIRECTION ( 'NONE',  ( -0.8854560256532089113, 0.4647231720437703384, 0.000000000000000000 ) ) ;
#797 = LINE ( 'NONE', #390, #1232 ) ;
#798 = DIRECTION ( 'NONE',  ( 1.000000000000000000, 0.000000000000000000, 0.000000000000000000 ) ) ;
#799 = CIRCLE ( 'NONE', #679, 7.546703296703309860 ) ;
#800 = EDGE_CURVE ( 'NONE', #1217, #563, #1995, .T. ) ;
#801 = VERTEX_POINT ( 'NONE', #294 ) ;
#802 = DIRECTION ( 'NONE',  ( 0.000000000000000000, 0.000000000000000000, -1.000000000000000000 ) ) ;
#803 = DIRECTION ( 'NONE',  ( 0.3546048870425405619, 0.9350162426854131681, 0.000000000000000000 ) ) ;
#804 = FACE_OUTER_BOUND ( 'NONE', #1869, .T. ) ;
#805 = CARTESIAN_POINT ( 'NONE',  ( 6.000000000000000000, 0.000000000000000000, -2.500000000000000000 ) ) ;
#806 = CIRCLE ( 'NONE', #2490, 1.314988271469590408 ) ;
#807 = ORIENTED_EDGE ( 'NONE', *, *, #1297, .F. ) ;
#808 = ORIENTED_EDGE ( 'NONE', *, *, #459, .F. ) ;
#809 = SPHERICAL_SURFACE ( 'NONE', #2461, 1.314988271469590186 ) ;
#810 = FILL_AREA_STYLE_COLOUR ( '', #788 ) ;
#811 = UNCERTAINTY_MEASURE_WITH_UNIT (LENGTH_MEASURE( 1.000000000000000082E-05 ), #878, 'distance_accuracy_value', 'NONE');
#812 = PLANE ( 'NONE',  #234 ) ;
#813 = EDGE_LOOP ( 'NONE', ( #928, #324, #316, #2071 ) ) ;
#814 = DIRECTION ( 'NONE',  ( -0.4647231720437570157, 0.8854560256532159057, 0.000000000000000000 ) ) ;
#815 = EDGE_CURVE ( 'NONE', #781, #1171, #833, .T. ) ;
#816 = PLANE ( 'NONE',  #1191 ) ;
#817 = CARTESIAN_POINT ( 'NONE',  ( -6.789616893622610228, 4.686534160532120907, 8.266365894244630389E-16 ) ) ;
#818 = ORIENTED_EDGE ( 'NONE', *, *, #1958, .F. ) ;
#819 = FACE_OUTER_BOUND ( 'NONE', #997, .T. ) ;
#820 = EDGE_LOOP ( 'NONE', ( #46, #2544, #1045, #2010 ) ) ;
#821 = CARTESIAN_POINT ( 'NONE',  ( -8.189848211308939696, 0.9944276121065038776, 8.266365894244630389E-16 ) ) ;
#822 = LINE ( 'NONE', #611, #2137 ) ;
#823 = ORIENTED_EDGE ( 'NONE', *, *, #800, .T. ) ;
#824 = SURFACE_STYLE_USAGE ( .BOTH. , #2267 ) ;
#825 = CIRCLE ( 'NONE', #1599, 8.953296703296699022 ) ;
#826 = MECHANICAL_DESIGN_GEOMETRIC_PRESENTATION_REPRESENTATION (  '', ( #954 ), #126 ) ;
#827 = ORIENTED_EDGE ( 'NONE', *, *, #1367, .F. ) ;
#828 = DIRECTION ( 'NONE',  ( 0.9350162426854135012, -0.3546048870425393962, 0.000000000000000000 ) ) ;
#829 = CARTESIAN_POINT ( 'NONE',  ( -6.789616893622610228, 4.686534160532120907, 8.266365894244630389E-16 ) ) ;
#830 = AXIS2_PLACEMENT_3D ( 'NONE', #2304, #2116, #1501 ) ;
#831 = CARTESIAN_POINT ( 'NONE',  ( -8.953296703296699022, 1.096462614950885909E-15, -1.314988271469587966 ) ) ;
#832 = EDGE_CURVE ( 'NONE', #853, #1796, #921, .T. ) ;
#833 = CIRCLE ( 'NONE', #396, 1.314988271469590408 ) ;
#834 = VERTEX_POINT ( 'NONE', #907 ) ;
#835 = ADVANCED_FACE ( 'NONE', ( #2366 ), #1326, .T. ) ;
#836 = CARTESIAN_POINT ( 'NONE',  ( 5.470761930486530034, -6.175213672411609345, 8.266365894244630389E-16 ) ) ;
#837 = ORIENTED_EDGE ( 'NONE', *, *, #2563, .F. ) ;
#838 = PRESENTATION_LAYER_ASSIGNMENT (  '', '', ( #1146 ) ) ;
#839 = CARTESIAN_POINT ( 'NONE',  ( 0.000000000000000000, 0.000000000000000000, 2.500000000000000000 ) ) ;
#840 = AXIS2_PLACEMENT_3D ( 'NONE', #1130, #700, #257 ) ;
#841 = DIRECTION ( 'NONE',  ( 0.3546048870425405619, 0.9350162426854131681, 0.000000000000000000 ) ) ;
#842 = DIRECTION ( 'NONE',  ( 0.000000000000000000, 0.000000000000000000, -1.000000000000000000 ) ) ;
#843 = AXIS2_PLACEMENT_3D ( 'NONE', #1821, #185, #647 ) ;
#844 = ORIENTED_EDGE ( 'NONE', *, *, #996, .T. ) ;
#845 = CARTESIAN_POINT ( 'NONE',  ( 8.953296703296699022, 0.000000000000000000, 2.500000000000000000 ) ) ;
#846 = CARTESIAN_POINT ( 'NONE',  ( -3.833966169361000098, 7.305012211639029474, 8.266365894244630389E-16 ) ) ;
#847 = AXIS2_PLACEMENT_3D ( 'NONE', #138, #972, #1797 ) ;
#848 = CARTESIAN_POINT ( 'NONE',  ( -11.50000000000000000, 1.408343819019455979E-15, -2.500000000000000000 ) ) ;
#849 = CIRCLE ( 'NONE', #930, 1.314988271469587966 ) ;
#850 = CIRCLE ( 'NONE', #107, 10.25000000000000000 ) ;
#851 = DIRECTION ( 'NONE',  ( 0.000000000000000000, 0.000000000000000000, -1.000000000000000000 ) ) ;
#852 = EDGE_CURVE ( 'NONE', #718, #1770, #2341, .T. ) ;
#853 = VERTEX_POINT ( 'NONE', #1699 ) ;
#854 = CARTESIAN_POINT ( 'NONE',  ( 7.713884002154659747, -2.925490318100949949, 8.266365894244630389E-16 ) ) ;
#855 =( LENGTH_UNIT ( ) NAMED_UNIT ( * ) SI_UNIT ( .MILLI., .METRE. ) );
#856 = CARTESIAN_POINT ( 'NONE',  ( 9.495248737731667887, 1.152931932924013969, 8.266365894244630389E-16 ) ) ;
#857 = ORIENTED_EDGE ( 'NONE', *, *, #2212, .F. ) ;
#858 = DIRECTION ( 'NONE',  ( -1.000000000000000000, 0.000000000000000000, 0.000000000000000000 ) ) ;
#859 = DIRECTION ( 'NONE',  ( -0.4647231720437565716, 0.8854560256532162388, 0.000000000000000000 ) ) ;
#860 = SPHERICAL_SURFACE ( 'NONE', #2524, 1.314988271469590186 ) ;
#861 = FACE_OUTER_BOUND ( 'NONE', #122, .T. ) ;
#862 = DIRECTION ( 'NONE',  ( 1.000000000000000000, 0.000000000000000000, 0.000000000000000000 ) ) ;
#863 = ORIENTED_EDGE ( 'NONE', *, *, #649, .F. ) ;
#864 = SURFACE_STYLE_FILL_AREA ( #2108 ) ;
#865 = EDGE_CURVE ( 'NONE', #1198, #2040, #52, .T. ) ;
#866 = DIRECTION ( 'NONE',  ( -1.000000000000000000, 0.000000000000000000, 0.000000000000000000 ) ) ;
#867 = CARTESIAN_POINT ( 'NONE',  ( 0.000000000000000000, 6.250000000000000000, 2.500000000000000000 ) ) ;
#868 = CLOSED_SHELL ( 'NONE', ( #1838, #1497, #624, #1239 ) ) ;
#869 = EDGE_LOOP ( 'NONE', ( #1636, #160 ) ) ;
#870 = DIRECTION ( 'NONE',  ( 0.000000000000000000, 0.000000000000000000, 1.000000000000000000 ) ) ;
#871 = CARTESIAN_POINT ( 'NONE',  ( 6.884447684886230157, 0.8359232912887629707, 9.876762071816169222E-16 ) ) ;
#872 = DIRECTION ( 'NONE',  ( 1.000000000000000000, 0.000000000000000000, 0.000000000000000000 ) ) ;
#873 =( GEOMETRIC_REPRESENTATION_CONTEXT ( 3 ) GLOBAL_UNCERTAINTY_ASSIGNED_CONTEXT ( ( #104 ) ) GLOBAL_UNIT_ASSIGNED_CONTEXT ( ( #1579, #1941, #2194 ) ) REPRESENTATION_CONTEXT ( 'NONE', 'WORKASPACE' ) );
#874 = AXIS2_PLACEMENT_3D ( 'NONE', #223, #237, #277 ) ;
#875 = FACE_OUTER_BOUND ( 'NONE', #150, .T. ) ;
#876 = DIRECTION ( 'NONE',  ( 1.000000000000000000, 0.000000000000000000, 0.000000000000000000 ) ) ;
#877 = VERTEX_POINT ( 'NONE', #1373 ) ;
#878 =( LENGTH_UNIT ( ) NAMED_UNIT ( * ) SI_UNIT ( .MILLI., .METRE. ) );
#879 = DIRECTION ( 'NONE',  ( -2.930771622555895082E-17, -1.189060788869125880E-16, 1.000000000000000000 ) ) ;
#880 = DIRECTION ( 'NONE',  ( 0.000000000000000000, 0.000000000000000000, 1.000000000000000000 ) ) ;
#881 = AXIS2_PLACEMENT_3D ( 'NONE', #1340, #2151, #1164 ) ;
#882 = ORIENTED_EDGE ( 'NONE', *, *, #2271, .F. ) ;
#883 = DIRECTION ( 'NONE',  ( 1.000000000000000000, 0.000000000000000000, 0.000000000000000000 ) ) ;
#884 = CARTESIAN_POINT ( 'NONE',  ( 0.000000000000000000, 0.000000000000000000, 1.111111111111109828 ) ) ;
#885 = EDGE_CURVE ( 'NONE', #1047, #2082, #2415, .T. ) ;
#886 = CARTESIAN_POINT ( 'NONE',  ( 8.943419394919541077, -3.391791585567690337, 8.266365894244630389E-16 ) ) ;
#887 = AXIS2_PLACEMENT_3D ( 'NONE', #2516, #2110, #282 ) ;
#888 = CONICAL_SURFACE ( 'NONE', #1157, 6.000000000000000000, 0.7853981633974568277 ) ;
#889 = DIRECTION ( 'NONE',  ( -0.9350162426854180531, -0.3546048870425271282, 0.000000000000000000 ) ) ;
#890 = ADVANCED_FACE ( 'NONE', ( #2590, #560 ), #573, .F. ) ;
#891 = AXIS2_PLACEMENT_3D ( 'NONE', #158, #992, #1442 ) ;
#892 = CARTESIAN_POINT ( 'NONE',  ( 7.871831024881538852, 5.433532639918829510, 8.266365894244630389E-16 ) ) ;
#893 = VECTOR ( 'NONE', #2031, 1000.000000000000114 ) ;
#894 = EDGE_LOOP ( 'NONE', ( #1377, #2029 ) ) ;
#895 = PRESENTATION_STYLE_ASSIGNMENT (( #904 ) ) ;
#896 = DIRECTION ( 'NONE',  ( -0.7071067811865441310, 8.659560562354890950E-17, -0.7071067811865510144 ) ) ;
#897 = ORIENTED_EDGE ( 'NONE', *, *, #2332, .T. ) ;
#898 = DIRECTION ( 'NONE',  ( 1.000000000000000000, 0.000000000000000000, 0.000000000000000000 ) ) ;
#899 = DIRECTION ( 'NONE',  ( 0.3546048870425270727, -0.9350162426854180531, 0.000000000000000000 ) ) ;
#900 = EDGE_CURVE ( 'NONE', #1379, #1592, #2579, .T. ) ;
#901 = CYLINDRICAL_SURFACE ( 'NONE', #2140, 10.50000000000000000 ) ;
#902 = DIRECTION ( 'NONE',  ( -0.4647231720437570157, 0.8854560256532159057, 0.000000000000000000 ) ) ;
#903 = ORIENTED_EDGE ( 'NONE', *, *, #2150, .F. ) ;
#904 = SURFACE_STYLE_USAGE ( .BOTH. , #450 ) ;
#905 = CARTESIAN_POINT ( 'NONE',  ( 0.000000000000000000, 8.250000000000000000, 8.266365894244630389E-16 ) ) ;
#906 = ORIENTED_EDGE ( 'NONE', *, *, #1744, .T. ) ;
#907 = CARTESIAN_POINT ( 'NONE',  ( 7.546703296703309860, 0.000000000000000000, -2.375000000000000000 ) ) ;
#908 = DIRECTION ( 'NONE',  ( -1.145064648755479787E-16, -4.342657398786394513E-17, 1.000000000000000000 ) ) ;
#909 = CARTESIAN_POINT ( 'NONE',  ( 0.000000000000000000, 0.000000000000000000, 1.399999999999999911 ) ) ;
#910 = CLOSED_SHELL ( 'NONE', ( #1903, #2019, #2155, #100, #313, #144, #2367, #643, #944, #1475, #1380, #351, #1606, #1794, #382, #1559 ) ) ;
#911 = EDGE_CURVE ( 'NONE', #2191, #1047, #1186, .T. ) ;
#912 = COLOUR_RGB ( '',0.7921568627450980005, 0.8196078431372548767, 0.9333333333333333481 ) ;
#913 = DIRECTION ( 'NONE',  ( 1.000000000000000000, 0.000000000000000000, 0.000000000000000000 ) ) ;
#914 = ORIENTED_EDGE ( 'NONE', *, *, #151, .T. ) ;
#915 = AXIS2_PLACEMENT_3D ( 'NONE', #2254, #2493, #28 ) ;
#916 = EDGE_CURVE ( 'NONE', #705, #1224, #1799, .T. ) ;
#917 = FACE_OUTER_BOUND ( 'NONE', #1353, .T. ) ;
#918 = CIRCLE ( 'NONE', #7, 10.25000000000000000 ) ;
#919 = ORIENTED_EDGE ( 'NONE', *, *, #1757, .T. ) ;
#920 = AXIS2_PLACEMENT_3D ( 'NONE', #349, #1761, #1553 ) ;
#921 = LINE ( 'NONE', #469, #531 ) ;
#922 = CARTESIAN_POINT ( 'NONE',  ( -10.75000000000000000, 1.316495309083402054E-15, 1.399999999999999911 ) ) ;
#923 = MECHANICAL_DESIGN_GEOMETRIC_PRESENTATION_REPRESENTATION (  '', ( #1399 ), #1663 ) ;
#924 = DIRECTION ( 'NONE',  ( 0.000000000000000000, 1.000000000000000000, 0.000000000000000000 ) ) ;
#925 = COLOUR_RGB ( '',0.7921568627450980005, 0.8196078431372548767, 0.9333333333333333481 ) ;
#926 = AXIS2_PLACEMENT_3D ( 'NONE', #2002, #1384, #2190 ) ;
#927 = DIRECTION ( 'NONE',  ( -0.8229838658936495799, 0.5680647467311655818, 0.000000000000000000 ) ) ;
#928 = ORIENTED_EDGE ( 'NONE', *, *, #1393, .T. ) ;
#929 = AXIS2_PLACEMENT_3D ( 'NONE', #164, #1655, #583 ) ;
#930 = AXIS2_PLACEMENT_3D ( 'NONE', #239, #1078, #1306 ) ;
#931 = SURFACE_SIDE_STYLE ('',( #98 ) ) ;
#932 = ADVANCED_FACE ( 'NONE', ( #533 ), #711, .T. ) ;
#933 = LINE ( 'NONE', #101, #2391 ) ;
#934 = VECTOR ( 'NONE', #353, 1000.000000000000000 ) ;
#935 = ORIENTED_EDGE ( 'NONE', *, *, #963, .F. ) ;
#936 = AXIS2_PLACEMENT_3D ( 'NONE', #2546, #1518, #2340 ) ;
#937 = FACE_OUTER_BOUND ( 'NONE', #2642, .T. ) ;
#938 = CARTESIAN_POINT ( 'NONE',  ( 0.000000000000000000, 0.000000000000000000, -2.500000000000000000 ) ) ;
#939 = ORIENTED_EDGE ( 'NONE', *, *, #1992, .T. ) ;
#940 = DIRECTION ( 'NONE',  ( -0.6631226582408019654, -0.7485107481710951971, 0.000000000000000000 ) ) ;
#941 = DIRECTION ( 'NONE',  ( 0.000000000000000000, 0.000000000000000000, 1.000000000000000000 ) ) ;
#942 = EDGE_LOOP ( 'NONE', ( #2248, #2540 ) ) ;
#943 = DIRECTION ( 'NONE',  ( 0.000000000000000000, 0.000000000000000000, 1.000000000000000000 ) ) ;
#944 = ADVANCED_FACE ( 'NONE', ( #975, #937 ), #2188, .F. ) ;
#945 = EDGE_LOOP ( 'NONE', ( #2100, #365 ) ) ;
#946 = FILL_AREA_STYLE_COLOUR ( '', #669 ) ;
#947 = UNCERTAINTY_MEASURE_WITH_UNIT (LENGTH_MEASURE( 1.000000000000000082E-05 ), #291, 'distance_accuracy_value', 'NONE');
#948 = DIRECTION ( 'NONE',  ( 0.000000000000000000, 0.000000000000000000, -1.000000000000000000 ) ) ;
#949 = VERTEX_POINT ( 'NONE', #548 ) ;
#950 = CARTESIAN_POINT ( 'NONE',  ( 5.470761930486530034, -6.175213672411609345, 8.266365894244630389E-16 ) ) ;
#951 = AXIS2_PLACEMENT_3D ( 'NONE', #2488, #2471, #405 ) ;
#952 = CARTESIAN_POINT ( 'NONE',  ( 5.707402762363820159, 3.939535681145209800, 9.876762071816181055E-16 ) ) ;
#953 = VERTEX_POINT ( 'NONE', #1199 ) ;
#954 = STYLED_ITEM ( 'NONE', ( #2651 ), #200 ) ;
#955 =( LENGTH_UNIT ( ) NAMED_UNIT ( * ) SI_UNIT ( .MILLI., .METRE. ) );
#956 = AXIS2_PLACEMENT_3D ( 'NONE', #2658, #1248, #2063 ) ;
#957 = DIRECTION ( 'NONE',  ( 0.000000000000000000, 0.000000000000000000, -1.000000000000000000 ) ) ;
#958 = ORIENTED_EDGE ( 'NONE', *, *, #1987, .F. ) ;
#959 = DIRECTION ( 'NONE',  ( 1.000000000000000000, 0.000000000000000000, 0.000000000000000000 ) ) ;
#960 = CARTESIAN_POINT ( 'NONE',  ( 0.000000000000000000, 0.000000000000000000, -2.500000000000000000 ) ) ;
#961 = ORIENTED_EDGE ( 'NONE', *, *, #1969, .F. ) ;
#962 = CARTESIAN_POINT ( 'NONE',  ( 0.000000000000000000, 0.000000000000000000, -0.1172161172161163972 ) ) ;
#963 = EDGE_CURVE ( 'NONE', #1142, #1379, #918, .T. ) ;
#964 = SURFACE_STYLE_FILL_AREA ( #990 ) ;
#965 = VECTOR ( 'NONE', #1581, 1000.000000000000000 ) ;
#966 = VECTOR ( 'NONE', #2460, 1000.000000000000000 ) ;
#967 = EDGE_CURVE ( 'NONE', #1668, #2353, #580, .T. ) ;
#968 = ORIENTED_EDGE ( 'NONE', *, *, #421, .F. ) ;
#969 = CIRCLE ( 'NONE', #2641, 7.546703296703309860 ) ;
#970 = FILL_AREA_STYLE ('',( #113 ) ) ;
#971 = VERTEX_POINT ( 'NONE', #2623 ) ;
#972 = DIRECTION ( 'NONE',  ( 0.000000000000000000, 0.000000000000000000, 1.000000000000000000 ) ) ;
#973 = CIRCLE ( 'NONE', #2311, 1.314988271469589520 ) ;
#974 = ORIENTED_EDGE ( 'NONE', *, *, #2079, .F. ) ;
#975 = FACE_BOUND ( 'NONE', #770, .T. ) ;
#976 = FACE_BOUND ( 'NONE', #2585, .T. ) ;
#977 = ORIENTED_EDGE ( 'NONE', *, *, #2619, .T. ) ;
#978 = DIRECTION ( 'NONE',  ( 0.000000000000000000, 1.000000000000000000, 0.000000000000000000 ) ) ;
#979 = EDGE_CURVE ( 'NONE', #27, #1411, #734, .T. ) ;
#980 = PRODUCT_RELATED_PRODUCT_CATEGORY ( 'part', '', ( #430 ) ) ;
#981 = ORIENTED_EDGE ( 'NONE', *, *, #1759, .T. ) ;
#982 = DIRECTION ( 'NONE',  ( 0.000000000000000000, 0.000000000000000000, -1.000000000000000000 ) ) ;
#983 = FACE_OUTER_BOUND ( 'NONE', #820, .T. ) ;
#984 = CARTESIAN_POINT ( 'NONE',  ( 0.000000000000000000, 0.000000000000000000, -1.111111111111109828 ) ) ;
#985 = CARTESIAN_POINT ( 'NONE',  ( 0.000000000000000000, 0.000000000000000000, 1.649999999999999911 ) ) ;
#986 = FILL_AREA_STYLE ('',( #2250 ) ) ;
#987 = FACE_OUTER_BOUND ( 'NONE', #1450, .T. ) ;
#988 = ORIENTED_EDGE ( 'NONE', *, *, #2323, .T. ) ;
#989 = FACE_OUTER_BOUND ( 'NONE', #658, .T. ) ;
#990 = FILL_AREA_STYLE ('',( #1122 ) ) ;
#991 = PRESENTATION_STYLE_ASSIGNMENT (( #1587 ) ) ;
#992 = DIRECTION ( 'NONE',  ( 0.000000000000000000, 0.000000000000000000, -1.000000000000000000 ) ) ;
#993 = ADVANCED_FACE ( 'NONE', ( #1608 ), #2090, .F. ) ;
#994 = VERTEX_POINT ( 'NONE', #128 ) ;
#995 = CARTESIAN_POINT ( 'NONE',  ( 0.000000000000000000, 10.25000000000000000, -2.500000000000000000 ) ) ;
#996 = EDGE_CURVE ( 'NONE', #27, #1485, #2297, .T. ) ;
#997 = EDGE_LOOP ( 'NONE', ( #981, #215, #2632, #1792 ) ) ;
#998 = AXIS2_PLACEMENT_3D ( 'NONE', #836, #2621, #1846 ) ;
#999 = CARTESIAN_POINT ( 'NONE',  ( -7.546703296703309860, 9.242046036422477822E-16, -2.500000000000000000 ) ) ;
#1000 = AXIS2_PLACEMENT_3D ( 'NONE', #1913, #1132, #1729 ) ;
#1001 = ORIENTED_EDGE ( 'NONE', *, *, #1323, .T. ) ;
#1002 = EDGE_CURVE ( 'NONE', #2578, #1767, #714, .T. ) ;
#1003 = SURFACE_STYLE_USAGE ( .BOTH. , #184 ) ;
#1004 = DIRECTION ( 'NONE',  ( -0.5680647467311539245, 0.8229838658936577955, 0.000000000000000000 ) ) ;
#1005 = EDGE_LOOP ( 'NONE', ( #1145, #212 ) ) ;
#1006 = DIRECTION ( 'NONE',  ( -1.000000000000000000, 0.000000000000000000, 0.000000000000000000 ) ) ;
#1007 = DIRECTION ( 'NONE',  ( 0.000000000000000000, 0.000000000000000000, -1.000000000000000000 ) ) ;
#1008 = CARTESIAN_POINT ( 'NONE',  ( 7.546703296703309860, 0.000000000000000000, -2.500000000000000000 ) ) ;
#1009 = CARTESIAN_POINT ( 'NONE',  ( -3.833966169361000098, 7.305012211639029474, 8.266365894244630389E-16 ) ) ;
#1010 = AXIS2_PLACEMENT_3D ( 'NONE', #2430, #841, #226 ) ;
#1011 = EDGE_LOOP ( 'NONE', ( #1121, #1037 ) ) ;
#1012 = AXIS2_PLACEMENT_3D ( 'NONE', #514, #2141, #1715 ) ;
#1013 = EDGE_LOOP ( 'NONE', ( #371, #553 ) ) ;
#1014 = AXIS2_PLACEMENT_3D ( 'NONE', #1308, #1064, #1732 ) ;
#1015 = CARTESIAN_POINT ( 'NONE',  ( -8.953296703296699022, 1.096462614950885909E-15, 2.500000000000000000 ) ) ;
#1016 = ADVANCED_FACE ( 'NONE', ( #1383 ), #1771, .T. ) ;
#1017 = CIRCLE ( 'NONE', #543, 1.314988271469589742 ) ;
#1018 = ORIENTED_EDGE ( 'NONE', *, *, #1949, .F. ) ;
#1019 = FACE_OUTER_BOUND ( 'NONE', #1705, .T. ) ;
#1020 = EDGE_LOOP ( 'NONE', ( #89, #961, #2510, #566 ) ) ;
#1021 = CIRCLE ( 'NONE', #66, 1.314988271469590408 ) ;
#1022 = FACE_OUTER_BOUND ( 'NONE', #2403, .T. ) ;
#1023 = CARTESIAN_POINT ( 'NONE',  ( 6.250000000000000000, 0.000000000000000000, -2.500000000000000000 ) ) ;
#1024 = FACE_BOUND ( 'NONE', #1005, .T. ) ;
#1025 = AXIS2_PLACEMENT_3D ( 'NONE', #1084, #247, #1112 ) ;
#1026 = DIRECTION ( 'NONE',  ( 1.000000000000000000, 0.000000000000000000, 0.000000000000000000 ) ) ;
#1027 = ORIENTED_EDGE ( 'NONE', *, *, #459, .T. ) ;
#1028 = MANIFOLD_SOLID_BREP ( 'NONE', #1178 ) ;
#1029 = DIRECTION ( 'NONE',  ( 1.000000000000000000, 0.000000000000000000, 0.000000000000000000 ) ) ;
#1030 = ORIENTED_EDGE ( 'NONE', *, *, #2228, .T. ) ;
#1031 = CARTESIAN_POINT ( 'NONE',  ( 0.000000000000000000, 0.000000000000000000, 1.399999999999999911 ) ) ;
#1032 = FILL_AREA_STYLE ('',( #600 ) ) ;
#1033 = UNCERTAINTY_MEASURE_WITH_UNIT (LENGTH_MEASURE( 1.000000000000000082E-05 ), #301, 'distance_accuracy_value', 'NONE');
#1034 = EDGE_CURVE ( 'NONE', #1233, #2117, #2636, .T. ) ;
#1035 = DIRECTION ( 'NONE',  ( 0.2393156642875514384, -0.9709418174260536771, 0.000000000000000000 ) ) ;
#1036 = EDGE_CURVE ( 'NONE', #2165, #59, #2522, .T. ) ;
#1037 = ORIENTED_EDGE ( 'NONE', *, *, #1207, .T. ) ;
#1038 = FACE_OUTER_BOUND ( 'NONE', #1967, .T. ) ;
#1039 = CARTESIAN_POINT ( 'NONE',  ( 0.000000000000000000, 0.000000000000000000, -2.500000000000000000 ) ) ;
#1040 = SURFACE_STYLE_USAGE ( .BOTH. , #1069 ) ;
#1041 =( NAMED_UNIT ( * ) SI_UNIT ( $, .STERADIAN. ) SOLID_ANGLE_UNIT ( ) );
#1042 = ADVANCED_FACE ( 'NONE', ( #1048, #1867 ), #2489, .F. ) ;
#1043 = ORIENTED_EDGE ( 'NONE', *, *, #556, .F. ) ;
#1044 = CARTESIAN_POINT ( 'NONE',  ( 0.000000000000000000, 0.000000000000000000, 1.399999999999999911 ) ) ;
#1045 = ORIENTED_EDGE ( 'NONE', *, *, #525, .T. ) ;
#1046 =( LENGTH_UNIT ( ) NAMED_UNIT ( * ) SI_UNIT ( .MILLI., .METRE. ) );
#1047 = VERTEX_POINT ( 'NONE', #1626 ) ;
#1048 = FACE_BOUND ( 'NONE', #2178, .T. ) ;
#1049 = AXIS2_PLACEMENT_3D ( 'NONE', #2059, #1408, #153 ) ;
#1050 = DIRECTION ( 'NONE',  ( 0.8229838658936577955, 0.5680647467311539245, 0.000000000000000000 ) ) ;
#1051 = AXIS2_PLACEMENT_3D ( 'NONE', #261, #2289, #862 ) ;
#1052 = VERTEX_POINT ( 'NONE', #2639 ) ;
#1053 = DIRECTION ( 'NONE',  ( 0.000000000000000000, 0.000000000000000000, -1.000000000000000000 ) ) ;
#1054 = LINE ( 'NONE', #2535, #1120 ) ;
#1055 = CIRCLE ( 'NONE', #395, 7.546703296703309860 ) ;
#1056 = DIRECTION ( 'NONE',  ( 1.000000000000000000, 0.000000000000000000, 0.000000000000000000 ) ) ;
#1057 = EDGE_CURVE ( 'NONE', #686, #1664, #797, .T. ) ;
#1058 = CARTESIAN_POINT ( 'NONE',  ( -7.713884002154699715, -2.925490318100844700, 8.266365894244630389E-16 ) ) ;
#1059 = VERTEX_POINT ( 'NONE', #435 ) ;
#1060 = CIRCLE ( 'NONE', #228, 1.314988271469589076 ) ;
#1061 = FILL_AREA_STYLE ('',( #708 ) ) ;
#1062 = AXIS2_PLACEMENT_3D ( 'NONE', #2255, #413, #2089 ) ;
#1063 = DIRECTION ( 'NONE',  ( -1.215717745149353924E-16, 1.476148596545422201E-17, 1.000000000000000000 ) ) ;
#1064 = DIRECTION ( 'NONE',  ( 0.000000000000000000, 0.000000000000000000, 1.000000000000000000 ) ) ;
#1065 = AXIS2_PLACEMENT_3D ( 'NONE', #1610, #1851, #2061 ) ;
#1066 = ORIENTED_EDGE ( 'NONE', *, *, #2624, .F. ) ;
#1067 = CARTESIAN_POINT ( 'NONE',  ( 6.789616893622680394, 4.686534160532019655, 8.266365894244630389E-16 ) ) ;
#1068 = AXIS2_PLACEMENT_3D ( 'NONE', #1254, #1210, #2026 ) ;
#1069 = SURFACE_SIDE_STYLE ('',( #429 ) ) ;
#1070 = MANIFOLD_SOLID_BREP ( 'NONE', #1093 ) ;
#1071 = CARTESIAN_POINT ( 'NONE',  ( 5.470761930486530034, -6.175213672411609345, 8.266365894244630389E-16 ) ) ;
#1072 = CIRCLE ( 'NONE', #283, 1.314988271469589742 ) ;
#1073 = ADVANCED_FACE ( 'NONE', ( #2043 ), #1850, .T. ) ;
#1074 = MANIFOLD_SOLID_BREP ( 'NONE', #345 ) ;
#1075 = FACE_OUTER_BOUND ( 'NONE', #83, .T. ) ;
#1076 = ORIENTED_EDGE ( 'NONE', *, *, #979, .T. ) ;
#1077 = EDGE_CURVE ( 'NONE', #877, #1059, #2046, .T. ) ;
#1078 = DIRECTION ( 'NONE',  ( 0.7485107481711048560, 0.6631226582407909742, 0.000000000000000000 ) ) ;
#1079 = DIRECTION ( 'NONE',  ( 0.000000000000000000, 0.000000000000000000, -1.000000000000000000 ) ) ;
#1080 = MANIFOLD_SOLID_BREP ( 'NONE', #1472 ) ;
#1081 = SPHERICAL_SURFACE ( 'NONE', #887, 1.314988271469590186 ) ;
#1082 = ORIENTED_EDGE ( 'NONE', *, *, #81, .T. ) ;
#1083 = DIRECTION ( 'NONE',  ( 0.000000000000000000, 0.000000000000000000, -1.000000000000000000 ) ) ;
#1084 = CARTESIAN_POINT ( 'NONE',  ( 7.713884002154659747, -2.925490318100949949, 8.266365894244630389E-16 ) ) ;
#1085 = DIRECTION ( 'NONE',  ( 0.000000000000000000, 0.000000000000000000, 1.000000000000000000 ) ) ;
#1086 = MANIFOLD_SOLID_BREP ( 'NONE', #2200 ) ;
#1087 = DIRECTION ( 'NONE',  ( -0.1205366802553335948, -0.9927088740980527515, 0.000000000000000000 ) ) ;
#1088 = CARTESIAN_POINT ( 'NONE',  ( 0.000000000000000000, 0.000000000000000000, -2.500000000000000000 ) ) ;
#1089 = EDGE_CURVE ( 'NONE', #1770, #1656, #2565, .T. ) ;
#1090 = ORIENTED_EDGE ( 'NONE', *, *, #2654, .F. ) ;
#1091 = EDGE_CURVE ( 'NONE', #2320, #2175, #1060, .T. ) ;
#1092 = DIRECTION ( 'NONE',  ( 0.000000000000000000, 0.000000000000000000, -1.000000000000000000 ) ) ;
#1093 = CLOSED_SHELL ( 'NONE', ( #778, #1350, #528, #233 ) ) ;
#1094 = EDGE_LOOP ( 'NONE', ( #278, #792 ) ) ;
#1095 = ADVANCED_FACE ( 'NONE', ( #1125 ), #1831, .T. ) ;
#1096 = DIRECTION ( 'NONE',  ( 0.000000000000000000, 0.000000000000000000, 1.000000000000000000 ) ) ;
#1097 = LINE ( 'NONE', #2114, #1324 ) ;
#1098 = PRESENTATION_LAYER_ASSIGNMENT (  '', '', ( #1389 ) ) ;
#1099 = MANIFOLD_SOLID_BREP ( 'NONE', #568 ) ;
#1100 = CIRCLE ( 'NONE', #1000, 10.50000000000000000 ) ;
#1101 = DIRECTION ( 'NONE',  ( -1.000000000000000000, 0.000000000000000000, 0.000000000000000000 ) ) ;
#1102 = MANIFOLD_SOLID_BREP ( 'NONE', #483 ) ;
#1103 = DIRECTION ( 'NONE',  ( 0.000000000000000000, 0.000000000000000000, -1.000000000000000000 ) ) ;
#1104 = ORIENTED_EDGE ( 'NONE', *, *, #511, .F. ) ;
#1105 = SURFACE_STYLE_USAGE ( .BOTH. , #2118 ) ;
#1106 = DIRECTION ( 'NONE',  ( 0.9350162426854135012, -0.3546048870425393962, 0.000000000000000000 ) ) ;
#1107 = PRESENTATION_LAYER_ASSIGNMENT (  '', '', ( #752 ) ) ;
#1108 = CYLINDRICAL_SURFACE ( 'NONE', #2051, 10.25000000000000000 ) ;
#1109 = EDGE_CURVE ( 'NONE', #1583, #494, #2363, .T. ) ;
#1110 = ORIENTED_EDGE ( 'NONE', *, *, #1881, .T. ) ;
#1111 = DIRECTION ( 'NONE',  ( 1.000000000000000000, 0.000000000000000000, 0.000000000000000000 ) ) ;
#1112 = DIRECTION ( 'NONE',  ( 0.9350162426854135012, -0.3546048870425393962, 0.000000000000000000 ) ) ;
#1113 = DIRECTION ( 'NONE',  ( -1.000000000000000000, 1.224646799147353207E-16, 0.000000000000000000 ) ) ;
#1114 = AXIS2_PLACEMENT_3D ( 'NONE', #49, #880, #1126 ) ;
#1115 = MANIFOLD_SOLID_BREP ( 'NONE', #2119 ) ;
#1116 = TOROIDAL_SURFACE ( 'NONE', #1672, 8.250000000000000000, 1.314988271469587966 ) ;
#1117 = FACE_OUTER_BOUND ( 'NONE', #355, .T. ) ;
#1118 = CIRCLE ( 'NONE', #2262, 6.250000000000000000 ) ;
#1119 = FACE_OUTER_BOUND ( 'NONE', #308, .T. ) ;
#1120 = VECTOR ( 'NONE', #1910, 1000.000000000000000 ) ;
#1121 = ORIENTED_EDGE ( 'NONE', *, *, #2125, .T. ) ;
#1122 = FILL_AREA_STYLE_COLOUR ( '', #925 ) ;
#1123 = FACE_OUTER_BOUND ( 'NONE', #581, .T. ) ;
#1124 = MANIFOLD_SOLID_BREP ( 'NONE', #1774 ) ;
#1125 = FACE_OUTER_BOUND ( 'NONE', #523, .T. ) ;
#1126 = DIRECTION ( 'NONE',  ( -1.000000000000000000, 0.000000000000000000, 0.000000000000000000 ) ) ;
#1127 = ORIENTED_EDGE ( 'NONE', *, *, #1034, .T. ) ;
#1128 = DIRECTION ( 'NONE',  ( 0.000000000000000000, -1.000000000000000000, 1.084370887601945476E-16 ) ) ;
#1129 = EDGE_CURVE ( 'NONE', #2040, #1730, #593, .T. ) ;
#1130 = CARTESIAN_POINT ( 'NONE',  ( 0.000000000000000000, 0.000000000000000000, -2.500000000000000000 ) ) ;
#1131 = CARTESIAN_POINT ( 'NONE',  ( 0.000000000000000000, 0.000000000000000000, -0.1172161172161163972 ) ) ;
#1132 = DIRECTION ( 'NONE',  ( 0.000000000000000000, 0.000000000000000000, 1.000000000000000000 ) ) ;
#1133 = ADVANCED_FACE ( 'NONE', ( #219 ), #1679, .T. ) ;
#1134 = ORIENTED_EDGE ( 'NONE', *, *, #1954, .T. ) ;
#1135 = DIRECTION ( 'NONE',  ( 1.000000000000000000, 0.000000000000000000, 0.000000000000000000 ) ) ;
#1136 = VERTEX_POINT ( 'NONE', #831 ) ;
#1137 = DIRECTION ( 'NONE',  ( 0.000000000000000000, 0.000000000000000000, 1.000000000000000000 ) ) ;
#1138 = DIRECTION ( 'NONE',  ( 0.000000000000000000, 0.000000000000000000, -1.000000000000000000 ) ) ;
#1139 = EDGE_CURVE ( 'NONE', #392, #1446, #1425, .T. ) ;
#1140 = PRESENTATION_LAYER_ASSIGNMENT (  '', '', ( #954 ) ) ;
#1141 = DIRECTION ( 'NONE',  ( -0.5680647467311655818, -0.8229838658936495799, 0.000000000000000000 ) ) ;
#1142 = VERTEX_POINT ( 'NONE', #786 ) ;
#1143 = FACE_OUTER_BOUND ( 'NONE', #1657, .T. ) ;
#1144 = AXIS2_PLACEMENT_3D ( 'NONE', #1973, #1357, #959 ) ;
#1145 = ORIENTED_EDGE ( 'NONE', *, *, #1969, .T. ) ;
#1146 = STYLED_ITEM ( 'NONE', ( #1267 ), #1070 ) ;
#1147 = CARTESIAN_POINT ( 'NONE',  ( 0.000000000000000000, 0.000000000000000000, -2.500000000000000000 ) ) ;
#1148 = SHAPE_DEFINITION_REPRESENTATION ( #1487, #1864 ) ;
#1149 = CARTESIAN_POINT ( 'NONE',  ( 5.470761930486530034, -6.175213672411609345, 8.266365894244630389E-16 ) ) ;
#1150 = ORIENTED_EDGE ( 'NONE', *, *, #1274, .T. ) ;
#1151 = SPHERICAL_SURFACE ( 'NONE', #2609, 1.314988271469590186 ) ;
#1152 = AXIS2_PLACEMENT_3D ( 'NONE', #1800, #106, #1555 ) ;
#1153 = TOROIDAL_SURFACE ( 'NONE', #2259, 8.250000000000000000, 1.314988271469590186 ) ;
#1154 = CARTESIAN_POINT ( 'NONE',  ( -8.189848211308939696, 0.9944276121065038776, 8.266365894244630389E-16 ) ) ;
#1155 = ADVANCED_FACE ( 'NONE', ( #804 ), #1635, .T. ) ;
#1156 = ORIENTED_EDGE ( 'NONE', *, *, #1274, .F. ) ;
#1157 = AXIS2_PLACEMENT_3D ( 'NONE', #732, #2373, #87 ) ;
#1158 = AXIS2_PLACEMENT_3D ( 'NONE', #1937, #274, #80 ) ;
#1159 =( NAMED_UNIT ( * ) PLANE_ANGLE_UNIT ( ) SI_UNIT ( $, .RADIAN. ) );
#1160 = CARTESIAN_POINT ( 'NONE',  ( 0.000000000000000000, 8.953296703296699022, 2.375000000000000000 ) ) ;
#1161 = AXIS2_PLACEMENT_3D ( 'NONE', #515, #1138, #297 ) ;
#1162 = VERTEX_POINT ( 'NONE', #2240 ) ;
#1163 = CARTESIAN_POINT ( 'NONE',  ( 0.000000000000000000, 10.50000000000000000, 1.649999999999999911 ) ) ;
#1164 = DIRECTION ( 'NONE',  ( -0.2393156642875654272, -0.9709418174260502354, 0.000000000000000000 ) ) ;
#1165 = ORIENTED_EDGE ( 'NONE', *, *, #177, .T. ) ;
#1166 = PLANE ( 'NONE',  #1161 ) ;
#1167 = EDGE_LOOP ( 'NONE', ( #730, #1213, #2145, #1589 ) ) ;
#1168 = SURFACE_STYLE_USAGE ( .BOTH. , #931 ) ;
#1169 = CARTESIAN_POINT ( 'NONE',  ( 0.000000000000000000, 0.000000000000000000, 2.375000000000000000 ) ) ;
#1170 = EDGE_CURVE ( 'NONE', #1571, #1994, #2599, .T. ) ;
#1171 = VERTEX_POINT ( 'NONE', #620 ) ;
#1172 = DIRECTION ( 'NONE',  ( -0.7071067811865365815, 8.659560562354743039E-17, -0.7071067811865584529 ) ) ;
#1173 = UNCERTAINTY_MEASURE_WITH_UNIT (LENGTH_MEASURE( 1.000000000000000082E-05 ), #742, 'distance_accuracy_value', 'NONE');
#1174 = DIRECTION ( 'NONE',  ( 1.000000000000000000, 0.000000000000000000, 0.000000000000000000 ) ) ;
#1175 = EDGE_CURVE ( 'NONE', #718, #2263, #2660, .T. ) ;
#1176 = EDGE_LOOP ( 'NONE', ( #1150, #2206, #1356, #1564 ) ) ;
#1177 = LINE ( 'NONE', #2152, #2571 ) ;
#1178 = CLOSED_SHELL ( 'NONE', ( #1339, #1854, #2515, #368 ) ) ;
#1179 = ORIENTED_EDGE ( 'NONE', *, *, #151, .F. ) ;
#1180 = CONICAL_SURFACE ( 'NONE', #2675, 10.25000000000000000, 0.7853981633974433940 ) ;
#1181 = AXIS2_PLACEMENT_3D ( 'NONE', #486, #2106, #1721 ) ;
#1182 = DIRECTION ( 'NONE',  ( 1.000000000000000000, 0.000000000000000000, 0.000000000000000000 ) ) ;
#1183 = ORIENTED_EDGE ( 'NONE', *, *, #736, .F. ) ;
#1184 = DIRECTION ( 'NONE',  ( 1.000000000000000000, 0.000000000000000000, 0.000000000000000000 ) ) ;
#1185 = ADVANCED_FACE ( 'NONE', ( #1024, #1842 ), #816, .F. ) ;
#1186 = CIRCLE ( 'NONE', #449, 10.25000000000000000 ) ;
#1187 = ORIENTED_EDGE ( 'NONE', *, *, #2470, .F. ) ;
#1188 = CARTESIAN_POINT ( 'NONE',  ( 0.000000000000000000, 0.000000000000000000, 4.336808689942014778E-16 ) ) ;
#1189 = CARTESIAN_POINT ( 'NONE',  ( 7.546703296703309860, 0.000000000000000000, -2.500000000000000000 ) ) ;
#1190 =( GEOMETRIC_REPRESENTATION_CONTEXT ( 3 ) GLOBAL_UNCERTAINTY_ASSIGNED_CONTEXT ( ( #2376 ) ) GLOBAL_UNIT_ASSIGNED_CONTEXT ( ( #1409, #1820, #2222 ) ) REPRESENTATION_CONTEXT ( 'NONE', 'WORKASPACE' ) );
#1191 = AXIS2_PLACEMENT_3D ( 'NONE', #2274, #1441, #1056 ) ;
#1192 = ORIENTED_EDGE ( 'NONE', *, *, #149, .F. ) ;
#1193 = CIRCLE ( 'NONE', #1669, 6.935011728530420250 ) ;
#1194 = DIRECTION ( 'NONE',  ( 0.000000000000000000, 0.000000000000000000, 1.000000000000000000 ) ) ;
#1195 = MECHANICAL_DESIGN_GEOMETRIC_PRESENTATION_REPRESENTATION (  '', ( #2352 ), #1449 ) ;
#1196 = SURFACE_STYLE_FILL_AREA ( #2070 ) ;
#1197 = AXIS2_PLACEMENT_3D ( 'NONE', #221, #1844, #2661 ) ;
#1198 = VERTEX_POINT ( 'NONE', #13 ) ;
#1199 = CARTESIAN_POINT ( 'NONE',  ( -7.546703296703309860, 9.242046036422477822E-16, -1.111111111111109828 ) ) ;
#1200 = CIRCLE ( 'NONE', #23, 1.314988271469590186 ) ;
#1201 = DIRECTION ( 'NONE',  ( 0.000000000000000000, 1.000000000000000000, 0.000000000000000000 ) ) ;
#1202 = ORIENTED_EDGE ( 'NONE', *, *, #1987, .T. ) ;
#1203 = EDGE_CURVE ( 'NONE', #1571, #1994, #1785, .T. ) ;
#1204 = CARTESIAN_POINT ( 'NONE',  ( -7.713884002154699715, -2.925490318100844700, 8.266365894244630389E-16 ) ) ;
#1205 =( LENGTH_UNIT ( ) NAMED_UNIT ( * ) SI_UNIT ( .MILLI., .METRE. ) );
#1206 = ORIENTED_EDGE ( 'NONE', *, *, #1, .F. ) ;
#1207 = EDGE_CURVE ( 'NONE', #1411, #949, #630, .T. ) ;
#1208 = DIRECTION ( 'NONE',  ( 0.8229838658936575735, 0.5680647467311541465, 0.000000000000000000 ) ) ;
#1209 = ORIENTED_EDGE ( 'NONE', *, *, #2552, .T. ) ;
#1210 = DIRECTION ( 'NONE',  ( 0.000000000000000000, 0.000000000000000000, 1.000000000000000000 ) ) ;
#1211 = DIRECTION ( 'NONE',  ( 0.9350162426854135012, -0.3546048870425393962, 0.000000000000000000 ) ) ;
#1212 = DIRECTION ( 'NONE',  ( 0.000000000000000000, 0.000000000000000000, 1.000000000000000000 ) ) ;
#1213 = ORIENTED_EDGE ( 'NONE', *, *, #704, .T. ) ;
#1214 = CARTESIAN_POINT ( 'NONE',  ( 0.000000000000000000, 0.000000000000000000, 1.399999999999999911 ) ) ;
#1215 = DIRECTION ( 'NONE',  ( -0.1205366802553335948, -0.9927088740980527515, 0.000000000000000000 ) ) ;
#1216 = CARTESIAN_POINT ( 'NONE',  ( 6.789616893622680394, 4.686534160532019655, 8.266365894244630389E-16 ) ) ;
#1217 = VERTEX_POINT ( 'NONE', #1466 ) ;
#1218 = EDGE_CURVE ( 'NONE', #2175, #2320, #2387, .T. ) ;
#1219 = CIRCLE ( 'NONE', #1429, 1.314988271469587966 ) ;
#1220 = FACE_OUTER_BOUND ( 'NONE', #1491, .T. ) ;
#1221 = ORIENTED_EDGE ( 'NONE', *, *, #1413, .F. ) ;
#1222 = CARTESIAN_POINT ( 'NONE',  ( 0.000000000000000000, 0.000000000000000000, -2.375000000000000000 ) ) ;
#1223 = AXIS2_PLACEMENT_3D ( 'NONE', #2549, #2345, #1779 ) ;
#1224 = VERTEX_POINT ( 'NONE', #1736 ) ;
#1225 = CARTESIAN_POINT ( 'NONE',  ( 0.000000000000000000, 8.953296703296699022, 1.314988271469590186 ) ) ;
#1226 = DIRECTION ( 'NONE',  ( 1.000000000000000000, 0.000000000000000000, 0.000000000000000000 ) ) ;
#1227 = AXIS2_PLACEMENT_3D ( 'NONE', #2112, #1909, #1111 ) ;
#1228 = ORIENTED_EDGE ( 'NONE', *, *, #2659, .F. ) ;
#1229 = SPHERICAL_SURFACE ( 'NONE', #915, 1.314988271469590186 ) ;
#1230 = DIRECTION ( 'NONE',  ( 1.000000000000000000, 0.000000000000000000, 0.000000000000000000 ) ) ;
#1231 = DIRECTION ( 'NONE',  ( 0.000000000000000000, 0.000000000000000000, 1.000000000000000000 ) ) ;
#1232 = VECTOR ( 'NONE', #2280, 1000.000000000000000 ) ;
#1233 = VERTEX_POINT ( 'NONE', #886 ) ;
#1234 = COLOUR_RGB ( '',0.7921568627450980005, 0.8196078431372548767, 0.9333333333333333481 ) ;
#1235 = PLANE ( 'NONE',  #2160 ) ;
#1236 = EDGE_CURVE ( 'NONE', #994, #1403, #2432, .T. ) ;
#1237 = ORIENTED_EDGE ( 'NONE', *, *, #556, .T. ) ;
#1238 = AXIS2_PLACEMENT_3D ( 'NONE', #905, #1919, #2553 ) ;
#1239 = ADVANCED_FACE ( 'NONE', ( #2521 ), #860, .T. ) ;
#1240 = CARTESIAN_POINT ( 'NONE',  ( 1.974354230372300067, -8.010269993764939755, 8.266365894244630389E-16 ) ) ;
#1241 = AXIS2_PLACEMENT_3D ( 'NONE', #2588, #1997, #1568 ) ;
#1242 = ORIENTED_EDGE ( 'NONE', *, *, #2212, .T. ) ;
#1243 = DIRECTION ( 'NONE',  ( 0.000000000000000000, 0.000000000000000000, -1.000000000000000000 ) ) ;
#1244 = CARTESIAN_POINT ( 'NONE',  ( 0.000000000000000000, 0.000000000000000000, -2.500000000000000000 ) ) ;
#1245 = CIRCLE ( 'NONE', #1793, 10.50000000000000000 ) ;
#1246 = ORIENTED_EDGE ( 'NONE', *, *, #36, .T. ) ;
#1247 = CIRCLE ( 'NONE', #196, 8.601648351648348623 ) ;
#1248 = DIRECTION ( 'NONE',  ( 0.000000000000000000, 0.000000000000000000, -1.000000000000000000 ) ) ;
#1249 = LINE ( 'NONE', #1456, #893 ) ;
#1250 = DIRECTION ( 'NONE',  ( 0.000000000000000000, 0.000000000000000000, -1.000000000000000000 ) ) ;
#1251 = ORIENTED_EDGE ( 'NONE', *, *, #296, .T. ) ;
#1252 = CARTESIAN_POINT ( 'NONE',  ( -10.50000000000000000, 1.285879139104722014E-15, -2.500000000000000000 ) ) ;
#1253 = ORIENTED_EDGE ( 'NONE', *, *, #1175, .F. ) ;
#1254 = CARTESIAN_POINT ( 'NONE',  ( 0.000000000000000000, 0.000000000000000000, 2.500000000000000000 ) ) ;
#1255 = CARTESIAN_POINT ( 'NONE',  ( -6.789616893622610228, 4.686534160532120907, 8.266365894244630389E-16 ) ) ;
#1256 = PRESENTATION_STYLE_ASSIGNMENT (( #824 ) ) ;
#1257 = DIRECTION ( 'NONE',  ( 1.000000000000000000, 0.000000000000000000, 0.000000000000000000 ) ) ;
#1258 = EDGE_CURVE ( 'NONE', #1379, #1142, #14, .T. ) ;
#1259 = VERTEX_POINT ( 'NONE', #1495 ) ;
#1260 = LINE ( 'NONE', #2102, #1391 ) ;
#1261 = CARTESIAN_POINT ( 'NONE',  ( 7.713884002154659747, -2.925490318100949949, 8.266365894244630389E-16 ) ) ;
#1262 = CARTESIAN_POINT ( 'NONE',  ( 6.484348609389780194, -2.459189050634210005, 9.876762071816169222E-16 ) ) ;
#1263 = DIRECTION ( 'NONE',  ( 0.000000000000000000, 0.000000000000000000, -1.000000000000000000 ) ) ;
#1264 = EDGE_LOOP ( 'NONE', ( #2156, #1557, #3, #111 ) ) ;
#1265 =( NAMED_UNIT ( * ) SI_UNIT ( $, .STERADIAN. ) SOLID_ANGLE_UNIT ( ) );
#1266 = ORIENTED_EDGE ( 'NONE', *, *, #522, .T. ) ;
#1267 = PRESENTATION_STYLE_ASSIGNMENT (( #1884 ) ) ;
#1268 = CIRCLE ( 'NONE', #776, 7.898351648351649601 ) ;
#1269 = FACE_OUTER_BOUND ( 'NONE', #2492, .T. ) ;
#1270 = AXIS2_PLACEMENT_3D ( 'NONE', #1743, #731, #136 ) ;
#1271 = ORIENTED_EDGE ( 'NONE', *, *, #50, .F. ) ;
#1272 = DIRECTION ( 'NONE',  ( -0.1205366802553199390, 0.9927088740980544168, 0.000000000000000000 ) ) ;
#1273 = DIRECTION ( 'NONE',  ( -0.8854560256532160167, -0.4647231720437570157, 0.000000000000000000 ) ) ;
#1274 = EDGE_CURVE ( 'NONE', #1296, #1523, #1097, .T. ) ;
#1275 = CIRCLE ( 'NONE', #1351, 1.314988271469587744 ) ;
#1276 = FILL_AREA_STYLE_COLOUR ( '', #1234 ) ;
#1277 = PRODUCT_DEFINITION ( 'General', '', #2533, #2189 ) ;
#1278 = DIRECTION ( 'NONE',  ( 1.000000000000000000, 0.000000000000000000, 0.000000000000000000 ) ) ;
#1279 = VECTOR ( 'NONE', #154, 1000.000000000000000 ) ;
#1280 = COLOUR_RGB ( '',0.7921568627450980005, 0.8196078431372548767, 0.9333333333333333481 ) ;
#1281 = FACE_OUTER_BOUND ( 'NONE', #1590, .T. ) ;
#1282 = ORIENTED_EDGE ( 'NONE', *, *, #2091, .F. ) ;
#1283 = SURFACE_SIDE_STYLE ('',( #864 ) ) ;
#1284 =( LENGTH_UNIT ( ) NAMED_UNIT ( * ) SI_UNIT ( .MILLI., .METRE. ) );
#1285 = DIRECTION ( 'NONE',  ( -0.5680647467311539245, 0.8229838658936577955, 0.000000000000000000 ) ) ;
#1286 = AXIS2_PLACEMENT_3D ( 'NONE', #2543, #1285, #696 ) ;
#1287 = ORIENTED_EDGE ( 'NONE', *, *, #602, .F. ) ;
#1288 = DIRECTION ( 'NONE',  ( 0.9927088740980544168, 0.1205366802553199390, 0.000000000000000000 ) ) ;
#1289 = DIRECTION ( 'NONE',  ( 1.000000000000000000, 0.000000000000000000, 0.000000000000000000 ) ) ;
#1290 = CARTESIAN_POINT ( 'NONE',  ( -8.250000000000000000, 1.010333609296566156E-15, 8.266365894244630389E-16 ) ) ;
#1291 = EDGE_CURVE ( 'NONE', #1523, #1477, #502, .T. ) ;
#1292 = AXIS2_PLACEMENT_3D ( 'NONE', #1216, #2021, #1662 ) ;
#1293 = AXIS2_PLACEMENT_3D ( 'NONE', #1645, #172, #207 ) ;
#1294 = ADVANCED_FACE ( 'NONE', ( #689 ), #1301, .F. ) ;
#1295 = CARTESIAN_POINT ( 'NONE',  ( -3.833966169361000098, 7.305012211639029474, 8.266365894244630389E-16 ) ) ;
#1296 = VERTEX_POINT ( 'NONE', #1690 ) ;
#1297 = EDGE_CURVE ( 'NONE', #686, #1951, #1529, .T. ) ;
#1298 = DIRECTION ( 'NONE',  ( 0.000000000000000000, -1.000000000000000000, 0.000000000000000000 ) ) ;
#1299 = ORIENTED_EDGE ( 'NONE', *, *, #2044, .T. ) ;
#1300 = CARTESIAN_POINT ( 'NONE',  ( -11.50000000000000000, 1.408343819019455979E-15, 2.500000000000000000 ) ) ;
#1301 = CYLINDRICAL_SURFACE ( 'NONE', #840, 7.546703296703309860 ) ;
#1302 = CARTESIAN_POINT ( 'NONE',  ( 0.000000000000000000, 0.000000000000000000, -2.500000000000000000 ) ) ;
#1303 = CARTESIAN_POINT ( 'NONE',  ( 10.50000000000000000, 0.000000000000000000, -2.500000000000000000 ) ) ;
#1304 = EDGE_CURVE ( 'NONE', #1059, #877, #2172, .T. ) ;
#1305 = ORIENTED_EDGE ( 'NONE', *, *, #1236, .F. ) ;
#1306 = DIRECTION ( 'NONE',  ( 0.6631226582407910852, -0.7485107481711047450, 0.000000000000000000 ) ) ;
#1307 = DIRECTION ( 'NONE',  ( 0.8229838658936575735, 0.5680647467311541465, 0.000000000000000000 ) ) ;
#1308 = CARTESIAN_POINT ( 'NONE',  ( 0.000000000000000000, 0.000000000000000000, -2.375000000000000000 ) ) ;
#1309 = AXIS2_PLACEMENT_3D ( 'NONE', #2309, #879, #1320 ) ;
#1310 = ORIENTED_EDGE ( 'NONE', *, *, #2322, .F. ) ;
#1311 = FACE_OUTER_BOUND ( 'NONE', #595, .T. ) ;
#1312 = DIRECTION ( 'NONE',  ( -0.4647231720437565716, 0.8854560256532162388, 0.000000000000000000 ) ) ;
#1313 = CARTESIAN_POINT ( 'NONE',  ( -6.789616893622610228, 4.686534160532120907, 8.266365894244630389E-16 ) ) ;
#1314 =( GEOMETRIC_REPRESENTATION_CONTEXT ( 3 ) GLOBAL_UNCERTAINTY_ASSIGNED_CONTEXT ( ( #1173 ) ) GLOBAL_UNIT_ASSIGNED_CONTEXT ( ( #742, #1159, #1369 ) ) REPRESENTATION_CONTEXT ( 'NONE', 'WORKASPACE' ) );
#1315 = CIRCLE ( 'NONE', #1223, 7.546703296703309860 ) ;
#1316 = DIRECTION ( 'NONE',  ( 1.000000000000000000, 0.000000000000000000, 0.000000000000000000 ) ) ;
#1317 = DIRECTION ( 'NONE',  ( -0.9350162426854180531, -0.3546048870425270727, 0.000000000000000000 ) ) ;
#1318 = EDGE_LOOP ( 'NONE', ( #2209, #1202, #1860, #759 ) ) ;
#1319 = EDGE_CURVE ( 'NONE', #2582, #1619, #1617, .T. ) ;
#1320 = DIRECTION ( 'NONE',  ( 0.000000000000000000, -1.000000000000000000, -1.189060788869126619E-16 ) ) ;
#1321 = COLOUR_RGB ( '',0.7921568627450980005, 0.8196078431372548767, 0.9333333333333333481 ) ;
#1322 = DIRECTION ( 'NONE',  ( -0.6631226582408019654, -0.7485107481710950861, 0.000000000000000000 ) ) ;
#1323 = EDGE_CURVE ( 'NONE', #59, #2165, #1615, .T. ) ;
#1324 = VECTOR ( 'NONE', #2315, 1000.000000000000000 ) ;
#1325 = VERTEX_POINT ( 'NONE', #2128 ) ;
#1326 = SPHERICAL_SURFACE ( 'NONE', #2039, 1.314988271469590186 ) ;
#1327 = DIRECTION ( 'NONE',  ( 0.000000000000000000, 0.000000000000000000, 1.000000000000000000 ) ) ;
#1328 = CONICAL_SURFACE ( 'NONE', #2564, 6.250000000000000000, 0.7853981633974391752 ) ;
#1329 = ADVANCED_FACE ( 'NONE', ( #1508 ), #481, .T. ) ;
#1330 = VECTOR ( 'NONE', #403, 1000.000000000000000 ) ;
#1331 = CARTESIAN_POINT ( 'NONE',  ( 0.000000000000000000, 0.000000000000000000, -2.500000000000000000 ) ) ;
#1332 = AXIS2_PLACEMENT_3D ( 'NONE', #787, #1827, #2648 ) ;
#1333 = CIRCLE ( 'NONE', #2440, 1.314988271469590186 ) ;
#1334 = EDGE_LOOP ( 'NONE', ( #2457, #775, #1908, #387 ) ) ;
#1335 = CARTESIAN_POINT ( 'NONE',  ( 6.342760448618910196, -7.159496527325540427, 8.266365894244630389E-16 ) ) ;
#1336 = ORIENTED_EDGE ( 'NONE', *, *, #335, .F. ) ;
#1337 = DIRECTION ( 'NONE',  ( 0.9709418174260502354, -0.2393156642875654272, 0.000000000000000000 ) ) ;
#1338 = UNCERTAINTY_MEASURE_WITH_UNIT (LENGTH_MEASURE( 1.000000000000000082E-05 ), #1689, 'distance_accuracy_value', 'NONE');
#1339 = ADVANCED_FACE ( 'NONE', ( #79 ), #1925, .T. ) ;
#1340 = CARTESIAN_POINT ( 'NONE',  ( -1.974354230372415309, -8.010269993764911334, 8.266365894244630389E-16 ) ) ;
#1341 = DIRECTION ( 'NONE',  ( 1.000000000000000000, 0.000000000000000000, 0.000000000000000000 ) ) ;
#1342 = CARTESIAN_POINT ( 'NONE',  ( -3.833966169361000098, 7.305012211639029474, 8.266365894244630389E-16 ) ) ;
#1343 = EDGE_LOOP ( 'NONE', ( #505, #693, #127, #1253 ) ) ;
#1344 = DIRECTION ( 'NONE',  ( 0.000000000000000000, 0.000000000000000000, -1.000000000000000000 ) ) ;
#1345 = ORIENTED_EDGE ( 'NONE', *, *, #916, .T. ) ;
#1346 = DIRECTION ( 'NONE',  ( 0.7071067811865441310, 0.000000000000000000, -0.7071067811865510144 ) ) ;
#1347 = CARTESIAN_POINT ( 'NONE',  ( 0.000000000000000000, 8.601648351648348623, 0.1172161172161179932 ) ) ;
#1348 = ORIENTED_EDGE ( 'NONE', *, *, #795, .T. ) ;
#1349 = EDGE_CURVE ( 'NONE', #521, #1403, #539, .T. ) ;
#1350 = ADVANCED_FACE ( 'NONE', ( #2357 ), #499, .T. ) ;
#1351 = AXIS2_PLACEMENT_3D ( 'NONE', #1364, #504, #1376 ) ;
#1352 = CARTESIAN_POINT ( 'NONE',  ( -1.974354230372415309, -8.010269993764911334, 8.266365894244630389E-16 ) ) ;
#1353 = EDGE_LOOP ( 'NONE', ( #487, #1576, #1428, #5 ) ) ;
#1354 = AXIS2_PLACEMENT_3D ( 'NONE', #1735, #1934, #2126 ) ;
#1355 = DIRECTION ( 'NONE',  ( -0.1205366802553199390, 0.9927088740980544168, 0.000000000000000000 ) ) ;
#1356 = ORIENTED_EDGE ( 'NONE', *, *, #1772, .F. ) ;
#1357 = DIRECTION ( 'NONE',  ( 0.000000000000000000, 0.000000000000000000, 1.000000000000000000 ) ) ;
#1358 = UNCERTAINTY_MEASURE_WITH_UNIT (LENGTH_MEASURE( 1.000000000000000082E-05 ), #1205, 'distance_accuracy_value', 'NONE');
#1359 = AXIS2_PLACEMENT_3D ( 'NONE', #1313, #295, #271 ) ;
#1360 = ORIENTED_EDGE ( 'NONE', *, *, #1002, .T. ) ;
#1361 = DIRECTION ( 'NONE',  ( 0.000000000000000000, 0.000000000000000000, -1.000000000000000000 ) ) ;
#1362 = CIRCLE ( 'NONE', #186, 1.314988271469590408 ) ;
#1363 = STYLED_ITEM ( 'NONE', ( #2264 ), #1968 ) ;
#1364 = CARTESIAN_POINT ( 'NONE',  ( -8.250000000000000000, 1.010333609296566156E-15, 4.336808689942014778E-16 ) ) ;
#1365 = ORIENTED_EDGE ( 'NONE', *, *, #1952, .T. ) ;
#1366 = AXIS2_PLACEMENT_3D ( 'NONE', #1912, #2507, #2523 ) ;
#1367 = EDGE_CURVE ( 'NONE', #2117, #1233, #2350, .T. ) ;
#1368 = CIRCLE ( 'NONE', #1538, 8.953296703296699022 ) ;
#1369 =( NAMED_UNIT ( * ) SI_UNIT ( $, .STERADIAN. ) SOLID_ANGLE_UNIT ( ) );
#1370 = ADVANCED_FACE ( 'NONE', ( #976, #350 ), #2405, .F. ) ;
#1371 = CARTESIAN_POINT ( 'NONE',  ( -8.953296703296699022, 1.096462614950885909E-15, -2.375000000000000000 ) ) ;
#1372 = ORIENTED_EDGE ( 'NONE', *, *, #267, .F. ) ;
#1373 = CARTESIAN_POINT ( 'NONE',  ( 7.546703296703309860, 0.000000000000000000, -1.314988271469587966 ) ) ;
#1374 = DIRECTION ( 'NONE',  ( 1.000000000000000000, 0.000000000000000000, -1.145064648755475596E-16 ) ) ;
#1375 = ORIENTED_EDGE ( 'NONE', *, *, #1651, .T. ) ;
#1376 = DIRECTION ( 'NONE',  ( -1.000000000000000000, 1.224646799147351975E-16, 0.000000000000000000 ) ) ;
#1377 = ORIENTED_EDGE ( 'NONE', *, *, #2501, .T. ) ;
#1378 = ADVANCED_FACE ( 'NONE', ( #310 ), #562, .T. ) ;
#1379 = VERTEX_POINT ( 'NONE', #1773 ) ;
#1380 = ADVANCED_FACE ( 'NONE', ( #1960 ), #503, .F. ) ;
#1381 = LINE ( 'NONE', #1551, #2097 ) ;
#1382 = ORIENTED_EDGE ( 'NONE', *, *, #1203, .F. ) ;
#1383 = FACE_OUTER_BOUND ( 'NONE', #1957, .T. ) ;
#1384 = DIRECTION ( 'NONE',  ( 0.000000000000000000, 0.000000000000000000, -1.000000000000000000 ) ) ;
#1385 = EDGE_LOOP ( 'NONE', ( #827, #2465 ) ) ;
#1386 = LINE ( 'NONE', #1398, #329 ) ;
#1387 = AXIS2_PLACEMENT_3D ( 'NONE', #1895, #1931, #2295 ) ;
#1388 = ORIENTED_EDGE ( 'NONE', *, *, #694, .T. ) ;
#1389 = STYLED_ITEM ( 'NONE', ( #2171 ), #194 ) ;
#1390 = DIRECTION ( 'NONE',  ( 1.000000000000000000, 0.000000000000000000, 0.000000000000000000 ) ) ;
#1391 = VECTOR ( 'NONE', #2643, 1000.000000000000000 ) ;
#1392 =( NAMED_UNIT ( * ) SI_UNIT ( $, .STERADIAN. ) SOLID_ANGLE_UNIT ( ) );
#1393 = EDGE_CURVE ( 'NONE', #256, #971, #2134, .T. ) ;
#1394 = ORIENTED_EDGE ( 'NONE', *, *, #885, .F. ) ;
#1395 = DIRECTION ( 'NONE',  ( -0.8229838658936503570, 0.5680647467311646936, 0.000000000000000000 ) ) ;
#1396 = CARTESIAN_POINT ( 'NONE',  ( 0.000000000000000000, 0.000000000000000000, 2.250000000000000000 ) ) ;
#1397 = ORIENTED_EDGE ( 'NONE', *, *, #1413, .T. ) ;
#1398 = CARTESIAN_POINT ( 'NONE',  ( 7.546703296703309860, 0.000000000000000000, -2.500000000000000000 ) ) ;
#1399 = STYLED_ITEM ( 'NONE', ( #991 ), #1080 ) ;
#1400 = ADVANCED_FACE ( 'NONE', ( #762 ), #2616, .T. ) ;
#1401 = AXIS2_PLACEMENT_3D ( 'NONE', #1702, #908, #2103 ) ;
#1402 = SPHERICAL_SURFACE ( 'NONE', #280, 1.314988271469590186 ) ;
#1403 = VERTEX_POINT ( 'NONE', #534 ) ;
#1404 = CIRCLE ( 'NONE', #843, 8.953296703296699022 ) ;
#1405 = CIRCLE ( 'NONE', #637, 1.314988271469590853 ) ;
#1406 = DIRECTION ( 'NONE',  ( 1.000000000000000000, 0.000000000000000000, 0.000000000000000000 ) ) ;
#1407 = CIRCLE ( 'NONE', #2393, 7.546703296703309860 ) ;
#1408 = DIRECTION ( 'NONE',  ( 0.000000000000000000, 0.000000000000000000, 1.000000000000000000 ) ) ;
#1409 =( LENGTH_UNIT ( ) NAMED_UNIT ( * ) SI_UNIT ( .MILLI., .METRE. ) );
#1410 = CIRCLE ( 'NONE', #2395, 8.953296703296699022 ) ;
#1411 = VERTEX_POINT ( 'NONE', #922 ) ;
#1412 = CARTESIAN_POINT ( 'NONE',  ( 6.000000000000000000, 7.347880794884119736E-16, 2.250000000000000000 ) ) ;
#1413 = EDGE_CURVE ( 'NONE', #1325, #1259, #276, .T. ) ;
#1414 =( NAMED_UNIT ( * ) PLANE_ANGLE_UNIT ( ) SI_UNIT ( $, .RADIAN. ) );
#1415 = CARTESIAN_POINT ( 'NONE',  ( 0.000000000000000000, 0.000000000000000000, 1.314988271469590186 ) ) ;
#1416 = ORIENTED_EDGE ( 'NONE', *, *, #911, .T. ) ;
#1417 = DIRECTION ( 'NONE',  ( 1.000000000000000000, 0.000000000000000000, 0.000000000000000000 ) ) ;
#1418 = ORIENTED_EDGE ( 'NONE', *, *, #609, .F. ) ;
#1419 = DIRECTION ( 'NONE',  ( 0.7485107481710949751, -0.6631226582408020764, 0.000000000000000000 ) ) ;
#1420 = ORIENTED_EDGE ( 'NONE', *, *, #1258, .F. ) ;
#1421 = CARTESIAN_POINT ( 'NONE',  ( 0.000000000000000000, 0.000000000000000000, -2.500000000000000000 ) ) ;
#1422 = ORIENTED_EDGE ( 'NONE', *, *, #2348, .F. ) ;
#1423 = CYLINDRICAL_SURFACE ( 'NONE', #2294, 7.546703296703309860 ) ;
#1424 = DIRECTION ( 'NONE',  ( 1.000000000000000000, 0.000000000000000000, 0.000000000000000000 ) ) ;
#1425 = LINE ( 'NONE', #1008, #966 ) ;
#1426 = EDGE_CURVE ( 'NONE', #1162, #2312, #542, .T. ) ;
#1427 = CARTESIAN_POINT ( 'NONE',  ( -1.974354230372415309, -8.010269993764911334, 8.266365894244630389E-16 ) ) ;
#1428 = ORIENTED_EDGE ( 'NONE', *, *, #81, .F. ) ;
#1429 = AXIS2_PLACEMENT_3D ( 'NONE', #1833, #2235, #645 ) ;
#1430 = DIRECTION ( 'NONE',  ( -0.2393156642875654272, -0.9709418174260502354, 0.000000000000000000 ) ) ;
#1431 = ORIENTED_EDGE ( 'NONE', *, *, #704, .F. ) ;
#1432 = PRESENTATION_LAYER_ASSIGNMENT (  '', '', ( #571 ) ) ;
#1433 = SURFACE_STYLE_FILL_AREA ( #199 ) ;
#1434 = AXIS2_PLACEMENT_3D ( 'NONE', #1154, #2370, #1754 ) ;
#1435 = FACE_OUTER_BOUND ( 'NONE', #1385, .T. ) ;
#1436 = FILL_AREA_STYLE ('',( #946 ) ) ;
#1437 = DIRECTION ( 'NONE',  ( -0.8229838658936495799, 0.5680647467311655818, 0.000000000000000000 ) ) ;
#1438 = ORIENTED_EDGE ( 'NONE', *, *, #177, .F. ) ;
#1439 = DIRECTION ( 'NONE',  ( -0.8854560256532160167, -0.4647231720437570712, 0.000000000000000000 ) ) ;
#1440 = SPHERICAL_SURFACE ( 'NONE', #2650, 1.314988271469590186 ) ;
#1441 = DIRECTION ( 'NONE',  ( 0.000000000000000000, 0.000000000000000000, 1.000000000000000000 ) ) ;
#1442 = DIRECTION ( 'NONE',  ( 1.000000000000000000, 0.000000000000000000, 0.000000000000000000 ) ) ;
#1443 = ORIENTED_EDGE ( 'NONE', *, *, #2300, .T. ) ;
#1444 =( GEOMETRIC_REPRESENTATION_CONTEXT ( 3 ) GLOBAL_UNCERTAINTY_ASSIGNED_CONTEXT ( ( #1033 ) ) GLOBAL_UNIT_ASSIGNED_CONTEXT ( ( #301, #1586, #2285 ) ) REPRESENTATION_CONTEXT ( 'NONE', 'WORKASPACE' ) );
#1445 = EDGE_CURVE ( 'NONE', #1296, #454, #1620, .T. ) ;
#1446 = VERTEX_POINT ( 'NONE', #2377 ) ;
#1447 = AXIS2_PLACEMENT_3D ( 'NONE', #2028, #1004, #1050 ) ;
#1448 = SURFACE_STYLE_USAGE ( .BOTH. , #627 ) ;
#1449 =( GEOMETRIC_REPRESENTATION_CONTEXT ( 3 ) GLOBAL_UNCERTAINTY_ASSIGNED_CONTEXT ( ( #2591 ) ) GLOBAL_UNIT_ASSIGNED_CONTEXT ( ( #2653, #569, #1392 ) ) REPRESENTATION_CONTEXT ( 'NONE', 'WORKASPACE' ) );
#1450 = EDGE_LOOP ( 'NONE', ( #1798, #290 ) ) ;
#1451 = FACE_OUTER_BOUND ( 'NONE', #1550, .T. ) ;
#1452 = MECHANICAL_DESIGN_GEOMETRIC_PRESENTATION_REPRESENTATION (  '', ( #2608 ), #366 ) ;
#1453 = ORIENTED_EDGE ( 'NONE', *, *, #1803, .F. ) ;
#1454 = AXIS2_PLACEMENT_3D ( 'NONE', #2104, #2317, #2115 ) ;
#1455 = CYLINDRICAL_SURFACE ( 'NONE', #2164, 8.601648351648348623 ) ;
#1456 = CARTESIAN_POINT ( 'NONE',  ( 10.75000000000000000, 0.000000000000000000, 1.399999999999999911 ) ) ;
#1457 = FACE_OUTER_BOUND ( 'NONE', #2014, .T. ) ;
#1458 = ORIENTED_EDGE ( 'NONE', *, *, #1665, .T. ) ;
#1459 = ADVANCED_FACE ( 'NONE', ( #2570 ), #1975, .T. ) ;
#1460 = DIRECTION ( 'NONE',  ( 1.000000000000000000, 0.000000000000000000, 1.007864557116571756E-16 ) ) ;
#1461 = DIRECTION ( 'NONE',  ( 1.000000000000000000, 0.000000000000000000, 0.000000000000000000 ) ) ;
#1462 = CARTESIAN_POINT ( 'NONE',  ( 8.189848211308948578, 0.9944276121063889695, 8.266365894244630389E-16 ) ) ;
#1463 = ORIENTED_EDGE ( 'NONE', *, *, #1091, .T. ) ;
#1464 = CARTESIAN_POINT ( 'NONE',  ( 0.000000000000000000, 0.000000000000000000, -2.375000000000000000 ) ) ;
#1465 =( NAMED_UNIT ( * ) SI_UNIT ( $, .STERADIAN. ) SOLID_ANGLE_UNIT ( ) );
#1466 = CARTESIAN_POINT ( 'NONE',  ( -6.250000000000000000, 0.000000000000000000, 2.500000000000000000 ) ) ;
#1467 = DIRECTION ( 'NONE',  ( 0.000000000000000000, 0.000000000000000000, -1.000000000000000000 ) ) ;
#1468 = CARTESIAN_POINT ( 'NONE',  ( 0.000000000000000000, 0.000000000000000000, -2.500000000000000000 ) ) ;
#1469 = EDGE_LOOP ( 'NONE', ( #343, #610 ) ) ;
#1470 = SURFACE_STYLE_FILL_AREA ( #1486 ) ;
#1471 = CARTESIAN_POINT ( 'NONE',  ( 5.470761930486530034, -6.175213672411609345, 8.266365894244630389E-16 ) ) ;
#1472 = CLOSED_SHELL ( 'NONE', ( #161, #208, #2379, #1133 ) ) ;
#1473 = CARTESIAN_POINT ( 'NONE',  ( 0.000000000000000000, 0.000000000000000000, 2.375000000000000000 ) ) ;
#1474 = STYLED_ITEM ( 'NONE', ( #1566 ), #169 ) ;
#1475 = ADVANCED_FACE ( 'NONE', ( #328 ), #1986, .T. ) ;
#1476 = CARTESIAN_POINT ( 'NONE',  ( -10.25000000000000000, 1.255262969126040002E-15, 1.399999999999999911 ) ) ;
#1477 = VERTEX_POINT ( 'NONE', #615 ) ;
#1478 = DIRECTION ( 'NONE',  ( 0.000000000000000000, 0.000000000000000000, -1.000000000000000000 ) ) ;
#1479 = DIRECTION ( 'NONE',  ( 0.000000000000000000, 0.000000000000000000, 1.000000000000000000 ) ) ;
#1480 = EDGE_CURVE ( 'NONE', #773, #801, #1193, .T. ) ;
#1481 = DIRECTION ( 'NONE',  ( -0.9927088740980526405, 0.1205366802553335809, 0.000000000000000000 ) ) ;
#1482 = DIRECTION ( 'NONE',  ( -1.000000000000000000, 0.000000000000000000, 0.000000000000000000 ) ) ;
#1483 = EDGE_CURVE ( 'NONE', #1741, #1852, #1750, .T. ) ;
#1484 = DIRECTION ( 'NONE',  ( 0.2393156642875514384, -0.9709418174260536771, 0.000000000000000000 ) ) ;
#1485 = VERTEX_POINT ( 'NONE', #363 ) ;
#1486 = FILL_AREA_STYLE ('',( #1706 ) ) ;
#1487 = PRODUCT_DEFINITION_SHAPE ( 'NONE', 'NONE',  #1277 ) ;
#1488 = SURFACE_STYLE_FILL_AREA ( #667 ) ;
#1489 = DIRECTION ( 'NONE',  ( 0.000000000000000000, 0.000000000000000000, -1.000000000000000000 ) ) ;
#1490 = AXIS2_PLACEMENT_3D ( 'NONE', #1629, #2236, #1807 ) ;
#1491 = EDGE_LOOP ( 'NONE', ( #1914, #1422 ) ) ;
#1492 = CYLINDRICAL_SURFACE ( 'NONE', #1354, 8.601648351648348623 ) ;
#1493 = SPHERICAL_SURFACE ( 'NONE', #1025, 1.314988271469590186 ) ;
#1494 = CIRCLE ( 'NONE', #1366, 11.50000000000000000 ) ;
#1495 = CARTESIAN_POINT ( 'NONE',  ( 1.659656938655214908, -6.733492891570309169, 9.876762071816181055E-16 ) ) ;
#1496 = AXIS2_PLACEMENT_3D ( 'NONE', #1071, #2538, #690 ) ;
#1497 = ADVANCED_FACE ( 'NONE', ( #987 ), #2045, .T. ) ;
#1498 = DIRECTION ( 'NONE',  ( 0.000000000000000000, 0.000000000000000000, 1.000000000000000000 ) ) ;
#1499 = CIRCLE ( 'NONE', #2181, 6.000000000000000000 ) ;
#1500 = CIRCLE ( 'NONE', #1720, 1.314988271469586634 ) ;
#1501 = DIRECTION ( 'NONE',  ( -1.000000000000000000, 0.000000000000000000, 0.000000000000000000 ) ) ;
#1502 = ORIENTED_EDGE ( 'NONE', *, *, #1089, .F. ) ;
#1503 = SPHERICAL_SURFACE ( 'NONE', #1902, 1.314988271469590186 ) ;
#1504 = FACE_OUTER_BOUND ( 'NONE', #672, .T. ) ;
#1505 = EDGE_LOOP ( 'NONE', ( #96, #738 ) ) ;
#1506 = FACE_OUTER_BOUND ( 'NONE', #2386, .T. ) ;
#1507 = DIRECTION ( 'NONE',  ( 0.000000000000000000, 0.000000000000000000, -1.000000000000000000 ) ) ;
#1508 = FACE_OUTER_BOUND ( 'NONE', #2331, .T. ) ;
#1509 = FACE_BOUND ( 'NONE', #389, .T. ) ;
#1510 = ADVANCED_FACE ( 'NONE', ( #1674 ), #632, .T. ) ;
#1511 = DIRECTION ( 'NONE',  ( 0.000000000000000000, 0.000000000000000000, 1.000000000000000000 ) ) ;
#1512 = EDGE_LOOP ( 'NONE', ( #2598, #2669 ) ) ;
#1513 = FACE_OUTER_BOUND ( 'NONE', #1334, .T. ) ;
#1514 = DIRECTION ( 'NONE',  ( 0.000000000000000000, -1.000000000000000000, 1.224646799147351482E-16 ) ) ;
#1515 = VECTOR ( 'NONE', #2042, 1000.000000000000000 ) ;
#1516 = EDGE_LOOP ( 'NONE', ( #2138, #1640 ) ) ;
#1517 = DIRECTION ( 'NONE',  ( 0.000000000000000000, 0.000000000000000000, -1.000000000000000000 ) ) ;
#1518 = DIRECTION ( 'NONE',  ( 0.000000000000000000, 0.000000000000000000, 1.000000000000000000 ) ) ;
#1519 = DIRECTION ( 'NONE',  ( -1.224646799147351975E-16, -1.000000000000000000, 0.000000000000000000 ) ) ;
#1520 = VECTOR ( 'NONE', #555, 1000.000000000000000 ) ;
#1521 = CARTESIAN_POINT ( 'NONE',  ( 10.25000000000000000, 0.000000000000000000, 1.649999999999999911 ) ) ;
#1522 = CARTESIAN_POINT ( 'NONE',  ( 0.000000000000000000, 0.000000000000000000, -2.500000000000000000 ) ) ;
#1523 = VERTEX_POINT ( 'NONE', #2269 ) ;
#1524 =( LENGTH_UNIT ( ) NAMED_UNIT ( * ) SI_UNIT ( .MILLI., .METRE. ) );
#1525 = AXIS2_PLACEMENT_3D ( 'NONE', #2176, #338, #1395 ) ;
#1526 = ADVANCED_FACE ( 'NONE', ( #203 ), #1879, .F. ) ;
#1527 = AXIS2_PLACEMENT_3D ( 'NONE', #2072, #1063, #631 ) ;
#1528 = CARTESIAN_POINT ( 'NONE',  ( 0.000000000000000000, 0.000000000000000000, 0.1172161172161182013 ) ) ;
#1529 = CIRCLE ( 'NONE', #671, 8.953296703296699022 ) ;
#1530 = ORIENTED_EDGE ( 'NONE', *, *, #649, .T. ) ;
#1531 = SPHERICAL_SURFACE ( 'NONE', #621, 1.314988271469590186 ) ;
#1532 = DIRECTION ( 'NONE',  ( 1.000000000000000000, 0.000000000000000000, -1.215717745149354417E-16 ) ) ;
#1533 = AXIS2_PLACEMENT_3D ( 'NONE', #1347, #339, #2368 ) ;
#1534 = CIRCLE ( 'NONE', #847, 10.25000000000000000 ) ;
#1535 = DIRECTION ( 'NONE',  ( 0.6631226582407918624, -0.7485107481711040789, 0.000000000000000000 ) ) ;
#1536 = CIRCLE ( 'NONE', #2529, 10.50000000000000000 ) ;
#1537 = CARTESIAN_POINT ( 'NONE',  ( 0.000000000000000000, 0.000000000000000000, -2.500000000000000000 ) ) ;
#1538 = AXIS2_PLACEMENT_3D ( 'NONE', #394, #2419, #1230 ) ;
#1539 = EDGE_LOOP ( 'NONE', ( #1463, #532 ) ) ;
#1540 = FILL_AREA_STYLE_COLOUR ( '', #2003 ) ;
#1541 = FILL_AREA_STYLE_COLOUR ( '', #1905 ) ;
#1542 = CARTESIAN_POINT ( 'NONE',  ( 8.953296703296699022, 0.000000000000000000, -2.500000000000000000 ) ) ;
#1543 = EDGE_CURVE ( 'NONE', #1583, #801, #1826, .T. ) ;
#1544 = ADVANCED_FACE ( 'NONE', ( #1451 ), #2625, .T. ) ;
#1545 = ORIENTED_EDGE ( 'NONE', *, *, #1304, .T. ) ;
#1546 = CARTESIAN_POINT ( 'NONE',  ( -1.974354230372415309, -8.010269993764911334, 8.266365894244630389E-16 ) ) ;
#1547 = UNCERTAINTY_MEASURE_WITH_UNIT (LENGTH_MEASURE( 1.000000000000000082E-05 ), #2450, 'distance_accuracy_value', 'NONE');
#1548 = DIRECTION ( 'NONE',  ( 1.000000000000000000, 0.000000000000000000, 0.000000000000000000 ) ) ;
#1549 = CARTESIAN_POINT ( 'NONE',  ( 0.000000000000000000, 0.000000000000000000, -1.314988271469587966 ) ) ;
#1550 = EDGE_LOOP ( 'NONE', ( #1397, #422 ) ) ;
#1551 = CARTESIAN_POINT ( 'NONE',  ( -7.546703296703309860, 9.242046036422477822E-16, -2.500000000000000000 ) ) ;
#1552 = ORIENTED_EDGE ( 'NONE', *, *, #1349, .T. ) ;
#1553 = DIRECTION ( 'NONE',  ( 1.000000000000000000, 0.000000000000000000, 0.000000000000000000 ) ) ;
#1554 = ADVANCED_FACE ( 'NONE', ( #783 ), #425, .T. ) ;
#1555 = DIRECTION ( 'NONE',  ( 1.000000000000000000, 0.000000000000000000, 0.000000000000000000 ) ) ;
#1556 = AXIS2_PLACEMENT_3D ( 'NONE', #201, #2429, #1211 ) ;
#1557 = ORIENTED_EDGE ( 'NONE', *, *, #1129, .T. ) ;
#1558 = CYLINDRICAL_SURFACE ( 'NONE', #1755, 8.953296703296699022 ) ;
#1559 = ADVANCED_FACE ( 'NONE', ( #1019 ), #1328, .F. ) ;
#1560 = CIRCLE ( 'NONE', #998, 1.314988271469587966 ) ;
#1561 = CIRCLE ( 'NONE', #88, 1.314988271469590408 ) ;
#1562 = CARTESIAN_POINT ( 'NONE',  ( -4.598763412354220037, -5.190930817497619643, 9.876762071816181055E-16 ) ) ;
#1563 = EDGE_CURVE ( 'NONE', #438, #293, #2303, .T. ) ;
#1564 = ORIENTED_EDGE ( 'NONE', *, *, #218, .T. ) ;
#1565 = AXIS2_PLACEMENT_3D ( 'NONE', #1546, #1337, #1748 ) ;
#1566 = PRESENTATION_STYLE_ASSIGNMENT (( #2410 ) ) ;
#1567 = EDGE_LOOP ( 'NONE', ( #1676, #601 ) ) ;
#1568 = DIRECTION ( 'NONE',  ( -1.000000000000000000, 1.224646799147351975E-16, 0.000000000000000000 ) ) ;
#1569 = ORIENTED_EDGE ( 'NONE', *, *, #1757, .F. ) ;
#1570 = CARTESIAN_POINT ( 'NONE',  ( 0.000000000000000000, 7.546703296703309860, -2.500000000000000000 ) ) ;
#1571 = VERTEX_POINT ( 'NONE', #1868 ) ;
#1572 = DIRECTION ( 'NONE',  ( 0.7071067811865410224, 0.000000000000000000, -0.7071067811865540120 ) ) ;
#1573 = EDGE_CURVE ( 'NONE', #1446, #1796, #969, .T. ) ;
#1574 = MECHANICAL_DESIGN_GEOMETRIC_PRESENTATION_REPRESENTATION (  '', ( #1710 ), #591 ) ;
#1575 = DIRECTION ( 'NONE',  ( 1.000000000000000000, 0.000000000000000000, 0.000000000000000000 ) ) ;
#1576 = ORIENTED_EDGE ( 'NONE', *, *, #2563, .T. ) ;
#1577 = CIRCLE ( 'NONE', #20, 1.314988271469590408 ) ;
#1578 = CIRCLE ( 'NONE', #1926, 1.314988271469581749 ) ;
#1579 =( LENGTH_UNIT ( ) NAMED_UNIT ( * ) SI_UNIT ( .MILLI., .METRE. ) );
#1580 = ORIENTED_EDGE ( 'NONE', *, *, #2520, .F. ) ;
#1581 = DIRECTION ( 'NONE',  ( 0.000000000000000000, 0.000000000000000000, -1.000000000000000000 ) ) ;
#1582 = FACE_BOUND ( 'NONE', #869, .T. ) ;
#1583 = VERTEX_POINT ( 'NONE', #1837 ) ;
#1584 = DIRECTION ( 'NONE',  ( 0.000000000000000000, 0.000000000000000000, 1.000000000000000000 ) ) ;
#1585 = ORIENTED_EDGE ( 'NONE', *, *, #2411, .T. ) ;
#1586 =( NAMED_UNIT ( * ) PLANE_ANGLE_UNIT ( ) SI_UNIT ( $, .RADIAN. ) );
#1587 = SURFACE_STYLE_USAGE ( .BOTH. , #342 ) ;
#1588 = ADVANCED_FACE ( 'NONE', ( #2456 ), #168, .F. ) ;
#1589 = ORIENTED_EDGE ( 'NONE', *, *, #1628, .F. ) ;
#1590 = EDGE_LOOP ( 'NONE', ( #2338, #2561, #1979, #654 ) ) ;
#1591 = PRESENTATION_STYLE_ASSIGNMENT (( #420 ) ) ;
#1592 = VERTEX_POINT ( 'NONE', #2251 ) ;
#1593 = DIRECTION ( 'NONE',  ( 0.000000000000000000, 0.000000000000000000, 1.000000000000000000 ) ) ;
#1594 = EDGE_CURVE ( 'NONE', #705, #1136, #1404, .T. ) ;
#1595 = DIRECTION ( 'NONE',  ( 0.6631226582407918624, -0.7485107481711040789, 0.000000000000000000 ) ) ;
#1596 = ORIENTED_EDGE ( 'NONE', *, *, #1563, .F. ) ;
#1597 = DIRECTION ( 'NONE',  ( 1.000000000000000000, 0.000000000000000000, 0.000000000000000000 ) ) ;
#1598 = FILL_AREA_STYLE ('',( #1540 ) ) ;
#1599 = AXIS2_PLACEMENT_3D ( 'NONE', #1473, #225, #24 ) ;
#1600 = ORIENTED_EDGE ( 'NONE', *, *, #1665, .F. ) ;
#1601 = PRESENTATION_LAYER_ASSIGNMENT (  '', '', ( #1474 ) ) ;
#1602 = SPHERICAL_SURFACE ( 'NONE', #662, 1.314988271469590186 ) ;
#1603 = CIRCLE ( 'NONE', #2422, 1.314988271469590186 ) ;
#1604 = FILL_AREA_STYLE_COLOUR ( '', #364 ) ;
#1605 = AXIS2_PLACEMENT_3D ( 'NONE', #2556, #1083, #2354 ) ;
#1606 = ADVANCED_FACE ( 'NONE', ( #2640, #2655 ), #812, .F. ) ;
#1607 = DIRECTION ( 'NONE',  ( 0.000000000000000000, 0.000000000000000000, 1.000000000000000000 ) ) ;
#1608 = FACE_OUTER_BOUND ( 'NONE', #2447, .T. ) ;
#1609 = VECTOR ( 'NONE', #309, 1000.000000000000000 ) ;
#1610 = CARTESIAN_POINT ( 'NONE',  ( 0.000000000000000000, 0.000000000000000000, -2.500000000000000000 ) ) ;
#1611 = AXIS2_PLACEMENT_3D ( 'NONE', #2502, #1243, #183 ) ;
#1612 = ORIENTED_EDGE ( 'NONE', *, *, #1036, .T. ) ;
#1613 = CARTESIAN_POINT ( 'NONE',  ( 0.000000000000000000, 0.000000000000000000, -2.500000000000000000 ) ) ;
#1614 = PRESENTATION_STYLE_ASSIGNMENT (( #1040 ) ) ;
#1615 = CIRCLE ( 'NONE', #453, 1.314988271469590186 ) ;
#1616 =( LENGTH_UNIT ( ) NAMED_UNIT ( * ) SI_UNIT ( .MILLI., .METRE. ) );
#1617 = CIRCLE ( 'NONE', #458, 1.314988271469589520 ) ;
#1618 = CARTESIAN_POINT ( 'NONE',  ( -10.25000000000000000, 1.255262969126040002E-15, 1.399999999999999911 ) ) ;
#1619 = VERTEX_POINT ( 'NONE', #856 ) ;
#1620 = CIRCLE ( 'NONE', #2480, 7.898351648351649601 ) ;
#1621 = DIRECTION ( 'NONE',  ( 0.000000000000000000, 0.000000000000000000, 1.000000000000000000 ) ) ;
#1622 = AXIS2_PLACEMENT_3D ( 'NONE', #2351, #943, #292 ) ;
#1623 = ORIENTED_EDGE ( 'NONE', *, *, #1594, .T. ) ;
#1624 = CARTESIAN_POINT ( 'NONE',  ( -5.470761930486609970, -6.175213672411539179, 8.266365894244630389E-16 ) ) ;
#1625 = CARTESIAN_POINT ( 'NONE',  ( -10.50000000000000000, 1.301187224094061935E-15, 1.649999999999999911 ) ) ;
#1626 = CARTESIAN_POINT ( 'NONE',  ( -10.25000000000000000, 1.255262969126040002E-15, 1.649999999999999911 ) ) ;
#1627 = AXIS2_PLACEMENT_3D ( 'NONE', #258, #2496, #1101 ) ;
#1628 = EDGE_CURVE ( 'NONE', #2082, #120, #1685, .T. ) ;
#1629 = CARTESIAN_POINT ( 'NONE',  ( 0.000000000000000000, 0.000000000000000000, 1.399999999999999911 ) ) ;
#1630 = ADVANCED_FACE ( 'NONE', ( #1269 ), #685, .T. ) ;
#1631 =( GEOMETRIC_REPRESENTATION_CONTEXT ( 3 ) GLOBAL_UNCERTAINTY_ASSIGNED_CONTEXT ( ( #1338 ) ) GLOBAL_UNIT_ASSIGNED_CONTEXT ( ( #1689, #688, #1465 ) ) REPRESENTATION_CONTEXT ( 'NONE', 'WORKASPACE' ) );
#1632 = EDGE_LOOP ( 'NONE', ( #1271, #1722 ) ) ;
#1633 = FACE_OUTER_BOUND ( 'NONE', #198, .T. ) ;
#1634 = DIRECTION ( 'NONE',  ( 0.000000000000000000, 0.000000000000000000, 1.000000000000000000 ) ) ;
#1635 = CYLINDRICAL_SURFACE ( 'NONE', #2479, 10.50000000000000000 ) ;
#1636 = ORIENTED_EDGE ( 'NONE', *, *, #522, .F. ) ;
#1637 =( NAMED_UNIT ( * ) PLANE_ANGLE_UNIT ( ) SI_UNIT ( $, .RADIAN. ) );
#1638 = ORIENTED_EDGE ( 'NONE', *, *, #1759, .F. ) ;
#1639 = FILL_AREA_STYLE_COLOUR ( '', #320 ) ;
#1640 = ORIENTED_EDGE ( 'NONE', *, *, #815, .T. ) ;
#1641 = PRESENTATION_STYLE_ASSIGNMENT (( #25 ) ) ;
#1642 = DIRECTION ( 'NONE',  ( 0.9927088740980544168, 0.1205366802553199390, 0.000000000000000000 ) ) ;
#1643 = VERTEX_POINT ( 'NONE', #1885 ) ;
#1644 = FACE_OUTER_BOUND ( 'NONE', #2612, .T. ) ;
#1645 = CARTESIAN_POINT ( 'NONE',  ( -1.974354230372415309, -8.010269993764911334, 8.266365894244630389E-16 ) ) ;
#1646 = FILL_AREA_STYLE ('',( #1276 ) ) ;
#1647 = EDGE_CURVE ( 'NONE', #1858, #1224, #139, .T. ) ;
#1648 = DIRECTION ( 'NONE',  ( 1.000000000000000000, 0.000000000000000000, 0.000000000000000000 ) ) ;
#1649 = ORIENTED_EDGE ( 'NONE', *, *, #2330, .T. ) ;
#1650 = CIRCLE ( 'NONE', #441, 1.314988271469590408 ) ;
#1651 = EDGE_CURVE ( 'NONE', #293, #438, #585, .T. ) ;
#1652 = FACE_OUTER_BOUND ( 'NONE', #2603, .T. ) ;
#1653 = ORIENTED_EDGE ( 'NONE', *, *, #2332, .F. ) ;
#1654 = CIRCLE ( 'NONE', #260, 7.898351648351649601 ) ;
#1655 = DIRECTION ( 'NONE',  ( 0.000000000000000000, 0.000000000000000000, 1.000000000000000000 ) ) ;
#1656 = VERTEX_POINT ( 'NONE', #2530 ) ;
#1657 = EDGE_LOOP ( 'NONE', ( #1998, #2266 ) ) ;
#1658 = LINE ( 'NONE', #393, #2630 ) ;
#1659 = DIRECTION ( 'NONE',  ( 0.000000000000000000, 0.000000000000000000, 1.000000000000000000 ) ) ;
#1660 = DIRECTION ( 'NONE',  ( 1.000000000000000000, 0.000000000000000000, 0.000000000000000000 ) ) ;
#1661 = AXIS2_PLACEMENT_3D ( 'NONE', #2518, #2404, #1184 ) ;
#1662 = DIRECTION ( 'NONE',  ( 1.000000000000000000, 0.000000000000000000, -1.007864557116581987E-16 ) ) ;
#1663 =( GEOMETRIC_REPRESENTATION_CONTEXT ( 3 ) GLOBAL_UNCERTAINTY_ASSIGNED_CONTEXT ( ( #2355 ) ) GLOBAL_UNIT_ASSIGNED_CONTEXT ( ( #1616, #1671, #584 ) ) REPRESENTATION_CONTEXT ( 'NONE', 'WORKASPACE' ) );
#1664 = VERTEX_POINT ( 'NONE', #26 ) ;
#1665 = EDGE_CURVE ( 'NONE', #2582, #1619, #99, .T. ) ;
#1666 = PRESENTATION_LAYER_ASSIGNMENT (  '', '', ( #406 ) ) ;
#1667 = CYLINDRICAL_SURFACE ( 'NONE', #2242, 8.953296703296699022 ) ;
#1668 = VERTEX_POINT ( 'NONE', #670 ) ;
#1669 = AXIS2_PLACEMENT_3D ( 'NONE', #155, #391, #1257 ) ;
#1670 = PRESENTATION_STYLE_ASSIGNMENT (( #2307 ) ) ;
#1671 =( NAMED_UNIT ( * ) PLANE_ANGLE_UNIT ( ) SI_UNIT ( $, .RADIAN. ) );
#1672 = AXIS2_PLACEMENT_3D ( 'NONE', #2413, #2427, #1406 ) ;
#1673 = SPHERICAL_SURFACE ( 'NONE', #1556, 1.314988271469590186 ) ;
#1674 = FACE_OUTER_BOUND ( 'NONE', #1013, .T. ) ;
#1675 = AXIS2_PLACEMENT_3D ( 'NONE', #1131, #1892, #2328 ) ;
#1676 = ORIENTED_EDGE ( 'NONE', *, *, #1992, .F. ) ;
#1677 = CIRCLE ( 'NONE', #1293, 1.314988271469590186 ) ;
#1678 = DIRECTION ( 'NONE',  ( 0.000000000000000000, 0.000000000000000000, -1.000000000000000000 ) ) ;
#1679 = SPHERICAL_SURFACE ( 'NONE', #790, 1.314988271469590186 ) ;
#1680 = CARTESIAN_POINT ( 'NONE',  ( -1.659656938655315050, -6.733492891570289629, 9.876762071816181055E-16 ) ) ;
#1681 = FACE_OUTER_BOUND ( 'NONE', #1516, .T. ) ;
#1682 = EDGE_CURVE ( 'NONE', #348, #2409, #1362, .T. ) ;
#1683 = ORIENTED_EDGE ( 'NONE', *, *, #407, .F. ) ;
#1684 = CARTESIAN_POINT ( 'NONE',  ( 0.000000000000000000, 0.000000000000000000, -2.500000000000000000 ) ) ;
#1685 = LINE ( 'NONE', #1476, #2174 ) ;
#1686 = ORIENTED_EDGE ( 'NONE', *, *, #1713, .F. ) ;
#1687 = ADVANCED_FACE ( 'NONE', ( #1504 ), #1695, .T. ) ;
#1688 = DIRECTION ( 'NONE',  ( -0.2393156642875653994, -0.9709418174260502354, 0.000000000000000000 ) ) ;
#1689 =( LENGTH_UNIT ( ) NAMED_UNIT ( * ) SI_UNIT ( .MILLI., .METRE. ) );
#1690 = CARTESIAN_POINT ( 'NONE',  ( -7.898351648351649601, 9.672691064694068703E-16, 0.1172161172161182013 ) ) ;
#1691 = CARTESIAN_POINT ( 'NONE',  ( 0.000000000000000000, 0.000000000000000000, -2.250000000000000000 ) ) ;
#1692 = LINE ( 'NONE', #32, #131 ) ;
#1693 = ORIENTED_EDGE ( 'NONE', *, *, #727, .F. ) ;
#1694 =( NAMED_UNIT ( * ) SI_UNIT ( $, .STERADIAN. ) SOLID_ANGLE_UNIT ( ) );
#1695 = SPHERICAL_SURFACE ( 'NONE', #1708, 1.314988271469590186 ) ;
#1696 = ADVANCED_FACE ( 'NONE', ( #2281 ), #1108, .T. ) ;
#1697 = AXIS2_PLACEMENT_3D ( 'NONE', #58, #653, #2539 ) ;
#1698 = ORIENTED_EDGE ( 'NONE', *, *, #691, .T. ) ;
#1699 = CARTESIAN_POINT ( 'NONE',  ( -7.546703296703309860, 9.242046036422477822E-16, 2.500000000000000000 ) ) ;
#1700 = CARTESIAN_POINT ( 'NONE',  ( 1.974354230372300067, -8.010269993764939755, 8.266365894244630389E-16 ) ) ;
#1701 = AXIS2_PLACEMENT_3D ( 'NONE', #698, #1137, #883 ) ;
#1702 = CARTESIAN_POINT ( 'NONE',  ( -7.713884002154699715, -2.925490318100844700, 8.266365894244630389E-16 ) ) ;
#1703 = DIRECTION ( 'NONE',  ( 0.000000000000000000, 0.000000000000000000, 1.000000000000000000 ) ) ;
#1704 = CARTESIAN_POINT ( 'NONE',  ( 0.000000000000000000, 0.000000000000000000, 2.250000000000000000 ) ) ;
#1705 = EDGE_LOOP ( 'NONE', ( #1134, #170, #2258, #337 ) ) ;
#1706 = FILL_AREA_STYLE_COLOUR ( '', #1321 ) ;
#1707 = AXIS2_PLACEMENT_3D ( 'NONE', #70, #899, #1726 ) ;
#1708 = AXIS2_PLACEMENT_3D ( 'NONE', #1896, #2324, #244 ) ;
#1709 = CARTESIAN_POINT ( 'NONE',  ( 7.546703296703309860, 0.000000000000000000, 1.314988271469590186 ) ) ;
#1710 = STYLED_ITEM ( 'NONE', ( #1670 ), #1980 ) ;
#1711 = ORIENTED_EDGE ( 'NONE', *, *, #2485, .F. ) ;
#1712 = DIRECTION ( 'NONE',  ( 0.7485107481710950861, -0.6631226582408019654, 0.000000000000000000 ) ) ;
#1713 = EDGE_CURVE ( 'NONE', #2312, #256, #493, .T. ) ;
#1714 = AXIS2_PLACEMENT_3D ( 'NONE', #2676, #415, #1648 ) ;
#1715 = DIRECTION ( 'NONE',  ( 1.000000000000000000, 0.000000000000000000, 0.000000000000000000 ) ) ;
#1716 = ADVANCED_FACE ( 'NONE', ( #452 ), #1081, .T. ) ;
#1717 = AXIS2_PLACEMENT_3D ( 'NONE', #2203, #341, #924 ) ;
#1718 = DIRECTION ( 'NONE',  ( 0.000000000000000000, 0.000000000000000000, -1.000000000000000000 ) ) ;
#1719 = ADVANCED_FACE ( 'NONE', ( #255 ), #57, .T. ) ;
#1720 = AXIS2_PLACEMENT_3D ( 'NONE', #440, #1273, #859 ) ;
#1721 = DIRECTION ( 'NONE',  ( 1.000000000000000000, 0.000000000000000000, 0.000000000000000000 ) ) ;
#1722 = ORIENTED_EDGE ( 'NONE', *, *, #1319, .T. ) ;
#1723 = FILL_AREA_STYLE ('',( #265 ) ) ;
#1724 = ORIENTED_EDGE ( 'NONE', *, *, #129, .T. ) ;
#1725 = LINE ( 'NONE', #2568, #577 ) ;
#1726 = DIRECTION ( 'NONE',  ( -0.9350162426854180531, -0.3546048870425270727, 0.000000000000000000 ) ) ;
#1727 = DIRECTION ( 'NONE',  ( 1.000000000000000000, 0.000000000000000000, 0.000000000000000000 ) ) ;
#1728 = ADVANCED_FACE ( 'NONE', ( #1932 ), #2122, .T. ) ;
#1729 = DIRECTION ( 'NONE',  ( 1.000000000000000000, 0.000000000000000000, 0.000000000000000000 ) ) ;
#1730 = VERTEX_POINT ( 'NONE', #1709 ) ;
#1731 =( NAMED_UNIT ( * ) SI_UNIT ( $, .STERADIAN. ) SOLID_ANGLE_UNIT ( ) );
#1732 = DIRECTION ( 'NONE',  ( 1.000000000000000000, 0.000000000000000000, 0.000000000000000000 ) ) ;
#1733 = AXIS2_PLACEMENT_3D ( 'NONE', #281, #2109, #695 ) ;
#1734 = EDGE_LOOP ( 'NONE', ( #333, #2617, #1066, #2017 ) ) ;
#1735 = CARTESIAN_POINT ( 'NONE',  ( 0.000000000000000000, 0.000000000000000000, -2.500000000000000000 ) ) ;
#1736 = CARTESIAN_POINT ( 'NONE',  ( 8.953296703296699022, 0.000000000000000000, -2.375000000000000000 ) ) ;
#1737 = AXIS2_PLACEMENT_3D ( 'NONE', #216, #2238, #1006 ) ;
#1738 = DIRECTION ( 'NONE',  ( 1.000000000000000000, 0.000000000000000000, 0.000000000000000000 ) ) ;
#1739 = CARTESIAN_POINT ( 'NONE',  ( -6.789616893622610228, 4.686534160532120907, 8.266365894244630389E-16 ) ) ;
#1740 = EDGE_CURVE ( 'NONE', #361, #834, #2602, .T. ) ;
#1741 = VERTEX_POINT ( 'NONE', #545 ) ;
#1742 = AXIS2_PLACEMENT_3D ( 'NONE', #1570, #2615, #2390 ) ;
#1743 = CARTESIAN_POINT ( 'NONE',  ( 3.833966169361100018, 7.305012211638979736, 8.266365894244630389E-16 ) ) ;
#1744 = EDGE_CURVE ( 'NONE', #1198, #245, #1381, .T. ) ;
#1745 = MECHANICAL_DESIGN_GEOMETRIC_PRESENTATION_REPRESENTATION (  '', ( #135 ), #716 ) ;
#1746 = CARTESIAN_POINT ( 'NONE',  ( 11.50000000000000000, 0.000000000000000000, 2.500000000000000000 ) ) ;
#1747 = ORIENTED_EDGE ( 'NONE', *, *, #1207, .F. ) ;
#1748 = DIRECTION ( 'NONE',  ( -0.2393156642875654272, -0.9709418174260502354, 0.000000000000000000 ) ) ;
#1749 = DIRECTION ( 'NONE',  ( 0.2393156642875517714, -0.9709418174260535661, 0.000000000000000000 ) ) ;
#1750 = CIRCLE ( 'NONE', #1065, 8.953296703296699022 ) ;
#1751 = CIRCLE ( 'NONE', #1920, 8.953296703296699022 ) ;
#1752 = CARTESIAN_POINT ( 'NONE',  ( -6.000000000000000000, 0.000000000000000000, 2.250000000000000000 ) ) ;
#1753 = PRESENTATION_LAYER_ASSIGNMENT (  '', '', ( #2608 ) ) ;
#1754 = DIRECTION ( 'NONE',  ( -0.9927088740980527515, 0.1205366802553335948, 0.000000000000000000 ) ) ;
#1755 = AXIS2_PLACEMENT_3D ( 'NONE', #2381, #1361, #2180 ) ;
#1756 = ORIENTED_EDGE ( 'NONE', *, *, #2225, .F. ) ;
#1757 = EDGE_CURVE ( 'NONE', #576, #1052, #1751, .T. ) ;
#1758 = DIRECTION ( 'NONE',  ( 0.000000000000000000, 0.000000000000000000, -1.000000000000000000 ) ) ;
#1759 = EDGE_CURVE ( 'NONE', #1951, #521, #520, .T. ) ;
#1760 = ORIENTED_EDGE ( 'NONE', *, *, #2091, .T. ) ;
#1761 = DIRECTION ( 'NONE',  ( 0.000000000000000000, 0.000000000000000000, -1.000000000000000000 ) ) ;
#1762 = DIRECTION ( 'NONE',  ( 0.000000000000000000, 0.000000000000000000, 1.000000000000000000 ) ) ;
#1763 = EDGE_CURVE ( 'NONE', #116, #2574, #2009, .T. ) ;
#1764 = ORIENTED_EDGE ( 'NONE', *, *, #602, .T. ) ;
#1765 = DIRECTION ( 'NONE',  ( 0.000000000000000000, 0.000000000000000000, 1.000000000000000000 ) ) ;
#1766 = FACE_OUTER_BOUND ( 'NONE', #410, .T. ) ;
#1767 = VERTEX_POINT ( 'NONE', #322 ) ;
#1768 = EDGE_LOOP ( 'NONE', ( #1179, #939 ) ) ;
#1769 = DIRECTION ( 'NONE',  ( -0.9350162426854180531, -0.3546048870425270727, 0.000000000000000000 ) ) ;
#1770 = VERTEX_POINT ( 'NONE', #1746 ) ;
#1771 = SPHERICAL_SURFACE ( 'NONE', #2384, 1.314988271469590186 ) ;
#1772 = EDGE_CURVE ( 'NONE', #454, #1477, #933, .T. ) ;
#1773 = CARTESIAN_POINT ( 'NONE',  ( -10.25000000000000000, 0.000000000000000000, -2.500000000000000000 ) ) ;
#1774 = CLOSED_SHELL ( 'NONE', ( #749, #444, #264, #1588, #1370, #678 ) ) ;
#1775 = EDGE_LOOP ( 'NONE', ( #178, #2219, #2652, #1653 ) ) ;
#1776 = LINE ( 'NONE', #554, #1888 ) ;
#1777 = CIRCLE ( 'NONE', #1051, 10.50000000000000000 ) ;
#1778 = VECTOR ( 'NONE', #1103, 1000.000000000000000 ) ;
#1779 = DIRECTION ( 'NONE',  ( 1.000000000000000000, 0.000000000000000000, 0.000000000000000000 ) ) ;
#1780 = ORIENTED_EDGE ( 'NONE', *, *, #675, .T. ) ;
#1781 = VERTEX_POINT ( 'NONE', #1335 ) ;
#1782 = COLOUR_RGB ( '',0.7921568627450980005, 0.8196078431372548767, 0.9333333333333333481 ) ;
#1783 = DIRECTION ( 'NONE',  ( 0.000000000000000000, 0.000000000000000000, 1.000000000000000000 ) ) ;
#1784 = DIRECTION ( 'NONE',  ( 0.000000000000000000, 0.000000000000000000, -1.000000000000000000 ) ) ;
#1785 = CIRCLE ( 'NONE', #1062, 1.314988271469589742 ) ;
#1786 = ORIENTED_EDGE ( 'NONE', *, *, #2537, .F. ) ;
#1787 = ADVANCED_FACE ( 'NONE', ( #336 ), #2576, .T. ) ;
#1788 = CARTESIAN_POINT ( 'NONE',  ( -8.943419394919590815, -3.391791585567565104, 8.266365894244630389E-16 ) ) ;
#1789 = AXIS2_PLACEMENT_3D ( 'NONE', #2223, #214, #2446 ) ;
#1790 = CIRCLE ( 'NONE', #2218, 8.601648351648348623 ) ;
#1791 =( NAMED_UNIT ( * ) SI_UNIT ( $, .STERADIAN. ) SOLID_ANGLE_UNIT ( ) );
#1792 = ORIENTED_EDGE ( 'NONE', *, *, #1297, .T. ) ;
#1793 = AXIS2_PLACEMENT_3D ( 'NONE', #1857, #2631, #2257 ) ;
#1794 = ADVANCED_FACE ( 'NONE', ( #2601 ), #888, .F. ) ;
#1795 = CIRCLE ( 'NONE', #369, 1.314988271469589520 ) ;
#1796 = VERTEX_POINT ( 'NONE', #2186 ) ;
#1797 = DIRECTION ( 'NONE',  ( 1.000000000000000000, 0.000000000000000000, 0.000000000000000000 ) ) ;
#1798 = ORIENTED_EDGE ( 'NONE', *, *, #1319, .F. ) ;
#1799 = LINE ( 'NONE', #587, #1279 ) ;
#1800 = CARTESIAN_POINT ( 'NONE',  ( 0.000000000000000000, 0.000000000000000000, -2.250000000000000000 ) ) ;
#1801 = EDGE_LOOP ( 'NONE', ( #2184, #2283, #823, #2193 ) ) ;
#1802 = ORIENTED_EDGE ( 'NONE', *, *, #1170, .F. ) ;
#1803 = EDGE_CURVE ( 'NONE', #1767, #2578, #1790, .T. ) ;
#1804 = CARTESIAN_POINT ( 'NONE',  ( 8.189848211308948578, 0.9944276121063889695, 8.266365894244630389E-16 ) ) ;
#1805 = CARTESIAN_POINT ( 'NONE',  ( -9.495248737731660782, 1.152931932924147862, 8.266365894244630389E-16 ) ) ;
#1806 = DIRECTION ( 'NONE',  ( -1.000000000000000000, 0.000000000000000000, 0.000000000000000000 ) ) ;
#1807 = DIRECTION ( 'NONE',  ( 1.000000000000000000, 0.000000000000000000, 0.000000000000000000 ) ) ;
#1808 = EDGE_LOOP ( 'NONE', ( #1382, #784 ) ) ;
#1809 = DIRECTION ( 'NONE',  ( 0.000000000000000000, 0.000000000000000000, -1.000000000000000000 ) ) ;
#1810 = PRESENTATION_STYLE_ASSIGNMENT (( #766 ) ) ;
#1811 = PRESENTATION_LAYER_ASSIGNMENT (  '', '', ( #2287 ) ) ;
#1812 = DIRECTION ( 'NONE',  ( -0.4647231720437570157, 0.8854560256532159057, 0.000000000000000000 ) ) ;
#1813 = ORIENTED_EDGE ( 'NONE', *, *, #800, .F. ) ;
#1814 = AXIS2_PLACEMENT_3D ( 'NONE', #1352, #2169, #2226 ) ;
#1815 = CARTESIAN_POINT ( 'NONE',  ( 0.000000000000000000, 8.250000000000000000, 8.266365894244630389E-16 ) ) ;
#1816 = ADVANCED_FACE ( 'NONE', ( #1582, #723 ), #2147, .F. ) ;
#1817 = ORIENTED_EDGE ( 'NONE', *, *, #1938, .T. ) ;
#1818 = DIRECTION ( 'NONE',  ( 0.000000000000000000, -1.000000000000000000, -1.189060788869130317E-16 ) ) ;
#1819 = DIRECTION ( 'NONE',  ( -1.007864557116571879E-16, 6.956786737927740234E-17, 1.000000000000000000 ) ) ;
#1820 =( NAMED_UNIT ( * ) PLANE_ANGLE_UNIT ( ) SI_UNIT ( $, .RADIAN. ) );
#1821 = CARTESIAN_POINT ( 'NONE',  ( 0.000000000000000000, 0.000000000000000000, -1.314988271469587966 ) ) ;
#1822 = STYLED_ITEM ( 'NONE', ( #1641 ), #1028 ) ;
#1823 = ORIENTED_EDGE ( 'NONE', *, *, #2520, .T. ) ;
#1824 = CARTESIAN_POINT ( 'NONE',  ( -2.289051522089519786, -9.287047095959540144, 8.266365894244630389E-16 ) ) ;
#1825 = AXIS2_PLACEMENT_3D ( 'NONE', #30, #1327, #676 ) ;
#1826 = CIRCLE ( 'NONE', #717, 1.314988271469587966 ) ;
#1827 = DIRECTION ( 'NONE',  ( 0.000000000000000000, 1.000000000000000000, 0.000000000000000000 ) ) ;
#1828 = EDGE_LOOP ( 'NONE', ( #2504, #1372 ) ) ;
#1829 = DIRECTION ( 'NONE',  ( 0.9709418174260502354, -0.2393156642875654272, 0.000000000000000000 ) ) ;
#1830 = EDGE_LOOP ( 'NONE', ( #733, #741 ) ) ;
#1831 = SPHERICAL_SURFACE ( 'NONE', #2474, 1.314988271469590186 ) ;
#1832 = SURFACE_SIDE_STYLE ('',( #1433 ) ) ;
#1833 = CARTESIAN_POINT ( 'NONE',  ( 8.189848211308948578, 0.9944276121063889695, 8.266365894244630389E-16 ) ) ;
#1834 = SURFACE_STYLE_FILL_AREA ( #1436 ) ;
#1835 = UNCERTAINTY_MEASURE_WITH_UNIT (LENGTH_MEASURE( 1.000000000000000082E-05 ), #1524, 'distance_accuracy_value', 'NONE');
#1836 = AXIS2_PLACEMENT_3D ( 'NONE', #1039, #2671, #1597 ) ;
#1837 = CARTESIAN_POINT ( 'NONE',  ( 7.546703296703309860, 0.000000000000000000, -1.111111111111109828 ) ) ;
#1838 = ADVANCED_FACE ( 'NONE', ( #2196 ), #1942, .T. ) ;
#1839 = EDGE_LOOP ( 'NONE', ( #311, #2392, #988, #1394 ) ) ;
#1840 = CYLINDRICAL_SURFACE ( 'NONE', #2083, 7.546703296703309860 ) ;
#1841 = DIRECTION ( 'NONE',  ( -0.1205366802553335670, -0.9927088740980527515, 0.000000000000000000 ) ) ;
#1842 = FACE_OUTER_BOUND ( 'NONE', #634, .T. ) ;
#1843 = ADVANCED_FACE ( 'NONE', ( #917 ), #1153, .F. ) ;
#1844 = DIRECTION ( 'NONE',  ( 0.000000000000000000, 0.000000000000000000, -1.000000000000000000 ) ) ;
#1845 = EDGE_LOOP ( 'NONE', ( #1127, #2037 ) ) ;
#1846 = DIRECTION ( 'NONE',  ( 0.6631226582407910852, -0.7485107481711047450, 0.000000000000000000 ) ) ;
#1847 = EDGE_LOOP ( 'NONE', ( #1187, #1612 ) ) ;
#1848 = DIRECTION ( 'NONE',  ( 1.000000000000000000, 0.000000000000000000, 0.000000000000000000 ) ) ;
#1849 = FACE_OUTER_BOUND ( 'NONE', #2677, .T. ) ;
#1850 = CYLINDRICAL_SURFACE ( 'NONE', #1611, 8.953296703296699022 ) ;
#1851 = DIRECTION ( 'NONE',  ( 0.000000000000000000, 0.000000000000000000, 1.000000000000000000 ) ) ;
#1852 = VERTEX_POINT ( 'NONE', #1542 ) ;
#1853 = DIRECTION ( 'NONE',  ( -0.9927088740980527515, 0.1205366802553335948, 0.000000000000000000 ) ) ;
#1854 = ADVANCED_FACE ( 'NONE', ( #1143 ), #1971, .T. ) ;
#1855 = CARTESIAN_POINT ( 'NONE',  ( 6.789616893622680394, 4.686534160532019655, 8.266365894244630389E-16 ) ) ;
#1856 = EDGE_CURVE ( 'NONE', #773, #1796, #2528, .T. ) ;
#1857 = CARTESIAN_POINT ( 'NONE',  ( 0.000000000000000000, 0.000000000000000000, 1.150000000000024114 ) ) ;
#1858 = VERTEX_POINT ( 'NONE', #1371 ) ;
#1859 = CARTESIAN_POINT ( 'NONE',  ( -7.546703296703309860, 9.242046036422477822E-16, 1.314988271469590186 ) ) ;
#1860 = ORIENTED_EDGE ( 'NONE', *, *, #17, .F. ) ;
#1861 = DIRECTION ( 'NONE',  ( -0.1205366802553335948, -0.9927088740980527515, 0.000000000000000000 ) ) ;
#1862 = CIRCLE ( 'NONE', #2335, 1.314988271469587966 ) ;
#1863 = DIRECTION ( 'NONE',  ( 0.000000000000000000, 0.000000000000000000, -1.000000000000000000 ) ) ;
#1864 = ADVANCED_BREP_SHAPE_REPRESENTATION ( 'ASV1_400_21X_1_1.STEP', ( #1980, #1099, #200, #169, #1070, #1124, #194, #1102, #1074, #1086, #1968, #1115, #1999, #165, #1028, #1916, #159, #1080, #936 ), #1631 ) ;
#1865 = CIRCLE ( 'NONE', #1697, 8.953296703296699022 ) ;
#1866 = EDGE_LOOP ( 'NONE', ( #1802, #1438 ) ) ;
#1867 = FACE_OUTER_BOUND ( 'NONE', #352, .T. ) ;
#1868 = CARTESIAN_POINT ( 'NONE',  ( 3.222860648643400161, 6.140647923002930497, 9.876762071816181055E-16 ) ) ;
#1869 = EDGE_LOOP ( 'NONE', ( #2233, #402, #1683, #1183 ) ) ;
#1870 = CARTESIAN_POINT ( 'NONE',  ( 7.713884002154659747, -2.925490318100949949, 8.266365894244630389E-16 ) ) ;
#1871 = CARTESIAN_POINT ( 'NONE',  ( 8.601648351648348623, 0.000000000000000000, 0.1172161172161182013 ) ) ;
#1872 = CARTESIAN_POINT ( 'NONE',  ( 3.833966169361100018, 7.305012211638979736, 8.266365894244630389E-16 ) ) ;
#1873 = AXIS2_PLACEMENT_3D ( 'NONE', #1959, #746, #1806 ) ;
#1874 = EDGE_CURVE ( 'NONE', #1047, #2191, #1534, .T. ) ;
#1875 = CARTESIAN_POINT ( 'NONE',  ( 0.000000000000000000, 0.000000000000000000, 1.399999999999999911 ) ) ;
#1876 =( GEOMETRIC_REPRESENTATION_CONTEXT ( 3 ) GLOBAL_UNCERTAINTY_ASSIGNED_CONTEXT ( ( #1358 ) ) GLOBAL_UNIT_ASSIGNED_CONTEXT ( ( #1205, #2436, #1791 ) ) REPRESENTATION_CONTEXT ( 'NONE', 'WORKASPACE' ) );
#1877 = CARTESIAN_POINT ( 'NONE',  ( 10.50000000000000000, 0.000000000000000000, -2.250000000000000000 ) ) ;
#1878 = ORIENTED_EDGE ( 'NONE', *, *, #996, .F. ) ;
#1879 = CONICAL_SURFACE ( 'NONE', #1490, 10.75000000000000000, 0.7853981633974320697 ) ;
#1880 = FILL_AREA_STYLE_COLOUR ( '', #190 ) ;
#1881 = EDGE_CURVE ( 'NONE', #245, #1730, #2606, .T. ) ;
#1882 = AXIS2_PLACEMENT_3D ( 'NONE', #2249, #2208, #1848 ) ;
#1883 = CYLINDRICAL_SURFACE ( 'NONE', #1733, 7.546703296703309860 ) ;
#1884 = SURFACE_STYLE_USAGE ( .BOTH. , #2445 ) ;
#1885 = CARTESIAN_POINT ( 'NONE',  ( -6.342760448618999902, -7.159496527325459603, 8.266365894244630389E-16 ) ) ;
#1886 = CIRCLE ( 'NONE', #145, 1.314988271469589076 ) ;
#1887 = VERTEX_POINT ( 'NONE', #2041 ) ;
#1888 = VECTOR ( 'NONE', #1572, 1000.000000000000000 ) ;
#1889 = CARTESIAN_POINT ( 'NONE',  ( 0.000000000000000000, 0.000000000000000000, -2.500000000000000000 ) ) ;
#1890 = DIRECTION ( 'NONE',  ( -1.000000000000000000, 0.000000000000000000, 0.000000000000000000 ) ) ;
#1891 = CARTESIAN_POINT ( 'NONE',  ( 0.000000000000000000, 0.000000000000000000, -0.1172161172161163972 ) ) ;
#1892 = DIRECTION ( 'NONE',  ( 0.000000000000000000, 0.000000000000000000, 1.000000000000000000 ) ) ;
#1893 = ORIENTED_EDGE ( 'NONE', *, *, #2318, .F. ) ;
#1894 = CARTESIAN_POINT ( 'NONE',  ( 4.445071690078805204, 8.469376500275030750, 8.266365894244630389E-16 ) ) ;
#1895 = CARTESIAN_POINT ( 'NONE',  ( 0.000000000000000000, 11.50000000000000000, 1.399999999999999911 ) ) ;
#1896 = CARTESIAN_POINT ( 'NONE',  ( 0.000000000000000000, 8.250000000000000000, 8.266365894244630389E-16 ) ) ;
#1897 = ORIENTED_EDGE ( 'NONE', *, *, #691, .F. ) ;
#1898 = FACE_OUTER_BOUND ( 'NONE', #1808, .T. ) ;
#1899 = CARTESIAN_POINT ( 'NONE',  ( 0.000000000000000000, 0.000000000000000000, -2.500000000000000000 ) ) ;
#1900 = DIRECTION ( 'NONE',  ( 0.000000000000000000, 0.000000000000000000, -1.000000000000000000 ) ) ;
#1901 = EDGE_LOOP ( 'NONE', ( #764, #1246, #2666, #205 ) ) ;
#1902 = AXIS2_PLACEMENT_3D ( 'NONE', #508, #467, #1307 ) ;
#1903 = ADVANCED_FACE ( 'NONE', ( #983 ), #1116, .F. ) ;
#1904 = DIRECTION ( 'NONE',  ( 0.000000000000000000, 0.000000000000000000, 1.000000000000000000 ) ) ;
#1905 = COLOUR_RGB ( '',0.7921568627450980005, 0.8196078431372548767, 0.9333333333333333481 ) ;
#1906 = DIRECTION ( 'NONE',  ( 0.000000000000000000, 0.000000000000000000, -1.000000000000000000 ) ) ;
#1907 = AXIS2_PLACEMENT_3D ( 'NONE', #1295, #45, #902 ) ;
#1908 = ORIENTED_EDGE ( 'NONE', *, *, #1573, .T. ) ;
#1909 = DIRECTION ( 'NONE',  ( 0.000000000000000000, 0.000000000000000000, 1.000000000000000000 ) ) ;
#1910 = DIRECTION ( 'NONE',  ( 0.000000000000000000, 0.000000000000000000, -1.000000000000000000 ) ) ;
#1911 = DIRECTION ( 'NONE',  ( 0.000000000000000000, 0.000000000000000000, 1.000000000000000000 ) ) ;
#1912 = CARTESIAN_POINT ( 'NONE',  ( 0.000000000000000000, 0.000000000000000000, 1.399999999999999911 ) ) ;
#1913 = CARTESIAN_POINT ( 'NONE',  ( 0.000000000000000000, 0.000000000000000000, -2.250000000000000000 ) ) ;
#1914 = ORIENTED_EDGE ( 'NONE', *, *, #2228, .F. ) ;
#1915 = MECHANICAL_DESIGN_GEOMETRIC_PRESENTATION_REPRESENTATION (  '', ( #2093 ), #182 ) ;
#1916 = MANIFOLD_SOLID_BREP ( 'NONE', #85 ) ;
#1917 = CARTESIAN_POINT ( 'NONE',  ( -6.250000000000000000, 7.654042494670939857E-16, -2.500000000000000000 ) ) ;
#1918 = AXIS2_PLACEMENT_3D ( 'NONE', #1396, #1762, #1174 ) ;
#1919 = DIRECTION ( 'NONE',  ( -1.000000000000000000, 0.000000000000000000, 0.000000000000000000 ) ) ;
#1920 = AXIS2_PLACEMENT_3D ( 'NONE', #1169, #2388, #1182 ) ;
#1921 = ORIENTED_EDGE ( 'NONE', *, *, #900, .T. ) ;
#1922 = CARTESIAN_POINT ( 'NONE',  ( 3.833966169361100018, 7.305012211638979736, 8.266365894244630389E-16 ) ) ;
#1923 = AXIS2_PLACEMENT_3D ( 'NONE', #249, #1498, #1278 ) ;
#1924 = EDGE_CURVE ( 'NONE', #2574, #116, #2177, .T. ) ;
#1925 = SPHERICAL_SURFACE ( 'NONE', #1707, 1.314988271469590186 ) ;
#1926 = AXIS2_PLACEMENT_3D ( 'NONE', #1261, #803, #146 ) ;
#1927 = CARTESIAN_POINT ( 'NONE',  ( -6.484348609389810392, -2.459189050634125184, 9.876762071816181055E-16 ) ) ;
#1928 = EDGE_CURVE ( 'NONE', #853, #392, #279, .T. ) ;
#1929 = CYLINDRICAL_SURFACE ( 'NONE', #1993, 6.000000000000000000 ) ;
#1930 = VERTEX_POINT ( 'NONE', #999 ) ;
#1931 = DIRECTION ( 'NONE',  ( 0.000000000000000000, 0.000000000000000000, 1.000000000000000000 ) ) ;
#1932 = FACE_OUTER_BOUND ( 'NONE', #2067, .T. ) ;
#1933 = EDGE_LOOP ( 'NONE', ( #1756, #108 ) ) ;
#1934 = DIRECTION ( 'NONE',  ( 0.000000000000000000, 0.000000000000000000, -1.000000000000000000 ) ) ;
#1935 = CARTESIAN_POINT ( 'NONE',  ( 0.000000000000000000, 0.000000000000000000, 2.500000000000000000 ) ) ;
#1936 = EDGE_CURVE ( 'NONE', #1259, #1325, #2308, .T. ) ;
#1937 = CARTESIAN_POINT ( 'NONE',  ( -3.833966169361000098, 7.305012211639029474, 8.266365894244630389E-16 ) ) ;
#1938 = EDGE_CURVE ( 'NONE', #1571, #1994, #2482, .T. ) ;
#1939 = CARTESIAN_POINT ( 'NONE',  ( -8.953296703296699022, 1.096462614950885909E-15, 1.314988271469590186 ) ) ;
#1940 = ORIENTED_EDGE ( 'NONE', *, *, #2659, .T. ) ;
#1941 =( NAMED_UNIT ( * ) PLANE_ANGLE_UNIT ( ) SI_UNIT ( $, .RADIAN. ) );
#1942 = SPHERICAL_SURFACE ( 'NONE', #236, 1.314988271469590186 ) ;
#1943 = CIRCLE ( 'NONE', #2587, 11.50000000000000000 ) ;
#1944 = ORIENTED_EDGE ( 'NONE', *, *, #50, .T. ) ;
#1945 = DIRECTION ( 'NONE',  ( -0.8854560256532089113, 0.4647231720437703384, 0.000000000000000000 ) ) ;
#1946 = UNCERTAINTY_MEASURE_WITH_UNIT (LENGTH_MEASURE( 1.000000000000000082E-05 ), #1284, 'distance_accuracy_value', 'NONE');
#1947 = CIRCLE ( 'NONE', #2466, 1.314988271469590186 ) ;
#1948 = SPHERICAL_SURFACE ( 'NONE', #594, 1.314988271469590186 ) ;
#1949 = EDGE_CURVE ( 'NONE', #1259, #1325, #1405, .T. ) ;
#1950 = FACE_OUTER_BOUND ( 'NONE', #535, .T. ) ;
#1951 = VERTEX_POINT ( 'NONE', #1015 ) ;
#1952 = EDGE_CURVE ( 'NONE', #529, #1643, #1017, .T. ) ;
#1953 = MECHANICAL_DESIGN_GEOMETRIC_PRESENTATION_REPRESENTATION (  '', ( #404 ), #1876 ) ;
#1954 = EDGE_CURVE ( 'NONE', #256, #116, #822, .T. ) ;
#1955 = DIRECTION ( 'NONE',  ( 0.3546048870425270727, -0.9350162426854180531, 0.000000000000000000 ) ) ;
#1956 = AXIS2_PLACEMENT_3D ( 'NONE', #938, #948, #1548 ) ;
#1957 = EDGE_LOOP ( 'NONE', ( #1018, #2389 ) ) ;
#1958 = EDGE_CURVE ( 'NONE', #2578, #626, #2234, .T. ) ;
#1959 = CARTESIAN_POINT ( 'NONE',  ( 0.000000000000000000, 0.000000000000000000, -2.250000000000000000 ) ) ;
#1960 = FACE_OUTER_BOUND ( 'NONE', #683, .T. ) ;
#1961 = VECTOR ( 'NONE', #1906, 1000.000000000000000 ) ;
#1962 = ORIENTED_EDGE ( 'NONE', *, *, #1958, .T. ) ;
#1963 = AXIS2_PLACEMENT_3D ( 'NONE', #2442, #1863, #359 ) ;
#1964 = CARTESIAN_POINT ( 'NONE',  ( 6.789616893622680394, 4.686534160532019655, 8.266365894244630389E-16 ) ) ;
#1965 = AXIS2_PLACEMENT_3D ( 'NONE', #1302, #2547, #1316 ) ;
#1966 = SPHERICAL_SURFACE ( 'NONE', #1814, 1.314988271469590186 ) ;
#1967 = EDGE_LOOP ( 'NONE', ( #224, #2202 ) ) ;
#1968 = MANIFOLD_SOLID_BREP ( 'NONE', #2080 ) ;
#1969 = EDGE_CURVE ( 'NONE', #834, #361, #799, .T. ) ;
#1970 = EDGE_LOOP ( 'NONE', ( #2532, #2027, #2062, #745 ) ) ;
#1971 = SPHERICAL_SURFACE ( 'NONE', #462, 1.314988271469590186 ) ;
#1972 = ORIENTED_EDGE ( 'NONE', *, *, #2136, .T. ) ;
#1973 = CARTESIAN_POINT ( 'NONE',  ( 0.000000000000000000, 0.000000000000000000, 1.649999999999999911 ) ) ;
#1974 = UNCERTAINTY_MEASURE_WITH_UNIT (LENGTH_MEASURE( 1.000000000000000082E-05 ), #955, 'distance_accuracy_value', 'NONE');
#1975 = SPHERICAL_SURFACE ( 'NONE', #755, 1.314988271469590186 ) ;
#1976 = EDGE_LOOP ( 'NONE', ( #2374, #1458 ) ) ;
#1977 = DIRECTION ( 'NONE',  ( 0.000000000000000000, 0.000000000000000000, 1.000000000000000000 ) ) ;
#1978 = SPHERICAL_SURFACE ( 'NONE', #488, 1.314988271469590186 ) ;
#1979 = ORIENTED_EDGE ( 'NONE', *, *, #1139, .F. ) ;
#1980 = MANIFOLD_SOLID_BREP ( 'NONE', #868 ) ;
#1981 = ORIENTED_EDGE ( 'NONE', *, *, #768, .F. ) ;
#1982 = CARTESIAN_POINT ( 'NONE',  ( 11.50000000000000000, 0.000000000000000000, -2.500000000000000000 ) ) ;
#1983 = DIRECTION ( 'NONE',  ( 0.000000000000000000, 0.000000000000000000, -1.000000000000000000 ) ) ;
#1984 = ADVANCED_FACE ( 'NONE', ( #253 ), #2498, .T. ) ;
#1985 = ORIENTED_EDGE ( 'NONE', *, *, #2197, .F. ) ;
#1986 = CYLINDRICAL_SURFACE ( 'NONE', #15, 7.546703296703309860 ) ;
#1987 = EDGE_CURVE ( 'NONE', #563, #1217, #1118, .T. ) ;
#1988 = EDGE_LOOP ( 'NONE', ( #744, #725 ) ) ;
#1989 = DIRECTION ( 'NONE',  ( 0.000000000000000000, 0.000000000000000000, -1.000000000000000000 ) ) ;
#1990 = VECTOR ( 'NONE', #982, 1000.000000000000000 ) ;
#1991 =( NAMED_UNIT ( * ) SI_UNIT ( $, .STERADIAN. ) SOLID_ANGLE_UNIT ( ) );
#1992 = EDGE_CURVE ( 'NONE', #1887, #1781, #849, .T. ) ;
#1993 = AXIS2_PLACEMENT_3D ( 'NONE', #1468, #1263, #681 ) ;
#1994 = VERTEX_POINT ( 'NONE', #1894 ) ;
#1995 = CIRCLE ( 'NONE', #1701, 6.250000000000000000 ) ;
#1996 = ORIENTED_EDGE ( 'NONE', *, *, #1772, .T. ) ;
#1997 = DIRECTION ( 'NONE',  ( -1.224646799147351975E-16, -1.000000000000000000, 0.000000000000000000 ) ) ;
#1998 = ORIENTED_EDGE ( 'NONE', *, *, #1218, .F. ) ;
#1999 = MANIFOLD_SOLID_BREP ( 'NONE', #2288 ) ;
#2000 = CARTESIAN_POINT ( 'NONE',  ( -10.25000000000000000, 1.255262969126040002E-15, -2.500000000000000000 ) ) ;
#2001 = UNCERTAINTY_MEASURE_WITH_UNIT (LENGTH_MEASURE( 1.000000000000000082E-05 ), #855, 'distance_accuracy_value', 'NONE');
#2002 = CARTESIAN_POINT ( 'NONE',  ( 0.000000000000000000, 0.000000000000000000, 4.336808689942014778E-16 ) ) ;
#2003 = COLOUR_RGB ( '',0.7921568627450980005, 0.8196078431372548767, 0.9333333333333333481 ) ;
#2004 = ORIENTED_EDGE ( 'NONE', *, *, #2470, .T. ) ;
#2005 = FACE_OUTER_BOUND ( 'NONE', #942, .T. ) ;
#2006 = ADVANCED_FACE ( 'NONE', ( #370 ), #1402, .T. ) ;
#2007 = AXIS2_PLACEMENT_3D ( 'NONE', #1149, #2163, #1595 ) ;
#2008 =( NAMED_UNIT ( * ) PLANE_ANGLE_UNIT ( ) SI_UNIT ( $, .RADIAN. ) );
#2009 = CIRCLE ( 'NONE', #1622, 6.250000000000000000 ) ;
#2010 = ORIENTED_EDGE ( 'NONE', *, *, #795, .F. ) ;
#2011 = CIRCLE ( 'NONE', #323, 1.314988271469589964 ) ;
#2012 = AXIS2_PLACEMENT_3D ( 'NONE', #699, #1507, #231 ) ;
#2013 = DIRECTION ( 'NONE',  ( 1.000000000000000000, 0.000000000000000000, 0.000000000000000000 ) ) ;
#2014 = EDGE_LOOP ( 'NONE', ( #426, #2622 ) ) ;
#2015 = DIRECTION ( 'NONE',  ( 0.9709418174260536771, 0.2393156642875514384, -0.000000000000000000 ) ) ;
#2016 = DIRECTION ( 'NONE',  ( -0.1205366802553199390, 0.9927088740980544168, 0.000000000000000000 ) ) ;
#2017 = ORIENTED_EDGE ( 'NONE', *, *, #1856, .F. ) ;
#2018 = DIRECTION ( 'NONE',  ( 0.000000000000000000, 0.000000000000000000, -1.000000000000000000 ) ) ;
#2019 = ADVANCED_FACE ( 'NONE', ( #579 ), #2569, .F. ) ;
#2020 = SURFACE_STYLE_FILL_AREA ( #157 ) ;
#2021 = DIRECTION ( 'NONE',  ( 1.007864557116581987E-16, 6.956786737927599718E-17, 1.000000000000000000 ) ) ;
#2022 = ORIENTED_EDGE ( 'NONE', *, *, #2619, .F. ) ;
#2023 = EDGE_CURVE ( 'NONE', #801, #1446, #2439, .T. ) ;
#2024 = FACE_BOUND ( 'NONE', #2452, .T. ) ;
#2025 = VERTEX_POINT ( 'NONE', #2437 ) ;
#2026 = DIRECTION ( 'NONE',  ( 1.000000000000000000, 0.000000000000000000, 0.000000000000000000 ) ) ;
#2027 = ORIENTED_EDGE ( 'NONE', *, *, #74, .T. ) ;
#2028 = CARTESIAN_POINT ( 'NONE',  ( 6.789616893622680394, 4.686534160532019655, 8.266365894244630389E-16 ) ) ;
#2029 = ORIENTED_EDGE ( 'NONE', *, *, #2036, .T. ) ;
#2030 = CARTESIAN_POINT ( 'NONE',  ( 0.000000000000000000, 0.000000000000000000, -2.500000000000000000 ) ) ;
#2031 = DIRECTION ( 'NONE',  ( 0.7071067811865365815, 0.000000000000000000, -0.7071067811865584529 ) ) ;
#2032 = DIRECTION ( 'NONE',  ( 0.000000000000000000, 0.000000000000000000, -1.000000000000000000 ) ) ;
#2033 = CLOSED_SHELL ( 'NONE', ( #2231, #2006, #347, #561 ) ) ;
#2034 = DIRECTION ( 'NONE',  ( 0.000000000000000000, 0.000000000000000000, 1.000000000000000000 ) ) ;
#2035 = DIRECTION ( 'NONE',  ( 1.000000000000000000, 0.000000000000000000, 0.000000000000000000 ) ) ;
#2036 = EDGE_CURVE ( 'NONE', #2270, #2527, #2011, .T. ) ;
#2037 = ORIENTED_EDGE ( 'NONE', *, *, #570, .T. ) ;
#2038 = CONICAL_SURFACE ( 'NONE', #2246, 10.25000000000000000, 0.7853981633974433940 ) ;
#2039 = AXIS2_PLACEMENT_3D ( 'NONE', #246, #1712, #2139 ) ;
#2040 = VERTEX_POINT ( 'NONE', #383 ) ;
#2041 = CARTESIAN_POINT ( 'NONE',  ( 4.598763412354149871, -5.190930817497680927, 9.876762071816181055E-16 ) ) ;
#2042 = DIRECTION ( 'NONE',  ( -0.7071067811865535679, 0.000000000000000000, 0.7071067811865415775 ) ) ;
#2043 = FACE_OUTER_BOUND ( 'NONE', #2454, .T. ) ;
#2044 = EDGE_CURVE ( 'NONE', #438, #293, #2356, .T. ) ;
#2045 = SPHERICAL_SURFACE ( 'NONE', #360, 1.314988271469590186 ) ;
#2046 = CIRCLE ( 'NONE', #2210, 7.546703296703309860 ) ;
#2047 = EDGE_LOOP ( 'NONE', ( #1596, #1299 ) ) ;
#2048 = CYLINDRICAL_SURFACE ( 'NONE', #2359, 8.953296703296699022 ) ;
#2049 = DIRECTION ( 'NONE',  ( 5.691217451330078876E-17, 1.084370887601939806E-16, 1.000000000000000000 ) ) ;
#2050 = AXIS2_PLACEMENT_3D ( 'NONE', #1290, #1519, #1113 ) ;
#2051 = AXIS2_PLACEMENT_3D ( 'NONE', #2336, #266, #477 ) ;
#2052 = DIRECTION ( 'NONE',  ( 1.000000000000000000, 0.000000000000000000, 0.000000000000000000 ) ) ;
#2053 = EDGE_LOOP ( 'NONE', ( #1764, #968, #2438, #268 ) ) ;
#2054 = PRESENTATION_LAYER_ASSIGNMENT (  '', '', ( #1710 ) ) ;
#2055 = ORIENTED_EDGE ( 'NONE', *, *, #2485, .T. ) ;
#2056 = DIRECTION ( 'NONE',  ( -0.7071067811865410224, 8.659560562354849042E-17, -0.7071067811865540120 ) ) ;
#2057 = AXIS2_PLACEMENT_3D ( 'NONE', #636, #2216, #428 ) ;
#2058 = ADVANCED_FACE ( 'NONE', ( #2423 ), #622, .T. ) ;
#2059 = CARTESIAN_POINT ( 'NONE',  ( 0.000000000000000000, 0.000000000000000000, -1.111111111111109828 ) ) ;
#2060 = PRESENTATION_STYLE_ASSIGNMENT (( #1003 ) ) ;
#2061 = DIRECTION ( 'NONE',  ( 1.000000000000000000, 0.000000000000000000, 0.000000000000000000 ) ) ;
#2062 = ORIENTED_EDGE ( 'NONE', *, *, #2581, .F. ) ;
#2063 = DIRECTION ( 'NONE',  ( 1.000000000000000000, 0.000000000000000000, 0.000000000000000000 ) ) ;
#2064 = FACE_OUTER_BOUND ( 'NONE', #103, .T. ) ;
#2065 = DIRECTION ( 'NONE',  ( 0.000000000000000000, 0.000000000000000000, -1.000000000000000000 ) ) ;
#2066 = CARTESIAN_POINT ( 'NONE',  ( 0.000000000000000000, 0.000000000000000000, 1.314988271469590186 ) ) ;
#2067 = EDGE_LOOP ( 'NONE', ( #882, #2517 ) ) ;
#2068 = DIRECTION ( 'NONE',  ( 1.000000000000000000, 0.000000000000000000, 0.000000000000000000 ) ) ;
#2069 = ORIENTED_EDGE ( 'NONE', *, *, #570, .F. ) ;
#2070 = FILL_AREA_STYLE ('',( #1639 ) ) ;
#2071 = ORIENTED_EDGE ( 'NONE', *, *, #1954, .F. ) ;
#2072 = CARTESIAN_POINT ( 'NONE',  ( -8.189848211308939696, 0.9944276121065038776, 8.266365894244630389E-16 ) ) ;
#2073 = EDGE_CURVE ( 'NONE', #2378, #120, #1245, .T. ) ;
#2074 = DIRECTION ( 'NONE',  ( -0.5680647467311655818, -0.8229838658936495799, 0.000000000000000000 ) ) ;
#2075 = ORIENTED_EDGE ( 'NONE', *, *, #354, .F. ) ;
#2076 = CARTESIAN_POINT ( 'NONE',  ( 0.000000000000000000, 0.000000000000000000, -2.500000000000000000 ) ) ;
#2077 = DIRECTION ( 'NONE',  ( 0.000000000000000000, 0.000000000000000000, -1.000000000000000000 ) ) ;
#2078 = DIRECTION ( 'NONE',  ( -0.5680647467311650267, -0.8229838658936500240, 0.000000000000000000 ) ) ;
#2079 = EDGE_CURVE ( 'NONE', #1162, #971, #2481, .T. ) ;
#2080 = CLOSED_SHELL ( 'NONE', ( #1073, #2201, #1816, #1294, #1042, #2525 ) ) ;
#2081 = SPHERICAL_SURFACE ( 'NONE', #2337, 1.314988271469590186 ) ;
#2082 = VERTEX_POINT ( 'NONE', #1618 ) ;
#2083 = AXIS2_PLACEMENT_3D ( 'NONE', #2505, #1053, #2087 ) ;
#2084 = LINE ( 'NONE', #242, #124 ) ;
#2085 = CARTESIAN_POINT ( 'NONE',  ( -5.470761930486609970, -6.175213672411539179, 8.266365894244630389E-16 ) ) ;
#2086 = EDGE_LOOP ( 'NONE', ( #1027, #2230, #2433, #2383 ) ) ;
#2087 = DIRECTION ( 'NONE',  ( 1.000000000000000000, 0.000000000000000000, 0.000000000000000000 ) ) ;
#2088 = CARTESIAN_POINT ( 'NONE',  ( -3.833966169361000098, 7.305012211639029474, 8.266365894244630389E-16 ) ) ;
#2089 = DIRECTION ( 'NONE',  ( 0.4647231720437703384, 0.8854560256532089113, 0.000000000000000000 ) ) ;
#2090 = TOROIDAL_SURFACE ( 'NONE', #920, 8.250000000000000000, 1.314988271469590186 ) ;
#2091 = EDGE_CURVE ( 'NONE', #2124, #557, #507, .T. ) ;
#2092 = DIRECTION ( 'NONE',  ( 1.000000000000000000, 0.000000000000000000, 0.000000000000000000 ) ) ;
#2093 = STYLED_ITEM ( 'NONE', ( #1614 ), #1124 ) ;
#2094 = SPHERICAL_SURFACE ( 'NONE', #307, 1.314988271469590186 ) ;
#2095 = ORIENTED_EDGE ( 'NONE', *, *, #1924, .T. ) ;
#2096 =( LENGTH_UNIT ( ) NAMED_UNIT ( * ) SI_UNIT ( .MILLI., .METRE. ) );
#2097 = VECTOR ( 'NONE', #957, 1000.000000000000000 ) ;
#2098 = CARTESIAN_POINT ( 'NONE',  ( 0.000000000000000000, 0.000000000000000000, -0.1172161172161163972 ) ) ;
#2099 = DIRECTION ( 'NONE',  ( 0.000000000000000000, 0.000000000000000000, -1.000000000000000000 ) ) ;
#2100 = ORIENTED_EDGE ( 'NONE', *, *, #694, .F. ) ;
#2101 = AXIS2_PLACEMENT_3D ( 'NONE', #1549, #2369, #715 ) ;
#2102 = CARTESIAN_POINT ( 'NONE',  ( 10.50000000000000000, 1.285879139104722014E-15, -2.250000000000000000 ) ) ;
#2103 = DIRECTION ( 'NONE',  ( 1.000000000000000000, 0.000000000000000000, 1.145064648755479787E-16 ) ) ;
#2104 = CARTESIAN_POINT ( 'NONE',  ( 0.000000000000000000, 0.000000000000000000, -2.500000000000000000 ) ) ;
#2105 = ADVANCED_FACE ( 'NONE', ( #1457 ), #431, .T. ) ;
#2106 = DIRECTION ( 'NONE',  ( 0.000000000000000000, 0.000000000000000000, -1.000000000000000000 ) ) ;
#2107 = ORIENTED_EDGE ( 'NONE', *, *, #317, .T. ) ;
#2108 = FILL_AREA_STYLE ('',( #1880 ) ) ;
#2109 = DIRECTION ( 'NONE',  ( 0.000000000000000000, 0.000000000000000000, -1.000000000000000000 ) ) ;
#2110 = DIRECTION ( 'NONE',  ( 0.7485107481710950861, -0.6631226582408019654, 0.000000000000000000 ) ) ;
#2111 = ORIENTED_EDGE ( 'NONE', *, *, #218, .F. ) ;
#2112 = CARTESIAN_POINT ( 'NONE',  ( 0.000000000000000000, 0.000000000000000000, 1.399999999999999911 ) ) ;
#2113 = DIRECTION ( 'NONE',  ( 1.000000000000000000, 0.000000000000000000, 0.000000000000000000 ) ) ;
#2114 = CARTESIAN_POINT ( 'NONE',  ( -7.898351648351649601, 9.672691064694068703E-16, -2.500000000000000000 ) ) ;
#2115 = DIRECTION ( 'NONE',  ( 1.000000000000000000, 0.000000000000000000, 0.000000000000000000 ) ) ;
#2116 = DIRECTION ( 'NONE',  ( 0.000000000000000000, 0.000000000000000000, 1.000000000000000000 ) ) ;
#2117 = VERTEX_POINT ( 'NONE', #1262 ) ;
#2118 = SURFACE_SIDE_STYLE ('',( #1488 ) ) ;
#2119 = CLOSED_SHELL ( 'NONE', ( #1716, #321, #835, #1630 ) ) ;
#2120 = SPHERICAL_SURFACE ( 'NONE', #2372, 1.314988271469590186 ) ;
#2121 = EDGE_CURVE ( 'NONE', #1730, #245, #1407, .T. ) ;
#2122 = SPHERICAL_SURFACE ( 'NONE', #1238, 1.314988271469590186 ) ;
#2123 = AXIS2_PLACEMENT_3D ( 'NONE', #2154, #379, #913 ) ;
#2124 = VERTEX_POINT ( 'NONE', #209 ) ;
#2125 = EDGE_CURVE ( 'NONE', #949, #1411, #680, .T. ) ;
#2126 = DIRECTION ( 'NONE',  ( 1.000000000000000000, 0.000000000000000000, 0.000000000000000000 ) ) ;
#2127 = CIRCLE ( 'NONE', #665, 7.546703296703309860 ) ;
#2128 = CARTESIAN_POINT ( 'NONE',  ( 2.289051522089385227, -9.287047095959570342, 8.266365894244630389E-16 ) ) ;
#2129 = DIRECTION ( 'NONE',  ( 0.3546048870425270172, -0.9350162426854181641, 0.000000000000000000 ) ) ;
#2130 = FACE_OUTER_BOUND ( 'NONE', #1801, .T. ) ;
#2131 = ORIENTED_EDGE ( 'NONE', *, *, #2348, .T. ) ;
#2132 = SURFACE_SIDE_STYLE ('',( #2421 ) ) ;
#2133 = PRESENTATION_LAYER_ASSIGNMENT (  '', '', ( #2093 ) ) ;
#2134 = CIRCLE ( 'NONE', #1152, 6.000000000000000000 ) ;
#2135 = DIRECTION ( 'NONE',  ( -1.000000000000000000, 0.000000000000000000, 0.000000000000000000 ) ) ;
#2136 = EDGE_CURVE ( 'NONE', #529, #1643, #758, .T. ) ;
#2137 = VECTOR ( 'NONE', #2056, 1000.000000000000000 ) ;
#2138 = ORIENTED_EDGE ( 'NONE', *, *, #2674, .F. ) ;
#2139 = DIRECTION ( 'NONE',  ( -0.6631226582408019654, -0.7485107481710950861, 0.000000000000000000 ) ) ;
#2140 = AXIS2_PLACEMENT_3D ( 'NONE', #1899, #471, #1727 ) ;
#2141 = DIRECTION ( 'NONE',  ( 0.000000000000000000, 0.000000000000000000, 1.000000000000000000 ) ) ;
#2142 = CIRCLE ( 'NONE', #148, 1.314988271469586634 ) ;
#2143 = CARTESIAN_POINT ( 'NONE',  ( -7.713884002154699715, -2.925490318100844700, 8.266365894244630389E-16 ) ) ;
#2144 = FACE_OUTER_BOUND ( 'NONE', #1167, .T. ) ;
#2145 = ORIENTED_EDGE ( 'NONE', *, *, #2073, .T. ) ;
#2146 = SURFACE_STYLE_USAGE ( .BOTH. , #303 ) ;
#2147 = PLANE ( 'NONE',  #18 ) ;
#2148 = EDGE_LOOP ( 'NONE', ( #754, #1345, #1698, #1418 ) ) ;
#2149 = CARTESIAN_POINT ( 'NONE',  ( 0.000000000000000000, 0.000000000000000000, -1.111111111111109828 ) ) ;
#2150 = EDGE_CURVE ( 'NONE', #2353, #1668, #1577, .T. ) ;
#2151 = DIRECTION ( 'NONE',  ( 0.9709418174260502354, -0.2393156642875654272, 0.000000000000000000 ) ) ;
#2152 = CARTESIAN_POINT ( 'NONE',  ( -7.546703296703309860, 9.242046036422477822E-16, -2.500000000000000000 ) ) ;
#2153 = ADVANCED_FACE ( 'NONE', ( #875 ), #901, .T. ) ;
#2154 = CARTESIAN_POINT ( 'NONE',  ( 0.000000000000000000, 0.000000000000000000, -2.500000000000000000 ) ) ;
#2155 = ADVANCED_FACE ( 'NONE', ( #501 ), #2484, .F. ) ;
#2156 = ORIENTED_EDGE ( 'NONE', *, *, #865, .T. ) ;
#2157 = SURFACE_SIDE_STYLE ('',( #964 ) ) ;
#2158 = AXIS2_PLACEMENT_3D ( 'NONE', #1255, #1819, #1460 ) ;
#2159 = CARTESIAN_POINT ( 'NONE',  ( 0.000000000000000000, 0.000000000000000000, 8.266365894244630389E-16 ) ) ;
#2160 = AXIS2_PLACEMENT_3D ( 'NONE', #2467, #197, #1029 ) ;
#2161 = ORIENTED_EDGE ( 'NONE', *, *, #2260, .F. ) ;
#2162 = DIRECTION ( 'NONE',  ( 1.000000000000000000, 0.000000000000000000, 0.000000000000000000 ) ) ;
#2163 = DIRECTION ( 'NONE',  ( 0.7485107481711040789, 0.6631226582407918624, -0.000000000000000000 ) ) ;
#2164 = AXIS2_PLACEMENT_3D ( 'NONE', #2076, #659, #11 ) ;
#2165 = VERTEX_POINT ( 'NONE', #288 ) ;
#2166 = CIRCLE ( 'NONE', #2513, 10.50000000000000000 ) ;
#2167 = DIRECTION ( 'NONE',  ( 1.000000000000000000, 0.000000000000000000, 0.000000000000000000 ) ) ;
#2168 = ADVANCED_FACE ( 'NONE', ( #1117 ), #31, .T. ) ;
#2169 = DIRECTION ( 'NONE',  ( 0.9709418174260502354, -0.2393156642875654272, 0.000000000000000000 ) ) ;
#2170 = ORIENTED_EDGE ( 'NONE', *, *, #2121, .T. ) ;
#2171 = PRESENTATION_STYLE_ASSIGNMENT (( #2146 ) ) ;
#2172 = CIRCLE ( 'NONE', #1012, 7.546703296703309860 ) ;
#2173 = CARTESIAN_POINT ( 'NONE',  ( -7.713884002154699715, -2.925490318100844700, 8.266365894244630389E-16 ) ) ;
#2174 = VECTOR ( 'NONE', #896, 999.9999999999998863 ) ;
#2175 = VERTEX_POINT ( 'NONE', #1927 ) ;
#2176 = CARTESIAN_POINT ( 'NONE',  ( -6.789616893622610228, 4.686534160532120907, 8.266365894244630389E-16 ) ) ;
#2177 = CIRCLE ( 'NONE', #1882, 6.250000000000000000 ) ;
#2178 = EDGE_LOOP ( 'NONE', ( #2170, #1110 ) ) ;
#2179 = AXIS2_PLACEMENT_3D ( 'NONE', #1471, #62, #2293 ) ;
#2180 = DIRECTION ( 'NONE',  ( 1.000000000000000000, 0.000000000000000000, 0.000000000000000000 ) ) ;
#2181 = AXIS2_PLACEMENT_3D ( 'NONE', #412, #1659, #1424 ) ;
#2182 = CARTESIAN_POINT ( 'NONE',  ( 7.898351648351649601, 0.000000000000000000, 0.1172161172161182013 ) ) ;
#2183 = EDGE_CURVE ( 'NONE', #384, #1592, #1536, .T. ) ;
#2184 = ORIENTED_EDGE ( 'NONE', *, *, #317, .F. ) ;
#2185 = FILL_AREA_STYLE_COLOUR ( '', #2292 ) ;
#2186 = CARTESIAN_POINT ( 'NONE',  ( -7.546703296703309860, 9.242046036422477822E-16, 1.111111111111109828 ) ) ;
#2187 = EDGE_LOOP ( 'NONE', ( #1420, #935 ) ) ;
#2188 = PLANE ( 'NONE',  #1742 ) ;
#2189 = PRODUCT_DEFINITION_CONTEXT ( 'detailed design', #485, 'design' ) ;
#2190 = DIRECTION ( 'NONE',  ( 1.000000000000000000, 0.000000000000000000, 0.000000000000000000 ) ) ;
#2191 = VERTEX_POINT ( 'NONE', #1521 ) ;
#2192 = DIRECTION ( 'NONE',  ( -0.5680647467311541465, 0.8229838658936576845, 0.000000000000000000 ) ) ;
#2193 = ORIENTED_EDGE ( 'NONE', *, *, #2412, .F. ) ;
#2194 =( NAMED_UNIT ( * ) SI_UNIT ( $, .STERADIAN. ) SOLID_ANGLE_UNIT ( ) );
#2195 = EDGE_LOOP ( 'NONE', ( #1823, #2131, #818, #1453 ) ) ;
#2196 = FACE_OUTER_BOUND ( 'NONE', #1976, .T. ) ;
#2197 = EDGE_CURVE ( 'NONE', #2263, #1656, #1494, .T. ) ;
#2198 = ORIENTED_EDGE ( 'NONE', *, *, #149, .T. ) ;
#2199 = DIRECTION ( 'NONE',  ( 1.000000000000000000, 0.000000000000000000, 0.000000000000000000 ) ) ;
#2200 = CLOSED_SHELL ( 'NONE', ( #39, #95, #656, #2637 ) ) ;
#2201 = ADVANCED_FACE ( 'NONE', ( #55 ), #663, .F. ) ;
#2202 = ORIENTED_EDGE ( 'NONE', *, *, #1367, .T. ) ;
#2203 = CARTESIAN_POINT ( 'NONE',  ( 0.000000000000000000, 8.250000000000000000, 8.266365894244630389E-16 ) ) ;
#2204 = AXIS2_PLACEMENT_3D ( 'NONE', #2426, #1829, #1430 ) ;
#2205 = CIRCLE ( 'NONE', #173, 6.000000000000000000 ) ;
#2206 = ORIENTED_EDGE ( 'NONE', *, *, #115, .F. ) ;
#2207 = CARTESIAN_POINT ( 'NONE',  ( 6.789616893622680394, 4.686534160532019655, 8.266365894244630389E-16 ) ) ;
#2208 = DIRECTION ( 'NONE',  ( 0.000000000000000000, 0.000000000000000000, 1.000000000000000000 ) ) ;
#2209 = ORIENTED_EDGE ( 'NONE', *, *, #2412, .T. ) ;
#2210 = AXIS2_PLACEMENT_3D ( 'NONE', #2611, #2034, #2396 ) ;
#2211 = CARTESIAN_POINT ( 'NONE',  ( 0.000000000000000000, 0.000000000000000000, 0.1172161172161182013 ) ) ;
#2212 = EDGE_CURVE ( 'NONE', #2165, #59, #973, .T. ) ;
#2213 = CARTESIAN_POINT ( 'NONE',  ( 0.000000000000000000, 0.000000000000000000, 0.1172161172161182013 ) ) ;
#2214 = VECTOR ( 'NONE', #518, 1000.000000000000000 ) ;
#2215 = ORIENTED_EDGE ( 'NONE', *, *, #2036, .F. ) ;
#2216 = DIRECTION ( 'NONE',  ( 0.3546048870425270727, -0.9350162426854180531, 0.000000000000000000 ) ) ;
#2217 = AXIS2_PLACEMENT_3D ( 'NONE', #2416, #130, #1749 ) ;
#2218 = AXIS2_PLACEMENT_3D ( 'NONE', #1528, #509, #114 ) ;
#2219 = ORIENTED_EDGE ( 'NONE', *, *, #1647, .T. ) ;
#2220 = COLOUR_RGB ( '',0.7921568627450980005, 0.8196078431372548767, 0.9333333333333333481 ) ;
#2221 = AXIS2_PLACEMENT_3D ( 'NONE', #846, #660, #1890 ) ;
#2222 =( NAMED_UNIT ( * ) SI_UNIT ( $, .STERADIAN. ) SOLID_ANGLE_UNIT ( ) );
#2223 = CARTESIAN_POINT ( 'NONE',  ( 3.833966169361100018, 7.305012211638979736, 8.266365894244630389E-16 ) ) ;
#2224 = EDGE_LOOP ( 'NONE', ( #2607, #2305, #2075, #1638 ) ) ;
#2225 = EDGE_CURVE ( 'NONE', #2175, #2320, #1886, .T. ) ;
#2226 = DIRECTION ( 'NONE',  ( -0.2393156642875654272, -0.9709418174260502354, 0.000000000000000000 ) ) ;
#2227 = LINE ( 'NONE', #1412, #417 ) ;
#2228 = EDGE_CURVE ( 'NONE', #626, #2025, #192, .T. ) ;
#2229 = DIRECTION ( 'NONE',  ( -0.8854560256532160167, -0.4647231720437570712, 0.000000000000000000 ) ) ;
#2230 = ORIENTED_EDGE ( 'NONE', *, *, #511, .T. ) ;
#2231 = ADVANCED_FACE ( 'NONE', ( #2286 ), #2343, .T. ) ;
#2232 = CARTESIAN_POINT ( 'NONE',  ( -6.000000000000000000, 7.347880794884119736E-16, -2.250000000000000000 ) ) ;
#2233 = ORIENTED_EDGE ( 'NONE', *, *, #240, .T. ) ;
#2234 = LINE ( 'NONE', #388, #1330 ) ;
#2235 = DIRECTION ( 'NONE',  ( -0.1205366802553200500, 0.9927088740980544168, 0.000000000000000000 ) ) ;
#2236 = DIRECTION ( 'NONE',  ( 0.000000000000000000, 0.000000000000000000, -1.000000000000000000 ) ) ;
#2237 = ORIENTED_EDGE ( 'NONE', *, *, #2136, .F. ) ;
#2238 = DIRECTION ( 'NONE',  ( 0.000000000000000000, 0.000000000000000000, -1.000000000000000000 ) ) ;
#2239 = CARTESIAN_POINT ( 'NONE',  ( -8.601648351648348623, 1.053398112123725835E-15, -2.500000000000000000 ) ) ;
#2240 = CARTESIAN_POINT ( 'NONE',  ( 6.000000000000000000, 7.500961644777530783E-16, 2.250000000000000000 ) ) ;
#2241 = CLOSED_SHELL ( 'NONE', ( #204, #2316, #1687, #1728 ) ) ;
#2242 = AXIS2_PLACEMENT_3D ( 'NONE', #777, #625, #2068 ) ;
#2243 = DIRECTION ( 'NONE',  ( -0.5680647467311655818, -0.8229838658936495799, 0.000000000000000000 ) ) ;
#2244 = ORIENTED_EDGE ( 'NONE', *, *, #1445, .T. ) ;
#2245 = ADVANCED_FACE ( 'NONE', ( #235 ), #461, .T. ) ;
#2246 = AXIS2_PLACEMENT_3D ( 'NONE', #1214, #110, #527 ) ;
#2247 = LINE ( 'NONE', #1252, #1990 ) ;
#2248 = ORIENTED_EDGE ( 'NONE', *, *, #1682, .F. ) ;
#2249 = CARTESIAN_POINT ( 'NONE',  ( 0.000000000000000000, 0.000000000000000000, -2.500000000000000000 ) ) ;
#2250 = FILL_AREA_STYLE_COLOUR ( '', #1782 ) ;
#2251 = CARTESIAN_POINT ( 'NONE',  ( -10.50000000000000000, 1.285879139104722014E-15, -2.250000000000000000 ) ) ;
#2252 = PRESENTATION_LAYER_ASSIGNMENT (  '', '', ( #1399 ) ) ;
#2253 = ORIENTED_EDGE ( 'NONE', *, *, #1077, .F. ) ;
#2254 = CARTESIAN_POINT ( 'NONE',  ( 1.974354230372300067, -8.010269993764939755, 8.266365894244630389E-16 ) ) ;
#2255 = CARTESIAN_POINT ( 'NONE',  ( 3.833966169361100018, 7.305012211638979736, 8.266365894244630389E-16 ) ) ;
#2256 = AXIS2_PLACEMENT_3D ( 'NONE', #2491, #589, #1035 ) ;
#2257 = DIRECTION ( 'NONE',  ( 1.000000000000000000, 0.000000000000000000, 0.000000000000000000 ) ) ;
#2258 = ORIENTED_EDGE ( 'NONE', *, *, #2401, .F. ) ;
#2259 = AXIS2_PLACEMENT_3D ( 'NONE', #2159, #306, #346 ) ;
#2260 = EDGE_CURVE ( 'NONE', #1951, #686, #2647, .T. ) ;
#2261 = ADVANCED_FACE ( 'NONE', ( #861 ), #2301, .T. ) ;
#2262 = AXIS2_PLACEMENT_3D ( 'NONE', #448, #475, #2278 ) ;
#2263 = VERTEX_POINT ( 'NONE', #482 ) ;
#2264 = PRESENTATION_STYLE_ASSIGNMENT (( #1448 ) ) ;
#2265 = AXIS2_PLACEMENT_3D ( 'NONE', #2434, #978, #1634 ) ;
#2266 = ORIENTED_EDGE ( 'NONE', *, *, #1091, .F. ) ;
#2267 = SURFACE_SIDE_STYLE ('',( #423 ) ) ;
#2268 = AXIS2_PLACEMENT_3D ( 'NONE', #884, #1479, #1289 ) ;
#2269 = CARTESIAN_POINT ( 'NONE',  ( -7.898351648351649601, 9.672691064694068703E-16, -0.1172161172161163972 ) ) ;
#2270 = VERTEX_POINT ( 'NONE', #1680 ) ;
#2271 = EDGE_CURVE ( 'NONE', #348, #2409, #327, .T. ) ;
#2272 = SPHERICAL_SURFACE ( 'NONE', #445, 1.314988271469590186 ) ;
#2273 = DIRECTION ( 'NONE',  ( -1.000000000000000000, 0.000000000000000000, 0.000000000000000000 ) ) ;
#2274 = CARTESIAN_POINT ( 'NONE',  ( 0.000000000000000000, 8.953296703296699022, -2.375000000000000000 ) ) ;
#2275 = DIRECTION ( 'NONE',  ( 0.000000000000000000, 0.000000000000000000, 1.000000000000000000 ) ) ;
#2276 = CYLINDRICAL_SURFACE ( 'NONE', #1181, 7.546703296703309860 ) ;
#2277 = ORIENTED_EDGE ( 'NONE', *, *, #129, .F. ) ;
#2278 = DIRECTION ( 'NONE',  ( 1.000000000000000000, 0.000000000000000000, 0.000000000000000000 ) ) ;
#2279 = DIRECTION ( 'NONE',  ( 0.000000000000000000, 0.000000000000000000, 1.000000000000000000 ) ) ;
#2280 = DIRECTION ( 'NONE',  ( 0.000000000000000000, 0.000000000000000000, -1.000000000000000000 ) ) ;
#2281 = FACE_OUTER_BOUND ( 'NONE', #1839, .T. ) ;
#2282 = ADVANCED_FACE ( 'NONE', ( #1509, #109 ), #1166, .F. ) ;
#2283 = ORIENTED_EDGE ( 'NONE', *, *, #17, .T. ) ;
#2284 = DIRECTION ( 'NONE',  ( 0.000000000000000000, 0.000000000000000000, 1.000000000000000000 ) ) ;
#2285 =( NAMED_UNIT ( * ) SI_UNIT ( $, .STERADIAN. ) SOLID_ANGLE_UNIT ( ) );
#2286 = FACE_OUTER_BOUND ( 'NONE', #10, .T. ) ;
#2287 = STYLED_ITEM ( 'NONE', ( #895 ), #159 ) ;
#2288 = CLOSED_SHELL ( 'NONE', ( #2168, #495, #2428, #1095 ) ) ;
#2289 = DIRECTION ( 'NONE',  ( 0.000000000000000000, 0.000000000000000000, 1.000000000000000000 ) ) ;
#2290 = ORIENTED_EDGE ( 'NONE', *, *, #2271, .T. ) ;
#2291 = SURFACE_STYLE_USAGE ( .BOTH. , #61 ) ;
#2292 = COLOUR_RGB ( '',0.7921568627450980005, 0.8196078431372548767, 0.9333333333333333481 ) ;
#2293 = DIRECTION ( 'NONE',  ( 0.6631226582407918624, -0.7485107481711040789, 0.000000000000000000 ) ) ;
#2294 = AXIS2_PLACEMENT_3D ( 'NONE', #1889, #1678, #603 ) ;
#2295 = DIRECTION ( 'NONE',  ( 1.000000000000000000, 0.000000000000000000, 0.000000000000000000 ) ) ;
#2296 = VERTEX_POINT ( 'NONE', #2572 ) ;
#2297 = CIRCLE ( 'NONE', #1144, 10.50000000000000000 ) ;
#2298 = DIRECTION ( 'NONE',  ( -1.000000000000000000, 0.000000000000000000, 0.000000000000000000 ) ) ;
#2299 = FACE_OUTER_BOUND ( 'NONE', #2592, .T. ) ;
#2300 = EDGE_CURVE ( 'NONE', #994, #1852, #2593, .T. ) ;
#2301 = CYLINDRICAL_SURFACE ( 'NONE', #1454, 11.50000000000000000 ) ;
#2302 = VECTOR ( 'NONE', #2478, 1000.000000000000000 ) ;
#2303 = CIRCLE ( 'NONE', #1447, 1.314988271469587966 ) ;
#2304 = CARTESIAN_POINT ( 'NONE',  ( 0.000000000000000000, 0.000000000000000000, 2.250000000000000000 ) ) ;
#2305 = ORIENTED_EDGE ( 'NONE', *, *, #1057, .T. ) ;
#2306 = AXIS2_PLACEMENT_3D ( 'NONE', #65, #437, #1135 ) ;
#2307 = SURFACE_STYLE_USAGE ( .BOTH. , #1283 ) ;
#2308 = CIRCLE ( 'NONE', #2645, 1.314988271469589520 ) ;
#2309 = CARTESIAN_POINT ( 'NONE',  ( -1.974354230372415309, -8.010269993764911334, 8.266365894244630389E-16 ) ) ;
#2310 = CARTESIAN_POINT ( 'NONE',  ( -6.000000000000000000, 7.347880794884119736E-16, -2.500000000000000000 ) ) ;
#2311 = AXIS2_PLACEMENT_3D ( 'NONE', #42, #1467, #1482 ) ;
#2312 = VERTEX_POINT ( 'NONE', #1752 ) ;
#2313 = SPHERICAL_SURFACE ( 'NONE', #1565, 1.314988271469590186 ) ;
#2314 = CARTESIAN_POINT ( 'NONE',  ( -8.953296703296699022, 1.096462614950885909E-15, -2.500000000000000000 ) ) ;
#2315 = DIRECTION ( 'NONE',  ( 0.000000000000000000, 0.000000000000000000, -1.000000000000000000 ) ) ;
#2316 = ADVANCED_FACE ( 'NONE', ( #2005 ), #2558, .T. ) ;
#2317 = DIRECTION ( 'NONE',  ( 0.000000000000000000, 0.000000000000000000, -1.000000000000000000 ) ) ;
#2318 = EDGE_CURVE ( 'NONE', #1643, #529, #1072, .T. ) ;
#2319 = DIRECTION ( 'NONE',  ( 1.000000000000000000, 0.000000000000000000, 0.000000000000000000 ) ) ;
#2320 = VERTEX_POINT ( 'NONE', #1788 ) ;
#2321 =( NAMED_UNIT ( * ) PLANE_ANGLE_UNIT ( ) SI_UNIT ( $, .RADIAN. ) );
#2322 = EDGE_CURVE ( 'NONE', #1059, #361, #1177, .T. ) ;
#2323 = EDGE_CURVE ( 'NONE', #2296, #2082, #850, .T. ) ;
#2324 = DIRECTION ( 'NONE',  ( -1.000000000000000000, 0.000000000000000000, 0.000000000000000000 ) ) ;
#2325 = ORIENTED_EDGE ( 'NONE', *, *, #1304, .F. ) ;
#2326 = DIRECTION ( 'NONE',  ( 0.4647231720437703384, 0.8854560256532089113, 0.000000000000000000 ) ) ;
#2327 = DIRECTION ( 'NONE',  ( -8.120910408566819726E-17, -9.166612918751209458E-17, 1.000000000000000000 ) ) ;
#2328 = DIRECTION ( 'NONE',  ( 1.000000000000000000, 0.000000000000000000, 0.000000000000000000 ) ) ;
#2329 = DIRECTION ( 'NONE',  ( 0.3546048870425270727, -0.9350162426854180531, 0.000000000000000000 ) ) ;
#2330 = EDGE_CURVE ( 'NONE', #1852, #1741, #1410, .T. ) ;
#2331 = EDGE_LOOP ( 'NONE', ( #416, #559 ) ) ;
#2332 = EDGE_CURVE ( 'NONE', #1136, #705, #466, .T. ) ;
#2333 = CIRCLE ( 'NONE', #951, 8.953296703296699022 ) ;
#2334 = DIRECTION ( 'NONE',  ( 0.000000000000000000, 0.000000000000000000, -1.000000000000000000 ) ) ;
#2335 = AXIS2_PLACEMENT_3D ( 'NONE', #1804, #2, #418 ) ;
#2336 = CARTESIAN_POINT ( 'NONE',  ( 0.000000000000000000, 0.000000000000000000, -2.500000000000000000 ) ) ;
#2337 = AXIS2_PLACEMENT_3D ( 'NONE', #1058, #2329, #1317 ) ;
#2338 = ORIENTED_EDGE ( 'NONE', *, *, #832, .T. ) ;
#2339 = CARTESIAN_POINT ( 'NONE',  ( 0.000000000000000000, 0.000000000000000000, 2.500000000000000000 ) ) ;
#2340 = DIRECTION ( 'NONE',  ( 1.000000000000000000, 0.000000000000000000, 0.000000000000000000 ) ) ;
#2341 = CIRCLE ( 'NONE', #707, 11.50000000000000000 ) ;
#2342 = CARTESIAN_POINT ( 'NONE',  ( 7.713884002154659747, -2.925490318100949949, 8.266365894244630389E-16 ) ) ;
#2343 = SPHERICAL_SURFACE ( 'NONE', #1158, 1.314988271469590186 ) ;
#2344 = MECHANICAL_DESIGN_GEOMETRIC_PRESENTATION_REPRESENTATION (  '', ( #1822 ), #1190 ) ;
#2345 = DIRECTION ( 'NONE',  ( 0.000000000000000000, 0.000000000000000000, 1.000000000000000000 ) ) ;
#2346 = ORIENTED_EDGE ( 'NONE', *, *, #240, .F. ) ;
#2347 = MECHANICAL_DESIGN_GEOMETRIC_PRESENTATION_REPRESENTATION (  '', ( #137 ), #56 ) ;
#2348 = EDGE_CURVE ( 'NONE', #2025, #626, #1247, .T. ) ;
#2349 = DIRECTION ( 'NONE',  ( 1.000000000000000000, 0.000000000000000000, 0.000000000000000000 ) ) ;
#2350 = CIRCLE ( 'NONE', #633, 1.314988271469590408 ) ;
#2351 = CARTESIAN_POINT ( 'NONE',  ( 0.000000000000000000, 0.000000000000000000, -2.500000000000000000 ) ) ;
#2352 = STYLED_ITEM ( 'NONE', ( #1591 ), #1916 ) ;
#2353 = VERTEX_POINT ( 'NONE', #564 ) ;
#2354 = DIRECTION ( 'NONE',  ( 0.000000000000000000, -1.000000000000000000, 0.000000000000000000 ) ) ;
#2355 = UNCERTAINTY_MEASURE_WITH_UNIT (LENGTH_MEASURE( 1.000000000000000082E-05 ), #1616, 'distance_accuracy_value', 'NONE');
#2356 = CIRCLE ( 'NONE', #1292, 1.314988271469590408 ) ;
#2357 = FACE_OUTER_BOUND ( 'NONE', #1512, .T. ) ;
#2358 = ADVANCED_FACE ( 'NONE', ( #121 ), #1948, .T. ) ;
#2359 = AXIS2_PLACEMENT_3D ( 'NONE', #1613, #1809, #2644 ) ;
#2360 = FACE_OUTER_BOUND ( 'NONE', #1734, .T. ) ;
#2361 = DIRECTION ( 'NONE',  ( 0.000000000000000000, -1.000000000000000000, -9.166612918751317926E-17 ) ) ;
#2362 = ORIENTED_EDGE ( 'NONE', *, *, #1936, .F. ) ;
#2363 = LINE ( 'NONE', #1189, #2214 ) ;
#2364 = DIRECTION ( 'NONE',  ( 1.000000000000000000, 0.000000000000000000, 0.000000000000000000 ) ) ;
#2365 = ORIENTED_EDGE ( 'NONE', *, *, #2183, .F. ) ;
#2366 = FACE_OUTER_BOUND ( 'NONE', #1505, .T. ) ;
#2367 = ADVANCED_FACE ( 'NONE', ( #2360 ), #682, .F. ) ;
#2368 = DIRECTION ( 'NONE',  ( 0.000000000000000000, -1.000000000000000000, 0.000000000000000000 ) ) ;
#2369 = DIRECTION ( 'NONE',  ( 0.000000000000000000, 0.000000000000000000, 1.000000000000000000 ) ) ;
#2370 = DIRECTION ( 'NONE',  ( -0.1205366802553335948, -0.9927088740980527515, 0.000000000000000000 ) ) ;
#2371 = ORIENTED_EDGE ( 'NONE', *, *, #1483, .T. ) ;
#2372 = AXIS2_PLACEMENT_3D ( 'NONE', #854, #655, #1106 ) ;
#2373 = DIRECTION ( 'NONE',  ( 0.000000000000000000, 0.000000000000000000, 1.000000000000000000 ) ) ;
#2374 = ORIENTED_EDGE ( 'NONE', *, *, #251, .T. ) ;
#2375 = DIRECTION ( 'NONE',  ( 1.000000000000000000, 0.000000000000000000, 0.000000000000000000 ) ) ;
#2376 = UNCERTAINTY_MEASURE_WITH_UNIT (LENGTH_MEASURE( 1.000000000000000082E-05 ), #1409, 'distance_accuracy_value', 'NONE');
#2377 = CARTESIAN_POINT ( 'NONE',  ( 7.546703296703309860, 0.000000000000000000, 1.111111111111109828 ) ) ;
#2378 = VERTEX_POINT ( 'NONE', #2394 ) ;
#2379 = ADVANCED_FACE ( 'NONE', ( #2407 ), #1151, .T. ) ;
#2380 = CIRCLE ( 'NONE', #1227, 11.50000000000000000 ) ;
#2381 = CARTESIAN_POINT ( 'NONE',  ( 0.000000000000000000, 0.000000000000000000, -2.500000000000000000 ) ) ;
#2382 = SPHERICAL_SURFACE ( 'NONE', #1434, 1.314988271469590186 ) ;
#2383 = ORIENTED_EDGE ( 'NONE', *, *, #36, .F. ) ;
#2384 = AXIS2_PLACEMENT_3D ( 'NONE', #362, #2015, #782 ) ;
#2385 = FACE_OUTER_BOUND ( 'NONE', #229, .T. ) ;
#2386 = EDGE_LOOP ( 'NONE', ( #2418, #616 ) ) ;
#2387 = CIRCLE ( 'NONE', #1401, 1.314988271469590408 ) ;
#2388 = DIRECTION ( 'NONE',  ( 0.000000000000000000, 0.000000000000000000, 1.000000000000000000 ) ) ;
#2389 = ORIENTED_EDGE ( 'NONE', *, *, #1936, .T. ) ;
#2390 = DIRECTION ( 'NONE',  ( 1.000000000000000000, 0.000000000000000000, 0.000000000000000000 ) ) ;
#2391 = VECTOR ( 'NONE', #1983, 1000.000000000000000 ) ;
#2392 = ORIENTED_EDGE ( 'NONE', *, *, #2581, .T. ) ;
#2393 = AXIS2_PLACEMENT_3D ( 'NONE', #2066, #1231, #2052 ) ;
#2394 = CARTESIAN_POINT ( 'NONE',  ( 10.50000000000000000, 0.000000000000000000, 1.150000000000024114 ) ) ;
#2395 = AXIS2_PLACEMENT_3D ( 'NONE', #750, #1765, #1738 ) ;
#2396 = DIRECTION ( 'NONE',  ( 1.000000000000000000, 0.000000000000000000, 0.000000000000000000 ) ) ;
#2397 = LINE ( 'NONE', #315, #1520 ) ;
#2398 = ORIENTED_EDGE ( 'NONE', *, *, #1426, .T. ) ;
#2399 = ADVANCED_FACE ( 'NONE', ( #312 ), #1558, .F. ) ;
#2400 =( NAMED_UNIT ( * ) SI_UNIT ( $, .STERADIAN. ) SOLID_ANGLE_UNIT ( ) );
#2401 = EDGE_CURVE ( 'NONE', #971, #2574, #1776, .T. ) ;
#2402 = CARTESIAN_POINT ( 'NONE',  ( 0.000000000000000000, 0.000000000000000000, -2.500000000000000000 ) ) ;
#2403 = EDGE_LOOP ( 'NONE', ( #1545, #1585, #238, #1310 ) ) ;
#2404 = DIRECTION ( 'NONE',  ( 0.000000000000000000, 0.000000000000000000, 1.000000000000000000 ) ) ;
#2405 = PLANE ( 'NONE',  #1533 ) ;
#2406 = ORIENTED_EDGE ( 'NONE', *, *, #1647, .F. ) ;
#2407 = FACE_OUTER_BOUND ( 'NONE', #2047, .T. ) ;
#2408 = SURFACE_STYLE_USAGE ( .BOTH. , #2132 ) ;
#2409 = VERTEX_POINT ( 'NONE', #133 ) ;
#2410 = SURFACE_STYLE_USAGE ( .BOTH. , #756 ) ;
#2411 = EDGE_CURVE ( 'NONE', #877, #834, #1386, .T. ) ;
#2412 = EDGE_CURVE ( 'NONE', #1162, #563, #2227, .T. ) ;
#2413 = CARTESIAN_POINT ( 'NONE',  ( 0.000000000000000000, 0.000000000000000000, 4.336808689942014778E-16 ) ) ;
#2414 = ORIENTED_EDGE ( 'NONE', *, *, #2023, .F. ) ;
#2415 = LINE ( 'NONE', #2000, #399 ) ;
#2416 = CARTESIAN_POINT ( 'NONE',  ( 1.974354230372300067, -8.010269993764939755, 8.266365894244630389E-16 ) ) ;
#2417 = CIRCLE ( 'NONE', #298, 10.25000000000000000 ) ;
#2418 = ORIENTED_EDGE ( 'NONE', *, *, #33, .T. ) ;
#2419 = DIRECTION ( 'NONE',  ( 0.000000000000000000, 0.000000000000000000, 1.000000000000000000 ) ) ;
#2420 = CIRCLE ( 'NONE', #1270, 1.314988271469589742 ) ;
#2421 = SURFACE_STYLE_FILL_AREA ( #1598 ) ;
#2422 = AXIS2_PLACEMENT_3D ( 'NONE', #411, #206, #1688 ) ;
#2423 = FACE_OUTER_BOUND ( 'NONE', #2148, .T. ) ;
#2424 = ORIENTED_EDGE ( 'NONE', *, *, #852, .F. ) ;
#2425 = AXIS2_PLACEMENT_3D ( 'NONE', #1067, #1478, #2298 ) ;
#2426 = CARTESIAN_POINT ( 'NONE',  ( -1.974354230372415309, -8.010269993764911334, 8.266365894244630389E-16 ) ) ;
#2427 = DIRECTION ( 'NONE',  ( 0.000000000000000000, 0.000000000000000000, -1.000000000000000000 ) ) ;
#2428 = ADVANCED_FACE ( 'NONE', ( #2618 ), #1440, .T. ) ;
#2429 = DIRECTION ( 'NONE',  ( 0.3546048870425393962, 0.9350162426854135012, -0.000000000000000000 ) ) ;
#2430 = CARTESIAN_POINT ( 'NONE',  ( 7.713884002154659747, -2.925490318100949949, 8.266365894244630389E-16 ) ) ;
#2431 = DIRECTION ( 'NONE',  ( 0.000000000000000000, 0.000000000000000000, -1.000000000000000000 ) ) ;
#2432 = CIRCLE ( 'NONE', #314, 8.953296703296699022 ) ;
#2433 = ORIENTED_EDGE ( 'NONE', *, *, #1109, .F. ) ;
#2434 = CARTESIAN_POINT ( 'NONE',  ( 8.250000000000000000, 0.000000000000000000, 8.266365894244630389E-16 ) ) ;
#2435 = EDGE_CURVE ( 'NONE', #1668, #2353, #1795, .T. ) ;
#2436 =( NAMED_UNIT ( * ) PLANE_ANGLE_UNIT ( ) SI_UNIT ( $, .RADIAN. ) );
#2437 = CARTESIAN_POINT ( 'NONE',  ( -8.601648351648348623, 1.053398112123725835E-15, -0.1172161172161163972 ) ) ;
#2438 = ORIENTED_EDGE ( 'NONE', *, *, #900, .F. ) ;
#2439 = CIRCLE ( 'NONE', #1332, 1.314988271469587966 ) ;
#2440 = AXIS2_PLACEMENT_3D ( 'NONE', #2459, #1841, #774 ) ;
#2441 = ORIENTED_EDGE ( 'NONE', *, *, #1949, .T. ) ;
#2442 = CARTESIAN_POINT ( 'NONE',  ( 3.833966169361100018, 7.305012211638979736, 8.266365894244630389E-16 ) ) ;
#2443 = CIRCLE ( 'NONE', #763, 1.314988271469590186 ) ;
#2444 = DIRECTION ( 'NONE',  ( 0.000000000000000000, 0.000000000000000000, 1.000000000000000000 ) ) ;
#2445 = SURFACE_SIDE_STYLE ('',( #2472 ) ) ;
#2446 = DIRECTION ( 'NONE',  ( 0.4647231720437703384, 0.8854560256532089113, 0.000000000000000000 ) ) ;
#2447 = EDGE_LOOP ( 'NONE', ( #1552, #1305, #837, #398 ) ) ;
#2448 = CARTESIAN_POINT ( 'NONE',  ( 8.189848211308948578, 0.9944276121063889695, 8.266365894244630389E-16 ) ) ;
#2449 = CARTESIAN_POINT ( 'NONE',  ( 0.000000000000000000, 8.250000000000000000, 8.266365894244630389E-16 ) ) ;
#2450 =( LENGTH_UNIT ( ) NAMED_UNIT ( * ) SI_UNIT ( .MILLI., .METRE. ) );
#2451 = DIRECTION ( 'NONE',  ( 0.000000000000000000, 0.000000000000000000, -1.000000000000000000 ) ) ;
#2452 = EDGE_LOOP ( 'NONE', ( #1649, #2371 ) ) ;
#2453 = CARTESIAN_POINT ( 'NONE',  ( 0.000000000000000000, 0.000000000000000000, 0.1172161172161182013 ) ) ;
#2454 = EDGE_LOOP ( 'NONE', ( #1569, #1724, #1760, #1336 ) ) ;
#2455 = DIRECTION ( 'NONE',  ( 1.000000000000000000, 0.000000000000000000, 0.000000000000000000 ) ) ;
#2456 = FACE_OUTER_BOUND ( 'NONE', #1176, .T. ) ;
#2457 = ORIENTED_EDGE ( 'NONE', *, *, #2594, .F. ) ;
#2458 = SPHERICAL_SURFACE ( 'NONE', #222, 1.314988271469590186 ) ;
#2459 = CARTESIAN_POINT ( 'NONE',  ( -8.189848211308939696, 0.9944276121065038776, 8.266365894244630389E-16 ) ) ;
#2460 = DIRECTION ( 'NONE',  ( 0.000000000000000000, 0.000000000000000000, -1.000000000000000000 ) ) ;
#2461 = AXIS2_PLACEMENT_3D ( 'NONE', #434, #796, #629 ) ;
#2462 = EDGE_CURVE ( 'NONE', #971, #256, #1499, .T. ) ;
#2463 = MECHANICAL_DESIGN_GEOMETRIC_PRESENTATION_REPRESENTATION (  '', ( #571 ), #302 ) ;
#2464 =( NAMED_UNIT ( * ) PLANE_ANGLE_UNIT ( ) SI_UNIT ( $, .RADIAN. ) );
#2465 = ORIENTED_EDGE ( 'NONE', *, *, #1034, .F. ) ;
#2466 = AXIS2_PLACEMENT_3D ( 'NONE', #2476, #858, #635 ) ;
#2467 = CARTESIAN_POINT ( 'NONE',  ( 0.000000000000000000, 8.601648351648348623, -0.1172161172161162029 ) ) ;
#2468 = EDGE_LOOP ( 'NONE', ( #2362, #1221 ) ) ;
#2469 = DIRECTION ( 'NONE',  ( -0.6631226582408019654, -0.7485107481710951971, 0.000000000000000000 ) ) ;
#2470 = EDGE_CURVE ( 'NONE', #2165, #59, #1333, .T. ) ;
#2471 = DIRECTION ( 'NONE',  ( 0.000000000000000000, 0.000000000000000000, 1.000000000000000000 ) ) ;
#2472 = SURFACE_STYLE_FILL_AREA ( #1032 ) ;
#2473 = DIRECTION ( 'NONE',  ( 0.000000000000000000, 0.000000000000000000, 1.000000000000000000 ) ) ;
#2474 = AXIS2_PLACEMENT_3D ( 'NONE', #821, #1861, #2541 ) ;
#2475 = ORIENTED_EDGE ( 'NONE', *, *, #2183, .T. ) ;
#2476 = CARTESIAN_POINT ( 'NONE',  ( 0.000000000000000000, 8.250000000000000000, 8.266365894244630389E-16 ) ) ;
#2477 = FACE_OUTER_BOUND ( 'NONE', #1933, .T. ) ;
#2478 = DIRECTION ( 'NONE',  ( 0.000000000000000000, 0.000000000000000000, -1.000000000000000000 ) ) ;
#2479 = AXIS2_PLACEMENT_3D ( 'NONE', #605, #2065, #1660 ) ;
#2480 = AXIS2_PLACEMENT_3D ( 'NONE', #2213, #2580, #737 ) ;
#2481 = LINE ( 'NONE', #805, #639 ) ;
#2482 = CIRCLE ( 'NONE', #1963, 1.314988271469590408 ) ;
#2483 = SPHERICAL_SURFACE ( 'NONE', #1907, 1.314988271469590186 ) ;
#2484 = CONICAL_SURFACE ( 'NONE', #1965, 6.250000000000000000, 0.7853981633974391752 ) ;
#2485 = EDGE_CURVE ( 'NONE', #1485, #949, #1249, .T. ) ;
#2486 = EDGE_LOOP ( 'NONE', ( #844, #2055, #1747, #378 ) ) ;
#2487 = CIRCLE ( 'NONE', #2221, 1.314988271469589964 ) ;
#2488 = CARTESIAN_POINT ( 'NONE',  ( 0.000000000000000000, 0.000000000000000000, 1.314988271469590186 ) ) ;
#2489 = PLANE ( 'NONE',  #356 ) ;
#2490 = AXIS2_PLACEMENT_3D ( 'NONE', #2519, #2327, #2494 ) ;
#2491 = CARTESIAN_POINT ( 'NONE',  ( 1.974354230372300067, -8.010269993764939755, 8.266365894244630389E-16 ) ) ;
#2492 = EDGE_LOOP ( 'NONE', ( #2237, #1365 ) ) ;
#2493 = DIRECTION ( 'NONE',  ( 0.9709418174260536771, 0.2393156642875514384, -0.000000000000000000 ) ) ;
#2494 = DIRECTION ( 'NONE',  ( 0.000000000000000000, -1.000000000000000000, -9.166612918751215621E-17 ) ) ;
#2495 = DIRECTION ( 'NONE',  ( 0.000000000000000000, 0.000000000000000000, 1.000000000000000000 ) ) ;
#2496 = DIRECTION ( 'NONE',  ( 0.000000000000000000, 0.000000000000000000, -1.000000000000000000 ) ) ;
#2497 = ORIENTED_EDGE ( 'NONE', *, *, #335, .T. ) ;
#2498 = SPHERICAL_SURFACE ( 'NONE', #2179, 1.314988271469590186 ) ;
#2499 = ADVANCED_FACE ( 'NONE', ( #2064 ), #2048, .F. ) ;
#2500 = DIRECTION ( 'NONE',  ( 1.000000000000000000, 0.000000000000000000, 0.000000000000000000 ) ) ;
#2501 = EDGE_CURVE ( 'NONE', #2527, #2270, #1677, .T. ) ;
#2502 = CARTESIAN_POINT ( 'NONE',  ( 0.000000000000000000, 0.000000000000000000, -2.500000000000000000 ) ) ;
#2503 = CARTESIAN_POINT ( 'NONE',  ( 0.000000000000000000, 8.250000000000000000, 8.266365894244630389E-16 ) ) ;
#2504 = ORIENTED_EDGE ( 'NONE', *, *, #472, .F. ) ;
#2505 = CARTESIAN_POINT ( 'NONE',  ( 0.000000000000000000, 0.000000000000000000, -2.500000000000000000 ) ) ;
#2506 = CARTESIAN_POINT ( 'NONE',  ( 8.189848211308948578, 0.9944276121063889695, 8.266365894244630389E-16 ) ) ;
#2507 = DIRECTION ( 'NONE',  ( 0.000000000000000000, 0.000000000000000000, 1.000000000000000000 ) ) ;
#2508 = CIRCLE ( 'NONE', #1049, 7.546703296703309860 ) ;
#2509 = CARTESIAN_POINT ( 'NONE',  ( 1.974354230372300067, -8.010269993764939755, 8.266365894244630389E-16 ) ) ;
#2510 = ORIENTED_EDGE ( 'NONE', *, *, #2411, .F. ) ;
#2511 = AXIS2_PLACEMENT_3D ( 'NONE', #1464, #2284, #230 ) ;
#2512 = FILL_AREA_STYLE_COLOUR ( '', #2220 ) ;
#2513 = AXIS2_PLACEMENT_3D ( 'NONE', #497, #1096, #269 ) ;
#2514 = FACE_BOUND ( 'NONE', #1011, .T. ) ;
#2515 = ADVANCED_FACE ( 'NONE', ( #2477 ), #367, .T. ) ;
#2516 = CARTESIAN_POINT ( 'NONE',  ( -5.470761930486609970, -6.175213672411539179, 8.266365894244630389E-16 ) ) ;
#2517 = ORIENTED_EDGE ( 'NONE', *, *, #2577, .T. ) ;
#2518 = CARTESIAN_POINT ( 'NONE',  ( 0.000000000000000000, 0.000000000000000000, 2.375000000000000000 ) ) ;
#2519 = CARTESIAN_POINT ( 'NONE',  ( -5.470761930486609970, -6.175213672411539179, 8.266365894244630389E-16 ) ) ;
#2520 = EDGE_CURVE ( 'NONE', #1767, #2025, #189, .T. ) ;
#2521 = FACE_OUTER_BOUND ( 'NONE', #541, .T. ) ;
#2522 = CIRCLE ( 'NONE', #1527, 1.314988271469590408 ) ;
#2523 = DIRECTION ( 'NONE',  ( 1.000000000000000000, 0.000000000000000000, 0.000000000000000000 ) ) ;
#2524 = AXIS2_PLACEMENT_3D ( 'NONE', #2557, #287, #41 ) ;
#2525 = ADVANCED_FACE ( 'NONE', ( #989 ), #578, .T. ) ;
#2526 = CARTESIAN_POINT ( 'NONE',  ( 0.000000000000000000, 6.935011728530410480, 9.876762071816181055E-16 ) ) ;
#2527 = VERTEX_POINT ( 'NONE', #1824 ) ;
#2528 = CIRCLE ( 'NONE', #1241, 1.314988271469587744 ) ;
#2529 = AXIS2_PLACEMENT_3D ( 'NONE', #1691, #1703, #2092 ) ;
#2530 = CARTESIAN_POINT ( 'NONE',  ( 11.50000000000000000, 0.000000000000000000, 1.399999999999999911 ) ) ;
#2531 = VECTOR ( 'NONE', #785, 1000.000000000000000 ) ;
#2532 = ORIENTED_EDGE ( 'NONE', *, *, #885, .T. ) ;
#2533 = PRODUCT_DEFINITION_FORMATION_WITH_SPECIFIED_SOURCE ( 'Symmetric', '', #430, .NOT_KNOWN. ) ;
#2534 = FACE_BOUND ( 'NONE', #2662, .T. ) ;
#2535 = CARTESIAN_POINT ( 'NONE',  ( 10.25000000000000000, 0.000000000000000000, -2.500000000000000000 ) ) ;
#2536 = DIRECTION ( 'NONE',  ( 1.215717745149353924E-16, 1.476148596545256108E-17, 1.000000000000000000 ) ) ;
#2537 = EDGE_CURVE ( 'NONE', #2175, #2320, #1021, .T. ) ;
#2538 = DIRECTION ( 'NONE',  ( 0.7485107481711040789, 0.6631226582407918624, -0.000000000000000000 ) ) ;
#2539 = DIRECTION ( 'NONE',  ( 1.000000000000000000, 0.000000000000000000, 0.000000000000000000 ) ) ;
#2540 = ORIENTED_EDGE ( 'NONE', *, *, #675, .F. ) ;
#2541 = DIRECTION ( 'NONE',  ( -0.9927088740980527515, 0.1205366802553335948, 0.000000000000000000 ) ) ;
#2542 = SURFACE_STYLE_FILL_AREA ( #1723 ) ;
#2543 = CARTESIAN_POINT ( 'NONE',  ( 6.789616893622680394, 4.686534160532019655, 8.266365894244630389E-16 ) ) ;
#2544 = ORIENTED_EDGE ( 'NONE', *, *, #727, .T. ) ;
#2545 = FACE_OUTER_BOUND ( 'NONE', #894, .T. ) ;
#2546 = CARTESIAN_POINT ( 'NONE',  ( 0.000000000000000000, 0.000000000000000000, 0.000000000000000000 ) ) ;
#2547 = DIRECTION ( 'NONE',  ( 0.000000000000000000, 0.000000000000000000, -1.000000000000000000 ) ) ;
#2548 = EDGE_CURVE ( 'NONE', #1664, #521, #1368, .T. ) ;
#2549 = CARTESIAN_POINT ( 'NONE',  ( 0.000000000000000000, 0.000000000000000000, 2.375000000000000000 ) ) ;
#2550 = ORIENTED_EDGE ( 'NONE', *, *, #1236, .T. ) ;
#2551 = CIRCLE ( 'NONE', #259, 8.953296703296699022 ) ;
#2552 = EDGE_CURVE ( 'NONE', #2117, #1233, #1578, .T. ) ;
#2553 = DIRECTION ( 'NONE',  ( 0.000000000000000000, 1.000000000000000000, 0.000000000000000000 ) ) ;
#2554 = AXIS2_PLACEMENT_3D ( 'NONE', #1342, #1439, #814 ) ;
#2555 = ORIENTED_EDGE ( 'NONE', *, *, #1483, .F. ) ;
#2556 = CARTESIAN_POINT ( 'NONE',  ( 0.000000000000000000, 8.953296703296699022, 2.500000000000000000 ) ) ;
#2557 = CARTESIAN_POINT ( 'NONE',  ( 8.189848211308948578, 0.9944276121063889695, 8.266365894244630389E-16 ) ) ;
#2558 = SPHERICAL_SURFACE ( 'NONE', #1717, 1.314988271469590186 ) ;
#2559 = MECHANICAL_DESIGN_GEOMETRIC_PRESENTATION_REPRESENTATION (  '', ( #752 ), #628 ) ;
#2560 = DIRECTION ( 'NONE',  ( 0.000000000000000000, 0.000000000000000000, -1.000000000000000000 ) ) ;
#2561 = ORIENTED_EDGE ( 'NONE', *, *, #2624, .T. ) ;
#2562 = AXIS2_PLACEMENT_3D ( 'NONE', #638, #2495, #652 ) ;
#2563 = EDGE_CURVE ( 'NONE', #1664, #994, #761, .T. ) ;
#2564 = AXIS2_PLACEMENT_3D ( 'NONE', #1244, #2431, #377 ) ;
#2565 = LINE ( 'NONE', #1982, #965 ) ;
#2566 = VECTOR ( 'NONE', #1758, 1000.000000000000000 ) ;
#2567 = ORIENTED_EDGE ( 'NONE', *, *, #1713, .T. ) ;
#2568 = CARTESIAN_POINT ( 'NONE',  ( 10.25000000000000000, 0.000000000000000000, 1.399999999999999911 ) ) ;
#2569 = TOROIDAL_SURFACE ( 'NONE', #1714, 8.250000000000000000, 1.314988271469587966 ) ;
#2570 = FACE_OUTER_BOUND ( 'NONE', #572, .T. ) ;
#2571 = VECTOR ( 'NONE', #93, 1000.000000000000000 ) ;
#2572 = CARTESIAN_POINT ( 'NONE',  ( 10.25000000000000000, 0.000000000000000000, 1.399999999999999911 ) ) ;
#2573 = DIRECTION ( 'NONE',  ( 0.000000000000000000, 0.000000000000000000, 1.000000000000000000 ) ) ;
#2574 = VERTEX_POINT ( 'NONE', #1023 ) ;
#2575 = PRESENTATION_STYLE_ASSIGNMENT (( #86 ) ) ;
#2576 = CYLINDRICAL_SURFACE ( 'NONE', #719, 11.50000000000000000 ) ;
#2577 = EDGE_CURVE ( 'NONE', #348, #2409, #1200, .T. ) ;
#2578 = VERTEX_POINT ( 'NONE', #1871 ) ;
#2579 = LINE ( 'NONE', #141, #1609 ) ;
#2580 = DIRECTION ( 'NONE',  ( 0.000000000000000000, 0.000000000000000000, 1.000000000000000000 ) ) ;
#2581 = EDGE_CURVE ( 'NONE', #2191, #2296, #1054, .T. ) ;
#2582 = VERTEX_POINT ( 'NONE', #871 ) ;
#2583 = DIRECTION ( 'NONE',  ( 0.7485107481710949751, -0.6631226582408020764, 0.000000000000000000 ) ) ;
#2584 = SPHERICAL_SURFACE ( 'NONE', #2554, 1.314988271469590186 ) ;
#2585 = EDGE_LOOP ( 'NONE', ( #2111, #432 ) ) ;
#2586 = ORIENTED_EDGE ( 'NONE', *, *, #407, .T. ) ;
#2587 = AXIS2_PLACEMENT_3D ( 'NONE', #839, #1607, #599 ) ;
#2588 = CARTESIAN_POINT ( 'NONE',  ( -8.250000000000000000, 1.010333609296566156E-15, 4.336808689942014778E-16 ) ) ;
#2589 = EDGE_LOOP ( 'NONE', ( #1076, #330, #1711, #1251 ) ) ;
#2590 = FACE_BOUND ( 'NONE', #2649, .T. ) ;
#2591 = UNCERTAINTY_MEASURE_WITH_UNIT (LENGTH_MEASURE( 1.000000000000000082E-05 ), #2653, 'distance_accuracy_value', 'NONE');
#2592 = EDGE_LOOP ( 'NONE', ( #2069, #1209 ) ) ;
#2593 = LINE ( 'NONE', #536, #934 ) ;
#2594 = EDGE_CURVE ( 'NONE', #392, #853, #641, .T. ) ;
#2595 = CYLINDRICAL_SURFACE ( 'NONE', #575, 10.25000000000000000 ) ;
#2596 = EDGE_CURVE ( 'NONE', #1171, #781, #2142, .T. ) ;
#2597 = EDGE_LOOP ( 'NONE', ( #132, #210 ) ) ;
#2598 = ORIENTED_EDGE ( 'NONE', *, *, #119, .F. ) ;
#2599 = CIRCLE ( 'NONE', #97, 1.314988271469590408 ) ;
#2600 = DIRECTION ( 'NONE',  ( -0.9350162426854180531, -0.3546048870425271282, 0.000000000000000000 ) ) ;
#2601 = FACE_OUTER_BOUND ( 'NONE', #1318, .T. ) ;
#2602 = CIRCLE ( 'NONE', #2306, 7.546703296703309860 ) ;
#2603 = EDGE_LOOP ( 'NONE', ( #2215, #1530 ) ) ;
#2604 = DIRECTION ( 'NONE',  ( 1.000000000000000000, 0.000000000000000000, 0.000000000000000000 ) ) ;
#2605 = DIRECTION ( 'NONE',  ( 1.000000000000000000, 0.000000000000000000, 0.000000000000000000 ) ) ;
#2606 = CIRCLE ( 'NONE', #929, 7.546703296703309860 ) ;
#2607 = ORIENTED_EDGE ( 'NONE', *, *, #2260, .T. ) ;
#2608 = STYLED_ITEM ( 'NONE', ( #465 ), #1999 ) ;
#2609 = AXIS2_PLACEMENT_3D ( 'NONE', #1964, #2192, #739 ) ;
#2610 = ADVANCED_FACE ( 'NONE', ( #270 ), #510, .F. ) ;
#2611 = CARTESIAN_POINT ( 'NONE',  ( 0.000000000000000000, 0.000000000000000000, -1.314988271469587966 ) ) ;
#2612 = EDGE_LOOP ( 'NONE', ( #1082, #1443, #2555, #1228 ) ) ;
#2613 = CARTESIAN_POINT ( 'NONE',  ( -8.953296703296699022, 1.096462614950885909E-15, -2.500000000000000000 ) ) ;
#2614 = ORIENTED_EDGE ( 'NONE', *, *, #2225, .T. ) ;
#2615 = DIRECTION ( 'NONE',  ( 0.000000000000000000, 0.000000000000000000, 1.000000000000000000 ) ) ;
#2616 = CYLINDRICAL_SURFACE ( 'NONE', #1956, 8.953296703296699022 ) ;
#2617 = ORIENTED_EDGE ( 'NONE', *, *, #2023, .T. ) ;
#2618 = FACE_OUTER_BOUND ( 'NONE', #1847, .T. ) ;
#2619 = EDGE_CURVE ( 'NONE', #781, #1171, #2487, .T. ) ;
#2620 = ORIENTED_EDGE ( 'NONE', *, *, #1651, .F. ) ;
#2621 = DIRECTION ( 'NONE',  ( 0.7485107481711048560, 0.6631226582407909742, 0.000000000000000000 ) ) ;
#2622 = ORIENTED_EDGE ( 'NONE', *, *, #967, .T. ) ;
#2623 = CARTESIAN_POINT ( 'NONE',  ( 6.000000000000000000, 0.000000000000000000, -2.250000000000000000 ) ) ;
#2624 = EDGE_CURVE ( 'NONE', #1796, #1446, #241, .T. ) ;
#2625 = SPHERICAL_SURFACE ( 'NONE', #2256, 1.314988271469590186 ) ;
#2626 = ORIENTED_EDGE ( 'NONE', *, *, #267, .T. ) ;
#2627 = DIRECTION ( 'NONE',  ( -1.000000000000000000, 0.000000000000000000, 0.000000000000000000 ) ) ;
#2628 = COLOUR_RGB ( '',0.7921568627450980005, 0.8196078431372548767, 0.9333333333333333481 ) ;
#2629 = CARTESIAN_POINT ( 'NONE',  ( 7.546703296703309860, 0.000000000000000000, -2.500000000000000000 ) ) ;
#2630 = VECTOR ( 'NONE', #802, 1000.000000000000000 ) ;
#2631 = DIRECTION ( 'NONE',  ( 0.000000000000000000, 0.000000000000000000, 1.000000000000000000 ) ) ;
#2632 = ORIENTED_EDGE ( 'NONE', *, *, #1057, .F. ) ;
#2633 = CIRCLE ( 'NONE', #489, 6.935011728530420250 ) ;
#2634 = DIRECTION ( 'NONE',  ( -1.000000000000000000, 0.000000000000000000, 0.000000000000000000 ) ) ;
#2635 = ORIENTED_EDGE ( 'NONE', *, *, #2044, .F. ) ;
#2636 = CIRCLE ( 'NONE', #1010, 1.314988271469581749 ) ;
#2637 = ADVANCED_FACE ( 'NONE', ( #2299 ), #1493, .T. ) ;
#2638 = FACE_OUTER_BOUND ( 'NONE', #1845, .T. ) ;
#2639 = CARTESIAN_POINT ( 'NONE',  ( -8.953296703296699022, 1.096462614950885909E-15, 2.375000000000000000 ) ) ;
#2640 = FACE_BOUND ( 'NONE', #767, .T. ) ;
#2641 = AXIS2_PLACEMENT_3D ( 'NONE', #8, #1212, #798 ) ;
#2642 = EDGE_LOOP ( 'NONE', ( #1043, #1104 ) ) ;
#2643 = DIRECTION ( 'NONE',  ( 0.7071067811865535679, 8.659560562354953812E-17, 0.7071067811865415775 ) ) ;
#2644 = DIRECTION ( 'NONE',  ( 1.000000000000000000, 0.000000000000000000, 0.000000000000000000 ) ) ;
#2645 = AXIS2_PLACEMENT_3D ( 'NONE', #1240, #2665, #1818 ) ;
#2646 = DIRECTION ( 'NONE',  ( -0.5680647467311541465, 0.8229838658936576845, 0.000000000000000000 ) ) ;
#2647 = CIRCLE ( 'NONE', #1923, 8.953296703296699022 ) ;
#2648 = DIRECTION ( 'NONE',  ( 0.000000000000000000, 0.000000000000000000, 1.000000000000000000 ) ) ;
#2649 = EDGE_LOOP ( 'NONE', ( #1416, #544 ) ) ;
#2650 = AXIS2_PLACEMENT_3D ( 'NONE', #380, #1215, #1853 ) ;
#2651 = PRESENTATION_STYLE_ASSIGNMENT (( #1168 ) ) ;
#2652 = ORIENTED_EDGE ( 'NONE', *, *, #916, .F. ) ;
#2653 =( LENGTH_UNIT ( ) NAMED_UNIT ( * ) SI_UNIT ( .MILLI., .METRE. ) );
#2654 = EDGE_CURVE ( 'NONE', #529, #1643, #806, .T. ) ;
#2655 = FACE_OUTER_BOUND ( 'NONE', #1988, .T. ) ;
#2656 = EDGE_CURVE ( 'NONE', #1259, #1325, #2443, .T. ) ;
#2657 = ORIENTED_EDGE ( 'NONE', *, *, #2318, .T. ) ;
#2658 = CARTESIAN_POINT ( 'NONE',  ( 0.000000000000000000, 0.000000000000000000, -2.500000000000000000 ) ) ;
#2659 = EDGE_CURVE ( 'NONE', #1403, #1741, #29, .T. ) ;
#2660 = LINE ( 'NONE', #848, #2302 ) ;
#2661 = DIRECTION ( 'NONE',  ( -1.000000000000000000, 0.000000000000000000, 0.000000000000000000 ) ) ;
#2662 = EDGE_LOOP ( 'NONE', ( #807, #2161 ) ) ;
#2663 =( LENGTH_UNIT ( ) NAMED_UNIT ( * ) SI_UNIT ( .MILLI., .METRE. ) );
#2664 = ORIENTED_EDGE ( 'NONE', *, *, #1129, .F. ) ;
#2665 = DIRECTION ( 'NONE',  ( 2.930771622555724984E-17, -1.189060788869129824E-16, 1.000000000000000000 ) ) ;
#2666 = ORIENTED_EDGE ( 'NONE', *, *, #1543, .T. ) ;
#2667 = FILL_AREA_STYLE ('',( #810 ) ) ;
#2668 = CARTESIAN_POINT ( 'NONE',  ( 8.250000000000000000, 0.000000000000000000, 4.336808689942014778E-16 ) ) ;
#2669 = ORIENTED_EDGE ( 'NONE', *, *, #2501, .F. ) ;
#2670 = DIRECTION ( 'NONE',  ( 0.3546048870425393962, 0.9350162426854135012, -0.000000000000000000 ) ) ;
#2671 = DIRECTION ( 'NONE',  ( 0.000000000000000000, 0.000000000000000000, -1.000000000000000000 ) ) ;
#2672 =( NAMED_UNIT ( * ) SI_UNIT ( $, .STERADIAN. ) SOLID_ANGLE_UNIT ( ) );
#2673 = CIRCLE ( 'NONE', #2158, 1.314988271469590408 ) ;
#2674 = EDGE_CURVE ( 'NONE', #781, #1171, #1500, .T. ) ;
#2675 = AXIS2_PLACEMENT_3D ( 'NONE', #1044, #567, #1390 ) ;
#2676 = CARTESIAN_POINT ( 'NONE',  ( 0.000000000000000000, 0.000000000000000000, 4.336808689942014778E-16 ) ) ;
#2677 = EDGE_LOOP ( 'NONE', ( #2107, #21, #175, #1686 ) ) ;
#2678 = AXIS2_PLACEMENT_3D ( 'NONE', #1522, #2573, #1575 ) ;
ENDSEC;
END-ISO-10303-21;
