ISO-10303-21;
HEADER;
FILE_DESCRIPTION (( 'STEP AP214' ),
    '1' );
FILE_NAME ('ASV1_200_15C.STEP',
    '2026-07-31T08:53:12',
    ( '' ),
    ( '' ),
    'SwSTEP 2.0',
    'SolidWorks 2025',
    '' );
FILE_SCHEMA (( 'AUTOMOTIVE_DESIGN' ));
ENDSEC;

DATA;
#1 = CARTESIAN_POINT ( 'NONE',  ( -59.99943826765391464, -24.69054163712895189, -45.99896134174381501 ) ) ;
#2 = CARTESIAN_POINT ( 'NONE',  ( -56.10552439918959067, -21.22168267733404434, -127.2533876800169850 ) ) ;
#3 = CARTESIAN_POINT ( 'NONE',  ( -55.89620779058468258, -14.93276774656608374, -130.6599788553239136 ) ) ;
#4 = ORIENTED_EDGE ( 'NONE', *, *, #2989, .F. ) ;
#5 = VECTOR ( 'NONE', #2113, 1000.000000000000000 ) ;
#6 = CARTESIAN_POINT ( 'NONE',  ( -55.76455127162849834, 22.92516034086835219, -125.7608902864240150 ) ) ;
#7 = VECTOR ( 'NONE', #466, 1000.000000000000000 ) ;
#8 = CARTESIAN_POINT ( 'NONE',  ( -57.00464744718782839, -27.40587047364845219, -121.0870492561671625 ) ) ;
#9 = CARTESIAN_POINT ( 'NONE',  ( -55.74709396644840353, 25.32278360648164650, -122.0127260915745921 ) ) ;
#10 = CARTESIAN_POINT ( 'NONE',  ( -53.25159194364399440, 10.71655688507514093, -130.1290993700023932 ) ) ;
#11 = CARTESIAN_POINT ( 'NONE',  ( -59.50000000000000000, 5.000000000000000000, -37.60000000000000142 ) ) ;
#12 = CARTESIAN_POINT ( 'NONE',  ( -54.45086279581509814, -19.52251197877929911, -126.6555523912729910 ) ) ;
#13 = DIRECTION ( 'NONE',  ( 0.000000000000000000, 0.000000000000000000, 1.000000000000000000 ) ) ;
#14 = CARTESIAN_POINT ( 'NONE',  ( -56.20274298317219319, 27.31072483959914976, -119.3039016914801920 ) ) ;
#15 = ORIENTED_EDGE ( 'NONE', *, *, #3239, .F. ) ;
#16 = PLANE ( 'NONE',  #1892 ) ;
#17 = CARTESIAN_POINT ( 'NONE',  ( -59.99478592031761082, -32.27203615573869655, -100.1783787323922752 ) ) ;
#18 = CARTESIAN_POINT ( 'NONE',  ( -55.54119315505303689, 5.000000000000017764, -132.5000000000000000 ) ) ;
#19 = CARTESIAN_POINT ( 'NONE',  ( -55.83346355405993222, -14.46200947610699217, -130.8338341052494798 ) ) ;
#20 = ORIENTED_EDGE ( 'NONE', *, *, #2505, .T. ) ;
#21 = CARTESIAN_POINT ( 'NONE',  ( -54.87625928491190308, 18.70125626886246195, -128.5897672602545754 ) ) ;
#22 = ADVANCED_FACE ( 'NONE', ( #252 ), #922, .T. ) ;
#23 = AXIS2_PLACEMENT_3D ( 'NONE', #615, #2657, #2691 ) ;
#24 = CARTESIAN_POINT ( 'NONE',  ( -57.56257110848780201, -29.68704033506199735, -117.3635082814699899 ) ) ;
#25 = ADVANCED_FACE ( 'NONE', ( #1032 ), #1784, .T. ) ;
#26 = ADVANCED_FACE ( 'NONE', ( #2313 ), #3102, .T. ) ;
#27 = CARTESIAN_POINT ( 'NONE',  ( -56.79507444758309731, 26.56347384769264863, -122.1999388764416068 ) ) ;
#28 = CARTESIAN_POINT ( 'NONE',  ( -57.17724187187182139, 28.10006781972611734, -120.0887721058406044 ) ) ;
#29 = CARTESIAN_POINT ( 'NONE',  ( -53.49186387318780334, -13.21607962250681823, -129.4882929235845950 ) ) ;
#30 = CARTESIAN_POINT ( 'NONE',  ( -58.79229400937069983, -28.65631478765240203, -119.2162624284583927 ) ) ;
#31 = CARTESIAN_POINT ( 'NONE',  ( -57.09486253779240172, 27.76827095640905085, -120.5800493377654021 ) ) ;
#32 = ORIENTED_EDGE ( 'NONE', *, *, #1921, .T. ) ;
#33 = CARTESIAN_POINT ( 'NONE',  ( -57.00000000000000000, -31.69999999999999929, -104.8000000000000114 ) ) ;
#34 = CARTESIAN_POINT ( 'NONE',  ( -59.40688690797360749, 29.23206115948518402, -118.2262193506942651 ) ) ;
#35 = CARTESIAN_POINT ( 'NONE',  ( -55.94298703607530143, 11.28909761492854003, -131.4903284584630114 ) ) ;
#36 = CARTESIAN_POINT ( 'NONE',  ( -56.00863149979109323, -23.63983328405351259, -125.1868534964181947 ) ) ;
#37 = ORIENTED_EDGE ( 'NONE', *, *, #3132, .F. ) ;
#38 = CARTESIAN_POINT ( 'NONE',  ( -53.83551740343168746, -15.87073835982176817, -128.5290986125796735 ) ) ;
#39 = CARTESIAN_POINT ( 'NONE',  ( -60.00000000000000000, 5.000000000000000000, -104.8000000000000114 ) ) ;
#40 = CARTESIAN_POINT ( 'NONE',  ( -56.67276673384460395, 29.22991333622534782, -115.9276483668864017 ) ) ;
#41 = CARTESIAN_POINT ( 'NONE',  ( -57.97628343408413087, 31.77544688743981638, -111.9726214176930625 ) ) ;
#42 = CARTESIAN_POINT ( 'NONE',  ( -53.87474800530520014, -16.13839398848890028, -128.4164750959693890 ) ) ;
#43 = CARTESIAN_POINT ( 'NONE',  ( -57.00000001498714397, -21.19594131745070342, -127.2717737471032393 ) ) ;
#44 = CARTESIAN_POINT ( 'NONE',  ( -58.00000000000000000, 32.20996641490144441, -109.9872659176040059 ) ) ;
#45 = ORIENTED_EDGE ( 'NONE', *, *, #2505, .F. ) ;
#46 = CARTESIAN_POINT ( 'NONE',  ( -60.00000000000000000, 32.20000000000000284, -109.7999999999999972 ) ) ;
#47 = CARTESIAN_POINT ( 'NONE',  ( -59.99481015113958904, -23.94388785488839488, -45.18153736611319715 ) ) ;
#48 = CARTESIAN_POINT ( 'NONE',  ( -55.83809277981895747, -23.13088558303881115, -125.6026319934976954 ) ) ;
#49 = EDGE_LOOP ( 'NONE', ( #369, #2045, #1132, #2206 ) ) ;
#50 = CARTESIAN_POINT ( 'NONE',  ( -55.03756440528885463, 19.54561949994092629, -128.1161428689901527 ) ) ;
#51 = PRODUCT_DEFINITION ( 'UNKNOWN', '', #1807, #1048 ) ;
#52 = CARTESIAN_POINT ( 'NONE',  ( -58.83866842960300403, -28.84218888417099080, -118.9010861308522919 ) ) ;
#53 = VECTOR ( 'NONE', #1024, 1000.000000000000000 ) ;
#54 = B_SPLINE_CURVE_WITH_KNOTS ( 'NONE', 3,
 ( #2317, #8, #1562, #1581, #2018, #1255, #3058, #2592, #1307, #551, #3023, #804, #2088, #533, #733, #2284, #1770, #280, #3075, #2576, #787, #1806, #1837, #2036, #24, #3293, #1530, #3041, #1058, #2774, #749, #484, #3089, #1273, #2789, #500, #767, #515, #1547, #629, #2653, #2853, #2131, #2144, #2373, #2670, #67, #1408, #3135, #1613, #2118 ),
 .UNSPECIFIED., .F., .F.,
 ( 4, 1, 1, 1, 2, 2, 2, 1, 1, 1, 2, 2, 2, 1, 1, 2, 2, 2, 1, 1, 2, 2, 2, 1, 1, 2, 2, 1, 1, 1, 2, 2, 4 ),
 ( 0.2124477228595461342, 0.2187500000000550116, 0.2343750000000615064, 0.2421875000000640044, 0.2460937500000645040, 0.2500000000000645040, 0.3125000000000530131, 0.3437500000000470179, 0.3593750000000450195, 0.3671875000000430211, 0.3710937500000420219, 0.3750000000000410227, 0.4375000000000274780, 0.4687500000000219824, 0.4843750000000189848, 0.4921875000000179856, 0.5000000000000179856, 0.5625000000000279776, 0.5937500000000328626, 0.6093750000000339728, 0.6171875000000328626, 0.6250000000000329736, 0.6875000000000438538, 0.7187500000000499600, 0.7343750000000519584, 0.7421875000000509592, 0.7500000000000509592, 0.8125000000000349720, 0.8437500000000269784, 0.8593750000000229816, 0.8671875000000219824, 0.8750000000000209832, 1.000000000000000000 ),
 .UNSPECIFIED. ) ;
#55 = CARTESIAN_POINT ( 'NONE',  ( -56.91565911049033843, -30.42392060533386200, -112.9024274470397557 ) ) ;
#56 = CARTESIAN_POINT ( 'NONE',  ( -57.34961949144359750, 28.79876266999425738, -118.9831820391434292 ) ) ;
#57 = CARTESIAN_POINT ( 'NONE',  ( -55.71778231494099742, -24.81422334780020122, -122.7846085000872023 ) ) ;
#58 = CARTESIAN_POINT ( 'NONE',  ( -55.58721494189990153, 22.14595833148430160, -126.3678992918461859 ) ) ;
#59 = CARTESIAN_POINT ( 'NONE',  ( -56.43726051002280286, 28.24842855227645089, -117.7909806731329923 ) ) ;
#60 = DIRECTION ( 'NONE',  ( 1.000000000000000000, 0.000000000000000000, 0.000000000000000000 ) ) ;
#61 = CARTESIAN_POINT ( 'NONE',  ( -59.99155180215740302, -24.19707084345961690, -45.40146135961384743 ) ) ;
#62 = CARTESIAN_POINT ( 'NONE',  ( -54.93806521449356239, -11.29208112232569761, -131.7776613174280271 ) ) ;
#63 = CYLINDRICAL_SURFACE ( 'NONE', #2430, 0.5000000000000004441 ) ;
#64 = ORIENTED_EDGE ( 'NONE', *, *, #2888, .F. ) ;
#65 = CARTESIAN_POINT ( 'NONE',  ( -57.00000000000000000, 29.06019965734752830, -117.4825668415145969 ) ) ;
#66 = LINE ( 'NONE', #1512, #53 ) ;
#67 = CARTESIAN_POINT ( 'NONE',  ( -57.96835251410539769, -31.75460610926134919, -111.9751417042545967 ) ) ;
#68 = VERTEX_POINT ( 'NONE', #1833 ) ;
#69 = ADVANCED_FACE ( 'NONE', ( #3052, #3071 ), #2467, .F. ) ;
#70 = VECTOR ( 'NONE', #2781, 1000.000000000000000 ) ;
#71 = CARTESIAN_POINT ( 'NONE',  ( -56.32404247004833309, -27.79288882527081839, -118.5530883984189927 ) ) ;
#72 = FACE_OUTER_BOUND ( 'NONE', #1994, .T. ) ;
#73 = EDGE_CURVE ( 'NONE', #526, #1101, #2043, .T. ) ;
#74 = CARTESIAN_POINT ( 'NONE',  ( -55.50564824020199950, -24.48614885380704820, -122.7728377742137980 ) ) ;
#75 = CARTESIAN_POINT ( 'NONE',  ( -53.02428247405529049, 58.50000000000000000, -130.7147189345587890 ) ) ;
#76 = DIRECTION ( 'NONE',  ( -1.000000000000000000, 0.000000000000000000, 0.000000000000000000 ) ) ;
#77 = CARTESIAN_POINT ( 'NONE',  ( -59.87275257222150060, 31.53348604068879979, -113.7796961129341895 ) ) ;
#78 = CARTESIAN_POINT ( 'NONE',  ( -59.13114459292620495, 27.62363480120405157, -120.0679169871213929 ) ) ;
#79 = CARTESIAN_POINT ( 'NONE',  ( -55.42639687838665452, -16.12108353956015705, -130.1695008484249172 ) ) ;
#80 = CARTESIAN_POINT ( 'NONE',  ( -56.30920165799648203, -24.64434033080995690, -124.2901866465742131 ) ) ;
#81 = VERTEX_POINT ( 'NONE', #813 ) ;
#82 = CARTESIAN_POINT ( 'NONE',  ( -60.00000000000000000, 32.20000000000000284, -64.79999999999999716 ) ) ;
#83 = CARTESIAN_POINT ( 'NONE',  ( -60.00000000000000711, 32.23347912697615669, -101.1970936363710649 ) ) ;
#84 = CARTESIAN_POINT ( 'NONE',  ( -57.85908445458279914, -24.94341221217199589, -124.0250925557811996 ) ) ;
#85 = VERTEX_POINT ( 'NONE', #2553 ) ;
#86 = DIRECTION ( 'NONE',  ( -1.000000000000000000, 0.000000000000000000, 0.000000000000000000 ) ) ;
#87 = CARTESIAN_POINT ( 'NONE',  ( -54.11841997906053336, -13.82628111044029140, -130.6658022627732407 ) ) ;
#88 = CARTESIAN_POINT ( 'NONE',  ( -58.00000000000000000, 5.000000000000000000, -37.10000000000000142 ) ) ;
#89 = B_SPLINE_SURFACE_WITH_KNOTS ( 'NONE', 1, 3, ( 
 ( #2777, #503, #247, #2726, #3261, #2543, #2527, #752, #944, #3044, #1011, #1514, #1973, #178, #2977, #232, #1499, #1791, #436, #1464, #1482, #2236, #2992, #3244, #2005, #959 ),
 ( #1988, #2252, #3009, #720, #2762, #1242, #2271, #994, #1088, #2625, #1870, #568, #2808, #2823, #2871, #2302, #1583, #772, #3122, #2120, #537, #1855, #2579, #1043, #2856, #553 ) ),
 .UNSPECIFIED., .F., .F., .F.,
 ( 2, 2 ),
 ( 4, 2, 2, 2, 2, 2, 2, 2, 2, 2, 2, 2, 4 ),
 ( 0.000000000000000000, 1.000000000000000000 ),
 ( 0.005020492411177049537, 0.007476574861069319733, 0.009932657310961590796, 0.01484482221074613986, 0.01730090466063840052, 0.01975698711053069934, 0.02466915201031524840, 0.02712523446020749865, 0.02958131691009980094, 0.03449348180988435347, 0.03694956425977660025, 0.03940564670966889560, 0.04431781160945345160 ),
 .UNSPECIFIED. ) ;
#90 = CARTESIAN_POINT ( 'NONE',  ( -55.97335219300659759, -26.45643587560254772, -120.5701712733775963 ) ) ;
#91 = DIRECTION ( 'NONE',  ( 0.000000000000000000, 0.000000000000000000, 1.000000000000000000 ) ) ;
#92 = CARTESIAN_POINT ( 'NONE',  ( -56.26511580119079525, -17.40691086418464906, -129.6167997338012299 ) ) ;
#93 = CARTESIAN_POINT ( 'NONE',  ( -57.36521276947350145, -28.86314851653014912, -118.8665961175674113 ) ) ;
#94 = CARTESIAN_POINT ( 'NONE',  ( -60.00000000000000000, 32.40385813629534795, -110.6049903430662056 ) ) ;
#95 = CARTESIAN_POINT ( 'NONE',  ( -57.46658964840430173, 23.30350532225819649, -125.6063473063659899 ) ) ;
#96 = CARTESIAN_POINT ( 'NONE',  ( -55.44940847281080920, -16.30832844201620091, -130.0867506098134356 ) ) ;
#97 = CARTESIAN_POINT ( 'NONE',  ( -57.00000002218695272, 18.56012324673653779, -128.5349939456381776 ) ) ;
#98 = EDGE_LOOP ( 'NONE', ( #429, #2972, #2844, #1253 ) ) ;
#99 = FACE_OUTER_BOUND ( 'NONE', #1212, .T. ) ;
#100 = CARTESIAN_POINT ( 'NONE',  ( -55.69915424639856383, 7.384680412283078255, -132.1076929559340840 ) ) ;
#101 = DIRECTION ( 'NONE',  ( 0.000000000000000000, 0.000000000000000000, 1.000000000000000000 ) ) ;
#102 = ORIENTED_EDGE ( 'NONE', *, *, #1111, .F. ) ;
#103 = CARTESIAN_POINT ( 'NONE',  ( -54.98273460990299810, -22.39702652681850026, -124.9268175124125975 ) ) ;
#104 = CARTESIAN_POINT ( 'NONE',  ( -55.66915460103105318, -22.51209266610862869, -126.0936106767340021 ) ) ;
#105 = DIRECTION ( 'NONE',  ( 0.000000000000000000, 0.000000000000000000, 1.000000000000000000 ) ) ;
#106 = B_SPLINE_CURVE_WITH_KNOTS ( 'NONE', 1,
 ( #218, #2797 ),
 .UNSPECIFIED., .F., .F.,
 ( 2, 2 ),
 ( 0.3333333333333655113, 0.7391304347826139765 ),
 .UNSPECIFIED. ) ;
#107 = CARTESIAN_POINT ( 'NONE',  ( -55.41278190816449722, -24.08534521240784798, -123.1631798665022046 ) ) ;
#108 = DIRECTION ( 'NONE',  ( -1.000000000000000000, 0.000000000000000000, 0.000000000000000000 ) ) ;
#109 = CARTESIAN_POINT ( 'NONE',  ( -58.30432544849603715, -25.00973335035396161, -124.0191454660715067 ) ) ;
#110 = AXIS2_PLACEMENT_3D ( 'NONE', #1985, #415, #1446 ) ;
#111 = CARTESIAN_POINT ( 'NONE',  ( -57.78409806841720098, -30.67768428122795044, -115.2118430147485952 ) ) ;
#112 = EDGE_CURVE ( 'NONE', #2531, #900, #186, .T. ) ;
#113 = CARTESIAN_POINT ( 'NONE',  ( -56.99999999999999289, 19.04187789066471126, -128.4379709144174058 ) ) ;
#114 = CARTESIAN_POINT ( 'NONE',  ( -58.84244079195518395, 27.08370871699097293, -121.5980407676974693 ) ) ;
#115 = CARTESIAN_POINT ( 'NONE',  ( -53.17224124196122403, 9.609590621729966031, -130.3356864238584762 ) ) ;
#116 = ORIENTED_EDGE ( 'NONE', *, *, #73, .T. ) ;
#117 = CARTESIAN_POINT ( 'NONE',  ( -56.71068093794849574, -26.22052865145195000, -122.6050744870320131 ) ) ;
#118 = CARTESIAN_POINT ( 'NONE',  ( -59.99155314092051583, 32.29151381815312760, -100.5324843111198447 ) ) ;
#119 = CARTESIAN_POINT ( 'NONE',  ( -54.69377874029409980, 5.000000000000000000, -132.5000000000000000 ) ) ;
#120 = VERTEX_POINT ( 'NONE', #3129 ) ;
#121 =( GEOMETRIC_REPRESENTATION_CONTEXT ( 3 ) GLOBAL_UNCERTAINTY_ASSIGNED_CONTEXT ( ( #2550 ) ) GLOBAL_UNIT_ASSIGNED_CONTEXT ( ( #1520, #1797, #3013 ) ) REPRESENTATION_CONTEXT ( 'NONE', 'WORKASPACE' ) );
#122 = FACE_OUTER_BOUND ( 'NONE', #1950, .T. ) ;
#123 = CARTESIAN_POINT ( 'NONE',  ( -57.00000000000000711, -31.12149536935153904, -110.3472363028985228 ) ) ;
#124 = FACE_BOUND ( 'NONE', #3073, .T. ) ;
#125 = CIRCLE ( 'NONE', #1698, 26.70000000000000284 ) ;
#126 = CARTESIAN_POINT ( 'NONE',  ( -55.71134645202489821, -24.72889177881294742, -122.9071600639406086 ) ) ;
#127 = CARTESIAN_POINT ( 'NONE',  ( -55.27571068405089960, 20.70532780696199993, -127.3773548367762061 ) ) ;
#128 = CARTESIAN_POINT ( 'NONE',  ( -58.01935174280743723, -23.88404384900340816, -125.1288173606793919 ) ) ;
#129 = LINE ( 'NONE', #3209, #328 ) ;
#130 = CARTESIAN_POINT ( 'NONE',  ( -55.72078119239219518, 11.47117861317940068, -132.0541249690331824 ) ) ;
#131 = CARTESIAN_POINT ( 'NONE',  ( -58.01366202351439938, 25.57316934024814969, -123.3651069271359972 ) ) ;
#132 = CIRCLE ( 'NONE', #1646, 27.20000000000000284 ) ;
#133 = CARTESIAN_POINT ( 'NONE',  ( -54.64071916673284335, 20.50145767274132069, -126.0299627818453274 ) ) ;
#134 = ORIENTED_EDGE ( 'NONE', *, *, #2238, .F. ) ;
#135 = CARTESIAN_POINT ( 'NONE',  ( -56.89596189811869920, -26.96899831341970000, -121.6747084982864067 ) ) ;
#136 = CARTESIAN_POINT ( 'NONE',  ( -60.00000000000000000, 32.20000000000000284, -101.3245966692414015 ) ) ;
#137 = CARTESIAN_POINT ( 'NONE',  ( -54.98611823240864993, 11.93830797815274281, -131.6340196791927895 ) ) ;
#138 = ORIENTED_EDGE ( 'NONE', *, *, #220, .T. ) ;
#139 = EDGE_CURVE ( 'NONE', #68, #1778, #847, .T. ) ;
#140 = CARTESIAN_POINT ( 'NONE',  ( -60.00000000000000000, 24.74891882680354627, -46.09651890229250171 ) ) ;
#141 = FACE_OUTER_BOUND ( 'NONE', #1442, .T. ) ;
#142 = DIRECTION ( 'NONE',  ( 0.000000000000000000, -0.1838235294117649687, -0.9829592616352937906 ) ) ;
#143 = CARTESIAN_POINT ( 'NONE',  ( -55.82168835496329962, 25.82379318354984932, -121.3320189988617983 ) ) ;
#144 = CARTESIAN_POINT ( 'NONE',  ( -57.60762368766609143, -23.92570882665399878, -125.0888544578692176 ) ) ;
#145 = CARTESIAN_POINT ( 'NONE',  ( -55.91744052060829517, -26.18564952381905186, -120.8686402216443980 ) ) ;
#146 = CARTESIAN_POINT ( 'NONE',  ( -54.92426808436409402, -18.93729656630710068, -128.4444629939418121 ) ) ;
#147 = CARTESIAN_POINT ( 'NONE',  ( -57.87145359666723721, 23.25246198304701650, -125.6513725943028987 ) ) ;
#148 = DIRECTION ( 'NONE',  ( 1.000000000000000000, 0.000000000000000000, 0.000000000000000000 ) ) ;
#149 = ORIENTED_EDGE ( 'NONE', *, *, #724, .T. ) ;
#150 = CARTESIAN_POINT ( 'NONE',  ( -56.20356259039469649, -13.53530453850746085, -130.8041876411370197 ) ) ;
#151 = FACE_OUTER_BOUND ( 'NONE', #644, .T. ) ;
#152 = CARTESIAN_POINT ( 'NONE',  ( -56.40117412242648953, 15.89517139232529708, -130.2705447551552993 ) ) ;
#153 = CARTESIAN_POINT ( 'NONE',  ( -55.41419575908219031, 16.02100285002576641, -130.2131593334181616 ) ) ;
#154 = ORIENTED_EDGE ( 'NONE', *, *, #3090, .F. ) ;
#155 = CARTESIAN_POINT ( 'NONE',  ( -57.42738461960470175, -29.11914268959055363, -118.4230015102469906 ) ) ;
#156 = CARTESIAN_POINT ( 'NONE',  ( -59.01258618571583980, -27.17622986160350607, -120.6635150320968251 ) ) ;
#157 = CIRCLE ( 'NONE', #543, 27.70000000000000284 ) ;
#158 = CARTESIAN_POINT ( 'NONE',  ( -55.66637117496620135, 23.48533966106334603, -124.7074643146099930 ) ) ;
#159 = CARTESIAN_POINT ( 'NONE',  ( -53.60798457809499951, 7.398043355439309465, -131.9403147817912156 ) ) ;
#160 = CARTESIAN_POINT ( 'NONE',  ( -57.19183180093970265, -22.09057850109194732, -126.6136343590192013 ) ) ;
#161 = CARTESIAN_POINT ( 'NONE',  ( -59.99155104656666282, 24.22909083735924440, -45.43328942439676155 ) ) ;
#162 = CIRCLE ( 'NONE', #2112, 3.049999999999997158 ) ;
#163 = CARTESIAN_POINT ( 'NONE',  ( -56.54129449161559506, 29.99276975404849921, -117.1412346351216058 ) ) ;
#164 = CARTESIAN_POINT ( 'NONE',  ( -57.05212606039350476, -21.45107670011304535, -127.0999401235657871 ) ) ;
#165 = ADVANCED_FACE ( 'NONE', ( #1369 ), #2382, .T. ) ;
#166 = DIRECTION ( 'NONE',  ( 0.000000000000000000, 0.000000000000000000, 1.000000000000000000 ) ) ;
#167 = EDGE_LOOP ( 'NONE', ( #1471, #2352, #1880, #2850 ) ) ;
#168 = CIRCLE ( 'NONE', #1793, 27.20000000000000284 ) ;
#169 = CARTESIAN_POINT ( 'NONE',  ( -59.30177466053348212, 30.81869853903039669, -114.8347305936910772 ) ) ;
#170 = CARTESIAN_POINT ( 'NONE',  ( -55.42500776058775358, 10.60604303615350297, -131.9307278942503103 ) ) ;
#171 = CARTESIAN_POINT ( 'NONE',  ( -56.35061923409200091, 14.64704870534572123, -130.4065145362659734 ) ) ;
#172 = VERTEX_POINT ( 'NONE', #1249 ) ;
#173 = CARTESIAN_POINT ( 'NONE',  ( -55.91163013822925620, 23.33661507891236297, -125.4443709557273081 ) ) ;
#174 = CARTESIAN_POINT ( 'NONE',  ( -59.90657016219250153, -30.89055808271722725, -113.1809811590983372 ) ) ;
#175 = B_SPLINE_CURVE_WITH_KNOTS ( 'NONE', 3,
 ( #1500, #1465, #1989, #1705, #945, #2253, #2763, #2743, #179, #3227, #977, #2993, #704, #2713, #2512, #161, #1483, #198, #2006, #2220, #721, #214, #2272, #3279, #1969, #2456, #414, #140 ),
 .UNSPECIFIED., .F., .F.,
 ( 4, 2, 1, 2, 2, 2, 1, 1, 1, 2, 2, 2, 1, 1, 2, 2, 4 ),
 ( 0.000000000000000000, 0.06249999999998157030, 0.09374999999997229994, 0.1093749999999669709, 0.1249999999999616418, 0.2499999999999211742, 0.3749999999998807065, 0.4374999999998628319, 0.4687499999998519518, 0.4843749999998465117, 0.4999999999998410716, 0.6249999999998748779, 0.6874999999998964162, 0.7187499999999071854, 0.7343749999999142908, 0.7499999999999215072, 1.000000000000000000 ),
 .UNSPECIFIED. ) ;
#176 = CARTESIAN_POINT ( 'NONE',  ( -55.76455127162849834, 22.92516034086835219, -125.7608902864240150 ) ) ;
#177 = CARTESIAN_POINT ( 'NONE',  ( -53.82102327385089779, 10.94316567908832027, -131.4183607177929787 ) ) ;
#178 = CARTESIAN_POINT ( 'NONE',  ( -57.53961410120550113, -22.32133566025600047, -126.8142113436909995 ) ) ;
#179 = CARTESIAN_POINT ( 'NONE',  ( -59.99734036604682785, 23.81991105808501175, -45.08772426414443402 ) ) ;
#180 = EDGE_CURVE ( 'NONE', #2782, #710, #2744, .T. ) ;
#181 = AXIS2_PLACEMENT_3D ( 'NONE', #1082, #1850, #1068 ) ;
#182 = CARTESIAN_POINT ( 'NONE',  ( -54.15656885751109684, -14.10218348680261968, -130.5652053265921779 ) ) ;
#183 = CARTESIAN_POINT ( 'NONE',  ( -56.08676914671924862, -13.65353896059029637, -131.1167127007213935 ) ) ;
#184 = CARTESIAN_POINT ( 'NONE',  ( -58.70293540439501356, 25.98914274770968902, -122.2313765127029797 ) ) ;
#185 = ORIENTED_EDGE ( 'NONE', *, *, #928, .F. ) ;
#186 = B_SPLINE_CURVE_WITH_KNOTS ( 'NONE', 3,
 ( #3288, #1849, #561, #781, #495, #745, #2603, #256, #304, #2, #2032, #529, #1335, #3037, #2534, #240, #2295, #1269, #2048, #1036, #2816, #2800, #2572, #2155, #96, #1144, #576, #79, #317, #1657, #1350, #605, #3162, #2173, #2415, #2913, #898, #62, #861, #2929, #642, #1094 ),
 .UNSPECIFIED., .F., .F.,
 ( 4, 2, 2, 2, 1, 1, 1, 1, 1, 2, 2, 2, 2, 2, 1, 1, 1, 1, 2, 2, 2, 2, 2, 1, 2, 4 ),
 ( 0.000000000000000000, 0.1250000000001950384, 0.1875000000002913225, 0.2187500000003395340, 0.2343750000003644862, 0.2421875000003778922, 0.2460937500003834988, 0.2480468750003861911, 0.2490234375003875789, 0.2495117187503874123, 0.2500000000003871903, 0.3750000000003521627, 0.4375000000003348433, 0.4687500000003256839, 0.4843750000003204104, 0.4921875000003175793, 0.4960937500003168577, 0.4980468750003166356, 0.4990234375003159695, 0.5000000000003151923, 0.6250000000002361444, 0.6875000000001970646, 0.7031250000001872946, 0.7187500000001774136, 0.7500000000001579847, 1.000000000000000000 ),
 .UNSPECIFIED. ) ;
#187 = CARTESIAN_POINT ( 'NONE',  ( -59.48259053541283237, 31.87186131770503650, -111.5800839081114617 ) ) ;
#188 = VECTOR ( 'NONE', #2701, 1000.000000000000000 ) ;
#189 = CARTESIAN_POINT ( 'NONE',  ( -59.99625976695154606, -32.26286590343065086, -101.0043818794933372 ) ) ;
#190 = CARTESIAN_POINT ( 'NONE',  ( -58.84244079195518395, 27.08370871699097293, -121.5980407676974693 ) ) ;
#191 = DIRECTION ( 'NONE',  ( 1.000000000000000000, 0.000000000000000000, 0.000000000000000000 ) ) ;
#192 = ORIENTED_EDGE ( 'NONE', *, *, #73, .F. ) ;
#193 = CARTESIAN_POINT ( 'NONE',  ( -56.94755722266400255, -30.61364192659019778, -112.3230158153293985 ) ) ;
#194 = CARTESIAN_POINT ( 'NONE',  ( -59.53677403040836680, -29.21390197578129033, -117.2918809400324420 ) ) ;
#195 = CARTESIAN_POINT ( 'NONE',  ( -56.99999999999916156, -18.68333269695396837, -128.5261935771141566 ) ) ;
#196 = CARTESIAN_POINT ( 'NONE',  ( -55.97332557918309703, 26.45632553912374973, -120.5703095659922042 ) ) ;
#197 = DIRECTION ( 'NONE',  ( 0.000000000000000000, -1.784823792972527078E-15, 1.000000000000000000 ) ) ;
#198 = CARTESIAN_POINT ( 'NONE',  ( -59.99155181005867377, 24.28377321541149669, -45.48764854227869847 ) ) ;
#199 = EDGE_CURVE ( 'NONE', #2225, #2986, #1995, .T. ) ;
#200 = CARTESIAN_POINT ( 'NONE',  ( -53.72530978535090185, 17.58913964366415073, -128.8588763785841991 ) ) ;
#201 = FACE_OUTER_BOUND ( 'NONE', #2619, .T. ) ;
#202 = VERTEX_POINT ( 'NONE', #3283 ) ;
#203 = ORIENTED_EDGE ( 'NONE', *, *, #2166, .F. ) ;
#204 = DIRECTION ( 'NONE',  ( 0.000000000000000000, 1.734723475976804876E-16, -1.000000000000000000 ) ) ;
#205 = CARTESIAN_POINT ( 'NONE',  ( -59.99944039958906927, -32.22484731392434298, -101.2205494849203262 ) ) ;
#206 = CARTESIAN_POINT ( 'NONE',  ( -58.94213498342700319, 29.25878123371024842, -118.1777340634200186 ) ) ;
#207 = DIRECTION ( 'NONE',  ( 0.3833333333333334703, 0.000000000000000000, -0.9236100668331607144 ) ) ;
#208 = VERTEX_POINT ( 'NONE', #460 ) ;
#209 = CARTESIAN_POINT ( 'NONE',  ( -56.22362865050266834, 24.33957166005931683, -124.5740426478036227 ) ) ;
#210 = CARTESIAN_POINT ( 'NONE',  ( -60.00000000000000000, -31.73649191647999501, -109.7999999999999972 ) ) ;
#211 = DIRECTION ( 'NONE',  ( 0.000000000000000000, -1.734723475976804876E-16, 1.000000000000000000 ) ) ;
#212 = CARTESIAN_POINT ( 'NONE',  ( -53.79836180692740299, 15.61817110238514950, -128.6356803416643970 ) ) ;
#213 = LINE ( 'NONE', #1774, #1097 ) ;
#214 = CARTESIAN_POINT ( 'NONE',  ( -59.99413262784027268, 24.47497285256607213, -45.70199350482230471 ) ) ;
#215 = CARTESIAN_POINT ( 'NONE',  ( -54.26766777730399838, -14.93656426977492124, -130.2736845256820004 ) ) ;
#216 = DIRECTION ( 'NONE',  ( 0.000000000000000000, 0.000000000000000000, -1.000000000000000000 ) ) ;
#217 = CARTESIAN_POINT ( 'NONE',  ( -55.30873112717282680, 15.12971750692967809, -130.5822481379371141 ) ) ;
#218 = CARTESIAN_POINT ( 'NONE',  ( -53.56938387632339982, 5.000000000000000000, -132.0333333333333883 ) ) ;
#219 = ORIENTED_EDGE ( 'NONE', *, *, #1292, .F. ) ;
#220 = EDGE_CURVE ( 'NONE', #1127, #81, #1723, .T. ) ;
#221 = CIRCLE ( 'NONE', #2108, 0.4999999999999972244 ) ;
#222 = CARTESIAN_POINT ( 'NONE',  ( -58.84794958145101162, 28.87938863492263053, -118.8380065914812889 ) ) ;
#223 = CARTESIAN_POINT ( 'NONE',  ( -56.91542102187275987, 20.79295967134988032, -127.5568161555878675 ) ) ;
#224 = CARTESIAN_POINT ( 'NONE',  ( -59.07764411289140583, 29.81859309517725265, -117.1080570746860019 ) ) ;
#225 = CARTESIAN_POINT ( 'NONE',  ( -56.57730769697747775, -19.08980450334795620, -128.6498527136512280 ) ) ;
#226 = ORIENTED_EDGE ( 'NONE', *, *, #535, .F. ) ;
#227 = CIRCLE ( 'NONE', #595, 2.000000000000001776 ) ;
#228 = DIRECTION ( 'NONE',  ( 0.000000000000000000, 0.000000000000000000, 1.000000000000000000 ) ) ;
#229 = EDGE_CURVE ( 'NONE', #208, #1709, #1396, .T. ) ;
#230 = CARTESIAN_POINT ( 'NONE',  ( -55.66664374441030105, 24.24547711592660093, -123.5599690527709953 ) ) ;
#231 = CARTESIAN_POINT ( 'NONE',  ( -57.36521635506439765, 28.86316321333415047, -118.8665711794102009 ) ) ;
#232 = CARTESIAN_POINT ( 'NONE',  ( -57.10130662293070003, -20.35164693340235331, -128.2302543236476140 ) ) ;
#233 = CARTESIAN_POINT ( 'NONE',  ( -53.65523643552879918, -14.56171294274500028, -129.0386477244869923 ) ) ;
#234 = CYLINDRICAL_SURFACE ( 'NONE', #3057, 27.70000000000000284 ) ;
#235 = CARTESIAN_POINT ( 'NONE',  ( -57.35044804340532920, -22.79056139881561549, -126.0318492853220960 ) ) ;
#236 = DIRECTION ( 'NONE',  ( 1.000000000000000000, 0.000000000000000000, 0.000000000000000000 ) ) ;
#237 = ORIENTED_EDGE ( 'NONE', *, *, #483, .F. ) ;
#238 = DIRECTION ( 'NONE',  ( 0.7071067811865531239, 0.7071067811865420216, 1.226634733346688217E-16 ) ) ;
#239 = CARTESIAN_POINT ( 'NONE',  ( -55.83259223616230571, 14.45537855883074307, -130.8362431248272912 ) ) ;
#240 = CARTESIAN_POINT ( 'NONE',  ( -56.08018381905551308, -21.03030038663848700, -127.3902518657154843 ) ) ;
#241 = CARTESIAN_POINT ( 'NONE',  ( -57.00000000000000000, 18.86463125145783692, -128.4880472264705418 ) ) ;
#242 = ORIENTED_EDGE ( 'NONE', *, *, #1445, .F. ) ;
#243 = CARTESIAN_POINT ( 'NONE',  ( -56.33263907877292809, 24.73092136869232860, -124.2077181248968003 ) ) ;
#244 = EDGE_CURVE ( 'NONE', #1993, #1993, #1788, .T. ) ;
#245 = CARTESIAN_POINT ( 'NONE',  ( -59.99883708039600805, 32.23525860069667459, -99.93054792841989808 ) ) ;
#246 = CARTESIAN_POINT ( 'NONE',  ( -56.47097527650630155, 25.24152365016644950, -123.7215410546785961 ) ) ;
#247 = CARTESIAN_POINT ( 'NONE',  ( -59.98358977814289972, -32.22039301205110462, -111.4127715547761852 ) ) ;
#248 = CARTESIAN_POINT ( 'NONE',  ( -54.70618669017229507, -20.82782824263304988, -125.8081770770731964 ) ) ;
#249 = CARTESIAN_POINT ( 'NONE',  ( -55.20335134754050443, -5.000000000000000000, -132.5000000000000000 ) ) ;
#250 = CARTESIAN_POINT ( 'NONE',  ( -56.06306043767990133, 26.75954549142445416, -120.0957255564411952 ) ) ;
#251 = CARTESIAN_POINT ( 'NONE',  ( -59.50000000000000000, 5.000000000000000000, -37.10000000000000142 ) ) ;
#252 = FACE_OUTER_BOUND ( 'NONE', #2787, .T. ) ;
#253 = CARTESIAN_POINT ( 'NONE',  ( -56.94300913658649677, 30.59297629889574921, -112.3725657293900042 ) ) ;
#254 = AXIS2_PLACEMENT_3D ( 'NONE', #1974, #3029, #2494 ) ;
#255 = CARTESIAN_POINT ( 'NONE',  ( -59.99999999999999289, -23.70698654862941268, -45.00796057069247524 ) ) ;
#256 = CARTESIAN_POINT ( 'NONE',  ( -56.15148300507359380, -21.57429566420616496, -126.9945384422765642 ) ) ;
#257 = CARTESIAN_POINT ( 'NONE',  ( -57.00000000000002842, 18.80495063563900615, -128.5029406322640568 ) ) ;
#258 = ORIENTED_EDGE ( 'NONE', *, *, #784, .T. ) ;
#259 = CARTESIAN_POINT ( 'NONE',  ( -55.57239085803942658, 22.09316388635681960, -126.4310425861508378 ) ) ;
#260 = EDGE_CURVE ( 'NONE', #1405, #2229, #1799, .T. ) ;
#261 = CARTESIAN_POINT ( 'NONE',  ( -55.66522951846290113, 24.23090576644674954, -123.5790147532769936 ) ) ;
#262 = CARTESIAN_POINT ( 'NONE',  ( -57.83406461696230139, 30.92466615121485063, -114.5806824647727922 ) ) ;
#263 = FACE_OUTER_BOUND ( 'NONE', #3249, .T. ) ;
#264 = CARTESIAN_POINT ( 'NONE',  ( -54.56616789484190377, -20.12384449118715324, -126.2790710543320074 ) ) ;
#265 = CARTESIAN_POINT ( 'NONE',  ( -59.54185327481509660, -29.22652376617620007, -117.3279515085094005 ) ) ;
#266 = CARTESIAN_POINT ( 'NONE',  ( -57.50623323924239827, 29.44799173185639773, -117.8236347674831990 ) ) ;
#267 = CARTESIAN_POINT ( 'NONE',  ( -56.99999999999998579, 29.06024102958287969, -117.4824569823800431 ) ) ;
#268 = VERTEX_POINT ( 'NONE', #270 ) ;
#269 = EDGE_CURVE ( 'NONE', #3059, #526, #1300, .T. ) ;
#270 = CARTESIAN_POINT ( 'NONE',  ( -57.00000000000000000, 5.000000000000000000, -38.10000000000000142 ) ) ;
#271 = EDGE_CURVE ( 'NONE', #2813, #507, #755, .T. ) ;
#272 = CARTESIAN_POINT ( 'NONE',  ( -59.75046543025326429, 30.63673598422046851, -115.3210798071075516 ) ) ;
#273 = CARTESIAN_POINT ( 'NONE',  ( -57.00000001498714397, -21.19594131745070342, -127.2717737471032393 ) ) ;
#274 = ADVANCED_BREP_SHAPE_REPRESENTATION ( 'ASV1_200_15C', ( #413, #1485, #938 ), #121 ) ;
#275 = CARTESIAN_POINT ( 'NONE',  ( -55.83706332423307828, -14.48935348261615808, -130.8238789330514180 ) ) ;
#276 = ORIENTED_EDGE ( 'NONE', *, *, #1878, .F. ) ;
#277 = VECTOR ( 'NONE', #312, 1000.000000000000000 ) ;
#278 = EDGE_CURVE ( 'NONE', #1509, #68, #3083, .T. ) ;
#279 = CARTESIAN_POINT ( 'NONE',  ( -55.76455127162849834, 22.92516034086835219, -125.7608902864240150 ) ) ;
#280 = CARTESIAN_POINT ( 'NONE',  ( -57.38272908534389671, -28.93469113567245188, -118.7474657168172030 ) ) ;
#281 = CARTESIAN_POINT ( 'NONE',  ( -53.22975429865849861, 10.43445377787559813, -130.1861826797689901 ) ) ;
#282 = CARTESIAN_POINT ( 'NONE',  ( -60.02454253623329805, -5.000000000000000000, -132.5000000000000000 ) ) ;
#283 = CARTESIAN_POINT ( 'NONE',  ( -56.31788154224189924, -25.22640441095395047, -123.6936992201266037 ) ) ;
#284 = CARTESIAN_POINT ( 'NONE',  ( -59.50000000000000000, -32.70000000000000284, -64.79999999999999716 ) ) ;
#285 = CARTESIAN_POINT ( 'NONE',  ( -57.42738788739160327, 29.11915621341039895, -118.4229775605859913 ) ) ;
#286 = ORIENTED_EDGE ( 'NONE', *, *, #1710, .F. ) ;
#287 = FACE_OUTER_BOUND ( 'NONE', #49, .T. ) ;
#288 = CARTESIAN_POINT ( 'NONE',  ( -59.50368781837678256, 29.61385434794345883, -117.5128009192135607 ) ) ;
#289 = DIRECTION ( 'NONE',  ( 0.000000000000000000, 0.000000000000000000, -1.000000000000000000 ) ) ;
#290 = DIRECTION ( 'NONE',  ( 0.000000000000000000, 0.000000000000000000, -1.000000000000000000 ) ) ;
#291 = EDGE_LOOP ( 'NONE', ( #3054, #1930, #2755, #541 ) ) ;
#292 = AXIS2_PLACEMENT_3D ( 'NONE', #480, #207, #512 ) ;
#293 = CARTESIAN_POINT ( 'NONE',  ( -55.12174442064289082, -22.79367775222528536, -124.3151192399580793 ) ) ;
#294 = FACE_OUTER_BOUND ( 'NONE', #970, .T. ) ;
#295 = CARTESIAN_POINT ( 'NONE',  ( -53.18926980850220332, 9.869045814856558962, -130.2915778763027959 ) ) ;
#296 = DIRECTION ( 'NONE',  ( 0.000000000000000000, 0.000000000000000000, -1.000000000000000000 ) ) ;
#297 = CARTESIAN_POINT ( 'NONE',  ( -53.22975681938839898, -10.43448722214427882, -130.1861760998210116 ) ) ;
#298 = LINE ( 'NONE', #249, #1625 ) ;
#299 = CARTESIAN_POINT ( 'NONE',  ( -57.04662290149889969, 27.57450974203949912, -120.8559909842820019 ) ) ;
#300 = EDGE_LOOP ( 'NONE', ( #2128, #2370, #2700, #2212 ) ) ;
#301 = ADVANCED_FACE ( 'NONE', ( #2863 ), #16, .T. ) ;
#302 = CARTESIAN_POINT ( 'NONE',  ( -57.00000000000000000, 58.50000000000000000, -128.5349939951951797 ) ) ;
#303 = CARTESIAN_POINT ( 'NONE',  ( -59.99716161899274169, -23.81992658727925161, -45.08514661096295129 ) ) ;
#304 = CARTESIAN_POINT ( 'NONE',  ( -56.13066492668630758, -21.41323219308731751, -127.1142573984527786 ) ) ;
#305 = CARTESIAN_POINT ( 'NONE',  ( -59.50000000000000000, 5.000000000000000000, -64.79999999999999716 ) ) ;
#306 = VERTEX_POINT ( 'NONE', #1861 ) ;
#307 = DIRECTION ( 'NONE',  ( 0.000000000000000000, -1.000000000000000000, 0.000000000000000000 ) ) ;
#308 = CARTESIAN_POINT ( 'NONE',  ( -59.00552431002474663, -29.51857639805885825, -117.6966944036052212 ) ) ;
#309 = B_SPLINE_CURVE_WITH_KNOTS ( 'NONE', 1,
 ( #2376, #872 ),
 .UNSPECIFIED., .F., .F.,
 ( 2, 2 ),
 ( 0.000000000000000000, 1.000000000000000000 ),
 .UNSPECIFIED. ) ;
#310 = CARTESIAN_POINT ( 'NONE',  ( -56.59346636195838443, -28.89126286552184553, -116.6142994046339254 ) ) ;
#311 = CARTESIAN_POINT ( 'NONE',  ( -57.99999723809942509, 32.02124738319892572, -110.9771975301420213 ) ) ;
#312 = DIRECTION ( 'NONE',  ( 0.000000000000000000, 0.000000000000000000, 1.000000000000000000 ) ) ;
#313 = CARTESIAN_POINT ( 'NONE',  ( -59.99999999999995026, -32.22797154729765623, -109.8919117647058528 ) ) ;
#314 = CARTESIAN_POINT ( 'NONE',  ( -56.31278836995549852, 27.74791938679254955, -118.6254722078349886 ) ) ;
#315 = CARTESIAN_POINT ( 'NONE',  ( -59.93742316886999788, 31.01612283923079971, -112.9172512834909980 ) ) ;
#316 = CARTESIAN_POINT ( 'NONE',  ( -59.99843658591169770, -24.64354674857731098, -45.92716028773853765 ) ) ;
#317 = CARTESIAN_POINT ( 'NONE',  ( -55.42447835163551417, -16.10539284297960805, -130.1763733211701606 ) ) ;
#318 = CARTESIAN_POINT ( 'NONE',  ( -56.32076032966782009, -24.68687484676790689, -124.2497657880079913 ) ) ;
#319 = VERTEX_POINT ( 'NONE', #796 ) ;
#320 = CARTESIAN_POINT ( 'NONE',  ( -53.56938387632339982, 5.000000000000000000, -132.0333333333333883 ) ) ;
#321 = CARTESIAN_POINT ( 'NONE',  ( -55.71753123327540891, 24.81211806753485050, -122.7871926906956048 ) ) ;
#322 = CARTESIAN_POINT ( 'NONE',  ( -59.32483087450956560, -30.93182341055548079, -114.5381382289883874 ) ) ;
#323 = CIRCLE ( 'NONE', #2626, 2.000000000000001776 ) ;
#324 = ADVANCED_FACE ( 'NONE', ( #1831 ), #811, .F. ) ;
#325 = AXIS2_PLACEMENT_3D ( 'NONE', #2168, #2185, #637 ) ;
#326 = CARTESIAN_POINT ( 'NONE',  ( -55.92810598673773370, -26.23069312137003095, -120.8359814481236469 ) ) ;
#327 = DIRECTION ( 'NONE',  ( 1.000000000000000000, 0.000000000000000000, -0.000000000000000000 ) ) ;
#328 = VECTOR ( 'NONE', #1174, 1000.000000000000000 ) ;
#329 = CARTESIAN_POINT ( 'NONE',  ( -55.65109717555469615, -23.68317402799180016, -124.3765565612795996 ) ) ;
#330 = CARTESIAN_POINT ( 'NONE',  ( -55.69190336420459886, 22.60970573597679945, -126.0131546350675933 ) ) ;
#331 = CARTESIAN_POINT ( 'NONE',  ( -57.32247557122859405, -28.68844450367199883, -119.1588502508021890 ) ) ;
#332 = CARTESIAN_POINT ( 'NONE',  ( -57.39360310120439834, 21.68700390086570096, -127.2988481743279863 ) ) ;
#333 = CARTESIAN_POINT ( 'NONE',  ( -58.09071239633310313, 23.55778959123974658, -124.8264998328535995 ) ) ;
#334 = DIRECTION ( 'NONE',  ( 1.000000000000000000, 0.000000000000000000, 0.000000000000000000 ) ) ;
#335 = DIRECTION ( 'NONE',  ( -1.000000000000000000, 0.000000000000000000, 0.000000000000000000 ) ) ;
#336 = EDGE_LOOP ( 'NONE', ( #1316, #1728, #138 ) ) ;
#337 = CARTESIAN_POINT ( 'NONE',  ( -55.73519956876999260, -13.69220351900658095, -131.1039533460561870 ) ) ;
#338 = CARTESIAN_POINT ( 'NONE',  ( -56.99999999807984352, -18.56012292949071352, -128.5349940189886695 ) ) ;
#339 = CARTESIAN_POINT ( 'NONE',  ( -58.07540038806097726, -25.81948600482619938, -123.0752923818771762 ) ) ;
#340 = ORIENTED_EDGE ( 'NONE', *, *, #2939, .T. ) ;
#341 = CIRCLE ( 'NONE', #1151, 27.70000000000000284 ) ;
#342 = DIRECTION ( 'NONE',  ( -1.000000000000000000, 0.000000000000000000, 0.000000000000000000 ) ) ;
#343 = CYLINDRICAL_SURFACE ( 'NONE', #1033, 2.000000000000001776 ) ;
#344 = FACE_OUTER_BOUND ( 'NONE', #1167, .T. ) ;
#345 = CARTESIAN_POINT ( 'NONE',  ( -55.66280206218380044, -24.20455820954149928, -123.6137231247588062 ) ) ;
#346 = CARTESIAN_POINT ( 'NONE',  ( -56.81516552730780489, 27.17689539377774821, -121.4921241270470063 ) ) ;
#347 = CARTESIAN_POINT ( 'NONE',  ( -59.87898372915599765, -30.73252148686234975, -113.6807603780320051 ) ) ;
#348 = CARTESIAN_POINT ( 'NONE',  ( -56.37615737689640127, -28.00166301051820028, -118.2112116465365972 ) ) ;
#349 = APPLICATION_PROTOCOL_DEFINITION ( 'draft international standard', 'automotive_design', 1998, #2450 ) ;
#350 = CARTESIAN_POINT ( 'NONE',  ( -55.88758256055029960, 13.04458424130752014, -131.6318494490384126 ) ) ;
#351 = CARTESIAN_POINT ( 'NONE',  ( -55.73809427682780182, 8.184753895316180916, -132.0096965024006010 ) ) ;
#352 = CARTESIAN_POINT ( 'NONE',  ( -53.56938387632339982, -5.000000000000000000, -132.0333333333333883 ) ) ;
#353 = ORIENTED_EDGE ( 'NONE', *, *, #1466, .F. ) ;
#354 = CARTESIAN_POINT ( 'NONE',  ( -56.77348180201279604, -26.47481307292499864, -122.2964244788016117 ) ) ;
#355 = CARTESIAN_POINT ( 'NONE',  ( -55.83480256069868375, 9.750866452172378018, -131.7653282161977586 ) ) ;
#356 = CARTESIAN_POINT ( 'NONE',  ( -58.62754921429138477, -28.00399742398099079, -120.2522253458334944 ) ) ;
#357 = ORIENTED_EDGE ( 'NONE', *, *, #1338, .F. ) ;
#358 = DIRECTION ( 'NONE',  ( 0.000000000000000000, 0.000000000000000000, 1.000000000000000000 ) ) ;
#359 = CARTESIAN_POINT ( 'NONE',  ( -55.30274611302586862, -20.83734163209910051, -127.2938104009198810 ) ) ;
#360 = DIRECTION ( 'NONE',  ( 1.000000000000000000, 0.000000000000000000, 0.000000000000000000 ) ) ;
#361 = ADVANCED_FACE ( 'NONE', ( #287 ), #1734, .T. ) ;
#362 = CARTESIAN_POINT ( 'NONE',  ( -55.69605001157099622, -24.54941390476989937, -123.1563222184749975 ) ) ;
#363 = FACE_OUTER_BOUND ( 'NONE', #2400, .T. ) ;
#364 = CARTESIAN_POINT ( 'NONE',  ( -60.00000000000000000, -31.73649191647999501, -109.7999999999999972 ) ) ;
#365 = CARTESIAN_POINT ( 'NONE',  ( -59.50000000000000000, -32.20000000000000284, -64.79999999999999716 ) ) ;
#366 = DIRECTION ( 'NONE',  ( 1.000000000000000000, 0.000000000000000000, 0.000000000000000000 ) ) ;
#367 = CARTESIAN_POINT ( 'NONE',  ( -58.43862310024009332, 25.52745898409538583, -123.4156506107360372 ) ) ;
#368 = CARTESIAN_POINT ( 'NONE',  ( -57.04037591280957287, 18.77088396404341353, -128.4118197740255880 ) ) ;
#369 = ORIENTED_EDGE ( 'NONE', *, *, #2102, .F. ) ;
#370 = EDGE_CURVE ( 'NONE', #2782, #715, #630, .T. ) ;
#371 = CARTESIAN_POINT ( 'NONE',  ( -55.42103606743989985, -10.59310205157036044, -131.9412469507650201 ) ) ;
#372 = CARTESIAN_POINT ( 'NONE',  ( -55.24880825319905853, 7.913997325259818361, -132.3862552909938586 ) ) ;
#373 = DIRECTION ( 'NONE',  ( 0.000000000000000000, 1.000000000000000000, 0.000000000000000000 ) ) ;
#374 = ORIENTED_EDGE ( 'NONE', *, *, #3195, .F. ) ;
#375 = EDGE_CURVE ( 'NONE', #709, #709, #323, .T. ) ;
#376 = DIRECTION ( 'NONE',  ( -1.000000000000000000, 0.000000000000000000, 0.000000000000000000 ) ) ;
#377 = CARTESIAN_POINT ( 'NONE',  ( -54.59182330339385203, -17.08576476949284384, -129.3997705035436638 ) ) ;
#378 = CARTESIAN_POINT ( 'NONE',  ( -57.07871553683460775, 27.70348736732623962, -120.6695260865945443 ) ) ;
#379 = VECTOR ( 'NONE', #3100, 1000.000000000000000 ) ;
#380 = B_SPLINE_CURVE_WITH_KNOTS ( 'NONE', 3,
 ( #2703, #2669, #2719, #2933, #1439, #1963, #2969, #3149, #865, #2899, #609, #2652, #355, #1915, #1390, #2402, #100, #1130, #2160 ),
 .UNSPECIFIED., .F., .F.,
 ( 4, 2, 2, 2, 1, 2, 2, 2, 2, 4 ),
 ( 0.6256257454746798619, 0.7192193091060109511, 0.7426177000138434181, 0.7660160909216757741, 0.8128128727373405971, 0.8596096545530054200, 0.8713088500069219311, 0.8830080454608383311, 0.9064064363686707981, 1.000000000000000000 ),
 .UNSPECIFIED. ) ;
#381 = CARTESIAN_POINT ( 'NONE',  ( -55.66833015931870676, -24.26206597250144981, -123.5384600203300067 ) ) ;
#382 = CARTESIAN_POINT ( 'NONE',  ( -55.53495466119329649, 21.91103761178629838, -126.5418592120309853 ) ) ;
#383 = CARTESIAN_POINT ( 'NONE',  ( -56.78012101517910537, -20.14162206423455004, -128.0089753192920057 ) ) ;
#384 = CIRCLE ( 'NONE', #2213, 27.20000000000000284 ) ;
#385 = CARTESIAN_POINT ( 'NONE',  ( -56.48598149142660674, 25.30070254966050314, -123.6459936323402076 ) ) ;
#386 = CARTESIAN_POINT ( 'NONE',  ( -55.47749406621139912, 8.278687373450630105, -132.6547794218373895 ) ) ;
#387 = CARTESIAN_POINT ( 'NONE',  ( -57.94950216658070019, 22.97311713951194889, -125.3604519030254210 ) ) ;
#388 = EDGE_CURVE ( 'NONE', #2813, #1069, #492, .T. ) ;
#389 = CARTESIAN_POINT ( 'NONE',  ( -54.40608202877515254, 19.28852257462995112, -126.8011994917090988 ) ) ;
#390 = ORIENTED_EDGE ( 'NONE', *, *, #1838, .F. ) ;
#391 = CARTESIAN_POINT ( 'NONE',  ( -55.54119315505303689, -5.000000000000007105, -132.5000000000000000 ) ) ;
#392 = CARTESIAN_POINT ( 'NONE',  ( -59.99327090077371594, 32.28210523017745004, -100.8145444614784338 ) ) ;
#393 = DIRECTION ( 'NONE',  ( 0.000000000000000000, 0.000000000000000000, 1.000000000000000000 ) ) ;
#394 = ORIENTED_EDGE ( 'NONE', *, *, #388, .T. ) ;
#395 = DIRECTION ( 'NONE',  ( -1.000000000000000000, 0.000000000000000000, 0.000000000000000000 ) ) ;
#396 = FACE_OUTER_BOUND ( 'NONE', #2901, .T. ) ;
#397 = CARTESIAN_POINT ( 'NONE',  ( -56.91031772805929734, -20.76839018924938784, -127.5738552829284487 ) ) ;
#398 = VECTOR ( 'NONE', #1685, 1000.000000000000000 ) ;
#399 = CARTESIAN_POINT ( 'NONE',  ( -55.66303414468460176, -23.52038437666779913, -124.6475108377230043 ) ) ;
#400 = FACE_OUTER_BOUND ( 'NONE', #1420, .T. ) ;
#401 = CARTESIAN_POINT ( 'NONE',  ( -59.37999219798639672, -31.20554577894780124, -113.8110755006556047 ) ) ;
#402 = CARTESIAN_POINT ( 'NONE',  ( -56.31278452519590161, -27.74790404568745217, -118.6254967449399942 ) ) ;
#403 = CARTESIAN_POINT ( 'NONE',  ( -54.51052534168169927, -16.57275784999210089, -129.6206862075707988 ) ) ;
#404 = CARTESIAN_POINT ( 'NONE',  ( -55.27361015782759779, 8.243297165442291075, -132.3213917219761981 ) ) ;
#405 = AXIS2_PLACEMENT_3D ( 'NONE', #1164, #591, #1914 ) ;
#406 = CARTESIAN_POINT ( 'NONE',  ( -53.29787992458176404, 11.28507166464760125, -130.0076095211555298 ) ) ;
#407 = ORIENTED_EDGE ( 'NONE', *, *, #786, .F. ) ;
#408 = CARTESIAN_POINT ( 'NONE',  ( -58.00000000000000000, -32.70000000000000284, -64.79999999999999716 ) ) ;
#409 = DIRECTION ( 'NONE',  ( 0.000000000000000000, 0.000000000000000000, -1.000000000000000000 ) ) ;
#410 = CARTESIAN_POINT ( 'NONE',  ( -56.86865515903129875, 17.87041805661139904, -128.9344028166775900 ) ) ;
#411 = CARTESIAN_POINT ( 'NONE',  ( -55.54720881373610553, 17.10956303019012026, -129.7369634618891610 ) ) ;
#412 = ORIENTED_EDGE ( 'NONE', *, *, #3140, .F. ) ;
#413 = MANIFOLD_SOLID_BREP ( 'Split1[2]', #1410 ) ;
#414 = CARTESIAN_POINT ( 'NONE',  ( -59.99999999999998579, 24.68019828937249471, -45.97539915637538854 ) ) ;
#415 = DIRECTION ( 'NONE',  ( -1.000000000000000000, 0.000000000000000000, 0.000000000000000000 ) ) ;
#416 = ADVANCED_FACE ( 'NONE', ( #1673 ), #1306, .F. ) ;
#417 = CARTESIAN_POINT ( 'NONE',  ( -55.70392840576159443, -23.21102640761640146, -125.2009346675496175 ) ) ;
#418 = CARTESIAN_POINT ( 'NONE',  ( -56.27384406285620599, 27.70689181975905058, -118.8724380489955905 ) ) ;
#419 = CARTESIAN_POINT ( 'NONE',  ( -58.09172136591830338, -23.58408953383164786, -124.8480298974427996 ) ) ;
#420 = FACE_OUTER_BOUND ( 'NONE', #2654, .T. ) ;
#421 = ADVANCED_FACE ( 'NONE', ( #929 ), #795, .T. ) ;
#422 = CARTESIAN_POINT ( 'NONE',  ( -54.97308678738419729, -19.19399583705120094, -128.3003528392905821 ) ) ;
#423 = CARTESIAN_POINT ( 'NONE',  ( -55.20335134754050443, -5.000000000000000000, -132.5000000000000000 ) ) ;
#424 = CARTESIAN_POINT ( 'NONE',  ( -53.12818229789903768, 8.886587459782861131, -130.4495246456345683 ) ) ;
#425 = ORIENTED_EDGE ( 'NONE', *, *, #199, .T. ) ;
#426 = CARTESIAN_POINT ( 'NONE',  ( -58.86612156066181001, 28.95229226534613787, -118.7138454989306524 ) ) ;
#427 = CARTESIAN_POINT ( 'NONE',  ( -55.84258551686937722, 14.53124720995987218, -130.8086050136781751 ) ) ;
#428 = CARTESIAN_POINT ( 'NONE',  ( -56.56918084476750153, 16.10633196560420188, -129.7989789338271862 ) ) ;
#429 = ORIENTED_EDGE ( 'NONE', *, *, #180, .F. ) ;
#430 = CARTESIAN_POINT ( 'NONE',  ( -56.33415702689710258, -27.83326600173434784, -118.4880581331359934 ) ) ;
#431 = CARTESIAN_POINT ( 'NONE',  ( -57.00000000000000711, -30.84691900572343926, -111.7626355973943930 ) ) ;
#432 = ADVANCED_FACE ( 'NONE', ( #1361 ), #1905, .T. ) ;
#433 = CARTESIAN_POINT ( 'NONE',  ( -55.65974966567529947, 24.16829540995329850, -123.6620953372974014 ) ) ;
#434 = B_SPLINE_CURVE_WITH_KNOTS ( 'NONE', 3,
 ( #2448, #1177, #1453, #1470, #2241, #1404, #1944, #2481, #1195, #2730, #184, #692, #1977, #1708, #881, #1145, #1211, #2948, #2914, #2224, #368, #659, #443 ),
 .UNSPECIFIED., .F., .F.,
 ( 4, 2, 2, 2, 2, 2, 2, 2, 2, 1, 2, 4 ),
 ( 0.000000000000000000, 0.07820321818433485783, 0.1564064363686697989, 0.2346096545530046984, 0.3128128727373396534, 0.3910160909216745528, 0.4692193091060094523, 0.5474225272903444628, 0.5865241363825125509, 0.6060749409285965950, 0.6158503432016382284, 0.6256257454746798619 ),
 .UNSPECIFIED. ) ;
#435 = CARTESIAN_POINT ( 'NONE',  ( -55.08368216220060276, 22.61805303038764947, -124.4567724693217912 ) ) ;
#436 = CARTESIAN_POINT ( 'NONE',  ( -56.30240443448159482, -16.12685780662535251, -130.5460148759495951 ) ) ;
#437 = CARTESIAN_POINT ( 'NONE',  ( -56.94755722266400255, -30.61364192659019778, -112.3230158153293985 ) ) ;
#438 = AXIS2_PLACEMENT_3D ( 'NONE', #574, #1065, #1572 ) ;
#439 =( GEOMETRIC_REPRESENTATION_CONTEXT ( 3 ) GLOBAL_UNCERTAINTY_ASSIGNED_CONTEXT ( ( #2326 ) ) GLOBAL_UNIT_ASSIGNED_CONTEXT ( ( #2052, #1325, #989 ) ) REPRESENTATION_CONTEXT ( 'NONE', 'WORKASPACE' ) );
#440 = CARTESIAN_POINT ( 'NONE',  ( -55.37892101909719855, -21.19398069438314991, -127.0500151914371827 ) ) ;
#441 = B_SPLINE_CURVE_WITH_KNOTS ( 'NONE', 3,
 ( #830, #48, #1609, #36, #1639, #3103, #862, #2618, #2589, #2849, #3163, #80, #318, #2140, #2832, #2369, #2634, #1095, #1834, #2099, #1879 ),
 .UNSPECIFIED., .F., .F.,
 ( 4, 2, 1, 2, 2, 1, 1, 1, 1, 1, 1, 2, 2, 4 ),
 ( 0.000000000000000000, 0.2499999999997803424, 0.3749999999996693756, 0.4374999999996057598, 0.4999999999995421995, 0.6249999999994243494, 0.6874999999993660627, 0.7187499999993309796, 0.7343749999993158806, 0.7421874999993143263, 0.7460937499993178790, 0.7480468749993143263, 0.7499999999993107735, 1.000000000000000000 ),
 .UNSPECIFIED. ) ;
#442 = CARTESIAN_POINT ( 'NONE',  ( -55.99512930550105239, -12.88766100920976143, -131.3562950941081624 ) ) ;
#443 = CARTESIAN_POINT ( 'NONE',  ( -57.00000002218695272, 18.56012324673653779, -128.5349939456381776 ) ) ;
#444 = ORIENTED_EDGE ( 'NONE', *, *, #1897, .T. ) ;
#445 = CARTESIAN_POINT ( 'NONE',  ( -57.46973349173581624, 23.31090759658819067, -125.5860449270395947 ) ) ;
#446 = CARTESIAN_POINT ( 'NONE',  ( -59.99735110582506792, -32.25346734417772865, -101.0693792805866309 ) ) ;
#447 = CARTESIAN_POINT ( 'NONE',  ( -59.43744704207729512, 28.82089709588805349, -118.0046306413075854 ) ) ;
#448 = EDGE_LOOP ( 'NONE', ( #2340, #394, #258, #590 ) ) ;
#449 = CARTESIAN_POINT ( 'NONE',  ( -55.60578951135300230, -24.94753841329564992, -122.3396511225935939 ) ) ;
#450 = CARTESIAN_POINT ( 'NONE',  ( -57.00000000000000000, -31.69999999999999929, -64.79999999999999716 ) ) ;
#451 = CARTESIAN_POINT ( 'NONE',  ( -55.71024431147940703, 23.17565366386419612, -125.2677002089487814 ) ) ;
#452 = CARTESIAN_POINT ( 'NONE',  ( -56.15828761844330330, 27.22518347653469561, -119.5621444265576088 ) ) ;
#453 = DIRECTION ( 'NONE',  ( 0.000000000000000000, 0.000000000000000000, -1.000000000000000000 ) ) ;
#454 = CARTESIAN_POINT ( 'NONE',  ( -56.99999814153189703, -31.10309896423995113, -110.4420649681241997 ) ) ;
#455 = AXIS2_PLACEMENT_3D ( 'NONE', #606, #1895, #1322 ) ;
#456 = CARTESIAN_POINT ( 'NONE',  ( -53.98930110648579728, -12.68592588465316062, -130.9954768350824281 ) ) ;
#457 = CARTESIAN_POINT ( 'NONE',  ( -56.20356259039469649, -13.53530453850746085, -130.8041876411370197 ) ) ;
#458 = CARTESIAN_POINT ( 'NONE',  ( -57.00000000000000000, 29.25000000000000000, -98.54999999999999716 ) ) ;
#459 = ORIENTED_EDGE ( 'NONE', *, *, #1326, .F. ) ;
#460 = CARTESIAN_POINT ( 'NONE',  ( -55.74808744022440266, 25.51467774814599920, -121.6806879749068031 ) ) ;
#461 = CARTESIAN_POINT ( 'NONE',  ( -59.99157238640290046, -32.29139392177444989, -100.5839586609541101 ) ) ;
#462 = CARTESIAN_POINT ( 'NONE',  ( -56.09777100443499620, 16.31049247969619742, -130.0887972609561984 ) ) ;
#463 = CARTESIAN_POINT ( 'NONE',  ( -55.63753345526505711, -12.86784233581094661, -131.3696937138788030 ) ) ;
#464 = ORIENTED_EDGE ( 'NONE', *, *, #388, .F. ) ;
#465 = CARTESIAN_POINT ( 'NONE',  ( -56.31278452519590161, -27.74790404568745217, -118.6254967449399942 ) ) ;
#466 = DIRECTION ( 'NONE',  ( 0.000000000000000000, -1.000000000000000000, 0.000000000000000000 ) ) ;
#467 = CARTESIAN_POINT ( 'NONE',  ( -57.00000000000000000, -20.79658708918770316, -127.5596384488103041 ) ) ;
#468 = CARTESIAN_POINT ( 'NONE',  ( -53.69021236674059594, 14.82712785499669828, -128.9408658982519853 ) ) ;
#469 = DIRECTION ( 'NONE',  ( 1.000000000000000000, 0.000000000000000000, 0.000000000000000000 ) ) ;
#470 = CARTESIAN_POINT ( 'NONE',  ( -58.00000000000000000, 32.70000000000000284, -64.79999999999999716 ) ) ;
#471 = CARTESIAN_POINT ( 'NONE',  ( -53.48748739233899130, 16.12814146530864789, -129.5081612909909836 ) ) ;
#472 = CARTESIAN_POINT ( 'NONE',  ( -56.03092734484539506, -15.96553066857820191, -130.2879318599694045 ) ) ;
#473 = DIRECTION ( 'NONE',  ( -1.000000000000000000, 0.000000000000000000, 0.000000000000000000 ) ) ;
#474 = DIRECTION ( 'NONE',  ( -1.000000000000000000, 0.000000000000000000, 0.000000000000000000 ) ) ;
#475 = ORIENTED_EDGE ( 'NONE', *, *, #2920, .F. ) ;
#476 = EDGE_CURVE ( 'NONE', #3232, #2247, #2906, .T. ) ;
#477 = CARTESIAN_POINT ( 'NONE',  ( -57.74279315407825663, 24.46379564674268892, -124.5091531021533626 ) ) ;
#478 = CARTESIAN_POINT ( 'NONE',  ( -56.62064622753285903, 19.31719223110579975, -128.5136734841806856 ) ) ;
#479 = CARTESIAN_POINT ( 'NONE',  ( -56.77715964646039737, 20.16919806359480205, -128.0314183098610101 ) ) ;
#480 = CARTESIAN_POINT ( 'NONE',  ( -55.41660400998959801, 6.938893903907229955E-15, -132.8000000000000114 ) ) ;
#481 = ORIENTED_EDGE ( 'NONE', *, *, #3296, .T. ) ;
#482 = CARTESIAN_POINT ( 'NONE',  ( -56.11046351372569774, -26.94629262297630135, -119.8343586551509929 ) ) ;
#483 = EDGE_CURVE ( 'NONE', #1663, #1392, #1104, .T. ) ;
#484 = CARTESIAN_POINT ( 'NONE',  ( -57.74353547955060151, -30.49100506027780000, -115.6397526741254040 ) ) ;
#485 = CARTESIAN_POINT ( 'NONE',  ( -55.71438461776050133, 24.76965504653105299, -122.8484262530171947 ) ) ;
#486 = CARTESIAN_POINT ( 'NONE',  ( -57.99999810894919960, 32.08074351219480036, -110.6650623886583986 ) ) ;
#487 = DIRECTION ( 'NONE',  ( 0.000000000000000000, 1.000000000000000000, 0.000000000000000000 ) ) ;
#488 = CARTESIAN_POINT ( 'NONE',  ( -56.76711215580459680, -26.99089788118065059, -121.7227963637074026 ) ) ;
#489 = CARTESIAN_POINT ( 'NONE',  ( -58.01935174280743723, -23.88404384900340816, -125.1288173606793919 ) ) ;
#490 = CARTESIAN_POINT ( 'NONE',  ( -57.14155599491798654, -21.85681277880643592, -126.7864345140462774 ) ) ;
#491 = ORIENTED_EDGE ( 'NONE', *, *, #1484, .F. ) ;
#492 = CIRCLE ( 'NONE', #2318, 27.70000000000000284 ) ;
#493 = CARTESIAN_POINT ( 'NONE',  ( -59.00573566133253678, 29.51944031691010650, -117.6951479183630624 ) ) ;
#494 = CARTESIAN_POINT ( 'NONE',  ( -59.99390934508697626, -32.27700950386427792, -100.8766846206090122 ) ) ;
#495 = CARTESIAN_POINT ( 'NONE',  ( -56.28993170063726836, -22.69966746134791791, -126.1136236844351828 ) ) ;
#496 = PLANE ( 'NONE',  #292 ) ;
#497 = ORIENTED_EDGE ( 'NONE', *, *, #271, .F. ) ;
#498 = CONICAL_SURFACE ( 'NONE', #110, 3.049999999999997158, 0.7853981633974476129 ) ;
#499 = CARTESIAN_POINT ( 'NONE',  ( -56.33441475447539659, 24.73753251401215181, -124.2013913487565304 ) ) ;
#500 = CARTESIAN_POINT ( 'NONE',  ( -57.83609061227480197, -30.94274605536215006, -114.5103028694344118 ) ) ;
#501 = DIRECTION ( 'NONE',  ( 1.000000000000000000, 0.000000000000000000, 0.000000000000000000 ) ) ;
#502 = CARTESIAN_POINT ( 'NONE',  ( -56.49584420984540145, 28.48758165613244842, -117.3657162355805923 ) ) ;
#503 = CARTESIAN_POINT ( 'NONE',  ( -60.00000000000000000, -32.40386741479334631, -110.6049392186264129 ) ) ;
#504 = CARTESIAN_POINT ( 'NONE',  ( -54.24866985928090202, -18.41822272001159533, -127.2957558235465996 ) ) ;
#505 = CARTESIAN_POINT ( 'NONE',  ( -57.27669395901900629, -22.46413672192541000, -126.3014617137619382 ) ) ;
#506 = CARTESIAN_POINT ( 'NONE',  ( -53.02428247405529049, 5.000000000000000000, -130.7147189345587890 ) ) ;
#507 = VERTEX_POINT ( 'NONE', #2135 ) ;
#508 = AXIS2_PLACEMENT_3D ( 'NONE', #88, #651, #1666 ) ;
#509 = CARTESIAN_POINT ( 'NONE',  ( -56.11194484576840580, 26.95211898777719739, -119.8271052552738070 ) ) ;
#510 = CARTESIAN_POINT ( 'NONE',  ( -59.99999999999999289, -24.73434155570746285, -46.07082650468721852 ) ) ;
#511 = CARTESIAN_POINT ( 'NONE',  ( -55.55587271545680039, 6.622354931465731731, -132.4641760581035328 ) ) ;
#512 = DIRECTION ( 'NONE',  ( 0.000000000000000000, -1.000000000000000000, 0.000000000000000000 ) ) ;
#513 = ORIENTED_EDGE ( 'NONE', *, *, #1487, .T. ) ;
#514 = FACE_OUTER_BOUND ( 'NONE', #291, .T. ) ;
#515 = CARTESIAN_POINT ( 'NONE',  ( -57.86963691836579926, -31.12053009284785077, -114.0205771141613980 ) ) ;
#516 = B_SPLINE_CURVE_WITH_KNOTS ( 'NONE', 3,
 ( #849, #2269, #1531, #2540, #770, #245, #1274, #517, #902, #1165, #1180, #2952, #2686, #1694, #2386, #118, #2193, #646, #1899, #1678, #392, #1947, #2209, #1374, #1423, #2436, #83, #136 ),
 .UNSPECIFIED., .F., .F.,
 ( 4, 2, 1, 2, 2, 2, 1, 1, 1, 2, 2, 2, 1, 1, 2, 2, 4 ),
 ( 0.000000000000000000, 0.06249999999994437783, 0.09374999999990210608, 0.1093749999998918643, 0.1249999999998816225, 0.2499999999997999378, 0.3749999999997182254, 0.4374999999996636024, 0.4687499999996361244, 0.4843749999996223576, 0.4999999999996086464, 0.6249999999996525002, 0.6874999999996880273, 0.7187499999997057909, 0.7343749999997146727, 0.7499999999997235545, 1.000000000000000000 ),
 .UNSPECIFIED. ) ;
#517 = CARTESIAN_POINT ( 'NONE',  ( -59.99844246038411910, 32.24054965783113147, -99.95866240639757905 ) ) ;
#518 = FACE_OUTER_BOUND ( 'NONE', #1425, .T. ) ;
#519 = CARTESIAN_POINT ( 'NONE',  ( -57.55414610543624576, 29.65104279001072030, -117.4341778849933746 ) ) ;
#520 = EDGE_CURVE ( 'NONE', #319, #794, #1600, .T. ) ;
#521 = CARTESIAN_POINT ( 'NONE',  ( -55.69192913921540367, -22.60982392355024828, -126.0130665655779865 ) ) ;
#522 = CARTESIAN_POINT ( 'NONE',  ( -58.62847186607029926, -28.00755495526649952, -120.2306126719981876 ) ) ;
#523 = EDGE_CURVE ( 'NONE', #801, #710, #221, .T. ) ;
#524 = CARTESIAN_POINT ( 'NONE',  ( -56.99999633380131314, -27.38718352996843208, -121.1126948662626575 ) ) ;
#525 = CARTESIAN_POINT ( 'NONE',  ( -57.00000000000000711, 28.29107354138467656, -119.3302658322080418 ) ) ;
#526 = VERTEX_POINT ( 'NONE', #1204 ) ;
#527 = CARTESIAN_POINT ( 'NONE',  ( -56.87660454420609568, 30.20147780668810356, -113.5576135355863983 ) ) ;
#528 = CARTESIAN_POINT ( 'NONE',  ( -59.93742316886999788, 31.01612283923079971, -112.9172512834909980 ) ) ;
#529 = CARTESIAN_POINT ( 'NONE',  ( -56.08631300756589155, -21.07644752480955574, -127.3574447045478735 ) ) ;
#530 = CARTESIAN_POINT ( 'NONE',  ( -56.49374975671590704, -18.64016116330197548, -128.9088872379338113 ) ) ;
#531 = ORIENTED_EDGE ( 'NONE', *, *, #685, .T. ) ;
#532 = CARTESIAN_POINT ( 'NONE',  ( -58.00000000000000000, 5.000000000000000000, -37.10000000000000142 ) ) ;
#533 = CARTESIAN_POINT ( 'NONE',  ( -57.32353758608940097, -28.69287778807484912, -119.1506173154966035 ) ) ;
#534 = VERTEX_POINT ( 'NONE', #2509 ) ;
#535 = EDGE_CURVE ( 'NONE', #2986, #2818, #3259, .T. ) ;
#536 = CARTESIAN_POINT ( 'NONE',  ( -56.58133695714460032, 25.69466701185375257, -123.2247667203211989 ) ) ;
#537 = CARTESIAN_POINT ( 'NONE',  ( -53.09303186143160502, -13.04301225113450080, -130.5406948599369912 ) ) ;
#538 = CARTESIAN_POINT ( 'NONE',  ( -57.17528313608740120, -28.56624523192065013, -119.5870427930680080 ) ) ;
#539 = CARTESIAN_POINT ( 'NONE',  ( -59.12114810019979672, -27.59225612932900162, -120.0373933687224053 ) ) ;
#540 = CARTESIAN_POINT ( 'NONE',  ( -57.98896964675020627, 31.92718082963385484, -111.3331651597650023 ) ) ;
#541 = ORIENTED_EDGE ( 'NONE', *, *, #476, .T. ) ;
#542 = DIRECTION ( 'NONE',  ( -0.000000000000000000, 0.000000000000000000, -1.000000000000000000 ) ) ;
#543 = AXIS2_PLACEMENT_3D ( 'NONE', #2973, #376, #1377 ) ;
#544 = CARTESIAN_POINT ( 'NONE',  ( -59.07764411289140583, 29.81859309517725265, -117.1080570746860019 ) ) ;
#545 = CARTESIAN_POINT ( 'NONE',  ( -56.99999999807984352, -18.56012292949071352, -128.5349940189886695 ) ) ;
#546 = CARTESIAN_POINT ( 'NONE',  ( -56.99999863962469959, -27.38719279415722241, -121.1126821522812520 ) ) ;
#547 = ORIENTED_EDGE ( 'NONE', *, *, #1564, .F. ) ;
#548 = B_SPLINE_CURVE_WITH_KNOTS ( 'NONE', 1,
 ( #2347, #1288 ),
 .UNSPECIFIED., .F., .F.,
 ( 2, 2 ),
 ( 0.000000000000000000, 1.000000000000000000 ),
 .UNSPECIFIED. ) ;
#549 = CARTESIAN_POINT ( 'NONE',  ( -60.02454253623329805, -32.70000000000000284, -64.79999999999999716 ) ) ;
#550 = AXIS2_PLACEMENT_3D ( 'NONE', #1186, #2440, #650 ) ;
#551 = CARTESIAN_POINT ( 'NONE',  ( -57.17367995570420192, -28.08552276350090082, -120.1118479507589996 ) ) ;
#552 = CARTESIAN_POINT ( 'NONE',  ( -57.94663749224950067, 31.57295664996480511, -112.6506900141460079 ) ) ;
#553 = CARTESIAN_POINT ( 'NONE',  ( -52.64577380949019414, -5.000000000000000000, -131.6499999999999773 ) ) ;
#554 = CARTESIAN_POINT ( 'NONE',  ( -56.90963577987780297, -27.54175083253884893, -121.0261326019302146 ) ) ;
#555 = DIRECTION ( 'NONE',  ( 0.000000000000000000, 0.000000000000000000, 1.000000000000000000 ) ) ;
#556 = CARTESIAN_POINT ( 'NONE',  ( -56.67276673384460395, 29.22991333622534782, -115.9276483668864017 ) ) ;
#557 = SHAPE_DEFINITION_REPRESENTATION ( #1580, #274 ) ;
#558 = ORIENTED_EDGE ( 'NONE', *, *, #1921, .F. ) ;
#559 = CARTESIAN_POINT ( 'NONE',  ( -56.95874594050521011, 30.70834756940395138, -111.9723627453013961 ) ) ;
#560 = CARTESIAN_POINT ( 'NONE',  ( -59.99156830981540622, -24.26409692030313181, -45.46826422824843661 ) ) ;
#561 = CARTESIAN_POINT ( 'NONE',  ( -56.43514831110139340, -24.13914604494948435, -124.8469375964617996 ) ) ;
#562 = LINE ( 'NONE', #1593, #2962 ) ;
#563 = ORIENTED_EDGE ( 'NONE', *, *, #3132, .T. ) ;
#564 = CIRCLE ( 'NONE', #996, 3.049999999999997158 ) ;
#565 = CARTESIAN_POINT ( 'NONE',  ( -54.96120908429280405, -22.05412440124564810, -124.9116144245916473 ) ) ;
#566 = CARTESIAN_POINT ( 'NONE',  ( -59.40774792137182203, -31.37062012235876907, -113.2901133115683479 ) ) ;
#567 = CARTESIAN_POINT ( 'NONE',  ( -56.24760997761649861, 27.48837204688804903, -119.0348661145542053 ) ) ;
#568 = CARTESIAN_POINT ( 'NONE',  ( -55.36387295493910443, -25.32303600591560055, -123.4113373587038183 ) ) ;
#569 = EDGE_CURVE ( 'NONE', #1083, #1332, #2000, .T. ) ;
#570 = CARTESIAN_POINT ( 'NONE',  ( -55.64261618495950046, -25.06960848525589824, -122.1669769959981977 ) ) ;
#571 = CARTESIAN_POINT ( 'NONE',  ( -59.50000000000000000, -32.22797154729765623, -109.8919117647059949 ) ) ;
#572 = CARTESIAN_POINT ( 'NONE',  ( -56.24760997761649861, 27.48837204688804903, -119.0348661145542053 ) ) ;
#573 = CARTESIAN_POINT ( 'NONE',  ( -60.00000000000000000, 31.44257358593600316, -111.3848763141025984 ) ) ;
#574 = CARTESIAN_POINT ( 'NONE',  ( -58.00000000000000000, 5.000000000000000000, -64.79999999999999716 ) ) ;
#575 = CARTESIAN_POINT ( 'NONE',  ( -59.99757802815197749, 31.92698979904818657, -111.5013509782311729 ) ) ;
#576 = CARTESIAN_POINT ( 'NONE',  ( -55.42927450887547991, -16.14460123875215558, -130.1591871538599321 ) ) ;
#577 = CARTESIAN_POINT ( 'NONE',  ( -57.00000001350717582, 21.19600365222084193, -127.2718705710349809 ) ) ;
#578 = ORIENTED_EDGE ( 'NONE', *, *, #1717, .F. ) ;
#579 = CARTESIAN_POINT ( 'NONE',  ( -54.88116366779718902, -21.67730635174847720, -125.1994639200900110 ) ) ;
#580 = CARTESIAN_POINT ( 'NONE',  ( -55.69040347160019877, 24.48726241682635063, -123.2408086514192007 ) ) ;
#581 = CARTESIAN_POINT ( 'NONE',  ( -59.22823750468358384, -30.46697812194814503, -115.7279152120263035 ) ) ;
#582 = CARTESIAN_POINT ( 'NONE',  ( -56.53169895897525521, -28.63369516326192254, -117.1080140855848128 ) ) ;
#583 = DIRECTION ( 'NONE',  ( 0.000000000000000000, -1.000000000000000000, 0.000000000000000000 ) ) ;
#584 = CARTESIAN_POINT ( 'NONE',  ( -55.66951665126359927, -24.27366585970229806, -123.5234184526396035 ) ) ;
#585 = CARTESIAN_POINT ( 'NONE',  ( -45.00000000000000000, -22.09615960404705248, -47.60163301958729676 ) ) ;
#586 = CARTESIAN_POINT ( 'NONE',  ( -57.30072811335729455, -28.59988547061954733, -119.3039378871283986 ) ) ;
#587 = DIRECTION ( 'NONE',  ( 0.000000000000000000, 0.000000000000000000, 1.000000000000000000 ) ) ;
#588 = CARTESIAN_POINT ( 'NONE',  ( -56.10175947351169867, 12.80094432340504085, -131.0820171590832217 ) ) ;
#589 = CARTESIAN_POINT ( 'NONE',  ( -59.50000000000000000, 5.000000000000000000, -37.10000000000000142 ) ) ;
#590 = ORIENTED_EDGE ( 'NONE', *, *, #1983, .T. ) ;
#591 = DIRECTION ( 'NONE',  ( -1.000000000000000000, 0.000000000000000000, 0.000000000000000000 ) ) ;
#592 = CARTESIAN_POINT ( 'NONE',  ( -55.67431278325799582, 24.32094965051899749, -123.4618035795217992 ) ) ;
#593 = CARTESIAN_POINT ( 'NONE',  ( -58.15668262879100325, -26.14393602596042854, -122.6948281163260077 ) ) ;
#594 = ORIENTED_EDGE ( 'NONE', *, *, #3096, .F. ) ;
#595 = AXIS2_PLACEMENT_3D ( 'NONE', #1018, #2227, #2533 ) ;
#596 = CARTESIAN_POINT ( 'NONE',  ( -57.00000000000000000, -31.22765715804595033, -109.7999999999999972 ) ) ;
#597 = CARTESIAN_POINT ( 'NONE',  ( -57.08171258729397834, 27.71553577970733429, -120.6522706087707775 ) ) ;
#598 = VECTOR ( 'NONE', #1829, 1000.000000000000000 ) ;
#599 = CARTESIAN_POINT ( 'NONE',  ( -55.66516587747459965, -24.23072469677335050, -123.5791432319652046 ) ) ;
#600 = DIRECTION ( 'NONE',  ( -1.000000000000000000, 0.000000000000000000, 0.000000000000000000 ) ) ;
#601 = CARTESIAN_POINT ( 'NONE',  ( -59.91620036975595553, -31.44956057491881296, -113.0688410492345923 ) ) ;
#602 = CARTESIAN_POINT ( 'NONE',  ( -57.59989805106529559, -29.84402515088025254, -117.0689879946566094 ) ) ;
#603 = DIRECTION ( 'NONE',  ( 0.000000000000000000, 0.000000000000000000, 1.000000000000000000 ) ) ;
#604 = CARTESIAN_POINT ( 'NONE',  ( -58.36638196726249816, 24.67134176303330051, -123.7173280478633899 ) ) ;
#605 = CARTESIAN_POINT ( 'NONE',  ( -55.22374203327519382, -14.40137037179551882, -130.8733849892213073 ) ) ;
#606 = CARTESIAN_POINT ( 'NONE',  ( -58.00000000000000000, -5.000000000000000000, -104.8000000000000114 ) ) ;
#607 = ORIENTED_EDGE ( 'NONE', *, *, #2159, .T. ) ;
#608 = CARTESIAN_POINT ( 'NONE',  ( -55.66724505634339693, -5.000000000000000000, -132.1865546218488134 ) ) ;
#609 = CARTESIAN_POINT ( 'NONE',  ( -55.86666193141272174, 10.18420732565715170, -131.6841735965894316 ) ) ;
#610 = CARTESIAN_POINT ( 'NONE',  ( -57.79981552219536667, -24.69968747690790423, -124.2737202897365449 ) ) ;
#611 = ORIENTED_EDGE ( 'NONE', *, *, #1871, .F. ) ;
#612 = VECTOR ( 'NONE', #453, 1000.000000000000000 ) ;
#613 = CARTESIAN_POINT ( 'NONE',  ( -57.98896957989030199, -31.92717989833334613, -111.3331692123827992 ) ) ;
#614 = CARTESIAN_POINT ( 'NONE',  ( -56.96899504641550038, -30.78594939043214751, -111.6990264924217939 ) ) ;
#615 = CARTESIAN_POINT ( 'NONE',  ( -60.00000000000000000, 22.09615960404699919, -47.60163301958729676 ) ) ;
#616 = CARTESIAN_POINT ( 'NONE',  ( -55.73855014791710261, -25.15639610625740019, -122.2703508055109864 ) ) ;
#617 = EDGE_CURVE ( 'NONE', #2635, #1001, #2857, .T. ) ;
#618 = B_SPLINE_CURVE_WITH_KNOTS ( 'NONE', 3,
 ( #866, #1100, #2623, #852, #566, #3167, #1340, #2403, #322, #818, #1086, #1071, #1644, #581, #1853, #308, #2161, #1868, #1357, #2103, #2358, #52, #3119, #1883, #2869, #356, #1916, #2881, #885, #2918, #1900, #593, #1629, #2638, #339, #2387, #2900, #84, #610, #2954, #936, #2766, #647, #664, #1166, #1777, #2178, #1679, #1796, #2780, #1696, #2026, #235, #756, #2290, #505, #3047, #490, #2687, #2705 ),
 .UNSPECIFIED., .F., .F.,
 ( 4, 2, 2, 1, 2, 2, 1, 2, 2, 2, 1, 2, 2, 1, 2, 2, 1, 1, 1, 2, 2, 2, 2, 1, 2, 2, 1, 1, 2, 2, 2, 2, 2, 2, 4 ),
 ( 0.000000000000000000, 0.06826955156645320155, 0.1024043273496797607, 0.1194717152412925476, 0.1237385622141964764, 0.1258719857006489196, 0.1280054091871013766, 0.1365391031329114824, 0.2048086546993947155, 0.2389434304826364153, 0.2474771244284468263, 0.2496105479148996997, 0.2517439714013525176, 0.2560108183742583199, 0.2730782062658821396, 0.3413477578323771411, 0.3584151457240006278, 0.3669488396698119548, 0.3712156866427173130, 0.3733491101291701031, 0.3754825336156228377, 0.4096173093988617064, 0.4266846972904816404, 0.4352183912362916351, 0.4373518147227437591, 0.4378851705943569428, 0.4384185264659700709, 0.4394852382091978260, 0.4437520851821067924, 0.4778868609653862398, 0.4949542488570266574, 0.4992210958299362900, 0.5034879428028459225, 0.5120216367486660758, 0.5461564125319471330 ),
 .UNSPECIFIED. ) ;
#619 = CARTESIAN_POINT ( 'NONE',  ( -54.26765887180930292, 14.93649911383483975, -130.2737081723965957 ) ) ;
#620 = CARTESIAN_POINT ( 'NONE',  ( -56.03092734484539506, -15.96553066857820191, -130.2879318599694045 ) ) ;
#621 = CARTESIAN_POINT ( 'NONE',  ( -55.94734398902400585, -23.04860055404019903, -125.9559530951062101 ) ) ;
#622 = CARTESIAN_POINT ( 'NONE',  ( -56.99999999999998579, 18.68338914549218899, -128.5262036378370567 ) ) ;
#623 = CARTESIAN_POINT ( 'NONE',  ( -56.40290513119089155, 15.01407035068285012, -130.2630970198709974 ) ) ;
#624 = DIRECTION ( 'NONE',  ( 0.000000000000000000, 0.000000000000000000, -1.000000000000000000 ) ) ;
#625 = ORIENTED_EDGE ( 'NONE', *, *, #1724, .T. ) ;
#626 = B_SPLINE_CURVE_WITH_KNOTS ( 'NONE', 3,
 ( #1627, #3312, #992, #1612, #734, #1809, #2073, #2130, #1099, #2319, #3134, #3276, #2053, #3076, #1548, #2775, #834, #1867, #338 ),
 .UNSPECIFIED., .F., .F.,
 ( 4, 2, 2, 2, 1, 2, 2, 2, 2, 4 ),
 ( 0.000000000000000000, 0.09368238208786867915, 0.1171029776098359843, 0.1405235731318033032, 0.1873647641757375248, 0.2342059552196717187, 0.2459162529806556141, 0.2576265507416394818, 0.2810471462636080497, 0.3747295283514808784 ),
 .UNSPECIFIED. ) ;
#627 = CARTESIAN_POINT ( 'NONE',  ( -55.76443250468878432, -10.56771592466478538, -131.9464041484528423 ) ) ;
#628 = CARTESIAN_POINT ( 'NONE',  ( -55.20335134754050443, 5.000000000000000000, -132.5000000000000000 ) ) ;
#629 = CARTESIAN_POINT ( 'NONE',  ( -57.88146679836950170, -31.18599987935534656, -113.8324412945773929 ) ) ;
#630 = B_SPLINE_CURVE_WITH_KNOTS ( 'NONE', 3,
 ( #2616, #1927, #1655, #640, #1348, #2397, #113, #2911, #845, #622, #2664, #1690 ),
 .UNSPECIFIED., .F., .F.,
 ( 4, 2, 2, 2, 2, 4 ),
 ( 0.000000000000000000, 0.001474629208964938105, 0.002211943813447407158, 0.002580601115688641901, 0.002764929766809270332, 0.002949258417929899196 ),
 .UNSPECIFIED. ) ;
#631 = ORIENTED_EDGE ( 'NONE', *, *, #1672, .T. ) ;
#632 = CARTESIAN_POINT ( 'NONE',  ( -55.20335134754050443, 5.000000000000000000, -132.5000000000000000 ) ) ;
#633 = CARTESIAN_POINT ( 'NONE',  ( -53.38768340890069908, 5.000000000000000000, -131.5937952004084082 ) ) ;
#634 = CARTESIAN_POINT ( 'NONE',  ( -56.99999633380131314, -27.38718352996843208, -121.1126948662626575 ) ) ;
#635 = EDGE_CURVE ( 'NONE', #1778, #2225, #2740, .T. ) ;
#636 = CARTESIAN_POINT ( 'NONE',  ( -55.74759660104229653, -25.41895669628210186, -121.8463264542177882 ) ) ;
#637 = DIRECTION ( 'NONE',  ( 0.000000000000000000, 0.000000000000000000, 1.000000000000000000 ) ) ;
#638 = CARTESIAN_POINT ( 'NONE',  ( -59.06302393003669948, -27.36937805507849930, -120.3672586657379924 ) ) ;
#639 = CARTESIAN_POINT ( 'NONE',  ( -55.11733089711540146, -22.94988708906254615, -124.3732099636752082 ) ) ;
#640 = CARTESIAN_POINT ( 'NONE',  ( -56.99999999999600675, 19.72431379378391370, -128.1596774384522064 ) ) ;
#641 = CARTESIAN_POINT ( 'NONE',  ( -56.56918084476750153, 16.10633196560420188, -129.7989789338271862 ) ) ;
#642 = CARTESIAN_POINT ( 'NONE',  ( -54.69377874029407138, -6.999893334614837315, -132.5000000000000000 ) ) ;
#643 = CARTESIAN_POINT ( 'NONE',  ( -53.86901320534128246, 16.09125152028844852, -128.4316891529455518 ) ) ;
#644 = EDGE_LOOP ( 'NONE', ( #1640, #1264, #693, #1798 ) ) ;
#645 = CARTESIAN_POINT ( 'NONE',  ( -55.26015235323760066, -8.229347626424051043, -132.3576054894913909 ) ) ;
#646 = CARTESIAN_POINT ( 'NONE',  ( -59.99154439997978017, 32.29156372064464620, -100.6053267127888518 ) ) ;
#647 = CARTESIAN_POINT ( 'NONE',  ( -57.74194951754272154, -24.46031808224577375, -124.5125857766319086 ) ) ;
#648 = ORIENTED_EDGE ( 'NONE', *, *, #271, .T. ) ;
#649 = CARTESIAN_POINT ( 'NONE',  ( -56.58132967821889991, -25.69463723027309854, -123.2248002454553983 ) ) ;
#650 = DIRECTION ( 'NONE',  ( 0.000000000000000000, 0.000000000000000000, -1.000000000000000000 ) ) ;
#651 = DIRECTION ( 'NONE',  ( 0.7071067811865500152, 0.000000000000000000, 0.7071067811865450192 ) ) ;
#652 = CARTESIAN_POINT ( 'NONE',  ( -55.69175475256169960, -23.28459130723760140, -125.0641364708532137 ) ) ;
#653 = DIRECTION ( 'NONE',  ( 0.000000000000000000, 0.000000000000000000, 1.000000000000000000 ) ) ;
#654 = CARTESIAN_POINT ( 'NONE',  ( -58.26910437408910326, -26.59269553783449780, -122.1687527490589957 ) ) ;
#655 = AXIS2_PLACEMENT_3D ( 'NONE', #1597, #1391, #835 ) ;
#656 = CARTESIAN_POINT ( 'NONE',  ( -57.09485761045769436, -27.76825114818139895, -120.5800779390010007 ) ) ;
#657 = CARTESIAN_POINT ( 'NONE',  ( -58.82331171066120135, 27.38190159036999916, -121.6437538839049921 ) ) ;
#658 = CARTESIAN_POINT ( 'NONE',  ( -55.31510928363110224, 9.040523343468018780, -132.2154094204216221 ) ) ;
#659 = CARTESIAN_POINT ( 'NONE',  ( -57.02047770873853239, 18.66755128816249965, -128.4726918989989599 ) ) ;
#660 = ORIENTED_EDGE ( 'NONE', *, *, #2944, .F. ) ;
#661 = CARTESIAN_POINT ( 'NONE',  ( -56.08676914671924862, -13.65353896059029637, -131.1167127007213935 ) ) ;
#662 = CARTESIAN_POINT ( 'NONE',  ( -60.00000000000000000, 31.73649191647999501, -109.7999999999999972 ) ) ;
#663 = CARTESIAN_POINT ( 'NONE',  ( -57.87999545077030206, 25.03294731010995022, -123.9469633713109999 ) ) ;
#664 = CARTESIAN_POINT ( 'NONE',  ( -57.74049938772952117, -24.45430164373411230, -124.5185234086595898 ) ) ;
#665 = ORIENTED_EDGE ( 'NONE', *, *, #1967, .T. ) ;
#666 = LINE ( 'NONE', #2655, #891 ) ;
#667 = CARTESIAN_POINT ( 'NONE',  ( -58.20012134917843127, -24.00856522650941471, -124.4016693327742615 ) ) ;
#668 = VECTOR ( 'NONE', #487, 1000.000000000000000 ) ;
#669 = CARTESIAN_POINT ( 'NONE',  ( -55.71453740433739910, 23.15259841498199833, -125.3115880650031926 ) ) ;
#670 = CARTESIAN_POINT ( 'NONE',  ( -55.41275664666179779, 24.08523104947029836, -123.1632847129230015 ) ) ;
#671 = CARTESIAN_POINT ( 'NONE',  ( -59.54185327481509660, -29.22652376617620007, -117.3279515085094005 ) ) ;
#672 = FACE_OUTER_BOUND ( 'NONE', #2717, .T. ) ;
#673 = EDGE_CURVE ( 'NONE', #2145, #208, #912, .T. ) ;
#674 = CARTESIAN_POINT ( 'NONE',  ( -53.73140731521849744, -9.768039270747260971, -131.6396759205395881 ) ) ;
#675 = CARTESIAN_POINT ( 'NONE',  ( -55.88675905964410617, -10.49214353078487960, -131.6332767185607793 ) ) ;
#676 = CARTESIAN_POINT ( 'NONE',  ( -53.41047253010142981, 12.45946462664792520, -129.7079347074262330 ) ) ;
#677 = ORIENTED_EDGE ( 'NONE', *, *, #523, .F. ) ;
#678 = CARTESIAN_POINT ( 'NONE',  ( -58.32654112086498088, 26.81862410106145944, -121.8672080318283406 ) ) ;
#679 = DIRECTION ( 'NONE',  ( 1.000000000000000000, 0.000000000000000000, 0.000000000000000000 ) ) ;
#680 = CARTESIAN_POINT ( 'NONE',  ( -55.88103074043450391, 14.82438415949523858, -130.7023449344079893 ) ) ;
#681 = CARTESIAN_POINT ( 'NONE',  ( -56.06275592442884914, 20.89958385844195021, -127.4825399176448286 ) ) ;
#682 = ORIENTED_EDGE ( 'NONE', *, *, #1216, .T. ) ;
#683 = CARTESIAN_POINT ( 'NONE',  ( -56.35821686577769896, -24.76930140506939892, -124.2026988317479947 ) ) ;
#684 = FACE_BOUND ( 'NONE', #1200, .T. ) ;
#685 = EDGE_CURVE ( 'NONE', #306, #3117, #66, .T. ) ;
#686 = CARTESIAN_POINT ( 'NONE',  ( -55.72112312687419688, 23.11808245954674845, -125.3776294438359855 ) ) ;
#687 = CARTESIAN_POINT ( 'NONE',  ( -53.87326828305339177, 11.52821075292704123, -131.2879994849390073 ) ) ;
#688 = CARTESIAN_POINT ( 'NONE',  ( -60.00000000000000000, -33.00000000000000000, -109.7999999999999972 ) ) ;
#689 = CARTESIAN_POINT ( 'NONE',  ( -57.00000000000000000, -29.25000000000000000, -100.5499999999999972 ) ) ;
#690 = CARTESIAN_POINT ( 'NONE',  ( -55.22444962510029853, -20.45813364469530171, -127.5374021881721944 ) ) ;
#691 = CARTESIAN_POINT ( 'NONE',  ( -56.25146781214060354, -13.91170856997899996, -130.6756639184953883 ) ) ;
#692 = CARTESIAN_POINT ( 'NONE',  ( -58.37040085987054994, 24.68796265591850414, -123.7093511908781238 ) ) ;
#693 = ORIENTED_EDGE ( 'NONE', *, *, #3093, .F. ) ;
#694 = CARTESIAN_POINT ( 'NONE',  ( -58.00881741775529576, 25.55238729225260741, -123.3763941328525391 ) ) ;
#695 = CARTESIAN_POINT ( 'NONE',  ( -59.99917808689642840, -32.23011590896913958, -101.1957081248589816 ) ) ;
#696 = CARTESIAN_POINT ( 'NONE',  ( -55.63424481139270483, 12.94434403520379995, -131.3845322185756004 ) ) ;
#697 = EDGE_CURVE ( 'NONE', #831, #526, #626, .T. ) ;
#698 = ORIENTED_EDGE ( 'NONE', *, *, #965, .F. ) ;
#699 = CARTESIAN_POINT ( 'NONE',  ( -55.49733015616299525, -24.51075186743430123, -122.8102362540700057 ) ) ;
#700 = CARTESIAN_POINT ( 'NONE',  ( -58.00000000000000000, -5.000000000000000000, -37.10000000000000142 ) ) ;
#701 = CARTESIAN_POINT ( 'NONE',  ( -56.99999999999999289, -19.50187199470014932, -128.2636579736595195 ) ) ;
#702 = CARTESIAN_POINT ( 'NONE',  ( -54.94181085228729700, 21.96137601414880081, -124.9798611582756109 ) ) ;
#703 = CARTESIAN_POINT ( 'NONE',  ( -56.48597381889059932, -25.30067114918535154, -123.6460274565392012 ) ) ;
#704 = CARTESIAN_POINT ( 'NONE',  ( -59.99179784399026261, 24.15342879686145139, -45.36058242574384991 ) ) ;
#705 = CLOSED_SHELL ( 'NONE', ( #324, #432, #978, #2308, #26, #2580, #2015, #421, #1128, #1221, #1233, #416, #1826, #971, #2563, #803, #2885 ) ) ;
#706 = VECTOR ( 'NONE', #1202, 1000.000000000000000 ) ;
#707 = CARTESIAN_POINT ( 'NONE',  ( -53.57715813420379902, -6.202636671246580136, -132.0146647972550227 ) ) ;
#708 = CARTESIAN_POINT ( 'NONE',  ( -55.76443250468878432, -10.56771592466478538, -131.9464041484528423 ) ) ;
#709 = VERTEX_POINT ( 'NONE', #2747 ) ;
#710 = VERTEX_POINT ( 'NONE', #1771 ) ;
#711 = DIRECTION ( 'NONE',  ( 0.7071067811865425767, -0.7071067811865525687, 0.000000000000000000 ) ) ;
#712 = CARTESIAN_POINT ( 'NONE',  ( -59.99181046836670816, -32.28990810660847899, -100.6659559241480224 ) ) ;
#713 = CARTESIAN_POINT ( 'NONE',  ( -59.57409490372109673, 29.37060405011945008, -116.9454352734075968 ) ) ;
#714 = DIRECTION ( 'NONE',  ( 0.000000000000000000, 0.000000000000000000, 1.000000000000000000 ) ) ;
#715 = VERTEX_POINT ( 'NONE', #2806 ) ;
#716 = CARTESIAN_POINT ( 'NONE',  ( -55.76455127162849834, 22.92516034086835219, -125.7608902864240150 ) ) ;
#717 = CARTESIAN_POINT ( 'NONE',  ( -60.00000000000000000, 32.20000000000000284, -101.3245966692414015 ) ) ;
#718 = CARTESIAN_POINT ( 'NONE',  ( -56.99999999999996447, -19.04204137034108157, -128.4379315707665796 ) ) ;
#719 = CARTESIAN_POINT ( 'NONE',  ( -55.13093737947299644, 22.83307362569789944, -124.2780895338665914 ) ) ;
#720 = CARTESIAN_POINT ( 'NONE',  ( -56.92380758108360084, -31.78456749230435108, -112.8414762769180015 ) ) ;
#721 = CARTESIAN_POINT ( 'NONE',  ( -59.99329281188239094, 24.43299443781954494, -45.65144251642815476 ) ) ;
#722 = CARTESIAN_POINT ( 'NONE',  ( -53.60798495751080139, -7.398060058557510033, -131.9403138663809898 ) ) ;
#723 = CARTESIAN_POINT ( 'NONE',  ( -55.66724505634339693, -5.000000000000000000, -132.1865546218488134 ) ) ;
#724 = EDGE_CURVE ( 'NONE', #3104, #2116, #2868, .T. ) ;
#725 = ORIENTED_EDGE ( 'NONE', *, *, #3272, .T. ) ;
#726 = CARTESIAN_POINT ( 'NONE',  ( -58.84064972818370620, 28.85012490852893663, -118.8876673898737124 ) ) ;
#727 = AXIS2_PLACEMENT_3D ( 'NONE', #688, #1740, #2742 ) ;
#728 = CARTESIAN_POINT ( 'NONE',  ( -59.99155314092667624, -32.29151381815812982, -100.5675156891329038 ) ) ;
#729 = CARTESIAN_POINT ( 'NONE',  ( -59.03430145320709954, 29.63749303549915126, -117.4667348808731901 ) ) ;
#730 = CARTESIAN_POINT ( 'NONE',  ( -57.00000000000000000, -31.22765715804595033, -109.7999999999999972 ) ) ;
#731 = ORIENTED_EDGE ( 'NONE', *, *, #476, .F. ) ;
#732 = CARTESIAN_POINT ( 'NONE',  ( -55.81584280111160012, -25.78498445713880116, -121.3688505485172016 ) ) ;
#733 = CARTESIAN_POINT ( 'NONE',  ( -57.33095544932270116, -28.72314912909230245, -119.1004397179442122 ) ) ;
#734 = CARTESIAN_POINT ( 'NONE',  ( -55.79427644045660628, -9.143597011610633984, -131.8681104445032020 ) ) ;
#735 = CARTESIAN_POINT ( 'NONE',  ( -54.51983266815179263, 19.88514851401290073, -126.4316638291886079 ) ) ;
#736 = LINE ( 'NONE', #1207, #668 ) ;
#737 = CARTESIAN_POINT ( 'NONE',  ( -56.83692461276769592, -29.98875277458079935, -114.1512642611060073 ) ) ;
#738 =( BOUNDED_SURFACE ( )  B_SPLINE_SURFACE ( 3, 2, ( 
 ( #2916, #391, #608 ),
 ( #3180, #1129, #1438 ),
 ( #645, #901, #883 ),
 ( #371, #627, #864 ),
 ( #1660, #2192, #1931 ),
 ( #2932, #1677, #2951 ),
 ( #2142, #1642, #3200 ),
 ( #337, #661, #150 ),
 ( #1179, #2651, #3133 ),
 ( #620, #2694, #2395 ),
 ( #92, #1382, #2461 ),
 ( #2151, #2891, #1924 ),
 ( #383, #3143, #926 ),
 ( #2645, #2926, #1940 ),
 ( #160, #3175, #1190 ),
 ( #144, #128, #419 ),
 ( #2186, #109, #1449 ),
 ( #654, #910, #1140 ),
 ( #1416, #2411, #3157 ),
 ( #1399, #2444, #638 ),
 ( #1670, #894, #1956 ),
 ( #2942, #1158, #2960 ),
 ( #2678, #1890, #1173 ),
 ( #2428, #1688, #671 ),
 ( #3192, #2201, #858 ),
 ( #401, #1432, #347 ),
 ( #3208, #601, #1704 ),
 ( #876, #1635, #2712 ),
 ( #1121, #1907, #2661 ),
 ( #2908, #1653, #364 ) ),
 .UNSPECIFIED., .F., .F., .T. ) 
 B_SPLINE_SURFACE_WITH_KNOTS ( ( 4, 2, 2, 2, 2, 2, 2, 2, 2, 2, 2, 2, 2, 2, 4 ),
 ( 3, 3 ),
 ( 0.000000000000000000, 0.004724178816899449879, 0.007086268225349180022, 0.008267312929574039890, 0.009448357633798899757, 0.01417253645069836004, 0.01653462585914810060, 0.01889671526759779951, 0.02362089408449724939, 0.02598298349294700035, 0.02716402819717185155, 0.02834507290139669927, 0.03306925171829615262, 0.03543134112674589664, 0.03779343053519560597 ),
 ( 0.000000000000000000, 1.000000000000000000 ),
 .UNSPECIFIED. ) 
 GEOMETRIC_REPRESENTATION_ITEM ( )  RATIONAL_B_SPLINE_SURFACE ( (
 ( 1.000000000000000000, 0.8285859169988000206, 1.000000000000000000),
 ( 1.000000000000000000, 0.8285848870319999504, 1.000000000000000000),
 ( 1.000000000000000000, 0.8272906764469108998, 1.000000000000000000),
 ( 1.000000000000000000, 0.8235712917329940375, 1.000000000000000000),
 ( 1.000000000000000000, 0.8220348613219340406, 1.000000000000000000),
 ( 1.000000000000000000, 0.8193026833342059723, 1.000000000000000000),
 ( 1.000000000000000000, 0.8183206868164829562, 1.000000000000000000),
 ( 1.000000000000000000, 0.8162169470123100679, 1.000000000000000000),
 ( 1.000000000000000000, 0.8150932000092979690, 1.000000000000000000),
 ( 1.000000000000000000, 0.8091931983874830481, 1.000000000000000000),
 ( 1.000000000000000000, 0.8035399995349239433, 1.000000000000000000),
 ( 1.000000000000000000, 0.7940389753279309959, 1.000000000000000000),
 ( 1.000000000000000000, 0.7907014250234909447, 1.000000000000000000),
 ( 1.000000000000000000, 0.7837499339690719991, 1.000000000000000000),
 ( 1.000000000000000000, 0.7801261844443420079, 1.000000000000000000),
 ( 1.000000000000000000, 0.7691521764618109991, 1.000000000000000000),
 ( 1.000000000000000000, 0.7616391877751590433, 1.000000000000000000),
 ( 1.000000000000000000, 0.7506172174928709140, 1.000000000000000000),
 ( 1.000000000000000000, 0.7469850709871860284, 1.000000000000000000),
 ( 1.000000000000000000, 0.7416775941682789419, 1.000000000000000000),
 ( 1.000000000000000000, 0.7399276645477970149, 1.000000000000000000),
 ( 1.000000000000000000, 0.7365163803766580086, 1.000000000000000000),
 ( 1.000000000000000000, 0.7348543550261970037, 1.000000000000000000),
 ( 1.000000000000000000, 0.7267912943715030272, 1.000000000000000000),
 ( 1.000000000000000000, 0.7211296625886209899, 1.000000000000000000),
 ( 1.000000000000000000, 0.7143937519586940343, 1.000000000000000000),
 ( 1.000000000000000000, 0.7124415536430079854, 1.000000000000000000),
 ( 1.000000000000000000, 0.7092247972785959975, 1.000000000000000000),
 ( 1.000000000000000000, 0.7079618553749249532, 1.000000000000000000),
 ( 1.000000000000000000, 0.7071067811865480168, 1.000000000000000000) ) ) 
 REPRESENTATION_ITEM ( '' )  SURFACE ( )  );
#739 = CARTESIAN_POINT ( 'NONE',  ( -54.11338015687109504, 19.68019070574419871, -127.7138077494559809 ) ) ;
#740 = CARTESIAN_POINT ( 'NONE',  ( -57.58731402335988747, -22.03829934949376579, -126.6544377669649180 ) ) ;
#741 = CARTESIAN_POINT ( 'NONE',  ( -56.33312512805925110, 23.09083962865456030, -125.7816069388075562 ) ) ;
#742 = ORIENTED_EDGE ( 'NONE', *, *, #2702, .T. ) ;
#743 = CARTESIAN_POINT ( 'NONE',  ( -57.42346739608226613, 23.11077486785904256, -125.7612345610906459 ) ) ;
#744 = CARTESIAN_POINT ( 'NONE',  ( -55.77658396068164848, 14.02223682906366875, -130.9906697056434268 ) ) ;
#745 = CARTESIAN_POINT ( 'NONE',  ( -56.21772006773803554, -22.09842570248003213, -126.5943666685786724 ) ) ;
#746 = CARTESIAN_POINT ( 'NONE',  ( -55.36805159968687207, -9.814843942137184030, -132.0783690485968975 ) ) ;
#747 = ORIENTED_EDGE ( 'NONE', *, *, #2166, .T. ) ;
#748 = DIRECTION ( 'NONE',  ( 0.000000000000000000, 0.000000000000000000, 1.000000000000000000 ) ) ;
#749 = CARTESIAN_POINT ( 'NONE',  ( -57.73684832623019503, -30.45981983264799808, -115.7127975839572116 ) ) ;
#750 = CARTESIAN_POINT ( 'NONE',  ( -55.74808744022440266, 25.51467774814599920, -121.6806879749068031 ) ) ;
#751 = CARTESIAN_POINT ( 'NONE',  ( -57.18875601796469965, 28.14633251149429682, -120.0200988616415998 ) ) ;
#752 = CARTESIAN_POINT ( 'NONE',  ( -59.19265269208519697, -28.76075495961190143, -119.6353218729924066 ) ) ;
#753 = CARTESIAN_POINT ( 'NONE',  ( -56.62041492509979435, -26.42062305799195343, -122.4012433316402024 ) ) ;
#754 = CARTESIAN_POINT ( 'NONE',  ( -57.00000000000000000, -31.22765715804595033, -109.7999999999999972 ) ) ;
#755 = CIRCLE ( 'NONE', #1843, 0.5000000000000004441 ) ;
#756 = CARTESIAN_POINT ( 'NONE',  ( -57.32460461844792832, -22.67662871983063866, -126.1267976044440360 ) ) ;
#757 = DIRECTION ( 'NONE',  ( 0.000000000000000000, 0.000000000000000000, 1.000000000000000000 ) ) ;
#758 = EDGE_LOOP ( 'NONE', ( #1476, #2866, #1763 ) ) ;
#759 = VECTOR ( 'NONE', #501, 1000.000000000000000 ) ;
#760 = CARTESIAN_POINT ( 'NONE',  ( -56.97260842749690113, 30.81912533421795075, -111.5720725989937989 ) ) ;
#761 = CARTESIAN_POINT ( 'NONE',  ( -56.07986830705351622, 16.20403999953254015, -130.1424458569102569 ) ) ;
#762 = CARTESIAN_POINT ( 'NONE',  ( -57.00000000000000711, -19.04201226104274625, -128.4379408375174307 ) ) ;
#763 = CARTESIAN_POINT ( 'NONE',  ( -57.00000000000001421, 18.68338169145314609, -128.5262046256899851 ) ) ;
#764 = ORIENTED_EDGE ( 'NONE', *, *, #3225, .T. ) ;
#765 = CIRCLE ( 'NONE', #2631, 0.5000000000000004441 ) ;
#766 = CARTESIAN_POINT ( 'NONE',  ( -53.73243873713538932, 9.955513238618303617, -131.6377517538979021 ) ) ;
#767 = CARTESIAN_POINT ( 'NONE',  ( -57.85224754134389968, -31.02663592370379675, -114.2841488920930004 ) ) ;
#768 = EDGE_LOOP ( 'NONE', ( #3168, #2195, #2132, #2802 ) ) ;
#769 = EDGE_CURVE ( 'NONE', #1808, #1405, #516, .T. ) ;
#770 = CARTESIAN_POINT ( 'NONE',  ( -59.99917808689642129, 32.23011590889953482, -99.90429187481666418 ) ) ;
#771 = CARTESIAN_POINT ( 'NONE',  ( -56.39678970675619496, 28.08471630757910020, -118.0717716055371938 ) ) ;
#772 = CARTESIAN_POINT ( 'NONE',  ( -53.72488521117340809, -17.58637088894654710, -128.8599873049572011 ) ) ;
#773 = CARTESIAN_POINT ( 'NONE',  ( -57.21687410075150382, -28.72732576886595268, -119.3415286990442041 ) ) ;
#774 = CARTESIAN_POINT ( 'NONE',  ( -58.73918899215550482, -28.44536847490984854, -119.5568997261801911 ) ) ;
#775 = CARTESIAN_POINT ( 'NONE',  ( -57.66702579935070361, 30.13740072709564899, -116.4559431409673920 ) ) ;
#776 = DIRECTION ( 'NONE',  ( 1.000000000000000000, 0.000000000000000000, 0.000000000000000000 ) ) ;
#777 = ORIENTED_EDGE ( 'NONE', *, *, #3225, .F. ) ;
#778 = AXIS2_PLACEMENT_3D ( 'NONE', #3028, #469, #3298 ) ;
#779 = CARTESIAN_POINT ( 'NONE',  ( -56.59369452418840041, 28.89224571581274859, -116.6122515417579990 ) ) ;
#780 = CARTESIAN_POINT ( 'NONE',  ( -60.00000000000000000, 31.44257358593600316, -111.3848763141025984 ) ) ;
#781 = CARTESIAN_POINT ( 'NONE',  ( -56.33165820610877006, -23.07676830883859864, -125.7937921920266575 ) ) ;
#782 = CARTESIAN_POINT ( 'NONE',  ( -56.99999999999999289, -28.29147970834124237, -119.3294793892526400 ) ) ;
#783 = ORIENTED_EDGE ( 'NONE', *, *, #520, .T. ) ;
#784 = EDGE_CURVE ( 'NONE', #1069, #2247, #1113, .T. ) ;
#785 = CARTESIAN_POINT ( 'NONE',  ( -58.00000000000000000, 32.70000000000000284, -64.79999999999999716 ) ) ;
#786 = EDGE_CURVE ( 'NONE', #1709, #2009, #3201, .T. ) ;
#787 = CARTESIAN_POINT ( 'NONE',  ( -57.50654938008110406, -29.44924228106005160, -117.8218847767510056 ) ) ;
#788 = CARTESIAN_POINT ( 'NONE',  ( -56.89845410867490472, 26.97914309909459973, -121.6718907673375867 ) ) ;
#789 = CARTESIAN_POINT ( 'NONE',  ( -57.57386446384423095, 29.73541487933641037, -117.2679398116664231 ) ) ;
#790 = CARTESIAN_POINT ( 'NONE',  ( -56.00653535372949676, -23.95577709388365051, -124.8969998771552099 ) ) ;
#791 = CARTESIAN_POINT ( 'NONE',  ( -59.92358610790460460, -30.97866387224534890, -112.9242698049043980 ) ) ;
#792 = CARTESIAN_POINT ( 'NONE',  ( -57.00000000000000000, -5.000000000000000000, -38.10000000000000142 ) ) ;
#793 = PRODUCT_CONTEXT ( 'NONE', #2450, 'mechanical' ) ;
#794 = VERTEX_POINT ( 'NONE', #917 ) ;
#795 = B_SPLINE_SURFACE_WITH_KNOTS ( 'NONE', 1, 3, ( 
 ( #1434, #2995, #707, #722, #2728, #997, #1759, #674, #2463, #1706, #2764, #1193, #2714, #1486, #3031, #2479, #456, #2222, #3263, #182, #1958, #215, #2273, #2697, #403, #2446, #979, #146, #422, #1175, #947, #1975, #2979, #690, #1725, #440, #2239, #3246, #961, #521, #1567, #2840, #790, #1260, #283, #1329, #2350, #753, #1517, #2041, #488, #2288, #1827, #554, #1841, #3299, #1551, #538, #773, #1075 ),
 ( #2824, #2337, #2545, #1775, #3079, #1584, #2564, #1012, #2528, #297, #3315, #2582, #2059, #2778, #2322, #807, #3110, #2597, #29, #1794, #1312, #233, #1027, #1812, #42, #1061, #2794, #504, #2092, #3094, #3045, #2106, #12, #2077, #264, #1535, #248, #1293, #1277, #2303, #3064, #2809, #1044, #107, #74, #570, #2858, #1616, #1397, #1667, #823, #3155, #90, #1601, #1119, #2149, #1138, #856, #1414, #3173 ) ),
 .UNSPECIFIED., .F., .F., .F.,
 ( 2, 2 ),
 ( 4, 2, 2, 2, 2, 2, 2, 2, 2, 2, 2, 2, 2, 2, 2, 2, 2, 2, 2, 2, 2, 2, 2, 2, 2, 2, 2, 2, 2, 4 ),
 ( 0.000000000000000000, 1.000000000000000000 ),
 ( 0.000000000000000000, 0.001725576733234640038, 0.003451153466469280076, 0.004313941833086600529, 0.005176730199703920114, 0.006039518566321240567, 0.006470912749629900360, 0.006902306932938560152, 0.007765095299555880605, 0.008627883666173201058, 0.009490672032790518908, 0.01035346039940784023, 0.01207903713264247940, 0.01380461386587712030, 0.01466740223249443989, 0.01509879641580309968, 0.01553019059911174907, 0.01639297896572909988, 0.01725576733234640212, 0.01811855569896370088, 0.01898134406558104822, 0.02070692079881570127, 0.02243249753205029881, 0.02329528589866764962, 0.02415807426528495186, 0.02458946844859360298, 0.02502086263190225063, 0.02588365099851959797, 0.02674643936513690021, 0.02760922773175424755 ),
 .UNSPECIFIED. ) ;
#796 = CARTESIAN_POINT ( 'NONE',  ( -55.74808864766129801, -25.51468120796170069, -121.6806823092150012 ) ) ;
#797 = CIRCLE ( 'NONE', #3139, 2.000000000000001776 ) ;
#798 = CARTESIAN_POINT ( 'NONE',  ( -59.99624554207134253, -24.55836926658567521, -45.80669612755448128 ) ) ;
#799 = CARTESIAN_POINT ( 'NONE',  ( -55.66724505636369713, 5.798085171679249861, -132.1865546217981944 ) ) ;
#800 = CARTESIAN_POINT ( 'NONE',  ( -56.61915144637873709, -19.30938628237118238, -128.5183902669797931 ) ) ;
#801 = VERTEX_POINT ( 'NONE', #662 ) ;
#802 = CARTESIAN_POINT ( 'NONE',  ( -53.26935906160307610, -10.93111605965593114, -130.0824091513762255 ) ) ;
#803 = ADVANCED_FACE ( 'NONE', ( #151 ), #934, .T. ) ;
#804 = CARTESIAN_POINT ( 'NONE',  ( -57.27041530176180117, -28.47671420813729881, -119.5029844995870008 ) ) ;
#805 = CARTESIAN_POINT ( 'NONE',  ( -53.12117312722430285, 8.733583593648399201, -130.4674234494289919 ) ) ;
#806 = CARTESIAN_POINT ( 'NONE',  ( -57.08552714562187447, 27.73087186111315816, -120.6302727753945447 ) ) ;
#807 = CARTESIAN_POINT ( 'NONE',  ( -53.37595082537779945, -12.11741565408641996, -129.8003361526058086 ) ) ;
#808 = CARTESIAN_POINT ( 'NONE',  ( -59.42422289044139916, -31.45621284038895027, -113.0470988228603915 ) ) ;
#809 = CARTESIAN_POINT ( 'NONE',  ( -57.00000000000000000, 31.22765715804574782, -109.7999999999999972 ) ) ;
#810 = ORIENTED_EDGE ( 'NONE', *, *, #697, .F. ) ;
#811 = PLANE ( 'NONE',  #2265 ) ;
#812 = CARTESIAN_POINT ( 'NONE',  ( -59.99179787352100846, -24.32491026080706220, -45.53104493001758613 ) ) ;
#813 = CARTESIAN_POINT ( 'NONE',  ( -58.00000000000000000, -32.20996641490165047, -109.9872659176030112 ) ) ;
#814 = CARTESIAN_POINT ( 'NONE',  ( -60.00000000000000000, 23.58543518131099859, -44.93994966971920491 ) ) ;
#815 = EDGE_LOOP ( 'NONE', ( #2915, #1528 ) ) ;
#816 = CARTESIAN_POINT ( 'NONE',  ( -53.56646453088115578, -13.85146016168853578, -129.2842381484582575 ) ) ;
#817 = TOROIDAL_SURFACE ( 'NONE', #869, 27.19999999999999929, 0.5000000000000000000 ) ;
#818 = CARTESIAN_POINT ( 'NONE',  ( -59.32286289905470511, -30.92205150362815402, -114.5641135438546740 ) ) ;
#819 = EDGE_CURVE ( 'NONE', #3059, #2688, #380, .T. ) ;
#820 = CARTESIAN_POINT ( 'NONE',  ( -57.59990035977209999, 29.84403514358965026, -117.0689676402985953 ) ) ;
#821 = CARTESIAN_POINT ( 'NONE',  ( -57.09154191961527403, 27.75505544509100631, -120.5955359546089909 ) ) ;
#822 = EDGE_CURVE ( 'NONE', #1101, #1645, #1187, .T. ) ;
#823 = CARTESIAN_POINT ( 'NONE',  ( -55.90896337458590182, -26.18827122072179847, -120.8995627197184035 ) ) ;
#824 = CARTESIAN_POINT ( 'NONE',  ( -60.00000000000000000, 5.000000000000000000, -64.79999999999999716 ) ) ;
#825 = CARTESIAN_POINT ( 'NONE',  ( -57.48699937142159655, 29.36726636235460219, -117.9740454064550050 ) ) ;
#826 = CARTESIAN_POINT ( 'NONE',  ( -59.75046543025326429, 30.63673598422046851, -115.3210798071075516 ) ) ;
#827 = B_SPLINE_CURVE_WITH_KNOTS ( 'NONE', 3,
 ( #1093, #510, #3101, #1, #1349, #2097, #3115, #316, #1591, #798, #3128, #1066, #812, #1334, #560, #1848, #2126, #61, #2847, #2368, #2602, #846, #1862, #47, #1818, #303, #255, #2082 ),
 .UNSPECIFIED., .F., .F.,
 ( 4, 2, 1, 2, 2, 2, 1, 1, 1, 2, 2, 2, 1, 1, 2, 2, 4 ),
 ( 0.000000000000000000, 0.06250000000003060052, 0.09375000000003888556, 0.1093750000000414530, 0.1250000000000439926, 0.2500000000000682232, 0.3750000000000924261, 0.4375000000001045830, 0.4687500000001105782, 0.4843750000001201816, 0.5000000000001297851, 0.6250000000001090239, 0.6875000000001004752, 0.7187500000000961453, 0.7343750000000940359, 0.7500000000000918154, 1.000000000000000000 ),
 .UNSPECIFIED. ) ;
#828 = CARTESIAN_POINT ( 'NONE',  ( -60.02454253623329805, 32.70000000000000284, -104.8000000000000114 ) ) ;
#829 = CARTESIAN_POINT ( 'NONE',  ( -59.99999999999995026, 32.22797154729765623, -109.8919117647058528 ) ) ;
#830 = CARTESIAN_POINT ( 'NONE',  ( -55.76454109716800644, -22.92512078509199824, -125.7609220573419861 ) ) ;
#831 = VERTEX_POINT ( 'NONE', #2917 ) ;
#832 = CIRCLE ( 'NONE', #2696, 26.70000000000000284 ) ;
#833 = CARTESIAN_POINT ( 'NONE',  ( -53.02428201085598403, -6.955379732523396363, -130.7147201088901625 ) ) ;
#834 = CARTESIAN_POINT ( 'NONE',  ( -56.62272218890236530, -16.48064601178097632, -129.6518885871129214 ) ) ;
#835 = DIRECTION ( 'NONE',  ( 0.000000000000000000, 0.000000000000000000, 1.000000000000000000 ) ) ;
#836 = AXIS2_PLACEMENT_3D ( 'NONE', #888, #86, #358 ) ;
#837 = CARTESIAN_POINT ( 'NONE',  ( -56.84152960179116576, -30.01437441579050969, -114.0785161084495627 ) ) ;
#838 = CYLINDRICAL_SURFACE ( 'NONE', #2750, 57.00000000000000711 ) ;
#839 = CARTESIAN_POINT ( 'NONE',  ( -55.64838933620630002, -23.76532267904524787, -124.2468155867025956 ) ) ;
#840 = CARTESIAN_POINT ( 'NONE',  ( -56.90960556762539824, 27.54163493363475013, -121.0262853835549919 ) ) ;
#841 = CARTESIAN_POINT ( 'NONE',  ( -56.79507444758309731, 26.56347384769264863, -122.1999388764416068 ) ) ;
#842 = DIRECTION ( 'NONE',  ( 1.000000000000000000, 0.000000000000000000, 0.000000000000000000 ) ) ;
#843 = EDGE_CURVE ( 'NONE', #1934, #2967, #2458, .T. ) ;
#844 = EDGE_CURVE ( 'NONE', #1489, #1489, #227, .T. ) ;
#845 = CARTESIAN_POINT ( 'NONE',  ( -56.99999999999998579, 18.80496512544950605, -128.5029374207617252 ) ) ;
#846 = CARTESIAN_POINT ( 'NONE',  ( -59.99413226741886263, -23.98160668766703196, -45.21155566934903192 ) ) ;
#847 = LINE ( 'NONE', #1877, #1347 ) ;
#848 = ORIENTED_EDGE ( 'NONE', *, *, #2392, .F. ) ;
#849 = CARTESIAN_POINT ( 'NONE',  ( -60.00000000000000000, 32.20000000000000284, -99.77540333075850754 ) ) ;
#850 = B_SPLINE_SURFACE_WITH_KNOTS ( 'NONE', 1, 3, ( 
 ( #1952, #1902, #1664, #683, #2389, #649, #2146, #1184, #1116, #1168, #1152, #921, #2406, #2707, #1683, #3152, #155, #2672, #2181, #2902, #3221, #2439, #2215, #1444, #3186, #1393, #613, #905, #1648 ),
 ( #103, #1135, #3169, #1769, #699, #449, #732, #1254, #1201, #482, #2264, #2016, #465, #430, #1733, #1495, #2488, #2282, #955, #2231, #1984, #1007, #972, #1459, #2473, #193, #3292, #2537, #1715 ) ),
 .UNSPECIFIED., .F., .F., .F.,
 ( 2, 2 ),
 ( 4, 3, 2, 2, 2, 2, 2, 2, 2, 2, 2, 2, 2, 4 ),
 ( 0.000000000000000000, 1.000000000000000000 ),
 ( -0.002386818817622995102, 0.000000000000000000, 0.001964953755069415164, 0.003929907510138825125, 0.004912384387673530105, 0.005894861265208240289, 0.006386099703975589743, 0.006877338142742949606, 0.007368576581510299928, 0.007859815020277650249, 0.009824768775347070618, 0.01178972253041647884, 0.01375467628548589921, 0.01571963004055530050 ),
 .UNSPECIFIED. ) ;
#851 =( BOUNDED_SURFACE ( )  B_SPLINE_SURFACE ( 3, 2, ( 
 ( #1081, #829, #3070 ),
 ( #2864, #575, #780 ),
 ( #1608, #2799, #528 ),
 ( #2571, #272, #1301 ),
 ( #2328, #1052, #3084 ),
 ( #544, #2829, #1574 ),
 ( #2587, #288, #1319 ),
 ( #2342, #34, #913 ),
 ( #2633, #2895, #2204 ),
 ( #2398, #1621, #78 ),
 ( #2447, #114, #2698 ),
 ( #131, #367, #3146 ),
 ( #3177, #1124, #604 ),
 ( #2928, #1176, #333 ),
 ( #95, #147, #387 ),
 ( #880, #2665, #1691 ),
 ( #2172, #1108, #2154 ),
 ( #1161, #1368, #2139 ),
 ( #2189, #3161, #1418 ),
 ( #897, #3197, #641 ),
 ( #1943, #860, #1910 ),
 ( #2912, #3213, #623 ),
 ( #1656, #1402, #1928 ),
 ( #1674, #1142, #588 ),
 ( #2681, #2947, #2414 ),
 ( #658, #1894, #1638 ),
 ( #404, #2648, #351 ),
 ( #2432, #1435, #1876 ),
 ( #2876, #2381, #1386 ),
 ( #3012, #2746, #2240 ) ),
 .UNSPECIFIED., .F., .F., .T. ) 
 B_SPLINE_SURFACE_WITH_KNOTS ( ( 4, 2, 2, 2, 2, 2, 2, 2, 2, 2, 2, 2, 2, 2, 4 ),
 ( 3, 3 ),
 ( 0.000000000000000000, 0.004724089557334310539, 0.007086134336001460171, 0.008267156725335039757, 0.009448179114668619344, 0.01417226867200292034, 0.01653431345067010033, 0.01889635822933724910, 0.02362044778667155009, 0.02598249256533869886, 0.02716351495467225069, 0.02834453734400585109, 0.03306862690134015209, 0.03543067168000729739, 0.03779271645867444962 ),
 ( 0.000000000000000000, 1.000000000000000000 ),
 .UNSPECIFIED. ) 
 GEOMETRIC_REPRESENTATION_ITEM ( )  RATIONAL_B_SPLINE_SURFACE ( (
 ( 1.000000000000000000, 0.7071067811865480168, 1.000000000000000000),
 ( 1.000000000000000000, 0.7088237698605559522, 1.000000000000000000),
 ( 1.000000000000000000, 0.7120951162517650257, 1.000000000000000000),
 ( 1.000000000000000000, 0.7188110164561459792, 1.000000000000000000),
 ( 1.000000000000000000, 0.7213511860151640143, 1.000000000000000000),
 ( 1.000000000000000000, 0.7255487357217419442, 1.000000000000000000),
 ( 1.000000000000000000, 0.7270124687111939599, 1.000000000000000000),
 ( 1.000000000000000000, 0.7300581743800389489, 1.000000000000000000),
 ( 1.000000000000000000, 0.7316426071837139888, 1.000000000000000000),
 ( 1.000000000000000000, 0.7397510546019179234, 1.000000000000000000),
 ( 1.000000000000000000, 0.7468797033509368966, 1.000000000000000000),
 ( 1.000000000000000000, 0.7579035077721959501, 1.000000000000000000),
 ( 1.000000000000000000, 0.7616346816667519670, 1.000000000000000000),
 ( 1.000000000000000000, 0.7691165117422540387, 1.000000000000000000),
 ( 1.000000000000000000, 0.7728752128714839742, 1.000000000000000000),
 ( 1.000000000000000000, 0.7838458218810789857, 1.000000000000000000),
 ( 1.000000000000000000, 0.7908154702948240189, 1.000000000000000000),
 ( 1.000000000000000000, 0.8003192497385249737, 1.000000000000000000),
 ( 1.000000000000000000, 0.8033293674284610608, 1.000000000000000000),
 ( 1.000000000000000000, 0.8075546740142030000, 1.000000000000000000),
 ( 1.000000000000000000, 0.8089180435530419766, 1.000000000000000000),
 ( 1.000000000000000000, 0.8115184468194870382, 1.000000000000000000),
 ( 1.000000000000000000, 0.8127561503497360285, 1.000000000000000000),
 ( 1.000000000000000000, 0.8186217798312219740, 1.000000000000000000),
 ( 1.000000000000000000, 0.8222819868181380221, 1.000000000000000000),
 ( 1.000000000000000000, 0.8260202703793889656, 1.000000000000000000),
 ( 1.000000000000000000, 0.8269741909972400107, 1.000000000000000000),
 ( 1.000000000000000000, 0.8282587290418689241, 1.000000000000000000),
 ( 1.000000000000000000, 0.8285873889493450273, 1.000000000000000000),
 ( 1.000000000000000000, 0.8285859169988000206, 1.000000000000000000) ) ) 
 REPRESENTATION_ITEM ( '' )  SURFACE ( )  );
#852 = CARTESIAN_POINT ( 'NONE',  ( -59.42971270199757328, -31.50378177410874514, -112.8644611578931034 ) ) ;
#853 = ORIENTED_EDGE ( 'NONE', *, *, #873, .T. ) ;
#854 = CARTESIAN_POINT ( 'NONE',  ( -55.38653153701289966, 24.05564134338339954, -123.2659616923368020 ) ) ;
#855 = DIRECTION ( 'NONE',  ( 1.000000000000000000, 0.000000000000000000, 0.000000000000000000 ) ) ;
#856 = CARTESIAN_POINT ( 'NONE',  ( -56.27387193855320646, -27.70698566157314957, -118.8722652324471909 ) ) ;
#857 = DIRECTION ( 'NONE',  ( 0.9241485408847297522, 0.000000000000000000, -0.3820333419750494008 ) ) ;
#858 = CARTESIAN_POINT ( 'NONE',  ( -59.70712268689710100, -29.90209544464114799, -115.9050368258303934 ) ) ;
#859 = DIRECTION ( 'NONE',  ( 0.000000000000000000, 0.000000000000000000, 1.000000000000000000 ) ) ;
#860 = CARTESIAN_POINT ( 'NONE',  ( -56.40117412242648953, 15.89517139232529708, -130.2705447551552993 ) ) ;
#861 = CARTESIAN_POINT ( 'NONE',  ( -54.91298095836988580, -10.95287963872024761, -131.8538029875759889 ) ) ;
#862 = CARTESIAN_POINT ( 'NONE',  ( -56.13526526921743454, -24.04283733783502441, -124.8398317348338935 ) ) ;
#863 = VERTEX_POINT ( 'NONE', #2244 ) ;
#864 = CARTESIAN_POINT ( 'NONE',  ( -55.88675905964410617, -10.49214353078487960, -131.6332767185607793 ) ) ;
#865 = CARTESIAN_POINT ( 'NONE',  ( -56.02788922003409056, 12.04801964275184289, -131.2698827374493362 ) ) ;
#866 = CARTESIAN_POINT ( 'NONE',  ( -59.50000000000000000, -32.22797154729765623, -109.8919117647059949 ) ) ;
#867 = ORIENTED_EDGE ( 'NONE', *, *, #2072, .F. ) ;
#868 = MECHANICAL_DESIGN_GEOMETRIC_PRESENTATION_REPRESENTATION (  '', ( #1185 ), #1295 ) ;
#869 = AXIS2_PLACEMENT_3D ( 'NONE', #2107, #3111, #13 ) ;
#870 = CARTESIAN_POINT ( 'NONE',  ( -57.00000000000000000, -31.69999999999999929, -104.8000000000000114 ) ) ;
#871 = CARTESIAN_POINT ( 'NONE',  ( -54.98274339304570191, 22.39706415371724901, -124.9267857201195966 ) ) ;
#872 = CARTESIAN_POINT ( 'NONE',  ( -53.02428247405529049, -5.000000000000000000, -130.7147189345587890 ) ) ;
#873 = EDGE_CURVE ( 'NONE', #3136, #2162, #1265, .T. ) ;
#874 = CARTESIAN_POINT ( 'NONE',  ( -57.00000000000000000, -5.000000000000000000, -38.10000000000000142 ) ) ;
#875 = CARTESIAN_POINT ( 'NONE',  ( -55.43081097821540482, 21.43506689809935040, -126.8829091968879936 ) ) ;
#876 = CARTESIAN_POINT ( 'NONE',  ( -59.48430761771070507, -31.89283760499199971, -111.4873853187562105 ) ) ;
#877 = CARTESIAN_POINT ( 'NONE',  ( -56.58132967821889991, -25.69463723027309854, -123.2248002454553983 ) ) ;
#878 = B_SPLINE_SURFACE_WITH_KNOTS ( 'NONE', 1, 3, ( 
 ( #44, #2351, #540, #2339, #1345, #2566, #1844, #775, #2079, #266, #825, #1279, #285, #1331, #2094, #1537, #2614, #1603, #1030, #31, #299, #1569, #841, #2584, #2874, #1063, #3081, #1296, #2842 ),
 ( #809, #2547, #2364, #2826, #3097, #1814, #2124, #556, #1091, #1587, #2599, #1553, #59, #1078, #3125, #2305, #314, #572, #14, #1874, #250, #2109, #3112, #3317, #2061, #1860, #2811, #2860, #2324 ) ),
 .UNSPECIFIED., .F., .F., .F.,
 ( 2, 2 ),
 ( 4, 2, 2, 2, 2, 2, 2, 2, 2, 2, 2, 2, 3, 4 ),
 ( 0.000000000000000000, 1.000000000000000000 ),
 ( 0.000000000000000000, 0.001964947795615934988, 0.003929895591231869975, 0.005894843386847809300, 0.007859791182463739950, 0.008351028131367730853, 0.008842265080271709612, 0.009333502029175700515, 0.009824738978079679275, 0.01080721287588763853, 0.01178968677369562033, 0.01375463456931153884, 0.01571958236492750072, 0.01810639939240290056 ),
 .UNSPECIFIED. ) ;
#879 = CARTESIAN_POINT ( 'NONE',  ( -52.64577380949019414, 5.000000000000000000, -131.6499999999999773 ) ) ;
#880 = CARTESIAN_POINT ( 'NONE',  ( -57.05084390341890099, 21.46778764486759883, -127.1300593672243764 ) ) ;
#881 = CARTESIAN_POINT ( 'NONE',  ( -57.67333753707016797, 21.79283471006507611, -126.3574598079285067 ) ) ;
#882 = ORIENTED_EDGE ( 'NONE', *, *, #2392, .T. ) ;
#883 = CARTESIAN_POINT ( 'NONE',  ( -55.72452338133450667, -8.171056153020920476, -132.0455554159237863 ) ) ;
#884 = DIRECTION ( 'NONE',  ( 0.000000000000000000, 0.000000000000000000, -1.000000000000000000 ) ) ;
#885 = CARTESIAN_POINT ( 'NONE',  ( -58.27106158875262309, -26.59900751961966492, -122.1456028860048946 ) ) ;
#886 = ORIENTED_EDGE ( 'NONE', *, *, #1384, .T. ) ;
#887 = CIRCLE ( 'NONE', #2804, 0.5000000000000004441 ) ;
#888 = CARTESIAN_POINT ( 'NONE',  ( -60.00000000000000000, -5.000000000000000000, -64.79999999999999716 ) ) ;
#889 = CARTESIAN_POINT ( 'NONE',  ( -56.09677388127935416, -26.89009271169037163, -119.9505135883034797 ) ) ;
#890 = CARTESIAN_POINT ( 'NONE',  ( -56.91506957332514105, -20.79127986519698368, -127.5579818546275845 ) ) ;
#891 = VECTOR ( 'NONE', #1918, 1000.000000000000000 ) ;
#892 = CARTESIAN_POINT ( 'NONE',  ( -55.70395808034029272, -24.64039418533955228, -123.0307881349023944 ) ) ;
#893 = CARTESIAN_POINT ( 'NONE',  ( -56.74285789563420224, 26.89688214592144888, -121.8374593943485991 ) ) ;
#894 = CARTESIAN_POINT ( 'NONE',  ( -59.07853451863115168, -27.97201447034620614, -120.2836167934292888 ) ) ;
#895 = CARTESIAN_POINT ( 'NONE',  ( -56.89844824904000120, -26.97911954343789986, -121.6719215323568051 ) ) ;
#896 = SURFACE_STYLE_FILL_AREA ( #1107 ) ;
#897 = CARTESIAN_POINT ( 'NONE',  ( -56.09777100443499620, 16.31049247969619742, -130.0887972609561984 ) ) ;
#898 = CARTESIAN_POINT ( 'NONE',  ( -54.96485456278475112, -11.62827975992784779, -131.6955546653013016 ) ) ;
#899 = CARTESIAN_POINT ( 'NONE',  ( -53.48586017189659714, 13.15918130909364514, -129.5044213732577418 ) ) ;
#900 = VERTEX_POINT ( 'NONE', #1542 ) ;
#901 = CARTESIAN_POINT ( 'NONE',  ( -55.59971799597713016, -8.218216223533721276, -132.3582011480207825 ) ) ;
#902 = CARTESIAN_POINT ( 'NONE',  ( -59.99735110583161912, 32.25346734418413064, -100.0306207194119992 ) ) ;
#903 = CARTESIAN_POINT ( 'NONE',  ( -55.42146516395298761, 16.08064873992264054, -130.1871870095567658 ) ) ;
#904 = ORIENTED_EDGE ( 'NONE', *, *, #1366, .T. ) ;
#905 = CARTESIAN_POINT ( 'NONE',  ( -57.99999810892720120, -32.08074312020399788, -110.6650644443055995 ) ) ;
#906 = CARTESIAN_POINT ( 'NONE',  ( -56.43121450176717246, -28.22365552945068856, -117.8360465479843242 ) ) ;
#907 = CARTESIAN_POINT ( 'NONE',  ( -57.00000001350717582, 21.19600365222084193, -127.2718705710349809 ) ) ;
#908 = CARTESIAN_POINT ( 'NONE',  ( -55.64907137152739836, 23.70856986338004901, -124.3339501251598165 ) ) ;
#909 = CARTESIAN_POINT ( 'NONE',  ( -55.14804960417869495, 20.08202831015585232, -127.7725501474633916 ) ) ;
#910 = CARTESIAN_POINT ( 'NONE',  ( -58.70425450684390256, -26.55124253269461931, -122.2205210089530283 ) ) ;
#911 = CARTESIAN_POINT ( 'NONE',  ( -55.81584280111160012, -25.78498445713880116, -121.3688505485172016 ) ) ;
#912 = B_SPLINE_CURVE_WITH_KNOTS ( 'NONE', 3,
 ( #176, #1971, #2442, #3206, #686, #669, #451, #924, #1954, #2958, #1497, #2459, #1702, #2710, #158, #1480, #908, #2217, #2234, #3242, #942, #1738, #957, #433, #1462, #2560, #261, #2622, #2300, #2880, #1354, #230, #1009, #2525, #2372, #2037, #2285, #1041, #1289, #1882, #592, #3026, #3295, #2637, #580, #2791, #2019, #485, #321, #3042, #3060, #1256, #9, #750 ),
 .UNSPECIFIED., .F., .F.,
 ( 4, 2, 1, 2, 2, 1, 1, 1, 2, 2, 2, 1, 1, 2, 2, 1, 1, 1, 1, 2, 2, 2, 1, 1, 2, 2, 2, 2, 2, 1, 1, 2, 2, 4 ),
 ( 0.000000000000000000, 0.06250000000076930129, 0.09375000000115399357, 0.1093750000013457985, 0.1250000000015376034, 0.1875000000023349933, 0.2187500000027335079, 0.2343750000029324876, 0.2421875000030319913, 0.2500000000031314951, 0.3750000000047519766, 0.4375000000055629945, 0.4687500000059640071, 0.4843750000061680105, 0.5000000000063710148, 0.5156250000065749628, 0.5234375000066799899, 0.5273437500067329475, 0.5292968750067600370, 0.5302734375067699180, 0.5312500000067800210, 0.5390625000066739947, 0.5429687500066210371, 0.5449218750065939476, 0.5458984375065809580, 0.5468750000065679684, 0.5625000000063360428, 0.5937500000058789640, 0.6250000000054219962, 0.6875000000045089488, 0.7187500000040529802, 0.7343750000038290482, 0.7500000000036050052, 1.000000000000000000 ),
 .UNSPECIFIED. ) ;
#913 = CARTESIAN_POINT ( 'NONE',  ( -59.43744704207729512, 28.82089709588805349, -118.0046306413075854 ) ) ;
#914 = CARTESIAN_POINT ( 'NONE',  ( -55.44662717377844530, 24.24641311779703301, -123.0952384899170795 ) ) ;
#915 = ORIENTED_EDGE ( 'NONE', *, *, #697, .T. ) ;
#916 = CARTESIAN_POINT ( 'NONE',  ( -56.54233133145309864, -25.53354846458895011, -123.3951753598160082 ) ) ;
#917 = CARTESIAN_POINT ( 'NONE',  ( -55.76454109716800644, -22.92512078509199824, -125.7609220573419861 ) ) ;
#918 = CARTESIAN_POINT ( 'NONE',  ( -59.54925375428124568, 29.79642879914216635, -117.1527946097308330 ) ) ;
#919 = FACE_BOUND ( 'NONE', #1864, .T. ) ;
#920 = VERTEX_POINT ( 'NONE', #2312 ) ;
#921 = CARTESIAN_POINT ( 'NONE',  ( -57.23440590828800367, -28.33061600403884839, -119.7361171866629945 ) ) ;
#922 = TOROIDAL_SURFACE ( 'NONE', #2207, 27.19999999999999929, 0.5000000000000000000 ) ;
#923 = CARTESIAN_POINT ( 'NONE',  ( -56.99999998700598525, 27.38727552604133919, -121.1125675869293730 ) ) ;
#924 = CARTESIAN_POINT ( 'NONE',  ( -55.70824379322179709, 23.18665384310044786, -125.2468619618262125 ) ) ;
#925 = CARTESIAN_POINT ( 'NONE',  ( -56.03656019224050056, 26.71930952642954793, -120.2381348202479927 ) ) ;
#926 = CARTESIAN_POINT ( 'NONE',  ( -57.25726488913809931, -19.86830758656845219, -127.7395368874779962 ) ) ;
#927 = CARTESIAN_POINT ( 'NONE',  ( -56.08430161460859864, -23.62216750438329882, -125.3715350073202046 ) ) ;
#928 = EDGE_CURVE ( 'NONE', #937, #2449, #827, .T. ) ;
#929 = FACE_OUTER_BOUND ( 'NONE', #1047, .T. ) ;
#930 = CARTESIAN_POINT ( 'NONE',  ( -55.72452338133450667, -8.171056153020920476, -132.0455554159237863 ) ) ;
#931 = CARTESIAN_POINT ( 'NONE',  ( -53.02428247405529049, 5.000000000000000000, -130.7147189345587890 ) ) ;
#932 = ORIENTED_EDGE ( 'NONE', *, *, #2835, .F. ) ;
#933 = CARTESIAN_POINT ( 'NONE',  ( -57.74089634478987421, 24.45592617537230495, -124.5169205105298857 ) ) ;
#934 = CYLINDRICAL_SURFACE ( 'NONE', #3273, 0.5000000000000004441 ) ;
#935 = CARTESIAN_POINT ( 'NONE',  ( -57.05084390341890099, 21.46778764486759883, -127.1300593672243764 ) ) ;
#936 = CARTESIAN_POINT ( 'NONE',  ( -57.74901913401357234, -24.48964314125915109, -124.4836153656904543 ) ) ;
#937 = VERTEX_POINT ( 'NONE', #1283 ) ;
#938 = AXIS2_PLACEMENT_3D ( 'NONE', #2843, #603, #842 ) ;
#939 = LINE ( 'NONE', #1427, #1785 ) ;
#940 = CARTESIAN_POINT ( 'NONE',  ( -57.00000000000000000, -29.06081941207432351, -117.4811168620504986 ) ) ;
#941 = AXIS2_PLACEMENT_3D ( 'NONE', #1020, #1820, #2049 ) ;
#942 = CARTESIAN_POINT ( 'NONE',  ( -55.65473713775049447, 24.09672609781349806, -123.7596756240124023 ) ) ;
#943 = CARTESIAN_POINT ( 'NONE',  ( -55.77740152892509684, 25.63817091023809880, -121.5442352842679981 ) ) ;
#944 = CARTESIAN_POINT ( 'NONE',  ( -59.07358788153720042, -28.31625835343420405, -120.3245403293128106 ) ) ;
#945 = CARTESIAN_POINT ( 'NONE',  ( -59.99917489363511436, 23.70621657989050490, -45.01207761915832606 ) ) ;
#946 = B_SPLINE_CURVE_WITH_KNOTS ( 'NONE', 3,
 ( #1324, #2371, #2316, #65, #1098, #2575 ),
 .UNSPECIFIED., .F., .F.,
 ( 4, 2, 4 ),
 ( 0.000000000000000000, 0.005991329932153140365, 0.01198265986430628073 ),
 .UNSPECIFIED. ) ;
#947 = CARTESIAN_POINT ( 'NONE',  ( -55.07242121771809451, -19.70314709676799936, -128.0025599343690033 ) ) ;
#948 = CARTESIAN_POINT ( 'NONE',  ( -56.13555960065554729, -14.03552527729640964, -130.9879949581302867 ) ) ;
#949 = CARTESIAN_POINT ( 'NONE',  ( -53.74137457050352396, 15.20324553032643955, -128.7966536155064716 ) ) ;
#950 = ORIENTED_EDGE ( 'NONE', *, *, #3239, .T. ) ;
#951 = CARTESIAN_POINT ( 'NONE',  ( -59.33236589762756807, 30.96944683524044351, -114.4374792212700385 ) ) ;
#952 = CARTESIAN_POINT ( 'NONE',  ( -55.56385899556541119, 12.16793629026853196, -131.5660664101605164 ) ) ;
#953 = CARTESIAN_POINT ( 'NONE',  ( -57.60662312646199723, 23.89892542935189823, -125.0671113355544009 ) ) ;
#954 = ORIENTED_EDGE ( 'NONE', *, *, #1885, .F. ) ;
#955 = CARTESIAN_POINT ( 'NONE',  ( -56.49584132212149967, -28.48756979295914959, -117.3657378064985863 ) ) ;
#956 = DIRECTION ( 'NONE',  ( 1.000000000000000000, 0.000000000000000000, 0.000000000000000000 ) ) ;
#957 = CARTESIAN_POINT ( 'NONE',  ( -55.65747142635099465, 24.13805478554295192, -123.7029921562822068 ) ) ;
#958 = CARTESIAN_POINT ( 'NONE',  ( -54.24865428139890611, 18.41813488156984846, -127.2958041161110003 ) ) ;
#959 = CARTESIAN_POINT ( 'NONE',  ( -55.41660400998959801, -5.000000000000000000, -132.8000000000000114 ) ) ;
#960 = CARTESIAN_POINT ( 'NONE',  ( -56.91679127259539683, -30.42022695031315038, -112.9382031613541955 ) ) ;
#961 = CARTESIAN_POINT ( 'NONE',  ( -55.58723781794660113, -22.14606846193169787, -126.3678227110795973 ) ) ;
#962 = CARTESIAN_POINT ( 'NONE',  ( -55.54119315520267719, -6.620097667554449394, -132.4999999996227587 ) ) ;
#963 = CARTESIAN_POINT ( 'NONE',  ( -60.00000000000000000, 29.25000000000000000, -100.5499999999999972 ) ) ;
#964 = ORIENTED_EDGE ( 'NONE', *, *, #2405, .T. ) ;
#965 = EDGE_CURVE ( 'NONE', #172, #3232, #2354, .T. ) ;
#966 = CARTESIAN_POINT ( 'NONE',  ( -57.32152992805531966, 22.66304247618887047, -126.1380546243978955 ) ) ;
#967 = CARTESIAN_POINT ( 'NONE',  ( -55.93961248668438202, 15.24327107890265509, -130.5387920498322387 ) ) ;
#968 = CARTESIAN_POINT ( 'NONE',  ( -58.29988753544014202, 24.98570808123183085, -123.9965644611657893 ) ) ;
#969 = CYLINDRICAL_SURFACE ( 'NONE', #1372, 27.70000000000000284 ) ;
#970 = EDGE_LOOP ( 'NONE', ( #1630, #886, #3082, #513, #1163, #698, #1680 ) ) ;
#971 = ADVANCED_FACE ( 'NONE', ( #2815 ), #851, .T. ) ;
#972 = CARTESIAN_POINT ( 'NONE',  ( -56.78782051551350207, -29.75069206890960061, -114.7491372364900144 ) ) ;
#973 = CARTESIAN_POINT ( 'NONE',  ( -57.85385262704055265, -22.56407087276173229, -125.7071571428290184 ) ) ;
#974 = CARTESIAN_POINT ( 'NONE',  ( -57.00000000000001421, -19.15814896255263022, -128.3971772882624407 ) ) ;
#975 = CARTESIAN_POINT ( 'NONE',  ( -54.08690544873589801, 13.53950470398804029, -130.7456569038135967 ) ) ;
#976 = CARTESIAN_POINT ( 'NONE',  ( -56.99999998700598525, 27.38727552604133919, -121.1125675869293730 ) ) ;
#977 = CARTESIAN_POINT ( 'NONE',  ( -59.99388907911473012, 23.98399989936694610, -45.21291327229781842 ) ) ;
#978 = ADVANCED_FACE ( 'NONE', ( #1228 ), #234, .T. ) ;
#979 = CARTESIAN_POINT ( 'NONE',  ( -54.78035040426329516, -18.16186872816859932, -128.8641578162929875 ) ) ;
#980 = CARTESIAN_POINT ( 'NONE',  ( -55.78270558040820504, -14.07552674223896005, -130.9741577741247909 ) ) ;
#981 = DIRECTION ( 'NONE',  ( 1.000000000000000000, 0.000000000000000000, 0.000000000000000000 ) ) ;
#982 = ORIENTED_EDGE ( 'NONE', *, *, #2544, .T. ) ;
#983 = CARTESIAN_POINT ( 'NONE',  ( -57.77504783528767263, 24.59748787715968632, -124.3767061340271596 ) ) ;
#984 = CARTESIAN_POINT ( 'NONE',  ( -59.99183683220975638, -32.29031928979059529, -100.4338368366671972 ) ) ;
#985 = CARTESIAN_POINT ( 'NONE',  ( -58.09071239633310313, 23.55778959123974658, -124.8264998328535995 ) ) ;
#986 = CARTESIAN_POINT ( 'NONE',  ( -55.81442723472090961, -14.31664090613710627, -130.8864346246257355 ) ) ;
#987 = ORIENTED_EDGE ( 'NONE', *, *, #2029, .T. ) ;
#988 = CARTESIAN_POINT ( 'NONE',  ( -55.20187351801385489, -23.15466887407870900, -124.0077344426259742 ) ) ;
#989 =( NAMED_UNIT ( * ) SI_UNIT ( $, .STERADIAN. ) SOLID_ANGLE_UNIT ( ) );
#990 = B_SPLINE_CURVE_WITH_KNOTS ( 'NONE', 3,
 ( #596, #123, #1341, #614, #1886, #1102, #2886, #55, #2673, #837, #1919, #2133, #310, #582, #906, #1136, #71, #1087, #2119, #889, #326, #1903 ),
 .UNSPECIFIED., .F., .F.,
 ( 4, 2, 1, 2, 2, 2, 2, 2, 1, 2, 2, 4 ),
 ( 0.000000000000000000, 0.1250000000000046907, 0.1875000000000054956, 0.2187500000000060507, 0.2500000000000065503, 0.3750000000000056066, 0.5000000000000047740, 0.6250000000000038858, 0.6875000000000022204, 0.7187500000000026645, 0.7500000000000029976, 1.000000000000000000 ),
 .UNSPECIFIED. ) ;
#991 = ADVANCED_FACE ( 'NONE', ( #201 ), #3024, .T. ) ;
#992 = CARTESIAN_POINT ( 'NONE',  ( -55.69889836297355856, -7.375003081356629409, -132.1083215393967407 ) ) ;
#993 = CARTESIAN_POINT ( 'NONE',  ( -53.73140525429000292, 9.768009045896619114, -131.6396809807584134 ) ) ;
#994 = CARTESIAN_POINT ( 'NONE',  ( -56.23302005748090693, -28.76075495961190143, -119.1435557793427904 ) ) ;
#995 = CARTESIAN_POINT ( 'NONE',  ( -57.00000000000000000, -31.22765715804595033, -109.7999999999999972 ) ) ;
#996 = AXIS2_PLACEMENT_3D ( 'NONE', #963, #474, #757 ) ;
#997 = CARTESIAN_POINT ( 'NONE',  ( -53.67666931911049488, -8.882324839962929985, -131.7735922580036174 ) ) ;
#998 = CARTESIAN_POINT ( 'NONE',  ( -57.53155569127130065, -21.15412585712304860, -126.8394092052589883 ) ) ;
#999 = CARTESIAN_POINT ( 'NONE',  ( -56.19598174536177737, 21.91619365933256702, -126.7405954347350132 ) ) ;
#1000 = CARTESIAN_POINT ( 'NONE',  ( -55.74808744022440266, 25.51467774814599920, -121.6806879749068031 ) ) ;
#1001 = VERTEX_POINT ( 'NONE', #2598 ) ;
#1002 = CARTESIAN_POINT ( 'NONE',  ( -57.74234223221839812, 24.46192473126308542, -124.5109995564594101 ) ) ;
#1003 = CARTESIAN_POINT ( 'NONE',  ( -56.57897320409028907, 19.09861286963708338, -128.6446381501374105 ) ) ;
#1004 = CARTESIAN_POINT ( 'NONE',  ( -57.00000000000003553, -20.79645970342511774, -127.5597199452007686 ) ) ;
#1005 = CARTESIAN_POINT ( 'NONE',  ( -55.77706792949110337, -14.02612539570439232, -130.9893450203753105 ) ) ;
#1006 = ORIENTED_EDGE ( 'NONE', *, *, #2507, .F. ) ;
#1007 = CARTESIAN_POINT ( 'NONE',  ( -56.67276483574819679, -29.22990503186469979, -115.9276660816634035 ) ) ;
#1008 = SURFACE_SIDE_STYLE ('',( #2333 ) ) ;
#1009 = CARTESIAN_POINT ( 'NONE',  ( -55.66709856790939881, 24.24995955775385070, -123.5541601459920003 ) ) ;
#1010 = CARTESIAN_POINT ( 'NONE',  ( -53.02428247405529049, 5.000000000000000000, -130.7147189345587890 ) ) ;
#1011 = CARTESIAN_POINT ( 'NONE',  ( -58.68958442357980232, -26.88258680441715143, -122.2871114578008047 ) ) ;
#1012 = CARTESIAN_POINT ( 'NONE',  ( -53.17062735556569919, -9.585787913727520149, -130.3398785005420280 ) ) ;
#1013 = CARTESIAN_POINT ( 'NONE',  ( -59.20956333135939786, -30.35985455198429861, -116.0573630174382060 ) ) ;
#1014 = CARTESIAN_POINT ( 'NONE',  ( -55.89027348862300215, 19.63284044923045712, -128.3235079043641917 ) ) ;
#1015 = DIRECTION ( 'NONE',  ( 1.000000000000000000, 0.000000000000000000, 0.000000000000000000 ) ) ;
#1016 = EDGE_LOOP ( 'NONE', ( #932, #2014, #1038, #2882 ) ) ;
#1017 = CARTESIAN_POINT ( 'NONE',  ( -56.05034480053579671, 26.70943752969369811, -120.1638761857160063 ) ) ;
#1018 = CARTESIAN_POINT ( 'NONE',  ( -57.00000000000000000, 29.25000000000000000, -100.5499999999999972 ) ) ;
#1019 = CARTESIAN_POINT ( 'NONE',  ( -55.54119315508062016, 5.808767794957693020, -132.4999999999335785 ) ) ;
#1020 = CARTESIAN_POINT ( 'NONE',  ( -59.50000000000000000, 32.20000000000000284, -64.79999999999999716 ) ) ;
#1021 = EDGE_LOOP ( 'NONE', ( #2556, #1286, #3220, #904, #725, #1803 ) ) ;
#1022 = DIRECTION ( 'NONE',  ( -1.000000000000000000, 0.000000000000000000, 0.000000000000000000 ) ) ;
#1023 = DIRECTION ( 'NONE',  ( 1.000000000000000000, 0.000000000000000000, 0.000000000000000000 ) ) ;
#1024 = DIRECTION ( 'NONE',  ( 0.000000000000000000, -1.000000000000000000, 0.000000000000000000 ) ) ;
#1025 = CARTESIAN_POINT ( 'NONE',  ( -56.35822507274990301, 24.76933577571984912, -124.2026638116224007 ) ) ;
#1026 = CARTESIAN_POINT ( 'NONE',  ( -57.87431674474392906, 31.14631698737533938, -113.9467983828288880 ) ) ;
#1027 = CARTESIAN_POINT ( 'NONE',  ( -53.69022132759700128, -14.82719731963702081, -128.9408407685978091 ) ) ;
#1028 = DIRECTION ( 'NONE',  ( -1.000000000000000000, 0.000000000000000000, 0.000000000000000000 ) ) ;
#1029 = AXIS2_PLACEMENT_3D ( 'NONE', #1080, #2353, #2096 ) ;
#1030 = CARTESIAN_POINT ( 'NONE',  ( -57.18875601796469965, 28.14633251149429682, -120.0200988616415998 ) ) ;
#1031 = CARTESIAN_POINT ( 'NONE',  ( -56.99999998700598525, 27.38727552604133919, -121.1125675869293730 ) ) ;
#1032 = FACE_OUTER_BOUND ( 'NONE', #98, .T. ) ;
#1033 = AXIS2_PLACEMENT_3D ( 'NONE', #1153, #3170, #2424 ) ;
#1034 = DIRECTION ( 'NONE',  ( 0.000000000000000000, -1.000000000000000000, 0.000000000000000000 ) ) ;
#1035 = CARTESIAN_POINT ( 'NONE',  ( -60.00000000000000000, -32.20000000000000284, -99.77540333075850754 ) ) ;
#1036 = CARTESIAN_POINT ( 'NONE',  ( -55.66461285709412721, -17.97948014583927545, -129.2760143424882813 ) ) ;
#1037 = CARTESIAN_POINT ( 'NONE',  ( -55.37094459202992169, -9.857052096870711821, -132.0708809026061488 ) ) ;
#1038 = ORIENTED_EDGE ( 'NONE', *, *, #3096, .T. ) ;
#1039 = CARTESIAN_POINT ( 'NONE',  ( -55.38508296510853057, 21.23941494329623225, -127.0387123078370593 ) ) ;
#1040 = B_SPLINE_SURFACE_WITH_KNOTS ( 'NONE', 1, 3, ( 
 ( #1398, #2644, #1105, #2363, #1139, #1687, #840, #2890, #346, #2693, #893, #3174, #1120, #3156, #3191, #2136, #2410, #2628, #2150, #3142, #2676, #2122, #330, #58, #382, #875, #2925, #127, #1090, #909, #3124, #2941, #1415, #1363, #1906, #1873, #2873, #2427, #2378, #2907, #619, #1157, #1652, #975, #2725, #1772, #2991, #2741, #1448, #687, #1241, #177, #2020, #1739, #993, #1481, #1189, #2460, #159, #3224, #3027, #2200 ),
 ( #2510, #2492, #418, #2218, #452, #2004, #925, #196, #1987, #1224, #1205, #143, #943, #2235, #1972, #3008, #670, #1955, #1703, #719, #435, #2776, #702, #2251, #2976, #1720, #2270, #3243, #735, #3260, #1431, #1755, #1463, #2476, #958, #2761, #2443, #3207, #212, #468, #1498, #1172, #2959, #3277, #2711, #2594, #3107, #1549, #2526, #3091, #2286, #10, #281, #295, #2090, #1824, #805, #1513, #2561, #1309, #3077, #1010 ) ),
 .UNSPECIFIED., .F., .F., .F.,
 ( 2, 2 ),
 ( 4, 2, 2, 2, 2, 2, 2, 2, 2, 2, 2, 2, 2, 2, 2, 2, 2, 2, 2, 2, 2, 2, 2, 2, 2, 2, 2, 2, 2, 2, 4 ),
 ( 0.000000000000000000, 1.000000000000000000 ),
 ( 0.000000000000000000, 0.0008627831508435120480, 0.001725566301687025180, 0.002588349452530534951, 0.003019741027952290054, 0.003451132603374045156, 0.004313915754217555361, 0.005176698905061069902, 0.006902265206748090312, 0.007765048357591600517, 0.008627831508435110722, 0.009490614659278629600, 0.01035339781012213980, 0.01121618096096564134, 0.01207896411180916021, 0.01251035568723092052, 0.01294174726265266001, 0.01380453041349618062, 0.01553009671518319930, 0.01725566301687024920, 0.01811844616771374900, 0.01898122931855724879, 0.01984401246940075206, 0.02070679562024424838, 0.02113818719566605206, 0.02156957877108780022, 0.02243236192193130002, 0.02329514507277479982, 0.02415792822361829961, 0.02588349452530535125, 0.02760906082699235084 ),
 .UNSPECIFIED. ) ;
#1041 = CARTESIAN_POINT ( 'NONE',  ( -55.67086497187789718, 24.28693899060079886, -123.5061431171039885 ) ) ;
#1042 = CARTESIAN_POINT ( 'NONE',  ( -58.00000000000000000, 32.20996641490144441, -109.9872659176040059 ) ) ;
#1043 = CARTESIAN_POINT ( 'NONE',  ( -52.70362545401090415, -8.278625015277359722, -131.5120242987561880 ) ) ;
#1044 = CARTESIAN_POINT ( 'NONE',  ( -55.22545138469489245, -23.26031717101725249, -123.9173829704340051 ) ) ;
#1045 = CARTESIAN_POINT ( 'NONE',  ( -56.99999999807984352, -18.56012292949071352, -128.5349940189886695 ) ) ;
#1046 = CARTESIAN_POINT ( 'NONE',  ( -57.00000000000000000, 31.22765715804600006, -109.7999999999999972 ) ) ;
#1047 = EDGE_LOOP ( 'NONE', ( #783, #459, #742, #1237 ) ) ;
#1048 = PRODUCT_DEFINITION_CONTEXT ( 'detailed design', #2831, 'design' ) ;
#1049 = ADVANCED_FACE ( 'NONE', ( #1294 ), #3211, .T. ) ;
#1050 = CIRCLE ( 'NONE', #2123, 27.70000000000000284 ) ;
#1051 = DIRECTION ( 'NONE',  ( 0.000000000000000000, 1.734723475976804876E-16, -1.000000000000000000 ) ) ;
#1052 = CARTESIAN_POINT ( 'NONE',  ( -59.67731687799373219, 30.32086720517655465, -116.0605776241761902 ) ) ;
#1053 = CARTESIAN_POINT ( 'NONE',  ( -60.00000000000000000, -22.09615960404705248, -47.60163301958729676 ) ) ;
#1054 = CARTESIAN_POINT ( 'NONE',  ( -55.84339330224680964, -14.53734702861510186, -130.8063685561479303 ) ) ;
#1055 = ORIENTED_EDGE ( 'NONE', *, *, #1578, .F. ) ;
#1056 = VECTOR ( 'NONE', #2346, 1000.000000000000000 ) ;
#1057 = DIRECTION ( 'NONE',  ( -1.000000000000000000, 0.000000000000000000, 0.000000000000000000 ) ) ;
#1058 = CARTESIAN_POINT ( 'NONE',  ( -57.70236531947340808, -30.30082870944215045, -116.0784237126234046 ) ) ;
#1059 = CARTESIAN_POINT ( 'NONE',  ( -55.94735292625709633, 23.04863959018594954, -125.9559195334410191 ) ) ;
#1060 = CARTESIAN_POINT ( 'NONE',  ( -57.14041851725304610, 27.95166335928813695, -120.3107726438837943 ) ) ;
#1061 = CARTESIAN_POINT ( 'NONE',  ( -54.03485002188980246, -17.16436022980830245, -127.9465314950209915 ) ) ;
#1062 = CARTESIAN_POINT ( 'NONE',  ( -59.68864299296500064, -30.34559323882810489, -116.0895251579487422 ) ) ;
#1063 = CARTESIAN_POINT ( 'NONE',  ( -56.35822507274990301, 24.76933577571984912, -124.2026638116224007 ) ) ;
#1064 = ORIENTED_EDGE ( 'NONE', *, *, #2821, .F. ) ;
#1065 = DIRECTION ( 'NONE',  ( -1.000000000000000000, 0.000000000000000000, 0.000000000000000000 ) ) ;
#1066 = CARTESIAN_POINT ( 'NONE',  ( -59.99256567580958688, -24.40722961646001465, -45.62057999654570040 ) ) ;
#1067 = CARTESIAN_POINT ( 'NONE',  ( -57.00000000096769526, -18.62250080180471201, -128.5349941463167625 ) ) ;
#1068 = DIRECTION ( 'NONE',  ( 0.000000000000000000, 0.000000000000000000, -1.000000000000000000 ) ) ;
#1069 = VERTEX_POINT ( 'NONE', #284 ) ;
#1070 = CARTESIAN_POINT ( 'NONE',  ( -53.68081447978853049, -14.75575562302647725, -128.9671162702602771 ) ) ;
#1071 = CARTESIAN_POINT ( 'NONE',  ( -59.30987029039810920, -30.85793470717850440, -114.7333411629763873 ) ) ;
#1072 = EDGE_CURVE ( 'NONE', #863, #1934, #298, .T. ) ;
#1073 = CARTESIAN_POINT ( 'NONE',  ( -57.09486253779240172, 27.76827095640905085, -120.5800493377654021 ) ) ;
#1074 = CARTESIAN_POINT ( 'NONE',  ( -57.57039552221019107, 29.72053972169207370, -117.2974072618474679 ) ) ;
#1075 = CARTESIAN_POINT ( 'NONE',  ( -57.25722230834050208, -28.88434783437650211, -119.0934801675889929 ) ) ;
#1076 = CARTESIAN_POINT ( 'NONE',  ( -59.49999999988650501, -32.07855494893690462, -110.6908868995579951 ) ) ;
#1077 = ADVANCED_FACE ( 'NONE', ( #1330 ), #817, .T. ) ;
#1078 = CARTESIAN_POINT ( 'NONE',  ( -56.39678970675619496, 28.08471630757910020, -118.0717716055371938 ) ) ;
#1079 = CARTESIAN_POINT ( 'NONE',  ( -59.49999999963389996, 31.92865006925890015, -111.4924730203083953 ) ) ;
#1080 = CARTESIAN_POINT ( 'NONE',  ( -58.95000000000000284, -22.09615960404705248, -47.60163301958729676 ) ) ;
#1081 = CARTESIAN_POINT ( 'NONE',  ( -59.50000000000000000, 32.22797154729765623, -109.8919117647059949 ) ) ;
#1082 = CARTESIAN_POINT ( 'NONE',  ( -55.20335134754050443, -5.000000000000000000, -132.0000000000000000 ) ) ;
#1083 = VERTEX_POINT ( 'NONE', #1045 ) ;
#1084 = CARTESIAN_POINT ( 'NONE',  ( -54.25465329909335566, -18.45553703143083268, -127.2784263612816460 ) ) ;
#1085 = AXIS2_PLACEMENT_3D ( 'NONE', #2539, #1023, #1511 ) ;
#1086 = CARTESIAN_POINT ( 'NONE',  ( -59.31917263889826586, -30.90379290769063658, -114.6124502775562348 ) ) ;
#1087 = CARTESIAN_POINT ( 'NONE',  ( -56.28679792340765431, -27.64436490712310146, -118.7894769707596652 ) ) ;
#1088 = CARTESIAN_POINT ( 'NONE',  ( -56.11990848746039973, -28.31625835343420405, -119.7983133128471991 ) ) ;
#1089 = CARTESIAN_POINT ( 'NONE',  ( -55.66753646679219969, -24.25432101837144927, -123.5484932904700059 ) ) ;
#1090 = CARTESIAN_POINT ( 'NONE',  ( -55.22442950050739796, 20.45803643615359846, -127.5374647035123985 ) ) ;
#1091 = CARTESIAN_POINT ( 'NONE',  ( -56.60679862943249674, 28.94713856801415020, -116.5083541962866036 ) ) ;
#1092 = CARTESIAN_POINT ( 'NONE',  ( -58.27890037518079680, 25.32742664415815170, -124.1231187145780126 ) ) ;
#1093 = CARTESIAN_POINT ( 'NONE',  ( -60.00000000000000000, -24.74891882680279664, -46.09651890229110194 ) ) ;
#1094 = CARTESIAN_POINT ( 'NONE',  ( -54.69377874029409980, -5.000000000000000000, -132.5000000000000000 ) ) ;
#1095 = CARTESIAN_POINT ( 'NONE',  ( -56.33207572068891977, -24.72881684568270799, -124.2097357218405307 ) ) ;
#1096 = VERTEX_POINT ( 'NONE', #3065 ) ;
#1097 = VECTOR ( 'NONE', #1756, 1000.000000000000000 ) ;
#1098 = CARTESIAN_POINT ( 'NONE',  ( -57.00000000000000711, 28.29101527237081015, -119.3304002239478763 ) ) ;
#1099 = CARTESIAN_POINT ( 'NONE',  ( -56.02752614694833255, -12.04552226513736457, -131.2708555121197662 ) ) ;
#1100 = CARTESIAN_POINT ( 'NONE',  ( -59.50000000000000000, -32.06987151729658336, -110.7373197995296010 ) ) ;
#1101 = VERTEX_POINT ( 'NONE', #43 ) ;
#1102 = CARTESIAN_POINT ( 'NONE',  ( -56.93607830085456101, -30.55108539495858722, -112.5019920199594026 ) ) ;
#1103 = CARTESIAN_POINT ( 'NONE',  ( -59.50000000000000000, -32.70000000000000284, -64.79999999999999716 ) ) ;
#1104 = LINE ( 'NONE', #874, #1681 ) ;
#1105 = CARTESIAN_POINT ( 'NONE',  ( -57.17525251408839893, 28.56614935653765031, -119.5872216933190089 ) ) ;
#1106 = CARTESIAN_POINT ( 'NONE',  ( -55.60578951135300230, -24.94753841329564992, -122.3396511225935939 ) ) ;
#1107 = FILL_AREA_STYLE ('',( #2138 ) ) ;
#1108 = CARTESIAN_POINT ( 'NONE',  ( -57.16062227623667980, 20.12494481104123523, -128.0609032549061794 ) ) ;
#1109 = DIRECTION ( 'NONE',  ( 0.000000000000000000, -1.000000000000000000, 0.000000000000000000 ) ) ;
#1110 = ORIENTED_EDGE ( 'NONE', *, *, #3237, .F. ) ;
#1111 = EDGE_CURVE ( 'NONE', #3087, #3131, #1516, .T. ) ;
#1112 = CARTESIAN_POINT ( 'NONE',  ( -56.79223490846310085, -26.55061624730639736, -122.2029034709413935 ) ) ;
#1113 = LINE ( 'NONE', #2452, #2267 ) ;
#1114 = LINE ( 'NONE', #1662, #1356 ) ;
#1115 = ORIENTED_EDGE ( 'NONE', *, *, #2221, .F. ) ;
#1116 = CARTESIAN_POINT ( 'NONE',  ( -57.04661774247750117, -27.57448901763610039, -120.8560201432090082 ) ) ;
#1117 = CARTESIAN_POINT ( 'NONE',  ( -55.11733944103470151, 22.94992321693930037, -124.3731777108586130 ) ) ;
#1118 = CARTESIAN_POINT ( 'NONE',  ( -57.00000000000000000, 31.69999999999999929, -64.79999999999999716 ) ) ;
#1119 = CARTESIAN_POINT ( 'NONE',  ( -56.07783601611949820, -26.89075161203214748, -120.0141588150126069 ) ) ;
#1120 = CARTESIAN_POINT ( 'NONE',  ( -56.62038560766570328, 26.42050835666779918, -122.4013748446140113 ) ) ;
#1121 = CARTESIAN_POINT ( 'NONE',  ( -59.49999999988650501, -32.07855494893690462, -110.6908868995579951 ) ) ;
#1122 = CARTESIAN_POINT ( 'NONE',  ( -56.43725729857710149, -28.24841551668114903, -117.7910033601672097 ) ) ;
#1123 = SURFACE_STYLE_USAGE ( .BOTH. , #3145 ) ;
#1124 = CARTESIAN_POINT ( 'NONE',  ( -58.29988753544014202, 24.98570808123183085, -123.9965644611657893 ) ) ;
#1125 = ADVANCED_FACE ( 'NONE', ( #3046 ), #2418, .T. ) ;
#1126 = CARTESIAN_POINT ( 'NONE',  ( -57.00000000000000000, 31.69999999999999929, -104.8000000000000114 ) ) ;
#1127 = VERTEX_POINT ( 'NONE', #754 ) ;
#1128 = ADVANCED_FACE ( 'NONE', ( #1278 ), #3316, .T. ) ;
#1129 = CARTESIAN_POINT ( 'NONE',  ( -55.54119315520267719, -6.620097667554449394, -132.4999999996227587 ) ) ;
#1130 = CARTESIAN_POINT ( 'NONE',  ( -55.66724505634324771, 6.195149995099198392, -132.1865546218489840 ) ) ;
#1131 = DIRECTION ( 'NONE',  ( -1.000000000000000000, 0.000000000000000000, 0.000000000000000000 ) ) ;
#1132 = ORIENTED_EDGE ( 'NONE', *, *, #2029, .F. ) ;
#1133 = AXIS2_PLACEMENT_3D ( 'NONE', #1888, #2426, #2612 ) ;
#1134 = AXIS2_PLACEMENT_3D ( 'NONE', #75, #857, #1939 ) ;
#1135 = CARTESIAN_POINT ( 'NONE',  ( -55.11733089711540146, -22.94988708906254615, -124.3732099636752082 ) ) ;
#1136 = CARTESIAN_POINT ( 'NONE',  ( -56.37901353055877252, -28.01271369243974974, -118.1969285792939530 ) ) ;
#1137 = CARTESIAN_POINT ( 'NONE',  ( -56.92332583754397746, -20.83099194859846293, -127.5303753621759313 ) ) ;
#1138 = CARTESIAN_POINT ( 'NONE',  ( -56.19755550722170767, -27.38850102533940145, -119.3335942830329941 ) ) ;
#1139 = CARTESIAN_POINT ( 'NONE',  ( -57.04577383014810010, 28.06640528513999655, -120.3140901576291952 ) ) ;
#1140 = CARTESIAN_POINT ( 'NONE',  ( -58.75876071348610452, -26.20293569054825156, -121.9565418720782048 ) ) ;
#1141 = CARTESIAN_POINT ( 'NONE',  ( -57.48699643303589824, -29.36725405486774676, -117.9740681778833959 ) ) ;
#1142 = CARTESIAN_POINT ( 'NONE',  ( -55.98417554984428790, 12.91628120047927730, -131.3919965069867715 ) ) ;
#1143 = B_SPLINE_CURVE_WITH_KNOTS ( 'NONE', 3,
 ( #2375, #2164, #3137, #3241, #2249, #1970, #2508, #973, #3205, #667, #2198, #2002, #1700, #1953, #156, #2690, #2957, #2266, #194, #2457, #1684, #3222, #2708, #174, #2232, #2489, #210 ),
 .UNSPECIFIED., .F., .F.,
 ( 4, 2, 1, 1, 2, 2, 2, 2, 1, 2, 2, 2, 2, 2, 4 ),
 ( 0.3747295283514808784, 0.3942692305904961225, 0.4138089328295114222, 0.4528883373075432983, 0.4919677417855751189, 0.5310471462636070505, 0.6092059552196720240, 0.6482853596977045108, 0.6873647641757371085, 0.7264441686537697063, 0.7655235731318021930, 0.8436823820878673885, 0.8827617865659005414, 0.9218411910439336943, 1.000000000000000000 ),
 .UNSPECIFIED. ) ;
#1144 = CARTESIAN_POINT ( 'NONE',  ( -55.43598775374432108, -16.19934760047673095, -130.1350872090235384 ) ) ;
#1145 = CARTESIAN_POINT ( 'NONE',  ( -57.41512172592101138, 20.61235846430915331, -127.2239671626950468 ) ) ;
#1146 = VERTEX_POINT ( 'NONE', #2660 ) ;
#1147 = CARTESIAN_POINT ( 'NONE',  ( -56.59616761852999645, -25.75419764771439901, -123.1481793190231997 ) ) ;
#1148 = CARTESIAN_POINT ( 'NONE',  ( -55.36959755036421171, 9.837462381783431908, -132.0743674325305790 ) ) ;
#1149 = CARTESIAN_POINT ( 'NONE',  ( -55.24038333229895414, 14.52405579938495350, -130.8147829224140821 ) ) ;
#1150 = ORIENTED_EDGE ( 'NONE', *, *, #2596, .T. ) ;
#1151 = AXIS2_PLACEMENT_3D ( 'NONE', #2344, #335, #1387 ) ;
#1152 = CARTESIAN_POINT ( 'NONE',  ( -57.18875154795200189, -28.14631448136745107, -120.0201263030656094 ) ) ;
#1153 = CARTESIAN_POINT ( 'NONE',  ( -45.00000000000000000, 22.09615960404699919, -47.60163301958729676 ) ) ;
#1154 = DIRECTION ( 'NONE',  ( -0.000000000000000000, 0.000000000000000000, -1.000000000000000000 ) ) ;
#1155 = CIRCLE ( 'NONE', #3021, 27.70000000000000284 ) ;
#1156 = CARTESIAN_POINT ( 'NONE',  ( -55.66614408120489799, -24.24077764840514959, -123.5660094549178041 ) ) ;
#1157 = CARTESIAN_POINT ( 'NONE',  ( -54.19275671495809377, 14.38162929799674039, -130.4707968511773970 ) ) ;
#1158 = CARTESIAN_POINT ( 'NONE',  ( -59.19428734557471472, -28.41273311912257071, -119.6088132542284797 ) ) ;
#1159 = CARTESIAN_POINT ( 'NONE',  ( -57.91533147036019358, -31.37229537541815105, -113.3001230035044102 ) ) ;
#1160 = CARTESIAN_POINT ( 'NONE',  ( -56.30261830772530374, 16.12814146530864789, -130.5454329378852094 ) ) ;
#1161 = CARTESIAN_POINT ( 'NONE',  ( -56.39474969947170280, 18.10700662384819992, -129.2156654426512148 ) ) ;
#1162 = CARTESIAN_POINT ( 'NONE',  ( -54.72034946696732050, 20.89735620339054023, -125.7594247130283094 ) ) ;
#1163 = ORIENTED_EDGE ( 'NONE', *, *, #3090, .T. ) ;
#1164 = CARTESIAN_POINT ( 'NONE',  ( -45.00000000000000000, -29.25000000000000000, -100.5499999999999972 ) ) ;
#1165 = CARTESIAN_POINT ( 'NONE',  ( -59.99625976697712559, 32.26286590332208704, -100.0956181194676162 ) ) ;
#1166 = CARTESIAN_POINT ( 'NONE',  ( -57.73831258236861430, -24.44522813075776568, -124.5274739946501370 ) ) ;
#1167 = EDGE_LOOP ( 'NONE', ( #2504, #558, #1371, #1064, #625, #611 ) ) ;
#1168 = CARTESIAN_POINT ( 'NONE',  ( -57.09485761045769436, -27.76825114818139895, -120.5800779390010007 ) ) ;
#1169 = DIRECTION ( 'NONE',  ( 0.000000000000000000, 0.000000000000000000, -1.000000000000000000 ) ) ;
#1170 = EDGE_CURVE ( 'NONE', #2449, #937, #162, .T. ) ;
#1171 = CARTESIAN_POINT ( 'NONE',  ( -55.66498497894829711, -23.49955223133919802, -124.6830780741913998 ) ) ;
#1172 = CARTESIAN_POINT ( 'NONE',  ( -53.58752168497560575, 14.02707009762566059, -129.2264634331589832 ) ) ;
#1173 = CARTESIAN_POINT ( 'NONE',  ( -59.28634690016509978, -28.22930549543555045, -119.0329826066885914 ) ) ;
#1174 = DIRECTION ( 'NONE',  ( 0.000000000000000000, -1.000000000000000000, 0.000000000000000000 ) ) ;
#1175 = CARTESIAN_POINT ( 'NONE',  ( -55.04744061326520210, -19.57618326235005313, -128.0778235120409931 ) ) ;
#1176 = CARTESIAN_POINT ( 'NONE',  ( -58.01645039046783126, 23.84879375800760215, -125.1137184830221969 ) ) ;
#1177 = CARTESIAN_POINT ( 'NONE',  ( -60.00000000000000711, 31.55529746951912884, -110.7770427966010089 ) ) ;
#1178 = EDGE_LOOP ( 'NONE', ( #2805, #2585, #1714, #2998, #2549, #1281 ) ) ;
#1179 = CARTESIAN_POINT ( 'NONE',  ( -55.78270558040820504, -14.07552674223896005, -130.9741577741247909 ) ) ;
#1180 = CARTESIAN_POINT ( 'NONE',  ( -59.99390934506141093, 32.27700950397283464, -100.2233153804298524 ) ) ;
#1181 = CARTESIAN_POINT ( 'NONE',  ( -57.87145359666723721, 23.25246198304701650, -125.6513725943028987 ) ) ;
#1182 = CARTESIAN_POINT ( 'NONE',  ( -56.07965210377188470, 21.02630504607520834, -127.3930876681909297 ) ) ;
#1183 = ORIENTED_EDGE ( 'NONE', *, *, #375, .F. ) ;
#1184 = CARTESIAN_POINT ( 'NONE',  ( -56.89844824904000120, -26.97911954343789986, -121.6719215323568051 ) ) ;
#1185 = STYLED_ITEM ( 'NONE', ( #2125 ), #413 ) ;
#1186 = CARTESIAN_POINT ( 'NONE',  ( -57.00000000000000000, -5.000000000000000000, -104.8000000000000114 ) ) ;
#1187 = CIRCLE ( 'NONE', #1792, 27.70000000000000284 ) ;
#1188 = CARTESIAN_POINT ( 'NONE',  ( -55.76454109716800644, -22.92512078509199824, -125.7609220573419861 ) ) ;
#1189 = CARTESIAN_POINT ( 'NONE',  ( -53.67666793316490725, 8.882299044824868872, -131.7735956340087853 ) ) ;
#1190 = CARTESIAN_POINT ( 'NONE',  ( -57.67243542941669432, -21.78208430428255227, -126.3578686853780226 ) ) ;
#1191 = AXIS2_PLACEMENT_3D ( 'NONE', #1941, #2396, #3159 ) ;
#1192 = DIRECTION ( 'NONE',  ( 0.000000000000000000, -1.000000000000000000, 0.000000000000000000 ) ) ;
#1193 = CARTESIAN_POINT ( 'NONE',  ( -53.85987926015239680, -11.38203792916415935, -131.3214705290837969 ) ) ;
#1194 = CARTESIAN_POINT ( 'NONE',  ( -57.19183180093970265, -22.09057850109194732, -126.6136343590192013 ) ) ;
#1195 = CARTESIAN_POINT ( 'NONE',  ( -59.15681084646254106, 27.72920670296439383, -119.8566215678566920 ) ) ;
#1196 = ORIENTED_EDGE ( 'NONE', *, *, #1672, .F. ) ;
#1197 = CARTESIAN_POINT ( 'NONE',  ( -57.74926583260305080, 24.49064360039352195, -124.4826249204455877 ) ) ;
#1198 = CARTESIAN_POINT ( 'NONE',  ( -56.94580101629838254, 20.93899243441183700, -127.4551924853246021 ) ) ;
#1199 = CARTESIAN_POINT ( 'NONE',  ( -55.98417554984428790, 12.91628120047927730, -131.3919965069867715 ) ) ;
#1200 = EDGE_LOOP ( 'NONE', ( #950 ) ) ;
#1201 = CARTESIAN_POINT ( 'NONE',  ( -56.06305536760719832, -26.75952551519444711, -120.0957531781085947 ) ) ;
#1202 = DIRECTION ( 'NONE',  ( 0.000000000000000000, 1.000000000000000000, 0.000000000000000000 ) ) ;
#1203 = AXIS2_PLACEMENT_3D ( 'NONE', #305, #1576, #2156 ) ;
#1204 = CARTESIAN_POINT ( 'NONE',  ( -56.99999999807984352, -18.56012292949071352, -128.5349940189886695 ) ) ;
#1205 = CARTESIAN_POINT ( 'NONE',  ( -55.88722776140809856, 26.09760915799450132, -121.0084754507715843 ) ) ;
#1206 = ADVANCED_FACE ( 'NONE', ( #363 ), #1571, .T. ) ;
#1207 = CARTESIAN_POINT ( 'NONE',  ( -58.00000000000000000, 5.000000000000000000, -37.10000000000000142 ) ) ;
#1208 = CARTESIAN_POINT ( 'NONE',  ( -56.60679636053099273, -28.94712893605240112, -116.5083734775622162 ) ) ;
#1209 = CARTESIAN_POINT ( 'NONE',  ( -56.23413915835239862, 28.76518572631190196, -119.1367296366516086 ) ) ;
#1210 = CARTESIAN_POINT ( 'NONE',  ( -58.70425450684390256, -26.55124253269461931, -122.2205210089530283 ) ) ;
#1211 = CARTESIAN_POINT ( 'NONE',  ( -57.33001762632487441, 20.21183431961964416, -127.5016140058459229 ) ) ;
#1212 = EDGE_LOOP ( 'NONE', ( #2384 ) ) ;
#1213 = CARTESIAN_POINT ( 'NONE',  ( -59.49999999999997158, 32.07059110117365464, -110.7334719698270078 ) ) ;
#1214 = CARTESIAN_POINT ( 'NONE',  ( -56.87287497373186085, 20.58729260369571890, -127.6985374916696259 ) ) ;
#1215 = CARTESIAN_POINT ( 'NONE',  ( -58.89084238871090093, 26.71615893830989918, -121.3483629926402045 ) ) ;
#1216 = EDGE_CURVE ( 'NONE', #2498, #2175, #1846, .T. ) ;
#1217 = FACE_OUTER_BOUND ( 'NONE', #1021, .T. ) ;
#1218 = ORIENTED_EDGE ( 'NONE', *, *, #2609, .T. ) ;
#1219 = ADVANCED_FACE ( 'NONE', ( #400, #1617 ), #1669, .F. ) ;
#1220 = CYLINDRICAL_SURFACE ( 'NONE', #2541, 2.000000000000001776 ) ;
#1221 = ADVANCED_FACE ( 'NONE', ( #1923 ), #1040, .T. ) ;
#1222 = CARTESIAN_POINT ( 'NONE',  ( -56.99999999999999289, -28.29147933622011024, -119.3294802475959386 ) ) ;
#1223 = CARTESIAN_POINT ( 'NONE',  ( -56.99999748671368138, -27.38718816206556284, -121.1126885092710097 ) ) ;
#1224 = CARTESIAN_POINT ( 'NONE',  ( -55.90893694238659606, 26.18816130304299961, -120.8996958433004068 ) ) ;
#1225 = CARTESIAN_POINT ( 'NONE',  ( -57.00000000000000000, -31.69999999999999929, -64.79999999999999716 ) ) ;
#1226 = CARTESIAN_POINT ( 'NONE',  ( -56.51474367564269841, -28.56538126452564796, -117.2232564497859926 ) ) ;
#1227 = CARTESIAN_POINT ( 'NONE',  ( -56.70691855319630292, 30.68499727127684906, -115.7527613114548046 ) ) ;
#1228 = FACE_OUTER_BOUND ( 'NONE', #2606, .T. ) ;
#1229 = CARTESIAN_POINT ( 'NONE',  ( -58.95000000000000284, 29.25000000000000000, -98.54999999999999716 ) ) ;
#1230 = ORIENTED_EDGE ( 'NONE', *, *, #1564, .T. ) ;
#1231 = CIRCLE ( 'NONE', #2569, 27.70000000000000284 ) ;
#1232 = CARTESIAN_POINT ( 'NONE',  ( -57.27432626139527372, 22.45357810837220214, -126.3100239574043400 ) ) ;
#1233 = ADVANCED_FACE ( 'NONE', ( #518 ), #3063, .T. ) ;
#1234 = CARTESIAN_POINT ( 'NONE',  ( -56.48754768857497055, 18.60633060713961839, -128.9279962597711915 ) ) ;
#1235 = CARTESIAN_POINT ( 'NONE',  ( -59.76638281849579926, 30.18783960608890027, -115.1415796086139949 ) ) ;
#1236 = CARTESIAN_POINT ( 'NONE',  ( -56.99999979253438198, -27.38719742624342146, -121.1126757952932280 ) ) ;
#1237 = ORIENTED_EDGE ( 'NONE', *, *, #2070, .F. ) ;
#1238 = CARTESIAN_POINT ( 'NONE',  ( -56.04554310534010853, 23.74278102997170592, -125.1078200939985692 ) ) ;
#1239 = FACE_OUTER_BOUND ( 'NONE', #448, .T. ) ;
#1240 = CARTESIAN_POINT ( 'NONE',  ( -56.99999999999997158, -18.86378244978656937, -128.4882677105931919 ) ) ;
#1241 = CARTESIAN_POINT ( 'NONE',  ( -53.85987581132530266, 11.38199991993603888, -131.3214791431551873 ) ) ;
#1242 = CARTESIAN_POINT ( 'NONE',  ( -56.70679336547610205, -30.68440775360845052, -115.7541847704530085 ) ) ;
#1243 = PLANE ( 'NONE',  #254 ) ;
#1244 = CARTESIAN_POINT ( 'NONE',  ( -52.93474213277259821, 11.47117861317940068, -130.9414187205815949 ) ) ;
#1245 = CARTESIAN_POINT ( 'NONE',  ( -56.64747227940589624, -19.47035149226009665, -128.4331900987850190 ) ) ;
#1246 = CARTESIAN_POINT ( 'NONE',  ( -55.40402474882875339, 15.93723417842641688, -130.2493932494822673 ) ) ;
#1247 = VERTEX_POINT ( 'NONE', #1263 ) ;
#1248 = EDGE_LOOP ( 'NONE', ( #15 ) ) ;
#1249 = CARTESIAN_POINT ( 'NONE',  ( -59.50000000000000000, -32.70000000000000284, -104.8000000000000114 ) ) ;
#1250 = CARTESIAN_POINT ( 'NONE',  ( -55.83623839186326876, 14.48309323676787841, -130.8261608306278276 ) ) ;
#1251 = CARTESIAN_POINT ( 'NONE',  ( -59.50368781837678256, 29.61385434794345883, -117.5128009192135607 ) ) ;
#1252 = CARTESIAN_POINT ( 'NONE',  ( -56.70555432056347911, -19.75680977053953669, -128.2445911872140130 ) ) ;
#1253 = ORIENTED_EDGE ( 'NONE', *, *, #523, .T. ) ;
#1254 = CARTESIAN_POINT ( 'NONE',  ( -55.91744052060829517, -26.18564952381905186, -120.8686402216443980 ) ) ;
#1255 = CARTESIAN_POINT ( 'NONE',  ( -57.06982618294340170, -27.66775615818544765, -120.7205275493702032 ) ) ;
#1256 = CARTESIAN_POINT ( 'NONE',  ( -55.73827275599229836, 25.10793601541285369, -122.3551147337680050 ) ) ;
#1257 = CARTESIAN_POINT ( 'NONE',  ( -57.23441015266240584, 28.33063317223970046, -119.7360903473572051 ) ) ;
#1258 = FACE_OUTER_BOUND ( 'NONE', #1016, .T. ) ;
#1259 = CIRCLE ( 'NONE', #3120, 26.70000000000000284 ) ;
#1260 = CARTESIAN_POINT ( 'NONE',  ( -56.21463126920549769, -24.81092095286164678, -124.1041753398988021 ) ) ;
#1261 = CARTESIAN_POINT ( 'NONE',  ( -55.20335134769580065, -6.628083100560090202, -132.5000000000000000 ) ) ;
#1262 = LINE ( 'NONE', #3066, #598 ) ;
#1263 = CARTESIAN_POINT ( 'NONE',  ( -57.00000000000000000, -29.25000000000000000, -98.54999999999999716 ) ) ;
#1264 = ORIENTED_EDGE ( 'NONE', *, *, #1072, .F. ) ;
#1265 = B_SPLINE_CURVE_WITH_KNOTS ( 'NONE', 3,
 ( #3235, #2469, #2984, #205, #695, #2784, #1730, #2733, #446, #189, #494, #3000, #712, #1747, #461, #728, #3268, #1506, #984, #2011, #1765, #2769, #2518, #17, #1557, #2114, #2552, #1035 ),
 .UNSPECIFIED., .F., .F.,
 ( 4, 2, 1, 2, 2, 2, 1, 1, 1, 2, 2, 2, 1, 1, 2, 2, 4 ),
 ( 0.000000000000000000, 0.06250000000002391143, 0.09375000000003586020, 0.1093750000000405509, 0.1250000000000452416, 0.2500000000001662559, 0.3750000000002872702, 0.4375000000003481104, 0.4687500000003788081, 0.4843750000003808065, 0.5000000000003828049, 0.6250000000003990142, 0.6875000000003934630, 0.7187500000003902434, 0.7343750000003760325, 0.7500000000003618217, 1.000000000000000000 ),
 .UNSPECIFIED. ) ;
#1266 = CARTESIAN_POINT ( 'NONE',  ( -58.00000000000000000, -32.20996641490165047, -109.9872659176030112 ) ) ;
#1267 = AXIS2_PLACEMENT_3D ( 'NONE', #1699, #2921, #2197 ) ;
#1268 = CARTESIAN_POINT ( 'NONE',  ( -55.38734511558674001, 10.09253478834679640, -132.0284066192301964 ) ) ;
#1269 = CARTESIAN_POINT ( 'NONE',  ( -55.89060701284875421, -19.63946515724158814, -128.3342276801020887 ) ) ;
#1270 = CARTESIAN_POINT ( 'NONE',  ( -56.99999999999935341, 18.62221361736368763, -128.5349942462073898 ) ) ;
#1271 = ORIENTED_EDGE ( 'NONE', *, *, #1710, .T. ) ;
#1272 = CARTESIAN_POINT ( 'NONE',  ( -56.30616726096219082, 24.63242227003500773, -124.3019347478525702 ) ) ;
#1273 = CARTESIAN_POINT ( 'NONE',  ( -57.77722718698520055, -30.64928201780644912, -115.2647857536066027 ) ) ;
#1274 = CARTESIAN_POINT ( 'NONE',  ( -59.99859225521621653, 32.23865092661126397, -99.94836670915697141 ) ) ;
#1275 = CARTESIAN_POINT ( 'NONE',  ( -56.08431030842140785, 23.62220498536394686, -125.3715009595013896 ) ) ;
#1276 = DIRECTION ( 'NONE',  ( 0.000000000000000000, 0.000000000000000000, -1.000000000000000000 ) ) ;
#1277 = CARTESIAN_POINT ( 'NONE',  ( -54.84736853237989607, -21.51390012396850082, -125.3176329568954088 ) ) ;
#1278 = FACE_OUTER_BOUND ( 'NONE', #167, .T. ) ;
#1279 = CARTESIAN_POINT ( 'NONE',  ( -57.44759622631719509, 29.20292823731659837, -118.2735848174519901 ) ) ;
#1280 = CARTESIAN_POINT ( 'NONE',  ( -56.99999999999999289, 30.84710502716135849, -111.7616766918162909 ) ) ;
#1281 = ORIENTED_EDGE ( 'NONE', *, *, #229, .T. ) ;
#1282 = DIRECTION ( 'NONE',  ( 0.000000000000000000, 1.734723475976804876E-16, -1.000000000000000000 ) ) ;
#1283 = CARTESIAN_POINT ( 'NONE',  ( -60.00000000000000000, -24.74891882680279664, -46.09651890229110194 ) ) ;
#1284 = CARTESIAN_POINT ( 'NONE',  ( -55.20335134755430317, 5.812755854975899972, -132.5000000000000000 ) ) ;
#1285 = CARTESIAN_POINT ( 'NONE',  ( -56.53750047911291432, -18.87674550842078958, -128.7735793263422011 ) ) ;
#1286 = ORIENTED_EDGE ( 'NONE', *, *, #1878, .T. ) ;
#1287 = CARTESIAN_POINT ( 'NONE',  ( -53.77169921184853507, -15.42732537449789909, -128.7112961267882554 ) ) ;
#1288 = CARTESIAN_POINT ( 'NONE',  ( -57.00000000000000000, 31.22765715804600006, -109.7999999999999972 ) ) ;
#1289 = CARTESIAN_POINT ( 'NONE',  ( -55.67112127475250105, 24.28945615476154885, -123.5028682418700043 ) ) ;
#1290 = CARTESIAN_POINT ( 'NONE',  ( -57.50623323924239827, 29.44799173185639773, -117.8236347674831990 ) ) ;
#1291 = FACE_OUTER_BOUND ( 'NONE', #1178, .T. ) ;
#1292 = EDGE_CURVE ( 'NONE', #2009, #319, #990, .T. ) ;
#1293 = CARTESIAN_POINT ( 'NONE',  ( -54.80020234610510244, -21.28718123654354955, -125.4833164225309901 ) ) ;
#1294 = FACE_OUTER_BOUND ( 'NONE', #2897, .T. ) ;
#1295 =( GEOMETRIC_REPRESENTATION_CONTEXT ( 3 ) GLOBAL_UNCERTAINTY_ASSIGNED_CONTEXT ( ( #2064 ) ) GLOBAL_UNIT_ASSIGNED_CONTEXT ( ( #1401, #1893, #2413 ) ) REPRESENTATION_CONTEXT ( 'NONE', 'WORKASPACE' ) );
#1296 = CARTESIAN_POINT ( 'NONE',  ( -56.08431030842140785, 23.62220498536394686, -125.3715009595013896 ) ) ;
#1297 = LINE ( 'NONE', #3248, #2283 ) ;
#1298 = ORIENTED_EDGE ( 'NONE', *, *, #2862, .F. ) ;
#1299 = AXIS2_PLACEMENT_3D ( 'NONE', #2758, #2216, #2937 ) ;
#1300 = LINE ( 'NONE', #302, #5 ) ;
#1301 = CARTESIAN_POINT ( 'NONE',  ( -59.76638281849579926, 30.18783960608890027, -115.1415796086139949 ) ) ;
#1302 = DIRECTION ( 'NONE',  ( 1.000000000000000000, 0.000000000000000000, 0.000000000000000000 ) ) ;
#1303 = CARTESIAN_POINT ( 'NONE',  ( -55.43818583802284650, -10.76227627762235528, -131.8963168955242793 ) ) ;
#1304 = ORIENTED_EDGE ( 'NONE', *, *, #269, .T. ) ;
#1305 = CARTESIAN_POINT ( 'NONE',  ( -60.00000000000000000, -32.20000000000000284, -64.79999999999999716 ) ) ;
#1306 = B_SPLINE_SURFACE_WITH_KNOTS ( 'NONE', 1, 3, ( 
 ( #2680, #2367, #386, #2431, #130, #350, #1942, #1160, #1620, #1875, #2188, #332, #3196, #1637, #1092, #1367, #657, #2946, #2647, #3127, #2380, #77, #1385, #2153, #94, #3160 ),
 ( #879, #1909, #3212, #3011, #1244, #2024, #2513, #471, #200, #739, #2963, #3280, #2007, #1991, #2254, #2745, #1451, #3229, #1209, #163, #1227, #1467, #2495, #1501, #1742, #2203 ) ),
 .UNSPECIFIED., .F., .F., .F.,
 ( 2, 2 ),
 ( 4, 2, 2, 2, 2, 2, 2, 2, 2, 2, 2, 2, 4 ),
 ( 0.000000000000000000, 1.000000000000000000 ),
 ( -0.03726409709901300216, -0.03235134415200095065, -0.02989496767849494918, -0.02743859120498895118, -0.02252583825797689968, -0.02006946178447089821, -0.01761308531096484817, -0.01270033236395282095, -0.01024395589044680040, -0.007787579416940790256, -0.002874826469928759998, -0.0004184499964227425387, 0.002037926477083275029 ),
 .UNSPECIFIED. ) ;
#1307 = CARTESIAN_POINT ( 'NONE',  ( -57.12825397750400214, -27.90263509013560039, -120.3843066387400000 ) ) ;
#1308 = ORIENTED_EDGE ( 'NONE', *, *, #3256, .F. ) ;
#1309 = CARTESIAN_POINT ( 'NONE',  ( -53.03130445327479947, 6.156607420821360144, -130.6969421358421926 ) ) ;
#1310 = CARTESIAN_POINT ( 'NONE',  ( -57.88162475352245906, 31.18683564606287462, -113.8301412783258542 ) ) ;
#1311 = EDGE_CURVE ( 'NONE', #306, #3255, #2499, .T. ) ;
#1312 = CARTESIAN_POINT ( 'NONE',  ( -53.58752951958130240, -14.02713317084664091, -129.2264418305300069 ) ) ;
#1313 = CARTESIAN_POINT ( 'NONE',  ( -59.51708854285990213, -29.65499440873417925, -117.5297679097130725 ) ) ;
#1314 = AXIS2_PLACEMENT_3D ( 'NONE', #11, #1615, #1328 ) ;
#1315 = FACE_OUTER_BOUND ( 'NONE', #758, .T. ) ;
#1316 = ORIENTED_EDGE ( 'NONE', *, *, #1487, .F. ) ;
#1317 = AXIS2_PLACEMENT_3D ( 'NONE', #2416, #1692, #624 ) ;
#1318 = DIRECTION ( 'NONE',  ( 0.000000000000000000, 1.000000000000000000, 1.734723475976804876E-16 ) ) ;
#1319 = CARTESIAN_POINT ( 'NONE',  ( -59.53038802007469599, 29.19277294463525152, -117.3005984440829934 ) ) ;
#1320 = CARTESIAN_POINT ( 'NONE',  ( -56.99999999999913314, -18.80401013453323245, -128.5031357272316370 ) ) ;
#1321 = ADVANCED_FACE ( 'NONE', ( #1649, #2922 ), #343, .F. ) ;
#1322 = DIRECTION ( 'NONE',  ( 0.000000000000000000, 0.000000000000000000, 1.000000000000000000 ) ) ;
#1323 = ORIENTED_EDGE ( 'NONE', *, *, #2057, .F. ) ;
#1324 = CARTESIAN_POINT ( 'NONE',  ( -57.00000000000000000, 31.22765715804600006, -109.7999999999999972 ) ) ;
#1325 =( NAMED_UNIT ( * ) PLANE_ANGLE_UNIT ( ) SI_UNIT ( $, .RADIAN. ) );
#1326 = EDGE_CURVE ( 'NONE', #3117, #794, #2819, .T. ) ;
#1327 = CARTESIAN_POINT ( 'NONE',  ( -57.32247937376819635, 28.68846000857399758, -119.1588246658842110 ) ) ;
#1328 = DIRECTION ( 'NONE',  ( 0.000000000000000000, 0.000000000000000000, -1.000000000000000000 ) ) ;
#1329 = CARTESIAN_POINT ( 'NONE',  ( -56.47029769717359926, -25.83121593425694940, -123.0564377685263935 ) ) ;
#1330 = FACE_OUTER_BOUND ( 'NONE', #2833, .T. ) ;
#1331 = CARTESIAN_POINT ( 'NONE',  ( -57.38620707003259724, 28.94931242396789983, -118.7193956642721986 ) ) ;
#1332 = VERTEX_POINT ( 'NONE', #1359 ) ;
#1333 = DIRECTION ( 'NONE',  ( 0.000000000000000000, 0.000000000000000000, -1.000000000000000000 ) ) ;
#1334 = CARTESIAN_POINT ( 'NONE',  ( -59.99160806502921872, -24.28252484516065124, -45.48698818817958056 ) ) ;
#1335 = CARTESIAN_POINT ( 'NONE',  ( -56.08308216931837364, -21.05211146429968849, -127.3747610536056527 ) ) ;
#1336 = DIRECTION ( 'NONE',  ( -0.7071067811865450192, -0.7071067811865500152, 0.000000000000000000 ) ) ;
#1337 = EDGE_LOOP ( 'NONE', ( #882, #1594, #64, #1912, #2191, #3284, #1917, #2798, #276, #2307, #481, #1521, #1945, #2600, #1821 ) ) ;
#1338 = EDGE_CURVE ( 'NONE', #1083, #85, #1143, .T. ) ;
#1339 = CARTESIAN_POINT ( 'NONE',  ( -54.10945487082642558, 13.75442284516709002, -130.6886985262061955 ) ) ;
#1340 = CARTESIAN_POINT ( 'NONE',  ( -59.35036493198702345, -31.05996367467234975, -114.1933731159274430 ) ) ;
#1341 = CARTESIAN_POINT ( 'NONE',  ( -56.99211918035901192, -30.99779820386126161, -110.8904788863129482 ) ) ;
#1342 = CARTESIAN_POINT ( 'NONE',  ( -57.86309884491018352, 31.08484469885215162, -114.1218952258187187 ) ) ;
#1343 = CARTESIAN_POINT ( 'NONE',  ( -55.72261670537979938, -24.88360900108195040, -122.6831172518662072 ) ) ;
#1344 = DIRECTION ( 'NONE',  ( 0.000000000000000000, 0.000000000000000000, 1.000000000000000000 ) ) ;
#1345 = CARTESIAN_POINT ( 'NONE',  ( -57.91533197331559535, 31.37229848810444466, -113.3001131829496018 ) ) ;
#1346 = CARTESIAN_POINT ( 'NONE',  ( -59.99999999999995026, 32.22797154729765623, -109.8919117647058528 ) ) ;
#1347 = VECTOR ( 'NONE', #334, 1000.000000000000000 ) ;
#1348 = CARTESIAN_POINT ( 'NONE',  ( -56.99999999999997868, 19.50085253231729254, -128.2641600666779595 ) ) ;
#1349 = CARTESIAN_POINT ( 'NONE',  ( -59.99917495561672354, -24.67607739756882523, -45.97617765877247820 ) ) ;
#1350 = CARTESIAN_POINT ( 'NONE',  ( -55.32253906895467566, -15.27047443254976855, -130.5411452343113297 ) ) ;
#1351 = CARTESIAN_POINT ( 'NONE',  ( -59.50000000000000000, 32.20000000000000284, -109.7999999999999972 ) ) ;
#1352 = VERTEX_POINT ( 'NONE', #450 ) ;
#1353 = CARTESIAN_POINT ( 'NONE',  ( -53.10506527657314280, -8.892444466263766500, -130.5132906930185186 ) ) ;
#1354 = CARTESIAN_POINT ( 'NONE',  ( -55.66650544188680527, 24.24407114498480098, -123.5618029001782077 ) ) ;
#1355 = ADVANCED_FACE ( 'NONE', ( #684, #396 ), #498, .F. ) ;
#1356 = VECTOR ( 'NONE', #373, 1000.000000000000000 ) ;
#1357 = CARTESIAN_POINT ( 'NONE',  ( -58.86682813116227209, -28.95513430745240768, -118.7089438377669950 ) ) ;
#1358 = B_SPLINE_CURVE_WITH_KNOTS ( 'NONE', 3,
 ( #2896, #3130, #546, #2127 ),
 .UNSPECIFIED., .F., .F.,
 ( 4, 4 ),
 ( 0.2124461594997831548, 0.2124477228595461065 ),
 .UNSPECIFIED. ) ;
#1359 = CARTESIAN_POINT ( 'NONE',  ( -57.00000001498714397, -21.19594131745070342, -127.2717737471032393 ) ) ;
#1360 = DIRECTION ( 'NONE',  ( 0.000000000000000000, -1.784823792972527078E-15, 1.000000000000000000 ) ) ;
#1361 = FACE_OUTER_BOUND ( 'NONE', #1835, .T. ) ;
#1362 = ADVANCED_FACE ( 'NONE', ( #1239 ), #2988, .T. ) ;
#1363 = CARTESIAN_POINT ( 'NONE',  ( -54.97306919526609903, 19.19390371839970300, -128.3004049924047933 ) ) ;
#1364 = CARTESIAN_POINT ( 'NONE',  ( -55.38652347154010158, -24.05560821355064860, -123.2659948662004012 ) ) ;
#1365 = APPLICATION_PROTOCOL_DEFINITION ( 'draft international standard', 'automotive_design', 1998, #2831 ) ;
#1366 = EDGE_CURVE ( 'NONE', #710, #1509, #2892, .T. ) ;
#1367 = CARTESIAN_POINT ( 'NONE',  ( -58.69068084284189268, 26.88670069211984881, -122.2819658654680097 ) ) ;
#1368 = CARTESIAN_POINT ( 'NONE',  ( -56.76518840936685706, 18.05773570879983936, -129.2419483511833107 ) ) ;
#1369 = FACE_OUTER_BOUND ( 'NONE', #3265, .T. ) ;
#1370 = CARTESIAN_POINT ( 'NONE',  ( -55.20335134754050443, 5.000000000000000000, -132.0000000000000000 ) ) ;
#1371 = ORIENTED_EDGE ( 'NONE', *, *, #1717, .T. ) ;
#1372 = AXIS2_PLACEMENT_3D ( 'NONE', #1749, #855, #1395 ) ;
#1373 = CARTESIAN_POINT ( 'NONE',  ( -54.69377874029409980, 6.938893903907229955E-15, -132.5000000000000000 ) ) ;
#1374 = CARTESIAN_POINT ( 'NONE',  ( -59.99478592032286173, 32.27203615569779771, -100.9216212679792477 ) ) ;
#1375 = CARTESIAN_POINT ( 'NONE',  ( -59.50000000000000000, 32.70000000000000284, -104.8000000000000114 ) ) ;
#1376 = ORIENTED_EDGE ( 'NONE', *, *, #244, .T. ) ;
#1377 = DIRECTION ( 'NONE',  ( 0.000000000000000000, -7.107982473767782238E-15, -1.000000000000000000 ) ) ;
#1378 = CARTESIAN_POINT ( 'NONE',  ( -53.73705528649450258, -10.02229374353393787, -131.6266877973912983 ) ) ;
#1379 = CARTESIAN_POINT ( 'NONE',  ( -59.50000000000000000, -32.20000000000000284, -109.7999999999999972 ) ) ;
#1380 = CARTESIAN_POINT ( 'NONE',  ( -55.65733284715509654, -23.58806005652655102, -124.5333095390231932 ) ) ;
#1381 = CARTESIAN_POINT ( 'NONE',  ( -60.00000000000000000, 5.000000000000000000, -64.79999999999999716 ) ) ;
#1382 = CARTESIAN_POINT ( 'NONE',  ( -56.63322879159812118, -17.36686618810293581, -129.6357645640474630 ) ) ;
#1383 = CARTESIAN_POINT ( 'NONE',  ( -56.99999998700598525, 27.38727552604133919, -121.1125675869293730 ) ) ;
#1384 = EDGE_CURVE ( 'NONE', #1332, #2635, #1682, .T. ) ;
#1385 = CARTESIAN_POINT ( 'NONE',  ( -59.91978352052780110, 31.78448774812830280, -113.0018145083912060 ) ) ;
#1386 = CARTESIAN_POINT ( 'NONE',  ( -55.66724505636369713, 5.798085171679249861, -132.1865546217981944 ) ) ;
#1387 = DIRECTION ( 'NONE',  ( 0.000000000000000000, 0.000000000000000000, 1.000000000000000000 ) ) ;
#1388 = ORIENTED_EDGE ( 'NONE', *, *, #1926, .F. ) ;
#1389 = CARTESIAN_POINT ( 'NONE',  ( -58.00000000000000000, 32.70000000000000284, -104.8000000000000114 ) ) ;
#1390 = CARTESIAN_POINT ( 'NONE',  ( -55.79529075929628590, 9.160195447566222171, -131.8655468120533669 ) ) ;
#1391 = DIRECTION ( 'NONE',  ( 0.000000000000000000, 1.000000000000000000, 0.000000000000000000 ) ) ;
#1392 = VERTEX_POINT ( 'NONE', #700 ) ;
#1393 = CARTESIAN_POINT ( 'NONE',  ( -57.94663717393889613, -31.57295435829809804, -112.6506979492122014 ) ) ;
#1394 = CARTESIAN_POINT ( 'NONE',  ( -55.81584902607310283, 25.78500908784820211, -121.3688204755733864 ) ) ;
#1395 = DIRECTION ( 'NONE',  ( 0.000000000000000000, 0.000000000000000000, -1.000000000000000000 ) ) ;
#1396 = B_SPLINE_CURVE_WITH_KNOTS ( 'NONE', 3,
 ( #2046, #2310, #1607, #2845, #1817, #1017, #509, #2601, #2065, #2081, #1541, #2341, #3069, #779, #2814, #3050, #2551, #2586, #527, #1590, #2293, #253, #559, #1556, #760, #3304, #2570, #1847 ),
 .UNSPECIFIED., .F., .F.,
 ( 4, 2, 2, 1, 2, 2, 2, 2, 2, 2, 2, 1, 2, 2, 4 ),
 ( 0.000000000000000000, 0.06249999999999869549, 0.1249999999999974049, 0.1874999999999960032, 0.2187499999999970024, 0.2499999999999975020, 0.3749999999999954481, 0.4999999999999929501, 0.6249999999999910072, 0.6874999999999910072, 0.7499999999999920064, 0.8125000000000000000, 0.8437500000000000000, 0.8750000000000000000, 1.000000000000000000 ),
 .UNSPECIFIED. ) ;
#1397 = CARTESIAN_POINT ( 'NONE',  ( -55.82171494774090093, -25.82390459010010275, -121.3318903167929932 ) ) ;
#1398 = CARTESIAN_POINT ( 'NONE',  ( -57.25719580787869489, 28.88425342139669993, -119.0936442091850012 ) ) ;
#1399 = CARTESIAN_POINT ( 'NONE',  ( -58.57083206388850272, -27.78057985759910054, -120.5637422610072065 ) ) ;
#1400 = CARTESIAN_POINT ( 'NONE',  ( -56.47096752732380054, -25.24149163775019744, -123.7215753766929964 ) ) ;
#1401 =( LENGTH_UNIT ( ) NAMED_UNIT ( * ) SI_UNIT ( .MILLI., .METRE. ) );
#1402 = CARTESIAN_POINT ( 'NONE',  ( -56.23654130079957980, 14.78180255891995643, -130.7184805393133615 ) ) ;
#1403 = B_SPLINE_CURVE_WITH_KNOTS ( 'NONE', 3,
 ( #2642, #2391, #3154, #1904 ),
 .UNSPECIFIED., .F., .F.,
 ( 4, 4 ),
 ( 0.3333333333333660109, 0.7391304347826049836 ),
 .UNSPECIFIED. ) ;
#1404 = CARTESIAN_POINT ( 'NONE',  ( -59.64260475217227508, 29.64676725288962444, -116.4028918737219982 ) ) ;
#1405 = VERTEX_POINT ( 'NONE', #717 ) ;
#1406 = CARTESIAN_POINT ( 'NONE',  ( -56.48597381889059932, -25.30067114918535154, -123.6460274565392012 ) ) ;
#1407 = CARTESIAN_POINT ( 'NONE',  ( -55.35419369659121003, 9.608518030650376573, -132.1142210188151012 ) ) ;
#1408 = CARTESIAN_POINT ( 'NONE',  ( -57.96953975648800395, -31.76466157552779990, -111.9375475459773952 ) ) ;
#1409 = ORIENTED_EDGE ( 'NONE', *, *, #483, .T. ) ;
#1410 = CLOSED_SHELL ( 'NONE', ( #2749, #2994, #3025, #1522, #1125, #2311, #22, #991, #1077, #25, #2071, #1737, #1472, #2663, #1647, #301, #1206, #2604, #165, #1773, #361, #3189, #1362, #2737, #1049, #3006, #1422, #1589, #2263, #2040, #1321, #69, #1219, #1355, #2027, #2658 ) ) ;
#1411 = DIRECTION ( 'NONE',  ( 0.000000000000000000, 0.000000000000000000, 1.000000000000000000 ) ) ;
#1412 = CARTESIAN_POINT ( 'NONE',  ( -56.06306043767990133, 26.75954549142445416, -120.0957255564411952 ) ) ;
#1413 = CARTESIAN_POINT ( 'NONE',  ( -57.00000000000000000, -5.000000000000000000, -104.8000000000000114 ) ) ;
#1414 = CARTESIAN_POINT ( 'NONE',  ( -56.31094811983420101, -27.86225722860550036, -118.6393289237555848 ) ) ;
#1415 = CARTESIAN_POINT ( 'NONE',  ( -55.04742236252960197, 19.57609014716564744, -128.0778783754740004 ) ) ;
#1416 = CARTESIAN_POINT ( 'NONE',  ( -58.39358556634250164, -27.08270521783289908, -121.5417348307144039 ) ) ;
#1417 = DIRECTION ( 'NONE',  ( 0.000000000000000000, 0.000000000000000000, -1.000000000000000000 ) ) ;
#1418 = CARTESIAN_POINT ( 'NONE',  ( -56.74483456117589952, 17.17660979158494783, -129.2974170084013963 ) ) ;
#1419 = CARTESIAN_POINT ( 'NONE',  ( -54.48337448660747384, 19.69788217523315410, -126.5521803938958811 ) ) ;
#1420 = EDGE_LOOP ( 'NONE', ( #2100 ) ) ;
#1421 = CARTESIAN_POINT ( 'NONE',  ( -60.00000000000000000, 32.20000000000000284, -104.8000000000000114 ) ) ;
#1422 = ADVANCED_FACE ( 'NONE', ( #141 ), #1735, .T. ) ;
#1423 = CARTESIAN_POINT ( 'NONE',  ( -59.99494700333153929, 32.27091068726948464, -100.9319253980262232 ) ) ;
#1424 = CARTESIAN_POINT ( 'NONE',  ( -55.34318836175581424, 15.42813896766495851, -130.4636227881366892 ) ) ;
#1425 = EDGE_LOOP ( 'NONE', ( #1308, #2089, #3184, #1323, #1196 ) ) ;
#1426 = VECTOR ( 'NONE', #2399, 1000.000000000000000 ) ;
#1427 = CARTESIAN_POINT ( 'NONE',  ( -60.00000000000000000, -32.20000000000000284, -109.7999999999999972 ) ) ;
#1428 = DIRECTION ( 'NONE',  ( 0.000000000000000000, 0.000000000000000000, -1.000000000000000000 ) ) ;
#1429 = CARTESIAN_POINT ( 'NONE',  ( -56.97323396176118138, -21.06960677918184288, -127.3628453610960207 ) ) ;
#1430 = CARTESIAN_POINT ( 'NONE',  ( -57.00000000096772368, -18.62250464495512503, -128.5349941463242374 ) ) ;
#1431 = CARTESIAN_POINT ( 'NONE',  ( -54.42794902056630235, 19.40079827489519815, -126.7293878224130026 ) ) ;
#1432 = CARTESIAN_POINT ( 'NONE',  ( -59.86902829343495114, -31.19679497092334941, -113.8372050297505496 ) ) ;
#1433 = CARTESIAN_POINT ( 'NONE',  ( -56.33415702689710258, -27.83326600173434784, -118.4880581331359934 ) ) ;
#1434 = CARTESIAN_POINT ( 'NONE',  ( -53.56938387632339982, -5.000000000000000000, -132.0333333333333883 ) ) ;
#1435 = CARTESIAN_POINT ( 'NONE',  ( -55.55587271545680039, 6.622354931465731731, -132.4641760581035328 ) ) ;
#1436 = CARTESIAN_POINT ( 'NONE',  ( -53.22246396632938570, 10.33110771303503128, -130.2051458232848802 ) ) ;
#1437 = ORIENTED_EDGE ( 'NONE', *, *, #1885, .T. ) ;
#1438 = CARTESIAN_POINT ( 'NONE',  ( -55.66724505650929444, -6.598695318963121004, -132.1865546214359881 ) ) ;
#1439 = CARTESIAN_POINT ( 'NONE',  ( -56.37874071350527316, 14.84333187378274665, -130.3292454202871795 ) ) ;
#1440 = CARTESIAN_POINT ( 'NONE',  ( -58.40008536859590293, 27.11535303642784811, -121.5545554327245981 ) ) ;
#1441 = CARTESIAN_POINT ( 'NONE',  ( -55.42341419344698750, 16.09661268767012032, -130.1802139527715099 ) ) ;
#1442 = EDGE_LOOP ( 'NONE', ( #2297, #2141, #1999, #353 ) ) ;
#1443 = EDGE_CURVE ( 'NONE', #2225, #534, #2950, .T. ) ;
#1444 = CARTESIAN_POINT ( 'NONE',  ( -57.83406364106189557, -30.92466111819845054, -114.5806959471000113 ) ) ;
#1445 = EDGE_CURVE ( 'NONE', #920, #2009, #3099, .T. ) ;
#1446 = DIRECTION ( 'NONE',  ( 0.000000000000000000, 0.000000000000000000, 1.000000000000000000 ) ) ;
#1447 = CARTESIAN_POINT ( 'NONE',  ( -55.67914578333740394, -23.37009925820785128, -124.9084028879457975 ) ) ;
#1448 = CARTESIAN_POINT ( 'NONE',  ( -53.90082685496400217, 11.81949295684206014, -131.2189067566554002 ) ) ;
#1449 = CARTESIAN_POINT ( 'NONE',  ( -58.36905701034879712, -24.68823228867470121, -123.7480130202084041 ) ) ;
#1450 = CARTESIAN_POINT ( 'NONE',  ( -56.45711732628039670, -28.32916367256939694, -117.6494862454703991 ) ) ;
#1451 = CARTESIAN_POINT ( 'NONE',  ( -55.88214612512810220, 27.38190159036999916, -121.0515661897095896 ) ) ;
#1452 = CARTESIAN_POINT ( 'NONE',  ( -56.39160553434386003, -15.92727403653433704, -130.3045886395520654 ) ) ;
#1453 = CARTESIAN_POINT ( 'NONE',  ( -59.97613453190981403, 31.32229493715679780, -111.7412501074079216 ) ) ;
#1454 = EDGE_LOOP ( 'NONE', ( #192, #810, #2455, #1851 ) ) ;
#1455 = CARTESIAN_POINT ( 'NONE',  ( -58.94081314023959095, 29.25313201842235600, -118.1922014443165381 ) ) ;
#1456 = CARTESIAN_POINT ( 'NONE',  ( -57.00000001350717582, 21.19600365222084193, -127.2718705710349809 ) ) ;
#1457 = CARTESIAN_POINT ( 'NONE',  ( -56.76518840936685706, 18.05773570879983936, -129.2419483511833107 ) ) ;
#1458 = VERTEX_POINT ( 'NONE', #923 ) ;
#1459 = CARTESIAN_POINT ( 'NONE',  ( -56.83692461276769592, -29.98875277458079935, -114.1512642611060073 ) ) ;
#1460 = CARTESIAN_POINT ( 'NONE',  ( -60.00000000000000000, -33.00000000000000000, -109.7999999999999972 ) ) ;
#1461 = AXIS2_PLACEMENT_3D ( 'NONE', #1753, #2739, #1169 ) ;
#1462 = CARTESIAN_POINT ( 'NONE',  ( -55.66159226371799917, 24.19101607075584681, -123.6316416686806008 ) ) ;
#1463 = CARTESIAN_POINT ( 'NONE',  ( -54.35994533873629564, 19.03438552144129758, -126.9464819737365957 ) ) ;
#1464 = CARTESIAN_POINT ( 'NONE',  ( -55.98376865541489877, -13.82667141316729875, -131.3848816703091984 ) ) ;
#1465 = CARTESIAN_POINT ( 'NONE',  ( -60.00000000000000711, 23.61121619920894688, -44.95437476664680077 ) ) ;
#1466 = EDGE_CURVE ( 'NONE', #801, #85, #3258, .T. ) ;
#1467 = CARTESIAN_POINT ( 'NONE',  ( -56.87911494361039644, 31.53348604068879979, -113.5807113072876007 ) ) ;
#1468 = CARTESIAN_POINT ( 'NONE',  ( -58.26910437408910326, -26.59269553783449780, -122.1687527490589957 ) ) ;
#1469 = EDGE_CURVE ( 'NONE', #507, #3087, #2474, .T. ) ;
#1470 = CARTESIAN_POINT ( 'NONE',  ( -59.88443378323822941, 30.75267370162930192, -113.6418427648993799 ) ) ;
#1471 = ORIENTED_EDGE ( 'NONE', *, *, #1311, .T. ) ;
#1472 = ADVANCED_FACE ( 'NONE', ( #294 ), #3311, .T. ) ;
#1473 = CARTESIAN_POINT ( 'NONE',  ( -59.14962206408330303, 30.12144039797082229, -116.5044609228755093 ) ) ;
#1474 = CARTESIAN_POINT ( 'NONE',  ( -56.51133597209720705, 18.73565977424102869, -128.8546068690722848 ) ) ;
#1475 = CARTESIAN_POINT ( 'NONE',  ( -55.82185794256681532, 11.37921467776361162, -131.8027773028353238 ) ) ;
#1476 = ORIENTED_EDGE ( 'NONE', *, *, #1484, .T. ) ;
#1477 = CARTESIAN_POINT ( 'NONE',  ( -56.34229905315622489, 24.76692557544879492, -124.1732178216980600 ) ) ;
#1478 = CARTESIAN_POINT ( 'NONE',  ( -56.99999979253438198, -27.38719742624342146, -121.1126757952932280 ) ) ;
#1479 = CIRCLE ( 'NONE', #23, 3.049999999999997158 ) ;
#1480 = CARTESIAN_POINT ( 'NONE',  ( -55.65511047234350173, 23.59989045854725020, -124.5107614320312024 ) ) ;
#1481 = CARTESIAN_POINT ( 'NONE',  ( -53.69371657495210570, 9.177984692120539023, -131.7320028450010057 ) ) ;
#1482 = CARTESIAN_POINT ( 'NONE',  ( -55.88740195940169997, -13.04301225113450080, -131.6323103788810158 ) ) ;
#1483 = CARTESIAN_POINT ( 'NONE',  ( -59.99154713206544898, 24.23628127000081278, -45.44039642403510726 ) ) ;
#1484 = EDGE_CURVE ( 'NONE', #534, #2639, #548, .T. ) ;
#1485 = MANIFOLD_SOLID_BREP ( 'Split1[3]', #705 ) ;
#1486 = CARTESIAN_POINT ( 'NONE',  ( -53.90083094644380424, -11.81953525553099915, -131.2188964806400122 ) ) ;
#1487 = EDGE_CURVE ( 'NONE', #1001, #81, #54, .T. ) ;
#1488 = CARTESIAN_POINT ( 'NONE',  ( -55.95216529676438455, -12.50312403753178181, -131.4674767109319760 ) ) ;
#1489 = VERTEX_POINT ( 'NONE', #458 ) ;
#1490 = ORIENTED_EDGE ( 'NONE', *, *, #3256, .T. ) ;
#1491 = CARTESIAN_POINT ( 'NONE',  ( -58.00000000000000000, 32.70000000000000284, -104.8000000000000114 ) ) ;
#1492 = CARTESIAN_POINT ( 'NONE',  ( -55.63794967092790245, 12.87125818713505154, -131.3685488042749228 ) ) ;
#1493 = CARTESIAN_POINT ( 'NONE',  ( -55.20335134754047601, -6.441171093885281529, -132.5000000000000000 ) ) ;
#1494 = EDGE_LOOP ( 'NONE', ( #2276 ) ) ;
#1495 = CARTESIAN_POINT ( 'NONE',  ( -56.39678628972099972, -28.08470252962970193, -118.0717949080901974 ) ) ;
#1496 = CARTESIAN_POINT ( 'NONE',  ( -60.00000000000000000, -33.00000000000000000, -37.60000000000000142 ) ) ;
#1497 = CARTESIAN_POINT ( 'NONE',  ( -55.67502890966309792, 23.40595675089419814, -124.8455843848555986 ) ) ;
#1498 = CARTESIAN_POINT ( 'NONE',  ( -53.65522778779350688, 14.56164561264925972, -129.0386718377909858 ) ) ;
#1499 = CARTESIAN_POINT ( 'NONE',  ( -56.96004345361080112, -19.67321546326405013, -128.6608724580493970 ) ) ;
#1500 = CARTESIAN_POINT ( 'NONE',  ( -60.00000000000000000, 23.58543518131099859, -44.93994966971920491 ) ) ;
#1501 = CARTESIAN_POINT ( 'NONE',  ( -56.98440356818870356, 32.22032923564579932, -111.3323824995080003 ) ) ;
#1502 = CARTESIAN_POINT ( 'NONE',  ( -57.16229501270141355, -20.08966607482220468, -128.0427051319680345 ) ) ;
#1503 = CARTESIAN_POINT ( 'NONE',  ( -54.69377874029412823, 7.162126361968605970, -132.5000000000000000 ) ) ;
#1504 = EDGE_LOOP ( 'NONE', ( #2242 ) ) ;
#1505 = CARTESIAN_POINT ( 'NONE',  ( -58.50234781582732069, 27.51335058990986582, -120.9638549813406456 ) ) ;
#1506 = CARTESIAN_POINT ( 'NONE',  ( -59.99154439995796650, -32.29156372062229252, -100.4946732887528071 ) ) ;
#1507 = CARTESIAN_POINT ( 'NONE',  ( -58.01645039046783126, 23.84879375800760215, -125.1137184830221969 ) ) ;
#1508 = CARTESIAN_POINT ( 'NONE',  ( -56.99999999999602096, 19.72424698514133112, -128.1597091486791840 ) ) ;
#1509 = VERTEX_POINT ( 'NONE', #1375 ) ;
#1510 = DIRECTION ( 'NONE',  ( -0.7071067811865425767, 0.000000000000000000, 0.7071067811865525687 ) ) ;
#1511 = DIRECTION ( 'NONE',  ( 0.000000000000000000, 0.000000000000000000, -1.000000000000000000 ) ) ;
#1512 = CARTESIAN_POINT ( 'NONE',  ( -53.56938387632339982, -5.000000000000000000, -132.0333333333333883 ) ) ;
#1513 = CARTESIAN_POINT ( 'NONE',  ( -53.07995642175679762, 7.878499618759461143, -130.5731547591539936 ) ) ;
#1514 = CARTESIAN_POINT ( 'NONE',  ( -58.27776100519909619, -25.32303600591560055, -124.1277235354775854 ) ) ;
#1515 = VECTOR ( 'NONE', #2692, 1000.000000000000000 ) ;
#1516 = CIRCLE ( 'NONE', #2581, 27.20000000000000284 ) ;
#1517 = CARTESIAN_POINT ( 'NONE',  ( -56.66978239105370108, -26.61307999400845148, -122.1778979624344004 ) ) ;
#1518 = CARTESIAN_POINT ( 'NONE',  ( -58.09172136591830338, -23.58408953383164786, -124.8480298974427996 ) ) ;
#1519 = CARTESIAN_POINT ( 'NONE',  ( -56.47555929372968819, 24.76130813763409577, -124.2270235174775195 ) ) ;
#1520 =( LENGTH_UNIT ( ) NAMED_UNIT ( * ) SI_UNIT ( .MILLI., .METRE. ) );
#1521 = ORIENTED_EDGE ( 'NONE', *, *, #535, .T. ) ;
#1522 = ADVANCED_FACE ( 'NONE', ( #3150 ), #3106, .T. ) ;
#1523 = B_SPLINE_CURVE_WITH_KNOTS ( 'NONE', 3,
 ( #2296, #1767, #2771, #1508, #2520, #2280, #3289, #241, #257, #763, #1270, #3307 ),
 .UNSPECIFIED., .F., .F.,
 ( 4, 2, 2, 2, 2, 4 ),
 ( 1.774418727723162972E-07, 0.001474717929901312808, 0.002211988173915602207, 0.002580623295922761760, 0.002764940856926330261, 0.002949258417929899196 ),
 .UNSPECIFIED. ) ;
#1524 = CARTESIAN_POINT ( 'NONE',  ( -58.07705688876250605, 25.82613326424424471, -123.0677530157938975 ) ) ;
#1525 = CARTESIAN_POINT ( 'NONE',  ( -55.83370479043966839, 14.46384257187081701, -130.8331670891919316 ) ) ;
#1526 = CARTESIAN_POINT ( 'NONE',  ( -57.00000000000003553, -19.50181632183371860, -128.2636819263057077 ) ) ;
#1527 = CARTESIAN_POINT ( 'NONE',  ( -56.51793629210335723, -18.77132818053855345, -128.8341873806746207 ) ) ;
#1528 = ORIENTED_EDGE ( 'NONE', *, *, #2846, .T. ) ;
#1529 = CARTESIAN_POINT ( 'NONE',  ( -56.33252974984952033, 24.73051463952644369, -124.2081071200797311 ) ) ;
#1530 = CARTESIAN_POINT ( 'NONE',  ( -57.63447865716189966, -29.99736443234040095, -116.7384405021089862 ) ) ;
#1531 = CARTESIAN_POINT ( 'NONE',  ( -59.99986009989727620, 32.21423373280792646, -99.83164729052856501 ) ) ;
#1532 = CARTESIAN_POINT ( 'NONE',  ( -56.45712042931169350, 28.32917631539180192, -117.6494639198806027 ) ) ;
#1533 = PLANE ( 'NONE',  #727 ) ;
#1534 = CIRCLE ( 'NONE', #181, 0.5000000000000004441 ) ;
#1535 = CARTESIAN_POINT ( 'NONE',  ( -54.65933798099590035, -20.59519093720505012, -125.9673508961249837 ) ) ;
#1536 = CARTESIAN_POINT ( 'NONE',  ( -59.50000000000000000, -5.000000000000000000, -64.79999999999999716 ) ) ;
#1537 = CARTESIAN_POINT ( 'NONE',  ( -57.32247937376819635, 28.68846000857399758, -119.1588246658842110 ) ) ;
#1538 = VERTEX_POINT ( 'NONE', #1229 ) ;
#1539 = ORIENTED_EDGE ( 'NONE', *, *, #3251, .F. ) ;
#1540 = VECTOR ( 'NONE', #2820, 1000.000000000000000 ) ;
#1541 = CARTESIAN_POINT ( 'NONE',  ( -56.32538578249000238, 27.79734295329545191, -118.5564641853239891 ) ) ;
#1542 = CARTESIAN_POINT ( 'NONE',  ( -54.69377874029409980, -5.000000000000000000, -132.5000000000000000 ) ) ;
#1543 = CARTESIAN_POINT ( 'NONE',  ( -56.99999999999983658, -19.72542818265265296, -128.1590404258880938 ) ) ;
#1544 = LINE ( 'NONE', #3116, #1426 ) ;
#1545 = ORIENTED_EDGE ( 'NONE', *, *, #2920, .T. ) ;
#1546 = CARTESIAN_POINT ( 'NONE',  ( -54.58205494784242973, 17.02773694346955580, -129.4267276307461429 ) ) ;
#1547 = CARTESIAN_POINT ( 'NONE',  ( -57.87677657132690001, -31.15992436147029920, -113.9076859203498060 ) ) ;
#1548 = CARTESIAN_POINT ( 'NONE',  ( -56.38042416000079271, -14.85512140439969819, -130.3246204965754487 ) ) ;
#1549 = CARTESIAN_POINT ( 'NONE',  ( -53.33650324070600135, 11.69968276508947902, -129.9051938199789902 ) ) ;
#1550 = CARTESIAN_POINT ( 'NONE',  ( -57.68218226486962408, 30.20749390427278414, -116.2950395378812516 ) ) ;
#1551 = CARTESIAN_POINT ( 'NONE',  ( -57.08975301008869963, -28.23585588327690132, -120.0732176070350050 ) ) ;
#1552 = CARTESIAN_POINT ( 'NONE',  ( -59.86902829343495114, -31.19679497092334941, -113.8372050297505496 ) ) ;
#1553 = CARTESIAN_POINT ( 'NONE',  ( -56.45712042931169350, 28.32917631539180192, -117.6494639198806027 ) ) ;
#1554 = CARTESIAN_POINT ( 'NONE',  ( -57.00000000000000000, 31.22765715804600006, -109.7999999999999972 ) ) ;
#1555 = CARTESIAN_POINT ( 'NONE',  ( -59.50000000000000000, -5.000000000000000000, -104.8000000000000114 ) ) ;
#1556 = CARTESIAN_POINT ( 'NONE',  ( -56.96831600180080102, 30.78311127968500216, -111.7049595615525988 ) ) ;
#1557 = CARTESIAN_POINT ( 'NONE',  ( -59.99494700333185904, -32.27091068726976886, -100.1680746019736574 ) ) ;
#1558 = CARTESIAN_POINT ( 'NONE',  ( -55.73809427682780182, 8.184753895316180916, -132.0096965024006010 ) ) ;
#1559 = CARTESIAN_POINT ( 'NONE',  ( -55.84978837113629879, -14.58547540550880406, -130.7886581937467838 ) ) ;
#1560 = ORIENTED_EDGE ( 'NONE', *, *, #2965, .F. ) ;
#1561 = CARTESIAN_POINT ( 'NONE',  ( -54.21294147311127887, 14.56284049758228960, -130.4204302375848386 ) ) ;
#1562 = CARTESIAN_POINT ( 'NONE',  ( -57.02074154235133108, -27.47052983339268906, -120.9979903077498022 ) ) ;
#1563 = ORIENTED_EDGE ( 'NONE', *, *, #260, .T. ) ;
#1564 = EDGE_CURVE ( 'NONE', #2229, #801, #384, .T. ) ;
#1565 = CARTESIAN_POINT ( 'NONE',  ( -56.31278836995549852, 27.74791938679254955, -118.6254722078349886 ) ) ;
#1566 = CARTESIAN_POINT ( 'NONE',  ( -57.28379888455411617, 28.53084021145607707, -119.4242368027882293 ) ) ;
#1567 = CARTESIAN_POINT ( 'NONE',  ( -55.74440070735400354, -22.83878544717894954, -125.8321356279913914 ) ) ;
#1568 = CARTESIAN_POINT ( 'NONE',  ( -59.01834686973038657, -27.74367336587645383, -120.6171298665938423 ) ) ;
#1569 = CARTESIAN_POINT ( 'NONE',  ( -56.89845410867490472, 26.97914309909459973, -121.6718907673375867 ) ) ;
#1570 = VERTEX_POINT ( 'NONE', #2608 ) ;
#1571 = CONICAL_SURFACE ( 'NONE', #325, 27.70000000000000284, 0.7853981633974532750 ) ;
#1572 = DIRECTION ( 'NONE',  ( 0.000000000000000000, 0.000000000000000000, 1.000000000000000000 ) ) ;
#1573 = EDGE_CURVE ( 'NONE', #1096, #3255, #1114, .T. ) ;
#1574 = CARTESIAN_POINT ( 'NONE',  ( -59.57409490372109673, 29.37060405011945008, -116.9454352734075968 ) ) ;
#1575 = CARTESIAN_POINT ( 'NONE',  ( -60.02454253623329805, 5.000000000000000000, -104.8000000000000114 ) ) ;
#1576 = DIRECTION ( 'NONE',  ( -1.000000000000000000, 0.000000000000000000, 0.000000000000000000 ) ) ;
#1577 = ORIENTED_EDGE ( 'NONE', *, *, #724, .F. ) ;
#1578 = EDGE_CURVE ( 'NONE', #120, #1332, #618, .T. ) ;
#1579 = LINE ( 'NONE', #2591, #1056 ) ;
#1580 = PRODUCT_DEFINITION_SHAPE ( 'NONE', 'NONE',  #51 ) ;
#1581 = CARTESIAN_POINT ( 'NONE',  ( -57.04220969864739743, -27.55677685300119961, -120.8776943708734137 ) ) ;
#1582 = CARTESIAN_POINT ( 'NONE',  ( -57.98896964675020627, 31.92718082963385484, -111.3331651597650023 ) ) ;
#1583 = CARTESIAN_POINT ( 'NONE',  ( -54.11204128093029908, -19.67321546326405013, -127.7178288351469888 ) ) ;
#1584 = CARTESIAN_POINT ( 'NONE',  ( -53.12117436224579592, -8.733608130673459868, -130.4674202760759840 ) ) ;
#1585 = CARTESIAN_POINT ( 'NONE',  ( -59.24984926032163202, -28.62510474975284325, -119.2674974938689161 ) ) ;
#1586 = AXIS2_PLACEMENT_3D ( 'NONE', #1370, #1109, #3147 ) ;
#1587 = CARTESIAN_POINT ( 'NONE',  ( -56.51474645925510032, 28.56539275236564990, -117.2232352499915891 ) ) ;
#1588 = EDGE_LOOP ( 'NONE', ( #1901, #682, #2650, #1110, #1563, #1230, #3151, #1271, #32, #2516, #1966, #607, #2080, #1437, #2471, #1961 ) ) ;
#1589 = ADVANCED_FACE ( 'NONE', ( #919, #2044 ), #1628, .F. ) ;
#1590 = CARTESIAN_POINT ( 'NONE',  ( -56.89320826259290698, 30.29259485187164813, -113.2975188138103988 ) ) ;
#1591 = CARTESIAN_POINT ( 'NONE',  ( -59.99734053936247591, -24.59975741553935435, -45.86293948908392082 ) ) ;
#1592 = CARTESIAN_POINT ( 'NONE',  ( -56.99999999999982947, -20.38033417365403466, -127.8199253778802529 ) ) ;
#1593 = CARTESIAN_POINT ( 'NONE',  ( -57.00000000000000000, -31.69999999999999929, -104.8000000000000114 ) ) ;
#1594 = ORIENTED_EDGE ( 'NONE', *, *, #2862, .T. ) ;
#1595 = AXIS2_PLACEMENT_3D ( 'NONE', #2956, #342, #1411 ) ;
#1596 = CARTESIAN_POINT ( 'NONE',  ( -53.96891000208824352, -16.74896396582204261, -128.1411783187839433 ) ) ;
#1597 = CARTESIAN_POINT ( 'NONE',  ( -59.50000000000000000, -33.00000000000000000, -37.60000000000000142 ) ) ;
#1598 = CARTESIAN_POINT ( 'NONE',  ( -55.57500537613395153, -22.09403916548631841, -126.4106816494598746 ) ) ;
#1599 = LINE ( 'NONE', #282, #2854 ) ;
#1600 = B_SPLINE_CURVE_WITH_KNOTS ( 'NONE', 3,
 ( #1633, #636, #1872, #616, #2362, #2377, #2872, #2167, #1343, #57, #126, #892, #3141, #362, #1922, #2659, #2924, #2675, #584, #381, #1089, #2889, #1156, #599, #2184, #2643, #345, #1857, #2121, #2627, #3123, #839, #329, #1380, #2393, #399, #3007, #1171, #2250, #1447, #652, #2724, #1686, #417, #1986, #1719, #1188 ),
 .UNSPECIFIED., .F., .F.,
 ( 4, 2, 1, 1, 2, 2, 1, 2, 2, 2, 1, 1, 2, 2, 1, 2, 2, 2, 2, 1, 1, 1, 2, 2, 1, 1, 2, 2, 4 ),
 ( 0.000000000000000000, 0.1249999999998426120, 0.1874999999997609967, 0.2187499999997200018, 0.2343749999997029876, 0.2499999999996860012, 0.3124999999996214695, 0.3437499999995889954, 0.3749999999995569655, 0.4374999999994924615, 0.4531249999994739763, 0.4609374999994669819, 0.4648437499994639843, 0.4687499999994619859, 0.4765624999994539923, 0.4804687499994539923, 0.4843749999994529931, 0.4999999999994689803, 0.6249999999995929922, 0.6874999999996550537, 0.7187499999996900257, 0.7343749999997110089, 0.7421874999997210010, 0.7499999999997319922, 0.8124999999998170352, 0.8437499999998590017, 0.8593749999998729905, 0.8749999999998869793, 1.000000000000000000 ),
 .UNSPECIFIED. ) ;
#1601 = CARTESIAN_POINT ( 'NONE',  ( -56.03658698541839556, -26.71942030769195142, -120.2379910561814143 ) ) ;
#1602 = CARTESIAN_POINT ( 'NONE',  ( -59.87898372915599765, -30.73252148686234975, -113.6807603780320051 ) ) ;
#1603 = CARTESIAN_POINT ( 'NONE',  ( -57.23441015266240584, 28.33063317223970046, -119.7360903473572051 ) ) ;
#1604 = CARTESIAN_POINT ( 'NONE',  ( -59.50000000000000000, 32.22797154729765623, -109.8919117647059949 ) ) ;
#1605 = B_SPLINE_SURFACE_WITH_KNOTS ( 'NONE', 1, 3, ( 
 ( #621, #927, #1654, #1957, #1400, #877, #2646, #895, #2202, #656, #2927, #2679, #586, #331, #93, #1671, #1908, #1618, #1141, #2412, #602, #1891, #111, #2893, #1159, #2630, #2170, #1925, #1689 ),
 ( #2187, #639, #2695, #1364, #3193, #1106, #911, #145, #2379, #1636, #2137, #2943, #402, #1433, #348, #2445, #1122, #1450, #3245, #1226, #1208, #2022, #2237, #737, #960, #437, #2978, #454, #995 ) ),
 .UNSPECIFIED., .F., .F., .F.,
 ( 2, 2 ),
 ( 4, 3, 2, 2, 2, 2, 2, 2, 2, 2, 2, 2, 2, 4 ),
 ( 0.000000000000000000, 1.000000000000000000 ),
 ( -0.002386818817622995102, 0.000000000000000000, 0.001964953755069415164, 0.003929907510138825125, 0.004912384387673530105, 0.005894861265208240289, 0.006386099703975589743, 0.006877338142742949606, 0.007368576581510299928, 0.007859815020277650249, 0.009824768775347070618, 0.01178972253041647884, 0.01375467628548589921, 0.01571963004055530050 ),
 .UNSPECIFIED. ) ;
#1606 = EDGE_CURVE ( 'NONE', #1732, #1570, #2111, .T. ) ;
#1607 = CARTESIAN_POINT ( 'NONE',  ( -55.83711037806460098, 25.86803902205184968, -121.2571180197549978 ) ) ;
#1608 = CARTESIAN_POINT ( 'NONE',  ( -59.43794464231019958, 31.49436039143410682, -113.0400108473509846 ) ) ;
#1609 = CARTESIAN_POINT ( 'NONE',  ( -55.90834881111496202, -23.33532195375914142, -125.4393349707173826 ) ) ;
#1610 = ORIENTED_EDGE ( 'NONE', *, *, #2238, .T. ) ;
#1611 = CARTESIAN_POINT ( 'NONE',  ( -53.55299576384948779, -13.73942153422963308, -129.3212251384294689 ) ) ;
#1612 = CARTESIAN_POINT ( 'NONE',  ( -55.77679125651471281, -8.849116455234161904, -131.9122440669034972 ) ) ;
#1613 = CARTESIAN_POINT ( 'NONE',  ( -57.99999822426579499, -32.08863259775850452, -110.6237262691441998 ) ) ;
#1614 = CARTESIAN_POINT ( 'NONE',  ( -54.88465421727104143, -18.74564381629017973, -128.5654215278102015 ) ) ;
#1615 = DIRECTION ( 'NONE',  ( 0.000000000000000000, -1.000000000000000000, 0.000000000000000000 ) ) ;
#1616 = CARTESIAN_POINT ( 'NONE',  ( -55.77742810886699232, -25.63828264424730108, -121.5441090837977924 ) ) ;
#1617 = FACE_OUTER_BOUND ( 'NONE', #2325, .T. ) ;
#1618 = CARTESIAN_POINT ( 'NONE',  ( -57.44759306884670025, -29.20291512098025066, -118.2736083855529898 ) ) ;
#1619 = PRESENTATION_LAYER_ASSIGNMENT (  '', '', ( #1185 ) ) ;
#1620 = CARTESIAN_POINT ( 'NONE',  ( -56.55295766879039832, 17.58913964366415073, -129.8619751353517984 ) ) ;
#1621 = CARTESIAN_POINT ( 'NONE',  ( -59.09035300944412228, 28.01050162247416964, -120.3038785842180687 ) ) ;
#1622 = CARTESIAN_POINT ( 'NONE',  ( -60.00000000000000000, -32.20000000000000284, -101.3245966692414015 ) ) ;
#1623 = ORIENTED_EDGE ( 'NONE', *, *, #112, .F. ) ;
#1624 = EDGE_CURVE ( 'NONE', #268, #1663, #1262, .T. ) ;
#1625 = VECTOR ( 'NONE', #3080, 1000.000000000000000 ) ;
#1626 = LINE ( 'NONE', #2898, #2180 ) ;
#1627 = CARTESIAN_POINT ( 'NONE',  ( -55.66724505634339693, -5.000000000000000000, -132.1865546218488134 ) ) ;
#1628 = CONICAL_SURFACE ( 'NONE', #2058, 3.049999999999997158, 0.7853981633974490562 ) ;
#1629 = CARTESIAN_POINT ( 'NONE',  ( -58.14693181666080335, -26.10503921938985528, -122.7406862614219278 ) ) ;
#1630 = ORIENTED_EDGE ( 'NONE', *, *, #1578, .T. ) ;
#1631 = CARTESIAN_POINT ( 'NONE',  ( -53.56938387632339982, 5.000000000000000000, -132.0333333333333883 ) ) ;
#1632 = CARTESIAN_POINT ( 'NONE',  ( -57.01711453340418245, 27.45607515815836308, -121.0181483540212355 ) ) ;
#1633 = CARTESIAN_POINT ( 'NONE',  ( -55.74808864766129801, -25.51468120796170069, -121.6806823092150012 ) ) ;
#1634 = DIRECTION ( 'NONE',  ( -1.000000000000000000, 0.000000000000000000, 0.000000000000000000 ) ) ;
#1635 = CARTESIAN_POINT ( 'NONE',  ( -59.98125963230936009, -31.89041741185630485, -111.4980609479704725 ) ) ;
#1636 = CARTESIAN_POINT ( 'NONE',  ( -56.11046351372569774, -26.94629262297630135, -119.8343586551509929 ) ) ;
#1637 = CARTESIAN_POINT ( 'NONE',  ( -57.98582467020479925, 24.19031499970689936, -125.2531697511499971 ) ) ;
#1638 = CARTESIAN_POINT ( 'NONE',  ( -55.77994213471230012, 8.967589709100430184, -131.9047527069807870 ) ) ;
#1639 = CARTESIAN_POINT ( 'NONE',  ( -56.05749745404788342, -23.79155239147164735, -125.0587277233902768 ) ) ;
#1640 = ORIENTED_EDGE ( 'NONE', *, *, #3140, .T. ) ;
#1641 = AXIS2_PLACEMENT_3D ( 'NONE', #1413, #360, #105 ) ;
#1642 = CARTESIAN_POINT ( 'NONE',  ( -55.99512930550105239, -12.88766100920976143, -131.3562950941081624 ) ) ;
#1643 = DIRECTION ( 'NONE',  ( 0.000000000000000000, -1.000000000000000000, 0.000000000000000000 ) ) ;
#1644 = CARTESIAN_POINT ( 'NONE',  ( -59.30018445135259952, -30.81101409340009312, -114.8544731957692875 ) ) ;
#1645 = VERTEX_POINT ( 'NONE', #524 ) ;
#1646 = AXIS2_PLACEMENT_3D ( 'NONE', #2332, #1057, #2086 ) ;
#1647 = ADVANCED_FACE ( 'NONE', ( #1315 ), #878, .T. ) ;
#1648 = CARTESIAN_POINT ( 'NONE',  ( -58.00000000000000000, -32.20996641490165047, -109.9872659176030112 ) ) ;
#1649 = FACE_OUTER_BOUND ( 'NONE', #2683, .T. ) ;
#1650 = PLANE ( 'NONE',  #508 ) ;
#1651 = CARTESIAN_POINT ( 'NONE',  ( -58.00000000000000000, -32.70000000000000284, -64.79999999999999716 ) ) ;
#1652 = CARTESIAN_POINT ( 'NONE',  ( -54.15656062839280338, 14.10211350944000053, -130.5652266350413981 ) ) ;
#1653 = CARTESIAN_POINT ( 'NONE',  ( -59.99999999999995026, -32.22797154729765623, -109.8919117647058528 ) ) ;
#1654 = CARTESIAN_POINT ( 'NONE',  ( -56.22125924019309906, -24.19573445472634532, -124.7871169195341849 ) ) ;
#1655 = CARTESIAN_POINT ( 'NONE',  ( -56.99999999999599964, 20.37898526346267047, -127.8209213185081694 ) ) ;
#1656 = CARTESIAN_POINT ( 'NONE',  ( -55.88103074043450391, 14.82438415949523858, -130.7023449344079893 ) ) ;
#1657 = CARTESIAN_POINT ( 'NONE',  ( -55.42334108138555138, -16.09608386670316094, -130.1804446685862899 ) ) ;
#1658 = CARTESIAN_POINT ( 'NONE',  ( -53.34043457724515491, 11.75637209486089674, -129.8951685717261171 ) ) ;
#1659 = EDGE_LOOP ( 'NONE', ( #3098, #731, #37, #848 ) ) ;
#1660 = CARTESIAN_POINT ( 'NONE',  ( -55.48725646414139590, -11.37464688577586180, -131.7684570385769973 ) ) ;
#1661 = CARTESIAN_POINT ( 'NONE',  ( -55.20335134754046180, 6.447787890787644471, -132.4999999999999432 ) ) ;
#1662 = CARTESIAN_POINT ( 'NONE',  ( -53.02428247405529049, 58.50000000000000000, -130.7147189345587890 ) ) ;
#1663 = VERTEX_POINT ( 'NONE', #792 ) ;
#1664 = CARTESIAN_POINT ( 'NONE',  ( -56.22125924019309906, -24.19573445472634532, -124.7871169195341849 ) ) ;
#1665 = CARTESIAN_POINT ( 'NONE',  ( -54.45909998356805914, -16.26165500364985306, -129.7628926393091717 ) ) ;
#1666 = DIRECTION ( 'NONE',  ( 0.000000000000000000, -1.000000000000000000, 0.000000000000000000 ) ) ;
#1667 = CARTESIAN_POINT ( 'NONE',  ( -55.88725427483380059, -26.09771961756295156, -121.0083432612005936 ) ) ;
#1668 = B_SPLINE_CURVE_WITH_KNOTS ( 'NONE', 3,
 ( #3240, #2757, #2506, #988, #293, #565, #579, #2357, #2101, #1084, #1805, #2834, #1596, #38, #1287, #1070, #3105, #2129, #816, #1611, #1822, #3118, #1852, #1836, #2851, #2117, #802, #1353, #833, #2069 ),
 .UNSPECIFIED., .F., .F.,
 ( 4, 2, 2, 2, 2, 2, 2, 2, 1, 2, 2, 2, 1, 2, 2, 4 ),
 ( 0.000000000000000000, 0.1249999999999975575, 0.1874999999999971134, 0.2499999999999966693, 0.3749999999999957812, 0.4374999999999963918, 0.4999999999999970024, 0.5624999999999972244, 0.5937499999999965583, 0.6093749999999963363, 0.6249999999999960032, 0.6874999999999965583, 0.7187499999999966693, 0.7343749999999966693, 0.7499999999999965583, 1.000000000000000000 ),
 .UNSPECIFIED. ) ;
#1669 = CYLINDRICAL_SURFACE ( 'NONE', #2524, 2.000000000000001776 ) ;
#1670 = CARTESIAN_POINT ( 'NONE',  ( -58.62847186607029926, -28.00755495526649952, -120.2306126719981876 ) ) ;
#1671 = CARTESIAN_POINT ( 'NONE',  ( -57.38620359304950114, -28.94929812999034979, -118.7194202637084004 ) ) ;
#1672 = EDGE_CURVE ( 'NONE', #2434, #1570, #2852, .T. ) ;
#1673 = FACE_OUTER_BOUND ( 'NONE', #768, .T. ) ;
#1674 = CARTESIAN_POINT ( 'NONE',  ( -55.63424481139270483, 12.94434403520379995, -131.3845322185756004 ) ) ;
#1675 = CARTESIAN_POINT ( 'NONE',  ( -54.03501649649725636, 17.18422060103970139, -127.9489333783243268 ) ) ;
#1676 = ORIENTED_EDGE ( 'NONE', *, *, #2835, .T. ) ;
#1677 = CARTESIAN_POINT ( 'NONE',  ( -55.95216529676438455, -12.50312403753178181, -131.4674767109319760 ) ) ;
#1678 = CARTESIAN_POINT ( 'NONE',  ( -59.99271896403087823, 32.28536043814416701, -100.7639899349795058 ) ) ;
#1679 = CARTESIAN_POINT ( 'NONE',  ( -57.66403900821644157, -24.13647634174711953, -124.8293807984042729 ) ) ;
#1680 = ORIENTED_EDGE ( 'NONE', *, *, #2359, .T. ) ;
#1681 = VECTOR ( 'NONE', #2409, 1000.000000000000000 ) ;
#1682 = CIRCLE ( 'NONE', #550, 27.70000000000000284 ) ;
#1683 = CARTESIAN_POINT ( 'NONE',  ( -57.36521276947350145, -28.86314851653014912, -118.8665961175674113 ) ) ;
#1684 = CARTESIAN_POINT ( 'NONE',  ( -59.77156881429642965, -30.21716420966916417, -115.0503682578847418 ) ) ;
#1685 = DIRECTION ( 'NONE',  ( 0.000000000000000000, 0.000000000000000000, -1.000000000000000000 ) ) ;
#1686 = CARTESIAN_POINT ( 'NONE',  ( -55.70174208730519894, -23.22372845526384921, -125.1771351837550128 ) ) ;
#1687 = CARTESIAN_POINT ( 'NONE',  ( -56.95570834708369290, 27.71929970308964997, -120.7905737359044025 ) ) ;
#1688 = CARTESIAN_POINT ( 'NONE',  ( -59.51708854285990213, -29.65499440873417925, -117.5297679097130725 ) ) ;
#1689 = CARTESIAN_POINT ( 'NONE',  ( -58.00000000000000000, -32.20996641490165047, -109.9872659176030112 ) ) ;
#1690 = CARTESIAN_POINT ( 'NONE',  ( -57.00000002218695272, 18.56012324673653779, -128.5349939456381776 ) ) ;
#1691 = CARTESIAN_POINT ( 'NONE',  ( -57.53026275950499979, 21.17053516037125149, -126.8692333145319822 ) ) ;
#1692 = DIRECTION ( 'NONE',  ( 0.7071067811865500152, -0.7071067811865450192, 0.000000000000000000 ) ) ;
#1693 = EDGE_LOOP ( 'NONE', ( #2735 ) ) ;
#1694 = CARTESIAN_POINT ( 'NONE',  ( -59.99161498246049717, 32.29112796852616896, -100.4913976212958744 ) ) ;
#1695 = CARTESIAN_POINT ( 'NONE',  ( -59.19899510062399628, 30.33746345695045221, -116.0225787713230119 ) ) ;
#1696 = CARTESIAN_POINT ( 'NONE',  ( -57.42525368782585105, -23.11850310127016428, -125.7545053652876845 ) ) ;
#1697 = ORIENTED_EDGE ( 'NONE', *, *, #3296, .F. ) ;
#1698 = AXIS2_PLACEMENT_3D ( 'NONE', #1815, #776, #2515 ) ;
#1699 = CARTESIAN_POINT ( 'NONE',  ( -59.50000000000000000, -31.73649191647999501, -109.7999999999999972 ) ) ;
#1700 = CARTESIAN_POINT ( 'NONE',  ( -58.70065846983862201, -25.97705960682894855, -122.2253132849926089 ) ) ;
#1701 = AXIS2_PLACEMENT_3D ( 'NONE', #1935, #3204, #2689 ) ;
#1702 = CARTESIAN_POINT ( 'NONE',  ( -55.66820825870770051, 23.46742927720860195, -124.7383810850061963 ) ) ;
#1703 = CARTESIAN_POINT ( 'NONE',  ( -55.22522668279620461, 23.25727531029425421, -123.9141655968764013 ) ) ;
#1704 = CARTESIAN_POINT ( 'NONE',  ( -59.92358610790460460, -30.97866387224534890, -112.9242698049043980 ) ) ;
#1705 = CARTESIAN_POINT ( 'NONE',  ( -59.99943822545369443, 23.68334582434813740, -44.99774855162986853 ) ) ;
#1706 = CARTESIAN_POINT ( 'NONE',  ( -53.79685512761960098, -10.65004826725586007, -131.4782906579413861 ) ) ;
#1707 = CARTESIAN_POINT ( 'NONE',  ( -55.60407330715120366, -12.53741827988580049, -131.4577995184152144 ) ) ;
#1708 = CARTESIAN_POINT ( 'NONE',  ( -57.84991611945560663, 22.55420613613353353, -125.7328394374744533 ) ) ;
#1709 = VERTEX_POINT ( 'NONE', #1046 ) ;
#1710 = EDGE_CURVE ( 'NONE', #85, #1146, #168, .T. ) ;
#1711 = CARTESIAN_POINT ( 'NONE',  ( -57.34771333589934983, 22.77853262685875180, -126.0419260497996845 ) ) ;
#1712 = CARTESIAN_POINT ( 'NONE',  ( -57.00000000000000000, -33.00000000000000000, -109.7999999999999972 ) ) ;
#1713 = CARTESIAN_POINT ( 'NONE',  ( -56.63873769597620367, 17.35249864082622295, -129.6062687753387763 ) ) ;
#1714 = ORIENTED_EDGE ( 'NONE', *, *, #2070, .T. ) ;
#1715 = CARTESIAN_POINT ( 'NONE',  ( -57.00000000000000000, -31.22765715804595033, -109.7999999999999972 ) ) ;
#1716 = CARTESIAN_POINT ( 'NONE',  ( -56.99999999999999289, -30.33997636765768391, -113.6930901324081873 ) ) ;
#1717 = EDGE_CURVE ( 'NONE', #1146, #172, #2214, .T. ) ;
#1718 = EDGE_CURVE ( 'NONE', #2688, #831, #129, .T. ) ;
#1719 = CARTESIAN_POINT ( 'NONE',  ( -55.74193446401989860, -23.01534732550654994, -125.5767743893934068 ) ) ;
#1720 = CARTESIAN_POINT ( 'NONE',  ( -54.70616652307700178, 20.82772792833729980, -125.8082459826728154 ) ) ;
#1721 = DIRECTION ( 'NONE',  ( -0.7071067811865474617, -0.7071067811865474617, 0.000000000000000000 ) ) ;
#1722 = CARTESIAN_POINT ( 'NONE',  ( -60.00000000000000000, 32.20000000000000284, -99.77540333075850754 ) ) ;
#1723 = B_SPLINE_CURVE_WITH_KNOTS ( 'NONE', 1,
 ( #3319, #1266 ),
 .UNSPECIFIED., .F., .F.,
 ( 2, 2 ),
 ( 0.000000000000000000, 1.000000000000000000 ),
 .UNSPECIFIED. ) ;
#1724 = EDGE_CURVE ( 'NONE', #1069, #2085, #765, .T. ) ;
#1725 = CARTESIAN_POINT ( 'NONE',  ( -55.27573038241669678, -20.70542296855500197, -127.3772929499997986 ) ) ;
#1726 = CARTESIAN_POINT ( 'NONE',  ( -57.44296474397495444, -21.39864274440994052, -127.1386994919044611 ) ) ;
#1727 = CARTESIAN_POINT ( 'NONE',  ( -53.83621918399730077, 15.86953042562316440, -128.5262068712744394 ) ) ;
#1728 = ORIENTED_EDGE ( 'NONE', *, *, #2888, .T. ) ;
#1729 = CARTESIAN_POINT ( 'NONE',  ( -59.30954081880793893, 30.85638668870908319, -114.7372086879596793 ) ) ;
#1730 = CARTESIAN_POINT ( 'NONE',  ( -59.99859225521620942, -32.23865092663451293, -101.1516332907268492 ) ) ;
#1731 = CARTESIAN_POINT ( 'NONE',  ( -56.74483456117589952, 17.17660979158494783, -129.2974170084013963 ) ) ;
#1732 = VERTEX_POINT ( 'NONE', #2910 ) ;
#1733 = CARTESIAN_POINT ( 'NONE',  ( -56.37615737689640127, -28.00166301051820028, -118.2112116465365972 ) ) ;
#1734 = CONICAL_SURFACE ( 'NONE', #438, 27.70000000000000284, 0.7853981633974532750 ) ;
#1735 = CYLINDRICAL_SURFACE ( 'NONE', #1461, 60.00000000000001421 ) ;
#1736 = STYLED_ITEM ( 'NONE', ( #2559 ), #1485 ) ;
#1737 = ADVANCED_FACE ( 'NONE', ( #2152 ), #1605, .T. ) ;
#1738 = CARTESIAN_POINT ( 'NONE',  ( -55.65655708524889889, 24.12490931875365163, -123.7209283187310120 ) ) ;
#1739 = CARTESIAN_POINT ( 'NONE',  ( -53.75203957083250117, 10.06239298724315923, -131.5889665998811608 ) ) ;
#1740 = DIRECTION ( 'NONE',  ( -1.000000000000000000, 0.000000000000000000, 0.000000000000000000 ) ) ;
#1741 = CARTESIAN_POINT ( 'NONE',  ( -57.00000000000000000, 5.000000000000000000, -104.8000000000000114 ) ) ;
#1742 = CARTESIAN_POINT ( 'NONE',  ( -57.00000000000000000, 32.40385874309125569, -110.5647376496449965 ) ) ;
#1743 = CARTESIAN_POINT ( 'NONE',  ( -55.64592503650690247, -12.92341584692254131, -131.3456558586159986 ) ) ;
#1744 = CARTESIAN_POINT ( 'NONE',  ( -57.00000000000000000, 5.000000000000000000, -104.8000000000000114 ) ) ;
#1745 = ORIENTED_EDGE ( 'NONE', *, *, #269, .F. ) ;
#1746 = CARTESIAN_POINT ( 'NONE',  ( -58.76409576433295001, 28.54482369681746334, -119.3935795741499106 ) ) ;
#1747 = CARTESIAN_POINT ( 'NONE',  ( -59.99161498248005131, -32.29112796853223699, -100.6086023795030115 ) ) ;
#1748 = CARTESIAN_POINT ( 'NONE',  ( -59.13114459292620495, 27.62363480120405157, -120.0679169871213929 ) ) ;
#1749 = CARTESIAN_POINT ( 'NONE',  ( -60.02454253623329805, 5.000000000000000000, -104.8000000000000114 ) ) ;
#1750 = EDGE_LOOP ( 'NONE', ( #2417 ) ) ;
#1751 = CARTESIAN_POINT ( 'NONE',  ( -56.41068197442371002, 25.02189589293092098, -123.9254913071082740 ) ) ;
#1752 = AXIS2_PLACEMENT_3D ( 'NONE', #1811, #3108, #1276 ) ;
#1753 = CARTESIAN_POINT ( 'NONE',  ( 0.000000000000000000, 58.50000000000000000, -109.7999999999999972 ) ) ;
#1754 = CARTESIAN_POINT ( 'NONE',  ( -56.99999999999914735, -18.80402492978445039, -128.5031324567799516 ) ) ;
#1755 = CARTESIAN_POINT ( 'NONE',  ( -54.38251287747309703, 19.15685403731744785, -126.8747792977404032 ) ) ;
#1756 = DIRECTION ( 'NONE',  ( 0.000000000000000000, -1.000000000000000000, 0.000000000000000000 ) ) ;
#1757 = PLANE ( 'NONE',  #3310 ) ;
#1758 = CIRCLE ( 'NONE', #1595, 3.049999999999997158 ) ;
#1759 = CARTESIAN_POINT ( 'NONE',  ( -53.69371819743850693, -9.178012142057870193, -131.7319988840378073 ) ) ;
#1760 = CARTESIAN_POINT ( 'NONE',  ( -56.50177547393660404, -15.76759690206695019, -129.9961622400169858 ) ) ;
#1761 = CARTESIAN_POINT ( 'NONE',  ( -56.08135913452106536, 21.03914563768642765, -127.3839725621560603 ) ) ;
#1762 = CARTESIAN_POINT ( 'NONE',  ( -58.95000000000000284, -22.09615960404705248, -45.60163301958728965 ) ) ;
#1763 = ORIENTED_EDGE ( 'NONE', *, *, #2620, .F. ) ;
#1764 = CARTESIAN_POINT ( 'NONE',  ( -59.35174752812498156, 31.06711029909952870, -114.1734873683895160 ) ) ;
#1765 = CARTESIAN_POINT ( 'NONE',  ( -59.99327090074511659, -32.28210523033315837, -100.2854555405406529 ) ) ;
#1766 = CARTESIAN_POINT ( 'NONE',  ( -58.89322954069719884, 29.06085228079485105, -118.5305119111050089 ) ) ;
#1767 = CARTESIAN_POINT ( 'NONE',  ( -57.00000000000004263, 20.79688430785112629, -127.5596720957980210 ) ) ;
#1768 = ORIENTED_EDGE ( 'NONE', *, *, #278, .F. ) ;
#1769 = CARTESIAN_POINT ( 'NONE',  ( -55.38652347154010158, -24.05560821355064860, -123.2659948662004012 ) ) ;
#1770 = CARTESIAN_POINT ( 'NONE',  ( -57.33816766192310155, -28.75259801585895048, -119.0514743808147955 ) ) ;
#1771 = CARTESIAN_POINT ( 'NONE',  ( -59.50000000000000000, 32.22797154729765623, -109.8919117647059949 ) ) ;
#1772 = CARTESIAN_POINT ( 'NONE',  ( -53.98929678530210197, 12.68588133469190105, -130.9954879095512013 ) ) ;
#1773 = ADVANCED_FACE ( 'NONE', ( #672 ), #1243, .T. ) ;
#1774 = CARTESIAN_POINT ( 'NONE',  ( -57.00000000000000000, 58.50000000000000000, -128.5349939951951797 ) ) ;
#1775 = CARTESIAN_POINT ( 'NONE',  ( -53.05914272534459997, -7.306124932896230106, -130.6261571902115861 ) ) ;
#1776 = CARTESIAN_POINT ( 'NONE',  ( -57.67243542941669432, -21.78208430428255227, -126.3578686853780226 ) ) ;
#1777 = CARTESIAN_POINT ( 'NONE',  ( -57.73016657899282222, -24.41142047191615916, -124.5607775894741280 ) ) ;
#1778 = VERTEX_POINT ( 'NONE', #470 ) ;
#1779 = CARTESIAN_POINT ( 'NONE',  ( -58.17298360835976467, 26.20892762355763850, -122.6179019172436284 ) ) ;
#1780 = CARTESIAN_POINT ( 'NONE',  ( -56.92089054752533173, 20.81927550649876935, -127.5385307170362239 ) ) ;
#1781 = CARTESIAN_POINT ( 'NONE',  ( -55.21765497419920621, 6.629725407438149531, -132.4638748897218079 ) ) ;
#1782 = CARTESIAN_POINT ( 'NONE',  ( -55.24838554198585427, -7.900470844226504141, -132.3872947875941861 ) ) ;
#1783 = ORIENTED_EDGE ( 'NONE', *, *, #769, .T. ) ;
#1784 =( BOUNDED_SURFACE ( )  B_SPLINE_SURFACE ( 3, 2, ( 
 ( #1604, #1346, #2861 ),
 ( #1079, #2365, #573 ),
 ( #2615, #2110, #315 ),
 ( #3113, #826, #1235 ),
 ( #1695, #3018, #3269 ),
 ( #224, #918, #713 ),
 ( #729, #1251, #1981 ),
 ( #206, #2704, #447 ),
 ( #1766, #2502, #2245 ),
 ( #1948, #2985, #1748 ),
 ( #1440, #190, #1215 ),
 ( #2770, #2953, #3253 ),
 ( #663, #968, #1997 ),
 ( #953, #1507, #985 ),
 ( #2970, #1181, #2012 ),
 ( #935, #3001, #2753 ),
 ( #479, #2734, #2485 ),
 ( #2260, #1457, #410 ),
 ( #2519, #1713, #1731 ),
 ( #462, #2720, #428 ),
 ( #2453, #152, #2279 ),
 ( #2210, #3218, #1964 ),
 ( #680, #2470, #171 ),
 ( #696, #1199, #2228 ),
 ( #3236, #1475, #35 ),
 ( #3306, #2083, #2329 ),
 ( #2848, #1819, #1558 ),
 ( #1781, #511, #3085 ),
 ( #1284, #1019, #799 ),
 ( #2066, #18, #1801 ) ),
 .UNSPECIFIED., .F., .F., .T. ) 
 B_SPLINE_SURFACE_WITH_KNOTS ( ( 4, 2, 2, 2, 2, 2, 2, 2, 2, 2, 2, 2, 2, 2, 4 ),
 ( 3, 3 ),
 ( 0.000000000000000000, 0.004724089557334310539, 0.007086134336001460171, 0.008267156725335039757, 0.009448179114668619344, 0.01417226867200292034, 0.01653431345067010033, 0.01889635822933724910, 0.02362044778667155009, 0.02598249256533869886, 0.02716351495467225069, 0.02834453734400585109, 0.03306862690134015209, 0.03543067168000729739, 0.03779271645867444962 ),
 ( 0.000000000000000000, 1.000000000000000000 ),
 .UNSPECIFIED. ) 
 GEOMETRIC_REPRESENTATION_ITEM ( )  RATIONAL_B_SPLINE_SURFACE ( (
 ( 1.000000000000000000, 0.7071067811865480168, 1.000000000000000000),
 ( 1.000000000000000000, 0.7088237698605559522, 1.000000000000000000),
 ( 1.000000000000000000, 0.7120951162517650257, 1.000000000000000000),
 ( 1.000000000000000000, 0.7188110164561459792, 1.000000000000000000),
 ( 1.000000000000000000, 0.7213511860151640143, 1.000000000000000000),
 ( 1.000000000000000000, 0.7255487357217419442, 1.000000000000000000),
 ( 1.000000000000000000, 0.7270124687111939599, 1.000000000000000000),
 ( 1.000000000000000000, 0.7300581743800389489, 1.000000000000000000),
 ( 1.000000000000000000, 0.7316426071837139888, 1.000000000000000000),
 ( 1.000000000000000000, 0.7397510546019179234, 1.000000000000000000),
 ( 1.000000000000000000, 0.7468797033509368966, 1.000000000000000000),
 ( 1.000000000000000000, 0.7579035077721959501, 1.000000000000000000),
 ( 1.000000000000000000, 0.7616346816667519670, 1.000000000000000000),
 ( 1.000000000000000000, 0.7691165117422540387, 1.000000000000000000),
 ( 1.000000000000000000, 0.7728752128714839742, 1.000000000000000000),
 ( 1.000000000000000000, 0.7838458218810789857, 1.000000000000000000),
 ( 1.000000000000000000, 0.7908154702948240189, 1.000000000000000000),
 ( 1.000000000000000000, 0.8003192497385249737, 1.000000000000000000),
 ( 1.000000000000000000, 0.8033293674284610608, 1.000000000000000000),
 ( 1.000000000000000000, 0.8075546740142030000, 1.000000000000000000),
 ( 1.000000000000000000, 0.8089180435530419766, 1.000000000000000000),
 ( 1.000000000000000000, 0.8115184468194870382, 1.000000000000000000),
 ( 1.000000000000000000, 0.8127561503497360285, 1.000000000000000000),
 ( 1.000000000000000000, 0.8186217798312219740, 1.000000000000000000),
 ( 1.000000000000000000, 0.8222819868181380221, 1.000000000000000000),
 ( 1.000000000000000000, 0.8260202703793889656, 1.000000000000000000),
 ( 1.000000000000000000, 0.8269741909972400107, 1.000000000000000000),
 ( 1.000000000000000000, 0.8282587290418689241, 1.000000000000000000),
 ( 1.000000000000000000, 0.8285873889493450273, 1.000000000000000000),
 ( 1.000000000000000000, 0.8285859169988000206, 1.000000000000000000) ) ) 
 REPRESENTATION_ITEM ( '' )  SURFACE ( )  );
#1785 = VECTOR ( 'NONE', #2936, 1000.000000000000000 ) ;
#1786 = CARTESIAN_POINT ( 'NONE',  ( -56.44441846974879695, 25.14731518694537016, -123.8017593026769703 ) ) ;
#1787 = SURFACE_STYLE_USAGE ( .BOTH. , #1008 ) ;
#1788 = CIRCLE ( 'NONE', #1029, 2.000000000000001776 ) ;
#1789 = CARTESIAN_POINT ( 'NONE',  ( -60.02454253623329805, 5.000000000000000000, -37.10000000000000142 ) ) ;
#1790 = CARTESIAN_POINT ( 'NONE',  ( -56.91679176687919295, 30.42022995062815127, -112.9381938585393925 ) ) ;
#1791 = CARTESIAN_POINT ( 'NONE',  ( -56.55251074860360205, -17.58637088894654710, -129.8631445315340045 ) ) ;
#1792 = AXIS2_PLACEMENT_3D ( 'NONE', #1932, #3166, #884 ) ;
#1793 = AXIS2_PLACEMENT_3D ( 'NONE', #3144, #76, #859 ) ;
#1794 = CARTESIAN_POINT ( 'NONE',  ( -53.55482835810690290, -13.75801045985281945, -129.3163711144923980 ) ) ;
#1795 = DIRECTION ( 'NONE',  ( -1.000000000000000000, 0.000000000000000000, 0.000000000000000000 ) ) ;
#1796 = CARTESIAN_POINT ( 'NONE',  ( -57.59633319793594097, -23.85340854233080776, -125.0995154866194383 ) ) ;
#1797 =( NAMED_UNIT ( * ) PLANE_ANGLE_UNIT ( ) SI_UNIT ( $, .RADIAN. ) );
#1798 = ORIENTED_EDGE ( 'NONE', *, *, #1718, .F. ) ;
#1799 = LINE ( 'NONE', #46, #3266 ) ;
#1800 = CARTESIAN_POINT ( 'NONE',  ( -55.46863885942907757, 11.12472100705176636, -131.8167669794036954 ) ) ;
#1801 = CARTESIAN_POINT ( 'NONE',  ( -55.66724505634339693, 5.000000000000000000, -132.1865546218488134 ) ) ;
#1802 = CARTESIAN_POINT ( 'NONE',  ( -56.42296031339568430, -18.25397763189422662, -129.1269213595917051 ) ) ;
#1803 = ORIENTED_EDGE ( 'NONE', *, *, #1443, .T. ) ;
#1804 = EDGE_CURVE ( 'NONE', #1247, #1247, #797, .T. ) ;
#1805 = CARTESIAN_POINT ( 'NONE',  ( -54.18079563432137036, -18.03354012122290229, -127.5057365044837070 ) ) ;
#1806 = CARTESIAN_POINT ( 'NONE',  ( -57.53720363752000111, -29.57895987532835136, -117.5740293683449949 ) ) ;
#1807 = PRODUCT_DEFINITION_FORMATION_WITH_SPECIFIED_SOURCE ( 'ANY', '', #2558, .NOT_KNOWN. ) ;
#1808 = VERTEX_POINT ( 'NONE', #1722 ) ;
#1809 = CARTESIAN_POINT ( 'NONE',  ( -55.83299007742534315, -9.731873887565591019, -131.7699795429809342 ) ) ;
#1810 = CARTESIAN_POINT ( 'NONE',  ( -56.37616090066670438, 28.00167717675165235, -118.2111880231200018 ) ) ;
#1811 = CARTESIAN_POINT ( 'NONE',  ( -60.02454253623329805, 5.000000000000000000, -64.79999999999999716 ) ) ;
#1812 = CARTESIAN_POINT ( 'NONE',  ( -53.79837158303740097, -15.61824678245359976, -128.6356524408329847 ) ) ;
#1813 = CARTESIAN_POINT ( 'NONE',  ( -59.48430761771070507, -31.89283760499199971, -111.4873853187562105 ) ) ;
#1814 = CARTESIAN_POINT ( 'NONE',  ( -56.83692557184220107, 29.98875762589985072, -114.1512514895675992 ) ) ;
#1815 = CARTESIAN_POINT ( 'NONE',  ( -57.00000000000000000, -5.000000000000000000, -64.79999999999999716 ) ) ;
#1816 = ORIENTED_EDGE ( 'NONE', *, *, #3237, .T. ) ;
#1817 = CARTESIAN_POINT ( 'NONE',  ( -55.96639520862639472, 26.37857697933864998, -120.6080381755261897 ) ) ;
#1818 = CARTESIAN_POINT ( 'NONE',  ( -59.99497178484434556, -23.93522243436473573, -45.17474718862917626 ) ) ;
#1819 = CARTESIAN_POINT ( 'NONE',  ( -55.61322316690701939, 8.228162794942919689, -132.3230783413633844 ) ) ;
#1820 = DIRECTION ( 'NONE',  ( 0.000000000000000000, 0.000000000000000000, 1.000000000000000000 ) ) ;
#1821 = ORIENTED_EDGE ( 'NONE', *, *, #3195, .T. ) ;
#1822 = CARTESIAN_POINT ( 'NONE',  ( -53.48466582725966134, -13.16017464776250101, -129.5082698468536648 ) ) ;
#1823 = ORIENTED_EDGE ( 'NONE', *, *, #2359, .F. ) ;
#1824 = CARTESIAN_POINT ( 'NONE',  ( -53.13657339073470354, 9.018028954840708877, -130.4278159772469792 ) ) ;
#1825 = CARTESIAN_POINT ( 'NONE',  ( -57.44052429942976090, 29.17372884472880656, -118.3271679625143094 ) ) ;
#1826 = ADVANCED_FACE ( 'NONE', ( #420 ), #1757, .T. ) ;
#1827 = CARTESIAN_POINT ( 'NONE',  ( -56.83899524746709631, -27.26899560981269843, -121.3759692551292062 ) ) ;
#1828 = CARTESIAN_POINT ( 'NONE',  ( -58.57083206388850272, -27.78057985759910054, -120.5637422610072065 ) ) ;
#1829 = DIRECTION ( 'NONE',  ( 0.000000000000000000, -1.000000000000000000, 0.000000000000000000 ) ) ;
#1830 = EDGE_LOOP ( 'NONE', ( #390, #631, #2345, #203, #2034 ) ) ;
#1831 = FACE_OUTER_BOUND ( 'NONE', #3003, .T. ) ;
#1832 = DIRECTION ( 'NONE',  ( 1.000000000000000000, 0.000000000000000000, 0.000000000000000000 ) ) ;
#1833 = CARTESIAN_POINT ( 'NONE',  ( -59.50000000000000000, 32.70000000000000284, -64.79999999999999716 ) ) ;
#1834 = CARTESIAN_POINT ( 'NONE',  ( -56.35137625207487844, -24.80062368827840658, -124.1410514506375762 ) ) ;
#1835 = EDGE_LOOP ( 'NONE', ( #1745, #3049, #2404, #915 ) ) ;
#1836 = CARTESIAN_POINT ( 'NONE',  ( -53.33033645060839945, -11.63846955199354305, -129.9216656694423477 ) ) ;
#1837 = CARTESIAN_POINT ( 'NONE',  ( -57.55004232769490358, -29.63359160539479831, -117.4679809182026133 ) ) ;
#1838 = EDGE_CURVE ( 'NONE', #2434, #2967, #1231, .T. ) ;
#1839 = CARTESIAN_POINT ( 'NONE',  ( -57.04662290149889969, 27.57450974203949912, -120.8559909842820019 ) ) ;
#1840 = CARTESIAN_POINT ( 'NONE',  ( -57.08311868846517001, 27.72118867525191632, -120.6441679141994143 ) ) ;
#1841 = CARTESIAN_POINT ( 'NONE',  ( -56.95573608626589390, -27.71940895647859904, -120.7904301646740066 ) ) ;
#1842 = CARTESIAN_POINT ( 'NONE',  ( -59.98125963230936009, -31.89041741185630485, -111.4980609479704725 ) ) ;
#1843 = AXIS2_PLACEMENT_3D ( 'NONE', #3114, #1034, #1333 ) ;
#1844 = CARTESIAN_POINT ( 'NONE',  ( -57.78409933266790688, 30.67769041355574799, -115.2118277561416164 ) ) ;
#1845 = ORIENTED_EDGE ( 'NONE', *, *, #1856, .F. ) ;
#1846 = CIRCLE ( 'NONE', #2472, 27.20000000000000284 ) ;
#1847 = CARTESIAN_POINT ( 'NONE',  ( -57.00000000000000000, 31.22765715804600006, -109.7999999999999972 ) ) ;
#1848 = CARTESIAN_POINT ( 'NONE',  ( -59.99155104884680156, -24.25175324670133747, -45.45581717140964884 ) ) ;
#1849 = CARTESIAN_POINT ( 'NONE',  ( -56.47546252518200305, -24.75721995238721362, -124.2314253106638660 ) ) ;
#1850 = DIRECTION ( 'NONE',  ( 0.000000000000000000, -1.000000000000000000, 0.000000000000000000 ) ) ;
#1851 = ORIENTED_EDGE ( 'NONE', *, *, #2884, .F. ) ;
#1852 = CARTESIAN_POINT ( 'NONE',  ( -53.36380853758986831, -11.99101657460393078, -129.8326827599796331 ) ) ;
#1853 = CARTESIAN_POINT ( 'NONE',  ( -59.14857689046257150, -30.11698832185650687, -116.5135886110723789 ) ) ;
#1854 = CARTESIAN_POINT ( 'NONE',  ( -57.48699937142159655, 29.36726636235460219, -117.9740454064550050 ) ) ;
#1855 = CARTESIAN_POINT ( 'NONE',  ( -52.93466130404049608, -11.47024424654417984, -130.9416198087690191 ) ) ;
#1856 = EDGE_CURVE ( 'NONE', #3131, #2498, #175, .T. ) ;
#1857 = CARTESIAN_POINT ( 'NONE',  ( -55.66115063775890093, -24.18567042630334996, -123.6387896335179875 ) ) ;
#1858 = DIRECTION ( 'NONE',  ( -1.000000000000000000, 0.000000000000000000, 0.000000000000000000 ) ) ;
#1859 = AXIS2_PLACEMENT_3D ( 'NONE', #3067, #981, #2567 ) ;
#1860 = CARTESIAN_POINT ( 'NONE',  ( -55.38653153701289966, 24.05564134338339954, -123.2659616923368020 ) ) ;
#1861 = CARTESIAN_POINT ( 'NONE',  ( -53.56938387632339982, 5.000000000000000000, -132.0333333333333883 ) ) ;
#1862 = CARTESIAN_POINT ( 'NONE',  ( -59.99453348508275496, -23.95907793319590695, -45.19356050299850125 ) ) ;
#1863 = FACE_OUTER_BOUND ( 'NONE', #3039, .T. ) ;
#1864 = EDGE_LOOP ( 'NONE', ( #964 ) ) ;
#1865 = CONICAL_SURFACE ( 'NONE', #2759, 3.049999999999997158, 0.7853981633974476129 ) ;
#1866 = DIRECTION ( 'NONE',  ( 0.000000000000000000, 0.000000000000000000, -1.000000000000000000 ) ) ;
#1867 = CARTESIAN_POINT ( 'NONE',  ( -56.80452869732602039, -17.53463677268292997, -129.1297027127573074 ) ) ;
#1868 = CARTESIAN_POINT ( 'NONE',  ( -58.88449057355104799, -29.02628060517330155, -118.5855264619129485 ) ) ;
#1869 = CARTESIAN_POINT ( 'NONE',  ( -53.02428247405529049, 5.000000000000000000, -130.7147189345587890 ) ) ;
#1870 = CARTESIAN_POINT ( 'NONE',  ( -55.75510520240089818, -26.88258680441715143, -121.6627558849107942 ) ) ;
#1871 = EDGE_CURVE ( 'NONE', #2162, #2085, #939, .T. ) ;
#1872 = CARTESIAN_POINT ( 'NONE',  ( -55.74515561679979925, -25.31751100931180076, -122.0145382840971990 ) ) ;
#1873 = CARTESIAN_POINT ( 'NONE',  ( -54.78033375416350026, 18.16177739397335245, -128.8642054669883805 ) ) ;
#1874 = CARTESIAN_POINT ( 'NONE',  ( -56.11046835610630268, 26.94631171610544840, -119.8343315617734106 ) ) ;
#1875 = CARTESIAN_POINT ( 'NONE',  ( -56.96145279670639638, 19.68019070574419871, -128.6566397362693976 ) ) ;
#1876 = CARTESIAN_POINT ( 'NONE',  ( -55.68166888151849747, 6.600307981302890425, -132.1507834965625818 ) ) ;
#1877 = CARTESIAN_POINT ( 'NONE',  ( -60.02454253623329805, 32.70000000000000284, -64.79999999999999716 ) ) ;
#1878 = EDGE_CURVE ( 'NONE', #1458, #2782, #157, .T. ) ;
#1879 = CARTESIAN_POINT ( 'NONE',  ( -56.48597381889059932, -25.30067114918535154, -123.6460274565392012 ) ) ;
#1880 = ORIENTED_EDGE ( 'NONE', *, *, #2702, .F. ) ;
#1881 = CARTESIAN_POINT ( 'NONE',  ( -56.67314014828559721, -26.06795441872110075, -122.7849074974420063 ) ) ;
#1882 = CARTESIAN_POINT ( 'NONE',  ( -55.67278958962949531, 24.30584243534350009, -123.4815450809043966 ) ) ;
#1883 = CARTESIAN_POINT ( 'NONE',  ( -58.79778059840912618, -28.67867055411464250, -119.1757296256927532 ) ) ;
#1884 = ORIENTED_EDGE ( 'NONE', *, *, #199, .F. ) ;
#1885 = EDGE_CURVE ( 'NONE', #2449, #507, #2883, .T. ) ;
#1886 = CARTESIAN_POINT ( 'NONE',  ( -56.95460727968417558, -30.67344921741918284, -112.1017216888708390 ) ) ;
#1887 = LINE ( 'NONE', #1103, #398 ) ;
#1888 = CARTESIAN_POINT ( 'NONE',  ( 0.000000000000000000, 58.50000000000000000, -109.7999999999999972 ) ) ;
#1889 = CARTESIAN_POINT ( 'NONE',  ( -60.00000000000000000, -22.09615960404705248, -47.60163301958729676 ) ) ;
#1890 = CARTESIAN_POINT ( 'NONE',  ( -59.24984926032163202, -28.62510474975284325, -119.2674974938689161 ) ) ;
#1891 = CARTESIAN_POINT ( 'NONE',  ( -57.66702386795439850, -30.13739211171019861, -116.4559618416447933 ) ) ;
#1892 = AXIS2_PLACEMENT_3D ( 'NONE', #828, #1318, #1051 ) ;
#1893 =( NAMED_UNIT ( * ) PLANE_ANGLE_UNIT ( ) SI_UNIT ( $, .RADIAN. ) );
#1894 = CARTESIAN_POINT ( 'NONE',  ( -55.65582127913737764, 9.022187338948704394, -132.2179682536954601 ) ) ;
#1895 = DIRECTION ( 'NONE',  ( -1.000000000000000000, 0.000000000000000000, 0.000000000000000000 ) ) ;
#1896 = ORIENTED_EDGE ( 'NONE', *, *, #1624, .F. ) ;
#1897 = EDGE_CURVE ( 'NONE', #2162, #3136, #1758, .T. ) ;
#1898 = CARTESIAN_POINT ( 'NONE',  ( -56.78370731953630468, -26.51615287843055313, -122.2455087783673946 ) ) ;
#1899 = CARTESIAN_POINT ( 'NONE',  ( -59.99183683224246977, 32.29031928973495980, -100.6661631656455853 ) ) ;
#1900 = CARTESIAN_POINT ( 'NONE',  ( -58.17126269285299145, -26.20207470037746234, -122.6260573642117890 ) ) ;
#1901 = ORIENTED_EDGE ( 'NONE', *, *, #2846, .F. ) ;
#1902 = CARTESIAN_POINT ( 'NONE',  ( -56.08430161460859864, -23.62216750438329882, -125.3715350073202046 ) ) ;
#1903 = CARTESIAN_POINT ( 'NONE',  ( -55.74808864766129801, -25.51468120796170069, -121.6806823092150012 ) ) ;
#1904 = CARTESIAN_POINT ( 'NONE',  ( -54.69377874029409980, -5.000000000000000000, -132.5000000000000000 ) ) ;
#1905 = CYLINDRICAL_SURFACE ( 'NONE', #1133, 60.00000000000001421 ) ;
#1906 = CARTESIAN_POINT ( 'NONE',  ( -54.92425116516020012, 18.93720711885699970, -128.4445127838044129 ) ) ;
#1907 = CARTESIAN_POINT ( 'NONE',  ( -59.99878953255843328, -32.07754509688552247, -110.6962868794830825 ) ) ;
#1908 = CARTESIAN_POINT ( 'NONE',  ( -57.42738461960470175, -29.11914268959055363, -118.4230015102469906 ) ) ;
#1909 = CARTESIAN_POINT ( 'NONE',  ( -52.64577380949019414, 6.653106990772100104, -131.6499999999999773 ) ) ;
#1910 = CARTESIAN_POINT ( 'NONE',  ( -56.51217312224139988, 15.74368456594164911, -129.9593734000982010 ) ) ;
#1911 = PLANE ( 'NONE',  #1317 ) ;
#1912 = ORIENTED_EDGE ( 'NONE', *, *, #617, .F. ) ;
#1913 = CIRCLE ( 'NONE', #941, 0.5000000000000004441 ) ;
#1914 = DIRECTION ( 'NONE',  ( 0.000000000000000000, 0.000000000000000000, 1.000000000000000000 ) ) ;
#1915 = CARTESIAN_POINT ( 'NONE',  ( -55.82455554000690512, 9.603108341432808004, -131.7913552451415740 ) ) ;
#1916 = CARTESIAN_POINT ( 'NONE',  ( -58.50205948706338432, -27.51225531896710663, -120.9655878329311633 ) ) ;
#1917 = ORIENTED_EDGE ( 'NONE', *, *, #2374, .F. ) ;
#1918 = DIRECTION ( 'NONE',  ( 0.000000000000000000, 0.000000000000000000, 1.000000000000000000 ) ) ;
#1919 = CARTESIAN_POINT ( 'NONE',  ( -56.75494963113407465, -29.59863328573649000, -115.1047978216892460 ) ) ;
#1920 = CARTESIAN_POINT ( 'NONE',  ( -56.84783038362436258, -20.46487709615492179, -127.7812265578550637 ) ) ;
#1921 = EDGE_CURVE ( 'NONE', #1146, #3136, #666, .T. ) ;
#1922 = CARTESIAN_POINT ( 'NONE',  ( -55.68799929312409347, -24.46089192784030075, -123.2766527070192097 ) ) ;
#1923 = FACE_OUTER_BOUND ( 'NONE', #3290, .T. ) ;
#1924 = CARTESIAN_POINT ( 'NONE',  ( -57.12350145832839843, -19.20915381189480087, -128.1595948434660102 ) ) ;
#1925 = CARTESIAN_POINT ( 'NONE',  ( -57.99999810892720120, -32.08074312020399788, -110.6650644443055995 ) ) ;
#1926 = EDGE_CURVE ( 'NONE', #85, #120, #3126, .T. ) ;
#1927 = CARTESIAN_POINT ( 'NONE',  ( -57.00000000483828444, 20.79700886659654557, -127.5595923991212572 ) ) ;
#1928 = CARTESIAN_POINT ( 'NONE',  ( -56.35061923409200091, 14.64704870534572123, -130.4065145362659734 ) ) ;
#1929 = CARTESIAN_POINT ( 'NONE',  ( -53.51222964836669149, 13.39161642958952747, -129.4326956387307632 ) ) ;
#1930 = ORIENTED_EDGE ( 'NONE', *, *, #2821, .T. ) ;
#1931 = CARTESIAN_POINT ( 'NONE',  ( -55.95353593016059790, -11.25958105752333971, -131.4621799514490021 ) ) ;
#1932 = CARTESIAN_POINT ( 'NONE',  ( -57.00000000000000000, -5.000000000000000000, -104.8000000000000114 ) ) ;
#1933 = CARTESIAN_POINT ( 'NONE',  ( -56.00255565676672376, 20.45279708094436799, -127.7907941182489253 ) ) ;
#1934 = VERTEX_POINT ( 'NONE', #632 ) ;
#1935 = CARTESIAN_POINT ( 'NONE',  ( -58.00000000000000000, -5.000000000000000000, -64.79999999999999716 ) ) ;
#1936 = CARTESIAN_POINT ( 'NONE',  ( -59.50000000000000000, 5.000000000000000000, -104.8000000000000114 ) ) ;
#1937 = CARTESIAN_POINT ( 'NONE',  ( -57.06869760953569681, 27.66321926710545398, -120.7271040935908104 ) ) ;
#1938 = DIRECTION ( 'NONE',  ( 0.000000000000000000, 0.9829592616352937906, -0.1838235294117650798 ) ) ;
#1939 = DIRECTION ( 'NONE',  ( 0.000000000000000000, -1.000000000000000000, 0.000000000000000000 ) ) ;
#1940 = CARTESIAN_POINT ( 'NONE',  ( -57.53155569127130065, -21.15412585712304860, -126.8394092052589883 ) ) ;
#1941 = CARTESIAN_POINT ( 'NONE',  ( -59.50000000000000000, -32.20000000000000284, -104.8000000000000114 ) ) ;
#1942 = CARTESIAN_POINT ( 'NONE',  ( -55.98401963689049410, 13.82861312450883950, -131.3842303387839934 ) ) ;
#1943 = CARTESIAN_POINT ( 'NONE',  ( -56.04123834617799815, 15.94117876753320040, -130.2507789640905855 ) ) ;
#1944 = CARTESIAN_POINT ( 'NONE',  ( -59.53681596336358695, 29.21399837162783797, -117.2922124826430093 ) ) ;
#1945 = ORIENTED_EDGE ( 'NONE', *, *, #3291, .T. ) ;
#1946 = CARTESIAN_POINT ( 'NONE',  ( -56.99999633380131314, -27.38718352996843208, -121.1126948662626575 ) ) ;
#1947 = CARTESIAN_POINT ( 'NONE',  ( -59.99410885095872459, 32.27665914951629134, -100.8763477253111063 ) ) ;
#1948 = CARTESIAN_POINT ( 'NONE',  ( -58.63838505490700470, 28.03951044077479793, -120.2614383469639989 ) ) ;
#1949 = CARTESIAN_POINT ( 'NONE',  ( -55.38370686537332688, 15.76877400281046349, -130.3214131109587015 ) ) ;
#1950 = EDGE_LOOP ( 'NONE', ( #242, #660, #134, #594, #3308, #219 ) ) ;
#1951 = VECTOR ( 'NONE', #711, 1000.000000000000000 ) ;
#1952 = CARTESIAN_POINT ( 'NONE',  ( -55.94734398902400585, -23.04860055404019903, -125.9559530951062101 ) ) ;
#1953 = CARTESIAN_POINT ( 'NONE',  ( -58.85901088780173041, -26.58745361480101721, -121.4521479707601372 ) ) ;
#1954 = CARTESIAN_POINT ( 'NONE',  ( -55.69751240959620020, 23.24726576614434848, -125.1326598418681897 ) ) ;
#1955 = CARTESIAN_POINT ( 'NONE',  ( -55.27225955221659603, 23.46646073303844915, -123.7289291135087979 ) ) ;
#1956 = CARTESIAN_POINT ( 'NONE',  ( -59.12114810019979672, -27.59225612932900162, -120.0373933687224053 ) ) ;
#1957 = CARTESIAN_POINT ( 'NONE',  ( -56.35821686577769896, -24.76930140506939892, -124.2026988317479947 ) ) ;
#1958 = CARTESIAN_POINT ( 'NONE',  ( -54.19276581963659822, -14.38169789354511963, -130.4707730808692077 ) ) ;
#1959 = CARTESIAN_POINT ( 'NONE',  ( -55.48725646414139590, -11.37464688577586180, -131.7684570385769973 ) ) ;
#1960 = CARTESIAN_POINT ( 'NONE',  ( -53.24065034089895931, 10.57125958379336872, -130.1576471625500915 ) ) ;
#1961 = ORIENTED_EDGE ( 'NONE', *, *, #1111, .T. ) ;
#1962 = CARTESIAN_POINT ( 'NONE',  ( -58.14364742575847345, 26.09193196338918952, -122.7560849470570048 ) ) ;
#1963 = CARTESIAN_POINT ( 'NONE',  ( -56.30239384318790030, 14.29310271073696370, -130.5377136997692560 ) ) ;
#1964 = CARTESIAN_POINT ( 'NONE',  ( -56.40290513119089155, 15.01407035068285012, -130.2630970198709974 ) ) ;
#1965 = CARTESIAN_POINT ( 'NONE',  ( -56.04307612941001793, 20.75278193752761879, -127.5850375943599602 ) ) ;
#1966 = ORIENTED_EDGE ( 'NONE', *, *, #1871, .T. ) ;
#1967 = EDGE_CURVE ( 'NONE', #2116, #1778, #3234, .T. ) ;
#1968 = B_SPLINE_CURVE_WITH_KNOTS ( 'NONE', 3,
 ( #1554, #1280, #2812, #267, #525, #1031 ),
 .UNSPECIFIED., .F., .F.,
 ( 4, 2, 4 ),
 ( 0.000000000000000000, 0.005991242071057254620, 0.01198248414211450924 ),
 .UNSPECIFIED. ) ;
#1969 = CARTESIAN_POINT ( 'NONE',  ( -59.99497227295282897, 24.51206093742174019, -45.74816312636187376 ) ) ;
#1970 = CARTESIAN_POINT ( 'NONE',  ( -57.50285228906027868, -21.02499381122806810, -126.9376058830964666 ) ) ;
#1971 = CARTESIAN_POINT ( 'NONE',  ( -55.75328160025429725, 22.97012671330974953, -125.6691093958733916 ) ) ;
#1972 = CARTESIAN_POINT ( 'NONE',  ( -55.64258964260909579, 25.06949639820435038, -122.1670963765530047 ) ) ;
#1973 = CARTESIAN_POINT ( 'NONE',  ( -57.98422348533009796, -24.18412971573370029, -125.2593706552690094 ) ) ;
#1974 = CARTESIAN_POINT ( 'NONE',  ( -60.02454253623329805, 5.000000000000000000, -37.10000000000000142 ) ) ;
#1975 = CARTESIAN_POINT ( 'NONE',  ( -55.12271994177080359, -19.95604125086835268, -127.8499413432421790 ) ) ;
#1976 = CARTESIAN_POINT ( 'NONE',  ( -55.83243953466267584, -11.34638466638011955, -131.7749816688082376 ) ) ;
#1977 = CARTESIAN_POINT ( 'NONE',  ( -58.19821413918587893, 24.00097533360327873, -124.4094503174437421 ) ) ;
#1978 = VERTEX_POINT ( 'NONE', #870 ) ;
#1979 = CARTESIAN_POINT ( 'NONE',  ( -59.39771939555045321, 31.30948676200875269, -113.4862592141835478 ) ) ;
#1980 = CARTESIAN_POINT ( 'NONE',  ( -56.97338991509933237, 21.07033648137758775, -127.3623194067954927 ) ) ;
#1981 = CARTESIAN_POINT ( 'NONE',  ( -59.53038802007469599, 29.19277294463525152, -117.3005984440829934 ) ) ;
#1982 = ORIENTED_EDGE ( 'NONE', *, *, #1366, .F. ) ;
#1983 = EDGE_CURVE ( 'NONE', #2247, #1392, #2023, .T. ) ;
#1984 = CARTESIAN_POINT ( 'NONE',  ( -56.60679636053099273, -28.94712893605240112, -116.5083734775622162 ) ) ;
#1985 = CARTESIAN_POINT ( 'NONE',  ( -60.00000000000000000, 29.25000000000000000, -100.5499999999999972 ) ) ;
#1986 = CARTESIAN_POINT ( 'NONE',  ( -55.72237333872200082, -23.10668497025559986, -125.3974684556555843 ) ) ;
#1987 = CARTESIAN_POINT ( 'NONE',  ( -55.95201179693749793, 26.36762717695859948, -120.6804803875290020 ) ) ;
#1988 = CARTESIAN_POINT ( 'NONE',  ( -57.00000000000000000, -32.54995462791185190, -109.7999999999999972 ) ) ;
#1989 = CARTESIAN_POINT ( 'NONE',  ( -59.99985955636341828, 23.63897231559538881, -44.97055415936127787 ) ) ;
#1990 = B_SPLINE_CURVE_WITH_KNOTS ( 'NONE', 3,
 ( #2522, #1786, #1751, #2051, #2788, #2738, #1477, #3257, #499, #2001, #3004, #1529, #243, #1272, #2722, #209, #3274, #1238, #173, #716 ),
 .UNSPECIFIED., .F., .F.,
 ( 4, 2, 2, 1, 1, 1, 1, 2, 2, 2, 2, 4 ),
 ( 0.000000000000000000, 0.1249999999991160959, 0.1874999999986697585, 0.2187499999984440779, 0.2343749999983394949, 0.2421874999982858156, 0.2460937499982498167, 0.2480468749982475685, 0.2499999999982452925, 0.3749999999985372257, 0.4999999999988291588, 1.000000000000000000 ),
 .UNSPECIFIED. ) ;
#1991 = CARTESIAN_POINT ( 'NONE',  ( -55.08653343669459446, 24.19031499970689936, -124.4805112635926037 ) ) ;
#1992 = CARTESIAN_POINT ( 'NONE',  ( -60.02454253623329805, -5.000000000000000000, -104.8000000000000114 ) ) ;
#1993 = VERTEX_POINT ( 'NONE', #1762 ) ;
#1994 = EDGE_LOOP ( 'NONE', ( #987, #3014, #237, #1896 ) ) ;
#1995 = LINE ( 'NONE', #2999, #1951 ) ;
#1996 = CARTESIAN_POINT ( 'NONE',  ( -56.76764387856771066, 20.07043093906133535, -128.0447397215212106 ) ) ;
#1997 = CARTESIAN_POINT ( 'NONE',  ( -58.36638196726249816, 24.67134176303330051, -123.7173280478633899 ) ) ;
#1998 = CARTESIAN_POINT ( 'NONE',  ( -59.50000000000000000, 5.000000000000000000, -64.79999999999999716 ) ) ;
#1999 = ORIENTED_EDGE ( 'NONE', *, *, #1338, .T. ) ;
#2000 = B_SPLINE_CURVE_WITH_KNOTS ( 'NONE', 3,
 ( #2975, #1430, #195, #1754, #1240, #718, #974, #701, #3190, #2199, #467, #2491 ),
 .UNSPECIFIED., .F., .F.,
 ( 4, 2, 2, 2, 2, 4 ),
 ( 0.000000000000000000, 0.0001842952757665745163, 0.0003685905515331490325, 0.0007371811030662755136, 0.001474362206132518935, 0.002948724412265053482 ),
 .UNSPECIFIED. ) ;
#2001 = CARTESIAN_POINT ( 'NONE',  ( -56.33329545244835401, 24.73336468862893156, -124.2053802975489134 ) ) ;
#2002 = CARTESIAN_POINT ( 'NONE',  ( -58.61904939024016414, -25.66090807091488557, -122.6042448765477815 ) ) ;
#2003 = CARTESIAN_POINT ( 'NONE',  ( -58.00000000000000000, 32.70000000000000284, -104.8000000000000114 ) ) ;
#2004 = CARTESIAN_POINT ( 'NONE',  ( -56.07780936834569729, 26.89063894711294722, -120.0143050370512015 ) ) ;
#2005 = CARTESIAN_POINT ( 'NONE',  ( -55.41660400998959801, -6.653213993968299711, -132.8000000000000114 ) ) ;
#2006 = CARTESIAN_POINT ( 'NONE',  ( -59.99185000872102336, 24.32835167945343713, -45.53403918687733665 ) ) ;
#2007 = CARTESIAN_POINT ( 'NONE',  ( -54.66547100767289891, 22.33410850434375305, -125.9538594078133968 ) ) ;
#2008 = CARTESIAN_POINT ( 'NONE',  ( -55.95353593016059790, -11.25958105752333971, -131.4621799514490021 ) ) ;
#2009 = VERTEX_POINT ( 'NONE', #2640 ) ;
#2010 = CARTESIAN_POINT ( 'NONE',  ( -58.14876404853836789, 26.11234856453607023, -122.7320839398223455 ) ) ;
#2011 = CARTESIAN_POINT ( 'NONE',  ( -59.99271896399818615, -32.28536043827426028, -100.3360100673305624 ) ) ;
#2012 = CARTESIAN_POINT ( 'NONE',  ( -57.94950216658070019, 22.97311713951194889, -125.3604519030254210 ) ) ;
#2013 = CARTESIAN_POINT ( 'NONE',  ( -57.00000000000000000, -29.06081967580761116, -117.4811161618040671 ) ) ;
#2014 = ORIENTED_EDGE ( 'NONE', *, *, #1326, .T. ) ;
#2015 = ADVANCED_FACE ( 'NONE', ( #122 ), #850, .T. ) ;
#2016 = CARTESIAN_POINT ( 'NONE',  ( -56.24760580642100649, -27.48835549847790105, -119.0348915388910029 ) ) ;
#2017 = CIRCLE ( 'NONE', #2336, 2.000000000000001776 ) ;
#2018 = CARTESIAN_POINT ( 'NONE',  ( -57.06159432525829800, -27.63467137237825000, -120.7675994498471965 ) ) ;
#2019 = CARTESIAN_POINT ( 'NONE',  ( -55.70648627730349745, 24.66874455028554891, -122.9919503250315955 ) ) ;
#2020 = CARTESIAN_POINT ( 'NONE',  ( -53.79685233593379934, 10.65001349413094012, -131.4782975706447985 ) ) ;
#2021 = DIRECTION ( 'NONE',  ( 0.000000000000000000, 0.000000000000000000, 1.000000000000000000 ) ) ;
#2022 = CARTESIAN_POINT ( 'NONE',  ( -56.67276483574819679, -29.22990503186469979, -115.9276660816634035 ) ) ;
#2023 = CIRCLE ( 'NONE', #1701, 27.70000000000000284 ) ;
#2024 = CARTESIAN_POINT ( 'NONE',  ( -53.09320343252279173, 13.04458424130752014, -130.5402569765864200 ) ) ;
#2025 = CARTESIAN_POINT ( 'NONE',  ( -55.42103606743989985, -10.59310205157036044, -131.9412469507650201 ) ) ;
#2026 = CARTESIAN_POINT ( 'NONE',  ( -57.36312206220659249, -22.84625915967253462, -125.9850448338967794 ) ) ;
#2027 = ADVANCED_FACE ( 'NONE', ( #2298, #2773 ), #1220, .F. ) ;
#2028 = ORIENTED_EDGE ( 'NONE', *, *, #928, .T. ) ;
#2029 = EDGE_CURVE ( 'NONE', #268, #2116, #2987, .T. ) ;
#2030 = CARTESIAN_POINT ( 'NONE',  ( -57.84066779387904944, 24.86820458875680018, -124.1038934777170653 ) ) ;
#2031 = CARTESIAN_POINT ( 'NONE',  ( -56.89792376300162147, 20.70856444937304985, -127.6152018303589557 ) ) ;
#2032 = CARTESIAN_POINT ( 'NONE',  ( -56.09275004696735323, -21.12500825098510404, -127.3227887799839806 ) ) ;
#2033 = CARTESIAN_POINT ( 'NONE',  ( -55.94013561903074816, -15.24693942414171488, -130.5373153850295296 ) ) ;
#2034 = ORIENTED_EDGE ( 'NONE', *, *, #843, .T. ) ;
#2035 = CARTESIAN_POINT ( 'NONE',  ( -57.00000000000000000, 5.000000000000000000, -38.10000000000000142 ) ) ;
#2036 = CARTESIAN_POINT ( 'NONE',  ( -57.55853504364979756, -29.66980027463169733, -117.3973223478287906 ) ) ;
#2037 = CARTESIAN_POINT ( 'NONE',  ( -55.67003209036609945, 24.27876112801780195, -123.5167771353263930 ) ) ;
#2038 = CARTESIAN_POINT ( 'NONE',  ( -56.98915982525459611, 30.95508043867270231, -111.0749433939026005 ) ) ;
#2039 = CARTESIAN_POINT ( 'NONE',  ( -60.00000000000000000, -23.58543518130960237, -44.93994966971840199 ) ) ;
#2040 = ADVANCED_FACE ( 'NONE', ( #3022, #3040 ), #1865, .F. ) ;
#2041 = CARTESIAN_POINT ( 'NONE',  ( -56.74288755123679806, -26.89699696686065167, -121.8373198985439956 ) ) ;
#2042 = CARTESIAN_POINT ( 'NONE',  ( -58.00000000000000000, -5.000000000000000000, -64.79999999999999716 ) ) ;
#2043 = B_SPLINE_CURVE_WITH_KNOTS ( 'NONE', 3,
 ( #545, #1067, #2588, #1320, #2343, #762, #2098, #1526, #1543, #1592, #1004, #273 ),
 .UNSPECIFIED., .F., .F.,
 ( 4, 2, 2, 2, 2, 4 ),
 ( 0.000000000000000000, 0.0001842839218792300554, 0.0003685678437584601107, 0.0007371356875169102468, 0.001474271375033770620, 0.002948542750067529531 ),
 .UNSPECIFIED. ) ;
#2044 = FACE_OUTER_BOUND ( 'NONE', #2955, .T. ) ;
#2045 = ORIENTED_EDGE ( 'NONE', *, *, #1967, .F. ) ;
#2046 = CARTESIAN_POINT ( 'NONE',  ( -55.74808744022440266, 25.51467774814599920, -121.6806879749068031 ) ) ;
#2047 = CARTESIAN_POINT ( 'NONE',  ( -55.74382624588719182, 13.75629009947189374, -131.0802594999030077 ) ) ;
#2048 = CARTESIAN_POINT ( 'NONE',  ( -55.72291125747972984, -18.41074143197474200, -129.0415680328406154 ) ) ;
#2049 = DIRECTION ( 'NONE',  ( 1.000000000000000000, 0.000000000000000000, 0.000000000000000000 ) ) ;
#2050 = ORIENTED_EDGE ( 'NONE', *, *, #2677, .F. ) ;
#2051 = CARTESIAN_POINT ( 'NONE',  ( -56.37216473138136763, 24.87839372069542421, -124.0656300482764607 ) ) ;
#2052 =( LENGTH_UNIT ( ) NAMED_UNIT ( * ) SI_UNIT ( .MILLI., .METRE. ) );
#2053 = CARTESIAN_POINT ( 'NONE',  ( -56.30453322470161481, -14.30612760397165317, -130.5316775356567121 ) ) ;
#2054 = CARTESIAN_POINT ( 'NONE',  ( -57.42738788739160327, 29.11915621341039895, -118.4229775605859913 ) ) ;
#2055 = CARTESIAN_POINT ( 'NONE',  ( -58.00000000000000000, 32.20996641490144441, -109.9872659176040059 ) ) ;
#2056 = VECTOR ( 'NONE', #1832, 1000.000000000000000 ) ;
#2057 = EDGE_CURVE ( 'NONE', #1570, #2145, #1990, .T. ) ;
#2058 = AXIS2_PLACEMENT_3D ( 'NONE', #2421, #473, #393 ) ;
#2059 = CARTESIAN_POINT ( 'NONE',  ( -53.29879907243680037, -11.27964645225921991, -130.0049314811915906 ) ) ;
#2060 = DIRECTION ( 'NONE',  ( 0.000000000000000000, 0.000000000000000000, 1.000000000000000000 ) ) ;
#2061 = CARTESIAN_POINT ( 'NONE',  ( -55.49733777173899796, 24.51078272416765103, -122.8102037415131917 ) ) ;
#2062 = DIRECTION ( 'NONE',  ( 0.000000000000000000, -1.786700209339407863E-15, 1.000000000000000000 ) ) ;
#2063 = DIRECTION ( 'NONE',  ( -1.000000000000000000, 0.000000000000000000, 0.000000000000000000 ) ) ;
#2064 = UNCERTAINTY_MEASURE_WITH_UNIT (LENGTH_MEASURE( 1.000000000000000082E-05 ), #1401, 'distance_accuracy_value', 'NONE');
#2065 = CARTESIAN_POINT ( 'NONE',  ( -56.21038396521440461, 27.34110687964849973, -119.2554888447834003 ) ) ;
#2066 = CARTESIAN_POINT ( 'NONE',  ( -55.20335134754050443, 5.000000000000000000, -132.5000000000000000 ) ) ;
#2067 = CARTESIAN_POINT ( 'NONE',  ( -55.82905845321502625, -14.42845924625395426, -130.8460116414027539 ) ) ;
#2068 = EDGE_LOOP ( 'NONE', ( #1539, #531, #1676, #2331 ) ) ;
#2069 = CARTESIAN_POINT ( 'NONE',  ( -53.02428247405529049, -5.000000000000000000, -130.7147189345587890 ) ) ;
#2070 = EDGE_CURVE ( 'NONE', #319, #1096, #1668, .T. ) ;
#2071 = ADVANCED_FACE ( 'NONE', ( #514 ), #2607, .T. ) ;
#2072 = EDGE_CURVE ( 'NONE', #2145, #306, #2309, .T. ) ;
#2073 = CARTESIAN_POINT ( 'NONE',  ( -55.85405080965588098, -10.02328032187456053, -131.7164075185505681 ) ) ;
#2074 = CARTESIAN_POINT ( 'NONE',  ( -56.22126769058559859, 24.19577038054189799, -124.7870823855620017 ) ) ;
#2075 = CARTESIAN_POINT ( 'NONE',  ( -57.77067037056132648, 30.61621655340439219, -115.3528731822425470 ) ) ;
#2076 = CIRCLE ( 'NONE', #1586, 0.5000000000000004441 ) ;
#2077 = CARTESIAN_POINT ( 'NONE',  ( -54.51985083015090083, -19.88524221093934941, -126.4316043203616005 ) ) ;
#2078 = CARTESIAN_POINT ( 'NONE',  ( -59.98417574905550254, -31.40740732321895123, -111.3798397234264002 ) ) ;
#2079 = CARTESIAN_POINT ( 'NONE',  ( -57.59990035977209999, 29.84403514358965026, -117.0689676402985953 ) ) ;
#2080 = ORIENTED_EDGE ( 'NONE', *, *, #1170, .F. ) ;
#2081 = CARTESIAN_POINT ( 'NONE',  ( -56.22948621169489769, 27.41676084682504921, -119.1412486935510060 ) ) ;
#2082 = CARTESIAN_POINT ( 'NONE',  ( -60.00000000000000000, -23.58543518130960237, -44.93994966971840199 ) ) ;
#2083 = CARTESIAN_POINT ( 'NONE',  ( -55.65582127913737764, 9.022187338948704394, -132.2179682536954601 ) ) ;
#2084 = CARTESIAN_POINT ( 'NONE',  ( -55.74409300544992618, -13.75849157381958143, -131.0795343051059376 ) ) ;
#2085 = VERTEX_POINT ( 'NONE', #1305 ) ;
#2086 = DIRECTION ( 'NONE',  ( 0.000000000000000000, 0.000000000000000000, 1.000000000000000000 ) ) ;
#2087 = EDGE_CURVE ( 'NONE', #2639, #1458, #946, .T. ) ;
#2088 = CARTESIAN_POINT ( 'NONE',  ( -57.30605820401739692, -28.62163775927459852, -119.2678615702246105 ) ) ;
#2089 = ORIENTED_EDGE ( 'NONE', *, *, #229, .F. ) ;
#2090 = CARTESIAN_POINT ( 'NONE',  ( -53.17062548817319367, 9.585758749150830482, -130.3398833332599906 ) ) ;
#2091 = CARTESIAN_POINT ( 'NONE',  ( -57.09752484911666670, 27.77911724134724736, -120.5608044548442166 ) ) ;
#2092 = CARTESIAN_POINT ( 'NONE',  ( -54.29278604205180159, -18.66583340298650029, -127.1584375507223967 ) ) ;
#2093 = CARTESIAN_POINT ( 'NONE',  ( -58.39358556634250164, -27.08270521783289908, -121.5417348307144039 ) ) ;
#2094 = CARTESIAN_POINT ( 'NONE',  ( -57.36521635506439765, 28.86316321333415047, -118.8665711794102009 ) ) ;
#2095 = ORIENTED_EDGE ( 'NONE', *, *, #635, .F. ) ;
#2096 = DIRECTION ( 'NONE',  ( 0.000000000000000000, 0.000000000000000000, 1.000000000000000000 ) ) ;
#2097 = CARTESIAN_POINT ( 'NONE',  ( -59.99883264996832111, -24.66044996421063118, -45.95242461749566587 ) ) ;
#2098 = CARTESIAN_POINT ( 'NONE',  ( -57.00000000000002842, -19.15811327159457989, -128.3971899888509256 ) ) ;
#2099 = CARTESIAN_POINT ( 'NONE',  ( -56.40307216744140817, -24.99471159565709399, -123.9567321735832479 ) ) ;
#2100 = ORIENTED_EDGE ( 'NONE', *, *, #244, .F. ) ;
#2101 = CARTESIAN_POINT ( 'NONE',  ( -54.48202033593630489, -19.70622719738214457, -126.5618802883470835 ) ) ;
#2102 = EDGE_CURVE ( 'NONE', #1778, #2818, #3074, .T. ) ;
#2103 = CARTESIAN_POINT ( 'NONE',  ( -58.84878219822810763, -28.88272828613270349, -118.8323237419893132 ) ) ;
#2104 = CARTESIAN_POINT ( 'NONE',  ( -56.60679862943249674, 28.94713856801415020, -116.5083541962866036 ) ) ;
#2105 = CARTESIAN_POINT ( 'NONE',  ( -57.56850053425151259, 29.71242156533698164, -117.3134506173255005 ) ) ;
#2106 = CARTESIAN_POINT ( 'NONE',  ( -54.42796605022290635, -19.40088881532444987, -126.7293330755324092 ) ) ;
#2107 = CARTESIAN_POINT ( 'NONE',  ( -59.50000000000000000, 5.000000000000000000, -104.8000000000000114 ) ) ;
#2108 = AXIS2_PLACEMENT_3D ( 'NONE', #2940, #142, #1938 ) ;
#2109 = CARTESIAN_POINT ( 'NONE',  ( -55.91744627921490007, 26.18567222909100067, -120.8686110785582031 ) ) ;
#2110 = CARTESIAN_POINT ( 'NONE',  ( -59.93113575217778077, 31.49107491272451043, -113.0545372728889078 ) ) ;
#2111 = B_SPLINE_CURVE_WITH_KNOTS ( 'NONE', 3,
 ( #119, #1503, #3301, #137, #2796, #2514, #1149, #217, #1424, #1949, #1246, #153, #3183, #903, #2275, #1441, #411, #2454, #2934, #1014, #2437, #1933, #1965, #681, #2971, #2194, #1182, #3282, #1761, #2211, #3202, #999, #3033, #741, #3219, #1519, #2530 ),
 .UNSPECIFIED., .F., .F.,
 ( 4, 2, 2, 2, 1, 1, 1, 1, 1, 2, 2, 2, 2, 1, 1, 1, 1, 1, 1, 2, 2, 2, 2, 4 ),
 ( 0.000000000000000000, 0.2499999999999344413, 0.3749999999999020783, 0.4374999999998865907, 0.4687499999998795963, 0.4843749999998752664, 0.4921874999998728240, 0.4960937499998707700, 0.4980468749998706035, 0.4990234374998707700, 0.4999999999998708811, 0.6249999999999105160, 0.6874999999999301670, 0.7187499999999391598, 0.7343749999999450440, 0.7421874999999480416, 0.7460937499999495959, 0.7480468749999518163, 0.7490234374999532596, 0.7495117187499539257, 0.7499999999999544809, 0.8124999999999664713, 0.8749999999999783507, 1.000000000000000000 ),
 .UNSPECIFIED. ) ;
#2112 = AXIS2_PLACEMENT_3D ( 'NONE', #1889, #108, #91 ) ;
#2113 = DIRECTION ( 'NONE',  ( 0.000000000000000000, -1.000000000000000000, 0.000000000000000000 ) ) ;
#2114 = CARTESIAN_POINT ( 'NONE',  ( -59.99714250463030396, -32.25538106742148159, -100.0306800986959388 ) ) ;
#2115 = FACE_OUTER_BOUND ( 'NONE', #2315, .T. ) ;
#2116 = VERTEX_POINT ( 'NONE', #532 ) ;
#2117 = CARTESIAN_POINT ( 'NONE',  ( -53.27906896742355514, -11.04805847622908210, -130.0568906431075789 ) ) ;
#2118 = CARTESIAN_POINT ( 'NONE',  ( -58.00000000000000000, -32.20996641490165047, -109.9872659176030112 ) ) ;
#2119 = CARTESIAN_POINT ( 'NONE',  ( -56.26765342489485278, -27.56822838732674441, -118.9085093813186802 ) ) ;
#2120 = CARTESIAN_POINT ( 'NONE',  ( -53.18458022264410090, -13.82667141316729875, -130.3056375867937788 ) ) ;
#2121 = CARTESIAN_POINT ( 'NONE',  ( -55.65985123752449937, -24.16970191838544935, -123.6601838163304024 ) ) ;
#2122 = CARTESIAN_POINT ( 'NONE',  ( -55.74438109376920636, 22.83869822978629927, -125.8322045854343969 ) ) ;
#2123 = AXIS2_PLACEMENT_3D ( 'NONE', #1998, #191, #1360 ) ;
#2124 = CARTESIAN_POINT ( 'NONE',  ( -56.78782175796679610, 29.75069797985375075, -114.7491227823170021 ) ) ;
#2125 = PRESENTATION_STYLE_ASSIGNMENT (( #1123 ) ) ;
#2126 = CARTESIAN_POINT ( 'NONE',  ( -59.99154713282428020, -24.24460338068616494, -45.44866908442137543 ) ) ;
#2127 = CARTESIAN_POINT ( 'NONE',  ( -56.99999979253438198, -27.38719742624342146, -121.1126757952932280 ) ) ;
#2128 = ORIENTED_EDGE ( 'NONE', *, *, #3272, .F. ) ;
#2129 = CARTESIAN_POINT ( 'NONE',  ( -53.59425209980781091, -14.07854188225514847, -129.2076737510251974 ) ) ;
#2130 = CARTESIAN_POINT ( 'NONE',  ( -55.92239358142204253, -10.89355656722976029, -131.5417004300889801 ) ) ;
#2131 = CARTESIAN_POINT ( 'NONE',  ( -57.92946728571489956, -31.46747590741944833, -112.9820549769960110 ) ) ;
#2132 = ORIENTED_EDGE ( 'NONE', *, *, #3251, .T. ) ;
#2133 = CARTESIAN_POINT ( 'NONE',  ( -56.70533516548410802, -29.37481416281332613, -115.6103420732536620 ) ) ;
#2134 = CARTESIAN_POINT ( 'NONE',  ( -59.50000000000000000, -5.000000000000000000, -37.10000000000000142 ) ) ;
#2135 = CARTESIAN_POINT ( 'NONE',  ( -60.00000000000000000, -5.000000000000000000, -37.60000000000000142 ) ) ;
#2136 = CARTESIAN_POINT ( 'NONE',  ( -56.31785209631290456, 25.22628467251005091, -123.6938180781129972 ) ) ;
#2137 = CARTESIAN_POINT ( 'NONE',  ( -56.20273859022869800, -27.31070746037945085, -119.3039276861915994 ) ) ;
#2138 = FILL_AREA_STYLE_COLOUR ( '', #3055 ) ;
#2139 = CARTESIAN_POINT ( 'NONE',  ( -56.86865515903129875, 17.87041805661139904, -128.9344028166775900 ) ) ;
#2140 = CARTESIAN_POINT ( 'NONE',  ( -56.32650455236515086, -24.70812866338508940, -124.2295022453349560 ) ) ;
#2141 = ORIENTED_EDGE ( 'NONE', *, *, #2374, .T. ) ;
#2142 = CARTESIAN_POINT ( 'NONE',  ( -55.64592503650690247, -12.92341584692254131, -131.3456558586159986 ) ) ;
#2143 = CARTESIAN_POINT ( 'NONE',  ( -55.20335134754050443, 58.50000000000000000, -132.0000000000000000 ) ) ;
#2144 = CARTESIAN_POINT ( 'NONE',  ( -57.95214284226319990, -31.62650307831055230, -112.4396774130229915 ) ) ;
#2145 = VERTEX_POINT ( 'NONE', #279 ) ;
#2146 = CARTESIAN_POINT ( 'NONE',  ( -56.79506811341170192, -26.56344829448470080, -122.1999706230686087 ) ) ;
#2147 = CARTESIAN_POINT ( 'NONE',  ( -55.39172564577520319, -21.25634112957892086, -127.0110378231017734 ) ) ;
#2148 = PLANE ( 'NONE',  #2487 ) ;
#2149 = CARTESIAN_POINT ( 'NONE',  ( -56.15831458811369714, -27.22529252713830061, -119.5619894008939923 ) ) ;
#2150 = CARTESIAN_POINT ( 'NONE',  ( -56.00630890915910243, 23.95263930082744608, -124.8935790306852027 ) ) ;
#2151 = CARTESIAN_POINT ( 'NONE',  ( -56.64747227940589624, -19.47035149226009665, -128.4331900987850190 ) ) ;
#2152 = FACE_OUTER_BOUND ( 'NONE', #336, .T. ) ;
#2153 = CARTESIAN_POINT ( 'NONE',  ( -59.98358270335650388, 32.22032923564579932, -111.4130342100083908 ) ) ;
#2154 = CARTESIAN_POINT ( 'NONE',  ( -57.25427863528570072, 19.89538582421840118, -127.7617599623163898 ) ) ;
#2155 = CARTESIAN_POINT ( 'NONE',  ( -55.47621997702515273, -16.52425212413100297, -129.9895458711629601 ) ) ;
#2156 = DIRECTION ( 'NONE',  ( 0.000000000000000000, 0.000000000000000000, 1.000000000000000000 ) ) ;
#2157 = ORIENTED_EDGE ( 'NONE', *, *, #2159, .F. ) ;
#2158 = DIRECTION ( 'NONE',  ( 1.000000000000000000, 0.000000000000000000, 0.000000000000000000 ) ) ;
#2159 = EDGE_CURVE ( 'NONE', #2085, #937, #132, .T. ) ;
#2160 = CARTESIAN_POINT ( 'NONE',  ( -55.66724505634339693, 5.000000000000000000, -132.1865546218488134 ) ) ;
#2161 = CARTESIAN_POINT ( 'NONE',  ( -58.95391317336109438, -29.30687495097432560, -118.0918103705914461 ) ) ;
#2162 = VERTEX_POINT ( 'NONE', #3088 ) ;
#2163 = CARTESIAN_POINT ( 'NONE',  ( -58.00000000000000000, 5.000000000000000000, -64.79999999999999716 ) ) ;
#2164 = CARTESIAN_POINT ( 'NONE',  ( -57.04077021703943018, -18.77401258626512615, -128.4109532630848207 ) ) ;
#2165 = CARTESIAN_POINT ( 'NONE',  ( -57.04229013024476558, 27.55713002780636955, -120.8775790235626175 ) ) ;
#2166 = EDGE_CURVE ( 'NONE', #1934, #1732, #1579, .T. ) ;
#2167 = CARTESIAN_POINT ( 'NONE',  ( -55.72370217270650272, -24.89953174625970078, -122.6597167904536008 ) ) ;
#2168 = CARTESIAN_POINT ( 'NONE',  ( -58.00000000000000000, 5.000000000000000000, -104.8000000000000114 ) ) ;
#2169 = FACE_OUTER_BOUND ( 'NONE', #1588, .T. ) ;
#2170 = CARTESIAN_POINT ( 'NONE',  ( -57.98896957989030199, -31.92717989833334613, -111.3331692123827992 ) ) ;
#2171 = CIRCLE ( 'NONE', #3228, 2.000000000000001776 ) ;
#2172 = CARTESIAN_POINT ( 'NONE',  ( -56.77715964646039737, 20.16919806359480205, -128.0314183098610101 ) ) ;
#2173 = CARTESIAN_POINT ( 'NONE',  ( -55.04385967275862868, -12.56651284470445162, -131.4511138351238344 ) ) ;
#2174 = CARTESIAN_POINT ( 'NONE',  ( -53.44704179742390693, 12.81004636415819320, -129.6096742846189613 ) ) ;
#2175 = VERTEX_POINT ( 'NONE', #82 ) ;
#2176 = CYLINDRICAL_SURFACE ( 'NONE', #405, 2.000000000000001776 ) ;
#2177 = CARTESIAN_POINT ( 'NONE',  ( -55.37248129875857217, 9.879340310444625572, -132.0669014646771302 ) ) ;
#2178 = CARTESIAN_POINT ( 'NONE',  ( -57.72237410000752789, -24.37905149076832600, -124.5925183443404336 ) ) ;
#2179 = ORIENTED_EDGE ( 'NONE', *, *, #2405, .F. ) ;
#2180 = VECTOR ( 'NONE', #2158, 1000.000000000000000 ) ;
#2181 = CARTESIAN_POINT ( 'NONE',  ( -57.48699643303589824, -29.36725405486774676, -117.9740681778833959 ) ) ;
#2182 = CARTESIAN_POINT ( 'NONE',  ( -53.56938387632339982, -5.000000000000000000, -132.0333333333333883 ) ) ;
#2183 = CARTESIAN_POINT ( 'NONE',  ( -56.94860191617149781, -20.95233582910627490, -127.4457561861740089 ) ) ;
#2184 = CARTESIAN_POINT ( 'NONE',  ( -55.66405582206890301, -24.21858853867444950, -123.5951540994551863 ) ) ;
#2185 = DIRECTION ( 'NONE',  ( -1.000000000000000000, 0.000000000000000000, 0.000000000000000000 ) ) ;
#2186 = CARTESIAN_POINT ( 'NONE',  ( -57.88264820216519269, -25.05014832332589947, -123.9779519970952038 ) ) ;
#2187 = CARTESIAN_POINT ( 'NONE',  ( -54.98273460990299810, -22.39702652681850026, -124.9268175124125975 ) ) ;
#2188 = CARTESIAN_POINT ( 'NONE',  ( -57.10313558079609919, 20.36035875267165096, -128.2246376140205939 ) ) ;
#2189 = CARTESIAN_POINT ( 'NONE',  ( -56.27196093975160096, 17.40044453036394856, -129.5822719621387762 ) ) ;
#2190 = CARTESIAN_POINT ( 'NONE',  ( -54.76060250560952625, 21.09453400198903950, -125.6207972253119181 ) ) ;
#2191 = ORIENTED_EDGE ( 'NONE', *, *, #1384, .F. ) ;
#2192 = CARTESIAN_POINT ( 'NONE',  ( -55.83243953466267584, -11.34638466638011955, -131.7749816688082376 ) ) ;
#2193 = CARTESIAN_POINT ( 'NONE',  ( -59.99154802623004912, 32.29154540642158366, -100.5419005079414490 ) ) ;
#2194 = CARTESIAN_POINT ( 'NONE',  ( -56.07725701759427750, 21.00830055250950323, -127.4058525693548063 ) ) ;
#2195 = ORIENTED_EDGE ( 'NONE', *, *, #2072, .T. ) ;
#2196 = PRODUCT_RELATED_PRODUCT_CATEGORY ( 'part', '', ( #2558 ) ) ;
#2197 = DIRECTION ( 'NONE',  ( 0.000000000000000000, -0.9829592616352937906, -0.1838235294117650798 ) ) ;
#2198 = CARTESIAN_POINT ( 'NONE',  ( -58.37119723807397520, -24.69105623699337571, -123.7057501088551987 ) ) ;
#2199 = CARTESIAN_POINT ( 'NONE',  ( -56.99999999999982947, -20.38043908949482486, -127.8198651925196430 ) ) ;
#2200 = CARTESIAN_POINT ( 'NONE',  ( -53.56938387632339982, 5.000000000000000000, -132.0333333333331893 ) ) ;
#2201 = CARTESIAN_POINT ( 'NONE',  ( -59.68864299296500064, -30.34559323882810489, -116.0895251579487422 ) ) ;
#2202 = CARTESIAN_POINT ( 'NONE',  ( -57.04661774247750117, -27.57448901763610039, -120.8560201432090082 ) ) ;
#2203 = CARTESIAN_POINT ( 'NONE',  ( -57.00000000000000000, 32.54995462791185190, -109.7999999999999972 ) ) ;
#2204 = CARTESIAN_POINT ( 'NONE',  ( -59.38813062933880360, 28.62654086774550066, -118.3539516663552007 ) ) ;
#2205 = FACE_OUTER_BOUND ( 'NONE', #1659, .T. ) ;
#2206 = ORIENTED_EDGE ( 'NONE', *, *, #3291, .F. ) ;
#2207 = AXIS2_PLACEMENT_3D ( 'NONE', #1555, #2063, #2568 ) ;
#2208 = CARTESIAN_POINT ( 'NONE',  ( -57.25139347712096338, 22.35100959294025458, -126.3927933312323262 ) ) ;
#2209 = CARTESIAN_POINT ( 'NONE',  ( -59.99450954903477395, 32.27393904455567508, -100.9034326548842841 ) ) ;
#2210 = CARTESIAN_POINT ( 'NONE',  ( -55.93288092180900151, 15.19815252623514823, -130.5575081821545780 ) ) ;
#2211 = CARTESIAN_POINT ( 'NONE',  ( -56.08157651682984834, 21.04078115105388846, -127.3828111275082904 ) ) ;
#2212 = ORIENTED_EDGE ( 'NONE', *, *, #635, .T. ) ;
#2213 = AXIS2_PLACEMENT_3D ( 'NONE', #39, #1131, #101 ) ;
#2214 = CIRCLE ( 'NONE', #1191, 0.5000000000000004441 ) ;
#2215 = CARTESIAN_POINT ( 'NONE',  ( -57.78409806841720098, -30.67768428122795044, -115.2118430147485952 ) ) ;
#2216 = DIRECTION ( 'NONE',  ( -1.000000000000000000, 0.000000000000000000, 0.000000000000000000 ) ) ;
#2217 = CARTESIAN_POINT ( 'NONE',  ( -55.64718642390349856, 23.87361080044140138, -124.0807646986944093 ) ) ;
#2218 = CARTESIAN_POINT ( 'NONE',  ( -56.19752774152760111, 27.38840178743664922, -119.3337578126005951 ) ) ;
#2219 = CARTESIAN_POINT ( 'NONE',  ( -59.50000000000000000, 32.20000000000000284, -104.8000000000000114 ) ) ;
#2220 = CARTESIAN_POINT ( 'NONE',  ( -59.99273836738372268, 24.39770225051233155, -45.61106732622190663 ) ) ;
#2221 = EDGE_CURVE ( 'NONE', #900, #1732, #2636, .T. ) ;
#2222 = CARTESIAN_POINT ( 'NONE',  ( -54.05342370963810339, -13.25634243838162085, -130.8317144165415868 ) ) ;
#2223 = CARTESIAN_POINT ( 'NONE',  ( -58.30432544849603715, -25.00973335035396161, -124.0191454660715067 ) ) ;
#2224 = CARTESIAN_POINT ( 'NONE',  ( -57.08101343093147761, 18.97993611485175336, -128.2868121987879704 ) ) ;
#2225 = VERTEX_POINT ( 'NONE', #1389 ) ;
#2226 = CARTESIAN_POINT ( 'NONE',  ( -59.32081731722361440, 30.91188715048907198, -114.5911601241297859 ) ) ;
#2227 = DIRECTION ( 'NONE',  ( 1.000000000000000000, 0.000000000000000000, 0.000000000000000000 ) ) ;
#2228 = CARTESIAN_POINT ( 'NONE',  ( -56.10175947351169867, 12.80094432340504085, -131.0820171590832217 ) ) ;
#2229 = VERTEX_POINT ( 'NONE', #1421 ) ;
#2230 = CIRCLE ( 'NONE', #778, 2.000000000000001776 ) ;
#2231 = CARTESIAN_POINT ( 'NONE',  ( -56.51474367564269841, -28.56538126452564796, -117.2232564497859926 ) ) ;
#2232 = CARTESIAN_POINT ( 'NONE',  ( -59.97592648635255586, -31.32027804628292245, -111.7496078803469004 ) ) ;
#2233 = AXIS2_PLACEMENT_3D ( 'NONE', #549, #307, #1866 ) ;
#2234 = CARTESIAN_POINT ( 'NONE',  ( -55.64803726906779957, 23.95663604427834770, -123.9571795503513982 ) ) ;
#2235 = CARTESIAN_POINT ( 'NONE',  ( -55.68785433274209851, 25.26103387523090049, -121.9617626177875991 ) ) ;
#2236 = CARTESIAN_POINT ( 'NONE',  ( -55.72069610951629670, -11.47024424654417984, -132.0543366408093959 ) ) ;
#2237 = CARTESIAN_POINT ( 'NONE',  ( -56.78782051551350207, -29.75069206890960061, -114.7491372364900144 ) ) ;
#2238 = EDGE_CURVE ( 'NONE', #2531, #1645, #2709, .T. ) ;
#2239 = CARTESIAN_POINT ( 'NONE',  ( -55.43083157659239646, -21.43516308584389662, -126.8828421993032123 ) ) ;
#2240 = CARTESIAN_POINT ( 'NONE',  ( -55.66724505634339693, 5.000000000000000000, -132.1865546218488134 ) ) ;
#2241 = CARTESIAN_POINT ( 'NONE',  ( -59.81632076377523077, 30.41530569560520902, -114.5797754136631426 ) ) ;
#2242 = ORIENTED_EDGE ( 'NONE', *, *, #1804, .F. ) ;
#2243 = CARTESIAN_POINT ( 'NONE',  ( -59.50000000000000000, 32.22797154729765623, -109.8919117647059949 ) ) ;
#2244 = CARTESIAN_POINT ( 'NONE',  ( -55.20335134754050443, -5.000000000000000000, -132.5000000000000000 ) ) ;
#2245 = CARTESIAN_POINT ( 'NONE',  ( -59.38813062933880360, 28.62654086774550066, -118.3539516663552007 ) ) ;
#2246 = CYLINDRICAL_SURFACE ( 'NONE', #3172, 0.5000000000000004441 ) ;
#2247 = VERTEX_POINT ( 'NONE', #408 ) ;
#2248 = CARTESIAN_POINT ( 'NONE',  ( -45.00000000000000000, 29.25000000000000000, -100.5499999999999972 ) ) ;
#2249 = CARTESIAN_POINT ( 'NONE',  ( -57.28892676326056232, -20.01870342328196628, -127.6357870345809715 ) ) ;
#2250 = CARTESIAN_POINT ( 'NONE',  ( -55.67044005481760394, -23.44389916208849911, -124.7786099154769914 ) ) ;
#2251 = CARTESIAN_POINT ( 'NONE',  ( -54.84734775832560416, 21.51379301497954799, -125.3177063605631929 ) ) ;
#2252 = CARTESIAN_POINT ( 'NONE',  ( -57.00000000000000000, -32.40386800579385351, -110.5646891641080032 ) ) ;
#2253 = CARTESIAN_POINT ( 'NONE',  ( -59.99883256227093398, 23.73006349406155380, -45.02756407000025973 ) ) ;
#2254 = CARTESIAN_POINT ( 'NONE',  ( -55.36495535642179533, 25.32742664415815170, -123.4069627788489925 ) ) ;
#2255 = CARTESIAN_POINT ( 'NONE',  ( -56.26511580119079525, -17.40691086418464906, -129.6167997338012299 ) ) ;
#2256 = DIRECTION ( 'NONE',  ( 0.000000000000000000, 0.000000000000000000, 1.000000000000000000 ) ) ;
#2257 = ORIENTED_EDGE ( 'NONE', *, *, #673, .T. ) ;
#2258 = CARTESIAN_POINT ( 'NONE',  ( -57.00000001350717582, 21.19600365222084193, -127.2718705710349809 ) ) ;
#2259 = CARTESIAN_POINT ( 'NONE',  ( -56.84833165776791475, 20.46732276034666853, -127.7795787595291443 ) ) ;
#2260 = CARTESIAN_POINT ( 'NONE',  ( -56.39474969947170280, 18.10700662384819992, -129.2156654426512148 ) ) ;
#2261 = CARTESIAN_POINT ( 'NONE',  ( -56.35554518107309718, -17.87144689300999900, -129.3307590549533757 ) ) ;
#2262 = ORIENTED_EDGE ( 'NONE', *, *, #1983, .F. ) ;
#2263 = ADVANCED_FACE ( 'NONE', ( #2668, #99 ), #2176, .F. ) ;
#2264 = CARTESIAN_POINT ( 'NONE',  ( -56.20273859022869800, -27.31070746037945085, -119.3039276861915994 ) ) ;
#2265 = AXIS2_PLACEMENT_3D ( 'NONE', #33, #2828, #542 ) ;
#2266 = CARTESIAN_POINT ( 'NONE',  ( -59.35524074673895001, -28.49711997866829449, -118.5831845812634668 ) ) ;
#2267 = VECTOR ( 'NONE', #679, 1000.000000000000000 ) ;
#2268 = EDGE_CURVE ( 'NONE', #2813, #1392, #1626, .T. ) ;
#2269 = CARTESIAN_POINT ( 'NONE',  ( -59.99999999999999289, 32.20705844603967449, -99.80228495398758071 ) ) ;
#2270 = CARTESIAN_POINT ( 'NONE',  ( -54.65931817179339447, 20.59509261058060403, -125.9674178416945978 ) ) ;
#2271 = CARTESIAN_POINT ( 'NONE',  ( -56.54093468565329772, -29.99124855833645142, -117.1444552159875911 ) ) ;
#2272 = CARTESIAN_POINT ( 'NONE',  ( -59.99453389840280693, 24.49310347642590457, -45.72441684839088083 ) ) ;
#2273 = CARTESIAN_POINT ( 'NONE',  ( -54.30636340782370297, -15.21204697619635127, -130.1710553710826161 ) ) ;
#2274 = CARTESIAN_POINT ( 'NONE',  ( -57.12350145832839843, -19.20915381189480087, -128.1595948434660102 ) ) ;
#2275 = CARTESIAN_POINT ( 'NONE',  ( -55.42291941591170712, 16.09256097398982988, -130.1819844170536555 ) ) ;
#2276 = ORIENTED_EDGE ( 'NONE', *, *, #844, .T. ) ;
#2277 = CARTESIAN_POINT ( 'NONE',  ( -57.73871559817830246, 24.44687825568657757, -124.5258473254204432 ) ) ;
#2278 = CARTESIAN_POINT ( 'NONE',  ( -56.18412127676194245, 16.86458450564381195, -129.8418716734490772 ) ) ;
#2279 = CARTESIAN_POINT ( 'NONE',  ( -56.51217312224139988, 15.74368456594164911, -129.9593734000982010 ) ) ;
#2280 = CARTESIAN_POINT ( 'NONE',  ( -57.00000000000002842, 19.15756238297178982, -128.3974130026015530 ) ) ;
#2281 = ORIENTED_EDGE ( 'NONE', *, *, #2989, .T. ) ;
#2282 = CARTESIAN_POINT ( 'NONE',  ( -56.45711732628039670, -28.32916367256939694, -117.6494862454703991 ) ) ;
#2283 = VECTOR ( 'NONE', #2548, 1000.000000000000000 ) ;
#2284 = CARTESIAN_POINT ( 'NONE',  ( -57.33588440247550011, -28.74327241277519818, -119.0670037450213954 ) ) ;
#2285 = CARTESIAN_POINT ( 'NONE',  ( -55.67052573357729983, 24.28360785173044789, -123.5104754487524019 ) ) ;
#2286 = CARTESIAN_POINT ( 'NONE',  ( -53.28669531437400053, 11.13888829860841945, -130.0368275277772057 ) ) ;
#2287 = CARTESIAN_POINT ( 'NONE',  ( -60.00000000000000000, 24.74891882680354627, -46.09651890229250171 ) ) ;
#2288 = CARTESIAN_POINT ( 'NONE',  ( -56.81519519333659929, -27.17700967514295129, -121.4919802825486101 ) ) ;
#2289 = CARTESIAN_POINT ( 'NONE',  ( -55.66724505650929444, -6.598695318963121004, -132.1865546214359881 ) ) ;
#2290 = CARTESIAN_POINT ( 'NONE',  ( -57.31263339378657662, -22.62367218563543148, -126.1705617734041027 ) ) ;
#2291 = VERTEX_POINT ( 'NONE', #2497 ) ;
#2292 = ORIENTED_EDGE ( 'NONE', *, *, #2939, .F. ) ;
#2293 = CARTESIAN_POINT ( 'NONE',  ( -56.92318221277099610, 30.46792791312735105, -112.7700355276316060 ) ) ;
#2294 = CARTESIAN_POINT ( 'NONE',  ( -55.81368794129081579, 14.31092401276502102, -130.8884727875962710 ) ) ;
#2295 = CARTESIAN_POINT ( 'NONE',  ( -55.99263837642842390, -20.37185495498873422, -127.8573801371475014 ) ) ;
#2296 = CARTESIAN_POINT ( 'NONE',  ( -57.00000001350717582, 21.19600365222084193, -127.2718705710349809 ) ) ;
#2297 = ORIENTED_EDGE ( 'NONE', *, *, #3182, .T. ) ;
#2298 = FACE_OUTER_BOUND ( 'NONE', #1248, .T. ) ;
#2299 = FILL_AREA_STYLE ('',( #2523 ) ) ;
#2300 = CARTESIAN_POINT ( 'NONE',  ( -55.66614798961609978, 24.24041995154714968, -123.5665688157284023 ) ) ;
#2301 = CARTESIAN_POINT ( 'NONE',  ( -57.00000000000000000, 31.22765715804574782, -109.7999999999999972 ) ) ;
#2302 = CARTESIAN_POINT ( 'NONE',  ( -54.24624129178420162, -20.35164693340235331, -127.3087416074651941 ) ) ;
#2303 = CARTESIAN_POINT ( 'NONE',  ( -54.94183279798480157, -21.96148437463165237, -124.9797817753034082 ) ) ;
#2304 = CARTESIAN_POINT ( 'NONE',  ( -60.00000000000000000, -31.73649191647999501, -109.7999999999999972 ) ) ;
#2305 = CARTESIAN_POINT ( 'NONE',  ( -56.33416076387559457, 27.83328094689264987, -118.4880338970554021 ) ) ;
#2306 = CARTESIAN_POINT ( 'NONE',  ( -58.00000000000000000, -32.70000000000000284, -104.8000000000000114 ) ) ;
#2307 = ORIENTED_EDGE ( 'NONE', *, *, #2087, .F. ) ;
#2308 = ADVANCED_FACE ( 'NONE', ( #2419 ), #738, .T. ) ;
#2309 = B_SPLINE_CURVE_WITH_KNOTS ( 'NONE', 3,
 ( #6, #259, #1039, #50, #21, #1546, #2803, #1561, #1339, #2621, #766, #2557, #2867, #320 ),
 .UNSPECIFIED., .F., .F.,
 ( 4, 2, 2, 2, 2, 2, 4 ),
 ( 0.000000000000000000, 0.1249999999999999445, 0.2499999999999998890, 0.3749999999999998335, 0.4999999999999997780, 0.7499999999999998890, 1.000000000000000000 ),
 .UNSPECIFIED. ) ;
#2310 = CARTESIAN_POINT ( 'NONE',  ( -55.79293763187260424, 25.69306695817379804, -121.4702361550292125 ) ) ;
#2311 = ADVANCED_FACE ( 'NONE', ( #2169 ), #1533, .T. ) ;
#2312 = CARTESIAN_POINT ( 'NONE',  ( -56.99999979253438198, -27.38719742624342146, -121.1126757952932280 ) ) ;
#2313 = FACE_OUTER_BOUND ( 'NONE', #1830, .T. ) ;
#2314 = CARTESIAN_POINT ( 'NONE',  ( -56.18376986168877352, -16.86232530008940600, -129.8428508401472357 ) ) ;
#2315 = EDGE_LOOP ( 'NONE', ( #1845, #102, #2356, #2050, #340, #2982 ) ) ;
#2316 = CARTESIAN_POINT ( 'NONE',  ( -57.00000000000002132, 30.33888196928540637, -113.6967158377872096 ) ) ;
#2317 = CARTESIAN_POINT ( 'NONE',  ( -56.99999979253438198, -27.38719742624342146, -121.1126757952932280 ) ) ;
#2318 = AXIS2_PLACEMENT_3D ( 'NONE', #2632, #60, #587 ) ;
#2319 = CARTESIAN_POINT ( 'NONE',  ( -56.15902952691862282, -13.18068270457965063, -130.9235835870541678 ) ) ;
#2320 = CARTESIAN_POINT ( 'NONE',  ( -57.44759622631719509, 29.20292823731659837, -118.2735848174519901 ) ) ;
#2321 = CARTESIAN_POINT ( 'NONE',  ( 0.000000000000000000, 58.50000000000000000, -109.7999999999999972 ) ) ;
#2322 = CARTESIAN_POINT ( 'NONE',  ( -53.33650708372950078, -11.69972482929913937, -129.9051836270143951 ) ) ;
#2323 = CARTESIAN_POINT ( 'NONE',  ( -59.91620036975595553, -31.44956057491881296, -113.0688410492345923 ) ) ;
#2324 = CARTESIAN_POINT ( 'NONE',  ( -54.98274339304570191, 22.39706415371724901, -124.9267857201195966 ) ) ;
#2325 = EDGE_LOOP ( 'NONE', ( #2590 ) ) ;
#2326 = UNCERTAINTY_MEASURE_WITH_UNIT (LENGTH_MEASURE( 1.000000000000000082E-05 ), #2052, 'distance_accuracy_value', 'NONE');
#2327 = CARTESIAN_POINT ( 'NONE',  ( -59.50000000000000000, 32.70000000000000284, -104.8000000000000114 ) ) ;
#2328 = CARTESIAN_POINT ( 'NONE',  ( -59.19899510062399628, 30.33746345695045221, -116.0225787713230119 ) ) ;
#2329 = CARTESIAN_POINT ( 'NONE',  ( -55.77994213471230012, 8.967589709100430184, -131.9047527069807870 ) ) ;
#2330 = CARTESIAN_POINT ( 'NONE',  ( -55.39841952356972854, -10.24381557151996525, -131.9996958172782797 ) ) ;
#2331 = ORIENTED_EDGE ( 'NONE', *, *, #2221, .T. ) ;
#2332 = CARTESIAN_POINT ( 'NONE',  ( -60.00000000000000000, -5.000000000000000000, -64.79999999999999716 ) ) ;
#2333 = SURFACE_STYLE_FILL_AREA ( #2299 ) ;
#2334 = CARTESIAN_POINT ( 'NONE',  ( -57.30073202556869916, 28.59990138629790124, -119.3039119844324034 ) ) ;
#2335 = CARTESIAN_POINT ( 'NONE',  ( -57.91700237642163529, 31.39229472593859427, -113.2145317740011023 ) ) ;
#2336 = AXIS2_PLACEMENT_3D ( 'NONE', #2666, #148, #166 ) ;
#2337 = CARTESIAN_POINT ( 'NONE',  ( -53.02428044633290227, -5.579500561443209605, -130.7147185369242095 ) ) ;
#2338 = CARTESIAN_POINT ( 'NONE',  ( -58.83383904627278582, -27.04340163321093371, -121.5935034205727732 ) ) ;
#2339 = CARTESIAN_POINT ( 'NONE',  ( -57.94663749224950067, 31.57295664996480511, -112.6506900141460079 ) ) ;
#2340 = ORIENTED_EDGE ( 'NONE', *, *, #2268, .F. ) ;
#2341 = CARTESIAN_POINT ( 'NONE',  ( -56.39754708051639653, 28.08621527085080061, -118.0799339970884034 ) ) ;
#2342 = CARTESIAN_POINT ( 'NONE',  ( -58.94213498342700319, 29.25878123371024842, -118.1777340634200186 ) ) ;
#2343 = CARTESIAN_POINT ( 'NONE',  ( -57.00000000000000711, -18.86376405839532211, -128.4882723802620035 ) ) ;
#2344 = CARTESIAN_POINT ( 'NONE',  ( -58.00000000000000000, -5.000000000000000000, -104.8000000000000114 ) ) ;
#2345 = ORIENTED_EDGE ( 'NONE', *, *, #1606, .F. ) ;
#2346 = DIRECTION ( 'NONE',  ( 1.000000000000000000, 0.000000000000000000, 0.000000000000000000 ) ) ;
#2347 = CARTESIAN_POINT ( 'NONE',  ( -58.00000000000000000, 32.20996641490144441, -109.9872659176040059 ) ) ;
#2348 = CARTESIAN_POINT ( 'NONE',  ( -56.83692557184220107, 29.98875762589985072, -114.1512514895675992 ) ) ;
#2349 = CYLINDRICAL_SURFACE ( 'NONE', #1752, 27.70000000000000284 ) ;
#2350 = CARTESIAN_POINT ( 'NONE',  ( -56.52069018044689841, -26.02975851528124807, -122.8404374216272004 ) ) ;
#2351 = CARTESIAN_POINT ( 'NONE',  ( -57.99999810894919960, 32.08074351219480036, -110.6650623886583986 ) ) ;
#2352 = ORIENTED_EDGE ( 'NONE', *, *, #1573, .F. ) ;
#2353 = DIRECTION ( 'NONE',  ( 1.000000000000000000, 0.000000000000000000, 0.000000000000000000 ) ) ;
#2354 = LINE ( 'NONE', #2617, #2056 ) ;
#2355 = DIRECTION ( 'NONE',  ( 0.000000000000000000, 1.000000000000000000, 0.000000000000000000 ) ) ;
#2356 = ORIENTED_EDGE ( 'NONE', *, *, #2596, .F. ) ;
#2357 = CARTESIAN_POINT ( 'NONE',  ( -54.63968003828960462, -20.51003046457370260, -126.0433932275286963 ) ) ;
#2358 = CARTESIAN_POINT ( 'NONE',  ( -58.84153314581084970, -28.85366485486370891, -118.8816722366728129 ) ) ;
#2359 = EDGE_CURVE ( 'NONE', #172, #120, #1155, .T. ) ;
#2360 = CARTESIAN_POINT ( 'NONE',  ( -56.11046835610630268, 26.94631171610544840, -119.8343315617734106 ) ) ;
#2361 = CARTESIAN_POINT ( 'NONE',  ( -57.63247929648502321, 29.98720162885958729, -116.7669638599446387 ) ) ;
#2362 = CARTESIAN_POINT ( 'NONE',  ( -55.73451183909939743, -25.07360246284180150, -122.3991294013976017 ) ) ;
#2363 = CARTESIAN_POINT ( 'NONE',  ( -57.08971835548230445, 28.23573930589079950, -120.0734088765000109 ) ) ;
#2364 = CARTESIAN_POINT ( 'NONE',  ( -56.98915982525459611, 30.95508043867270231, -111.0749433939026005 ) ) ;
#2365 = CARTESIAN_POINT ( 'NONE',  ( -59.99757802815197749, 31.92698979904818657, -111.5013509782311729 ) ) ;
#2366 = AXIS2_PLACEMENT_3D ( 'NONE', #2974, #3275, #1428 ) ;
#2367 = CARTESIAN_POINT ( 'NONE',  ( -55.41660400998959801, 6.653106990772090334, -132.8000000000000114 ) ) ;
#2368 = CARTESIAN_POINT ( 'NONE',  ( -59.99273819307614275, -24.07298363964095600, -45.28827705181125651 ) ) ;
#2369 = CARTESIAN_POINT ( 'NONE',  ( -56.33059313040666893, -24.72330442248191673, -124.2150064671986200 ) ) ;
#2370 = ORIENTED_EDGE ( 'NONE', *, *, #278, .T. ) ;
#2371 = CARTESIAN_POINT ( 'NONE',  ( -56.99999999999998579, 30.84709944639416079, -111.7617054596513810 ) ) ;
#2372 = CARTESIAN_POINT ( 'NONE',  ( -55.66898703065730558, 24.26850322982989994, -123.5301041335210073 ) ) ;
#2373 = CARTESIAN_POINT ( 'NONE',  ( -57.96195799336469889, -31.70213974825560044, -112.1686502512699946 ) ) ;
#2374 = EDGE_CURVE ( 'NONE', #715, #1083, #213, .T. ) ;
#2375 = CARTESIAN_POINT ( 'NONE',  ( -56.99999999807984352, -18.56012292949071352, -128.5349940189886695 ) ) ;
#2376 = CARTESIAN_POINT ( 'NONE',  ( -53.56938387632339982, -5.000000000000000000, -132.0333333333333883 ) ) ;
#2377 = CARTESIAN_POINT ( 'NONE',  ( -55.72851062406120093, -24.97301535018550211, -122.5508108269594203 ) ) ;
#2378 = CARTESIAN_POINT ( 'NONE',  ( -54.42599693281960072, 16.03286887717340292, -129.8507950319919928 ) ) ;
#2379 = CARTESIAN_POINT ( 'NONE',  ( -56.06305536760719832, -26.75952551519444711, -120.0957531781085947 ) ) ;
#2380 = CARTESIAN_POINT ( 'NONE',  ( -59.69149321389080143, 30.68499727127684906, -116.0660645383733964 ) ) ;
#2381 = CARTESIAN_POINT ( 'NONE',  ( -55.54119315508062016, 5.808767794957693020, -132.4999999999335785 ) ) ;
#2382 = PLANE ( 'NONE',  #3210 ) ;
#2383 = DIRECTION ( 'NONE',  ( 1.000000000000000000, 0.000000000000000000, 0.000000000000000000 ) ) ;
#2384 = ORIENTED_EDGE ( 'NONE', *, *, #1804, .T. ) ;
#2385 = CARTESIAN_POINT ( 'NONE',  ( -56.75282394426239563, -26.39124559383860102, -122.3987114977472004 ) ) ;
#2386 = CARTESIAN_POINT ( 'NONE',  ( -59.99157238639111966, 32.29139392176774237, -100.5160413395268506 ) ) ;
#2387 = CARTESIAN_POINT ( 'NONE',  ( -58.00744703611586317, -25.54685275140822753, -123.3824695197914565 ) ) ;
#2388 = ORIENTED_EDGE ( 'NONE', *, *, #1838, .T. ) ;
#2389 = CARTESIAN_POINT ( 'NONE',  ( -56.47096752732380054, -25.24149163775019744, -123.7215753766929964 ) ) ;
#2390 = CARTESIAN_POINT ( 'NONE',  ( -55.04475927470432595, -19.58161132789491177, -128.0945473541993636 ) ) ;
#2391 = CARTESIAN_POINT ( 'NONE',  ( -53.94418216431360236, -5.000000000000000000, -132.1888888888889824 ) ) ;
#2392 = EDGE_CURVE ( 'NONE', #1352, #1978, #3278, .T. ) ;
#2393 = CARTESIAN_POINT ( 'NONE',  ( -55.66121048595060472, -23.54066440570350238, -124.6130455847470131 ) ) ;
#2394 = DIRECTION ( 'NONE',  ( 0.000000000000000000, 0.000000000000000000, 1.000000000000000000 ) ) ;
#2395 = CARTESIAN_POINT ( 'NONE',  ( -56.50177547393660404, -15.76759690206695019, -129.9961622400169858 ) ) ;
#2396 = DIRECTION ( 'NONE',  ( 0.000000000000000000, 0.000000000000000000, 1.000000000000000000 ) ) ;
#2397 = CARTESIAN_POINT ( 'NONE',  ( -56.99999999999999289, 19.15759714192282104, -128.3974006437163666 ) ) ;
#2398 = CARTESIAN_POINT ( 'NONE',  ( -58.63838505490700470, 28.03951044077479793, -120.2614383469639989 ) ) ;
#2399 = DIRECTION ( 'NONE',  ( 0.000000000000000000, 1.734723475976804876E-16, -1.000000000000000000 ) ) ;
#2400 = EDGE_LOOP ( 'NONE', ( #425, #1697, #491, #2731 ) ) ;
#2401 = CARTESIAN_POINT ( 'NONE',  ( -56.96285916873367228, -27.23796514356725851, -121.3160304976321981 ) ) ;
#2402 = CARTESIAN_POINT ( 'NONE',  ( -55.77766680803293298, 8.864568961368792799, -131.9100360639876328 ) ) ;
#2403 = CARTESIAN_POINT ( 'NONE',  ( -59.33080254924220043, -30.96160186703622585, -114.4585938288126101 ) ) ;
#2404 = ORIENTED_EDGE ( 'NONE', *, *, #1718, .T. ) ;
#2405 = EDGE_CURVE ( 'NONE', #2291, #2291, #2230, .T. ) ;
#2406 = CARTESIAN_POINT ( 'NONE',  ( -57.30072811335729455, -28.59988547061954733, -119.3039378871283986 ) ) ;
#2407 = CARTESIAN_POINT ( 'NONE',  ( -55.49733777173899796, 24.51078272416765103, -122.8102037415131917 ) ) ;
#2408 = CARTESIAN_POINT ( 'NONE',  ( -57.00000000000000000, 31.22765715804600006, -109.7999999999999972 ) ) ;
#2409 = DIRECTION ( 'NONE',  ( -0.7071067811865450192, 0.000000000000000000, 0.7071067811865500152 ) ) ;
#2410 = CARTESIAN_POINT ( 'NONE',  ( -56.21460278171669955, 24.81080118168225468, -124.1042870330823860 ) ) ;
#2411 = CARTESIAN_POINT ( 'NONE',  ( -58.83383904627278582, -27.04340163321093371, -121.5935034205727732 ) ) ;
#2412 = CARTESIAN_POINT ( 'NONE',  ( -57.50623040679459308, -29.44797981376024865, -117.8236571471332041 ) ) ;
#2413 =( NAMED_UNIT ( * ) SI_UNIT ( $, .STERADIAN. ) SOLID_ANGLE_UNIT ( ) );
#2414 = CARTESIAN_POINT ( 'NONE',  ( -55.94298703607530143, 11.28909761492854003, -131.4903284584630114 ) ) ;
#2415 = CARTESIAN_POINT ( 'NONE',  ( -54.99327900470531461, -11.97400055094347948, -131.6080376779233916 ) ) ;
#2416 = CARTESIAN_POINT ( 'NONE',  ( -58.00000000000000000, -32.70000000000000284, -64.79999999999999716 ) ) ;
#2417 = ORIENTED_EDGE ( 'NONE', *, *, #375, .T. ) ;
#2418 = TOROIDAL_SURFACE ( 'NONE', #2684, 27.19999999999999929, 0.5000000000000000000 ) ;
#2419 = FACE_OUTER_BOUND ( 'NONE', #1454, .T. ) ;
#2420 = CARTESIAN_POINT ( 'NONE',  ( -55.36338273904368634, 9.745887918803010308, -132.0904508757553231 ) ) ;
#2421 = CARTESIAN_POINT ( 'NONE',  ( -60.00000000000000000, -29.25000000000000000, -100.5499999999999972 ) ) ;
#2422 = ORIENTED_EDGE ( 'NONE', *, *, #1926, .T. ) ;
#2423 = DIRECTION ( 'NONE',  ( 0.000000000000000000, 0.000000000000000000, 1.000000000000000000 ) ) ;
#2424 = DIRECTION ( 'NONE',  ( 0.000000000000000000, 0.000000000000000000, 1.000000000000000000 ) ) ;
#2425 = FACE_OUTER_BOUND ( 'NONE', #1337, .T. ) ;
#2426 = DIRECTION ( 'NONE',  ( 0.000000000000000000, -1.000000000000000000, 0.000000000000000000 ) ) ;
#2427 = CARTESIAN_POINT ( 'NONE',  ( -54.51051354176410513, 16.57267586704680085, -129.6207185391751864 ) ) ;
#2428 = CARTESIAN_POINT ( 'NONE',  ( -59.04567116403040217, -29.67186427649849634, -117.4943586266102074 ) ) ;
#2429 = CARTESIAN_POINT ( 'NONE',  ( -56.85430998839571259, 26.80256921397779024, -121.9150164612158704 ) ) ;
#2430 = AXIS2_PLACEMENT_3D ( 'NONE', #1351, #290, #2355 ) ;
#2431 = CARTESIAN_POINT ( 'NONE',  ( -55.64984913998659977, 10.67795602701363933, -132.2302833969740163 ) ) ;
#2432 = CARTESIAN_POINT ( 'NONE',  ( -55.21765497419920621, 6.629725407438149531, -132.4638748897218079 ) ) ;
#2433 = CARTESIAN_POINT ( 'NONE',  ( -54.60115340535053008, 20.30182577367246921, -126.1625321284563483 ) ) ;
#2434 = VERTEX_POINT ( 'NONE', #976 ) ;
#2435 = CARTESIAN_POINT ( 'NONE',  ( -56.78806752461390062, -26.53377521722795507, -122.2237370234909974 ) ) ;
#2436 = CARTESIAN_POINT ( 'NONE',  ( -59.99714250463508591, 32.25538106742623512, -101.0693199013045671 ) ) ;
#2437 = CARTESIAN_POINT ( 'NONE',  ( -55.96590628281809643, 20.18456437891791566, -127.9681754800524374 ) ) ;
#2438 = EDGE_LOOP ( 'NONE', ( #563, #154, #3203, #1298 ) ) ;
#2439 = CARTESIAN_POINT ( 'NONE',  ( -57.66702386795439850, -30.13739211171019861, -116.4559618416447933 ) ) ;
#2440 = DIRECTION ( 'NONE',  ( -1.000000000000000000, 0.000000000000000000, 0.000000000000000000 ) ) ;
#2441 = CARTESIAN_POINT ( 'NONE',  ( -56.87248589947555644, -20.58541155089666930, -127.6998212426022121 ) ) ;
#2442 = CARTESIAN_POINT ( 'NONE',  ( -55.74276588722760550, 23.01537945587400102, -125.5785039714014175 ) ) ;
#2443 = CARTESIAN_POINT ( 'NONE',  ( -54.03483711968069514, 17.16427655074994973, -127.9465698525449824 ) ) ;
#2444 = CARTESIAN_POINT ( 'NONE',  ( -59.01834686973038657, -27.74367336587645383, -120.6171298665938423 ) ) ;
#2445 = CARTESIAN_POINT ( 'NONE',  ( -56.39678628972099972, -28.08470252962970193, -118.0717949080901974 ) ) ;
#2446 = CARTESIAN_POINT ( 'NONE',  ( -54.68768750709159576, -17.63717784606130223, -129.1274081121738107 ) ) ;
#2447 = CARTESIAN_POINT ( 'NONE',  ( -58.40008536859590293, 27.11535303642784811, -121.5545554327245981 ) ) ;
#2448 = CARTESIAN_POINT ( 'NONE',  ( -60.00000000000000000, 31.73649191647999501, -109.7999999999999972 ) ) ;
#2449 = VERTEX_POINT ( 'NONE', #2039 ) ;
#2450 = APPLICATION_CONTEXT ( 'automotive_design' ) ;
#2451 = CARTESIAN_POINT ( 'NONE',  ( -56.84599150242070209, -26.76781997550185110, -121.9337242790006002 ) ) ;
#2452 = CARTESIAN_POINT ( 'NONE',  ( -60.02454253623329805, -32.70000000000000284, -64.79999999999999716 ) ) ;
#2453 = CARTESIAN_POINT ( 'NONE',  ( -56.04123834617799815, 15.94117876753320040, -130.2507789640905855 ) ) ;
#2454 = CARTESIAN_POINT ( 'NONE',  ( -55.66892091872021808, 18.01535108548839759, -129.2698361380429048 ) ) ;
#2455 = ORIENTED_EDGE ( 'NONE', *, *, #3093, .T. ) ;
#2456 = CARTESIAN_POINT ( 'NONE',  ( -59.99716210314126386, 24.60234278362464622, -45.86291971891807862 ) ) ;
#2457 = CARTESIAN_POINT ( 'NONE',  ( -59.64189286217803243, -29.64391303353151486, -116.4084670899370479 ) ) ;
#2458 = B_SPLINE_CURVE_WITH_KNOTS ( 'NONE', 3,
 ( #628, #1661, #372, #3181, #1407, #2420, #1148, #2177, #1268, #170, #1800, #952, #1492, #2047, #744, #2294, #3051, #239, #1525, #1250, #427, #3252, #967, #761, #2278, #3287, #2752, #1234, #3305, #1474, #3036, #3017, #1003, #478, #2484, #1996, #2259, #1214, #2031, #2501, #223, #1780, #1198, #1980, #1456 ),
 .UNSPECIFIED., .F., .F.,
 ( 4, 2, 1, 2, 2, 1, 2, 2, 1, 1, 2, 2, 1, 1, 2, 2, 2, 2, 2, 1, 2, 2, 1, 2, 2, 1, 4 ),
 ( 0.000000000000000000, 0.1134444936907699625, 0.1205347745464430964, 0.1240799149742794899, 0.1276250554021158834, 0.1418056171134610410, 0.1701667405361518837, 0.2268889873815334857, 0.2410695490928795037, 0.2481598299485520687, 0.2499324001624702030, 0.2508186852694296864, 0.2517049703763891699, 0.2552501108042263822, 0.2836112342269240250, 0.3403334810723182557, 0.3686946044950159540, 0.3722397449228527777, 0.3757848853506896014, 0.3828751662063621941, 0.3970557279177076571, 0.4254168513403985274, 0.4325071321960712312, 0.4360522726239070002, 0.4378248428378254675, 0.4395974130517438794, 0.4537779747630931726 ),
 .UNSPECIFIED. ) ;
#2459 = CARTESIAN_POINT ( 'NONE',  ( -55.67016099213860514, 23.44896339446150080, -124.7703807960004099 ) ) ;
#2460 = CARTESIAN_POINT ( 'NONE',  ( -53.63103335662210469, 7.993282456641868983, -131.8846403441376083 ) ) ;
#2461 = CARTESIAN_POINT ( 'NONE',  ( -56.73793190015259569, -17.18295940454149928, -129.3316064469136109 ) ) ;
#2462 = DIRECTION ( 'NONE',  ( 0.000000000000000000, 0.000000000000000000, -1.000000000000000000 ) ) ;
#2463 = CARTESIAN_POINT ( 'NONE',  ( -53.75204185682289904, -10.06242483170691848, -131.5889609730076018 ) ) ;
#2464 = CARTESIAN_POINT ( 'NONE',  ( -56.73793190015259569, -17.18295940454149928, -129.3316064469136109 ) ) ;
#2465 = CARTESIAN_POINT ( 'NONE',  ( -53.59313792945396671, 14.07973654872781033, -129.2113409367990471 ) ) ;
#2466 = ORIENTED_EDGE ( 'NONE', *, *, #3165, .F. ) ;
#2467 = CONICAL_SURFACE ( 'NONE', #2836, 3.049999999999997158, 0.7853981633974476129 ) ;
#2468 = CARTESIAN_POINT ( 'NONE',  ( -59.22964280208737620, 30.47322505575059637, -115.7137342301179785 ) ) ;
#2469 = CARTESIAN_POINT ( 'NONE',  ( -60.00000000000001421, -32.20705844610389335, -101.2977150457679159 ) ) ;
#2470 = CARTESIAN_POINT ( 'NONE',  ( -56.23654130079957980, 14.78180255891995643, -130.7184805393133615 ) ) ;
#2471 = ORIENTED_EDGE ( 'NONE', *, *, #1469, .T. ) ;
#2472 = AXIS2_PLACEMENT_3D ( 'NONE', #1381, #600, #2394 ) ;
#2473 = CARTESIAN_POINT ( 'NONE',  ( -56.91679127259539683, -30.42022695031315038, -112.9382031613541955 ) ) ;
#2474 = LINE ( 'NONE', #1496, #706 ) ;
#2475 = CARTESIAN_POINT ( 'NONE',  ( -56.99999633380131314, -27.38718352996843208, -121.1126948662626575 ) ) ;
#2476 = CARTESIAN_POINT ( 'NONE',  ( -54.29277019586449882, 18.66574481488515147, -127.1584870969495711 ) ) ;
#2477 = CARTESIAN_POINT ( 'NONE',  ( -57.00000000000000000, -31.69999999999999929, -104.8000000000000114 ) ) ;
#2478 = CARTESIAN_POINT ( 'NONE',  ( -60.02454253623329805, -5.000000000000000000, -132.5000000000000000 ) ) ;
#2479 = CARTESIAN_POINT ( 'NONE',  ( -53.95865320166060286, -12.39856818468339839, -131.0731968049190357 ) ) ;
#2480 = CARTESIAN_POINT ( 'NONE',  ( -55.26015235323760066, -8.229347626424051043, -132.3576054894913909 ) ) ;
#2481 = CARTESIAN_POINT ( 'NONE',  ( -59.29300743644174787, 28.25146128929626599, -119.0252356112221008 ) ) ;
#2482 = ORIENTED_EDGE ( 'NONE', *, *, #3194, .F. ) ;
#2483 = CARTESIAN_POINT ( 'NONE',  ( -57.66445964979651961, 24.13822780766860632, -124.8277078606636366 ) ) ;
#2484 = CARTESIAN_POINT ( 'NONE',  ( -56.70668813204893155, 19.76255979848962241, -128.2409479796166067 ) ) ;
#2485 = CARTESIAN_POINT ( 'NONE',  ( -57.25427863528570072, 19.89538582421840118, -127.7617599623163898 ) ) ;
#2486 = ORIENTED_EDGE ( 'NONE', *, *, #2677, .T. ) ;
#2487 = AXIS2_PLACEMENT_3D ( 'NONE', #3002, #327, #1154 ) ;
#2488 = CARTESIAN_POINT ( 'NONE',  ( -56.43725729857710149, -28.24841551668114903, -117.7910033601672097 ) ) ;
#2489 = CARTESIAN_POINT ( 'NONE',  ( -60.00000000000001421, -31.55450932825209520, -110.7812926384730332 ) ) ;
#2490 = VECTOR ( 'NONE', #1510, 1000.000000000000000 ) ;
#2491 = CARTESIAN_POINT ( 'NONE',  ( -57.00000001498714397, -21.19594131745070342, -127.2717737471032393 ) ) ;
#2492 = CARTESIAN_POINT ( 'NONE',  ( -56.31092078164009962, 27.86216006506009890, -118.6395030938509905 ) ) ;
#2493 = CARTESIAN_POINT ( 'NONE',  ( -59.50000000000000000, -5.000000000000000000, -104.8000000000000114 ) ) ;
#2494 = DIRECTION ( 'NONE',  ( 1.000000000000000000, 0.000000000000000000, 0.000000000000000000 ) ) ;
#2495 = CARTESIAN_POINT ( 'NONE',  ( -56.92379434450149489, 31.78448774812830280, -112.8417237829717834 ) ) ;
#2496 = CARTESIAN_POINT ( 'NONE',  ( -56.63322879159812118, -17.36686618810293581, -129.6357645640474630 ) ) ;
#2497 = CARTESIAN_POINT ( 'NONE',  ( -58.95000000000000284, -29.25000000000000000, -98.54999999999999716 ) ) ;
#2498 = VERTEX_POINT ( 'NONE', #2287 ) ;
#2499 = B_SPLINE_CURVE_WITH_KNOTS ( 'NONE', 3,
 ( #1631, #633, #2903, #1869 ),
 .UNSPECIFIED., .F., .F.,
 ( 4, 4 ),
 ( 0.000000000000000000, 1.000000000000000000 ),
 .UNSPECIFIED. ) ;
#2500 = CARTESIAN_POINT ( 'NONE',  ( -58.15847018857263606, 26.15106209132083137, -122.6864045784610653 ) ) ;
#2501 = CARTESIAN_POINT ( 'NONE',  ( -56.91053240318746731, 20.76941291853647442, -127.5731469961823024 ) ) ;
#2502 = CARTESIAN_POINT ( 'NONE',  ( -59.35560375617626505, 29.03264622504316961, -118.5800136197683088 ) ) ;
#2503 = FACE_OUTER_BOUND ( 'NONE', #2068, .T. ) ;
#2504 = ORIENTED_EDGE ( 'NONE', *, *, #873, .F. ) ;
#2505 = EDGE_CURVE ( 'NONE', #1509, #2229, #887, .T. ) ;
#2506 = CARTESIAN_POINT ( 'NONE',  ( -55.44053219808890987, -24.21128557872992815, -123.0579644424248897 ) ) ;
#2507 = EDGE_CURVE ( 'NONE', #1352, #2247, #3226, .T. ) ;
#2508 = CARTESIAN_POINT ( 'NONE',  ( -57.67789205172575606, -21.80163109791291021, -126.3338041789374984 ) ) ;
#2509 = CARTESIAN_POINT ( 'NONE',  ( -58.00000000000000000, 32.20996641490144441, -109.9872659176040059 ) ) ;
#2510 = CARTESIAN_POINT ( 'NONE',  ( -56.34683929170769545, 28.01345237140660061, -118.4042839233990065 ) ) ;
#2511 = DIRECTION ( 'NONE',  ( 1.000000000000000000, 0.000000000000000000, 0.000000000000000000 ) ) ;
#2512 = CARTESIAN_POINT ( 'NONE',  ( -59.99156830429562604, 24.21657042177932340, -45.42102013837439500 ) ) ;
#2513 = CARTESIAN_POINT ( 'NONE',  ( -53.18481865504600847, 13.82861312450883950, -130.3050188218446124 ) ) ;
#2514 = CARTESIAN_POINT ( 'NONE',  ( -55.19554837634120048, 14.10817161444437851, -130.9635842857831278 ) ) ;
#2515 = DIRECTION ( 'NONE',  ( 0.000000000000000000, 0.000000000000000000, 1.000000000000000000 ) ) ;
#2516 = ORIENTED_EDGE ( 'NONE', *, *, #1897, .F. ) ;
#2517 = CARTESIAN_POINT ( 'NONE',  ( -58.83783256272298701, 28.83884082980952002, -118.9067453680507782 ) ) ;
#2518 = CARTESIAN_POINT ( 'NONE',  ( -59.99450954902474109, -32.27393904462876151, -100.1965673458232828 ) ) ;
#2519 = CARTESIAN_POINT ( 'NONE',  ( -56.27196093975160096, 17.40044453036394856, -129.5822719621387762 ) ) ;
#2520 = CARTESIAN_POINT ( 'NONE',  ( -57.00000000000000000, 19.50079813845387022, -128.2641834468106481 ) ) ;
#2521 = ORIENTED_EDGE ( 'NONE', *, *, #2884, .T. ) ;
#2522 = CARTESIAN_POINT ( 'NONE',  ( -56.48598149142660674, 25.30070254966050314, -123.6459936323402076 ) ) ;
#2523 = FILL_AREA_STYLE_COLOUR ( '', #3158 ) ;
#2524 = AXIS2_PLACEMENT_3D ( 'NONE', #585, #1634, #653 ) ;
#2525 = CARTESIAN_POINT ( 'NONE',  ( -55.66827519578919947, 24.26151666539005092, -123.5391692078654131 ) ) ;
#2526 = CARTESIAN_POINT ( 'NONE',  ( -53.32369695158359946, 11.55997456192342021, -129.9391305723987955 ) ) ;
#2527 = CARTESIAN_POINT ( 'NONE',  ( -59.51677335331920204, -29.99124855833645142, -117.5310054905131949 ) ) ;
#2528 = CARTESIAN_POINT ( 'NONE',  ( -53.18927187349770236, -9.869076451130858629, -130.2915725180110087 ) ) ;
#2529 = CARTESIAN_POINT ( 'NONE',  ( -57.88264820216519269, -25.05014832332589947, -123.9779519970952038 ) ) ;
#2530 = CARTESIAN_POINT ( 'NONE',  ( -56.48598149142660674, 25.30070254966050314, -123.6459936323402076 ) ) ;
#2531 = VERTEX_POINT ( 'NONE', #703 ) ;
#2532 = CARTESIAN_POINT ( 'NONE',  ( -58.20652772267952457, 26.34251929403027859, -122.4581859093483445 ) ) ;
#2533 = DIRECTION ( 'NONE',  ( 0.000000000000000000, 0.000000000000000000, 1.000000000000000000 ) ) ;
#2534 = CARTESIAN_POINT ( 'NONE',  ( -56.08076947346378915, -21.03470605908328750, -127.3871250753172717 ) ) ;
#2535 = CARTESIAN_POINT ( 'NONE',  ( -56.99999999999998579, -30.33997646320117880, -113.6930897687116868 ) ) ;
#2536 = EDGE_LOOP ( 'NONE', ( #2179 ) ) ;
#2537 = CARTESIAN_POINT ( 'NONE',  ( -56.99999814153189703, -31.10309896423995113, -110.4420649681241997 ) ) ;
#2538 = TOROIDAL_SURFACE ( 'NONE', #1203, 27.19999999999999929, 0.5000000000000000000 ) ;
#2539 = CARTESIAN_POINT ( 'NONE',  ( -60.02454253623329805, -5.000000000000000000, -104.8000000000000114 ) ) ;
#2540 = CARTESIAN_POINT ( 'NONE',  ( -59.99944039958904796, 32.22484731384095369, -99.87945051470968849 ) ) ;
#2541 = AXIS2_PLACEMENT_3D ( 'NONE', #2248, #3309, #228 ) ;
#2542 = CARTESIAN_POINT ( 'NONE',  ( -57.38620707003259724, 28.94931242396789983, -118.7193956642721986 ) ) ;
#2543 = CARTESIAN_POINT ( 'NONE',  ( -59.69136143734329636, -30.68440775360845052, -116.0675629162664109 ) ) ;
#2544 = EDGE_CURVE ( 'NONE', #1392, #2116, #736, .T. ) ;
#2545 = CARTESIAN_POINT ( 'NONE',  ( -53.03130447009390025, -6.156615851436189502, -130.6969420939003896 ) ) ;
#2546 = CARTESIAN_POINT ( 'NONE',  ( -59.04567116403040217, -29.67186427649849634, -117.4943586266102074 ) ) ;
#2547 = CARTESIAN_POINT ( 'NONE',  ( -56.99999814155349753, 31.10309934207944949, -110.4420630208509948 ) ) ;
#2548 = DIRECTION ( 'NONE',  ( 1.000000000000000000, 0.000000000000000000, 0.000000000000000000 ) ) ;
#2549 = ORIENTED_EDGE ( 'NONE', *, *, #3194, .T. ) ;
#2550 = UNCERTAINTY_MEASURE_WITH_UNIT (LENGTH_MEASURE( 1.000000000000000082E-05 ), #1520, 'distance_accuracy_value', 'NONE');
#2551 = CARTESIAN_POINT ( 'NONE',  ( -56.81986145304340141, 29.91028085056935026, -114.3353904325019954 ) ) ;
#2552 = CARTESIAN_POINT ( 'NONE',  ( -60.00000000000000000, -32.23347912704590357, -99.90290636389457291 ) ) ;
#2553 = CARTESIAN_POINT ( 'NONE',  ( -60.00000000000000000, -31.73649191647999501, -109.7999999999999972 ) ) ;
#2554 = B_SPLINE_CURVE_WITH_KNOTS ( 'NONE', 3,
 ( #931, #3178, #2930, #3214, #424, #115, #2966, #1436, #1960, #2699, #406, #1658, #676, #2174, #899, #1929, #2716, #2465, #3231, #949, #2981, #1727, #643, #1675, #2682, #389, #1419, #2433, #133, #1162, #2190, #3198, #914, #1000 ),
 .UNSPECIFIED., .F., .F.,
 ( 4, 2, 2, 1, 2, 2, 2, 1, 2, 2, 2, 2, 2, 2, 2, 2, 2, 4 ),
 ( 0.000000000000000000, 0.1249999999999987510, 0.1874999999999979461, 0.2187499999999972522, 0.2343749999999969191, 0.2499999999999965583, 0.3124999999999962808, 0.3437499999999964473, 0.3593749999999966138, 0.3749999999999967804, 0.4374999999999967248, 0.4687499999999959477, 0.4999999999999948930, 0.6249999999999933387, 0.6874999999999924505, 0.7187499999999931166, 0.7499999999999937828, 1.000000000000000000 ),
 .UNSPECIFIED. ) ;
#2555 = CARTESIAN_POINT ( 'NONE',  ( -56.50956406044130631, -18.72606630971018049, -128.8600819631541015 ) ) ;
#2556 = ORIENTED_EDGE ( 'NONE', *, *, #2620, .T. ) ;
#2557 = CARTESIAN_POINT ( 'NONE',  ( -53.59439615840920368, 7.291224723358307180, -131.9741005498784716 ) ) ;
#2558 = PRODUCT ( 'ASV1_200_15C', 'ASV1_200_15C', '', ( #793 ) ) ;
#2559 = PRESENTATION_STYLE_ASSIGNMENT (( #1787 ) ) ;
#2560 = CARTESIAN_POINT ( 'NONE',  ( -55.66397769675109686, 24.21759675352645047, -123.5964936681440065 ) ) ;
#2561 = CARTESIAN_POINT ( 'NONE',  ( -53.05914238725699761, 7.306108863060000402, -130.6261580507003828 ) ) ;
#2562 = CARTESIAN_POINT ( 'NONE',  ( -57.81915179219519274, 30.85175567473417146, -114.7650705373332869 ) ) ;
#2563 = ADVANCED_FACE ( 'NONE', ( #1258 ), #89, .F. ) ;
#2564 = CARTESIAN_POINT ( 'NONE',  ( -53.13657483793620884, -9.018055071749028428, -130.4278122507001854 ) ) ;
#2565 = CARTESIAN_POINT ( 'NONE',  ( -59.19428734557471472, -28.41273311912257071, -119.6088132542284797 ) ) ;
#2566 = CARTESIAN_POINT ( 'NONE',  ( -57.83406461696230139, 30.92466615121485063, -114.5806824647727922 ) ) ;
#2567 = DIRECTION ( 'NONE',  ( 0.000000000000000000, 0.000000000000000000, 1.000000000000000000 ) ) ;
#2568 = DIRECTION ( 'NONE',  ( 0.000000000000000000, 0.000000000000000000, 1.000000000000000000 ) ) ;
#2569 = AXIS2_PLACEMENT_3D ( 'NONE', #1741, #2727, #3010 ) ;
#2570 = CARTESIAN_POINT ( 'NONE',  ( -57.00000000000000000, 31.12108104524694596, -110.3493720358156054 ) ) ;
#2571 = CARTESIAN_POINT ( 'NONE',  ( -59.26832962841800168, 30.65085136354799999, -115.2863507548661914 ) ) ;
#2572 = CARTESIAN_POINT ( 'NONE',  ( -55.49912673048294920, -16.70586833586801134, -129.9053685257206610 ) ) ;
#2573 = CARTESIAN_POINT ( 'NONE',  ( -56.76677673719628814, -20.06611984627115319, -128.0475632275732494 ) ) ;
#2574 = ORIENTED_EDGE ( 'NONE', *, *, #260, .F. ) ;
#2575 = CARTESIAN_POINT ( 'NONE',  ( -56.99999998700598525, 27.38727552604133919, -121.1125675869293730 ) ) ;
#2576 = CARTESIAN_POINT ( 'NONE',  ( -57.47907890736630065, -29.33416703055344854, -118.0349811096596113 ) ) ;
#2577 = AXIS2_PLACEMENT_3D ( 'NONE', #1575, #1302, #289 ) ;
#2578 = CARTESIAN_POINT ( 'NONE',  ( -57.78409933266790688, 30.67769041355574799, -115.2118277561416164 ) ) ;
#2579 = CARTESIAN_POINT ( 'NONE',  ( -52.86730566642830098, -10.67728424612925942, -131.1088954514082161 ) ) ;
#2580 = ADVANCED_FACE ( 'NONE', ( #1291 ), #838, .F. ) ;
#2581 = AXIS2_PLACEMENT_3D ( 'NONE', #824, #1858, #1344 ) ;
#2582 = CARTESIAN_POINT ( 'NONE',  ( -53.28669842918110078, -11.13892486221966038, -130.0368193266533865 ) ) ;
#2583 = CARTESIAN_POINT ( 'NONE',  ( -59.28634690016509978, -28.22930549543555045, -119.0329826066885914 ) ) ;
#2584 = CARTESIAN_POINT ( 'NONE',  ( -56.58133695714460032, 25.69466701185375257, -123.2247667203211989 ) ) ;
#2585 = ORIENTED_EDGE ( 'NONE', *, *, #1292, .T. ) ;
#2586 = CARTESIAN_POINT ( 'NONE',  ( -56.83989971569779698, 30.01013699865765361, -114.0771023216956053 ) ) ;
#2587 = CARTESIAN_POINT ( 'NONE',  ( -59.03430145320709954, 29.63749303549915126, -117.4667348808731901 ) ) ;
#2588 = CARTESIAN_POINT ( 'NONE',  ( -56.99999999999911182, -18.68332518571572010, -128.5261945687655043 ) ) ;
#2589 = CARTESIAN_POINT ( 'NONE',  ( -56.19492800651048015, -24.24130665812255714, -124.6632375636994112 ) ) ;
#2590 = ORIENTED_EDGE ( 'NONE', *, *, #3165, .T. ) ;
#2591 = CARTESIAN_POINT ( 'NONE',  ( -60.02454253623329805, 5.000000000000000000, -132.5000000000000000 ) ) ;
#2592 = CARTESIAN_POINT ( 'NONE',  ( -57.07777357130510154, -27.69970066035144640, -120.6749495975669930 ) ) ;
#2593 = CONICAL_SURFACE ( 'NONE', #455, 27.70000000000000284, 0.7853981633974518317 ) ;
#2594 = CARTESIAN_POINT ( 'NONE',  ( -53.40362963481020842, 12.39390274352636112, -129.7263460847009924 ) ) ;
#2595 = CARTESIAN_POINT ( 'NONE',  ( -57.90366422475694463, 31.31187319433177052, -113.4627904219194505 ) ) ;
#2596 = EDGE_CURVE ( 'NONE', #3104, #3087, #2909, .T. ) ;
#2597 = CARTESIAN_POINT ( 'NONE',  ( -53.46159262091830300, -12.94328170208984119, -129.5703070220502013 ) ) ;
#2598 = CARTESIAN_POINT ( 'NONE',  ( -56.99999979253438198, -27.38719742624342146, -121.1126757952932280 ) ) ;
#2599 = CARTESIAN_POINT ( 'NONE',  ( -56.49584420984540145, 28.48758165613244842, -117.3657162355805923 ) ) ;
#2600 = ORIENTED_EDGE ( 'NONE', *, *, #1624, .T. ) ;
#2601 = CARTESIAN_POINT ( 'NONE',  ( -56.17131776406780119, 27.18660451383654930, -119.4848642457589989 ) ) ;
#2602 = CARTESIAN_POINT ( 'NONE',  ( -59.99329256281936296, -24.03240217829583258, -45.25322871001034741 ) ) ;
#2603 = CARTESIAN_POINT ( 'NONE',  ( -56.19206770845693910, -21.89217476995048983, -126.7547294900145971 ) ) ;
#2604 = ADVANCED_FACE ( 'NONE', ( #263 ), #2349, .T. ) ;
#2605 = CARTESIAN_POINT ( 'NONE',  ( -58.95000000000000284, 22.09615960404699919, -47.60163301958729676 ) ) ;
#2606 = EDGE_LOOP ( 'NONE', ( #3238, #2521, #1218, #1623, #1610 ) ) ;
#2607 = PLANE ( 'NONE',  #2233 ) ;
#2608 = CARTESIAN_POINT ( 'NONE',  ( -56.48598149142660674, 25.30070254966050314, -123.6459936323402076 ) ) ;
#2609 = EDGE_CURVE ( 'NONE', #863, #900, #1599, .T. ) ;
#2610 = CARTESIAN_POINT ( 'NONE',  ( -55.91744627921490007, 26.18567222909100067, -120.8686110785582031 ) ) ;
#2611 = CARTESIAN_POINT ( 'NONE',  ( -57.88513911001088275, 31.20654681564295529, -113.7728029096296609 ) ) ;
#2612 = DIRECTION ( 'NONE',  ( 0.000000000000000000, 0.000000000000000000, -1.000000000000000000 ) ) ;
#2613 = CARTESIAN_POINT ( 'NONE',  ( -59.70712268689710100, -29.90209544464114799, -115.9050368258303934 ) ) ;
#2614 = CARTESIAN_POINT ( 'NONE',  ( -57.30073202556869916, 28.59990138629790124, -119.3039119844324034 ) ) ;
#2615 = CARTESIAN_POINT ( 'NONE',  ( -59.43794464231019958, 31.49436039143410682, -113.0400108473509846 ) ) ;
#2616 = CARTESIAN_POINT ( 'NONE',  ( -57.00000001350717582, 21.19600365222084193, -127.2718705710349809 ) ) ;
#2617 = CARTESIAN_POINT ( 'NONE',  ( -60.02454253623329805, -32.70000000000000284, -104.8000000000000114 ) ) ;
#2618 = CARTESIAN_POINT ( 'NONE',  ( -56.15072003227488295, -24.09377625658399324, -124.7948054300069174 ) ) ;
#2619 = EDGE_LOOP ( 'NONE', ( #357, #2935, #1055, #1388 ) ) ;
#2620 = EDGE_CURVE ( 'NONE', #534, #1458, #3030, .T. ) ;
#2621 = CARTESIAN_POINT ( 'NONE',  ( -53.84559606751982130, 11.40765051095930893, -131.3625204255368715 ) ) ;
#2622 = CARTESIAN_POINT ( 'NONE',  ( -55.66587022701310161, 24.23756498572980433, -123.5702990378849933 ) ) ;
#2623 = CARTESIAN_POINT ( 'NONE',  ( -59.48242817549938621, -31.87003560041996053, -111.5878652917647003 ) ) ;
#2624 = CARTESIAN_POINT ( 'NONE',  ( -55.76454109716800644, -22.92512078509199824, -125.7609220573419861 ) ) ;
#2625 = CARTESIAN_POINT ( 'NONE',  ( -55.88101901641539371, -27.37747177608214955, -121.0570916061741968 ) ) ;
#2626 = AXIS2_PLACEMENT_3D ( 'NONE', #2875, #366, #2894 ) ;
#2627 = CARTESIAN_POINT ( 'NONE',  ( -55.65016522683659872, -24.04218053825524848, -123.8324758180203986 ) ) ;
#2628 = CARTESIAN_POINT ( 'NONE',  ( -56.05853213349660535, 24.16944552115604949, -124.6988957454246076 ) ) ;
#2629 = VECTOR ( 'NONE', #1643, 1000.000000000000000 ) ;
#2630 = CARTESIAN_POINT ( 'NONE',  ( -57.94663717393889613, -31.57295435829809804, -112.6506979492122014 ) ) ;
#2631 = AXIS2_PLACEMENT_3D ( 'NONE', #365, #1417, #3176 ) ;
#2632 = CARTESIAN_POINT ( 'NONE',  ( -59.50000000000000000, -5.000000000000000000, -64.79999999999999716 ) ) ;
#2633 = CARTESIAN_POINT ( 'NONE',  ( -58.89322954069719884, 29.06085228079485105, -118.5305119111050089 ) ) ;
#2634 = CARTESIAN_POINT ( 'NONE',  ( -56.33140954794460953, -24.72633907586060076, -124.2121053508145820 ) ) ;
#2635 = VERTEX_POINT ( 'NONE', #634 ) ;
#2636 = LINE ( 'NONE', #1373, #188 ) ;
#2637 = CARTESIAN_POINT ( 'NONE',  ( -55.68771146405329375, 24.45844048367635182, -123.2796216627059920 ) ) ;
#2638 = CARTESIAN_POINT ( 'NONE',  ( -58.14171888228242580, -26.08423543446261306, -122.7651215295224318 ) ) ;
#2639 = VERTEX_POINT ( 'NONE', #2408 ) ;
#2640 = CARTESIAN_POINT ( 'NONE',  ( -57.00000000000000000, -31.22765715804595033, -109.7999999999999972 ) ) ;
#2641 = CARTESIAN_POINT ( 'NONE',  ( -55.60579666478000149, 24.94756711972895147, -122.3396193649055874 ) ) ;
#2642 = CARTESIAN_POINT ( 'NONE',  ( -53.56938387632339982, -5.000000000000000000, -132.0333333333333883 ) ) ;
#2643 = CARTESIAN_POINT ( 'NONE',  ( -55.66328613032339945, -24.21003331677259851, -123.6064665574759971 ) ) ;
#2644 = CARTESIAN_POINT ( 'NONE',  ( -57.21684681156309438, 28.72723676231149881, -119.3416932218022026 ) ) ;
#2645 = CARTESIAN_POINT ( 'NONE',  ( -57.05212606039350476, -21.45107670011304535, -127.0999401235657871 ) ) ;
#2646 = CARTESIAN_POINT ( 'NONE',  ( -56.79506811341170192, -26.56344829448470080, -122.1999706230686087 ) ) ;
#2647 = CARTESIAN_POINT ( 'NONE',  ( -59.19383069300259592, 28.76518572631190196, -119.6281364596333958 ) ) ;
#2648 = CARTESIAN_POINT ( 'NONE',  ( -55.61322316690701939, 8.228162794942919689, -132.3230783413633844 ) ) ;
#2649 = DIRECTION ( 'NONE',  ( 0.000000000000000000, 0.000000000000000000, 1.000000000000000000 ) ) ;
#2650 = ORIENTED_EDGE ( 'NONE', *, *, #2965, .T. ) ;
#2651 = CARTESIAN_POINT ( 'NONE',  ( -56.13555960065554729, -14.03552527729640964, -130.9879949581302867 ) ) ;
#2652 = CARTESIAN_POINT ( 'NONE',  ( -55.85575162462857435, 10.03993425770060277, -131.7120019871599084 ) ) ;
#2653 = CARTESIAN_POINT ( 'NONE',  ( -57.88370796984609967, -31.19855334503535005, -113.7959701770925989 ) ) ;
#2654 = EDGE_LOOP ( 'NONE', ( #3034, #3199, #747, #1115 ) ) ;
#2655 = CARTESIAN_POINT ( 'NONE',  ( -60.00000000000000000, -32.20000000000000284, -109.7999999999999972 ) ) ;
#2656 = CARTESIAN_POINT ( 'NONE',  ( -53.85234473626966434, -11.48006570882657584, -131.3460677060071191 ) ) ;
#2657 = DIRECTION ( 'NONE',  ( -1.000000000000000000, 0.000000000000000000, 0.000000000000000000 ) ) ;
#2658 = ADVANCED_FACE ( 'NONE', ( #3138, #2904, #124, #2938, #2425 ), #2148, .T. ) ;
#2659 = CARTESIAN_POINT ( 'NONE',  ( -55.68211666340269517, -24.39931549833800162, -123.3589007688491961 ) ) ;
#2660 = CARTESIAN_POINT ( 'NONE',  ( -60.00000000000000000, -32.20000000000000284, -104.8000000000000114 ) ) ;
#2661 = CARTESIAN_POINT ( 'NONE',  ( -60.00000000000000000, -31.58977229019799893, -110.5911465077406035 ) ) ;
#2662 = CARTESIAN_POINT ( 'NONE',  ( -56.68297865697672222, 26.11472370179455282, -122.7691387632900870 ) ) ;
#2663 = ADVANCED_FACE ( 'NONE', ( #1217 ), #969, .T. ) ;
#2664 = CARTESIAN_POINT ( 'NONE',  ( -56.99999999999936051, 18.62221735326404470, -128.5349942462203501 ) ) ;
#2665 = CARTESIAN_POINT ( 'NONE',  ( -57.44352037653017362, 21.42345462684299306, -127.1616168219143788 ) ) ;
#2666 = CARTESIAN_POINT ( 'NONE',  ( -57.00000000000000000, -22.09615960404705248, -47.60163301958729676 ) ) ;
#2667 = ORIENTED_EDGE ( 'NONE', *, *, #139, .F. ) ;
#2668 = FACE_OUTER_BOUND ( 'NONE', #2536, .T. ) ;
#2669 = CARTESIAN_POINT ( 'NONE',  ( -56.80393832721281910, 17.53156507903531391, -129.1314988754213857 ) ) ;
#2670 = CARTESIAN_POINT ( 'NONE',  ( -57.96583820944260168, -31.73372939100210033, -112.0525388235106021 ) ) ;
#2671 = ORIENTED_EDGE ( 'NONE', *, *, #2102, .T. ) ;
#2672 = CARTESIAN_POINT ( 'NONE',  ( -57.44759306884670025, -29.20291512098025066, -118.2736083855529898 ) ) ;
#2673 = CARTESIAN_POINT ( 'NONE',  ( -56.87834019236312599, -30.20562710031253673, -113.5591682182094786 ) ) ;
#2674 = DIRECTION ( 'NONE',  ( 1.000000000000000000, 0.000000000000000000, 0.000000000000000000 ) ) ;
#2675 = CARTESIAN_POINT ( 'NONE',  ( -55.67225681347709809, -24.30060964124479739, -123.4883799836696028 ) ) ;
#2676 = CARTESIAN_POINT ( 'NONE',  ( -55.84924184522169810, 23.29023724868784839, -125.4636729048071970 ) ) ;
#2677 = EDGE_CURVE ( 'NONE', #68, #3104, #1050, .T. ) ;
#2678 = CARTESIAN_POINT ( 'NONE',  ( -58.79229400937069983, -28.65631478765240203, -119.2162624284583927 ) ) ;
#2679 = CARTESIAN_POINT ( 'NONE',  ( -57.23440590828800367, -28.33061600403884839, -119.7361171866629945 ) ) ;
#2680 = CARTESIAN_POINT ( 'NONE',  ( -55.41660400998959801, 5.000000000000000000, -132.8000000000000114 ) ) ;
#2681 = CARTESIAN_POINT ( 'NONE',  ( -55.47679547735850036, 11.40470602694942137, -131.7968840983947985 ) ) ;
#2682 = CARTESIAN_POINT ( 'NONE',  ( -54.17916223110325546, 18.04025216788934216, -127.5163360616858341 ) ) ;
#2683 = EDGE_LOOP ( 'NONE', ( #4 ) ) ;
#2684 = AXIS2_PLACEMENT_3D ( 'NONE', #1536, #1795, #2060 ) ;
#2685 = CARTESIAN_POINT ( 'NONE',  ( -56.98159958558311189, -27.31327025894421823, -121.2141318679784376 ) ) ;
#2686 = CARTESIAN_POINT ( 'NONE',  ( -59.99181046833310660, 32.28990810662184430, -100.4340440772216709 ) ) ;
#2687 = CARTESIAN_POINT ( 'NONE',  ( -57.06452428395555643, -21.50002068090497431, -127.0526359579575484 ) ) ;
#2688 = VERTEX_POINT ( 'NONE', #2923 ) ;
#2689 = DIRECTION ( 'NONE',  ( 0.000000000000000000, 0.000000000000000000, 1.000000000000000000 ) ) ;
#2690 = CARTESIAN_POINT ( 'NONE',  ( -59.15486647605104054, -27.72177058606683531, -119.8439381529210976 ) ) ;
#2691 = DIRECTION ( 'NONE',  ( 0.000000000000000000, 0.000000000000000000, 1.000000000000000000 ) ) ;
#2692 = DIRECTION ( 'NONE',  ( 0.000000000000000000, 1.734723475976804876E-16, -1.000000000000000000 ) ) ;
#2693 = CARTESIAN_POINT ( 'NONE',  ( -56.76708257699900173, 26.99078358890364981, -121.7229368841884138 ) ) ;
#2694 = CARTESIAN_POINT ( 'NONE',  ( -56.39160553434386003, -15.92727403653433704, -130.3045886395520654 ) ) ;
#2695 = CARTESIAN_POINT ( 'NONE',  ( -55.25192718432769823, -23.50274765130659915, -123.8196024149378047 ) ) ;
#2696 = AXIS2_PLACEMENT_3D ( 'NONE', #3048, #236, #2062 ) ;
#2697 = CARTESIAN_POINT ( 'NONE',  ( -54.42600770560699885, -16.03294710962364888, -129.8507658817941888 ) ) ;
#2698 = CARTESIAN_POINT ( 'NONE',  ( -58.89084238871090093, 26.71615893830989918, -121.3483629926402045 ) ) ;
#2699 = CARTESIAN_POINT ( 'NONE',  ( -53.25014891281352192, 10.69273103227022936, -130.1327902340431137 ) ) ;
#2700 = ORIENTED_EDGE ( 'NONE', *, *, #139, .T. ) ;
#2701 = DIRECTION ( 'NONE',  ( 0.000000000000000000, 1.000000000000000000, 0.000000000000000000 ) ) ;
#2702 = EDGE_CURVE ( 'NONE', #3117, #1096, #309, .T. ) ;
#2703 = CARTESIAN_POINT ( 'NONE',  ( -57.00000002218695272, 18.56012324673653779, -128.5349939456381776 ) ) ;
#2704 = CARTESIAN_POINT ( 'NONE',  ( -59.40688690797360749, 29.23206115948518402, -118.2262193506942651 ) ) ;
#2705 = CARTESIAN_POINT ( 'NONE',  ( -57.00000001498714397, -21.19594131745070342, -127.2717737471032393 ) ) ;
#2706 = EDGE_LOOP ( 'NONE', ( #1150, #2721, #497, #777 ) ) ;
#2707 = CARTESIAN_POINT ( 'NONE',  ( -57.32247557122859405, -28.68844450367199883, -119.1588502508021890 ) ) ;
#2708 = CARTESIAN_POINT ( 'NONE',  ( -59.87791040144986709, -30.73425592142668350, -113.6545918534701087 ) ) ;
#2709 = B_SPLINE_CURVE_WITH_KNOTS ( 'NONE', 3,
 ( #1406, #916, #1147, #1881, #117, #2385, #354, #1898, #2435, #2879, #1112, #2451, #135, #2401, #2685, #1946 ),
 .UNSPECIFIED., .F., .F.,
 ( 4, 2, 1, 1, 1, 1, 2, 2, 2, 4 ),
 ( 0.000000000000000000, 0.06250000000000549560, 0.09375000000000810463, 0.1093750000000093953, 0.1171875000000112133, 0.1210937500000120043, 0.1230468750000126010, 0.1250000000000129896, 0.1875000000000419942, 0.2124461594997832103 ),
 .UNSPECIFIED. ) ;
#2710 = CARTESIAN_POINT ( 'NONE',  ( -55.66693618819559930, 23.47974769458389943, -124.7170990279442009 ) ) ;
#2711 = CARTESIAN_POINT ( 'NONE',  ( -53.46158799321860045, 12.94322608204103986, -129.5703195348953898 ) ) ;
#2712 = CARTESIAN_POINT ( 'NONE',  ( -59.98417574905550254, -31.40740732321895123, -111.3798397234264002 ) ) ;
#2713 = CARTESIAN_POINT ( 'NONE',  ( -59.99160805389394113, 24.19773699109856224, -45.40270415629659340 ) ) ;
#2714 = CARTESIAN_POINT ( 'NONE',  ( -53.87327188901659980, -11.52824963240271927, -131.2879904623532070 ) ) ;
#2715 = CARTESIAN_POINT ( 'NONE',  ( -55.73519956876999260, -13.69220351900658095, -131.1039533460561870 ) ) ;
#2716 = CARTESIAN_POINT ( 'NONE',  ( -53.52587841836511018, 13.50952747018530431, -129.3954555043518155 ) ) ;
#2717 = EDGE_LOOP ( 'NONE', ( #1577, #764, #3020, #982 ) ) ;
#2718 = CARTESIAN_POINT ( 'NONE',  ( -58.62736342824670999, 28.00326105356111128, -120.2531739174160492 ) ) ;
#2719 = CARTESIAN_POINT ( 'NONE',  ( -56.62161702406424979, 16.47424682835608678, -129.6550660630440461 ) ) ;
#2720 = CARTESIAN_POINT ( 'NONE',  ( -56.45930099611722142, 16.26347501047567690, -130.1097941880871929 ) ) ;
#2721 = ORIENTED_EDGE ( 'NONE', *, *, #1469, .F. ) ;
#2722 = CARTESIAN_POINT ( 'NONE',  ( -56.27922796725479060, 24.53505341219006652, -124.3934623163099076 ) ) ;
#2723 = CARTESIAN_POINT ( 'NONE',  ( -57.00000000000000000, -31.22765715804595033, -109.7999999999999972 ) ) ;
#2724 = CARTESIAN_POINT ( 'NONE',  ( -55.69767825460850474, -23.24805922166180139, -125.1318109473958060 ) ) ;
#2725 = CARTESIAN_POINT ( 'NONE',  ( -54.05341879664040050, 13.25628672199147928, -130.8317270371002223 ) ) ;
#2726 = CARTESIAN_POINT ( 'NONE',  ( -59.91979745377220468, -31.78456749230435108, -113.0015539757029899 ) ) ;
#2727 = DIRECTION ( 'NONE',  ( -1.000000000000000000, 0.000000000000000000, 0.000000000000000000 ) ) ;
#2728 = CARTESIAN_POINT ( 'NONE',  ( -53.63103407441330006, -7.993303057334189887, -131.8846386102345889 ) ) ;
#2729 = CARTESIAN_POINT ( 'NONE',  ( -58.36905701034879712, -24.68823228867470121, -123.7480130202084041 ) ) ;
#2730 = CARTESIAN_POINT ( 'NONE',  ( -58.86190654715564108, 26.59853166652906964, -121.4593252170588613 ) ) ;
#2731 = ORIENTED_EDGE ( 'NONE', *, *, #1443, .F. ) ;
#2732 = CARTESIAN_POINT ( 'NONE',  ( -59.43036214165137210, 31.50791418882594641, -112.8507516715888670 ) ) ;
#2733 = CARTESIAN_POINT ( 'NONE',  ( -59.99844246038492912, -32.24054965783194149, -101.1413375936025432 ) ) ;
#2734 = CARTESIAN_POINT ( 'NONE',  ( -57.16062227623667980, 20.12494481104123523, -128.0609032549061794 ) ) ;
#2735 = ORIENTED_EDGE ( 'NONE', *, *, #844, .F. ) ;
#2736 = AXIS2_PLACEMENT_3D ( 'NONE', #2042, #1028, #555 ) ;
#2737 = ADVANCED_FACE ( 'NONE', ( #72 ), #1650, .T. ) ;
#2738 = CARTESIAN_POINT ( 'NONE',  ( -56.34813841816251312, 24.78872079642836468, -124.1522601458596853 ) ) ;
#2739 = DIRECTION ( 'NONE',  ( 0.000000000000000000, -1.000000000000000000, 0.000000000000000000 ) ) ;
#2740 = LINE ( 'NONE', #2003, #1515 ) ;
#2741 = CARTESIAN_POINT ( 'NONE',  ( -53.91499869014359803, 11.96462503607256167, -131.1832794780663676 ) ) ;
#2742 = DIRECTION ( 'NONE',  ( 0.000000000000000000, 0.000000000000000000, 1.000000000000000000 ) ) ;
#2743 = CARTESIAN_POINT ( 'NONE',  ( -59.99843646515031281, 23.75542946295333735, -45.04431743571822011 ) ) ;
#2744 = B_SPLINE_CURVE_WITH_KNOTS ( 'NONE', 3,
 ( #2258, #2768, #2983, #2208, #1232, #3286, #966, #1711, #2968, #743, #445, #3267, #2483, #3216, #2751, #2277, #933, #1002, #477, #1197, #983, #2030, #3035, #694, #1524, #1962, #2010, #2500, #1779, #2532, #3250, #678, #1505, #2718, #1746, #3016, #2783, #2517, #726, #222, #426, #1455, #493, #1473, #2468, #169, #1729, #2226, #3233, #951, #1764, #1979, #2732, #187, #1213, #2243 ),
 .UNSPECIFIED., .F., .F.,
 ( 4, 2, 2, 2, 2, 2, 2, 1, 1, 2, 2, 1, 1, 2, 2, 2, 1, 1, 1, 2, 2, 1, 2, 2, 1, 1, 2, 2, 2, 2, 1, 1, 2, 4 ),
 ( 0.4537779747630931726, 0.4879168513403744356, 0.4964515704846939603, 0.5007189300568543056, 0.5049862896290145953, 0.5220557279176558652, 0.5561946044949382939, 0.5604619640670994718, 0.5615288039601399328, 0.5620622239066600523, 0.5625956438531801718, 0.5647293236392616489, 0.5732640427835888897, 0.5903334810722438153, 0.6244723576495537776, 0.6266060374356362539, 0.6287397172217188412, 0.6330070767938833498, 0.6415417959382115898, 0.6586112342268678477, 0.7268889873814939895, 0.7439584256701512466, 0.7482257852423157551, 0.7503594650283975653, 0.7524931448144793755, 0.7610278639588073935, 0.7951667405361220187, 0.8634444936907510471, 0.8719792128350806193, 0.8762465724072447948, 0.8805139319794090813, 0.8975833702680648951, 0.9317222468453765227, 1.000000000000000000 ),
 .UNSPECIFIED. ) ;
#2745 = CARTESIAN_POINT ( 'NONE',  ( -55.75614680069980267, 26.88670069211984881, -121.6578675721946041 ) ) ;
#2746 = CARTESIAN_POINT ( 'NONE',  ( -55.54119315505303689, 5.000000000000017764, -132.5000000000000000 ) ) ;
#2747 = CARTESIAN_POINT ( 'NONE',  ( -57.00000000000000000, 22.09615960404699919, -45.60163301958728965 ) ) ;
#2748 = ORIENTED_EDGE ( 'NONE', *, *, #843, .F. ) ;
#2749 = ADVANCED_FACE ( 'NONE', ( #344 ), #2246, .T. ) ;
#2750 = AXIS2_PLACEMENT_3D ( 'NONE', #2321, #583, #296 ) ;
#2751 = CARTESIAN_POINT ( 'NONE',  ( -57.73058845711221210, 24.41315088426279800, -124.5590774461112460 ) ) ;
#2752 = CARTESIAN_POINT ( 'NONE',  ( -56.41681266746891765, 18.21901361638701999, -129.1455045040774507 ) ) ;
#2753 = CARTESIAN_POINT ( 'NONE',  ( -57.53026275950499979, 21.17053516037125149, -126.8692333145319822 ) ) ;
#2754 = CARTESIAN_POINT ( 'NONE',  ( -55.83453654029765545, -14.47016687993080097, -130.8308671293603709 ) ) ;
#2755 = ORIENTED_EDGE ( 'NONE', *, *, #965, .T. ) ;
#2756 = VECTOR ( 'NONE', #1721, 1000.000000000000114 ) ;
#2757 = CARTESIAN_POINT ( 'NONE',  ( -55.59735984703961975, -24.88055450061856888, -122.3879516663208165 ) ) ;
#2758 = CARTESIAN_POINT ( 'NONE',  ( -58.00000000000000000, 5.000000000000000000, -104.8000000000000114 ) ) ;
#2759 = AXIS2_PLACEMENT_3D ( 'NONE', #3056, #1022, #748 ) ;
#2760 = CARTESIAN_POINT ( 'NONE',  ( -56.99999863962470670, -27.38719279415722951, -121.1126821522811952 ) ) ;
#2761 = CARTESIAN_POINT ( 'NONE',  ( -54.11856809703479598, 17.67011189000089644, -127.6957877913496020 ) ) ;
#2762 = CARTESIAN_POINT ( 'NONE',  ( -56.87912036524440396, -31.53349909315025101, -113.5807206978190038 ) ) ;
#2763 = CARTESIAN_POINT ( 'NONE',  ( -59.99858678590693728, 23.74617223523157250, -45.03815245706942960 ) ) ;
#2764 = CARTESIAN_POINT ( 'NONE',  ( -53.82102635791680001, -10.94320217117437899, -131.4183530563943805 ) ) ;
#2765 = CARTESIAN_POINT ( 'NONE',  ( -56.78012101517910537, -20.14162206423455004, -128.0089753192920057 ) ) ;
#2766 = CARTESIAN_POINT ( 'NONE',  ( -57.74257497704520858, -24.46291318346254684, -124.5100245278990059 ) ) ;
#2767 = ORIENTED_EDGE ( 'NONE', *, *, #1170, .T. ) ;
#2768 = CARTESIAN_POINT ( 'NONE',  ( -57.06416333239715755, 21.49832809911662324, -127.0538559396026983 ) ) ;
#2769 = CARTESIAN_POINT ( 'NONE',  ( -59.99410885094204104, -32.27665914962938842, -100.2236522758649926 ) ) ;
#2770 = CARTESIAN_POINT ( 'NONE',  ( -58.01366202351439938, 25.57316934024814969, -123.3651069271359972 ) ) ;
#2771 = CARTESIAN_POINT ( 'NONE',  ( -56.99999999999602096, 20.37888255061129783, -127.8209801842241404 ) ) ;
#2772 = ORIENTED_EDGE ( 'NONE', *, *, #2944, .T. ) ;
#2773 = FACE_OUTER_BOUND ( 'NONE', #1494, .T. ) ;
#2774 = CARTESIAN_POINT ( 'NONE',  ( -57.72671625042809751, -30.41274631397605077, -115.8224050279371937 ) ) ;
#2775 = CARTESIAN_POINT ( 'NONE',  ( -56.41979975638758305, -15.12752678783085258, -130.2161842598935664 ) ) ;
#2776 = CARTESIAN_POINT ( 'NONE',  ( -54.98911311525640144, 22.18222503323094941, -124.8076799916122042 ) ) ;
#2777 = CARTESIAN_POINT ( 'NONE',  ( -60.00000000000000000, -32.54995462791185190, -109.7999999999999972 ) ) ;
#2778 = CARTESIAN_POINT ( 'NONE',  ( -53.32370065048660024, -11.56001529393869909, -129.9391207797699792 ) ) ;
#2779 = CARTESIAN_POINT ( 'NONE',  ( -57.60762368766609143, -23.92570882665399878, -125.0888544578692176 ) ) ;
#2780 = CARTESIAN_POINT ( 'NONE',  ( -57.47099588948245241, -23.31632472306046822, -125.5812435697021812 ) ) ;
#2781 = DIRECTION ( 'NONE',  ( 0.000000000000000000, -1.000000000000000000, 0.000000000000000000 ) ) ;
#2782 = VERTEX_POINT ( 'NONE', #907 ) ;
#2783 = CARTESIAN_POINT ( 'NONE',  ( -58.82849344280268866, 28.80145580618863477, -118.9697949688100778 ) ) ;
#2784 = CARTESIAN_POINT ( 'NONE',  ( -59.99883708039601515, -32.23525860073988980, -101.1694520713712393 ) ) ;
#2785 = DIRECTION ( 'NONE',  ( 0.000000000000000000, 0.000000000000000000, 1.000000000000000000 ) ) ;
#2786 = CARTESIAN_POINT ( 'NONE',  ( -55.20335134754050443, -5.000000000000000000, -132.5000000000000000 ) ) ;
#2787 = EDGE_LOOP ( 'NONE', ( #2422, #1823, #578, #286 ) ) ;
#2788 = CARTESIAN_POINT ( 'NONE',  ( -56.36133758122973347, 24.83798418300582611, -124.1047533162861498 ) ) ;
#2789 = CARTESIAN_POINT ( 'NONE',  ( -57.80210775578339621, -30.77035614360670124, -114.9628225935660026 ) ) ;
#2790 = MECHANICAL_DESIGN_GEOMETRIC_PRESENTATION_REPRESENTATION (  '', ( #1736 ), #439 ) ;
#2791 = CARTESIAN_POINT ( 'NONE',  ( -55.69876248921469397, 24.57908102918334947, -123.1160445359099924 ) ) ;
#2792 = CARTESIAN_POINT ( 'NONE',  ( -56.51474645925510032, 28.56539275236564990, -117.2232352499915891 ) ) ;
#2793 = DIRECTION ( 'NONE',  ( 1.000000000000000000, 0.000000000000000000, 0.000000000000000000 ) ) ;
#2794 = CARTESIAN_POINT ( 'NONE',  ( -54.11858254688899450, -17.67019665905400316, -127.6957441500910022 ) ) ;
#2795 = CARTESIAN_POINT ( 'NONE',  ( -60.00000000000000000, -31.58977229019799893, -110.5911465077406035 ) ) ;
#2796 = CARTESIAN_POINT ( 'NONE',  ( -55.06581275964086331, 12.82904514596763512, -131.3858137124832695 ) ) ;
#2797 = CARTESIAN_POINT ( 'NONE',  ( -54.69377874029409980, 5.000000000000000000, -132.5000000000000000 ) ) ;
#2798 = ORIENTED_EDGE ( 'NONE', *, *, #370, .F. ) ;
#2799 = CARTESIAN_POINT ( 'NONE',  ( -59.93113575217778077, 31.49107491272451043, -113.0545372728889078 ) ) ;
#2800 = CARTESIAN_POINT ( 'NONE',  ( -55.54478196933087020, -17.06457036206183986, -129.7360049571248908 ) ) ;
#2801 = CARTESIAN_POINT ( 'NONE',  ( -55.34408320518225821, -9.450242607391999172, -132.1403339861259667 ) ) ;
#2802 = ORIENTED_EDGE ( 'NONE', *, *, #1606, .T. ) ;
#2803 = CARTESIAN_POINT ( 'NONE',  ( -54.44915203390188196, 16.19838383844625085, -129.7896992661759157 ) ) ;
#2804 = AXIS2_PLACEMENT_3D ( 'NONE', #2219, #2021, #2511 ) ;
#2805 = ORIENTED_EDGE ( 'NONE', *, *, #786, .T. ) ;
#2806 = CARTESIAN_POINT ( 'NONE',  ( -57.00000002218695272, 18.56012324673653779, -128.5349939456381776 ) ) ;
#2807 = CARTESIAN_POINT ( 'NONE',  ( -57.66702579935070361, 30.13740072709564899, -116.4559431409673920 ) ) ;
#2808 = CARTESIAN_POINT ( 'NONE',  ( -55.08501231106360052, -24.18412971573370029, -124.4864021225054103 ) ) ;
#2809 = CARTESIAN_POINT ( 'NONE',  ( -55.13099073008810080, -22.83607687944240183, -124.2812271804094024 ) ) ;
#2810 = CARTESIAN_POINT ( 'NONE',  ( -59.37999219798639672, -31.20554577894780124, -113.8110755006556047 ) ) ;
#2811 = CARTESIAN_POINT ( 'NONE',  ( -55.25193548902380059, 23.50278228016134818, -123.8195697015976009 ) ) ;
#2812 = CARTESIAN_POINT ( 'NONE',  ( -57.00000000000000711, 30.33889685138282744, -113.6966591416867800 ) ) ;
#2813 = VERTEX_POINT ( 'NONE', #2134 ) ;
#2814 = CARTESIAN_POINT ( 'NONE',  ( -56.70510633676330059, 29.37382843068730054, -115.6123959174943963 ) ) ;
#2815 = FACE_OUTER_BOUND ( 'NONE', #3303, .T. ) ;
#2816 = CARTESIAN_POINT ( 'NONE',  ( -55.57500672423407195, -17.29766524903896041, -129.6217517523553795 ) ) ;
#2817 = CARTESIAN_POINT ( 'NONE',  ( -55.35279098887382787, -9.586981944135100520, -132.1178432227737289 ) ) ;
#2818 = VERTEX_POINT ( 'NONE', #1118 ) ;
#2819 = B_SPLINE_CURVE_WITH_KNOTS ( 'NONE', 3,
 ( #2182, #2870, #3121, #1378, #2656, #87, #2855, #1665, #377, #1614, #2390, #359, #2147, #1598, #104, #2624 ),
 .UNSPECIFIED., .F., .F.,
 ( 4, 2, 2, 2, 2, 2, 2, 4 ),
 ( 0.000000000000000000, 0.2500000000000006106, 0.5000000000000012212, 0.6250000000000016653, 0.7500000000000017764, 0.8750000000000019984, 0.9375000000000011102, 1.000000000000000000 ),
 .UNSPECIFIED. ) ;
#2820 = DIRECTION ( 'NONE',  ( 0.7071067811865425767, -0.7071067811865525687, 0.000000000000000000 ) ) ;
#2821 = EDGE_CURVE ( 'NONE', #1069, #172, #1887, .T. ) ;
#2822 = CARTESIAN_POINT ( 'NONE',  ( -56.33416076387559457, 27.83328094689264987, -118.4880338970554021 ) ) ;
#2823 = CARTESIAN_POINT ( 'NONE',  ( -54.66263339614520333, -22.32133566025600047, -125.9635007765061943 ) ) ;
#2824 = CARTESIAN_POINT ( 'NONE',  ( -53.02428247405529049, -5.000000000000000000, -130.7147189345587890 ) ) ;
#2825 = CARTESIAN_POINT ( 'NONE',  ( -59.06302393003669948, -27.36937805507849930, -120.3672586657379924 ) ) ;
#2826 = CARTESIAN_POINT ( 'NONE',  ( -56.94755753548660238, 30.61364413552520247, -112.3230082986004135 ) ) ;
#2827 = ORIENTED_EDGE ( 'NONE', *, *, #1311, .F. ) ;
#2828 = DIRECTION ( 'NONE',  ( 1.000000000000000000, 0.000000000000000000, -0.000000000000000000 ) ) ;
#2829 = CARTESIAN_POINT ( 'NONE',  ( -59.54925375428124568, 29.79642879914216635, -117.1527946097308330 ) ) ;
#2830 = DIRECTION ( 'NONE',  ( -1.000000000000000000, 0.000000000000000000, 0.000000000000000000 ) ) ;
#2831 = APPLICATION_CONTEXT ( 'automotive_design' ) ;
#2832 = CARTESIAN_POINT ( 'NONE',  ( -56.32936787588550231, -24.71875220110896976, -124.2193571929894489 ) ) ;
#2833 = EDGE_LOOP ( 'NONE', ( #45, #1982, #677, #547 ) ) ;
#2834 = CARTESIAN_POINT ( 'NONE',  ( -54.03778614207438125, -17.17934592435868524, -127.9375133245364253 ) ) ;
#2835 = EDGE_CURVE ( 'NONE', #3117, #900, #1403, .T. ) ;
#2836 = AXIS2_PLACEMENT_3D ( 'NONE', #1053, #2830, #2785 ) ;
#2837 = CARTESIAN_POINT ( 'NONE',  ( -56.99999814155349753, 31.10309934207944949, -110.4420630208509948 ) ) ;
#2838 = CARTESIAN_POINT ( 'NONE',  ( -57.48402017783583773, 29.35448437831486146, -118.0005477630794104 ) ) ;
#2839 = PRESENTATION_LAYER_ASSIGNMENT (  '', '', ( #1736 ) ) ;
#2840 = CARTESIAN_POINT ( 'NONE',  ( -55.90170823824610125, -23.51615956036945221, -125.2792801648447920 ) ) ;
#2841 = CARTESIAN_POINT ( 'NONE',  ( -59.99878953255843328, -32.07754509688552247, -110.6962868794830825 ) ) ;
#2842 = CARTESIAN_POINT ( 'NONE',  ( -55.94735292625709633, 23.04863959018594954, -125.9559195334410191 ) ) ;
#2843 = CARTESIAN_POINT ( 'NONE',  ( 0.000000000000000000, 0.000000000000000000, 0.000000000000000000 ) ) ;
#2844 = ORIENTED_EDGE ( 'NONE', *, *, #3182, .F. ) ;
#2845 = CARTESIAN_POINT ( 'NONE',  ( -55.92392919706119869, 26.21114885750860068, -120.8255427010576000 ) ) ;
#2846 = EDGE_CURVE ( 'NONE', #2498, #3131, #1479, .T. ) ;
#2847 = CARTESIAN_POINT ( 'NONE',  ( -59.99184995633146400, -24.15041795851336914, -45.35716263018381511 ) ) ;
#2848 = CARTESIAN_POINT ( 'NONE',  ( -55.27361015782759779, 8.243297165442291075, -132.3213917219761981 ) ) ;
#2849 = CARTESIAN_POINT ( 'NONE',  ( -56.23789239011602348, -24.38839034859498156, -124.5297400568707502 ) ) ;
#2850 = ORIENTED_EDGE ( 'NONE', *, *, #685, .F. ) ;
#2851 = CARTESIAN_POINT ( 'NONE',  ( -53.29925329789725907, -11.28442286216406565, -130.0037225888915771 ) ) ;
#2852 = B_SPLINE_CURVE_WITH_KNOTS ( 'NONE', 3,
 ( #1383, #2429, #2662, #385 ),
 .UNSPECIFIED., .F., .F.,
 ( 4, 4 ),
 ( 0.7901421346917353317, 1.000000000000000000 ),
 .UNSPECIFIED. ) ;
#2853 = CARTESIAN_POINT ( 'NONE',  ( -57.90481065836720376, -31.31772601190764505, -113.4472315078012059 ) ) ;
#2854 = VECTOR ( 'NONE', #3314, 1000.000000000000000 ) ;
#2855 = CARTESIAN_POINT ( 'NONE',  ( -54.22248813903497933, -14.63301198229455835, -130.3956490208074115 ) ) ;
#2856 = CARTESIAN_POINT ( 'NONE',  ( -52.64577380949019414, -6.653213993968289941, -131.6499999999999773 ) ) ;
#2857 = B_SPLINE_CURVE_WITH_KNOTS ( 'NONE', 3,
 ( #2475, #1223, #2760, #2990 ),
 .UNSPECIFIED., .F., .F.,
 ( 4, 4 ),
 ( 0.2124461594997835157, 0.2124477228595469946 ),
 .UNSPECIFIED. ) ;
#2858 = CARTESIAN_POINT ( 'NONE',  ( -55.68788099369179889, -25.26114555873899903, -121.9616405733665943 ) ) ;
#2859 = CARTESIAN_POINT ( 'NONE',  ( -58.88428796592929615, -26.68410043058110048, -121.3356680179484073 ) ) ;
#2860 = CARTESIAN_POINT ( 'NONE',  ( -55.11733944103470151, 22.94992321693930037, -124.3731777108586130 ) ) ;
#2861 = CARTESIAN_POINT ( 'NONE',  ( -60.00000000000000000, 31.73649191647999501, -109.7999999999999972 ) ) ;
#2862 = EDGE_CURVE ( 'NONE', #1978, #1127, #3015, .T. ) ;
#2863 = FACE_OUTER_BOUND ( 'NONE', #300, .T. ) ;
#2864 = CARTESIAN_POINT ( 'NONE',  ( -59.49999999963389996, 31.92865006925890015, -111.4924730203083953 ) ) ;
#2865 = FACE_OUTER_BOUND ( 'NONE', #2438, .T. ) ;
#2866 = ORIENTED_EDGE ( 'NONE', *, *, #2087, .T. ) ;
#2867 = CARTESIAN_POINT ( 'NONE',  ( -53.56934516385191358, 6.080191625485143803, -132.0333172661841559 ) ) ;
#2868 = LINE ( 'NONE', #1789, #759 ) ;
#2869 = CARTESIAN_POINT ( 'NONE',  ( -58.76471894309705135, -28.54730251054193957, -119.3895893474879699 ) ) ;
#2870 = CARTESIAN_POINT ( 'NONE',  ( -53.56938006295532517, -6.104970098796539624, -132.0333317506404853 ) ) ;
#2871 = CARTESIAN_POINT ( 'NONE',  ( -54.52120039088850234, -21.67426748496529854, -126.4327819350834261 ) ) ;
#2872 = CARTESIAN_POINT ( 'NONE',  ( -55.72566240234170465, -24.92904116379455104, -122.6161152919364099 ) ) ;
#2873 = CARTESIAN_POINT ( 'NONE',  ( -54.68767280077690174, 17.63708877972664979, -129.1274495210239763 ) ) ;
#2874 = CARTESIAN_POINT ( 'NONE',  ( -56.47097527650630155, 25.24152365016644950, -123.7215410546785961 ) ) ;
#2875 = CARTESIAN_POINT ( 'NONE',  ( -57.00000000000000000, 22.09615960404699919, -47.60163301958729676 ) ) ;
#2876 = CARTESIAN_POINT ( 'NONE',  ( -55.20335134755430317, 5.812755854975899972, -132.5000000000000000 ) ) ;
#2877 = CARTESIAN_POINT ( 'NONE',  ( -60.00000000000000000, 5.000000000000000000, -37.60000000000000142 ) ) ;
#2878 = EDGE_LOOP ( 'NONE', ( #2028, #2767 ) ) ;
#2879 = CARTESIAN_POINT ( 'NONE',  ( -56.79096940364890145, -26.54550243934045284, -122.2092335157593936 ) ) ;
#2880 = CARTESIAN_POINT ( 'NONE',  ( -55.66633387010000433, 24.24232348811339932, -123.5640831304840077 ) ) ;
#2881 = CARTESIAN_POINT ( 'NONE',  ( -58.32550489779910663, -26.81454446654008095, -121.8724344064637393 ) ) ;
#2882 = ORIENTED_EDGE ( 'NONE', *, *, #112, .T. ) ;
#2883 = CIRCLE ( 'NONE', #836, 27.20000000000000284 ) ;
#2884 = EDGE_CURVE ( 'NONE', #1101, #863, #3185, .T. ) ;
#2885 = ADVANCED_FACE ( 'NONE', ( #2503 ), #496, .T. ) ;
#2886 = CARTESIAN_POINT ( 'NONE',  ( -56.92281619779230795, -30.46731759121868777, -112.7682939998110498 ) ) ;
#2887 = CARTESIAN_POINT ( 'NONE',  ( -56.99999998700598525, 27.38727552604133919, -121.1125675869293730 ) ) ;
#2888 = EDGE_CURVE ( 'NONE', #1001, #1127, #2905, .T. ) ;
#2889 = CARTESIAN_POINT ( 'NONE',  ( -55.66703604989960041, -24.24944894287050090, -123.5547976083179975 ) ) ;
#2890 = CARTESIAN_POINT ( 'NONE',  ( -56.83896567544540090, 27.26888171620810297, -121.3761141251253974 ) ) ;
#2891 = CARTESIAN_POINT ( 'NONE',  ( -57.02547389334947781, -19.41894144134143474, -128.4647059593741290 ) ) ;
#2892 = CIRCLE ( 'NONE', #3109, 27.70000000000000284 ) ;
#2893 = CARTESIAN_POINT ( 'NONE',  ( -57.83406364106189557, -30.92466111819845054, -114.5806959471000113 ) ) ;
#2894 = DIRECTION ( 'NONE',  ( 0.000000000000000000, 0.000000000000000000, 1.000000000000000000 ) ) ;
#2895 = CARTESIAN_POINT ( 'NONE',  ( -59.35560375617626505, 29.03264622504316961, -118.5800136197683088 ) ) ;
#2896 = CARTESIAN_POINT ( 'NONE',  ( -56.99999633380131314, -27.38718352996843208, -121.1126948662626575 ) ) ;
#2897 = EDGE_LOOP ( 'NONE', ( #1409, #2262, #1006, #374 ) ) ;
#2898 = CARTESIAN_POINT ( 'NONE',  ( -60.02454253623329805, -5.000000000000000000, -37.10000000000000142 ) ) ;
#2899 = CARTESIAN_POINT ( 'NONE',  ( -55.92336631560375793, 10.90426849140206933, -131.5391952418100914 ) ) ;
#2900 = CARTESIAN_POINT ( 'NONE',  ( -57.89721308976960756, -25.09912156763933311, -123.8620865875109445 ) ) ;
#2901 = EDGE_LOOP ( 'NONE', ( #1783, #1816 ) ) ;
#2902 = CARTESIAN_POINT ( 'NONE',  ( -57.50623040679459308, -29.44797981376024865, -117.8236571471332041 ) ) ;
#2903 = CARTESIAN_POINT ( 'NONE',  ( -53.20598294147799834, 5.000000000000000000, -131.1542570674835986 ) ) ;
#2904 = FACE_BOUND ( 'NONE', #3179, .T. ) ;
#2905 = B_SPLINE_CURVE_WITH_KNOTS ( 'NONE', 3,
 ( #1236, #782, #2013, #2535, #3019, #730 ),
 .UNSPECIFIED., .F., .F.,
 ( 4, 2, 4 ),
 ( 4.167183114027682265E-05, 0.006035626665918869191, 0.01202958150069746192 ),
 .UNSPECIFIED. ) ;
#2906 = LINE ( 'NONE', #1651, #277 ) ;
#2907 = CARTESIAN_POINT ( 'NONE',  ( -54.30635389380469746, 15.21197773235079964, -130.1710807363966182 ) ) ;
#2908 = CARTESIAN_POINT ( 'NONE',  ( -59.50000000000000000, -32.22797154729765623, -109.8919117647059949 ) ) ;
#2909 = CIRCLE ( 'NONE', #1314, 0.5000000000000004441 ) ;
#2910 = CARTESIAN_POINT ( 'NONE',  ( -54.69377874029409980, 5.000000000000000000, -132.5000000000000000 ) ) ;
#2911 = CARTESIAN_POINT ( 'NONE',  ( -57.00000000000000711, 18.86464917895338544, -128.4880426661858053 ) ) ;
#2912 = CARTESIAN_POINT ( 'NONE',  ( -55.93288092180900151, 15.19815252623514823, -130.5575081821545780 ) ) ;
#2913 = CARTESIAN_POINT ( 'NONE',  ( -54.98308164856101854, -11.85174782105221780, -131.6395052562942851 ) ) ;
#2914 = CARTESIAN_POINT ( 'NONE',  ( -57.14229910165929738, 19.29219582929472665, -128.0972395412408105 ) ) ;
#2915 = ORIENTED_EDGE ( 'NONE', *, *, #1856, .T. ) ;
#2916 = CARTESIAN_POINT ( 'NONE',  ( -55.20335134754050443, -5.000000000000000000, -132.5000000000000000 ) ) ;
#2917 = CARTESIAN_POINT ( 'NONE',  ( -55.66724505634339693, -5.000000000000000000, -132.1865546218488134 ) ) ;
#2918 = CARTESIAN_POINT ( 'NONE',  ( -58.20495976339744715, -26.33629132773248571, -122.4657165212707923 ) ) ;
#2919 = ORIENTED_EDGE ( 'NONE', *, *, #1445, .T. ) ;
#2920 = EDGE_CURVE ( 'NONE', #2967, #3059, #1523, .T. ) ;
#2921 = DIRECTION ( 'NONE',  ( 0.000000000000000000, -0.1838235294117649687, 0.9829592616352937906 ) ) ;
#2922 = FACE_OUTER_BOUND ( 'NONE', #1750, .T. ) ;
#2923 = CARTESIAN_POINT ( 'NONE',  ( -55.66724505634339693, 5.000000000000000000, -132.1865546218488134 ) ) ;
#2924 = CARTESIAN_POINT ( 'NONE',  ( -55.67455700838119981, -24.32349473909830095, -123.4584478805980012 ) ) ;
#2925 = CARTESIAN_POINT ( 'NONE',  ( -55.37889851375920358, 21.19387623477275184, -127.0500872025822048 ) ) ;
#2926 = CARTESIAN_POINT ( 'NONE',  ( -57.44296474397495444, -21.39864274440994052, -127.1386994919044611 ) ) ;
#2927 = CARTESIAN_POINT ( 'NONE',  ( -57.18875154795200189, -28.14631448136745107, -120.0201263030656094 ) ) ;
#2928 = CARTESIAN_POINT ( 'NONE',  ( -57.60662312646199723, 23.89892542935189823, -125.0671113355544009 ) ) ;
#2929 = CARTESIAN_POINT ( 'NONE',  ( -54.76971476760783020, -8.905552857819481360, -132.2862935414057972 ) ) ;
#2930 = CARTESIAN_POINT ( 'NONE',  ( -53.04426062575023337, 6.950653317832992784, -130.6642801870599442 ) ) ;
#2931 = ORIENTED_EDGE ( 'NONE', *, *, #1724, .F. ) ;
#2932 = CARTESIAN_POINT ( 'NONE',  ( -55.60407330715120366, -12.53741827988580049, -131.4577995184152144 ) ) ;
#2933 = CARTESIAN_POINT ( 'NONE',  ( -56.41820629856554348, 15.11664895216344284, -130.2205887703250653 ) ) ;
#2934 = CARTESIAN_POINT ( 'NONE',  ( -55.83672799595009906, 19.24468059904551964, -128.5611540661281538 ) ) ;
#2935 = ORIENTED_EDGE ( 'NONE', *, *, #569, .T. ) ;
#2936 = DIRECTION ( 'NONE',  ( 0.000000000000000000, 0.000000000000000000, 1.000000000000000000 ) ) ;
#2937 = DIRECTION ( 'NONE',  ( 0.000000000000000000, 0.000000000000000000, 1.000000000000000000 ) ) ;
#2938 = FACE_BOUND ( 'NONE', #1504, .T. ) ;
#2939 = EDGE_CURVE ( 'NONE', #68, #2175, #1913, .T. ) ;
#2940 = CARTESIAN_POINT ( 'NONE',  ( -59.50000000000000000, 31.73649191647999501, -109.7999999999999972 ) ) ;
#2941 = CARTESIAN_POINT ( 'NONE',  ( -55.07240273157579935, 19.70305352977554847, -128.0026157513733835 ) ) ;
#2942 = CARTESIAN_POINT ( 'NONE',  ( -58.73918899215550482, -28.44536847490984854, -119.5568997261801911 ) ) ;
#2943 = CARTESIAN_POINT ( 'NONE',  ( -56.24760580642100649, -27.48835549847790105, -119.0348915388910029 ) ) ;
#2944 = EDGE_CURVE ( 'NONE', #1645, #920, #1358, .T. ) ;
#2945 = VECTOR ( 'NONE', #211, 1000.000000000000000 ) ;
#2946 = CARTESIAN_POINT ( 'NONE',  ( -59.07510349064410349, 28.32191607018184953, -120.3161140276151997 ) ) ;
#2947 = CARTESIAN_POINT ( 'NONE',  ( -55.82185794256681532, 11.37921467776361162, -131.8027773028353238 ) ) ;
#2948 = CARTESIAN_POINT ( 'NONE',  ( -57.20451381936222646, 19.60050000842907991, -127.9014671657317734 ) ) ;
#2949 = EDGE_LOOP ( 'NONE', ( #185, #2157, #2931, #464, #648, #954 ) ) ;
#2950 = CIRCLE ( 'NONE', #1299, 27.70000000000000284 ) ;
#2951 = CARTESIAN_POINT ( 'NONE',  ( -56.07133442741239548, -12.40136379829412050, -131.1545665224902280 ) ) ;
#2952 = CARTESIAN_POINT ( 'NONE',  ( -59.99258582025476727, 32.28509882453887769, -100.3199565676797249 ) ) ;
#2953 = CARTESIAN_POINT ( 'NONE',  ( -58.43862310024009332, 25.52745898409538583, -123.4156506107360372 ) ) ;
#2954 = CARTESIAN_POINT ( 'NONE',  ( -57.77468763794916384, -24.59601861924145183, -124.3781725520332913 ) ) ;
#2955 = EDGE_LOOP ( 'NONE', ( #853, #444 ) ) ;
#2956 = CARTESIAN_POINT ( 'NONE',  ( -60.00000000000000000, -29.25000000000000000, -100.5499999999999972 ) ) ;
#2957 = CARTESIAN_POINT ( 'NONE',  ( -59.29059621771794042, -28.24569354936059540, -119.0089153306272607 ) ) ;
#2958 = CARTESIAN_POINT ( 'NONE',  ( -55.68600406380869572, 23.32025075878845044, -124.9981516636543972 ) ) ;
#2959 = CARTESIAN_POINT ( 'NONE',  ( -53.55482164695280289, 13.75794870349796106, -129.3163895153799956 ) ) ;
#2960 = CARTESIAN_POINT ( 'NONE',  ( -59.23279562238079876, -28.02216687791995042, -119.3702820454249860 ) ) ;
#2961 = DIRECTION ( 'NONE',  ( 1.000000000000000000, 0.000000000000000000, 0.000000000000000000 ) ) ;
#2962 = VECTOR ( 'NONE', #1336, 1000.000000000000000 ) ;
#2963 = CARTESIAN_POINT ( 'NONE',  ( -54.24797880175630382, 20.36035875267165096, -127.3034057333196074 ) ) ;
#2964 = DIRECTION ( 'NONE',  ( 1.000000000000000000, 0.000000000000000000, 0.000000000000000000 ) ) ;
#2965 = EDGE_CURVE ( 'NONE', #2175, #1808, #1544, .T. ) ;
#2966 = CARTESIAN_POINT ( 'NONE',  ( -53.19604599158397207, 9.970667611091512228, -130.2740005984555580 ) ) ;
#2967 = VERTEX_POINT ( 'NONE', #577 ) ;
#2968 = CARTESIAN_POINT ( 'NONE',  ( -57.36055084315324848, 22.83497496782583269, -125.9945485428915504 ) ) ;
#2969 = CARTESIAN_POINT ( 'NONE',  ( -56.26523135016964972, 14.01411062378518224, -130.6382859269390053 ) ) ;
#2970 = CARTESIAN_POINT ( 'NONE',  ( -57.46658964840430173, 23.30350532225819649, -125.6063473063659899 ) ) ;
#2971 = CARTESIAN_POINT ( 'NONE',  ( -56.07244814079280815, 20.97219311572188261, -127.4313965790679646 ) ) ;
#2972 = ORIENTED_EDGE ( 'NONE', *, *, #370, .T. ) ;
#2973 = CARTESIAN_POINT ( 'NONE',  ( -57.00000000000000000, 5.000000000000000000, -104.8000000000000114 ) ) ;
#2974 = CARTESIAN_POINT ( 'NONE',  ( -60.02454253623329805, -5.000000000000000000, -64.79999999999999716 ) ) ;
#2975 = CARTESIAN_POINT ( 'NONE',  ( -56.99999999807984352, -18.56012292949071352, -128.5349940189886695 ) ) ;
#2976 = CARTESIAN_POINT ( 'NONE',  ( -54.80018194480980043, 21.28707570153280315, -125.4833876961040033 ) ) ;
#2977 = CARTESIAN_POINT ( 'NONE',  ( -57.39073725356679745, -21.67426748496529854, -127.3081915106140087 ) ) ;
#2978 = CARTESIAN_POINT ( 'NONE',  ( -56.98915975954739821, -30.95507954099315029, -111.0749472328664069 ) ) ;
#2979 = CARTESIAN_POINT ( 'NONE',  ( -55.14806869897610397, -20.08212260419345085, -127.7724916741270249 ) ) ;
#2980 = CARTESIAN_POINT ( 'NONE',  ( -55.59971799597713016, -8.218216223533721276, -132.3582011480207825 ) ) ;
#2981 = CARTESIAN_POINT ( 'NONE',  ( -53.77247848392798346, 15.42604504440394564, -128.7084604743133411 ) ) ;
#2982 = ORIENTED_EDGE ( 'NONE', *, *, #1216, .F. ) ;
#2983 = CARTESIAN_POINT ( 'NONE',  ( -57.14056253849845035, 21.85221312682146788, -126.7898393937294230 ) ) ;
#2984 = CARTESIAN_POINT ( 'NONE',  ( -59.99986009989725488, -32.21423373289724879, -101.2683527091028566 ) ) ;
#2985 = CARTESIAN_POINT ( 'NONE',  ( -59.09035300944412228, 28.01050162247416964, -120.3038785842180687 ) ) ;
#2986 = VERTEX_POINT ( 'NONE', #1126 ) ;
#2987 = LINE ( 'NONE', #2035, #2490 ) ;
#2988 = CYLINDRICAL_SURFACE ( 'NONE', #2366, 27.70000000000000284 ) ;
#2989 = EDGE_CURVE ( 'NONE', #202, #202, #2171, .T. ) ;
#2990 = CARTESIAN_POINT ( 'NONE',  ( -56.99999979253438198, -27.38719742624342146, -121.1126757952932280 ) ) ;
#2991 = CARTESIAN_POINT ( 'NONE',  ( -53.95864809875539692, 12.39852046143651876, -131.0732097238704057 ) ) ;
#2992 = CARTESIAN_POINT ( 'NONE',  ( -55.64979543834559905, -10.67728424612925942, -132.2304162646402119 ) ) ;
#2993 = CARTESIAN_POINT ( 'NONE',  ( -59.99256558831761055, 24.06340679965901685, -45.27880002670129755 ) ) ;
#2994 = ADVANCED_FACE ( 'NONE', ( #1863 ), #63, .T. ) ;
#2995 = CARTESIAN_POINT ( 'NONE',  ( -53.56938141053079505, -5.602472077243500159, -132.0333334018646099 ) ) ;
#2996 = CARTESIAN_POINT ( 'NONE',  ( -55.54119315505303689, -5.000000000000007105, -132.5000000000000000 ) ) ;
#2997 = LINE ( 'NONE', #251, #70 ) ;
#2998 = ORIENTED_EDGE ( 'NONE', *, *, #1573, .T. ) ;
#2999 = CARTESIAN_POINT ( 'NONE',  ( -58.00000000000000000, 32.70000000000000284, -104.8000000000000114 ) ) ;
#3000 = CARTESIAN_POINT ( 'NONE',  ( -59.99258582029952436, -32.28509882444818402, -100.7800434341455684 ) ) ;
#3001 = CARTESIAN_POINT ( 'NONE',  ( -57.44352037653017362, 21.42345462684299306, -127.1616168219143788 ) ) ;
#3002 = CARTESIAN_POINT ( 'NONE',  ( -57.00000000000000000, -31.69999999999999929, -104.8000000000000114 ) ) ;
#3003 = EDGE_LOOP ( 'NONE', ( #2919, #407, #1490, #2388, #1545, #1304, #116, #3068, #2772 ) ) ;
#3004 = CARTESIAN_POINT ( 'NONE',  ( -56.33283364487956391, 24.73164569456319128, -124.2070250309408834 ) ) ;
#3005 = DIRECTION ( 'NONE',  ( 0.000000000000000000, 5.323158680795255948E-15, 1.000000000000000000 ) ) ;
#3006 = ADVANCED_FACE ( 'NONE', ( #2865 ), #2593, .T. ) ;
#3007 = CARTESIAN_POINT ( 'NONE',  ( -55.66428576421010632, -23.50687131192849932, -124.6705528562691967 ) ) ;
#3008 = CARTESIAN_POINT ( 'NONE',  ( -55.50562228684720623, 24.48603541621945112, -122.7729486255230000 ) ) ;
#3009 = CARTESIAN_POINT ( 'NONE',  ( -56.98441028923580376, -32.22039301205110462, -111.3321329770374035 ) ) ;
#3010 = DIRECTION ( 'NONE',  ( 0.000000000000000000, -1.064631736159051190E-14, -1.000000000000000000 ) ) ;
#3011 = CARTESIAN_POINT ( 'NONE',  ( -52.86735668298729252, 10.67795602701363933, -131.1087692271254070 ) ) ;
#3012 = CARTESIAN_POINT ( 'NONE',  ( -55.20335134754050443, 5.000000000000000000, -132.5000000000000000 ) ) ;
#3013 =( NAMED_UNIT ( * ) SI_UNIT ( $, .STERADIAN. ) SOLID_ANGLE_UNIT ( ) );
#3014 = ORIENTED_EDGE ( 'NONE', *, *, #2544, .F. ) ;
#3015 = CIRCLE ( 'NONE', #1641, 26.70000000000000284 ) ;
#3016 = CARTESIAN_POINT ( 'NONE',  ( -58.79705777463961880, 28.67579029573958493, -119.1804611714810562 ) ) ;
#3017 = CARTESIAN_POINT ( 'NONE',  ( -56.53932207387107667, 18.88651444455627626, -128.7679209049119606 ) ) ;
#3018 = CARTESIAN_POINT ( 'NONE',  ( -59.67731687799373219, 30.32086720517655465, -116.0605776241761902 ) ) ;
#3019 = CARTESIAN_POINT ( 'NONE',  ( -57.00000000000000711, -30.84691904136941076, -111.7626354136458957 ) ) ;
#3020 = ORIENTED_EDGE ( 'NONE', *, *, #2268, .T. ) ;
#3021 = AXIS2_PLACEMENT_3D ( 'NONE', #2493, #2793, #197 ) ;
#3022 = FACE_BOUND ( 'NONE', #3164, .T. ) ;
#3023 = CARTESIAN_POINT ( 'NONE',  ( -57.23869143449419994, -28.34825076876295213, -119.7055425353048008 ) ) ;
#3024 =( BOUNDED_SURFACE ( )  B_SPLINE_SURFACE ( 3, 2, ( 
 ( #423, #2996, #723 ),
 ( #1261, #962, #2289 ),
 ( #2480, #2980, #930 ),
 ( #2025, #708, #675 ),
 ( #1959, #1976, #2008 ),
 ( #1707, #1488, #3032 ),
 ( #1743, #442, #3230 ),
 ( #2715, #183, #457 ),
 ( #980, #948, #691 ),
 ( #472, #1452, #1760 ),
 ( #2255, #2496, #2464 ),
 ( #1245, #3264, #2274 ),
 ( #2765, #1502, #3281 ),
 ( #164, #1726, #998 ),
 ( #1194, #740, #1776 ),
 ( #2779, #489, #1518 ),
 ( #2529, #2223, #2729 ),
 ( #1468, #1210, #3247 ),
 ( #2093, #2338, #2859 ),
 ( #1828, #1568, #2825 ),
 ( #522, #3095, #539 ),
 ( #774, #2565, #3300 ),
 ( #30, #1585, #2583 ),
 ( #2546, #1313, #265 ),
 ( #1013, #1062, #2613 ),
 ( #2810, #1552, #1602 ),
 ( #808, #2323, #791 ),
 ( #1813, #1842, #2078 ),
 ( #1076, #2841, #2795 ),
 ( #571, #313, #2304 ) ),
 .UNSPECIFIED., .F., .F., .T. ) 
 B_SPLINE_SURFACE_WITH_KNOTS ( ( 4, 2, 2, 2, 2, 2, 2, 2, 2, 2, 2, 2, 2, 2, 4 ),
 ( 3, 3 ),
 ( 0.000000000000000000, 0.004724178816899449879, 0.007086268225349180022, 0.008267312929574039890, 0.009448357633798899757, 0.01417253645069836004, 0.01653462585914810060, 0.01889671526759779951, 0.02362089408449724939, 0.02598298349294700035, 0.02716402819717185155, 0.02834507290139669927, 0.03306925171829615262, 0.03543134112674589664, 0.03779343053519560597 ),
 ( 0.000000000000000000, 1.000000000000000000 ),
 .UNSPECIFIED. ) 
 GEOMETRIC_REPRESENTATION_ITEM ( )  RATIONAL_B_SPLINE_SURFACE ( (
 ( 1.000000000000000000, 0.8285859169988000206, 1.000000000000000000),
 ( 1.000000000000000000, 0.8285848870319999504, 1.000000000000000000),
 ( 1.000000000000000000, 0.8272906764469108998, 1.000000000000000000),
 ( 1.000000000000000000, 0.8235712917329940375, 1.000000000000000000),
 ( 1.000000000000000000, 0.8220348613219340406, 1.000000000000000000),
 ( 1.000000000000000000, 0.8193026833342059723, 1.000000000000000000),
 ( 1.000000000000000000, 0.8183206868164829562, 1.000000000000000000),
 ( 1.000000000000000000, 0.8162169470123100679, 1.000000000000000000),
 ( 1.000000000000000000, 0.8150932000092979690, 1.000000000000000000),
 ( 1.000000000000000000, 0.8091931983874830481, 1.000000000000000000),
 ( 1.000000000000000000, 0.8035399995349239433, 1.000000000000000000),
 ( 1.000000000000000000, 0.7940389753279309959, 1.000000000000000000),
 ( 1.000000000000000000, 0.7907014250234909447, 1.000000000000000000),
 ( 1.000000000000000000, 0.7837499339690719991, 1.000000000000000000),
 ( 1.000000000000000000, 0.7801261844443420079, 1.000000000000000000),
 ( 1.000000000000000000, 0.7691521764618109991, 1.000000000000000000),
 ( 1.000000000000000000, 0.7616391877751590433, 1.000000000000000000),
 ( 1.000000000000000000, 0.7506172174928709140, 1.000000000000000000),
 ( 1.000000000000000000, 0.7469850709871860284, 1.000000000000000000),
 ( 1.000000000000000000, 0.7416775941682789419, 1.000000000000000000),
 ( 1.000000000000000000, 0.7399276645477970149, 1.000000000000000000),
 ( 1.000000000000000000, 0.7365163803766580086, 1.000000000000000000),
 ( 1.000000000000000000, 0.7348543550261970037, 1.000000000000000000),
 ( 1.000000000000000000, 0.7267912943715030272, 1.000000000000000000),
 ( 1.000000000000000000, 0.7211296625886209899, 1.000000000000000000),
 ( 1.000000000000000000, 0.7143937519586940343, 1.000000000000000000),
 ( 1.000000000000000000, 0.7124415536430079854, 1.000000000000000000),
 ( 1.000000000000000000, 0.7092247972785959975, 1.000000000000000000),
 ( 1.000000000000000000, 0.7079618553749249532, 1.000000000000000000),
 ( 1.000000000000000000, 0.7071067811865480168, 1.000000000000000000) ) ) 
 REPRESENTATION_ITEM ( '' )  SURFACE ( )  );
#3025 = ADVANCED_FACE ( 'NONE', ( #2115 ), #2538, .T. ) ;
#3026 = CARTESIAN_POINT ( 'NONE',  ( -55.67894520245199885, 24.36736956044205016, -123.4008820529442119 ) ) ;
#3027 = CARTESIAN_POINT ( 'NONE',  ( -53.56938141449139579, 5.602467909166169768, -132.0333333925740078 ) ) ;
#3028 = CARTESIAN_POINT ( 'NONE',  ( -58.95000000000000284, -29.25000000000000000, -100.5499999999999972 ) ) ;
#3029 = DIRECTION ( 'NONE',  ( 0.000000000000000000, 0.000000000000000000, 1.000000000000000000 ) ) ;
#3030 = B_SPLINE_CURVE_WITH_KNOTS ( 'NONE', 3,
 ( #2055, #311, #41, #2335, #2595, #2611, #1310, #1026, #1342, #2562, #2075, #1550, #2361, #3078, #789, #1074, #2105, #3062, #519, #3092, #2838, #1825, #56, #1566, #28, #1060, #2091, #821, #806, #1840, #597, #378, #1937, #2165, #1632, #2887 ),
 .UNSPECIFIED., .F., .F.,
 ( 4, 2, 2, 2, 1, 1, 2, 2, 2, 2, 1, 1, 1, 2, 2, 2, 1, 2, 2, 1, 1, 4 ),
 ( 0.000000000000000000, 0.1975355336729041900, 0.2469194170911301334, 0.2592653879456872090, 0.2716113588002441737, 0.2963033005093584360, 0.3950710673458203148, 0.4938388341822821936, 0.4969253268959226144, 0.5000118196095628686, 0.5061848050368432661, 0.5185307758914039500, 0.5432227176005276492, 0.5926066010187753808, 0.6913743678552679572, 0.7407582512735140234, 0.7469312367007941988, 0.7484744830576134378, 0.7500177294144326767, 0.7531042221280708215, 0.7654501929826256212, 0.7901421346917353317 ),
 .UNSPECIFIED. ) ;
#3031 = CARTESIAN_POINT ( 'NONE',  ( -53.91500294164610807, -11.96466873874359926, -131.1832687816088026 ) ) ;
#3032 = CARTESIAN_POINT ( 'NONE',  ( -56.07133442741239548, -12.40136379829412050, -131.1545665224902280 ) ) ;
#3033 = CARTESIAN_POINT ( 'NONE',  ( -56.29185575981846767, 22.71603144044021505, -126.1000191561445547 ) ) ;
#3034 = ORIENTED_EDGE ( 'NONE', *, *, #2609, .F. ) ;
#3035 = CARTESIAN_POINT ( 'NONE',  ( -57.89810917461017681, 25.10276768098628963, -123.8582525999040911 ) ) ;
#3036 = CARTESIAN_POINT ( 'NONE',  ( -56.51983349096533971, 18.78157016430242976, -128.8283156460696546 ) ) ;
#3037 = CARTESIAN_POINT ( 'NONE',  ( -56.08169490057733952, -21.04166980858206415, -127.3821798082923351 ) ) ;
#3038 = CARTESIAN_POINT ( 'NONE',  ( -55.38583545807584585, -10.07157561298887138, -132.0323250056854079 ) ) ;
#3039 = EDGE_LOOP ( 'NONE', ( #3215, #1560, #2292, #1768, #20, #2574 ) ) ;
#3040 = FACE_OUTER_BOUND ( 'NONE', #815, .T. ) ;
#3041 = CARTESIAN_POINT ( 'NONE',  ( -57.68027694308380404, -30.20130168386835123, -116.2982842626656037 ) ) ;
#3042 = CARTESIAN_POINT ( 'NONE',  ( -55.71957601256150383, 24.84025332267995267, -122.7464327392070089 ) ) ;
#3043 = CARTESIAN_POINT ( 'NONE',  ( -56.94755753548660238, 30.61364413552520247, -112.3230082986004135 ) ) ;
#3044 = CARTESIAN_POINT ( 'NONE',  ( -58.82212528043729804, -27.37747177608214955, -121.6495701117624009 ) ) ;
#3045 = CARTESIAN_POINT ( 'NONE',  ( -54.38252951848699723, -19.15694398443034885, -126.8747263011329949 ) ) ;
#3046 = FACE_OUTER_BOUND ( 'NONE', #2949, .T. ) ;
#3047 = CARTESIAN_POINT ( 'NONE',  ( -57.25351795174692171, -22.36052222064260064, -126.3851536526343864 ) ) ;
#3048 = CARTESIAN_POINT ( 'NONE',  ( -57.00000000000000000, 5.000000000000000000, -64.79999999999999716 ) ) ;
#3049 = ORIENTED_EDGE ( 'NONE', *, *, #819, .T. ) ;
#3050 = CARTESIAN_POINT ( 'NONE',  ( -56.75485787468430487, 29.59815517408550178, -115.1058265423515934 ) ) ;
#3051 = CARTESIAN_POINT ( 'NONE',  ( -55.82821775053923830, 14.42203925057776637, -130.8483345982851347 ) ) ;
#3052 = FACE_BOUND ( 'NONE', #3271, .T. ) ;
#3053 = CARTESIAN_POINT ( 'NONE',  ( -55.56302777763171719, -12.16004769839756605, -131.5682967710592095 ) ) ;
#3054 = ORIENTED_EDGE ( 'NONE', *, *, #784, .F. ) ;
#3055 = COLOUR_RGB ( '',0.7921568627450980005, 0.8196078431372548767, 0.9333333333333333481 ) ;
#3056 = CARTESIAN_POINT ( 'NONE',  ( -60.00000000000000000, 22.09615960404699919, -47.60163301958729676 ) ) ;
#3057 = AXIS2_PLACEMENT_3D ( 'NONE', #1992, #2964, #216 ) ;
#3058 = CARTESIAN_POINT ( 'NONE',  ( -57.07529723485930617, -27.68974658162720104, -120.6891713679079885 ) ) ;
#3059 = VERTEX_POINT ( 'NONE', #97 ) ;
#3060 = CARTESIAN_POINT ( 'NONE',  ( -55.72049563906860215, 24.85314092786700257, -122.7276826415359920 ) ) ;
#3061 = CARTESIAN_POINT ( 'NONE',  ( -56.78782175796679610, 29.75069797985375075, -114.7491227823170021 ) ) ;
#3062 = CARTESIAN_POINT ( 'NONE',  ( -57.56373610512129346, 29.69202702085607015, -117.3536729884930310 ) ) ;
#3063 = B_SPLINE_SURFACE_WITH_KNOTS ( 'NONE', 1, 3, ( 
 ( #1042, #486, #1582, #552, #3297, #262, #2578, #2807, #820, #1290, #1854, #2320, #2054, #2542, #231, #1327, #2334, #1257, #751, #1073, #1839, #788, #27, #536, #246, #1025, #2074, #1275, #1059 ),
 ( #2301, #2837, #2038, #3043, #1790, #2348, #3061, #40, #2104, #2792, #502, #1532, #3313, #771, #1810, #2822, #1565, #567, #3153, #2360, #1412, #2610, #1394, #2641, #2407, #854, #3187, #1117, #871 ) ),
 .UNSPECIFIED., .F., .F., .F.,
 ( 2, 2 ),
 ( 4, 2, 2, 2, 2, 2, 2, 2, 2, 2, 2, 2, 3, 4 ),
 ( 0.000000000000000000, 1.000000000000000000 ),
 ( 0.000000000000000000, 0.001964947795615934988, 0.003929895591231869975, 0.005894843386847809300, 0.007859791182463739950, 0.008351028131367730853, 0.008842265080271709612, 0.009333502029175700515, 0.009824738978079679275, 0.01080721287588763853, 0.01178968677369562033, 0.01375463456931153884, 0.01571958236492750072, 0.01810639939240290056 ),
 .UNSPECIFIED. ) ;
#3064 = CARTESIAN_POINT ( 'NONE',  ( -54.98913602185600524, -22.18233248503605282, -124.8075961484021974 ) ) ;
#3065 = CARTESIAN_POINT ( 'NONE',  ( -53.02428247405529049, -5.000000000000000000, -130.7147189345587890 ) ) ;
#3066 = CARTESIAN_POINT ( 'NONE',  ( -57.00000000000000000, -5.000000000000000000, -38.10000000000000142 ) ) ;
#3067 = CARTESIAN_POINT ( 'NONE',  ( -58.95000000000000284, 29.25000000000000000, -100.5499999999999972 ) ) ;
#3068 = ORIENTED_EDGE ( 'NONE', *, *, #822, .T. ) ;
#3069 = CARTESIAN_POINT ( 'NONE',  ( -56.53169537148569646, 28.63362411311880251, -117.1080806044231934 ) ) ;
#3070 = CARTESIAN_POINT ( 'NONE',  ( -60.00000000000000000, 31.73649191647999501, -109.7999999999999972 ) ) ;
#3071 = FACE_OUTER_BOUND ( 'NONE', #2878, .T. ) ;
#3072 = CARTESIAN_POINT ( 'NONE',  ( -56.07991747117818448, -16.20427007335414515, -130.1422772316413159 ) ) ;
#3073 = EDGE_LOOP ( 'NONE', ( #1183 ) ) ;
#3074 = LINE ( 'NONE', #785, #1540 ) ;
#3075 = CARTESIAN_POINT ( 'NONE',  ( -57.42254410205690363, -29.09871955211829686, -118.4618943095033927 ) ) ;
#3076 = CARTESIAN_POINT ( 'NONE',  ( -56.32328661450117835, -14.44384102129126823, -130.4806782695409595 ) ) ;
#3077 = CARTESIAN_POINT ( 'NONE',  ( -53.02428044953749975, 5.579496226908360335, -130.7147185289725826 ) ) ;
#3078 = CARTESIAN_POINT ( 'NONE',  ( -57.57559360368905743, 29.74283616509926631, -117.2532056294634657 ) ) ;
#3079 = CARTESIAN_POINT ( 'NONE',  ( -53.07995705796960095, -7.878519232803530059, -130.5731531375492125 ) ) ;
#3080 = DIRECTION ( 'NONE',  ( 0.000000000000000000, 1.000000000000000000, 0.000000000000000000 ) ) ;
#3081 = CARTESIAN_POINT ( 'NONE',  ( -56.22126769058559859, 24.19577038054189799, -124.7870823855620017 ) ) ;
#3082 = ORIENTED_EDGE ( 'NONE', *, *, #617, .T. ) ;
#3083 = LINE ( 'NONE', #2327, #379 ) ;
#3084 = CARTESIAN_POINT ( 'NONE',  ( -59.69646564775789699, 29.88010852094144809, -115.8705934258656072 ) ) ;
#3085 = CARTESIAN_POINT ( 'NONE',  ( -55.68166888151849747, 6.600307981302890425, -132.1507834965625818 ) ) ;
#3086 = CARTESIAN_POINT ( 'NONE',  ( -55.36189458091505600, -9.723702400740318552, -132.0942993272922763 ) ) ;
#3087 = VERTEX_POINT ( 'NONE', #2877 ) ;
#3088 = CARTESIAN_POINT ( 'NONE',  ( -60.00000000000000000, -32.20000000000000284, -99.77540333075850754 ) ) ;
#3089 = CARTESIAN_POINT ( 'NONE',  ( -57.74673304955769737, -30.50597170314459916, -115.6044937753888178 ) ) ;
#3090 = EDGE_CURVE ( 'NONE', #81, #3232, #341, .T. ) ;
#3091 = CARTESIAN_POINT ( 'NONE',  ( -53.29879581479509909, 11.27960904066153880, -130.0049400735284166 ) ) ;
#3092 = CARTESIAN_POINT ( 'NONE',  ( -57.53134144953232010, 29.55403979045985352, -117.6224363169902460 ) ) ;
#3093 = EDGE_CURVE ( 'NONE', #831, #863, #1534, .T. ) ;
#3094 = CARTESIAN_POINT ( 'NONE',  ( -54.35996180652340115, -19.03447523920500117, -126.9464297687825933 ) ) ;
#3095 = CARTESIAN_POINT ( 'NONE',  ( -59.07853451863115168, -27.97201447034620614, -120.2836167934292888 ) ) ;
#3096 = EDGE_CURVE ( 'NONE', #794, #2531, #441, .T. ) ;
#3097 = CARTESIAN_POINT ( 'NONE',  ( -56.91679176687919295, 30.42022995062815127, -112.9381938585393925 ) ) ;
#3098 = ORIENTED_EDGE ( 'NONE', *, *, #2507, .T. ) ;
#3099 = B_SPLINE_CURVE_WITH_KNOTS ( 'NONE', 3,
 ( #1478, #1222, #940, #1716, #431, #2723 ),
 .UNSPECIFIED., .F., .F.,
 ( 4, 2, 4 ),
 ( 4.167070879219667381E-05, 0.006035626104744828795, 0.01202958150069746192 ),
 .UNSPECIFIED. ) ;
#3100 = DIRECTION ( 'NONE',  ( 0.000000000000000000, -1.734723475976804876E-16, 1.000000000000000000 ) ) ;
#3101 = CARTESIAN_POINT ( 'NONE',  ( -59.99985956691347866, -24.71799823114655226, -46.04316930150685749 ) ) ;
#3102 = CYLINDRICAL_SURFACE ( 'NONE', #2577, 27.70000000000000284 ) ;
#3103 = CARTESIAN_POINT ( 'NONE',  ( -56.10441945771231076, -23.94243667111905793, -124.9277682962123777 ) ) ;
#3104 = VERTEX_POINT ( 'NONE', #589 ) ;
#3105 = CARTESIAN_POINT ( 'NONE',  ( -53.63658167965814272, -14.41835817891935356, -129.0906571256819859 ) ) ;
#3106 = CYLINDRICAL_SURFACE ( 'NONE', #655, 0.5000000000000004441 ) ;
#3107 = CARTESIAN_POINT ( 'NONE',  ( -53.37594619985720357, 12.11736953463577926, -129.8003484926357771 ) ) ;
#3108 = DIRECTION ( 'NONE',  ( 1.000000000000000000, 0.000000000000000000, 0.000000000000000000 ) ) ;
#3109 = AXIS2_PLACEMENT_3D ( 'NONE', #1936, #956, #3005 ) ;
#3110 = CARTESIAN_POINT ( 'NONE',  ( -53.40363421344480344, -12.39395216420700052, -129.7263338136700099 ) ) ;
#3111 = DIRECTION ( 'NONE',  ( -1.000000000000000000, 0.000000000000000000, 0.000000000000000000 ) ) ;
#3112 = CARTESIAN_POINT ( 'NONE',  ( -55.81584902607310283, 25.78500908784820211, -121.3688204755733864 ) ) ;
#3113 = CARTESIAN_POINT ( 'NONE',  ( -59.26832962841800168, 30.65085136354799999, -115.2863507548661914 ) ) ;
#3114 = CARTESIAN_POINT ( 'NONE',  ( -59.50000000000000000, -5.000000000000000000, -37.60000000000000142 ) ) ;
#3115 = CARTESIAN_POINT ( 'NONE',  ( -59.99858689206690343, -24.64976633392113925, -45.93638001032155671 ) ) ;
#3116 = CARTESIAN_POINT ( 'NONE',  ( -60.00000000000000000, 32.20000000000000284, -109.7999999999999972 ) ) ;
#3117 = VERTEX_POINT ( 'NONE', #352 ) ;
#3118 = CARTESIAN_POINT ( 'NONE',  ( -53.43384618705478317, -12.69411106353270924, -129.6454489103245749 ) ) ;
#3119 = CARTESIAN_POINT ( 'NONE',  ( -58.82930378260957127, -28.80469771119470224, -118.9643485664341966 ) ) ;
#3120 = AXIS2_PLACEMENT_3D ( 'NONE', #1744, #1015, #2256 ) ;
#3121 = CARTESIAN_POINT ( 'NONE',  ( -53.59565687203183160, -7.334225431966846287, -131.9712589566239558 ) ) ;
#3122 = CARTESIAN_POINT ( 'NONE',  ( -53.48728421275750122, -16.12685780662535251, -129.5087141321520221 ) ) ;
#3123 = CARTESIAN_POINT ( 'NONE',  ( -55.64657401566229566, -23.93062901288669764, -123.9933771485801941 ) ) ;
#3124 = CARTESIAN_POINT ( 'NONE',  ( -55.12270101924060839, 19.95594704869445124, -127.8499990143290006 ) ) ;
#3125 = CARTESIAN_POINT ( 'NONE',  ( -56.37616090066670438, 28.00167717675165235, -118.2111880231200018 ) ) ;
#3126 = CIRCLE ( 'NONE', #1267, 0.4999999999999972244 ) ;
#3127 = CARTESIAN_POINT ( 'NONE',  ( -59.51715209643739968, 29.99276975404849921, -117.5276154053911881 ) ) ;
#3128 = CARTESIAN_POINT ( 'NONE',  ( -59.99388925257979110, -24.47359184311929425, -45.69959708494253192 ) ) ;
#3129 = CARTESIAN_POINT ( 'NONE',  ( -59.50000000000000000, -32.22797154729765623, -109.8919117647059949 ) ) ;
#3130 = CARTESIAN_POINT ( 'NONE',  ( -56.99999748671367428, -27.38718816206555573, -121.1126885092710523 ) ) ;
#3131 = VERTEX_POINT ( 'NONE', #814 ) ;
#3132 = EDGE_CURVE ( 'NONE', #1978, #3232, #562, .T. ) ;
#3133 = CARTESIAN_POINT ( 'NONE',  ( -56.25146781214060354, -13.91170856997899996, -130.6756639184953883 ) ) ;
#3134 = CARTESIAN_POINT ( 'NONE',  ( -56.24879863040813888, -13.88490633596065038, -130.6824160825820513 ) ) ;
#3135 = CARTESIAN_POINT ( 'NONE',  ( -57.99025091082729233, -31.94395975407315191, -111.2611728051639943 ) ) ;
#3136 = VERTEX_POINT ( 'NONE', #1622 ) ;
#3137 = CARTESIAN_POINT ( 'NONE',  ( -57.08127135852009815, -18.98224332268431525, -128.2863913030793412 ) ) ;
#3138 = FACE_BOUND ( 'NONE', #1693, .T. ) ;
#3139 = AXIS2_PLACEMENT_3D ( 'NONE', #689, #2961, #3262 ) ;
#3140 = EDGE_CURVE ( 'NONE', #2688, #1934, #2076, .T. ) ;
#3141 = CARTESIAN_POINT ( 'NONE',  ( -55.69882091893470033, -24.58068514135614890, -123.1134384578209904 ) ) ;
#3142 = CARTESIAN_POINT ( 'NONE',  ( -55.90166246496170288, 23.51303481801344830, -125.2759721974169906 ) ) ;
#3143 = CARTESIAN_POINT ( 'NONE',  ( -57.16229501270141355, -20.08966607482220468, -128.0427051319680345 ) ) ;
#3144 = CARTESIAN_POINT ( 'NONE',  ( -60.00000000000000000, -5.000000000000000000, -104.8000000000000114 ) ) ;
#3145 = SURFACE_SIDE_STYLE ('',( #896 ) ) ;
#3146 = CARTESIAN_POINT ( 'NONE',  ( -58.50117178831239784, 25.20181249294499892, -123.1411731365648023 ) ) ;
#3147 = DIRECTION ( 'NONE',  ( 0.000000000000000000, 0.000000000000000000, -1.000000000000000000 ) ) ;
#3148 = ORIENTED_EDGE ( 'NONE', *, *, #819, .F. ) ;
#3149 = CARTESIAN_POINT ( 'NONE',  ( -56.15838995034075509, 13.17507736641750604, -130.9252672226740799 ) ) ;
#3150 = FACE_OUTER_BOUND ( 'NONE', #2706, .T. ) ;
#3151 = ORIENTED_EDGE ( 'NONE', *, *, #1466, .T. ) ;
#3152 = CARTESIAN_POINT ( 'NONE',  ( -57.38620359304950114, -28.94929812999034979, -118.7194202637084004 ) ) ;
#3153 = CARTESIAN_POINT ( 'NONE',  ( -56.20274298317219319, 27.31072483959914976, -119.3039016914801920 ) ) ;
#3154 = CARTESIAN_POINT ( 'NONE',  ( -54.31898045230389727, -5.000000000000000000, -132.3444444444444059 ) ) ;
#3155 = CARTESIAN_POINT ( 'NONE',  ( -55.95203832791399634, -26.36773720498165119, -120.6803439705591927 ) ) ;
#3156 = CARTESIAN_POINT ( 'NONE',  ( -56.52066055277409617, 26.02964293336025037, -122.8405655808151948 ) ) ;
#3157 = CARTESIAN_POINT ( 'NONE',  ( -58.88428796592929615, -26.68410043058110048, -121.3356680179484073 ) ) ;
#3158 = COLOUR_RGB ( '',0.7921568627450980005, 0.8196078431372548767, 0.9333333333333333481 ) ;
#3159 = DIRECTION ( 'NONE',  ( 1.000000000000000000, 0.000000000000000000, 0.000000000000000000 ) ) ;
#3160 = CARTESIAN_POINT ( 'NONE',  ( -60.00000000000000000, 32.54995462791185190, -109.7999999999999972 ) ) ;
#3161 = CARTESIAN_POINT ( 'NONE',  ( -56.63873769597620367, 17.35249864082622295, -129.6062687753387763 ) ) ;
#3162 = CARTESIAN_POINT ( 'NONE',  ( -55.08728053444577455, -13.03256388759900197, -131.3140955068348319 ) ) ;
#3163 = CARTESIAN_POINT ( 'NONE',  ( -56.28580401827898783, -24.55916442348174300, -124.3706036286620673 ) ) ;
#3164 = EDGE_LOOP ( 'NONE', ( #2281 ) ) ;
#3165 = EDGE_CURVE ( 'NONE', #3318, #3318, #2017, .T. ) ;
#3166 = DIRECTION ( 'NONE',  ( -1.000000000000000000, 0.000000000000000000, 0.000000000000000000 ) ) ;
#3167 = CARTESIAN_POINT ( 'NONE',  ( -59.36821131624544989, -31.15383854580024448, -113.9278221247167835 ) ) ;
#3168 = ORIENTED_EDGE ( 'NONE', *, *, #2057, .T. ) ;
#3169 = CARTESIAN_POINT ( 'NONE',  ( -55.25192718432769823, -23.50274765130659915, -123.8196024149378047 ) ) ;
#3170 = DIRECTION ( 'NONE',  ( -1.000000000000000000, 0.000000000000000000, 0.000000000000000000 ) ) ;
#3171 = CARTESIAN_POINT ( 'NONE',  ( -56.92055120342788399, -20.81765623389594566, -127.5396571905300647 ) ) ;
#3172 = AXIS2_PLACEMENT_3D ( 'NONE', #1379, #714, #2674 ) ;
#3173 = CARTESIAN_POINT ( 'NONE',  ( -56.34686589946429791, -28.01355503922834700, -118.4041096754860121 ) ) ;
#3174 = CARTESIAN_POINT ( 'NONE',  ( -56.66975263803200136, 26.61296410117934741, -122.1780338430016002 ) ) ;
#3175 = CARTESIAN_POINT ( 'NONE',  ( -57.58731402335988747, -22.03829934949376579, -126.6544377669649180 ) ) ;
#3176 = DIRECTION ( 'NONE',  ( -1.000000000000000000, 0.000000000000000000, 0.000000000000000000 ) ) ;
#3177 = CARTESIAN_POINT ( 'NONE',  ( -57.87999545077030206, 25.03294731010995022, -123.9469633713109999 ) ) ;
#3178 = CARTESIAN_POINT ( 'NONE',  ( -53.02428224778392263, 5.977591147513901859, -130.7147195082158646 ) ) ;
#3179 = EDGE_LOOP ( 'NONE', ( #2466 ) ) ;
#3180 = CARTESIAN_POINT ( 'NONE',  ( -55.20335134769580065, -6.628083100560090202, -132.5000000000000000 ) ) ;
#3181 = CARTESIAN_POINT ( 'NONE',  ( -55.34540417772362275, 9.471129200518964453, -132.1369275632719678 ) ) ;
#3182 = EDGE_CURVE ( 'NONE', #801, #715, #434, .T. ) ;
#3183 = CARTESIAN_POINT ( 'NONE',  ( -55.41928396169343785, 16.06277219452304905, -130.1949869726951476 ) ) ;
#3184 = ORIENTED_EDGE ( 'NONE', *, *, #673, .F. ) ;
#3185 = B_SPLINE_CURVE_WITH_KNOTS ( 'NONE', 3,
 ( #3254, #1429, #2183, #1137, #3171, #890, #397, #3188, #2441, #1920, #2573, #1252, #800, #225, #1285, #1527, #2555, #530, #1802, #2261, #2314, #3072, #2033, #3, #1559, #1054, #275, #2754, #19, #2067, #986, #1005, #2084, #463, #3053, #3270, #1303, #2330, #3038, #1037, #746, #3086, #2817, #2801, #1782, #1493, #2786 ),
 .UNSPECIFIED., .F., .F.,
 ( 4, 2, 2, 2, 1, 2, 2, 1, 2, 2, 1, 2, 2, 2, 1, 2, 2, 1, 1, 2, 2, 2, 2, 2, 1, 2, 4 ),
 ( 0.5461564125319471330, 0.5603390246403233688, 0.5621118511538707452, 0.5638846776674181216, 0.5674303306945117642, 0.5745216367487002707, 0.6028868609654544075, 0.6170694730738320866, 0.6241607791280203710, 0.6277064321551146797, 0.6312520851822088774, 0.6596173093989580183, 0.7163477578324561890, 0.7447129820492052188, 0.7482586350762991945, 0.7491450483330729382, 0.7500314615898466819, 0.7518042881033939473, 0.7588955941575821207, 0.7730782062659592446, 0.8298086546994691837, 0.8581738789162240977, 0.8723564910246015547, 0.8759021440516960855, 0.8794477970787906163, 0.8865391031329794558, 1.000000000000000000 ),
 .UNSPECIFIED. ) ;
#3186 = CARTESIAN_POINT ( 'NONE',  ( -57.91533147036019358, -31.37229537541815105, -113.3001230035044102 ) ) ;
#3187 = CARTESIAN_POINT ( 'NONE',  ( -55.25193548902380059, 23.50278228016134818, -123.8195697015976009 ) ) ;
#3188 = CARTESIAN_POINT ( 'NONE',  ( -56.89765054821092605, -20.70725488323589403, -127.6161039282741569 ) ) ;
#3189 = ADVANCED_FACE ( 'NONE', ( #2205 ), #1911, .T. ) ;
#3190 = CARTESIAN_POINT ( 'NONE',  ( -56.99999999999981526, -19.72549677228641229, -128.1590078384592744 ) ) ;
#3191 = CARTESIAN_POINT ( 'NONE',  ( -56.47026796073250665, 25.83109900817884963, -123.0565641264011987 ) ) ;
#3192 = CARTESIAN_POINT ( 'NONE',  ( -59.20956333135939786, -30.35985455198429861, -116.0573630174382060 ) ) ;
#3193 = CARTESIAN_POINT ( 'NONE',  ( -55.49733015616299525, -24.51075186743430123, -122.8102362540700057 ) ) ;
#3194 = EDGE_CURVE ( 'NONE', #3255, #208, #2554, .T. ) ;
#3195 = EDGE_CURVE ( 'NONE', #1663, #1352, #125, .T. ) ;
#3196 = CARTESIAN_POINT ( 'NONE',  ( -57.54260106070830005, 22.33410850434375305, -126.8040625345406056 ) ) ;
#3197 = CARTESIAN_POINT ( 'NONE',  ( -56.45930099611722142, 16.26347501047567690, -130.1097941880871929 ) ) ;
#3198 = CARTESIAN_POINT ( 'NONE',  ( -55.12119950289655179, 22.83758947935069017, -124.3605943957422397 ) ) ;
#3199 = ORIENTED_EDGE ( 'NONE', *, *, #1072, .T. ) ;
#3200 = CARTESIAN_POINT ( 'NONE',  ( -56.11353785190139831, -12.78039390023879918, -131.0435217433393973 ) ) ;
#3201 = LINE ( 'NONE', #1712, #2629 ) ;
#3202 = CARTESIAN_POINT ( 'NONE',  ( -56.14149753119077246, 21.49174496868998574, -127.0623823692808259 ) ) ;
#3203 = ORIENTED_EDGE ( 'NONE', *, *, #220, .F. ) ;
#3204 = DIRECTION ( 'NONE',  ( -1.000000000000000000, 0.000000000000000000, 0.000000000000000000 ) ) ;
#3205 = CARTESIAN_POINT ( 'NONE',  ( -57.94057490770997987, -22.93094402897906292, -125.3886335980657094 ) ) ;
#3206 = CARTESIAN_POINT ( 'NONE',  ( -55.72814516797370743, 23.08376368311125049, -125.4443032917770040 ) ) ;
#3207 = CARTESIAN_POINT ( 'NONE',  ( -53.87473738713010363, 16.13831503103119758, -128.4165057772097782 ) ) ;
#3208 = CARTESIAN_POINT ( 'NONE',  ( -59.42422289044139916, -31.45621284038895027, -113.0470988228603915 ) ) ;
#3209 = CARTESIAN_POINT ( 'NONE',  ( -55.66724505634339693, 58.50000000000000000, -132.1865546218488134 ) ) ;
#3210 = AXIS2_PLACEMENT_3D ( 'NONE', #1491, #238, #204 ) ;
#3211 = CONICAL_SURFACE ( 'NONE', #2736, 27.70000000000000284, 0.7853981633974518317 ) ;
#3212 = CARTESIAN_POINT ( 'NONE',  ( -52.70361936290089488, 8.278687373450630105, -131.5120404507456158 ) ) ;
#3213 = CARTESIAN_POINT ( 'NONE',  ( -56.28982260983913477, 15.15440695751157563, -130.5747958493870442 ) ) ;
#3214 = CARTESIAN_POINT ( 'NONE',  ( -53.10354714615910865, 8.403453107519418097, -130.5127068187578914 ) ) ;
#3215 = ORIENTED_EDGE ( 'NONE', *, *, #769, .F. ) ;
#3216 = CARTESIAN_POINT ( 'NONE',  ( -57.72280296475823036, 24.38081371957080634, -124.5907927843342833 ) ) ;
#3217 = DIRECTION ( 'NONE',  ( 0.000000000000000000, -1.000000000000000000, 0.000000000000000000 ) ) ;
#3218 = CARTESIAN_POINT ( 'NONE',  ( -56.28982260983913477, 15.15440695751157563, -130.5747958493870442 ) ) ;
#3219 = CARTESIAN_POINT ( 'NONE',  ( -56.43561747199387213, 24.14714966873568613, -124.8390331393674586 ) ) ;
#3220 = ORIENTED_EDGE ( 'NONE', *, *, #180, .T. ) ;
#3221 = CARTESIAN_POINT ( 'NONE',  ( -57.59989805106529559, -29.84402515088025254, -117.0689879946566094 ) ) ;
#3222 = CARTESIAN_POINT ( 'NONE',  ( -59.80998537759153777, -30.39552725197493288, -114.5945470623595952 ) ) ;
#3223 = CARTESIAN_POINT ( 'NONE',  ( -57.00000000000000000, 31.69999999999999929, -64.79999999999999716 ) ) ;
#3224 = CARTESIAN_POINT ( 'NONE',  ( -53.57715811819259955, 6.202628198420169880, -132.0146648353049841 ) ) ;
#3225 = EDGE_CURVE ( 'NONE', #3104, #2813, #2997, .T. ) ;
#3226 = LINE ( 'NONE', #1225, #2756 ) ;
#3227 = CARTESIAN_POINT ( 'NONE',  ( -59.99624522171607310, 23.87640576312608331, -45.12878125498783533 ) ) ;
#3228 = AXIS2_PLACEMENT_3D ( 'NONE', #2605, #2383, #2649 ) ;
#3229 = CARTESIAN_POINT ( 'NONE',  ( -56.12134831611189156, 28.32191607018184953, -119.7903083262343955 ) ) ;
#3230 = CARTESIAN_POINT ( 'NONE',  ( -56.11353785190139831, -12.78039390023879918, -131.0435217433393973 ) ) ;
#3231 = CARTESIAN_POINT ( 'NONE',  ( -53.65048952979062591, 14.53167651769021340, -129.0524733598724083 ) ) ;
#3232 = VERTEX_POINT ( 'NONE', #2306 ) ;
#3233 = CARTESIAN_POINT ( 'NONE',  ( -59.32447723398651362, 30.93002516574286886, -114.5430472426614728 ) ) ;
#3234 = CIRCLE ( 'NONE', #3294, 27.70000000000000284 ) ;
#3235 = CARTESIAN_POINT ( 'NONE',  ( -60.00000000000000000, -32.20000000000000284, -101.3245966692414015 ) ) ;
#3236 = CARTESIAN_POINT ( 'NONE',  ( -55.47679547735850036, 11.40470602694942137, -131.7968840983947985 ) ) ;
#3237 = EDGE_CURVE ( 'NONE', #1405, #1808, #564, .T. ) ;
#3238 = ORIENTED_EDGE ( 'NONE', *, *, #822, .F. ) ;
#3239 = EDGE_CURVE ( 'NONE', #1538, #1538, #3285, .T. ) ;
#3240 = CARTESIAN_POINT ( 'NONE',  ( -55.74808864766129801, -25.51468120796170069, -121.6806823092150012 ) ) ;
#3241 = CARTESIAN_POINT ( 'NONE',  ( -57.16383293722963543, -19.39895698969876747, -128.0294927861438623 ) ) ;
#3242 = CARTESIAN_POINT ( 'NONE',  ( -55.65224031183540632, 24.05453296296780152, -123.8181599244324076 ) ) ;
#3243 = CARTESIAN_POINT ( 'NONE',  ( -54.56614932067559920, 20.12374889154530067, -126.2791325281623926 ) ) ;
#3244 = CARTESIAN_POINT ( 'NONE',  ( -55.47750047790619732, -8.278625015277359722, -132.6547624197433777 ) ) ;
#3245 = CARTESIAN_POINT ( 'NONE',  ( -56.49584132212149967, -28.48756979295914959, -117.3657378064985863 ) ) ;
#3246 = CARTESIAN_POINT ( 'NONE',  ( -55.53497680358949395, -21.91114483132430024, -126.5417859047306166 ) ) ;
#3247 = CARTESIAN_POINT ( 'NONE',  ( -58.75876071348610452, -26.20293569054825156, -121.9565418720782048 ) ) ;
#3248 = CARTESIAN_POINT ( 'NONE',  ( -60.02454253623329805, 32.70000000000000284, -104.8000000000000114 ) ) ;
#3249 = EDGE_LOOP ( 'NONE', ( #2667, #2486, #149, #665 ) ) ;
#3250 = CARTESIAN_POINT ( 'NONE',  ( -58.27233382391842298, 26.60403452532822755, -122.1393181771152854 ) ) ;
#3251 = EDGE_CURVE ( 'NONE', #306, #1732, #106, .T. ) ;
#3252 = CARTESIAN_POINT ( 'NONE',  ( -55.89003973545717230, 14.88859363996556873, -130.6772014133767073 ) ) ;
#3253 = CARTESIAN_POINT ( 'NONE',  ( -58.50117178831239784, 25.20181249294499892, -123.1411731365648023 ) ) ;
#3254 = CARTESIAN_POINT ( 'NONE',  ( -57.00000001498714397, -21.19594131745070342, -127.2717737471032393 ) ) ;
#3255 = VERTEX_POINT ( 'NONE', #506 ) ;
#3256 = EDGE_CURVE ( 'NONE', #1709, #2434, #1968, .T. ) ;
#3257 = CARTESIAN_POINT ( 'NONE',  ( -56.33682032808238205, 24.74649517679248234, -124.1928081693084351 ) ) ;
#3258 = LINE ( 'NONE', #1460, #7 ) ;
#3259 = LINE ( 'NONE', #3223, #2945 ) ;
#3260 = CARTESIAN_POINT ( 'NONE',  ( -54.45084560497679860, 19.52242131624054977, -126.6556079198579994 ) ) ;
#3261 = CARTESIAN_POINT ( 'NONE',  ( -59.87275827920460358, -31.53349909315025101, -113.7797059977042125 ) ) ;
#3262 = DIRECTION ( 'NONE',  ( 0.000000000000000000, 0.000000000000000000, 1.000000000000000000 ) ) ;
#3263 = CARTESIAN_POINT ( 'NONE',  ( -54.08691111609810775, -13.53956613584175983, -130.7456423327955974 ) ) ;
#3264 = CARTESIAN_POINT ( 'NONE',  ( -57.02547389334947781, -19.41894144134143474, -128.4647059593741290 ) ) ;
#3265 = EDGE_LOOP ( 'NONE', ( #2671, #226, #1884, #2095 ) ) ;
#3266 = VECTOR ( 'NONE', #1282, 1000.000000000000000 ) ;
#3267 = CARTESIAN_POINT ( 'NONE',  ( -57.59633033862743190, 23.85345882111353077, -125.0995835760088681 ) ) ;
#3268 = CARTESIAN_POINT ( 'NONE',  ( -59.99154802623272786, -32.29154540642431925, -100.5580994918659457 ) ) ;
#3269 = CARTESIAN_POINT ( 'NONE',  ( -59.69646564775789699, 29.88010852094144809, -115.8705934258656072 ) ) ;
#3270 = CARTESIAN_POINT ( 'NONE',  ( -55.46738220495359428, -11.11023986449553114, -131.8200752694184530 ) ) ;
#3271 = EDGE_LOOP ( 'NONE', ( #1376 ) ) ;
#3272 = EDGE_CURVE ( 'NONE', #1509, #2225, #1297, .T. ) ;
#3273 = AXIS2_PLACEMENT_3D ( 'NONE', #2143, #3217, #409 ) ;
#3274 = CARTESIAN_POINT ( 'NONE',  ( -56.19544195714206580, 24.24303840816632416, -124.6616866744229242 ) ) ;
#3275 = DIRECTION ( 'NONE',  ( 1.000000000000000000, 0.000000000000000000, 0.000000000000000000 ) ) ;
#3276 = CARTESIAN_POINT ( 'NONE',  ( -56.26713084819834876, -14.02548848007333504, -130.6329762925440718 ) ) ;
#3277 = CARTESIAN_POINT ( 'NONE',  ( -53.49185891010279903, 13.21602141218880000, -129.4883063987028038 ) ) ;
#3278 = LINE ( 'NONE', #2477, #612 ) ;
#3279 = CARTESIAN_POINT ( 'NONE',  ( -59.99481060087511253, 24.50521794843827550, -45.73953653692785792 ) ) ;
#3280 = CARTESIAN_POINT ( 'NONE',  ( -54.52392294614420365, 21.68700390086570096, -126.4239057656116074 ) ) ;
#3281 = CARTESIAN_POINT ( 'NONE',  ( -57.25726488913809931, -19.86830758656845219, -127.7395368874779962 ) ) ;
#3282 = CARTESIAN_POINT ( 'NONE',  ( -56.08067658672059252, 21.03401079535696283, -127.3876184151713176 ) ) ;
#3283 = CARTESIAN_POINT ( 'NONE',  ( -58.95000000000000284, 22.09615960404699919, -45.60163301958728965 ) ) ;
#3284 = ORIENTED_EDGE ( 'NONE', *, *, #569, .F. ) ;
#3285 = CIRCLE ( 'NONE', #1859, 2.000000000000001776 ) ;
#3286 = CARTESIAN_POINT ( 'NONE',  ( -57.30987533263139966, 22.61145589466022088, -126.1806279404681135 ) ) ;
#3287 = CARTESIAN_POINT ( 'NONE',  ( -56.35662436551798748, 17.87764132820202079, -129.3275310502799300 ) ) ;
#3288 = CARTESIAN_POINT ( 'NONE',  ( -56.48597381889059932, -25.30067114918535154, -123.6460274565392012 ) ) ;
#3289 = CARTESIAN_POINT ( 'NONE',  ( -57.00000000000000711, 19.04184976787249894, -128.4379798689737413 ) ) ;
#3290 = EDGE_LOOP ( 'NONE', ( #2257, #2482, #2827, #867 ) ) ;
#3291 = EDGE_CURVE ( 'NONE', #2818, #268, #832, .T. ) ;
#3292 = CARTESIAN_POINT ( 'NONE',  ( -56.98915975954739821, -30.95507954099315029, -111.0749472328664069 ) ) ;
#3293 = CARTESIAN_POINT ( 'NONE',  ( -57.60178442235719842, -29.85489463441705027, -117.0324595523022140 ) ) ;
#3294 = AXIS2_PLACEMENT_3D ( 'NONE', #2163, #395, #2423 ) ;
#3295 = CARTESIAN_POINT ( 'NONE',  ( -55.68193379753439842, 24.39796096171075135, -123.3603827370455974 ) ) ;
#3296 = EDGE_CURVE ( 'NONE', #2639, #2986, #1259, .T. ) ;
#3297 = CARTESIAN_POINT ( 'NONE',  ( -57.91533197331559535, 31.37229848810444466, -113.3001131829496018 ) ) ;
#3298 = DIRECTION ( 'NONE',  ( 0.000000000000000000, 0.000000000000000000, 1.000000000000000000 ) ) ;
#3299 = CARTESIAN_POINT ( 'NONE',  ( -57.04580920129149746, -28.06653748662800041, -120.3139006957299841 ) ) ;
#3300 = CARTESIAN_POINT ( 'NONE',  ( -59.23279562238079876, -28.02216687791995042, -119.3702820454249860 ) ) ;
#3301 = CARTESIAN_POINT ( 'NONE',  ( -54.78292239404329678, 9.160818057278081739, -132.2517391263990305 ) ) ;
#3302 = CARTESIAN_POINT ( 'NONE',  ( -57.00000000000000000, -22.09615960404705248, -45.60163301958728965 ) ) ;
#3303 = EDGE_LOOP ( 'NONE', ( #475, #2748, #412, #3148 ) ) ;
#3304 = CARTESIAN_POINT ( 'NONE',  ( -56.99205748660849480, 30.99674508752480051, -110.8949980396989901 ) ) ;
#3305 = CARTESIAN_POINT ( 'NONE',  ( -56.49544912399525032, 18.64941117543387961, -128.9036519146635840 ) ) ;
#3306 = CARTESIAN_POINT ( 'NONE',  ( -55.31510928363110224, 9.040523343468018780, -132.2154094204216221 ) ) ;
#3307 = CARTESIAN_POINT ( 'NONE',  ( -57.00000002218695272, 18.56012324673653779, -128.5349939456381776 ) ) ;
#3308 = ORIENTED_EDGE ( 'NONE', *, *, #520, .F. ) ;
#3309 = DIRECTION ( 'NONE',  ( -1.000000000000000000, 0.000000000000000000, 0.000000000000000000 ) ) ;
#3310 = AXIS2_PLACEMENT_3D ( 'NONE', #2478, #2462, #1192 ) ;
#3311 = CYLINDRICAL_SURFACE ( 'NONE', #1085, 27.70000000000000284 ) ;
#3312 = CARTESIAN_POINT ( 'NONE',  ( -55.66724505634325482, -6.190238487870407980, -132.1865546218489555 ) ) ;
#3313 = CARTESIAN_POINT ( 'NONE',  ( -56.43726051002280286, 28.24842855227645089, -117.7909806731329923 ) ) ;
#3314 = DIRECTION ( 'NONE',  ( 1.000000000000000000, 0.000000000000000000, 0.000000000000000000 ) ) ;
#3315 = CARTESIAN_POINT ( 'NONE',  ( -53.25159472738499744, -10.71659196925340041, -130.1290920799079913 ) ) ;
#3316 = PLANE ( 'NONE',  #1134 ) ;
#3317 = CARTESIAN_POINT ( 'NONE',  ( -55.60579666478000149, 24.94756711972895147, -122.3396193649055874 ) ) ;
#3318 = VERTEX_POINT ( 'NONE', #3302 ) ;
#3319 = CARTESIAN_POINT ( 'NONE',  ( -57.00000000000000000, -31.22765715804595033, -109.7999999999999972 ) ) ;
ENDSEC;
END-ISO-10303-21;
