ISO-10303-21;
HEADER;
FILE_DESCRIPTION (( 'STEP AP214' ),
    '1' );
FILE_NAME ('MirrorASV1_500_25A.step.STEP',
    '2026-08-01T06:59:39',
    ( '' ),
    ( '' ),
    'SwSTEP 2.0',
    'SolidWorks 2025',
    '' );
FILE_SCHEMA (( 'AUTOMOTIVE_DESIGN' ));
ENDSEC;

DATA;
#1 = DIRECTION ( 'NONE',  ( -1.000000000000000000, 0.000000000000000000, 0.000000000000000000 ) ) ;
#2 = ORIENTED_EDGE ( 'NONE', *, *, #877, .T. ) ;
#3 = ORIENTED_EDGE ( 'NONE', *, *, #225, .F. ) ;
#4 = SURFACE_SIDE_STYLE ('',( #1540 ) ) ;
#5 = VECTOR ( 'NONE', #2068, 1000.000000000000000 ) ;
#6 = CARTESIAN_POINT ( 'NONE',  ( -13.93069763195316035, -28.50730116731079988, 23.67330000000000112 ) ) ;
#7 = AXIS2_PLACEMENT_3D ( 'NONE', #590, #1926, #134 ) ;
#8 = VECTOR ( 'NONE', #1088, 1000.000000000000000 ) ;
#9 = ORIENTED_EDGE ( 'NONE', *, *, #12, .T. ) ;
#10 = CYLINDRICAL_SURFACE ( 'NONE', #153, 25.00000000000000000 ) ;
#11 = EDGE_CURVE ( 'NONE', #422, #2620, #2132, .T. ) ;
#12 = EDGE_CURVE ( 'NONE', #1971, #397, #1073, .T. ) ;
#13 = DIRECTION ( 'NONE',  ( 0.000000000000000000, 0.000000000000000000, -1.000000000000000000 ) ) ;
#14 = DIRECTION ( 'NONE',  ( -1.000000000000000000, 0.000000000000000000, 0.000000000000000000 ) ) ;
#15 = VECTOR ( 'NONE', #737, 1000.000000000000000 ) ;
#16 = FACE_BOUND ( 'NONE', #619, .T. ) ;
#17 = ORIENTED_EDGE ( 'NONE', *, *, #1105, .F. ) ;
#18 = EDGE_LOOP ( 'NONE', ( #2813, #1879, #1689, #788 ) ) ;
#19 = CARTESIAN_POINT ( 'NONE',  ( 30.71523765055459876, -11.11718253966864012, 100.7799800330888047 ) ) ;
#20 = CARTESIAN_POINT ( 'NONE',  ( -24.66749188647328594, 4.063851645878893137, 39.82191957095077584 ) ) ;
#21 = CARTESIAN_POINT ( 'NONE',  ( 31.00802126143384996, -10.46539076089329967, 23.67330000000000112 ) ) ;
#22 = VERTEX_POINT ( 'NONE', #1684 ) ;
#23 = CYLINDRICAL_SURFACE ( 'NONE', #753, 2.099999999999997868 ) ;
#24 = DIRECTION ( 'NONE',  ( 0.7293780760332820856, -0.6841108259646150325, 0.000000000000000000 ) ) ;
#25 = CARTESIAN_POINT ( 'NONE',  ( 32.41880771959155538, 6.723940817478050391, 44.34660000000000224 ) ) ;
#26 = CARTESIAN_POINT ( 'NONE',  ( -11.50000000000000000, 22.00000000000000000, 44.34660000000000224 ) ) ;
#27 = VERTEX_POINT ( 'NONE', #836 ) ;
#28 = DIRECTION ( 'NONE',  ( -1.000000000000000000, 0.000000000000000000, 0.000000000000000000 ) ) ;
#29 = EDGE_CURVE ( 'NONE', #2522, #2148, #195, .T. ) ;
#30 = EDGE_LOOP ( 'NONE', ( #2245, #1678, #716, #2109, #2022, #2393 ) ) ;
#31 = DIRECTION ( 'NONE',  ( 0.000000000000000000, 0.000000000000000000, -1.000000000000000000 ) ) ;
#32 = CARTESIAN_POINT ( 'NONE',  ( -24.66832790405045372, 4.058769557036018938, 39.82703829620483305 ) ) ;
#33 = CYLINDRICAL_SURFACE ( 'NONE', #1574, 2.000000000000000000 ) ;
#34 = VERTEX_POINT ( 'NONE', #2792 ) ;
#35 = FACE_BOUND ( 'NONE', #1315, .T. ) ;
#36 = DIRECTION ( 'NONE',  ( 0.000000000000000000, 1.000000000000000000, 0.000000000000000000 ) ) ;
#37 = DIRECTION ( 'NONE',  ( -1.000000000000000000, 0.000000000000000000, 0.000000000000000000 ) ) ;
#38 = LINE ( 'NONE', #2421, #1761 ) ;
#39 = ORIENTED_EDGE ( 'NONE', *, *, #2206, .F. ) ;
#40 = CARTESIAN_POINT ( 'NONE',  ( -24.86761614982820134, 2.569370939510919438, 36.24659999999999371 ) ) ;
#41 = ORIENTED_EDGE ( 'NONE', *, *, #2314, .T. ) ;
#42 = ADVANCED_FACE ( 'NONE', ( #431 ), #2605, .F. ) ;
#43 = EDGE_CURVE ( 'NONE', #211, #2088, #1300, .T. ) ;
#44 = CARTESIAN_POINT ( 'NONE',  ( -25.00000000000000000, -24.48926873945140059, 34.00994999999999635 ) ) ;
#45 = CARTESIAN_POINT ( 'NONE',  ( -24.76985112170754277, 3.384458918095955671, 40.28197608565086796 ) ) ;
#46 = DIRECTION ( 'NONE',  ( -1.000000000000000000, 0.000000000000000000, 0.000000000000000000 ) ) ;
#47 = EDGE_LOOP ( 'NONE', ( #1321, #2402, #2331, #983, #1307, #1527, #2018, #2048, #235, #630, #1959, #2187, #179, #2273 ) ) ;
#48 = CARTESIAN_POINT ( 'NONE',  ( 23.00000000000000000, -19.92499999999999716, 44.34660000000000224 ) ) ;
#49 = AXIS2_PLACEMENT_3D ( 'NONE', #2271, #980, #305 ) ;
#50 = LINE ( 'NONE', #2485, #2401 ) ;
#51 = DIRECTION ( 'NONE',  ( -1.000000000000000000, -0.000000000000000000, -0.000000000000000000 ) ) ;
#52 = VECTOR ( 'NONE', #2330, 1000.000000000000000 ) ;
#53 = CARTESIAN_POINT ( 'NONE',  ( 27.00000000000000000, -16.82910241168850263, 44.34660000000000224 ) ) ;
#54 = ORIENTED_EDGE ( 'NONE', *, *, #829, .F. ) ;
#55 = CIRCLE ( 'NONE', #2033, 26.00000000000000000 ) ;
#56 = CARTESIAN_POINT ( 'NONE',  ( -24.97608743916717700, 1.093187265262824281, 39.84022014571959858 ) ) ;
#57 = CONICAL_SURFACE ( 'NONE', #526, 4.500000000000000888, 0.7853981633974461696 ) ;
#58 = VECTOR ( 'NONE', #672, 1000.000000000000000 ) ;
#59 = ORIENTED_EDGE ( 'NONE', *, *, #2351, .F. ) ;
#60 = EDGE_CURVE ( 'NONE', #1497, #1819, #1023, .T. ) ;
#61 = EDGE_CURVE ( 'NONE', #2369, #2620, #1901, .T. ) ;
#62 = CYLINDRICAL_SURFACE ( 'NONE', #1950, 3.499999999999999556 ) ;
#63 = DIRECTION ( 'NONE',  ( -0.000000000000000000, -0.000000000000000000, -1.000000000000000000 ) ) ;
#64 = CYLINDRICAL_SURFACE ( 'NONE', #1942, 25.00000000000000000 ) ;
#65 = EDGE_CURVE ( 'NONE', #412, #2159, #1665, .T. ) ;
#66 = ORIENTED_EDGE ( 'NONE', *, *, #1840, .F. ) ;
#67 = CARTESIAN_POINT ( 'NONE',  ( 33.20057530600377049, 1.636294757863938631, 34.86158491261196701 ) ) ;
#68 = DIRECTION ( 'NONE',  ( 0.9945844614297476571, 0.1039314633905385754, 0.000000000000000000 ) ) ;
#69 = CARTESIAN_POINT ( 'NONE',  ( 32.94110966828255016, -3.112630546899405104, 44.34660000000000224 ) ) ;
#70 = CARTESIAN_POINT ( 'NONE',  ( 0.000000000000000000, 18.92500000000000071, 29.34660000000000224 ) ) ;
#71 = ORIENTED_EDGE ( 'NONE', *, *, #2206, .T. ) ;
#72 = PLANE ( 'NONE',  #381 ) ;
#73 = ORIENTED_EDGE ( 'NONE', *, *, #2191, .T. ) ;
#74 = CYLINDRICAL_SURFACE ( 'NONE', #1395, 2.000000000000001776 ) ;
#75 = FACE_OUTER_BOUND ( 'NONE', #1149, .T. ) ;
#76 = CARTESIAN_POINT ( 'NONE',  ( 24.72040396844124999, 3.733771677926997601, 40.09957588182739840 ) ) ;
#77 = CARTESIAN_POINT ( 'NONE',  ( 33.21646873093265384, 2.569370939510924767, 40.44659999999999656 ) ) ;
#78 = EDGE_CURVE ( 'NONE', #400, #2040, #200, .T. ) ;
#79 = CARTESIAN_POINT ( 'NONE',  ( 24.86761614982820134, 2.569370939510924767, 36.24659999999999371 ) ) ;
#80 = DIRECTION ( 'NONE',  ( -1.000000000000000000, 0.000000000000000000, 0.000000000000000000 ) ) ;
#81 = EDGE_CURVE ( 'NONE', #2765, #1173, #1801, .T. ) ;
#82 = CARTESIAN_POINT ( 'NONE',  ( 16.73007488475495208, -18.57699099290550038, 43.34660000000000224 ) ) ;
#83 = ORIENTED_EDGE ( 'NONE', *, *, #43, .F. ) ;
#84 = DIRECTION ( 'NONE',  ( -1.000000000000000000, 2.312964634635742267E-15, 0.000000000000000000 ) ) ;
#85 = DIRECTION ( 'NONE',  ( 0.000000000000000000, 0.000000000000000000, 1.000000000000000000 ) ) ;
#86 = EDGE_LOOP ( 'NONE', ( #1238, #2506 ) ) ;
#87 = FACE_OUTER_BOUND ( 'NONE', #952, .T. ) ;
#88 = LINE ( 'NONE', #513, #2214 ) ;
#89 = CARTESIAN_POINT ( 'NONE',  ( 24.62923013444453701, 4.290473287706675798, 37.14139020069463726 ) ) ;
#90 = CARTESIAN_POINT ( 'NONE',  ( 26.80971103969604741, -17.04601630347000096, 44.34660000000000224 ) ) ;
#91 = CARTESIAN_POINT ( 'NONE',  ( 24.97614803389918592, 1.091801959513503117, 36.85435024122620717 ) ) ;
#92 = DIRECTION ( 'NONE',  ( 0.000000000000000000, 0.000000000000000000, -1.000000000000000000 ) ) ;
#93 = EDGE_CURVE ( 'NONE', #1742, #2477, #565, .T. ) ;
#94 = CARTESIAN_POINT ( 'NONE',  ( -16.00000000000000000, -22.00000000000000000, 44.35160600000005360 ) ) ;
#95 = ORIENTED_EDGE ( 'NONE', *, *, #1967, .T. ) ;
#96 = MANIFOLD_SOLID_BREP ( 'NONE', #2676 ) ;
#97 = DIRECTION ( 'NONE',  ( -8.916342335126089155E-32, 1.374878966096807965E-46, 1.000000000000000000 ) ) ;
#98 = CIRCLE ( 'NONE', #426, 4.500000000000000888 ) ;
#99 = DIRECTION ( 'NONE',  ( -0.000000000000000000, -0.000000000000000000, 1.000000000000000000 ) ) ;
#100 = AXIS2_PLACEMENT_3D ( 'NONE', #1553, #434, #1108 ) ;
#101 = VECTOR ( 'NONE', #1169, 1000.000000000000000 ) ;
#102 = ORIENTED_EDGE ( 'NONE', *, *, #1562, .T. ) ;
#103 = CONICAL_SURFACE ( 'NONE', #2265, 4.500000000000000888, 0.7853981633974461696 ) ;
#104 = CIRCLE ( 'NONE', #2635, 4.500000000000000888 ) ;
#105 = DIRECTION ( 'NONE',  ( -0.000000000000000000, -0.000000000000000000, -1.000000000000000000 ) ) ;
#106 = CARTESIAN_POINT ( 'NONE',  ( 24.67094390446668228, 4.042871516091257611, 39.84286693898600618 ) ) ;
#107 = CARTESIAN_POINT ( 'NONE',  ( 27.34535500170964895, -16.42924875001019913, 23.67330000000000112 ) ) ;
#108 = CARTESIAN_POINT ( 'NONE',  ( 24.86761614982820134, 2.569370939510924767, 40.44659999999999656 ) ) ;
#109 = LINE ( 'NONE', #2329, #1340 ) ;
#110 = DIRECTION ( 'NONE',  ( -1.000000000000000000, 0.000000000000000000, 0.000000000000000000 ) ) ;
#111 = ORIENTED_EDGE ( 'NONE', *, *, #2229, .F. ) ;
#112 = CARTESIAN_POINT ( 'NONE',  ( 16.00000000000000000, 22.00000000000000000, 43.34660000000000224 ) ) ;
#113 = CARTESIAN_POINT ( 'NONE',  ( 29.01228122707074775, 13.31519079990803966, 23.67330000000000112 ) ) ;
#114 = ORIENTED_EDGE ( 'NONE', *, *, #2388, .T. ) ;
#115 = FACE_OUTER_BOUND ( 'NONE', #1359, .T. ) ;
#116 = EDGE_CURVE ( 'NONE', #1288, #1357, #1897, .T. ) ;
#117 = CARTESIAN_POINT ( 'NONE',  ( 30.71523765055459876, -11.11718253966862058, 44.34660000000000224 ) ) ;
#118 = ORIENTED_EDGE ( 'NONE', *, *, #390, .F. ) ;
#119 = CARTESIAN_POINT ( 'NONE',  ( -5.719848629351219849, 30.71669526296260244, 44.34660000000000224 ) ) ;
#120 = CARTESIAN_POINT ( 'NONE',  ( 24.64809304538667689, 4.180264905541705822, 36.99888027193865980 ) ) ;
#121 = CARTESIAN_POINT ( 'NONE',  ( 33.16904870364640345, 2.333451427159458191, 34.74660000000000792 ) ) ;
#122 = DIRECTION ( 'NONE',  ( 0.000000000000000000, 0.000000000000000000, -1.000000000000000000 ) ) ;
#123 = CARTESIAN_POINT ( 'NONE',  ( 31.79366844841930728, 8.491423007462151062, 23.67330000000000112 ) ) ;
#124 = DIRECTION ( 'NONE',  ( 0.000000000000000000, 0.000000000000000000, -1.000000000000000000 ) ) ;
#125 = EDGE_LOOP ( 'NONE', ( #820, #2325, #446, #1277, #2466 ) ) ;
#126 = CARTESIAN_POINT ( 'NONE',  ( -24.86761614982820134, 2.569370939510919438, 36.24659999999999371 ) ) ;
#127 = DIRECTION ( 'NONE',  ( 0.000000000000000000, 0.000000000000000000, -1.000000000000000000 ) ) ;
#128 = ORIENTED_EDGE ( 'NONE', *, *, #2497, .T. ) ;
#129 = DIRECTION ( 'NONE',  ( -1.000000000000000000, 0.000000000000000000, 0.000000000000000000 ) ) ;
#130 = CARTESIAN_POINT ( 'NONE',  ( 18.00000000000000000, -22.00000000000000000, 43.84660000000000224 ) ) ;
#131 = EDGE_CURVE ( 'NONE', #641, #613, #1716, .T. ) ;
#132 = ADVANCED_FACE ( 'NONE', ( #75 ), #146, .F. ) ;
#133 = VERTEX_POINT ( 'NONE', #1162 ) ;
#134 = DIRECTION ( 'NONE',  ( -1.000000000000000000, 0.000000000000000000, 0.000000000000000000 ) ) ;
#135 = CARTESIAN_POINT ( 'NONE',  ( 24.67381422148227443, 4.025574892369972346, 39.85972449337137391 ) ) ;
#136 = CARTESIAN_POINT ( 'NONE',  ( 33.14031999477395374, -1.007538982983271936, 37.87611821389339184 ) ) ;
#137 = CARTESIAN_POINT ( 'NONE',  ( -16.00000000000000000, -22.00000000000000000, 43.34660000000000224 ) ) ;
#138 = DIRECTION ( 'NONE',  ( -0.000000000000000000, -0.000000000000000000, -1.000000000000000000 ) ) ;
#139 = ORIENTED_EDGE ( 'NONE', *, *, #1299, .F. ) ;
#140 = LINE ( 'NONE', #2576, #524 ) ;
#141 = ORIENTED_EDGE ( 'NONE', *, *, #585, .F. ) ;
#142 = CARTESIAN_POINT ( 'NONE',  ( 18.00000000000000000, 22.00000000000000000, 23.67330000000000112 ) ) ;
#143 = CARTESIAN_POINT ( 'NONE',  ( 27.40460623785104843, 15.26820458859039853, 23.67330000000000112 ) ) ;
#144 = ORIENTED_EDGE ( 'NONE', *, *, #1877, .T. ) ;
#145 = AXIS2_PLACEMENT_3D ( 'NONE', #1589, #1985, #14 ) ;
#146 = CONICAL_SURFACE ( 'NONE', #1069, 25.00000000000000000, 0.7853981633974532750 ) ;
#147 = CARTESIAN_POINT ( 'NONE',  ( -18.50623130772489944, 18.26251359438200339, 44.34660000000000224 ) ) ;
#148 = AXIS2_PLACEMENT_3D ( 'NONE', #94, #2764, #539 ) ;
#149 = CIRCLE ( 'NONE', #1948, 3.499999999999999556 ) ;
#150 = CARTESIAN_POINT ( 'NONE',  ( 30.71523765055459876, -11.11718253966862058, 23.67330000000000112 ) ) ;
#151 = EDGE_LOOP ( 'NONE', ( #1965, #2599, #1631, #2197 ) ) ;
#152 = CARTESIAN_POINT ( 'NONE',  ( -25.30088711450944672, 31.60524781828570084, 44.34660000000000224 ) ) ;
#153 = AXIS2_PLACEMENT_3D ( 'NONE', #2847, #922, #1770 ) ;
#154 = CARTESIAN_POINT ( 'NONE',  ( 32.74276880589275862, 5.429072298758565118, 40.54694170158543898 ) ) ;
#155 = VECTOR ( 'NONE', #2283, 1000.000000000000000 ) ;
#156 = EDGE_CURVE ( 'NONE', #1861, #1777, #88, .T. ) ;
#157 = CIRCLE ( 'NONE', #1264, 25.00000000000000000 ) ;
#158 = CARTESIAN_POINT ( 'NONE',  ( -24.86761614982820134, 2.569370939510919438, 36.24659999999999371 ) ) ;
#159 = LINE ( 'NONE', #2593, #2127 ) ;
#160 = EDGE_CURVE ( 'NONE', #1343, #1221, #1208, .T. ) ;
#161 = VERTEX_POINT ( 'NONE', #789 ) ;
#162 = LINE ( 'NONE', #646, #984 ) ;
#163 = ORIENTED_EDGE ( 'NONE', *, *, #1247, .F. ) ;
#164 = DIRECTION ( 'NONE',  ( 1.000000000000000000, 0.000000000000000000, 0.000000000000000000 ) ) ;
#165 = CARTESIAN_POINT ( 'NONE',  ( -23.92683357723910120, -26.83680894286240104, 44.34660000000000224 ) ) ;
#166 = ORIENTED_EDGE ( 'NONE', *, *, #389, .T. ) ;
#167 = LINE ( 'NONE', #818, #623 ) ;
#168 = ORIENTED_EDGE ( 'NONE', *, *, #1840, .T. ) ;
#169 = CARTESIAN_POINT ( 'NONE',  ( -23.62726542375094851, 31.85993203286029996, 23.67330000000000112 ) ) ;
#170 = CARTESIAN_POINT ( 'NONE',  ( 32.69831488822838850, 5.624264686843683414, 40.25607153483936429 ) ) ;
#171 = CARTESIAN_POINT ( 'NONE',  ( -24.67926160683245485, 3.992805871040730370, 36.80246061184789852 ) ) ;
#172 = CARTESIAN_POINT ( 'NONE',  ( 16.00000000000000000, 22.00000000000000000, 44.35160600000005360 ) ) ;
#173 = CARTESIAN_POINT ( 'NONE',  ( 11.50000000000000000, 22.00000000000000000, 44.34660000000000224 ) ) ;
#174 = ADVANCED_FACE ( 'NONE', ( #762, #545 ), #2250, .F. ) ;
#175 = EDGE_CURVE ( 'NONE', #1048, #2156, #1203, .T. ) ;
#176 = EDGE_LOOP ( 'NONE', ( #1591, #267, #418, #1426 ) ) ;
#177 = CARTESIAN_POINT ( 'NONE',  ( 11.50000000000000000, -22.00000000000000000, 44.34660000000000224 ) ) ;
#178 = CARTESIAN_POINT ( 'NONE',  ( -10.58419611424949913, -28.64496310071275076, 44.34660000000000224 ) ) ;
#179 = ORIENTED_EDGE ( 'NONE', *, *, #951, .F. ) ;
#180 = CARTESIAN_POINT ( 'NONE',  ( 33.21646873093265384, 2.569370939510919438, 38.34660000000000224 ) ) ;
#181 = EDGE_LOOP ( 'NONE', ( #2669, #141 ) ) ;
#182 = CARTESIAN_POINT ( 'NONE',  ( 33.21646873093265384, 1.224006259131789953, 44.34660000000000224 ) ) ;
#183 = CARTESIAN_POINT ( 'NONE',  ( 32.97691345424471621, 4.166869457493900697, 41.58150562845079179 ) ) ;
#184 = CARTESIAN_POINT ( 'NONE',  ( -24.69479756799059089, 3.897757385664509133, 36.71869182681637511 ) ) ;
#185 = CARTESIAN_POINT ( 'NONE',  ( 16.00000000000000000, -22.00000000000000000, 43.84660000000000224 ) ) ;
#186 = ORIENTED_EDGE ( 'NONE', *, *, #1057, .T. ) ;
#187 = FACE_OUTER_BOUND ( 'NONE', #1886, .T. ) ;
#188 = ORIENTED_EDGE ( 'NONE', *, *, #774, .T. ) ;
#189 = CARTESIAN_POINT ( 'NONE',  ( -9.912385890910259789, -28.66226373003700090, 44.34660000000000224 ) ) ;
#190 = ADVANCED_FACE ( 'NONE', ( #2078 ), #1418, .T. ) ;
#191 = EDGE_CURVE ( 'NONE', #2449, #2765, #2399, .T. ) ;
#192 = CARTESIAN_POINT ( 'NONE',  ( 28.35078385819035063, -15.16484296219404904, 44.34660000000000224 ) ) ;
#193 = ORIENTED_EDGE ( 'NONE', *, *, #1022, .T. ) ;
#194 = AXIS2_PLACEMENT_3D ( 'NONE', #1152, #51, #2255 ) ;
#195 = CIRCLE ( 'NONE', #746, 2.000000000000001776 ) ;
#196 = ORIENTED_EDGE ( 'NONE', *, *, #1755, .T. ) ;
#197 = CARTESIAN_POINT ( 'NONE',  ( -17.97721481938955179, 32.10071412782574640, 23.67330000000000112 ) ) ;
#198 = CARTESIAN_POINT ( 'NONE',  ( 32.56318716722552153, 6.169563691568209940, 38.10984224533704889 ) ) ;
#199 = CIRCLE ( 'NONE', #2030, 3.499999999999999556 ) ;
#200 = B_SPLINE_CURVE_WITH_KNOTS ( 'NONE', 3,
 ( #158, #1915, #1524, #1064, #2560, #2374, #204, #1083, #823, #1699, #2574, #606, #1484, #1957, #1269, #184, #2145, #171, #1929, #2806, #1280, #2834, #867, #1739, #2396, #718, #875, #1977, #1135, #1103, #2204, #1331, #1779, #236, #2008, #905, #1093, #2843, #1121, #932, #1564, #919, #2183, #1750, #1349, #487, #456, #1792, #2440, #2667, #1550, #2468, #702, #1582, #1810, #1995, #20, #32, #1595, #2456, #1361, #2654, #2415, #688, #1319, #2238, #1767, #469, #2225, #256, #45, #673, #444, #269, #2685 ),
 .UNSPECIFIED., .F., .F.,
 ( 4, 2, 2, 2, 1, 1, 2, 2, 2, 2, 2, 1, 1, 1, 2, 2, 2, 2, 1, 1, 2, 2, 2, 2, 2, 1, 1, 2, 2, 2, 2, 1, 1, 1, 1, 2, 2, 2, 2, 2, 1, 1, 2, 2, 4 ),
 ( 0.000000000000000000, 0.06249999999999258926, 0.09374999999998935574, 0.1093749999999878986, 0.1171874999999873573, 0.1210937499999871492, 0.1230468749999871353, 0.1249999999999871214, 0.1874999999999858169, 0.2187499999999852063, 0.2343749999999864830, 0.2421874999999891198, 0.2460937499999924505, 0.2480468749999913958, 0.2490234374999910072, 0.2499999999999906186, 0.3124999999999149014, 0.3437499999998769873, 0.3593749999998566702, 0.3671874999998481215, 0.3710937499998421263, 0.3749999999998361866, 0.4999999999995741184, 0.5624999999994414468, 0.5937499999993751665, 0.6093749999993404165, 0.6171874999993230970, 0.6210937499993158806, 0.6249999999993086641, 0.6874999999991878719, 0.7187499999991274757, 0.7343749999990986099, 0.7421874999990828448, 0.7460937499990759614, 0.7480468749990725197, 0.7490234374990708544, 0.7499999999990691890, 0.8124999999992925659, 0.8437499999994051425, 0.8593749999994618749, 0.8671874999994899635, 0.8710937499995038413, 0.8730468749995108357, 0.8749999999995178301, 1.000000000000000000 ),
 .UNSPECIFIED. ) ;
#201 = AXIS2_PLACEMENT_3D ( 'NONE', #112, #596, #2751 ) ;
#202 = VECTOR ( 'NONE', #1055, 1000.000000000000000 ) ;
#203 = CIRCLE ( 'NONE', #2629, 25.00000000000000000 ) ;
#204 = CARTESIAN_POINT ( 'NONE',  ( -24.79132212136984492, 3.223264091639409745, 36.35061568395276765 ) ) ;
#205 = DIRECTION ( 'NONE',  ( -1.000000000000000000, 0.000000000000000000, 0.000000000000000000 ) ) ;
#206 = ORIENTED_EDGE ( 'NONE', *, *, #1754, .F. ) ;
#207 = DIRECTION ( 'NONE',  ( -0.000000000000000000, -0.000000000000000000, 1.000000000000000000 ) ) ;
#208 = ORIENTED_EDGE ( 'NONE', *, *, #684, .T. ) ;
#209 = CARTESIAN_POINT ( 'NONE',  ( -17.97721481938955179, 32.10071412782574640, 23.67330000000000112 ) ) ;
#210 = CARTESIAN_POINT ( 'NONE',  ( -4.566694975053189332, -28.57485613419785153, 44.34660000000000224 ) ) ;
#211 = VERTEX_POINT ( 'NONE', #1865 ) ;
#212 = ORIENTED_EDGE ( 'NONE', *, *, #900, .F. ) ;
#213 = ADVANCED_FACE ( 'NONE', ( #2698 ), #947, .F. ) ;
#214 = SHAPE_DEFINITION_REPRESENTATION ( #399, #1318 ) ;
#215 = DIRECTION ( 'NONE',  ( -0.000000000000000000, -0.000000000000000000, 1.000000000000000000 ) ) ;
#216 = CARTESIAN_POINT ( 'NONE',  ( 16.00000000000000000, 22.00000000000000000, 44.34660000000000224 ) ) ;
#217 = EDGE_LOOP ( 'NONE', ( #166, #1831, #1566, #2842 ) ) ;
#218 = DIRECTION ( 'NONE',  ( 0.000000000000000000, 0.000000000000000000, -1.000000000000000000 ) ) ;
#219 = VERTEX_POINT ( 'NONE', #1727 ) ;
#220 = CARTESIAN_POINT ( 'NONE',  ( -8.847510535413499966, 31.28888096914135630, 23.67330000000000112 ) ) ;
#221 = CARTESIAN_POINT ( 'NONE',  ( -25.30088705433849938, 31.60524782744224837, 44.34660000000000224 ) ) ;
#222 = ORIENTED_EDGE ( 'NONE', *, *, #160, .F. ) ;
#223 = VERTEX_POINT ( 'NONE', #2586 ) ;
#224 = EDGE_CURVE ( 'NONE', #1019, #540, #2122, .T. ) ;
#225 = EDGE_CURVE ( 'NONE', #1906, #1248, #852, .T. ) ;
#226 = CARTESIAN_POINT ( 'NONE',  ( 33.21110348627764353, 0.9749836495692876248, 41.58288808634861766 ) ) ;
#227 = CARTESIAN_POINT ( 'NONE',  ( -25.00000000000000000, -24.48926873945140059, 23.67330000000000112 ) ) ;
#228 = DIRECTION ( 'NONE',  ( 1.000000000000000000, 0.000000000000000000, 0.000000000000000000 ) ) ;
#229 = ORIENTED_EDGE ( 'NONE', *, *, #1125, .T. ) ;
#230 = LINE ( 'NONE', #721, #2498 ) ;
#231 = DIRECTION ( 'NONE',  ( -1.000000000000000000, 0.000000000000000000, 0.000000000000000000 ) ) ;
#232 = DIRECTION ( 'NONE',  ( -1.000000000000000000, 1.541976423090494844E-15, 0.000000000000000000 ) ) ;
#233 = DIRECTION ( 'NONE',  ( 1.000000000000000000, 0.000000000000000000, 0.000000000000000000 ) ) ;
#234 = EDGE_LOOP ( 'NONE', ( #212, #66 ) ) ;
#235 = ORIENTED_EDGE ( 'NONE', *, *, #224, .T. ) ;
#236 = CARTESIAN_POINT ( 'NONE',  ( -24.59236112410628650, 4.496209849863152641, 37.51152530561896725 ) ) ;
#237 = AXIS2_PLACEMENT_3D ( 'NONE', #1127, #734, #274 ) ;
#238 = CARTESIAN_POINT ( 'NONE',  ( 0.000000000000000000, -25.00000000000000000, 23.67330000000000112 ) ) ;
#239 = ADVANCED_FACE ( 'NONE', ( #1266 ), #2821, .F. ) ;
#240 =( GEOMETRIC_REPRESENTATION_CONTEXT ( 3 ) GLOBAL_UNCERTAINTY_ASSIGNED_CONTEXT ( ( #538 ) ) GLOBAL_UNIT_ASSIGNED_CONTEXT ( ( #1821, #324, #342 ) ) REPRESENTATION_CONTEXT ( 'NONE', 'WORKASPACE' ) );
#241 = VECTOR ( 'NONE', #1979, 1000.000000000000000 ) ;
#242 = VECTOR ( 'NONE', #1087, 1000.000000000000000 ) ;
#243 = VERTEX_POINT ( 'NONE', #1513 ) ;
#244 = DIRECTION ( 'NONE',  ( -1.000000000000000000, 0.000000000000000000, 0.000000000000000000 ) ) ;
#245 = EDGE_CURVE ( 'NONE', #1067, #697, #1131, .T. ) ;
#246 = CARTESIAN_POINT ( 'NONE',  ( -25.00000000000000000, 29.62801061847325101, 44.34660000000000224 ) ) ;
#247 = CARTESIAN_POINT ( 'NONE',  ( 32.58597011917780151, 6.123499723239490322, 44.34660000000000224 ) ) ;
#248 = VECTOR ( 'NONE', #1441, 1000.000000000000000 ) ;
#249 = AXIS2_PLACEMENT_3D ( 'NONE', #2539, #2787, #2802 ) ;
#250 = FACE_BOUND ( 'NONE', #372, .T. ) ;
#251 = ORIENTED_EDGE ( 'NONE', *, *, #1517, .F. ) ;
#252 = CARTESIAN_POINT ( 'NONE',  ( -24.98722909843436213, 0.7957582566674888946, 37.21572220639562545 ) ) ;
#253 = ORIENTED_EDGE ( 'NONE', *, *, #648, .T. ) ;
#254 = CARTESIAN_POINT ( 'NONE',  ( 24.91806589168499286, 2.031344509913397989, 40.39500454940397134 ) ) ;
#255 = CARTESIAN_POINT ( 'NONE',  ( 0.000000000000000000, 0.000000000000000000, 0.000000000000000000 ) ) ;
#256 = CARTESIAN_POINT ( 'NONE',  ( -24.76809050978879512, 3.397343923070648586, 40.27649889482282930 ) ) ;
#257 = DIRECTION ( 'NONE',  ( -1.000000000000000000, 0.000000000000000000, 0.000000000000000000 ) ) ;
#258 = ORIENTED_EDGE ( 'NONE', *, *, #2002, .T. ) ;
#259 = CARTESIAN_POINT ( 'NONE',  ( -14.00000000000000000, 22.00000000000000000, 23.67330000000000112 ) ) ;
#260 = DIRECTION ( 'NONE',  ( 1.000000000000000000, -0.000000000000000000, -0.000000000000000000 ) ) ;
#261 = DIRECTION ( 'NONE',  ( -0.000000000000000000, -0.000000000000000000, 1.000000000000000000 ) ) ;
#262 = EDGE_CURVE ( 'NONE', #945, #2592, #2538, .T. ) ;
#263 = ADVANCED_FACE ( 'NONE', ( #356 ), #1711, .F. ) ;
#264 = CARTESIAN_POINT ( 'NONE',  ( 27.34535502932804718, -16.42924871646384943, 44.34660000000000224 ) ) ;
#265 = ORIENTED_EDGE ( 'NONE', *, *, #1092, .F. ) ;
#266 = CARTESIAN_POINT ( 'NONE',  ( -24.96778046861744471, 1.284487409427223614, 36.66170142132614274 ) ) ;
#267 = ORIENTED_EDGE ( 'NONE', *, *, #1903, .T. ) ;
#268 = CYLINDRICAL_SURFACE ( 'NONE', #755, 2.000000000000001776 ) ;
#269 = CARTESIAN_POINT ( 'NONE',  ( -24.84454187904112388, 2.792694905719010023, 40.44660000000001077 ) ) ;
#270 = CARTESIAN_POINT ( 'NONE',  ( 0.000000000000000000, 0.000000000000000000, 29.34660000000000224 ) ) ;
#271 = ORIENTED_EDGE ( 'NONE', *, *, #1459, .F. ) ;
#272 = CARTESIAN_POINT ( 'NONE',  ( 22.77153902370140059, -21.35827341385429889, 23.67330000000000112 ) ) ;
#273 = CARTESIAN_POINT ( 'NONE',  ( 12.00695917877111896, -19.92499999999999716, 44.34660000000000224 ) ) ;
#274 = DIRECTION ( 'NONE',  ( 2.116362640691704655E-14, 1.000000000000000000, 0.000000000000000000 ) ) ;
#275 = CARTESIAN_POINT ( 'NONE',  ( 16.00000000000000000, -22.00000000000000000, 44.35160600000005360 ) ) ;
#276 = EDGE_LOOP ( 'NONE', ( #1726, #1465, #102, #2174 ) ) ;
#277 = CARTESIAN_POINT ( 'NONE',  ( 0.000000000000000000, 0.000000000000000000, 29.34660000000000224 ) ) ;
#278 = EDGE_CURVE ( 'NONE', #1475, #681, #1619, .T. ) ;
#279 = ADVANCED_FACE ( 'NONE', ( #620 ), #978, .F. ) ;
#280 = EDGE_LOOP ( 'NONE', ( #2045, #206, #1234, #1086 ) ) ;
#281 = CARTESIAN_POINT ( 'NONE',  ( 24.99399934285562708, 0.5528006471838754488, 38.99406394485549043 ) ) ;
#282 = CARTESIAN_POINT ( 'NONE',  ( -14.54537912483742090, 31.94217336102300209, 23.67330000000000112 ) ) ;
#283 = DIRECTION ( 'NONE',  ( -1.000000000000000000, 0.000000000000000000, 0.000000000000000000 ) ) ;
#284 = ORIENTED_EDGE ( 'NONE', *, *, #1105, .T. ) ;
#285 = LINE ( 'NONE', #962, #1439 ) ;
#286 = VECTOR ( 'NONE', #432, 1000.000000000000000 ) ;
#287 = VECTOR ( 'NONE', #1939, 1000.000000000000000 ) ;
#288 = CARTESIAN_POINT ( 'NONE',  ( 33.21646873093265384, 2.569370939510919438, 38.34660000000000224 ) ) ;
#289 = CARTESIAN_POINT ( 'NONE',  ( 32.22828070034920245, -6.745790692963719692, 23.67330000000000112 ) ) ;
#290 = VECTOR ( 'NONE', #1260, 1000.000000000000000 ) ;
#291 = CIRCLE ( 'NONE', #475, 4.500000000000000888 ) ;
#292 = FACE_OUTER_BOUND ( 'NONE', #583, .T. ) ;
#293 = ORIENTED_EDGE ( 'NONE', *, *, #987, .T. ) ;
#294 = AXIS2_PLACEMENT_3D ( 'NONE', #1489, #840, #1044 ) ;
#295 = CARTESIAN_POINT ( 'NONE',  ( -24.98922308549223104, 0.7285163490981123591, 37.32670022601747917 ) ) ;
#296 = AXIS2_PLACEMENT_3D ( 'NONE', #2223, #2007, #2278 ) ;
#297 = PRODUCT_DEFINITION_FORMATION_WITH_SPECIFIED_SOURCE ( 'Symmetric', '', #1864, .NOT_KNOWN. ) ;
#298 = ORIENTED_EDGE ( 'NONE', *, *, #2618, .T. ) ;
#299 = DIRECTION ( 'NONE',  ( -0.000000000000000000, -0.000000000000000000, 1.000000000000000000 ) ) ;
#300 = EDGE_CURVE ( 'NONE', #1071, #817, #1342, .T. ) ;
#301 = ADVANCED_FACE ( 'NONE', ( #958, #739 ), #72, .T. ) ;
#302 = CARTESIAN_POINT ( 'NONE',  ( 24.66819244906157138, 4.059592729006964440, 36.86699032420450095 ) ) ;
#303 = CARTESIAN_POINT ( 'NONE',  ( 0.000000000000000000, 0.000000000000000000, 39.84660000000000224 ) ) ;
#304 = CARTESIAN_POINT ( 'NONE',  ( 24.96626292319176699, 1.296385922026265236, 36.67494774935114066 ) ) ;
#305 = DIRECTION ( 'NONE',  ( 0.000000000000000000, -1.000000000000000000, 0.000000000000000000 ) ) ;
#306 = CARTESIAN_POINT ( 'NONE',  ( -16.00000000000000000, -22.00000000000000000, 43.34660000000000224 ) ) ;
#307 = VERTEX_POINT ( 'NONE', #1604 ) ;
#308 = CYLINDRICAL_SURFACE ( 'NONE', #1900, 3.499999999999999556 ) ;
#309 = DIRECTION ( 'NONE',  ( -1.000000000000000000, 2.312964634635742267E-15, 0.000000000000000000 ) ) ;
#310 = ORIENTED_EDGE ( 'NONE', *, *, #699, .F. ) ;
#311 = APPLICATION_PROTOCOL_DEFINITION ( 'draft international standard', 'automotive_design', 1998, #2356 ) ;
#312 = CARTESIAN_POINT ( 'NONE',  ( 24.99559121813585705, 0.4694965075370465257, 38.00316584886508053 ) ) ;
#313 = CARTESIAN_POINT ( 'NONE',  ( 24.58581538401828936, 4.531882851613739049, 37.59887121325250803 ) ) ;
#314 = EDGE_CURVE ( 'NONE', #1906, #555, #847, .T. ) ;
#315 = DIRECTION ( 'NONE',  ( -1.000000000000000000, 0.000000000000000000, 0.000000000000000000 ) ) ;
#316 = CARTESIAN_POINT ( 'NONE',  ( 26.41966752494645121, -17.46875018695639881, 23.67330000000000112 ) ) ;
#317 = CARTESIAN_POINT ( 'NONE',  ( -27.00000000000000000, 25.00000000000000000, 23.67330000000000112 ) ) ;
#318 = CARTESIAN_POINT ( 'NONE',  ( -19.50000000000000000, 22.00000000000000000, 44.35160600000005360 ) ) ;
#319 = ORIENTED_EDGE ( 'NONE', *, *, #1329, .T. ) ;
#320 = CARTESIAN_POINT ( 'NONE',  ( -27.00000000000000000, 25.00000000000000000, 0.000000000000000000 ) ) ;
#321 = CARTESIAN_POINT ( 'NONE',  ( 31.90589347597725478, -7.941917517478880306, 23.67330000000000112 ) ) ;
#322 = ORIENTED_EDGE ( 'NONE', *, *, #1042, .F. ) ;
#323 = DIRECTION ( 'NONE',  ( 0.000000000000000000, 0.000000000000000000, -1.000000000000000000 ) ) ;
#324 =( NAMED_UNIT ( * ) PLANE_ANGLE_UNIT ( ) SI_UNIT ( $, .RADIAN. ) );
#325 = CARTESIAN_POINT ( 'NONE',  ( 24.72166819847520358, 3.723927160751768994, 36.59012185371264536 ) ) ;
#326 = DIRECTION ( 'NONE',  ( -1.000000000000000000, 0.000000000000000000, 0.000000000000000000 ) ) ;
#327 = DIRECTION ( 'NONE',  ( -1.000000000000000000, 0.000000000000000000, 0.000000000000000000 ) ) ;
#328 = FACE_OUTER_BOUND ( 'NONE', #2717, .T. ) ;
#329 = CIRCLE ( 'NONE', #614, 2.000000000000001776 ) ;
#330 = CARTESIAN_POINT ( 'NONE',  ( 16.00000000000000000, 22.00000000000000000, 39.84660000000000224 ) ) ;
#331 = ADVANCED_FACE ( 'NONE', ( #1185, #2005 ), #1818, .T. ) ;
#332 = ORIENTED_EDGE ( 'NONE', *, *, #278, .F. ) ;
#333 = DIRECTION ( 'NONE',  ( 1.000000000000000000, 0.000000000000000000, 0.000000000000000000 ) ) ;
#334 = VECTOR ( 'NONE', #1673, 1000.000000000000000 ) ;
#335 = AXIS2_PLACEMENT_3D ( 'NONE', #2711, #1390, #1606 ) ;
#336 = CARTESIAN_POINT ( 'NONE',  ( 16.00000000000000000, -22.00000000000000000, 44.34660000000000224 ) ) ;
#337 = VECTOR ( 'NONE', #349, 1000.000000000000000 ) ;
#338 = ORIENTED_EDGE ( 'NONE', *, *, #2106, .T. ) ;
#339 = VECTOR ( 'NONE', #2322, 1000.000000000000000 ) ;
#340 = CARTESIAN_POINT ( 'NONE',  ( 31.26711575337315452, -9.798915334481970163, 44.34660000000000224 ) ) ;
#341 = ORIENTED_EDGE ( 'NONE', *, *, #1386, .F. ) ;
#342 =( NAMED_UNIT ( * ) SI_UNIT ( $, .STERADIAN. ) SOLID_ANGLE_UNIT ( ) );
#343 = CARTESIAN_POINT ( 'NONE',  ( 24.57003004845760685, 4.617036119131930683, 37.87560423073909277 ) ) ;
#344 = DIRECTION ( 'NONE',  ( -0.000000000000000000, -0.000000000000000000, 1.000000000000000000 ) ) ;
#345 = LINE ( 'NONE', #1883, #1120 ) ;
#346 = CARTESIAN_POINT ( 'NONE',  ( 27.84460052283565190, 14.77409737210581930, 44.34660000000000224 ) ) ;
#347 = FACE_OUTER_BOUND ( 'NONE', #1557, .T. ) ;
#348 = VERTEX_POINT ( 'NONE', #696 ) ;
#349 = DIRECTION ( 'NONE',  ( 0.000000000000000000, 0.000000000000000000, -1.000000000000000000 ) ) ;
#350 = EDGE_CURVE ( 'NONE', #454, #1067, #705, .T. ) ;
#351 = EDGE_CURVE ( 'NONE', #2040, #400, #1363, .T. ) ;
#352 = CARTESIAN_POINT ( 'NONE',  ( 20.50000000000000000, 22.00000000000000000, 44.34660000000000224 ) ) ;
#353 = EDGE_LOOP ( 'NONE', ( #1874, #782, #2208, #1228 ) ) ;
#354 = CARTESIAN_POINT ( 'NONE',  ( -14.32836158215960154, -18.92500000000000071, 44.35160600000005360 ) ) ;
#355 = CARTESIAN_POINT ( 'NONE',  ( 26.41966752494645121, -17.46875018695639881, 23.67330000000000112 ) ) ;
#356 = FACE_OUTER_BOUND ( 'NONE', #878, .T. ) ;
#357 = CARTESIAN_POINT ( 'NONE',  ( 24.79612384534717506, 3.185950245490204225, 40.35439296922926644 ) ) ;
#358 = LINE ( 'NONE', #1225, #1032 ) ;
#359 = CARTESIAN_POINT ( 'NONE',  ( 27.40460623784995065, 15.26820458859164908, 44.34660000000000224 ) ) ;
#360 = DIRECTION ( 'NONE',  ( -0.000000000000000000, -0.000000000000000000, 1.000000000000000000 ) ) ;
#361 = VERTEX_POINT ( 'NONE', #927 ) ;
#362 = DIRECTION ( 'NONE',  ( -1.000000000000000000, -7.709882115452474222E-16, 0.000000000000000000 ) ) ;
#363 = CARTESIAN_POINT ( 'NONE',  ( 33.14368103542800270, 3.085007375945164831, 23.67330000000000112 ) ) ;
#364 = ORIENTED_EDGE ( 'NONE', *, *, #156, .T. ) ;
#365 = ADVANCED_FACE ( 'NONE', ( #2274 ), #308, .F. ) ;
#366 = FACE_BOUND ( 'NONE', #463, .T. ) ;
#367 = CARTESIAN_POINT ( 'NONE',  ( -16.33537189659299926, 18.92500000000000071, 29.34660000000000224 ) ) ;
#368 = ORIENTED_EDGE ( 'NONE', *, *, #1788, .T. ) ;
#369 = EDGE_CURVE ( 'NONE', #1243, #2442, #1676, .T. ) ;
#370 = CARTESIAN_POINT ( 'NONE',  ( 32.94110966828255016, -3.112630546899405104, 44.34660000000000224 ) ) ;
#371 = CARTESIAN_POINT ( 'NONE',  ( 24.77067591206854047, 3.378407558951545653, 36.40869242028277597 ) ) ;
#372 = EDGE_LOOP ( 'NONE', ( #1765, #1706 ) ) ;
#373 = CARTESIAN_POINT ( 'NONE',  ( 0.000000000000000000, 0.000000000000000000, 39.84660000000000224 ) ) ;
#374 = ORIENTED_EDGE ( 'NONE', *, *, #2017, .F. ) ;
#375 = FACE_OUTER_BOUND ( 'NONE', #1175, .T. ) ;
#376 = ORIENTED_EDGE ( 'NONE', *, *, #1978, .T. ) ;
#377 = LINE ( 'NONE', #2138, #1623 ) ;
#378 = CARTESIAN_POINT ( 'NONE',  ( 27.00000000000000000, -16.82910241168850263, 44.34660000000000224 ) ) ;
#379 = ORIENTED_EDGE ( 'NONE', *, *, #1651, .T. ) ;
#380 = CIRCLE ( 'NONE', #745, 4.500000000000000888 ) ;
#381 = AXIS2_PLACEMENT_3D ( 'NONE', #2465, #944, #1592 ) ;
#382 = CARTESIAN_POINT ( 'NONE',  ( -14.32836158215960154, 18.92500000000000071, 39.84660000000000224 ) ) ;
#383 = AXIS2_PLACEMENT_3D ( 'NONE', #1996, #689, #46 ) ;
#384 = AXIS2_PLACEMENT_3D ( 'NONE', #1907, #2300, #2089 ) ;
#385 = ORIENTED_EDGE ( 'NONE', *, *, #1584, .F. ) ;
#386 = DIRECTION ( 'NONE',  ( 0.000000000000000000, 0.000000000000000000, 1.000000000000000000 ) ) ;
#387 = CARTESIAN_POINT ( 'NONE',  ( 32.65625927828246233, 5.802420219456196904, 36.74537750014543747 ) ) ;
#388 = AXIS2_PLACEMENT_3D ( 'NONE', #1911, #1220, #1695 ) ;
#389 = EDGE_CURVE ( 'NONE', #916, #603, #750, .T. ) ;
#390 = EDGE_CURVE ( 'NONE', #348, #397, #553, .T. ) ;
#391 = EDGE_LOOP ( 'NONE', ( #1050, #523, #284, #2248 ) ) ;
#392 = DIRECTION ( 'NONE',  ( -0.000000000000000000, -0.000000000000000000, 1.000000000000000000 ) ) ;
#393 = CARTESIAN_POINT ( 'NONE',  ( 16.00000000000000000, -22.00000000000000000, 44.34660000000000224 ) ) ;
#394 = VERTEX_POINT ( 'NONE', #1257 ) ;
#395 = CARTESIAN_POINT ( 'NONE',  ( -21.94317706251809952, 32.01102771056345375, 23.67330000000000112 ) ) ;
#396 = CARTESIAN_POINT ( 'NONE',  ( -24.72795486500784889, -26.63652000997874936, 44.34660000000000224 ) ) ;
#397 = VERTEX_POINT ( 'NONE', #142 ) ;
#398 = DIRECTION ( 'NONE',  ( 0.000000000000000000, 0.000000000000000000, -1.000000000000000000 ) ) ;
#399 = PRODUCT_DEFINITION_SHAPE ( 'NONE', 'NONE',  #2616 ) ;
#400 = VERTEX_POINT ( 'NONE', #126 ) ;
#401 = CARTESIAN_POINT ( 'NONE',  ( 29.01228122707074775, 13.31519079990803966, 44.34660000000000224 ) ) ;
#402 = CARTESIAN_POINT ( 'NONE',  ( -16.73007488475495208, 18.57699099290550038, 43.34660000000000224 ) ) ;
#403 = B_SPLINE_CURVE_WITH_KNOTS ( 'NONE', 3,
 ( #1337, #884, #1141, #1798 ),
 .UNSPECIFIED., .F., .F.,
 ( 4, 4 ),
 ( 0.000000000000000000, 1.000000000000000000 ),
 .UNSPECIFIED. ) ;
#404 = CARTESIAN_POINT ( 'NONE',  ( 0.000000000000000000, -18.92500000000000071, 39.84660000000000224 ) ) ;
#405 = PRODUCT_RELATED_PRODUCT_CATEGORY ( 'part', '', ( #1864 ) ) ;
#406 = CARTESIAN_POINT ( 'NONE',  ( 26.61622496880829658, -17.25917892425909983, 23.67330000000000112 ) ) ;
#407 = EDGE_CURVE ( 'NONE', #2696, #1019, #2777, .T. ) ;
#408 = PLANE ( 'NONE',  #1211 ) ;
#409 = ORIENTED_EDGE ( 'NONE', *, *, #2721, .F. ) ;
#410 = CYLINDRICAL_SURFACE ( 'NONE', #2591, 3.499999999999999556 ) ;
#411 = DIRECTION ( 'NONE',  ( -0.000000000000000000, -0.000000000000000000, -1.000000000000000000 ) ) ;
#412 = VERTEX_POINT ( 'NONE', #1657 ) ;
#413 = EDGE_LOOP ( 'NONE', ( #642, #2623, #2479, #222 ) ) ;
#414 = CARTESIAN_POINT ( 'NONE',  ( 32.56334065136796596, 6.168981751318525220, 38.82903605124117519 ) ) ;
#415 = DIRECTION ( 'NONE',  ( -1.000000000000000000, 0.000000000000000000, 0.000000000000000000 ) ) ;
#416 = CARTESIAN_POINT ( 'NONE',  ( -16.00000000000000000, 22.00000000000000000, 23.67330000000000112 ) ) ;
#417 = CARTESIAN_POINT ( 'NONE',  ( -16.00000000000000000, -22.00000000000000000, 44.34660000000000224 ) ) ;
#418 = ORIENTED_EDGE ( 'NONE', *, *, #684, .F. ) ;
#419 = CARTESIAN_POINT ( 'NONE',  ( -25.30088705433849938, 31.60524782744224837, 23.67330000000000112 ) ) ;
#420 = ADVANCED_FACE ( 'NONE', ( #999 ), #799, .T. ) ;
#421 = CARTESIAN_POINT ( 'NONE',  ( 19.35410196624970069, -25.00000000000000000, 23.67330000000000112 ) ) ;
#422 = VERTEX_POINT ( 'NONE', #1028 ) ;
#423 = AXIS2_PLACEMENT_3D ( 'NONE', #1838, #766, #2715 ) ;
#424 = AXIS2_PLACEMENT_3D ( 'NONE', #1515, #1729, #2615 ) ;
#425 = ORIENTED_EDGE ( 'NONE', *, *, #2702, .T. ) ;
#426 = AXIS2_PLACEMENT_3D ( 'NONE', #2829, #640, #1934 ) ;
#427 = AXIS2_PLACEMENT_3D ( 'NONE', #1335, #260, #2646 ) ;
#428 = CARTESIAN_POINT ( 'NONE',  ( 33.16836963623253354, -0.5759323928177166874, 40.16074283342645401 ) ) ;
#429 = B_SPLINE_CURVE_WITH_KNOTS ( 'NONE', 3,
 ( #2713, #2733, #90, #2312 ),
 .UNSPECIFIED., .F., .F.,
 ( 4, 4 ),
 ( 0.000000000000000000, 1.000000000000000000 ),
 .UNSPECIFIED. ) ;
#430 = CIRCLE ( 'NONE', #480, 2.099999999999997868 ) ;
#431 = FACE_OUTER_BOUND ( 'NONE', #501, .T. ) ;
#432 = DIRECTION ( 'NONE',  ( 0.000000000000000000, 0.000000000000000000, 1.000000000000000000 ) ) ;
#433 = VERTEX_POINT ( 'NONE', #1216 ) ;
#434 = DIRECTION ( 'NONE',  ( 0.000000000000000000, 0.000000000000000000, 1.000000000000000000 ) ) ;
#435 = VERTEX_POINT ( 'NONE', #1872 ) ;
#436 = CARTESIAN_POINT ( 'NONE',  ( -25.00000000000000000, 0.000000000000000000, 29.34660000000000224 ) ) ;
#437 = B_SPLINE_CURVE_WITH_KNOTS ( 'NONE', 3,
 ( #1052, #1267, #633, #183, #2384, #2587, #2144, #2559, #154, #170, #1683, #1914, #1080, #2791, #414, #198, #1927, #591, #822, #1698, #1021, #387, #1728, #2805, #2573, #1938, #622, #835, #1894, #605, #1712, #1501, #2373, #1062, #758, #2740, #1908, #542, #1873 ),
 .UNSPECIFIED., .F., .F.,
 ( 4, 2, 2, 2, 2, 2, 2, 2, 2, 2, 2, 2, 2, 2, 2, 2, 1, 2, 2, 4 ),
 ( 0.000000000000000000, 0.1250000000000017764, 0.1875000000000026645, 0.2500000000000035527, 0.3125000000000044409, 0.3437500000000047184, 0.3750000000000049960, 0.5000000000000032196, 0.5625000000000033307, 0.5937500000000024425, 0.6250000000000015543, 0.6875000000000014433, 0.7187500000000019984, 0.7343750000000023315, 0.7500000000000026645, 0.8125000000000029976, 0.8437500000000035527, 0.8593750000000036637, 0.8750000000000037748, 1.000000000000000000 ),
 .UNSPECIFIED. ) ;
#438 = CARTESIAN_POINT ( 'NONE',  ( -1.084943194769293795, -28.30983429918995142, 44.34660000000000224 ) ) ;
#439 = ORIENTED_EDGE ( 'NONE', *, *, #1193, .T. ) ;
#440 = EDGE_CURVE ( 'NONE', #1845, #1618, #1259, .T. ) ;
#441 = EDGE_CURVE ( 'NONE', #627, #1243, #1721, .T. ) ;
#442 = ORIENTED_EDGE ( 'NONE', *, *, #452, .T. ) ;
#443 = CARTESIAN_POINT ( 'NONE',  ( 33.15210637881514799, 2.569370939510924767, 41.94660000000000366 ) ) ;
#444 = CARTESIAN_POINT ( 'NONE',  ( -24.81254602162365330, 3.070767481030597157, 40.41164830771179339 ) ) ;
#445 = CARTESIAN_POINT ( 'NONE',  ( -24.72795489167500094, -26.63652000331164871, 23.67330000000000112 ) ) ;
#446 = ORIENTED_EDGE ( 'NONE', *, *, #1691, .F. ) ;
#447 = FACE_OUTER_BOUND ( 'NONE', #2773, .T. ) ;
#448 = CARTESIAN_POINT ( 'NONE',  ( 43.00000000000000000, 2.569370939510919438, 34.74660000000000082 ) ) ;
#449 = DIRECTION ( 'NONE',  ( -0.000000000000000000, -0.000000000000000000, 1.000000000000000000 ) ) ;
#450 = FACE_OUTER_BOUND ( 'NONE', #2390, .T. ) ;
#451 = ORIENTED_EDGE ( 'NONE', *, *, #914, .T. ) ;
#452 = EDGE_CURVE ( 'NONE', #863, #223, #1444, .T. ) ;
#453 = ADVANCED_FACE ( 'NONE', ( #584 ), #2359, .F. ) ;
#454 = VERTEX_POINT ( 'NONE', #1690 ) ;
#455 = EDGE_CURVE ( 'NONE', #862, #2442, #291, .T. ) ;
#456 = CARTESIAN_POINT ( 'NONE',  ( -24.58883567896915068, 4.515438544208258520, 39.13583998110915019 ) ) ;
#457 = CARTESIAN_POINT ( 'NONE',  ( -20.50000000000000000, -22.00000000000000000, 44.34660000000000224 ) ) ;
#458 = ORIENTED_EDGE ( 'NONE', *, *, #2090, .T. ) ;
#459 = CARTESIAN_POINT ( 'NONE',  ( -16.00000000000000000, 22.00000000000000000, 44.34660000000000224 ) ) ;
#460 = CARTESIAN_POINT ( 'NONE',  ( -14.32836158215960154, -18.92500000000000071, 43.34660000000000224 ) ) ;
#461 = CARTESIAN_POINT ( 'NONE',  ( 32.99453402639204569, 4.311108027735025772, 44.34660000000000224 ) ) ;
#462 = CARTESIAN_POINT ( 'NONE',  ( 23.75245850137450176, 19.70240368169805123, 44.34661200000000036 ) ) ;
#463 = EDGE_LOOP ( 'NONE', ( #576, #2753 ) ) ;
#464 = CARTESIAN_POINT ( 'NONE',  ( -24.99400700772766371, 0.5524697740429889148, 37.70016796429318617 ) ) ;
#465 = EDGE_LOOP ( 'NONE', ( #1511, #990, #1231, #2095 ) ) ;
#466 = CIRCLE ( 'NONE', #1664, 2.000000000000000000 ) ;
#467 = LINE ( 'NONE', #19, #2266 ) ;
#468 = CARTESIAN_POINT ( 'NONE',  ( 19.35582820835224993, -25.00000000000000000, 23.67330000000000112 ) ) ;
#469 = CARTESIAN_POINT ( 'NONE',  ( -24.75946150434038984, 3.460100080323508909, 40.24867301462508351 ) ) ;
#470 = VECTOR ( 'NONE', #1402, 1000.000000000000114 ) ;
#471 = CARTESIAN_POINT ( 'NONE',  ( -25.52625936944955143, -26.41878968415930018, 23.67330000000000112 ) ) ;
#472 = EDGE_CURVE ( 'NONE', #1605, #1787, #149, .T. ) ;
#473 = EDGE_CURVE ( 'NONE', #307, #2404, #1229, .T. ) ;
#474 = VECTOR ( 'NONE', #1096, 1000.000000000000000 ) ;
#475 = AXIS2_PLACEMENT_3D ( 'NONE', #568, #1414, #362 ) ;
#476 = ORIENTED_EDGE ( 'NONE', *, *, #963, .T. ) ;
#477 = DIRECTION ( 'NONE',  ( 0.000000000000000000, 0.000000000000000000, -1.000000000000000000 ) ) ;
#478 = LINE ( 'NONE', #1354, #935 ) ;
#479 = CARTESIAN_POINT ( 'NONE',  ( 33.21646873093265384, 1.224006259131789953, 44.34660000000000224 ) ) ;
#480 = AXIS2_PLACEMENT_3D ( 'NONE', #2123, #575, #2077 ) ;
#481 = DIRECTION ( 'NONE',  ( -1.000000000000000000, 0.000000000000000000, 0.000000000000000000 ) ) ;
#482 = ORIENTED_EDGE ( 'NONE', *, *, #1932, .F. ) ;
#483 = DIRECTION ( 'NONE',  ( -1.000000000000000000, 0.000000000000000000, 0.000000000000000000 ) ) ;
#484 = ORIENTED_EDGE ( 'NONE', *, *, #931, .T. ) ;
#485 = DIRECTION ( 'NONE',  ( -1.000000000000000000, 1.541976423090494844E-15, 0.000000000000000000 ) ) ;
#486 = DIRECTION ( 'NONE',  ( 1.000000000000000000, 0.000000000000000000, 0.000000000000000000 ) ) ;
#487 = CARTESIAN_POINT ( 'NONE',  ( -24.58762292429569030, 4.522044186327597970, 39.11935226366539808 ) ) ;
#488 = CARTESIAN_POINT ( 'NONE',  ( 16.33537189659299926, 18.92500000000000071, 29.34660000000000224 ) ) ;
#489 = ORIENTED_EDGE ( 'NONE', *, *, #1040, .T. ) ;
#490 = CARTESIAN_POINT ( 'NONE',  ( -12.50000000000000000, -22.00000000000000000, 39.84660000000000224 ) ) ;
#491 = EDGE_CURVE ( 'NONE', #2369, #1889, #521, .T. ) ;
#492 = DIRECTION ( 'NONE',  ( 1.000000000000000000, 0.000000000000000000, 0.000000000000000000 ) ) ;
#493 = CYLINDRICAL_SURFACE ( 'NONE', #1895, 10.00000000000000178 ) ;
#494 = CARTESIAN_POINT ( 'NONE',  ( -16.33537189659299926, 18.92500000000000071, 39.84660000000000224 ) ) ;
#495 = EDGE_LOOP ( 'NONE', ( #855, #2464 ) ) ;
#496 = DIRECTION ( 'NONE',  ( -1.000000000000000000, 0.000000000000000000, 0.000000000000000000 ) ) ;
#497 = VERTEX_POINT ( 'NONE', #2346 ) ;
#498 = DIRECTION ( 'NONE',  ( 0.000000000000000000, 0.000000000000000000, 1.000000000000000000 ) ) ;
#499 = DIRECTION ( 'NONE',  ( -0.000000000000000000, -0.000000000000000000, -1.000000000000000000 ) ) ;
#500 = DIRECTION ( 'NONE',  ( -0.000000000000000000, -0.000000000000000000, 1.000000000000000000 ) ) ;
#501 = EDGE_LOOP ( 'NONE', ( #2137, #1187, #271, #690 ) ) ;
#502 = CARTESIAN_POINT ( 'NONE',  ( 18.71773023564784921, 10.10881391106372007, 34.00994999999999635 ) ) ;
#503 = FACE_OUTER_BOUND ( 'NONE', #2454, .T. ) ;
#504 = DIRECTION ( 'NONE',  ( -0.000000000000000000, -0.000000000000000000, 1.000000000000000000 ) ) ;
#505 = B_SPLINE_CURVE_WITH_KNOTS ( 'NONE', 3,
 ( #806, #2556, #1876, #761, #2542, #2094, #1636, #1189, #1847, #1035, #2743, #2337 ),
 .UNSPECIFIED., .F., .F.,
 ( 4, 2, 2, 2, 2, 4 ),
 ( 0.6089629053556200322, 0.6250000000000000000, 0.7500000000000000000, 0.8125000000000000000, 0.8750000000000000000, 0.9683437075166499985 ),
 .UNSPECIFIED. ) ;
#506 = CARTESIAN_POINT ( 'NONE',  ( 30.71523765055459876, -11.11718253966864012, 23.67330000000000112 ) ) ;
#507 = ORIENTED_EDGE ( 'NONE', *, *, #2581, .F. ) ;
#508 = CARTESIAN_POINT ( 'NONE',  ( -24.96314145854082156, 1.353949408566103685, 40.06053804180741196 ) ) ;
#509 = B_SPLINE_SURFACE_WITH_KNOTS ( 'NONE', 3, 1, ( 
 ( #117, #150 ),
 ( #819, #2323 ),
 ( #340, #1245 ),
 ( #1004, #1863 ) ),
 .UNSPECIFIED., .F., .F., .F.,
 ( 4, 4 ),
 ( 2, 2 ),
 ( 0.000000000000000000, 1.000000000000000000 ),
 ( 0.000000000000000000, 1.000000000000000000 ),
 .UNSPECIFIED. ) ;
#510 = EDGE_CURVE ( 'NONE', #1906, #817, #377, .T. ) ;
#511 = ORIENTED_EDGE ( 'NONE', *, *, #1075, .T. ) ;
#512 = LINE ( 'NONE', #946, #1723 ) ;
#513 = CARTESIAN_POINT ( 'NONE',  ( 23.05723013559930124, -21.05367827279350124, 44.34660000000000224 ) ) ;
#514 = CARTESIAN_POINT ( 'NONE',  ( 24.63642230979742465, 4.248946546517053058, 37.08392936949076812 ) ) ;
#515 = CARTESIAN_POINT ( 'NONE',  ( 33.20612001937811897, 1.408991797213124730, 34.93061385911320826 ) ) ;
#516 = AXIS2_PLACEMENT_3D ( 'NONE', #172, #2342, #2606 ) ;
#517 = AXIS2_PLACEMENT_3D ( 'NONE', #2625, #1848, #2050 ) ;
#518 = DIRECTION ( 'NONE',  ( 0.000000000000000000, 0.000000000000000000, -1.000000000000000000 ) ) ;
#519 = CARTESIAN_POINT ( 'NONE',  ( 33.21565626415524974, 0.5976967927335750108, 44.34660000000000224 ) ) ;
#520 = CIRCLE ( 'NONE', #1344, 3.499999999999999556 ) ;
#521 = CIRCLE ( 'NONE', #1851, 4.500000000000000888 ) ;
#522 = FACE_OUTER_BOUND ( 'NONE', #2061, .T. ) ;
#523 = ORIENTED_EDGE ( 'NONE', *, *, #1877, .F. ) ;
#524 = VECTOR ( 'NONE', #1026, 1000.000000000000000 ) ;
#525 = CARTESIAN_POINT ( 'NONE',  ( -24.95437170857044151, 1.522050972125483348, 36.50577054002343402 ) ) ;
#526 = AXIS2_PLACEMENT_3D ( 'NONE', #747, #1437, #327 ) ;
#527 = DIRECTION ( 'NONE',  ( 0.7071067811865441310, 8.659560562354890950E-17, 0.7071067811865510144 ) ) ;
#528 = ORIENTED_EDGE ( 'NONE', *, *, #2193, .T. ) ;
#529 = ADVANCED_FACE ( 'NONE', ( #1843, #2718 ), #2287, .F. ) ;
#530 = EDGE_CURVE ( 'NONE', #2533, #592, #1512, .T. ) ;
#531 = DIRECTION ( 'NONE',  ( 0.000000000000000000, 0.000000000000000000, -1.000000000000000000 ) ) ;
#532 = CARTESIAN_POINT ( 'NONE',  ( 0.000000000000000000, 0.000000000000000000, 43.34660000000000224 ) ) ;
#533 = CARTESIAN_POINT ( 'NONE',  ( 24.77257491020457891, 3.364457785792791089, 40.29027875742980314 ) ) ;
#534 = B_SPLINE_CURVE_WITH_KNOTS ( 'NONE', 3,
 ( #2700, #2761, #107, #994, #1168, #1867, #2269, #1652 ),
 .UNSPECIFIED., .F., .F.,
 ( 4, 2, 2, 4 ),
 ( 0.8939838897345849800, 0.9062500000000000000, 0.9375000000000000000, 1.000000000000000000 ),
 .UNSPECIFIED. ) ;
#535 = CARTESIAN_POINT ( 'NONE',  ( 18.50623130772489944, 18.26251359438200339, 44.34660000000000224 ) ) ;
#536 = CARTESIAN_POINT ( 'NONE',  ( 24.97545487604683601, 1.107524319461376416, 36.83890626591645656 ) ) ;
#537 = CARTESIAN_POINT ( 'NONE',  ( 16.00000000000000000, -22.00000000000000000, 39.84660000000000224 ) ) ;
#538 = UNCERTAINTY_MEASURE_WITH_UNIT (LENGTH_MEASURE( 1.000000000000000082E-05 ), #1821, 'distance_accuracy_value', 'NONE');
#539 = DIRECTION ( 'NONE',  ( 1.000000000000000000, 0.000000000000000000, 0.000000000000000000 ) ) ;
#540 = VERTEX_POINT ( 'NONE', #2578 ) ;
#541 = CARTESIAN_POINT ( 'NONE',  ( 16.00000000000000000, 22.00000000000000000, 23.67330000000000112 ) ) ;
#542 = CARTESIAN_POINT ( 'NONE',  ( 33.11769672916234697, 3.048520515920350338, 34.74660000000000792 ) ) ;
#543 = ORIENTED_EDGE ( 'NONE', *, *, #2409, .F. ) ;
#544 = CARTESIAN_POINT ( 'NONE',  ( 12.00695917877111896, -19.92499999999999716, 44.34660000000000224 ) ) ;
#545 = FACE_OUTER_BOUND ( 'NONE', #495, .T. ) ;
#546 = CARTESIAN_POINT ( 'NONE',  ( 24.59249092040170481, 4.495499897470048190, 39.18331090160868513 ) ) ;
#547 = EDGE_CURVE ( 'NONE', #1167, #2156, #1056, .T. ) ;
#548 = DIRECTION ( 'NONE',  ( 0.000000000000000000, 0.000000000000000000, -1.000000000000000000 ) ) ;
#549 = CARTESIAN_POINT ( 'NONE',  ( 16.46769158525749788, -26.47563007643434929, 100.7799800330888047 ) ) ;
#550 = CARTESIAN_POINT ( 'NONE',  ( 27.35106753029995019, 15.32798099358470090, 23.67330000000000112 ) ) ;
#551 = CARTESIAN_POINT ( 'NONE',  ( -14.00000000000000000, 22.00000000000000000, 39.84660000000000224 ) ) ;
#552 = ORIENTED_EDGE ( 'NONE', *, *, #648, .F. ) ;
#553 = LINE ( 'NONE', #783, #337 ) ;
#554 = CARTESIAN_POINT ( 'NONE',  ( -14.32836158215960154, 18.92500000000000071, 43.34660000000000224 ) ) ;
#555 = VERTEX_POINT ( 'NONE', #436 ) ;
#556 = CARTESIAN_POINT ( 'NONE',  ( 16.73007488475495208, -18.57699099290550038, 43.34660000000000224 ) ) ;
#557 = EDGE_LOOP ( 'NONE', ( #2154, #511, #507, #1744 ) ) ;
#558 = DIRECTION ( 'NONE',  ( -0.000000000000000000, -0.000000000000000000, -1.000000000000000000 ) ) ;
#559 = CARTESIAN_POINT ( 'NONE',  ( 24.61029612461396354, 4.397573697046780694, 39.38189579096091109 ) ) ;
#560 = DIRECTION ( 'NONE',  ( -0.000000000000000000, -0.000000000000000000, -1.000000000000000000 ) ) ;
#561 = ADVANCED_FACE ( 'NONE', ( #2379 ), #2541, .F. ) ;
#562 = FACE_OUTER_BOUND ( 'NONE', #2838, .T. ) ;
#563 = CARTESIAN_POINT ( 'NONE',  ( 16.00000000000000000, -22.00000000000000000, 44.34660000000000224 ) ) ;
#564 = EDGE_CURVE ( 'NONE', #603, #627, #1528, .T. ) ;
#565 = CIRCLE ( 'NONE', #887, 1.999999999999998224 ) ;
#566 = CARTESIAN_POINT ( 'NONE',  ( 23.75245850137450176, 19.70240368169805123, 23.67330000000000112 ) ) ;
#567 = ORIENTED_EDGE ( 'NONE', *, *, #351, .T. ) ;
#568 = CARTESIAN_POINT ( 'NONE',  ( 16.00000000000000000, 22.00000000000000000, 44.34660000000000224 ) ) ;
#569 = CIRCLE ( 'NONE', #1303, 3.499999999999999556 ) ;
#570 = CIRCLE ( 'NONE', #2771, 2.000000000000001776 ) ;
#571 = CARTESIAN_POINT ( 'NONE',  ( 12.50000000000000000, 22.00000000000000000, 44.35160600000005360 ) ) ;
#572 = VECTOR ( 'NONE', #1702, 1000.000000000000000 ) ;
#573 = ORIENTED_EDGE ( 'NONE', *, *, #1106, .T. ) ;
#574 = CARTESIAN_POINT ( 'NONE',  ( 5.444201052617740011, 28.59086481225135046, 44.34660000000000224 ) ) ;
#575 = DIRECTION ( 'NONE',  ( -1.000000000000000000, -0.000000000000000000, -0.000000000000000000 ) ) ;
#576 = ORIENTED_EDGE ( 'NONE', *, *, #813, .F. ) ;
#577 = CARTESIAN_POINT ( 'NONE',  ( 27.35106753030325066, 15.32798099358105048, 44.34660000000000224 ) ) ;
#578 = CARTESIAN_POINT ( 'NONE',  ( 24.84231999514689448, 2.805566222241494323, 40.43777283633596653 ) ) ;
#579 = LINE ( 'NONE', #2085, #155 ) ;
#580 = CARTESIAN_POINT ( 'NONE',  ( -14.00000000000000000, 22.00000000000000000, 43.84660000000000224 ) ) ;
#581 = ADVANCED_FACE ( 'NONE', ( #2839 ), #2621, .F. ) ;
#582 = LINE ( 'NONE', #2487, #658 ) ;
#583 = EDGE_LOOP ( 'NONE', ( #41, #2058, #1961, #738 ) ) ;
#584 = FACE_OUTER_BOUND ( 'NONE', #2841, .T. ) ;
#585 = EDGE_CURVE ( 'NONE', #2307, #348, #1666, .T. ) ;
#586 = CARTESIAN_POINT ( 'NONE',  ( 32.74604215441024735, -4.331174208986695362, 23.67330000000000112 ) ) ;
#587 = VERTEX_POINT ( 'NONE', #177 ) ;
#588 = CARTESIAN_POINT ( 'NONE',  ( -16.00000000000000000, -22.00000000000000000, 43.84660000000000224 ) ) ;
#589 = CARTESIAN_POINT ( 'NONE',  ( 12.78075997990059953, -19.45506567507074891, 43.87666567507075399 ) ) ;
#590 = CARTESIAN_POINT ( 'NONE',  ( -16.00000000000000000, -22.00000000000000000, 39.84660000000000224 ) ) ;
#591 = CARTESIAN_POINT ( 'NONE',  ( 32.58714469289941462, 6.077838316869041080, 37.52844105263437058 ) ) ;
#592 = VERTEX_POINT ( 'NONE', #419 ) ;
#593 = DIRECTION ( 'NONE',  ( -0.000000000000000000, -0.000000000000000000, 1.000000000000000000 ) ) ;
#594 = DIRECTION ( 'NONE',  ( -0.000000000000000000, 1.000000000000000000, 0.000000000000000000 ) ) ;
#595 = ORIENTED_EDGE ( 'NONE', *, *, #2281, .F. ) ;
#596 = DIRECTION ( 'NONE',  ( -0.000000000000000000, -0.000000000000000000, -1.000000000000000000 ) ) ;
#597 = DIRECTION ( 'NONE',  ( 0.000000000000000000, 0.000000000000000000, 1.000000000000000000 ) ) ;
#598 = ORIENTED_EDGE ( 'NONE', *, *, #1369, .F. ) ;
#599 = CARTESIAN_POINT ( 'NONE',  ( -19.50000000000000000, -22.00000000000000000, 39.84660000000000224 ) ) ;
#600 = EDGE_CURVE ( 'NONE', #433, #540, #889, .T. ) ;
#601 = EDGE_CURVE ( 'NONE', #2522, #903, #1746, .T. ) ;
#602 = DIRECTION ( 'NONE',  ( -0.000000000000000000, -0.000000000000000000, 1.000000000000000000 ) ) ;
#603 = VERTEX_POINT ( 'NONE', #1297 ) ;
#604 = CARTESIAN_POINT ( 'NONE',  ( 33.21565626415524974, 0.5976967927335750108, 44.34660000000000224 ) ) ;
#605 = CARTESIAN_POINT ( 'NONE',  ( 32.84228514349202044, 4.948474320557004980, 35.63469294489624417 ) ) ;
#606 = CARTESIAN_POINT ( 'NONE',  ( -24.77281586603932340, 3.362678437158424849, 36.40220064457153626 ) ) ;
#607 = FACE_OUTER_BOUND ( 'NONE', #1681, .T. ) ;
#608 = PLANE ( 'NONE',  #621 ) ;
#609 = ORIENTED_EDGE ( 'NONE', *, *, #2815, .F. ) ;
#610 = CARTESIAN_POINT ( 'NONE',  ( -10.58419611424949913, -28.64496310071275076, 44.34660000000000224 ) ) ;
#611 = AXIS2_PLACEMENT_3D ( 'NONE', #805, #1099, #1972 ) ;
#612 = PLANE ( 'NONE',  #616 ) ;
#613 = VERTEX_POINT ( 'NONE', #650 ) ;
#614 = AXIS2_PLACEMENT_3D ( 'NONE', #416, #593, #2146 ) ;
#615 = FACE_OUTER_BOUND ( 'NONE', #2817, .T. ) ;
#616 = AXIS2_PLACEMENT_3D ( 'NONE', #2256, #1128, #694 ) ;
#617 = AXIS2_PLACEMENT_3D ( 'NONE', #2609, #871, #1046 ) ;
#618 = EDGE_CURVE ( 'NONE', #1364, #1845, #2405, .T. ) ;
#619 = EDGE_LOOP ( 'NONE', ( #188, #9 ) ) ;
#620 = FACE_OUTER_BOUND ( 'NONE', #759, .T. ) ;
#621 = AXIS2_PLACEMENT_3D ( 'NONE', #2837, #869, #2619 ) ;
#622 = CARTESIAN_POINT ( 'NONE',  ( 32.77522734795772408, 5.276603561089154404, 35.97259716028279541 ) ) ;
#623 = VECTOR ( 'NONE', #832, 1000.000000000000114 ) ;
#624 = CARTESIAN_POINT ( 'NONE',  ( -16.00000000000000000, 22.00000000000000000, 43.84660000000000224 ) ) ;
#625 = CYLINDRICAL_SURFACE ( 'NONE', #2583, 2.000000000000001776 ) ;
#626 = CARTESIAN_POINT ( 'NONE',  ( -25.52625936944955143, -26.41878968415930018, 23.67330000000000112 ) ) ;
#627 = VERTEX_POINT ( 'NONE', #628 ) ;
#628 = CARTESIAN_POINT ( 'NONE',  ( 14.32836158215960154, 18.92500000000000071, 43.34660000000000224 ) ) ;
#629 = CARTESIAN_POINT ( 'NONE',  ( -1.084943194769293795, -28.30983429918995142, 23.67330000000000112 ) ) ;
#630 = ORIENTED_EDGE ( 'NONE', *, *, #600, .F. ) ;
#631 = ORIENTED_EDGE ( 'NONE', *, *, #1919, .F. ) ;
#632 = DIRECTION ( 'NONE',  ( 0.000000000000000000, 0.000000000000000000, 1.000000000000000000 ) ) ;
#633 = CARTESIAN_POINT ( 'NONE',  ( 33.06877992003946787, 3.507217480200683468, 41.85474464452899923 ) ) ;
#634 = CARTESIAN_POINT ( 'NONE',  ( 43.44644050443890393, -4.039901968507144225, 44.34660000000000224 ) ) ;
#635 = DIRECTION ( 'NONE',  ( -1.000000000000000000, 0.000000000000000000, 0.000000000000000000 ) ) ;
#636 = ADVANCED_FACE ( 'NONE', ( #1508 ), #410, .F. ) ;
#637 = CARTESIAN_POINT ( 'NONE',  ( 27.00000000065424999, -16.82910241168850263, 23.67330000000000112 ) ) ;
#638 = ORIENTED_EDGE ( 'NONE', *, *, #473, .F. ) ;
#639 = DIRECTION ( 'NONE',  ( 0.000000000000000000, 0.000000000000000000, -1.000000000000000000 ) ) ;
#640 = DIRECTION ( 'NONE',  ( -0.000000000000000000, -0.000000000000000000, 1.000000000000000000 ) ) ;
#641 = VERTEX_POINT ( 'NONE', #940 ) ;
#642 = ORIENTED_EDGE ( 'NONE', *, *, #699, .T. ) ;
#643 = DIRECTION ( 'NONE',  ( -1.000000000000000000, 0.000000000000000000, 0.000000000000000000 ) ) ;
#644 = CARTESIAN_POINT ( 'NONE',  ( 26.61622496880829658, -17.25917892425909983, 44.34660000000000224 ) ) ;
#645 = ORIENTED_EDGE ( 'NONE', *, *, #2637, .T. ) ;
#646 = CARTESIAN_POINT ( 'NONE',  ( 2.914629178498965079, -27.89188949329000167, 23.67330000000000112 ) ) ;
#647 = EDGE_CURVE ( 'NONE', #307, #1219, #2042, .T. ) ;
#648 = EDGE_CURVE ( 'NONE', #903, #1413, #50, .T. ) ;
#649 = ORIENTED_EDGE ( 'NONE', *, *, #1176, .F. ) ;
#650 = CARTESIAN_POINT ( 'NONE',  ( -27.00000000000000000, 2.569370939510924767, 40.44659999999999656 ) ) ;
#651 = CARTESIAN_POINT ( 'NONE',  ( -2.160471582971510429, -28.40595766257710153, 44.34660000000000224 ) ) ;
#652 = ORIENTED_EDGE ( 'NONE', *, *, #191, .T. ) ;
#653 = AXIS2_PLACEMENT_3D ( 'NONE', #563, #1438, #1856 ) ;
#654 = AXIS2_PLACEMENT_3D ( 'NONE', #1290, #1020, #2790 ) ;
#655 = VERTEX_POINT ( 'NONE', #909 ) ;
#656 = AXIS2_PLACEMENT_3D ( 'NONE', #1734, #1314, #2392 ) ;
#657 = AXIS2_PLACEMENT_3D ( 'NONE', #2534, #2564, #333 ) ;
#658 = VECTOR ( 'NONE', #1399, 1000.000000000000000 ) ;
#659 = AXIS2_PLACEMENT_3D ( 'NONE', #1910, #1924, #1545 ) ;
#660 = FILL_AREA_STYLE_COLOUR ( '', #1487 ) ;
#661 = FACE_OUTER_BOUND ( 'NONE', #2846, .T. ) ;
#662 = CIRCLE ( 'NONE', #2366, 3.499999999999999556 ) ;
#663 = ORIENTED_EDGE ( 'NONE', *, *, #1090, .F. ) ;
#664 = CARTESIAN_POINT ( 'NONE',  ( 0.000000000000000000, 18.92500000000000071, 29.34660000000000224 ) ) ;
#665 = CARTESIAN_POINT ( 'NONE',  ( -16.00000000000000000, -22.00000000000000000, 44.35160600000005360 ) ) ;
#666 = CARTESIAN_POINT ( 'NONE',  ( 16.00000000000000000, -22.00000000000000000, 44.34660000000000224 ) ) ;
#667 = EDGE_CURVE ( 'NONE', #726, #497, #2691, .T. ) ;
#668 = CARTESIAN_POINT ( 'NONE',  ( 26.41447497922724708, 16.49317921641575069, 23.67330000000000112 ) ) ;
#669 = ORIENTED_EDGE ( 'NONE', *, *, #29, .F. ) ;
#670 = EDGE_CURVE ( 'NONE', #603, #1167, #723, .T. ) ;
#671 = ORIENTED_EDGE ( 'NONE', *, *, #93, .F. ) ;
#672 = DIRECTION ( 'NONE',  ( -1.000000000000000000, 0.000000000000000000, 0.000000000000000000 ) ) ;
#673 = CARTESIAN_POINT ( 'NONE',  ( -24.77098924251260570, 3.376109380956863859, 40.28546536994913652 ) ) ;
#674 = CARTESIAN_POINT ( 'NONE',  ( -16.58098028267195190, -28.23049557510685403, 23.67330000000000112 ) ) ;
#675 = ORIENTED_EDGE ( 'NONE', *, *, #262, .T. ) ;
#676 = CARTESIAN_POINT ( 'NONE',  ( 17.27459777987407819, 18.43126129910602984, 43.60270758410778313 ) ) ;
#677 = DIRECTION ( 'NONE',  ( -1.000000000000000000, 0.000000000000000000, 0.000000000000000000 ) ) ;
#678 = CARTESIAN_POINT ( 'NONE',  ( 31.49953064212265019, -9.123258983227399810, 44.34660000000000224 ) ) ;
#679 = B_SPLINE_CURVE_WITH_KNOTS ( 'NONE', 3,
 ( #79, #1627, #2735, #2328, #2270, #979, #304, #1181, #2295, #2055, #536, #1410, #91, #1855, #765, #1640, #1146, #312, #1790, #281, #1778, #2455, #1594, #930, #960, #2697, #742, #1161, #1808, #1561, #1133, #2684, #2652, #254, #1994, #2035 ),
 .UNSPECIFIED., .F., .F.,
 ( 4, 2, 2, 2, 1, 1, 1, 2, 2, 2, 2, 2, 2, 2, 1, 1, 1, 2, 2, 2, 4 ),
 ( 0.000000000000000000, 0.1250000000000028866, 0.1875000000000043854, 0.2187500000000051348, 0.2343750000000055234, 0.2421875000000067724, 0.2460937500000063560, 0.2480468750000061340, 0.2500000000000059397, 0.3750000000000790479, 0.5000000000001522116, 0.6250000000002253753, 0.6875000000002604583, 0.7187500000002766676, 0.7343750000002832179, 0.7421875000002849943, 0.7460937500002859935, 0.7480468750002849943, 0.7500000000002838840, 0.8750000000001419975, 1.000000000000000000 ),
 .UNSPECIFIED. ) ;
#680 = DIRECTION ( 'NONE',  ( -1.000000000000000000, 0.000000000000000000, 0.000000000000000000 ) ) ;
#681 = VERTEX_POINT ( 'NONE', #2012 ) ;
#682 = CARTESIAN_POINT ( 'NONE',  ( -24.98757129512947728, 0.7889794011119999340, 39.49373752353286449 ) ) ;
#683 = VERTEX_POINT ( 'NONE', #1782 ) ;
#684 = EDGE_CURVE ( 'NONE', #133, #1605, #1568, .T. ) ;
#685 = EDGE_CURVE ( 'NONE', #655, #1296, #2452, .T. ) ;
#686 = LINE ( 'NONE', #1360, #2221 ) ;
#687 = CARTESIAN_POINT ( 'NONE',  ( 33.18348434576014938, -0.3103722402128699098, 40.55805903925917733 ) ) ;
#688 = CARTESIAN_POINT ( 'NONE',  ( -24.72175707280356960, 3.723388909954454373, 40.10345041754334261 ) ) ;
#689 = DIRECTION ( 'NONE',  ( -0.000000000000000000, -0.000000000000000000, -1.000000000000000000 ) ) ;
#690 = ORIENTED_EDGE ( 'NONE', *, *, #813, .T. ) ;
#691 = FACE_OUTER_BOUND ( 'NONE', #2165, .T. ) ;
#692 = DIRECTION ( 'NONE',  ( 0.000000000000000000, 0.000000000000000000, -1.000000000000000000 ) ) ;
#693 = CARTESIAN_POINT ( 'NONE',  ( 32.02110582145164841, 7.912372816365460082, 44.34660000000000224 ) ) ;
#694 = DIRECTION ( 'NONE',  ( 0.000000000000000000, 0.000000000000000000, 1.000000000000000000 ) ) ;
#695 = EDGE_LOOP ( 'NONE', ( #2827, #669, #1039, #253, #1107, #631, #859, #1732, #543, #332, #1060, #17, #1593, #1198, #1373, #39, #2689, #1892, #1053, #193, #1829 ) ) ;
#696 = CARTESIAN_POINT ( 'NONE',  ( 18.00000000000000000, 22.00000000000000000, 39.84660000000000224 ) ) ;
#697 = VERTEX_POINT ( 'NONE', #460 ) ;
#698 = AXIS2_PLACEMENT_3D ( 'NONE', #876, #1041, #1470 ) ;
#699 = EDGE_CURVE ( 'NONE', #1343, #2317, #897, .T. ) ;
#700 = CARTESIAN_POINT ( 'NONE',  ( -16.00000000000000000, -22.00000000000000000, 44.35160600000005360 ) ) ;
#701 = PRODUCT_CONTEXT ( 'NONE', #2759, 'mechanical' ) ;
#702 = CARTESIAN_POINT ( 'NONE',  ( -24.64819398391852445, 4.179671626176615362, 39.69502981810563114 ) ) ;
#703 = CIRCLE ( 'NONE', #2540, 2.000000000000000000 ) ;
#704 = CARTESIAN_POINT ( 'NONE',  ( -16.00000000000000000, 22.00000000000000000, 43.84660000000000224 ) ) ;
#705 = CIRCLE ( 'NONE', #2305, 4.500000000000000888 ) ;
#706 = B_SPLINE_CURVE_WITH_KNOTS ( 'NONE', 3,
 ( #1322, #676, #1192, #535 ),
 .UNSPECIFIED., .F., .F.,
 ( 4, 4 ),
 ( 0.000000000000000000, 1.000000000000000000 ),
 .UNSPECIFIED. ) ;
#707 = AXIS2_PLACEMENT_3D ( 'NONE', #1796, #1600, #231 ) ;
#708 = ORIENTED_EDGE ( 'NONE', *, *, #1317, .T. ) ;
#709 = LINE ( 'NONE', #272, #1495 ) ;
#710 = CARTESIAN_POINT ( 'NONE',  ( -14.32836158215960154, 18.92500000000000071, 44.35160600000005360 ) ) ;
#711 = DIRECTION ( 'NONE',  ( 0.000000000000000000, 0.000000000000000000, 1.000000000000000000 ) ) ;
#712 = AXIS2_PLACEMENT_3D ( 'NONE', #1449, #105, #1891 ) ;
#713 = DIRECTION ( 'NONE',  ( -1.000000000000000000, 0.000000000000000000, 0.000000000000000000 ) ) ;
#714 = VERTEX_POINT ( 'NONE', #733 ) ;
#715 = CARTESIAN_POINT ( 'NONE',  ( -24.99398240701201246, 0.5535331447764167967, 38.99630494320076934 ) ) ;
#716 = ORIENTED_EDGE ( 'NONE', *, *, #1368, .T. ) ;
#717 = DIRECTION ( 'NONE',  ( -1.000000000000000000, -0.000000000000000000, -0.000000000000000000 ) ) ;
#718 = CARTESIAN_POINT ( 'NONE',  ( -24.66973654586975329, 4.050197716887278254, 36.85758762721434323 ) ) ;
#719 = LINE ( 'NONE', #238, #1072 ) ;
#720 = EDGE_LOOP ( 'NONE', ( #833, #2093, #2611, #1735 ) ) ;
#721 = CARTESIAN_POINT ( 'NONE',  ( 33.21646873093265384, 2.569370939510924767, 40.44659999999999656 ) ) ;
#722 = ADVANCED_FACE ( 'NONE', ( #503 ), #2445, .T. ) ;
#723 = LINE ( 'NONE', #710, #2081 ) ;
#724 = CARTESIAN_POINT ( 'NONE',  ( 31.49953064212265019, -9.123258983227399810, 23.67330000000000112 ) ) ;
#725 = CARTESIAN_POINT ( 'NONE',  ( 27.17401628193630359, -16.63074566780750274, 23.67330000000000112 ) ) ;
#726 = VERTEX_POINT ( 'NONE', #1397 ) ;
#727 = CARTESIAN_POINT ( 'NONE',  ( -24.97625999141366648, 1.089239376864040931, 39.83630503857981608 ) ) ;
#728 = ORIENTED_EDGE ( 'NONE', *, *, #756, .F. ) ;
#729 = CARTESIAN_POINT ( 'NONE',  ( -0.01122317253876252072, -28.19763337759605193, 44.34660000000000224 ) ) ;
#730 = DIRECTION ( 'NONE',  ( -1.000000000000000000, 0.000000000000000000, 0.000000000000000000 ) ) ;
#731 = CARTESIAN_POINT ( 'NONE',  ( 24.56253155159504331, 4.656818179583484429, 38.07893821735341788 ) ) ;
#732 = CARTESIAN_POINT ( 'NONE',  ( -16.73007488475495208, 18.57699099290550038, 43.34660000000000224 ) ) ;
#733 = CARTESIAN_POINT ( 'NONE',  ( -18.00000000000000000, 22.00000000000000000, 23.67330000000000112 ) ) ;
#734 = DIRECTION ( 'NONE',  ( -1.223767985496055998E-30, 2.589936845378399880E-44, 1.000000000000000000 ) ) ;
#735 = EDGE_CURVE ( 'NONE', #1661, #2750, #1304, .T. ) ;
#736 = ADVANCED_FACE ( 'NONE', ( #1109 ), #2673, .F. ) ;
#737 = DIRECTION ( 'NONE',  ( 0.000000000000000000, 0.000000000000000000, -1.000000000000000000 ) ) ;
#738 = ORIENTED_EDGE ( 'NONE', *, *, #2424, .F. ) ;
#739 = FACE_OUTER_BOUND ( 'NONE', #928, .T. ) ;
#740 = CARTESIAN_POINT ( 'NONE',  ( 16.00000000000000000, 22.00000000000000000, 39.84660000000000224 ) ) ;
#741 = EDGE_LOOP ( 'NONE', ( #1912, #1033, #528, #1718 ) ) ;
#742 = CARTESIAN_POINT ( 'NONE',  ( 24.97780099785245156, 1.053262459547117169, 39.79977638175829924 ) ) ;
#743 = CARTESIAN_POINT ( 'NONE',  ( 24.80978573400372866, 3.077973769776640278, 40.38545599109872342 ) ) ;
#744 = DIRECTION ( 'NONE',  ( -0.000000000000000000, -0.000000000000000000, 1.000000000000000000 ) ) ;
#745 = AXIS2_PLACEMENT_3D ( 'NONE', #216, #392, #2824 ) ;
#746 = AXIS2_PLACEMENT_3D ( 'NONE', #2168, #1251, #415 ) ;
#747 = CARTESIAN_POINT ( 'NONE',  ( -16.00000000000000000, 22.00000000000000000, 44.34660000000000224 ) ) ;
#748 = CARTESIAN_POINT ( 'NONE',  ( 31.03320002377880016, 10.18710971830678069, 44.34660000000000224 ) ) ;
#749 = AXIS2_PLACEMENT_3D ( 'NONE', #2380, #411, #816 ) ;
#750 = CIRCLE ( 'NONE', #1762, 3.499999999999999556 ) ;
#751 = CARTESIAN_POINT ( 'NONE',  ( 16.00000000000000000, -22.00000000000000000, 39.84660000000000224 ) ) ;
#752 = ORIENTED_EDGE ( 'NONE', *, *, #1368, .F. ) ;
#753 = AXIS2_PLACEMENT_3D ( 'NONE', #2403, #244, #1543 ) ;
#754 = CARTESIAN_POINT ( 'NONE',  ( -25.00000000000000000, 0.000000000000000000, 43.34660000000000224 ) ) ;
#755 = AXIS2_PLACEMENT_3D ( 'NONE', #44, #531, #1404 ) ;
#756 = EDGE_CURVE ( 'NONE', #1618, #1845, #1165, .T. ) ;
#757 = CIRCLE ( 'NONE', #2082, 4.500000000000000888 ) ;
#758 = CARTESIAN_POINT ( 'NONE',  ( 32.99169346444970330, 4.058934843581520902, 35.06871450469571982 ) ) ;
#759 = EDGE_LOOP ( 'NONE', ( #1538, #573, #2252, #458 ) ) ;
#760 = EDGE_CURVE ( 'NONE', #1497, #219, #203, .T. ) ;
#761 = CARTESIAN_POINT ( 'NONE',  ( -8.847510535413499966, 31.28888096914135630, 44.34660000000000224 ) ) ;
#762 = FACE_BOUND ( 'NONE', #2661, .T. ) ;
#763 = CARTESIAN_POINT ( 'NONE',  ( 24.85608162732783200, 2.681007633769374454, 40.44659999999998945 ) ) ;
#764 = DIRECTION ( 'NONE',  ( 0.000000000000000000, 0.000000000000000000, -1.000000000000000000 ) ) ;
#765 = CARTESIAN_POINT ( 'NONE',  ( 24.98280923563600808, 0.9385496141727366348, 37.00735521856898913 ) ) ;
#766 = DIRECTION ( 'NONE',  ( 0.000000000000000000, 0.000000000000000000, 1.000000000000000000 ) ) ;
#767 = DIRECTION ( 'NONE',  ( -1.000000000000000000, 0.000000000000000000, 0.000000000000000000 ) ) ;
#768 = ORIENTED_EDGE ( 'NONE', *, *, #224, .F. ) ;
#769 = CARTESIAN_POINT ( 'NONE',  ( -16.00000000000000000, -22.00000000000000000, 44.34660000000000224 ) ) ;
#770 = DIRECTION ( 'NONE',  ( -1.000000000000000000, 7.709882115452474222E-16, 0.000000000000000000 ) ) ;
#771 = ORIENTED_EDGE ( 'NONE', *, *, #2701, .F. ) ;
#772 = CARTESIAN_POINT ( 'NONE',  ( -12.00695917877115804, -19.92499999999999716, 44.34660000000000224 ) ) ;
#773 = ADVANCED_FACE ( 'NONE', ( #2431 ), #2461, .T. ) ;
#774 = EDGE_CURVE ( 'NONE', #397, #1971, #2681, .T. ) ;
#775 = ORIENTED_EDGE ( 'NONE', *, *, #2799, .F. ) ;
#776 = CARTESIAN_POINT ( 'NONE',  ( -6.009170802798569966, 30.77178726845355072, 23.67330000000000112 ) ) ;
#777 = CARTESIAN_POINT ( 'NONE',  ( 24.77612514766144969, 3.338209505269770005, 40.30084271138338181 ) ) ;
#778 = CARTESIAN_POINT ( 'NONE',  ( 0.000000000000000000, 0.000000000000000000, 44.34660000000000224 ) ) ;
#779 = LINE ( 'NONE', #549, #2825 ) ;
#780 = CYLINDRICAL_SURFACE ( 'NONE', #1986, 3.499999999999999556 ) ;
#781 = LINE ( 'NONE', #2069, #1391 ) ;
#782 = ORIENTED_EDGE ( 'NONE', *, *, #2294, .T. ) ;
#783 = CARTESIAN_POINT ( 'NONE',  ( 18.00000000000000000, 22.00000000000000000, 43.84660000000000224 ) ) ;
#784 = CARTESIAN_POINT ( 'NONE',  ( -16.00000000000000000, 22.00000000000000000, 44.34660000000000224 ) ) ;
#785 = ORIENTED_EDGE ( 'NONE', *, *, #915, .F. ) ;
#786 = DIRECTION ( 'NONE',  ( 0.000000000000000000, 0.000000000000000000, -1.000000000000000000 ) ) ;
#787 = DIRECTION ( 'NONE',  ( -1.000000000000000000, -1.541976423090494844E-15, 0.000000000000000000 ) ) ;
#788 = ORIENTED_EDGE ( 'NONE', *, *, #881, .F. ) ;
#789 = CARTESIAN_POINT ( 'NONE',  ( 20.50000000000000000, 22.00000000000000000, 44.34660000000000224 ) ) ;
#790 = CARTESIAN_POINT ( 'NONE',  ( 24.65173528150999971, 4.159832467825006042, 39.72651437483074233 ) ) ;
#791 = EDGE_CURVE ( 'NONE', #497, #2413, #570, .T. ) ;
#792 = EDGE_CURVE ( 'NONE', #2836, #394, #478, .T. ) ;
#793 = DIRECTION ( 'NONE',  ( 1.000000000000000000, 0.000000000000000000, 0.000000000000000000 ) ) ;
#794 = DIRECTION ( 'NONE',  ( -1.000000000000000000, 0.000000000000000000, 0.000000000000000000 ) ) ;
#795 = AXIS2_PLACEMENT_3D ( 'NONE', #2647, #711, #2013 ) ;
#796 = VECTOR ( 'NONE', #1469, 1000.000000000000000 ) ;
#797 = FACE_OUTER_BOUND ( 'NONE', #2524, .T. ) ;
#798 = VERTEX_POINT ( 'NONE', #1139 ) ;
#799 = PLANE ( 'NONE',  #657 ) ;
#800 = AXIS2_PLACEMENT_3D ( 'NONE', #1376, #2428, #1565 ) ;
#801 = CARTESIAN_POINT ( 'NONE',  ( 27.35106753030325066, 15.32798099358105048, 23.67330000000000112 ) ) ;
#802 = VECTOR ( 'NONE', #1828, 1000.000000000000000 ) ;
#803 = VECTOR ( 'NONE', #2108, 1000.000000000000000 ) ;
#804 = VERTEX_POINT ( 'NONE', #273 ) ;
#805 = CARTESIAN_POINT ( 'NONE',  ( 16.00000000000000000, -22.00000000000000000, 23.67330000000000112 ) ) ;
#806 = CARTESIAN_POINT ( 'NONE',  ( -5.719848629351210079, 30.71669526296260244, 44.34660000000000224 ) ) ;
#807 = ORIENTED_EDGE ( 'NONE', *, *, #1503, .F. ) ;
#808 = CARTESIAN_POINT ( 'NONE',  ( 31.03320002377880016, 10.18710971830678069, 44.34660000000000224 ) ) ;
#809 = CARTESIAN_POINT ( 'NONE',  ( 24.76954963671495946, 3.386664490602330879, 36.41215441098435690 ) ) ;
#810 = DIRECTION ( 'NONE',  ( -0.000000000000000000, -0.000000000000000000, 1.000000000000000000 ) ) ;
#811 = LINE ( 'NONE', #317, #5 ) ;
#812 = FACE_OUTER_BOUND ( 'NONE', #2071, .T. ) ;
#813 = EDGE_CURVE ( 'NONE', #2227, #34, #2031, .T. ) ;
#814 = ORIENTED_EDGE ( 'NONE', *, *, #1918, .F. ) ;
#815 = DIRECTION ( 'NONE',  ( 1.541976423090494844E-15, 1.000000000000000000, 0.000000000000000000 ) ) ;
#816 = DIRECTION ( 'NONE',  ( -1.000000000000000000, 0.000000000000000000, 0.000000000000000000 ) ) ;
#817 = VERTEX_POINT ( 'NONE', #2530 ) ;
#818 = CARTESIAN_POINT ( 'NONE',  ( -20.50000000000000000, 22.00000000000000000, 44.34660000000000224 ) ) ;
#819 = CARTESIAN_POINT ( 'NONE',  ( 31.00802126143384996, -10.46539076089329967, 44.34660000000000224 ) ) ;
#820 = ORIENTED_EDGE ( 'NONE', *, *, #760, .F. ) ;
#821 = DIRECTION ( 'NONE',  ( -1.000000000000000000, 7.709882115452474222E-16, 0.000000000000000000 ) ) ;
#822 = CARTESIAN_POINT ( 'NONE',  ( 32.59456045677102054, 6.049107163295965428, 37.41417759921831276 ) ) ;
#823 = CARTESIAN_POINT ( 'NONE',  ( -24.78037681059990405, 3.306513370839162302, 36.38004975584697576 ) ) ;
#824 = FACE_OUTER_BOUND ( 'NONE', #2756, .T. ) ;
#825 = LINE ( 'NONE', #1283, #572 ) ;
#826 = ORIENTED_EDGE ( 'NONE', *, *, #2618, .F. ) ;
#827 = CARTESIAN_POINT ( 'NONE',  ( -6.298744497233980333, 30.82567137147639968, 23.67330000000000112 ) ) ;
#828 = ADVANCED_FACE ( 'NONE', ( #562 ), #57, .F. ) ;
#829 = EDGE_CURVE ( 'NONE', #1025, #2371, #1328, .T. ) ;
#830 = CARTESIAN_POINT ( 'NONE',  ( 27.94337670250145322, -15.70286844048355057, 44.34660000000000224 ) ) ;
#831 = ORIENTED_EDGE ( 'NONE', *, *, #441, .F. ) ;
#832 = DIRECTION ( 'NONE',  ( -0.7071067811865460184, 0.000000000000000000, 0.7071067811865489050 ) ) ;
#833 = ORIENTED_EDGE ( 'NONE', *, *, #43, .T. ) ;
#834 = CARTESIAN_POINT ( 'NONE',  ( -12.00695917877115804, -19.92499999999999716, 44.34660000000000224 ) ) ;
#835 = CARTESIAN_POINT ( 'NONE',  ( 32.79187293309387030, 5.197028921587367734, 35.88502923090947405 ) ) ;
#836 = CARTESIAN_POINT ( 'NONE',  ( 30.71523765055459876, -11.11718253966864012, 23.67330000000000112 ) ) ;
#837 = B_SPLINE_SURFACE_WITH_KNOTS ( 'NONE', 3, 1, ( 
 ( #1356, #1784 ),
 ( #2677, #725 ),
 ( #264, #1546 ),
 ( #2014, #2638 ),
 ( #925, #1370 ),
 ( #2244, #942 ),
 ( #2693, #1602 ),
 ( #2476, #506 ) ),
 .UNSPECIFIED., .F., .F., .F.,
 ( 4, 2, 2, 4 ),
 ( 2, 2 ),
 ( 0.8939838917442859412, 0.9062500000000000000, 0.9375000000000000000, 1.000000000000000000 ),
 ( 0.000000000000000000, 1.000000000000000000 ),
 .UNSPECIFIED. ) ;
#838 = DIRECTION ( 'NONE',  ( -1.000000000000000000, 0.000000000000000000, 0.000000000000000000 ) ) ;
#839 = EDGE_LOOP ( 'NONE', ( #1547, #2004, #1490, #451 ) ) ;
#840 = DIRECTION ( 'NONE',  ( -1.000000000000000000, 0.000000000000000000, 0.000000000000000000 ) ) ;
#841 = ORIENTED_EDGE ( 'NONE', *, *, #2336, .F. ) ;
#842 = CARTESIAN_POINT ( 'NONE',  ( -20.51781598297269937, -27.57635388629675433, 44.34660000000000224 ) ) ;
#843 = AXIS2_PLACEMENT_3D ( 'NONE', #1525, #2398, #1094 ) ;
#844 = CARTESIAN_POINT ( 'NONE',  ( -23.92683357723910120, -26.83680894286240104, 23.67330000000000112 ) ) ;
#845 = ORIENTED_EDGE ( 'NONE', *, *, #1983, .T. ) ;
#846 = AXIS2_PLACEMENT_3D ( 'NONE', #330, #2505, #1214 ) ;
#847 = CIRCLE ( 'NONE', #1943, 25.00000000000000000 ) ;
#848 = VECTOR ( 'NONE', #1813, 1000.000000000000000 ) ;
#849 = AXIS2_PLACEMENT_3D ( 'NONE', #320, #1199, #985 ) ;
#850 = EDGE_LOOP ( 'NONE', ( #567, #1769, #1097, #1597 ) ) ;
#851 = EDGE_CURVE ( 'NONE', #1413, #361, #779, .T. ) ;
#852 = LINE ( 'NONE', #2143, #1434 ) ;
#853 = LINE ( 'NONE', #1514, #933 ) ;
#854 = VECTOR ( 'NONE', #1694, 1000.000000000000000 ) ;
#855 = ORIENTED_EDGE ( 'NONE', *, *, #440, .T. ) ;
#856 = B_SPLINE_CURVE_WITH_KNOTS ( 'NONE', 3,
 ( #1122, #21, #2226, #1583 ),
 .UNSPECIFIED., .F., .F.,
 ( 4, 4 ),
 ( 0.000000000000000000, 1.000000000000000000 ),
 .UNSPECIFIED. ) ;
#857 = CARTESIAN_POINT ( 'NONE',  ( 27.00000012528369808, -16.82910226962109945, 44.34660000000000224 ) ) ;
#858 = DIRECTION ( 'NONE',  ( 1.000000000000000000, 0.000000000000000000, 0.000000000000000000 ) ) ;
#859 = ORIENTED_EDGE ( 'NONE', *, *, #2637, .F. ) ;
#860 = CARTESIAN_POINT ( 'NONE',  ( -15.69330211782330231, 32.01912705259439917, 23.67330000000000112 ) ) ;
#861 = CARTESIAN_POINT ( 'NONE',  ( -16.58098028267195190, -28.23049557510685403, 23.67330000000000112 ) ) ;
#862 = VERTEX_POINT ( 'NONE', #1209 ) ;
#863 = VERTEX_POINT ( 'NONE', #1653 ) ;
#864 = CARTESIAN_POINT ( 'NONE',  ( 29.38129007498985246, 12.80928728593498001, 44.34660000000000224 ) ) ;
#865 = EDGE_CURVE ( 'NONE', #2115, #627, #579, .T. ) ;
#866 = EDGE_CURVE ( 'NONE', #1819, #1221, #345, .T. ) ;
#867 = CARTESIAN_POINT ( 'NONE',  ( -24.67008341080338241, 4.048092871235357215, 36.85549779930195768 ) ) ;
#868 = CYLINDRICAL_SURFACE ( 'NONE', #843, 3.499999999999999556 ) ;
#869 = DIRECTION ( 'NONE',  ( 0.000000000000000000, 0.000000000000000000, 1.000000000000000000 ) ) ;
#870 = ORIENTED_EDGE ( 'NONE', *, *, #2147, .F. ) ;
#871 = DIRECTION ( 'NONE',  ( 0.000000000000000000, 0.000000000000000000, 1.000000000000000000 ) ) ;
#872 = CARTESIAN_POINT ( 'NONE',  ( 27.17401622560465313, -16.63074573405440049, 44.34660000000000224 ) ) ;
#873 = ORIENTED_EDGE ( 'NONE', *, *, #760, .T. ) ;
#874 = ORIENTED_EDGE ( 'NONE', *, *, #2314, .F. ) ;
#875 = CARTESIAN_POINT ( 'NONE',  ( -24.65154108792683729, 4.160979858128096787, 36.96801355311463766 ) ) ;
#876 = CARTESIAN_POINT ( 'NONE',  ( 0.000000000000000000, 0.000000000000000000, 29.34660000000000224 ) ) ;
#877 = EDGE_CURVE ( 'NONE', #1462, #2624, #1672, .T. ) ;
#878 = EDGE_LOOP ( 'NONE', ( #2488, #2496, #912, #1703 ) ) ;
#879 = LINE ( 'NONE', #2645, #2450 ) ;
#880 = VERTEX_POINT ( 'NONE', #108 ) ;
#881 = EDGE_CURVE ( 'NONE', #2750, #1462, #358, .T. ) ;
#882 = CARTESIAN_POINT ( 'NONE',  ( 0.000000000000000000, 18.92500000000000071, 39.84660000000000224 ) ) ;
#883 = CARTESIAN_POINT ( 'NONE',  ( 26.75572015696459971, 16.05782374672634916, 23.67330000000000112 ) ) ;
#884 = CARTESIAN_POINT ( 'NONE',  ( 12.78075997990069901, 19.45506567507074891, 43.87666567507075399 ) ) ;
#885 = ORIENTED_EDGE ( 'NONE', *, *, #2760, .F. ) ;
#886 = CIRCLE ( 'NONE', #1253, 25.00000000000000000 ) ;
#887 = AXIS2_PLACEMENT_3D ( 'NONE', #227, #215, #2020 ) ;
#888 = CIRCLE ( 'NONE', #1899, 1.999999999999998224 ) ;
#889 = CIRCLE ( 'NONE', #1493, 10.00000000000000178 ) ;
#890 = CARTESIAN_POINT ( 'NONE',  ( 33.14675273607443273, -0.9152276676852586501, 39.28097748752252016 ) ) ;
#891 = CIRCLE ( 'NONE', #2728, 4.500000000000000888 ) ;
#892 = VECTOR ( 'NONE', #2107, 1000.000000000000000 ) ;
#893 = FILL_AREA_STYLE ('',( #660 ) ) ;
#894 = CARTESIAN_POINT ( 'NONE',  ( -4.566694975053189332, -28.57485613419785153, 23.67330000000000112 ) ) ;
#895 = VERTEX_POINT ( 'NONE', #1009 ) ;
#896 = FACE_OUTER_BOUND ( 'NONE', #2102, .T. ) ;
#897 = LINE ( 'NONE', #1151, #1535 ) ;
#898 = CARTESIAN_POINT ( 'NONE',  ( 32.74604215441024735, -4.331174208986695362, 44.34660000000000224 ) ) ;
#899 = ADVANCED_FACE ( 'NONE', ( #2762 ), #1668, .F. ) ;
#900 = EDGE_CURVE ( 'NONE', #394, #880, #679, .T. ) ;
#901 = DIRECTION ( 'NONE',  ( -0.000000000000000000, -0.000000000000000000, -1.000000000000000000 ) ) ;
#902 = EDGE_LOOP ( 'NONE', ( #95, #1519, #2190, #1095, #2394, #2738 ) ) ;
#903 = VERTEX_POINT ( 'NONE', #729 ) ;
#904 = DIRECTION ( 'NONE',  ( 0.000000000000000000, 0.000000000000000000, 1.000000000000000000 ) ) ;
#905 = CARTESIAN_POINT ( 'NONE',  ( -24.59081509935246146, 4.504644622865795256, 37.53125044975727320 ) ) ;
#906 = CARTESIAN_POINT ( 'NONE',  ( 16.00000000000000000, -22.00000000000000000, 39.84660000000000224 ) ) ;
#907 = EDGE_LOOP ( 'NONE', ( #1659, #2185, #675, #1687 ) ) ;
#908 = CARTESIAN_POINT ( 'NONE',  ( 29.00000000000000000, 2.569370939510924767, 40.44659999999999656 ) ) ;
#909 = CARTESIAN_POINT ( 'NONE',  ( 27.35106753030325066, 15.32798099358105048, 23.67330000000000112 ) ) ;
#910 = CARTESIAN_POINT ( 'NONE',  ( 32.41880771959155538, 6.723940817478050391, 23.67330000000000112 ) ) ;
#911 = PLANE ( 'NONE',  #2628 ) ;
#912 = ORIENTED_EDGE ( 'NONE', *, *, #618, .F. ) ;
#913 = DIRECTION ( 'NONE',  ( -0.000000000000000000, -0.000000000000000000, 1.000000000000000000 ) ) ;
#914 = EDGE_CURVE ( 'NONE', #2477, #2522, #686, .T. ) ;
#915 = EDGE_CURVE ( 'NONE', #2696, #27, #467, .T. ) ;
#916 = VERTEX_POINT ( 'NONE', #2019 ) ;
#917 = FACE_OUTER_BOUND ( 'NONE', #907, .T. ) ;
#918 =( NAMED_UNIT ( * ) SI_UNIT ( $, .STERADIAN. ) SOLID_ANGLE_UNIT ( ) );
#919 = CARTESIAN_POINT ( 'NONE',  ( -24.57318068600701366, 4.600198734312661131, 38.88572069217778449 ) ) ;
#920 = LINE ( 'NONE', #488, #241 ) ;
#921 = ORIENTED_EDGE ( 'NONE', *, *, #1548, .T. ) ;
#922 = DIRECTION ( 'NONE',  ( 0.000000000000000000, 0.000000000000000000, 1.000000000000000000 ) ) ;
#923 = DIRECTION ( 'NONE',  ( 0.000000000000000000, 0.000000000000000000, 1.000000000000000000 ) ) ;
#924 = DIRECTION ( 'NONE',  ( -1.000000000000000000, 1.145750161413161802E-13, 0.000000000000000000 ) ) ;
#925 = CARTESIAN_POINT ( 'NONE',  ( 28.35078385819035063, -15.16484296219404904, 44.34660000000000224 ) ) ;
#926 = ORIENTED_EDGE ( 'NONE', *, *, #1755, .F. ) ;
#927 = CARTESIAN_POINT ( 'NONE',  ( 16.46769158525749788, -26.47563007643434929, 23.67330000000000112 ) ) ;
#928 = EDGE_LOOP ( 'NONE', ( #1935, #1871, #2536, #2562, #1001 ) ) ;
#929 = CIRCLE ( 'NONE', #2816, 3.499999999999999556 ) ;
#930 = CARTESIAN_POINT ( 'NONE',  ( 24.98231691647538000, 0.9386536538361226478, 39.67095519519151736 ) ) ;
#931 = EDGE_CURVE ( 'NONE', #613, #641, #1348, .T. ) ;
#932 = CARTESIAN_POINT ( 'NONE',  ( -24.56255093214754837, 4.656714827483613206, 38.61499867986513124 ) ) ;
#933 = VECTOR ( 'NONE', #1038, 1000.000000000000000 ) ;
#934 = CARTESIAN_POINT ( 'NONE',  ( -2.160471582746650299, -28.40595766256129906, 23.67330000000000112 ) ) ;
#935 = VECTOR ( 'NONE', #2230, 1000.000000000000000 ) ;
#936 = AXIS2_PLACEMENT_3D ( 'NONE', #664, #2670, #2209 ) ;
#937 = AXIS2_PLACEMENT_3D ( 'NONE', #2547, #1453, #2714 ) ;
#938 = VERTEX_POINT ( 'NONE', #1345 ) ;
#939 = LINE ( 'NONE', #1795, #1119 ) ;
#940 = CARTESIAN_POINT ( 'NONE',  ( -27.00000000000000000, 2.569370939510919438, 36.24659999999999371 ) ) ;
#941 = FACE_OUTER_BOUND ( 'NONE', #391, .T. ) ;
#942 = CARTESIAN_POINT ( 'NONE',  ( 29.49659718231504968, -13.50947481216980073, 23.67330000000000112 ) ) ;
#943 = ORIENTED_EDGE ( 'NONE', *, *, #2180, .F. ) ;
#944 = DIRECTION ( 'NONE',  ( 0.000000000000000000, 0.000000000000000000, 1.000000000000000000 ) ) ;
#945 = VERTEX_POINT ( 'NONE', #1374 ) ;
#946 = CARTESIAN_POINT ( 'NONE',  ( -5.719848629351210079, 30.71669526296260244, 100.7799800330888047 ) ) ;
#947 = B_SPLINE_SURFACE_WITH_KNOTS ( 'NONE', 3, 1, ( 
 ( #119, #2745 ),
 ( #2482, #776 ),
 ( #2038, #1649 ),
 ( #1222, #2096 ),
 ( #1006, #1880 ),
 ( #2757, #282 ),
 ( #1662, #2125 ),
 ( #2326, #197 ),
 ( #1061, #2157 ),
 ( #2774, #1278 ),
 ( #1079, #169 ),
 ( #152, #1500 ) ),
 .UNSPECIFIED., .F., .F., .F.,
 ( 4, 2, 2, 2, 2, 4 ),
 ( 2, 2 ),
 ( 0.6089629053556200322, 0.6250000000000000000, 0.7500000000000000000, 0.8125000000000000000, 0.8750000000000000000, 0.9683437086352980616 ),
 ( 0.000000000000000000, 1.000000000000000000 ),
 .UNSPECIFIED. ) ;
#948 = DIRECTION ( 'NONE',  ( 0.000000000000000000, 0.000000000000000000, 1.000000000000000000 ) ) ;
#949 = CARTESIAN_POINT ( 'NONE',  ( -21.82382448124320007, -27.31948325424655266, 23.67330000000000112 ) ) ;
#950 = ADVANCED_FACE ( 'NONE', ( #2249 ), #62, .F. ) ;
#951 = EDGE_CURVE ( 'NONE', #161, #2620, #1537, .T. ) ;
#952 = EDGE_LOOP ( 'NONE', ( #1102, #2240, #2640, #1282 ) ) ;
#953 = DIRECTION ( 'NONE',  ( -0.000000000000000000, -0.000000000000000000, -1.000000000000000000 ) ) ;
#954 = CARTESIAN_POINT ( 'NONE',  ( 0.000000000000000000, 18.92500000000000071, 43.34660000000000224 ) ) ;
#955 = CARTESIAN_POINT ( 'NONE',  ( -16.73007488475495208, -18.57699099290550038, 39.84660000000000224 ) ) ;
#956 = CARTESIAN_POINT ( 'NONE',  ( -27.00000000000000000, -24.48926873945140059, 23.67330000000000112 ) ) ;
#957 = EDGE_LOOP ( 'NONE', ( #2222, #2649, #1129, #1634, #1012, #139, #649, #841 ) ) ;
#958 = FACE_BOUND ( 'NONE', #2509, .T. ) ;
#959 = ORIENTED_EDGE ( 'NONE', *, *, #647, .T. ) ;
#960 = CARTESIAN_POINT ( 'NONE',  ( 24.98021970958117777, 0.9935037445194347949, 39.73491965734012155 ) ) ;
#961 = CARTESIAN_POINT ( 'NONE',  ( 24.59417120523477251, 4.486328362535213721, 39.20432109490666761 ) ) ;
#962 = CARTESIAN_POINT ( 'NONE',  ( 16.73007488475495208, 18.57699099290550038, 42.09910299999999950 ) ) ;
#963 = EDGE_CURVE ( 'NONE', #2630, #2533, #512, .T. ) ;
#964 = DIRECTION ( 'NONE',  ( 0.000000000000000000, 0.000000000000000000, -1.000000000000000000 ) ) ;
#965 = FACE_OUTER_BOUND ( 'NONE', #2074, .T. ) ;
#966 = CARTESIAN_POINT ( 'NONE',  ( 33.21646873093265384, 2.569370939510919438, 36.24659999999999371 ) ) ;
#967 = ADVANCED_FACE ( 'NONE', ( #917 ), #1389, .F. ) ;
#968 = ORIENTED_EDGE ( 'NONE', *, *, #2424, .T. ) ;
#969 = DIRECTION ( 'NONE',  ( -0.000000000000000000, -0.000000000000000000, -1.000000000000000000 ) ) ;
#970 = DIRECTION ( 'NONE',  ( -0.000000000000000000, -0.000000000000000000, 1.000000000000000000 ) ) ;
#971 = ORIENTED_EDGE ( 'NONE', *, *, #81, .T. ) ;
#972 = CARTESIAN_POINT ( 'NONE',  ( -16.73007488475495208, -18.57699099290550038, 42.09910299999999950 ) ) ;
#973 = DIRECTION ( 'NONE',  ( 0.000000000000000000, 0.000000000000000000, 1.000000000000000000 ) ) ;
#974 = CARTESIAN_POINT ( 'NONE',  ( 24.66874997098548050, 4.056202583355566382, 36.86358366918678087 ) ) ;
#975 = CONICAL_SURFACE ( 'NONE', #2210, 25.00000000000000000, 0.7853981633974532750 ) ;
#976 = DIRECTION ( 'NONE',  ( -1.000000000000000000, 0.000000000000000000, 0.000000000000000000 ) ) ;
#977 = AXIS2_PLACEMENT_3D ( 'NONE', #666, #449, #232 ) ;
#978 = CONICAL_SURFACE ( 'NONE', #2589, 4.500000000000000888, 0.7853981633974461696 ) ;
#979 = CARTESIAN_POINT ( 'NONE',  ( 24.96320654457619170, 1.352731830213770081, 36.63352240912403346 ) ) ;
#980 = DIRECTION ( 'NONE',  ( 0.000000000000000000, 0.000000000000000000, 1.000000000000000000 ) ) ;
#981 = VECTOR ( 'NONE', #1632, 999.9999999999998863 ) ;
#982 = CARTESIAN_POINT ( 'NONE',  ( 18.50623130772489944, -18.26251359438195010, 44.34660000000000224 ) ) ;
#983 = ORIENTED_EDGE ( 'NONE', *, *, #2130, .F. ) ;
#984 = VECTOR ( 'NONE', #2796, 1000.000000000000114 ) ;
#985 = DIRECTION ( 'NONE',  ( 0.000000000000000000, 1.000000000000000000, 0.000000000000000000 ) ) ;
#986 = AXIS2_PLACEMENT_3D ( 'NONE', #2570, #1647, #2523 ) ;
#987 = EDGE_CURVE ( 'NONE', #1799, #2404, #104, .T. ) ;
#988 = ADVANCED_FACE ( 'NONE', ( #2049 ), #74, .F. ) ;
#989 = CARTESIAN_POINT ( 'NONE',  ( 33.21646873093265384, 1.224006259131789953, 23.67330000000000112 ) ) ;
#990 = ORIENTED_EDGE ( 'NONE', *, *, #2425, .T. ) ;
#991 = LINE ( 'NONE', #1202, #2083 ) ;
#992 = CARTESIAN_POINT ( 'NONE',  ( -16.00000000000000000, 22.00000000000000000, 39.84660000000000224 ) ) ;
#993 = CARTESIAN_POINT ( 'NONE',  ( 24.67695163612237863, 4.006694916735045631, 39.87774418770643337 ) ) ;
#994 = CARTESIAN_POINT ( 'NONE',  ( 27.94337670250145322, -15.70286844048355057, 23.67330000000000112 ) ) ;
#995 = CARTESIAN_POINT ( 'NONE',  ( 26.61622111895015053, -17.25918316410305309, 23.67330000000000112 ) ) ;
#996 = CARTESIAN_POINT ( 'NONE',  ( 30.42233466907550010, 11.26245320591059951, 23.67330000000000112 ) ) ;
#997 = DIRECTION ( 'NONE',  ( 0.000000000000000000, 0.000000000000000000, -1.000000000000000000 ) ) ;
#998 = EDGE_LOOP ( 'NONE', ( #1091, #1560, #1036, #1794 ) ) ;
#999 = FACE_OUTER_BOUND ( 'NONE', #957, .T. ) ;
#1000 = CARTESIAN_POINT ( 'NONE',  ( 31.49953064212269993, -9.123258983227399810, 23.67330000000000112 ) ) ;
#1001 = ORIENTED_EDGE ( 'NONE', *, *, #2781, .F. ) ;
#1002 = ADVANCED_FACE ( 'NONE', ( #2499 ), #268, .T. ) ;
#1003 = CARTESIAN_POINT ( 'NONE',  ( -16.00000000000000000, 22.00000000000000000, 39.84660000000000224 ) ) ;
#1004 = CARTESIAN_POINT ( 'NONE',  ( 31.49953064212269993, -9.123258983227399810, 44.34660000000000224 ) ) ;
#1005 = ORIENTED_EDGE ( 'NONE', *, *, #2053, .T. ) ;
#1006 = CARTESIAN_POINT ( 'NONE',  ( -11.11698315678654048, 31.62167722859039642, 44.34660000000000224 ) ) ;
#1007 = CARTESIAN_POINT ( 'NONE',  ( 24.77422819425299849, 3.352251551787358785, 40.29522092066015659 ) ) ;
#1008 = CARTESIAN_POINT ( 'NONE',  ( 33.18193144548860829, 2.100458317246646889, 34.76943218167767924 ) ) ;
#1009 = CARTESIAN_POINT ( 'NONE',  ( 18.50623130772489944, -18.26251359438195010, 44.34660000000000224 ) ) ;
#1010 = CARTESIAN_POINT ( 'NONE',  ( 16.46769158525749788, -26.47563007643434929, 44.34660000000000224 ) ) ;
#1011 = LINE ( 'NONE', #1655, #52 ) ;
#1012 = ORIENTED_EDGE ( 'NONE', *, *, #225, .T. ) ;
#1013 = CARTESIAN_POINT ( 'NONE',  ( -16.00000000000000000, 22.00000000000000000, 43.34660000000000224 ) ) ;
#1014 = CARTESIAN_POINT ( 'NONE',  ( 33.21565626415524974, 0.5976967927335750108, 23.67330000000000112 ) ) ;
#1015 = ORIENTED_EDGE ( 'NONE', *, *, #735, .T. ) ;
#1016 = CYLINDRICAL_SURFACE ( 'NONE', #2177, 2.000000000000001776 ) ;
#1017 = B_SPLINE_CURVE_WITH_KNOTS ( 'NONE', 3,
 ( #2158, #1279, #1467, #402 ),
 .UNSPECIFIED., .F., .F.,
 ( 4, 4 ),
 ( 0.000000000000000000, 1.000000000000000000 ),
 .UNSPECIFIED. ) ;
#1018 = DIRECTION ( 'NONE',  ( 0.000000000000000000, 0.000000000000000000, -1.000000000000000000 ) ) ;
#1019 = VERTEX_POINT ( 'NONE', #2788 ) ;
#1020 = DIRECTION ( 'NONE',  ( -1.000000000000000000, 0.000000000000000000, 0.000000000000000000 ) ) ;
#1021 = CARTESIAN_POINT ( 'NONE',  ( 32.62239573793193870, 5.939323218948502792, 37.07476150815102045 ) ) ;
#1022 = EDGE_CURVE ( 'NONE', #2630, #2413, #505, .T. ) ;
#1023 = LINE ( 'NONE', #404, #287 ) ;
#1024 = CARTESIAN_POINT ( 'NONE',  ( 30.42233466907550010, 11.26245320591059951, 44.34660000000000224 ) ) ;
#1025 = VERTEX_POINT ( 'NONE', #355 ) ;
#1026 = DIRECTION ( 'NONE',  ( 0.000000000000000000, 0.000000000000000000, 1.000000000000000000 ) ) ;
#1027 = ORIENTED_EDGE ( 'NONE', *, *, #881, .T. ) ;
#1028 = CARTESIAN_POINT ( 'NONE',  ( 26.41447497922724708, 16.49317921641575069, 44.34660000000000224 ) ) ;
#1029 = AXIS2_PLACEMENT_3D ( 'NONE', #1988, #2201, #680 ) ;
#1030 = CARTESIAN_POINT ( 'NONE',  ( 29.38129007498985246, 12.80928728593498001, 23.67330000000000112 ) ) ;
#1031 = AXIS2_PLACEMENT_3D ( 'NONE', #2161, #1743, #858 ) ;
#1032 = VECTOR ( 'NONE', #122, 1000.000000000000000 ) ;
#1033 = ORIENTED_EDGE ( 'NONE', *, *, #2665, .T. ) ;
#1034 = DIRECTION ( 'NONE',  ( 1.000000000000000000, 0.000000000000000000, 0.000000000000000000 ) ) ;
#1035 = CARTESIAN_POINT ( 'NONE',  ( -21.94317706251809952, 32.01102771056345375, 44.34660000000000224 ) ) ;
#1036 = ORIENTED_EDGE ( 'NONE', *, *, #245, .T. ) ;
#1037 = CARTESIAN_POINT ( 'NONE',  ( 30.42233466907550010, 11.26245320591059951, 44.34660000000000224 ) ) ;
#1038 = DIRECTION ( 'NONE',  ( 0.000000000000000000, 0.000000000000000000, 1.000000000000000000 ) ) ;
#1039 = ORIENTED_EDGE ( 'NONE', *, *, #601, .T. ) ;
#1040 = EDGE_CURVE ( 'NONE', #2568, #2836, #430, .T. ) ;
#1041 = DIRECTION ( 'NONE',  ( 0.000000000000000000, 0.000000000000000000, 1.000000000000000000 ) ) ;
#1042 = EDGE_CURVE ( 'NONE', #1221, #804, #2324, .T. ) ;
#1043 = EDGE_LOOP ( 'NONE', ( #71, #1488, #2382, #870 ) ) ;
#1044 = DIRECTION ( 'NONE',  ( 0.000000000000000000, 0.000000000000000000, -1.000000000000000000 ) ) ;
#1045 = EDGE_LOOP ( 'NONE', ( #186, #2741, #2202, #552 ) ) ;
#1046 = DIRECTION ( 'NONE',  ( -1.000000000000000000, 0.000000000000000000, 0.000000000000000000 ) ) ;
#1047 = FACE_OUTER_BOUND ( 'NONE', #2580, .T. ) ;
#1048 = VERTEX_POINT ( 'NONE', #367 ) ;
#1049 = LINE ( 'NONE', #574, #1217 ) ;
#1050 = ORIENTED_EDGE ( 'NONE', *, *, #1502, .T. ) ;
#1051 = DIRECTION ( 'NONE',  ( -1.000000000000000000, 0.000000000000000000, 0.000000000000000000 ) ) ;
#1052 = CARTESIAN_POINT ( 'NONE',  ( 33.15210637881514799, 2.569370939510924767, 41.94660000000000366 ) ) ;
#1053 = ORIENTED_EDGE ( 'NONE', *, *, #1233, .T. ) ;
#1054 = CARTESIAN_POINT ( 'NONE',  ( 19.50000000000000000, 22.00000000000000000, 39.84660000000000224 ) ) ;
#1055 = DIRECTION ( 'NONE',  ( 0.7071067811865450192, 8.659560562354909439E-17, 0.7071067811865500152 ) ) ;
#1056 = LINE ( 'NONE', #882, #1803 ) ;
#1057 = EDGE_CURVE ( 'NONE', #903, #1371, #1478, .T. ) ;
#1058 = CARTESIAN_POINT ( 'NONE',  ( -9.912385890910259789, -28.66226373003700090, 44.34660000000000224 ) ) ;
#1059 = ORIENTED_EDGE ( 'NONE', *, *, #2017, .T. ) ;
#1060 = ORIENTED_EDGE ( 'NONE', *, *, #2706, .F. ) ;
#1061 = CARTESIAN_POINT ( 'NONE',  ( -19.11554482885830097, 32.10561773054909906, 44.34660000000000224 ) ) ;
#1062 = CARTESIAN_POINT ( 'NONE',  ( 32.97608304356056408, 4.164539504281248306, 35.11885131056769183 ) ) ;
#1063 = CARTESIAN_POINT ( 'NONE',  ( 33.18347794987645472, -0.3104340809782334953, 36.13531029910859615 ) ) ;
#1064 = CARTESIAN_POINT ( 'NONE',  ( -24.81827483649950850, 3.008461786517669267, 36.29187118799921308 ) ) ;
#1065 = DIRECTION ( 'NONE',  ( 0.000000000000000000, 0.000000000000000000, -1.000000000000000000 ) ) ;
#1066 = FACE_OUTER_BOUND ( 'NONE', #2810, .T. ) ;
#1067 = VERTEX_POINT ( 'NONE', #772 ) ;
#1068 = CARTESIAN_POINT ( 'NONE',  ( -13.93069763195316035, -28.50730116731079988, 44.34660000000000224 ) ) ;
#1069 = AXIS2_PLACEMENT_3D ( 'NONE', #532, #973, #2279 ) ;
#1070 = CARTESIAN_POINT ( 'NONE',  ( -25.52625932958950017, -26.41878969503079944, 44.34660000000000224 ) ) ;
#1071 = VERTEX_POINT ( 'NONE', #2755 ) ;
#1072 = VECTOR ( 'NONE', #2469, 1000.000000000000000 ) ;
#1073 = CIRCLE ( 'NONE', #424, 2.000000000000001776 ) ;
#1074 = ADVANCED_FACE ( 'NONE', ( #87 ), #509, .F. ) ;
#1075 = EDGE_CURVE ( 'NONE', #938, #435, #2510, .T. ) ;
#1076 = CONICAL_SURFACE ( 'NONE', #100, 4.500000000000000888, 0.7853981633974433940 ) ;
#1077 = AXIS2_PLACEMENT_3D ( 'NONE', #288, #2658, #692 ) ;
#1078 = ORIENTED_EDGE ( 'NONE', *, *, #472, .T. ) ;
#1079 = CARTESIAN_POINT ( 'NONE',  ( -23.62726542375094851, 31.85993203286029996, 44.34660000000000224 ) ) ;
#1080 = CARTESIAN_POINT ( 'NONE',  ( 32.64562770000651426, 5.845378080441015811, 39.84400074849325080 ) ) ;
#1081 = CIRCLE ( 'NONE', #2135, 4.500000000000000888 ) ;
#1082 = CARTESIAN_POINT ( 'NONE',  ( 33.20533513105844747, 0.3736650427688696929, 35.48391377501812372 ) ) ;
#1083 = CARTESIAN_POINT ( 'NONE',  ( -24.78406016596473549, 3.278664862341800212, 36.36991475896847703 ) ) ;
#1084 = DIRECTION ( 'NONE',  ( -0.000000000000000000, -0.000000000000000000, 1.000000000000000000 ) ) ;
#1085 = DIRECTION ( 'NONE',  ( 1.000000000000000000, 0.000000000000000000, 0.000000000000000000 ) ) ;
#1086 = ORIENTED_EDGE ( 'NONE', *, *, #647, .F. ) ;
#1087 = DIRECTION ( 'NONE',  ( -1.000000000000000000, 0.000000000000000000, 0.000000000000000000 ) ) ;
#1088 = DIRECTION ( 'NONE',  ( 0.000000000000000000, 0.000000000000000000, -1.000000000000000000 ) ) ;
#1089 = EDGE_LOOP ( 'NONE', ( #1499, #2120 ) ) ;
#1090 = EDGE_CURVE ( 'NONE', #555, #1048, #2453, .T. ) ;
#1091 = ORIENTED_EDGE ( 'NONE', *, *, #2376, .T. ) ;
#1092 = EDGE_CURVE ( 'NONE', #2115, #2164, #1625, .T. ) ;
#1093 = CARTESIAN_POINT ( 'NONE',  ( -24.57013338708304673, 4.617463457240382319, 37.80223389948846346 ) ) ;
#1094 = DIRECTION ( 'NONE',  ( 1.000000000000000000, 0.000000000000000000, 0.000000000000000000 ) ) ;
#1095 = ORIENTED_EDGE ( 'NONE', *, *, #455, .T. ) ;
#1096 = DIRECTION ( 'NONE',  ( 0.000000000000000000, 0.000000000000000000, -1.000000000000000000 ) ) ;
#1097 = ORIENTED_EDGE ( 'NONE', *, *, #131, .T. ) ;
#1098 = CARTESIAN_POINT ( 'NONE',  ( -25.30088705433849938, 31.60524782744224837, 23.67330000000000112 ) ) ;
#1099 = DIRECTION ( 'NONE',  ( -0.000000000000000000, -0.000000000000000000, 1.000000000000000000 ) ) ;
#1100 = CARTESIAN_POINT ( 'NONE',  ( -13.93069763195316035, -28.50730116731079988, 44.34660000000000224 ) ) ;
#1101 = ORIENTED_EDGE ( 'NONE', *, *, #1903, .F. ) ;
#1102 = ORIENTED_EDGE ( 'NONE', *, *, #915, .T. ) ;
#1103 = CARTESIAN_POINT ( 'NONE',  ( -24.61014291220402583, 4.398429829545350778, 37.31281685015128602 ) ) ;
#1104 = CARTESIAN_POINT ( 'NONE',  ( 16.00000000000000000, 22.00000000000000000, 39.84660000000000224 ) ) ;
#1105 = EDGE_CURVE ( 'NONE', #1184, #223, #2729, .T. ) ;
#1106 = EDGE_CURVE ( 'NONE', #2404, #895, #1081, .T. ) ;
#1107 = ORIENTED_EDGE ( 'NONE', *, *, #1476, .F. ) ;
#1108 = DIRECTION ( 'NONE',  ( -1.000000000000000000, 0.000000000000000000, 0.000000000000000000 ) ) ;
#1109 = FACE_OUTER_BOUND ( 'NONE', #850, .T. ) ;
#1110 = CARTESIAN_POINT ( 'NONE',  ( 0.000000000000000000, 0.000000000000000000, 39.84660000000000224 ) ) ;
#1111 = CARTESIAN_POINT ( 'NONE',  ( -16.73007488475495208, -18.57699099290550038, 43.34660000000000224 ) ) ;
#1112 = ORIENTED_EDGE ( 'NONE', *, *, #1839, .F. ) ;
#1113 = CIRCLE ( 'NONE', #2259, 25.00000000000000000 ) ;
#1114 = AXIS2_PLACEMENT_3D ( 'NONE', #1833, #558, #2731 ) ;
#1115 = EDGE_LOOP ( 'NONE', ( #128, #1760, #2600, #83 ) ) ;
#1116 = B_SPLINE_CURVE_WITH_KNOTS ( 'NONE', 3,
 ( #982, #1183, #2057, #82 ),
 .UNSPECIFIED., .F., .F.,
 ( 4, 4 ),
 ( 0.000000000000000000, 1.000000000000000000 ),
 .UNSPECIFIED. ) ;
#1117 = AXIS2_PLACEMENT_3D ( 'NONE', #275, #2660, #233 ) ;
#1118 = AXIS2_PLACEMENT_3D ( 'NONE', #1286, #2849, #2391 ) ;
#1119 = VECTOR ( 'NONE', #218, 1000.000000000000000 ) ;
#1120 = VECTOR ( 'NONE', #1423, 1000.000000000000000 ) ;
#1121 = CARTESIAN_POINT ( 'NONE',  ( -24.56005637265504404, 4.669439001545899970, 38.47914687046471727 ) ) ;
#1122 = CARTESIAN_POINT ( 'NONE',  ( 30.71523765055459876, -11.11718253966864012, 23.67330000000000112 ) ) ;
#1123 = ORIENTED_EDGE ( 'NONE', *, *, #2665, .F. ) ;
#1124 = FACE_OUTER_BOUND ( 'NONE', #2321, .T. ) ;
#1125 = EDGE_CURVE ( 'NONE', #2088, #1357, #2350, .T. ) ;
#1126 = DIRECTION ( 'NONE',  ( -1.000000000000000000, 0.000000000000000000, 0.000000000000000000 ) ) ;
#1127 = CARTESIAN_POINT ( 'NONE',  ( 18.71773023564784921, 10.10881391106372007, 23.67330000000000112 ) ) ;
#1128 = DIRECTION ( 'NONE',  ( 0.1039314633905385615, -0.9945844614297476571, 0.000000000000000000 ) ) ;
#1129 = ORIENTED_EDGE ( 'NONE', *, *, #2066, .F. ) ;
#1130 = CARTESIAN_POINT ( 'NONE',  ( -24.97685477933018205, 1.075503937574775248, 36.87066909563667139 ) ) ;
#1131 = B_SPLINE_CURVE_WITH_KNOTS ( 'NONE', 3,
 ( #834, #1682, #1481, #2558 ),
 .UNSPECIFIED., .F., .F.,
 ( 4, 4 ),
 ( 0.000000000000000000, 1.000000000000000000 ),
 .UNSPECIFIED. ) ;
#1132 = EDGE_LOOP ( 'NONE', ( #2639, #2458 ) ) ;
#1133 = CARTESIAN_POINT ( 'NONE',  ( 24.97656029000720324, 1.082333688498718693, 39.82941477915235140 ) ) ;
#1134 = CARTESIAN_POINT ( 'NONE',  ( 33.20529376263631605, 0.3716131545347577947, 41.20775059497790238 ) ) ;
#1135 = CARTESIAN_POINT ( 'NONE',  ( -24.61616057903360044, 4.364814768977514525, 37.25522494623587022 ) ) ;
#1136 = CARTESIAN_POINT ( 'NONE',  ( 16.73007488475495208, -18.57699099290550038, 42.09910299999999950 ) ) ;
#1137 = ORIENTED_EDGE ( 'NONE', *, *, #1179, .F. ) ;
#1138 = LINE ( 'NONE', #1365, #474 ) ;
#1139 = CARTESIAN_POINT ( 'NONE',  ( 12.00695917877114027, 19.92499999999999716, 44.34660000000000224 ) ) ;
#1140 = FACE_OUTER_BOUND ( 'NONE', #741, .T. ) ;
#1141 = CARTESIAN_POINT ( 'NONE',  ( 13.55456078103020090, 19.12173234173739900, 43.54333234173739697 ) ) ;
#1142 = ORIENTED_EDGE ( 'NONE', *, *, #1040, .F. ) ;
#1143 = CARTESIAN_POINT ( 'NONE',  ( -24.89521941782703607, 2.302213145157633978, 36.24660000000000792 ) ) ;
#1144 = EDGE_CURVE ( 'NONE', #1661, #2624, #1417, .T. ) ;
#1145 = VERTEX_POINT ( 'NONE', #556 ) ;
#1146 = CARTESIAN_POINT ( 'NONE',  ( 24.99399236886904063, 0.5531000777045171901, 37.69830328359672222 ) ) ;
#1147 = DIRECTION ( 'NONE',  ( -1.000000000000000000, 0.000000000000000000, 0.000000000000000000 ) ) ;
#1148 = CARTESIAN_POINT ( 'NONE',  ( 16.00000000000000000, -22.00000000000000000, 44.35160600000005360 ) ) ;
#1149 = EDGE_LOOP ( 'NONE', ( #1005, #59, #2596, #1123 ) ) ;
#1150 = DIRECTION ( 'NONE',  ( -0.6841108259646150325, -0.7293780760332820856, 4.217564237859098872E-17 ) ) ;
#1151 = CARTESIAN_POINT ( 'NONE',  ( 12.50000000000000000, -22.00000000000000000, 44.35160600000005360 ) ) ;
#1152 = CARTESIAN_POINT ( 'NONE',  ( 29.00000000000000000, 2.569370939510919438, 38.34660000000000224 ) ) ;
#1153 = DIRECTION ( 'NONE',  ( -0.7696744743579410075, -0.6384365305352029951, -0.000000000000000000 ) ) ;
#1154 = ORIENTED_EDGE ( 'NONE', *, *, #1896, .F. ) ;
#1155 = CARTESIAN_POINT ( 'NONE',  ( -24.95308710405878827, 1.527974702440487942, 40.17548663223582395 ) ) ;
#1156 = EDGE_LOOP ( 'NONE', ( #319, #379 ) ) ;
#1157 = EDGE_CURVE ( 'NONE', #1799, #2010, #991, .T. ) ;
#1158 = EDGE_CURVE ( 'NONE', #1019, #2694, #2306, .T. ) ;
#1159 = CIRCLE ( 'NONE', #653, 4.500000000000000888 ) ;
#1160 = MECHANICAL_DESIGN_GEOMETRIC_PRESENTATION_REPRESENTATION (  '', ( #2492 ), #240 ) ;
#1161 = CARTESIAN_POINT ( 'NONE',  ( 24.97711828526898614, 1.069363015973950670, 39.81631134981919473 ) ) ;
#1162 = CARTESIAN_POINT ( 'NONE',  ( 19.50000000000000000, 22.00000000000000000, 43.34660000000000224 ) ) ;
#1163 = AXIS2_PLACEMENT_3D ( 'NONE', #784, #85, #1645 ) ;
#1164 = CARTESIAN_POINT ( 'NONE',  ( -20.51781598297269937, -27.57635388629675433, 23.67330000000000112 ) ) ;
#1165 = CIRCLE ( 'NONE', #427, 3.599999999999999201 ) ;
#1166 = CIRCLE ( 'NONE', #977, 4.500000000000000888 ) ;
#1167 = VERTEX_POINT ( 'NONE', #382 ) ;
#1168 = CARTESIAN_POINT ( 'NONE',  ( 28.35078385819035063, -15.16484296219404904, 23.67330000000000112 ) ) ;
#1169 = DIRECTION ( 'NONE',  ( 0.000000000000000000, 0.000000000000000000, -1.000000000000000000 ) ) ;
#1170 = FACE_BOUND ( 'NONE', #1089, .T. ) ;
#1171 = AXIS2_PLACEMENT_3D ( 'NONE', #2666, #904, #1976 ) ;
#1172 = CARTESIAN_POINT ( 'NONE',  ( 33.21646873093265384, 2.569370939510919438, 38.34660000000000224 ) ) ;
#1173 = VERTEX_POINT ( 'NONE', #1498 ) ;
#1174 = CARTESIAN_POINT ( 'NONE',  ( -24.98234259511501065, 0.9379748498655491318, 37.02308107250617297 ) ) ;
#1175 = EDGE_LOOP ( 'NONE', ( #1431, #1059, #2262, #1952 ) ) ;
#1176 = EDGE_CURVE ( 'NONE', #697, #945, #1890, .T. ) ;
#1177 = DIRECTION ( 'NONE',  ( 0.000000000000000000, 0.000000000000000000, -1.000000000000000000 ) ) ;
#1178 = CARTESIAN_POINT ( 'NONE',  ( 24.68624287137292228, 3.952513631942147221, 36.76051154496566653 ) ) ;
#1179 = EDGE_CURVE ( 'NONE', #34, #714, #2155, .T. ) ;
#1180 = CYLINDRICAL_SURFACE ( 'NONE', #1577, 10.00000000000000178 ) ;
#1181 = CARTESIAN_POINT ( 'NONE',  ( 24.97040435094523048, 1.214917783878348922, 36.74139450703128063 ) ) ;
#1182 = DIRECTION ( 'NONE',  ( 0.000000000000000000, 0.000000000000000000, -1.000000000000000000 ) ) ;
#1183 = CARTESIAN_POINT ( 'NONE',  ( 17.86556468224446803, -18.32722476404880396, 43.93604091744112594 ) ) ;
#1184 = VERTEX_POINT ( 'NONE', #147 ) ;
#1185 = FACE_BOUND ( 'NONE', #86, .T. ) ;
#1186 = FACE_OUTER_BOUND ( 'NONE', #1351, .T. ) ;
#1187 = ORIENTED_EDGE ( 'NONE', *, *, #1329, .F. ) ;
#1188 = CARTESIAN_POINT ( 'NONE',  ( 33.16910355992783366, 2.332687561084735073, 41.94660000000000366 ) ) ;
#1189 = CARTESIAN_POINT ( 'NONE',  ( -17.97721481938955179, 32.10071412782574640, 44.34660000000000224 ) ) ;
#1190 = CARTESIAN_POINT ( 'NONE',  ( -27.00000000000000000, 2.569370939510919438, 38.34660000000000224 ) ) ;
#1191 = CARTESIAN_POINT ( 'NONE',  ( 24.58881988385584094, 4.515524572027810990, 37.55757208092659027 ) ) ;
#1192 = CARTESIAN_POINT ( 'NONE',  ( 17.86556468224445382, 18.32722476404880396, 43.93604091744111173 ) ) ;
#1193 = EDGE_CURVE ( 'NONE', #1823, #683, #1263, .T. ) ;
#1194 = CARTESIAN_POINT ( 'NONE',  ( 27.00000000065424999, -16.82910241168850263, 23.67330000000000112 ) ) ;
#1195 = CARTESIAN_POINT ( 'NONE',  ( 27.37786515541445098, 15.29811880659829981, 44.34660000000000224 ) ) ;
#1196 = ADVANCED_FACE ( 'NONE', ( #115 ), #2754, .F. ) ;
#1197 = CYLINDRICAL_SURFACE ( 'NONE', #1394, 2.000000000000001776 ) ;
#1198 = ORIENTED_EDGE ( 'NONE', *, *, #2002, .F. ) ;
#1199 = DIRECTION ( 'NONE',  ( 1.000000000000000000, 0.000000000000000000, 0.000000000000000000 ) ) ;
#1200 = CARTESIAN_POINT ( 'NONE',  ( -16.33537189659299926, -18.92500000000000071, 29.34660000000000224 ) ) ;
#1201 = ORIENTED_EDGE ( 'NONE', *, *, #2277, .F. ) ;
#1202 = CARTESIAN_POINT ( 'NONE',  ( 19.35410196624970069, -25.00000000000000000, 100.7799800330888047 ) ) ;
#1203 = LINE ( 'NONE', #1407, #1388 ) ;
#1204 = CARTESIAN_POINT ( 'NONE',  ( 24.78050569913339984, 3.305547554519443043, 40.31351136268786917 ) ) ;
#1205 = CIRCLE ( 'NONE', #237, 10.00000000000000000 ) ;
#1206 = FACE_OUTER_BOUND ( 'NONE', #998, .T. ) ;
#1207 = CIRCLE ( 'NONE', #2075, 4.500000000000000888 ) ;
#1208 = CIRCLE ( 'NONE', #1114, 3.499999999999999556 ) ;
#1209 = CARTESIAN_POINT ( 'NONE',  ( 16.84175412994574828, 26.42057122832779825, 44.34660000000000224 ) ) ;
#1210 = DIRECTION ( 'NONE',  ( -0.000000000000000000, -0.000000000000000000, 1.000000000000000000 ) ) ;
#1211 = AXIS2_PLACEMENT_3D ( 'NONE', #1272, #1295, #2173 ) ;
#1212 = AXIS2_PLACEMENT_3D ( 'NONE', #665, #639, #1520 ) ;
#1213 = ADVANCED_FACE ( 'NONE', ( #1679 ), #2363, .F. ) ;
#1214 = DIRECTION ( 'NONE',  ( 0.000000000000000000, -1.000000000000000000, 0.000000000000000000 ) ) ;
#1215 = ORIENTED_EDGE ( 'NONE', *, *, #2585, .T. ) ;
#1216 = CARTESIAN_POINT ( 'NONE',  ( 26.75572015696459971, 16.05782374672634916, 44.34660000000000224 ) ) ;
#1217 = VECTOR ( 'NONE', #2420, 1000.000000000000114 ) ;
#1218 = CARTESIAN_POINT ( 'NONE',  ( 27.37786515541665011, 15.29811880659585022, 23.67330000000000112 ) ) ;
#1219 = VERTEX_POINT ( 'NONE', #1463 ) ;
#1220 = DIRECTION ( 'NONE',  ( -0.000000000000000000, -0.000000000000000000, -1.000000000000000000 ) ) ;
#1221 = VERTEX_POINT ( 'NONE', #2349 ) ;
#1222 = CARTESIAN_POINT ( 'NONE',  ( -8.847510535413499966, 31.28888096914135630, 44.34660000000000224 ) ) ;
#1223 = CARTESIAN_POINT ( 'NONE',  ( 24.57879057901137898, 4.569964249237714604, 37.70718080782376802 ) ) ;
#1224 = DIRECTION ( 'NONE',  ( 0.000000000000000000, 0.000000000000000000, 1.000000000000000000 ) ) ;
#1225 = CARTESIAN_POINT ( 'NONE',  ( -18.00000000000000000, -22.00000000000000000, 43.84660000000000224 ) ) ;
#1226 = CARTESIAN_POINT ( 'NONE',  ( 27.37786515541445098, 15.29811880659829981, 23.67330000000000112 ) ) ;
#1227 = DIRECTION ( 'NONE',  ( -1.000000000000000000, 0.000000000000000000, 0.000000000000000000 ) ) ;
#1228 = ORIENTED_EDGE ( 'NONE', *, *, #389, .F. ) ;
#1229 = LINE ( 'NONE', #1241, #2131 ) ;
#1230 = CARTESIAN_POINT ( 'NONE',  ( 14.00000000000000000, 22.00000000000000000, 23.67330000000000112 ) ) ;
#1231 = ORIENTED_EDGE ( 'NONE', *, *, #2781, .T. ) ;
#1232 = CARTESIAN_POINT ( 'NONE',  ( -18.00000000000000000, 22.00000000000000000, 43.84660000000000224 ) ) ;
#1233 = EDGE_CURVE ( 'NONE', #862, #2630, #1049, .T. ) ;
#1234 = ORIENTED_EDGE ( 'NONE', *, *, #2207, .T. ) ;
#1235 = CARTESIAN_POINT ( 'NONE',  ( 27.37786515541665011, 15.29811880659585022, 44.34660000000000224 ) ) ;
#1236 = CARTESIAN_POINT ( 'NONE',  ( 24.59856409303970892, 4.462385875123960233, 37.42948272639763019 ) ) ;
#1237 = DIRECTION ( 'NONE',  ( -1.000000000000000000, 0.000000000000000000, 0.000000000000000000 ) ) ;
#1238 = ORIENTED_EDGE ( 'NONE', *, *, #2585, .F. ) ;
#1239 = LINE ( 'NONE', #1526, #202 ) ;
#1240 = ORIENTED_EDGE ( 'NONE', *, *, #2388, .F. ) ;
#1241 = CARTESIAN_POINT ( 'NONE',  ( 20.50000000000000000, -22.00000000000000000, 44.34660000000000224 ) ) ;
#1242 = CARTESIAN_POINT ( 'NONE',  ( 32.41880771959155538, 6.723940817478050391, 23.67330000000000112 ) ) ;
#1243 = VERTEX_POINT ( 'NONE', #1707 ) ;
#1244 = DIRECTION ( 'NONE',  ( 0.000000000000000000, 0.000000000000000000, -1.000000000000000000 ) ) ;
#1245 = CARTESIAN_POINT ( 'NONE',  ( 31.26711575337315452, -9.798915334481970163, 23.67330000000000112 ) ) ;
#1246 = ADVANCED_FACE ( 'NONE', ( #2370 ), #2335, .F. ) ;
#1247 = EDGE_CURVE ( 'NONE', #2656, #1450, #167, .T. ) ;
#1248 = VERTEX_POINT ( 'NONE', #1448 ) ;
#1249 = CARTESIAN_POINT ( 'NONE',  ( 32.41880771959155538, 6.723940817478050391, 44.34660000000000224 ) ) ;
#1250 = CARTESIAN_POINT ( 'NONE',  ( 29.00000000000000000, 2.569370939510919438, 34.74660000000000082 ) ) ;
#1251 = DIRECTION ( 'NONE',  ( -0.000000000000000000, -0.000000000000000000, -1.000000000000000000 ) ) ;
#1252 = DIRECTION ( 'NONE',  ( -0.000000000000000000, -0.000000000000000000, 1.000000000000000000 ) ) ;
#1253 = AXIS2_PLACEMENT_3D ( 'NONE', #373, #1252, #1505 ) ;
#1254 = AXIS2_PLACEMENT_3D ( 'NONE', #1190, #2513, #2063 ) ;
#1255 = FACE_OUTER_BOUND ( 'NONE', #2353, .T. ) ;
#1256 = ORIENTED_EDGE ( 'NONE', *, *, #191, .F. ) ;
#1257 = CARTESIAN_POINT ( 'NONE',  ( 24.86761614982820134, 2.569370939510924767, 36.24659999999999371 ) ) ;
#1258 = CIRCLE ( 'NONE', #383, 10.00000000000000000 ) ;
#1259 = CIRCLE ( 'NONE', #384, 3.599999999999999201 ) ;
#1260 = DIRECTION ( 'NONE',  ( 0.000000000000000000, 0.000000000000000000, -1.000000000000000000 ) ) ;
#1261 = AXIS2_PLACEMENT_3D ( 'NONE', #1905, #360, #1944 ) ;
#1262 = ORIENTED_EDGE ( 'NONE', *, *, #865, .F. ) ;
#1263 = LINE ( 'NONE', #1276, #892 ) ;
#1264 = AXIS2_PLACEMENT_3D ( 'NONE', #1409, #953, #315 ) ;
#1265 = ORIENTED_EDGE ( 'NONE', *, *, #1144, .F. ) ;
#1266 = FACE_OUTER_BOUND ( 'NONE', #902, .T. ) ;
#1267 = CARTESIAN_POINT ( 'NONE',  ( 33.11781587230596102, 3.046861464248252993, 41.94660000000000366 ) ) ;
#1268 = ADVANCED_FACE ( 'NONE', ( #366, #2121 ), #1660, .T. ) ;
#1269 = CARTESIAN_POINT ( 'NONE',  ( -24.72031788546820863, 3.734329376378191068, 36.59398648785808206 ) ) ;
#1270 = CARTESIAN_POINT ( 'NONE',  ( 27.00000012528369808, -16.82910226962109945, 23.67330000000000112 ) ) ;
#1271 = ADVANCED_FACE ( 'NONE', ( #615 ), #1016, .F. ) ;
#1272 = CARTESIAN_POINT ( 'NONE',  ( 5.444201052617740011, 28.59086481225135046, 100.7799800330888047 ) ) ;
#1273 = DIRECTION ( 'NONE',  ( -0.000000000000000000, -0.000000000000000000, 1.000000000000000000 ) ) ;
#1274 = CARTESIAN_POINT ( 'NONE',  ( -21.82382448124320007, -27.31948325424655266, 23.67330000000000112 ) ) ;
#1275 = EDGE_LOOP ( 'NONE', ( #439, #2786, #1925, #1215 ) ) ;
#1276 = CARTESIAN_POINT ( 'NONE',  ( 14.00000000000000000, -22.00000000000000000, 43.84660000000000224 ) ) ;
#1277 = ORIENTED_EDGE ( 'NONE', *, *, #1725, .F. ) ;
#1278 = CARTESIAN_POINT ( 'NONE',  ( -21.94317708281490198, 32.01102770988444490, 23.67330000000000112 ) ) ;
#1279 = CARTESIAN_POINT ( 'NONE',  ( -17.86556468224447158, 18.32722476404881462, 43.93604091744111173 ) ) ;
#1280 = CARTESIAN_POINT ( 'NONE',  ( -24.67219885529031131, 4.035308601345695578, 36.84289842546793636 ) ) ;
#1281 = FACE_OUTER_BOUND ( 'NONE', #2027, .T. ) ;
#1282 = ORIENTED_EDGE ( 'NONE', *, *, #407, .F. ) ;
#1283 = CARTESIAN_POINT ( 'NONE',  ( -19.50000000000000000, -22.00000000000000000, 44.35160600000005360 ) ) ;
#1284 = EDGE_CURVE ( 'NONE', #435, #683, #2546, .T. ) ;
#1285 = ADVANCED_FACE ( 'NONE', ( #2555 ), #1477, .F. ) ;
#1286 = CARTESIAN_POINT ( 'NONE',  ( 16.00000000000000000, 22.00000000000000000, 39.84660000000000224 ) ) ;
#1287 = CARTESIAN_POINT ( 'NONE',  ( -13.93069763195316035, -28.50730116731079988, 23.67330000000000112 ) ) ;
#1288 = VERTEX_POINT ( 'NONE', #599 ) ;
#1289 = ORIENTED_EDGE ( 'NONE', *, *, #2814, .F. ) ;
#1290 = CARTESIAN_POINT ( 'NONE',  ( 43.00000000000000000, 2.569370939510919438, 38.34660000000000224 ) ) ;
#1291 = CARTESIAN_POINT ( 'NONE',  ( 24.86761614982820134, 2.569370939510924767, 36.24659999999999371 ) ) ;
#1292 = CARTESIAN_POINT ( 'NONE',  ( -16.00000000000000000, 22.00000000000000000, 44.34660000000000224 ) ) ;
#1293 = CARTESIAN_POINT ( 'NONE',  ( 16.00000000000000000, 22.00000000000000000, 43.34660000000000224 ) ) ;
#1294 = ORIENTED_EDGE ( 'NONE', *, *, #2229, .T. ) ;
#1295 = DIRECTION ( 'NONE',  ( 0.1870564733212820574, 0.9823491618506143830, -0.000000000000000000 ) ) ;
#1296 = VERTEX_POINT ( 'NONE', #883 ) ;
#1297 = CARTESIAN_POINT ( 'NONE',  ( -14.32836158215960154, 18.92500000000000071, 43.34660000000000224 ) ) ;
#1298 = AXIS2_PLACEMENT_3D ( 'NONE', #1110, #504, #924 ) ;
#1299 = EDGE_CURVE ( 'NONE', #945, #1248, #1757, .T. ) ;
#1300 = CIRCLE ( 'NONE', #1575, 3.499999999999999556 ) ;
#1301 = CARTESIAN_POINT ( 'NONE',  ( -21.82382448124320007, -27.31948325424655266, 44.34660000000000224 ) ) ;
#1302 = ORIENTED_EDGE ( 'NONE', *, *, #1247, .T. ) ;
#1303 = AXIS2_PLACEMENT_3D ( 'NONE', #1325, #901, #1 ) ;
#1304 = CIRCLE ( 'NONE', #707, 2.000000000000001776 ) ;
#1305 = AXIS2_PLACEMENT_3D ( 'NONE', #303, #2747, #2282 ) ;
#1306 = VECTOR ( 'NONE', #1875, 1000.000000000000000 ) ;
#1307 = ORIENTED_EDGE ( 'NONE', *, *, #156, .F. ) ;
#1308 = DIRECTION ( 'NONE',  ( 0.000000000000000000, 0.000000000000000000, -1.000000000000000000 ) ) ;
#1309 = CARTESIAN_POINT ( 'NONE',  ( -27.00000000000000000, -21.00000000000000000, 44.34660000000000224 ) ) ;
#1310 = ORIENTED_EDGE ( 'NONE', *, *, #2528, .T. ) ;
#1311 = CARTESIAN_POINT ( 'NONE',  ( 16.00000000000000000, -22.00000000000000000, 23.67330000000000112 ) ) ;
#1312 = ORIENTED_EDGE ( 'NONE', *, *, #369, .T. ) ;
#1313 = CARTESIAN_POINT ( 'NONE',  ( -14.54537912483742090, 31.94217336102300209, 23.67330000000000112 ) ) ;
#1314 = DIRECTION ( 'NONE',  ( -0.000000000000000000, -0.7071067811865400232, -0.7071067811865550112 ) ) ;
#1315 = EDGE_LOOP ( 'NONE', ( #2192, #1400 ) ) ;
#1316 = ORIENTED_EDGE ( 'NONE', *, *, #1057, .F. ) ;
#1317 = EDGE_CURVE ( 'NONE', #1413, #1799, #1166, .T. ) ;
#1318 = ADVANCED_BREP_SHAPE_REPRESENTATION ( 'MirrorASV1_500_25A.step', ( #96, #2682 ), #1539 ) ;
#1319 = CARTESIAN_POINT ( 'NONE',  ( -24.73884186793622320, 3.606164245674803315, 40.17338128322083435 ) ) ;
#1320 = CARTESIAN_POINT ( 'NONE',  ( -6.564521939387550020, -28.66815379725795410, 23.67330000000000112 ) ) ;
#1321 = ORIENTED_EDGE ( 'NONE', *, *, #1635, .F. ) ;
#1322 = CARTESIAN_POINT ( 'NONE',  ( 16.73007488475495208, 18.57699099290550038, 43.34660000000000224 ) ) ;
#1323 = DIRECTION ( 'NONE',  ( 1.000000000000000000, 0.000000000000000000, 0.000000000000000000 ) ) ;
#1324 = DIRECTION ( 'NONE',  ( 1.000000000000000000, 0.000000000000000000, 0.000000000000000000 ) ) ;
#1325 = CARTESIAN_POINT ( 'NONE',  ( -16.00000000000000000, 22.00000000000000000, 43.34660000000000224 ) ) ;
#1326 = EDGE_LOOP ( 'NONE', ( #2783, #968, #368, #1382 ) ) ;
#1327 = ORIENTED_EDGE ( 'NONE', *, *, #865, .T. ) ;
#1328 = B_SPLINE_CURVE_WITH_KNOTS ( 'NONE', 3,
 ( #316, #995, #2067, #1194 ),
 .UNSPECIFIED., .F., .F.,
 ( 4, 4 ),
 ( 0.8805701074404290729, 0.8939836776137590757 ),
 .UNSPECIFIED. ) ;
#1329 = EDGE_CURVE ( 'NONE', #2612, #714, #2537, .T. ) ;
#1330 = ADVANCED_FACE ( 'NONE', ( #941 ), #1486, .F. ) ;
#1331 = CARTESIAN_POINT ( 'NONE',  ( -24.59814671280491893, 4.464604102600622682, 37.44117775896708622 ) ) ;
#1332 = CARTESIAN_POINT ( 'NONE',  ( 14.00000000000000000, -22.00000000000000000, 39.84660000000000224 ) ) ;
#1333 = ORIENTED_EDGE ( 'NONE', *, *, #2794, .F. ) ;
#1334 = CARTESIAN_POINT ( 'NONE',  ( -5.719848629351210079, 30.71669526296260244, 44.34660000000000224 ) ) ;
#1335 = CARTESIAN_POINT ( 'NONE',  ( 29.00000000000000000, 2.569370939510919438, 38.34660000000000224 ) ) ;
#1336 = FACE_OUTER_BOUND ( 'NONE', #151, .T. ) ;
#1337 = CARTESIAN_POINT ( 'NONE',  ( 12.00695917877114027, 19.92499999999999716, 44.34660000000000224 ) ) ;
#1338 = ORIENTED_EDGE ( 'NONE', *, *, #2603, .F. ) ;
#1339 = CARTESIAN_POINT ( 'NONE',  ( -24.97916339175445088, 1.020328291076917582, 36.92824229337210085 ) ) ;
#1340 = VECTOR ( 'NONE', #1237, 1000.000000000000000 ) ;
#1341 = VECTOR ( 'NONE', #597, 1000.000000000000000 ) ;
#1342 = CIRCLE ( 'NONE', #2076, 25.00000000000000000 ) ;
#1343 = VERTEX_POINT ( 'NONE', #1772 ) ;
#1344 = AXIS2_PLACEMENT_3D ( 'NONE', #751, #2316, #2518 ) ;
#1345 = CARTESIAN_POINT ( 'NONE',  ( 18.00000000000000000, -22.00000000000000000, 39.84660000000000224 ) ) ;
#1346 = CARTESIAN_POINT ( 'NONE',  ( 33.13862279469304895, -1.030700644115257525, 38.58254498335567462 ) ) ;
#1347 = AXIS2_PLACEMENT_3D ( 'NONE', #417, #207, #2116 ) ;
#1348 = CIRCLE ( 'NONE', #1581, 2.099999999999997868 ) ;
#1349 = CARTESIAN_POINT ( 'NONE',  ( -24.58583317059216711, 4.531786238222426100, 39.09458161822892919 ) ) ;
#1350 = LINE ( 'NONE', #1136, #2820 ) ;
#1351 = EDGE_LOOP ( 'NONE', ( #2299, #2651, #645, #322 ) ) ;
#1352 = DIRECTION ( 'NONE',  ( -1.000000000000000000, 0.000000000000000000, 0.000000000000000000 ) ) ;
#1353 = ADVANCED_FACE ( 'NONE', ( #1140 ), #2029, .F. ) ;
#1354 = CARTESIAN_POINT ( 'NONE',  ( 33.21646873093265384, 2.569370939510919438, 36.24659999999999371 ) ) ;
#1355 = CARTESIAN_POINT ( 'NONE',  ( 33.21565626415524974, 0.5976967927335750108, 23.67330000000000112 ) ) ;
#1356 = CARTESIAN_POINT ( 'NONE',  ( 27.00000392546539985, -16.82910568221375058, 44.34660000000000224 ) ) ;
#1357 = VERTEX_POINT ( 'NONE', #955 ) ;
#1358 = CARTESIAN_POINT ( 'NONE',  ( 0.000000000000000000, 0.000000000000000000, 29.34660000000000224 ) ) ;
#1359 = EDGE_LOOP ( 'NONE', ( #1804, #168, #2289, #1142 ) ) ;
#1360 = CARTESIAN_POINT ( 'NONE',  ( -25.52625936944955143, -26.41878968415930018, 23.67330000000000112 ) ) ;
#1361 = CARTESIAN_POINT ( 'NONE',  ( -24.67497814769891917, 4.018285955944316257, 39.86742426616660140 ) ) ;
#1362 = DIRECTION ( 'NONE',  ( 0.000000000000000000, 0.000000000000000000, 1.000000000000000000 ) ) ;
#1363 = B_SPLINE_CURVE_WITH_KNOTS ( 'NONE', 3,
 ( #1830, #2246, #2016, #2218, #1155, #508, #2613, #2234, #1558, #2695, #1383, #2680, #56, #727, #1786, #682, #715, #2258, #2435, #464, #295, #252, #1572, #1174, #2046, #1339, #2708, #2451, #1130, #1614, #2489, #266, #525, #1401, #1143, #40 ),
 .UNSPECIFIED., .F., .F.,
 ( 4, 2, 2, 2, 1, 1, 1, 2, 2, 2, 2, 2, 2, 2, 1, 1, 1, 2, 2, 2, 4 ),
 ( 0.000000000000000000, 0.1250000000000057176, 0.1875000000000091871, 0.2187500000000109357, 0.2343750000000127121, 0.2421875000000136280, 0.2460937500000140998, 0.2480468750000143496, 0.2500000000000145994, 0.3750000000000392464, 0.5000000000000639488, 0.6250000000000885958, 0.6875000000000994760, 0.7187500000001049161, 0.7343750000001076916, 0.7421875000001090239, 0.7460937500001096900, 0.7480468750001101341, 0.7500000000001105782, 0.8750000000000554001, 1.000000000000000000 ),
 .UNSPECIFIED. ) ;
#1364 = VERTEX_POINT ( 'NONE', #2446 ) ;
#1365 = CARTESIAN_POINT ( 'NONE',  ( 27.00000000000000000, -16.82910241243429894, -27.00000000000000000 ) ) ;
#1366 = DIRECTION ( 'NONE',  ( -0.000000000000000000, -0.000000000000000000, -1.000000000000000000 ) ) ;
#1367 = CARTESIAN_POINT ( 'NONE',  ( 34.79371007828129336, 22.00683358238899956, 34.00994999999999635 ) ) ;
#1368 = EDGE_CURVE ( 'NONE', #2156, #2449, #2357, .T. ) ;
#1369 = EDGE_CURVE ( 'NONE', #307, #1343, #1387, .T. ) ;
#1370 = CARTESIAN_POINT ( 'NONE',  ( 28.35078385819035063, -15.16484296219404904, 23.67330000000000112 ) ) ;
#1371 = VERTEX_POINT ( 'NONE', #2462 ) ;
#1372 = DIRECTION ( 'NONE',  ( 0.000000000000000000, -1.000000000000000000, 0.000000000000000000 ) ) ;
#1373 = ORIENTED_EDGE ( 'NONE', *, *, #65, .F. ) ;
#1374 = CARTESIAN_POINT ( 'NONE',  ( -14.32836158215960154, -18.92500000000000071, 39.84660000000000224 ) ) ;
#1375 = DIRECTION ( 'NONE',  ( -0.6841108259646150325, -0.7293780760332820856, -0.000000000000000000 ) ) ;
#1376 = CARTESIAN_POINT ( 'NONE',  ( -16.00000000000000000, -22.00000000000000000, 43.34660000000000224 ) ) ;
#1377 = ORIENTED_EDGE ( 'NONE', *, *, #1092, .T. ) ;
#1378 = CARTESIAN_POINT ( 'NONE',  ( -16.00000000000000000, -22.00000000000000000, 44.34660000000000224 ) ) ;
#1379 = CARTESIAN_POINT ( 'NONE',  ( 19.50000000000000000, -22.00000000000000000, 44.35160600000005360 ) ) ;
#1380 = DIRECTION ( 'NONE',  ( 0.000000000000000000, 0.000000000000000000, 1.000000000000000000 ) ) ;
#1381 = DIRECTION ( 'NONE',  ( 0.000000000000000000, 0.000000000000000000, -1.000000000000000000 ) ) ;
#1382 = ORIENTED_EDGE ( 'NONE', *, *, #2389, .F. ) ;
#1383 = CARTESIAN_POINT ( 'NONE',  ( -24.97539374386559885, 1.108902243751046734, 39.85562841332034623 ) ) ;
#1384 = ADVANCED_FACE ( 'NONE', ( #1336 ), #493, .F. ) ;
#1385 = ORIENTED_EDGE ( 'NONE', *, *, #685, .F. ) ;
#1386 = EDGE_CURVE ( 'NONE', #1296, #2105, #1205, .T. ) ;
#1387 = CIRCLE ( 'NONE', #145, 3.499999999999999556 ) ;
#1388 = VECTOR ( 'NONE', #1637, 1000.000000000000000 ) ;
#1389 = CYLINDRICAL_SURFACE ( 'NONE', #1496, 3.499999999999999556 ) ;
#1390 = DIRECTION ( 'NONE',  ( -1.000000000000000000, 0.000000000000000000, 0.000000000000000000 ) ) ;
#1391 = VECTOR ( 'NONE', #2532, 1000.000000000000000 ) ;
#1392 = CARTESIAN_POINT ( 'NONE',  ( 24.59828482855169085, 4.463843439228115884, 39.25361227812376086 ) ) ;
#1393 = AXIS2_PLACEMENT_3D ( 'NONE', #1868, #2516, #2099 ) ;
#1394 = AXIS2_PLACEMENT_3D ( 'NONE', #2101, #124, #2705 ) ;
#1395 = AXIS2_PLACEMENT_3D ( 'NONE', #1832, #2236, #2710 ) ;
#1396 = DIRECTION ( 'NONE',  ( 1.000000000000000000, 0.000000000000000000, 0.000000000000000000 ) ) ;
#1397 = CARTESIAN_POINT ( 'NONE',  ( -27.00000000000000000, 29.62801061847325101, 23.67330000000000112 ) ) ;
#1398 = FACE_OUTER_BOUND ( 'NONE', #695, .T. ) ;
#1399 = DIRECTION ( 'NONE',  ( -1.000000000000000000, 0.000000000000000000, 0.000000000000000000 ) ) ;
#1400 = ORIENTED_EDGE ( 'NONE', *, *, #351, .F. ) ;
#1401 = CARTESIAN_POINT ( 'NONE',  ( -24.91809118317524252, 2.031035415001968047, 36.29825259834824180 ) ) ;
#1402 = DIRECTION ( 'NONE',  ( 0.7071067811865460184, 8.659560562354918067E-17, 0.7071067811865489050 ) ) ;
#1403 = ORIENTED_EDGE ( 'NONE', *, *, #160, .T. ) ;
#1404 = DIRECTION ( 'NONE',  ( 1.000000000000000000, 0.000000000000000000, 0.000000000000000000 ) ) ;
#1405 = EDGE_CURVE ( 'NONE', #2836, #2568, #2490, .T. ) ;
#1406 = ADVANCED_FACE ( 'NONE', ( #1170, #1815 ), #2481, .F. ) ;
#1407 = CARTESIAN_POINT ( 'NONE',  ( -16.33537189659299926, 18.92500000000000071, 29.34660000000000224 ) ) ;
#1408 = CARTESIAN_POINT ( 'NONE',  ( 24.69489924032929551, 3.897120083791205225, 39.97502580129894056 ) ) ;
#1409 = CARTESIAN_POINT ( 'NONE',  ( 0.000000000000000000, 0.000000000000000000, 43.34660000000000224 ) ) ;
#1410 = CARTESIAN_POINT ( 'NONE',  ( 24.97587215557127038, 1.098080003468520527, 36.84816000629634658 ) ) ;
#1411 = LINE ( 'NONE', #580, #2397 ) ;
#1412 = DIRECTION ( 'NONE',  ( -0.000000000000000000, -0.000000000000000000, -1.000000000000000000 ) ) ;
#1413 = VERTEX_POINT ( 'NONE', #1010 ) ;
#1414 = DIRECTION ( 'NONE',  ( -0.000000000000000000, -0.000000000000000000, 1.000000000000000000 ) ) ;
#1415 = CARTESIAN_POINT ( 'NONE',  ( 32.99453402639204569, 4.311108027735025772, 23.67330000000000112 ) ) ;
#1416 = EDGE_LOOP ( 'NONE', ( #1748, #2345, #826, #2543 ) ) ;
#1417 = LINE ( 'NONE', #2290, #2594 ) ;
#1418 = PLANE ( 'NONE',  #2672 ) ;
#1419 = CARTESIAN_POINT ( 'NONE',  ( 24.66983767738560474, 4.049581976281080742, 39.83622272476475956 ) ) ;
#1420 = ADVANCED_FACE ( 'NONE', ( #1398 ), #1884, .T. ) ;
#1421 = ADVANCED_FACE ( 'NONE', ( #328 ), #780, .F. ) ;
#1422 = DIRECTION ( 'NONE',  ( 1.000000000000000000, 0.000000000000000000, 0.000000000000000000 ) ) ;
#1423 = DIRECTION ( 'NONE',  ( 0.000000000000000000, 0.000000000000000000, 1.000000000000000000 ) ) ;
#1424 = CARTESIAN_POINT ( 'NONE',  ( 27.35106753029995019, 15.32798099358470090, 44.34660000000000224 ) ) ;
#1425 = LINE ( 'NONE', #318, #2588 ) ;
#1426 = ORIENTED_EDGE ( 'NONE', *, *, #1667, .F. ) ;
#1427 = CARTESIAN_POINT ( 'NONE',  ( 31.00802126143384996, -10.46539076089329967, 44.34660000000000224 ) ) ;
#1428 = DIRECTION ( 'NONE',  ( -0.000000000000000000, -0.000000000000000000, -1.000000000000000000 ) ) ;
#1429 = ORIENTED_EDGE ( 'NONE', *, *, #2294, .F. ) ;
#1430 = DIRECTION ( 'NONE',  ( 0.000000000000000000, 0.000000000000000000, -1.000000000000000000 ) ) ;
#1431 = ORIENTED_EDGE ( 'NONE', *, *, #791, .T. ) ;
#1432 = CARTESIAN_POINT ( 'NONE',  ( 24.56011804213968119, 4.669105188161307929, 38.61618002359807633 ) ) ;
#1433 = AXIS2_PLACEMENT_3D ( 'NONE', #1797, #261, #2025 ) ;
#1434 = VECTOR ( 'NONE', #386, 1000.000000000000000 ) ;
#1435 = DIRECTION ( 'NONE',  ( -0.000000000000000000, -0.000000000000000000, 1.000000000000000000 ) ) ;
#1436 = VECTOR ( 'NONE', #2703, 1000.000000000000000 ) ;
#1437 = DIRECTION ( 'NONE',  ( 0.000000000000000000, 0.000000000000000000, 1.000000000000000000 ) ) ;
#1438 = DIRECTION ( 'NONE',  ( -0.000000000000000000, -0.000000000000000000, 1.000000000000000000 ) ) ;
#1439 = VECTOR ( 'NONE', #548, 1000.000000000000000 ) ;
#1440 = AXIS2_PLACEMENT_3D ( 'NONE', #2024, #1554, #492 ) ;
#1441 = DIRECTION ( 'NONE',  ( -0.6384365305352029951, 0.7696744743579410075, -4.450574598429429503E-17 ) ) ;
#1442 = EDGE_CURVE ( 'NONE', #1823, #938, #466, .T. ) ;
#1443 = ORIENTED_EDGE ( 'NONE', *, *, #1825, .F. ) ;
#1444 = LINE ( 'NONE', #754, #2725 ) ;
#1445 = AXIS2_PLACEMENT_3D ( 'NONE', #1003, #2569, #2582 ) ;
#1446 = LINE ( 'NONE', #352, #2261 ) ;
#1447 = ORIENTED_EDGE ( 'NONE', *, *, #2650, .F. ) ;
#1448 = CARTESIAN_POINT ( 'NONE',  ( -16.33537189659299926, -18.92500000000000071, 39.84660000000000224 ) ) ;
#1449 = CARTESIAN_POINT ( 'NONE',  ( 0.000000000000000000, 0.000000000000000000, 29.34660000000000224 ) ) ;
#1450 = VERTEX_POINT ( 'NONE', #2736 ) ;
#1451 = CARTESIAN_POINT ( 'NONE',  ( 16.00000000000000000, 22.00000000000000000, 44.34660000000000224 ) ) ;
#1452 = CARTESIAN_POINT ( 'NONE',  ( 24.61632055381987527, 4.363914040415515672, 39.43945546303860539 ) ) ;
#1453 = DIRECTION ( 'NONE',  ( 0.000000000000000000, 0.000000000000000000, -1.000000000000000000 ) ) ;
#1454 = DIRECTION ( 'NONE',  ( -1.000000000000000000, 0.000000000000000000, 0.000000000000000000 ) ) ;
#1455 = PRODUCT_DEFINITION_CONTEXT ( 'detailed design', #2356, 'design' ) ;
#1456 = DIRECTION ( 'NONE',  ( 0.000000000000000000, 0.000000000000000000, -1.000000000000000000 ) ) ;
#1457 = ORIENTED_EDGE ( 'NONE', *, *, #1460, .F. ) ;
#1458 = DIRECTION ( 'NONE',  ( 0.000000000000000000, 0.000000000000000000, -1.000000000000000000 ) ) ;
#1459 = EDGE_CURVE ( 'NONE', #2227, #2612, #1411, .T. ) ;
#1460 = EDGE_CURVE ( 'NONE', #2656, #916, #929, .T. ) ;
#1461 = CARTESIAN_POINT ( 'NONE',  ( -13.55456078103001971, 19.12173234173749847, 43.54333234173744671 ) ) ;
#1462 = VERTEX_POINT ( 'NONE', #1869 ) ;
#1463 = CARTESIAN_POINT ( 'NONE',  ( 19.50000000000000000, -22.00000000000000000, 39.84660000000000224 ) ) ;
#1464 = CARTESIAN_POINT ( 'NONE',  ( -0.01122317253876252072, -28.19763337759605193, 100.7799800330888047 ) ) ;
#1465 = ORIENTED_EDGE ( 'NONE', *, *, #2297, .F. ) ;
#1466 = DIRECTION ( 'NONE',  ( -0.000000000000000000, -0.000000000000000000, 1.000000000000000000 ) ) ;
#1467 = CARTESIAN_POINT ( 'NONE',  ( -17.27459777987408529, 18.43126129910603339, 43.60270758410778313 ) ) ;
#1468 = CARTESIAN_POINT ( 'NONE',  ( 33.14673072324022485, -0.9155500883281991742, 37.41332125492098015 ) ) ;
#1469 = DIRECTION ( 'NONE',  ( -0.6384365305352029951, 0.7696744743579410075, 0.000000000000000000 ) ) ;
#1470 = DIRECTION ( 'NONE',  ( -1.000000000000000000, 0.000000000000000000, 0.000000000000000000 ) ) ;
#1471 = CARTESIAN_POINT ( 'NONE',  ( -25.30088705433849938, 31.60524782744224837, 44.34660000000000224 ) ) ;
#1472 = ORIENTED_EDGE ( 'NONE', *, *, #2052, .F. ) ;
#1473 = DIRECTION ( 'NONE',  ( -0.000000000000000000, -0.000000000000000000, -1.000000000000000000 ) ) ;
#1474 = CARTESIAN_POINT ( 'NONE',  ( -10.58419611424949913, -28.64496310071275076, 23.67330000000000112 ) ) ;
#1475 = VERTEX_POINT ( 'NONE', #2531 ) ;
#1476 = EDGE_CURVE ( 'NONE', #587, #1413, #1159, .T. ) ;
#1477 = CYLINDRICAL_SURFACE ( 'NONE', #2407, 2.000000000000000000 ) ;
#1478 = LINE ( 'NONE', #1464, #803 ) ;
#1479 = ORIENTED_EDGE ( 'NONE', *, *, #601, .F. ) ;
#1480 = ADVANCED_FACE ( 'NONE', ( #965 ), #1669, .T. ) ;
#1481 = CARTESIAN_POINT ( 'NONE',  ( -13.55456078103012096, -19.12173234173744873, 43.54333234173744671 ) ) ;
#1482 = CARTESIAN_POINT ( 'NONE',  ( 24.76779805378347987, 3.399474800383670559, 36.41761683115641546 ) ) ;
#1483 = CARTESIAN_POINT ( 'NONE',  ( 33.16842303201011788, -0.5750179884671625663, 36.53074430258622129 ) ) ;
#1484 = CARTESIAN_POINT ( 'NONE',  ( -24.77242774456841090, 3.365541166193648515, 36.40336480745446579 ) ) ;
#1485 = CARTESIAN_POINT ( 'NONE',  ( 29.00000000000000000, 2.569370939510924767, 41.94660000000000366 ) ) ;
#1486 = CONICAL_SURFACE ( 'NONE', #2671, 25.00000000000000000, 0.7853981633974532750 ) ;
#1487 = COLOUR_RGB ( '',0.7921568627450980005, 0.8196078431372548767, 0.9333333333333333481 ) ;
#1488 = ORIENTED_EDGE ( 'NONE', *, *, #1953, .F. ) ;
#1489 = CARTESIAN_POINT ( 'NONE',  ( 43.00000000000000000, 2.569370939510919438, 38.34660000000000224 ) ) ;
#1490 = ORIENTED_EDGE ( 'NONE', *, *, #93, .T. ) ;
#1491 = CARTESIAN_POINT ( 'NONE',  ( -8.571884053103319800, -28.67667776740814745, 44.34660000000000224 ) ) ;
#1492 = VECTOR ( 'NONE', #481, 1000.000000000000000 ) ;
#1493 = AXIS2_PLACEMENT_3D ( 'NONE', #2632, #1273, #2811 ) ;
#1494 = CARTESIAN_POINT ( 'NONE',  ( 30.71523765055459876, -11.11718253966864012, 44.34660000000000224 ) ) ;
#1495 = VECTOR ( 'NONE', #1150, 1000.000000000000114 ) ;
#1496 = AXIS2_PLACEMENT_3D ( 'NONE', #700, #1177, #1579 ) ;
#1497 = VERTEX_POINT ( 'NONE', #2313 ) ;
#1498 = CARTESIAN_POINT ( 'NONE',  ( -12.50000000000000000, 22.00000000000000000, 39.84660000000000224 ) ) ;
#1499 = ORIENTED_EDGE ( 'NONE', *, *, #2815, .T. ) ;
#1500 = CARTESIAN_POINT ( 'NONE',  ( -25.30088711450944672, 31.60524781828570084, 23.67330000000000112 ) ) ;
#1501 = CARTESIAN_POINT ( 'NONE',  ( 32.92742381285037112, 4.472298945667445125, 35.28884409315262616 ) ) ;
#1502 = EDGE_CURVE ( 'NONE', #863, #2744, #1113, .T. ) ;
#1503 = EDGE_CURVE ( 'NONE', #2117, #2115, #109, .T. ) ;
#1504 = DIRECTION ( 'NONE',  ( -0.000000000000000000, -0.000000000000000000, -1.000000000000000000 ) ) ;
#1505 = DIRECTION ( 'NONE',  ( -1.000000000000000000, 4.440892098500625373E-15, 0.000000000000000000 ) ) ;
#1506 = ORIENTED_EDGE ( 'NONE', *, *, #2106, .F. ) ;
#1507 = CARTESIAN_POINT ( 'NONE',  ( 26.41447497922724708, 16.49317921641575069, 44.34661200000000036 ) ) ;
#1508 = FACE_OUTER_BOUND ( 'NONE', #280, .T. ) ;
#1509 = CARTESIAN_POINT ( 'NONE',  ( -24.86761614982820134, 2.569370939510924767, 40.44659999999999656 ) ) ;
#1510 = ORIENTED_EDGE ( 'NONE', *, *, #1531, .T. ) ;
#1511 = ORIENTED_EDGE ( 'NONE', *, *, #1789, .F. ) ;
#1512 = B_SPLINE_CURVE_WITH_KNOTS ( 'NONE', 3,
 ( #1859, #2175, #827, #220, #2151, #1313, #860, #209, #2828, #395, #1733, #1098 ),
 .UNSPECIFIED., .F., .F.,
 ( 4, 2, 2, 2, 2, 4 ),
 ( 0.6089629053556200322, 0.6250000000000000000, 0.7500000000000000000, 0.8125000000000000000, 0.8750000000000000000, 0.9683437075166499985 ),
 .UNSPECIFIED. ) ;
#1513 = CARTESIAN_POINT ( 'NONE',  ( 18.50623130772489944, 18.26251359438200339, 44.34660000000000224 ) ) ;
#1514 = CARTESIAN_POINT ( 'NONE',  ( -25.00000000000000000, 0.000000000000000000, 29.34660000000000224 ) ) ;
#1515 = CARTESIAN_POINT ( 'NONE',  ( 16.00000000000000000, 22.00000000000000000, 23.67330000000000112 ) ) ;
#1516 = FACE_OUTER_BOUND ( 'NONE', #1275, .T. ) ;
#1517 = EDGE_CURVE ( 'NONE', #133, #2411, #1529, .T. ) ;
#1518 = DIRECTION ( 'NONE',  ( -1.000000000000000000, 0.000000000000000000, 0.000000000000000000 ) ) ;
#1519 = ORIENTED_EDGE ( 'NONE', *, *, #951, .T. ) ;
#1520 = DIRECTION ( 'NONE',  ( 1.000000000000000000, 0.000000000000000000, 0.000000000000000000 ) ) ;
#1521 = CARTESIAN_POINT ( 'NONE',  ( -25.52625932958950017, -26.41878969503079944, 23.67330000000000112 ) ) ;
#1522 = EDGE_LOOP ( 'NONE', ( #2235, #476, #2683, #374 ) ) ;
#1523 = EDGE_LOOP ( 'NONE', ( #376, #258, #163, #1749 ) ) ;
#1524 = CARTESIAN_POINT ( 'NONE',  ( -24.84229440254205912, 2.805794196675970298, 36.25544025128713344 ) ) ;
#1525 = CARTESIAN_POINT ( 'NONE',  ( -16.00000000000000000, 22.00000000000000000, 44.35160600000005360 ) ) ;
#1526 = CARTESIAN_POINT ( 'NONE',  ( -11.50000000000000000, -22.00000000000000000, 44.34660000000000224 ) ) ;
#1527 = ORIENTED_EDGE ( 'NONE', *, *, #2779, .T. ) ;
#1528 = LINE ( 'NONE', #1921, #1991 ) ;
#1529 = CIRCLE ( 'NONE', #2444, 3.499999999999999556 ) ;
#1530 = PRESENTATION_LAYER_ASSIGNMENT (  '', '', ( #2492 ) ) ;
#1531 = EDGE_CURVE ( 'NONE', #1742, #726, #811, .T. ) ;
#1532 = LINE ( 'NONE', #221, #290 ) ;
#1533 = ORIENTED_EDGE ( 'NONE', *, *, #670, .T. ) ;
#1534 = CIRCLE ( 'NONE', #2494, 3.499999999999999556 ) ;
#1535 = VECTOR ( 'NONE', #518, 1000.000000000000000 ) ;
#1536 = VECTOR ( 'NONE', #1931, 1000.000000000000000 ) ;
#1537 = CIRCLE ( 'NONE', #296, 4.500000000000000888 ) ;
#1538 = ORIENTED_EDGE ( 'NONE', *, *, #473, .T. ) ;
#1539 =( GEOMETRIC_REPRESENTATION_CONTEXT ( 3 ) GLOBAL_UNCERTAINTY_ASSIGNED_CONTEXT ( ( #1955 ) ) GLOBAL_UNIT_ASSIGNED_CONTEXT ( ( #2439, #2237, #918 ) ) REPRESENTATION_CONTEXT ( 'NONE', 'WORKASPACE' ) );
#1540 = SURFACE_STYLE_FILL_AREA ( #893 ) ;
#1541 = DIRECTION ( 'NONE',  ( -0.000000000000000000, -0.000000000000000000, -1.000000000000000000 ) ) ;
#1542 = ORIENTED_EDGE ( 'NONE', *, *, #547, .F. ) ;
#1543 = DIRECTION ( 'NONE',  ( 0.000000000000000000, 0.000000000000000000, -1.000000000000000000 ) ) ;
#1544 = CARTESIAN_POINT ( 'NONE',  ( -21.82382448124320007, -27.31948325424655266, 44.34660000000000224 ) ) ;
#1545 = DIRECTION ( 'NONE',  ( -1.000000000000000000, 0.000000000000000000, 0.000000000000000000 ) ) ;
#1546 = CARTESIAN_POINT ( 'NONE',  ( 27.34535502932804718, -16.42924871646384943, 23.67330000000000112 ) ) ;
#1547 = ORIENTED_EDGE ( 'NONE', *, *, #29, .T. ) ;
#1548 = EDGE_CURVE ( 'NONE', #2823, #1777, #2517, .T. ) ;
#1549 = ADVANCED_FACE ( 'NONE', ( #2184 ), #2047, .T. ) ;
#1550 = CARTESIAN_POINT ( 'NONE',  ( -24.62930007856650505, 4.290075920484150096, 39.55238166860742410 ) ) ;
#1551 = CARTESIAN_POINT ( 'NONE',  ( 19.35410196624970069, -25.00000000000000000, 44.34660000000000224 ) ) ;
#1552 = ORIENTED_EDGE ( 'NONE', *, *, #564, .F. ) ;
#1553 = CARTESIAN_POINT ( 'NONE',  ( 16.00000000000000000, 22.00000000000000000, 44.34660000000000224 ) ) ;
#1554 = DIRECTION ( 'NONE',  ( -0.000000000000000000, -0.000000000000000000, 1.000000000000000000 ) ) ;
#1555 = CARTESIAN_POINT ( 'NONE',  ( 33.17077210164945456, -0.6472892464248969357, 23.67330000000000112 ) ) ;
#1556 = CYLINDRICAL_SURFACE ( 'NONE', #1117, 3.499999999999999556 ) ;
#1557 = EDGE_LOOP ( 'NONE', ( #1736, #1981, #1101, #265, #807 ) ) ;
#1558 = CARTESIAN_POINT ( 'NONE',  ( -24.97230121834387617, 1.176288390936616413, 39.91869428511579798 ) ) ;
#1559 = ADVANCED_FACE ( 'NONE', ( #1281 ), #1751, .F. ) ;
#1560 = ORIENTED_EDGE ( 'NONE', *, *, #350, .T. ) ;
#1561 = CARTESIAN_POINT ( 'NONE',  ( 24.97662399901118491, 1.080858339937466273, 39.82793078506633577 ) ) ;
#1562 = EDGE_CURVE ( 'NONE', #2148, #497, #1740, .T. ) ;
#1563 = CARTESIAN_POINT ( 'NONE',  ( 33.18204461986062626, 2.098227734111379306, 41.92347638548343269 ) ) ;
#1564 = CARTESIAN_POINT ( 'NONE',  ( -24.57005319463594262, 4.616911685772808305, 38.81812675629267062 ) ) ;
#1565 = DIRECTION ( 'NONE',  ( -1.000000000000000000, 0.000000000000000000, 0.000000000000000000 ) ) ;
#1566 = ORIENTED_EDGE ( 'NONE', *, *, #65, .T. ) ;
#1567 = DIRECTION ( 'NONE',  ( -0.000000000000000000, -0.000000000000000000, 1.000000000000000000 ) ) ;
#1568 = LINE ( 'NONE', #1999, #101 ) ;
#1569 = CARTESIAN_POINT ( 'NONE',  ( 32.02110582145164841, 7.912372816365460082, 23.67330000000000112 ) ) ;
#1570 = DIRECTION ( 'NONE',  ( -0.6384365305352029951, 0.7696744743579410075, 0.000000000000000000 ) ) ;
#1571 = EDGE_LOOP ( 'NONE', ( #752, #1542, #1429, #2808, #1256 ) ) ;
#1572 = CARTESIAN_POINT ( 'NONE',  ( -24.98363909837848595, 0.9017654162538293328, 37.06881345600876188 ) ) ;
#1573 = AXIS2_PLACEMENT_3D ( 'NONE', #1293, #2133, #205 ) ;
#1574 = AXIS2_PLACEMENT_3D ( 'NONE', #704, #1811, #2626 ) ;
#1575 = AXIS2_PLACEMENT_3D ( 'NONE', #137, #1504, #2341 ) ;
#1576 = ORIENTED_EDGE ( 'NONE', *, *, #2636, .T. ) ;
#1577 = AXIS2_PLACEMENT_3D ( 'NONE', #502, #764, #1422 ) ;
#1578 = AXIS2_PLACEMENT_3D ( 'NONE', #1610, #24, #923 ) ;
#1579 = DIRECTION ( 'NONE',  ( 1.000000000000000000, 0.000000000000000000, 0.000000000000000000 ) ) ;
#1580 = CARTESIAN_POINT ( 'NONE',  ( 29.00000000000000000, 2.569370939510919438, 36.24659999999999371 ) ) ;
#1581 = AXIS2_PLACEMENT_3D ( 'NONE', #1620, #717, #498 ) ;
#1582 = CARTESIAN_POINT ( 'NONE',  ( -24.65426019221157716, 4.143667994523869247, 39.73730608309257661 ) ) ;
#1583 = CARTESIAN_POINT ( 'NONE',  ( 31.49953064212269993, -9.123258983227399810, 23.67330000000000112 ) ) ;
#1584 = EDGE_CURVE ( 'NONE', #916, #1173, #159, .T. ) ;
#1585 = ADVANCED_FACE ( 'NONE', ( #1516 ), #625, .F. ) ;
#1586 = ORIENTED_EDGE ( 'NONE', *, *, #390, .T. ) ;
#1587 = DIRECTION ( 'NONE',  ( 1.000000000000000000, 0.000000000000000000, 0.000000000000000000 ) ) ;
#1588 = CARTESIAN_POINT ( 'NONE',  ( 0.000000000000000000, 0.000000000000000000, 39.84660000000000224 ) ) ;
#1589 = CARTESIAN_POINT ( 'NONE',  ( 16.00000000000000000, -22.00000000000000000, 43.34660000000000224 ) ) ;
#1590 = CARTESIAN_POINT ( 'NONE',  ( 16.33537189659299926, 18.92500000000000071, 39.84660000000000224 ) ) ;
#1591 = ORIENTED_EDGE ( 'NONE', *, *, #1918, .T. ) ;
#1592 = DIRECTION ( 'NONE',  ( 0.000000000000000000, -1.000000000000000000, 0.000000000000000000 ) ) ;
#1593 = ORIENTED_EDGE ( 'NONE', *, *, #2604, .F. ) ;
#1594 = CARTESIAN_POINT ( 'NONE',  ( 24.98361514795829663, 0.9024207642444098676, 39.62524137068710672 ) ) ;
#1595 = CARTESIAN_POINT ( 'NONE',  ( -24.66888640082840922, 4.055372769065219707, 39.83044782013411833 ) ) ;
#1596 = CARTESIAN_POINT ( 'NONE',  ( -1.084943194320533877, -28.30983429914985194, 23.67330000000000112 ) ) ;
#1597 = ORIENTED_EDGE ( 'NONE', *, *, #2528, .F. ) ;
#1598 = CARTESIAN_POINT ( 'NONE',  ( -18.50623130772489944, -18.26251359438200339, 44.34660000000000224 ) ) ;
#1599 = EDGE_CURVE ( 'NONE', #1357, #1248, #886, .T. ) ;
#1600 = DIRECTION ( 'NONE',  ( -0.000000000000000000, -0.000000000000000000, 1.000000000000000000 ) ) ;
#1601 = CARTESIAN_POINT ( 'NONE',  ( 31.90589347597725478, -7.941917517478880306, 23.67330000000000112 ) ) ;
#1602 = CARTESIAN_POINT ( 'NONE',  ( 30.16266723475535017, -12.34731768105494076, 23.67330000000000112 ) ) ;
#1603 = ORIENTED_EDGE ( 'NONE', *, *, #1825, .T. ) ;
#1604 = CARTESIAN_POINT ( 'NONE',  ( 19.50000000000000000, -22.00000000000000000, 43.34660000000000224 ) ) ;
#1605 = VERTEX_POINT ( 'NONE', #1054 ) ;
#1606 = DIRECTION ( 'NONE',  ( 0.000000000000000000, 0.000000000000000000, -1.000000000000000000 ) ) ;
#1607 = CARTESIAN_POINT ( 'NONE',  ( 24.57315749320387255, 4.600323715619136777, 37.80794166839637427 ) ) ;
#1608 = CARTESIAN_POINT ( 'NONE',  ( -17.86556468224442540, -18.32722476404880751, 43.93604091744109041 ) ) ;
#1609 = B_SPLINE_SURFACE_WITH_KNOTS ( 'NONE', 3, 1, ( 
 ( #1070, #1521 ),
 ( #396, #1963 ),
 ( #165, #844 ),
 ( #1301, #1274 ),
 ( #2153, #2840 ),
 ( #1705, #861 ),
 ( #1100, #1287 ),
 ( #178, #1474 ),
 ( #1058, #1747 ),
 ( #2812, #2178 ),
 ( #1722, #2622 ),
 ( #210, #2139 ),
 ( #651, #2410 ),
 ( #438, #629 ),
 ( #2189, #2598 ) ),
 .UNSPECIFIED., .F., .F., .F.,
 ( 4, 2, 2, 2, 2, 1, 2, 4 ),
 ( 2, 2 ),
 ( 0.02384172959566034991, 0.06250000000000000000, 0.1250000000000000000, 0.2500000000000000000, 0.2812500000000000000, 0.3125000000000000000, 0.3750000000000000000, 0.4257112125254775004 ),
 ( 0.000000000000000000, 1.000000000000000000 ),
 .UNSPECIFIED. ) ;
#1610 = CARTESIAN_POINT ( 'NONE',  ( 22.77153902370140059, -21.35827341385429889, 44.34661200000000036 ) ) ;
#1611 = CARTESIAN_POINT ( 'NONE',  ( 33.12695702659969754, -1.266019180708966241, 23.67330000000000112 ) ) ;
#1612 = CARTESIAN_POINT ( 'NONE',  ( 14.00000000000000000, 22.00000000000000000, 39.84660000000000224 ) ) ;
#1613 = ORIENTED_EDGE ( 'NONE', *, *, #585, .T. ) ;
#1614 = CARTESIAN_POINT ( 'NONE',  ( -24.97665683765197286, 1.080099231107250146, 36.86603239516836084 ) ) ;
#1615 = ADVANCED_FACE ( 'NONE', ( #824 ), #975, .F. ) ;
#1616 = EDGE_CURVE ( 'NONE', #2442, #798, #380, .T. ) ;
#1617 = LINE ( 'NONE', #571, #1715 ) ;
#1618 = VERTEX_POINT ( 'NONE', #1485 ) ;
#1619 = CIRCLE ( 'NONE', #2260, 4.500000000000000888 ) ;
#1620 = CARTESIAN_POINT ( 'NONE',  ( -27.00000000000000000, 2.569370939510919438, 38.34660000000000224 ) ) ;
#1621 = CIRCLE ( 'NONE', #749, 25.00000000000000000 ) ;
#1622 = CARTESIAN_POINT ( 'NONE',  ( 24.67940310892555544, 3.991932075584678330, 39.89154315296187292 ) ) ;
#1623 = VECTOR ( 'NONE', #164, 1000.000000000000000 ) ;
#1624 = AXIS2_PLACEMENT_3D ( 'NONE', #2563, #594, #1085 ) ;
#1625 = CIRCLE ( 'NONE', #388, 3.499999999999999556 ) ;
#1626 = CARTESIAN_POINT ( 'NONE',  ( -16.00000000000000000, -22.00000000000000000, 39.84660000000000224 ) ) ;
#1627 = CARTESIAN_POINT ( 'NONE',  ( 24.89520385684725667, 2.302363751855105445, 36.24660000000000792 ) ) ;
#1628 = CARTESIAN_POINT ( 'NONE',  ( 28.24408614471535017, 14.29723533705070082, 44.34660000000000224 ) ) ;
#1629 = CONICAL_SURFACE ( 'NONE', #1171, 4.500000000000000888, 0.7853981633974447263 ) ;
#1630 = FACE_BOUND ( 'NONE', #181, .T. ) ;
#1631 = ORIENTED_EDGE ( 'NONE', *, *, #685, .T. ) ;
#1632 = DIRECTION ( 'NONE',  ( -0.7071067811865441310, 0.000000000000000000, 0.7071067811865510144 ) ) ;
#1633 = CARTESIAN_POINT ( 'NONE',  ( 16.00000000000000000, 22.00000000000000000, 44.34660000000000224 ) ) ;
#1634 = ORIENTED_EDGE ( 'NONE', *, *, #510, .F. ) ;
#1635 = EDGE_CURVE ( 'NONE', #895, #243, #2719, .T. ) ;
#1636 = CARTESIAN_POINT ( 'NONE',  ( -15.69330211782330231, 32.01912705259439917, 44.34660000000000224 ) ) ;
#1637 = DIRECTION ( 'NONE',  ( 0.000000000000000000, 0.000000000000000000, 1.000000000000000000 ) ) ;
#1638 = CARTESIAN_POINT ( 'NONE',  ( 24.66994493472232364, 4.048928216985132167, 39.83687381930626970 ) ) ;
#1639 = CARTESIAN_POINT ( 'NONE',  ( -19.50000000000000000, 22.00000000000000000, 39.84660000000000224 ) ) ;
#1640 = CARTESIAN_POINT ( 'NONE',  ( 24.98760137645921731, 0.7880388171145100706, 37.20095926644191309 ) ) ;
#1641 = CARTESIAN_POINT ( 'NONE',  ( 0.000000000000000000, 0.000000000000000000, 43.34660000000000224 ) ) ;
#1642 = DIRECTION ( 'NONE',  ( -0.000000000000000000, -0.000000000000000000, 1.000000000000000000 ) ) ;
#1643 = ORIENTED_EDGE ( 'NONE', *, *, #1503, .T. ) ;
#1644 = CARTESIAN_POINT ( 'NONE',  ( 11.50000000000000000, 22.00000000000000000, 44.34660000000000224 ) ) ;
#1645 = DIRECTION ( 'NONE',  ( -1.000000000000000000, 0.000000000000000000, 0.000000000000000000 ) ) ;
#1646 = ORIENTED_EDGE ( 'NONE', *, *, #1233, .F. ) ;
#1647 = DIRECTION ( 'NONE',  ( -0.000000000000000000, -0.000000000000000000, 1.000000000000000000 ) ) ;
#1648 = ORIENTED_EDGE ( 'NONE', *, *, #530, .F. ) ;
#1649 = CARTESIAN_POINT ( 'NONE',  ( -6.298744497233980333, 30.82567137147639968, 23.67330000000000112 ) ) ;
#1650 = CARTESIAN_POINT ( 'NONE',  ( 24.68783711646436174, 3.940637867006899775, 39.93774585772665375 ) ) ;
#1651 = EDGE_CURVE ( 'NONE', #714, #2612, #329, .T. ) ;
#1652 = CARTESIAN_POINT ( 'NONE',  ( 30.71523765055459876, -11.11718253966864012, 23.67330000000000112 ) ) ;
#1653 = CARTESIAN_POINT ( 'NONE',  ( -25.00000000000000000, 0.000000000000000000, 43.34660000000000224 ) ) ;
#1654 = DIRECTION ( 'NONE',  ( -0.000000000000000000, -0.000000000000000000, -1.000000000000000000 ) ) ;
#1655 = CARTESIAN_POINT ( 'NONE',  ( -14.32836158215960154, 19.92499999999999716, 44.34660000000000224 ) ) ;
#1656 = ORIENTED_EDGE ( 'NONE', *, *, #1919, .T. ) ;
#1657 = CARTESIAN_POINT ( 'NONE',  ( -12.00695917877114027, 19.92499999999999716, 44.34660000000000224 ) ) ;
#1658 = CARTESIAN_POINT ( 'NONE',  ( 30.42233466907550010, 11.26245320591059951, 23.67330000000000112 ) ) ;
#1659 = ORIENTED_EDGE ( 'NONE', *, *, #2352, .F. ) ;
#1660 = PLANE ( 'NONE',  #1445 ) ;
#1661 = VERTEX_POINT ( 'NONE', #2835 ) ;
#1662 = CARTESIAN_POINT ( 'NONE',  ( -15.69330211782330231, 32.01912705259439917, 44.34660000000000224 ) ) ;
#1663 = CARTESIAN_POINT ( 'NONE',  ( 24.71174503945629297, 3.789208345363578090, 36.63584379966418680 ) ) ;
#1664 = AXIS2_PLACEMENT_3D ( 'NONE', #537, #1210, #80 ) ;
#1665 = CIRCLE ( 'NONE', #2720, 4.500000000000000888 ) ;
#1666 = CIRCLE ( 'NONE', #1118, 2.000000000000000000 ) ;
#1667 = EDGE_CURVE ( 'NONE', #1243, #133, #2213, .T. ) ;
#1668 = CYLINDRICAL_SURFACE ( 'NONE', #937, 2.000000000000000000 ) ;
#1669 = CYLINDRICAL_SURFACE ( 'NONE', #423, 4.500000000000000888 ) ;
#1670 = ADVANCED_FACE ( 'NONE', ( #1958 ), #868, .F. ) ;
#1671 = CONICAL_SURFACE ( 'NONE', #2176, 4.500000000000000888, 0.7853981633974447263 ) ;
#1672 = CIRCLE ( 'NONE', #2034, 2.000000000000000000 ) ;
#1673 = DIRECTION ( 'NONE',  ( -1.000000000000000000, 0.000000000000000000, 0.000000000000000000 ) ) ;
#1674 = ORIENTED_EDGE ( 'NONE', *, *, #61, .F. ) ;
#1675 = CIRCLE ( 'NONE', #2037, 2.000000000000001776 ) ;
#1676 = LINE ( 'NONE', #1644, #981 ) ;
#1677 = FACE_OUTER_BOUND ( 'NONE', #217, .T. ) ;
#1678 = ORIENTED_EDGE ( 'NONE', *, *, #175, .T. ) ;
#1679 = FACE_OUTER_BOUND ( 'NONE', #1523, .T. ) ;
#1680 = CARTESIAN_POINT ( 'NONE',  ( 14.32836158215960154, -18.92500000000000071, 43.34660000000000224 ) ) ;
#1681 = EDGE_LOOP ( 'NONE', ( #1724, #425, #926, #1923, #1842, #873, #2554, #2338 ) ) ;
#1682 = CARTESIAN_POINT ( 'NONE',  ( -12.78075997990063861, -19.45506567507080220, 43.87666567507079662 ) ) ;
#1683 = CARTESIAN_POINT ( 'NONE',  ( 32.68423171329424548, 5.684488122801999666, 40.15594019833215356 ) ) ;
#1684 = CARTESIAN_POINT ( 'NONE',  ( -12.50000000000000000, -22.00000000000000000, 43.34660000000000224 ) ) ;
#1685 = CARTESIAN_POINT ( 'NONE',  ( 29.01228122707074775, 13.31519079990803966, 44.34660000000000224 ) ) ;
#1686 = ADVANCED_FACE ( 'NONE', ( #1968 ), #2844, .F. ) ;
#1687 = ORIENTED_EDGE ( 'NONE', *, *, #2425, .F. ) ;
#1688 = PLANE ( 'NONE',  #1624 ) ;
#1689 = ORIENTED_EDGE ( 'NONE', *, *, #877, .F. ) ;
#1690 = CARTESIAN_POINT ( 'NONE',  ( -11.50000000000000000, -22.00000000000000000, 44.34660000000000224 ) ) ;
#1691 = EDGE_CURVE ( 'NONE', #2317, #1819, #1940, .T. ) ;
#1692 = LINE ( 'NONE', #2567, #1341 ) ;
#1693 = ORIENTED_EDGE ( 'NONE', *, *, #2794, .T. ) ;
#1694 = DIRECTION ( 'NONE',  ( 0.000000000000000000, 0.000000000000000000, -1.000000000000000000 ) ) ;
#1695 = DIRECTION ( 'NONE',  ( -1.000000000000000000, 0.000000000000000000, 0.000000000000000000 ) ) ;
#1696 = ORIENTED_EDGE ( 'NONE', *, *, #618, .T. ) ;
#1697 = CARTESIAN_POINT ( 'NONE',  ( 16.00000000000000000, -22.00000000000000000, 44.34660000000000224 ) ) ;
#1698 = CARTESIAN_POINT ( 'NONE',  ( 32.61212905775054338, 5.980079792961076279, 37.18789156474667834 ) ) ;
#1699 = CARTESIAN_POINT ( 'NONE',  ( -24.77598790176530485, 3.339227903002340625, 36.39275808781364674 ) ) ;
#1700 = FACE_BOUND ( 'NONE', #234, .T. ) ;
#1701 = ORIENTED_EDGE ( 'NONE', *, *, #314, .T. ) ;
#1702 = DIRECTION ( 'NONE',  ( 0.000000000000000000, 0.000000000000000000, -1.000000000000000000 ) ) ;
#1703 = ORIENTED_EDGE ( 'NONE', *, *, #1878, .F. ) ;
#1704 = CARTESIAN_POINT ( 'NONE',  ( -25.52625936944955143, -26.41878968415930018, 44.34660000000000224 ) ) ;
#1705 = CARTESIAN_POINT ( 'NONE',  ( -16.58098028267195190, -28.23049557510685403, 44.34660000000000224 ) ) ;
#1706 = ORIENTED_EDGE ( 'NONE', *, *, #2581, .T. ) ;
#1707 = CARTESIAN_POINT ( 'NONE',  ( 12.50000000000000000, 22.00000000000000000, 43.34660000000000224 ) ) ;
#1708 = ADVANCED_FACE ( 'NONE', ( #1700, #607 ), #64, .F. ) ;
#1709 = EDGE_CURVE ( 'NONE', #348, #2307, #703, .T. ) ;
#1710 = ORIENTED_EDGE ( 'NONE', *, *, #441, .T. ) ;
#1711 = CYLINDRICAL_SURFACE ( 'NONE', #654, 3.599999999999999201 ) ;
#1712 = CARTESIAN_POINT ( 'NONE',  ( 32.87659443141573234, 4.767438345198382166, 35.48625218669423020 ) ) ;
#1713 = DIRECTION ( 'NONE',  ( 1.000000000000000000, 0.000000000000000000, 0.000000000000000000 ) ) ;
#1714 = CARTESIAN_POINT ( 'NONE',  ( 26.80971112803435119, -17.04601620600070078, 44.34660000000000224 ) ) ;
#1715 = VECTOR ( 'NONE', #127, 1000.000000000000000 ) ;
#1716 = CIRCLE ( 'NONE', #1254, 2.099999999999997868 ) ;
#1717 = DIRECTION ( 'NONE',  ( 0.000000000000000000, 0.000000000000000000, 1.000000000000000000 ) ) ;
#1718 = ORIENTED_EDGE ( 'NONE', *, *, #1967, .F. ) ;
#1719 = CARTESIAN_POINT ( 'NONE',  ( -16.58098028267195190, -28.23049557510685403, 44.34660000000000224 ) ) ;
#1720 = CIRCLE ( 'NONE', #2634, 2.000000000000000000 ) ;
#1721 = CIRCLE ( 'NONE', #201, 3.499999999999999556 ) ;
#1722 = CARTESIAN_POINT ( 'NONE',  ( -6.564521939387550020, -28.66815379725795410, 44.34660000000000224 ) ) ;
#1723 = VECTOR ( 'NONE', #31, 1000.000000000000000 ) ;
#1724 = ORIENTED_EDGE ( 'NONE', *, *, #2701, .T. ) ;
#1725 = EDGE_CURVE ( 'NONE', #1219, #2317, #199, .T. ) ;
#1726 = ORIENTED_EDGE ( 'NONE', *, *, #1531, .F. ) ;
#1727 = CARTESIAN_POINT ( 'NONE',  ( 16.73007488475495208, -18.57699099290550038, 39.84660000000000224 ) ) ;
#1728 = CARTESIAN_POINT ( 'NONE',  ( 32.68289286031443908, 5.691888254709837724, 36.53848915573898637 ) ) ;
#1729 = DIRECTION ( 'NONE',  ( -0.000000000000000000, -0.000000000000000000, 1.000000000000000000 ) ) ;
#1730 = CARTESIAN_POINT ( 'NONE',  ( 26.41966941699260119, -17.46874033573750040, 23.67330000000000112 ) ) ;
#1731 = CARTESIAN_POINT ( 'NONE',  ( -16.73007488475495208, 18.57699099290550038, 42.09910299999999950 ) ) ;
#1732 = ORIENTED_EDGE ( 'NONE', *, *, #350, .F. ) ;
#1733 = CARTESIAN_POINT ( 'NONE',  ( -23.62726538338614546, 31.85993203648185101, 23.67330000000000112 ) ) ;
#1734 = CARTESIAN_POINT ( 'NONE',  ( 0.000000000000000000, -18.92500000000000071, 43.34660000000000224 ) ) ;
#1735 = ORIENTED_EDGE ( 'NONE', *, *, #1807, .F. ) ;
#1736 = ORIENTED_EDGE ( 'NONE', *, *, #2702, .F. ) ;
#1737 = CARTESIAN_POINT ( 'NONE',  ( 28.24408614471535017, 14.29723533705070082, 44.34660000000000224 ) ) ;
#1738 = APPLICATION_PROTOCOL_DEFINITION ( 'draft international standard', 'automotive_design', 1998, #2759 ) ;
#1739 = CARTESIAN_POINT ( 'NONE',  ( -24.66981058686303641, 4.049749451874005146, 36.85714370685265351 ) ) ;
#1740 = LINE ( 'NONE', #1309, #2169 ) ;
#1741 = EDGE_CURVE ( 'NONE', #2477, #1371, #2319, .T. ) ;
#1742 = VERTEX_POINT ( 'NONE', #2009 ) ;
#1743 = DIRECTION ( 'NONE',  ( 0.000000000000000000, 0.000000000000000000, -1.000000000000000000 ) ) ;
#1744 = ORIENTED_EDGE ( 'NONE', *, *, #1193, .F. ) ;
#1745 = CARTESIAN_POINT ( 'NONE',  ( -24.72795489167500094, -26.63652000331164871, 44.34660000000000224 ) ) ;
#1746 = B_SPLINE_CURVE_WITH_KNOTS ( 'NONE', 3,
 ( #1704, #1745, #2798, #1544, #842, #1719, #1068, #610, #189, #1491, #2597, #2188, #1756, #2419, #2367 ),
 .UNSPECIFIED., .F., .F.,
 ( 4, 2, 2, 2, 2, 1, 2, 4 ),
 ( 0.02384172895224645136, 0.06250000000000000000, 0.1250000000000000000, 0.2500000000000000000, 0.2812500000000000000, 0.3125000000000000000, 0.3750000000000000000, 0.4257112125360569266 ),
 .UNSPECIFIED. ) ;
#1747 = CARTESIAN_POINT ( 'NONE',  ( -9.912385890910259789, -28.66226373003700090, 23.67330000000000112 ) ) ;
#1748 = ORIENTED_EDGE ( 'NONE', *, *, #2191, .F. ) ;
#1749 = ORIENTED_EDGE ( 'NONE', *, *, #1460, .T. ) ;
#1750 = CARTESIAN_POINT ( 'NONE',  ( -24.58186272676365647, 4.553353677685302969, 39.03652638205256409 ) ) ;
#1751 = CYLINDRICAL_SURFACE ( 'NONE', #516, 3.499999999999999556 ) ;
#1752 = EDGE_LOOP ( 'NONE', ( #768, #2789, #2571, #1338 ) ) ;
#1753 = DIRECTION ( 'NONE',  ( -0.9823491618506143830, 0.1870564733212820574, 0.000000000000000000 ) ) ;
#1754 = EDGE_CURVE ( 'NONE', #219, #1145, #1350, .T. ) ;
#1755 = EDGE_CURVE ( 'NONE', #1071, #2117, #920, .T. ) ;
#1756 = CARTESIAN_POINT ( 'NONE',  ( -2.160471582746650299, -28.40595766256129906, 44.34660000000000224 ) ) ;
#1757 = LINE ( 'NONE', #2633, #1306 ) ;
#1758 = AXIS2_PLACEMENT_3D ( 'NONE', #1451, #632, #1051 ) ;
#1759 = CARTESIAN_POINT ( 'NONE',  ( 12.50000000000000000, 22.00000000000000000, 39.84660000000000224 ) ) ;
#1760 = ORIENTED_EDGE ( 'NONE', *, *, #116, .T. ) ;
#1761 = VECTOR ( 'NONE', #1381, 1000.000000000000000 ) ;
#1762 = AXIS2_PLACEMENT_3D ( 'NONE', #1013, #2318, #2118 ) ;
#1763 = CIRCLE ( 'NONE', #2362, 2.000000000000000000 ) ;
#1764 = VECTOR ( 'NONE', #786, 1000.000000000000000 ) ;
#1765 = ORIENTED_EDGE ( 'NONE', *, *, #1284, .T. ) ;
#1766 = CARTESIAN_POINT ( 'NONE',  ( 33.20064864484322698, 1.633875940362594648, 41.83098192741709198 ) ) ;
#1767 = CARTESIAN_POINT ( 'NONE',  ( -24.75451654757517872, 3.495543441652558148, 40.23150247469137497 ) ) ;
#1768 = DIRECTION ( 'NONE',  ( 0.000000000000000000, 0.000000000000000000, 1.000000000000000000 ) ) ;
#1769 = ORIENTED_EDGE ( 'NONE', *, *, #2277, .T. ) ;
#1770 = DIRECTION ( 'NONE',  ( -1.000000000000000000, 0.000000000000000000, 0.000000000000000000 ) ) ;
#1771 = DIRECTION ( 'NONE',  ( 0.000000000000000000, 0.000000000000000000, -1.000000000000000000 ) ) ;
#1772 = CARTESIAN_POINT ( 'NONE',  ( 12.50000000000000000, -22.00000000000000000, 43.34660000000000224 ) ) ;
#1773 = ADVANCED_FACE ( 'NONE', ( #2239 ), #33, .F. ) ;
#1774 = FACE_OUTER_BOUND ( 'NONE', #413, .T. ) ;
#1775 = ORIENTED_EDGE ( 'NONE', *, *, #1983, .F. ) ;
#1776 = ADVANCED_FACE ( 'NONE', ( #661 ), #2196, .F. ) ;
#1777 = VERTEX_POINT ( 'NONE', #2643 ) ;
#1778 = CARTESIAN_POINT ( 'NONE',  ( 24.98920714735412574, 0.7290391959396828048, 39.36744298476799031 ) ) ;
#1779 = CARTESIAN_POINT ( 'NONE',  ( -24.59403891755458105, 4.487053402585091888, 37.49050102824023156 ) ) ;
#1780 = CARTESIAN_POINT ( 'NONE',  ( -8.571884053103319800, -28.67667776740814745, 23.67330000000000112 ) ) ;
#1781 = CARTESIAN_POINT ( 'NONE',  ( 16.00000000000000000, -22.00000000000000000, 100.7799800330888047 ) ) ;
#1782 = CARTESIAN_POINT ( 'NONE',  ( 14.00000000000000000, -22.00000000000000000, 23.67330000000000112 ) ) ;
#1783 = CARTESIAN_POINT ( 'NONE',  ( 33.14368103542800270, 3.085007375945164831, 23.67330000000000112 ) ) ;
#1784 = CARTESIAN_POINT ( 'NONE',  ( 27.00000392546539985, -16.82910568221375058, 23.67330000000000112 ) ) ;
#1785 = ORIENTED_EDGE ( 'NONE', *, *, #2722, .T. ) ;
#1786 = CARTESIAN_POINT ( 'NONE',  ( -24.98276570454188672, 0.9397387721874285171, 39.68730509278690022 ) ) ;
#1787 = VERTEX_POINT ( 'NONE', #1793 ) ;
#1788 = EDGE_CURVE ( 'NONE', #422, #433, #1258, .T. ) ;
#1789 = EDGE_CURVE ( 'NONE', #22, #211, #2171, .T. ) ;
#1790 = CARTESIAN_POINT ( 'NONE',  ( 24.99559563671208196, 0.4692456528452152997, 38.68849680684481029 ) ) ;
#1791 = DIRECTION ( 'NONE',  ( 0.000000000000000000, 0.000000000000000000, 1.000000000000000000 ) ) ;
#1792 = CARTESIAN_POINT ( 'NONE',  ( -24.58954589546862834, 4.511567352794862096, 39.14530536647891523 ) ) ;
#1793 = CARTESIAN_POINT ( 'NONE',  ( 16.73007488475495208, 18.57699099290550038, 39.84660000000000224 ) ) ;
#1794 = ORIENTED_EDGE ( 'NONE', *, *, #2352, .T. ) ;
#1795 = CARTESIAN_POINT ( 'NONE',  ( 27.35106753030325066, 15.32798099358105048, 44.34660000000000224 ) ) ;
#1796 = CARTESIAN_POINT ( 'NONE',  ( -16.00000000000000000, -22.00000000000000000, 39.84660000000000224 ) ) ;
#1797 = CARTESIAN_POINT ( 'NONE',  ( -16.00000000000000000, 22.00000000000000000, 23.67330000000000112 ) ) ;
#1798 = CARTESIAN_POINT ( 'NONE',  ( 14.32836158215960154, 18.92500000000000071, 43.34660000000000224 ) ) ;
#1799 = VERTEX_POINT ( 'NONE', #1551 ) ;
#1800 = DIRECTION ( 'NONE',  ( 0.000000000000000000, 0.000000000000000000, 1.000000000000000000 ) ) ;
#1801 = CIRCLE ( 'NONE', #2128, 3.499999999999999556 ) ;
#1802 = CIRCLE ( 'NONE', #1029, 3.499999999999999556 ) ;
#1803 = VECTOR ( 'NONE', #2199, 1000.000000000000000 ) ;
#1804 = ORIENTED_EDGE ( 'NONE', *, *, #2721, .T. ) ;
#1805 = AXIS2_PLACEMENT_3D ( 'NONE', #1172, #110, #997 ) ;
#1806 = VECTOR ( 'NONE', #2730, 1000.000000000000000 ) ;
#1807 = EDGE_CURVE ( 'NONE', #211, #681, #2205, .T. ) ;
#1808 = CARTESIAN_POINT ( 'NONE',  ( 24.97682218182577074, 1.076260682017885939, 39.82329645250581507 ) ) ;
#1809 = CIRCLE ( 'NONE', #2500, 2.000000000000001776 ) ;
#1810 = CARTESIAN_POINT ( 'NONE',  ( -24.66172441533292670, 4.098786266962084923, 39.78587875747403757 ) ) ;
#1811 = DIRECTION ( 'NONE',  ( 0.000000000000000000, 0.000000000000000000, -1.000000000000000000 ) ) ;
#1812 = ORIENTED_EDGE ( 'NONE', *, *, #2722, .F. ) ;
#1813 = DIRECTION ( 'NONE',  ( 1.000000000000000000, 0.000000000000000000, 0.000000000000000000 ) ) ;
#1814 = DIRECTION ( 'NONE',  ( 1.000000000000000000, 0.000000000000000000, 0.000000000000000000 ) ) ;
#1815 = FACE_OUTER_BOUND ( 'NONE', #1752, .T. ) ;
#1816 = FACE_BOUND ( 'NONE', #2436, .T. ) ;
#1817 = ORIENTED_EDGE ( 'NONE', *, *, #1599, .T. ) ;
#1818 = PLANE ( 'NONE',  #2447 ) ;
#1819 = VERTEX_POINT ( 'NONE', #2686 ) ;
#1820 = DIRECTION ( 'NONE',  ( 1.000000000000000000, 0.000000000000000000, 0.000000000000000000 ) ) ;
#1821 =( LENGTH_UNIT ( ) NAMED_UNIT ( * ) SI_UNIT ( .MILLI., .METRE. ) );
#1822 = CARTESIAN_POINT ( 'NONE',  ( 24.77295920882377089, 3.361622266416729232, 40.29142991043659094 ) ) ;
#1823 = VERTEX_POINT ( 'NONE', #1332 ) ;
#1824 = DIRECTION ( 'NONE',  ( -1.000000000000000000, 0.000000000000000000, 0.000000000000000000 ) ) ;
#1825 = EDGE_CURVE ( 'NONE', #2823, #2010, #719, .T. ) ;
#1826 = CARTESIAN_POINT ( 'NONE',  ( 34.79371007828129336, 22.00683358238899956, 23.67330000000000112 ) ) ;
#1827 = CARTESIAN_POINT ( 'NONE',  ( 32.94110966828255016, -3.112630546899405104, 23.67330000000000112 ) ) ;
#1828 = DIRECTION ( 'NONE',  ( 1.000000000000000000, 0.000000000000000000, 0.000000000000000000 ) ) ;
#1829 = ORIENTED_EDGE ( 'NONE', *, *, #791, .F. ) ;
#1830 = CARTESIAN_POINT ( 'NONE',  ( -24.86761614982820134, 2.569370939510924767, 40.44659999999999656 ) ) ;
#1831 = ORIENTED_EDGE ( 'NONE', *, *, #1953, .T. ) ;
#1832 = CARTESIAN_POINT ( 'NONE',  ( 16.00000000000000000, -22.00000000000000000, 43.84660000000000224 ) ) ;
#1833 = CARTESIAN_POINT ( 'NONE',  ( 16.00000000000000000, -22.00000000000000000, 43.34660000000000224 ) ) ;
#1834 = CARTESIAN_POINT ( 'NONE',  ( 24.74316492920542387, 3.580574706120631667, 40.20102095594357650 ) ) ;
#1835 = CARTESIAN_POINT ( 'NONE',  ( 16.00000000000000000, -22.00000000000000000, 23.67330000000000112 ) ) ;
#1836 = B_SPLINE_CURVE_WITH_KNOTS ( 'NONE', 3,
 ( #554, #1461, #2092, #2752 ),
 .UNSPECIFIED., .F., .F.,
 ( 4, 4 ),
 ( 0.000000000000000000, 1.000000000000000000 ),
 .UNSPECIFIED. ) ;
#1837 = DIRECTION ( 'NONE',  ( -0.000000000000000000, -0.000000000000000000, 1.000000000000000000 ) ) ;
#1838 = CARTESIAN_POINT ( 'NONE',  ( 16.00000000000000000, 22.00000000000000000, -27.00000000000000000 ) ) ;
#1839 = EDGE_CURVE ( 'NONE', #27, #2694, #856, .T. ) ;
#1840 = EDGE_CURVE ( 'NONE', #880, #394, #2527, .T. ) ;
#1841 = DIRECTION ( 'NONE',  ( -0.000000000000000000, -0.000000000000000000, -1.000000000000000000 ) ) ;
#1842 = ORIENTED_EDGE ( 'NONE', *, *, #2066, .T. ) ;
#1843 = FACE_BOUND ( 'NONE', #1132, .T. ) ;
#1844 = CARTESIAN_POINT ( 'NONE',  ( 32.02110582145164841, 7.912372816365460082, 23.67330000000000112 ) ) ;
#1845 = VERTEX_POINT ( 'NONE', #1250 ) ;
#1846 = AXIS2_PLACEMENT_3D ( 'NONE', #2386, #1084, #838 ) ;
#1847 = CARTESIAN_POINT ( 'NONE',  ( -19.11554482885830097, 32.10561773054909906, 44.34660000000000224 ) ) ;
#1848 = DIRECTION ( 'NONE',  ( -0.000000000000000000, -0.000000000000000000, -1.000000000000000000 ) ) ;
#1849 = CIRCLE ( 'NONE', #2675, 4.500000000000000888 ) ;
#1850 = CARTESIAN_POINT ( 'NONE',  ( 24.66922137344498367, 4.053334067094235493, 36.86071507625475618 ) ) ;
#1851 = AXIS2_PLACEMENT_3D ( 'NONE', #541, #97, #815 ) ;
#1852 = CIRCLE ( 'NONE', #1261, 2.000000000000000000 ) ;
#1853 = AXIS2_PLACEMENT_3D ( 'NONE', #180, #129, #398 ) ;
#1854 = CARTESIAN_POINT ( 'NONE',  ( -16.00000000000000000, -22.00000000000000000, 39.84660000000000224 ) ) ;
#1855 = CARTESIAN_POINT ( 'NONE',  ( 24.97632062542199094, 1.087848140609304348, 36.85827855213680948 ) ) ;
#1856 = DIRECTION ( 'NONE',  ( -1.000000000000000000, 0.000000000000000000, 0.000000000000000000 ) ) ;
#1857 = LINE ( 'NONE', #956, #15 ) ;
#1858 = ORIENTED_EDGE ( 'NONE', *, *, #1405, .T. ) ;
#1859 = CARTESIAN_POINT ( 'NONE',  ( -5.719848629351210079, 30.71669526296260244, 23.67330000000000112 ) ) ;
#1860 = CARTESIAN_POINT ( 'NONE',  ( 33.15210637881514799, 2.569370939510924767, 41.94660000000000366 ) ) ;
#1861 = VERTEX_POINT ( 'NONE', #2167 ) ;
#1862 = EDGE_CURVE ( 'NONE', #555, #863, #853, .T. ) ;
#1863 = CARTESIAN_POINT ( 'NONE',  ( 31.49953064212269993, -9.123258983227399810, 23.67330000000000112 ) ) ;
#1864 = PRODUCT ( 'MirrorASV1_500_25A.step', 'MirrorASV1_500_25A.step', '', ( #701 ) ) ;
#1865 = CARTESIAN_POINT ( 'NONE',  ( -19.50000000000000000, -22.00000000000000000, 43.34660000000000224 ) ) ;
#1866 = CARTESIAN_POINT ( 'NONE',  ( 24.67028466532886810, 4.046866176581339403, 39.83891767817404883 ) ) ;
#1867 = CARTESIAN_POINT ( 'NONE',  ( 29.49659718231504968, -13.50947481216980073, 23.67330000000000112 ) ) ;
#1868 = CARTESIAN_POINT ( 'NONE',  ( -16.00000000000000000, 22.00000000000000000, 39.84660000000000224 ) ) ;
#1869 = CARTESIAN_POINT ( 'NONE',  ( -18.00000000000000000, -22.00000000000000000, 23.67330000000000112 ) ) ;
#1870 = LINE ( 'NONE', #966, #334 ) ;
#1871 = ORIENTED_EDGE ( 'NONE', *, *, #1299, .T. ) ;
#1872 = CARTESIAN_POINT ( 'NONE',  ( 18.00000000000000000, -22.00000000000000000, 23.67330000000000112 ) ) ;
#1873 = CARTESIAN_POINT ( 'NONE',  ( 33.15210637881514799, 2.569370939510919438, 34.74660000000000082 ) ) ;
#1874 = ORIENTED_EDGE ( 'NONE', *, *, #1584, .T. ) ;
#1875 = DIRECTION ( 'NONE',  ( -1.000000000000000000, 0.000000000000000000, 0.000000000000000000 ) ) ;
#1876 = CARTESIAN_POINT ( 'NONE',  ( -6.298744497233980333, 30.82567137147639968, 44.34660000000000224 ) ) ;
#1877 = EDGE_CURVE ( 'NONE', #1184, #2744, #1017, .T. ) ;
#1878 = EDGE_CURVE ( 'NONE', #1945, #1364, #437, .T. ) ;
#1879 = ORIENTED_EDGE ( 'NONE', *, *, #1144, .T. ) ;
#1880 = CARTESIAN_POINT ( 'NONE',  ( -11.11698315678654048, 31.62167722859039642, 23.67330000000000112 ) ) ;
#1881 = CARTESIAN_POINT ( 'NONE',  ( 24.66542264976054710, 4.076408636664687890, 36.88406877172405274 ) ) ;
#1882 = CARTESIAN_POINT ( 'NONE',  ( 30.71523765055459876, -11.11718253966864012, 44.34660000000000224 ) ) ;
#1883 = CARTESIAN_POINT ( 'NONE',  ( 14.32836158215960154, -18.92500000000000071, 44.35160600000005360 ) ) ;
#1884 = PLANE ( 'NONE',  #49 ) ;
#1885 = CARTESIAN_POINT ( 'NONE',  ( 16.00000000000000000, 22.00000000000000000, 44.34660000000000224 ) ) ;
#1886 = EDGE_LOOP ( 'NONE', ( #845, #2422, #2124, #1646 ) ) ;
#1887 = CARTESIAN_POINT ( 'NONE',  ( 31.26711575337315452, -9.798915334481970163, 44.34660000000000224 ) ) ;
#1888 = LINE ( 'NONE', #2553, #470 ) ;
#1889 = VERTEX_POINT ( 'NONE', #2333 ) ;
#1890 = LINE ( 'NONE', #354, #339 ) ;
#1891 = DIRECTION ( 'NONE',  ( -1.000000000000000000, 0.000000000000000000, 0.000000000000000000 ) ) ;
#1892 = ORIENTED_EDGE ( 'NONE', *, *, #455, .F. ) ;
#1893 = CARTESIAN_POINT ( 'NONE',  ( -16.00000000000000000, -22.00000000000000000, 44.34660000000000224 ) ) ;
#1894 = CARTESIAN_POINT ( 'NONE',  ( 32.80050052809023953, 5.155108871595794895, 35.84113018622673508 ) ) ;
#1895 = AXIS2_PLACEMENT_3D ( 'NONE', #1367, #2243, #2659 ) ;
#1896 = EDGE_CURVE ( 'NONE', #2620, #862, #1849, .T. ) ;
#1897 = CIRCLE ( 'NONE', #517, 3.499999999999999556 ) ;
#1898 = CARTESIAN_POINT ( 'NONE',  ( 33.13863314133062232, -1.030557115963055326, 38.10837533302735380 ) ) ;
#1899 = AXIS2_PLACEMENT_3D ( 'NONE', #1922, #2579, #2785 ) ;
#1900 = AXIS2_PLACEMENT_3D ( 'NONE', #2059, #1458, #2520 ) ;
#1901 = LINE ( 'NONE', #2778, #2627 ) ;
#1902 = CARTESIAN_POINT ( 'NONE',  ( 29.01228122707074775, 13.31519079990803966, 23.67330000000000112 ) ) ;
#1903 = EDGE_CURVE ( 'NONE', #2164, #1605, #1534, .T. ) ;
#1904 = VECTOR ( 'NONE', #1018, 1000.000000000000000 ) ;
#1905 = CARTESIAN_POINT ( 'NONE',  ( -16.00000000000000000, -22.00000000000000000, 23.67330000000000112 ) ) ;
#1906 = VERTEX_POINT ( 'NONE', #1200 ) ;
#1907 = CARTESIAN_POINT ( 'NONE',  ( 29.00000000000000000, 2.569370939510919438, 38.34660000000000224 ) ) ;
#1908 = CARTESIAN_POINT ( 'NONE',  ( 33.06861553504031548, 3.509136473035277426, 34.83856472393919290 ) ) ;
#1909 = ORIENTED_EDGE ( 'NONE', *, *, #1459, .T. ) ;
#1910 = CARTESIAN_POINT ( 'NONE',  ( -16.00000000000000000, 22.00000000000000000, 44.34660000000000224 ) ) ;
#1911 = CARTESIAN_POINT ( 'NONE',  ( 16.00000000000000000, 22.00000000000000000, 39.84660000000000224 ) ) ;
#1912 = ORIENTED_EDGE ( 'NONE', *, *, #1517, .T. ) ;
#1913 = CARTESIAN_POINT ( 'NONE',  ( 32.99453402639204569, 4.311108027735025772, 44.34660000000000224 ) ) ;
#1914 = CARTESIAN_POINT ( 'NONE',  ( 32.65782862608276815, 5.795285393227996629, 39.94932829680066533 ) ) ;
#1915 = CARTESIAN_POINT ( 'NONE',  ( -24.85607266631356893, 2.681094362804827824, 36.24659999999998661 ) ) ;
#1916 = CARTESIAN_POINT ( 'NONE',  ( 16.00000000000000000, -22.00000000000000000, 39.84660000000000224 ) ) ;
#1917 = LINE ( 'NONE', #1731, #1536 ) ;
#1918 = EDGE_CURVE ( 'NONE', #1243, #2164, #1617, .T. ) ;
#1919 = EDGE_CURVE ( 'NONE', #804, #587, #1990, .T. ) ;
#1920 = EDGE_LOOP ( 'NONE', ( #1027, #1240, #1265, #1015 ) ) ;
#1921 = CARTESIAN_POINT ( 'NONE',  ( 14.32836158215960154, 18.92500000000000071, 43.34660000000000224 ) ) ;
#1922 = CARTESIAN_POINT ( 'NONE',  ( -25.00000000000000000, 29.62801061847325101, 23.67330000000000112 ) ) ;
#1923 = ORIENTED_EDGE ( 'NONE', *, *, #300, .T. ) ;
#1924 = DIRECTION ( 'NONE',  ( 0.000000000000000000, 0.000000000000000000, 1.000000000000000000 ) ) ;
#1925 = ORIENTED_EDGE ( 'NONE', *, *, #1075, .F. ) ;
#1926 = DIRECTION ( 'NONE',  ( -0.000000000000000000, -0.000000000000000000, -1.000000000000000000 ) ) ;
#1927 = CARTESIAN_POINT ( 'NONE',  ( 32.56925969484343852, 6.146719964590845464, 37.87459272142335465 ) ) ;
#1928 = CARTESIAN_POINT ( 'NONE',  ( 33.20063045025771942, 0.1905244318997326991, 35.63424066780974186 ) ) ;
#1929 = CARTESIAN_POINT ( 'NONE',  ( -24.67679914873406943, 4.007633653055294509, 36.81633626355568367 ) ) ;
#1930 = DIRECTION ( 'NONE',  ( -0.000000000000000000, -0.000000000000000000, -1.000000000000000000 ) ) ;
#1931 = DIRECTION ( 'NONE',  ( 0.000000000000000000, 0.000000000000000000, 1.000000000000000000 ) ) ;
#1932 = EDGE_CURVE ( 'NONE', #1343, #587, #2288, .T. ) ;
#1933 = EDGE_CURVE ( 'NONE', #2694, #655, #2114, .T. ) ;
#1934 = DIRECTION ( 'NONE',  ( -1.000000000000000000, 0.000000000000000000, 0.000000000000000000 ) ) ;
#1935 = ORIENTED_EDGE ( 'NONE', *, *, #262, .F. ) ;
#1936 = ORIENTED_EDGE ( 'NONE', *, *, #2376, .F. ) ;
#1937 = CARTESIAN_POINT ( 'NONE',  ( 27.40460623785104843, 15.26820458859039853, 44.34660000000000224 ) ) ;
#1938 = CARTESIAN_POINT ( 'NONE',  ( 32.76702539342304732, 5.315167911867939132, 36.01717493711096552 ) ) ;
#1939 = DIRECTION ( 'NONE',  ( -1.000000000000000000, 0.000000000000000000, 0.000000000000000000 ) ) ;
#1940 = CIRCLE ( 'NONE', #2303, 3.499999999999999556 ) ;
#1941 = DIRECTION ( 'NONE',  ( 0.000000000000000000, 0.000000000000000000, 1.000000000000000000 ) ) ;
#1942 = AXIS2_PLACEMENT_3D ( 'NONE', #270, #1362, #2251 ) ;
#1943 = AXIS2_PLACEMENT_3D ( 'NONE', #1358, #2662, #28 ) ;
#1944 = DIRECTION ( 'NONE',  ( 1.000000000000000000, 0.000000000000000000, 0.000000000000000000 ) ) ;
#1945 = VERTEX_POINT ( 'NONE', #1860 ) ;
#1946 = CARTESIAN_POINT ( 'NONE',  ( 16.00000000000000000, -22.00000000000000000, 44.35160600000005360 ) ) ;
#1947 = AXIS2_PLACEMENT_3D ( 'NONE', #2749, #1412, #1227 ) ;
#1948 = AXIS2_PLACEMENT_3D ( 'NONE', #2507, #1473, #2072 ) ;
#1949 = LINE ( 'NONE', #2347, #8 ) ;
#1950 = AXIS2_PLACEMENT_3D ( 'NONE', #2480, #2664, #1820 ) ;
#1951 = ORIENTED_EDGE ( 'NONE', *, *, #1476, .T. ) ;
#1952 = ORIENTED_EDGE ( 'NONE', *, *, #667, .T. ) ;
#1953 = EDGE_CURVE ( 'NONE', #603, #412, #1836, .T. ) ;
#1954 = CARTESIAN_POINT ( 'NONE',  ( 32.22828070034920245, -6.745790692963719692, 44.34660000000000224 ) ) ;
#1955 = UNCERTAINTY_MEASURE_WITH_UNIT (LENGTH_MEASURE( 1.000000000000000082E-05 ), #2439, 'distance_accuracy_value', 'NONE');
#1956 = CARTESIAN_POINT ( 'NONE',  ( 33.15141934474871022, -0.8470701049680946504, 37.18727949312602732 ) ) ;
#1957 = CARTESIAN_POINT ( 'NONE',  ( -24.74306240052651873, 3.581260309207829895, 36.49259774846670012 ) ) ;
#1958 = FACE_OUTER_BOUND ( 'NONE', #2519, .T. ) ;
#1959 = ORIENTED_EDGE ( 'NONE', *, *, #1788, .F. ) ;
#1960 = LINE ( 'NONE', #2344, #2220 ) ;
#1961 = ORIENTED_EDGE ( 'NONE', *, *, #11, .F. ) ;
#1962 = DIRECTION ( 'NONE',  ( 0.000000000000000000, 0.000000000000000000, -1.000000000000000000 ) ) ;
#1963 = CARTESIAN_POINT ( 'NONE',  ( -24.72795486500784889, -26.63652000997874936, 23.67330000000000112 ) ) ;
#1964 = ORIENTED_EDGE ( 'NONE', *, *, #1709, .T. ) ;
#1965 = ORIENTED_EDGE ( 'NONE', *, *, #600, .T. ) ;
#1966 = ADVANCED_FACE ( 'NONE', ( #1677 ), #2590, .F. ) ;
#1967 = EDGE_CURVE ( 'NONE', #133, #161, #1446, .T. ) ;
#1968 = FACE_OUTER_BOUND ( 'NONE', #2768, .T. ) ;
#1969 = ORIENTED_EDGE ( 'NONE', *, *, #1741, .T. ) ;
#1970 = FACE_OUTER_BOUND ( 'NONE', #30, .T. ) ;
#1971 = VERTEX_POINT ( 'NONE', #1230 ) ;
#1972 = DIRECTION ( 'NONE',  ( -1.000000000000000000, 0.000000000000000000, 0.000000000000000000 ) ) ;
#1973 = FACE_BOUND ( 'NONE', #1156, .T. ) ;
#1974 = ORIENTED_EDGE ( 'NONE', *, *, #510, .T. ) ;
#1975 = ORIENTED_EDGE ( 'NONE', *, *, #1862, .T. ) ;
#1976 = DIRECTION ( 'NONE',  ( -1.000000000000000000, 0.000000000000000000, 0.000000000000000000 ) ) ;
#1977 = CARTESIAN_POINT ( 'NONE',  ( -24.63597763777077176, 4.252080707597752252, 37.08273289963761243 ) ) ;
#1978 = EDGE_CURVE ( 'NONE', #916, #2159, #1888, .T. ) ;
#1979 = DIRECTION ( 'NONE',  ( 0.000000000000000000, 0.000000000000000000, 1.000000000000000000 ) ) ;
#1980 = ADVANCED_FACE ( 'NONE', ( #1186 ), #2060, .F. ) ;
#1981 = ORIENTED_EDGE ( 'NONE', *, *, #472, .F. ) ;
#1982 = CARTESIAN_POINT ( 'NONE',  ( 19.46353513461075124, 24.87296438740840188, 44.34660000000000224 ) ) ;
#1983 = EDGE_CURVE ( 'NONE', #862, #1889, #1949, .T. ) ;
#1984 = DIRECTION ( 'NONE',  ( 0.000000000000000000, -0.7071067811865550112, -0.7071067811865400232 ) ) ;
#1985 = DIRECTION ( 'NONE',  ( -0.000000000000000000, -0.000000000000000000, -1.000000000000000000 ) ) ;
#1986 = AXIS2_PLACEMENT_3D ( 'NONE', #2504, #1182, #2748 ) ;
#1987 = AXIS2_PLACEMENT_3D ( 'NONE', #624, #1308, #1713 ) ;
#1988 = CARTESIAN_POINT ( 'NONE',  ( 16.00000000000000000, -22.00000000000000000, 43.34660000000000224 ) ) ;
#1989 = ORIENTED_EDGE ( 'NONE', *, *, #2742, .T. ) ;
#1990 = CIRCLE ( 'NONE', #2217, 4.500000000000000888 ) ;
#1991 = VECTOR ( 'NONE', #1323, 1000.000000000000000 ) ;
#1992 = AXIS2_PLACEMENT_3D ( 'NONE', #1781, #477, #1587 ) ;
#1993 = ORIENTED_EDGE ( 'NONE', *, *, #547, .T. ) ;
#1994 = CARTESIAN_POINT ( 'NONE',  ( 24.89520439464441637, 2.302358546793791927, 40.44660000000001787 ) ) ;
#1995 = CARTESIAN_POINT ( 'NONE',  ( -24.66555327192181579, 4.075618303524898955, 39.80994532434728939 ) ) ;
#1996 = CARTESIAN_POINT ( 'NONE',  ( 18.71773023564784921, 10.10881391106372007, 44.34660000000000224 ) ) ;
#1997 = EDGE_LOOP ( 'NONE', ( #298, #1693, #785, #2795 ) ) ;
#1998 = CARTESIAN_POINT ( 'NONE',  ( -5.719848629351210079, 30.71669526296260244, 23.67330000000000112 ) ) ;
#1999 = CARTESIAN_POINT ( 'NONE',  ( 19.50000000000000000, 22.00000000000000000, 44.35160600000005360 ) ) ;
#2000 = CARTESIAN_POINT ( 'NONE',  ( 32.58597011917780151, 6.123499723239490322, 23.67330000000000112 ) ) ;
#2001 = EDGE_CURVE ( 'NONE', #2150, #2696, #2734, .T. ) ;
#2002 = EDGE_CURVE ( 'NONE', #2159, #1450, #98, .T. ) ;
#2003 = DIRECTION ( 'NONE',  ( 0.000000000000000000, 5.782411586589359857E-17, 1.000000000000000000 ) ) ;
#2004 = ORIENTED_EDGE ( 'NONE', *, *, #2297, .T. ) ;
#2005 = FACE_OUTER_BOUND ( 'NONE', #125, .T. ) ;
#2006 = ORIENTED_EDGE ( 'NONE', *, *, #491, .F. ) ;
#2007 = DIRECTION ( 'NONE',  ( -0.000000000000000000, -0.000000000000000000, 1.000000000000000000 ) ) ;
#2008 = CARTESIAN_POINT ( 'NONE',  ( -24.59126097074748429, 4.502212471831014362, 37.52551441214603756 ) ) ;
#2009 = CARTESIAN_POINT ( 'NONE',  ( -27.00000000000000000, -24.48926873945140059, 23.67330000000000112 ) ) ;
#2010 = VERTEX_POINT ( 'NONE', #421 ) ;
#2011 = DIRECTION ( 'NONE',  ( -1.000000000000000000, 0.000000000000000000, 0.000000000000000000 ) ) ;
#2012 = CARTESIAN_POINT ( 'NONE',  ( -20.50000000000000000, -22.00000000000000000, 44.34660000000000224 ) ) ;
#2013 = DIRECTION ( 'NONE',  ( -1.000000000000000000, 0.000000000000000000, 0.000000000000000000 ) ) ;
#2014 = CARTESIAN_POINT ( 'NONE',  ( 27.94337670250145322, -15.70286844048355057, 44.34660000000000224 ) ) ;
#2015 = ORIENTED_EDGE ( 'NONE', *, *, #2760, .T. ) ;
#2016 = CARTESIAN_POINT ( 'NONE',  ( -24.91801867313320074, 2.031927201694358143, 40.39511067664284383 ) ) ;
#2017 = EDGE_CURVE ( 'NONE', #2413, #592, #1532, .T. ) ;
#2018 = ORIENTED_EDGE ( 'NONE', *, *, #2001, .T. ) ;
#2019 = CARTESIAN_POINT ( 'NONE',  ( -12.50000000000000000, 22.00000000000000000, 43.34660000000000224 ) ) ;
#2020 = DIRECTION ( 'NONE',  ( 0.000000000000000000, 1.000000000000000000, 0.000000000000000000 ) ) ;
#2021 = DIRECTION ( 'NONE',  ( 0.000000000000000000, 0.000000000000000000, -1.000000000000000000 ) ) ;
#2022 = ORIENTED_EDGE ( 'NONE', *, *, #1502, .F. ) ;
#2023 = LINE ( 'NONE', #48, #848 ) ;
#2024 = CARTESIAN_POINT ( 'NONE',  ( 16.00000000000000000, 22.00000000000000000, 23.67330000000000112 ) ) ;
#2025 = DIRECTION ( 'NONE',  ( -1.000000000000000000, 0.000000000000000000, 0.000000000000000000 ) ) ;
#2026 = CARTESIAN_POINT ( 'NONE',  ( 0.000000000000000000, 1.368887642128058073E-15, 23.67330000000000112 ) ) ;
#2027 = EDGE_LOOP ( 'NONE', ( #208, #1078, #771, #251 ) ) ;
#2028 = CARTESIAN_POINT ( 'NONE',  ( -16.00000000000000000, -22.00000000000000000, 44.34660000000000224 ) ) ;
#2029 = CONICAL_SURFACE ( 'NONE', #795, 4.500000000000000888, 0.7853981633974433940 ) ;
#2030 = AXIS2_PLACEMENT_3D ( 'NONE', #906, #1541, #283 ) ;
#2031 = CIRCLE ( 'NONE', #1393, 2.000000000000001776 ) ;
#2032 = ORIENTED_EDGE ( 'NONE', *, *, #914, .F. ) ;
#2033 = AXIS2_PLACEMENT_3D ( 'NONE', #778, #1435, #2471 ) ;
#2034 = AXIS2_PLACEMENT_3D ( 'NONE', #2503, #1837, #793 ) ;
#2035 = CARTESIAN_POINT ( 'NONE',  ( 24.86761614982820134, 2.569370939510924767, 40.44659999999999656 ) ) ;
#2036 = ADVANCED_FACE ( 'NONE', ( #1047 ), #1609, .F. ) ;
#2037 = AXIS2_PLACEMENT_3D ( 'NONE', #2293, #2502, #326 ) ;
#2038 = CARTESIAN_POINT ( 'NONE',  ( -6.298744497233980333, 30.82567137147639968, 44.34660000000000224 ) ) ;
#2039 = CARTESIAN_POINT ( 'NONE',  ( -0.01122317253876252072, -28.19763337759605193, 23.67330000000000112 ) ) ;
#2040 = VERTEX_POINT ( 'NONE', #1509 ) ;
#2041 = CARTESIAN_POINT ( 'NONE',  ( -17.27459777987404976, -18.43126129910604050, 43.60270758410776182 ) ) ;
#2042 = LINE ( 'NONE', #1379, #2219 ) ;
#2043 = CARTESIAN_POINT ( 'NONE',  ( 32.74604215441024735, -4.331174208986695362, 23.67330000000000112 ) ) ;
#2044 = FACE_OUTER_BOUND ( 'NONE', #1115, .T. ) ;
#2045 = ORIENTED_EDGE ( 'NONE', *, *, #2090, .F. ) ;
#2046 = CARTESIAN_POINT ( 'NONE',  ( -24.98024808535252816, 0.9927921728299117232, 36.95908845747621996 ) ) ;
#2047 = B_SPLINE_SURFACE_WITH_KNOTS ( 'NONE', 3, 1, ( 
 ( #1730, #2375 ),
 ( #406, #644 ),
 ( #2170, #1714 ),
 ( #1270, #857 ) ),
 .UNSPECIFIED., .F., .F., .F.,
 ( 4, 4 ),
 ( 2, 2 ),
 ( 0.8805702393988459331, 0.8939836805421289556 ),
 ( 0.000000000000000000, 1.000000000000000000 ),
 .UNSPECIFIED. ) ;
#2048 = ORIENTED_EDGE ( 'NONE', *, *, #407, .T. ) ;
#2049 = FACE_OUTER_BOUND ( 'NONE', #557, .T. ) ;
#2050 = DIRECTION ( 'NONE',  ( -1.000000000000000000, 0.000000000000000000, 0.000000000000000000 ) ) ;
#2051 = CARTESIAN_POINT ( 'NONE',  ( 24.81833688235463242, 3.007955845593110578, 40.40143364068975274 ) ) ;
#2052 = EDGE_CURVE ( 'NONE', #592, #726, #888, .T. ) ;
#2053 = EDGE_CURVE ( 'NONE', #2411, #1145, #1621, .T. ) ;
#2054 = CARTESIAN_POINT ( 'NONE',  ( 33.21110225349727330, 0.9740237237181773589, 35.11082154498246410 ) ) ;
#2055 = CARTESIAN_POINT ( 'NONE',  ( 24.97445698959511162, 1.129750238654611438, 36.81753650955173640 ) ) ;
#2056 = CARTESIAN_POINT ( 'NONE',  ( 29.38129007498985246, 12.80928728593498001, 23.67330000000000112 ) ) ;
#2057 = CARTESIAN_POINT ( 'NONE',  ( 17.27459777987409595, -18.43126129910602629, 43.60270758410779024 ) ) ;
#2058 = ORIENTED_EDGE ( 'NONE', *, *, #61, .T. ) ;
#2059 = CARTESIAN_POINT ( 'NONE',  ( 16.00000000000000000, 22.00000000000000000, 44.35160600000005360 ) ) ;
#2060 = PLANE ( 'NONE',  #656 ) ;
#2061 = EDGE_LOOP ( 'NONE', ( #338, #2726, #118, #1964 ) ) ;
#2062 = CARTESIAN_POINT ( 'NONE',  ( 16.00000000000000000, -22.00000000000000000, 44.34660000000000224 ) ) ;
#2063 = DIRECTION ( 'NONE',  ( 0.000000000000000000, 0.000000000000000000, 1.000000000000000000 ) ) ;
#2064 = CARTESIAN_POINT ( 'NONE',  ( 24.60941855350574770, 4.403157835436021905, 37.31406843459396327 ) ) ;
#2065 = LINE ( 'NONE', #77, #2311 ) ;
#2066 = EDGE_CURVE ( 'NONE', #817, #1497, #1692, .T. ) ;
#2067 = CARTESIAN_POINT ( 'NONE',  ( 26.80970917153170063, -17.04601843302490138, 23.67330000000000112 ) ) ;
#2068 = DIRECTION ( 'NONE',  ( 0.000000000000000000, 1.000000000000000000, -5.782411586589359857E-17 ) ) ;
#2069 = CARTESIAN_POINT ( 'NONE',  ( 26.41966940503960259, -17.46874034848145030, -27.00000000000000000 ) ) ;
#2070 = ADVANCED_FACE ( 'NONE', ( #2800 ), #612, .T. ) ;
#2071 = EDGE_LOOP ( 'NONE', ( #1443, #921, #2709, #2434 ) ) ;
#2072 = DIRECTION ( 'NONE',  ( -1.000000000000000000, 0.000000000000000000, 0.000000000000000000 ) ) ;
#2073 = CARTESIAN_POINT ( 'NONE',  ( 32.22828070034920245, -6.745790692963719692, 23.67330000000000112 ) ) ;
#2074 = EDGE_LOOP ( 'NONE', ( #1154, #1674, #2140, #1775 ) ) ;
#2075 = AXIS2_PLACEMENT_3D ( 'NONE', #1885, #1642, #767 ) ;
#2076 = AXIS2_PLACEMENT_3D ( 'NONE', #277, #969, #496 ) ;
#2077 = DIRECTION ( 'NONE',  ( 0.000000000000000000, 0.000000000000000000, -1.000000000000000000 ) ) ;
#2078 = FACE_OUTER_BOUND ( 'NONE', #47, .T. ) ;
#2079 = VECTOR ( 'NONE', #2377, 1000.000000000000000 ) ;
#2080 = CARTESIAN_POINT ( 'NONE',  ( 24.66160042998996360, 4.099531784420610059, 36.90811446674350549 ) ) ;
#2081 = VECTOR ( 'NONE', #13, 1000.000000000000000 ) ;
#2082 = AXIS2_PLACEMENT_3D ( 'NONE', #1835, #344, #1396 ) ;
#2083 = VECTOR ( 'NONE', #1430, 1000.000000000000000 ) ;
#2084 = DIRECTION ( 'NONE',  ( -1.000000000000000000, 0.000000000000000000, 0.000000000000000000 ) ) ;
#2085 = CARTESIAN_POINT ( 'NONE',  ( 14.32836158215960154, 18.92500000000000071, 44.35160600000005360 ) ) ;
#2086 = CARTESIAN_POINT ( 'NONE',  ( 29.38129007498985246, 12.80928728593498001, 44.34660000000000224 ) ) ;
#2087 = CYLINDRICAL_SURFACE ( 'NONE', #148, 3.499999999999999556 ) ;
#2088 = VERTEX_POINT ( 'NONE', #1111 ) ;
#2089 = DIRECTION ( 'NONE',  ( 0.000000000000000000, 0.000000000000000000, -1.000000000000000000 ) ) ;
#2090 = EDGE_CURVE ( 'NONE', #1145, #307, #1802, .T. ) ;
#2091 = ADVANCED_FACE ( 'NONE', ( #1774 ), #1556, .F. ) ;
#2092 = CARTESIAN_POINT ( 'NONE',  ( -12.78075997990054091, 19.45506567507080220, 43.87666567507079662 ) ) ;
#2093 = ORIENTED_EDGE ( 'NONE', *, *, #2799, .T. ) ;
#2094 = CARTESIAN_POINT ( 'NONE',  ( -14.54537912483742090, 31.94217336102300209, 44.34660000000000224 ) ) ;
#2095 = ORIENTED_EDGE ( 'NONE', *, *, #2497, .F. ) ;
#2096 = CARTESIAN_POINT ( 'NONE',  ( -8.847510535413499966, 31.28888096914135630, 23.67330000000000112 ) ) ;
#2097 = CARTESIAN_POINT ( 'NONE',  ( 24.58184260158717649, 4.553462693087435120, 37.65698419190501056 ) ) ;
#2098 = CARTESIAN_POINT ( 'NONE',  ( -16.73007488475495208, -18.57699099290550038, 43.34660000000000224 ) ) ;
#2099 = DIRECTION ( 'NONE',  ( -1.000000000000000000, 0.000000000000000000, 0.000000000000000000 ) ) ;
#2100 = CARTESIAN_POINT ( 'NONE',  ( 31.03320002377880016, 10.18710971830678069, 23.67330000000000112 ) ) ;
#2101 = CARTESIAN_POINT ( 'NONE',  ( 16.00000000000000000, 22.00000000000000000, 43.84660000000000224 ) ) ;
#2102 = EDGE_LOOP ( 'NONE', ( #1533, #1993, #2343, #2848, #196, #1643, #1327, #1552 ) ) ;
#2103 = DIRECTION ( 'NONE',  ( 0.000000000000000000, 0.000000000000000000, 1.000000000000000000 ) ) ;
#2104 = CARTESIAN_POINT ( 'NONE',  ( 11.50000000000000000, -22.00000000000000000, 44.34660000000000224 ) ) ;
#2105 = VERTEX_POINT ( 'NONE', #668 ) ;
#2106 = EDGE_CURVE ( 'NONE', #2307, #1971, #38, .T. ) ;
#2107 = DIRECTION ( 'NONE',  ( 0.000000000000000000, 0.000000000000000000, -1.000000000000000000 ) ) ;
#2108 = DIRECTION ( 'NONE',  ( 0.000000000000000000, 0.000000000000000000, -1.000000000000000000 ) ) ;
#2109 = ORIENTED_EDGE ( 'NONE', *, *, #2408, .T. ) ;
#2110 = CARTESIAN_POINT ( 'NONE',  ( 32.74604215441024735, -4.331174208986695362, 44.34660000000000224 ) ) ;
#2111 = CARTESIAN_POINT ( 'NONE',  ( 24.78418216071323243, 3.277743557878165070, 40.32361525305943672 ) ) ;
#2112 = CARTESIAN_POINT ( 'NONE',  ( 33.21058863911112269, 0.7677291567955432106, 35.22086309952251071 ) ) ;
#2113 = CARTESIAN_POINT ( 'NONE',  ( 16.00000000000000000, 22.00000000000000000, 43.34660000000000224 ) ) ;
#2114 = B_SPLINE_CURVE_WITH_KNOTS ( 'NONE', 3,
 ( #1000, #321, #2073, #586, #2275, #2493, #2320, #1014, #989, #363, #1415, #2521, #1242, #1844, #2508, #2119, #1658, #1030, #113, #2535, #2767, #143, #1218, #801 ),
 .UNSPECIFIED., .F., .F.,
 ( 4, 2, 2, 2, 2, 2, 2, 2, 2, 2, 2, 4 ),
 ( 0.000000000000000000, 0.1249999999999988065, 0.2499999999999975020, 0.3125000000000000000, 0.3750000000000000000, 0.5000000000000000000, 0.5625000000000000000, 0.6250000000000000000, 0.7500000000000000000, 0.8125000000000000000, 0.8750000000000000000, 0.8790351828083510233 ),
 .UNSPECIFIED. ) ;
#2115 = VERTEX_POINT ( 'NONE', #2232 ) ;
#2116 = DIRECTION ( 'NONE',  ( -1.000000000000000000, 0.000000000000000000, 0.000000000000000000 ) ) ;
#2117 = VERTEX_POINT ( 'NONE', #1590 ) ;
#2118 = DIRECTION ( 'NONE',  ( -1.000000000000000000, 0.000000000000000000, 0.000000000000000000 ) ) ;
#2119 = CARTESIAN_POINT ( 'NONE',  ( 31.03320002377880016, 10.18710971830678069, 23.67330000000000112 ) ) ;
#2120 = ORIENTED_EDGE ( 'NONE', *, *, #1878, .T. ) ;
#2121 = FACE_OUTER_BOUND ( 'NONE', #1571, .T. ) ;
#2122 = B_SPLINE_CURVE_WITH_KNOTS ( 'NONE', 3,
 ( #2601, #2383, #1954, #2110, #370, #2372, #2339, #604, #182, #2818, #1913, #2166, #1249, #2354, #2833, #808, #1037, #864, #401, #1737, #2804, #1937, #1235, #577 ),
 .UNSPECIFIED., .F., .F.,
 ( 4, 2, 2, 2, 2, 2, 2, 2, 2, 2, 2, 4 ),
 ( 0.000000000000000000, 0.1249999999999988065, 0.2499999999999975020, 0.3125000000000000000, 0.3750000000000000000, 0.5000000000000000000, 0.5625000000000000000, 0.6250000000000000000, 0.7500000000000000000, 0.8125000000000000000, 0.8750000000000000000, 0.8790351828083510233 ),
 .UNSPECIFIED. ) ;
#2123 = CARTESIAN_POINT ( 'NONE',  ( 29.00000000000000000, 2.569370939510919438, 38.34660000000000224 ) ) ;
#2124 = ORIENTED_EDGE ( 'NONE', *, *, #963, .F. ) ;
#2125 = CARTESIAN_POINT ( 'NONE',  ( -15.69330211782330231, 32.01912705259439917, 23.67330000000000112 ) ) ;
#2126 = CARTESIAN_POINT ( 'NONE',  ( 24.74471499824306875, 3.565156968359195044, 36.49700631673790241 ) ) ;
#2127 = VECTOR ( 'NONE', #2160, 1000.000000000000000 ) ;
#2128 = AXIS2_PLACEMENT_3D ( 'NONE', #2195, #499, #1147 ) ;
#2129 = ADVANCED_FACE ( 'NONE', ( #292 ), #2433, .F. ) ;
#2130 = EDGE_CURVE ( 'NONE', #1777, #1799, #2448, .T. ) ;
#2131 = VECTOR ( 'NONE', #2784, 1000.000000000000114 ) ;
#2132 = LINE ( 'NONE', #634, #796 ) ;
#2133 = DIRECTION ( 'NONE',  ( -0.000000000000000000, -0.000000000000000000, -1.000000000000000000 ) ) ;
#2134 = CIRCLE ( 'NONE', #1347, 4.500000000000000888 ) ;
#2135 = AXIS2_PLACEMENT_3D ( 'NONE', #2062, #602, #787 ) ;
#2136 = DIRECTION ( 'NONE',  ( 0.000000000000000000, 0.000000000000000000, -1.000000000000000000 ) ) ;
#2137 = ORIENTED_EDGE ( 'NONE', *, *, #1179, .T. ) ;
#2138 = CARTESIAN_POINT ( 'NONE',  ( 0.000000000000000000, -18.92500000000000071, 29.34660000000000224 ) ) ;
#2139 = CARTESIAN_POINT ( 'NONE',  ( -4.566694975053189332, -28.57485613419785153, 23.67330000000000112 ) ) ;
#2140 = ORIENTED_EDGE ( 'NONE', *, *, #491, .T. ) ;
#2141 = CARTESIAN_POINT ( 'NONE',  ( 31.49953064212269993, -9.123258983227399810, 100.7799800330888047 ) ) ;
#2142 = ORIENTED_EDGE ( 'NONE', *, *, #1725, .T. ) ;
#2143 = CARTESIAN_POINT ( 'NONE',  ( -16.33537189659299926, -18.92500000000000071, 29.34660000000000224 ) ) ;
#2144 = CARTESIAN_POINT ( 'NONE',  ( 32.84369342326551333, 4.941351883246735355, 41.06518974990709125 ) ) ;
#2145 = CARTESIAN_POINT ( 'NONE',  ( -24.68772353801634978, 3.941346372611564952, 36.75606008275918413 ) ) ;
#2146 = DIRECTION ( 'NONE',  ( -1.000000000000000000, 0.000000000000000000, 0.000000000000000000 ) ) ;
#2147 = EDGE_CURVE ( 'NONE', #798, #627, #403, .T. ) ;
#2148 = VERTEX_POINT ( 'NONE', #2463 ) ;
#2149 = CYLINDRICAL_SURFACE ( 'NONE', #1031, 2.000000000000001776 ) ;
#2150 = VERTEX_POINT ( 'NONE', #53 ) ;
#2151 = CARTESIAN_POINT ( 'NONE',  ( -11.11698315678654048, 31.62167722859039642, 23.67330000000000112 ) ) ;
#2152 = B_SPLINE_CURVE_WITH_KNOTS ( 'NONE', 3,
 ( #2098, #2041, #1608, #1598 ),
 .UNSPECIFIED., .F., .F.,
 ( 4, 4 ),
 ( 0.000000000000000000, 1.000000000000000000 ),
 .UNSPECIFIED. ) ;
#2153 = CARTESIAN_POINT ( 'NONE',  ( -20.51781598297269937, -27.57635388629675433, 44.34660000000000224 ) ) ;
#2154 = ORIENTED_EDGE ( 'NONE', *, *, #1442, .T. ) ;
#2155 = LINE ( 'NONE', #1232, #1764 ) ;
#2156 = VERTEX_POINT ( 'NONE', #494 ) ;
#2157 = CARTESIAN_POINT ( 'NONE',  ( -19.11554482885830097, 32.10561773054909906, 23.67330000000000112 ) ) ;
#2158 = CARTESIAN_POINT ( 'NONE',  ( -18.50623130772489944, 18.26251359438200339, 44.34660000000000224 ) ) ;
#2159 = VERTEX_POINT ( 'NONE', #26 ) ;
#2160 = DIRECTION ( 'NONE',  ( 0.000000000000000000, 0.000000000000000000, -1.000000000000000000 ) ) ;
#2161 = CARTESIAN_POINT ( 'NONE',  ( -25.00000000000000000, 29.62801061847325101, 34.00994999999999635 ) ) ;
#2162 = ADVANCED_FACE ( 'NONE', ( #16, #1816, #250, #1973, #450 ), #911, .F. ) ;
#2163 = CARTESIAN_POINT ( 'NONE',  ( 27.34535500161775090, -16.42924875012179697, 44.34660000000000224 ) ) ;
#2164 = VERTEX_POINT ( 'NONE', #1759 ) ;
#2165 = EDGE_LOOP ( 'NONE', ( #2216, #2015, #2803, #2364 ) ) ;
#2166 = CARTESIAN_POINT ( 'NONE',  ( 32.58597011917780151, 6.123499723239490322, 44.34660000000000224 ) ) ;
#2167 = CARTESIAN_POINT ( 'NONE',  ( 26.41966940503960259, -17.46874034848145030, 44.34660600000004393 ) ) ;
#2168 = CARTESIAN_POINT ( 'NONE',  ( -25.00000000000000000, -24.48926873945140059, 44.34660000000000224 ) ) ;
#2169 = VECTOR ( 'NONE', #2361, 1000.000000000000000 ) ;
#2170 = CARTESIAN_POINT ( 'NONE',  ( 26.80971112803435119, -17.04601620600070078, 23.67330000000000112 ) ) ;
#2171 = CIRCLE ( 'NONE', #800, 3.499999999999999556 ) ;
#2172 = ORIENTED_EDGE ( 'NONE', *, *, #2408, .F. ) ;
#2173 = DIRECTION ( 'NONE',  ( 0.000000000000000000, 0.000000000000000000, 1.000000000000000000 ) ) ;
#2174 = ORIENTED_EDGE ( 'NONE', *, *, #667, .F. ) ;
#2175 = CARTESIAN_POINT ( 'NONE',  ( -6.009170802798559308, 30.77178726845355072, 23.67330000000000112 ) ) ;
#2176 = AXIS2_PLACEMENT_3D ( 'NONE', #1378, #1224, #1824 ) ;
#2177 = AXIS2_PLACEMENT_3D ( 'NONE', #2850, #2770, #1324 ) ;
#2178 = CARTESIAN_POINT ( 'NONE',  ( -8.571884053103319800, -28.67667776740814745, 23.67330000000000112 ) ) ;
#2179 = EDGE_LOOP ( 'NONE', ( #1989, #1909, #2203, #1137 ) ) ;
#2180 = EDGE_CURVE ( 'NONE', #2744, #2656, #569, .T. ) ;
#2181 = ADVANCED_FACE ( 'NONE', ( #2648 ), #837, .F. ) ;
#2182 = ORIENTED_EDGE ( 'NONE', *, *, #792, .T. ) ;
#2183 = CARTESIAN_POINT ( 'NONE',  ( -24.57881202887603322, 4.569848275698001672, 38.98638011114773860 ) ) ;
#2184 = FACE_OUTER_BOUND ( 'NONE', #1416, .T. ) ;
#2185 = ORIENTED_EDGE ( 'NONE', *, *, #1176, .T. ) ;
#2186 = DIRECTION ( 'NONE',  ( -1.000000000000000000, 0.000000000000000000, 0.000000000000000000 ) ) ;
#2187 = ORIENTED_EDGE ( 'NONE', *, *, #11, .T. ) ;
#2188 = CARTESIAN_POINT ( 'NONE',  ( -4.566694975053189332, -28.57485613419785153, 44.34660000000000224 ) ) ;
#2189 = CARTESIAN_POINT ( 'NONE',  ( -0.01122317321079724026, -28.19763337766629974, 44.34660000000000224 ) ) ;
#2190 = ORIENTED_EDGE ( 'NONE', *, *, #1896, .T. ) ;
#2191 = EDGE_CURVE ( 'NONE', #1025, #1861, #781, .T. ) ;
#2192 = ORIENTED_EDGE ( 'NONE', *, *, #78, .F. ) ;
#2193 = EDGE_CURVE ( 'NONE', #243, #161, #1207, .T. ) ;
#2194 = CARTESIAN_POINT ( 'NONE',  ( 33.14033760737535772, -1.007292769539293031, 38.81884062026600191 ) ) ;
#2195 = CARTESIAN_POINT ( 'NONE',  ( -16.00000000000000000, 22.00000000000000000, 39.84660000000000224 ) ) ;
#2196 = CYLINDRICAL_SURFACE ( 'NONE', #2304, 3.499999999999999556 ) ;
#2197 = ORIENTED_EDGE ( 'NONE', *, *, #2389, .T. ) ;
#2198 = CARTESIAN_POINT ( 'NONE',  ( -25.52625936944955143, -26.41878968415930018, 44.34660000000000224 ) ) ;
#2199 = DIRECTION ( 'NONE',  ( -1.000000000000000000, 0.000000000000000000, 0.000000000000000000 ) ) ;
#2200 = CARTESIAN_POINT ( 'NONE',  ( 33.21646873093265384, 1.224006259131789953, 23.67330000000000112 ) ) ;
#2201 = DIRECTION ( 'NONE',  ( -0.000000000000000000, -0.000000000000000000, -1.000000000000000000 ) ) ;
#2202 = ORIENTED_EDGE ( 'NONE', *, *, #851, .F. ) ;
#2203 = ORIENTED_EDGE ( 'NONE', *, *, #1651, .F. ) ;
#2204 = CARTESIAN_POINT ( 'NONE',  ( -24.60199844108390721, 4.443446229719051566, 37.39850569421466275 ) ) ;
#2205 = LINE ( 'NONE', #457, #2724 ) ;
#2206 = EDGE_CURVE ( 'NONE', #798, #412, #1011, .T. ) ;
#2207 = EDGE_CURVE ( 'NONE', #219, #1219, #520, .T. ) ;
#2208 = ORIENTED_EDGE ( 'NONE', *, *, #670, .F. ) ;
#2209 = DIRECTION ( 'NONE',  ( 1.000000000000000000, 0.000000000000000000, 0.000000000000000000 ) ) ;
#2210 = AXIS2_PLACEMENT_3D ( 'NONE', #2617, #1941, #635 ) ;
#2211 = DIRECTION ( 'NONE',  ( -0.000000000000000000, -0.000000000000000000, 1.000000000000000000 ) ) ;
#2212 = CARTESIAN_POINT ( 'NONE',  ( 32.99453402639204569, 4.311108027735025772, 23.67330000000000112 ) ) ;
#2213 = CIRCLE ( 'NONE', #1573, 3.499999999999999556 ) ;
#2214 = VECTOR ( 'NONE', #1375, 1000.000000000000114 ) ;
#2215 = CARTESIAN_POINT ( 'NONE',  ( 23.00000000000000000, -25.00000000000000000, 44.34660000000000224 ) ) ;
#2216 = ORIENTED_EDGE ( 'NONE', *, *, #851, .T. ) ;
#2217 = AXIS2_PLACEMENT_3D ( 'NONE', #336, #99, #309 ) ;
#2218 = CARTESIAN_POINT ( 'NONE',  ( -24.94520465550312238, 1.650818856477225705, 40.24002877121476729 ) ) ;
#2219 = VECTOR ( 'NONE', #1771, 1000.000000000000000 ) ;
#2220 = VECTOR ( 'NONE', #2136, 1000.000000000000000 ) ;
#2221 = VECTOR ( 'NONE', #2438, 1000.000000000000000 ) ;
#2222 = ORIENTED_EDGE ( 'NONE', *, *, #866, .F. ) ;
#2223 = CARTESIAN_POINT ( 'NONE',  ( 16.00000000000000000, 22.00000000000000000, 44.34660000000000224 ) ) ;
#2224 = CARTESIAN_POINT ( 'NONE',  ( 43.00000000000000000, 2.569370939510924767, 41.94660000000000366 ) ) ;
#2225 = CARTESIAN_POINT ( 'NONE',  ( -24.76546643586022256, 3.416509521254104342, 40.26823782327307555 ) ) ;
#2226 = CARTESIAN_POINT ( 'NONE',  ( 31.26711575337315452, -9.798915334481970163, 23.67330000000000112 ) ) ;
#2227 = VERTEX_POINT ( 'NONE', #551 ) ;
#2228 = DIRECTION ( 'NONE',  ( -1.000000000000000000, 0.000000000000000000, 0.000000000000000000 ) ) ;
#2229 = EDGE_CURVE ( 'NONE', #2656, #2765, #1425, .T. ) ;
#2230 = DIRECTION ( 'NONE',  ( -1.000000000000000000, 0.000000000000000000, 0.000000000000000000 ) ) ;
#2231 = CARTESIAN_POINT ( 'NONE',  ( 31.79366844841930728, 8.491423007462151062, 44.34660000000000224 ) ) ;
#2232 = CARTESIAN_POINT ( 'NONE',  ( 14.32836158215960154, 18.92500000000000071, 39.84660000000000224 ) ) ;
#2233 = ORIENTED_EDGE ( 'NONE', *, *, #2180, .T. ) ;
#2234 = CARTESIAN_POINT ( 'NONE',  ( -24.97034054170821094, 1.216234688985390999, 39.95291474019315103 ) ) ;
#2235 = ORIENTED_EDGE ( 'NONE', *, *, #1022, .F. ) ;
#2236 = DIRECTION ( 'NONE',  ( 0.000000000000000000, 0.000000000000000000, -1.000000000000000000 ) ) ;
#2237 =( NAMED_UNIT ( * ) PLANE_ANGLE_UNIT ( ) SI_UNIT ( $, .RADIAN. ) );
#2238 = CARTESIAN_POINT ( 'NONE',  ( -24.74489613723755355, 3.563923060778145135, 40.19686415664543233 ) ) ;
#2239 = FACE_OUTER_BOUND ( 'NONE', #2179, .T. ) ;
#2240 = ORIENTED_EDGE ( 'NONE', *, *, #1839, .T. ) ;
#2241 = CARTESIAN_POINT ( 'NONE',  ( -14.00000000000000000, -22.00000000000000000, 23.67330000000000112 ) ) ;
#2242 = DIRECTION ( 'NONE',  ( -0.000000000000000000, -0.000000000000000000, -1.000000000000000000 ) ) ;
#2243 = DIRECTION ( 'NONE',  ( 0.000000000000000000, 0.000000000000000000, -1.000000000000000000 ) ) ;
#2244 = CARTESIAN_POINT ( 'NONE',  ( 29.49659718231504968, -13.50947481216980073, 44.34660000000000224 ) ) ;
#2245 = ORIENTED_EDGE ( 'NONE', *, *, #1090, .T. ) ;
#2246 = CARTESIAN_POINT ( 'NONE',  ( -24.89517650261602100, 2.302628499351581315, 40.44660000000001077 ) ) ;
#2247 = ADVANCED_FACE ( 'NONE', ( #1630, #347 ), #2298, .T. ) ;
#2248 = ORIENTED_EDGE ( 'NONE', *, *, #452, .F. ) ;
#2249 = FACE_OUTER_BOUND ( 'NONE', #2678, .T. ) ;
#2250 = PLANE ( 'NONE',  #335 ) ;
#2251 = DIRECTION ( 'NONE',  ( -1.000000000000000000, 0.000000000000000000, 0.000000000000000000 ) ) ;
#2252 = ORIENTED_EDGE ( 'NONE', *, *, #2351, .T. ) ;
#2253 = CARTESIAN_POINT ( 'NONE',  ( -18.00000000000000000, -22.00000000000000000, 39.84660000000000224 ) ) ;
#2254 = CARTESIAN_POINT ( 'NONE',  ( -27.00000000000000000, 29.62801061847325101, 44.34660000000000224 ) ) ;
#2255 = DIRECTION ( 'NONE',  ( 0.000000000000000000, 0.000000000000000000, -1.000000000000000000 ) ) ;
#2256 = CARTESIAN_POINT ( 'NONE',  ( 2.914629178498965079, -27.89188949329000167, 100.7799800330888047 ) ) ;
#2257 = ORIENTED_EDGE ( 'NONE', *, *, #12, .F. ) ;
#2258 = CARTESIAN_POINT ( 'NONE',  ( -24.99558792594405787, 0.4696717155659328458, 38.69110094231982799 ) ) ;
#2259 = AXIS2_PLACEMENT_3D ( 'NONE', #1641, #2548, #1454 ) ;
#2260 = AXIS2_PLACEMENT_3D ( 'NONE', #1893, #1466, #821 ) ;
#2261 = VECTOR ( 'NONE', #527, 999.9999999999998863 ) ;
#2262 = ORIENTED_EDGE ( 'NONE', *, *, #2052, .T. ) ;
#2263 = ADVANCED_FACE ( 'NONE', ( #2044 ), #2087, .F. ) ;
#2264 = ADVANCED_FACE ( 'NONE', ( #797 ), #2272, .F. ) ;
#2265 = AXIS2_PLACEMENT_3D ( 'NONE', #393, #1717, #1518 ) ;
#2266 = VECTOR ( 'NONE', #2467, 1000.000000000000000 ) ;
#2267 = CARTESIAN_POINT ( 'NONE',  ( 16.00000000000000000, -22.00000000000000000, 44.34660000000000224 ) ) ;
#2268 = CARTESIAN_POINT ( 'NONE',  ( 24.65414903132127833, 4.144327887025177404, 36.95664368570239589 ) ) ;
#2269 = CARTESIAN_POINT ( 'NONE',  ( 30.16266723475535017, -12.34731768105494076, 23.67330000000000112 ) ) ;
#2270 = CARTESIAN_POINT ( 'NONE',  ( 24.95315112838964922, 1.526904232527800831, 36.51830971031323259 ) ) ;
#2271 = CARTESIAN_POINT ( 'NONE',  ( 23.00000000000000000, -21.00000000000000000, 44.34660000000000224 ) ) ;
#2272 = CYLINDRICAL_SURFACE ( 'NONE', #1805, 2.099999999999997868 ) ;
#2273 = ORIENTED_EDGE ( 'NONE', *, *, #2193, .F. ) ;
#2274 = FACE_OUTER_BOUND ( 'NONE', #176, .T. ) ;
#2275 = CARTESIAN_POINT ( 'NONE',  ( 32.94110966828255016, -3.112630546899405104, 23.67330000000000112 ) ) ;
#2276 = ORIENTED_EDGE ( 'NONE', *, *, #900, .T. ) ;
#2277 = EDGE_CURVE ( 'NONE', #400, #641, #1870, .T. ) ;
#2278 = DIRECTION ( 'NONE',  ( -1.000000000000000000, 0.000000000000000000, 0.000000000000000000 ) ) ;
#2279 = DIRECTION ( 'NONE',  ( -1.000000000000000000, 0.000000000000000000, 0.000000000000000000 ) ) ;
#2280 = CARTESIAN_POINT ( 'NONE',  ( 24.67001478570490036, 4.048505337750385458, 39.83729178821666039 ) ) ;
#2281 = EDGE_CURVE ( 'NONE', #1048, #1071, #2737, .T. ) ;
#2282 = DIRECTION ( 'NONE',  ( -1.000000000000000000, 0.000000000000000000, 0.000000000000000000 ) ) ;
#2283 = DIRECTION ( 'NONE',  ( 0.000000000000000000, 0.000000000000000000, 1.000000000000000000 ) ) ;
#2284 = DIRECTION ( 'NONE',  ( -1.000000000000000000, 0.000000000000000000, 0.000000000000000000 ) ) ;
#2285 = LINE ( 'NONE', #566, #248 ) ;
#2286 = ORIENTED_EDGE ( 'NONE', *, *, #2147, .T. ) ;
#2287 = PLANE ( 'NONE',  #849 ) ;
#2288 = LINE ( 'NONE', #2104, #2400 ) ;
#2289 = ORIENTED_EDGE ( 'NONE', *, *, #792, .F. ) ;
#2290 = CARTESIAN_POINT ( 'NONE',  ( -14.00000000000000000, -22.00000000000000000, 43.84660000000000224 ) ) ;
#2291 = CARTESIAN_POINT ( 'NONE',  ( 23.00000000000000000, -21.00000000000000000, 44.34660000000000224 ) ) ;
#2292 = CARTESIAN_POINT ( 'NONE',  ( 24.58953156771432447, 4.511645444742841349, 37.54808461803650488 ) ) ;
#2293 = CARTESIAN_POINT ( 'NONE',  ( -16.00000000000000000, 22.00000000000000000, 39.84660000000000224 ) ) ;
#2294 = EDGE_CURVE ( 'NONE', #1173, #1167, #2406, .T. ) ;
#2295 = CARTESIAN_POINT ( 'NONE',  ( 24.97236427977948381, 1.174946198855719492, 36.77569422867834703 ) ) ;
#2296 = CARTESIAN_POINT ( 'NONE',  ( 27.84460052283565190, 14.77409737210581930, 23.67330000000000112 ) ) ;
#2297 = EDGE_CURVE ( 'NONE', #2148, #1742, #1857, .T. ) ;
#2298 = PLANE ( 'NONE',  #846 ) ;
#2299 = ORIENTED_EDGE ( 'NONE', *, *, #2336, .T. ) ;
#2300 = DIRECTION ( 'NONE',  ( 1.000000000000000000, -0.000000000000000000, -0.000000000000000000 ) ) ;
#2301 = DIRECTION ( 'NONE',  ( -0.7071067811865460184, 0.000000000000000000, 0.7071067811865489050 ) ) ;
#2302 = ORIENTED_EDGE ( 'NONE', *, *, #2706, .T. ) ;
#2303 = AXIS2_PLACEMENT_3D ( 'NONE', #1916, #1930, #2793 ) ;
#2304 = AXIS2_PLACEMENT_3D ( 'NONE', #1148, #2021, #228 ) ;
#2305 = AXIS2_PLACEMENT_3D ( 'NONE', #2028, #913, #84 ) ;
#2306 = LINE ( 'NONE', #2141, #854 ) ;
#2307 = VERTEX_POINT ( 'NONE', #1612 ) ;
#2308 = DIRECTION ( 'NONE',  ( 0.000000000000000000, -1.000000000000000000, 0.000000000000000000 ) ) ;
#2309 = CARTESIAN_POINT ( 'NONE',  ( 24.56004433685497190, 4.669502272738848880, 38.21492726472831691 ) ) ;
#2310 = AXIS2_PLACEMENT_3D ( 'NONE', #954, #2472, #1984 ) ;
#2311 = VECTOR ( 'NONE', #976, 1000.000000000000000 ) ;
#2312 = CARTESIAN_POINT ( 'NONE',  ( 27.00000000000000000, -16.82910241168850263, 44.34660000000000224 ) ) ;
#2313 = CARTESIAN_POINT ( 'NONE',  ( 16.33537189659299926, -18.92500000000000071, 39.84660000000000224 ) ) ;
#2314 = EDGE_CURVE ( 'NONE', #2105, #2369, #2285, .T. ) ;
#2315 = ADVANCED_FACE ( 'NONE', ( #522 ), #1197, .F. ) ;
#2316 = DIRECTION ( 'NONE',  ( -0.000000000000000000, -0.000000000000000000, -1.000000000000000000 ) ) ;
#2317 = VERTEX_POINT ( 'NONE', #2549 ) ;
#2318 = DIRECTION ( 'NONE',  ( -0.000000000000000000, -0.000000000000000000, -1.000000000000000000 ) ) ;
#2319 = B_SPLINE_CURVE_WITH_KNOTS ( 'NONE', 3,
 ( #471, #445, #2457, #949, #1164, #674, #6, #2655, #2416, #1780, #1320, #894, #934, #1596, #2039 ),
 .UNSPECIFIED., .F., .F.,
 ( 4, 2, 2, 2, 2, 1, 2, 4 ),
 ( 0.02384172895224645136, 0.06250000000000000000, 0.1250000000000000000, 0.2500000000000000000, 0.2812500000000000000, 0.3125000000000000000, 0.3750000000000000000, 0.4257112125360569266 ),
 .UNSPECIFIED. ) ;
#2320 = CARTESIAN_POINT ( 'NONE',  ( 33.17077210164945456, -0.6472892464248969357, 23.67330000000000112 ) ) ;
#2321 = EDGE_LOOP ( 'NONE', ( #1312, #2334, #2286, #1710 ) ) ;
#2322 = DIRECTION ( 'NONE',  ( 0.000000000000000000, 0.000000000000000000, -1.000000000000000000 ) ) ;
#2323 = CARTESIAN_POINT ( 'NONE',  ( 31.00802126143384996, -10.46539076089329967, 23.67330000000000112 ) ) ;
#2324 = B_SPLINE_CURVE_WITH_KNOTS ( 'NONE', 3,
 ( #1680, #2772, #589, #544 ),
 .UNSPECIFIED., .F., .F.,
 ( 4, 4 ),
 ( 0.000000000000000000, 1.000000000000000000 ),
 .UNSPECIFIED. ) ;
#2325 = ORIENTED_EDGE ( 'NONE', *, *, #60, .T. ) ;
#2326 = CARTESIAN_POINT ( 'NONE',  ( -17.97721481938955179, 32.10071412782574640, 44.34660000000000224 ) ) ;
#2327 = CARTESIAN_POINT ( 'NONE',  ( 24.58760630993722174, 4.522134570038749857, 37.57407607045235665 ) ) ;
#2328 = CARTESIAN_POINT ( 'NONE',  ( 24.94526581047889024, 1.649867596698116889, 36.45362115972807260 ) ) ;
#2329 = CARTESIAN_POINT ( 'NONE',  ( 0.000000000000000000, 18.92500000000000071, 39.84660000000000224 ) ) ;
#2330 = DIRECTION ( 'NONE',  ( -1.000000000000000000, 0.000000000000000000, 0.000000000000000000 ) ) ;
#2331 = ORIENTED_EDGE ( 'NONE', *, *, #987, .F. ) ;
#2332 = DIRECTION ( 'NONE',  ( -1.000000000000000000, 0.000000000000000000, 0.000000000000000000 ) ) ;
#2333 = CARTESIAN_POINT ( 'NONE',  ( 16.84175412994574828, 26.42057122832774851, 23.67330000000000112 ) ) ;
#2334 = ORIENTED_EDGE ( 'NONE', *, *, #1616, .T. ) ;
#2335 = CYLINDRICAL_SURFACE ( 'NONE', #249, 3.499999999999999556 ) ;
#2336 = EDGE_CURVE ( 'NONE', #1221, #697, #582, .T. ) ;
#2337 = CARTESIAN_POINT ( 'NONE',  ( -25.30088705433849938, 31.60524782744224837, 44.34660000000000224 ) ) ;
#2338 = ORIENTED_EDGE ( 'NONE', *, *, #2053, .F. ) ;
#2339 = CARTESIAN_POINT ( 'NONE',  ( 33.17077210164945456, -0.6472892464248969357, 44.34660000000000224 ) ) ;
#2340 = CARTESIAN_POINT ( 'NONE',  ( 24.75429102199394649, 3.497129385063970641, 36.46247927170043823 ) ) ;
#2341 = DIRECTION ( 'NONE',  ( -1.000000000000000000, 0.000000000000000000, 0.000000000000000000 ) ) ;
#2342 = DIRECTION ( 'NONE',  ( 0.000000000000000000, 0.000000000000000000, -1.000000000000000000 ) ) ;
#2343 = ORIENTED_EDGE ( 'NONE', *, *, #175, .F. ) ;
#2344 = CARTESIAN_POINT ( 'NONE',  ( -12.50000000000000000, -22.00000000000000000, 44.35160600000005360 ) ) ;
#2345 = ORIENTED_EDGE ( 'NONE', *, *, #829, .T. ) ;
#2346 = CARTESIAN_POINT ( 'NONE',  ( -27.00000000000000000, 29.62801061847325101, 44.34660000000000224 ) ) ;
#2347 = CARTESIAN_POINT ( 'NONE',  ( 16.84175412994574828, 26.42057122832774851, 100.7799800330888047 ) ) ;
#2348 = EDGE_LOOP ( 'NONE', ( #2429, #2830, #1951, #708, #293, #638 ) ) ;
#2349 = CARTESIAN_POINT ( 'NONE',  ( 14.32836158215960154, -18.92500000000000071, 43.34660000000000224 ) ) ;
#2350 = LINE ( 'NONE', #972, #1806 ) ;
#2351 = EDGE_CURVE ( 'NONE', #895, #1145, #1116, .T. ) ;
#2352 = EDGE_CURVE ( 'NONE', #697, #22, #2775, .T. ) ;
#2353 = EDGE_LOOP ( 'NONE', ( #609, #1696, #728, #2381 ) ) ;
#2354 = CARTESIAN_POINT ( 'NONE',  ( 32.02110582145164841, 7.912372816365460082, 44.34660000000000224 ) ) ;
#2355 = CARTESIAN_POINT ( 'NONE',  ( 24.75921238727480755, 3.461875480677326422, 36.44536283786801079 ) ) ;
#2356 = APPLICATION_CONTEXT ( 'automotive_design' ) ;
#2357 = CIRCLE ( 'NONE', #1298, 25.00000000000000000 ) ;
#2358 = AXIS2_PLACEMENT_3D ( 'NONE', #462, #1153, #1570 ) ;
#2359 = CONICAL_SURFACE ( 'NONE', #2495, 4.500000000000000888, 0.7853981633974447263 ) ;
#2360 = ORIENTED_EDGE ( 'NONE', *, *, #1807, .T. ) ;
#2361 = DIRECTION ( 'NONE',  ( 0.000000000000000000, 1.000000000000000000, 0.000000000000000000 ) ) ;
#2362 = AXIS2_PLACEMENT_3D ( 'NONE', #1311, #2657, #1352 ) ;
#2363 = CONICAL_SURFACE ( 'NONE', #659, 4.500000000000000888, 0.7853981633974461696 ) ;
#2364 = ORIENTED_EDGE ( 'NONE', *, *, #1317, .F. ) ;
#2365 = FACE_OUTER_BOUND ( 'NONE', #2797, .T. ) ;
#2366 = AXIS2_PLACEMENT_3D ( 'NONE', #1854, #560, #2084 ) ;
#2367 = CARTESIAN_POINT ( 'NONE',  ( -0.01122317253876252072, -28.19763337759605193, 44.34660000000000224 ) ) ;
#2368 = CARTESIAN_POINT ( 'NONE',  ( 30.16266723475535017, -12.34731768105494076, 44.34660000000000224 ) ) ;
#2369 = VERTEX_POINT ( 'NONE', #2387 ) ;
#2370 = FACE_OUTER_BOUND ( 'NONE', #353, .T. ) ;
#2371 = VERTEX_POINT ( 'NONE', #637 ) ;
#2372 = CARTESIAN_POINT ( 'NONE',  ( 33.12695702659969754, -1.266019180708966241, 44.34660000000000224 ) ) ;
#2373 = CARTESIAN_POINT ( 'NONE',  ( 32.95227999774177619, 4.321132428238493972, 35.19797299236943644 ) ) ;
#2374 = CARTESIAN_POINT ( 'NONE',  ( -24.79602375120720126, 3.186726133496224023, 36.33904431434526572 ) ) ;
#2375 = CARTESIAN_POINT ( 'NONE',  ( 26.41966941699260119, -17.46874033573750040, 44.34660000000000224 ) ) ;
#2376 = EDGE_CURVE ( 'NONE', #22, #454, #1239, .T. ) ;
#2377 = DIRECTION ( 'NONE',  ( 0.000000000000000000, 0.000000000000000000, 1.000000000000000000 ) ) ;
#2378 = ORIENTED_EDGE ( 'NONE', *, *, #2604, .T. ) ;
#2379 = FACE_OUTER_BOUND ( 'NONE', #2348, .T. ) ;
#2380 = CARTESIAN_POINT ( 'NONE',  ( 0.000000000000000000, 0.000000000000000000, 43.34660000000000224 ) ) ;
#2381 = ORIENTED_EDGE ( 'NONE', *, *, #2845, .F. ) ;
#2382 = ORIENTED_EDGE ( 'NONE', *, *, #564, .T. ) ;
#2383 = CARTESIAN_POINT ( 'NONE',  ( 31.90589347597725478, -7.941917517478880306, 44.34660000000000224 ) ) ;
#2384 = CARTESIAN_POINT ( 'NONE',  ( 32.94437774701014376, 4.373662724546207414, 41.47130645235451851 ) ) ;
#2385 = DIRECTION ( 'NONE',  ( 0.000000000000000000, 0.000000000000000000, 1.000000000000000000 ) ) ;
#2386 = CARTESIAN_POINT ( 'NONE',  ( 0.000000000000000000, 0.000000000000000000, 44.34660000000000224 ) ) ;
#2387 = CARTESIAN_POINT ( 'NONE',  ( 19.46353513461075124, 24.87296438740840188, 23.67330000000000112 ) ) ;
#2388 = EDGE_CURVE ( 'NONE', #2624, #1462, #1852, .T. ) ;
#2389 = EDGE_CURVE ( 'NONE', #1296, #433, #140, .T. ) ;
#2390 = EDGE_LOOP ( 'NONE', ( #1648, #1447, #2006, #874, #341, #1385, #2644, #1112, #1333, #54, #1576, #1603, #885, #2423, #2417, #671, #1510, #1472 ) ) ;
#2391 = DIRECTION ( 'NONE',  ( -1.000000000000000000, 0.000000000000000000, 0.000000000000000000 ) ) ;
#2392 = DIRECTION ( 'NONE',  ( -1.000000000000000000, 0.000000000000000000, 0.000000000000000000 ) ) ;
#2393 = ORIENTED_EDGE ( 'NONE', *, *, #1862, .F. ) ;
#2394 = ORIENTED_EDGE ( 'NONE', *, *, #369, .F. ) ;
#2395 = CARTESIAN_POINT ( 'NONE',  ( 33.20608726263412791, 1.410777287343177866, 41.76321323054938972 ) ) ;
#2396 = CARTESIAN_POINT ( 'NONE',  ( -24.66963150256137283, 4.050837783681211945, 36.85822619658681276 ) ) ;
#2397 = VECTOR ( 'NONE', #92, 1000.000000000000000 ) ;
#2398 = DIRECTION ( 'NONE',  ( 0.000000000000000000, 0.000000000000000000, -1.000000000000000000 ) ) ;
#2399 = CIRCLE ( 'NONE', #2769, 3.499999999999999556 ) ;
#2400 = VECTOR ( 'NONE', #2301, 1000.000000000000114 ) ;
#2401 = VECTOR ( 'NONE', #68, 1000.000000000000114 ) ;
#2402 = ORIENTED_EDGE ( 'NONE', *, *, #1106, .F. ) ;
#2403 = CARTESIAN_POINT ( 'NONE',  ( 33.21646873093265384, 2.569370939510919438, 38.34660000000000224 ) ) ;
#2404 = VERTEX_POINT ( 'NONE', #2826 ) ;
#2405 = LINE ( 'NONE', #448, #242 ) ;
#2406 = CIRCLE ( 'NONE', #1947, 3.499999999999999556 ) ;
#2407 = AXIS2_PLACEMENT_3D ( 'NONE', #588, #1244, #1034 ) ;
#2408 = EDGE_CURVE ( 'NONE', #2449, #2744, #1917, .T. ) ;
#2409 = EDGE_CURVE ( 'NONE', #681, #454, #2134, .T. ) ;
#2410 = CARTESIAN_POINT ( 'NONE',  ( -2.160471582971510429, -28.40595766257710153, 23.67330000000000112 ) ) ;
#2411 = VERTEX_POINT ( 'NONE', #2782 ) ;
#2412 = ADVANCED_FACE ( 'NONE', ( #812 ), #1688, .F. ) ;
#2413 = VERTEX_POINT ( 'NONE', #1471 ) ;
#2414 = CARTESIAN_POINT ( 'NONE',  ( 33.20064476405795517, 0.1910050577653366888, 41.05938624050709507 ) ) ;
#2415 = CARTESIAN_POINT ( 'NONE',  ( -24.71180455974352697, 3.788868708400109586, 40.05760262478674605 ) ) ;
#2416 = CARTESIAN_POINT ( 'NONE',  ( -9.912385890910259789, -28.66226373003700090, 23.67330000000000112 ) ) ;
#2417 = ORIENTED_EDGE ( 'NONE', *, *, #1741, .F. ) ;
#2418 = FACE_OUTER_BOUND ( 'NONE', #1326, .T. ) ;
#2419 = CARTESIAN_POINT ( 'NONE',  ( -1.084943194320533877, -28.30983429914985194, 44.34660000000000224 ) ) ;
#2420 = DIRECTION ( 'NONE',  ( -0.9823491618506143830, 0.1870564733212820574, 0.000000000000000000 ) ) ;
#2421 = CARTESIAN_POINT ( 'NONE',  ( 14.00000000000000000, 22.00000000000000000, 43.84660000000000224 ) ) ;
#2422 = ORIENTED_EDGE ( 'NONE', *, *, #2650, .T. ) ;
#2423 = ORIENTED_EDGE ( 'NONE', *, *, #2474, .F. ) ;
#2424 = EDGE_CURVE ( 'NONE', #2105, #422, #2809, .T. ) ;
#2425 = EDGE_CURVE ( 'NONE', #22, #2592, #1960, .T. ) ;
#2426 = CARTESIAN_POINT ( 'NONE',  ( 33.21058145231766190, 0.7661485661436614469, 41.47144621194925662 ) ) ;
#2427 = PRESENTATION_STYLE_ASSIGNMENT (( #2642 ) ) ;
#2428 = DIRECTION ( 'NONE',  ( -0.000000000000000000, -0.000000000000000000, -1.000000000000000000 ) ) ;
#2429 = ORIENTED_EDGE ( 'NONE', *, *, #1369, .T. ) ;
#2430 = CARTESIAN_POINT ( 'NONE',  ( 16.00000000000000000, -22.00000000000000000, 39.84660000000000224 ) ) ;
#2431 = FACE_OUTER_BOUND ( 'NONE', #1043, .T. ) ;
#2432 = CARTESIAN_POINT ( 'NONE',  ( 33.14368103542800270, 3.085007375945164831, 44.34660000000000224 ) ) ;
#2433 = PLANE ( 'NONE',  #2358 ) ;
#2434 = ORIENTED_EDGE ( 'NONE', *, *, #1157, .T. ) ;
#2435 = CARTESIAN_POINT ( 'NONE',  ( -24.99559890396704986, 0.4690717727868676246, 38.00577579230242264 ) ) ;
#2436 = EDGE_LOOP ( 'NONE', ( #114, #2 ) ) ;
#2437 = ADVANCED_FACE ( 'NONE', ( #375 ), #2149, .T. ) ;
#2438 = DIRECTION ( 'NONE',  ( 0.000000000000000000, 0.000000000000000000, 1.000000000000000000 ) ) ;
#2439 =( LENGTH_UNIT ( ) NAMED_UNIT ( * ) SI_UNIT ( .MILLI., .METRE. ) );
#2440 = CARTESIAN_POINT ( 'NONE',  ( -24.59858847563922524, 4.462252089982241543, 39.26400750230430958 ) ) ;
#2441 = CARTESIAN_POINT ( 'NONE',  ( 24.86761614982820134, 2.569370939510924767, 40.44659999999999656 ) ) ;
#2442 = VERTEX_POINT ( 'NONE', #173 ) ;
#2443 = DIRECTION ( 'NONE',  ( -0.000000000000000000, -0.000000000000000000, 1.000000000000000000 ) ) ;
#2444 = AXIS2_PLACEMENT_3D ( 'NONE', #2113, #138, #2284 ) ;
#2445 = PLANE ( 'NONE',  #1578 ) ;
#2446 = CARTESIAN_POINT ( 'NONE',  ( 33.15210637881514799, 2.569370939510919438, 34.74660000000000082 ) ) ;
#2447 = AXIS2_PLACEMENT_3D ( 'NONE', #2478, #1800, #1372 ) ;
#2448 = LINE ( 'NONE', #2215, #1492 ) ;
#2449 = VERTEX_POINT ( 'NONE', #2595 ) ;
#2450 = VECTOR ( 'NONE', #1753, 1000.000000000000114 ) ;
#2451 = CARTESIAN_POINT ( 'NONE',  ( -24.97715052188761220, 1.068609835851540124, 36.87765775043060756 ) ) ;
#2452 = CIRCLE ( 'NONE', #2822, 9.999999999999998224 ) ;
#2453 = CIRCLE ( 'NONE', #712, 25.00000000000000000 ) ;
#2454 = EDGE_LOOP ( 'NONE', ( #73, #364, #2577, #2557 ) ) ;
#2455 = CARTESIAN_POINT ( 'NONE',  ( 24.98721012306747724, 0.7963381793793046226, 39.47838681654921089 ) ) ;
#2456 = CARTESIAN_POINT ( 'NONE',  ( -24.66936019515704714, 4.052489085159733939, 39.83332832692848058 ) ) ;
#2457 = CARTESIAN_POINT ( 'NONE',  ( -23.92683359061519965, -26.83680893979234838, 23.67330000000000112 ) ) ;
#2458 = ORIENTED_EDGE ( 'NONE', *, *, #931, .F. ) ;
#2459 = PLANE ( 'NONE',  #936 ) ;
#2460 = ADVANCED_FACE ( 'NONE', ( #1255 ), #2607, .F. ) ;
#2461 = PLANE ( 'NONE',  #2310 ) ;
#2462 = CARTESIAN_POINT ( 'NONE',  ( -0.01122317253876252072, -28.19763337759605193, 23.67330000000000112 ) ) ;
#2463 = CARTESIAN_POINT ( 'NONE',  ( -27.00000000000000000, -24.48926873945140059, 44.34660000000000224 ) ) ;
#2464 = ORIENTED_EDGE ( 'NONE', *, *, #756, .T. ) ;
#2465 = CARTESIAN_POINT ( 'NONE',  ( -16.00000000000000000, -22.00000000000000000, 39.84660000000000224 ) ) ;
#2466 = ORIENTED_EDGE ( 'NONE', *, *, #2207, .F. ) ;
#2467 = DIRECTION ( 'NONE',  ( 0.000000000000000000, 0.000000000000000000, -1.000000000000000000 ) ) ;
#2468 = CARTESIAN_POINT ( 'NONE',  ( -24.63650383031847468, 4.248477791166309636, 39.60989936438417658 ) ) ;
#2469 = DIRECTION ( 'NONE',  ( -1.000000000000000000, 0.000000000000000000, 0.000000000000000000 ) ) ;
#2470 = ORIENTED_EDGE ( 'NONE', *, *, #300, .F. ) ;
#2471 = DIRECTION ( 'NONE',  ( -1.000000000000000000, 0.000000000000000000, 0.000000000000000000 ) ) ;
#2472 = DIRECTION ( 'NONE',  ( 0.000000000000000000, -0.7071067811865400232, 0.7071067811865550112 ) ) ;
#2473 = CARTESIAN_POINT ( 'NONE',  ( 32.22828070034920245, -6.745790692963719692, 44.34660000000000224 ) ) ;
#2474 = EDGE_CURVE ( 'NONE', #1371, #361, #162, .T. ) ;
#2475 = ADVANCED_FACE ( 'NONE', ( #2365 ), #103, .F. ) ;
#2476 = CARTESIAN_POINT ( 'NONE',  ( 30.71523765055459876, -11.11718253966864012, 44.34660000000000224 ) ) ;
#2477 = VERTEX_POINT ( 'NONE', #626 ) ;
#2478 = CARTESIAN_POINT ( 'NONE',  ( 16.00000000000000000, -22.00000000000000000, 39.84660000000000224 ) ) ;
#2479 = ORIENTED_EDGE ( 'NONE', *, *, #866, .T. ) ;
#2480 = CARTESIAN_POINT ( 'NONE',  ( -16.00000000000000000, 22.00000000000000000, 44.35160600000005360 ) ) ;
#2481 = B_SPLINE_SURFACE_WITH_KNOTS ( 'NONE', 3, 1, ( 
 ( #678, #724 ),
 ( #2692, #1601 ),
 ( #2473, #289 ),
 ( #898, #2043 ),
 ( #69, #1827 ),
 ( #2704, #1611 ),
 ( #2486, #1555 ),
 ( #519, #1355 ),
 ( #479, #2200 ),
 ( #2432, #1783 ),
 ( #461, #2212 ),
 ( #247, #2000 ),
 ( #25, #910 ),
 ( #693, #1569 ),
 ( #2231, #123 ),
 ( #748, #2100 ),
 ( #1024, #996 ),
 ( #2086, #2056 ),
 ( #1685, #1902 ),
 ( #1628, #2561 ),
 ( #346, #2296 ),
 ( #359, #2780 ),
 ( #1195, #1226 ),
 ( #1424, #550 ) ),
 .UNSPECIFIED., .F., .F., .F.,
 ( 4, 2, 2, 2, 2, 2, 2, 2, 2, 2, 2, 4 ),
 ( 2, 2 ),
 ( 0.000000000000000000, 0.1249999999999988065, 0.2499999999999975020, 0.3125000000000000000, 0.3750000000000000000, 0.5000000000000000000, 0.5625000000000000000, 0.6250000000000000000, 0.7500000000000000000, 0.8125000000000000000, 0.8750000000000000000, 0.8790351828085160024 ),
 ( 0.000000000000000000, 1.000000000000000000 ),
 .UNSPECIFIED. ) ;
#2482 = CARTESIAN_POINT ( 'NONE',  ( -6.009170802798569966, 30.77178726845355072, 44.34660000000000224 ) ) ;
#2483 = CARTESIAN_POINT ( 'NONE',  ( 24.59138910753263829, 4.501512540952758989, 39.16933126082416550 ) ) ;
#2484 = CARTESIAN_POINT ( 'NONE',  ( 33.15210637881514799, 2.569370939510919438, 34.74660000000000082 ) ) ;
#2485 = CARTESIAN_POINT ( 'NONE',  ( 2.914629178498965079, -27.89188949329000167, 44.34660000000000224 ) ) ;
#2486 = CARTESIAN_POINT ( 'NONE',  ( 33.17077210164945456, -0.6472892464248969357, 44.34660000000000224 ) ) ;
#2487 = CARTESIAN_POINT ( 'NONE',  ( 0.000000000000000000, -18.92500000000000071, 43.34660000000000224 ) ) ;
#2488 = ORIENTED_EDGE ( 'NONE', *, *, #2845, .T. ) ;
#2489 = CARTESIAN_POINT ( 'NONE',  ( -24.97659330816066614, 1.081571472835925585, 36.86454999019674261 ) ) ;
#2490 = CIRCLE ( 'NONE', #194, 2.099999999999997868 ) ;
#2491 = ADVANCED_FACE ( 'NONE', ( #187 ), #408, .T. ) ;
#2492 = STYLED_ITEM ( 'NONE', ( #2427 ), #96 ) ;
#2493 = CARTESIAN_POINT ( 'NONE',  ( 33.12695702659969754, -1.266019180708966241, 23.67330000000000112 ) ) ;
#2494 = AXIS2_PLACEMENT_3D ( 'NONE', #740, #1428, #2723 ) ;
#2495 = AXIS2_PLACEMENT_3D ( 'NONE', #769, #2103, #2332 ) ;
#2496 = ORIENTED_EDGE ( 'NONE', *, *, #440, .F. ) ;
#2497 = EDGE_CURVE ( 'NONE', #211, #1288, #825, .T. ) ;
#2498 = VECTOR ( 'NONE', #2186, 1000.000000000000000 ) ;
#2499 = FACE_OUTER_BOUND ( 'NONE', #839, .T. ) ;
#2500 = AXIS2_PLACEMENT_3D ( 'NONE', #1626, #744, #2529 ) ;
#2501 = CARTESIAN_POINT ( 'NONE',  ( 24.67238046280336761, 4.034197991664414396, 39.85138294332403319 ) ) ;
#2502 = DIRECTION ( 'NONE',  ( -0.000000000000000000, -0.000000000000000000, 1.000000000000000000 ) ) ;
#2503 = CARTESIAN_POINT ( 'NONE',  ( -16.00000000000000000, -22.00000000000000000, 23.67330000000000112 ) ) ;
#2504 = CARTESIAN_POINT ( 'NONE',  ( 16.00000000000000000, 22.00000000000000000, 44.35160600000005360 ) ) ;
#2505 = DIRECTION ( 'NONE',  ( 0.000000000000000000, 0.000000000000000000, 1.000000000000000000 ) ) ;
#2506 = ORIENTED_EDGE ( 'NONE', *, *, #1442, .F. ) ;
#2507 = CARTESIAN_POINT ( 'NONE',  ( 16.00000000000000000, 22.00000000000000000, 39.84660000000000224 ) ) ;
#2508 = CARTESIAN_POINT ( 'NONE',  ( 31.79366844841930728, 8.491423007462151062, 23.67330000000000112 ) ) ;
#2509 = EDGE_LOOP ( 'NONE', ( #2551, #1289 ) ) ;
#2510 = LINE ( 'NONE', #130, #1904 ) ;
#2511 = ADVANCED_FACE ( 'NONE', ( #1066 ), #608, .T. ) ;
#2512 = ADVANCED_FACE ( 'NONE', ( #35, #1970 ), #10, .F. ) ;
#2513 = DIRECTION ( 'NONE',  ( -1.000000000000000000, -0.000000000000000000, -0.000000000000000000 ) ) ;
#2514 = CARTESIAN_POINT ( 'NONE',  ( 24.60214157774855437, 4.442654206531194028, 39.29625808366097317 ) ) ;
#2515 = CARTESIAN_POINT ( 'NONE',  ( 31.49953064212269993, -9.123258983227399810, 23.67330000000000112 ) ) ;
#2516 = DIRECTION ( 'NONE',  ( -0.000000000000000000, -0.000000000000000000, 1.000000000000000000 ) ) ;
#2517 = LINE ( 'NONE', #2807, #286 ) ;
#2518 = DIRECTION ( 'NONE',  ( -1.000000000000000000, 0.000000000000000000, 0.000000000000000000 ) ) ;
#2519 = EDGE_LOOP ( 'NONE', ( #943, #2172, #652, #111 ) ) ;
#2520 = DIRECTION ( 'NONE',  ( 1.000000000000000000, 0.000000000000000000, 0.000000000000000000 ) ) ;
#2521 = CARTESIAN_POINT ( 'NONE',  ( 32.58597011917780151, 6.123499723239490322, 23.67330000000000112 ) ) ;
#2522 = VERTEX_POINT ( 'NONE', #2198 ) ;
#2523 = DIRECTION ( 'NONE',  ( -1.000000000000000000, 2.664535259100375303E-15, 0.000000000000000000 ) ) ;
#2524 = EDGE_LOOP ( 'NONE', ( #1310, #484, #1201, #2707 ) ) ;
#2525 = CARTESIAN_POINT ( 'NONE',  ( 24.63615803532445625, 4.251038366132596558, 39.61185360407708345 ) ) ;
#2526 = ADVANCED_FACE ( 'NONE', ( #691 ), #2690, .T. ) ;
#2527 = B_SPLINE_CURVE_WITH_KNOTS ( 'NONE', 3,
 ( #2441, #763, #578, #2051, #743, #357, #2746, #2111, #1204, #777, #1007, #1822, #533, #1834, #76, #1408, #1650, #1622, #993, #135, #2501, #106, #1866, #2280, #1419, #1638, #790, #2525, #1452, #559, #2514, #1392, #961, #546, #2483, #2712, #2699, #1432, #2309, #731, #343, #1607, #1223, #2097, #313, #2327, #1191, #2292, #1236, #2064, #89, #514, #120, #2268, #2080, #1881, #2758, #302, #974, #1850, #2732, #1178, #1663, #325, #2545, #2126, #2340, #2355, #2776, #1482, #809, #371, #2819, #2602, #1291 ),
 .UNSPECIFIED., .F., .F.,
 ( 4, 2, 2, 2, 1, 1, 2, 2, 2, 2, 2, 1, 1, 1, 2, 2, 2, 2, 1, 1, 2, 2, 2, 2, 2, 1, 1, 2, 2, 2, 2, 1, 1, 1, 1, 2, 2, 2, 2, 2, 1, 1, 2, 2, 4 ),
 ( 0.000000000000000000, 0.06249999999993817446, 0.09374999999990699107, 0.1093749999998913924, 0.1171874999998840511, 0.1210937499998802902, 0.1230468749998784167, 0.1249999999998765432, 0.1874999999998177846, 0.2187499999997874200, 0.2343749999997725708, 0.2421874999997670752, 0.2460937499997645495, 0.2480468749997661593, 0.2490234374997669364, 0.2499999999997677413, 0.3124999999998989142, 0.3437499999999645284, 0.3593749999999974465, 0.3671875000000138223, 0.3710937500000220934, 0.3750000000000303646, 0.5000000000002418066, 0.5625000000003474998, 0.5937500000004003464, 0.6093750000004281020, 0.6171875000004420908, 0.6210937500004489742, 0.6250000000004558576, 0.6875000000005362377, 0.7187500000005777601, 0.7343750000005985212, 0.7421875000006087353, 0.7460937500006127321, 0.7480468750006149525, 0.7490234375006150636, 0.7500000000006151746, 0.8125000000004714007, 0.8437500000004001244, 0.8593750000003644862, 0.8671875000003466116, 0.8710937500003378409, 0.8730468750003332890, 0.8750000000003288481, 1.000000000000000000 ),
 .UNSPECIFIED. ) ;
#2528 = EDGE_CURVE ( 'NONE', #2040, #613, #230, .T. ) ;
#2529 = DIRECTION ( 'NONE',  ( -1.000000000000000000, 0.000000000000000000, 0.000000000000000000 ) ) ;
#2530 = CARTESIAN_POINT ( 'NONE',  ( 16.33537189659299926, -18.92500000000000071, 29.34660000000000224 ) ) ;
#2531 = CARTESIAN_POINT ( 'NONE',  ( -18.50623130772489944, -18.26251359438200339, 44.34660000000000224 ) ) ;
#2532 = DIRECTION ( 'NONE',  ( 0.000000000000000000, 0.000000000000000000, 1.000000000000000000 ) ) ;
#2533 = VERTEX_POINT ( 'NONE', #1998 ) ;
#2534 = CARTESIAN_POINT ( 'NONE',  ( 0.000000000000000000, -18.92500000000000071, 29.34660000000000224 ) ) ;
#2535 = CARTESIAN_POINT ( 'NONE',  ( 28.24408614471535017, 14.29723533705070082, 23.67330000000000112 ) ) ;
#2536 = ORIENTED_EDGE ( 'NONE', *, *, #1599, .F. ) ;
#2537 = CIRCLE ( 'NONE', #1433, 2.000000000000001776 ) ;
#2538 = CIRCLE ( 'NONE', #7, 3.499999999999999556 ) ;
#2539 = CARTESIAN_POINT ( 'NONE',  ( -16.00000000000000000, 22.00000000000000000, 44.35160600000005360 ) ) ;
#2540 = AXIS2_PLACEMENT_3D ( 'NONE', #1104, #500, #257 ) ;
#2541 = CONICAL_SURFACE ( 'NONE', #617, 4.500000000000000888, 0.7853981633974461696 ) ;
#2542 = CARTESIAN_POINT ( 'NONE',  ( -11.11698315678654048, 31.62167722859039642, 44.34660000000000224 ) ) ;
#2543 = ORIENTED_EDGE ( 'NONE', *, *, #2779, .F. ) ;
#2544 = CIRCLE ( 'NONE', #1305, 25.00000000000000000 ) ;
#2545 = CARTESIAN_POINT ( 'NONE',  ( 24.73868659149026783, 3.607199344946620201, 36.52041104825689644 ) ) ;
#2546 = CIRCLE ( 'NONE', #611, 2.000000000000000000 ) ;
#2547 = CARTESIAN_POINT ( 'NONE',  ( -16.00000000000000000, -22.00000000000000000, 43.84660000000000224 ) ) ;
#2548 = DIRECTION ( 'NONE',  ( -0.000000000000000000, -0.000000000000000000, -1.000000000000000000 ) ) ;
#2549 = CARTESIAN_POINT ( 'NONE',  ( 12.50000000000000000, -22.00000000000000000, 39.84660000000000224 ) ) ;
#2550 = ADVANCED_FACE ( 'NONE', ( #447 ), #23, .F. ) ;
#2551 = ORIENTED_EDGE ( 'NONE', *, *, #735, .F. ) ;
#2552 = DIRECTION ( 'NONE',  ( -0.7071067811865510144, 0.000000000000000000, 0.7071067811865441310 ) ) ;
#2553 = CARTESIAN_POINT ( 'NONE',  ( -11.50000000000000000, 22.00000000000000000, 44.34660000000000224 ) ) ;
#2554 = ORIENTED_EDGE ( 'NONE', *, *, #1754, .T. ) ;
#2555 = FACE_OUTER_BOUND ( 'NONE', #1920, .T. ) ;
#2556 = CARTESIAN_POINT ( 'NONE',  ( -6.009170802798559308, 30.77178726845355072, 44.34660000000000224 ) ) ;
#2557 = ORIENTED_EDGE ( 'NONE', *, *, #2636, .F. ) ;
#2558 = CARTESIAN_POINT ( 'NONE',  ( -14.32836158215960154, -18.92500000000000071, 43.34660000000000224 ) ) ;
#2559 = CARTESIAN_POINT ( 'NONE',  ( 32.77536491782942818, 5.279565347059811842, 40.72815668904872410 ) ) ;
#2560 = CARTESIAN_POINT ( 'NONE',  ( -24.80970961942111686, 3.078583142911778481, 36.30789158581007570 ) ) ;
#2561 = CARTESIAN_POINT ( 'NONE',  ( 28.24408614471535017, 14.29723533705070082, 23.67330000000000112 ) ) ;
#2562 = ORIENTED_EDGE ( 'NONE', *, *, #116, .F. ) ;
#2563 = CARTESIAN_POINT ( 'NONE',  ( 0.000000000000000000, -25.00000000000000000, 0.000000000000000000 ) ) ;
#2564 = DIRECTION ( 'NONE',  ( -0.000000000000000000, 1.000000000000000000, 0.000000000000000000 ) ) ;
#2565 = ADVANCED_FACE ( 'NONE', ( #896 ), #2459, .F. ) ;
#2566 = ADVANCED_FACE ( 'NONE', ( #1124 ), #1076, .F. ) ;
#2567 = CARTESIAN_POINT ( 'NONE',  ( 16.33537189659299926, -18.92500000000000071, 29.34660000000000224 ) ) ;
#2568 = VERTEX_POINT ( 'NONE', #908 ) ;
#2569 = DIRECTION ( 'NONE',  ( 0.000000000000000000, 0.000000000000000000, 1.000000000000000000 ) ) ;
#2570 = CARTESIAN_POINT ( 'NONE',  ( 0.000000000000000000, 0.000000000000000000, 44.34660000000000224 ) ) ;
#2571 = ORIENTED_EDGE ( 'NONE', *, *, #1933, .T. ) ;
#2572 = DIRECTION ( 'NONE',  ( 0.000000000000000000, 0.000000000000000000, 1.000000000000000000 ) ) ;
#2573 = CARTESIAN_POINT ( 'NONE',  ( 32.74284931255240139, 5.427201795587506261, 36.15328970401992592 ) ) ;
#2574 = CARTESIAN_POINT ( 'NONE',  ( -24.77408729921282671, 3.353292599614881908, 36.39839763113936044 ) ) ;
#2575 = DIRECTION ( 'NONE',  ( 1.000000000000000000, 0.000000000000000000, 0.000000000000000000 ) ) ;
#2576 = CARTESIAN_POINT ( 'NONE',  ( 26.75572015696459971, 16.05782374672634916, 34.00994999999999635 ) ) ;
#2577 = ORIENTED_EDGE ( 'NONE', *, *, #1548, .F. ) ;
#2578 = CARTESIAN_POINT ( 'NONE',  ( 27.35106753030325066, 15.32798099358105048, 44.34660000000000224 ) ) ;
#2579 = DIRECTION ( 'NONE',  ( -0.000000000000000000, -0.000000000000000000, 1.000000000000000000 ) ) ;
#2580 = EDGE_LOOP ( 'NONE', ( #1969, #1316, #1479, #2032 ) ) ;
#2581 = EDGE_CURVE ( 'NONE', #683, #435, #1763, .T. ) ;
#2582 = DIRECTION ( 'NONE',  ( 0.000000000000000000, -1.000000000000000000, 0.000000000000000000 ) ) ;
#2583 = AXIS2_PLACEMENT_3D ( 'NONE', #185, #1065, #2575 ) ;
#2584 = ORIENTED_EDGE ( 'NONE', *, *, #2409, .T. ) ;
#2585 = EDGE_CURVE ( 'NONE', #938, #1823, #1720, .T. ) ;
#2586 = CARTESIAN_POINT ( 'NONE',  ( -26.00000000000000000, 0.000000000000000000, 44.34660000000000224 ) ) ;
#2587 = CARTESIAN_POINT ( 'NONE',  ( 32.87766977652847800, 4.761384927639573661, 41.21266909202153528 ) ) ;
#2588 = VECTOR ( 'NONE', #1456, 1000.000000000000000 ) ;
#2589 = AXIS2_PLACEMENT_3D ( 'NONE', #1697, #2572, #483 ) ;
#2590 = CONICAL_SURFACE ( 'NONE', #1163, 4.500000000000000888, 0.7853981633974461696 ) ;
#2591 = AXIS2_PLACEMENT_3D ( 'NONE', #1946, #1962, #1814 ) ;
#2592 = VERTEX_POINT ( 'NONE', #490 ) ;
#2593 = CARTESIAN_POINT ( 'NONE',  ( -12.50000000000000000, 22.00000000000000000, 44.35160600000005360 ) ) ;
#2594 = VECTOR ( 'NONE', #323, 1000.000000000000000 ) ;
#2595 = CARTESIAN_POINT ( 'NONE',  ( -16.73007488475495208, 18.57699099290550038, 39.84660000000000224 ) ) ;
#2596 = ORIENTED_EDGE ( 'NONE', *, *, #1635, .T. ) ;
#2597 = CARTESIAN_POINT ( 'NONE',  ( -6.564521939387550020, -28.66815379725795410, 44.34660000000000224 ) ) ;
#2598 = CARTESIAN_POINT ( 'NONE',  ( -0.01122317321079724026, -28.19763337766629974, 23.67330000000000112 ) ) ;
#2599 = ORIENTED_EDGE ( 'NONE', *, *, #2603, .T. ) ;
#2600 = ORIENTED_EDGE ( 'NONE', *, *, #1125, .F. ) ;
#2601 = CARTESIAN_POINT ( 'NONE',  ( 31.49953064212265019, -9.123258983227399810, 44.34660000000000224 ) ) ;
#2602 = CARTESIAN_POINT ( 'NONE',  ( 24.84450382138483704, 2.793063246145373046, 36.24660000000001503 ) ) ;
#2603 = EDGE_CURVE ( 'NONE', #540, #655, #939, .T. ) ;
#2604 = EDGE_CURVE ( 'NONE', #1450, #1184, #891, .T. ) ;
#2605 = CYLINDRICAL_SURFACE ( 'NONE', #1987, 2.000000000000000000 ) ;
#2606 = DIRECTION ( 'NONE',  ( 1.000000000000000000, 0.000000000000000000, 0.000000000000000000 ) ) ;
#2607 = CYLINDRICAL_SURFACE ( 'NONE', #294, 3.599999999999999201 ) ;
#2608 = ORIENTED_EDGE ( 'NONE', *, *, #1789, .T. ) ;
#2609 = CARTESIAN_POINT ( 'NONE',  ( 16.00000000000000000, -22.00000000000000000, 44.34660000000000224 ) ) ;
#2610 = CARTESIAN_POINT ( 'NONE',  ( 29.49659718231504968, -13.50947481216980073, 44.34660000000000224 ) ) ;
#2611 = ORIENTED_EDGE ( 'NONE', *, *, #278, .T. ) ;
#2612 = VERTEX_POINT ( 'NONE', #259 ) ;
#2613 = CARTESIAN_POINT ( 'NONE',  ( -24.96619802364292795, 1.297647240958403003, 40.01920810195701250 ) ) ;
#2614 = LINE ( 'NONE', #2224, #58 ) ;
#2615 = DIRECTION ( 'NONE',  ( 1.000000000000000000, 0.000000000000000000, 0.000000000000000000 ) ) ;
#2616 = PRODUCT_DEFINITION ( 'General', '', #297, #1455 ) ;
#2617 = CARTESIAN_POINT ( 'NONE',  ( 0.000000000000000000, 0.000000000000000000, 43.34660000000000224 ) ) ;
#2618 = EDGE_CURVE ( 'NONE', #2150, #2371, #1138, .T. ) ;
#2619 = DIRECTION ( 'NONE',  ( 0.000000000000000000, -1.000000000000000000, 0.000000000000000000 ) ) ;
#2620 = VERTEX_POINT ( 'NONE', #1982 ) ;
#2621 = CYLINDRICAL_SURFACE ( 'NONE', #1212, 3.499999999999999556 ) ;
#2622 = CARTESIAN_POINT ( 'NONE',  ( -6.564521939387550020, -28.66815379725795410, 23.67330000000000112 ) ) ;
#2623 = ORIENTED_EDGE ( 'NONE', *, *, #1691, .T. ) ;
#2624 = VERTEX_POINT ( 'NONE', #2241 ) ;
#2625 = CARTESIAN_POINT ( 'NONE',  ( -16.00000000000000000, -22.00000000000000000, 39.84660000000000224 ) ) ;
#2626 = DIRECTION ( 'NONE',  ( 1.000000000000000000, 0.000000000000000000, 0.000000000000000000 ) ) ;
#2627 = VECTOR ( 'NONE', #2385, 1000.000000000000000 ) ;
#2628 = AXIS2_PLACEMENT_3D ( 'NONE', #2026, #2003, #713 ) ;
#2629 = AXIS2_PLACEMENT_3D ( 'NONE', #1588, #2211, #677 ) ;
#2630 = VERTEX_POINT ( 'NONE', #1334 ) ;
#2631 = CARTESIAN_POINT ( 'NONE',  ( -19.50000000000000000, 22.00000000000000000, 43.34660000000000224 ) ) ;
#2632 = CARTESIAN_POINT ( 'NONE',  ( 34.79371007828129336, 22.00683358238899956, 44.34660000000000224 ) ) ;
#2633 = CARTESIAN_POINT ( 'NONE',  ( 0.000000000000000000, -18.92500000000000071, 39.84660000000000224 ) ) ;
#2634 = AXIS2_PLACEMENT_3D ( 'NONE', #2430, #1567, #2011 ) ;
#2635 = AXIS2_PLACEMENT_3D ( 'NONE', #2267, #299, #485 ) ;
#2636 = EDGE_CURVE ( 'NONE', #1025, #2823, #709, .T. ) ;
#2637 = EDGE_CURVE ( 'NONE', #1067, #804, #2023, .T. ) ;
#2638 = CARTESIAN_POINT ( 'NONE',  ( 27.94337670250145322, -15.70286844048355057, 23.67330000000000112 ) ) ;
#2639 = ORIENTED_EDGE ( 'NONE', *, *, #131, .F. ) ;
#2640 = ORIENTED_EDGE ( 'NONE', *, *, #1158, .F. ) ;
#2641 = FACE_OUTER_BOUND ( 'NONE', #720, .T. ) ;
#2642 = SURFACE_STYLE_USAGE ( .BOTH. , #4 ) ;
#2643 = CARTESIAN_POINT ( 'NONE',  ( 19.35582820835224993, -25.00000000000000000, 44.34660000000000224 ) ) ;
#2644 = ORIENTED_EDGE ( 'NONE', *, *, #1933, .F. ) ;
#2645 = CARTESIAN_POINT ( 'NONE',  ( 5.444201052617740011, 28.59086481225135046, 23.67330000000000112 ) ) ;
#2646 = DIRECTION ( 'NONE',  ( 0.000000000000000000, 0.000000000000000000, -1.000000000000000000 ) ) ;
#2647 = CARTESIAN_POINT ( 'NONE',  ( 16.00000000000000000, 22.00000000000000000, 44.34660000000000224 ) ) ;
#2648 = FACE_OUTER_BOUND ( 'NONE', #1997, .T. ) ;
#2649 = ORIENTED_EDGE ( 'NONE', *, *, #60, .F. ) ;
#2650 = EDGE_CURVE ( 'NONE', #1889, #2533, #879, .T. ) ;
#2651 = ORIENTED_EDGE ( 'NONE', *, *, #245, .F. ) ;
#2652 = CARTESIAN_POINT ( 'NONE',  ( 24.95433539021490787, 1.522644216340427459, 40.18774008265668840 ) ) ;
#2653 = CARTESIAN_POINT ( 'NONE',  ( 33.15139082425309169, -0.8474962277612402284, 39.50464403061229035 ) ) ;
#2654 = CARTESIAN_POINT ( 'NONE',  ( -24.68625907164859967, 3.952448563436935736, 39.93276375182598770 ) ) ;
#2655 = CARTESIAN_POINT ( 'NONE',  ( -10.58419611424949913, -28.64496310071275076, 23.67330000000000112 ) ) ;
#2656 = VERTEX_POINT ( 'NONE', #2631 ) ;
#2657 = DIRECTION ( 'NONE',  ( -0.000000000000000000, -0.000000000000000000, 1.000000000000000000 ) ) ;
#2658 = DIRECTION ( 'NONE',  ( -1.000000000000000000, 0.000000000000000000, 0.000000000000000000 ) ) ;
#2659 = DIRECTION ( 'NONE',  ( 1.000000000000000000, 0.000000000000000000, 0.000000000000000000 ) ) ;
#2660 = DIRECTION ( 'NONE',  ( 0.000000000000000000, 0.000000000000000000, -1.000000000000000000 ) ) ;
#2661 = EDGE_LOOP ( 'NONE', ( #1858, #489 ) ) ;
#2662 = DIRECTION ( 'NONE',  ( -0.000000000000000000, -0.000000000000000000, -1.000000000000000000 ) ) ;
#2663 = ORIENTED_EDGE ( 'NONE', *, *, #1042, .T. ) ;
#2664 = DIRECTION ( 'NONE',  ( 0.000000000000000000, 0.000000000000000000, -1.000000000000000000 ) ) ;
#2665 = EDGE_CURVE ( 'NONE', #2411, #243, #706, .T. ) ;
#2666 = CARTESIAN_POINT ( 'NONE',  ( -16.00000000000000000, -22.00000000000000000, 44.34660000000000224 ) ) ;
#2667 = CARTESIAN_POINT ( 'NONE',  ( -24.60945787525477257, 4.402943555160174327, 39.37953355000421141 ) ) ;
#2668 = DIRECTION ( 'NONE',  ( -0.7071067811865450192, 0.000000000000000000, 0.7071067811865500152 ) ) ;
#2669 = ORIENTED_EDGE ( 'NONE', *, *, #1709, .F. ) ;
#2670 = DIRECTION ( 'NONE',  ( -0.000000000000000000, 1.000000000000000000, 0.000000000000000000 ) ) ;
#2671 = AXIS2_PLACEMENT_3D ( 'NONE', #2674, #1380, #37 ) ;
#2672 = AXIS2_PLACEMENT_3D ( 'NONE', #2291, #948, #2308 ) ;
#2673 = CYLINDRICAL_SURFACE ( 'NONE', #1077, 2.099999999999997868 ) ;
#2674 = CARTESIAN_POINT ( 'NONE',  ( 0.000000000000000000, 0.000000000000000000, 43.34660000000000224 ) ) ;
#2675 = AXIS2_PLACEMENT_3D ( 'NONE', #1633, #970, #770 ) ;
#2676 = CLOSED_SHELL ( 'NONE', ( #263, #174, #1196, #2264, #1966, #1213, #453, #2831, #561, #2475, #1353, #239, #1330, #1421, #365, #581, #967, #1776, #636, #1670, #950, #1773, #988, #899, #1271, #2512, #190, #1708, #420, #1686, #2565, #2315, #1285, #1585, #42, #1420, #2162, #2412, #2511, #529, #1549, #722, #2129, #1480, #2526, #2070, #2036, #1406, #2181, #1074, #213, #2491, #1246, #1268, #2091, #331, #301, #2263, #1559, #2247, #132, #773, #1615, #1980, #2687, #1384, #2566, #279, #2688, #828, #2437, #1002, #736, #2550, #2460 ) ) ;
#2677 = CARTESIAN_POINT ( 'NONE',  ( 27.17401628193630359, -16.63074566780750274, 44.34660000000000224 ) ) ;
#2678 = EDGE_LOOP ( 'NONE', ( #1294, #971, #385, #1457 ) ) ;
#2679 = AXIS2_PLACEMENT_3D ( 'NONE', #306, #1841, #2716 ) ;
#2680 = CARTESIAN_POINT ( 'NONE',  ( -24.97581134332650521, 1.099462393961371687, 39.84639606864949002 ) ) ;
#2681 = CIRCLE ( 'NONE', #1440, 2.000000000000001776 ) ;
#2682 = AXIS2_PLACEMENT_3D ( 'NONE', #255, #1791, #486 ) ;
#2683 = ORIENTED_EDGE ( 'NONE', *, *, #530, .T. ) ;
#2684 = CARTESIAN_POINT ( 'NONE',  ( 24.96774339170422508, 1.285200214785880757, 40.03200616123870503 ) ) ;
#2685 = CARTESIAN_POINT ( 'NONE',  ( -24.86761614982820134, 2.569370939510924767, 40.44659999999999656 ) ) ;
#2686 = CARTESIAN_POINT ( 'NONE',  ( 14.32836158215960154, -18.92500000000000071, 39.84660000000000224 ) ) ;
#2687 = ADVANCED_FACE ( 'NONE', ( #2418 ), #1180, .T. ) ;
#2688 = ADVANCED_FACE ( 'NONE', ( #1206 ), #1671, .F. ) ;
#2689 = ORIENTED_EDGE ( 'NONE', *, *, #1616, .F. ) ;
#2690 = CYLINDRICAL_SURFACE ( 'NONE', #1992, 4.500000000000000888 ) ;
#2691 = LINE ( 'NONE', #2254, #1436 ) ;
#2692 = CARTESIAN_POINT ( 'NONE',  ( 31.90589347597725478, -7.941917517478880306, 44.34660000000000224 ) ) ;
#2693 = CARTESIAN_POINT ( 'NONE',  ( 30.16266723475535017, -12.34731768105494076, 44.34660000000000224 ) ) ;
#2694 = VERTEX_POINT ( 'NONE', #2515 ) ;
#2695 = CARTESIAN_POINT ( 'NONE',  ( -24.97439515522415121, 1.131117095482711665, 39.87694875661600946 ) ) ;
#2696 = VERTEX_POINT ( 'NONE', #1882 ) ;
#2697 = CARTESIAN_POINT ( 'NONE',  ( 24.97913364121663449, 1.021055643320927464, 39.76575166557002916 ) ) ;
#2698 = FACE_OUTER_BOUND ( 'NONE', #1522, .T. ) ;
#2699 = CARTESIAN_POINT ( 'NONE',  ( 24.57019996632056191, 4.617117500209367620, 38.89242816748961218 ) ) ;
#2700 = CARTESIAN_POINT ( 'NONE',  ( 27.00000000065424999, -16.82910241168850263, 23.67330000000000112 ) ) ;
#2701 = EDGE_CURVE ( 'NONE', #2411, #1787, #285, .T. ) ;
#2702 = EDGE_CURVE ( 'NONE', #1787, #2117, #2544, .T. ) ;
#2703 = DIRECTION ( 'NONE',  ( 0.000000000000000000, 0.000000000000000000, 1.000000000000000000 ) ) ;
#2704 = CARTESIAN_POINT ( 'NONE',  ( 33.12695702659969754, -1.266019180708966241, 44.34660000000000224 ) ) ;
#2705 = DIRECTION ( 'NONE',  ( 1.000000000000000000, 0.000000000000000000, 0.000000000000000000 ) ) ;
#2706 = EDGE_CURVE ( 'NONE', #223, #1475, #55, .T. ) ;
#2707 = ORIENTED_EDGE ( 'NONE', *, *, #78, .T. ) ;
#2708 = CARTESIAN_POINT ( 'NONE',  ( -24.97783239813564293, 1.052517720917075739, 36.89420100726535878 ) ) ;
#2709 = ORIENTED_EDGE ( 'NONE', *, *, #2130, .T. ) ;
#2710 = DIRECTION ( 'NONE',  ( 1.000000000000000000, 0.000000000000000000, 0.000000000000000000 ) ) ;
#2711 = CARTESIAN_POINT ( 'NONE',  ( 29.00000000000000000, 2.569370939510919438, 38.34660000000000224 ) ) ;
#2712 = CARTESIAN_POINT ( 'NONE',  ( 24.59094345062656473, 4.503943909399620082, 39.16361084175693463 ) ) ;
#2713 = CARTESIAN_POINT ( 'NONE',  ( 26.41966940503960259, -17.46874034848145030, 44.34660600000004393 ) ) ;
#2714 = DIRECTION ( 'NONE',  ( 1.000000000000000000, 0.000000000000000000, 0.000000000000000000 ) ) ;
#2715 = DIRECTION ( 'NONE',  ( -1.000000000000000000, 0.000000000000000000, 0.000000000000000000 ) ) ;
#2716 = DIRECTION ( 'NONE',  ( -1.000000000000000000, 0.000000000000000000, 0.000000000000000000 ) ) ;
#2717 = EDGE_LOOP ( 'NONE', ( #831, #1262, #1377, #814 ) ) ;
#2718 = FACE_OUTER_BOUND ( 'NONE', #276, .T. ) ;
#2719 = CIRCLE ( 'NONE', #1846, 26.00000000000000000 ) ;
#2720 = AXIS2_PLACEMENT_3D ( 'NONE', #1292, #810, #643 ) ;
#2721 = EDGE_CURVE ( 'NONE', #2568, #880, #2065, .T. ) ;
#2722 = EDGE_CURVE ( 'NONE', #2088, #863, #157, .T. ) ;
#2723 = DIRECTION ( 'NONE',  ( -1.000000000000000000, 0.000000000000000000, 0.000000000000000000 ) ) ;
#2724 = VECTOR ( 'NONE', #2668, 1000.000000000000000 ) ;
#2725 = VECTOR ( 'NONE', #2552, 999.9999999999998863 ) ;
#2726 = ORIENTED_EDGE ( 'NONE', *, *, #774, .F. ) ;
#2727 = B_SPLINE_CURVE_WITH_KNOTS ( 'NONE', 3,
 ( #2484, #121, #1008, #67, #515, #2054, #2112, #1082, #1928, #1063, #1483, #1956, #1468, #136, #1898, #1346, #2194, #890, #2653, #428, #687, #2414, #1134, #2426, #226, #2395, #1766, #1563, #1188, #443 ),
 .UNSPECIFIED., .F., .F.,
 ( 4, 2, 2, 2, 2, 2, 2, 2, 2, 2, 2, 2, 2, 2, 4 ),
 ( 0.000000000000000000, 0.06250000000000011102, 0.1250000000000002776, 0.1875000000000004441, 0.2500000000000006106, 0.3750000000000009992, 0.4375000000000011657, 0.5000000000000013323, 0.5625000000000014433, 0.6250000000000015543, 0.7500000000000018874, 0.8125000000000014433, 0.8750000000000009992, 0.9375000000000005551, 1.000000000000000000 ),
 .UNSPECIFIED. ) ;
#2728 = AXIS2_PLACEMENT_3D ( 'NONE', #459, #2443, #2228 ) ;
#2729 = CIRCLE ( 'NONE', #986, 26.00000000000000000 ) ;
#2730 = DIRECTION ( 'NONE',  ( 0.000000000000000000, 0.000000000000000000, -1.000000000000000000 ) ) ;
#2731 = DIRECTION ( 'NONE',  ( -1.000000000000000000, 0.000000000000000000, 0.000000000000000000 ) ) ;
#2732 = CARTESIAN_POINT ( 'NONE',  ( 24.67493117128185887, 4.018579139256921451, 36.82603006197811624 ) ) ;
#2733 = CARTESIAN_POINT ( 'NONE',  ( 26.61622491805349711, -17.25917897865095085, 44.34660000000000224 ) ) ;
#2734 = B_SPLINE_CURVE_WITH_KNOTS ( 'NONE', 3,
 ( #378, #872, #2163, #830, #192, #2610, #2368, #1494 ),
 .UNSPECIFIED., .F., .F.,
 ( 4, 2, 2, 4 ),
 ( 0.8939838897278989949, 0.9062500000000000000, 0.9375000000000000000, 1.000000000000000000 ),
 .UNSPECIFIED. ) ;
#2735 = CARTESIAN_POINT ( 'NONE',  ( 24.91806473538730415, 2.031364336173384633, 36.29819329150434015 ) ) ;
#2736 = CARTESIAN_POINT ( 'NONE',  ( -20.50000000000000000, 22.00000000000000000, 44.34660000000000224 ) ) ;
#2737 = LINE ( 'NONE', #70, #802 ) ;
#2738 = ORIENTED_EDGE ( 'NONE', *, *, #1667, .T. ) ;
#2739 = CARTESIAN_POINT ( 'NONE',  ( 31.49953064212265019, -9.123258983227399810, 44.34660000000000224 ) ) ;
#2740 = CARTESIAN_POINT ( 'NONE',  ( 32.99919046660198774, 4.006811599225016174, 35.04548535280237331 ) ) ;
#2741 = ORIENTED_EDGE ( 'NONE', *, *, #2474, .T. ) ;
#2742 = EDGE_CURVE ( 'NONE', #34, #2227, #1675, .T. ) ;
#2743 = CARTESIAN_POINT ( 'NONE',  ( -23.62726538338614546, 31.85993203648185101, 44.34660000000000224 ) ) ;
#2744 = VERTEX_POINT ( 'NONE', #732 ) ;
#2745 = CARTESIAN_POINT ( 'NONE',  ( -5.719848629351219849, 30.71669526296260244, 23.67330000000000112 ) ) ;
#2746 = CARTESIAN_POINT ( 'NONE',  ( 24.79143068810661532, 3.222430827690019761, 40.34285576807681650 ) ) ;
#2747 = DIRECTION ( 'NONE',  ( -0.000000000000000000, -0.000000000000000000, 1.000000000000000000 ) ) ;
#2748 = DIRECTION ( 'NONE',  ( 1.000000000000000000, 0.000000000000000000, 0.000000000000000000 ) ) ;
#2749 = CARTESIAN_POINT ( 'NONE',  ( -16.00000000000000000, 22.00000000000000000, 39.84660000000000224 ) ) ;
#2750 = VERTEX_POINT ( 'NONE', #2253 ) ;
#2751 = DIRECTION ( 'NONE',  ( -1.000000000000000000, 0.000000000000000000, 0.000000000000000000 ) ) ;
#2752 = CARTESIAN_POINT ( 'NONE',  ( -12.00695917877114027, 19.92499999999999716, 44.34660000000000224 ) ) ;
#2753 = ORIENTED_EDGE ( 'NONE', *, *, #2742, .F. ) ;
#2754 = CYLINDRICAL_SURFACE ( 'NONE', #1853, 2.099999999999997868 ) ;
#2755 = CARTESIAN_POINT ( 'NONE',  ( 16.33537189659299926, 18.92500000000000071, 29.34660000000000224 ) ) ;
#2756 = EDGE_LOOP ( 'NONE', ( #442, #2302, #775, #1785 ) ) ;
#2757 = CARTESIAN_POINT ( 'NONE',  ( -14.54537912483742090, 31.94217336102300209, 44.34660000000000224 ) ) ;
#2758 = CARTESIAN_POINT ( 'NONE',  ( 24.66735788975490706, 4.064664890472611702, 36.87210472846262377 ) ) ;
#2759 = APPLICATION_CONTEXT ( 'automotive_design' ) ;
#2760 = EDGE_CURVE ( 'NONE', #361, #2010, #757, .T. ) ;
#2761 = CARTESIAN_POINT ( 'NONE',  ( 27.17401622579140152, -16.63074573383475041, 23.67330000000000112 ) ) ;
#2762 = FACE_OUTER_BOUND ( 'NONE', #18, .T. ) ;
#2763 = CARTESIAN_POINT ( 'NONE',  ( -16.00000000000000000, 22.00000000000000000, 43.34660000000000224 ) ) ;
#2764 = DIRECTION ( 'NONE',  ( 0.000000000000000000, 0.000000000000000000, -1.000000000000000000 ) ) ;
#2765 = VERTEX_POINT ( 'NONE', #1639 ) ;
#2766 = CARTESIAN_POINT ( 'NONE',  ( 30.71523765055459876, -11.11718253966864012, 44.34660000000000224 ) ) ;
#2767 = CARTESIAN_POINT ( 'NONE',  ( 27.84460052283565190, 14.77409737210581930, 23.67330000000000112 ) ) ;
#2768 = EDGE_LOOP ( 'NONE', ( #1975, #1812, #229, #1817, #3, #1701 ) ) ;
#2769 = AXIS2_PLACEMENT_3D ( 'NONE', #992, #63, #730 ) ;
#2770 = DIRECTION ( 'NONE',  ( 0.000000000000000000, 0.000000000000000000, -1.000000000000000000 ) ) ;
#2771 = AXIS2_PLACEMENT_3D ( 'NONE', #246, #2242, #1126 ) ;
#2772 = CARTESIAN_POINT ( 'NONE',  ( 13.55456078103009965, -19.12173234173739900, 43.54333234173739697 ) ) ;
#2773 = EDGE_LOOP ( 'NONE', ( #2801, #2182, #2276, #409 ) ) ;
#2774 = CARTESIAN_POINT ( 'NONE',  ( -21.94317708281490198, 32.01102770988444490, 44.34660000000000224 ) ) ;
#2775 = CIRCLE ( 'NONE', #2679, 3.499999999999999556 ) ;
#2776 = CARTESIAN_POINT ( 'NONE',  ( 24.76518734856195536, 3.418530101817759626, 36.42585511917983609 ) ) ;
#2777 = B_SPLINE_CURVE_WITH_KNOTS ( 'NONE', 3,
 ( #2766, #1427, #1887, #2739 ),
 .UNSPECIFIED., .F., .F.,
 ( 4, 4 ),
 ( 0.000000000000000000, 1.000000000000000000 ),
 .UNSPECIFIED. ) ;
#2778 = CARTESIAN_POINT ( 'NONE',  ( 19.46353513461075124, 24.87296438740840188, -27.00000000000000000 ) ) ;
#2779 = EDGE_CURVE ( 'NONE', #1861, #2150, #429, .T. ) ;
#2780 = CARTESIAN_POINT ( 'NONE',  ( 27.40460623784995065, 15.26820458859164908, 23.67330000000000112 ) ) ;
#2781 = EDGE_CURVE ( 'NONE', #2592, #1288, #662, .T. ) ;
#2782 = CARTESIAN_POINT ( 'NONE',  ( 16.73007488475495208, 18.57699099290550038, 43.34660000000000224 ) ) ;
#2783 = ORIENTED_EDGE ( 'NONE', *, *, #1386, .T. ) ;
#2784 = DIRECTION ( 'NONE',  ( 0.7071067811865460184, 8.659560562354918067E-17, 0.7071067811865489050 ) ) ;
#2785 = DIRECTION ( 'NONE',  ( 0.000000000000000000, 1.000000000000000000, 0.000000000000000000 ) ) ;
#2786 = ORIENTED_EDGE ( 'NONE', *, *, #1284, .F. ) ;
#2787 = DIRECTION ( 'NONE',  ( 0.000000000000000000, 0.000000000000000000, -1.000000000000000000 ) ) ;
#2788 = CARTESIAN_POINT ( 'NONE',  ( 31.49953064212265019, -9.123258983227399810, 44.34660000000000224 ) ) ;
#2789 = ORIENTED_EDGE ( 'NONE', *, *, #1158, .T. ) ;
#2790 = DIRECTION ( 'NONE',  ( 0.000000000000000000, 0.000000000000000000, -1.000000000000000000 ) ) ;
#2791 = CARTESIAN_POINT ( 'NONE',  ( 32.58846108623234272, 6.076604439048409745, 39.28995976849502370 ) ) ;
#2792 = CARTESIAN_POINT ( 'NONE',  ( -18.00000000000000000, 22.00000000000000000, 39.84660000000000224 ) ) ;
#2793 = DIRECTION ( 'NONE',  ( -1.000000000000000000, 0.000000000000000000, 0.000000000000000000 ) ) ;
#2794 = EDGE_CURVE ( 'NONE', #2371, #27, #534, .T. ) ;
#2795 = ORIENTED_EDGE ( 'NONE', *, *, #2001, .F. ) ;
#2796 = DIRECTION ( 'NONE',  ( 0.9945844614297476571, 0.1039314633905385754, 0.000000000000000000 ) ) ;
#2797 = EDGE_LOOP ( 'NONE', ( #1403, #2663, #1656, #482 ) ) ;
#2798 = CARTESIAN_POINT ( 'NONE',  ( -23.92683359061519965, -26.83680893979234838, 44.34660000000000224 ) ) ;
#2799 = EDGE_CURVE ( 'NONE', #2088, #1475, #2152, .T. ) ;
#2800 = FACE_OUTER_BOUND ( 'NONE', #1045, .T. ) ;
#2801 = ORIENTED_EDGE ( 'NONE', *, *, #1405, .F. ) ;
#2802 = DIRECTION ( 'NONE',  ( 1.000000000000000000, 0.000000000000000000, 0.000000000000000000 ) ) ;
#2803 = ORIENTED_EDGE ( 'NONE', *, *, #1157, .F. ) ;
#2804 = CARTESIAN_POINT ( 'NONE',  ( 27.84460052283565190, 14.77409737210581930, 44.34660000000000224 ) ) ;
#2805 = CARTESIAN_POINT ( 'NONE',  ( 32.72730667986699160, 5.497009819651891505, 36.24720813052518764 ) ) ;
#2806 = CARTESIAN_POINT ( 'NONE',  ( -24.67364274003085356, 4.026625751320921154, 36.83448720740855720 ) ) ;
#2807 = CARTESIAN_POINT ( 'NONE',  ( 19.35582820835224993, -25.00000000000000000, 0.000000000000000000 ) ) ;
#2808 = ORIENTED_EDGE ( 'NONE', *, *, #81, .F. ) ;
#2809 = LINE ( 'NONE', #1507, #2079 ) ;
#2810 = EDGE_LOOP ( 'NONE', ( #595, #663, #2832, #1974, #2470 ) ) ;
#2811 = DIRECTION ( 'NONE',  ( -1.000000000000000000, -1.734723475976806700E-15, 0.000000000000000000 ) ) ;
#2812 = CARTESIAN_POINT ( 'NONE',  ( -8.571884053103319800, -28.67667776740814745, 44.34660000000000224 ) ) ;
#2813 = ORIENTED_EDGE ( 'NONE', *, *, #2814, .T. ) ;
#2814 = EDGE_CURVE ( 'NONE', #2750, #1661, #1809, .T. ) ;
#2815 = EDGE_CURVE ( 'NONE', #1364, #1945, #2727, .T. ) ;
#2816 = AXIS2_PLACEMENT_3D ( 'NONE', #2763, #1654, #794 ) ;
#2817 = EDGE_LOOP ( 'NONE', ( #1613, #1586, #2257, #1506 ) ) ;
#2818 = CARTESIAN_POINT ( 'NONE',  ( 33.14368103542800270, 3.085007375945164831, 44.34660000000000224 ) ) ;
#2819 = CARTESIAN_POINT ( 'NONE',  ( 24.81240440104946643, 3.072015103335008046, 36.28165324865317842 ) ) ;
#2820 = VECTOR ( 'NONE', #1768, 1000.000000000000000 ) ;
#2821 = CONICAL_SURFACE ( 'NONE', #1758, 4.500000000000000888, 0.7853981633974433940 ) ;
#2822 = AXIS2_PLACEMENT_3D ( 'NONE', #1826, #1366, #36 ) ;
#2823 = VERTEX_POINT ( 'NONE', #468 ) ;
#2824 = DIRECTION ( 'NONE',  ( -1.000000000000000000, 0.000000000000000000, 0.000000000000000000 ) ) ;
#2825 = VECTOR ( 'NONE', #964, 1000.000000000000000 ) ;
#2826 = CARTESIAN_POINT ( 'NONE',  ( 20.50000000000000000, -22.00000000000000000, 44.34660000000000224 ) ) ;
#2827 = ORIENTED_EDGE ( 'NONE', *, *, #1562, .F. ) ;
#2828 = CARTESIAN_POINT ( 'NONE',  ( -19.11554482885830097, 32.10561773054909906, 23.67330000000000112 ) ) ;
#2829 = CARTESIAN_POINT ( 'NONE',  ( -16.00000000000000000, 22.00000000000000000, 44.34660000000000224 ) ) ;
#2830 = ORIENTED_EDGE ( 'NONE', *, *, #1932, .T. ) ;
#2831 = ADVANCED_FACE ( 'NONE', ( #2641 ), #1629, .F. ) ;
#2832 = ORIENTED_EDGE ( 'NONE', *, *, #314, .F. ) ;
#2833 = CARTESIAN_POINT ( 'NONE',  ( 31.79366844841930728, 8.491423007462151062, 44.34660000000000224 ) ) ;
#2834 = CARTESIAN_POINT ( 'NONE',  ( -24.67074938241247040, 4.044058404920519934, 36.85150268670189888 ) ) ;
#2835 = CARTESIAN_POINT ( 'NONE',  ( -14.00000000000000000, -22.00000000000000000, 39.84660000000000224 ) ) ;
#2836 = VERTEX_POINT ( 'NONE', #1580 ) ;
#2837 = CARTESIAN_POINT ( 'NONE',  ( 0.000000000000000000, 0.000000000000000000, 29.34660000000000224 ) ) ;
#2838 = EDGE_LOOP ( 'NONE', ( #1302, #2378, #144, #2233 ) ) ;
#2839 = FACE_OUTER_BOUND ( 'NONE', #465, .T. ) ;
#2840 = CARTESIAN_POINT ( 'NONE',  ( -20.51781598297269937, -27.57635388629675433, 23.67330000000000112 ) ) ;
#2841 = EDGE_LOOP ( 'NONE', ( #2608, #2360, #2584, #1936 ) ) ;
#2842 = ORIENTED_EDGE ( 'NONE', *, *, #1978, .F. ) ;
#2843 = CARTESIAN_POINT ( 'NONE',  ( -24.56009354067684924, 4.669233991550398422, 38.07828429998071584 ) ) ;
#2844 = CYLINDRICAL_SURFACE ( 'NONE', #698, 25.00000000000000000 ) ;
#2845 = EDGE_CURVE ( 'NONE', #1945, #1618, #2614, .T. ) ;
#2846 = EDGE_LOOP ( 'NONE', ( #598, #959, #2142, #310 ) ) ;
#2847 = CARTESIAN_POINT ( 'NONE',  ( 0.000000000000000000, 0.000000000000000000, 29.34660000000000224 ) ) ;
#2848 = ORIENTED_EDGE ( 'NONE', *, *, #2281, .T. ) ;
#2849 = DIRECTION ( 'NONE',  ( -0.000000000000000000, -0.000000000000000000, 1.000000000000000000 ) ) ;
#2850 = CARTESIAN_POINT ( 'NONE',  ( 16.00000000000000000, 22.00000000000000000, 43.84660000000000224 ) ) ;
ENDSEC;
END-ISO-10303-21;
