ISO-10303-21;
HEADER;
FILE_DESCRIPTION (( 'STEP AP214' ),
    '1' );
FILE_NAME ('MirrorASV1_500_09A.step.STEP',
    '2026-08-01T06:59:38',
    ( '' ),
    ( '' ),
    'SwSTEP 2.0',
    'SolidWorks 2025',
    '' );
FILE_SCHEMA (( 'AUTOMOTIVE_DESIGN' ));
ENDSEC;

DATA;
#1 = DIRECTION ( 'NONE',  ( -0.9594079804610310402, 0.2820218555851407571, 0.000000000000000000 ) ) ;
#2 = ORIENTED_EDGE ( 'NONE', *, *, #2556, .T. ) ;
#3 = CARTESIAN_POINT ( 'NONE',  ( 34.68113535668555159, 167.5328514825789910, -503.9982684545129814 ) ) ;
#4 = ORIENTED_EDGE ( 'NONE', *, *, #1035, .T. ) ;
#5 = DIRECTION ( 'NONE',  ( -0.2820218555851405351, -0.9594079804610311513, 5.551115123125791330E-17 ) ) ;
#6 = CARTESIAN_POINT ( 'NONE',  ( 63.38095626687429984, 144.2539365653606183, -503.9982684545129814 ) ) ;
#7 = VERTEX_POINT ( 'NONE', #556 ) ;
#8 = DIRECTION ( 'NONE',  ( 1.968327990612039750E-16, 0.000000000000000000, 1.000000000000000000 ) ) ;
#9 = AXIS2_PLACEMENT_3D ( 'NONE', #1511, #1131, #1785 ) ;
#10 = EDGE_LOOP ( 'NONE', ( #1445, #2085, #2130, #1528 ) ) ;
#11 = CONICAL_SURFACE ( 'NONE', #2452, 10.99999999999999822, 0.7853981633974786991 ) ;
#12 = DIRECTION ( 'NONE',  ( 0.9594079804610295970, -0.2820218555851451980, 0.000000000000000000 ) ) ;
#13 = AXIS2_PLACEMENT_3D ( 'NONE', #2655, #1310, #437 ) ;
#14 = AXIS2_PLACEMENT_3D ( 'NONE', #2726, #2714, #517 ) ;
#15 = EDGE_CURVE ( 'NONE', #1709, #110, #1632, .T. ) ;
#16 = FACE_BOUND ( 'NONE', #2166, .T. ) ;
#17 = ADVANCED_FACE ( 'NONE', ( #2285 ), #2063, .F. ) ;
#18 = AXIS2_PLACEMENT_3D ( 'NONE', #771, #1637, #1901 ) ;
#19 = LINE ( 'NONE', #925, #1463 ) ;
#20 = ORIENTED_EDGE ( 'NONE', *, *, #801, .T. ) ;
#21 = CIRCLE ( 'NONE', #1654, 1.600000000000091571 ) ;
#22 = DIRECTION ( 'NONE',  ( -0.2820218555851409792, -0.9594079804610310402, 5.551115123125779621E-17 ) ) ;
#23 = DIRECTION ( 'NONE',  ( -0.9594079804610261553, 0.2820218555851573550, 0.000000000000000000 ) ) ;
#24 = ORIENTED_EDGE ( 'NONE', *, *, #764, .T. ) ;
#25 = AXIS2_PLACEMENT_3D ( 'NONE', #1028, #108, #138 ) ;
#26 = DIRECTION ( 'NONE',  ( 0.2820218555851405351, 0.9594079804610311513, 0.000000000000000000 ) ) ;
#27 = ORIENTED_EDGE ( 'NONE', *, *, #450, .T. ) ;
#28 = LINE ( 'NONE', #2017, #2504 ) ;
#29 = VECTOR ( 'NONE', #1407, 999.9999999999998863 ) ;
#30 = ORIENTED_EDGE ( 'NONE', *, *, #1257, .T. ) ;
#31 = LINE ( 'NONE', #1394, #803 ) ;
#32 =( NAMED_UNIT ( * ) PLANE_ANGLE_UNIT ( ) SI_UNIT ( $, .RADIAN. ) );
#33 = DIRECTION ( 'NONE',  ( -0.9594079804610319284, 0.2820218555851377040, 0.000000000000000000 ) ) ;
#34 = VERTEX_POINT ( 'NONE', #2532 ) ;
#35 = CARTESIAN_POINT ( 'NONE',  ( 44.00408461675719707, 162.4575596890794884, -472.1666026133339642 ) ) ;
#36 = ORIENTED_EDGE ( 'NONE', *, *, #2093, .T. ) ;
#37 = EDGE_CURVE ( 'NONE', #2269, #220, #515, .T. ) ;
#38 = DIRECTION ( 'NONE',  ( 0.000000000000000000, -1.333841689717229937E-15, 1.000000000000000000 ) ) ;
#39 = EDGE_CURVE ( 'NONE', #466, #391, #1980, .T. ) ;
#40 = EDGE_LOOP ( 'NONE', ( #1386, #2431 ) ) ;
#41 = DIRECTION ( 'NONE',  ( -0.9594079804610303741, 0.2820218555851430886, 0.000000000000000000 ) ) ;
#42 = ORIENTED_EDGE ( 'NONE', *, *, #260, .T. ) ;
#43 = CARTESIAN_POINT ( 'NONE',  ( 83.48368563872810455, 155.0216090994785247, -532.1440940775079298 ) ) ;
#44 = DIRECTION ( 'NONE',  ( 0.2820218555851374820, 0.9594079804610320394, 0.000000000000000000 ) ) ;
#45 = EDGE_LOOP ( 'NONE', ( #2589, #620, #1761, #2542 ) ) ;
#46 = CARTESIAN_POINT ( 'NONE',  ( 67.89330595623660258, 159.6044642527369888, -407.8982684545130155 ) ) ;
#47 = ORIENTED_EDGE ( 'NONE', *, *, #2246, .T. ) ;
#48 = PLANE ( 'NONE',  #401 ) ;
#49 = DIRECTION ( 'NONE',  ( 1.497739795074652071E-15, 0.000000000000000000, -1.000000000000000000 ) ) ;
#50 = ADVANCED_FACE ( 'NONE', ( #1278 ), #617, .F. ) ;
#51 = EDGE_CURVE ( 'NONE', #220, #1196, #2118, .T. ) ;
#52 = ORIENTED_EDGE ( 'NONE', *, *, #312, .T. ) ;
#53 = CARTESIAN_POINT ( 'NONE',  ( 66.76521853389600381, 155.7668323308930098, -413.9982684545129814 ) ) ;
#54 = VERTEX_POINT ( 'NONE', #2366 ) ;
#55 = DIRECTION ( 'NONE',  ( 0.2820218555851405351, 0.9594079804610311513, 0.000000000000000000 ) ) ;
#56 = AXIS2_PLACEMENT_3D ( 'NONE', #2253, #2474, #948 ) ;
#57 = AXIS2_PLACEMENT_3D ( 'NONE', #937, #59, #2765 ) ;
#58 = CARTESIAN_POINT ( 'NONE',  ( 48.71094688556920005, 164.2008868273034921, -413.9982684545129814 ) ) ;
#59 = DIRECTION ( 'NONE',  ( 0.2820218555851409792, 0.9594079804610310402, -5.551115123125790098E-17 ) ) ;
#60 = AXIS2_PLACEMENT_3D ( 'NONE', #788, #525, #2379 ) ;
#61 = AXIS2_PLACEMENT_3D ( 'NONE', #1814, #2308, #1567 ) ;
#62 = DIRECTION ( 'NONE',  ( -0.2820218555851430886, -0.9594079804610304851, -0.000000000000000000 ) ) ;
#63 = CONICAL_SURFACE ( 'NONE', #491, 3.359999999999965681, 0.7853981633974377319 ) ;
#64 = AXIS2_PLACEMENT_3D ( 'NONE', #343, #808, #2371 ) ;
#65 = ORIENTED_EDGE ( 'NONE', *, *, #1758, .F. ) ;
#66 = AXIS2_PLACEMENT_3D ( 'NONE', #2152, #2163, #140 ) ;
#67 = AXIS2_PLACEMENT_3D ( 'NONE', #1136, #234, #221 ) ;
#68 = VERTEX_POINT ( 'NONE', #569 ) ;
#69 = PRODUCT_DEFINITION_SHAPE ( 'NONE', 'NONE',  #2149 ) ;
#70 = CARTESIAN_POINT ( 'NONE',  ( 67.89330595623660258, 159.6044642527369888, -503.9982684545129814 ) ) ;
#71 = EDGE_CURVE ( 'NONE', #2506, #2448, #1693, .T. ) ;
#72 = CIRCLE ( 'NONE', #1197, 10.99999999999999467 ) ;
#73 = ORIENTED_EDGE ( 'NONE', *, *, #2762, .F. ) ;
#74 = DIRECTION ( 'NONE',  ( 0.2820218555851374820, 0.9594079804610320394, 0.000000000000000000 ) ) ;
#75 = EDGE_CURVE ( 'NONE', #1123, #34, #2395, .T. ) ;
#76 = EDGE_CURVE ( 'NONE', #1782, #2539, #833, .T. ) ;
#77 = FACE_OUTER_BOUND ( 'NONE', #82, .T. ) ;
#78 = EDGE_LOOP ( 'NONE', ( #2670, #2041 ) ) ;
#79 = CARTESIAN_POINT ( 'NONE',  ( 56.10489757394360311, 159.4216315087919895, -497.4982684545129814 ) ) ;
#80 = VERTEX_POINT ( 'NONE', #370 ) ;
#81 = DIRECTION ( 'NONE',  ( -0.9594079804610300410, 0.2820218555851440323, 0.000000000000000000 ) ) ;
#82 = EDGE_LOOP ( 'NONE', ( #1972, #2465, #1270, #1580 ) ) ;
#83 = DIRECTION ( 'NONE',  ( -0.9594079804610310402, 0.2820218555851404796, 0.000000000000000000 ) ) ;
#84 = CYLINDRICAL_SURFACE ( 'NONE', #1886, 10.00000000000000355 ) ;
#85 = ORIENTED_EDGE ( 'NONE', *, *, #1489, .F. ) ;
#86 = FACE_OUTER_BOUND ( 'NONE', #1005, .T. ) ;
#87 = EDGE_CURVE ( 'NONE', #1141, #1223, #2599, .T. ) ;
#88 = EDGE_CURVE ( 'NONE', #888, #2398, #106, .T. ) ;
#89 = ORIENTED_EDGE ( 'NONE', *, *, #519, .F. ) ;
#90 = DIRECTION ( 'NONE',  ( 0.2820218555851405351, 0.9594079804610311513, -5.551115123125785167E-17 ) ) ;
#91 = CARTESIAN_POINT ( 'NONE',  ( 77.70756134943570714, 153.0714411334539875, -497.4982684545140046 ) ) ;
#92 = EDGE_LOOP ( 'NONE', ( #263, #2392 ) ) ;
#93 = DIRECTION ( 'NONE',  ( -0.4789843223813959328, 0.8778234554355648367, -7.173938808474830319E-16 ) ) ;
#94 = ORIENTED_EDGE ( 'NONE', *, *, #1738, .T. ) ;
#95 = CARTESIAN_POINT ( 'NONE',  ( 56.10489757394299914, 159.4216315087925011, -510.4982684545129814 ) ) ;
#96 = CARTESIAN_POINT ( 'NONE',  ( 84.52237994163630219, 152.8818160849310175, -475.8524428315189994 ) ) ;
#97 = ORIENTED_EDGE ( 'NONE', *, *, #747, .T. ) ;
#98 = CARTESIAN_POINT ( 'NONE',  ( 64.94814390957320427, 155.2586593193680073, -432.8982684545129587 ) ) ;
#99 = ORIENTED_EDGE ( 'NONE', *, *, #588, .T. ) ;
#100 = CIRCLE ( 'NONE', #2266, 3.359999999999965681 ) ;
#101 = EDGE_CURVE ( 'NONE', #2183, #2398, #1452, .T. ) ;
#102 = DIRECTION ( 'NONE',  ( 0.2820218555851439768, 0.9594079804610300410, -5.551115123125779621E-17 ) ) ;
#103 = CIRCLE ( 'NONE', #2358, 3.074999999999993960 ) ;
#104 = LINE ( 'NONE', #328, #1842 ) ;
#105 = ORIENTED_EDGE ( 'NONE', *, *, #2316, .F. ) ;
#106 = CIRCLE ( 'NONE', #2311, 10.00000000000000355 ) ;
#107 = AXIS2_PLACEMENT_3D ( 'NONE', #1180, #1446, #783 ) ;
#108 = DIRECTION ( 'NONE',  ( 0.2820218555851374820, 0.9594079804610320394, 0.000000000000000000 ) ) ;
#109 = AXIS2_PLACEMENT_3D ( 'NONE', #2560, #2139, #366 ) ;
#110 = VERTEX_POINT ( 'NONE', #1067 ) ;
#111 = CARTESIAN_POINT ( 'NONE',  ( 81.45227440416060460, 153.7842860228035136, -532.1440940775079298 ) ) ;
#112 = CIRCLE ( 'NONE', #2891, 1.599999999999997424 ) ;
#113 = AXIS2_PLACEMENT_3D ( 'NONE', #1220, #575, #1704 ) ;
#114 = DIRECTION ( 'NONE',  ( 0.9594079804610311513, -0.2820218555851405351, -6.204749051826081917E-16 ) ) ;
#115 = AXIS2_PLACEMENT_3D ( 'NONE', #1523, #2884, #854 ) ;
#116 = ORIENTED_EDGE ( 'NONE', *, *, #39, .T. ) ;
#117 = CARTESIAN_POINT ( 'NONE',  ( 67.89330595623660258, 159.6044642527369888, -503.9982684545129814 ) ) ;
#118 = AXIS2_PLACEMENT_3D ( 'NONE', #2503, #2569, #278 ) ;
#119 = AXIS2_PLACEMENT_3D ( 'NONE', #371, #2338, #1453 ) ;
#120 = CARTESIAN_POINT ( 'NONE',  ( 67.89330595623660258, 159.6044642527369888, -432.8982684545129587 ) ) ;
#121 = CARTESIAN_POINT ( 'NONE',  ( 54.14179452857389663, 163.6467766463299824, -497.4982684545129814 ) ) ;
#122 = CARTESIAN_POINT ( 'NONE',  ( 71.10917977802129997, 210.4645836864320074, -497.4982684545129814 ) ) ;
#123 = VERTEX_POINT ( 'NONE', #336 ) ;
#124 = DIRECTION ( 'NONE',  ( -0.2820218555851453646, -0.9594079804610295970, 5.551115123125777155E-17 ) ) ;
#125 = ADVANCED_FACE ( 'NONE', ( #1249 ), #1010, .F. ) ;
#126 = EDGE_LOOP ( 'NONE', ( #1643, #2904, #2034, #36 ) ) ;
#127 = EDGE_CURVE ( 'NONE', #2082, #1175, #1746, .T. ) ;
#128 = CARTESIAN_POINT ( 'NONE',  ( 69.85640900160760225, 155.3793191151989959, -490.9982684545129814 ) ) ;
#129 = DIRECTION ( 'NONE',  ( -0.9594079804610305962, 0.2820218555851416453, 0.000000000000000000 ) ) ;
#130 = FACE_OUTER_BOUND ( 'NONE', #2721, .T. ) ;
#131 = VERTEX_POINT ( 'NONE', #133 ) ;
#132 = LINE ( 'NONE', #1022, #1694 ) ;
#133 = CARTESIAN_POINT ( 'NONE',  ( 85.66555574897830638, 150.2110017758655260, -464.1485507641709773 ) ) ;
#134 = CARTESIAN_POINT ( 'NONE',  ( 76.17250858069810704, 153.5226761023905055, -497.4982684545140046 ) ) ;
#135 = ORIENTED_EDGE ( 'NONE', *, *, #1117, .T. ) ;
#136 = LINE ( 'NONE', #1473, #2460 ) ;
#137 = ORIENTED_EDGE ( 'NONE', *, *, #2738, .T. ) ;
#138 = DIRECTION ( 'NONE',  ( -0.9594079804610319284, 0.2820218555851377040, 0.000000000000000000 ) ) ;
#139 = ORIENTED_EDGE ( 'NONE', *, *, #1736, .F. ) ;
#140 = DIRECTION ( 'NONE',  ( 0.9594079804610325946, -0.2820218555851356501, 0.000000000000000000 ) ) ;
#141 = FACE_BOUND ( 'NONE', #2838, .T. ) ;
#142 = EDGE_CURVE ( 'NONE', #972, #880, #2380, .T. ) ;
#143 = EDGE_CURVE ( 'NONE', #2183, #1907, #180, .T. ) ;
#144 = FACE_OUTER_BOUND ( 'NONE', #2090, .T. ) ;
#145 = VERTEX_POINT ( 'NONE', #2876 ) ;
#146 = CARTESIAN_POINT ( 'NONE',  ( 74.75738180951739764, 153.9386583393784917, -510.4982684545139477 ) ) ;
#147 = CARTESIAN_POINT ( 'NONE',  ( 51.80656780791460392, 162.4987613603844920, -532.1440940775069066 ) ) ;
#148 = CARTESIAN_POINT ( 'NONE',  ( 86.70729645307748967, 154.0740156647125048, -475.8524428315189994 ) ) ;
#149 = CARTESIAN_POINT ( 'NONE',  ( 75.31037557696129170, 144.9164732995354257, -510.4982684545139477 ) ) ;
#150 = ORIENTED_EDGE ( 'NONE', *, *, #679, .F. ) ;
#151 = LINE ( 'NONE', #811, #1893 ) ;
#152 = AXIS2_PLACEMENT_3D ( 'NONE', #1831, #1134, #285 ) ;
#153 = CIRCLE ( 'NONE', #1095, 3.074999999999993960 ) ;
#154 = EDGE_LOOP ( 'NONE', ( #738, #573, #861, #2766 ) ) ;
#155 = DIRECTION ( 'NONE',  ( -0.9594079804610305962, 0.2820218555851416453, 0.000000000000000000 ) ) ;
#156 = CIRCLE ( 'NONE', #1422, 39.70000000000000995 ) ;
#157 = CIRCLE ( 'NONE', #530, 1.600000000000004086 ) ;
#158 = DIRECTION ( 'NONE',  ( -0.9594079804610310402, 0.2820218555851407571, -2.868793345284642718E-15 ) ) ;
#159 = CARTESIAN_POINT ( 'NONE',  ( 71.10917977802129997, 210.4645836864320074, -497.4982684545129814 ) ) ;
#160 = CIRCLE ( 'NONE', #2413, 38.69999999999999574 ) ;
#161 = VERTEX_POINT ( 'NONE', #1023 ) ;
#162 = AXIS2_PLACEMENT_3D ( 'NONE', #2458, #1302, #1983 ) ;
#163 = DIRECTION ( 'NONE',  ( 0.2820218555851405351, 0.9594079804610311513, -5.551115123125791330E-17 ) ) ;
#164 = ADVANCED_FACE ( 'NONE', ( #1905 ), #2818, .F. ) ;
#165 = AXIS2_PLACEMENT_3D ( 'NONE', #1755, #642, #1538 ) ;
#166 = ADVANCED_FACE ( 'NONE', ( #1698 ), #230, .F. ) ;
#167 = CIRCLE ( 'NONE', #494, 39.70000000000000995 ) ;
#168 = DIRECTION ( 'NONE',  ( 0.2820218555851405351, 0.9594079804610311513, 0.000000000000000000 ) ) ;
#169 = EDGE_CURVE ( 'NONE', #899, #1705, #1086, .T. ) ;
#170 = VECTOR ( 'NONE', #2877, 999.9999999999998863 ) ;
#171 = CARTESIAN_POINT ( 'NONE',  ( 66.48319667831090385, 154.8074243504320009, -503.9982684545129814 ) ) ;
#172 = FACE_OUTER_BOUND ( 'NONE', #293, .T. ) ;
#173 = EDGE_LOOP ( 'NONE', ( #2210, #1929 ) ) ;
#174 = LINE ( 'NONE', #2856, #1475 ) ;
#175 = ORIENTED_EDGE ( 'NONE', *, *, #2229, .T. ) ;
#176 = DIRECTION ( 'NONE',  ( 0.2820218555851439768, 0.9594079804610300410, 0.000000000000000000 ) ) ;
#177 = CARTESIAN_POINT ( 'NONE',  ( 82.98732717289860261, 153.3330510538669955, -475.8524428315189994 ) ) ;
#178 = VERTEX_POINT ( 'NONE', #881 ) ;
#179 = CARTESIAN_POINT ( 'NONE',  ( 63.95604992177091219, 157.1137535270480043, -516.9982684545129814 ) ) ;
#180 = LINE ( 'NONE', #2592, #991 ) ;
#181 = CARTESIAN_POINT ( 'NONE',  ( 49.07931545939529627, 165.1349128407620128, -532.1440940775069066 ) ) ;
#182 = ADVANCED_FACE ( 'NONE', ( #865 ), #213, .F. ) ;
#183 = CARTESIAN_POINT ( 'NONE',  ( 65.86189472166910264, 158.3671411760619776, -457.8982684545129587 ) ) ;
#184 = EDGE_CURVE ( 'NONE', #1686, #2845, #2239, .T. ) ;
#185 = DIRECTION ( 'NONE',  ( -0.4789843223814088113, 0.8778234554355577313, 0.000000000000000000 ) ) ;
#186 = ORIENTED_EDGE ( 'NONE', *, *, #980, .T. ) ;
#187 = FACE_OUTER_BOUND ( 'NONE', #1417, .T. ) ;
#188 = ORIENTED_EDGE ( 'NONE', *, *, #2170, .F. ) ;
#189 = CARTESIAN_POINT ( 'NONE',  ( 53.15471803402589757, 160.2888487147164938, -497.4982684545129814 ) ) ;
#190 = DIRECTION ( 'NONE',  ( -0.2820218555851439768, -0.9594079804610300410, 5.551115123125779621E-17 ) ) ;
#191 = DIRECTION ( 'NONE',  ( 0.9594079804610294859, -0.2820218555851459752, 0.000000000000000000 ) ) ;
#192 = ORIENTED_EDGE ( 'NONE', *, *, #1132, .F. ) ;
#193 = DIRECTION ( 'NONE',  ( -0.9594079804610319284, 0.2820218555851377040, 0.000000000000000000 ) ) ;
#194 = DIRECTION ( 'NONE',  ( -0.9594079804610319284, 0.2820218555851377040, 0.000000000000000000 ) ) ;
#195 = LINE ( 'NONE', #1534, #532 ) ;
#196 = EDGE_LOOP ( 'NONE', ( #1634, #657 ) ) ;
#197 = ADVANCED_FACE ( 'NONE', ( #1540, #2165 ), #352, .T. ) ;
#198 = ADVANCED_FACE ( 'NONE', ( #130 ), #11, .F. ) ;
#199 = DIRECTION ( 'NONE',  ( 0.9594079804610311513, -0.2820218555851404796, 0.000000000000000000 ) ) ;
#200 = ORIENTED_EDGE ( 'NONE', *, *, #2577, .T. ) ;
#201 = DIRECTION ( 'NONE',  ( -0.9594079804610300410, 0.2820218555851440323, 0.000000000000000000 ) ) ;
#202 = CARTESIAN_POINT ( 'NONE',  ( 46.51936101027170167, 149.2104706772694271, -503.9982684545129814 ) ) ;
#203 = AXIS2_PLACEMENT_3D ( 'NONE', #2640, #1119, #2924 ) ;
#204 = AXIS2_PLACEMENT_3D ( 'NONE', #1741, #1260, #2651 ) ;
#205 = DIRECTION ( 'NONE',  ( 0.2820218555851439768, 0.9594079804610300410, -5.551115123125790098E-17 ) ) ;
#206 = ORIENTED_EDGE ( 'NONE', *, *, #1914, .F. ) ;
#207 = CARTESIAN_POINT ( 'NONE',  ( 52.17265903273160177, 151.7178986438100310, -510.4982684545129814 ) ) ;
#208 = CONICAL_SURFACE ( 'NONE', #1934, 3.359999999999965681, 0.7853981633974377319 ) ;
#209 = AXIS2_PLACEMENT_3D ( 'NONE', #2004, #2234, #236 ) ;
#210 = CIRCLE ( 'NONE', #2558, 3.075000000000006839 ) ;
#211 = CIRCLE ( 'NONE', #209, 1.600000000000004086 ) ;
#212 = EDGE_LOOP ( 'NONE', ( #1911, #1074 ) ) ;
#213 = CYLINDRICAL_SURFACE ( 'NONE', #2700, 1.600000000000004086 ) ;
#214 = AXIS2_PLACEMENT_3D ( 'NONE', #2328, #2509, #2754 ) ;
#215 = CIRCLE ( 'NONE', #862, 1.600000000000004086 ) ;
#216 = DIRECTION ( 'NONE',  ( -0.9594079804610300410, 0.2820218555851440323, 0.000000000000000000 ) ) ;
#217 = FACE_BOUND ( 'NONE', #1585, .T. ) ;
#218 = VECTOR ( 'NONE', #1003, 999.9999999999998863 ) ;
#219 = CARTESIAN_POINT ( 'NONE',  ( 66.90622946168859642, 156.2465363211234717, -516.9982684545129814 ) ) ;
#220 = VERTEX_POINT ( 'NONE', #1689 ) ;
#221 = DIRECTION ( 'NONE',  ( -0.9594079804610308182, 0.2820218555851410347, 0.000000000000000000 ) ) ;
#222 = ORIENTED_EDGE ( 'NONE', *, *, #1616, .F. ) ;
#223 = CARTESIAN_POINT ( 'NONE',  ( 48.71094688556920005, 164.2008868273034921, -413.9982684545129814 ) ) ;
#224 = CARTESIAN_POINT ( 'NONE',  ( 66.90622946168859642, 156.2465363211234717, -516.9982684545129814 ) ) ;
#225 = ADVANCED_FACE ( 'NONE', ( #2186 ), #816, .F. ) ;
#226 = EDGE_CURVE ( 'NONE', #1261, #2539, #2140, .T. ) ;
#227 = ORIENTED_EDGE ( 'NONE', *, *, #1824, .F. ) ;
#228 = CARTESIAN_POINT ( 'NONE',  ( 82.08941188586439353, 138.7545103814503875, -503.9982684545129814 ) ) ;
#229 = EDGE_LOOP ( 'NONE', ( #750, #1158, #736, #2783 ) ) ;
#230 = CYLINDRICAL_SURFACE ( 'NONE', #2747, 1.600000000000004086 ) ;
#231 = FACE_BOUND ( 'NONE', #196, .T. ) ;
#232 = CARTESIAN_POINT ( 'NONE',  ( 49.95237672161530185, 164.8782729521790316, -464.1485507641709773 ) ) ;
#233 = ORIENTED_EDGE ( 'NONE', *, *, #786, .T. ) ;
#234 = DIRECTION ( 'NONE',  ( 0.2820218555851409792, 0.9594079804610310402, -5.551115123125779621E-17 ) ) ;
#235 = ORIENTED_EDGE ( 'NONE', *, *, #1149, .F. ) ;
#236 = DIRECTION ( 'NONE',  ( -0.9594079804610300410, 0.2820218555851440323, 0.000000000000000000 ) ) ;
#237 = ORIENTED_EDGE ( 'NONE', *, *, #1592, .F. ) ;
#238 = FACE_BOUND ( 'NONE', #173, .T. ) ;
#239 = ADVANCED_FACE ( 'NONE', ( #144 ), #2405, .F. ) ;
#240 = EDGE_CURVE ( 'NONE', #1261, #1709, #390, .T. ) ;
#241 = EDGE_LOOP ( 'NONE', ( #947, #175, #1969, #447 ) ) ;
#242 = CARTESIAN_POINT ( 'NONE',  ( 66.48319667831090385, 154.8074243504320009, -457.8982684545129587 ) ) ;
#243 = FACE_BOUND ( 'NONE', #2580, .T. ) ;
#244 = CARTESIAN_POINT ( 'NONE',  ( 66.48319667831090385, 154.8074243504320009, -413.9982684545129814 ) ) ;
#245 = ORIENTED_EDGE ( 'NONE', *, *, #746, .T. ) ;
#246 = CARTESIAN_POINT ( 'NONE',  ( 52.30292627374440428, 164.1873194059955097, -532.1440940775069066 ) ) ;
#247 = ORIENTED_EDGE ( 'NONE', *, *, #858, .F. ) ;
#248 = CARTESIAN_POINT ( 'NONE',  ( 66.35825318749898827, 160.0556992216735068, -432.8982684545129587 ) ) ;
#249 = ORIENTED_EDGE ( 'NONE', *, *, #2074, .F. ) ;
#250 = FACE_OUTER_BOUND ( 'NONE', #2333, .T. ) ;
#251 = AXIS2_PLACEMENT_3D ( 'NONE', #242, #691, #935 ) ;
#252 = VERTEX_POINT ( 'NONE', #1916 ) ;
#253 = EDGE_CURVE ( 'NONE', #1388, #456, #1420, .T. ) ;
#254 = VECTOR ( 'NONE', #1263, 1000.000000000000227 ) ;
#255 = DIRECTION ( 'NONE',  ( 0.2820218555851395914, 0.9594079804610314843, -5.551115123125782086E-17 ) ) ;
#256 = AXIS2_PLACEMENT_3D ( 'NONE', #2156, #1510, #2889 ) ;
#257 = AXIS2_PLACEMENT_3D ( 'NONE', #453, #2926, #2527 ) ;
#258 = CARTESIAN_POINT ( 'NONE',  ( 66.90622946168859642, 156.2465363211234717, -516.9982684545129814 ) ) ;
#259 = ADVANCED_FACE ( 'NONE', ( #798 ), #1526, .T. ) ;
#260 = EDGE_CURVE ( 'NONE', #1794, #2857, #1280, .T. ) ;
#261 = AXIS2_PLACEMENT_3D ( 'NONE', #539, #753, #1434 ) ;
#262 = CARTESIAN_POINT ( 'NONE',  ( 59.05507711386130154, 158.5544143028680253, -497.4982684545129814 ) ) ;
#263 = ORIENTED_EDGE ( 'NONE', *, *, #87, .T. ) ;
#264 = CIRCLE ( 'NONE', #1426, 1.600000000000004086 ) ;
#265 = AXIS2_PLACEMENT_3D ( 'NONE', #2341, #2288, #2056 ) ;
#266 = CARTESIAN_POINT ( 'NONE',  ( 68.01824944704850395, 154.3561893814955113, -407.8982684545130155 ) ) ;
#267 = ORIENTED_EDGE ( 'NONE', *, *, #2043, .F. ) ;
#268 = AXIS2_PLACEMENT_3D ( 'NONE', #1779, #663, #1578 ) ;
#269 = CIRCLE ( 'NONE', #1297, 3.359999999999965681 ) ;
#270 = ORIENTED_EDGE ( 'NONE', *, *, #1257, .F. ) ;
#271 = FACE_BOUND ( 'NONE', #2274, .T. ) ;
#272 = ORIENTED_EDGE ( 'NONE', *, *, #2251, .T. ) ;
#273 = DIRECTION ( 'NONE',  ( 0.2820218555851439768, 0.9594079804610300410, -5.551115123125790098E-17 ) ) ;
#274 = DIRECTION ( 'NONE',  ( -0.2820218555851439768, -0.9594079804610300410, -0.000000000000000000 ) ) ;
#275 = ORIENTED_EDGE ( 'NONE', *, *, #361, .F. ) ;
#276 = EDGE_CURVE ( 'NONE', #34, #2248, #666, .T. ) ;
#277 = EDGE_CURVE ( 'NONE', #763, #872, #2169, .T. ) ;
#278 = DIRECTION ( 'NONE',  ( -0.9594079804610308182, 0.2820218555851409237, 0.000000000000000000 ) ) ;
#279 = ORIENTED_EDGE ( 'NONE', *, *, #2468, .T. ) ;
#280 = CARTESIAN_POINT ( 'NONE',  ( 81.45227440416100251, 153.7842860228035136, -475.8524428315189994 ) ) ;
#281 = ORIENTED_EDGE ( 'NONE', *, *, #1056, .T. ) ;
#282 = FACE_BOUND ( 'NONE', #2915, .T. ) ;
#283 = EDGE_LOOP ( 'NONE', ( #2499, #1209, #1754, #474 ) ) ;
#284 = DIRECTION ( 'NONE',  ( -0.2820218555851405351, -0.9594079804610311513, 5.551115123125791330E-17 ) ) ;
#285 = DIRECTION ( 'NONE',  ( -0.9594079804610305962, 0.2820218555851416453, 0.000000000000000000 ) ) ;
#286 = ORIENTED_EDGE ( 'NONE', *, *, #380, .F. ) ;
#287 = SURFACE_STYLE_FILL_AREA ( #1850 ) ;
#288 = VERTEX_POINT ( 'NONE', #1759 ) ;
#289 = EDGE_CURVE ( 'NONE', #110, #2310, #1039, .T. ) ;
#290 = CARTESIAN_POINT ( 'NONE',  ( 94.24689632225110358, 203.6631583421579990, -497.4982684545140046 ) ) ;
#291 = EDGE_LOOP ( 'NONE', ( #1808, #1628, #1008, #826 ) ) ;
#292 = DIRECTION ( 'NONE',  ( 0.2820218555851405351, 0.9594079804610311513, -5.551115123125791330E-17 ) ) ;
#293 = EDGE_LOOP ( 'NONE', ( #1251, #1099, #1237, #2356 ) ) ;
#294 = DIRECTION ( 'NONE',  ( -0.9594079804610305962, 0.2820218555851416453, 0.000000000000000000 ) ) ;
#295 = VECTOR ( 'NONE', #55, 999.9999999999998863 ) ;
#296 = AXIS2_PLACEMENT_3D ( 'NONE', #1928, #1308, #191 ) ;
#297 = LINE ( 'NONE', #704, #2270 ) ;
#298 = ORIENTED_EDGE ( 'NONE', *, *, #785, .T. ) ;
#299 = CARTESIAN_POINT ( 'NONE',  ( 47.86488131881370123, 161.3226628859199820, -413.9982684545129814 ) ) ;
#300 = CARTESIAN_POINT ( 'NONE',  ( 49.35776422708110545, 159.8415144726264714, -532.1440940775069066 ) ) ;
#301 = VECTOR ( 'NONE', #1030, 999.9999999999998863 ) ;
#302 = AXIS2_PLACEMENT_3D ( 'NONE', #868, #2665, #619 ) ;
#303 = VERTEX_POINT ( 'NONE', #465 ) ;
#304 = CIRCLE ( 'NONE', #165, 1.600000000000004086 ) ;
#305 = CARTESIAN_POINT ( 'NONE',  ( 85.66555574897830638, 150.2110017758655260, -469.5308925752849518 ) ) ;
#306 = CIRCLE ( 'NONE', #2322, 3.359999999999965681 ) ;
#307 = ORIENTED_EDGE ( 'NONE', *, *, #452, .F. ) ;
#308 = LINE ( 'NONE', #128, #2705 ) ;
#309 = FACE_OUTER_BOUND ( 'NONE', #1052, .T. ) ;
#310 = EDGE_CURVE ( 'NONE', #1705, #145, #1358, .T. ) ;
#311 = VECTOR ( 'NONE', #1485, 1000.000000000000000 ) ;
#312 = EDGE_CURVE ( 'NONE', #1070, #795, #943, .T. ) ;
#313 = VERTEX_POINT ( 'NONE', #300 ) ;
#314 = CARTESIAN_POINT ( 'NONE',  ( 71.11691677058561822, 158.6568708179709972, -432.8982684545129587 ) ) ;
#315 = VERTEX_POINT ( 'NONE', #1097 ) ;
#316 = DIRECTION ( 'NONE',  ( -0.2820218555851404796, -0.9594079804610310402, 5.551115123125779621E-17 ) ) ;
#317 = CARTESIAN_POINT ( 'NONE',  ( 57.09197406849099110, 162.7795594404060182, -510.4982684545129814 ) ) ;
#318 = ORIENTED_EDGE ( 'NONE', *, *, #1451, .T. ) ;
#319 = DIRECTION ( 'NONE',  ( -0.2820218555851374820, -0.9594079804610320394, -0.000000000000000000 ) ) ;
#320 = ORIENTED_EDGE ( 'NONE', *, *, #895, .T. ) ;
#321 = DIRECTION ( 'NONE',  ( -0.9594079804610307072, 0.2820218555851415343, 0.000000000000000000 ) ) ;
#322 = CYLINDRICAL_SURFACE ( 'NONE', #627, 1.600000000000004086 ) ;
#323 = ORIENTED_EDGE ( 'NONE', *, *, #127, .T. ) ;
#324 = CARTESIAN_POINT ( 'NONE',  ( 67.89330595623660258, 159.6044642527369888, -432.8982684545129587 ) ) ;
#325 = EDGE_CURVE ( 'NONE', #68, #1012, #153, .T. ) ;
#326 = ORIENTED_EDGE ( 'NONE', *, *, #1382, .T. ) ;
#327 = DIRECTION ( 'NONE',  ( -0.9594079804610310402, 0.2820218555851407571, 0.000000000000000000 ) ) ;
#328 = CARTESIAN_POINT ( 'NONE',  ( 85.01873840746610256, 154.5703741305424899, -475.8524428315189994 ) ) ;
#329 = ORIENTED_EDGE ( 'NONE', *, *, #916, .T. ) ;
#330 = CARTESIAN_POINT ( 'NONE',  ( 89.52635245103479633, 149.0761049727060197, -472.1666026133339642 ) ) ;
#331 = ORIENTED_EDGE ( 'NONE', *, *, #2283, .T. ) ;
#332 = DIRECTION ( 'NONE',  ( 0.2820218555851405351, 0.9594079804610311513, -5.551115123125791330E-17 ) ) ;
#333 = PLANE ( 'NONE',  #759 ) ;
#334 = ORIENTED_EDGE ( 'NONE', *, *, #1717, .F. ) ;
#335 = CARTESIAN_POINT ( 'NONE',  ( 50.27151503917750119, 162.9499963293204985, -475.8524428315189994 ) ) ;
#336 = CARTESIAN_POINT ( 'NONE',  ( 60.04215360840930060, 161.9123422344815140, -497.4982684545129814 ) ) ;
#337 = AXIS2_PLACEMENT_3D ( 'NONE', #692, #1161, #936 ) ;
#338 = EDGE_CURVE ( 'NONE', #940, #1152, #2703, .T. ) ;
#339 = LINE ( 'NONE', #2819, #2903 ) ;
#340 = EDGE_CURVE ( 'NONE', #940, #358, #2780, .T. ) ;
#341 = ORIENTED_EDGE ( 'NONE', *, *, #2710, .T. ) ;
#342 = VECTOR ( 'NONE', #1691, 1000.000000000000114 ) ;
#343 = CARTESIAN_POINT ( 'NONE',  ( 82.98732717289860261, 153.3330510538669955, -475.8524428315189994 ) ) ;
#344 = ORIENTED_EDGE ( 'NONE', *, *, #2868, .F. ) ;
#345 = VECTOR ( 'NONE', #392, 1000.000000000000227 ) ;
#346 = DIRECTION ( 'NONE',  ( -0.8778234554355506258, -0.4789843223814218010, -8.659560562354956277E-17 ) ) ;
#347 = EDGE_LOOP ( 'NONE', ( #1033, #742, #2510, #1317 ) ) ;
#348 = DIRECTION ( 'NONE',  ( -0.9594079804610295970, 0.2820218555851451980, 0.000000000000000000 ) ) ;
#349 = AXIS2_PLACEMENT_3D ( 'NONE', #2572, #1415, #81 ) ;
#350 = AXIS2_PLACEMENT_3D ( 'NONE', #219, #2417, #2679 ) ;
#351 = FACE_OUTER_BOUND ( 'NONE', #2635, .T. ) ;
#352 = PLANE ( 'NONE',  #2793 ) ;
#353 = ORIENTED_EDGE ( 'NONE', *, *, #1416, .T. ) ;
#354 = CYLINDRICAL_SURFACE ( 'NONE', #2028, 39.69999999999999574 ) ;
#355 = CONICAL_SURFACE ( 'NONE', #448, 18.70000000000000284, 0.7853981633974532750 ) ;
#356 = DIRECTION ( 'NONE',  ( 0.2820218555851405351, 0.9594079804610311513, -5.551115123125791330E-17 ) ) ;
#357 = LINE ( 'NONE', #2865, #2280 ) ;
#358 = VERTEX_POINT ( 'NONE', #875 ) ;
#359 = DIRECTION ( 'NONE',  ( -0.9594079804610305962, 0.2820218555851416453, 0.000000000000000000 ) ) ;
#360 = ORIENTED_EDGE ( 'NONE', *, *, #978, .F. ) ;
#361 = EDGE_CURVE ( 'NONE', #2141, #2151, #1126, .T. ) ;
#362 = EDGE_CURVE ( 'NONE', #1331, #2827, #697, .T. ) ;
#363 = CARTESIAN_POINT ( 'NONE',  ( 99.07406532122008969, 150.4387539462200039, -503.9982684545129814 ) ) ;
#364 = ORIENTED_EDGE ( 'NONE', *, *, #1696, .F. ) ;
#365 = DIRECTION ( 'NONE',  ( -0.9594079804610303741, 0.2820218555851430886, 0.000000000000000000 ) ) ;
#366 = DIRECTION ( 'NONE',  ( -0.9594079804610320394, 0.2820218555851369824, 0.000000000000000000 ) ) ;
#367 = DIRECTION ( 'NONE',  ( 0.8778234554355418551, 0.4789843223814378992, -4.779943244777884903E-16 ) ) ;
#368 = ORIENTED_EDGE ( 'NONE', *, *, #1071, .T. ) ;
#369 = CYLINDRICAL_SURFACE ( 'NONE', #2410, 39.69999999999999574 ) ;
#370 = CARTESIAN_POINT ( 'NONE',  ( 52.17265903273219863, 151.7178986438095194, -497.4982684545129814 ) ) ;
#371 = CARTESIAN_POINT ( 'NONE',  ( 66.48319667831090385, 154.8074243504320009, -407.8982684545130155 ) ) ;
#372 = EDGE_LOOP ( 'NONE', ( #52, #1501, #2900, #270 ) ) ;
#373 = CARTESIAN_POINT ( 'NONE',  ( 63.95604992177091219, 157.1137535270480043, -516.9982684545129814 ) ) ;
#374 = ORIENTED_EDGE ( 'NONE', *, *, #2299, .T. ) ;
#375 = DIRECTION ( 'NONE',  ( 0.9594079804610294859, -0.2820218555851459752, 0.000000000000000000 ) ) ;
#376 = EDGE_CURVE ( 'NONE', #2260, #2320, #994, .T. ) ;
#377 = ORIENTED_EDGE ( 'NONE', *, *, #1201, .F. ) ;
#378 = CARTESIAN_POINT ( 'NONE',  ( 79.24261411817339251, 152.6202061645179811, -497.4982684545140046 ) ) ;
#379 = LINE ( 'NONE', #202, #632 ) ;
#380 = EDGE_CURVE ( 'NONE', #1925, #2699, #211, .T. ) ;
#381 = ADVANCED_FACE ( 'NONE', ( #1320 ), #902, .F. ) ;
#382 = ORIENTED_EDGE ( 'NONE', *, *, #1178, .F. ) ;
#383 = CARTESIAN_POINT ( 'NONE',  ( 80.26007482437940155, 155.9692025342444879, -475.8524428315189994 ) ) ;
#384 = DIRECTION ( 'NONE',  ( 0.2820218555851453646, 0.9594079804610295970, 0.000000000000000000 ) ) ;
#385 = DIRECTION ( 'NONE',  ( -0.9594079804610300410, 0.2820218555851440323, 0.000000000000000000 ) ) ;
#386 = CARTESIAN_POINT ( 'NONE',  ( 83.60862912954038961, 149.7733342282369904, -475.8524428315189994 ) ) ;
#387 = ORIENTED_EDGE ( 'NONE', *, *, #464, .T. ) ;
#388 = FACE_BOUND ( 'NONE', #2803, .T. ) ;
#389 = CONICAL_SURFACE ( 'NONE', #2698, 39.70000000000000284, 0.7853981633974730370 ) ;
#390 = CIRCLE ( 'NONE', #1558, 19.70000000000000639 ) ;
#391 = VERTEX_POINT ( 'NONE', #1593 ) ;
#392 = DIRECTION ( 'NONE',  ( 0.8778234554355460739, 0.4789843223814300166, -8.659560562354829320E-17 ) ) ;
#393 = LINE ( 'NONE', #1291, #2275 ) ;
#394 = DIRECTION ( 'NONE',  ( 1.968327990612039750E-16, 0.000000000000000000, 1.000000000000000000 ) ) ;
#395 = VECTOR ( 'NONE', #523, 1000.000000000000114 ) ;
#396 = ORIENTED_EDGE ( 'NONE', *, *, #2762, .T. ) ;
#397 = AXIS2_PLACEMENT_3D ( 'NONE', #1968, #2241, #638 ) ;
#398 = DIRECTION ( 'NONE',  ( 0.2820218555851405351, 0.9594079804610311513, -5.551115123125791330E-17 ) ) ;
#399 = EDGE_CURVE ( 'NONE', #2325, #1984, #2247, .T. ) ;
#400 = ADVANCED_FACE ( 'NONE', ( #2536 ), #2015, .F. ) ;
#401 = AXIS2_PLACEMENT_3D ( 'NONE', #2046, #696, #38 ) ;
#402 = AXIS2_PLACEMENT_3D ( 'NONE', #607, #596, #1241 ) ;
#403 = DIRECTION ( 'NONE',  ( -0.2820218555851453646, -0.9594079804610295970, 5.551115123125777155E-17 ) ) ;
#404 = CIRCLE ( 'NONE', #2038, 1.599999999999997424 ) ;
#405 = DIRECTION ( 'NONE',  ( 0.2820218555851405351, 0.9594079804610311513, -5.551115123125785167E-17 ) ) ;
#406 = CARTESIAN_POINT ( 'NONE',  ( 48.71094688556910057, 164.2008868273034921, -464.1485507641709773 ) ) ;
#407 = EDGE_LOOP ( 'NONE', ( #2147, #2495 ) ) ;
#408 = CIRCLE ( 'NONE', #682, 3.075000000000000622 ) ;
#409 = CARTESIAN_POINT ( 'NONE',  ( 66.90622946168990381, 156.2465363211229885, -490.9982684545129814 ) ) ;
#410 = ORIENTED_EDGE ( 'NONE', *, *, #770, .F. ) ;
#411 = DIRECTION ( 'NONE',  ( 0.2820218555851439768, 0.9594079804610300410, -5.551115123125779621E-17 ) ) ;
#412 = CARTESIAN_POINT ( 'NONE',  ( 64.66969514188748747, 160.5520576875030088, -407.8982684545130155 ) ) ;
#413 = DIRECTION ( 'NONE',  ( -0.9594079804610308182, 0.2820218555851409237, 0.000000000000000000 ) ) ;
#414 = EDGE_LOOP ( 'NONE', ( #116, #745 ) ) ;
#415 = LINE ( 'NONE', #179, #852 ) ;
#416 = ADVANCED_FACE ( 'NONE', ( #424 ), #1770, .F. ) ;
#417 = CARTESIAN_POINT ( 'NONE',  ( 73.77532280822360633, 145.3677082684718016, -510.4982684545139477 ) ) ;
#418 = DIRECTION ( 'NONE',  ( 0.2820218555851404796, 0.9594079804610310402, -5.551115123125779621E-17 ) ) ;
#419 = EDGE_LOOP ( 'NONE', ( #233, #1541, #1811, #2256 ) ) ;
#420 = LINE ( 'NONE', #2243, #2611 ) ;
#421 = ORIENTED_EDGE ( 'NONE', *, *, #821, .T. ) ;
#422 = CARTESIAN_POINT ( 'NONE',  ( 85.66555574897830638, 150.2110017758655260, -413.9982684545129814 ) ) ;
#423 = CARTESIAN_POINT ( 'NONE',  ( 80.65774088935270925, 152.2042239275299949, -510.4982684545139477 ) ) ;
#424 = FACE_OUTER_BOUND ( 'NONE', #2492, .T. ) ;
#425 = ORIENTED_EDGE ( 'NONE', *, *, #1090, .T. ) ;
#426 = DIRECTION ( 'NONE',  ( 0.2820218555851374820, 0.9594079804610320394, 0.000000000000000000 ) ) ;
#427 = CARTESIAN_POINT ( 'NONE',  ( 69.42835872497420269, 159.1532292838009823, -457.8982684545129587 ) ) ;
#428 = CARTESIAN_POINT ( 'NONE',  ( 37.75124089416085837, 166.6303815447064949, -503.9982684545129814 ) ) ;
#429 = ORIENTED_EDGE ( 'NONE', *, *, #1071, .F. ) ;
#430 = ADVANCED_FACE ( 'NONE', ( #2213 ), #2908, .F. ) ;
#431 = EDGE_CURVE ( 'NONE', #2295, #456, #2918, .T. ) ;
#432 = DIRECTION ( 'NONE',  ( -0.2820218555851404796, -0.9594079804610310402, 5.551115123125779621E-17 ) ) ;
#433 = ORIENTED_EDGE ( 'NONE', *, *, #51, .F. ) ;
#434 = VECTOR ( 'NONE', #1640, 1000.000000000000000 ) ;
#435 = DIRECTION ( 'NONE',  ( -0.6048239025548860504, -0.5592336449274909471, 0.5669618834449020595 ) ) ;
#436 = EDGE_LOOP ( 'NONE', ( #2382, #192 ) ) ;
#437 = DIRECTION ( 'NONE',  ( 0.9594079804610300410, -0.2820218555851440323, 0.000000000000000000 ) ) ;
#438 = AXIS2_PLACEMENT_3D ( 'NONE', #646, #633, #193 ) ;
#439 = AXIS2_PLACEMENT_3D ( 'NONE', #2102, #1927, #1460 ) ;
#440 = VECTOR ( 'NONE', #1827, 999.9999999999998863 ) ;
#441 = AXIS2_PLACEMENT_3D ( 'NONE', #982, #1487, #1238 ) ;
#442 = ORIENTED_EDGE ( 'NONE', *, *, #361, .T. ) ;
#443 = AXIS2_PLACEMENT_3D ( 'NONE', #2086, #1865, #751 ) ;
#444 = FACE_OUTER_BOUND ( 'NONE', #2425, .T. ) ;
#445 = CIRCLE ( 'NONE', #1657, 3.074999999999993960 ) ;
#446 = CARTESIAN_POINT ( 'NONE',  ( 63.38095626687429984, 144.2539365653606183, -503.9982684545129814 ) ) ;
#447 = ORIENTED_EDGE ( 'NONE', *, *, #698, .T. ) ;
#448 = AXIS2_PLACEMENT_3D ( 'NONE', #2832, #2628, #2581 ) ;
#449 = CARTESIAN_POINT ( 'NONE',  ( 97.66395604329439095, 145.6417140439147886, -503.9982684545129814 ) ) ;
#450 = EDGE_CURVE ( 'NONE', #1349, #2248, #1781, .T. ) ;
#451 = ORIENTED_EDGE ( 'NONE', *, *, #733, .F. ) ;
#452 = EDGE_CURVE ( 'NONE', #313, #655, #486, .T. ) ;
#453 = CARTESIAN_POINT ( 'NONE',  ( 50.89281699581869844, 159.3902795036904934, -532.1440940775069066 ) ) ;
#454 = ORIENTED_EDGE ( 'NONE', *, *, #71, .F. ) ;
#455 = CARTESIAN_POINT ( 'NONE',  ( 64.94312641632019734, 160.4716814586610099, -490.9982684545129814 ) ) ;
#456 = VERTEX_POINT ( 'NONE', #509 ) ;
#457 = LINE ( 'NONE', #1352, #1557 ) ;
#458 = DIRECTION ( 'NONE',  ( -0.2820218555851404796, -0.9594079804610310402, -0.000000000000000000 ) ) ;
#459 = CARTESIAN_POINT ( 'NONE',  ( 48.99296874115430001, 165.1602948077645010, -464.1485507641709773 ) ) ;
#460 = VERTEX_POINT ( 'NONE', #2541 ) ;
#461 = DIRECTION ( 'NONE',  ( 0.9594079804610325946, -0.2820218555851356501, 0.000000000000000000 ) ) ;
#462 = EDGE_LOOP ( 'NONE', ( #387, #1454 ) ) ;
#463 = CARTESIAN_POINT ( 'NONE',  ( 63.38095626687429984, 144.2539365653606183, -503.9982684545129814 ) ) ;
#464 = EDGE_CURVE ( 'NONE', #2087, #54, #1375, .T. ) ;
#465 = CARTESIAN_POINT ( 'NONE',  ( 55.24276457020700093, 150.8154287059375065, -510.4982684545129814 ) ) ;
#466 = VERTEX_POINT ( 'NONE', #1081 ) ;
#467 = CARTESIAN_POINT ( 'NONE',  ( 86.79364317131889095, 154.0486336977100166, -469.5308925752849518 ) ) ;
#468 = EDGE_CURVE ( 'NONE', #2103, #1615, #1144, .T. ) ;
#469 = ADVANCED_FACE ( 'NONE', ( #2439 ), #2021, .F. ) ;
#470 = ORIENTED_EDGE ( 'NONE', *, *, #37, .F. ) ;
#471 = LINE ( 'NONE', #1364, #295 ) ;
#472 = LINE ( 'NONE', #2517, #1805 ) ;
#473 = DIRECTION ( 'NONE',  ( -0.9594079804610300410, 0.2820218555851440323, 0.000000000000000000 ) ) ;
#474 = ORIENTED_EDGE ( 'NONE', *, *, #2250, .T. ) ;
#475 = DIRECTION ( 'NONE',  ( -0.9594079804610303741, 0.2820218555851430886, 0.000000000000000000 ) ) ;
#476 = EDGE_LOOP ( 'NONE', ( #1674, #2853, #1861, #818 ) ) ;
#477 = VERTEX_POINT ( 'NONE', #2089 ) ;
#478 = CARTESIAN_POINT ( 'NONE',  ( 53.70771180146930135, 151.2666636748734845, -510.4982684545129814 ) ) ;
#479 = CIRCLE ( 'NONE', #942, 3.075000000000000622 ) ;
#480 = CIRCLE ( 'NONE', #2117, 1.600000000000044054 ) ;
#481 = EDGE_LOOP ( 'NONE', ( #65, #2016 ) ) ;
#482 = EDGE_CURVE ( 'NONE', #1799, #1686, #2221, .T. ) ;
#483 = FACE_OUTER_BOUND ( 'NONE', #2729, .T. ) ;
#484 = ADVANCED_FACE ( 'NONE', ( #2622 ), #2553, .T. ) ;
#485 = AXIS2_PLACEMENT_3D ( 'NONE', #2920, #1800, #498 ) ;
#486 = CIRCLE ( 'NONE', #257, 1.599999999999997424 ) ;
#487 = CIRCLE ( 'NONE', #765, 3.075000000000000622 ) ;
#488 = DIRECTION ( 'NONE',  ( -0.2820218555851439768, -0.9594079804610300410, 5.551115123125779621E-17 ) ) ;
#489 = ORIENTED_EDGE ( 'NONE', *, *, #660, .T. ) ;
#490 = CIRCLE ( 'NONE', #579, 1.599999999999997424 ) ;
#491 = AXIS2_PLACEMENT_3D ( 'NONE', #1258, #2671, #1063 ) ;
#492 = ORIENTED_EDGE ( 'NONE', *, *, #2556, .F. ) ;
#493 = CARTESIAN_POINT ( 'NONE',  ( 69.85640900160629485, 155.3793191151989959, -516.9982684545129814 ) ) ;
#494 = AXIS2_PLACEMENT_3D ( 'NONE', #2044, #2307, #1862 ) ;
#495 = DIRECTION ( 'NONE',  ( -0.9594079804610319284, 0.2820218555851377040, 0.000000000000000000 ) ) ;
#496 = CIRCLE ( 'NONE', #773, 1.600000000000004086 ) ;
#497 = ORIENTED_EDGE ( 'NONE', *, *, #15, .F. ) ;
#498 = DIRECTION ( 'NONE',  ( -0.9594079804610300410, 0.2820218555851440323, 0.000000000000000000 ) ) ;
#499 = VERTEX_POINT ( 'NONE', #96 ) ;
#500 = DIRECTION ( 'NONE',  ( -0.2820218555851409792, -0.9594079804610310402, 5.551115123125779621E-17 ) ) ;
#501 = ADVANCED_FACE ( 'NONE', ( #1868 ), #1695, .F. ) ;
#502 = CARTESIAN_POINT ( 'NONE',  ( 67.39694749040670274, 157.9159062071255164, -432.8982684545129587 ) ) ;
#503 = EDGE_LOOP ( 'NONE', ( #2919, #1400 ) ) ;
#504 = CARTESIAN_POINT ( 'NONE',  ( 48.54226744368959601, 160.0812330498739868, -464.1485507641709773 ) ) ;
#505 = EDGE_LOOP ( 'NONE', ( #382, #2821 ) ) ;
#506 = DIRECTION ( 'NONE',  ( -0.9594079804610308182, 0.2820218555851409237, 0.000000000000000000 ) ) ;
#507 = ORIENTED_EDGE ( 'NONE', *, *, #2709, .F. ) ;
#508 = CARTESIAN_POINT ( 'NONE',  ( 56.10489757394360311, 159.4216315087919895, -497.4982684545129814 ) ) ;
#509 = CARTESIAN_POINT ( 'NONE',  ( 66.04409645795391270, 147.6403335182679939, -490.9982684545129814 ) ) ;
#510 = ORIENTED_EDGE ( 'NONE', *, *, #482, .T. ) ;
#511 = CARTESIAN_POINT ( 'NONE',  ( 69.42835872497420269, 159.1532292838009823, -407.8982684545130155 ) ) ;
#512 = PRODUCT ( 'MirrorASV1_500_09A.step', 'MirrorASV1_500_09A.step', '', ( #2773 ) ) ;
#513 = LINE ( 'NONE', #1381, #29 ) ;
#514 = DIRECTION ( 'NONE',  ( -0.9594079804610308182, 0.2820218555851409237, 0.000000000000000000 ) ) ;
#515 = LINE ( 'NONE', #1409, #2550 ) ;
#516 = SURFACE_SIDE_STYLE ('',( #287 ) ) ;
#517 = DIRECTION ( 'NONE',  ( 0.9594079804610300410, -0.2820218555851440323, 0.000000000000000000 ) ) ;
#518 = ORIENTED_EDGE ( 'NONE', *, *, #2777, .F. ) ;
#519 = EDGE_CURVE ( 'NONE', #1997, #1303, #1330, .T. ) ;
#520 = ADVANCED_FACE ( 'NONE', ( #351 ), #84, .F. ) ;
#521 = CARTESIAN_POINT ( 'NONE',  ( 66.76521853389600381, 155.7668323308930098, -503.9982684545129814 ) ) ;
#522 = EDGE_LOOP ( 'NONE', ( #2236, #547 ) ) ;
#523 = DIRECTION ( 'NONE',  ( 0.4789843223814410633, -0.8778234554355401897, 0.000000000000000000 ) ) ;
#524 = ORIENTED_EDGE ( 'NONE', *, *, #1036, .F. ) ;
#525 = DIRECTION ( 'NONE',  ( -0.2820218555851374820, -0.9594079804610320394, -0.000000000000000000 ) ) ;
#526 = CIRCLE ( 'NONE', #2168, 1.600000000000004086 ) ;
#527 = AXIS2_PLACEMENT_3D ( 'NONE', #159, #2826, #1020 ) ;
#528 = ORIENTED_EDGE ( 'NONE', *, *, #101, .F. ) ;
#529 = AXIS2_PLACEMENT_3D ( 'NONE', #1653, #800, #553 ) ;
#530 = AXIS2_PLACEMENT_3D ( 'NONE', #2185, #1076, #1051 ) ;
#531 = FACE_OUTER_BOUND ( 'NONE', #2596, .T. ) ;
#532 = VECTOR ( 'NONE', #650, 1000.000000000000114 ) ;
#533 = ORIENTED_EDGE ( 'NONE', *, *, #1132, .T. ) ;
#534 = AXIS2_PLACEMENT_3D ( 'NONE', #463, #1346, #2245 ) ;
#535 = CYLINDRICAL_SURFACE ( 'NONE', #674, 19.50000000000000711 ) ;
#536 = EDGE_CURVE ( 'NONE', #1734, #178, #2069, .T. ) ;
#537 = EDGE_CURVE ( 'NONE', #2586, #1207, #2575, .T. ) ;
#538 = ORIENTED_EDGE ( 'NONE', *, *, #823, .T. ) ;
#539 = CARTESIAN_POINT ( 'NONE',  ( 36.71254659125304443, 168.7701745592540021, -503.9982684545129814 ) ) ;
#540 = CARTESIAN_POINT ( 'NONE',  ( 66.76521853389600381, 155.7668323308930098, -413.9982684545129814 ) ) ;
#541 = CIRCLE ( 'NONE', #2565, 10.00000000000000000 ) ;
#542 = ORIENTED_EDGE ( 'NONE', *, *, #325, .F. ) ;
#543 = CARTESIAN_POINT ( 'NONE',  ( 67.89330595623660258, 159.6044642527369888, -503.9982684545129814 ) ) ;
#544 = VERTEX_POINT ( 'NONE', #1225 ) ;
#545 = DIRECTION ( 'NONE',  ( 0.2820218555851430886, 0.9594079804610304851, 0.000000000000000000 ) ) ;
#546 = DIRECTION ( 'NONE',  ( -0.2820218555851453646, -0.9594079804610295970, -0.000000000000000000 ) ) ;
#547 = ORIENTED_EDGE ( 'NONE', *, *, #276, .T. ) ;
#548 = DIRECTION ( 'NONE',  ( 0.2820218555851374820, 0.9594079804610320394, 0.000000000000000000 ) ) ;
#549 = ORIENTED_EDGE ( 'NONE', *, *, #2250, .F. ) ;
#550 = CARTESIAN_POINT ( 'NONE',  ( 64.66969514188748747, 160.5520576875030088, -407.8982684545130155 ) ) ;
#551 = CARTESIAN_POINT ( 'NONE',  ( 48.99296874115430001, 165.1602948077645010, -413.9982684545129814 ) ) ;
#552 = ORIENTED_EDGE ( 'NONE', *, *, #76, .F. ) ;
#553 = DIRECTION ( 'NONE',  ( -0.9594079804610310402, 0.2820218555851404796, 0.000000000000000000 ) ) ;
#554 = ADVANCED_FACE ( 'NONE', ( #309 ), #2825, .F. ) ;
#555 = ADVANCED_FACE ( 'NONE', ( #2332 ), #322, .F. ) ;
#556 = CARTESIAN_POINT ( 'NONE',  ( 85.83423519085779674, 154.3306555532950028, -464.1485507641709773 ) ) ;
#557 = FACE_OUTER_BOUND ( 'NONE', #609, .T. ) ;
#558 = ORIENTED_EDGE ( 'NONE', *, *, #2207, .T. ) ;
#559 = CARTESIAN_POINT ( 'NONE',  ( 51.80656780791510130, 162.4987613603839804, -475.8524428315189994 ) ) ;
#560 = EDGE_LOOP ( 'NONE', ( #2179, #442, #1496, #1784 ) ) ;
#561 = DIRECTION ( 'NONE',  ( -0.2820218555851453646, -0.9594079804610295970, 5.551115123125777155E-17 ) ) ;
#562 = VERTEX_POINT ( 'NONE', #1711 ) ;
#563 = DIRECTION ( 'NONE',  ( 0.8778234554355538455, 0.4789843223814159723, 0.000000000000000000 ) ) ;
#564 = FACE_BOUND ( 'NONE', #503, .T. ) ;
#565 = ORIENTED_EDGE ( 'NONE', *, *, #2848, .F. ) ;
#566 = LINE ( 'NONE', #1678, #1088 ) ;
#567 = EDGE_CURVE ( 'NONE', #2345, #288, #1751, .T. ) ;
#568 = ADVANCED_FACE ( 'NONE', ( #1259 ), #333, .F. ) ;
#569 = CARTESIAN_POINT ( 'NONE',  ( 74.75738180951809397, 153.9386583393784917, -497.4982684545140046 ) ) ;
#570 = AXIS2_PLACEMENT_3D ( 'NONE', #2394, #384, #616 ) ;
#571 = VECTOR ( 'NONE', #2349, 1000.000000000000114 ) ;
#572 = CYLINDRICAL_SURFACE ( 'NONE', #2758, 1.600000000000004086 ) ;
#573 = ORIENTED_EDGE ( 'NONE', *, *, #2907, .T. ) ;
#574 = VECTOR ( 'NONE', #2828, 999.9999999999998863 ) ;
#575 = DIRECTION ( 'NONE',  ( -0.2820218555851414233, -0.9594079804610308182, 5.551115123125778388E-17 ) ) ;
#576 = ORIENTED_EDGE ( 'NONE', *, *, #1437, .F. ) ;
#577 = AXIS2_PLACEMENT_3D ( 'NONE', #2683, #654, #1334 ) ;
#578 = DIRECTION ( 'NONE',  ( -6.109439335839029751E-16, 1.217296426077653991E-16, -1.000000000000000000 ) ) ;
#579 = AXIS2_PLACEMENT_3D ( 'NONE', #559, #2630, #1455 ) ;
#580 = ORIENTED_EDGE ( 'NONE', *, *, #1633, .F. ) ;
#581 = DIRECTION ( 'NONE',  ( -0.9594079804610300410, 0.2820218555851440323, 0.000000000000000000 ) ) ;
#582 = CARTESIAN_POINT ( 'NONE',  ( 64.50904368921489151, 148.0915684872046256, -503.9982684545129814 ) ) ;
#583 = CONICAL_SURFACE ( 'NONE', #1619, 38.70000000000000995, 0.7853981633974511656 ) ;
#584 = EDGE_LOOP ( 'NONE', ( #1855, #2792, #150, #410 ) ) ;
#585 = CARTESIAN_POINT ( 'NONE',  ( 67.61128410065140315, 158.6450562722759798, -503.9982684545129814 ) ) ;
#586 = AXIS2_PLACEMENT_3D ( 'NONE', #1670, #1235, #194 ) ;
#587 = VECTOR ( 'NONE', #2678, 999.9999999999998863 ) ;
#588 = EDGE_CURVE ( 'NONE', #1303, #1997, #1185, .T. ) ;
#589 = ADVANCED_FACE ( 'NONE', ( #2153 ), #1902, .T. ) ;
#590 = CARTESIAN_POINT ( 'NONE',  ( 80.26007482437898943, 155.9692025342444879, -532.1440940775079298 ) ) ;
#591 = EDGE_LOOP ( 'NONE', ( #1591, #1305 ) ) ;
#592 = DIRECTION ( 'NONE',  ( -0.4789843223814276296, 0.8778234554355474062, 0.000000000000000000 ) ) ;
#593 = EDGE_LOOP ( 'NONE', ( #2378, #2521 ) ) ;
#594 = ADVANCED_FACE ( 'NONE', ( #1031, #1676, #2588, #141, #564, #2359, #1245 ), #2604, .T. ) ;
#595 = ADVANCED_FACE ( 'NONE', ( #1992 ), #1525, .F. ) ;
#596 = DIRECTION ( 'NONE',  ( -0.2820218555851439768, -0.9594079804610300410, -0.000000000000000000 ) ) ;
#597 = ORIENTED_EDGE ( 'NONE', *, *, #75, .T. ) ;
#598 = LINE ( 'NONE', #2621, #345 ) ;
#599 = DIRECTION ( 'NONE',  ( -0.2820218555851404796, -0.9594079804610310402, 5.551115123125779621E-17 ) ) ;
#600 = ORIENTED_EDGE ( 'NONE', *, *, #289, .F. ) ;
#601 = CARTESIAN_POINT ( 'NONE',  ( 67.89330595623660258, 159.6044642527369888, -516.9982684545129814 ) ) ;
#602 = CYLINDRICAL_SURFACE ( 'NONE', #570, 1.599999999999997424 ) ;
#603 = CARTESIAN_POINT ( 'NONE',  ( 78.69463784398298856, 156.4293690650680162, -510.4982684545139477 ) ) ;
#604 = DIRECTION ( 'NONE',  ( -0.9594079804610300410, 0.2820218555851440323, 0.000000000000000000 ) ) ;
#605 = FACE_OUTER_BOUND ( 'NONE', #1669, .T. ) ;
#606 = VERTEX_POINT ( 'NONE', #2873 ) ;
#607 = CARTESIAN_POINT ( 'NONE',  ( 67.39694749040670274, 157.9159062071255164, -457.8982684545129587 ) ) ;
#608 = EDGE_CURVE ( 'NONE', #161, #1331, #157, .T. ) ;
#609 = EDGE_LOOP ( 'NONE', ( #30, #1951, #2291, #1127 ) ) ;
#610 = EDGE_CURVE ( 'NONE', #1997, #1826, #2672, .T. ) ;
#611 = CARTESIAN_POINT ( 'NONE',  ( 88.67100228519429095, 148.2852291675141885, -472.9684077982499844 ) ) ;
#612 = DIRECTION ( 'NONE',  ( 0.2820218555851460862, 0.9594079804610294859, -5.551115123125792563E-17 ) ) ;
#613 = DIRECTION ( 'NONE',  ( 0.8778234554355467401, 0.4789843223814288509, -8.659560562354835483E-17 ) ) ;
#614 = ORIENTED_EDGE ( 'NONE', *, *, #1809, .F. ) ;
#615 = LINE ( 'NONE', #2167, #2220 ) ;
#616 = DIRECTION ( 'NONE',  ( -0.9594079804610295970, 0.2820218555851451980, 0.000000000000000000 ) ) ;
#617 = CYLINDRICAL_SURFACE ( 'NONE', #1933, 1.600000000000004086 ) ;
#618 = DIRECTION ( 'NONE',  ( 0.2820218555851405351, 0.9594079804610311513, 0.000000000000000000 ) ) ;
#619 = DIRECTION ( 'NONE',  ( -0.9594079804610295970, 0.2820218555851451980, 0.000000000000000000 ) ) ;
#620 = ORIENTED_EDGE ( 'NONE', *, *, #431, .T. ) ;
#621 = AXIS2_PLACEMENT_3D ( 'NONE', #91, #2595, #2159 ) ;
#622 = CARTESIAN_POINT ( 'NONE',  ( 92.71184355351280715, 204.1143933110944886, -510.4982684545139477 ) ) ;
#623 = AXIS2_PLACEMENT_3D ( 'NONE', #244, #1354, #2081 ) ;
#624 = ORIENTED_EDGE ( 'NONE', *, *, #879, .T. ) ;
#625 = FACE_OUTER_BOUND ( 'NONE', #560, .T. ) ;
#626 = AXIS2_PLACEMENT_3D ( 'NONE', #1542, #2875, #2438 ) ;
#627 = AXIS2_PLACEMENT_3D ( 'NONE', #1202, #772, #2842 ) ;
#628 = CARTESIAN_POINT ( 'NONE',  ( 52.42786976455629855, 158.9390445347544869, -532.1440940775069066 ) ) ;
#629 = EDGE_CURVE ( 'NONE', #288, #1686, #2423, .T. ) ;
#630 = VECTOR ( 'NONE', #1244, 999.9999999999998863 ) ;
#631 = ORIENTED_EDGE ( 'NONE', *, *, #2710, .F. ) ;
#632 = VECTOR ( 'NONE', #1506, 999.9999999999998863 ) ;
#633 = DIRECTION ( 'NONE',  ( 0.2820218555851374820, 0.9594079804610320394, 0.000000000000000000 ) ) ;
#634 = CIRCLE ( 'NONE', #2276, 3.359999999999965681 ) ;
#635 = CIRCLE ( 'NONE', #1293, 39.70000000000000995 ) ;
#636 = AXIS2_PLACEMENT_3D ( 'NONE', #2789, #1658, #2272 ) ;
#637 = DIRECTION ( 'NONE',  ( -0.9594079804610314843, 0.2820218555851392028, 0.000000000000000000 ) ) ;
#638 = DIRECTION ( 'NONE',  ( -0.9594079804610320394, 0.2820218555851369824, 0.000000000000000000 ) ) ;
#639 = ORIENTED_EDGE ( 'NONE', *, *, #15, .T. ) ;
#640 = CARTESIAN_POINT ( 'NONE',  ( 80.65774088935340558, 152.2042239275299949, -497.4982684545140046 ) ) ;
#641 = ORIENTED_EDGE ( 'NONE', *, *, #2760, .F. ) ;
#642 = DIRECTION ( 'NONE',  ( -0.2820218555851439768, -0.9594079804610300410, 5.551115123125779621E-17 ) ) ;
#643 = DIRECTION ( 'NONE',  ( -0.2820218555851365383, -0.9594079804610322615, -0.000000000000000000 ) ) ;
#644 = DIRECTION ( 'NONE',  ( -0.2820218555851409792, -0.9594079804610310402, 5.551115123125779621E-17 ) ) ;
#645 = VERTEX_POINT ( 'NONE', #423 ) ;
#646 = CARTESIAN_POINT ( 'NONE',  ( 83.48368563872850245, 155.0216090994785247, -475.8524428315189994 ) ) ;
#647 = ADVANCED_FACE ( 'NONE', ( #1974 ), #2637, .T. ) ;
#648 = EDGE_CURVE ( 'NONE', #2607, #2398, #2885, .T. ) ;
#649 = CARTESIAN_POINT ( 'NONE',  ( 66.48319667831090385, 154.8074243504320009, -503.9982684545129814 ) ) ;
#650 = DIRECTION ( 'NONE',  ( -0.4789843223814099771, 0.8778234554355569541, 0.000000000000000000 ) ) ;
#651 = ORIENTED_EDGE ( 'NONE', *, *, #1166, .F. ) ;
#652 = CARTESIAN_POINT ( 'NONE',  ( 63.95604992177219827, 157.1137535270475212, -490.9982684545129814 ) ) ;
#653 = ORIENTED_EDGE ( 'NONE', *, *, #2613, .F. ) ;
#654 = DIRECTION ( 'NONE',  ( 0.2820218555851409792, 0.9594079804610310402, -5.551115123125779621E-17 ) ) ;
#655 = VERTEX_POINT ( 'NONE', #628 ) ;
#656 = LINE ( 'NONE', #2201, #2273 ) ;
#657 = ORIENTED_EDGE ( 'NONE', *, *, #2677, .T. ) ;
#658 = ADVANCED_FACE ( 'NONE', ( #1064 ), #1377, .F. ) ;
#659 = CARTESIAN_POINT ( 'NONE',  ( 76.17250858069729702, 153.5226761023905055, -510.4982684545139477 ) ) ;
#660 = EDGE_CURVE ( 'NONE', #2879, #731, #1472, .T. ) ;
#661 = DIRECTION ( 'NONE',  ( -0.9594079804610308182, 0.2820218555851411457, 0.000000000000000000 ) ) ;
#662 = ORIENTED_EDGE ( 'NONE', *, *, #1398, .T. ) ;
#663 = DIRECTION ( 'NONE',  ( 0.2820218555851439768, 0.9594079804610300410, -5.551115123125790098E-17 ) ) ;
#664 = EDGE_LOOP ( 'NONE', ( #1492, #2545, #1879, #2242 ) ) ;
#665 = CONICAL_SURFACE ( 'NONE', #1085, 3.360000000000000320, 0.7853981633974377319 ) ;
#666 = CIRCLE ( 'NONE', #2218, 3.359999999999998987 ) ;
#667 = DIRECTION ( 'NONE',  ( -0.4789843223814088113, 0.8778234554355577313, 0.000000000000000000 ) ) ;
#668 = ORIENTED_EDGE ( 'NONE', *, *, #184, .F. ) ;
#669 = LINE ( 'NONE', #2493, #1187 ) ;
#670 = AXIS2_PLACEMENT_3D ( 'NONE', #1459, #1880, #348 ) ;
#671 = AXIS2_PLACEMENT_3D ( 'NONE', #2583, #1720, #2131 ) ;
#672 = ORIENTED_EDGE ( 'NONE', *, *, #1274, .F. ) ;
#673 = CARTESIAN_POINT ( 'NONE',  ( 44.29539107142745280, 161.3296195333494722, -472.9684077982499844 ) ) ;
#674 = AXIS2_PLACEMENT_3D ( 'NONE', #931, #2735, #506 ) ;
#675 = FACE_BOUND ( 'NONE', #40, .T. ) ;
#676 = AXIS2_PLACEMENT_3D ( 'NONE', #2002, #2711, #2916 ) ;
#677 = CARTESIAN_POINT ( 'NONE',  ( 104.8537153581989969, 144.5705646641630153, -503.9982684545129814 ) ) ;
#678 = ORIENTED_EDGE ( 'NONE', *, *, #2150, .F. ) ;
#679 = EDGE_CURVE ( 'NONE', #499, #2132, #215, .T. ) ;
#680 = AXIS2_PLACEMENT_3D ( 'NONE', #805, #102, #385 ) ;
#681 = DIRECTION ( 'NONE',  ( -0.9594079804610328166, 0.2820218555851345954, 0.000000000000000000 ) ) ;
#682 = AXIS2_PLACEMENT_3D ( 'NONE', #1323, #2913, #1776 ) ;
#683 = EDGE_LOOP ( 'NONE', ( #267, #2070, #639, #1218 ) ) ;
#684 = EDGE_CURVE ( 'NONE', #303, #1478, #2608, .T. ) ;
#685 = LINE ( 'NONE', #2725, #1655 ) ;
#686 = EDGE_CURVE ( 'NONE', #2260, #1944, #379, .T. ) ;
#687 = DIRECTION ( 'NONE',  ( 0.9594079804610294859, -0.2820218555851459752, 0.000000000000000000 ) ) ;
#688 = ORIENTED_EDGE ( 'NONE', *, *, #1697, .T. ) ;
#689 = CYLINDRICAL_SURFACE ( 'NONE', #2072, 3.075000000000006839 ) ;
#690 = ORIENTED_EDGE ( 'NONE', *, *, #169, .F. ) ;
#691 = DIRECTION ( 'NONE',  ( -0.2820218555851439768, -0.9594079804610300410, 5.551115123125779621E-17 ) ) ;
#692 = CARTESIAN_POINT ( 'NONE',  ( 77.70756134943499660, 153.0714411334544991, -510.4982684545139477 ) ) ;
#693 = ORIENTED_EDGE ( 'NONE', *, *, #310, .T. ) ;
#694 = DIRECTION ( 'NONE',  ( -0.4789843223814099771, 0.8778234554355569541, 0.000000000000000000 ) ) ;
#695 = ORIENTED_EDGE ( 'NONE', *, *, #823, .F. ) ;
#696 = DIRECTION ( 'NONE',  ( 0.8778234554355479613, 0.4789843223814269080, 6.388892579133048863E-16 ) ) ;
#697 = LINE ( 'NONE', #248, #2505 ) ;
#698 = EDGE_CURVE ( 'NONE', #1907, #2262, #1878, .T. ) ;
#699 = EDGE_CURVE ( 'NONE', #1303, #1594, #393, .T. ) ;
#700 = ORIENTED_EDGE ( 'NONE', *, *, #679, .T. ) ;
#701 = DIRECTION ( 'NONE',  ( -0.4789843223814099771, 0.8778234554355569541, 0.000000000000000000 ) ) ;
#702 = ORIENTED_EDGE ( 'NONE', *, *, #2709, .T. ) ;
#703 = DIRECTION ( 'NONE',  ( -0.2820218555851405351, -0.9594079804610311513, 5.551115123125791330E-17 ) ) ;
#704 = CARTESIAN_POINT ( 'NONE',  ( 91.17679078477578969, 204.5656282800304950, -497.4982684545140046 ) ) ;
#705 = EDGE_LOOP ( 'NONE', ( #1156, #2922, #2437, #702 ) ) ;
#706 = CYLINDRICAL_SURFACE ( 'NONE', #1995, 1.600000000000004086 ) ;
#707 = ORIENTED_EDGE ( 'NONE', *, *, #2008, .T. ) ;
#708 = CARTESIAN_POINT ( 'NONE',  ( 57.09197406849099110, 162.7795594404060182, -510.4982684545129814 ) ) ;
#709 = CARTESIAN_POINT ( 'NONE',  ( 49.95237672161530185, 164.8782729521790316, -464.1485507641709773 ) ) ;
#710 = EDGE_LOOP ( 'NONE', ( #624, #4 ) ) ;
#711 = FACE_BOUND ( 'NONE', #591, .T. ) ;
#712 = VECTOR ( 'NONE', #2488, 999.9999999999998863 ) ;
#713 = EDGE_CURVE ( 'NONE', #655, #2506, #2097, .T. ) ;
#714 = CIRCLE ( 'NONE', #256, 1.600000000000044054 ) ;
#715 = ORIENTED_EDGE ( 'NONE', *, *, #2316, .T. ) ;
#716 = VECTOR ( 'NONE', #2127, 1000.000000000000227 ) ;
#717 = CARTESIAN_POINT ( 'NONE',  ( 29.80480913193360237, 170.8007319194670117, -503.9982684545129814 ) ) ;
#718 = AXIS2_PLACEMENT_3D ( 'NONE', #2574, #741, #321 ) ;
#719 = AXIS2_PLACEMENT_3D ( 'NONE', #2859, #2649, #1307 ) ;
#720 = FACE_OUTER_BOUND ( 'NONE', #932, .T. ) ;
#721 = AXIS2_PLACEMENT_3D ( 'NONE', #1254, #124, #1304 ) ;
#722 = LINE ( 'NONE', #459, #712 ) ;
#723 = ORIENTED_EDGE ( 'NONE', *, *, #143, .F. ) ;
#724 = CIRCLE ( 'NONE', #1188, 3.074999999999993960 ) ;
#725 = CARTESIAN_POINT ( 'NONE',  ( 90.08111156312011758, 153.0822690698195174, -472.9684077982499844 ) ) ;
#726 = ORIENTED_EDGE ( 'NONE', *, *, #468, .F. ) ;
#727 = CIRCLE ( 'NONE', #2901, 3.075000000000000622 ) ;
#728 = CARTESIAN_POINT ( 'NONE',  ( 68.01824944704850395, 154.3561893814955113, -457.8982684545129587 ) ) ;
#729 = ORIENTED_EDGE ( 'NONE', *, *, #2299, .F. ) ;
#730 = DIRECTION ( 'NONE',  ( -0.9594079804610310402, 0.2820218555851404796, 0.000000000000000000 ) ) ;
#731 = VERTEX_POINT ( 'NONE', #1026 ) ;
#732 = LINE ( 'NONE', #717, #1603 ) ;
#733 = EDGE_CURVE ( 'NONE', #2141, #2607, #1521, .T. ) ;
#734 = ADVANCED_FACE ( 'NONE', ( #2397, #2834 ), #2339, .T. ) ;
#735 = CARTESIAN_POINT ( 'NONE',  ( 53.34162057665269430, 162.0475263914479740, -475.8524428315189994 ) ) ;
#736 = ORIENTED_EDGE ( 'NONE', *, *, #1216, .F. ) ;
#737 = PRESENTATION_STYLE_ASSIGNMENT (( #2053 ) ) ;
#738 = ORIENTED_EDGE ( 'NONE', *, *, #2347, .T. ) ;
#739 = CARTESIAN_POINT ( 'NONE',  ( 84.42412591293199853, 149.5336156509897876, -413.9982684545129814 ) ) ;
#740 = ORIENTED_EDGE ( 'NONE', *, *, #2007, .F. ) ;
#741 = DIRECTION ( 'NONE',  ( -0.2820218555851414233, -0.9594079804610308182, 5.551115123125778388E-17 ) ) ;
#742 = ORIENTED_EDGE ( 'NONE', *, *, #1592, .T. ) ;
#743 = CARTESIAN_POINT ( 'NONE',  ( 83.48368563872850245, 155.0216090994785247, -475.8524428315189994 ) ) ;
#744 = PLANE ( 'NONE',  #1369 ) ;
#745 = ORIENTED_EDGE ( 'NONE', *, *, #2073, .T. ) ;
#746 = EDGE_CURVE ( 'NONE', #2857, #1794, #21, .T. ) ;
#747 = EDGE_CURVE ( 'NONE', #899, #252, #1442, .T. ) ;
#748 = DIRECTION ( 'NONE',  ( 0.2820218555851414233, 0.9594079804610308182, 0.000000000000000000 ) ) ;
#749 = DIRECTION ( 'NONE',  ( 0.4789843223814268525, -0.8778234554355477393, 0.000000000000000000 ) ) ;
#750 = ORIENTED_EDGE ( 'NONE', *, *, #894, .T. ) ;
#751 = DIRECTION ( 'NONE',  ( 0.9594079804610295970, -0.2820218555851451980, 0.000000000000000000 ) ) ;
#752 = ORIENTED_EDGE ( 'NONE', *, *, #945, .T. ) ;
#753 = DIRECTION ( 'NONE',  ( 0.2820218555851453646, 0.9594079804610295970, 0.000000000000000000 ) ) ;
#754 = DIRECTION ( 'NONE',  ( -0.9594079804610300410, 0.2820218555851440323, 0.000000000000000000 ) ) ;
#755 = VERTEX_POINT ( 'NONE', #2854 ) ;
#756 = CARTESIAN_POINT ( 'NONE',  ( 66.35825318749890300, 160.0556992216735068, -407.8982684545130155 ) ) ;
#757 = CIRCLE ( 'NONE', #2408, 3.359999999999998987 ) ;
#758 = ORIENTED_EDGE ( 'NONE', *, *, #536, .F. ) ;
#759 = AXIS2_PLACEMENT_3D ( 'NONE', #551, #114, #974 ) ;
#760 = FACE_BOUND ( 'NONE', #2489, .T. ) ;
#761 = CIRCLE ( 'NONE', #2223, 1.599999999999997424 ) ;
#762 = CARTESIAN_POINT ( 'NONE',  ( 86.51162131573370573, 153.0892257172484960, -464.1485507641709773 ) ) ;
#763 = VERTEX_POINT ( 'NONE', #373 ) ;
#764 = EDGE_CURVE ( 'NONE', #1349, #1123, #997, .T. ) ;
#765 = AXIS2_PLACEMENT_3D ( 'NONE', #939, #984, #1877 ) ;
#766 = DIRECTION ( 'NONE',  ( -0.2820218555851374820, -0.9594079804610320394, -0.000000000000000000 ) ) ;
#767 = EDGE_CURVE ( 'NONE', #2353, #544, #1236, .T. ) ;
#768 = AXIS2_PLACEMENT_3D ( 'NONE', #1287, #1959, #2148 ) ;
#769 = ORIENTED_EDGE ( 'NONE', *, *, #2462, .T. ) ;
#770 = EDGE_CURVE ( 'NONE', #793, #499, #104, .T. ) ;
#771 = CARTESIAN_POINT ( 'NONE',  ( 64.50904368921489151, 148.0915684872046256, -516.9982684545129814 ) ) ;
#772 = DIRECTION ( 'NONE',  ( -0.2820218555851439768, -0.9594079804610300410, 5.551115123125779621E-17 ) ) ;
#773 = AXIS2_PLACEMENT_3D ( 'NONE', #2396, #1718, #604 ) ;
#774 = ORIENTED_EDGE ( 'NONE', *, *, #1234, .T. ) ;
#775 = PRODUCT_DEFINITION_FORMATION_WITH_SPECIFIED_SOURCE ( 'Symmetric', '', #512, .NOT_KNOWN. ) ;
#776 = FACE_OUTER_BOUND ( 'NONE', #970, .T. ) ;
#777 = ORIENTED_EDGE ( 'NONE', *, *, #1255, .F. ) ;
#778 = DIRECTION ( 'NONE',  ( -0.9594079804610310402, 0.2820218555851404796, 0.000000000000000000 ) ) ;
#779 = CARTESIAN_POINT ( 'NONE',  ( 66.90622946168990381, 156.2465363211229885, -490.9982684545129814 ) ) ;
#780 = ORIENTED_EDGE ( 'NONE', *, *, #2577, .F. ) ;
#781 = FACE_OUTER_BOUND ( 'NONE', #2214, .T. ) ;
#782 = ORIENTED_EDGE ( 'NONE', *, *, #1490, .F. ) ;
#783 = DIRECTION ( 'NONE',  ( -0.9594079804610303741, 0.2820218555851430886, 0.000000000000000000 ) ) ;
#784 = DIRECTION ( 'NONE',  ( -8.340350255253120894E-16, 0.000000000000000000, -1.000000000000000000 ) ) ;
#785 = EDGE_CURVE ( 'NONE', #2132, #499, #2895, .T. ) ;
#786 = EDGE_CURVE ( 'NONE', #1012, #68, #2662, .T. ) ;
#787 = ORIENTED_EDGE ( 'NONE', *, *, #1412, .F. ) ;
#788 = CARTESIAN_POINT ( 'NONE',  ( 67.89330595623660258, 159.6044642527369888, -407.8982684545130155 ) ) ;
#789 = CARTESIAN_POINT ( 'NONE',  ( 66.90622946168990381, 156.2465363211229885, -490.9982684545129814 ) ) ;
#790 = CARTESIAN_POINT ( 'NONE',  ( 56.10489757394360311, 159.4216315087919895, -497.4982684545129814 ) ) ;
#791 = ORIENTED_EDGE ( 'NONE', *, *, #2518, .T. ) ;
#792 = CYLINDRICAL_SURFACE ( 'NONE', #671, 3.075000000000000622 ) ;
#793 = VERTEX_POINT ( 'NONE', #386 ) ;
#794 = DIRECTION ( 'NONE',  ( 0.2820218555851439768, 0.9594079804610300410, 0.000000000000000000 ) ) ;
#795 = VERTEX_POINT ( 'NONE', #998 ) ;
#796 = LINE ( 'NONE', #2540, #395 ) ;
#797 = CARTESIAN_POINT ( 'NONE',  ( 67.39694749040670274, 157.9159062071255164, -407.8982684545130155 ) ) ;
#798 = FACE_OUTER_BOUND ( 'NONE', #2647, .T. ) ;
#799 = ORIENTED_EDGE ( 'NONE', *, *, #2388, .F. ) ;
#800 = DIRECTION ( 'NONE',  ( 0.2820218555851404796, 0.9594079804610310402, -5.551115123125779621E-17 ) ) ;
#801 = EDGE_CURVE ( 'NONE', #1984, #2586, #136, .T. ) ;
#802 = DIRECTION ( 'NONE',  ( -0.9594079804610310402, 0.2820218555851404796, 0.000000000000000000 ) ) ;
#803 = VECTOR ( 'NONE', #2486, 1000.000000000000000 ) ;
#804 = VECTOR ( 'NONE', #1174, 1000.000000000000000 ) ;
#805 = CARTESIAN_POINT ( 'NONE',  ( 77.70756134943570714, 153.0714411334539875, -497.4982684545140046 ) ) ;
#806 = ORIENTED_EDGE ( 'NONE', *, *, #1579, .F. ) ;
#807 = CONICAL_SURFACE ( 'NONE', #1282, 3.359999999999998987, 0.7853981633974362886 ) ;
#808 = DIRECTION ( 'NONE',  ( -0.2820218555851439768, -0.9594079804610300410, -0.000000000000000000 ) ) ;
#809 = ORIENTED_EDGE ( 'NONE', *, *, #2133, .F. ) ;
#810 = AXIS2_PLACEMENT_3D ( 'NONE', #2472, #1610, #1595 ) ;
#811 = CARTESIAN_POINT ( 'NONE',  ( 30.76421711239460066, 170.5187100638819970, -503.9982684545129814 ) ) ;
#812 = VECTOR ( 'NONE', #1267, 999.9999999999998863 ) ;
#813 = ORIENTED_EDGE ( 'NONE', *, *, #629, .T. ) ;
#814 = FACE_OUTER_BOUND ( 'NONE', #10, .T. ) ;
#815 = DIRECTION ( 'NONE',  ( 0.2059847695007560320, -0.7975741328894350168, -0.5669618834448980627 ) ) ;
#816 = PLANE ( 'NONE',  #2744 ) ;
#817 = AXIS2_PLACEMENT_3D ( 'NONE', #1399, #1154, #2522 ) ;
#818 = ORIENTED_EDGE ( 'NONE', *, *, #1758, .T. ) ;
#819 = DIRECTION ( 'NONE',  ( 0.2820218555851404796, 0.9594079804610310402, -5.551115123125779621E-17 ) ) ;
#820 =( GEOMETRIC_REPRESENTATION_CONTEXT ( 3 ) GLOBAL_UNCERTAINTY_ASSIGNED_CONTEXT ( ( #1892 ) ) GLOBAL_UNIT_ASSIGNED_CONTEXT ( ( #2083, #2064, #968 ) ) REPRESENTATION_CONTEXT ( 'NONE', 'WORKASPACE' ) );
#821 = EDGE_CURVE ( 'NONE', #888, #7, #1895, .T. ) ;
#822 = FACE_OUTER_BOUND ( 'NONE', #2303, .T. ) ;
#823 = EDGE_CURVE ( 'NONE', #1486, #2329, #908, .T. ) ;
#824 = VERTEX_POINT ( 'NONE', #2809 ) ;
#825 = FACE_OUTER_BOUND ( 'NONE', #1583, .T. ) ;
#826 = ORIENTED_EDGE ( 'NONE', *, *, #277, .T. ) ;
#827 = CARTESIAN_POINT ( 'NONE',  ( 35.30243731332735280, 163.9731346569489858, -503.9982684545129814 ) ) ;
#828 = ORIENTED_EDGE ( 'NONE', *, *, #1490, .T. ) ;
#829 = DIRECTION ( 'NONE',  ( -0.2820218555851439768, -0.9594079804610300410, 5.551115123125779621E-17 ) ) ;
#830 = DIRECTION ( 'NONE',  ( -0.4789843223814099771, 0.8778234554355569541, 0.000000000000000000 ) ) ;
#831 = ORIENTED_EDGE ( 'NONE', *, *, #978, .T. ) ;
#832 = DIRECTION ( 'NONE',  ( 0.2820218555851349285, 0.9594079804610328166, 0.000000000000000000 ) ) ;
#833 = LINE ( 'NONE', #2660, #571 ) ;
#834 = CARTESIAN_POINT ( 'NONE',  ( 81.91051166576640696, 207.2894884987634896, -516.9982684545129814 ) ) ;
#835 = CARTESIAN_POINT ( 'NONE',  ( 69.57412700928310301, 210.9158186553684970, -510.4982684545129814 ) ) ;
#836 = VERTEX_POINT ( 'NONE', #2383 ) ;
#837 = EDGE_CURVE ( 'NONE', #1518, #2295, #264, .T. ) ;
#838 = ADVANCED_FACE ( 'NONE', ( #825 ), #792, .F. ) ;
#839 = CARTESIAN_POINT ( 'NONE',  ( 80.53852359206480571, 150.6758041661095149, -532.1440940775079298 ) ) ;
#840 = ORIENTED_EDGE ( 'NONE', *, *, #1327, .T. ) ;
#841 = DIRECTION ( 'NONE',  ( 0.9594079804610300410, -0.2820218555851440323, 0.000000000000000000 ) ) ;
#842 = DIRECTION ( 'NONE',  ( 0.2059847695007229473, -0.7975741328894578874, 0.5669618834448779676 ) ) ;
#843 = CARTESIAN_POINT ( 'NONE',  ( 48.99296874115430001, 165.1602948077645010, -413.9982684545129814 ) ) ;
#844 = ORIENTED_EDGE ( 'NONE', *, *, #1092, .T. ) ;
#845 = DIRECTION ( 'NONE',  ( 0.2820218555851405351, 0.9594079804610311513, -5.551115123125791330E-17 ) ) ;
#846 = CARTESIAN_POINT ( 'NONE',  ( 67.89330595623660258, 159.6044642527369888, -457.8982684545129587 ) ) ;
#847 = FACE_OUTER_BOUND ( 'NONE', #2682, .T. ) ;
#848 = CARTESIAN_POINT ( 'NONE',  ( 81.94863286999050445, 155.4728440684149859, -532.1440940775079298 ) ) ;
#849 = EDGE_LOOP ( 'NONE', ( #2909, #2045, #2400, #2707 ) ) ;
#850 = AXIS2_PLACEMENT_3D ( 'NONE', #1186, #273, #2039 ) ;
#851 = CYLINDRICAL_SURFACE ( 'NONE', #1991, 10.00000000000000355 ) ;
#852 = VECTOR ( 'NONE', #845, 999.9999999999998863 ) ;
#853 = ORIENTED_EDGE ( 'NONE', *, *, #1560, .F. ) ;
#854 = DIRECTION ( 'NONE',  ( -0.9594079804610303741, 0.2820218555851430886, 0.000000000000000000 ) ) ;
#855 = AXIS2_PLACEMENT_3D ( 'NONE', #1584, #2526, #41 ) ;
#856 = VECTOR ( 'NONE', #667, 1000.000000000000227 ) ;
#857 = DIRECTION ( 'NONE',  ( -0.2820218555851405351, -0.9594079804610311513, 5.551115123125790098E-17 ) ) ;
#858 = EDGE_CURVE ( 'NONE', #1123, #1349, #490, .T. ) ;
#859 = ADVANCED_FACE ( 'NONE', ( #605 ), #2352, .F. ) ;
#860 = AXIS2_PLACEMENT_3D ( 'NONE', #1198, #1635, #495 ) ;
#861 = ORIENTED_EDGE ( 'NONE', *, *, #1313, .F. ) ;
#862 = AXIS2_PLACEMENT_3D ( 'NONE', #177, #1096, #2390 ) ;
#863 = CARTESIAN_POINT ( 'NONE',  ( 66.76521853389600381, 155.7668323308930098, -503.9982684545129814 ) ) ;
#864 = AXIS2_PLACEMENT_3D ( 'NONE', #2296, #748, #1163 ) ;
#865 = FACE_OUTER_BOUND ( 'NONE', #1203, .T. ) ;
#866 = VECTOR ( 'NONE', #1981, 999.9999999999998863 ) ;
#867 = DIRECTION ( 'NONE',  ( -0.2820218555851409792, -0.9594079804610310402, 5.551115123125779621E-17 ) ) ;
#868 = CARTESIAN_POINT ( 'NONE',  ( 52.30292627374490166, 164.1873194059955097, -475.8524428315189994 ) ) ;
#869 = ORIENTED_EDGE ( 'NONE', *, *, #1597, .F. ) ;
#870 = VECTOR ( 'NONE', #2487, 999.9999999999998863 ) ;
#871 = DIRECTION ( 'NONE',  ( -0.9594079804610318174, 0.2820218555851377595, -5.551115123125781913E-15 ) ) ;
#872 = VERTEX_POINT ( 'NONE', #2430 ) ;
#873 = LINE ( 'NONE', #189, #2031 ) ;
#874 = DIRECTION ( 'NONE',  ( 0.9594079804610321505, -0.2820218555851366493, 0.000000000000000000 ) ) ;
#875 = CARTESIAN_POINT ( 'NONE',  ( 55.24276457020759779, 150.8154287059369949, -497.4982684545129814 ) ) ;
#876 = ORIENTED_EDGE ( 'NONE', *, *, #2043, .T. ) ;
#877 = DIRECTION ( 'NONE',  ( -0.9594079804610327056, 0.2820218555851349285, 0.000000000000000000 ) ) ;
#878 = ADVANCED_FACE ( 'NONE', ( #883, #1517 ), #2011, .T. ) ;
#879 = EDGE_CURVE ( 'NONE', #1550, #477, #724, .T. ) ;
#880 = VERTEX_POINT ( 'NONE', #406 ) ;
#881 = CARTESIAN_POINT ( 'NONE',  ( 33.48893577690395063, 169.7177679940199937, -503.9982684545129814 ) ) ;
#882 = PLANE ( 'NONE',  #1153 ) ;
#883 = FACE_BOUND ( 'NONE', #1609, .T. ) ;
#884 = ORIENTED_EDGE ( 'NONE', *, *, #1177, .F. ) ;
#885 = CARTESIAN_POINT ( 'NONE',  ( 67.89330595623660258, 159.6044642527369888, -503.9982684545129814 ) ) ;
#886 = ORIENTED_EDGE ( 'NONE', *, *, #184, .T. ) ;
#887 = CARTESIAN_POINT ( 'NONE',  ( 83.44556443450530026, 206.8382535298270284, -490.9982684545129814 ) ) ;
#888 = VERTEX_POINT ( 'NONE', #2706 ) ;
#889 = CARTESIAN_POINT ( 'NONE',  ( 67.89330595623660258, 159.6044642527369888, -503.9982684545129814 ) ) ;
#890 = ORIENTED_EDGE ( 'NONE', *, *, #1118, .F. ) ;
#891 = EDGE_CURVE ( 'NONE', #2372, #178, #1283, .T. ) ;
#892 = LINE ( 'NONE', #314, #2658 ) ;
#893 = FACE_BOUND ( 'NONE', #2160, .T. ) ;
#894 = EDGE_CURVE ( 'NONE', #824, #2827, #2414, .T. ) ;
#895 = EDGE_CURVE ( 'NONE', #2727, #2845, #1100, .T. ) ;
#896 = LINE ( 'NONE', #835, #2497 ) ;
#897 = ORIENTED_EDGE ( 'NONE', *, *, #310, .F. ) ;
#898 = CARTESIAN_POINT ( 'NONE',  ( 67.89330595623660258, 159.6044642527369888, -457.8982684545129587 ) ) ;
#899 = VERTEX_POINT ( 'NONE', #1106 ) ;
#900 = FACE_OUTER_BOUND ( 'NONE', #1171, .T. ) ;
#901 = VECTOR ( 'NONE', #1582, 999.9999999999998863 ) ;
#902 = CYLINDRICAL_SURFACE ( 'NONE', #61, 3.075000000000000622 ) ;
#903 = ORIENTED_EDGE ( 'NONE', *, *, #1300, .T. ) ;
#904 = FACE_OUTER_BOUND ( 'NONE', #1903, .T. ) ;
#905 = VECTOR ( 'NONE', #2363, 1000.000000000000000 ) ;
#906 = VECTOR ( 'NONE', #749, 1000.000000000000114 ) ;
#907 = CIRCLE ( 'NONE', #718, 11.00000000000000355 ) ;
#908 = CIRCLE ( 'NONE', #441, 3.359999999999965681 ) ;
#909 = ORIENTED_EDGE ( 'NONE', *, *, #684, .F. ) ;
#910 = LINE ( 'NONE', #511, #2886 ) ;
#911 = DIRECTION ( 'NONE',  ( 1.968327990612039750E-16, 0.000000000000000000, 1.000000000000000000 ) ) ;
#912 = DIRECTION ( 'NONE',  ( 1.968327990612039750E-16, 0.000000000000000000, 1.000000000000000000 ) ) ;
#913 = VERTEX_POINT ( 'NONE', #428 ) ;
#914 = ADVANCED_FACE ( 'NONE', ( #1576 ), #2691, .F. ) ;
#915 = CIRCLE ( 'NONE', #680, 1.600000000000004086 ) ;
#916 = EDGE_CURVE ( 'NONE', #2345, #1799, #2899, .T. ) ;
#917 = CARTESIAN_POINT ( 'NONE',  ( 80.26007482437940155, 155.9692025342444879, -475.8524428315189994 ) ) ;
#918 = ORIENTED_EDGE ( 'NONE', *, *, #2461, .F. ) ;
#919 = DIRECTION ( 'NONE',  ( -0.2820218555851409792, -0.9594079804610310402, 5.551115123125790098E-17 ) ) ;
#920 = EDGE_LOOP ( 'NONE', ( #2098, #2871 ) ) ;
#921 = DIRECTION ( 'NONE',  ( -0.2820218555851409792, -0.9594079804610310402, 5.551115123125779621E-17 ) ) ;
#922 = ORIENTED_EDGE ( 'NONE', *, *, #2554, .F. ) ;
#923 = CARTESIAN_POINT ( 'NONE',  ( 86.79364317131879147, 154.0486336977100166, -413.9982684545129814 ) ) ;
#924 = APPLICATION_PROTOCOL_DEFINITION ( 'draft international standard', 'automotive_design', 1998, #1111 ) ;
#925 = CARTESIAN_POINT ( 'NONE',  ( 85.83423519085779674, 154.3306555532950028, -413.9982684545129814 ) ) ;
#926 = ORIENTED_EDGE ( 'NONE', *, *, #101, .T. ) ;
#927 = FACE_OUTER_BOUND ( 'NONE', #705, .T. ) ;
#928 = PRODUCT_RELATED_PRODUCT_CATEGORY ( 'part', '', ( #512 ) ) ;
#929 = VERTEX_POINT ( 'NONE', #2193 ) ;
#930 = EDGE_CURVE ( 'NONE', #2320, #2260, #1146, .T. ) ;
#931 = CARTESIAN_POINT ( 'NONE',  ( 63.38095626687429984, 144.2539365653606183, -503.9982684545129814 ) ) ;
#932 = EDGE_LOOP ( 'NONE', ( #272, #331, #454, #2483 ) ) ;
#933 = FACE_BOUND ( 'NONE', #1266, .T. ) ;
#934 = ORIENTED_EDGE ( 'NONE', *, *, #1723, .F. ) ;
#935 = DIRECTION ( 'NONE',  ( -0.9594079804610300410, 0.2820218555851440323, 0.000000000000000000 ) ) ;
#936 = DIRECTION ( 'NONE',  ( -0.9594079804610310402, 0.2820218555851404796, 0.000000000000000000 ) ) ;
#937 = CARTESIAN_POINT ( 'NONE',  ( 56.10489757394299914, 159.4216315087925011, -510.4982684545129814 ) ) ;
#938 = ORIENTED_EDGE ( 'NONE', *, *, #1414, .F. ) ;
#939 = CARTESIAN_POINT ( 'NONE',  ( 57.09197406849159506, 162.7795594404060182, -497.4982684545129814 ) ) ;
#940 = VERTEX_POINT ( 'NONE', #2866 ) ;
#941 = DIRECTION ( 'NONE',  ( -0.2820218555851384257, -0.9594079804610318174, -0.000000000000000000 ) ) ;
#942 = AXIS2_PLACEMENT_3D ( 'NONE', #2020, #500, #2281 ) ;
#943 = CIRCLE ( 'NONE', #1328, 1.600000000000004086 ) ;
#944 = ADVANCED_FACE ( 'NONE', ( #1749 ), #2224, .F. ) ;
#945 = EDGE_CURVE ( 'NONE', #1686, #1799, #1566, .T. ) ;
#946 = CIRCLE ( 'NONE', #60, 3.359999999999965681 ) ;
#947 = ORIENTED_EDGE ( 'NONE', *, *, #2646, .T. ) ;
#948 = DIRECTION ( 'NONE',  ( -0.9594079804610319284, 0.2820218555851377040, 0.000000000000000000 ) ) ;
#949 = CIRCLE ( 'NONE', #2847, 1.600000000000004086 ) ;
#950 = AXIS2_PLACEMENT_3D ( 'NONE', #1069, #418, #2000 ) ;
#951 = CARTESIAN_POINT ( 'NONE',  ( 68.93200025914438811, 157.4646712381895099, -457.8982684545129587 ) ) ;
#952 = AXIS2_PLACEMENT_3D ( 'NONE', #708, #22, #2568 ) ;
#953 = DIRECTION ( 'NONE',  ( -0.9594079804610300410, 0.2820218555851440323, 0.000000000000000000 ) ) ;
#954 = VERTEX_POINT ( 'NONE', #677 ) ;
#955 = CIRCLE ( 'NONE', #268, 1.600000000000004086 ) ;
#956 = CARTESIAN_POINT ( 'NONE',  ( 66.04409645795260531, 147.6403335182683918, -516.9982684545129814 ) ) ;
#957 = ORIENTED_EDGE ( 'NONE', *, *, #2388, .T. ) ;
#958 = AXIS2_PLACEMENT_3D ( 'NONE', #2663, #405, #2204 ) ;
#959 = FACE_OUTER_BOUND ( 'NONE', #2746, .T. ) ;
#960 = ORIENTED_EDGE ( 'NONE', *, *, #1900, .T. ) ;
#961 = DIRECTION ( 'NONE',  ( -0.9594079804610295970, 0.2820218555851451980, 0.000000000000000000 ) ) ;
#962 = ORIENTED_EDGE ( 'NONE', *, *, #1645, .T. ) ;
#963 = EDGE_CURVE ( 'NONE', #2827, #1141, #195, .T. ) ;
#964 = DIRECTION ( 'NONE',  ( -0.9594079804610308182, 0.2820218555851410902, 0.000000000000000000 ) ) ;
#965 = EDGE_CURVE ( 'NONE', #2816, #1853, #1314, .T. ) ;
#966 = DIRECTION ( 'NONE',  ( -9.044523979204359392E-16, 3.237272371154979940E-16, 1.000000000000000000 ) ) ;
#967 = ORIENTED_EDGE ( 'NONE', *, *, #1468, .F. ) ;
#968 =( NAMED_UNIT ( * ) SI_UNIT ( $, .STERADIAN. ) SOLID_ANGLE_UNIT ( ) );
#969 = DIRECTION ( 'NONE',  ( 0.2820218555851439768, 0.9594079804610300410, -5.551115123125779621E-17 ) ) ;
#970 = EDGE_LOOP ( 'NONE', ( #2578, #2387, #1790, #2287 ) ) ;
#971 = LINE ( 'NONE', #709, #1941 ) ;
#972 = VERTEX_POINT ( 'NONE', #232 ) ;
#973 = CARTESIAN_POINT ( 'NONE',  ( 59.05507711386130154, 158.5544143028680253, -497.4982684545129814 ) ) ;
#974 = DIRECTION ( 'NONE',  ( 0.000000000000000000, -2.200095109278830152E-15, 1.000000000000000000 ) ) ;
#975 = EDGE_LOOP ( 'NONE', ( #42, #245 ) ) ;
#976 = DIRECTION ( 'NONE',  ( -0.9594079804610311513, 0.2820218555851402575, 0.000000000000000000 ) ) ;
#977 = ADVANCED_FACE ( 'NONE', ( #172 ), #1796, .F. ) ;
#978 = EDGE_CURVE ( 'NONE', #2325, #606, #1939, .T. ) ;
#979 = ORIENTED_EDGE ( 'NONE', *, *, #1697, .F. ) ;
#980 = EDGE_CURVE ( 'NONE', #2012, #1478, #896, .T. ) ;
#981 = EDGE_CURVE ( 'NONE', #252, #145, #1692, .T. ) ;
#982 = CARTESIAN_POINT ( 'NONE',  ( 83.48368563872850245, 155.0216090994785247, -475.8524428315189994 ) ) ;
#983 = ORIENTED_EDGE ( 'NONE', *, *, #981, .T. ) ;
#984 = DIRECTION ( 'NONE',  ( -0.2820218555851409792, -0.9594079804610310402, 5.551115123125790098E-17 ) ) ;
#985 = ORIENTED_EDGE ( 'NONE', *, *, #1436, .F. ) ;
#986 = DIRECTION ( 'NONE',  ( 0.2820218555851439768, 0.9594079804610300410, -5.551115123125779621E-17 ) ) ;
#987 = DIRECTION ( 'NONE',  ( -0.9594079804610303741, 0.2820218555851430886, 0.000000000000000000 ) ) ;
#988 = ORIENTED_EDGE ( 'NONE', *, *, #1273, .F. ) ;
#989 = LINE ( 'NONE', #2407, #1374 ) ;
#990 = CIRCLE ( 'NONE', #251, 1.600000000000004086 ) ;
#991 = VECTOR ( 'NONE', #1966, 1000.000000000000114 ) ;
#992 = ORIENTED_EDGE ( 'NONE', *, *, #1347, .F. ) ;
#993 = CIRCLE ( 'NONE', #1745, 3.074999999999993960 ) ;
#994 = CIRCLE ( 'NONE', #2841, 17.57500000000000284 ) ;
#995 = DIRECTION ( 'NONE',  ( 0.2820218555851439768, 0.9594079804610300410, -5.551115123125779621E-17 ) ) ;
#996 = AXIS2_PLACEMENT_3D ( 'NONE', #478, #2278, #2511 ) ;
#997 = CIRCLE ( 'NONE', #2319, 1.599999999999997424 ) ;
#998 = CARTESIAN_POINT ( 'NONE',  ( 68.44128223042629600, 155.7953013521870105, -516.9982684545129814 ) ) ;
#999 = ORIENTED_EDGE ( 'NONE', *, *, #260, .F. ) ;
#1000 = EDGE_CURVE ( 'NONE', #645, #2771, #1978, .T. ) ;
#1001 = ADVANCED_FACE ( 'NONE', ( #1408, #1860 ), #744, .T. ) ;
#1002 = VECTOR ( 'NONE', #1176, 999.9999999999998863 ) ;
#1003 = DIRECTION ( 'NONE',  ( 0.2820218555851405351, 0.9594079804610311513, -5.551115123125791330E-17 ) ) ;
#1004 = CIRCLE ( 'NONE', #1945, 10.00000000000000178 ) ;
#1005 = EDGE_LOOP ( 'NONE', ( #1682, #528, #1622, #2810 ) ) ;
#1006 = CARTESIAN_POINT ( 'NONE',  ( 39.93615740560215244, 167.8225811244880106, -503.9982684545129814 ) ) ;
#1007 = DIRECTION ( 'NONE',  ( -0.9594079804610300410, 0.2820218555851440323, 0.000000000000000000 ) ) ;
#1008 = ORIENTED_EDGE ( 'NONE', *, *, #1596, .F. ) ;
#1009 = DIRECTION ( 'NONE',  ( -0.2820218555851404796, -0.9594079804610310402, 5.551115123125779621E-17 ) ) ;
#1010 = CYLINDRICAL_SURFACE ( 'NONE', #1230, 1.600000000000004086 ) ;
#1011 = FACE_OUTER_BOUND ( 'NONE', #2301, .T. ) ;
#1012 = VERTEX_POINT ( 'NONE', #2062 ) ;
#1013 = DIRECTION ( 'NONE',  ( -0.9594079804610295970, 0.2820218555851451980, 0.000000000000000000 ) ) ;
#1014 = ORIENTED_EDGE ( 'NONE', *, *, #2779, .F. ) ;
#1015 = CARTESIAN_POINT ( 'NONE',  ( 67.89330595623790998, 159.6044642527365056, -490.9982684545129814 ) ) ;
#1016 = ADVANCED_FACE ( 'NONE', ( #1191 ), #389, .T. ) ;
#1017 = ORIENTED_EDGE ( 'NONE', *, *, #537, .F. ) ;
#1018 = FACE_OUTER_BOUND ( 'NONE', #2473, .T. ) ;
#1019 = DIRECTION ( 'NONE',  ( 0.9594079804610311513, -0.2820218555851404796, 0.000000000000000000 ) ) ;
#1020 = DIRECTION ( 'NONE',  ( 0.9594079804610300410, -0.2820218555851440323, 0.000000000000000000 ) ) ;
#1021 = ORIENTED_EDGE ( 'NONE', *, *, #1596, .T. ) ;
#1022 = CARTESIAN_POINT ( 'NONE',  ( 28.67672170959300004, 166.9630999976229759, -503.9982684545129814 ) ) ;
#1023 = CARTESIAN_POINT ( 'NONE',  ( 68.01824944704850395, 154.3561893814955113, -432.8982684545129587 ) ) ;
#1024 = DIRECTION ( 'NONE',  ( -0.9594079804610300410, 0.2820218555851440323, 0.000000000000000000 ) ) ;
#1025 = ORIENTED_EDGE ( 'NONE', *, *, #2133, .T. ) ;
#1026 = CARTESIAN_POINT ( 'NONE',  ( 79.24261411817279566, 152.6202061645179811, -510.4982684545139477 ) ) ;
#1027 = ORIENTED_EDGE ( 'NONE', *, *, #2335, .F. ) ;
#1028 = CARTESIAN_POINT ( 'NONE',  ( 67.89330595623660258, 159.6044642527369888, -407.8982684545130155 ) ) ;
#1029 = ORIENTED_EDGE ( 'NONE', *, *, #2265, .T. ) ;
#1030 = DIRECTION ( 'NONE',  ( -0.2820218555851405351, -0.9594079804610311513, 5.551115123125791330E-17 ) ) ;
#1031 = FACE_BOUND ( 'NONE', #2306, .T. ) ;
#1032 = DIRECTION ( 'NONE',  ( 0.2820218555851409792, 0.9594079804610310402, -5.551115123125779621E-17 ) ) ;
#1033 = ORIENTED_EDGE ( 'NONE', *, *, #1000, .T. ) ;
#1034 = LINE ( 'NONE', #2426, #2454 ) ;
#1035 = EDGE_CURVE ( 'NONE', #477, #1550, #2309, .T. ) ;
#1036 = EDGE_CURVE ( 'NONE', #2879, #2857, #1173, .T. ) ;
#1037 = DIRECTION ( 'NONE',  ( 0.9594079804610300410, -0.2820218555851440323, 0.000000000000000000 ) ) ;
#1038 = CIRCLE ( 'NONE', #623, 18.70000000000000284 ) ;
#1039 = CIRCLE ( 'NONE', #1514, 18.70000000000000284 ) ;
#1040 = LINE ( 'NONE', #1940, #2614 ) ;
#1041 = AXIS2_PLACEMENT_3D ( 'NONE', #43, #1617, #2529 ) ;
#1042 = DIRECTION ( 'NONE',  ( 0.2820218555851405351, 0.9594079804610311513, 0.000000000000000000 ) ) ;
#1043 = ORIENTED_EDGE ( 'NONE', *, *, #1774, .T. ) ;
#1044 = AXIS2_PLACEMENT_3D ( 'NONE', #79, #969, #1863 ) ;
#1045 = VECTOR ( 'NONE', #2237, 999.9999999999998863 ) ;
#1046 = FACE_OUTER_BOUND ( 'NONE', #2406, .T. ) ;
#1047 = AXIS2_PLACEMENT_3D ( 'NONE', #1727, #643, #874 ) ;
#1048 = ORIENTED_EDGE ( 'NONE', *, *, #2676, .T. ) ;
#1049 = FACE_OUTER_BOUND ( 'NONE', #126, .T. ) ;
#1050 = CIRCLE ( 'NONE', #721, 1.599999999999997424 ) ;
#1051 = DIRECTION ( 'NONE',  ( -0.9594079804610300410, 0.2820218555851440323, 0.000000000000000000 ) ) ;
#1052 = EDGE_LOOP ( 'NONE', ( #1393, #1647, #2867, #1378 ) ) ;
#1053 = CARTESIAN_POINT ( 'NONE',  ( 38.24759935999069427, 168.3189395903179957, -503.9982684545129814 ) ) ;
#1054 = AXIS2_PLACEMENT_3D ( 'NONE', #2429, #1082, #2897 ) ;
#1055 = EDGE_CURVE ( 'NONE', #1461, #880, #722, .T. ) ;
#1056 = EDGE_CURVE ( 'NONE', #1782, #2230, #1038, .T. ) ;
#1057 = DIRECTION ( 'NONE',  ( -0.2820218555851370379, -0.9594079804610322615, -0.000000000000000000 ) ) ;
#1058 = CARTESIAN_POINT ( 'NONE',  ( 67.89330595623660258, 159.6044642527369888, -457.8982684545129587 ) ) ;
#1059 = DIRECTION ( 'NONE',  ( 0.2820218555851430886, 0.9594079804610304851, 0.000000000000000000 ) ) ;
#1060 = ORIENTED_EDGE ( 'NONE', *, *, #380, .T. ) ;
#1061 = DIRECTION ( 'NONE',  ( -0.9594079804610305962, 0.2820218555851416453, 0.000000000000000000 ) ) ;
#1062 = ORIENTED_EDGE ( 'NONE', *, *, #608, .F. ) ;
#1063 = DIRECTION ( 'NONE',  ( -0.9594079804610319284, 0.2820218555851377040, 0.000000000000000000 ) ) ;
#1064 = FACE_OUTER_BOUND ( 'NONE', #2258, .T. ) ;
#1065 = VERTEX_POINT ( 'NONE', #2775 ) ;
#1066 = DIRECTION ( 'NONE',  ( -0.9594079804610310402, 0.2820218555851407571, 0.000000000000000000 ) ) ;
#1067 = CARTESIAN_POINT ( 'NONE',  ( 85.83423519085769726, 154.3306555532950028, -413.9982684545129814 ) ) ;
#1068 = FACE_BOUND ( 'NONE', #462, .T. ) ;
#1069 = CARTESIAN_POINT ( 'NONE',  ( 77.70756134943499660, 153.0714411334544991, -510.4982684545139477 ) ) ;
#1070 = VERTEX_POINT ( 'NONE', #2745 ) ;
#1071 = EDGE_CURVE ( 'NONE', #2827, #824, #2355, .T. ) ;
#1072 = ADVANCED_FACE ( 'NONE', ( #2531 ), #665, .F. ) ;
#1073 = DIRECTION ( 'NONE',  ( -0.2820218555851439768, -0.9594079804610300410, 5.551115123125779621E-17 ) ) ;
#1074 = ORIENTED_EDGE ( 'NONE', *, *, #1738, .F. ) ;
#1075 = DIRECTION ( 'NONE',  ( 0.2820218555851414233, 0.9594079804610308182, -5.551115123125778388E-17 ) ) ;
#1076 = DIRECTION ( 'NONE',  ( -0.2820218555851439768, -0.9594079804610300410, 5.551115123125779621E-17 ) ) ;
#1077 = EDGE_LOOP ( 'NONE', ( #286, #631 ) ) ;
#1078 = CARTESIAN_POINT ( 'NONE',  ( 81.37063894581750390, 143.1350343752959873, -503.9982684545129814 ) ) ;
#1079 = CARTESIAN_POINT ( 'NONE',  ( 64.66969514188748747, 160.5520576875030088, -432.8982684545129587 ) ) ;
#1080 = DIRECTION ( 'NONE',  ( 0.9594079804610300410, -0.2820218555851440323, 0.000000000000000000 ) ) ;
#1081 = CARTESIAN_POINT ( 'NONE',  ( 75.74445830406540381, 157.2965862709920088, -510.4982684545139477 ) ) ;
#1082 = DIRECTION ( 'NONE',  ( -0.2820218555851374820, -0.9594079804610320394, -0.000000000000000000 ) ) ;
#1083 = CARTESIAN_POINT ( 'NONE',  ( 36.71254659125304443, 168.7701745592540021, -503.9982684545129814 ) ) ;
#1084 = EDGE_LOOP ( 'NONE', ( #840, #1719, #2252, #368 ) ) ;
#1085 = AXIS2_PLACEMENT_3D ( 'NONE', #1621, #1631, #1366 ) ;
#1086 = CIRCLE ( 'NONE', #2657, 19.50000000000000711 ) ;
#1087 = DIRECTION ( 'NONE',  ( 0.8778234554355467401, 0.4789843223814288509, -8.659560562354835483E-17 ) ) ;
#1088 = VECTOR ( 'NONE', #1483, 999.9999999999998863 ) ;
#1089 = AXIS2_PLACEMENT_3D ( 'NONE', #120, #1512, #2851 ) ;
#1090 = EDGE_CURVE ( 'NONE', #562, #1367, #1834, .T. ) ;
#1091 = ORIENTED_EDGE ( 'NONE', *, *, #1414, .T. ) ;
#1092 = EDGE_CURVE ( 'NONE', #880, #1261, #2051, .T. ) ;
#1093 = DIRECTION ( 'NONE',  ( -0.9594079804610295970, 0.2820218555851451980, 0.000000000000000000 ) ) ;
#1094 = CIRCLE ( 'NONE', #1519, 3.075000000000000622 ) ;
#1095 = AXIS2_PLACEMENT_3D ( 'NONE', #1549, #1114, #2084 ) ;
#1096 = DIRECTION ( 'NONE',  ( -0.2820218555851439768, -0.9594079804610300410, -0.000000000000000000 ) ) ;
#1097 = CARTESIAN_POINT ( 'NONE',  ( 53.15471803402589757, 160.2888487147164938, -497.4982684545129814 ) ) ;
#1098 = AXIS2_PLACEMENT_3D ( 'NONE', #1710, #1075, #155 ) ;
#1099 = ORIENTED_EDGE ( 'NONE', *, *, #1825, .F. ) ;
#1100 = CIRCLE ( 'NONE', #2559, 3.360000000000000320 ) ;
#1101 = CARTESIAN_POINT ( 'NONE',  ( 65.37117669295228950, 156.6977712900594781, -490.9982684545129814 ) ) ;
#1102 = AXIS2_PLACEMENT_3D ( 'NONE', #409, #1735, #2619 ) ;
#1103 = ORIENTED_EDGE ( 'NONE', *, *, #1633, .T. ) ;
#1104 = CIRCLE ( 'NONE', #2669, 1.599999999999997424 ) ;
#1105 = FACE_BOUND ( 'NONE', #1325, .T. ) ;
#1106 = CARTESIAN_POINT ( 'NONE',  ( 44.67250064788419195, 149.7533627492710195, -503.9982684545129814 ) ) ;
#1107 = VERTEX_POINT ( 'NONE', #262 ) ;
#1108 = DIRECTION ( 'NONE',  ( -0.2820218555851374820, -0.9594079804610320394, -0.000000000000000000 ) ) ;
#1109 = ORIENTED_EDGE ( 'NONE', *, *, #747, .F. ) ;
#1110 = DIRECTION ( 'NONE',  ( 0.8778234554355615060, 0.4789843223814017614, 0.000000000000000000 ) ) ;
#1111 = APPLICATION_CONTEXT ( 'automotive_design' ) ;
#1112 = EDGE_CURVE ( 'NONE', #2816, #2882, #526, .T. ) ;
#1113 = ADVANCED_FACE ( 'NONE', ( #77 ), #2114, .F. ) ;
#1114 = DIRECTION ( 'NONE',  ( -0.2820218555851414233, -0.9594079804610308182, 5.551115123125778388E-17 ) ) ;
#1115 = ORIENTED_EDGE ( 'NONE', *, *, #1680, .T. ) ;
#1116 = CARTESIAN_POINT ( 'NONE',  ( 86.51162131573370573, 153.0892257172490076, -413.9982684545129814 ) ) ;
#1117 = EDGE_CURVE ( 'NONE', #7, #110, #19, .T. ) ;
#1118 = EDGE_CURVE ( 'NONE', #2037, #131, #1848, .T. ) ;
#1119 = DIRECTION ( 'NONE',  ( 0.2820218555851439768, 0.9594079804610300410, -5.551115123125790098E-17 ) ) ;
#1120 = CARTESIAN_POINT ( 'NONE',  ( 81.91051166576770015, 207.2894884987630064, -490.9982684545129814 ) ) ;
#1121 = FACE_BOUND ( 'NONE', #522, .T. ) ;
#1122 = DIRECTION ( 'NONE',  ( -0.2820218555851409792, -0.9594079804610310402, 5.551115123125779621E-17 ) ) ;
#1123 = VERTEX_POINT ( 'NONE', #735 ) ;
#1124 = CYLINDRICAL_SURFACE ( 'NONE', #67, 3.075000000000000622 ) ;
#1125 = ORIENTED_EDGE ( 'NONE', *, *, #2533, .F. ) ;
#1126 = LINE ( 'NONE', #2032, #906 ) ;
#1127 = ORIENTED_EDGE ( 'NONE', *, *, #1149, .T. ) ;
#1128 = DIRECTION ( 'NONE',  ( -0.9594079804610317064, 0.2820218555851384812, 0.000000000000000000 ) ) ;
#1129 = ORIENTED_EDGE ( 'NONE', *, *, #2331, .T. ) ;
#1130 = EDGE_CURVE ( 'NONE', #2699, #1817, #297, .T. ) ;
#1131 = DIRECTION ( 'NONE',  ( -0.2820218555851374820, -0.9594079804610320394, -0.000000000000000000 ) ) ;
#1132 = EDGE_CURVE ( 'NONE', #2582, #929, #2742, .T. ) ;
#1133 = FACE_OUTER_BOUND ( 'NONE', #920, .T. ) ;
#1134 = DIRECTION ( 'NONE',  ( -0.2820218555851414233, -0.9594079804610308182, 5.551115123125778388E-17 ) ) ;
#1135 = EDGE_LOOP ( 'NONE', ( #186, #909, #580, #960 ) ) ;
#1136 = CARTESIAN_POINT ( 'NONE',  ( 56.10489757394360311, 159.4216315087919895, -497.4982684545129814 ) ) ;
#1137 = ORIENTED_EDGE ( 'NONE', *, *, #1723, .T. ) ;
#1138 = AXIS2_PLACEMENT_3D ( 'NONE', #2040, #44, #33 ) ;
#1139 = AXIS2_PLACEMENT_3D ( 'NONE', #1231, #1057, #1484 ) ;
#1140 = DIRECTION ( 'NONE',  ( -0.9594079804610300410, 0.2820218555851440323, 0.000000000000000000 ) ) ;
#1141 = VERTEX_POINT ( 'NONE', #1079 ) ;
#1142 = CARTESIAN_POINT ( 'NONE',  ( 77.70756134943499660, 153.0714411334544991, -510.4982684545139477 ) ) ;
#1143 = CONICAL_SURFACE ( 'NONE', #438, 3.359999999999965681, 0.7853981633974377319 ) ;
#1144 = CIRCLE ( 'NONE', #1233, 1.600000000000004086 ) ;
#1145 = VECTOR ( 'NONE', #332, 999.9999999999998863 ) ;
#1146 = CIRCLE ( 'NONE', #1699, 17.57500000000000284 ) ;
#1147 = ORIENTED_EDGE ( 'NONE', *, *, #1873, .T. ) ;
#1148 = DIRECTION ( 'NONE',  ( 0.9594079804610312623, -0.2820218555851396469, 0.000000000000000000 ) ) ;
#1149 = EDGE_CURVE ( 'NONE', #795, #1070, #2065, .T. ) ;
#1150 = AXIS2_PLACEMENT_3D ( 'NONE', #363, #2013, #2228 ) ;
#1151 = CARTESIAN_POINT ( 'NONE',  ( 67.39694749040670274, 157.9159062071255164, -457.8982684545129587 ) ) ;
#1152 = VERTEX_POINT ( 'NONE', #1715 ) ;
#1153 = AXIS2_PLACEMENT_3D ( 'NONE', #1747, #2704, #911 ) ;
#1154 = DIRECTION ( 'NONE',  ( -0.2820218555851370379, -0.9594079804610322615, -0.000000000000000000 ) ) ;
#1155 = EDGE_LOOP ( 'NONE', ( #552, #281, #2768, #1815 ) ) ;
#1156 = ORIENTED_EDGE ( 'NONE', *, *, #1932, .T. ) ;
#1157 = DIRECTION ( 'NONE',  ( 0.2820218555851405351, 0.9594079804610311513, -5.551115123125785167E-17 ) ) ;
#1158 = ORIENTED_EDGE ( 'NONE', *, *, #963, .T. ) ;
#1159 = CARTESIAN_POINT ( 'NONE',  ( 48.71094688556920005, 164.2008868273034921, -413.9982684545129814 ) ) ;
#1160 = DIRECTION ( 'NONE',  ( 0.2820218555851405351, 0.9594079804610311513, 0.000000000000000000 ) ) ;
#1161 = DIRECTION ( 'NONE',  ( -0.2820218555851404796, -0.9594079804610310402, 5.551115123125779621E-17 ) ) ;
#1162 = ORIENTED_EDGE ( 'NONE', *, *, #2739, .F. ) ;
#1163 = DIRECTION ( 'NONE',  ( -0.9594079804610307072, 0.2820218555851415343, 0.000000000000000000 ) ) ;
#1164 = ORIENTED_EDGE ( 'NONE', *, *, #376, .T. ) ;
#1165 = ADVANCED_FACE ( 'NONE', ( #2626 ), #602, .F. ) ;
#1166 = EDGE_CURVE ( 'NONE', #2586, #460, #2547, .T. ) ;
#1167 = FACE_OUTER_BOUND ( 'NONE', #1564, .T. ) ;
#1168 = ORIENTED_EDGE ( 'NONE', *, *, #858, .T. ) ;
#1169 = CARTESIAN_POINT ( 'NONE',  ( 72.64423254675840269, 210.0133487174960010, -510.4982684545129814 ) ) ;
#1170 = ADVANCED_BREP_SHAPE_REPRESENTATION ( 'MirrorASV1_500_09A.step', ( #2544, #1341 ), #1481 ) ;
#1171 = EDGE_LOOP ( 'NONE', ( #497, #353, #421, #135 ) ) ;
#1172 = DIRECTION ( 'NONE',  ( 0.2820218555851439768, 0.9594079804610300410, -5.551115123125790098E-17 ) ) ;
#1173 = LINE ( 'NONE', #1588, #2837 ) ;
#1174 = DIRECTION ( 'NONE',  ( -0.4789843223815278828, 0.8778234554354927832, 0.000000000000000000 ) ) ;
#1175 = VERTEX_POINT ( 'NONE', #1379 ) ;
#1176 = DIRECTION ( 'NONE',  ( -0.2820218555851405351, -0.9594079804610311513, 5.551115123125791330E-17 ) ) ;
#1177 = EDGE_CURVE ( 'NONE', #2248, #34, #757, .T. ) ;
#1178 = EDGE_CURVE ( 'NONE', #731, #2879, #1513, .T. ) ;
#1179 = ORIENTED_EDGE ( 'NONE', *, *, #767, .T. ) ;
#1180 = CARTESIAN_POINT ( 'NONE',  ( 36.71254659125304443, 168.7701745592540021, -503.9982684545129814 ) ) ;
#1181 = CIRCLE ( 'NONE', #850, 1.600000000000004086 ) ;
#1182 = VECTOR ( 'NONE', #2424, 999.9999999999998863 ) ;
#1183 = CIRCLE ( 'NONE', #1516, 38.69999999999999574 ) ;
#1184 = EDGE_LOOP ( 'NONE', ( #2718, #2054, #565, #279 ) ) ;
#1185 = CIRCLE ( 'NONE', #1563, 1.600000000000004086 ) ;
#1186 = CARTESIAN_POINT ( 'NONE',  ( 75.31037557696200224, 144.9164732995354257, -497.4982684545140046 ) ) ;
#1187 = VECTOR ( 'NONE', #1392, 1000.000000000000114 ) ;
#1188 = AXIS2_PLACEMENT_3D ( 'NONE', #1957, #1555, #1789 ) ;
#1189 = APPLICATION_PROTOCOL_DEFINITION ( 'draft international standard', 'automotive_design', 1998, #2500 ) ;
#1190 = AXIS2_PLACEMENT_3D ( 'NONE', #521, #548, #1444 ) ;
#1191 = FACE_OUTER_BOUND ( 'NONE', #1309, .T. ) ;
#1192 = VERTEX_POINT ( 'NONE', #2719 ) ;
#1193 = CONICAL_SURFACE ( 'NONE', #864, 11.00000000000000355, 0.7853981633974433940 ) ;
#1194 = DIRECTION ( 'NONE',  ( -0.2820218555851409792, -0.9594079804610310402, 5.551115123125779621E-17 ) ) ;
#1195 = DIRECTION ( 'NONE',  ( -0.2820218555851460862, -0.9594079804610294859, 5.551115123125792563E-17 ) ) ;
#1196 = VERTEX_POINT ( 'NONE', #2515 ) ;
#1197 = AXIS2_PLACEMENT_3D ( 'NONE', #1575, #2475, #637 ) ;
#1198 = CARTESIAN_POINT ( 'NONE',  ( 83.48368563872850245, 155.0216090994785247, -475.8524428315189994 ) ) ;
#1199 = ORIENTED_EDGE ( 'NONE', *, *, #2868, .T. ) ;
#1200 = CARTESIAN_POINT ( 'NONE',  ( 48.54226744368959601, 160.0812330498739868, -413.9982684545129814 ) ) ;
#1201 = EDGE_CURVE ( 'NONE', #1615, #2103, #990, .T. ) ;
#1202 = CARTESIAN_POINT ( 'NONE',  ( 71.10917977802070311, 210.4645836864324906, -510.4982684545129814 ) ) ;
#1203 = EDGE_LOOP ( 'NONE', ( #558, #329, #2740, #2855 ) ) ;
#1204 = DIRECTION ( 'NONE',  ( -0.9594079804610300410, 0.2820218555851440323, 0.000000000000000000 ) ) ;
#1205 = EDGE_CURVE ( 'NONE', #1367, #562, #479, .T. ) ;
#1206 = EDGE_CURVE ( 'NONE', #2523, #1782, #31, .T. ) ;
#1207 = VERTEX_POINT ( 'NONE', #673 ) ;
#1208 = PLANE ( 'NONE',  #2235 ) ;
#1209 = ORIENTED_EDGE ( 'NONE', *, *, #1206, .T. ) ;
#1210 = DIRECTION ( 'NONE',  ( -0.9594079804610319284, 0.2820218555851377040, 0.000000000000000000 ) ) ;
#1211 = ORIENTED_EDGE ( 'NONE', *, *, #1597, .T. ) ;
#1212 = CARTESIAN_POINT ( 'NONE',  ( 73.77532280822438793, 145.3677082684716027, -497.4982684545140046 ) ) ;
#1213 = DIRECTION ( 'NONE',  ( -0.2820218555851439768, -0.9594079804610300410, 5.551115123125779621E-17 ) ) ;
#1214 = ORIENTED_EDGE ( 'NONE', *, *, #1898, .F. ) ;
#1215 = DIRECTION ( 'NONE',  ( 0.2820218555851439768, 0.9594079804610300410, 0.000000000000000000 ) ) ;
#1216 = EDGE_CURVE ( 'NONE', #1223, #1141, #100, .T. ) ;
#1217 = ADVANCED_FACE ( 'NONE', ( #1846 ), #2598, .F. ) ;
#1218 = ORIENTED_EDGE ( 'NONE', *, *, #289, .T. ) ;
#1219 = DIRECTION ( 'NONE',  ( -0.2820218555851405351, -0.9594079804610311513, 5.551115123125791330E-17 ) ) ;
#1220 = CARTESIAN_POINT ( 'NONE',  ( 77.70756134943570714, 153.0714411334539875, -497.4982684545140046 ) ) ;
#1221 = ORIENTED_EDGE ( 'NONE', *, *, #1112, .F. ) ;
#1222 = DIRECTION ( 'NONE',  ( -0.9594079804610319284, 0.2820218555851374820, 0.000000000000000000 ) ) ;
#1223 = VERTEX_POINT ( 'NONE', #1574 ) ;
#1224 = DIRECTION ( 'NONE',  ( -0.2820218555851453646, -0.9594079804610295970, 5.551115123125777155E-17 ) ) ;
#1225 = CARTESIAN_POINT ( 'NONE',  ( 70.84348549615431523, 158.7372470468129961, -516.9982684545129814 ) ) ;
#1226 = ORIENTED_EDGE ( 'NONE', *, *, #733, .T. ) ;
#1227 = DIRECTION ( 'NONE',  ( -0.9594079804610328166, 0.2820218555851345954, 0.000000000000000000 ) ) ;
#1228 = AXIS2_PLACEMENT_3D ( 'NONE', #2498, #488, #2566 ) ;
#1229 = AXIS2_PLACEMENT_3D ( 'NONE', #2123, #1262, #976 ) ;
#1230 = AXIS2_PLACEMENT_3D ( 'NONE', #2641, #2412, #1037 ) ;
#1231 = CARTESIAN_POINT ( 'NONE',  ( 98.57770685539020405, 148.7501959006085883, -503.9982684545129814 ) ) ;
#1232 = CIRCLE ( 'NONE', #810, 3.359999999999965681 ) ;
#1233 = AXIS2_PLACEMENT_3D ( 'NONE', #1553, #2896, #216 ) ;
#1234 = EDGE_CURVE ( 'NONE', #1709, #2014, #2761, .T. ) ;
#1235 = DIRECTION ( 'NONE',  ( 0.2820218555851374820, 0.9594079804610320394, 0.000000000000000000 ) ) ;
#1236 = CIRCLE ( 'NONE', #1614, 3.074999999999993960 ) ;
#1237 = ORIENTED_EDGE ( 'NONE', *, *, #891, .F. ) ;
#1238 = DIRECTION ( 'NONE',  ( -0.9594079804610319284, 0.2820218555851377040, 0.000000000000000000 ) ) ;
#1239 = ORIENTED_EDGE ( 'NONE', *, *, #2613, .T. ) ;
#1240 = CIRCLE ( 'NONE', #817, 1.600000000000044054 ) ;
#1241 = DIRECTION ( 'NONE',  ( -0.9594079804610300410, 0.2820218555851440323, 0.000000000000000000 ) ) ;
#1242 = AXIS2_PLACEMENT_3D ( 'NONE', #1387, #2286, #2749 ) ;
#1243 = ORIENTED_EDGE ( 'NONE', *, *, #1274, .T. ) ;
#1244 = DIRECTION ( 'NONE',  ( 0.2820218555851405351, 0.9594079804610311513, -5.551115123125791330E-17 ) ) ;
#1245 = FACE_OUTER_BOUND ( 'NONE', #1284, .T. ) ;
#1246 = DIRECTION ( 'NONE',  ( 0.000000000000000000, 9.979331308825991317E-16, 1.000000000000000000 ) ) ;
#1247 = ORIENTED_EDGE ( 'NONE', *, *, #1347, .T. ) ;
#1248 = DIRECTION ( 'NONE',  ( -0.2820218555851404796, -0.9594079804610310402, 5.551115123125779621E-17 ) ) ;
#1249 = FACE_OUTER_BOUND ( 'NONE', #372, .T. ) ;
#1250 = CARTESIAN_POINT ( 'NONE',  ( 95.85045450687100299, 151.3863473809859954, -503.9982684545129814 ) ) ;
#1251 = ORIENTED_EDGE ( 'NONE', *, *, #1914, .T. ) ;
#1252 = DIRECTION ( 'NONE',  ( 0.2820218555851460862, 0.9594079804610294859, -5.551115123125792563E-17 ) ) ;
#1253 = ORIENTED_EDGE ( 'NONE', *, *, #226, .T. ) ;
#1254 = CARTESIAN_POINT ( 'NONE',  ( 50.89281699581869844, 159.3902795036904934, -532.1440940775069066 ) ) ;
#1255 = EDGE_CURVE ( 'NONE', #1817, #1428, #1181, .T. ) ;
#1256 = EDGE_LOOP ( 'NONE', ( #1396, #429, #1405, #1839 ) ) ;
#1257 = EDGE_CURVE ( 'NONE', #1070, #2786, #457, .T. ) ;
#1258 = CARTESIAN_POINT ( 'NONE',  ( 67.89330595623660258, 159.6044642527369888, -432.8982684545129587 ) ) ;
#1259 = FACE_OUTER_BOUND ( 'NONE', #2277, .T. ) ;
#1260 = DIRECTION ( 'NONE',  ( 0.2820218555851439768, 0.9594079804610300410, -5.551115123125790098E-17 ) ) ;
#1261 = VERTEX_POINT ( 'NONE', #1159 ) ;
#1262 = DIRECTION ( 'NONE',  ( -0.2820218555851400355, -0.9594079804610312623, -0.000000000000000000 ) ) ;
#1263 = DIRECTION ( 'NONE',  ( -0.8778234554355520691, -0.4789843223814190254, -0.000000000000000000 ) ) ;
#1264 = DIRECTION ( 'NONE',  ( -0.2820218555851355946, -0.9594079804610324835, -0.000000000000000000 ) ) ;
#1265 = CARTESIAN_POINT ( 'NONE',  ( 36.71254659125304443, 168.7701745592540021, -503.9982684545129814 ) ) ;
#1266 = EDGE_LOOP ( 'NONE', ( #377, #726 ) ) ;
#1267 = DIRECTION ( 'NONE',  ( 0.2820218555851405351, 0.9594079804610311513, 0.000000000000000000 ) ) ;
#1268 = ORIENTED_EDGE ( 'NONE', *, *, #698, .F. ) ;
#1269 = LINE ( 'NONE', #2811, #1986 ) ;
#1270 = ORIENTED_EDGE ( 'NONE', *, *, #610, .F. ) ;
#1271 = FACE_OUTER_BOUND ( 'NONE', #229, .T. ) ;
#1272 = DIRECTION ( 'NONE',  ( 0.2820218555851404796, 0.9594079804610310402, -5.551115123125790098E-17 ) ) ;
#1273 = EDGE_CURVE ( 'NONE', #80, #358, #1744, .T. ) ;
#1274 = EDGE_CURVE ( 'NONE', #2582, #1303, #910, .T. ) ;
#1275 = CARTESIAN_POINT ( 'NONE',  ( 86.70729645307719125, 154.0740156647125048, -532.1440940775079298 ) ) ;
#1276 = ORIENTED_EDGE ( 'NONE', *, *, #340, .F. ) ;
#1277 = DIRECTION ( 'NONE',  ( -0.2820218555851405351, -0.9594079804610311513, 5.551115123125791330E-17 ) ) ;
#1278 = FACE_OUTER_BOUND ( 'NONE', #1651, .T. ) ;
#1279 = AXIS2_PLACEMENT_3D ( 'NONE', #502, #274, #473 ) ;
#1280 = CIRCLE ( 'NONE', #296, 1.600000000000091571 ) ;
#1281 = DIRECTION ( 'NONE',  ( -0.9594079804610295970, 0.2820218555851451980, 0.000000000000000000 ) ) ;
#1282 = AXIS2_PLACEMENT_3D ( 'NONE', #1529, #832, #877 ) ;
#1283 = LINE ( 'NONE', #1777, #2364 ) ;
#1284 = EDGE_LOOP ( 'NONE', ( #1638, #1214 ) ) ;
#1285 = AXIS2_PLACEMENT_3D ( 'NONE', #540, #1447, #1650 ) ;
#1286 = CIRCLE ( 'NONE', #18, 1.600000000000004086 ) ;
#1287 = CARTESIAN_POINT ( 'NONE',  ( 99.07406532122008969, 150.4387539462200039, -503.9982684545129814 ) ) ;
#1288 = AXIS2_PLACEMENT_3D ( 'NONE', #1908, #1659, #1875 ) ;
#1289 = ORIENTED_EDGE ( 'NONE', *, *, #1616, .T. ) ;
#1290 = CARTESIAN_POINT ( 'NONE',  ( 83.48368563872850245, 155.0216090994785247, -475.8524428315189994 ) ) ;
#1291 = CARTESIAN_POINT ( 'NONE',  ( 71.11691677058561822, 158.6568708179709972, -407.8982684545130155 ) ) ;
#1292 = DIRECTION ( 'NONE',  ( -0.9594079804610328166, 0.2820218555851342623, 0.000000000000000000 ) ) ;
#1293 = AXIS2_PLACEMENT_3D ( 'NONE', #1356, #1971, #681 ) ;
#1294 = ORIENTED_EDGE ( 'NONE', *, *, #1468, .T. ) ;
#1295 = CARTESIAN_POINT ( 'NONE',  ( 71.11691677058561822, 158.6568708179709972, -407.8982684545130155 ) ) ;
#1296 = EDGE_CURVE ( 'NONE', #2421, #460, #732, .T. ) ;
#1297 = AXIS2_PLACEMENT_3D ( 'NONE', #1058, #2369, #2852 ) ;
#1298 = EDGE_CURVE ( 'NONE', #2137, #2132, #471, .T. ) ;
#1299 = DIRECTION ( 'NONE',  ( -0.9594079804610295970, 0.2820218555851451980, 0.000000000000000000 ) ) ;
#1300 = EDGE_CURVE ( 'NONE', #1944, #1458, #1931, .T. ) ;
#1301 = DIRECTION ( 'NONE',  ( 0.2820218555851349285, 0.9594079804610328166, 0.000000000000000000 ) ) ;
#1302 = DIRECTION ( 'NONE',  ( -0.2820218555851439768, -0.9594079804610300410, -0.000000000000000000 ) ) ;
#1303 = VERTEX_POINT ( 'NONE', #2060 ) ;
#1304 = DIRECTION ( 'NONE',  ( -0.9594079804610295970, 0.2820218555851451980, 0.000000000000000000 ) ) ;
#1305 = ORIENTED_EDGE ( 'NONE', *, *, #2864, .F. ) ;
#1306 = CYLINDRICAL_SURFACE ( 'NONE', #2750, 1.600000000000004086 ) ;
#1307 = DIRECTION ( 'NONE',  ( 0.9594079804610308182, -0.2820218555851414788, 0.000000000000000000 ) ) ;
#1308 = DIRECTION ( 'NONE',  ( 0.2820218555851460862, 0.9594079804610294859, -5.551115123125792563E-17 ) ) ;
#1309 = EDGE_LOOP ( 'NONE', ( #1871, #1522, #2155, #1391 ) ) ;
#1310 = DIRECTION ( 'NONE',  ( 0.2820218555851439768, 0.9594079804610300410, -5.551115123125790098E-17 ) ) ;
#1311 = ADVANCED_FACE ( 'NONE', ( #483 ), #2050, .F. ) ;
#1312 = CARTESIAN_POINT ( 'NONE',  ( 39.11686708095880505, 167.0211053831545200, -464.1485507641709773 ) ) ;
#1313 = EDGE_CURVE ( 'NONE', #1065, #1656, #103, .T. ) ;
#1314 = LINE ( 'NONE', #2205, #2800 ) ;
#1315 = ORIENTED_EDGE ( 'NONE', *, *, #88, .T. ) ;
#1316 = FACE_OUTER_BOUND ( 'NONE', #1896, .T. ) ;
#1317 = ORIENTED_EDGE ( 'NONE', *, *, #1451, .F. ) ;
#1318 = FACE_OUTER_BOUND ( 'NONE', #2548, .T. ) ;
#1319 = CARTESIAN_POINT ( 'NONE',  ( 90.08111156312011758, 153.0822690698195174, -472.9684077982499844 ) ) ;
#1320 = FACE_OUTER_BOUND ( 'NONE', #1626, .T. ) ;
#1321 = EDGE_LOOP ( 'NONE', ( #1899, #2696 ) ) ;
#1322 = DIRECTION ( 'NONE',  ( -0.2820218555851414233, -0.9594079804610308182, 5.551115123125778388E-17 ) ) ;
#1323 = CARTESIAN_POINT ( 'NONE',  ( 57.09197406849159506, 162.7795594404060182, -497.4982684545129814 ) ) ;
#1324 = DIRECTION ( 'NONE',  ( -0.9594079804610303741, 0.2820218555851430886, 0.000000000000000000 ) ) ;
#1325 = EDGE_LOOP ( 'NONE', ( #1179, #2567 ) ) ;
#1326 = AXIS2_PLACEMENT_3D ( 'NONE', #2268, #2025, #2305 ) ;
#1327 = EDGE_CURVE ( 'NONE', #824, #1223, #892, .T. ) ;
#1328 = AXIS2_PLACEMENT_3D ( 'NONE', #224, #205, #1140 ) ;
#1329 = CARTESIAN_POINT ( 'NONE',  ( 38.27080151420334886, 164.1428814417714932, -464.1485507641709773 ) ) ;
#1330 = CIRCLE ( 'NONE', #439, 1.600000000000004086 ) ;
#1331 = VERTEX_POINT ( 'NONE', #98 ) ;
#1332 = AXIS2_PLACEMENT_3D ( 'NONE', #1479, #2389, #365 ) ;
#1333 = AXIS2_PLACEMENT_3D ( 'NONE', #1962, #1272, #158 ) ;
#1334 = DIRECTION ( 'NONE',  ( -0.9594079804610308182, 0.2820218555851411457, 0.000000000000000000 ) ) ;
#1335 = AXIS2_PLACEMENT_3D ( 'NONE', #305, #93, #49 ) ;
#1336 = ORIENTED_EDGE ( 'NONE', *, *, #1663, .F. ) ;
#1337 = FACE_BOUND ( 'NONE', #481, .T. ) ;
#1338 = AXIS2_PLACEMENT_3D ( 'NONE', #2385, #2870, #1910 ) ;
#1339 = ORIENTED_EDGE ( 'NONE', *, *, #1112, .T. ) ;
#1340 = CIRCLE ( 'NONE', #636, 3.075000000000000622 ) ;
#1341 = AXIS2_PLACEMENT_3D ( 'NONE', #2079, #2323, #1620 ) ;
#1342 = LINE ( 'NONE', #2240, #170 ) ;
#1343 = DIRECTION ( 'NONE',  ( 0.2820218555851405351, 0.9594079804610311513, 0.000000000000000000 ) ) ;
#1344 = ORIENTED_EDGE ( 'NONE', *, *, #1736, .T. ) ;
#1345 = CARTESIAN_POINT ( 'NONE',  ( 29.52278727634839939, 169.8413239390060028, -503.9982684545129814 ) ) ;
#1346 = DIRECTION ( 'NONE',  ( 0.2820218555851409792, 0.9594079804610310402, -5.551115123125779621E-17 ) ) ;
#1347 = EDGE_CURVE ( 'NONE', #731, #1794, #566, .T. ) ;
#1348 = ADVANCED_FACE ( 'NONE', ( #1887 ), #2543, .F. ) ;
#1349 = VERTEX_POINT ( 'NONE', #335 ) ;
#1350 = FACE_BOUND ( 'NONE', #593, .T. ) ;
#1351 = ORIENTED_EDGE ( 'NONE', *, *, #39, .F. ) ;
#1352 = CARTESIAN_POINT ( 'NONE',  ( 80.37545889702869317, 207.7407234676994960, -516.9982684545129814 ) ) ;
#1353 = LINE ( 'NONE', #2441, #866 ) ;
#1354 = DIRECTION ( 'NONE',  ( 0.2820218555851409792, 0.9594079804610310402, -5.551115123125779621E-17 ) ) ;
#1355 = ORIENTED_EDGE ( 'NONE', *, *, #1530, .F. ) ;
#1356 = CARTESIAN_POINT ( 'NONE',  ( 67.61128410065140315, 158.6450562722759798, -503.9982684545129814 ) ) ;
#1357 = ORIENTED_EDGE ( 'NONE', *, *, #2466, .T. ) ;
#1358 = LINE ( 'NONE', #2259, #901 ) ;
#1359 = ORIENTED_EDGE ( 'NONE', *, *, #1117, .F. ) ;
#1360 = DIRECTION ( 'NONE',  ( -0.9594079804610311513, 0.2820218555851405351, -9.590370046267453811E-16 ) ) ;
#1361 = ADVANCED_FACE ( 'NONE', ( #86 ), #369, .T. ) ;
#1362 = EDGE_CURVE ( 'NONE', #54, #2087, #1562, .T. ) ;
#1363 = ORIENTED_EDGE ( 'NONE', *, *, #1809, .T. ) ;
#1364 = CARTESIAN_POINT ( 'NONE',  ( 81.94863286999080287, 155.4728440684149859, -475.8524428315189994 ) ) ;
#1365 =( LENGTH_UNIT ( ) NAMED_UNIT ( * ) SI_UNIT ( .MILLI., .METRE. ) );
#1366 = DIRECTION ( 'NONE',  ( -0.9594079804610303741, 0.2820218555851430886, 0.000000000000000000 ) ) ;
#1367 = VERTEX_POINT ( 'NONE', #2590 ) ;
#1368 = FACE_OUTER_BOUND ( 'NONE', #1742, .T. ) ;
#1369 = AXIS2_PLACEMENT_3D ( 'NONE', #2731, #2294, #912 ) ;
#1370 = EDGE_LOOP ( 'NONE', ( #2030, #2340 ) ) ;
#1371 = CLOSED_SHELL ( 'NONE', ( #1016, #1503, #1956, #2091, #1915, #182, #1072, #2348, #2440, #2925, #2687, #1872, #2110, #1348, #2774, #2632, #2795, #944, #1937, #1935, #2298, #2189, #2442, #1384, #1970, #469, #838, #1644, #2019, #259, #1418, #1361, #125, #555, #2263, #2494, #166, #239, #859, #2591, #400, #416, #595, #2616, #1858, #1722, #647, #568, #2829, #1618, #2135, #2794, #430, #594, #878, #2883, #1001, #17, #197, #914, #734, #554, #2576, #164, #2336, #381, #2549, #1113, #1449, #1217, #1165, #1470, #50, #1397, #1994, #1507, #1788, #977, #2403, #1543, #2367, #1630, #1311, #2171, #520, #2481, #589, #501, #2633, #2404, #2024, #2534, #225, #484, #658, #2108, #2231, #198 ) ) ;
#1372 = ORIENTED_EDGE ( 'NONE', *, *, #2462, .F. ) ;
#1373 = FACE_BOUND ( 'NONE', #407, .T. ) ;
#1374 = VECTOR ( 'NONE', #2675, 999.9999999999998863 ) ;
#1375 = CIRCLE ( 'NONE', #2659, 3.360000000000033626 ) ;
#1376 = CIRCLE ( 'NONE', #485, 1.600000000000004086 ) ;
#1377 = CONICAL_SURFACE ( 'NONE', #1047, 10.99999999999999467, 0.7853981633974624899 ) ;
#1378 = ORIENTED_EDGE ( 'NONE', *, *, #325, .T. ) ;
#1379 = CARTESIAN_POINT ( 'NONE',  ( 49.35776422708160283, 159.8415144726264714, -475.8524428315189994 ) ) ;
#1380 = AXIS2_PLACEMENT_3D ( 'NONE', #2767, #1838, #2068 ) ;
#1381 = CARTESIAN_POINT ( 'NONE',  ( 63.95604992177219827, 157.1137535270475212, -490.9982684545129814 ) ) ;
#1382 = EDGE_CURVE ( 'NONE', #2421, #1984, #156, .T. ) ;
#1383 = CIRCLE ( 'NONE', #118, 19.50000000000000711 ) ;
#1384 = ADVANCED_FACE ( 'NONE', ( #1439 ), #2817, .F. ) ;
#1385 = DIRECTION ( 'NONE',  ( 0.2820218555851374820, 0.9594079804610320394, 0.000000000000000000 ) ) ;
#1386 = ORIENTED_EDGE ( 'NONE', *, *, #376, .F. ) ;
#1387 = CARTESIAN_POINT ( 'NONE',  ( 81.91051166576770015, 207.2894884987630064, -490.9982684545129814 ) ) ;
#1388 = VERTEX_POINT ( 'NONE', #1639 ) ;
#1389 = DIRECTION ( 'NONE',  ( 0.2820218555851405351, 0.9594079804610311513, -5.551115123125791330E-17 ) ) ;
#1390 = CARTESIAN_POINT ( 'NONE',  ( 80.53852359206510414, 150.6758041661095149, -475.8524428315189994 ) ) ;
#1391 = ORIENTED_EDGE ( 'NONE', *, *, #2646, .F. ) ;
#1392 = DIRECTION ( 'NONE',  ( 0.8778234554355467401, 0.4789843223814288509, -8.659560562354835483E-17 ) ) ;
#1393 = ORIENTED_EDGE ( 'NONE', *, *, #2482, .T. ) ;
#1394 = CARTESIAN_POINT ( 'NONE',  ( 48.54226744368959601, 160.0812330498739868, -503.9982684545129814 ) ) ;
#1395 = CARTESIAN_POINT ( 'NONE',  ( 66.76521853389600381, 155.7668323308930098, -503.9982684545129814 ) ) ;
#1396 = ORIENTED_EDGE ( 'NONE', *, *, #2923, .T. ) ;
#1397 = ADVANCED_FACE ( 'NONE', ( #1856 ), #208, .F. ) ;
#1398 = EDGE_CURVE ( 'NONE', #1594, #1826, #946, .T. ) ;
#1399 = CARTESIAN_POINT ( 'NONE',  ( 51.80656780791460392, 162.4987613603844920, -532.1440940775069066 ) ) ;
#1400 = ORIENTED_EDGE ( 'NONE', *, *, #253, .T. ) ;
#1401 = LINE ( 'NONE', #290, #1002 ) ;
#1402 = ORIENTED_EDGE ( 'NONE', *, *, #2315, .F. ) ;
#1403 = DIRECTION ( 'NONE',  ( -0.2820218555851409792, -0.9594079804610310402, 5.551115123125790098E-17 ) ) ;
#1404 = CARTESIAN_POINT ( 'NONE',  ( 52.30292627374440428, 164.1873194059955097, -532.1440940775069066 ) ) ;
#1405 = ORIENTED_EDGE ( 'NONE', *, *, #362, .F. ) ;
#1406 = CARTESIAN_POINT ( 'NONE',  ( 67.89330595623790998, 159.6044642527365056, -490.9982684545129814 ) ) ;
#1407 = DIRECTION ( 'NONE',  ( 0.2820218555851405351, 0.9594079804610311513, -5.551115123125791330E-17 ) ) ;
#1408 = FACE_BOUND ( 'NONE', #212, .T. ) ;
#1409 = CARTESIAN_POINT ( 'NONE',  ( 100.6091180899575903, 149.9875189772837984, -503.9982684545129814 ) ) ;
#1410 = DIRECTION ( 'NONE',  ( 0.2820218555851439768, 0.9594079804610300410, 0.000000000000000000 ) ) ;
#1411 = DIRECTION ( 'NONE',  ( -0.9594079804610310402, 0.2820218555851408127, 0.000000000000000000 ) ) ;
#1412 = EDGE_CURVE ( 'NONE', #1799, #2727, #2346, .T. ) ;
#1413 = ORIENTED_EDGE ( 'NONE', *, *, #1581, .T. ) ;
#1414 = EDGE_CURVE ( 'NONE', #2037, #1907, #2172, .T. ) ;
#1415 = DIRECTION ( 'NONE',  ( -0.2820218555851439768, -0.9594079804610300410, 5.551115123125779621E-17 ) ) ;
#1416 = EDGE_CURVE ( 'NONE', #1709, #888, #2092, .T. ) ;
#1417 = EDGE_LOOP ( 'NONE', ( #2194, #1372, #926, #1509 ) ) ;
#1418 = ADVANCED_FACE ( 'NONE', ( #776 ), #354, .T. ) ;
#1419 = CARTESIAN_POINT ( 'NONE',  ( 60.04215360840860427, 161.9123422344815140, -510.4982684545129814 ) ) ;
#1420 = CIRCLE ( 'NONE', #204, 1.600000000000004086 ) ;
#1421 = DIRECTION ( 'NONE',  ( -0.2820218555851400355, -0.9594079804610312623, -0.000000000000000000 ) ) ;
#1422 = AXIS2_PLACEMENT_3D ( 'NONE', #585, #1904, #1227 ) ;
#1423 = EDGE_LOOP ( 'NONE', ( #1917, #1960, #1835, #979 ) ) ;
#1424 = CARTESIAN_POINT ( 'NONE',  ( 86.51162131573370573, 153.0892257172484960, -464.1485507641709773 ) ) ;
#1425 = CIRCLE ( 'NONE', #2120, 1.599999999999997424 ) ;
#1426 = AXIS2_PLACEMENT_3D ( 'NONE', #779, #1671, #1943 ) ;
#1427 = AXIS2_PLACEMENT_3D ( 'NONE', #1290, #176, #1961 ) ;
#1428 = VERTEX_POINT ( 'NONE', #2142 ) ;
#1429 = CIRCLE ( 'NONE', #2512, 9.999999999999996447 ) ;
#1430 = ORIENTED_EDGE ( 'NONE', *, *, #2677, .F. ) ;
#1431 = DIRECTION ( 'NONE',  ( -0.9594079804610320394, 0.2820218555851369824, 0.000000000000000000 ) ) ;
#1432 = AXIS2_PLACEMENT_3D ( 'NONE', #1806, #1830, #1587 ) ;
#1433 = EDGE_LOOP ( 'NONE', ( #1043, #1021, #853, #1828 ) ) ;
#1434 = DIRECTION ( 'NONE',  ( -0.9594079804610295970, 0.2820218555851451980, 0.000000000000000000 ) ) ;
#1435 = DIRECTION ( 'NONE',  ( -0.2820218555851430886, -0.9594079804610304851, -0.000000000000000000 ) ) ;
#1436 = EDGE_CURVE ( 'NONE', #1192, #460, #132, .T. ) ;
#1437 = EDGE_CURVE ( 'NONE', #929, #1997, #1918, .T. ) ;
#1438 = EDGE_LOOP ( 'NONE', ( #876, #1769, #2807, #844 ) ) ;
#1439 = FACE_OUTER_BOUND ( 'NONE', #154, .T. ) ;
#1440 = ORIENTED_EDGE ( 'NONE', *, *, #2246, .F. ) ;
#1441 = CARTESIAN_POINT ( 'NONE',  ( 85.66555574897830638, 150.2110017758655260, -469.5308925752849518 ) ) ;
#1442 = LINE ( 'NONE', #2791, #2508 ) ;
#1443 = ORIENTED_EDGE ( 'NONE', *, *, #1206, .F. ) ;
#1444 = DIRECTION ( 'NONE',  ( -0.9594079804610319284, 0.2820218555851374820, 0.000000000000000000 ) ) ;
#1445 = ORIENTED_EDGE ( 'NONE', *, *, #608, .T. ) ;
#1446 = DIRECTION ( 'NONE',  ( -0.2820218555851430886, -0.9594079804610304851, -0.000000000000000000 ) ) ;
#1447 = DIRECTION ( 'NONE',  ( 0.2820218555851384257, 0.9594079804610318174, 0.000000000000000000 ) ) ;
#1448 = ORIENTED_EDGE ( 'NONE', *, *, #450, .F. ) ;
#1449 = ADVANCED_FACE ( 'NONE', ( #2563 ), #2334, .F. ) ;
#1450 = CARTESIAN_POINT ( 'NONE',  ( 94.97761369800349485, 146.4313752395531765, -464.1485507641709773 ) ) ;
#1451 = EDGE_CURVE ( 'NONE', #645, #391, #989, .T. ) ;
#1452 = LINE ( 'NONE', #1731, #1882 ) ;
#1453 = DIRECTION ( 'NONE',  ( -0.9594079804610300410, 0.2820218555851440323, 0.000000000000000000 ) ) ;
#1454 = ORIENTED_EDGE ( 'NONE', *, *, #1362, .T. ) ;
#1455 = DIRECTION ( 'NONE',  ( -0.9594079804610295970, 0.2820218555851451980, 0.000000000000000000 ) ) ;
#1456 = ORIENTED_EDGE ( 'NONE', *, *, #2074, .T. ) ;
#1457 = DIRECTION ( 'NONE',  ( -0.9594079804610295970, 0.2820218555851451980, 0.000000000000000000 ) ) ;
#1458 = VERTEX_POINT ( 'NONE', #1078 ) ;
#1459 = CARTESIAN_POINT ( 'NONE',  ( 36.71254659125304443, 168.7701745592540021, -503.9982684545129814 ) ) ;
#1460 = DIRECTION ( 'NONE',  ( -0.9594079804610300410, 0.2820218555851440323, 0.000000000000000000 ) ) ;
#1461 = VERTEX_POINT ( 'NONE', #2910 ) ;
#1462 = DIRECTION ( 'NONE',  ( -0.2820218555851409792, -0.9594079804610310402, 5.551115123125779621E-17 ) ) ;
#1463 = VECTOR ( 'NONE', #966, 1000.000000000000000 ) ;
#1464 = VECTOR ( 'NONE', #613, 1000.000000000000114 ) ;
#1465 = VECTOR ( 'NONE', #435, 1000.000000000000000 ) ;
#1466 = AXIS2_PLACEMENT_3D ( 'NONE', #2757, #1157, #8 ) ;
#1467 = AXIS2_PLACEMENT_3D ( 'NONE', #1993, #1195, #687 ) ;
#1468 = EDGE_CURVE ( 'NONE', #2607, #7, #2312, .T. ) ;
#1469 = CARTESIAN_POINT ( 'NONE',  ( 35.30243731332735280, 163.9731346569489858, -503.9982684545129814 ) ) ;
#1470 = ADVANCED_FACE ( 'NONE', ( #2449 ), #807, .F. ) ;
#1471 = CIRCLE ( 'NONE', #214, 1.600000000000004086 ) ;
#1472 = CIRCLE ( 'NONE', #1889, 1.600000000000091571 ) ;
#1473 = CARTESIAN_POINT ( 'NONE',  ( 45.13217203909780295, 166.2951916109240074, -472.1666026133339642 ) ) ;
#1474 = VERTEX_POINT ( 'NONE', #1497 ) ;
#1475 = VECTOR ( 'NONE', #2645, 999.9999999999998863 ) ;
#1476 = FACE_OUTER_BOUND ( 'NONE', #1184, .T. ) ;
#1477 = CIRCLE ( 'NONE', #1661, 38.69999999999999574 ) ;
#1478 = VERTEX_POINT ( 'NONE', #207 ) ;
#1479 = CARTESIAN_POINT ( 'NONE',  ( 83.48368563872810455, 155.0216090994785247, -532.1440940775079298 ) ) ;
#1480 = DIRECTION ( 'NONE',  ( 0.2820218555851414233, 0.9594079804610308182, 0.000000000000000000 ) ) ;
#1481 =( GEOMETRIC_REPRESENTATION_CONTEXT ( 3 ) GLOBAL_UNCERTAINTY_ASSIGNED_CONTEXT ( ( #1764 ) ) GLOBAL_UNIT_ASSIGNED_CONTEXT ( ( #1365, #32, #2282 ) ) REPRESENTATION_CONTEXT ( 'NONE', 'WORKASPACE' ) );
#1482 = ORIENTED_EDGE ( 'NONE', *, *, #1996, .T. ) ;
#1483 = DIRECTION ( 'NONE',  ( -0.2820218555851405351, -0.9594079804610311513, 5.551115123125791330E-17 ) ) ;
#1484 = DIRECTION ( 'NONE',  ( -0.9594079804610320394, 0.2820218555851369824, 0.000000000000000000 ) ) ;
#1485 = DIRECTION ( 'NONE',  ( -9.044523979204359392E-16, 3.237272371154975010E-16, 1.000000000000000000 ) ) ;
#1486 = VERTEX_POINT ( 'NONE', #383 ) ;
#1487 = DIRECTION ( 'NONE',  ( -0.2820218555851374820, -0.9594079804610320394, -0.000000000000000000 ) ) ;
#1488 = ORIENTED_EDGE ( 'NONE', *, *, #1056, .F. ) ;
#1489 = EDGE_CURVE ( 'NONE', #1152, #80, #656, .T. ) ;
#1490 = EDGE_CURVE ( 'NONE', #1428, #1817, #2890, .T. ) ;
#1491 = CARTESIAN_POINT ( 'NONE',  ( 86.70729645307748967, 154.0740156647125048, -475.8524428315189994 ) ) ;
#1492 = ORIENTED_EDGE ( 'NONE', *, *, #713, .T. ) ;
#1493 = DIRECTION ( 'NONE',  ( 0.2820218555851405351, 0.9594079804610311513, -5.551115123125791330E-17 ) ) ;
#1494 = CARTESIAN_POINT ( 'NONE',  ( 36.71254659125304443, 168.7701745592540021, -503.9982684545129814 ) ) ;
#1495 = DIRECTION ( 'NONE',  ( 0.9594079804610262663, -0.2820218555851567444, 0.000000000000000000 ) ) ;
#1496 = ORIENTED_EDGE ( 'NONE', *, *, #2427, .T. ) ;
#1497 = CARTESIAN_POINT ( 'NONE',  ( 69.85640900160760225, 155.3793191151989959, -490.9982684545129814 ) ) ;
#1498 = DIRECTION ( 'NONE',  ( -0.9594079804610300410, 0.2820218555851440323, 0.000000000000000000 ) ) ;
#1499 = CYLINDRICAL_SURFACE ( 'NONE', #2368, 1.600000000000004086 ) ;
#1500 = DIRECTION ( 'NONE',  ( 0.8778234554355467401, 0.4789843223814288509, -8.659560562354835483E-17 ) ) ;
#1501 = ORIENTED_EDGE ( 'NONE', *, *, #2023, .T. ) ;
#1502 = CARTESIAN_POINT ( 'NONE',  ( 99.19900881203200527, 145.1904790749784127, -503.9982684545129814 ) ) ;
#1503 = ADVANCED_FACE ( 'NONE', ( #1762 ), #1606, .T. ) ;
#1504 = ORIENTED_EDGE ( 'NONE', *, *, #1296, .T. ) ;
#1505 = CARTESIAN_POINT ( 'NONE',  ( 47.64744843261230045, 153.0481025991134914, -503.9982684545129814 ) ) ;
#1506 = DIRECTION ( 'NONE',  ( 0.2820218555851405351, 0.9594079804610311513, -5.551115123125791330E-17 ) ) ;
#1507 = ADVANCED_FACE ( 'NONE', ( #1772 ), #1143, .F. ) ;
#1508 = EDGE_CURVE ( 'NONE', #1947, #913, #2846, .T. ) ;
#1509 = ORIENTED_EDGE ( 'NONE', *, *, #88, .F. ) ;
#1510 = DIRECTION ( 'NONE',  ( -0.2820218555851370379, -0.9594079804610322615, -0.000000000000000000 ) ) ;
#1511 = CARTESIAN_POINT ( 'NONE',  ( 66.76521853389600381, 155.7668323308930098, -503.9982684545129814 ) ) ;
#1512 = DIRECTION ( 'NONE',  ( -0.2820218555851374820, -0.9594079804610320394, -0.000000000000000000 ) ) ;
#1513 = CIRCLE ( 'NONE', #2216, 1.600000000000091571 ) ;
#1514 = AXIS2_PLACEMENT_3D ( 'NONE', #2673, #644, #1411 ) ;
#1515 = PLANE ( 'NONE',  #958 ) ;
#1516 = AXIS2_PLACEMENT_3D ( 'NONE', #2625, #819, #1066 ) ;
#1517 = FACE_OUTER_BOUND ( 'NONE', #2337, .T. ) ;
#1518 = VERTEX_POINT ( 'NONE', #1101 ) ;
#1519 = AXIS2_PLACEMENT_3D ( 'NONE', #508, #1403, #2769 ) ;
#1520 = CARTESIAN_POINT ( 'NONE',  ( 80.24255152347689091, 139.2974024534516104, -503.9982684545129814 ) ) ;
#1521 = CIRCLE ( 'NONE', #1288, 38.69999999999999574 ) ;
#1522 = ORIENTED_EDGE ( 'NONE', *, *, #1436, .T. ) ;
#1523 = CARTESIAN_POINT ( 'NONE',  ( 99.07406532122008969, 150.4387539462200039, -503.9982684545129814 ) ) ;
#1524 = CIRCLE ( 'NONE', #443, 1.599999999999997424 ) ;
#1525 = CYLINDRICAL_SURFACE ( 'NONE', #2314, 1.600000000000004086 ) ;
#1526 = CYLINDRICAL_SURFACE ( 'NONE', #1836, 19.50000000000000711 ) ;
#1527 = CIRCLE ( 'NONE', #1760, 1.600000000000004086 ) ;
#1528 = ORIENTED_EDGE ( 'NONE', *, *, #2923, .F. ) ;
#1529 = CARTESIAN_POINT ( 'NONE',  ( 52.30292627374490166, 164.1873194059955097, -475.8524428315189994 ) ) ;
#1530 = EDGE_CURVE ( 'NONE', #2230, #2037, #1034, .T. ) ;
#1531 = AXIS2_PLACEMENT_3D ( 'NONE', #649, #867, #1765 ) ;
#1532 = EDGE_CURVE ( 'NONE', #2262, #1192, #1183, .T. ) ;
#1533 = CARTESIAN_POINT ( 'NONE',  ( 97.53901255248250379, 150.8899889151559819, -503.9982684545129814 ) ) ;
#1534 = CARTESIAN_POINT ( 'NONE',  ( 64.66969514188748747, 160.5520576875030088, -432.8982684545129587 ) ) ;
#1535 = ORIENTED_EDGE ( 'NONE', *, *, #2461, .T. ) ;
#1536 = FACE_OUTER_BOUND ( 'NONE', #664, .T. ) ;
#1537 = EDGE_LOOP ( 'NONE', ( #1713, #2781, #492, #715 ) ) ;
#1538 = DIRECTION ( 'NONE',  ( -0.9594079804610300410, 0.2820218555851440323, 0.000000000000000000 ) ) ;
#1539 = CARTESIAN_POINT ( 'NONE',  ( 53.70771180146930135, 151.2666636748734845, -510.4982684545129814 ) ) ;
#1540 = FACE_BOUND ( 'NONE', #505, .T. ) ;
#1541 = ORIENTED_EDGE ( 'NONE', *, *, #2653, .T. ) ;
#1542 = CARTESIAN_POINT ( 'NONE',  ( 52.30292627374440428, 164.1873194059955097, -532.1440940775069066 ) ) ;
#1543 = ADVANCED_FACE ( 'NONE', ( #2215 ), #1884, .F. ) ;
#1544 = CARTESIAN_POINT ( 'NONE',  ( 62.97399092047729852, 148.5428034561410016, -516.9982684545129814 ) ) ;
#1545 = DIRECTION ( 'NONE',  ( -0.9594079804610303741, 0.2820218555851430886, 0.000000000000000000 ) ) ;
#1546 = ORIENTED_EDGE ( 'NONE', *, *, #686, .F. ) ;
#1547 = DIRECTION ( 'NONE',  ( 0.9594079804610300410, -0.2820218555851440323, 0.000000000000000000 ) ) ;
#1548 = VERTEX_POINT ( 'NONE', #2393 ) ;
#1549 = CARTESIAN_POINT ( 'NONE',  ( 77.70756134943570714, 153.0714411334539875, -497.4982684545140046 ) ) ;
#1550 = VERTEX_POINT ( 'NONE', #1977 ) ;
#1551 = DIRECTION ( 'NONE',  ( -0.2820218555851370379, -0.9594079804610322615, -0.000000000000000000 ) ) ;
#1552 = CARTESIAN_POINT ( 'NONE',  ( 83.48368563872810455, 155.0216090994785247, -532.1440940775079298 ) ) ;
#1553 = CARTESIAN_POINT ( 'NONE',  ( 66.48319667831090385, 154.8074243504320009, -457.8982684545129587 ) ) ;
#1554 = DIRECTION ( 'NONE',  ( -0.9594079804610311513, 0.2820218555851405906, 0.000000000000000000 ) ) ;
#1555 = DIRECTION ( 'NONE',  ( -0.2820218555851414233, -0.9594079804610308182, 5.551115123125778388E-17 ) ) ;
#1556 = ORIENTED_EDGE ( 'NONE', *, *, #226, .F. ) ;
#1557 = VECTOR ( 'NONE', #703, 999.9999999999998863 ) ;
#1558 = AXIS2_PLACEMENT_3D ( 'NONE', #2199, #2860, #1292 ) ;
#1559 = EDGE_CURVE ( 'NONE', #2372, #913, #714, .T. ) ;
#1560 = EDGE_CURVE ( 'NONE', #544, #2353, #993, .T. ) ;
#1561 = DIRECTION ( 'NONE',  ( 0.2820218555851379261, 0.9594079804610318174, 2.524354896707240019E-31 ) ) ;
#1562 = CIRCLE ( 'NONE', #1229, 3.360000000000033626 ) ;
#1563 = AXIS2_PLACEMENT_3D ( 'NONE', #797, #2785, #754 ) ;
#1564 = EDGE_LOOP ( 'NONE', ( #693, #1641, #1109, #1125 ) ) ;
#1565 = AXIS2_PLACEMENT_3D ( 'NONE', #2601, #2636, #2375 ) ;
#1566 = CIRCLE ( 'NONE', #397, 1.600000000000044054 ) ;
#1567 = DIRECTION ( 'NONE',  ( -0.9594079804610308182, 0.2820218555851410347, 0.000000000000000000 ) ) ;
#1568 = CIRCLE ( 'NONE', #2126, 3.075000000000006839 ) ;
#1569 = ORIENTED_EDGE ( 'NONE', *, *, #2466, .F. ) ;
#1570 = CARTESIAN_POINT ( 'NONE',  ( 64.94814390957320427, 155.2586593193680073, -457.8982684545129587 ) ) ;
#1571 = AXIS2_PLACEMENT_3D ( 'NONE', #1897, #794, #1685 ) ;
#1572 = EDGE_LOOP ( 'NONE', ( #1363, #1147, #2471, #2833 ) ) ;
#1573 = VECTOR ( 'NONE', #618, 999.9999999999998863 ) ;
#1574 = CARTESIAN_POINT ( 'NONE',  ( 71.11691677058561822, 158.6568708179709972, -432.8982684545129587 ) ) ;
#1575 = CARTESIAN_POINT ( 'NONE',  ( 39.39888893654394764, 167.9805133636155006, -464.1485507641709773 ) ) ;
#1576 = FACE_OUTER_BOUND ( 'NONE', #1832, .T. ) ;
#1577 = ORIENTED_EDGE ( 'NONE', *, *, #1166, .T. ) ;
#1578 = DIRECTION ( 'NONE',  ( 0.9594079804610300410, -0.2820218555851440323, 0.000000000000000000 ) ) ;
#1579 = EDGE_CURVE ( 'NONE', #562, #755, #615, .T. ) ;
#1580 = ORIENTED_EDGE ( 'NONE', *, *, #519, .T. ) ;
#1581 = EDGE_CURVE ( 'NONE', #1196, #220, #480, .T. ) ;
#1582 = DIRECTION ( 'NONE',  ( 0.2820218555851405351, 0.9594079804610311513, -5.551115123125791330E-17 ) ) ;
#1583 = EDGE_LOOP ( 'NONE', ( #2631, #2106, #922, #1402 ) ) ;
#1584 = CARTESIAN_POINT ( 'NONE',  ( 99.07406532122008969, 150.4387539462200039, -503.9982684545129814 ) ) ;
#1585 = EDGE_LOOP ( 'NONE', ( #538, #1773 ) ) ;
#1586 = DIRECTION ( 'NONE',  ( -0.2820218555851405351, -0.9594079804610311513, 5.551115123125791330E-17 ) ) ;
#1587 = DIRECTION ( 'NONE',  ( -0.9594079804610295970, 0.2820218555851451980, 0.000000000000000000 ) ) ;
#1588 = CARTESIAN_POINT ( 'NONE',  ( 91.17679078477500809, 204.5656282800304950, -510.4982684545139477 ) ) ;
#1589 = ORIENTED_EDGE ( 'NONE', *, *, #1255, .T. ) ;
#1590 = FACE_OUTER_BOUND ( 'NONE', #2297, .T. ) ;
#1591 = ORIENTED_EDGE ( 'NONE', *, *, #981, .F. ) ;
#1592 = EDGE_CURVE ( 'NONE', #2771, #466, #2639, .T. ) ;
#1593 = CARTESIAN_POINT ( 'NONE',  ( 81.64481738390071541, 155.5621518591434835, -510.4982684545139477 ) ) ;
#1594 = VERTEX_POINT ( 'NONE', #1295 ) ;
#1595 = DIRECTION ( 'NONE',  ( -0.9594079804610319284, 0.2820218555851377040, 0.000000000000000000 ) ) ;
#1596 = EDGE_CURVE ( 'NONE', #763, #2353, #415, .T. ) ;
#1597 = EDGE_CURVE ( 'NONE', #1196, #2686, #1743, .T. ) ;
#1598 = EDGE_LOOP ( 'NONE', ( #1048, #2, #678, #2121 ) ) ;
#1599 = CARTESIAN_POINT ( 'NONE',  ( 53.70771180146990531, 151.2666636748734845, -497.4982684545129814 ) ) ;
#1600 = DIRECTION ( 'NONE',  ( -0.2820218555851405351, -0.9594079804610311513, 5.551115123125791330E-17 ) ) ;
#1601 = ORIENTED_EDGE ( 'NONE', *, *, #51, .T. ) ;
#1602 = CARTESIAN_POINT ( 'NONE',  ( 57.63995034268069872, 158.9703965398560115, -510.4982684545129814 ) ) ;
#1603 = VECTOR ( 'NONE', #1586, 999.9999999999998863 ) ;
#1604 = ORIENTED_EDGE ( 'NONE', *, *, #2676, .F. ) ;
#1605 = CARTESIAN_POINT ( 'NONE',  ( 84.42412591293219748, 149.5336156509896171, -464.1485507641709773 ) ) ;
#1606 = CONICAL_SURFACE ( 'NONE', #2656, 39.70000000000000284, 0.7853981633974730370 ) ;
#1607 = CARTESIAN_POINT ( 'NONE',  ( 36.21618812542319432, 167.0816165136425013, -503.9982684545129814 ) ) ;
#1608 = AXIS2_PLACEMENT_3D ( 'NONE', #789, #1919, #802 ) ;
#1609 = EDGE_LOOP ( 'NONE', ( #235, #2666 ) ) ;
#1610 = DIRECTION ( 'NONE',  ( -0.2820218555851374820, -0.9594079804610320394, -0.000000000000000000 ) ) ;
#1611 = CIRCLE ( 'NONE', #1752, 3.075000000000006839 ) ;
#1612 = VECTOR ( 'NONE', #2906, 999.9999999999998863 ) ;
#1613 = AXIS2_PLACEMENT_3D ( 'NONE', #1607, #1852, #1431 ) ;
#1614 = AXIS2_PLACEMENT_3D ( 'NONE', #2111, #2820, #359 ) ;
#1615 = VERTEX_POINT ( 'NONE', #1570 ) ;
#1616 = EDGE_CURVE ( 'NONE', #220, #1548, #669, .T. ) ;
#1617 = DIRECTION ( 'NONE',  ( 0.2820218555851439768, 0.9594079804610300410, 0.000000000000000000 ) ) ;
#1618 = ADVANCED_FACE ( 'NONE', ( #1350, #1373, #1627, #282, #238, #933, #1337, #271, #1816, #711, #904 ), #2048, .F. ) ;
#1619 = AXIS2_PLACEMENT_3D ( 'NONE', #885, #2693, #461 ) ;
#1620 = DIRECTION ( 'NONE',  ( 1.000000000000000000, 0.000000000000000000, 0.000000000000000000 ) ) ;
#1621 = CARTESIAN_POINT ( 'NONE',  ( 99.07406532122008969, 150.4387539462200039, -503.9982684545129814 ) ) ;
#1622 = ORIENTED_EDGE ( 'NONE', *, *, #2229, .F. ) ;
#1623 = LINE ( 'NONE', #148, #2715 ) ;
#1624 = EDGE_LOOP ( 'NONE', ( #1344, #2200, #1546, #1164 ) ) ;
#1625 = CARTESIAN_POINT ( 'NONE',  ( 83.48368563872850245, 155.0216090994785247, -475.8524428315189994 ) ) ;
#1626 = EDGE_LOOP ( 'NONE', ( #1729, #809, #2911, #200 ) ) ;
#1627 = FACE_BOUND ( 'NONE', #2057, .T. ) ;
#1628 = ORIENTED_EDGE ( 'NONE', *, *, #767, .F. ) ;
#1629 = CARTESIAN_POINT ( 'NONE',  ( 77.70756134943499660, 153.0714411334544991, -510.4982684545139477 ) ) ;
#1630 = ADVANCED_FACE ( 'NONE', ( #2035 ), #2661, .F. ) ;
#1631 = DIRECTION ( 'NONE',  ( 0.2820218555851430886, 0.9594079804610304851, 0.000000000000000000 ) ) ;
#1632 = LINE ( 'NONE', #2052, #804 ) ;
#1633 = EDGE_CURVE ( 'NONE', #2537, #303, #2006, .T. ) ;
#1634 = ORIENTED_EDGE ( 'NONE', *, *, #2386, .T. ) ;
#1635 = DIRECTION ( 'NONE',  ( 0.2820218555851374820, 0.9594079804610320394, 0.000000000000000000 ) ) ;
#1636 = ORIENTED_EDGE ( 'NONE', *, *, #2347, .F. ) ;
#1637 = DIRECTION ( 'NONE',  ( 0.2820218555851439768, 0.9594079804610300410, -5.551115123125790098E-17 ) ) ;
#1638 = ORIENTED_EDGE ( 'NONE', *, *, #1300, .F. ) ;
#1639 = CARTESIAN_POINT ( 'NONE',  ( 62.97399092047860591, 148.5428034561406037, -490.9982684545129814 ) ) ;
#1640 = DIRECTION ( 'NONE',  ( 6.109439335839029751E-16, -1.217296426077653991E-16, 1.000000000000000000 ) ) ;
#1641 = ORIENTED_EDGE ( 'NONE', *, *, #2864, .T. ) ;
#1642 = LINE ( 'NONE', #2546, #2182 ) ;
#1643 = ORIENTED_EDGE ( 'NONE', *, *, #770, .T. ) ;
#1644 = ADVANCED_FACE ( 'NONE', ( #2290 ), #689, .F. ) ;
#1645 = EDGE_CURVE ( 'NONE', #1826, #1594, #1232, .T. ) ;
#1646 = FACE_OUTER_BOUND ( 'NONE', #1820, .T. ) ;
#1647 = ORIENTED_EDGE ( 'NONE', *, *, #879, .F. ) ;
#1648 = CARTESIAN_POINT ( 'NONE',  ( 76.84542834569910497, 144.4652383305993908, -510.4982684545139477 ) ) ;
#1649 = AXIS2_PLACEMENT_3D ( 'NONE', #2443, #1122, #1 ) ;
#1650 = DIRECTION ( 'NONE',  ( -0.9594079804610317064, 0.2820218555851384812, 0.000000000000000000 ) ) ;
#1651 = EDGE_LOOP ( 'NONE', ( #1199, #1221, #518, #2798 ) ) ;
#1652 = AXIS2_PLACEMENT_3D ( 'NONE', #1494, #1435, #987 ) ;
#1653 = CARTESIAN_POINT ( 'NONE',  ( 66.90622946168990381, 156.2465363211229885, -490.9982684545129814 ) ) ;
#1654 = AXIS2_PLACEMENT_3D ( 'NONE', #149, #1252, #1683 ) ;
#1655 = VECTOR ( 'NONE', #5, 999.9999999999998863 ) ;
#1656 = VERTEX_POINT ( 'NONE', #455 ) ;
#1657 = AXIS2_PLACEMENT_3D ( 'NONE', #1015, #2181, #1061 ) ;
#1658 = DIRECTION ( 'NONE',  ( -0.2820218555851409792, -0.9594079804610310402, 5.551115123125790098E-17 ) ) ;
#1659 = DIRECTION ( 'NONE',  ( -0.2820218555851409792, -0.9594079804610310402, 5.551115123125779621E-17 ) ) ;
#1660 = ORIENTED_EDGE ( 'NONE', *, *, #277, .F. ) ;
#1661 = AXIS2_PLACEMENT_3D ( 'NONE', #171, #2351, #327 ) ;
#1662 = DIRECTION ( 'NONE',  ( 0.9594079804610325946, -0.2820218555851356501, 0.000000000000000000 ) ) ;
#1663 = EDGE_CURVE ( 'NONE', #1478, #303, #2606, .T. ) ;
#1664 = ORIENTED_EDGE ( 'NONE', *, *, #340, .T. ) ;
#1665 = FACE_OUTER_BOUND ( 'NONE', #1537, .T. ) ;
#1666 = CARTESIAN_POINT ( 'NONE',  ( 44.00408461675719707, 162.4575596890794884, -472.1666026133339642 ) ) ;
#1667 = EDGE_LOOP ( 'NONE', ( #1885, #2217 ) ) ;
#1668 = CARTESIAN_POINT ( 'NONE',  ( 80.26007482437898943, 155.9692025342444879, -532.1440940775079298 ) ) ;
#1669 = EDGE_LOOP ( 'NONE', ( #1780, #188, #1276, #2418 ) ) ;
#1670 = CARTESIAN_POINT ( 'NONE',  ( 67.89330595623660258, 159.6044642527369888, -457.8982684545129587 ) ) ;
#1671 = DIRECTION ( 'NONE',  ( 0.2820218555851439768, 0.9594079804610300410, -5.551115123125779621E-17 ) ) ;
#1672 = ORIENTED_EDGE ( 'NONE', *, *, #2724, .T. ) ;
#1673 = CARTESIAN_POINT ( 'NONE',  ( 45.70550034935320127, 166.1266594356544886, -472.9684077982499844 ) ) ;
#1674 = ORIENTED_EDGE ( 'NONE', *, *, #2881, .T. ) ;
#1675 = LINE ( 'NONE', #2343, #1145 ) ;
#1676 = FACE_BOUND ( 'NONE', #1667, .T. ) ;
#1677 = ORIENTED_EDGE ( 'NONE', *, *, #1118, .T. ) ;
#1678 = CARTESIAN_POINT ( 'NONE',  ( 94.24689632225049252, 203.6631583421579990, -510.4982684545139477 ) ) ;
#1679 = EDGE_CURVE ( 'NONE', #1331, #161, #1376, .T. ) ;
#1680 = EDGE_CURVE ( 'NONE', #1175, #1349, #2717, .T. ) ;
#1681 = DIRECTION ( 'NONE',  ( 0.9594079804610300410, -0.2820218555851440323, 0.000000000000000000 ) ) ;
#1682 = ORIENTED_EDGE ( 'NONE', *, *, #2519, .F. ) ;
#1683 = DIRECTION ( 'NONE',  ( 0.9594079804610294859, -0.2820218555851459752, 0.000000000000000000 ) ) ;
#1684 = EDGE_LOOP ( 'NONE', ( #2094, #2555 ) ) ;
#1685 = DIRECTION ( 'NONE',  ( -0.9594079804610300410, 0.2820218555851440323, 0.000000000000000000 ) ) ;
#1686 = VERTEX_POINT ( 'NONE', #2249 ) ;
#1687 = DIRECTION ( 'NONE',  ( -0.9594079804610295970, 0.2820218555851451980, 0.000000000000000000 ) ) ;
#1688 = CARTESIAN_POINT ( 'NONE',  ( 49.95237672161530185, 164.8782729521790316, -503.9982684545129814 ) ) ;
#1689 = CARTESIAN_POINT ( 'NONE',  ( 100.1127596241280031, 148.2989609316721840, -503.9982684545129814 ) ) ;
#1690 = ORIENTED_EDGE ( 'NONE', *, *, #468, .T. ) ;
#1691 = DIRECTION ( 'NONE',  ( -0.4789843223814099771, 0.8778234554355569541, 0.000000000000000000 ) ) ;
#1692 = CIRCLE ( 'NONE', #2790, 19.50000000000000711 ) ;
#1693 = CIRCLE ( 'NONE', #2271, 1.600000000000044054 ) ;
#1694 = VECTOR ( 'NONE', #2321, 1000.000000000000000 ) ;
#1695 = CONICAL_SURFACE ( 'NONE', #2603, 11.00000000000000355, 0.7853981633974631560 ) ;
#1696 = EDGE_CURVE ( 'NONE', #2014, #2539, #2457, .T. ) ;
#1697 = EDGE_CURVE ( 'NONE', #2506, #54, #28, .T. ) ;
#1698 = FACE_OUTER_BOUND ( 'NONE', #45, .T. ) ;
#1699 = AXIS2_PLACEMENT_3D ( 'NONE', #446, #2643, #661 ) ;
#1700 = CARTESIAN_POINT ( 'NONE',  ( 67.89330595623660258, 159.6044642527369888, -503.9982684545129814 ) ) ;
#1701 = CARTESIAN_POINT ( 'NONE',  ( 66.90622946168990381, 156.2465363211229885, -490.9982684545129814 ) ) ;
#1702 = CIRCLE ( 'NONE', #1613, 1.600000000000044054 ) ;
#1703 = ORIENTED_EDGE ( 'NONE', *, *, #821, .F. ) ;
#1704 = DIRECTION ( 'NONE',  ( -0.9594079804610305962, 0.2820218555851416453, 0.000000000000000000 ) ) ;
#1705 = VERTEX_POINT ( 'NONE', #228 ) ;
#1706 = AXIS2_PLACEMENT_3D ( 'NONE', #2902, #2681, #1547 ) ;
#1707 = PLANE ( 'NONE',  #1338 ) ;
#1708 = AXIS2_PLACEMENT_3D ( 'NONE', #2690, #1301, #2927 ) ;
#1709 = VERTEX_POINT ( 'NONE', #1116 ) ;
#1710 = CARTESIAN_POINT ( 'NONE',  ( 77.70756134943570714, 153.0714411334539875, -497.4982684545140046 ) ) ;
#1711 = CARTESIAN_POINT ( 'NONE',  ( 53.15471803402530071, 160.2888487147164938, -510.4982684545129814 ) ) ;
#1712 = DIRECTION ( 'NONE',  ( -0.2820218555851349285, -0.9594079804610328166, -0.000000000000000000 ) ) ;
#1713 = ORIENTED_EDGE ( 'NONE', *, *, #1508, .T. ) ;
#1714 = DIRECTION ( 'NONE',  ( 0.2820218555851414233, 0.9594079804610308182, -5.551115123126698520E-17 ) ) ;
#1715 = CARTESIAN_POINT ( 'NONE',  ( 54.56984480520590353, 159.8728664777285076, -497.4982684545129814 ) ) ;
#1716 = DIRECTION ( 'NONE',  ( -0.2820218555851404796, -0.9594079804610310402, 5.551115123125779621E-17 ) ) ;
#1717 = EDGE_CURVE ( 'NONE', #606, #2141, #160, .T. ) ;
#1718 = DIRECTION ( 'NONE',  ( 0.2820218555851439768, 0.9594079804610300410, -5.551115123125779621E-17 ) ) ;
#1719 = ORIENTED_EDGE ( 'NONE', *, *, #87, .F. ) ;
#1720 = DIRECTION ( 'NONE',  ( 0.2820218555851409792, 0.9594079804610310402, -5.551115123125790098E-17 ) ) ;
#1721 = EDGE_LOOP ( 'NONE', ( #1601, #1211, #740, #222 ) ) ;
#1722 = ADVANCED_FACE ( 'NONE', ( #250 ), #2697, .F. ) ;
#1723 = EDGE_CURVE ( 'NONE', #2771, #645, #210, .T. ) ;
#1724 = CARTESIAN_POINT ( 'NONE',  ( 46.51936101027170167, 149.2104706772694271, -503.9982684545129814 ) ) ;
#1725 = EDGE_LOOP ( 'NONE', ( #934, #1869 ) ) ;
#1726 = CARTESIAN_POINT ( 'NONE',  ( 44.85015018351259641, 165.3357836304629984, -472.1666026133339642 ) ) ;
#1727 = CARTESIAN_POINT ( 'NONE',  ( 37.98877965861824890, 163.1834734613105127, -464.1485507641709773 ) ) ;
#1728 = CARTESIAN_POINT ( 'NONE',  ( 63.38095626687429984, 144.2539365653606183, -503.9982684545129814 ) ) ;
#1729 = ORIENTED_EDGE ( 'NONE', *, *, #1813, .T. ) ;
#1730 = DIRECTION ( 'NONE',  ( -0.9594079804610319284, 0.2820218555851374820, 0.000000000000000000 ) ) ;
#1731 = CARTESIAN_POINT ( 'NONE',  ( 90.65443987337540932, 152.9137368945499986, -472.1666026133339642 ) ) ;
#1732 = FACE_OUTER_BOUND ( 'NONE', #683, .T. ) ;
#1733 = DIRECTION ( 'NONE',  ( -0.2820218555851405351, -0.9594079804610311513, 5.551115123125791330E-17 ) ) ;
#1734 = VERTEX_POINT ( 'NONE', #1006 ) ;
#1735 = DIRECTION ( 'NONE',  ( -0.2820218555851404796, -0.9594079804610310402, 5.551115123125790098E-17 ) ) ;
#1736 = EDGE_CURVE ( 'NONE', #2320, #1458, #1675, .T. ) ;
#1737 = EDGE_LOOP ( 'NONE', ( #2874, #2716 ) ) ;
#1738 = EDGE_CURVE ( 'NONE', #2012, #2537, #1425, .T. ) ;
#1739 = FACE_OUTER_BOUND ( 'NONE', #2584, .T. ) ;
#1740 = DIRECTION ( 'NONE',  ( -0.9594079804610311513, 0.2820218555851405351, 0.000000000000000000 ) ) ;
#1741 = CARTESIAN_POINT ( 'NONE',  ( 64.50904368921619891, 148.0915684872041993, -490.9982684545129814 ) ) ;
#1742 = EDGE_LOOP ( 'NONE', ( #1243, #89, #576, #1976 ) ) ;
#1743 = LINE ( 'NONE', #2728, #2501 ) ;
#1744 = CIRCLE ( 'NONE', #2650, 1.599999999999997424 ) ;
#1745 = AXIS2_PLACEMENT_3D ( 'NONE', #601, #1322, #1998 ) ;
#1746 = CIRCLE ( 'NONE', #2502, 1.599999999999997424 ) ;
#1747 = CARTESIAN_POINT ( 'NONE',  ( 67.89330595623660258, 159.6044642527369888, -503.9982684545129814 ) ) ;
#1748 = CONICAL_SURFACE ( 'NONE', #1332, 3.360000000000000320, 0.7853981633974377319 ) ;
#1749 = FACE_OUTER_BOUND ( 'NONE', #2187, .T. ) ;
#1750 = EDGE_LOOP ( 'NONE', ( #707, #1822, #433, #470 ) ) ;
#1751 = CIRCLE ( 'NONE', #2362, 1.600000000000004086 ) ;
#1752 = AXIS2_PLACEMENT_3D ( 'NONE', #2116, #2587, #83 ) ;
#1753 = CARTESIAN_POINT ( 'NONE',  ( 96.38772297592919358, 151.2284151418585054, -464.1485507641709773 ) ) ;
#1754 = ORIENTED_EDGE ( 'NONE', *, *, #76, .T. ) ;
#1755 = CARTESIAN_POINT ( 'NONE',  ( 97.66395604329439095, 145.6417140439147886, -503.9982684545129814 ) ) ;
#1756 = CIRCLE ( 'NONE', #2075, 1.600000000000004086 ) ;
#1757 = DIRECTION ( 'NONE',  ( 0.9594079804610300410, -0.2820218555851440323, 0.000000000000000000 ) ) ;
#1758 = EDGE_CURVE ( 'NONE', #1175, #2082, #112, .T. ) ;
#1759 = CARTESIAN_POINT ( 'NONE',  ( 83.60862912953999171, 149.7733342282371893, -532.1440940775079298 ) ) ;
#1760 = AXIS2_PLACEMENT_3D ( 'NONE', #449, #1073, #1810 ) ;
#1761 = ORIENTED_EDGE ( 'NONE', *, *, #253, .F. ) ;
#1762 = FACE_OUTER_BOUND ( 'NONE', #2076, .T. ) ;
#1763 = AXIS2_PLACEMENT_3D ( 'NONE', #1265, #545, #2615 ) ;
#1764 = UNCERTAINTY_MEASURE_WITH_UNIT (LENGTH_MEASURE( 1.000000000000000082E-05 ), #1365, 'distance_accuracy_value', 'NONE');
#1765 = DIRECTION ( 'NONE',  ( -0.9594079804610308182, 0.2820218555851409237, 0.000000000000000000 ) ) ;
#1766 = DIRECTION ( 'NONE',  ( -0.2820218555851430886, -0.9594079804610304851, -0.000000000000000000 ) ) ;
#1767 = ORIENTED_EDGE ( 'NONE', *, *, #276, .F. ) ;
#1768 = DIRECTION ( 'NONE',  ( 0.2820218555851430886, 0.9594079804610304851, 0.000000000000000000 ) ) ;
#1769 = ORIENTED_EDGE ( 'NONE', *, *, #2105, .T. ) ;
#1770 = CYLINDRICAL_SURFACE ( 'NONE', #1467, 1.600000000000091571 ) ;
#1771 = EDGE_LOOP ( 'NONE', ( #374, #2654 ) ) ;
#1772 = FACE_OUTER_BOUND ( 'NONE', #2813, .T. ) ;
#1773 = ORIENTED_EDGE ( 'NONE', *, *, #2208, .T. ) ;
#1774 = EDGE_CURVE ( 'NONE', #872, #763, #1611, .T. ) ;
#1775 = EDGE_CURVE ( 'NONE', #1207, #2523, #907, .T. ) ;
#1776 = DIRECTION ( 'NONE',  ( -0.9594079804610308182, 0.2820218555851410347, 0.000000000000000000 ) ) ;
#1777 = CARTESIAN_POINT ( 'NONE',  ( 33.48893577690395063, 169.7177679940199937, -503.9982684545129814 ) ) ;
#1778 = EDGE_LOOP ( 'NONE', ( #886, #2624, #787, #510 ) ) ;
#1779 = CARTESIAN_POINT ( 'NONE',  ( 64.50904368921619891, 148.0915684872041993, -490.9982684545129814 ) ) ;
#1780 = ORIENTED_EDGE ( 'NONE', *, *, #1489, .T. ) ;
#1781 = LINE ( 'NONE', #2695, #856 ) ;
#1782 = VERTEX_POINT ( 'NONE', #1200 ) ;
#1783 = DIRECTION ( 'NONE',  ( 0.2820218555851404796, 0.9594079804610310402, -5.551115123125779621E-17 ) ) ;
#1784 = ORIENTED_EDGE ( 'NONE', *, *, #2331, .F. ) ;
#1785 = DIRECTION ( 'NONE',  ( -0.9594079804610319284, 0.2820218555851374820, 0.000000000000000000 ) ) ;
#1786 = EDGE_CURVE ( 'NONE', #2230, #2014, #2101, .T. ) ;
#1787 = FACE_BOUND ( 'NONE', #1771, .T. ) ;
#1788 = ADVANCED_FACE ( 'NONE', ( #1665 ), #2071, .F. ) ;
#1789 = DIRECTION ( 'NONE',  ( -0.9594079804610305962, 0.2820218555851416453, 0.000000000000000000 ) ) ;
#1790 = ORIENTED_EDGE ( 'NONE', *, *, #2849, .F. ) ;
#1791 = AXIS2_PLACEMENT_3D ( 'NONE', #603, #1716, #2157 ) ;
#1792 = CARTESIAN_POINT ( 'NONE',  ( 90.37241801779019568, 151.9543289140895013, -472.1666026133339642 ) ) ;
#1793 = AXIS2_PLACEMENT_3D ( 'NONE', #1688, #2815, #784 ) ;
#1794 = VERTEX_POINT ( 'NONE', #1648 ) ;
#1795 = AXIS2_PLACEMENT_3D ( 'NONE', #467, #1360, #2261 ) ;
#1796 = CONICAL_SURFACE ( 'NONE', #2175, 3.360000000000000320, 0.7853981633974362886 ) ;
#1797 = CARTESIAN_POINT ( 'NONE',  ( 45.70550034935320127, 166.1266594356544886, -472.9684077982499844 ) ) ;
#1798 = VECTOR ( 'NONE', #1389, 999.9999999999998863 ) ;
#1799 = VERTEX_POINT ( 'NONE', #111 ) ;
#1800 = DIRECTION ( 'NONE',  ( -0.2820218555851439768, -0.9594079804610300410, 5.551115123125779621E-17 ) ) ;
#1801 = STYLED_ITEM ( 'NONE', ( #737 ), #2544 ) ;
#1802 = VERTEX_POINT ( 'NONE', #1419 ) ;
#1803 = CIRCLE ( 'NONE', #2134, 3.075000000000006839 ) ;
#1804 = DIRECTION ( 'NONE',  ( -0.9594079804610294859, 0.2820218555851459752, 0.000000000000000000 ) ) ;
#1805 = VECTOR ( 'NONE', #1160, 999.9999999999998863 ) ;
#1806 = CARTESIAN_POINT ( 'NONE',  ( 52.30292627374440428, 164.1873194059955097, -532.1440940775069066 ) ) ;
#1807 = DIRECTION ( 'NONE',  ( -0.2820218555851405351, -0.9594079804610311513, 5.551115123125791330E-17 ) ) ;
#1808 = ORIENTED_EDGE ( 'NONE', *, *, #2042, .T. ) ;
#1809 = EDGE_CURVE ( 'NONE', #1107, #315, #1094, .T. ) ;
#1810 = DIRECTION ( 'NONE',  ( -0.9594079804610300410, 0.2820218555851440323, 0.000000000000000000 ) ) ;
#1811 = ORIENTED_EDGE ( 'NONE', *, *, #1035, .F. ) ;
#1812 = EDGE_CURVE ( 'NONE', #2513, #2786, #1286, .T. ) ;
#1813 = EDGE_CURVE ( 'NONE', #1107, #123, #2799, .T. ) ;
#1814 = CARTESIAN_POINT ( 'NONE',  ( 56.10489757394360311, 159.4216315087919895, -497.4982684545129814 ) ) ;
#1815 = ORIENTED_EDGE ( 'NONE', *, *, #1696, .T. ) ;
#1816 = FACE_BOUND ( 'NONE', #436, .T. ) ;
#1817 = VERTEX_POINT ( 'NONE', #1212 ) ;
#1818 = DIRECTION ( 'NONE',  ( -0.2820218555851349285, -0.9594079804610328166, -0.000000000000000000 ) ) ;
#1819 = CARTESIAN_POINT ( 'NONE',  ( 84.42412591293219748, 149.5336156509896171, -464.1485507641709773 ) ) ;
#1820 = EDGE_LOOP ( 'NONE', ( #533, #1864, #1923, #672 ) ) ;
#1821 = FILL_AREA_STYLE_COLOUR ( '', #2128 ) ;
#1822 = ORIENTED_EDGE ( 'NONE', *, *, #2848, .T. ) ;
#1823 = PLANE ( 'NONE',  #1335 ) ;
#1824 = EDGE_CURVE ( 'NONE', #2448, #2087, #2302, .T. ) ;
#1825 = EDGE_CURVE ( 'NONE', #178, #1734, #1938, .T. ) ;
#1826 = VERTEX_POINT ( 'NONE', #550 ) ;
#1827 = DIRECTION ( 'NONE',  ( -0.2820218555851405351, -0.9594079804610311513, 5.551115123125791330E-17 ) ) ;
#1828 = ORIENTED_EDGE ( 'NONE', *, *, #2042, .F. ) ;
#1829 = CARTESIAN_POINT ( 'NONE',  ( 52.30292627374490166, 164.1873194059955097, -475.8524428315189994 ) ) ;
#1830 = DIRECTION ( 'NONE',  ( 0.2820218555851453646, 0.9594079804610295970, 0.000000000000000000 ) ) ;
#1831 = CARTESIAN_POINT ( 'NONE',  ( 78.69463784398369910, 156.4293690650675330, -497.4982684545140046 ) ) ;
#1832 = EDGE_LOOP ( 'NONE', ( #318, #1351, #237, #1137 ) ) ;
#1833 = FACE_OUTER_BOUND ( 'NONE', #1891, .T. ) ;
#1834 = CIRCLE ( 'NONE', #1326, 3.075000000000000622 ) ;
#1835 = ORIENTED_EDGE ( 'NONE', *, *, #1362, .F. ) ;
#1836 = AXIS2_PLACEMENT_3D ( 'NONE', #1728, #1032, #413 ) ;
#1837 = AXIS2_PLACEMENT_3D ( 'NONE', #1450, #1462, #964 ) ;
#1838 = DIRECTION ( 'NONE',  ( 0.2820218555851439768, 0.9594079804610300410, 0.000000000000000000 ) ) ;
#1839 = ORIENTED_EDGE ( 'NONE', *, *, #1679, .T. ) ;
#1840 = DIRECTION ( 'NONE',  ( 0.8778234554355460739, 0.4789843223814300166, -8.659560562354829320E-17 ) ) ;
#1841 = AXIS2_PLACEMENT_3D ( 'NONE', #70, #2824, #2557 ) ;
#1842 = VECTOR ( 'NONE', #1042, 999.9999999999998863 ) ;
#1843 = EDGE_CURVE ( 'NONE', #1474, #1065, #308, .T. ) ;
#1844 = CIRCLE ( 'NONE', #115, 3.360000000000000320 ) ;
#1845 = ORIENTED_EDGE ( 'NONE', *, *, #1843, .T. ) ;
#1846 = FACE_OUTER_BOUND ( 'NONE', #1084, .T. ) ;
#1847 = LINE ( 'NONE', #2530, #870 ) ;
#1848 = LINE ( 'NONE', #1819, #1881 ) ;
#1849 = ORIENTED_EDGE ( 'NONE', *, *, #2881, .F. ) ;
#1850 = FILL_AREA_STYLE ('',( #1821 ) ) ;
#1851 = ORIENTED_EDGE ( 'NONE', *, *, #1859, .F. ) ;
#1852 = DIRECTION ( 'NONE',  ( -0.2820218555851370379, -0.9594079804610322615, -0.000000000000000000 ) ) ;
#1853 = VERTEX_POINT ( 'NONE', #1854 ) ;
#1854 = CARTESIAN_POINT ( 'NONE',  ( 64.66969514188748747, 160.5520576875030088, -457.8982684545129587 ) ) ;
#1855 = ORIENTED_EDGE ( 'NONE', *, *, #1954, .T. ) ;
#1856 = FACE_OUTER_BOUND ( 'NONE', #2571, .T. ) ;
#1857 = CYLINDRICAL_SURFACE ( 'NONE', #2516, 3.075000000000006839 ) ;
#1858 = ADVANCED_FACE ( 'NONE', ( #1018 ), #1912, .T. ) ;
#1859 = EDGE_CURVE ( 'NONE', #1461, #2523, #796, .T. ) ;
#1860 = FACE_OUTER_BOUND ( 'NONE', #1684, .T. ) ;
#1861 = ORIENTED_EDGE ( 'NONE', *, *, #1680, .F. ) ;
#1862 = DIRECTION ( 'NONE',  ( -0.9594079804610328166, 0.2820218555851345954, 0.000000000000000000 ) ) ;
#1863 = DIRECTION ( 'NONE',  ( -0.9594079804610295970, 0.2820218555851451980, 0.000000000000000000 ) ) ;
#1864 = ORIENTED_EDGE ( 'NONE', *, *, #1437, .T. ) ;
#1865 = DIRECTION ( 'NONE',  ( 0.2820218555851439768, 0.9594079804610300410, -5.551115123125790098E-17 ) ) ;
#1866 = ORIENTED_EDGE ( 'NONE', *, *, #1382, .F. ) ;
#1867 = CYLINDRICAL_SURFACE ( 'NONE', #261, 1.599999999999997424 ) ;
#1868 = FACE_OUTER_BOUND ( 'NONE', #849, .T. ) ;
#1869 = ORIENTED_EDGE ( 'NONE', *, *, #1000, .F. ) ;
#1870 = DIRECTION ( 'NONE',  ( -0.9594079804610319284, 0.2820218555851377040, 0.000000000000000000 ) ) ;
#1871 = ORIENTED_EDGE ( 'NONE', *, *, #1532, .T. ) ;
#1872 = ADVANCED_FACE ( 'NONE', ( #2318 ), #1867, .F. ) ;
#1873 = EDGE_CURVE ( 'NONE', #315, #2620, #873, .T. ) ;
#1874 = DIRECTION ( 'NONE',  ( 1.968327990612039750E-16, 0.000000000000000000, 1.000000000000000000 ) ) ;
#1875 = DIRECTION ( 'NONE',  ( -0.9594079804610310402, 0.2820218555851407571, 0.000000000000000000 ) ) ;
#1876 = EDGE_LOOP ( 'NONE', ( #2644, #2861, #806, #425 ) ) ;
#1877 = DIRECTION ( 'NONE',  ( -0.9594079804610308182, 0.2820218555851410347, 0.000000000000000000 ) ) ;
#1878 = CIRCLE ( 'NONE', #1333, 38.69999999999999574 ) ;
#1879 = ORIENTED_EDGE ( 'NONE', *, *, #2283, .F. ) ;
#1880 = DIRECTION ( 'NONE',  ( 0.2820218555851453646, 0.9594079804610295970, 0.000000000000000000 ) ) ;
#1881 = VECTOR ( 'NONE', #2764, 1000.000000000000114 ) ;
#1882 = VECTOR ( 'NONE', #356, 999.9999999999998863 ) ;
#1883 = CARTESIAN_POINT ( 'NONE',  ( 77.70756134943570714, 153.0714411334539875, -497.4982684545140046 ) ) ;
#1884 = CONICAL_SURFACE ( 'NONE', #626, 3.360000000000000320, 0.7853981633974362886 ) ;
#1885 = ORIENTED_EDGE ( 'NONE', *, *, #684, .T. ) ;
#1886 = AXIS2_PLACEMENT_3D ( 'NONE', #2376, #599, #1019 ) ;
#1887 = FACE_OUTER_BOUND ( 'NONE', #584, .T. ) ;
#1888 = VECTOR ( 'NONE', #563, 999.9999999999998863 ) ;
#1889 = AXIS2_PLACEMENT_3D ( 'NONE', #2198, #612, #2402 ) ;
#1890 = AXIS2_PLACEMENT_3D ( 'NONE', #1700, #1264, #1662 ) ;
#1891 = EDGE_LOOP ( 'NONE', ( #2370, #1636 ) ) ;
#1892 = UNCERTAINTY_MEASURE_WITH_UNIT (LENGTH_MEASURE( 1.000000000000000082E-05 ), #2083, 'distance_accuracy_value', 'NONE');
#1893 = VECTOR ( 'NONE', #346, 1000.000000000000000 ) ;
#1894 = DIRECTION ( 'NONE',  ( -0.9594079804610295970, 0.2820218555851451980, 0.000000000000000000 ) ) ;
#1895 = LINE ( 'NONE', #762, #2708 ) ;
#1896 = EDGE_LOOP ( 'NONE', ( #341, #47, #777, #2732 ) ) ;
#1897 = CARTESIAN_POINT ( 'NONE',  ( 99.07406532122008969, 150.4387539462200039, -503.9982684545129814 ) ) ;
#1898 = EDGE_CURVE ( 'NONE', #1458, #1944, #2844, .T. ) ;
#1899 = ORIENTED_EDGE ( 'NONE', *, *, #2170, .T. ) ;
#1900 = EDGE_CURVE ( 'NONE', #2537, #2012, #761, .T. ) ;
#1901 = DIRECTION ( 'NONE',  ( 0.9594079804610300410, -0.2820218555851440323, 0.000000000000000000 ) ) ;
#1902 = PLANE ( 'NONE',  #1793 ) ;
#1903 = EDGE_LOOP ( 'NONE', ( #1355, #1488, #1443, #2694, #1162, #2361, #1268, #938 ) ) ;
#1904 = DIRECTION ( 'NONE',  ( 0.2820218555851344289, 0.9594079804610328166, 0.000000000000000000 ) ) ;
#1905 = FACE_OUTER_BOUND ( 'NONE', #2018, .T. ) ;
#1906 = DIRECTION ( 'NONE',  ( 0.2820218555851405351, 0.9594079804610311513, -5.551115123125791330E-17 ) ) ;
#1907 = VERTEX_POINT ( 'NONE', #611 ) ;
#1908 = CARTESIAN_POINT ( 'NONE',  ( 67.89330595623660258, 159.6044642527369888, -503.9982684545129814 ) ) ;
#1909 = ORIENTED_EDGE ( 'NONE', *, *, #930, .T. ) ;
#1910 = DIRECTION ( 'NONE',  ( 1.968327990612039750E-16, 0.000000000000000000, 1.000000000000000000 ) ) ;
#1911 = ORIENTED_EDGE ( 'NONE', *, *, #1900, .F. ) ;
#1912 = CYLINDRICAL_SURFACE ( 'NONE', #1841, 39.69999999999999574 ) ;
#1913 = CARTESIAN_POINT ( 'NONE',  ( 39.39888893654394764, 167.9805133636155006, -464.1485507641709773 ) ) ;
#1914 = EDGE_CURVE ( 'NONE', #913, #1734, #598, .T. ) ;
#1915 = ADVANCED_FACE ( 'NONE', ( #1739 ), #1748, .F. ) ;
#1916 = CARTESIAN_POINT ( 'NONE',  ( 47.77474105932080306, 160.3068505343419758, -503.9982684545129814 ) ) ;
#1917 = ORIENTED_EDGE ( 'NONE', *, *, #71, .T. ) ;
#1918 = LINE ( 'NONE', #756, #574 ) ;
#1919 = DIRECTION ( 'NONE',  ( 0.2820218555851404796, 0.9594079804610310402, -5.551115123125779621E-17 ) ) ;
#1920 = DIRECTION ( 'NONE',  ( -0.2820218555851439768, -0.9594079804610300410, 5.551115123125790098E-17 ) ) ;
#1921 = ORIENTED_EDGE ( 'NONE', *, *, #1775, .T. ) ;
#1922 = CARTESIAN_POINT ( 'NONE',  ( 53.83797904248210386, 163.7360844370595032, -532.1440940775069066 ) ) ;
#1923 = ORIENTED_EDGE ( 'NONE', *, *, #588, .F. ) ;
#1924 = FACE_OUTER_BOUND ( 'NONE', #1989, .T. ) ;
#1925 = VERTEX_POINT ( 'NONE', #378 ) ;
#1926 = CYLINDRICAL_SURFACE ( 'NONE', #1098, 3.074999999999993960 ) ;
#1927 = DIRECTION ( 'NONE',  ( -0.2820218555851439768, -0.9594079804610300410, -0.000000000000000000 ) ) ;
#1928 = CARTESIAN_POINT ( 'NONE',  ( 75.31037557696129170, 144.9164732995354257, -510.4982684545139477 ) ) ;
#1929 = ORIENTED_EDGE ( 'NONE', *, *, #1954, .F. ) ;
#1930 = DIRECTION ( 'NONE',  ( -0.9594079804610307072, 0.2820218555851415343, 1.009293658750141965E-14 ) ) ;
#1931 = CIRCLE ( 'NONE', #2840, 17.57499999999999574 ) ;
#1932 = EDGE_CURVE ( 'NONE', #1518, #1388, #2184, .T. ) ;
#1933 = AXIS2_PLACEMENT_3D ( 'NONE', #846, #2174, #1498 ) ;
#1934 = AXIS2_PLACEMENT_3D ( 'NONE', #2609, #74, #1870 ) ;
#1935 = ADVANCED_FACE ( 'NONE', ( #814 ), #1306, .F. ) ;
#1936 = DIRECTION ( 'NONE',  ( -0.2820218555851404796, -0.9594079804610310402, -0.000000000000000000 ) ) ;
#1937 = ADVANCED_FACE ( 'NONE', ( #1271 ), #63, .F. ) ;
#1938 = CIRCLE ( 'NONE', #107, 3.360000000000000320 ) ;
#1939 = CIRCLE ( 'NONE', #1649, 38.69999999999999574 ) ;
#1940 = CARTESIAN_POINT ( 'NONE',  ( 104.8537153581989969, 144.5705646641630153, -503.9982684545129814 ) ) ;
#1941 = VECTOR ( 'NONE', #2313, 1000.000000000000000 ) ;
#1942 = EDGE_LOOP ( 'NONE', ( #597, #884, #1448, #24 ) ) ;
#1943 = DIRECTION ( 'NONE',  ( -0.9594079804610300410, 0.2820218555851440323, 0.000000000000000000 ) ) ;
#1944 = VERTEX_POINT ( 'NONE', #1505 ) ;
#1945 = AXIS2_PLACEMENT_3D ( 'NONE', #1329, #1561, #871 ) ;
#1946 = CYLINDRICAL_SURFACE ( 'NONE', #2564, 1.600000000000091571 ) ;
#1947 = VERTEX_POINT ( 'NONE', #1948 ) ;
#1948 = CARTESIAN_POINT ( 'NONE',  ( 36.83749008206500264, 163.5218996880124678, -503.9982684545129814 ) ) ;
#1949 = CARTESIAN_POINT ( 'NONE',  ( 85.01873840746569044, 154.5703741305424899, -532.1440940775079298 ) ) ;
#1950 = DIRECTION ( 'NONE',  ( -0.2820218555851570219, -0.9594079804610262663, -0.000000000000000000 ) ) ;
#1951 = ORIENTED_EDGE ( 'NONE', *, *, #1812, .F. ) ;
#1952 = CARTESIAN_POINT ( 'NONE',  ( 98.57770685539020405, 148.7501959006085883, -503.9982684545129814 ) ) ;
#1953 = DIRECTION ( 'NONE',  ( -0.9594079804610320394, 0.2820218555851369824, 0.000000000000000000 ) ) ;
#1954 = EDGE_CURVE ( 'NONE', #793, #2137, #949, .T. ) ;
#1955 = DIRECTION ( 'NONE',  ( 0.8778234554355619501, 0.4789843223814009843, -8.659560562355148562E-17 ) ) ;
#1956 = ADVANCED_FACE ( 'NONE', ( #625 ), #2561, .T. ) ;
#1957 = CARTESIAN_POINT ( 'NONE',  ( 78.69463784398369910, 156.4293690650675330, -497.4982684545140046 ) ) ;
#1958 = EDGE_LOOP ( 'NONE', ( #1226, #2066, #2618, #275 ) ) ;
#1959 = DIRECTION ( 'NONE',  ( -0.2820218555851430886, -0.9594079804610304851, -0.000000000000000000 ) ) ;
#1960 = ORIENTED_EDGE ( 'NONE', *, *, #1824, .T. ) ;
#1961 = DIRECTION ( 'NONE',  ( -0.9594079804610300410, 0.2820218555851440323, 0.000000000000000000 ) ) ;
#1962 = CARTESIAN_POINT ( 'NONE',  ( 66.48319667831090385, 154.8074243504320009, -503.9982684545129814 ) ) ;
#1963 = CARTESIAN_POINT ( 'NONE',  ( 47.86488131881370123, 161.3226628859199820, -413.9982684545129814 ) ) ;
#1964 = ORIENTED_EDGE ( 'NONE', *, *, #2208, .F. ) ;
#1965 = CARTESIAN_POINT ( 'NONE',  ( 96.38772297592919358, 151.2284151418585054, -464.1485507641709773 ) ) ;
#1966 = DIRECTION ( 'NONE',  ( -0.6048239025548658443, -0.5592336449275607801, -0.5669618834448547640 ) ) ;
#1967 = FACE_BOUND ( 'NONE', #710, .T. ) ;
#1968 = CARTESIAN_POINT ( 'NONE',  ( 82.98732717289819050, 153.3330510538669955, -532.1440940775079298 ) ) ;
#1969 = ORIENTED_EDGE ( 'NONE', *, *, #143, .T. ) ;
#1970 = ADVANCED_FACE ( 'NONE', ( #2197 ), #1926, .F. ) ;
#1971 = DIRECTION ( 'NONE',  ( 0.2820218555851344289, 0.9594079804610328166, 0.000000000000000000 ) ) ;
#1972 = ORIENTED_EDGE ( 'NONE', *, *, #699, .T. ) ;
#1973 = DIRECTION ( 'NONE',  ( 0.2820218555851439768, 0.9594079804610300410, -5.551115123125790098E-17 ) ) ;
#1974 = FACE_OUTER_BOUND ( 'NONE', #2917, .T. ) ;
#1975 = DIRECTION ( 'NONE',  ( -0.2820218555851404796, -0.9594079804610310402, 5.551115123125779621E-17 ) ) ;
#1976 = ORIENTED_EDGE ( 'NONE', *, *, #2652, .T. ) ;
#1977 = CARTESIAN_POINT ( 'NONE',  ( 75.74445830406608593, 157.2965862709920088, -497.4982684545140046 ) ) ;
#1978 = CIRCLE ( 'NONE', #337, 3.075000000000006839 ) ;
#1979 = DIRECTION ( 'NONE',  ( -0.2820218555851409792, -0.9594079804610310402, 5.551115123125779621E-17 ) ) ;
#1980 = CIRCLE ( 'NONE', #1791, 3.075000000000006839 ) ;
#1981 = DIRECTION ( 'NONE',  ( -0.2820218555851405351, -0.9594079804610311513, 5.551115123125791330E-17 ) ) ;
#1982 = AXIS2_PLACEMENT_3D ( 'NONE', #53, #941, #1128 ) ;
#1983 = DIRECTION ( 'NONE',  ( -0.9594079804610300410, 0.2820218555851440323, 0.000000000000000000 ) ) ;
#1984 = VERTEX_POINT ( 'NONE', #1726 ) ;
#1985 = VECTOR ( 'NONE', #842, 999.9999999999998863 ) ;
#1986 = VECTOR ( 'NONE', #578, 1000.000000000000000 ) ;
#1987 = CYLINDRICAL_SURFACE ( 'NONE', #1706, 1.600000000000004086 ) ;
#1988 = AXIS2_PLACEMENT_3D ( 'NONE', #1539, #2435, #2212 ) ;
#1989 = EDGE_LOOP ( 'NONE', ( #489, #1247, #2100, #524 ) ) ;
#1990 = CARTESIAN_POINT ( 'NONE',  ( 67.89330595623660258, 159.6044642527369888, -432.8982684545129587 ) ) ;
#1991 = AXIS2_PLACEMENT_3D ( 'NONE', #1753, #432, #199 ) ;
#1992 = FACE_OUTER_BOUND ( 'NONE', #1135, .T. ) ;
#1993 = CARTESIAN_POINT ( 'NONE',  ( 92.71184355351280715, 204.1143933110944886, -510.4982684545139477 ) ) ;
#1994 = ADVANCED_FACE ( 'NONE', ( #1049 ), #2401, .F. ) ;
#1995 = AXIS2_PLACEMENT_3D ( 'NONE', #46, #1410, #2535 ) ;
#1996 = EDGE_CURVE ( 'NONE', #2786, #2513, #1756, .T. ) ;
#1997 = VERTEX_POINT ( 'NONE', #2648 ) ;
#1998 = DIRECTION ( 'NONE',  ( -0.9594079804610305962, 0.2820218555851416453, 0.000000000000000000 ) ) ;
#1999 = FACE_BOUND ( 'NONE', #414, .T. ) ;
#2000 = DIRECTION ( 'NONE',  ( -0.9594079804610310402, 0.2820218555851404796, 0.000000000000000000 ) ) ;
#2001 = ORIENTED_EDGE ( 'NONE', *, *, #1055, .T. ) ;
#2002 = CARTESIAN_POINT ( 'NONE',  ( 52.30292627374440428, 164.1873194059955097, -532.1440940775069066 ) ) ;
#2003 = ORIENTED_EDGE ( 'NONE', *, *, #2150, .T. ) ;
#2004 = CARTESIAN_POINT ( 'NONE',  ( 77.70756134943570714, 153.0714411334539875, -497.4982684545140046 ) ) ;
#2005 = ORIENTED_EDGE ( 'NONE', *, *, #464, .F. ) ;
#2006 = LINE ( 'NONE', #1169, #440 ) ;
#2007 = EDGE_CURVE ( 'NONE', #1548, #2686, #1844, .T. ) ;
#2008 = EDGE_CURVE ( 'NONE', #2269, #2244, #304, .T. ) ;
#2009 = DIRECTION ( 'NONE',  ( -0.9594079804610310402, 0.2820218555851404796, 0.000000000000000000 ) ) ;
#2010 = FACE_BOUND ( 'NONE', #1370, .T. ) ;
#2011 = PLANE ( 'NONE',  #350 ) ;
#2012 = VERTEX_POINT ( 'NONE', #2434 ) ;
#2013 = DIRECTION ( 'NONE',  ( 0.2820218555851439768, 0.9594079804610300410, 0.000000000000000000 ) ) ;
#2014 = VERTEX_POINT ( 'NONE', #422 ) ;
#2015 = CYLINDRICAL_SURFACE ( 'NONE', #14, 1.600000000000004086 ) ;
#2016 = ORIENTED_EDGE ( 'NONE', *, *, #127, .F. ) ;
#2017 = CARTESIAN_POINT ( 'NONE',  ( 55.52653708809349808, 163.2397259712294897, -532.1440940775069066 ) ) ;
#2018 = EDGE_LOOP ( 'NONE', ( #1845, #729, #2674, #1672 ) ) ;
#2019 = ADVANCED_FACE ( 'NONE', ( #1318 ), #2211, .F. ) ;
#2020 = CARTESIAN_POINT ( 'NONE',  ( 56.10489757394299914, 159.4216315087925011, -510.4982684545129814 ) ) ;
#2021 = CYLINDRICAL_SURFACE ( 'NONE', #2455, 3.075000000000006839 ) ;
#2022 = FACE_BOUND ( 'NONE', #92, .T. ) ;
#2023 = EDGE_CURVE ( 'NONE', #795, #2513, #685, .T. ) ;
#2024 = ADVANCED_FACE ( 'NONE', ( #900 ), #48, .T. ) ;
#2025 = DIRECTION ( 'NONE',  ( -0.2820218555851409792, -0.9594079804610310402, 5.551115123125779621E-17 ) ) ;
#2026 = ORIENTED_EDGE ( 'NONE', *, *, #965, .F. ) ;
#2027 = CARTESIAN_POINT ( 'NONE',  ( 95.25963555358859480, 147.3907832200141854, -464.1485507641709773 ) ) ;
#2028 = AXIS2_PLACEMENT_3D ( 'NONE', #543, #1248, #2787 ) ;
#2029 = VECTOR ( 'NONE', #815, 999.9999999999998863 ) ;
#2030 = ORIENTED_EDGE ( 'NONE', *, *, #1825, .T. ) ;
#2031 = VECTOR ( 'NONE', #1493, 999.9999999999998863 ) ;
#2032 = CARTESIAN_POINT ( 'NONE',  ( 105.0223948000784020, 148.6902184415921795, -503.9982684545129814 ) ) ;
#2033 = CIRCLE ( 'NONE', #2753, 3.360000000000000320 ) ;
#2034 = ORIENTED_EDGE ( 'NONE', *, *, #1298, .F. ) ;
#2035 = FACE_OUTER_BOUND ( 'NONE', #2289, .T. ) ;
#2036 = AXIS2_PLACEMENT_3D ( 'NONE', #827, #561, #1457 ) ;
#2037 = VERTEX_POINT ( 'NONE', #1605 ) ;
#2038 = AXIS2_PLACEMENT_3D ( 'NONE', #790, #995, #1894 ) ;
#2039 = DIRECTION ( 'NONE',  ( 0.9594079804610300410, -0.2820218555851440323, 0.000000000000000000 ) ) ;
#2040 = CARTESIAN_POINT ( 'NONE',  ( 67.89330595623660258, 159.6044642527369888, -407.8982684545130155 ) ) ;
#2041 = ORIENTED_EDGE ( 'NONE', *, *, #2554, .T. ) ;
#2042 = EDGE_CURVE ( 'NONE', #872, #544, #2507, .T. ) ;
#2043 = EDGE_CURVE ( 'NONE', #1261, #2310, #2232, .T. ) ;
#2044 = CARTESIAN_POINT ( 'NONE',  ( 67.61128410065140315, 158.6450562722759798, -503.9982684545129814 ) ) ;
#2045 = ORIENTED_EDGE ( 'NONE', *, *, #2830, .T. ) ;
#2046 = CARTESIAN_POINT ( 'NONE',  ( 85.83423519085791042, 154.3306555532950028, -503.9982684545129814 ) ) ;
#2047 = ORIENTED_EDGE ( 'NONE', *, *, #338, .F. ) ;
#2048 = PLANE ( 'NONE',  #1466 ) ;
#2049 = ORIENTED_EDGE ( 'NONE', *, *, #2777, .T. ) ;
#2050 = CYLINDRICAL_SURFACE ( 'NONE', #1041, 1.600000000000004086 ) ;
#2051 = LINE ( 'NONE', #58, #434 ) ;
#2052 = CARTESIAN_POINT ( 'NONE',  ( 86.51162131573370573, 153.0892257172490076, -413.9982684545129814 ) ) ;
#2053 = SURFACE_STYLE_USAGE ( .BOTH. , #516 ) ;
#2054 = ORIENTED_EDGE ( 'NONE', *, *, #1581, .F. ) ;
#2055 = EDGE_CURVE ( 'NONE', #755, #1802, #2802, .T. ) ;
#2056 = DIRECTION ( 'NONE',  ( -0.9594079804610303741, 0.2820218555851430886, 0.000000000000000000 ) ) ;
#2057 = EDGE_LOOP ( 'NONE', ( #307, #2684 ) ) ;
#2058 = CARTESIAN_POINT ( 'NONE',  ( 50.76787350500729445, 164.6385543749319993, -475.8524428315189994 ) ) ;
#2059 = ORIENTED_EDGE ( 'NONE', *, *, #1679, .F. ) ;
#2060 = CARTESIAN_POINT ( 'NONE',  ( 68.93200025914438811, 157.4646712381895099, -407.8982684545130155 ) ) ;
#2061 = FACE_OUTER_BOUND ( 'NONE', #291, .T. ) ;
#2062 = CARTESIAN_POINT ( 'NONE',  ( 80.65774088935340558, 152.2042239275299949, -497.4982684545140046 ) ) ;
#2063 = CYLINDRICAL_SURFACE ( 'NONE', #57, 3.075000000000000622 ) ;
#2064 =( NAMED_UNIT ( * ) PLANE_ANGLE_UNIT ( ) SI_UNIT ( $, .RADIAN. ) );
#2065 = CIRCLE ( 'NONE', #203, 1.600000000000004086 ) ;
#2066 = ORIENTED_EDGE ( 'NONE', *, *, #648, .T. ) ;
#2067 = AXIS2_PLACEMENT_3D ( 'NONE', #1965, #1714, #1930 ) ;
#2068 = DIRECTION ( 'NONE',  ( -0.9594079804610300410, 0.2820218555851440323, 0.000000000000000000 ) ) ;
#2069 = CIRCLE ( 'NONE', #1652, 3.360000000000000320 ) ;
#2070 = ORIENTED_EDGE ( 'NONE', *, *, #240, .T. ) ;
#2071 = CYLINDRICAL_SURFACE ( 'NONE', #670, 1.599999999999997424 ) ;
#2072 = AXIS2_PLACEMENT_3D ( 'NONE', #2737, #1783, #730 ) ;
#2073 = EDGE_CURVE ( 'NONE', #391, #466, #1568, .T. ) ;
#2074 = EDGE_CURVE ( 'NONE', #2845, #2727, #2033, .T. ) ;
#2075 = AXIS2_PLACEMENT_3D ( 'NONE', #2872, #1973, #841 ) ;
#2076 = EDGE_LOOP ( 'NONE', ( #2206, #1017, #1577, #985 ) ) ;
#2077 = CARTESIAN_POINT ( 'NONE',  ( 64.50904368921489151, 148.0915684872046256, -503.9982684545129814 ) ) ;
#2078 = VECTOR ( 'NONE', #694, 1000.000000000000114 ) ;
#2079 = CARTESIAN_POINT ( 'NONE',  ( 0.000000000000000000, 0.000000000000000000, 0.000000000000000000 ) ) ;
#2080 = CIRCLE ( 'NONE', #119, 1.600000000000004086 ) ;
#2081 = DIRECTION ( 'NONE',  ( -0.9594079804610310402, 0.2820218555851408127, 0.000000000000000000 ) ) ;
#2082 = VERTEX_POINT ( 'NONE', #2191 ) ;
#2083 =( LENGTH_UNIT ( ) NAMED_UNIT ( * ) SI_UNIT ( .MILLI., .METRE. ) );
#2084 = DIRECTION ( 'NONE',  ( -0.9594079804610305962, 0.2820218555851416453, 0.000000000000000000 ) ) ;
#2085 = ORIENTED_EDGE ( 'NONE', *, *, #362, .T. ) ;
#2086 = CARTESIAN_POINT ( 'NONE',  ( 53.70771180146990531, 151.2666636748734845, -497.4982684545129814 ) ) ;
#2087 = VERTEX_POINT ( 'NONE', #181 ) ;
#2088 = CARTESIAN_POINT ( 'NONE',  ( 84.42412591293199853, 149.5336156509897876, -413.9982684545129814 ) ) ;
#2089 = CARTESIAN_POINT ( 'NONE',  ( 81.64481738390141174, 155.5621518591434835, -497.4982684545140046 ) ) ;
#2090 = EDGE_LOOP ( 'NONE', ( #396, #1664, #988, #85 ) ) ;
#2091 = ADVANCED_FACE ( 'NONE', ( #2203 ), #2124, .T. ) ;
#2092 = LINE ( 'NONE', #1424, #905 ) ;
#2093 = EDGE_CURVE ( 'NONE', #2137, #793, #2610, .T. ) ;
#2094 = ORIENTED_EDGE ( 'NONE', *, *, #1090, .F. ) ;
#2095 = DIRECTION ( 'NONE',  ( -0.9594079804610310402, 0.2820218555851404796, 0.000000000000000000 ) ) ;
#2096 = CARTESIAN_POINT ( 'NONE',  ( 66.90622946168990381, 156.2465363211229885, -490.9982684545129814 ) ) ;
#2097 = LINE ( 'NONE', #1922, #812 ) ;
#2098 = ORIENTED_EDGE ( 'NONE', *, *, #169, .T. ) ;
#2099 = CARTESIAN_POINT ( 'NONE',  ( 105.0223948000786010, 148.6902184415920090, -503.9982684545129814 ) ) ;
#2100 = ORIENTED_EDGE ( 'NONE', *, *, #746, .F. ) ;
#2101 = LINE ( 'NONE', #2088, #1888 ) ;
#2102 = CARTESIAN_POINT ( 'NONE',  ( 67.39694749040670274, 157.9159062071255164, -407.8982684545130155 ) ) ;
#2103 = VERTEX_POINT ( 'NONE', #728 ) ;
#2104 = DIRECTION ( 'NONE',  ( -0.9594079804610300410, 0.2820218555851440323, 0.000000000000000000 ) ) ;
#2105 = EDGE_CURVE ( 'NONE', #2310, #972, #971, .T. ) ;
#2106 = ORIENTED_EDGE ( 'NONE', *, *, #1579, .T. ) ;
#2107 = CARTESIAN_POINT ( 'NONE',  ( 83.48368563872810455, 155.0216090994785247, -532.1440940775079298 ) ) ;
#2108 = ADVANCED_FACE ( 'NONE', ( #959 ), #1823, .F. ) ;
#2109 = LINE ( 'NONE', #1441, #311 ) ;
#2110 = ADVANCED_FACE ( 'NONE', ( #2300 ), #2177, .F. ) ;
#2111 = CARTESIAN_POINT ( 'NONE',  ( 67.89330595623660258, 159.6044642527369888, -516.9982684545129814 ) ) ;
#2112 = ORIENTED_EDGE ( 'NONE', *, *, #837, .F. ) ;
#2113 = CARTESIAN_POINT ( 'NONE',  ( 96.12890327455670558, 146.0929490128509940, -503.9982684545129814 ) ) ;
#2114 = CONICAL_SURFACE ( 'NONE', #1138, 3.359999999999965681, 0.7853981633974377319 ) ;
#2115 = ORIENTED_EDGE ( 'NONE', *, *, #648, .F. ) ;
#2116 = CARTESIAN_POINT ( 'NONE',  ( 66.90622946168859642, 156.2465363211234717, -516.9982684545129814 ) ) ;
#2117 = AXIS2_PLACEMENT_3D ( 'NONE', #1952, #1551, #2188 ) ;
#2118 = CIRCLE ( 'NONE', #1139, 1.600000000000044054 ) ;
#2119 = CARTESIAN_POINT ( 'NONE',  ( 82.07357636080240582, 150.2245691971735084, -532.1440940775079298 ) ) ;
#2120 = AXIS2_PLACEMENT_3D ( 'NONE', #95, #986, #1687 ) ;
#2121 = ORIENTED_EDGE ( 'NONE', *, *, #1508, .F. ) ;
#2122 = AXIS2_PLACEMENT_3D ( 'NONE', #1883, #2344, #129 ) ;
#2123 = CARTESIAN_POINT ( 'NONE',  ( 52.30292627374440428, 164.1873194059955097, -532.1440940775069066 ) ) ;
#2124 = CONICAL_SURFACE ( 'NONE', #1890, 38.70000000000000995, 0.7853981633974511656 ) ;
#2125 = AXIS2_PLACEMENT_3D ( 'NONE', #122, #2878, #2476 ) ;
#2126 = AXIS2_PLACEMENT_3D ( 'NONE', #2350, #316, #2095 ) ;
#2127 = DIRECTION ( 'NONE',  ( 0.8778234554355460739, 0.4789843223814300166, -8.659560562354829320E-17 ) ) ;
#2128 = COLOUR_RGB ( '',0.7921568627450980005, 0.8196078431372548767, 0.9333333333333333481 ) ;
#2129 = DIRECTION ( 'NONE',  ( 0.8778234554355467401, 0.4789843223814288509, -8.659560562354835483E-17 ) ) ;
#2130 = ORIENTED_EDGE ( 'NONE', *, *, #894, .F. ) ;
#2131 = DIRECTION ( 'NONE',  ( -0.9594079804610308182, 0.2820218555851410347, 0.000000000000000000 ) ) ;
#2132 = VERTEX_POINT ( 'NONE', #280 ) ;
#2133 = EDGE_CURVE ( 'NONE', #2620, #123, #487, .T. ) ;
#2134 = AXIS2_PLACEMENT_3D ( 'NONE', #1701, #2176, #778 ) ;
#2135 = ADVANCED_FACE ( 'NONE', ( #1167 ), #535, .T. ) ;
#2136 = FACE_OUTER_BOUND ( 'NONE', #1750, .T. ) ;
#2137 = VERTEX_POINT ( 'NONE', #1390 ) ;
#2138 = DIRECTION ( 'NONE',  ( -0.4789843223814088113, 0.8778234554355577313, 0.000000000000000000 ) ) ;
#2139 = DIRECTION ( 'NONE',  ( -0.2820218555851370379, -0.9594079804610322615, -0.000000000000000000 ) ) ;
#2140 = LINE ( 'NONE', #843, #1182 ) ;
#2141 = VERTEX_POINT ( 'NONE', #2099 ) ;
#2142 = CARTESIAN_POINT ( 'NONE',  ( 76.84542834569970182, 144.4652383305989929, -497.4982684545140046 ) ) ;
#2143 = CARTESIAN_POINT ( 'NONE',  ( 50.89281699581919582, 159.3902795036904934, -475.8524428315189994 ) ) ;
#2144 = DIRECTION ( 'NONE',  ( -0.2820218555851453646, -0.9594079804610295970, 5.551115123125777155E-17 ) ) ;
#2145 = ORIENTED_EDGE ( 'NONE', *, *, #891, .T. ) ;
#2146 = DIRECTION ( 'NONE',  ( 0.2820218555851405351, 0.9594079804610311513, -5.551115123125791330E-17 ) ) ;
#2147 = ORIENTED_EDGE ( 'NONE', *, *, #2468, .F. ) ;
#2148 = DIRECTION ( 'NONE',  ( -0.9594079804610303741, 0.2820218555851430886, 0.000000000000000000 ) ) ;
#2149 = PRODUCT_DEFINITION ( 'General', '', #775, #2921 ) ;
#2150 = EDGE_CURVE ( 'NONE', #913, #2372, #1702, .T. ) ;
#2151 = VERTEX_POINT ( 'NONE', #2538 ) ;
#2152 = CARTESIAN_POINT ( 'NONE',  ( 67.89330595623660258, 159.6044642527369888, -503.9982684545129814 ) ) ;
#2153 = FACE_OUTER_BOUND ( 'NONE', #1438, .T. ) ;
#2154 = DIRECTION ( 'NONE',  ( 0.2820218555851405351, 0.9594079804610311513, -5.551115123125785167E-17 ) ) ;
#2155 = ORIENTED_EDGE ( 'NONE', *, *, #2849, .T. ) ;
#2156 = CARTESIAN_POINT ( 'NONE',  ( 36.21618812542319432, 167.0816165136425013, -503.9982684545129814 ) ) ;
#2157 = DIRECTION ( 'NONE',  ( -0.9594079804610310402, 0.2820218555851404796, 0.000000000000000000 ) ) ;
#2158 = DIRECTION ( 'NONE',  ( 0.2820218555851439768, 0.9594079804610300410, 0.000000000000000000 ) ) ;
#2159 = DIRECTION ( 'NONE',  ( 1.968327990612039750E-16, 0.000000000000000000, 1.000000000000000000 ) ) ;
#2160 = EDGE_LOOP ( 'NONE', ( #962, #662 ) ) ;
#2161 = DIRECTION ( 'NONE',  ( -0.2820218555851460862, -0.9594079804610294859, 5.551115123125792563E-17 ) ) ;
#2162 = ORIENTED_EDGE ( 'NONE', *, *, #2265, .F. ) ;
#2163 = DIRECTION ( 'NONE',  ( -0.2820218555851355946, -0.9594079804610324835, -0.000000000000000000 ) ) ;
#2164 = CARTESIAN_POINT ( 'NONE',  ( 71.10917977802070311, 210.4645836864324906, -510.4982684545129814 ) ) ;
#2165 = FACE_OUTER_BOUND ( 'NONE', #1725, .T. ) ;
#2166 = EDGE_LOOP ( 'NONE', ( #1025, #2525 ) ) ;
#2167 = CARTESIAN_POINT ( 'NONE',  ( 53.15471803402530071, 160.2888487147164938, -510.4982684545129814 ) ) ;
#2168 = AXIS2_PLACEMENT_3D ( 'NONE', #1151, #2520, #953 ) ;
#2169 = CIRCLE ( 'NONE', #2409, 3.075000000000006839 ) ;
#2170 = EDGE_CURVE ( 'NONE', #358, #80, #1524, .T. ) ;
#2171 = ADVANCED_FACE ( 'NONE', ( #2782 ), #2416, .F. ) ;
#2172 = CIRCLE ( 'NONE', #1837, 11.00000000000011724 ) ;
#2173 = VECTOR ( 'NONE', #2469, 999.9999999999998863 ) ;
#2174 = DIRECTION ( 'NONE',  ( 0.2820218555851439768, 0.9594079804610300410, 0.000000000000000000 ) ) ;
#2175 = AXIS2_PLACEMENT_3D ( 'NONE', #1083, #1059, #1545 ) ;
#2176 = DIRECTION ( 'NONE',  ( -0.2820218555851404796, -0.9594079804610310402, 5.551115123125790098E-17 ) ) ;
#2177 = CONICAL_SURFACE ( 'NONE', #860, 3.359999999999965681, 0.7853981633974377319 ) ;
#2178 = DIRECTION ( 'NONE',  ( -0.4789843223814099771, 0.8778234554355569541, 0.000000000000000000 ) ) ;
#2179 = ORIENTED_EDGE ( 'NONE', *, *, #1717, .T. ) ;
#2180 = MECHANICAL_DESIGN_GEOMETRIC_PRESENTATION_REPRESENTATION (  '', ( #1801 ), #820 ) ;
#2181 = DIRECTION ( 'NONE',  ( -0.2820218555851414233, -0.9594079804610308182, 5.551115123125788865E-17 ) ) ;
#2182 = VECTOR ( 'NONE', #2326, 999.9999999999998863 ) ;
#2183 = VERTEX_POINT ( 'NONE', #330 ) ;
#2184 = LINE ( 'NONE', #2422, #301 ) ;
#2185 = CARTESIAN_POINT ( 'NONE',  ( 66.48319667831090385, 154.8074243504320009, -432.8982684545129587 ) ) ;
#2186 = FACE_OUTER_BOUND ( 'NONE', #283, .T. ) ;
#2187 = EDGE_LOOP ( 'NONE', ( #323, #1115, #247, #1849 ) ) ;
#2188 = DIRECTION ( 'NONE',  ( -0.9594079804610320394, 0.2820218555851369824, 0.000000000000000000 ) ) ;
#2189 = ADVANCED_FACE ( 'NONE', ( #1646 ), #2552, .F. ) ;
#2190 = CARTESIAN_POINT ( 'NONE',  ( 49.95237672161530185, 164.8782729521790316, -464.1485507641709773 ) ) ;
#2191 = CARTESIAN_POINT ( 'NONE',  ( 52.42786976455689540, 158.9390445347540037, -475.8524428315189994 ) ) ;
#2192 = FACE_BOUND ( 'NONE', #1737, .T. ) ;
#2193 = CARTESIAN_POINT ( 'NONE',  ( 64.94814390957320427, 155.2586593193680073, -407.8982684545130155 ) ) ;
#2194 = ORIENTED_EDGE ( 'NONE', *, *, #2760, .T. ) ;
#2195 = LINE ( 'NONE', #917, #2078 ) ;
#2196 = ORIENTED_EDGE ( 'NONE', *, *, #1530, .T. ) ;
#2197 = FACE_OUTER_BOUND ( 'NONE', #419, .T. ) ;
#2198 = CARTESIAN_POINT ( 'NONE',  ( 77.70756134943499660, 153.0714411334544991, -510.4982684545139477 ) ) ;
#2199 = CARTESIAN_POINT ( 'NONE',  ( 67.61128410065140315, 158.6450562722759798, -413.9982684545129814 ) ) ;
#2200 = ORIENTED_EDGE ( 'NONE', *, *, #1898, .T. ) ;
#2201 = CARTESIAN_POINT ( 'NONE',  ( 69.57412700928369986, 210.9158186553684970, -497.4982684545129814 ) ) ;
#2202 = DIRECTION ( 'NONE',  ( -0.2820218555851439768, -0.9594079804610300410, 5.551115123125779621E-17 ) ) ;
#2203 = FACE_OUTER_BOUND ( 'NONE', #1958, .T. ) ;
#2204 = DIRECTION ( 'NONE',  ( 1.968327990612039750E-16, 0.000000000000000000, 1.000000000000000000 ) ) ;
#2205 = CARTESIAN_POINT ( 'NONE',  ( 64.66969514188748747, 160.5520576875030088, -457.8982684545129587 ) ) ;
#2206 = ORIENTED_EDGE ( 'NONE', *, *, #2739, .T. ) ;
#2207 = EDGE_CURVE ( 'NONE', #288, #2345, #1471, .T. ) ;
#2208 = EDGE_CURVE ( 'NONE', #2329, #1486, #634, .T. ) ;
#2209 = CARTESIAN_POINT ( 'NONE',  ( 33.76738454458969585, 164.4243696258849923, -503.9982684545129814 ) ) ;
#2210 = ORIENTED_EDGE ( 'NONE', *, *, #2093, .F. ) ;
#2211 = CYLINDRICAL_SURFACE ( 'NONE', #534, 17.57500000000000284 ) ;
#2212 = DIRECTION ( 'NONE',  ( 0.9594079804610295970, -0.2820218555851451980, 0.000000000000000000 ) ) ;
#2213 = FACE_OUTER_BOUND ( 'NONE', #1624, .T. ) ;
#2214 = EDGE_LOOP ( 'NONE', ( #99, #2342, #2692, #2680 ) ) ;
#2215 = FACE_OUTER_BOUND ( 'NONE', #2562, .T. ) ;
#2216 = AXIS2_PLACEMENT_3D ( 'NONE', #1629, #2264, #1804 ) ;
#2217 = ORIENTED_EDGE ( 'NONE', *, *, #1663, .T. ) ;
#2218 = AXIS2_PLACEMENT_3D ( 'NONE', #2843, #1712, #2623 ) ;
#2219 = CARTESIAN_POINT ( 'NONE',  ( 63.38095626687429984, 144.2539365653606183, -503.9982684545129814 ) ) ;
#2220 = VECTOR ( 'NONE', #163, 999.9999999999998863 ) ;
#2221 = CIRCLE ( 'NONE', #109, 1.600000000000044054 ) ;
#2222 = LINE ( 'NONE', #427, #587 ) ;
#2223 = AXIS2_PLACEMENT_3D ( 'NONE', #2839, #411, #1093 ) ;
#2224 = CYLINDRICAL_SURFACE ( 'NONE', #302, 1.599999999999997424 ) ;
#2225 = ORIENTED_EDGE ( 'NONE', *, *, #1092, .F. ) ;
#2226 = VECTOR ( 'NONE', #1343, 999.9999999999998863 ) ;
#2227 = VECTOR ( 'NONE', #1110, 1000.000000000000114 ) ;
#2228 = DIRECTION ( 'NONE',  ( -0.9594079804610300410, 0.2820218555851440323, 0.000000000000000000 ) ) ;
#2229 = EDGE_CURVE ( 'NONE', #954, #2183, #2463, .T. ) ;
#2230 = VERTEX_POINT ( 'NONE', #739 ) ;
#2231 = ADVANCED_FACE ( 'NONE', ( #2524 ), #2894, .T. ) ;
#2232 = LINE ( 'NONE', #223, #2227 ) ;
#2233 = CONICAL_SURFACE ( 'NONE', #2805, 3.360000000000000320, 0.7853981633974362886 ) ;
#2234 = DIRECTION ( 'NONE',  ( 0.2820218555851439768, 0.9594079804610300410, -5.551115123125779621E-17 ) ) ;
#2235 = AXIS2_PLACEMENT_3D ( 'NONE', #2096, #90, #1874 ) ;
#2236 = ORIENTED_EDGE ( 'NONE', *, *, #1177, .T. ) ;
#2237 = DIRECTION ( 'NONE',  ( 0.2820218555851405351, 0.9594079804610311513, 0.000000000000000000 ) ) ;
#2238 = ORIENTED_EDGE ( 'NONE', *, *, #2105, .F. ) ;
#2239 = LINE ( 'NONE', #1275, #1464 ) ;
#2240 = CARTESIAN_POINT ( 'NONE',  ( 66.35825318749898827, 160.0556992216735068, -457.8982684545129587 ) ) ;
#2241 = DIRECTION ( 'NONE',  ( -0.2820218555851370379, -0.9594079804610322615, -0.000000000000000000 ) ) ;
#2242 = ORIENTED_EDGE ( 'NONE', *, *, #452, .T. ) ;
#2243 = CARTESIAN_POINT ( 'NONE',  ( 71.11691677058561822, 158.6568708179709972, -457.8982684545129587 ) ) ;
#2244 = VERTEX_POINT ( 'NONE', #2113 ) ;
#2245 = DIRECTION ( 'NONE',  ( -0.9594079804610308182, 0.2820218555851411457, 0.000000000000000000 ) ) ;
#2246 = EDGE_CURVE ( 'NONE', #1925, #1428, #1401, .T. ) ;
#2247 = LINE ( 'NONE', #1797, #1465 ) ;
#2248 = VERTEX_POINT ( 'NONE', #2354 ) ;
#2249 = CARTESIAN_POINT ( 'NONE',  ( 84.52237994163590429, 152.8818160849310175, -532.1440940775079298 ) ) ;
#2250 = EDGE_CURVE ( 'NONE', #2539, #1461, #1269, .T. ) ;
#2251 = EDGE_CURVE ( 'NONE', #655, #313, #1050, .T. ) ;
#2252 = ORIENTED_EDGE ( 'NONE', *, *, #963, .F. ) ;
#2253 = CARTESIAN_POINT ( 'NONE',  ( 67.89330595623660258, 159.6044642527369888, -432.8982684545129587 ) ) ;
#2254 = CARTESIAN_POINT ( 'NONE',  ( 86.70729645307719125, 154.0740156647125048, -532.1440940775079298 ) ) ;
#2255 = DIRECTION ( 'NONE',  ( -0.9594079804610319284, 0.2820218555851374820, 0.000000000000000000 ) ) ;
#2256 = ORIENTED_EDGE ( 'NONE', *, *, #2482, .F. ) ;
#2257 = FACE_OUTER_BOUND ( 'NONE', #1423, .T. ) ;
#2258 = EDGE_LOOP ( 'NONE', ( #1851, #957, #2736, #1921 ) ) ;
#2259 = CARTESIAN_POINT ( 'NONE',  ( 82.08941188586439353, 138.7545103814503875, -503.9982684545129814 ) ) ;
#2260 = VERTEX_POINT ( 'NONE', #1724 ) ;
#2261 = DIRECTION ( 'NONE',  ( 9.996133283839191165E-16, 0.000000000000000000, -1.000000000000000000 ) ) ;
#2262 = VERTEX_POINT ( 'NONE', #2634 ) ;
#2263 = ADVANCED_FACE ( 'NONE', ( #1924 ), #1946, .F. ) ;
#2264 = DIRECTION ( 'NONE',  ( 0.2820218555851460862, 0.9594079804610294859, -5.551115123125792563E-17 ) ) ;
#2265 = EDGE_CURVE ( 'NONE', #2882, #2816, #2755, .T. ) ;
#2266 = AXIS2_PLACEMENT_3D ( 'NONE', #2730, #2292, #2496 ) ;
#2267 = SHAPE_DEFINITION_REPRESENTATION ( #69, #1170 ) ;
#2268 = CARTESIAN_POINT ( 'NONE',  ( 56.10489757394299914, 159.4216315087925011, -510.4982684545129814 ) ) ;
#2269 = VERTEX_POINT ( 'NONE', #1502 ) ;
#2270 = VECTOR ( 'NONE', #1600, 999.9999999999998863 ) ;
#2271 = AXIS2_PLACEMENT_3D ( 'NONE', #147, #2612, #1953 ) ;
#2272 = DIRECTION ( 'NONE',  ( -0.9594079804610308182, 0.2820218555851410347, 0.000000000000000000 ) ) ;
#2273 = VECTOR ( 'NONE', #1277, 999.9999999999998863 ) ;
#2274 = EDGE_LOOP ( 'NONE', ( #2059, #1062 ) ) ;
#2275 = VECTOR ( 'NONE', #1500, 1000.000000000000114 ) ;
#2276 = AXIS2_PLACEMENT_3D ( 'NONE', #1625, #319, #1210 ) ;
#2277 = EDGE_LOOP ( 'NONE', ( #2759, #549, #1556, #2225 ) ) ;
#2278 = DIRECTION ( 'NONE',  ( 0.2820218555851439768, 0.9594079804610300410, -5.551115123125790098E-17 ) ) ;
#2279 = ORIENTED_EDGE ( 'NONE', *, *, #1416, .F. ) ;
#2280 = VECTOR ( 'NONE', #1906, 999.9999999999998863 ) ;
#2281 = DIRECTION ( 'NONE',  ( -0.9594079804610308182, 0.2820218555851410347, 0.000000000000000000 ) ) ;
#2282 =( NAMED_UNIT ( * ) SI_UNIT ( $, .STERADIAN. ) SOLID_ANGLE_UNIT ( ) );
#2283 = EDGE_CURVE ( 'NONE', #313, #2448, #174, .T. ) ;
#2284 = DIRECTION ( 'NONE',  ( -0.2820218555851409792, -0.9594079804610310402, 5.551115123125779621E-17 ) ) ;
#2285 = FACE_OUTER_BOUND ( 'NONE', #1876, .T. ) ;
#2286 = DIRECTION ( 'NONE',  ( -0.2820218555851439768, -0.9594079804610300410, 5.551115123125779621E-17 ) ) ;
#2287 = ORIENTED_EDGE ( 'NONE', *, *, #1296, .F. ) ;
#2288 = DIRECTION ( 'NONE',  ( 0.2820218555851430886, 0.9594079804610304851, 0.000000000000000000 ) ) ;
#2289 = EDGE_LOOP ( 'NONE', ( #1289, #1027, #869, #1413 ) ) ;
#2290 = FACE_OUTER_BOUND ( 'NONE', #1433, .T. ) ;
#2291 = ORIENTED_EDGE ( 'NONE', *, *, #2023, .F. ) ;
#2292 = DIRECTION ( 'NONE',  ( -0.2820218555851374820, -0.9594079804610320394, -0.000000000000000000 ) ) ;
#2293 = DIRECTION ( 'NONE',  ( 0.2820218555851404796, 0.9594079804610310402, -5.551115123125779621E-17 ) ) ;
#2294 = DIRECTION ( 'NONE',  ( 0.2820218555851405351, 0.9594079804610311513, -5.551115123125785167E-17 ) ) ;
#2295 = VERTEX_POINT ( 'NONE', #2585 ) ;
#2296 = CARTESIAN_POINT ( 'NONE',  ( 96.38772297592919358, 151.2284151418585054, -464.1485507641709773 ) ) ;
#2297 = EDGE_LOOP ( 'NONE', ( #1129, #326, #2776, #831 ) ) ;
#2298 = ADVANCED_FACE ( 'NONE', ( #781 ), #2365, .F. ) ;
#2299 = EDGE_CURVE ( 'NONE', #1656, #1065, #445, .T. ) ;
#2300 = FACE_OUTER_BOUND ( 'NONE', #2444, .T. ) ;
#2301 = EDGE_LOOP ( 'NONE', ( #1690, #2049, #2162, #344 ) ) ;
#2302 = LINE ( 'NONE', #2814, #2360 ) ;
#2303 = EDGE_LOOP ( 'NONE', ( #2003, #2145, #758, #206 ) ) ;
#2304 = DIRECTION ( 'NONE',  ( -0.2820218555851414233, -0.9594079804610308182, 5.551115123125788865E-17 ) ) ;
#2305 = DIRECTION ( 'NONE',  ( -0.9594079804610308182, 0.2820218555851410347, 0.000000000000000000 ) ) ;
#2306 = EDGE_LOOP ( 'NONE', ( #2756, #1482 ) ) ;
#2307 = DIRECTION ( 'NONE',  ( 0.2820218555851344289, 0.9594079804610328166, 0.000000000000000000 ) ) ;
#2308 = DIRECTION ( 'NONE',  ( 0.2820218555851409792, 0.9594079804610310402, -5.551115123125779621E-17 ) ) ;
#2309 = CIRCLE ( 'NONE', #152, 3.074999999999993960 ) ;
#2310 = VERTEX_POINT ( 'NONE', #2836 ) ;
#2311 = AXIS2_PLACEMENT_3D ( 'NONE', #2831, #1936, #2627 ) ;
#2312 = CIRCLE ( 'NONE', #2067, 11.00000000000000355 ) ;
#2313 = DIRECTION ( 'NONE',  ( -6.109439335839029751E-16, 1.217296426077653991E-16, -1.000000000000000000 ) ) ;
#2314 = AXIS2_PLACEMENT_3D ( 'NONE', #2164, #190, #1757 ) ;
#2315 = EDGE_CURVE ( 'NONE', #1367, #1802, #2399, .T. ) ;
#2316 = EDGE_CURVE ( 'NONE', #2479, #1947, #2467, .T. ) ;
#2317 = ORIENTED_EDGE ( 'NONE', *, *, #1774, .F. ) ;
#2318 = FACE_OUTER_BOUND ( 'NONE', #1598, .T. ) ;
#2319 = AXIS2_PLACEMENT_3D ( 'NONE', #2570, #546, #1013 ) ;
#2320 = VERTEX_POINT ( 'NONE', #1520 ) ;
#2321 = DIRECTION ( 'NONE',  ( -0.4789843223814437834, 0.8778234554355386354, 0.000000000000000000 ) ) ;
#2322 = AXIS2_PLACEMENT_3D ( 'NONE', #898, #1108, #2478 ) ;
#2323 = DIRECTION ( 'NONE',  ( 0.000000000000000000, 0.000000000000000000, 1.000000000000000000 ) ) ;
#2324 = CIRCLE ( 'NONE', #1054, 39.70000000000000284 ) ;
#2325 = VERTEX_POINT ( 'NONE', #1673 ) ;
#2326 = DIRECTION ( 'NONE',  ( 0.2820218555851405351, 0.9594079804610311513, 0.000000000000000000 ) ) ;
#2327 = ORIENTED_EDGE ( 'NONE', *, *, #980, .F. ) ;
#2328 = CARTESIAN_POINT ( 'NONE',  ( 82.07357636080240582, 150.2245691971735084, -532.1440940775079298 ) ) ;
#2329 = VERTEX_POINT ( 'NONE', #1491 ) ;
#2330 = DIRECTION ( 'NONE',  ( -0.9594079804610310402, 0.2820218555851404796, 0.000000000000000000 ) ) ;
#2331 = EDGE_CURVE ( 'NONE', #606, #2421, #151, .T. ) ;
#2332 = FACE_OUTER_BOUND ( 'NONE', #2477, .T. ) ;
#2333 = EDGE_LOOP ( 'NONE', ( #774, #2485, #641, #2279 ) ) ;
#2334 = CYLINDRICAL_SURFACE ( 'NONE', #2551, 1.600000000000004086 ) ;
#2335 = EDGE_CURVE ( 'NONE', #2686, #1548, #2713, .T. ) ;
#2336 = ADVANCED_FACE ( 'NONE', ( #388, #1046 ), #1707, .T. ) ;
#2337 = EDGE_LOOP ( 'NONE', ( #1660, #2317 ) ) ;
#2338 = DIRECTION ( 'NONE',  ( -0.2820218555851439768, -0.9594079804610300410, 5.551115123125779621E-17 ) ) ;
#2339 = PLANE ( 'NONE',  #621 ) ;
#2340 = ORIENTED_EDGE ( 'NONE', *, *, #536, .T. ) ;
#2341 = CARTESIAN_POINT ( 'NONE',  ( 83.48368563872810455, 155.0216090994785247, -532.1440940775079298 ) ) ;
#2342 = ORIENTED_EDGE ( 'NONE', *, *, #610, .T. ) ;
#2343 = CARTESIAN_POINT ( 'NONE',  ( 80.24255152347689091, 139.2974024534516104, -503.9982684545129814 ) ) ;
#2344 = DIRECTION ( 'NONE',  ( 0.2820218555851414233, 0.9594079804610308182, -5.551115123125778388E-17 ) ) ;
#2345 = VERTEX_POINT ( 'NONE', #839 ) ;
#2346 = LINE ( 'NONE', #1668, #342 ) ;
#2347 = EDGE_CURVE ( 'NONE', #1474, #2451, #2850, .T. ) ;
#2348 = ADVANCED_FACE ( 'NONE', ( #2136 ), #2419, .F. ) ;
#2349 = DIRECTION ( 'NONE',  ( -0.4789843223814410633, 0.8778234554355401897, 0.000000000000000000 ) ) ;
#2350 = CARTESIAN_POINT ( 'NONE',  ( 78.69463784398298856, 156.4293690650680162, -510.4982684545139477 ) ) ;
#2351 = DIRECTION ( 'NONE',  ( 0.2820218555851404796, 0.9594079804610310402, -5.551115123125779621E-17 ) ) ;
#2352 = CYLINDRICAL_SURFACE ( 'NONE', #2125, 1.600000000000004086 ) ;
#2353 = VERTEX_POINT ( 'NONE', #2597 ) ;
#2354 = CARTESIAN_POINT ( 'NONE',  ( 49.07931545939589313, 165.1349128407615012, -475.8524428315189994 ) ) ;
#2355 = CIRCLE ( 'NONE', #1279, 1.600000000000004086 ) ;
#2356 = ORIENTED_EDGE ( 'NONE', *, *, #1559, .T. ) ;
#2357 = DIRECTION ( 'NONE',  ( -0.2820218555851404796, -0.9594079804610310402, 5.551115123125779621E-17 ) ) ;
#2358 = AXIS2_PLACEMENT_3D ( 'NONE', #1406, #2304, #294 ) ;
#2359 = FACE_BOUND ( 'NONE', #1321, .T. ) ;
#2360 = VECTOR ( 'NONE', #2138, 1000.000000000000227 ) ;
#2361 = ORIENTED_EDGE ( 'NONE', *, *, #1532, .F. ) ;
#2362 = AXIS2_PLACEMENT_3D ( 'NONE', #2119, #1213, #1007 ) ;
#2363 = DIRECTION ( 'NONE',  ( 9.044523979204359392E-16, -3.237272371154975010E-16, -1.000000000000000000 ) ) ;
#2364 = VECTOR ( 'NONE', #185, 1000.000000000000227 ) ;
#2365 = CONICAL_SURFACE ( 'NONE', #25, 3.359999999999965681, 0.7853981633974377319 ) ;
#2366 = CARTESIAN_POINT ( 'NONE',  ( 55.52653708809349808, 163.2397259712294897, -532.1440940775069066 ) ) ;
#2367 = ADVANCED_FACE ( 'NONE', ( #1476 ), #2373, .F. ) ;
#2368 = AXIS2_PLACEMENT_3D ( 'NONE', #2381, #2158, #1024 ) ;
#2369 = DIRECTION ( 'NONE',  ( -0.2820218555851374820, -0.9594079804610320394, -0.000000000000000000 ) ) ;
#2370 = ORIENTED_EDGE ( 'NONE', *, *, #2724, .F. ) ;
#2371 = DIRECTION ( 'NONE',  ( -0.9594079804610300410, 0.2820218555851440323, 0.000000000000000000 ) ) ;
#2372 = VERTEX_POINT ( 'NONE', #3 ) ;
#2373 = CYLINDRICAL_SURFACE ( 'NONE', #1150, 1.600000000000004086 ) ;
#2374 = ORIENTED_EDGE ( 'NONE', *, *, #801, .F. ) ;
#2375 = DIRECTION ( 'NONE',  ( 0.9594079804610312623, -0.2820218555851396469, 0.000000000000000000 ) ) ;
#2376 = CARTESIAN_POINT ( 'NONE',  ( 39.39888893654394764, 167.9805133636155006, -464.1485507641709773 ) ) ;
#2377 = CARTESIAN_POINT ( 'NONE',  ( 94.97761369800349485, 146.4313752395531765, -464.1485507641709773 ) ) ;
#2378 = ORIENTED_EDGE ( 'NONE', *, *, #567, .F. ) ;
#2379 = DIRECTION ( 'NONE',  ( -0.9594079804610319284, 0.2820218555851377040, 0.000000000000000000 ) ) ;
#2380 = LINE ( 'NONE', #2190, #254 ) ;
#2381 = CARTESIAN_POINT ( 'NONE',  ( 67.89330595623660258, 159.6044642527369888, -457.8982684545129587 ) ) ;
#2382 = ORIENTED_EDGE ( 'NONE', *, *, #2652, .F. ) ;
#2383 = CARTESIAN_POINT ( 'NONE',  ( 71.11691677058561822, 158.6568708179709972, -457.8982684545129587 ) ) ;
#2384 = ORIENTED_EDGE ( 'NONE', *, *, #965, .T. ) ;
#2385 = CARTESIAN_POINT ( 'NONE',  ( 56.10489757394360311, 159.4216315087919895, -497.4982684545129814 ) ) ;
#2386 = EDGE_CURVE ( 'NONE', #1853, #836, #306, .T. ) ;
#2387 = ORIENTED_EDGE ( 'NONE', *, *, #2812, .T. ) ;
#2388 = EDGE_CURVE ( 'NONE', #1461, #2586, #1004, .T. ) ;
#2389 = DIRECTION ( 'NONE',  ( 0.2820218555851430886, 0.9594079804610304851, 0.000000000000000000 ) ) ;
#2390 = DIRECTION ( 'NONE',  ( -0.9594079804610300410, 0.2820218555851440323, 0.000000000000000000 ) ) ;
#2391 = CARTESIAN_POINT ( 'NONE',  ( 66.90622946168859642, 156.2465363211234717, -516.9982684545129814 ) ) ;
#2392 = ORIENTED_EDGE ( 'NONE', *, *, #1216, .T. ) ;
#2393 = CARTESIAN_POINT ( 'NONE',  ( 102.2976761355692048, 149.4911605114540123, -503.9982684545129814 ) ) ;
#2394 = CARTESIAN_POINT ( 'NONE',  ( 52.30292627374490166, 164.1873194059955097, -475.8524428315189994 ) ) ;
#2395 = LINE ( 'NONE', #2863, #716 ) ;
#2396 = CARTESIAN_POINT ( 'NONE',  ( 66.90622946168990381, 156.2465363211229885, -490.9982684545129814 ) ) ;
#2397 = FACE_BOUND ( 'NONE', #1077, .T. ) ;
#2398 = VERTEX_POINT ( 'NONE', #1792 ) ;
#2399 = LINE ( 'NONE', #2822, #218 ) ;
#2400 = ORIENTED_EDGE ( 'NONE', *, *, #399, .T. ) ;
#2401 = CYLINDRICAL_SURFACE ( 'NONE', #1427, 1.600000000000004086 ) ;
#2402 = DIRECTION ( 'NONE',  ( -0.9594079804610294859, 0.2820218555851459752, 0.000000000000000000 ) ) ;
#2403 = ADVANCED_FACE ( 'NONE', ( #1536 ), #2722, .F. ) ;
#2404 = ADVANCED_FACE ( 'NONE', ( #1590 ), #583, .T. ) ;
#2405 = CYLINDRICAL_SURFACE ( 'NONE', #527, 1.600000000000004086 ) ;
#2406 = EDGE_LOOP ( 'NONE', ( #780, #614 ) ) ;
#2407 = CARTESIAN_POINT ( 'NONE',  ( 80.65774088935270925, 152.2042239275299949, -510.4982684545139477 ) ) ;
#2408 = AXIS2_PLACEMENT_3D ( 'NONE', #1829, #1818, #2701 ) ;
#2409 = AXIS2_PLACEMENT_3D ( 'NONE', #2391, #1975, #2887 ) ;
#2410 = AXIS2_PLACEMENT_3D ( 'NONE', #117, #1009, #2579 ) ;
#2411 = AXIS2_PLACEMENT_3D ( 'NONE', #582, #857, #1740 ) ;
#2412 = DIRECTION ( 'NONE',  ( -0.2820218555851439768, -0.9594079804610300410, 5.551115123125790098E-17 ) ) ;
#2413 = AXIS2_PLACEMENT_3D ( 'NONE', #889, #921, #2484 ) ;
#2414 = CIRCLE ( 'NONE', #162, 1.600000000000004086 ) ;
#2415 = FACE_BOUND ( 'NONE', #78, .T. ) ;
#2416 = CONICAL_SURFACE ( 'NONE', #265, 3.360000000000000320, 0.7853981633974377319 ) ;
#2417 = DIRECTION ( 'NONE',  ( 0.2820218555851405351, 0.9594079804610311513, -5.551115123125785167E-17 ) ) ;
#2418 = ORIENTED_EDGE ( 'NONE', *, *, #338, .T. ) ;
#2419 = CYLINDRICAL_SURFACE ( 'NONE', #1571, 1.600000000000004086 ) ;
#2420 = CONICAL_SURFACE ( 'NONE', #1708, 3.359999999999998987, 0.7853981633974362886 ) ;
#2421 = VERTEX_POINT ( 'NONE', #1345 ) ;
#2422 = CARTESIAN_POINT ( 'NONE',  ( 80.37545889702998636, 207.7407234676994960, -490.9982684545129814 ) ) ;
#2423 = LINE ( 'NONE', #1949, #1612 ) ;
#2424 = DIRECTION ( 'NONE',  ( -0.2820218555851405351, -0.9594079804610311513, 5.551115123125791330E-17 ) ) ;
#2425 = EDGE_LOOP ( 'NONE', ( #1168, #27, #1767, #2734 ) ) ;
#2426 = CARTESIAN_POINT ( 'NONE',  ( 84.42412591293219748, 149.5336156509896171, -503.9982684545129814 ) ) ;
#2427 = EDGE_CURVE ( 'NONE', #2151, #2421, #635, .T. ) ;
#2428 = EDGE_CURVE ( 'NONE', #456, #1388, #955, .T. ) ;
#2429 = CARTESIAN_POINT ( 'NONE',  ( 66.76521853389600381, 155.7668323308930098, -503.9982684545129814 ) ) ;
#2430 = CARTESIAN_POINT ( 'NONE',  ( 69.85640900160629485, 155.3793191151989959, -516.9982684545129814 ) ) ;
#2431 = ORIENTED_EDGE ( 'NONE', *, *, #930, .F. ) ;
#2432 = DIRECTION ( 'NONE',  ( 0.2820218555851405351, 0.9594079804610311513, -5.551115123125791330E-17 ) ) ;
#2433 = ORIENTED_EDGE ( 'NONE', *, *, #567, .T. ) ;
#2434 = CARTESIAN_POINT ( 'NONE',  ( 54.56984480520530667, 159.8728664777285076, -510.4982684545129814 ) ) ;
#2435 = DIRECTION ( 'NONE',  ( 0.2820218555851439768, 0.9594079804610300410, -5.551115123125790098E-17 ) ) ;
#2436 = DIRECTION ( 'NONE',  ( -0.9594079804610308182, 0.2820218555851411457, 0.000000000000000000 ) ) ;
#2437 = ORIENTED_EDGE ( 'NONE', *, *, #431, .F. ) ;
#2438 = DIRECTION ( 'NONE',  ( -0.9594079804610303741, 0.2820218555851430886, 0.000000000000000000 ) ) ;
#2439 = FACE_OUTER_BOUND ( 'NONE', #347, .T. ) ;
#2440 = ADVANCED_FACE ( 'NONE', ( #2257 ), #2233, .F. ) ;
#2441 = CARTESIAN_POINT ( 'NONE',  ( 105.9818027805393967, 148.4081965860070227, -503.9982684545129814 ) ) ;
#2442 = ADVANCED_FACE ( 'NONE', ( #2464 ), #1124, .F. ) ;
#2443 = CARTESIAN_POINT ( 'NONE',  ( 67.89330595623660258, 159.6044642527369888, -503.9982684545129814 ) ) ;
#2444 = EDGE_LOOP ( 'NONE', ( #700, #1357, #1964, #653 ) ) ;
#2445 = CARTESIAN_POINT ( 'NONE',  ( 53.34162057665219692, 162.0475263914479740, -532.1440940775069066 ) ) ;
#2446 = ORIENTED_EDGE ( 'NONE', *, *, #1036, .T. ) ;
#2447 = DIRECTION ( 'NONE',  ( -0.2820218555851405351, -0.9594079804610311513, 5.551115123125791330E-17 ) ) ;
#2448 = VERTEX_POINT ( 'NONE', #2490 ) ;
#2449 = FACE_OUTER_BOUND ( 'NONE', #1942, .T. ) ;
#2450 = VECTOR ( 'NONE', #284, 999.9999999999998863 ) ;
#2451 = VERTEX_POINT ( 'NONE', #652 ) ;
#2452 = AXIS2_PLACEMENT_3D ( 'NONE', #2377, #1950, #1495 ) ;
#2453 = DIRECTION ( 'NONE',  ( -0.9594079804610300410, 0.2820218555851440323, 0.000000000000000000 ) ) ;
#2454 = VECTOR ( 'NONE', #2862, 1000.000000000000000 ) ;
#2455 = AXIS2_PLACEMENT_3D ( 'NONE', #2912, #2689, #2009 ) ;
#2456 = CARTESIAN_POINT ( 'NONE',  ( 65.86189472166910264, 158.3671411760619776, -432.8982684545129587 ) ) ;
#2457 = CIRCLE ( 'NONE', #1982, 19.70000000000000639 ) ;
#2458 = CARTESIAN_POINT ( 'NONE',  ( 67.39694749040670274, 157.9159062071255164, -432.8982684545129587 ) ) ;
#2459 = EDGE_LOOP ( 'NONE', ( #542, #2573 ) ) ;
#2460 = VECTOR ( 'NONE', #2617, 999.9999999999998863 ) ;
#2461 = EDGE_CURVE ( 'NONE', #2882, #836, #420, .T. ) ;
#2462 = EDGE_CURVE ( 'NONE', #2183, #131, #1429, .T. ) ;
#2463 = CIRCLE ( 'NONE', #2664, 39.70000000000000284 ) ;
#2464 = FACE_OUTER_BOUND ( 'NONE', #1572, .T. ) ;
#2465 = ORIENTED_EDGE ( 'NONE', *, *, #1645, .F. ) ;
#2466 = EDGE_CURVE ( 'NONE', #2132, #1486, #2195, .T. ) ;
#2467 = CIRCLE ( 'NONE', #2036, 1.599999999999997424 ) ;
#2468 = EDGE_CURVE ( 'NONE', #2244, #2269, #1527, .T. ) ;
#2469 = DIRECTION ( 'NONE',  ( -0.2820218555851405351, -0.9594079804610311513, 5.551115123125791330E-17 ) ) ;
#2470 = CONICAL_SURFACE ( 'NONE', #1763, 3.360000000000000320, 0.7853981633974362886 ) ;
#2471 = ORIENTED_EDGE ( 'NONE', *, *, #2869, .F. ) ;
#2472 = CARTESIAN_POINT ( 'NONE',  ( 67.89330595623660258, 159.6044642527369888, -407.8982684545130155 ) ) ;
#2473 = EDGE_LOOP ( 'NONE', ( #1504, #651, #2374, #1866 ) ) ;
#2474 = DIRECTION ( 'NONE',  ( 0.2820218555851374820, 0.9594079804610320394, 0.000000000000000000 ) ) ;
#2475 = DIRECTION ( 'NONE',  ( 0.2820218555851390918, 0.9594079804610314843, -5.551115123125782086E-17 ) ) ;
#2476 = DIRECTION ( 'NONE',  ( 0.9594079804610300410, -0.2820218555851440323, 0.000000000000000000 ) ) ;
#2477 = EDGE_LOOP ( 'NONE', ( #94, #1103, #1336, #2327 ) ) ;
#2478 = DIRECTION ( 'NONE',  ( -0.9594079804610319284, 0.2820218555851377040, 0.000000000000000000 ) ) ;
#2479 = VERTEX_POINT ( 'NONE', #2209 ) ;
#2480 = CARTESIAN_POINT ( 'NONE',  ( 72.64423254675899955, 210.0133487174960010, -497.4982684545129814 ) ) ;
#2481 = ADVANCED_FACE ( 'NONE', ( #187 ), #851, .F. ) ;
#2482 = EDGE_CURVE ( 'NONE', #1012, #477, #2668, .T. ) ;
#2483 = ORIENTED_EDGE ( 'NONE', *, *, #713, .F. ) ;
#2484 = DIRECTION ( 'NONE',  ( -0.9594079804610310402, 0.2820218555851407571, 0.000000000000000000 ) ) ;
#2485 = ORIENTED_EDGE ( 'NONE', *, *, #2738, .F. ) ;
#2486 = DIRECTION ( 'NONE',  ( 6.109439335839029751E-16, -1.217296426077653991E-16, 1.000000000000000000 ) ) ;
#2487 = DIRECTION ( 'NONE',  ( 0.2820218555851405351, 0.9594079804610311513, 0.000000000000000000 ) ) ;
#2488 = DIRECTION ( 'NONE',  ( 0.2820218555851405351, 0.9594079804610311513, -5.551115123125791330E-17 ) ) ;
#2489 = EDGE_LOOP ( 'NONE', ( #507, #2112 ) ) ;
#2490 = CARTESIAN_POINT ( 'NONE',  ( 50.27151503917689723, 162.9499963293204985, -532.1440940775069066 ) ) ;
#2491 = EDGE_LOOP ( 'NONE', ( #2712, #782, #1440, #1060 ) ) ;
#2492 = EDGE_LOOP ( 'NONE', ( #2446, #999, #992, #2638 ) ) ;
#2493 = CARTESIAN_POINT ( 'NONE',  ( 102.2976761355692048, 149.4911605114540123, -503.9982684545129814 ) ) ;
#2494 = ADVANCED_FACE ( 'NONE', ( #1316 ), #1987, .F. ) ;
#2495 = ORIENTED_EDGE ( 'NONE', *, *, #2008, .F. ) ;
#2496 = DIRECTION ( 'NONE',  ( -0.9594079804610319284, 0.2820218555851377040, 0.000000000000000000 ) ) ;
#2497 = VECTOR ( 'NONE', #1733, 999.9999999999998863 ) ;
#2498 = CARTESIAN_POINT ( 'NONE',  ( 66.48319667831090385, 154.8074243504320009, -407.8982684545130155 ) ) ;
#2499 = ORIENTED_EDGE ( 'NONE', *, *, #1859, .T. ) ;
#2500 = APPLICATION_CONTEXT ( 'automotive_design' ) ;
#2501 = VECTOR ( 'NONE', #701, 1000.000000000000114 ) ;
#2502 = AXIS2_PLACEMENT_3D ( 'NONE', #2143, #403, #1299 ) ;
#2503 = CARTESIAN_POINT ( 'NONE',  ( 63.38095626687429984, 144.2539365653606183, -503.9982684545129814 ) ) ;
#2504 = VECTOR ( 'NONE', #1840, 1000.000000000000227 ) ;
#2505 = VECTOR ( 'NONE', #26, 999.9999999999998863 ) ;
#2506 = VERTEX_POINT ( 'NONE', #2445 ) ;
#2507 = LINE ( 'NONE', #493, #1798 ) ;
#2508 = VECTOR ( 'NONE', #2146, 999.9999999999998863 ) ;
#2509 = DIRECTION ( 'NONE',  ( -0.2820218555851439768, -0.9594079804610300410, 5.551115123125779621E-17 ) ) ;
#2510 = ORIENTED_EDGE ( 'NONE', *, *, #2073, .F. ) ;
#2511 = DIRECTION ( 'NONE',  ( 0.9594079804610295970, -0.2820218555851451980, 0.000000000000000000 ) ) ;
#2512 = AXIS2_PLACEMENT_3D ( 'NONE', #2027, #2880, #23 ) ;
#2513 = VERTEX_POINT ( 'NONE', #956 ) ;
#2514 = CONICAL_SURFACE ( 'NONE', #586, 3.359999999999965681, 0.7853981633974377319 ) ;
#2515 = CARTESIAN_POINT ( 'NONE',  ( 97.04265408665260395, 149.2014308695447937, -503.9982684545129814 ) ) ;
#2516 = AXIS2_PLACEMENT_3D ( 'NONE', #258, #2293, #2763 ) ;
#2517 = CARTESIAN_POINT ( 'NONE',  ( 69.42835872497420269, 159.1532292838009823, -432.8982684545129587 ) ) ;
#2518 = EDGE_CURVE ( 'NONE', #2448, #2506, #1240, .T. ) ;
#2519 = EDGE_CURVE ( 'NONE', #2398, #2151, #167, .T. ) ;
#2520 = DIRECTION ( 'NONE',  ( -0.2820218555851439768, -0.9594079804610300410, -0.000000000000000000 ) ) ;
#2521 = ORIENTED_EDGE ( 'NONE', *, *, #2207, .F. ) ;
#2522 = DIRECTION ( 'NONE',  ( -0.9594079804610320394, 0.2820218555851369824, 0.000000000000000000 ) ) ;
#2523 = VERTEX_POINT ( 'NONE', #504 ) ;
#2524 = FACE_OUTER_BOUND ( 'NONE', #241, .T. ) ;
#2525 = ORIENTED_EDGE ( 'NONE', *, *, #2869, .T. ) ;
#2526 = DIRECTION ( 'NONE',  ( 0.2820218555851430886, 0.9594079804610304851, 0.000000000000000000 ) ) ;
#2527 = DIRECTION ( 'NONE',  ( -0.9594079804610295970, 0.2820218555851451980, 0.000000000000000000 ) ) ;
#2528 = ORIENTED_EDGE ( 'NONE', *, *, #2830, .F. ) ;
#2529 = DIRECTION ( 'NONE',  ( -0.9594079804610300410, 0.2820218555851440323, 0.000000000000000000 ) ) ;
#2530 = CARTESIAN_POINT ( 'NONE',  ( 53.83797904248260124, 163.7360844370595032, -475.8524428315189994 ) ) ;
#2531 = FACE_OUTER_BOUND ( 'NONE', #1721, .T. ) ;
#2532 = CARTESIAN_POINT ( 'NONE',  ( 55.52653708809399546, 163.2397259712294897, -475.8524428315189994 ) ) ;
#2533 = EDGE_CURVE ( 'NONE', #1705, #899, #1383, .T. ) ;
#2534 = ADVANCED_FACE ( 'NONE', ( #531 ), #1193, .F. ) ;
#2535 = DIRECTION ( 'NONE',  ( -0.9594079804610300410, 0.2820218555851440323, 0.000000000000000000 ) ) ;
#2536 = FACE_OUTER_BOUND ( 'NONE', #2491, .T. ) ;
#2537 = VERTEX_POINT ( 'NONE', #1602 ) ;
#2538 = CARTESIAN_POINT ( 'NONE',  ( 105.6997809249543963, 147.4487886055459853, -503.9982684545129814 ) ) ;
#2539 = VERTEX_POINT ( 'NONE', #299 ) ;
#2540 = CARTESIAN_POINT ( 'NONE',  ( 47.86488131881370123, 161.3226628859199820, -464.1485507641709773 ) ) ;
#2541 = CARTESIAN_POINT ( 'NONE',  ( 28.67672170959300004, 166.9630999976229759, -503.9982684545129814 ) ) ;
#2542 = ORIENTED_EDGE ( 'NONE', *, *, #1932, .F. ) ;
#2543 = CYLINDRICAL_SURFACE ( 'NONE', #2702, 1.600000000000004086 ) ;
#2544 = MANIFOLD_SOLID_BREP ( 'NONE', #1371 ) ;
#2545 = ORIENTED_EDGE ( 'NONE', *, *, #2518, .F. ) ;
#2546 = CARTESIAN_POINT ( 'NONE',  ( 35.17749382251540169, 169.2214095281905202, -503.9982684545129814 ) ) ;
#2547 = CIRCLE ( 'NONE', #9, 39.70000000000000284 ) ;
#2548 = EDGE_LOOP ( 'NONE', ( #1909, #2823, #903, #139 ) ) ;
#2549 = ADVANCED_FACE ( 'NONE', ( #1368 ), #706, .F. ) ;
#2550 = VECTOR ( 'NONE', #168, 999.9999999999998863 ) ;
#2551 = AXIS2_PLACEMENT_3D ( 'NONE', #324, #1215, #2104 ) ;
#2552 = CYLINDRICAL_SURFACE ( 'NONE', #1380, 1.600000000000004086 ) ;
#2553 = CONICAL_SURFACE ( 'NONE', #1285, 19.70000000000000639, 0.7853981633974710386 ) ;
#2554 = EDGE_CURVE ( 'NONE', #1802, #755, #727, .T. ) ;
#2555 = ORIENTED_EDGE ( 'NONE', *, *, #1205, .F. ) ;
#2556 = EDGE_CURVE ( 'NONE', #2479, #2372, #1642, .T. ) ;
#2557 = DIRECTION ( 'NONE',  ( 0.9594079804610310402, -0.2820218555851403130, 0.000000000000000000 ) ) ;
#2558 = AXIS2_PLACEMENT_3D ( 'NONE', #1142, #2357, #2330 ) ;
#2559 = AXIS2_PLACEMENT_3D ( 'NONE', #2914, #1766, #1324 ) ;
#2560 = CARTESIAN_POINT ( 'NONE',  ( 82.98732717289819050, 153.3330510538669955, -532.1440940775079298 ) ) ;
#2561 = CONICAL_SURFACE ( 'NONE', #66, 38.70000000000000995, 0.7853981633974511656 ) ;
#2562 = EDGE_LOOP ( 'NONE', ( #688, #2005, #227, #791 ) ) ;
#2563 = FACE_OUTER_BOUND ( 'NONE', #1256, .T. ) ;
#2564 = AXIS2_PLACEMENT_3D ( 'NONE', #622, #2161, #375 ) ;
#2565 = AXIS2_PLACEMENT_3D ( 'NONE', #1312, #458, #1554 ) ;
#2566 = DIRECTION ( 'NONE',  ( -0.9594079804610300410, 0.2820218555851440323, 0.000000000000000000 ) ) ;
#2567 = ORIENTED_EDGE ( 'NONE', *, *, #1560, .T. ) ;
#2568 = DIRECTION ( 'NONE',  ( -0.9594079804610308182, 0.2820218555851410347, 0.000000000000000000 ) ) ;
#2569 = DIRECTION ( 'NONE',  ( -0.2820218555851409792, -0.9594079804610310402, 5.551115123125779621E-17 ) ) ;
#2570 = CARTESIAN_POINT ( 'NONE',  ( 51.80656780791510130, 162.4987613603839804, -475.8524428315189994 ) ) ;
#2571 = EDGE_LOOP ( 'NONE', ( #1535, #2600, #2026, #1339 ) ) ;
#2572 = CARTESIAN_POINT ( 'NONE',  ( 82.07357636080270424, 150.2245691971735084, -475.8524428315189994 ) ) ;
#2573 = ORIENTED_EDGE ( 'NONE', *, *, #786, .F. ) ;
#2574 = CARTESIAN_POINT ( 'NONE',  ( 37.98877965861824890, 163.1834734613105127, -464.1485507641709773 ) ) ;
#2575 = LINE ( 'NONE', #1666, #2029 ) ;
#2576 = ADVANCED_FACE ( 'NONE', ( #760, #1833 ), #1208, .T. ) ;
#2577 = EDGE_CURVE ( 'NONE', #315, #1107, #1340, .T. ) ;
#2578 = ORIENTED_EDGE ( 'NONE', *, *, #2427, .F. ) ;
#2579 = DIRECTION ( 'NONE',  ( 0.9594079804610310402, -0.2820218555851403130, 0.000000000000000000 ) ) ;
#2580 = EDGE_LOOP ( 'NONE', ( #320, #1456 ) ) ;
#2581 = DIRECTION ( 'NONE',  ( 0.9594079804610321505, -0.2820218555851363718, 0.000000000000000000 ) ) ;
#2582 = VERTEX_POINT ( 'NONE', #266 ) ;
#2583 = CARTESIAN_POINT ( 'NONE',  ( 56.10489757394299914, 159.4216315087925011, -510.4982684545129814 ) ) ;
#2584 = EDGE_LOOP ( 'NONE', ( #752, #2629, #249, #668 ) ) ;
#2585 = CARTESIAN_POINT ( 'NONE',  ( 68.44128223042760339, 155.7953013521870105, -490.9982684545129814 ) ) ;
#2586 = VERTEX_POINT ( 'NONE', #35 ) ;
#2587 = DIRECTION ( 'NONE',  ( -0.2820218555851404796, -0.9594079804610310402, 5.551115123125779621E-17 ) ) ;
#2588 = FACE_BOUND ( 'NONE', #975, .T. ) ;
#2589 = ORIENTED_EDGE ( 'NONE', *, *, #837, .T. ) ;
#2590 = CARTESIAN_POINT ( 'NONE',  ( 59.05507711386059810, 158.5544143028680253, -510.4982684545129814 ) ) ;
#2591 = ADVANCED_FACE ( 'NONE', ( #927 ), #2733, .F. ) ;
#2592 = CARTESIAN_POINT ( 'NONE',  ( 89.52635245103479633, 149.0761049727060197, -472.1666026133339642 ) ) ;
#2593 = FACE_OUTER_BOUND ( 'NONE', #2594, .T. ) ;
#2594 = EDGE_LOOP ( 'NONE', ( #1029, #2384, #1430, #918 ) ) ;
#2595 = DIRECTION ( 'NONE',  ( 0.2820218555851405351, 0.9594079804610311513, -5.551115123125785167E-17 ) ) ;
#2596 = EDGE_LOOP ( 'NONE', ( #2115, #1294, #1703, #1315 ) ) ;
#2597 = CARTESIAN_POINT ( 'NONE',  ( 64.94312641631890415, 160.4716814586614930, -516.9982684545129814 ) ) ;
#2598 = CONICAL_SURFACE ( 'NONE', #56, 3.359999999999965681, 0.7853981633974377319 ) ;
#2599 = CIRCLE ( 'NONE', #1089, 3.359999999999965681 ) ;
#2600 = ORIENTED_EDGE ( 'NONE', *, *, #2386, .F. ) ;
#2601 = CARTESIAN_POINT ( 'NONE',  ( 64.50904368921489151, 148.0915684872046256, -503.9982684545129814 ) ) ;
#2602 = VECTOR ( 'NONE', #398, 999.9999999999998863 ) ;
#2603 = AXIS2_PLACEMENT_3D ( 'NONE', #1913, #1480, #2801 ) ;
#2604 = PLANE ( 'NONE',  #2411 ) ;
#2605 = CARTESIAN_POINT ( 'NONE',  ( 77.70756134943499660, 153.0714411334544991, -510.4982684545139477 ) ) ;
#2606 = CIRCLE ( 'NONE', #996, 1.599999999999997424 ) ;
#2607 = VERTEX_POINT ( 'NONE', #725 ) ;
#2608 = CIRCLE ( 'NONE', #1988, 1.599999999999997424 ) ;
#2609 = CARTESIAN_POINT ( 'NONE',  ( 67.89330595623660258, 159.6044642527369888, -457.8982684545129587 ) ) ;
#2610 = CIRCLE ( 'NONE', #349, 1.600000000000004086 ) ;
#2611 = VECTOR ( 'NONE', #1087, 1000.000000000000114 ) ;
#2612 = DIRECTION ( 'NONE',  ( -0.2820218555851370379, -0.9594079804610322615, -0.000000000000000000 ) ) ;
#2613 = EDGE_CURVE ( 'NONE', #499, #2329, #1623, .T. ) ;
#2614 = VECTOR ( 'NONE', #1955, 1000.000000000000114 ) ;
#2615 = DIRECTION ( 'NONE',  ( -0.9594079804610303741, 0.2820218555851430886, 0.000000000000000000 ) ) ;
#2616 = ADVANCED_FACE ( 'NONE', ( #557 ), #572, .F. ) ;
#2617 = DIRECTION ( 'NONE',  ( -0.2820218555851405351, -0.9594079804610311513, 5.551115123125791330E-17 ) ) ;
#2618 = ORIENTED_EDGE ( 'NONE', *, *, #2519, .T. ) ;
#2619 = DIRECTION ( 'NONE',  ( -0.9594079804610310402, 0.2820218555851404796, 0.000000000000000000 ) ) ;
#2620 = VERTEX_POINT ( 'NONE', #121 ) ;
#2621 = CARTESIAN_POINT ( 'NONE',  ( 39.93615740560215244, 167.8225811244880106, -503.9982684545129814 ) ) ;
#2622 = FACE_OUTER_BOUND ( 'NONE', #1155, .T. ) ;
#2623 = DIRECTION ( 'NONE',  ( -0.9594079804610327056, 0.2820218555851349285, 0.000000000000000000 ) ) ;
#2624 = ORIENTED_EDGE ( 'NONE', *, *, #895, .F. ) ;
#2625 = CARTESIAN_POINT ( 'NONE',  ( 66.48319667831090385, 154.8074243504320009, -503.9982684545129814 ) ) ;
#2626 = FACE_OUTER_BOUND ( 'NONE', #476, .T. ) ;
#2627 = DIRECTION ( 'NONE',  ( -0.9594079804610311513, 0.2820218555851404796, 0.000000000000000000 ) ) ;
#2628 = DIRECTION ( 'NONE',  ( -0.2820218555851365383, -0.9594079804610322615, -0.000000000000000000 ) ) ;
#2629 = ORIENTED_EDGE ( 'NONE', *, *, #1412, .T. ) ;
#2630 = DIRECTION ( 'NONE',  ( -0.2820218555851453646, -0.9594079804610295970, -0.000000000000000000 ) ) ;
#2631 = ORIENTED_EDGE ( 'NONE', *, *, #1205, .T. ) ;
#2632 = ADVANCED_FACE ( 'NONE', ( #1011 ), #1499, .F. ) ;
#2633 = ADVANCED_FACE ( 'NONE', ( #1732 ), #355, .T. ) ;
#2634 = CARTESIAN_POINT ( 'NONE',  ( 103.6122855221526038, 143.8931785392869926, -503.9982684545129814 ) ) ;
#2635 = EDGE_LOOP ( 'NONE', ( #20, #799, #2001, #1014 ) ) ;
#2636 = DIRECTION ( 'NONE',  ( 0.2820218555851395914, 0.9594079804610314843, -5.551115123125782086E-17 ) ) ;
#2637 = CYLINDRICAL_SURFACE ( 'NONE', #719, 19.69999999999999574 ) ;
#2638 = ORIENTED_EDGE ( 'NONE', *, *, #1178, .T. ) ;
#2639 = LINE ( 'NONE', #146, #2602 ) ;
#2640 = CARTESIAN_POINT ( 'NONE',  ( 66.90622946168859642, 156.2465363211234717, -516.9982684545129814 ) ) ;
#2641 = CARTESIAN_POINT ( 'NONE',  ( 81.91051166576640696, 207.2894884987634896, -516.9982684545129814 ) ) ;
#2642 = LINE ( 'NONE', #1533, #1573 ) ;
#2643 = DIRECTION ( 'NONE',  ( -0.2820218555851409792, -0.9594079804610310402, 5.551115123125790098E-17 ) ) ;
#2644 = ORIENTED_EDGE ( 'NONE', *, *, #2315, .T. ) ;
#2645 = DIRECTION ( 'NONE',  ( 0.2820218555851405351, 0.9594079804610311513, 0.000000000000000000 ) ) ;
#2646 = EDGE_CURVE ( 'NONE', #2262, #954, #1040, .T. ) ;
#2647 = EDGE_LOOP ( 'NONE', ( #690, #97, #983, #897 ) ) ;
#2648 = CARTESIAN_POINT ( 'NONE',  ( 65.86189472166910264, 158.3671411760619776, -407.8982684545130155 ) ) ;
#2649 = DIRECTION ( 'NONE',  ( -0.2820218555851414233, -0.9594079804610308182, 5.551115123125778388E-17 ) ) ;
#2650 = AXIS2_PLACEMENT_3D ( 'NONE', #1599, #1172, #12 ) ;
#2651 = DIRECTION ( 'NONE',  ( 0.9594079804610300410, -0.2820218555851440323, 0.000000000000000000 ) ) ;
#2652 = EDGE_CURVE ( 'NONE', #929, #2582, #2080, .T. ) ;
#2653 = EDGE_CURVE ( 'NONE', #68, #1550, #357, .T. ) ;
#2654 = ORIENTED_EDGE ( 'NONE', *, *, #1313, .T. ) ;
#2655 = CARTESIAN_POINT ( 'NONE',  ( 75.31037557696200224, 144.9164732995354257, -497.4982684545140046 ) ) ;
#2656 = AXIS2_PLACEMENT_3D ( 'NONE', #863, #426, #1730 ) ;
#2657 = AXIS2_PLACEMENT_3D ( 'NONE', #2219, #1979, #2893 ) ;
#2658 = VECTOR ( 'NONE', #2772, 1000.000000000000114 ) ;
#2659 = AXIS2_PLACEMENT_3D ( 'NONE', #1404, #1421, #2770 ) ;
#2660 = CARTESIAN_POINT ( 'NONE',  ( 48.54226744368959601, 160.0812330498739868, -413.9982684545129814 ) ) ;
#2661 = CONICAL_SURFACE ( 'NONE', #855, 3.360000000000000320, 0.7853981633974377319 ) ;
#2662 = CIRCLE ( 'NONE', #113, 3.074999999999993960 ) ;
#2663 = CARTESIAN_POINT ( 'NONE',  ( 63.38095626687429984, 144.2539365653606183, -503.9982684545129814 ) ) ;
#2664 = AXIS2_PLACEMENT_3D ( 'NONE', #2797, #766, #1222 ) ;
#2665 = DIRECTION ( 'NONE',  ( 0.2820218555851453646, 0.9594079804610295970, 0.000000000000000000 ) ) ;
#2666 = ORIENTED_EDGE ( 'NONE', *, *, #312, .F. ) ;
#2667 = VECTOR ( 'NONE', #2432, 999.9999999999998863 ) ;
#2668 = LINE ( 'NONE', #640, #2667 ) ;
#2669 = AXIS2_PLACEMENT_3D ( 'NONE', #1469, #2144, #1281 ) ;
#2670 = ORIENTED_EDGE ( 'NONE', *, *, #2055, .T. ) ;
#2671 = DIRECTION ( 'NONE',  ( 0.2820218555851374820, 0.9594079804610320394, 0.000000000000000000 ) ) ;
#2672 = LINE ( 'NONE', #412, #2892 ) ;
#2673 = CARTESIAN_POINT ( 'NONE',  ( 67.89330595623660258, 159.6044642527369888, -413.9982684545129814 ) ) ;
#2674 = ORIENTED_EDGE ( 'NONE', *, *, #2907, .F. ) ;
#2675 = DIRECTION ( 'NONE',  ( 0.2820218555851405351, 0.9594079804610311513, -5.551115123125791330E-17 ) ) ;
#2676 = EDGE_CURVE ( 'NONE', #1947, #2479, #1104, .T. ) ;
#2677 = EDGE_CURVE ( 'NONE', #836, #1853, #269, .T. ) ;
#2678 = DIRECTION ( 'NONE',  ( 0.2820218555851405351, 0.9594079804610311513, 0.000000000000000000 ) ) ;
#2679 = DIRECTION ( 'NONE',  ( 1.968327990612039750E-16, 0.000000000000000000, 1.000000000000000000 ) ) ;
#2680 = ORIENTED_EDGE ( 'NONE', *, *, #699, .F. ) ;
#2681 = DIRECTION ( 'NONE',  ( -0.2820218555851439768, -0.9594079804610300410, 5.551115123125779621E-17 ) ) ;
#2682 = EDGE_LOOP ( 'NONE', ( #360, #2528, #2238, #600, #1359, #967, #451, #334 ) ) ;
#2683 = CARTESIAN_POINT ( 'NONE',  ( 63.38095626687429984, 144.2539365653606183, -503.9982684545129814 ) ) ;
#2684 = ORIENTED_EDGE ( 'NONE', *, *, #2251, .F. ) ;
#2685 = DIRECTION ( 'NONE',  ( 0.2820218555851405351, 0.9594079804610311513, 0.000000000000000000 ) ) ;
#2686 = VERTEX_POINT ( 'NONE', #1250 ) ;
#2687 = ADVANCED_FACE ( 'NONE', ( #822 ), #2470, .F. ) ;
#2688 = DIRECTION ( 'NONE',  ( 0.2820218555851439768, 0.9594079804610300410, 0.000000000000000000 ) ) ;
#2689 = DIRECTION ( 'NONE',  ( 0.2820218555851404796, 0.9594079804610310402, -5.551115123125779621E-17 ) ) ;
#2690 = CARTESIAN_POINT ( 'NONE',  ( 52.30292627374490166, 164.1873194059955097, -475.8524428315189994 ) ) ;
#2691 = CYLINDRICAL_SURFACE ( 'NONE', #950, 3.075000000000006839 ) ;
#2692 = ORIENTED_EDGE ( 'NONE', *, *, #1398, .F. ) ;
#2693 = DIRECTION ( 'NONE',  ( -0.2820218555851355946, -0.9594079804610324835, -0.000000000000000000 ) ) ;
#2694 = ORIENTED_EDGE ( 'NONE', *, *, #1775, .F. ) ;
#2695 = CARTESIAN_POINT ( 'NONE',  ( 49.07931545939589313, 165.1349128407615012, -475.8524428315189994 ) ) ;
#2696 = ORIENTED_EDGE ( 'NONE', *, *, #1273, .T. ) ;
#2697 = PLANE ( 'NONE',  #1795 ) ;
#2698 = AXIS2_PLACEMENT_3D ( 'NONE', #1395, #1385, #2255 ) ;
#2699 = VERTEX_POINT ( 'NONE', #134 ) ;
#2700 = AXIS2_PLACEMENT_3D ( 'NONE', #1552, #2688, #2453 ) ;
#2701 = DIRECTION ( 'NONE',  ( -0.9594079804610327056, 0.2820218555851349285, 0.000000000000000000 ) ) ;
#2702 = AXIS2_PLACEMENT_3D ( 'NONE', #743, #2804, #1204 ) ;
#2703 = CIRCLE ( 'NONE', #1044, 1.599999999999997424 ) ;
#2704 = DIRECTION ( 'NONE',  ( 0.2820218555851405351, 0.9594079804610311513, -5.551115123125785167E-17 ) ) ;
#2705 = VECTOR ( 'NONE', #292, 999.9999999999998863 ) ;
#2706 = CARTESIAN_POINT ( 'NONE',  ( 86.51162131573370573, 153.0892257172484960, -464.1485507641709773 ) ) ;
#2707 = ORIENTED_EDGE ( 'NONE', *, *, #2779, .T. ) ;
#2708 = VECTOR ( 'NONE', #592, 1000.000000000000114 ) ;
#2709 = EDGE_CURVE ( 'NONE', #2295, #1518, #496, .T. ) ;
#2710 = EDGE_CURVE ( 'NONE', #2699, #1925, #915, .T. ) ;
#2711 = DIRECTION ( 'NONE',  ( 0.2820218555851453646, 0.9594079804610295970, 0.000000000000000000 ) ) ;
#2712 = ORIENTED_EDGE ( 'NONE', *, *, #1130, .T. ) ;
#2713 = CIRCLE ( 'NONE', #768, 3.360000000000000320 ) ;
#2714 = DIRECTION ( 'NONE',  ( -0.2820218555851439768, -0.9594079804610300410, 5.551115123125779621E-17 ) ) ;
#2715 = VECTOR ( 'NONE', #2129, 1000.000000000000114 ) ;
#2716 = ORIENTED_EDGE ( 'NONE', *, *, #2007, .T. ) ;
#2717 = LINE ( 'NONE', #2058, #1045 ) ;
#2718 = ORIENTED_EDGE ( 'NONE', *, *, #37, .T. ) ;
#2719 = CARTESIAN_POINT ( 'NONE',  ( 29.35410783446890193, 165.7216701615769807, -503.9982684545129814 ) ) ;
#2720 = CARTESIAN_POINT ( 'NONE',  ( 66.48319667831090385, 154.8074243504320009, -503.9982684545129814 ) ) ;
#2721 = EDGE_LOOP ( 'NONE', ( #890, #1091, #723, #769 ) ) ;
#2722 = CYLINDRICAL_SURFACE ( 'NONE', #676, 1.599999999999997424 ) ;
#2723 = ORIENTED_EDGE ( 'NONE', *, *, #1234, .F. ) ;
#2724 = EDGE_CURVE ( 'NONE', #2451, #1474, #1803, .T. ) ;
#2725 = CARTESIAN_POINT ( 'NONE',  ( 83.44556443450400707, 206.8382535298270284, -516.9982684545129814 ) ) ;
#2726 = CARTESIAN_POINT ( 'NONE',  ( 92.71184355351350348, 204.1143933110939770, -497.4982684545140046 ) ) ;
#2727 = VERTEX_POINT ( 'NONE', #590 ) ;
#2728 = CARTESIAN_POINT ( 'NONE',  ( 95.85045450687100299, 151.3863473809859954, -503.9982684545129814 ) ) ;
#2729 = EDGE_LOOP ( 'NONE', ( #813, #2888, #2835, #2433 ) ) ;
#2730 = CARTESIAN_POINT ( 'NONE',  ( 67.89330595623660258, 159.6044642527369888, -432.8982684545129587 ) ) ;
#2731 = CARTESIAN_POINT ( 'NONE',  ( 56.10489757394299914, 159.4216315087925011, -510.4982684545129814 ) ) ;
#2732 = ORIENTED_EDGE ( 'NONE', *, *, #1130, .F. ) ;
#2733 = CYLINDRICAL_SURFACE ( 'NONE', #1242, 1.600000000000004086 ) ;
#2734 = ORIENTED_EDGE ( 'NONE', *, *, #75, .F. ) ;
#2735 = DIRECTION ( 'NONE',  ( 0.2820218555851409792, 0.9594079804610310402, -5.551115123125779621E-17 ) ) ;
#2736 = ORIENTED_EDGE ( 'NONE', *, *, #537, .T. ) ;
#2737 = CARTESIAN_POINT ( 'NONE',  ( 66.90622946168859642, 156.2465363211234717, -516.9982684545129814 ) ) ;
#2738 = EDGE_CURVE ( 'NONE', #131, #2014, #2109, .T. ) ;
#2739 = EDGE_CURVE ( 'NONE', #1192, #1207, #1477, .T. ) ;
#2740 = ORIENTED_EDGE ( 'NONE', *, *, #945, .F. ) ;
#2741 = DIRECTION ( 'NONE',  ( 0.2820218555851405351, 0.9594079804610311513, 0.000000000000000000 ) ) ;
#2742 = CIRCLE ( 'NONE', #1228, 1.600000000000004086 ) ;
#2743 = CYLINDRICAL_SURFACE ( 'NONE', #1432, 1.599999999999997424 ) ;
#2744 = AXIS2_PLACEMENT_3D ( 'NONE', #1963, #367, #1246 ) ;
#2745 = CARTESIAN_POINT ( 'NONE',  ( 65.37117669295099631, 156.6977712900594781, -516.9982684545129814 ) ) ;
#2746 = EDGE_LOOP ( 'NONE', ( #2752, #2196, #1677, #137 ) ) ;
#2747 = AXIS2_PLACEMENT_3D ( 'NONE', #1120, #2202, #1080 ) ;
#2748 = DIRECTION ( 'NONE',  ( -0.9594079804610303741, 0.2820218555851430886, 0.000000000000000000 ) ) ;
#2749 = DIRECTION ( 'NONE',  ( 0.9594079804610300410, -0.2820218555851440323, 0.000000000000000000 ) ) ;
#2750 = AXIS2_PLACEMENT_3D ( 'NONE', #1990, #2858, #581 ) ;
#2751 = VECTOR ( 'NONE', #2447, 999.9999999999998863 ) ;
#2752 = ORIENTED_EDGE ( 'NONE', *, *, #1786, .F. ) ;
#2753 = AXIS2_PLACEMENT_3D ( 'NONE', #2107, #62, #2748 ) ;
#2754 = DIRECTION ( 'NONE',  ( -0.9594079804610300410, 0.2820218555851440323, 0.000000000000000000 ) ) ;
#2755 = CIRCLE ( 'NONE', #402, 1.600000000000004086 ) ;
#2756 = ORIENTED_EDGE ( 'NONE', *, *, #1812, .T. ) ;
#2757 = CARTESIAN_POINT ( 'NONE',  ( 66.48319667831090385, 154.8074243504320009, -503.9982684545129814 ) ) ;
#2758 = AXIS2_PLACEMENT_3D ( 'NONE', #834, #1920, #1681 ) ;
#2759 = ORIENTED_EDGE ( 'NONE', *, *, #1055, .F. ) ;
#2760 = EDGE_CURVE ( 'NONE', #888, #131, #339, .T. ) ;
#2761 = LINE ( 'NONE', #923, #2450 ) ;
#2762 = EDGE_CURVE ( 'NONE', #1152, #940, #404, .T. ) ;
#2763 = DIRECTION ( 'NONE',  ( -0.9594079804610310402, 0.2820218555851404796, 0.000000000000000000 ) ) ;
#2764 = DIRECTION ( 'NONE',  ( 0.8778234554355651698, 0.4789843223813951001, 0.000000000000000000 ) ) ;
#2765 = DIRECTION ( 'NONE',  ( -0.9594079804610308182, 0.2820218555851410347, 0.000000000000000000 ) ) ;
#2766 = ORIENTED_EDGE ( 'NONE', *, *, #1843, .F. ) ;
#2767 = CARTESIAN_POINT ( 'NONE',  ( 67.89330595623660258, 159.6044642527369888, -407.8982684545130155 ) ) ;
#2768 = ORIENTED_EDGE ( 'NONE', *, *, #1786, .T. ) ;
#2769 = DIRECTION ( 'NONE',  ( -0.9594079804610308182, 0.2820218555851410347, 0.000000000000000000 ) ) ;
#2770 = DIRECTION ( 'NONE',  ( -0.9594079804610311513, 0.2820218555851402575, 0.000000000000000000 ) ) ;
#2771 = VERTEX_POINT ( 'NONE', #2808 ) ;
#2772 = DIRECTION ( 'NONE',  ( 0.8778234554355467401, 0.4789843223814288509, -8.659560562354835483E-17 ) ) ;
#2773 = PRODUCT_CONTEXT ( 'NONE', #2500, 'mechanical' ) ;
#2774 = ADVANCED_FACE ( 'NONE', ( #2593 ), #2514, .F. ) ;
#2775 = CARTESIAN_POINT ( 'NONE',  ( 70.84348549615559421, 158.7372470468124845, -490.9982684545129814 ) ) ;
#2776 = ORIENTED_EDGE ( 'NONE', *, *, #399, .F. ) ;
#2777 = EDGE_CURVE ( 'NONE', #1615, #2816, #1342, .T. ) ;
#2778 = DIRECTION ( 'NONE',  ( -0.9594079804610308182, 0.2820218555851410347, 0.000000000000000000 ) ) ;
#2779 = EDGE_CURVE ( 'NONE', #1984, #880, #541, .T. ) ;
#2780 = LINE ( 'NONE', #2480, #2751 ) ;
#2781 = ORIENTED_EDGE ( 'NONE', *, *, #1559, .F. ) ;
#2782 = FACE_OUTER_BOUND ( 'NONE', #1778, .T. ) ;
#2783 = ORIENTED_EDGE ( 'NONE', *, *, #1327, .F. ) ;
#2784 = CARTESIAN_POINT ( 'NONE',  ( 50.89281699581919582, 159.3902795036904934, -475.8524428315189994 ) ) ;
#2785 = DIRECTION ( 'NONE',  ( -0.2820218555851439768, -0.9594079804610300410, -0.000000000000000000 ) ) ;
#2786 = VERTEX_POINT ( 'NONE', #1544 ) ;
#2787 = DIRECTION ( 'NONE',  ( 0.9594079804610310402, -0.2820218555851403130, 0.000000000000000000 ) ) ;
#2788 = ORIENTED_EDGE ( 'NONE', *, *, #240, .F. ) ;
#2789 = CARTESIAN_POINT ( 'NONE',  ( 56.10489757394360311, 159.4216315087919895, -497.4982684545129814 ) ) ;
#2790 = AXIS2_PLACEMENT_3D ( 'NONE', #2720, #2284, #514 ) ;
#2791 = CARTESIAN_POINT ( 'NONE',  ( 44.67250064788419195, 149.7533627492710195, -503.9982684545129814 ) ) ;
#2792 = ORIENTED_EDGE ( 'NONE', *, *, #1298, .T. ) ;
#2793 = AXIS2_PLACEMENT_3D ( 'NONE', #2605, #2154, #394 ) ;
#2794 = ADVANCED_FACE ( 'NONE', ( #675, #1133 ), #1515, .F. ) ;
#2795 = ADVANCED_FACE ( 'NONE', ( #444 ), #2420, .F. ) ;
#2796 = VECTOR ( 'NONE', #2685, 999.9999999999998863 ) ;
#2797 = CARTESIAN_POINT ( 'NONE',  ( 66.76521853389600381, 155.7668323308930098, -503.9982684545129814 ) ) ;
#2798 = ORIENTED_EDGE ( 'NONE', *, *, #1201, .T. ) ;
#2799 = LINE ( 'NONE', #973, #630 ) ;
#2800 = VECTOR ( 'NONE', #2178, 1000.000000000000114 ) ;
#2801 = DIRECTION ( 'NONE',  ( -0.9594079804610307072, 0.2820218555851415343, 0.000000000000000000 ) ) ;
#2802 = CIRCLE ( 'NONE', #952, 3.075000000000000622 ) ;
#2803 = EDGE_LOOP ( 'NONE', ( #2047, #73 ) ) ;
#2804 = DIRECTION ( 'NONE',  ( 0.2820218555851439768, 0.9594079804610300410, 0.000000000000000000 ) ) ;
#2805 = AXIS2_PLACEMENT_3D ( 'NONE', #246, #1768, #475 ) ;
#2806 = CIRCLE ( 'NONE', #1531, 19.50000000000000711 ) ;
#2807 = ORIENTED_EDGE ( 'NONE', *, *, #142, .T. ) ;
#2808 = CARTESIAN_POINT ( 'NONE',  ( 74.75738180951739764, 153.9386583393784917, -510.4982684545139477 ) ) ;
#2809 = CARTESIAN_POINT ( 'NONE',  ( 68.93200025914438811, 157.4646712381895099, -432.8982684545129587 ) ) ;
#2810 = ORIENTED_EDGE ( 'NONE', *, *, #2812, .F. ) ;
#2811 = CARTESIAN_POINT ( 'NONE',  ( 47.86488131881370123, 161.3226628859199820, -413.9982684545129814 ) ) ;
#2812 = EDGE_CURVE ( 'NONE', #2151, #954, #1353, .T. ) ;
#2813 = EDGE_LOOP ( 'NONE', ( #1239, #695, #1569, #298 ) ) ;
#2814 = CARTESIAN_POINT ( 'NONE',  ( 49.07931545939529627, 165.1349128407620128, -532.1440940775069066 ) ) ;
#2815 = DIRECTION ( 'NONE',  ( -0.4789843223814069240, 0.8778234554355588415, 3.994897015436010262E-16 ) ) ;
#2816 = VERTEX_POINT ( 'NONE', #183 ) ;
#2817 = CYLINDRICAL_SURFACE ( 'NONE', #529, 3.075000000000006839 ) ;
#2818 = CYLINDRICAL_SURFACE ( 'NONE', #1608, 3.075000000000006839 ) ;
#2819 = CARTESIAN_POINT ( 'NONE',  ( 85.38353389339319222, 149.2515937954046024, -464.1485507641709773 ) ) ;
#2820 = DIRECTION ( 'NONE',  ( -0.2820218555851414233, -0.9594079804610308182, 5.551115123125778388E-17 ) ) ;
#2821 = ORIENTED_EDGE ( 'NONE', *, *, #660, .F. ) ;
#2822 = CARTESIAN_POINT ( 'NONE',  ( 59.05507711386059810, 158.5544143028680253, -510.4982684545129814 ) ) ;
#2823 = ORIENTED_EDGE ( 'NONE', *, *, #686, .T. ) ;
#2824 = DIRECTION ( 'NONE',  ( -0.2820218555851404796, -0.9594079804610310402, 5.551115123125779621E-17 ) ) ;
#2825 = CYLINDRICAL_SURFACE ( 'NONE', #2122, 3.074999999999993960 ) ;
#2826 = DIRECTION ( 'NONE',  ( -0.2820218555851439768, -0.9594079804610300410, 5.551115123125779621E-17 ) ) ;
#2827 = VERTEX_POINT ( 'NONE', #2456 ) ;
#2828 = DIRECTION ( 'NONE',  ( 0.2820218555851405351, 0.9594079804610311513, 0.000000000000000000 ) ) ;
#2829 = ADVANCED_FACE ( 'NONE', ( #243, #2192, #1068, #2010, #217, #231, #1121, #2022, #893, #1105, #2415, #16, #1787, #1967, #1999, #847 ), #882, .T. ) ;
#2830 = EDGE_CURVE ( 'NONE', #972, #2325, #72, .T. ) ;
#2831 = CARTESIAN_POINT ( 'NONE',  ( 96.10570112034399415, 150.2690071613974965, -464.1485507641709773 ) ) ;
#2832 = CARTESIAN_POINT ( 'NONE',  ( 67.89330595623660258, 159.6044642527369888, -413.9982684545129814 ) ) ;
#2833 = ORIENTED_EDGE ( 'NONE', *, *, #1813, .F. ) ;
#2834 = FACE_OUTER_BOUND ( 'NONE', #2459, .T. ) ;
#2835 = ORIENTED_EDGE ( 'NONE', *, *, #916, .F. ) ;
#2836 = CARTESIAN_POINT ( 'NONE',  ( 49.95237672161530185, 164.8782729521790316, -413.9982684545129814 ) ) ;
#2837 = VECTOR ( 'NONE', #1807, 999.9999999999998863 ) ;
#2838 = EDGE_LOOP ( 'NONE', ( #828, #1589 ) ) ;
#2839 = CARTESIAN_POINT ( 'NONE',  ( 56.10489757394299914, 159.4216315087925011, -510.4982684545129814 ) ) ;
#2840 = AXIS2_PLACEMENT_3D ( 'NONE', #2077, #255, #1148 ) ;
#2841 = AXIS2_PLACEMENT_3D ( 'NONE', #6, #919, #2436 ) ;
#2842 = DIRECTION ( 'NONE',  ( 0.9594079804610300410, -0.2820218555851440323, 0.000000000000000000 ) ) ;
#2843 = CARTESIAN_POINT ( 'NONE',  ( 52.30292627374490166, 164.1873194059955097, -475.8524428315189994 ) ) ;
#2844 = CIRCLE ( 'NONE', #1565, 17.57499999999999574 ) ;
#2845 = VERTEX_POINT ( 'NONE', #2254 ) ;
#2846 = LINE ( 'NONE', #1053, #2796 ) ;
#2847 = AXIS2_PLACEMENT_3D ( 'NONE', #2905, #829, #201 ) ;
#2848 = EDGE_CURVE ( 'NONE', #2244, #1196, #2642, .T. ) ;
#2849 = EDGE_CURVE ( 'NONE', #460, #954, #2324, .T. ) ;
#2850 = CIRCLE ( 'NONE', #1102, 3.075000000000006839 ) ;
#2851 = DIRECTION ( 'NONE',  ( -0.9594079804610319284, 0.2820218555851377040, 0.000000000000000000 ) ) ;
#2852 = DIRECTION ( 'NONE',  ( -0.9594079804610319284, 0.2820218555851377040, 0.000000000000000000 ) ) ;
#2853 = ORIENTED_EDGE ( 'NONE', *, *, #764, .F. ) ;
#2854 = CARTESIAN_POINT ( 'NONE',  ( 54.14179452857329977, 163.6467766463304940, -510.4982684545129814 ) ) ;
#2855 = ORIENTED_EDGE ( 'NONE', *, *, #629, .F. ) ;
#2856 = CARTESIAN_POINT ( 'NONE',  ( 50.76787350500679707, 164.6385543749319993, -532.1440940775069066 ) ) ;
#2857 = VERTEX_POINT ( 'NONE', #417 ) ;
#2858 = DIRECTION ( 'NONE',  ( 0.2820218555851439768, 0.9594079804610300410, 0.000000000000000000 ) ) ;
#2859 = CARTESIAN_POINT ( 'NONE',  ( 67.89330595623660258, 159.6044642527369888, -413.9982684545129814 ) ) ;
#2860 = DIRECTION ( 'NONE',  ( 0.2820218555851344289, 0.9594079804610328166, 0.000000000000000000 ) ) ;
#2861 = ORIENTED_EDGE ( 'NONE', *, *, #2055, .F. ) ;
#2862 = DIRECTION ( 'NONE',  ( 9.044523979204359392E-16, -3.237272371154979940E-16, -1.000000000000000000 ) ) ;
#2863 = CARTESIAN_POINT ( 'NONE',  ( 55.52653708809399546, 163.2397259712294897, -475.8524428315189994 ) ) ;
#2864 = EDGE_CURVE ( 'NONE', #145, #252, #2806, .T. ) ;
#2865 = CARTESIAN_POINT ( 'NONE',  ( 74.75738180951809397, 153.9386583393784917, -497.4982684545140046 ) ) ;
#2866 = CARTESIAN_POINT ( 'NONE',  ( 57.63995034268119610, 158.9703965398560115, -497.4982684545129814 ) ) ;
#2867 = ORIENTED_EDGE ( 'NONE', *, *, #2653, .F. ) ;
#2868 = EDGE_CURVE ( 'NONE', #2103, #2882, #2222, .T. ) ;
#2869 = EDGE_CURVE ( 'NONE', #123, #2620, #408, .T. ) ;
#2870 = DIRECTION ( 'NONE',  ( 0.2820218555851405351, 0.9594079804610311513, -5.551115123125785167E-17 ) ) ;
#2871 = ORIENTED_EDGE ( 'NONE', *, *, #2533, .T. ) ;
#2872 = CARTESIAN_POINT ( 'NONE',  ( 64.50904368921489151, 148.0915684872046256, -516.9982684545129814 ) ) ;
#2873 = CARTESIAN_POINT ( 'NONE',  ( 30.76421711239484935, 170.5187100638819970, -503.9982684545129814 ) ) ;
#2874 = ORIENTED_EDGE ( 'NONE', *, *, #2335, .T. ) ;
#2875 = DIRECTION ( 'NONE',  ( 0.2820218555851430886, 0.9594079804610304851, 0.000000000000000000 ) ) ;
#2876 = CARTESIAN_POINT ( 'NONE',  ( 85.19165229730099043, 149.3079981665215996, -503.9982684545129814 ) ) ;
#2877 = DIRECTION ( 'NONE',  ( 0.2820218555851405351, 0.9594079804610311513, 0.000000000000000000 ) ) ;
#2878 = DIRECTION ( 'NONE',  ( -0.2820218555851439768, -0.9594079804610300410, 5.551115123125779621E-17 ) ) ;
#2879 = VERTEX_POINT ( 'NONE', #659 ) ;
#2880 = DIRECTION ( 'NONE',  ( 0.2820218555851574660, 0.9594079804610260442, 0.000000000000000000 ) ) ;
#2881 = EDGE_CURVE ( 'NONE', #2082, #1123, #1847, .T. ) ;
#2882 = VERTEX_POINT ( 'NONE', #951 ) ;
#2883 = ADVANCED_FACE ( 'NONE', ( #2061 ), #1857, .F. ) ;
#2884 = DIRECTION ( 'NONE',  ( -0.2820218555851430886, -0.9594079804610304851, -0.000000000000000000 ) ) ;
#2885 = LINE ( 'NONE', #1319, #1985 ) ;
#2886 = VECTOR ( 'NONE', #2741, 999.9999999999998863 ) ;
#2887 = DIRECTION ( 'NONE',  ( -0.9594079804610310402, 0.2820218555851404796, 0.000000000000000000 ) ) ;
#2888 = ORIENTED_EDGE ( 'NONE', *, *, #482, .F. ) ;
#2889 = DIRECTION ( 'NONE',  ( -0.9594079804610320394, 0.2820218555851369824, 0.000000000000000000 ) ) ;
#2890 = CIRCLE ( 'NONE', #13, 1.600000000000004086 ) ;
#2891 = AXIS2_PLACEMENT_3D ( 'NONE', #2784, #1224, #961 ) ;
#2892 = VECTOR ( 'NONE', #830, 1000.000000000000114 ) ;
#2893 = DIRECTION ( 'NONE',  ( -0.9594079804610308182, 0.2820218555851409237, 0.000000000000000000 ) ) ;
#2894 = CONICAL_SURFACE ( 'NONE', #1190, 39.70000000000000284, 0.7853981633974730370 ) ;
#2895 = CIRCLE ( 'NONE', #64, 1.600000000000004086 ) ;
#2896 = DIRECTION ( 'NONE',  ( -0.2820218555851439768, -0.9594079804610300410, 5.551115123125779621E-17 ) ) ;
#2897 = DIRECTION ( 'NONE',  ( -0.9594079804610319284, 0.2820218555851374820, 0.000000000000000000 ) ) ;
#2898 = PRESENTATION_LAYER_ASSIGNMENT (  '', '', ( #1801 ) ) ;
#2899 = LINE ( 'NONE', #848, #2226 ) ;
#2900 = ORIENTED_EDGE ( 'NONE', *, *, #1996, .F. ) ;
#2901 = AXIS2_PLACEMENT_3D ( 'NONE', #317, #1194, #2778 ) ;
#2902 = CARTESIAN_POINT ( 'NONE',  ( 92.71184355351350348, 204.1143933110939770, -497.4982684545140046 ) ) ;
#2903 = VECTOR ( 'NONE', #1219, 999.9999999999998863 ) ;
#2904 = ORIENTED_EDGE ( 'NONE', *, *, #785, .F. ) ;
#2905 = CARTESIAN_POINT ( 'NONE',  ( 82.07357636080270424, 150.2245691971735084, -475.8524428315189994 ) ) ;
#2906 = DIRECTION ( 'NONE',  ( 0.2820218555851405351, 0.9594079804610311513, 0.000000000000000000 ) ) ;
#2907 = EDGE_CURVE ( 'NONE', #2451, #1656, #513, .T. ) ;
#2908 = CYLINDRICAL_SURFACE ( 'NONE', #577, 17.57500000000000284 ) ;
#2909 = ORIENTED_EDGE ( 'NONE', *, *, #142, .F. ) ;
#2910 = CARTESIAN_POINT ( 'NONE',  ( 47.86488131881370123, 161.3226628859199820, -464.1485507641709773 ) ) ;
#2911 = ORIENTED_EDGE ( 'NONE', *, *, #1873, .F. ) ;
#2912 = CARTESIAN_POINT ( 'NONE',  ( 77.70756134943499660, 153.0714411334544991, -510.4982684545139477 ) ) ;
#2913 = DIRECTION ( 'NONE',  ( -0.2820218555851409792, -0.9594079804610310402, 5.551115123125790098E-17 ) ) ;
#2914 = CARTESIAN_POINT ( 'NONE',  ( 83.48368563872810455, 155.0216090994785247, -532.1440940775079298 ) ) ;
#2915 = EDGE_LOOP ( 'NONE', ( #105, #1604 ) ) ;
#2916 = DIRECTION ( 'NONE',  ( -0.9594079804610295970, 0.2820218555851451980, 0.000000000000000000 ) ) ;
#2917 = EDGE_LOOP ( 'NONE', ( #1253, #364, #2723, #2788 ) ) ;
#2918 = LINE ( 'NONE', #887, #2173 ) ;
#2919 = ORIENTED_EDGE ( 'NONE', *, *, #2428, .T. ) ;
#2920 = CARTESIAN_POINT ( 'NONE',  ( 66.48319667831090385, 154.8074243504320009, -432.8982684545129587 ) ) ;
#2921 = PRODUCT_DEFINITION_CONTEXT ( 'detailed design', #1111, 'design' ) ;
#2922 = ORIENTED_EDGE ( 'NONE', *, *, #2428, .F. ) ;
#2923 = EDGE_CURVE ( 'NONE', #161, #824, #472, .T. ) ;
#2924 = DIRECTION ( 'NONE',  ( -0.9594079804610300410, 0.2820218555851440323, 0.000000000000000000 ) ) ;
#2925 = ADVANCED_FACE ( 'NONE', ( #720 ), #2743, .F. ) ;
#2926 = DIRECTION ( 'NONE',  ( -0.2820218555851453646, -0.9594079804610295970, 5.551115123125777155E-17 ) ) ;
#2927 = DIRECTION ( 'NONE',  ( -0.9594079804610327056, 0.2820218555851349285, 0.000000000000000000 ) ) ;
ENDSEC;
END-ISO-10303-21;
