ISO-10303-21;
HEADER;
FILE_DESCRIPTION (( 'STEP AP214' ),
    '1' );
FILE_NAME ('MirrorASV1_500_36A.step.STEP',
    '2026-08-01T06:59:39',
    ( '' ),
    ( '' ),
    'SwSTEP 2.0',
    'SolidWorks 2025',
    '' );
FILE_SCHEMA (( 'AUTOMOTIVE_DESIGN' ));
ENDSEC;

DATA;
#1 = CARTESIAN_POINT ( 'NONE',  ( 44.94555193335574472, 169.8862532736474975, -6.637034940206600453 ) ) ;
#2 = CARTESIAN_POINT ( 'NONE',  ( -108.1274871564576046, 123.8949010589373927, -5.637034940206619993 ) ) ;
#3 = CARTESIAN_POINT ( 'NONE',  ( 46.30209384362159852, 114.0365328939462017, -5.637034940206619993 ) ) ;
#4 = CARTESIAN_POINT ( 'NONE',  ( 45.12988252781290299, 112.9821337503094014, -11.63703494020661999 ) ) ;
#5 = CARTESIAN_POINT ( 'NONE',  ( -97.01579185796271076, 113.8442987408983953, -6.637034940206600453 ) ) ;
#6 = DIRECTION ( 'NONE',  ( 0.000000000000000000, 0.000000000000000000, 1.000000000000000000 ) ) ;
#7 = DIRECTION ( 'NONE',  ( 1.000000000000000000, 0.000000000000000000, 0.000000000000000000 ) ) ;
#8 = AXIS2_PLACEMENT_3D ( 'NONE', #598, #833, #1458 ) ;
#9 = CARTESIAN_POINT ( 'NONE',  ( -78.16722827683369701, 108.7105140436899973, -5.637034940206619993 ) ) ;
#10 = CARTESIAN_POINT ( 'NONE',  ( -54.98661405740280372, 176.2684109772520173, -6.637034940206600453 ) ) ;
#11 = AXIS2_PLACEMENT_3D ( 'NONE', #784, #1162, #1819 ) ;
#12 = CARTESIAN_POINT ( 'NONE',  ( -107.9940550393950076, 160.7164035004299762, -6.637034940206600453 ) ) ;
#13 = EDGE_CURVE ( 'NONE', #1568, #2676, #2294, .T. ) ;
#14 = EDGE_LOOP ( 'NONE', ( #656 ) ) ;
#15 = CYLINDRICAL_SURFACE ( 'NONE', #151, 2.149999999999999023 ) ;
#16 = AXIS2_PLACEMENT_3D ( 'NONE', #458, #1448, #638 ) ;
#17 = CARTESIAN_POINT ( 'NONE',  ( 48.14714042197689992, 168.7381431235999969, -5.637034940206619993 ) ) ;
#18 = ORIENTED_EDGE ( 'NONE', *, *, #2578, .F. ) ;
#19 = CARTESIAN_POINT ( 'NONE',  ( -109.0060755034500062, 141.4296532796704184, -5.637034940206619993 ) ) ;
#20 = CARTESIAN_POINT ( 'NONE',  ( 46.56569004895639807, 114.0482416857482093, -5.637034940206619993 ) ) ;
#21 = CARTESIAN_POINT ( 'NONE',  ( 45.84392449805659453, 125.4296532817331951, -11.63703494020661999 ) ) ;
#22 = CARTESIAN_POINT ( 'NONE',  ( -99.03747544607620057, 114.8793408971735914, -6.637034940206589795 ) ) ;
#23 = CARTESIAN_POINT ( 'NONE',  ( -100.9017544462901981, 164.0755727717784964, -11.63703494020661999 ) ) ;
#24 = CARTESIAN_POINT ( 'NONE',  ( -94.41074461012280494, 112.5651067485808028, -11.63703494020661999 ) ) ;
#25 = CARTESIAN_POINT ( 'NONE',  ( -55.50033234592849851, 106.5553919518976045, -6.637034940206600453 ) ) ;
#26 = CARTESIAN_POINT ( 'NONE',  ( -58.65372499335349943, 176.5100650592600005, -6.637034940206589795 ) ) ;
#27 = CARTESIAN_POINT ( 'NONE',  ( -102.4506128257293938, 166.0518457554065321, -6.637034940206600453 ) ) ;
#28 = ORIENTED_EDGE ( 'NONE', *, *, #1573, .T. ) ;
#29 = CARTESIAN_POINT ( 'NONE',  ( -81.61461643365291252, 173.4150078163220030, -5.637034940206619993 ) ) ;
#30 = CARTESIAN_POINT ( 'NONE',  ( 47.70790544629460328, 168.7595750778719719, -5.637034940206619993 ) ) ;
#31 = ORIENTED_EDGE ( 'NONE', *, *, #2614, .T. ) ;
#32 = EDGE_CURVE ( 'NONE', #2184, #42, #892, .T. ) ;
#33 = VERTEX_POINT ( 'NONE', #477 ) ;
#34 = CARTESIAN_POINT ( 'NONE',  ( 51.91887770210919939, 114.3919428056493928, -5.637034940206619993 ) ) ;
#35 = CARTESIAN_POINT ( 'NONE',  ( -101.9886637259919979, 117.3977369842477998, -5.887486631899730760 ) ) ;
#36 = CARTESIAN_POINT ( 'NONE',  ( -85.79521679341019080, 109.5127624678810179, -6.637034940206589795 ) ) ;
#37 = CYLINDRICAL_SURFACE ( 'NONE', #677, 2.149999999999999023 ) ;
#38 = CARTESIAN_POINT ( 'NONE',  ( -68.98722773792179908, 106.4877362750125940, -11.63703494020661999 ) ) ;
#39 = CARTESIAN_POINT ( 'NONE',  ( -58.02250820199690651, 107.3861403409230064, -5.637034940206619993 ) ) ;
#40 = CARTESIAN_POINT ( 'NONE',  ( -57.76097199492200218, 176.4588729809904919, -6.637034940206600453 ) ) ;
#41 = CARTESIAN_POINT ( 'NONE',  ( -102.3757414970284003, 166.1105012051470169, -6.637034940206600453 ) ) ;
#42 = VERTEX_POINT ( 'NONE', #586 ) ;
#43 = CARTESIAN_POINT ( 'NONE',  ( -100.9017544441575893, 118.7837337803544102, -6.637034940206600453 ) ) ;
#44 = CARTESIAN_POINT ( 'NONE',  ( 52.35706617011390307, 168.4302900397580061, -5.637034940206619993 ) ) ;
#45 = ORIENTED_EDGE ( 'NONE', *, *, #2614, .F. ) ;
#46 = CARTESIAN_POINT ( 'NONE',  ( 47.99392449805659311, 125.4296532817331951, -5.637034940206619993 ) ) ;
#47 = EDGE_CURVE ( 'NONE', #811, #2749, #500, .T. ) ;
#48 = CARTESIAN_POINT ( 'NONE',  ( 52.21534901961639719, 169.4458157989915037, -11.63703494020661999 ) ) ;
#49 = CARTESIAN_POINT ( 'NONE',  ( -102.1532498787623950, 116.6069525933791908, -11.63703494020661999 ) ) ;
#50 = CARTESIAN_POINT ( 'NONE',  ( -94.91283960095620387, 112.8544449253286075, -6.637034940206600453 ) ) ;
#51 = CYLINDRICAL_SURFACE ( 'NONE', #1035, 2.510899749864583974 ) ;
#52 = DIRECTION ( 'NONE',  ( -0.000000000000000000, -0.000000000000000000, 1.000000000000000000 ) ) ;
#53 = CARTESIAN_POINT ( 'NONE',  ( -57.39339549058239953, 107.4268543244595975, -5.637034940206619993 ) ) ;
#54 = CARTESIAN_POINT ( 'NONE',  ( -78.34908277124429787, 175.1321519225539873, -6.637034940206600453 ) ) ;
#55 = CARTESIAN_POINT ( 'NONE',  ( -111.4193113593968150, 155.9119105004409960, -6.637034940206589795 ) ) ;
#56 = VECTOR ( 'NONE', #111, 1000.000000000000000 ) ;
#57 = ORIENTED_EDGE ( 'NONE', *, *, #356, .F. ) ;
#58 = CARTESIAN_POINT ( 'NONE',  ( -96.77684717383759505, 168.0179457664799827, -5.637034940206619993 ) ) ;
#59 = B_SPLINE_CURVE_WITH_KNOTS ( 'NONE', 2,
 ( #2584, #1730, #2165, #663, #2391, #248, #2351, #427, #1521, #1337, #1952 ),
 .UNSPECIFIED., .F., .F.,
 ( 3, 2, 2, 2, 2, 3 ),
 ( 0.000000000000000000, 0.2500000000000000000, 0.5000000000000000000, 0.7500000000000000000, 0.8750000000000000000, 1.000000000000000000 ),
 .UNSPECIFIED. ) ;
#60 = AXIS2_PLACEMENT_3D ( 'NONE', #907, #1060, #223 ) ;
#61 = CARTESIAN_POINT ( 'NONE',  ( 49.28856104062510468, 168.6733783711030128, -5.637034940206619993 ) ) ;
#62 = ORIENTED_EDGE ( 'NONE', *, *, #2204, .T. ) ;
#63 = CIRCLE ( 'NONE', #1628, 2.510899745533007099 ) ;
#64 = B_SPLINE_CURVE_WITH_KNOTS ( 'NONE', 3,
 ( #2198, #2170, #909, #462, #1749, #2424, #1971, #1512, #253, #2604, #2619, #2398, #58, #1556, #668, #923, #1945, #683, #1777, #2369, #1090, #699, #2410, #281, #446, #1134, #865, #2631, #1541, #76, #712, #1720, #1570, #502, #225, #29, #1300, #1075, #1931, #654, #2154, #1735, #2589, #1525, #2381, #744, #936, #2455, #130, #1612, #517, #2215, #322, #88, #1790, #338, #728, #1190, #2046, #2702, #978, #2480, #2033, #1586, #2244, #1375, #1833, #951, #532, #2467, #1176, #2058, #2661, #2441, #2272, #144, #117, #2644, #2229, #309, #990, #966 ),
 .UNSPECIFIED., .F., .F.,
 ( 4, 2, 2, 2, 2, 2, 2, 2, 2, 2, 2, 2, 2, 2, 2, 2, 2, 2, 2, 2, 2, 2, 2, 2, 2, 2, 2, 2, 2, 2, 2, 2, 2, 2, 2, 2, 2, 2, 2, 2, 4 ),
 ( 0.000000000000000000, 0.03281249999730553868, 0.06562499999461123001, 0.08203124999326535938, 0.09843749999191918343, 0.1148437499905719528, 0.1230468749898989272, 0.1312499999892259295, 0.1640624999865326616, 0.1968749999838392550, 0.2296874999811450990, 0.2460937499797990757, 0.2624999999784518590, 0.2953124999757585911, 0.3281249999730653233, 0.3609374999703719444, 0.3937499999676787321, 0.4593749999622923075, 0.4921874999595990396, 0.5249999999569058273, 0.5578124999542114493, 0.5906249999515181814, 0.6234374999488250246, 0.6562499999461316458, 0.7218749999407452211, 0.7546874999380519533, 0.7874999999353585745, 0.8203124999326649736, 0.8531249999299717057, 0.8859374999272783269, 0.9187499999245850590, 0.9515624999218915692, 0.9679687499205449353, 0.9761718749198716738, 0.9843749999191983013, 0.9884765624188617261, 0.9925781249185249289, 0.9966796874181883537, 0.9987304686680200660, 0.9997558592929357557, 1.000000000000000000 ),
 .UNSPECIFIED. ) ;
#65 = CARTESIAN_POINT ( 'NONE',  ( -32.00607550369274890, 165.4296532782069846, -11.63703494020661999 ) ) ;
#66 = CARTESIAN_POINT ( 'NONE',  ( -115.8731207112464006, 141.8885635935509981, -11.63703494020661999 ) ) ;
#67 = PLANE ( 'NONE',  #108 ) ;
#68 = CARTESIAN_POINT ( 'NONE',  ( -66.70881209772450404, 106.3427581330540050, -6.637034940206600453 ) ) ;
#69 = CARTESIAN_POINT ( 'NONE',  ( 48.26130246810359381, 169.7372903749940178, -6.637034940206600453 ) ) ;
#70 = CARTESIAN_POINT ( 'NONE',  ( -102.1532498787623950, 116.6069525933791908, -11.63703494020661999 ) ) ;
#71 = CARTESIAN_POINT ( 'NONE',  ( -57.64501197420920420, 107.4099284586969958, -5.637034940206619993 ) ) ;
#72 = ADVANCED_FACE ( 'NONE', ( #808 ), #1261, .F. ) ;
#73 = CARTESIAN_POINT ( 'NONE',  ( -57.57217685250839878, 175.4445685796920031, -5.637034940206619993 ) ) ;
#74 = CARTESIAN_POINT ( 'NONE',  ( -111.9008923155033983, 152.8810248018474738, -5.637034940206619993 ) ) ;
#75 = ORIENTED_EDGE ( 'NONE', *, *, #490, .T. ) ;
#76 = CARTESIAN_POINT ( 'NONE',  ( -87.43924448613340417, 171.7956709286075068, -5.637034940206619993 ) ) ;
#77 = CARTESIAN_POINT ( 'NONE',  ( -108.3154475308325999, 158.7220258451094992, -5.637034940206619993 ) ) ;
#78 = DIRECTION ( 'NONE',  ( 1.000000000000000000, 0.000000000000000000, 0.000000000000000000 ) ) ;
#79 = CARTESIAN_POINT ( 'NONE',  ( -2.156075501600789757, 117.4296532794404015, -1.637034940206620215 ) ) ;
#80 = CARTESIAN_POINT ( 'NONE',  ( -91.60938286619710880, 111.4789631965029884, -6.637034940206600453 ) ) ;
#81 = CARTESIAN_POINT ( 'NONE',  ( -115.6027208597996037, 137.4457667225659918, -11.63703494020661999 ) ) ;
#82 = CARTESIAN_POINT ( 'NONE',  ( 47.00522802346439732, 169.7926277914785089, -6.637034940206600453 ) ) ;
#83 = CARTESIAN_POINT ( 'NONE',  ( -57.28995700384550105, 176.4277140708380216, -11.63703494020661999 ) ) ;
#84 = CARTESIAN_POINT ( 'NONE',  ( -99.03711289657779560, 167.9801231939194963, -6.637034940206600453 ) ) ;
#85 = SURFACE_SIDE_STYLE ('',( #2213 ) ) ;
#86 = VERTEX_POINT ( 'NONE', #1687 ) ;
#87 = ADVANCED_FACE ( 'NONE', ( #2312 ), #1944, .T. ) ;
#88 = CARTESIAN_POINT ( 'NONE',  ( -66.65184460642129238, 175.5181276724064787, -5.637034940206619993 ) ) ;
#89 = CARTESIAN_POINT ( 'NONE',  ( -115.8731206951981960, 140.9707427485300286, -11.63703494020661999 ) ) ;
#90 = EDGE_LOOP ( 'NONE', ( #759 ) ) ;
#91 = CARTESIAN_POINT ( 'NONE',  ( -57.28994997900449704, 176.4277136115215114, -6.637034931479159461 ) ) ;
#92 = CARTESIAN_POINT ( 'NONE',  ( 46.97726551803839357, 169.7938614730184952, -11.63703494020661999 ) ) ;
#93 = CARTESIAN_POINT ( 'NONE',  ( -113.2101233581286124, 133.1655271530607934, -5.637034940206619993 ) ) ;
#94 = CARTESIAN_POINT ( 'NONE',  ( -57.77085934630439823, 106.3997791693265924, -6.637034940206600453 ) ) ;
#95 = DIRECTION ( 'NONE',  ( -0.000000000000000000, -0.000000000000000000, 1.000000000000000000 ) ) ;
#96 = CARTESIAN_POINT ( 'NONE',  ( 53.14589957796720654, 168.3646868847699807, -5.637034940206619993 ) ) ;
#97 = CARTESIAN_POINT ( 'NONE',  ( 52.03628991287579453, -30.98292557773240219, -5.637034940206619993 ) ) ;
#98 = CARTESIAN_POINT ( 'NONE',  ( -98.58608363138249331, 168.2179525035939776, -6.637034940206589795 ) ) ;
#99 = CARTESIAN_POINT ( 'NONE',  ( -114.8760499785989992, 141.8120786009179994, -5.637034940206619993 ) ) ;
#100 = ORIENTED_EDGE ( 'NONE', *, *, #698, .T. ) ;
#101 = CARTESIAN_POINT ( 'NONE',  ( -57.39339549058239953, 107.4268543244595975, -5.637034940206619993 ) ) ;
#102 = ADVANCED_FACE ( 'NONE', ( #207 ), #51, .T. ) ;
#103 = CARTESIAN_POINT ( 'NONE',  ( -114.1812942134010029, 146.3649323261571737, -5.637034940206619993 ) ) ;
#104 = ORIENTED_EDGE ( 'NONE', *, *, #1232, .F. ) ;
#105 = CIRCLE ( 'NONE', #2602, 2.149999999999999467 ) ;
#106 = CARTESIAN_POINT ( 'NONE',  ( -57.95224287676344943, 176.4706924121007035, -6.637034914025951693 ) ) ;
#107 = CARTESIAN_POINT ( 'NONE',  ( 50.60102199661820066, 169.5805201994254787, -11.63703494020661999 ) ) ;
#108 = AXIS2_PLACEMENT_3D ( 'NONE', #2594, #1768, #673 ) ;
#109 = CARTESIAN_POINT ( 'NONE',  ( -109.4570910779086006, 123.9920657945902036, -6.637034940206600453 ) ) ;
#110 = CARTESIAN_POINT ( 'NONE',  ( -57.00990393303159465, 106.4509866383381933, -6.637034940206600453 ) ) ;
#111 = DIRECTION ( 'NONE',  ( 0.000000000000000000, 0.000000000000000000, 1.000000000000000000 ) ) ;
#112 = CARTESIAN_POINT ( 'NONE',  ( 48.81846681957300405, 169.7039374091710044, -6.637034940206600453 ) ) ;
#113 = CARTESIAN_POINT ( 'NONE',  ( 52.03628989667040372, 313.8422321448010166, -11.63703494020661999 ) ) ;
#114 = CARTESIAN_POINT ( 'NONE',  ( -84.05762298651799824, 172.8019137967959864, -5.637034940206619993 ) ) ;
#115 = CARTESIAN_POINT ( 'NONE',  ( -114.3059548132831935, 145.8042144805691862, -5.637034940206619993 ) ) ;
#116 = EDGE_LOOP ( 'NONE', ( #1120, #625, #349, #2342 ) ) ;
#117 = CARTESIAN_POINT ( 'NONE',  ( -57.44633884578649941, 175.4360962935405155, -5.637034940206619993 ) ) ;
#118 = CARTESIAN_POINT ( 'NONE',  ( -109.8906997187315966, 141.4296532756430054, -11.63703494020661999 ) ) ;
#119 = EDGE_LOOP ( 'NONE', ( #1484 ) ) ;
#120 = CARTESIAN_POINT ( 'NONE',  ( -57.33067712767930857, 176.4305215364547905, -6.637034914025951693 ) ) ;
#121 = DIRECTION ( 'NONE',  ( 1.000000000000000000, 0.000000000000000000, 0.000000000000000000 ) ) ;
#122 = EDGE_CURVE ( 'NONE', #1011, #1011, #726, .T. ) ;
#123 = CARTESIAN_POINT ( 'NONE',  ( -115.1548173993226101, 136.2647603950204314, -6.637034940206589795 ) ) ;
#124 = DIRECTION ( 'NONE',  ( 0.000000000000000000, 0.000000000000000000, 1.000000000000000000 ) ) ;
#125 = CARTESIAN_POINT ( 'NONE',  ( 49.08669334606599932, 169.6880901498880121, -6.637034940206600453 ) ) ;
#126 = CARTESIAN_POINT ( 'NONE',  ( -113.1134096300826144, 132.8933497407689970, -5.637034940206619993 ) ) ;
#127 = CARTESIAN_POINT ( 'NONE',  ( -67.65900478591508715, 175.4624557105284737, -5.637034940206619993 ) ) ;
#128 = CARTESIAN_POINT ( 'NONE',  ( -114.7872904871530011, 142.9691321973652123, -5.637034940206619993 ) ) ;
#129 = ORIENTED_EDGE ( 'NONE', *, *, #1644, .F. ) ;
#130 = CARTESIAN_POINT ( 'NONE',  ( -71.17521597168729386, 175.1768298877984762, -5.637034940206619993 ) ) ;
#131 = PRODUCT_DEFINITION_CONTEXT ( 'detailed design', #2746, 'design' ) ;
#132 = DIRECTION ( 'NONE',  ( -1.000000000000000000, 0.000000000000000000, 0.000000000000000000 ) ) ;
#133 = EDGE_LOOP ( 'NONE', ( #2725 ) ) ;
#134 = CARTESIAN_POINT ( 'NONE',  ( -34.15607550160080308, 117.4296532779341931, -1.637034940206620215 ) ) ;
#135 = CARTESIAN_POINT ( 'NONE',  ( 0.000000000000000000, 0.000000000000000000, -5.637034940206619993 ) ) ;
#136 = CARTESIAN_POINT ( 'NONE',  ( -104.2838963205275888, 118.3130809543076083, -6.637034940206600453 ) ) ;
#137 = ADVANCED_FACE ( 'NONE', ( #1743, #2122 ), #873, .F. ) ;
#138 = FACE_OUTER_BOUND ( 'NONE', #573, .T. ) ;
#139 = CARTESIAN_POINT ( 'NONE',  ( 45.64470376358299575, 169.8533670873524954, -6.637034940206589795 ) ) ;
#140 = CARTESIAN_POINT ( 'NONE',  ( -114.5350152883411994, 133.9951240829301753, -6.637034940206600453 ) ) ;
#141 = CARTESIAN_POINT ( 'NONE',  ( -68.16213498704790652, 175.4300049575794844, -5.637034940206619993 ) ) ;
#142 =( NAMED_UNIT ( * ) PLANE_ANGLE_UNIT ( ) SI_UNIT ( $, .RADIAN. ) );
#143 = EDGE_LOOP ( 'NONE', ( #2643 ) ) ;
#144 = CARTESIAN_POINT ( 'NONE',  ( -57.47779761085689643, 175.4382307824834868, -5.637034940206619993 ) ) ;
#145 = DIRECTION ( 'NONE',  ( 0.000000000000000000, 0.000000000000000000, -1.000000000000000000 ) ) ;
#146 = ORIENTED_EDGE ( 'NONE', *, *, #1825, .F. ) ;
#147 = CARTESIAN_POINT ( 'NONE',  ( -71.27806759194898234, 176.1715971957983697, -6.637034914025962351 ) ) ;
#148 = AXIS2_PLACEMENT_3D ( 'NONE', #135, #432, #2062 ) ;
#149 = DIRECTION ( 'NONE',  ( -0.000000000000000000, -0.000000000000000000, 1.000000000000000000 ) ) ;
#150 = DIRECTION ( 'NONE',  ( 1.000000000000000000, 0.000000000000000000, 0.000000000000000000 ) ) ;
#151 = AXIS2_PLACEMENT_3D ( 'NONE', #1987, #879, #487 ) ;
#152 = CARTESIAN_POINT ( 'NONE',  ( 47.93183375991419837, 113.1092729751159993, -6.637034940206600453 ) ) ;
#153 = CARTESIAN_POINT ( 'NONE',  ( 48.23497789735650088, 168.7337126823435085, -5.637034940206619993 ) ) ;
#154 = VECTOR ( 'NONE', #2763, 1000.000000000000227 ) ;
#155 = CARTESIAN_POINT ( 'NONE',  ( -76.67055986181999572, 174.4193298862364827, -5.637034940206619993 ) ) ;
#156 = CARTESIAN_POINT ( 'NONE',  ( -101.9871077243784043, 116.8959299292741889, -6.303701606873270080 ) ) ;
#157 = CARTESIAN_POINT ( 'NONE',  ( -71.18197093752181104, 107.6831947677800088, -5.637034940206619993 ) ) ;
#158 = EDGE_CURVE ( 'NONE', #238, #86, #1632, .T. ) ;
#159 = CARTESIAN_POINT ( 'NONE',  ( 46.96194707569709692, 113.0647701778651992, -11.63703494020661999 ) ) ;
#160 = EDGE_LOOP ( 'NONE', ( #1192, #2283, #939, #878, #2271, #1164, #1821, #2001, #954, #1704, #911, #1555, #1807, #1876 ) ) ;
#161 = CARTESIAN_POINT ( 'NONE',  ( -74.31560077693789879, 175.7975697446224785, -6.637034940206589795 ) ) ;
#162 = CARTESIAN_POINT ( 'NONE',  ( -87.25863745405905547, 172.9026163905861893, -6.637034914025962351 ) ) ;
#163 = DIRECTION ( 'NONE',  ( 0.9979493749073199416, -0.06400816449555030152, 0.000000000000000000 ) ) ;
#164 = CARTESIAN_POINT ( 'NONE',  ( 52.95273892386639858, 169.0443834989799825, -6.298605473502060015 ) ) ;
#165 = CARTESIAN_POINT ( 'NONE',  ( 48.81847132005649570, 113.1553671648402002, -6.637034940206589795 ) ) ;
#166 = CARTESIAN_POINT ( 'NONE',  ( 52.09414806598829983, 168.4524741071834910, -5.637034940206619993 ) ) ;
#167 = CARTESIAN_POINT ( 'NONE',  ( -113.8994723310672015, 135.3735543057636050, -5.637034940206619993 ) ) ;
#168 = CARTESIAN_POINT ( 'NONE',  ( -75.17530282590199420, 174.6612482132825050, -5.637034940206619993 ) ) ;
#169 = ORIENTED_EDGE ( 'NONE', *, *, #1195, .T. ) ;
#170 = CARTESIAN_POINT ( 'NONE',  ( -98.79053840781830331, 115.8809595711130100, -5.637034940206619993 ) ) ;
#171 = DIRECTION ( 'NONE',  ( 0.000000000000000000, 0.000000000000000000, 1.000000000000000000 ) ) ;
#172 = ADVANCED_FACE ( 'NONE', ( #1951, #1322 ), #37, .F. ) ;
#173 = ORIENTED_EDGE ( 'NONE', *, *, #1247, .T. ) ;
#174 = DIRECTION ( 'NONE',  ( 0.000000000000000000, 0.000000000000000000, 1.000000000000000000 ) ) ;
#175 = CARTESIAN_POINT ( 'NONE',  ( -34.15607550160080308, 117.4296532779341931, -11.63703494020661999 ) ) ;
#176 = CARTESIAN_POINT ( 'NONE',  ( 46.97717692031699954, 141.4296532814580019, -6.637034940206600453 ) ) ;
#177 = CARTESIAN_POINT ( 'NONE',  ( 47.40207848510919320, 113.0844357864341987, -6.637034940206589795 ) ) ;
#178 = DIRECTION ( 'NONE',  ( -0.000000000000000000, -0.000000000000000000, 1.000000000000000000 ) ) ;
#179 = APPLICATION_CONTEXT ( 'automotive_design' ) ;
#180 = CARTESIAN_POINT ( 'NONE',  ( -68.93033616163320687, 176.3759266578710196, -6.637034940206600453 ) ) ;
#181 = CARTESIAN_POINT ( 'NONE',  ( -97.67901102091239807, 114.1743606305565919, -6.637034940206600453 ) ) ;
#182 = CARTESIAN_POINT ( 'NONE',  ( -101.6548247617099889, 117.4738853747283969, -5.637034940206619993 ) ) ;
#183 = CARTESIAN_POINT ( 'NONE',  ( -75.18109080270789946, 108.1989429315217990, -5.637034940206619993 ) ) ;
#184 = CARTESIAN_POINT ( 'NONE',  ( -96.55195454415519407, 114.7304509143873901, -5.637034940206619993 ) ) ;
#185 = FACE_OUTER_BOUND ( 'NONE', #2169, .T. ) ;
#186 = EDGE_LOOP ( 'NONE', ( #550 ) ) ;
#187 = DIRECTION ( 'NONE',  ( -1.000000000000000000, 0.000000000000000000, 0.000000000000000000 ) ) ;
#188 = CARTESIAN_POINT ( 'NONE',  ( -108.6526505404750083, 124.5861578503549936, -5.637034940206619993 ) ) ;
#189 = CARTESIAN_POINT ( 'NONE',  ( 53.31553791100009931, 113.5051950026935970, -6.637034940206589795 ) ) ;
#190 = CARTESIAN_POINT ( 'NONE',  ( 51.39304521259620628, 168.5117792880180048, -5.637034940206619993 ) ) ;
#191 = CIRCLE ( 'NONE', #60, 2.149999999999999023 ) ;
#192 = CARTESIAN_POINT ( 'NONE',  ( 50.94844866044770271, 113.3072322982762046, -11.63703494020661999 ) ) ;
#193 = CARTESIAN_POINT ( 'NONE',  ( -99.89767685728209301, 166.3773113451154870, -5.637034940206619993 ) ) ;
#194 = AXIS2_PLACEMENT_3D ( 'NONE', #798, #379, #145 ) ;
#195 = DIRECTION ( 'NONE',  ( -0.000000000000000000, -0.000000000000000000, -1.000000000000000000 ) ) ;
#196 = CARTESIAN_POINT ( 'NONE',  ( -73.68347614841870552, 107.9845248831433935, -5.637034940206619993 ) ) ;
#197 = CARTESIAN_POINT ( 'NONE',  ( -93.11898669964809017, 113.1646951312408049, -5.637034940206619993 ) ) ;
#198 = AXIS2_PLACEMENT_3D ( 'NONE', #1683, #1238, #2538 ) ;
#199 = CARTESIAN_POINT ( 'NONE',  ( 51.39304515893414305, 114.3475279995880527, -5.637034942633468937 ) ) ;
#200 = ORIENTED_EDGE ( 'NONE', *, *, #2130, .T. ) ;
#201 = LINE ( 'NONE', #838, #2473 ) ;
#202 = DIRECTION ( 'NONE',  ( -0.000000000000000000, -0.000000000000000000, 1.000000000000000000 ) ) ;
#203 = EDGE_CURVE ( 'NONE', #1585, #2689, #1714, .T. ) ;
#204 = CARTESIAN_POINT ( 'NONE',  ( 48.14714075273779770, 114.1211614932526004, -5.637034940206619993 ) ) ;
#205 = CARTESIAN_POINT ( 'NONE',  ( 51.78519927817840340, 113.3770631025499966, -11.63703494020661999 ) ) ;
#206 = CARTESIAN_POINT ( 'NONE',  ( -101.8337588661501911, 165.2647681042879810, -5.637034940206619993 ) ) ;
#207 = FACE_OUTER_BOUND ( 'NONE', #715, .T. ) ;
#208 = CARTESIAN_POINT ( 'NONE',  ( -75.67973894023370462, 108.2765256119674007, -5.637034940206619993 ) ) ;
#209 = CARTESIAN_POINT ( 'NONE',  ( -56.94700511690240319, 106.4553368597363914, -6.637034940206589795 ) ) ;
#210 = CARTESIAN_POINT ( 'NONE',  ( -63.12331631835269263, 176.6144159028654883, -6.637034940206600453 ) ) ;
#211 = CARTESIAN_POINT ( 'NONE',  ( -115.6215978994426052, 144.2642506130111997, -6.637034940206600453 ) ) ;
#212 = ORIENTED_EDGE ( 'NONE', *, *, #1848, .T. ) ;
#213 = CARTESIAN_POINT ( 'NONE',  ( -96.99155274466465926, 169.0270579538432116, -6.637034914025951693 ) ) ;
#214 = CARTESIAN_POINT ( 'NONE',  ( -108.3920251889545909, 124.2393606995569968, -5.637034940206619993 ) ) ;
#215 = CARTESIAN_POINT ( 'NONE',  ( 46.82928883807230136, 114.0598938450172000, -5.637034940206619993 ) ) ;
#216 = CARTESIAN_POINT ( 'NONE',  ( 48.96298084190470234, 113.1638146517109931, -11.63703494020661999 ) ) ;
#217 = EDGE_CURVE ( 'NONE', #1642, #2368, #2556, .T. ) ;
#218 = CARTESIAN_POINT ( 'NONE',  ( -98.56794996318670599, 167.0970061606670072, -5.637034940206619993 ) ) ;
#219 = DIRECTION ( 'NONE',  ( 1.000000000000000000, 0.000000000000000000, 0.000000000000000000 ) ) ;
#220 = CARTESIAN_POINT ( 'NONE',  ( 44.89634979003764670, 168.8874644325389909, -5.637034940206619993 ) ) ;
#221 = CARTESIAN_POINT ( 'NONE',  ( -98.12283742077129034, 115.5275518334319997, -5.637034940206619993 ) ) ;
#222 = CARTESIAN_POINT ( 'NONE',  ( -66.19069438056600063, 176.5404386533854790, -6.637034940206600453 ) ) ;
#223 = DIRECTION ( 'NONE',  ( 1.000000000000000000, 0.000000000000000000, 0.000000000000000000 ) ) ;
#224 = EDGE_LOOP ( 'NONE', ( #104 ) ) ;
#225 = CARTESIAN_POINT ( 'NONE',  ( -83.08336998216108782, 173.0584576437115061, -5.637034940206619993 ) ) ;
#226 = CARTESIAN_POINT ( 'NONE',  ( 45.77491250101429898, 168.8464352300470068, -5.637034940206619993 ) ) ;
#227 = VERTEX_POINT ( 'NONE', #270 ) ;
#228 = CARTESIAN_POINT ( 'NONE',  ( 52.09414805740190246, 114.4068327650353893, -5.637034940206619993 ) ) ;
#229 = CARTESIAN_POINT ( 'NONE',  ( 48.87083326912499359, 113.1584154560359963, -11.63703494020661999 ) ) ;
#230 = FACE_OUTER_BOUND ( 'NONE', #701, .T. ) ;
#231 = CARTESIAN_POINT ( 'NONE',  ( -114.5326930768020048, 148.8716846985402071, -11.63703494020661999 ) ) ;
#232 = ADVANCED_FACE ( 'NONE', ( #886 ), #2553, .T. ) ;
#233 = DIRECTION ( 'NONE',  ( 0.000000000000000000, 0.000000000000000000, 1.000000000000000000 ) ) ;
#234 = CARTESIAN_POINT ( 'NONE',  ( -84.06132182703120748, 110.0583925798491975, -5.637034940206619993 ) ) ;
#235 = CARTESIAN_POINT ( 'NONE',  ( -58.27106589581539708, 176.4894189945314906, -6.637034940206589795 ) ) ;
#236 = CIRCLE ( 'NONE', #903, 2.149999999999999911 ) ;
#237 = CARTESIAN_POINT ( 'NONE',  ( -108.3749280108565927, 160.2593513534349938, -6.637034940206600453 ) ) ;
#238 = VERTEX_POINT ( 'NONE', #1520 ) ;
#239 = EDGE_CURVE ( 'NONE', #2720, #2720, #327, .T. ) ;
#240 = DIRECTION ( 'NONE',  ( -0.000000000000000000, -0.000000000000000000, 1.000000000000000000 ) ) ;
#241 = AXIS2_PLACEMENT_3D ( 'NONE', #2623, #2402, #1727 ) ;
#242 = CARTESIAN_POINT ( 'NONE',  ( 52.09414806598829983, 168.4524741071834910, -5.637034940206619993 ) ) ;
#243 = ORIENTED_EDGE ( 'NONE', *, *, #528, .T. ) ;
#244 = CARTESIAN_POINT ( 'NONE',  ( 49.46404549229449543, 114.1977183980512081, -5.637034940206619993 ) ) ;
#245 = DIRECTION ( 'NONE',  ( 1.000000000000000000, 0.000000000000000000, 0.000000000000000000 ) ) ;
#246 = CARTESIAN_POINT ( 'NONE',  ( -93.50729560515070204, 112.2431341594820111, -6.637034940206600453 ) ) ;
#247 = CARTESIAN_POINT ( 'NONE',  ( -115.6024628650819892, 145.4169030452671905, -6.637034940206600453 ) ) ;
#248 = CARTESIAN_POINT ( 'NONE',  ( 49.82105809404020391, 113.2149391869806010, -6.637034940206600453 ) ) ;
#249 = CARTESIAN_POINT ( 'NONE',  ( 52.85480528190640115, 114.4706565047320055, -5.637034940206619993 ) ) ;
#250 = CARTESIAN_POINT ( 'NONE',  ( -69.75495507035090270, 176.3108756695284853, -6.637034940206589795 ) ) ;
#251 = CARTESIAN_POINT ( 'NONE',  ( -107.7042443483729954, 161.0554446223949867, -6.637034940206600453 ) ) ;
#252 = ORIENTED_EDGE ( 'NONE', *, *, #1227, .F. ) ;
#253 = CARTESIAN_POINT ( 'NONE',  ( -97.89910780735588958, 167.4483725734914970, -5.637034940206619993 ) ) ;
#254 = EDGE_CURVE ( 'NONE', #965, #2507, #1349, .T. ) ;
#255 = CARTESIAN_POINT ( 'NONE',  ( 48.93748514333410071, 168.6953097057034938, -5.637034940206619993 ) ) ;
#256 = EDGE_LOOP ( 'NONE', ( #280 ) ) ;
#257 = CARTESIAN_POINT ( 'NONE',  ( -43.85000000000000142, 141.4296532796704184, -11.63703494020661999 ) ) ;
#258 = LINE ( 'NONE', #855, #854 ) ;
#259 = CARTESIAN_POINT ( 'NONE',  ( -100.9017544462901981, 164.0755727717784964, -6.637034940206600453 ) ) ;
#260 = CARTESIAN_POINT ( 'NONE',  ( -69.76213956718810039, 106.5490640101309907, -6.637034940206600453 ) ) ;
#261 = CYLINDRICAL_SURFACE ( 'NONE', #2201, 2.149999999999999023 ) ;
#262 = CARTESIAN_POINT ( 'NONE',  ( 53.00248534341159967, 113.4794431813445925, -6.637034940206600453 ) ) ;
#263 = CARTESIAN_POINT ( 'NONE',  ( -57.40912049459539901, 107.4257734848871877, -5.637034940206619993 ) ) ;
#264 = CARTESIAN_POINT ( 'NONE',  ( -83.33180698467668890, 174.0271917085929942, -6.637034940206600453 ) ) ;
#265 = CARTESIAN_POINT ( 'NONE',  ( 45.07204273368380143, 113.9804778529774438, -5.637034942633468937 ) ) ;
#266 = ORIENTED_EDGE ( 'NONE', *, *, #254, .T. ) ;
#267 = DIRECTION ( 'NONE',  ( 0.000000000000000000, 0.000000000000000000, -1.000000000000000000 ) ) ;
#268 = CARTESIAN_POINT ( 'NONE',  ( 49.81494211973180342, 168.6369061398255269, -5.637034940206619993 ) ) ;
#269 = B_SPLINE_SURFACE_WITH_KNOTS ( 'NONE', 1, 3, ( 
 ( #1915, #2560, #41, #27, #1942, #1969, #1298, #1272, #2764, #891, #1073, #430, #251, #1928, #12, #1539, #237, #639, #444, #1497, #1747, #863, #652, #1523, #2152, #55, #1718, #1285, #473, #2617, #1088, #847, #2574, #877, #2341, #1733, #2587, #2379, #2394, #1101, #1326, #417, #211, #934, #2439 ),
 ( #1388, #755, #1401, #2408, #2672, #2227, #2659, #742, #2000, #1159, #515, #543, #2241, #336, #1597, #1373, #1132, #710, #307, #2195, #2629, #1610, #1817, #2257, #2465, #1831, #2453, #2044, #74, #485, #2013, #530, #294, #2642, #1340, #1188, #1774, #2030, #320, #1173, #921, #115, #278, #128, #99 ) ),
 .UNSPECIFIED., .F., .F., .F.,
 ( 2, 2 ),
 ( 4, 3, 2, 2, 2, 2, 2, 2, 2, 2, 2, 2, 2, 2, 2, 2, 2, 2, 2, 2, 2, 4 ),
 ( 0.000000000000000000, 1.000000000000000000 ),
 ( -0.0002765290419007390308, 0.000000000000000000, 0.003456613023759234904, 0.005184919535638849754, 0.006049072791578660215, 0.006913226047518469808, 0.007345302675488379375, 0.007777379303458279401, 0.008641532559398090729, 0.009505685815337899455, 0.01036983907127769951, 0.01209814558315732043, 0.01382645209503693962, 0.01555475860691655013, 0.01728306511879619881, 0.01814721837473599886, 0.01901137163067579891, 0.01987552488661559896, 0.02073967814255539902, 0.02246798465443505116, 0.02419629116631465127, 0.02765290419007390005 ),
 .UNSPECIFIED. ) ;
#270 = CARTESIAN_POINT ( 'NONE',  ( -43.85000000000000142, 141.4296532796704184, -5.637034940206619993 ) ) ;
#271 = CARTESIAN_POINT ( 'NONE',  ( 51.21617889574469729, 169.5300233086184960, -11.63703494020661999 ) ) ;
#272 = FACE_OUTER_BOUND ( 'NONE', #474, .T. ) ;
#273 = CARTESIAN_POINT ( 'NONE',  ( -68.23707210038699600, 106.4320958212291970, -6.637034940206600453 ) ) ;
#274 = CARTESIAN_POINT ( 'NONE',  ( -101.6553521695079922, 165.3851179316344826, -5.637034940206619993 ) ) ;
#275 = CARTESIAN_POINT ( 'NONE',  ( 69.84392449655000235, 141.4296532796704184, -1.637034940206620215 ) ) ;
#276 = CARTESIAN_POINT ( 'NONE',  ( -66.15569649599919444, 107.3182949349679944, -5.637034940206619993 ) ) ;
#277 = CARTESIAN_POINT ( 'NONE',  ( -57.47779761085689643, 175.4382307824834868, -5.637034940206619993 ) ) ;
#278 = CARTESIAN_POINT ( 'NONE',  ( -114.6326126209432061, 144.1115629148415849, -5.637034940206619993 ) ) ;
#279 = AXIS2_PLACEMENT_3D ( 'NONE', #2583, #2176, #662 ) ;
#280 = ORIENTED_EDGE ( 'NONE', *, *, #1924, .T. ) ;
#281 = CARTESIAN_POINT ( 'NONE',  ( -91.24748719292369969, 170.4481257770584932, -5.637034940206619993 ) ) ;
#282 = AXIS2_PLACEMENT_3D ( 'NONE', #43, #267, #1118 ) ;
#283 = CARTESIAN_POINT ( 'NONE',  ( 48.67409324884339838, 168.7104530508350138, -5.637034940206619993 ) ) ;
#284 = VERTEX_POINT ( 'NONE', #1309 ) ;
#285 = CARTESIAN_POINT ( 'NONE',  ( -32.00607550160080450, 117.4296532779341931, -5.637034940206619993 ) ) ;
#286 = CARTESIAN_POINT ( 'NONE',  ( 49.01330505444020247, 169.6924848649424860, -11.63703494020661999 ) ) ;
#287 = FACE_OUTER_BOUND ( 'NONE', #653, .T. ) ;
#288 = CARTESIAN_POINT ( 'NONE',  ( -71.28489858823289183, 106.6884353685909872, -6.637034940206600453 ) ) ;
#289 = ADVANCED_FACE ( 'NONE', ( #1923, #2164 ), #261, .F. ) ;
#290 = CARTESIAN_POINT ( 'NONE',  ( -109.8906997187315966, 141.4296532756430054, -11.63703494020661999 ) ) ;
#291 = CARTESIAN_POINT ( 'NONE',  ( 52.92163913194099933, 169.3865364833839919, -6.637034940206600453 ) ) ;
#292 = CARTESIAN_POINT ( 'NONE',  ( -57.07890132270329531, 107.4486034787225890, -5.637034940206619993 ) ) ;
#293 = CARTESIAN_POINT ( 'NONE',  ( -95.84051949255979252, 169.5801660472390040, -6.637034940206600453 ) ) ;
#294 = CARTESIAN_POINT ( 'NONE',  ( -112.8124466666438082, 150.7672888935234994, -5.637034940206619993 ) ) ;
#295 = VERTEX_POINT ( 'NONE', #2612 ) ;
#296 = CARTESIAN_POINT ( 'NONE',  ( -60.60422224824599624, 107.2718642699759926, -5.637034940206619993 ) ) ;
#297 = CARTESIAN_POINT ( 'NONE',  ( -107.0423988682171910, 160.2915982848469980, -5.637034940206619993 ) ) ;
#298 = ORIENTED_EDGE ( 'NONE', *, *, #2530, .T. ) ;
#299 = CARTESIAN_POINT ( 'NONE',  ( -74.88064803688008908, 106.9390034919785961, -11.63703494020661999 ) ) ;
#300 = CARTESIAN_POINT ( 'NONE',  ( 51.48674514661410484, 169.5074514653310018, -11.63703494020661999 ) ) ;
#301 = CARTESIAN_POINT ( 'NONE',  ( 42.74760424586735041, 169.0092809695669871, -5.637034940206619993 ) ) ;
#302 = CARTESIAN_POINT ( 'NONE',  ( -75.33183115455770462, 107.2103508970162125, -6.637034940206589795 ) ) ;
#303 = LINE ( 'NONE', #2009, #56 ) ;
#304 = CARTESIAN_POINT ( 'NONE',  ( 53.22793370931449886, 169.3613164103979898, -6.637034940206600453 ) ) ;
#305 = CARTESIAN_POINT ( 'NONE',  ( -59.34438525390419983, 107.3172149331874010, -5.637034940206619993 ) ) ;
#306 = CARTESIAN_POINT ( 'NONE',  ( -99.93481494923040032, 167.4978500649690147, -6.637034940206600453 ) ) ;
#307 = CARTESIAN_POINT ( 'NONE',  ( -108.1398112182427980, 158.9499713115959878, -5.637034940206619993 ) ) ;
#308 = ORIENTED_EDGE ( 'NONE', *, *, #2225, .T. ) ;
#309 = CARTESIAN_POINT ( 'NONE',  ( -57.36394968559987717, 175.4304425538601038, -5.637034940206619993 ) ) ;
#310 = CARTESIAN_POINT ( 'NONE',  ( -113.4005518038705986, 149.1335962779936040, -5.637034940206619993 ) ) ;
#311 = ORIENTED_EDGE ( 'NONE', *, *, #545, .F. ) ;
#312 = CARTESIAN_POINT ( 'NONE',  ( -57.29993545071400263, 106.4309274163680072, -6.637034940206600453 ) ) ;
#313 = CARTESIAN_POINT ( 'NONE',  ( 49.22982958631310169, 169.6791203307150226, -11.63703494020661999 ) ) ;
#314 = CARTESIAN_POINT ( 'NONE',  ( -110.4767679031649976, 125.4487464755772095, -6.637034940206589795 ) ) ;
#315 = CARTESIAN_POINT ( 'NONE',  ( -57.23001875513740799, 106.4357628276920025, -6.637034940206600453 ) ) ;
#316 = CARTESIAN_POINT ( 'NONE',  ( 45.49892746213090078, 169.8589929950435078, -6.637034940206600453 ) ) ;
#317 = CARTESIAN_POINT ( 'NONE',  ( 48.99725490935900041, 169.6935232306975081, -6.637034940206589795 ) ) ;
#318 = CARTESIAN_POINT ( 'NONE',  ( -107.6184172654152036, 121.7054560106760022, -6.637034940206600453 ) ) ;
#319 = CARTESIAN_POINT ( 'NONE',  ( -57.28905224302930321, 175.4252628587315144, -5.637034940206619993 ) ) ;
#320 = CARTESIAN_POINT ( 'NONE',  ( -113.7455813367135988, 148.0333918652870011, -5.637034940206619993 ) ) ;
#321 = EDGE_LOOP ( 'NONE', ( #868, #1074, #1016, #727 ) ) ;
#322 = CARTESIAN_POINT ( 'NONE',  ( -67.65900478591508715, 175.4624557105284737, -5.637034940206619993 ) ) ;
#323 = CARTESIAN_POINT ( 'NONE',  ( -112.5972950601979932, 151.3032030113164979, -5.637034940206619993 ) ) ;
#324 = ADVANCED_FACE ( 'NONE', ( #2570, #648 ), #692, .F. ) ;
#325 = ORIENTED_EDGE ( 'NONE', *, *, #2530, .F. ) ;
#326 = B_SPLINE_CURVE_WITH_KNOTS ( 'NONE', 1,
 ( #220, #2192 ),
 .UNSPECIFIED., .F., .F.,
 ( 2, 2 ),
 ( 0.000000000000000000, 1.000000000000000000 ),
 .UNSPECIFIED. ) ;
#327 = CIRCLE ( 'NONE', #279, 2.149999999999999023 ) ;
#328 = CARTESIAN_POINT ( 'NONE',  ( -94.41074461012280494, 112.5651067485808028, -11.63703494020661999 ) ) ;
#329 = FACE_BOUND ( 'NONE', #1511, .T. ) ;
#330 = CIRCLE ( 'NONE', #906, 2.149999999999999023 ) ;
#331 = CARTESIAN_POINT ( 'NONE',  ( -106.8078178440215993, 120.7983394801809993, -6.637034940206589795 ) ) ;
#332 = CARTESIAN_POINT ( 'NONE',  ( 52.68057285449100391, 169.4063440268524801, -6.637034940206600453 ) ) ;
#333 = CARTESIAN_POINT ( 'NONE',  ( 51.47671193743139639, 169.5082731106689948, -6.637034940206589795 ) ) ;
#334 = CARTESIAN_POINT ( 'NONE',  ( 52.96773090584470367, 113.7138200046913994, -6.400597440113360292 ) ) ;
#335 = CARTESIAN_POINT ( 'NONE',  ( -63.11815404628389103, 175.6144087969275063, -5.637034940206619993 ) ) ;
#336 = CARTESIAN_POINT ( 'NONE',  ( -107.0423988682171910, 160.2915982848469980, -5.637034940206619993 ) ) ;
#337 = EDGE_LOOP ( 'NONE', ( #1970 ) ) ;
#338 = CARTESIAN_POINT ( 'NONE',  ( -65.13884085828509285, 175.5783539159270106, -5.637034940206619993 ) ) ;
#339 = CARTESIAN_POINT ( 'NONE',  ( -105.8834454858042022, 161.5796389158369948, -5.637034940206619993 ) ) ;
#340 = VERTEX_POINT ( 'NONE', #274 ) ;
#341 = ADVANCED_FACE ( 'NONE', ( #2435 ), #2121, .T. ) ;
#342 = CARTESIAN_POINT ( 'NONE',  ( -58.65372499469962975, 176.5100650331139889, -6.637034914025951693 ) ) ;
#343 = DIRECTION ( 'NONE',  ( 1.000000000000000000, 1.394465815465967027E-13, 0.000000000000000000 ) ) ;
#344 = CARTESIAN_POINT ( 'NONE',  ( -107.9824513408876072, 122.1277706829622076, -6.637034940206600453 ) ) ;
#345 = CARTESIAN_POINT ( 'NONE',  ( 50.06442264049979940, 113.2380372866181943, -6.637034940206589795 ) ) ;
#346 = CARTESIAN_POINT ( 'NONE',  ( 46.34656006714200061, 169.8217841049555261, -6.637034940206600453 ) ) ;
#347 = CARTESIAN_POINT ( 'NONE',  ( -110.2630147806113996, 126.9658370611261802, -5.637034940206619993 ) ) ;
#348 = CARTESIAN_POINT ( 'NONE',  ( -97.45143952811569932, 167.6788364468115162, -5.637034940206619993 ) ) ;
#349 = ORIENTED_EDGE ( 'NONE', *, *, #713, .T. ) ;
#350 = CARTESIAN_POINT ( 'NONE',  ( -58.71479831166639940, 107.3473125901684000, -5.637034940206619993 ) ) ;
#351 = CARTESIAN_POINT ( 'NONE',  ( 51.91887770231451782, 114.3919428032312453, -5.637034942633468937 ) ) ;
#352 = ORIENTED_EDGE ( 'NONE', *, *, #866, .T. ) ;
#353 = CARTESIAN_POINT ( 'NONE',  ( -86.38379663351540216, 109.4541455145124047, -11.63703494020661999 ) ) ;
#354 = FACE_BOUND ( 'NONE', #1989, .T. ) ;
#355 = CARTESIAN_POINT ( 'NONE',  ( -108.8251980547410085, 123.1636485172782045, -6.637034940206589795 ) ) ;
#356 = EDGE_CURVE ( 'NONE', #2507, #1572, #2668, .T. ) ;
#357 = CARTESIAN_POINT ( 'NONE',  ( 52.70342254585529673, 113.4545978535175976, -6.637034940206600453 ) ) ;
#358 = CARTESIAN_POINT ( 'NONE',  ( 49.28856104062510468, 168.6733783711030128, -5.637034940206619993 ) ) ;
#359 = CARTESIAN_POINT ( 'NONE',  ( -109.8005412835161962, 126.2409503795229853, -5.637034940206619993 ) ) ;
#360 = CARTESIAN_POINT ( 'NONE',  ( -88.87589430032089410, 171.3162370418675096, -5.637034940206619993 ) ) ;
#361 = ORIENTED_EDGE ( 'NONE', *, *, #1385, .F. ) ;
#362 = CARTESIAN_POINT ( 'NONE',  ( -63.63162807338629534, 107.2490992937170091, -5.637034940206619993 ) ) ;
#363 = CARTESIAN_POINT ( 'NONE',  ( 52.68051684310189842, 113.4529579320335984, -6.637034940206600453 ) ) ;
#364 = ORIENTED_EDGE ( 'NONE', *, *, #1703, .T. ) ;
#365 = CARTESIAN_POINT ( 'NONE',  ( -73.80998246871298818, 175.8667924128660047, -6.637034940206600453 ) ) ;
#366 = CARTESIAN_POINT ( 'NONE',  ( -96.30253822526145768, 169.3621614784657368, -6.637034914025962351 ) ) ;
#367 = AXIS2_PLACEMENT_3D ( 'NONE', #2251, #2680, #763 ) ;
#368 = FACE_OUTER_BOUND ( 'NONE', #160, .T. ) ;
#369 = CARTESIAN_POINT ( 'NONE',  ( -113.3957236735315917, 133.7142264104739979, -5.637034940206619993 ) ) ;
#370 = CIRCLE ( 'NONE', #2559, 2.149999999999999467 ) ;
#371 = CARTESIAN_POINT ( 'NONE',  ( 48.72947834393849575, 113.1503853819344130, -6.637034940206600453 ) ) ;
#372 = CARTESIAN_POINT ( 'NONE',  ( 48.14714042197689992, 168.7381431235999969, -5.637034940206619993 ) ) ;
#373 = CIRCLE ( 'NONE', #1533, 28.59228193470925206 ) ;
#374 = CARTESIAN_POINT ( 'NONE',  ( -113.2101233581286124, 133.1655271530607934, -5.637034940206619993 ) ) ;
#375 = EDGE_CURVE ( 'NONE', #2676, #1630, #1169, .T. ) ;
#376 = CARTESIAN_POINT ( 'NONE',  ( -57.76095254344599539, 175.4568606268954909, -5.637034940206619993 ) ) ;
#377 = ORIENTED_EDGE ( 'NONE', *, *, #1841, .F. ) ;
#378 = CARTESIAN_POINT ( 'NONE',  ( -97.22769310284039079, 115.0667320812832060, -5.637034940206619993 ) ) ;
#379 = DIRECTION ( 'NONE',  ( -0.06400841331716580762, 0.9979493589479473403, 0.000000000000000000 ) ) ;
#380 = ORIENTED_EDGE ( 'NONE', *, *, #2068, .F. ) ;
#381 = CARTESIAN_POINT ( 'NONE',  ( -57.22002445537779636, 176.4228775990894746, -6.637034940206600453 ) ) ;
#382 = DIRECTION ( 'NONE',  ( 1.000000000000000000, 0.000000000000000000, 0.000000000000000000 ) ) ;
#383 = CARTESIAN_POINT ( 'NONE',  ( 46.97717692031699954, 141.4296532814580019, -11.63703494020661999 ) ) ;
#384 = CARTESIAN_POINT ( 'NONE',  ( -107.2187618462332068, 122.7734044688351958, -5.637034940206619993 ) ) ;
#385 = CARTESIAN_POINT ( 'NONE',  ( 46.17107314948140129, 113.0296923468353896, -6.637034940206600453 ) ) ;
#386 = CARTESIAN_POINT ( 'NONE',  ( 51.56832652909820069, 168.4970182781454753, -5.637034940206619993 ) ) ;
#387 = CARTESIAN_POINT ( 'NONE',  ( -63.02396489378850220, 176.8242877538530138, -11.63703494020661999 ) ) ;
#388 = CARTESIAN_POINT ( 'NONE',  ( -58.01268619618170419, 175.4725204677814929, -5.637034940206619993 ) ) ;
#389 = CARTESIAN_POINT ( 'NONE',  ( -102.4506128257293938, 166.0518457554065321, -11.63703494020661999 ) ) ;
#390 = CARTESIAN_POINT ( 'NONE',  ( -86.96154899449230413, 110.9115744757912125, -5.637034940206619993 ) ) ;
#391 = CARTESIAN_POINT ( 'NONE',  ( -67.66656029619390722, 107.3973404997889958, -5.637034940206619993 ) ) ;
#392 = CARTESIAN_POINT ( 'NONE',  ( 48.93748534778620751, 114.1639970243718949, -5.637034942633468937 ) ) ;
#393 = EDGE_LOOP ( 'NONE', ( #2355, #2031, #1943, #534 ) ) ;
#394 = CARTESIAN_POINT ( 'NONE',  ( 1.843924496549959935, 157.4296532796704753, -11.63703494020661999 ) ) ;
#395 = DIRECTION ( 'NONE',  ( 1.000000000000000000, 0.000000000000000000, 0.000000000000000000 ) ) ;
#396 = CARTESIAN_POINT ( 'NONE',  ( 52.44104999381259802, 113.4325496052890117, -6.637034940206600453 ) ) ;
#397 = CARTESIAN_POINT ( 'NONE',  ( 52.61999171137740205, 168.4081952095685040, -5.637034940206619993 ) ) ;
#398 = CARTESIAN_POINT ( 'NONE',  ( 47.97211419557780232, 113.1106657722756097, -11.63703494020661999 ) ) ;
#399 = CARTESIAN_POINT ( 'NONE',  ( -101.2175832768416086, 165.6366832570170118, -5.637034940206619993 ) ) ;
#400 = B_SPLINE_SURFACE_WITH_KNOTS ( 'NONE', 1, 3, ( 
 ( #1423, #984, #779, #2745, #1855, #385, #582, #1239, #2064, #817, #2079, #2708, #1839, #2292, #177, #829, #152, #1411, #1661, #1023, #1648, #371, #165, #1635, #2474, #1225, #1012, #1879, #345, #2732, #1673, #791, #2527, #2721, #2487, #1869, #804, #396, #2279, #357, #604, #2514, #594, #1251, #1465, #2267, #1210, #2319, #999, #2103, #189, #1039 ),
 ( #1895, #556, #2567, #840, #1304, #1278, #3, #20, #645, #2387, #215, #1906, #2593, #466, #436, #2118, #1695, #204, #1319, #2144, #1291, #2360, #1948, #2347, #2131, #1266, #244, #1065, #1503, #1516, #1052, #2373, #883, #1529, #2539, #34, #228, #870, #1726, #1920, #1079, #1935, #672, #449, #2173, #2580, #659, #2756, #2550, #2161, #2332, #630 ) ),
 .UNSPECIFIED., .F., .F., .F.,
 ( 2, 2 ),
 ( 4, 2, 2, 2, 2, 2, 2, 2, 2, 2, 2, 2, 2, 2, 2, 2, 2, 2, 2, 2, 2, 2, 2, 2, 2, 4 ),
 ( 0.000000000000000000, 1.000000000000000000 ),
 ( 0.000000000000000000, 0.0005277118699707340592, 0.001055423739941468118, 0.001583135609912200009, 0.001846991544897570075, 0.001978919512390250011, 0.002110847479882934936, 0.002638559349853669862, 0.003166271219824400018, 0.003430127154809770301, 0.003693983089795135379, 0.003957839024780505227, 0.004221694959765870739, 0.004749406829736600028, 0.005277118699707339725, 0.005804830569678069881, 0.006332542439648800037, 0.006860254309619540601, 0.007387966179590270757, 0.007651822114575640606, 0.007915678049561010454, 0.007981642033307348796, 0.008047606017053688873, 0.008113570000800030685, 0.008179533984546370762, 0.008443389919531739743 ),
 .UNSPECIFIED. ) ;
#401 = EDGE_LOOP ( 'NONE', ( #1341 ) ) ;
#402 = CARTESIAN_POINT ( 'NONE',  ( -79.65126612724050403, 109.0072467117160073, -5.637034940206619993 ) ) ;
#403 = CARTESIAN_POINT ( 'NONE',  ( -86.96154899449230413, 110.9115744757912125, -5.637034940206619993 ) ) ;
#404 = CARTESIAN_POINT ( 'NONE',  ( 48.49846375052371883, 114.1392973433913909, -5.637034942633468937 ) ) ;
#405 = ORIENTED_EDGE ( 'NONE', *, *, #1515, .T. ) ;
#406 = EDGE_CURVE ( 'NONE', #2676, #1864, #303, .T. ) ;
#407 = CARTESIAN_POINT ( 'NONE',  ( -87.74588624752821886, 172.7475213567514629, -6.637034914025951693 ) ) ;
#408 = CARTESIAN_POINT ( 'NONE',  ( -109.3216565799673958, 125.5247987781881989, -5.637034940206619993 ) ) ;
#409 = DIRECTION ( 'NONE',  ( -0.000000000000000000, -0.000000000000000000, 1.000000000000000000 ) ) ;
#410 = VECTOR ( 'NONE', #1249, 1000.000000000000000 ) ;
#411 = CARTESIAN_POINT ( 'NONE',  ( 51.10657407494079507, 113.3201704524770008, -11.63703494020661999 ) ) ;
#412 = CARTESIAN_POINT ( 'NONE',  ( -63.05086155274310045, 106.0331806330620026, -6.637034940206600453 ) ) ;
#413 = AXIS2_PLACEMENT_3D ( 'NONE', #1268, #1067, #858 ) ;
#414 = CARTESIAN_POINT ( 'NONE',  ( -111.7220655762209987, 155.3777572108934919, -11.63703494020661999 ) ) ;
#415 = CARTESIAN_POINT ( 'NONE',  ( -89.83151859155309182, 111.8808017608366043, -5.637034940206619993 ) ) ;
#416 = CARTESIAN_POINT ( 'NONE',  ( -96.77758832708559567, 114.8417187399983845, -5.637034940206619993 ) ) ;
#417 = CARTESIAN_POINT ( 'NONE',  ( -115.2842863357741976, 146.0121046698973828, -6.637034940206589795 ) ) ;
#418 = ORIENTED_EDGE ( 'NONE', *, *, #643, .T. ) ;
#419 = CARTESIAN_POINT ( 'NONE',  ( -78.85071078463823824, 175.0351057980373923, -6.637034914025951693 ) ) ;
#420 = EDGE_CURVE ( 'NONE', #2731, #2731, #2647, .T. ) ;
#421 = CARTESIAN_POINT ( 'NONE',  ( -111.3905846028341955, 128.9551246131382243, -5.637034940206619993 ) ) ;
#422 = B_SPLINE_CURVE_WITH_KNOTS ( 'NONE', 3,
 ( #700, #669, #433, #1076, #226, #2412, #2383, #464, #2171, #2183, #2577, #2370, #1932, #476, #1301, #30, #2399, #17, #1330, #1972, #1764, #283, #1721, #255, #1707, #61, #867, #268, #1736, #1104, #880, #655, #1958, #910, #1091, #488, #242, #44, #2199, #1343, #1513, #1918, #851, #447 ),
 .UNSPECIFIED., .F., .F.,
 ( 4, 2, 2, 2, 2, 2, 2, 2, 2, 2, 2, 2, 2, 2, 2, 2, 2, 2, 2, 2, 2, 4 ),
 ( 0.000000000000000000, 0.06616742422154034409, 0.1323348484430792726, 0.1985022726646195057, 0.2315859847753883594, 0.2481278408307741046, 0.2646696968861585453, 0.3308371211076987506, 0.3970045453292377902, 0.4300882574400078373, 0.4631719695507780510, 0.4962556816615475430, 0.5293393937723170906, 0.5955068179938567408, 0.6616742422153962799, 0.7278416664369359301, 0.7940090906584755803, 0.8601765148800152305, 0.9263439391015548807, 0.9594276512123247613, 0.9925113633230944199, 1.000000000000000000 ),
 .UNSPECIFIED. ) ;
#423 = CARTESIAN_POINT ( 'NONE',  ( 53.00248531723549661, 169.3798633872144990, -11.63703494020661999 ) ) ;
#424 = CARTESIAN_POINT ( 'NONE',  ( -63.02396489378850220, 176.8242877538530138, -6.637034940206600453 ) ) ;
#425 = LINE ( 'NONE', #1054, #2740 ) ;
#426 = DIRECTION ( 'NONE',  ( -1.000000000000000000, 0.000000000000000000, 0.000000000000000000 ) ) ;
#427 = CARTESIAN_POINT ( 'NONE',  ( 51.33822221427149657, 113.3391334616198094, -6.637034940206600453 ) ) ;
#428 = CARTESIAN_POINT ( 'NONE',  ( -75.18109080270789946, 108.1989429315217990, -5.637034940206619993 ) ) ;
#429 = CARTESIAN_POINT ( 'NONE',  ( -58.14352925733930277, 176.4821175613425055, -6.637034940206600453 ) ) ;
#430 = CARTESIAN_POINT ( 'NONE',  ( -107.4113214971683874, 161.3913198283615031, -6.637034940206589795 ) ) ;
#431 = ORIENTED_EDGE ( 'NONE', *, *, #1894, .F. ) ;
#432 = DIRECTION ( 'NONE',  ( 0.000000000000000000, 0.000000000000000000, -1.000000000000000000 ) ) ;
#433 = CARTESIAN_POINT ( 'NONE',  ( 45.24775527925760343, 168.8706232728139867, -5.637034940206619993 ) ) ;
#434 = VERTEX_POINT ( 'NONE', #1579 ) ;
#435 =( NAMED_UNIT ( * ) PLANE_ANGLE_UNIT ( ) SI_UNIT ( $, .RADIAN. ) );
#436 = CARTESIAN_POINT ( 'NONE',  ( 47.35647772650990106, 114.0833958895415918, -5.637034940206619993 ) ) ;
#437 = CARTESIAN_POINT ( 'NONE',  ( -99.27969356216340202, 167.9036719234434827, -6.637034940206600453 ) ) ;
#438 = DIRECTION ( 'NONE',  ( -0.000000000000000000, -0.000000000000000000, -1.000000000000000000 ) ) ;
#439 = ADVANCED_FACE ( 'NONE', ( #511 ), #2396, .T. ) ;
#440 = CARTESIAN_POINT ( 'NONE',  ( -115.8731207112464006, 141.8885635935509981, -6.637034940206600453 ) ) ;
#441 = LINE ( 'NONE', #1296, #729 ) ;
#442 = CARTESIAN_POINT ( 'NONE',  ( -69.67685779178970051, 107.5454381860708111, -5.637034940206619993 ) ) ;
#443 = CARTESIAN_POINT ( 'NONE',  ( -56.74820158001359971, 176.3902453495099962, -6.637034940206600453 ) ) ;
#444 = CARTESIAN_POINT ( 'NONE',  ( -108.9294479801950075, 159.5636006433724958, -6.637034940206600453 ) ) ;
#445 = VERTEX_POINT ( 'NONE', #1813 ) ;
#446 = CARTESIAN_POINT ( 'NONE',  ( -91.01198670563701398, 170.5384918325515002, -5.637034940206619993 ) ) ;
#447 = CARTESIAN_POINT ( 'NONE',  ( 52.85480520409299743, 168.3886500701330249, -5.637034940206619993 ) ) ;
#448 = VERTEX_POINT ( 'NONE', #1289 ) ;
#449 = CARTESIAN_POINT ( 'NONE',  ( 52.88293589825539698, 114.4729827745731967, -5.637034940206619993 ) ) ;
#450 = DIRECTION ( 'NONE',  ( -0.04526078310955809758, 0.7056567589928630646, 0.7071067811865460184 ) ) ;
#451 = CARTESIAN_POINT ( 'NONE',  ( 49.82022140258700205, 169.6444301974914879, -6.637034940206600453 ) ) ;
#452 = CARTESIAN_POINT ( 'NONE',  ( 53.00248531723549661, 169.3798633872144990, -11.63703494020661999 ) ) ;
#453 = CARTESIAN_POINT ( 'NONE',  ( -57.28995700384550105, 176.4277140708380216, -11.63703494020661999 ) ) ;
#454 = B_SPLINE_CURVE_WITH_KNOTS ( 'NONE', 3,
 ( #91, #2649, #1794, #1420, #120, #969, #1393, #981, #1379, #2019, #733, #2049, #106, #1822, #2264, #521, #342, #775, #566, #1575, #1631, #760, #2233, #2484, #956, #2275, #1616, #2470, #1193, #1808, #1206, #2061, #2664, #147, #995, #716, #2428, #1890, #2076, #1021, #1877, #1034, #419, #1221, #788, #2525, #827, #1449, #2729, #1645, #2344, #162, #407, #1474, #2329, #1009, #614, #578, #1275, #2317, #1904, #2305, #1682, #2509, #2743, #801, #366, #1866, #213, #2087, #2537, #2718, #1049, #1693, #2128, #1433, #591, #1262, #1657, #812, #1670, #2497 ),
 .UNSPECIFIED., .F., .F.,
 ( 4, 2, 2, 2, 2, 2, 2, 2, 2, 2, 2, 2, 2, 2, 2, 2, 2, 2, 2, 2, 2, 2, 2, 2, 2, 2, 2, 2, 2, 2, 2, 2, 2, 2, 2, 2, 2, 2, 2, 2, 4 ),
 ( 0.000000000000000000, 0.0001906707119916751332, 0.001216116177928050924, 0.003267007109800915479, 0.007368788973546626375, 0.01147057083729224186, 0.01557235270103796143, 0.02377591642852928955, 0.03197948015602072869, 0.04838660761100349594, 0.08120086252096882229, 0.1140151174309343568, 0.1468293723408996831, 0.1796436272508652177, 0.2124578821608305301, 0.2452721370707958426, 0.2780863919807614049, 0.3437149018006925294, 0.3765291567106579529, 0.4093434116206234874, 0.4421576665305891329, 0.4749719214405535017, 0.5077861763505190362, 0.5406004312604846263, 0.6062289410804156953, 0.6390431959903812853, 0.6718574509003467643, 0.7046717058103123543, 0.7374859607202778333, 0.7538930881752600177, 0.7703002156302434233, 0.8031144705402080142, 0.8359287254501732711, 0.8687429803601387501, 0.8769465440876306195, 0.8851501078151221558, 0.9015572352701043402, 0.9179643627250876348, 0.9343714901800710404, 0.9671857450900356312, 1.000000000000000000 ),
 .UNSPECIFIED. ) ;
#455 = AXIS2_PLACEMENT_3D ( 'NONE', #1784, #95, #738 ) ;
#456 = EDGE_CURVE ( 'NONE', #1766, #1766, #1622, .T. ) ;
#457 = CARTESIAN_POINT ( 'NONE',  ( -56.70150842592750706, 107.4747048071123885, -5.637034940206619993 ) ) ;
#458 = CARTESIAN_POINT ( 'NONE',  ( 69.84392449655000235, 141.4296532796704184, -11.63703494020661999 ) ) ;
#459 = VECTOR ( 'NONE', #233, 1000.000000000000000 ) ;
#460 = CARTESIAN_POINT ( 'NONE',  ( 46.91715558839423039, 114.0637672181125026, -5.637034942633468937 ) ) ;
#461 = ORIENTED_EDGE ( 'NONE', *, *, #1930, .T. ) ;
#462 = CARTESIAN_POINT ( 'NONE',  ( -99.89767685728209301, 166.3773113451154870, -5.637034940206619993 ) ) ;
#463 = VECTOR ( 'NONE', #450, 1000.000000000000000 ) ;
#464 = CARTESIAN_POINT ( 'NONE',  ( 46.56568991759879594, 168.8110645947265027, -5.637034940206619993 ) ) ;
#465 =( NAMED_UNIT ( * ) SI_UNIT ( $, .STERADIAN. ) SOLID_ANGLE_UNIT ( ) );
#466 = CARTESIAN_POINT ( 'NONE',  ( 47.18075357576939410, 114.0754369605779885, -5.637034940206629763 ) ) ;
#467 = DIRECTION ( 'NONE',  ( 1.000000000000000000, 0.000000000000000000, 0.000000000000000000 ) ) ;
#468 = CARTESIAN_POINT ( 'NONE',  ( -76.84480621815970380, 107.4552398604564019, -6.637034940206589795 ) ) ;
#469 = CARTESIAN_POINT ( 'NONE',  ( -57.36642301073970174, 107.4287177433374012, -5.637034959820240054 ) ) ;
#470 = CARTESIAN_POINT ( 'NONE',  ( -68.91009507525920696, 172.3654371755034731, -11.63703494020661999 ) ) ;
#471 = DIRECTION ( 'NONE',  ( 0.000000000000000000, 0.000000000000000000, 1.000000000000000000 ) ) ;
#472 = CARTESIAN_POINT ( 'NONE',  ( -81.34723345006639761, 174.5038826514254993, -6.637034940206600453 ) ) ;
#473 = CARTESIAN_POINT ( 'NONE',  ( -112.8037001964870001, 153.3114377399290049, -6.637034940206600453 ) ) ;
#474 = EDGE_LOOP ( 'NONE', ( #2413, #1614, #28, #298 ) ) ;
#475 = LINE ( 'NONE', #1328, #1080 ) ;
#476 = CARTESIAN_POINT ( 'NONE',  ( 47.18075342606379508, 168.7838698526310282, -5.637034940206619993 ) ) ;
#477 = CARTESIAN_POINT ( 'NONE',  ( -32.00607550160080450, 117.4296532779341931, -11.63703494020661999 ) ) ;
#478 = CARTESIAN_POINT ( 'NONE',  ( 49.10245058857380229, 169.6870656520349883, -11.63703494020661999 ) ) ;
#479 = DIRECTION ( 'NONE',  ( 0.000000000000000000, 0.000000000000000000, 1.000000000000000000 ) ) ;
#480 = CARTESIAN_POINT ( 'NONE',  ( -78.35421884592240360, 107.7281330763046014, -6.637034940206589795 ) ) ;
#481 = DIRECTION ( 'NONE',  ( -0.000000000000000000, -0.000000000000000000, 1.000000000000000000 ) ) ;
#482 = CARTESIAN_POINT ( 'NONE',  ( -115.8731207112464006, 141.8885635935509981, -11.63703494020661999 ) ) ;
#483 = CARTESIAN_POINT ( 'NONE',  ( -64.64202620949419043, 107.2672746322254085, -5.637034940206619993 ) ) ;
#484 = CARTESIAN_POINT ( 'NONE',  ( -57.44633884578649941, 175.4360962935405155, -5.637034940206619993 ) ) ;
#485 = CARTESIAN_POINT ( 'NONE',  ( -112.1431674366233864, 152.3610449388729933, -5.637034940206619993 ) ) ;
#486 = ORIENTED_EDGE ( 'NONE', *, *, #1590, .F. ) ;
#487 = DIRECTION ( 'NONE',  ( -1.000000000000000000, 0.000000000000000000, 0.000000000000000000 ) ) ;
#488 = CARTESIAN_POINT ( 'NONE',  ( 51.91887771556459796, 168.4673641011405039, -5.637034940206619993 ) ) ;
#489 = ORIENTED_EDGE ( 'NONE', *, *, #1997, .T. ) ;
#490 = EDGE_CURVE ( 'NONE', #1259, #501, #1444, .T. ) ;
#491 = CARTESIAN_POINT ( 'NONE',  ( 71.99392449654999382, 141.4296532796704184, -11.63703494020661999 ) ) ;
#492 = FACE_BOUND ( 'NONE', #2127, .T. ) ;
#493 = DIRECTION ( 'NONE',  ( -0.000000000000000000, -0.000000000000000000, 1.000000000000000000 ) ) ;
#494 = CARTESIAN_POINT ( 'NONE',  ( -58.28085345152639718, 106.3692546206292064, -6.637034940206600453 ) ) ;
#495 = CARTESIAN_POINT ( 'NONE',  ( -110.0007063150996061, 124.4395782686765983, -6.637034940206600453 ) ) ;
#496 = CARTESIAN_POINT ( 'NONE',  ( 52.88293587267190787, 168.3863237958125012, -5.637034940206619993 ) ) ;
#497 = CARTESIAN_POINT ( 'NONE',  ( -99.27969356216340202, 167.9036719234434827, -11.63703494020661999 ) ) ;
#498 = CARTESIAN_POINT ( 'NONE',  ( -57.06885381072000030, 175.4100333835299921, -5.637034940206619993 ) ) ;
#499 = DIRECTION ( 'NONE',  ( -1.000000000000000000, 0.000000000000000000, 0.000000000000000000 ) ) ;
#500 = CIRCLE ( 'NONE', #548, 5.999996634296040021 ) ;
#501 = VERTEX_POINT ( 'NONE', #1995 ) ;
#502 = CARTESIAN_POINT ( 'NONE',  ( -84.05762298651799824, 172.8019137967959864, -5.637034940206619993 ) ) ;
#503 = CIRCLE ( 'NONE', #2203, 2.149999999999999911 ) ;
#504 = CARTESIAN_POINT ( 'NONE',  ( -113.9011073448915994, 147.4795209896283836, -5.637034940206619993 ) ) ;
#505 = ORIENTED_EDGE ( 'NONE', *, *, #1143, .T. ) ;
#506 = CARTESIAN_POINT ( 'NONE',  ( -80.55421662403830396, 108.1795186997422036, -6.637034940206600453 ) ) ;
#507 = EDGE_CURVE ( 'NONE', #1611, #1864, #1886, .T. ) ;
#508 = CARTESIAN_POINT ( 'NONE',  ( 45.31414034058690277, 169.8680959425965113, -11.63703494020661999 ) ) ;
#509 = FACE_OUTER_BOUND ( 'NONE', #2246, .T. ) ;
#510 = CARTESIAN_POINT ( 'NONE',  ( -87.26166022551520030, 109.9576457834221941, -6.637034940206589795 ) ) ;
#511 = FACE_OUTER_BOUND ( 'NONE', #1859, .T. ) ;
#512 = CARTESIAN_POINT ( 'NONE',  ( 53.23355442096160317, 168.3574778760624895, -5.637034940206619993 ) ) ;
#513 = CARTESIAN_POINT ( 'NONE',  ( -58.58890588553710188, 107.3538909383093909, -5.637034940206619993 ) ) ;
#514 = CARTESIAN_POINT ( 'NONE',  ( -87.25863746191500070, 172.9026164155609706, -6.637034940206600453 ) ) ;
#515 = CARTESIAN_POINT ( 'NONE',  ( -106.4704508879706140, 160.9434336150359854, -5.637034940206619993 ) ) ;
#516 = ORIENTED_EDGE ( 'NONE', *, *, #2701, .T. ) ;
#517 = CARTESIAN_POINT ( 'NONE',  ( -69.16750503510080250, 175.3559705592160185, -5.637034940206619993 ) ) ;
#518 = UNCERTAINTY_MEASURE_WITH_UNIT (LENGTH_MEASURE( 1.000000000000000082E-05 ), #1441, 'distance_accuracy_value', 'NONE');
#519 = CARTESIAN_POINT ( 'NONE',  ( -107.6184172654152036, 121.7054560106760022, -11.63703494020661999 ) ) ;
#520 = ORIENTED_EDGE ( 'NONE', *, *, #1315, .F. ) ;
#521 = CARTESIAN_POINT ( 'NONE',  ( -58.52616376520983010, 176.5033927173517441, -6.637034914025962351 ) ) ;
#522 = CARTESIAN_POINT ( 'NONE',  ( -111.7220655762209987, 155.3777572108934919, -11.63703494020661999 ) ) ;
#523 = CARTESIAN_POINT ( 'NONE',  ( -113.8475511653576007, 131.9966691106722010, -6.637034940206600453 ) ) ;
#524 = CARTESIAN_POINT ( 'NONE',  ( -57.27723941875460412, 106.4324972152713968, -6.637034940206589795 ) ) ;
#525 = CARTESIAN_POINT ( 'NONE',  ( -107.6184172654152036, 121.7054560106760022, -6.637034940206600453 ) ) ;
#526 = CARTESIAN_POINT ( 'NONE',  ( 53.03062559244879282, 169.3775489417305096, -6.637034940206589795 ) ) ;
#527 = FACE_OUTER_BOUND ( 'NONE', #2242, .T. ) ;
#528 = EDGE_CURVE ( 'NONE', #965, #1446, #1453, .T. ) ;
#529 = CARTESIAN_POINT ( 'NONE',  ( -57.19468149090640452, 175.4187358386909921, -5.637034940206619993 ) ) ;
#530 = CARTESIAN_POINT ( 'NONE',  ( -112.5972950601979932, 151.3032030113164979, -5.637034940206619993 ) ) ;
#531 = ORIENTED_EDGE ( 'NONE', *, *, #2185, .F. ) ;
#532 = CARTESIAN_POINT ( 'NONE',  ( -58.20150738755509678, 175.4837983503614964, -5.637034940206619993 ) ) ;
#533 = CARTESIAN_POINT ( 'NONE',  ( -105.2844450821770010, 162.2033990694604881, -5.637034940206619993 ) ) ;
#534 = ORIENTED_EDGE ( 'NONE', *, *, #1848, .F. ) ;
#535 = APPLICATION_PROTOCOL_DEFINITION ( 'draft international standard', 'automotive_design', 1998, #179 ) ;
#536 = DIRECTION ( 'NONE',  ( -1.000000000000000000, 0.000000000000000000, 0.000000000000000000 ) ) ;
#537 = CARTESIAN_POINT ( 'NONE',  ( -114.5326930768020048, 148.8716846985402071, -11.63703494020661999 ) ) ;
#538 = CARTESIAN_POINT ( 'NONE',  ( -108.9167873821679962, 123.2808795703469968, -6.637034940206600453 ) ) ;
#539 = DIRECTION ( 'NONE',  ( -0.9979493749073199416, 0.06400816449555030152, 0.000000000000000000 ) ) ;
#540 = CARTESIAN_POINT ( 'NONE',  ( 47.93183682934460421, 169.7500323186384890, -6.637034940206600453 ) ) ;
#541 = CARTESIAN_POINT ( 'NONE',  ( -113.7433346025559899, 134.8180274234368312, -5.637034940206619993 ) ) ;
#542 = CARTESIAN_POINT ( 'NONE',  ( -96.55116858537780899, 168.1292460856290063, -5.637034940206619993 ) ) ;
#543 = CARTESIAN_POINT ( 'NONE',  ( -106.6629108411005973, 160.7280362587750062, -5.637034940206619993 ) ) ;
#544 = ORIENTED_EDGE ( 'NONE', *, *, #2260, .F. ) ;
#545 = EDGE_CURVE ( 'NONE', #445, #86, #1437, .T. ) ;
#546 = CARTESIAN_POINT ( 'NONE',  ( -57.37392147788017382, 107.4281993909716277, -5.637034940206619993 ) ) ;
#547 = AXIS2_PLACEMENT_3D ( 'NONE', #2232, #2263, #1378 ) ;
#548 = AXIS2_PLACEMENT_3D ( 'NONE', #1442, #2298, #1469 ) ;
#549 = CARTESIAN_POINT ( 'NONE',  ( -110.2634155700988003, 155.8928027975164810, -5.637034940206619993 ) ) ;
#550 = ORIENTED_EDGE ( 'NONE', *, *, #866, .F. ) ;
#551 = AXIS2_PLACEMENT_3D ( 'NONE', #1204, #171, #1850 ) ;
#552 = CARTESIAN_POINT ( 'NONE',  ( -91.70407725598720106, 111.5160981793495978, -6.637034940206600453 ) ) ;
#553 = AXIS2_PLACEMENT_3D ( 'NONE', #2657, #740, #2378 ) ;
#554 = CARTESIAN_POINT ( 'NONE',  ( 69.84392449655000235, 141.4296532796704184, -5.637034940206619993 ) ) ;
#555 = CARTESIAN_POINT ( 'NONE',  ( -113.5196686645873996, 131.1697020801164228, -6.637034940206600453 ) ) ;
#556 = CARTESIAN_POINT ( 'NONE',  ( 45.07204273356930457, 113.9804778554015883, -5.637034940206619993 ) ) ;
#557 = CARTESIAN_POINT ( 'NONE',  ( 53.05257372747430367, 169.3757430958459906, -6.637034940206600453 ) ) ;
#558 = CARTESIAN_POINT ( 'NONE',  ( -108.6526505404750083, 124.5861578503549936, -5.637034940206619993 ) ) ;
#559 = CARTESIAN_POINT ( 'NONE',  ( -96.88951755105098584, 167.9619355446255042, -5.637034940206619993 ) ) ;
#560 = ORIENTED_EDGE ( 'NONE', *, *, #900, .F. ) ;
#561 = CARTESIAN_POINT ( 'NONE',  ( -58.02250820199690651, 107.3861403409230064, -5.637034940206619993 ) ) ;
#562 = ADVANCED_FACE ( 'NONE', ( #138 ), #400, .F. ) ;
#563 = CARTESIAN_POINT ( 'NONE',  ( -100.9017544441575893, 118.7837337803544102, -11.63703494020661999 ) ) ;
#564 = EDGE_LOOP ( 'NONE', ( #1402, #418, #1598, #2395 ) ) ;
#565 = EDGE_CURVE ( 'NONE', #2414, #2414, #813, .T. ) ;
#566 = CARTESIAN_POINT ( 'NONE',  ( -59.29164101524013120, 176.5406023801247102, -6.637034914025951693 ) ) ;
#567 = FACE_BOUND ( 'NONE', #2603, .T. ) ;
#568 = CARTESIAN_POINT ( 'NONE',  ( -107.2070008610183862, 121.2341242063288007, -6.637034940206600453 ) ) ;
#569 = CARTESIAN_POINT ( 'NONE',  ( 52.03628989667040372, 313.8422321448010166, -6.637034940206600453 ) ) ;
#570 = CARTESIAN_POINT ( 'NONE',  ( 48.67409324884339838, 168.7104530508350138, -5.637034940206619993 ) ) ;
#571 = CARTESIAN_POINT ( 'NONE',  ( -114.1805464254636036, 136.4908888628979753, -5.637034940206619993 ) ) ;
#572 = CARTESIAN_POINT ( 'NONE',  ( -83.08336998216108782, 173.0584576437115061, -5.637034940206619993 ) ) ;
#573 = EDGE_LOOP ( 'NONE', ( #977, #1775, #1149, #2765 ) ) ;
#574 = CARTESIAN_POINT ( 'NONE',  ( -88.40053925977500171, 111.3807525935853988, -5.637034940206619993 ) ) ;
#575 = CARTESIAN_POINT ( 'NONE',  ( 48.97795102385109800, 113.1647048193744070, -6.637034940206600453 ) ) ;
#576 = ORIENTED_EDGE ( 'NONE', *, *, #2648, .F. ) ;
#577 =( NAMED_UNIT ( * ) SI_UNIT ( $, .STERADIAN. ) SOLID_ANGLE_UNIT ( ) );
#578 = CARTESIAN_POINT ( 'NONE',  ( -91.36862015661881742, 171.4727431579337065, -6.637034914025962351 ) ) ;
#579 = FACE_BOUND ( 'NONE', #848, .T. ) ;
#580 = EDGE_CURVE ( 'NONE', #1061, #2454, #258, .T. ) ;
#581 = CARTESIAN_POINT ( 'NONE',  ( -113.8994723310672015, 135.3735543057636050, -5.637034940206619993 ) ) ;
#582 = CARTESIAN_POINT ( 'NONE',  ( 46.34656071611859574, 113.0375220397561975, -6.637034940206600453 ) ) ;
#583 = CARTESIAN_POINT ( 'NONE',  ( -102.1532498787623950, 116.6069525933791908, -6.637034940206600453 ) ) ;
#584 = CYLINDRICAL_SURFACE ( 'NONE', #2114, 2.149999999999999023 ) ;
#585 = CARTESIAN_POINT ( 'NONE',  ( -63.62317028090980386, 175.6101901692070157, -5.637034940206619993 ) ) ;
#586 = CARTESIAN_POINT ( 'NONE',  ( -101.6548247617099889, 117.4738853747283969, -5.637034940206619993 ) ) ;
#587 = CARTESIAN_POINT ( 'NONE',  ( -94.50350174248529811, 113.7668597839879965, -5.637034940206619993 ) ) ;
#588 = CARTESIAN_POINT ( 'NONE',  ( 49.02526401616589879, 114.1693309065961444, -5.637034942633468937 ) ) ;
#589 = ORIENTED_EDGE ( 'NONE', *, *, #2345, .T. ) ;
#590 = CARTESIAN_POINT ( 'NONE',  ( -75.83077236898640194, 175.5713464080714914, -6.637034940206589795 ) ) ;
#591 = CARTESIAN_POINT ( 'NONE',  ( -99.26197099759329490, 167.8602207907788397, -6.637034914025951693 ) ) ;
#592 = FACE_BOUND ( 'NONE', #1362, .T. ) ;
#593 = CARTESIAN_POINT ( 'NONE',  ( -2.156075503692740369, 165.4296532797129942, -5.637034940206619993 ) ) ;
#594 = CARTESIAN_POINT ( 'NONE',  ( 52.92163894114349887, 113.4727700768665954, -6.637034940206589795 ) ) ;
#595 = CARTESIAN_POINT ( 'NONE',  ( 46.30209372327760065, 168.8227732272615071, -5.637034940206619993 ) ) ;
#596 = CARTESIAN_POINT ( 'NONE',  ( 46.93153359509169320, 113.0634299681666022, -11.63703494020661999 ) ) ;
#597 = CARTESIAN_POINT ( 'NONE',  ( -58.32740214143729673, 175.4910057905255201, -5.637034940206619993 ) ) ;
#598 = CARTESIAN_POINT ( 'NONE',  ( 52.03628991287579453, -30.98292557773240219, -6.637034940206600453 ) ) ;
#599 = CARTESIAN_POINT ( 'NONE',  ( -100.7783769230138233, 116.9735479543443972, -5.637034940206619993 ) ) ;
#600 = CARTESIAN_POINT ( 'NONE',  ( 49.99035482293805188, 114.2352917971454218, -5.637034942633468937 ) ) ;
#601 = ORIENTED_EDGE ( 'NONE', *, *, #2225, .F. ) ;
#602 = LINE ( 'NONE', #1463, #410 ) ;
#603 = CARTESIAN_POINT ( 'NONE',  ( -112.8093414524669953, 132.0841497465249859, -5.637034940206619993 ) ) ;
#604 = CARTESIAN_POINT ( 'NONE',  ( 52.79085718943659344, 113.4619094471564154, -6.637034940206600453 ) ) ;
#605 = FACE_OUTER_BOUND ( 'NONE', #1461, .T. ) ;
#606 = CARTESIAN_POINT ( 'NONE',  ( 48.92505685537410187, 113.1615767633320075, -11.63703494020661999 ) ) ;
#607 = CARTESIAN_POINT ( 'NONE',  ( -99.28361452952461264, 114.9578987356254061, -6.637034940206600453 ) ) ;
#608 = DIRECTION ( 'NONE',  ( 1.000000000000000000, 0.000000000000000000, 0.000000000000000000 ) ) ;
#609 = CARTESIAN_POINT ( 'NONE',  ( -91.95336431698660817, 112.6881623835176072, -5.637034940206619993 ) ) ;
#610 = EDGE_CURVE ( 'NONE', #42, #925, #949, .T. ) ;
#611 = CARTESIAN_POINT ( 'NONE',  ( -55.24873708141129924, 106.5727928374909936, -6.637034940206589795 ) ) ;
#612 = CARTESIAN_POINT ( 'NONE',  ( 48.14714075285932893, 114.1211614908287970, -5.637034942633468937 ) ) ;
#613 = ORIENTED_EDGE ( 'NONE', *, *, #938, .F. ) ;
#614 = CARTESIAN_POINT ( 'NONE',  ( -90.65038991063336482, 171.7439812541151127, -6.637034914025962351 ) ) ;
#615 = FACE_OUTER_BOUND ( 'NONE', #1558, .T. ) ;
#616 = DIRECTION ( 'NONE',  ( 1.000000000000000000, -9.185114928269930782E-15, 0.000000000000000000 ) ) ;
#617 = CARTESIAN_POINT ( 'NONE',  ( -68.93033616163320687, 176.3759266578710196, -11.63703494020661999 ) ) ;
#618 = B_SPLINE_CURVE_WITH_KNOTS ( 'NONE', 3,
 ( #2358, #1224, #164, #1022 ),
 .UNSPECIFIED., .F., .F.,
 ( 4, 4 ),
 ( 0.000000000000000000, 1.000000000000000000 ),
 .UNSPECIFIED. ) ;
#619 = CARTESIAN_POINT ( 'NONE',  ( -80.55421662403830396, 108.1795186997422036, -6.637034940206600453 ) ) ;
#620 = CARTESIAN_POINT ( 'NONE',  ( -107.6094743334197830, 161.1641107254959877, -6.637034940206600453 ) ) ;
#621 = CARTESIAN_POINT ( 'NONE',  ( -98.12283742077129034, 115.5275518334319997, -5.637034940206619993 ) ) ;
#622 = CARTESIAN_POINT ( 'NONE',  ( -74.18297948056890334, 108.0529463634961900, -5.637034940206619993 ) ) ;
#623 = CARTESIAN_POINT ( 'NONE',  ( 49.46404549245972504, 114.1977183956299911, -5.637034942633468937 ) ) ;
#624 = EDGE_CURVE ( 'NONE', #1585, #1568, #1829, .T. ) ;
#625 = ORIENTED_EDGE ( 'NONE', *, *, #624, .T. ) ;
#626 = CARTESIAN_POINT ( 'NONE',  ( 53.00248531723549661, 169.3798633872144990, -11.63703494020661999 ) ) ;
#627 = CARTESIAN_POINT ( 'NONE',  ( -115.8731206951981960, 140.9707427485300286, -6.637034940206600453 ) ) ;
#628 =( GEOMETRIC_REPRESENTATION_CONTEXT ( 3 ) GLOBAL_UNCERTAINTY_ASSIGNED_CONTEXT ( ( #1479 ) ) GLOBAL_UNIT_ASSIGNED_CONTEXT ( ( #1574, #435, #465 ) ) REPRESENTATION_CONTEXT ( 'NONE', 'WORKASPACE' ) );
#629 = AXIS2_PLACEMENT_3D ( 'NONE', #2706, #1287, #2077 ) ;
#630 = CARTESIAN_POINT ( 'NONE',  ( 53.32120916965310187, 114.5090392027710067, -5.637034940206619993 ) ) ;
#631 = AXIS2_PLACEMENT_3D ( 'NONE', #2405, #1128, #2136 ) ;
#632 = CARTESIAN_POINT ( 'NONE',  ( 47.39518514790359660, 113.0838580431347964, -11.63703494020661999 ) ) ;
#633 = CARTESIAN_POINT ( 'NONE',  ( -102.2449948881982067, 165.7894866008925021, -6.303701606873260310 ) ) ;
#634 = AXIS2_PLACEMENT_3D ( 'NONE', #21, #1531, #1755 ) ;
#635 = DIRECTION ( 'NONE',  ( -0.000000000000000000, -0.000000000000000000, 1.000000000000000000 ) ) ;
#636 = DIRECTION ( 'NONE',  ( -1.000000000000000000, 0.000000000000000000, 0.000000000000000000 ) ) ;
#637 = CARTESIAN_POINT ( 'NONE',  ( -81.12819397311780278, 109.3311755324252061, -5.637034940206619993 ) ) ;
#638 = DIRECTION ( 'NONE',  ( 1.000000000000000000, 0.000000000000000000, 0.000000000000000000 ) ) ;
#639 = CARTESIAN_POINT ( 'NONE',  ( -108.5618444046515947, 160.0287257105705123, -6.637034940206589795 ) ) ;
#640 = ORIENTED_EDGE ( 'NONE', *, *, #47, .F. ) ;
#641 = PLANE ( 'NONE',  #1708 ) ;
#642 = CARTESIAN_POINT ( 'NONE',  ( -115.6024628650819892, 145.4169030452671905, -6.637034940206600453 ) ) ;
#643 = EDGE_CURVE ( 'NONE', #2483, #284, #2691, .T. ) ;
#644 = CARTESIAN_POINT ( 'NONE',  ( 47.99392449654990145, 157.4296532817330103, -5.637034940206619993 ) ) ;
#645 = CARTESIAN_POINT ( 'NONE',  ( 46.65355614044410260, 114.0521294978119897, -5.637034940206619993 ) ) ;
#646 = CARTESIAN_POINT ( 'NONE',  ( -114.8760499785989992, 141.8120786009179994, -5.637034940206619993 ) ) ;
#647 = CARTESIAN_POINT ( 'NONE',  ( -101.2697847869324050, 116.1026060992732027, -6.637034940206589795 ) ) ;
#648 = FACE_OUTER_BOUND ( 'NONE', #1327, .T. ) ;
#649 = DIRECTION ( 'NONE',  ( 0.000000000000000000, 0.000000000000000000, 1.000000000000000000 ) ) ;
#650 = CARTESIAN_POINT ( 'NONE',  ( -71.18197093752181104, 107.6831947677800088, -5.637034940206619993 ) ) ;
#651 = CARTESIAN_POINT ( 'NONE',  ( -57.35645992606900023, 175.4299248656550105, -5.637034940206619993 ) ) ;
#652 = CARTESIAN_POINT ( 'NONE',  ( -110.1530443455122139, 157.8970041926174872, -6.637034940206600453 ) ) ;
#653 = EDGE_LOOP ( 'NONE', ( #2181 ) ) ;
#654 = CARTESIAN_POINT ( 'NONE',  ( -78.65774456726930453, 174.0538806490249897, -5.637034940206619993 ) ) ;
#655 = CARTESIAN_POINT ( 'NONE',  ( 50.86715409922739184, 168.5555027284154903, -5.637034940206619993 ) ) ;
#656 = ORIENTED_EDGE ( 'NONE', *, *, #1070, .T. ) ;
#657 = CARTESIAN_POINT ( 'NONE',  ( 71.99392449654999382, 141.4296532796704184, -5.637034940206619993 ) ) ;
#658 = EDGE_CURVE ( 'NONE', #340, #1446, #2197, .T. ) ;
#659 = CARTESIAN_POINT ( 'NONE',  ( 52.97059029395399676, 114.4801971628602075, -5.637034940206619993 ) ) ;
#660 = DIRECTION ( 'NONE',  ( 1.000000000000000000, 0.000000000000000000, 0.000000000000000000 ) ) ;
#661 = CARTESIAN_POINT ( 'NONE',  ( -98.36041913945099679, 114.5236514199519888, -6.637034940206589795 ) ) ;
#662 = DIRECTION ( 'NONE',  ( 1.000000000000000000, 0.000000000000000000, 0.000000000000000000 ) ) ;
#663 = CARTESIAN_POINT ( 'NONE',  ( 48.26209653331699911, 113.1220524696294092, -6.637034940206600453 ) ) ;
#664 = CARTESIAN_POINT ( 'NONE',  ( -97.89960961781029880, 115.4111573117107952, -5.637034940206619993 ) ) ;
#665 = CARTESIAN_POINT ( 'NONE',  ( -67.72032396522901365, 176.4605927832565158, -6.637034940206600453 ) ) ;
#666 = CARTESIAN_POINT ( 'NONE',  ( 45.77491258913967442, 114.0128707960510326, -5.637034942633468937 ) ) ;
#667 = EDGE_LOOP ( 'NONE', ( #1818 ) ) ;
#668 = CARTESIAN_POINT ( 'NONE',  ( -96.43816564916350842, 168.1845474247004972, -5.637034940206619993 ) ) ;
#669 = CARTESIAN_POINT ( 'NONE',  ( 45.07204271680960517, 168.8788286667135026, -5.637034940206619993 ) ) ;
#670 = ORIENTED_EDGE ( 'NONE', *, *, #32, .T. ) ;
#671 = VERTEX_POINT ( 'NONE', #2607 ) ;
#672 = CARTESIAN_POINT ( 'NONE',  ( 52.83911010274630371, 114.4693587541763975, -5.637034940206619993 ) ) ;
#673 = DIRECTION ( 'NONE',  ( -0.9979493749073199416, 0.06400816449555030152, 0.000000000000000000 ) ) ;
#674 = CARTESIAN_POINT ( 'NONE',  ( -90.65257087219190169, 111.1161402226051962, -6.637034940206600453 ) ) ;
#675 = DIRECTION ( 'NONE',  ( -0.000000000000000000, -0.000000000000000000, 1.000000000000000000 ) ) ;
#676 = CYLINDRICAL_SURFACE ( 'NONE', #2650, 2.149999999999999023 ) ;
#677 = AXIS2_PLACEMENT_3D ( 'NONE', #859, #6, #2390 ) ;
#678 = CARTESIAN_POINT ( 'NONE',  ( -58.71479831166639940, 107.3473125901684000, -5.637034940206619993 ) ) ;
#679 = CARTESIAN_POINT ( 'NONE',  ( -57.35196604891260108, 175.4296148487505036, -5.637034940206619993 ) ) ;
#680 = AXIS2_PLACEMENT_3D ( 'NONE', #979, #1834, #2688 ) ;
#681 = CARTESIAN_POINT ( 'NONE',  ( 44.89634979262309145, 113.9718421333239888, -5.637034940206619993 ) ) ;
#682 = ORIENTED_EDGE ( 'NONE', *, *, #765, .F. ) ;
#683 = CARTESIAN_POINT ( 'NONE',  ( -94.50226325929681082, 169.0930107693384912, -5.637034940206619993 ) ) ;
#684 = AXIS2_PLACEMENT_3D ( 'NONE', #1547, #2416, #660 ) ;
#685 = DIRECTION ( 'NONE',  ( 1.000000000000000000, 0.000000000000000000, 0.000000000000000000 ) ) ;
#686 = EDGE_LOOP ( 'NONE', ( #57, #100, #1846, #486 ) ) ;
#687 = VERTEX_POINT ( 'NONE', #926 ) ;
#688 = B_SPLINE_CURVE_WITH_KNOTS ( 'NONE', 3,
 ( #1428, #1666, #1310, #1494 ),
 .UNSPECIFIED., .F., .F.,
 ( 4, 4 ),
 ( 0.000000000000000000, 1.000000000000000000 ),
 .UNSPECIFIED. ) ;
#689 = DIRECTION ( 'NONE',  ( -0.000000000000000000, -0.000000000000000000, 1.000000000000000000 ) ) ;
#690 = CARTESIAN_POINT ( 'NONE',  ( 1.843924496549959935, 157.4296532796704753, -1.637034940206620215 ) ) ;
#691 = CARTESIAN_POINT ( 'NONE',  ( -60.06679487668979789, 106.2875746331696121, -6.637034940206600453 ) ) ;
#692 = CYLINDRICAL_SURFACE ( 'NONE', #1751, 2.149999999999999023 ) ;
#693 = FACE_OUTER_BOUND ( 'NONE', #2663, .T. ) ;
#694 = CARTESIAN_POINT ( 'NONE',  ( -61.61279377215149822, 107.2512973985640059, -5.637034940206619993 ) ) ;
#695 = CARTESIAN_POINT ( 'NONE',  ( -57.38342309852180279, 175.4317875748915014, -5.637034940206619993 ) ) ;
#696 = CARTESIAN_POINT ( 'NONE',  ( 46.30209384372951575, 114.0365328915217731, -5.637034942633468937 ) ) ;
#697 = EDGE_LOOP ( 'NONE', ( #968 ) ) ;
#698 = EDGE_CURVE ( 'NONE', #2507, #1259, #1093, .T. ) ;
#699 = CARTESIAN_POINT ( 'NONE',  ( -91.95155548902118881, 170.1718472220184992, -5.637034940206619993 ) ) ;
#700 = CARTESIAN_POINT ( 'NONE',  ( 44.89634979003764670, 168.8874644325389909, -5.637034940206619993 ) ) ;
#701 = EDGE_LOOP ( 'NONE', ( #1956, #2673, #2591, #2440 ) ) ;
#702 = VERTEX_POINT ( 'NONE', #1345 ) ;
#703 = FACE_BOUND ( 'NONE', #2196, .T. ) ;
#704 = CARTESIAN_POINT ( 'NONE',  ( 52.45271294687869812, 113.4336402309701981, -11.63703494020661999 ) ) ;
#705 = CARTESIAN_POINT ( 'NONE',  ( -59.30122272164110342, 106.3181415177594147, -6.637034940206600453 ) ) ;
#706 = CARTESIAN_POINT ( 'NONE',  ( 45.49892746213090078, 169.8589929950435078, -11.63703494020661999 ) ) ;
#707 = CARTESIAN_POINT ( 'NONE',  ( 53.03633133691550228, 168.3737018986219880, -5.637034940206619993 ) ) ;
#708 = CARTESIAN_POINT ( 'NONE',  ( -60.60422224824599624, 107.2718642699759926, -5.637034940206619993 ) ) ;
#709 = CARTESIAN_POINT ( 'NONE',  ( -101.2699310344536059, 166.7566143796130120, -6.637034940206600453 ) ) ;
#710 = CARTESIAN_POINT ( 'NONE',  ( -107.7823714377587834, 159.4022362339894983, -5.637034940206619993 ) ) ;
#711 = ORIENTED_EDGE ( 'NONE', *, *, #406, .T. ) ;
#712 = CARTESIAN_POINT ( 'NONE',  ( -86.95856993547680247, 171.9486739656584859, -5.637034940206619993 ) ) ;
#713 = EDGE_CURVE ( 'NONE', #1568, #1611, #1795, .T. ) ;
#714 = DIRECTION ( 'NONE',  ( 0.000000000000000000, 0.000000000000000000, 1.000000000000000000 ) ) ;
#715 = EDGE_LOOP ( 'NONE', ( #1779, #266, #1255, #1205 ) ) ;
#716 = CARTESIAN_POINT ( 'NONE',  ( -73.80998246523978423, 175.8667923869163019, -6.637034914025962351 ) ) ;
#717 = CARTESIAN_POINT ( 'NONE',  ( -102.1536018092126028, 166.2521516777260047, -6.637034940206600453 ) ) ;
#718 = CARTESIAN_POINT ( 'NONE',  ( 46.97717692031699954, 141.4296532814580019, -6.637034940206600453 ) ) ;
#719 = CARTESIAN_POINT ( 'NONE',  ( -58.15334197055430110, 106.3765496851241892, -6.637034940206600453 ) ) ;
#720 = CARTESIAN_POINT ( 'NONE',  ( -114.5350152883411994, 133.9951240829301753, -11.63703494020661999 ) ) ;
#721 = CARTESIAN_POINT ( 'NONE',  ( 44.94555193335574472, 169.8862532736474975, -6.637034940206600453 ) ) ;
#722 = B_SPLINE_CURVE_WITH_KNOTS ( 'NONE', 3,
 ( #206, #1922, #633, #1468 ),
 .UNSPECIFIED., .F., .F.,
 ( 4, 4 ),
 ( 0.000000000000000000, 1.000000000000000000 ),
 .UNSPECIFIED. ) ;
#723 = CARTESIAN_POINT ( 'NONE',  ( -56.32411552915179698, 107.5008061355024012, -5.637034940206619993 ) ) ;
#724 = CARTESIAN_POINT ( 'NONE',  ( -84.31877859531999775, 173.7673037017379727, -6.637034940206600453 ) ) ;
#725 = FILL_AREA_STYLE_COLOUR ( '', #776 ) ;
#726 = CIRCLE ( 'NONE', #1796, 2.149999999999999023 ) ;
#727 = ORIENTED_EDGE ( 'NONE', *, *, #1659, .T. ) ;
#728 = CARTESIAN_POINT ( 'NONE',  ( -64.63381517394151388, 175.5921585570445131, -5.637034940206619993 ) ) ;
#729 = VECTOR ( 'NONE', #2148, 1000.000000000000000 ) ;
#730 = CARTESIAN_POINT ( 'NONE',  ( -113.4818170989641999, 130.5913668324292018, -11.63703494020661999 ) ) ;
#731 = ORIENTED_EDGE ( 'NONE', *, *, #1659, .F. ) ;
#732 = CIRCLE ( 'NONE', #241, 2.149999999999999023 ) ;
#733 = CARTESIAN_POINT ( 'NONE',  ( -57.76097199656904024, 176.4588729548617039, -6.637034914025962351 ) ) ;
#734 = CARTESIAN_POINT ( 'NONE',  ( 48.98551747557190339, 169.6941509638465106, -11.63703494020661999 ) ) ;
#735 = ADVANCED_FACE ( 'NONE', ( #2651 ), #2187, .F. ) ;
#736 = CARTESIAN_POINT ( 'NONE',  ( -114.2981509490160050, 133.2589027558585713, -6.637034940206589795 ) ) ;
#737 = CARTESIAN_POINT ( 'NONE',  ( -81.84857202755539163, 108.4720226564313919, -6.637034940206600453 ) ) ;
#738 = DIRECTION ( 'NONE',  ( 1.000000000000000000, 0.000000000000000000, 0.000000000000000000 ) ) ;
#739 = CARTESIAN_POINT ( 'NONE',  ( 53.40319259914599570, 169.3469010562684787, -6.637034940206600453 ) ) ;
#740 = DIRECTION ( 'NONE',  ( -0.000000000000000000, -0.000000000000000000, -1.000000000000000000 ) ) ;
#741 = CARTESIAN_POINT ( 'NONE',  ( -92.32217299553720125, 171.1006408507275012, -6.637034940206589795 ) ) ;
#742 = CARTESIAN_POINT ( 'NONE',  ( -105.2844450821770010, 162.2033990694604881, -5.637034940206619993 ) ) ;
#743 = ORIENTED_EDGE ( 'NONE', *, *, #1486, .T. ) ;
#744 = CARTESIAN_POINT ( 'NONE',  ( -74.17694494050189746, 174.8072104998200018, -5.637034940206619993 ) ) ;
#745 = CARTESIAN_POINT ( 'NONE',  ( -109.6488165475133911, 156.8562930989714914, -5.637034940206619993 ) ) ;
#746 = EDGE_LOOP ( 'NONE', ( #1737, #212, #670, #1762 ) ) ;
#747 = CARTESIAN_POINT ( 'NONE',  ( -80.55421662403830396, 108.1795186997422036, -11.63703494020661999 ) ) ;
#748 = CARTESIAN_POINT ( 'NONE',  ( 47.33050795703060487, 169.7780953826049881, -11.63703494020661999 ) ) ;
#749 = CARTESIAN_POINT ( 'NONE',  ( -57.32472897760089126, 106.4292146256802027, -6.637034940206589795 ) ) ;
#750 = ADVANCED_FACE ( 'NONE', ( #913, #703, #897, #1560, #492, #2459, #1394, #2248, #329, #2051, #1823, #1237, #579, #592, #1010, #2498 ), #1434, .F. ) ;
#751 = CARTESIAN_POINT ( 'NONE',  ( 48.97805738788050434, 169.6945954101670111, -6.637034940206600453 ) ) ;
#752 = CARTESIAN_POINT ( 'NONE',  ( 45.29439520801769703, 169.8695349792715206, -6.637034940206600453 ) ) ;
#753 = CARTESIAN_POINT ( 'NONE',  ( -113.5290826499426089, 134.1275523731635815, -5.637034940206619993 ) ) ;
#754 = CARTESIAN_POINT ( 'NONE',  ( -94.50226325929681082, 169.0930107693384912, -5.637034940206619993 ) ) ;
#755 = CARTESIAN_POINT ( 'NONE',  ( -101.6880227430859946, 165.3789405913734925, -5.637034940206619993 ) ) ;
#756 = ORIENTED_EDGE ( 'NONE', *, *, #203, .T. ) ;
#757 = CARTESIAN_POINT ( 'NONE',  ( -57.95958634700859591, 107.3899748049281868, -5.637034940206619993 ) ) ;
#758 = CARTESIAN_POINT ( 'NONE',  ( -107.3232695735970026, 159.9603436731890156, -5.637034940206619993 ) ) ;
#759 = ORIENTED_EDGE ( 'NONE', *, *, #1329, .T. ) ;
#760 = CARTESIAN_POINT ( 'NONE',  ( -61.58978783062593010, 176.6076277043528648, -6.637034914025962351 ) ) ;
#761 = FACE_BOUND ( 'NONE', #2561, .T. ) ;
#762 = CARTESIAN_POINT ( 'NONE',  ( -114.7037114461946032, 134.5387496672980205, -6.637034940206600453 ) ) ;
#763 = DIRECTION ( 'NONE',  ( 1.000000000000000000, 0.000000000000000000, 0.000000000000000000 ) ) ;
#764 = CARTESIAN_POINT ( 'NONE',  ( 48.19722144528419960, 169.7368884465984991, -6.637034940206589795 ) ) ;
#765 = EDGE_CURVE ( 'NONE', #2423, #2700, #2427, .T. ) ;
#766 = CARTESIAN_POINT ( 'NONE',  ( -103.6193869434162025, 119.0610252805560094, -5.637034940206619993 ) ) ;
#767 = CARTESIAN_POINT ( 'NONE',  ( -91.71727543710430552, 170.2648127059050012, -5.637034940206619993 ) ) ;
#768 = EDGE_LOOP ( 'NONE', ( #352 ) ) ;
#769 = CARTESIAN_POINT ( 'NONE',  ( -57.83374961566409667, 107.3977999594751935, -5.637034940206619993 ) ) ;
#770 = AXIS2_PLACEMENT_3D ( 'NONE', #569, #2695, #2500 ) ;
#771 = CARTESIAN_POINT ( 'NONE',  ( -108.1398112182427980, 158.9499713115959878, -5.637034940206619993 ) ) ;
#772 = EDGE_LOOP ( 'NONE', ( #935, #1273, #1089, #1133 ) ) ;
#773 = CIRCLE ( 'NONE', #1889, 28.59228193470925206 ) ;
#774 = SHAPE_DEFINITION_REPRESENTATION ( #1569, #2090 ) ;
#775 = CARTESIAN_POINT ( 'NONE',  ( -59.03644530779626365, 176.5291405692660476, -6.637034914025962351 ) ) ;
#776 = COLOUR_RGB ( '',0.7921568627450980005, 0.8196078431372548767, 0.9333333333333333481 ) ;
#777 = FACE_BOUND ( 'NONE', #768, .T. ) ;
#778 = CARTESIAN_POINT ( 'NONE',  ( -114.7873443180027948, 139.8908622609984036, -5.637034940206619993 ) ) ;
#779 = CARTESIAN_POINT ( 'NONE',  ( 45.29439447690749887, 112.9897712667285958, -6.637034940206589795 ) ) ;
#780 = CARTESIAN_POINT ( 'NONE',  ( 52.70763652938300226, 168.4008659142714919, -5.637034940206629763 ) ) ;
#781 = CARTESIAN_POINT ( 'NONE',  ( -108.3920251889545909, 124.2393606995569968, -5.637034940206619993 ) ) ;
#782 = CARTESIAN_POINT ( 'NONE',  ( -75.67407466196000598, 174.5836808605024828, -5.637034940206619993 ) ) ;
#783 = VERTEX_POINT ( 'NONE', #2766 ) ;
#784 = CARTESIAN_POINT ( 'NONE',  ( -2.156075503692740369, 165.4296532797129942, -11.63703494020661999 ) ) ;
#785 = CARTESIAN_POINT ( 'NONE',  ( 52.68051684310189842, 113.4529579320335984, -11.63703494020661999 ) ) ;
#786 = EDGE_CURVE ( 'NONE', #687, #687, #1216, .T. ) ;
#787 = EDGE_LOOP ( 'NONE', ( #743 ) ) ;
#788 = CARTESIAN_POINT ( 'NONE',  ( -80.35082865129245988, 174.7256390527916494, -6.637034914025951693 ) ) ;
#789 = FACE_BOUND ( 'NONE', #1344, .T. ) ;
#790 = CARTESIAN_POINT ( 'NONE',  ( -111.1153443813065991, 126.4425468218262125, -6.637034940206600453 ) ) ;
#791 = CARTESIAN_POINT ( 'NONE',  ( 50.94847685375560076, 113.3071154315576052, -6.637034940206600453 ) ) ;
#792 = CARTESIAN_POINT ( 'NONE',  ( -2.156075501600789757, 117.4296532794404015, -11.63703494020661999 ) ) ;
#793 = CARTESIAN_POINT ( 'NONE',  ( -107.7694469405304005, 123.4409643058685901, -5.637034940206619993 ) ) ;
#794 = B_SPLINE_CURVE_WITH_KNOTS ( 'NONE', 3,
 ( #1962, #2220, #35, #898 ),
 .UNSPECIFIED., .F., .F.,
 ( 4, 4 ),
 ( 0.000000000000000000, 1.000000000000000000 ),
 .UNSPECIFIED. ) ;
#795 = CARTESIAN_POINT ( 'NONE',  ( -89.82927201573960474, 170.9793280836580038, -5.637034940206619993 ) ) ;
#796 = CARTESIAN_POINT ( 'NONE',  ( -101.8209660186889920, 117.1849075230550028, -5.970368273539949477 ) ) ;
#797 = CARTESIAN_POINT ( 'NONE',  ( -72.18363599376309026, 107.7928594284913970, -5.637034940206619993 ) ) ;
#798 = CARTESIAN_POINT ( 'NONE',  ( -7.033267097547949653, 109.6550285745852023, -11.63703494020661999 ) ) ;
#799 = EDGE_LOOP ( 'NONE', ( #2083 ) ) ;
#800 = CARTESIAN_POINT ( 'NONE',  ( -75.32597585280019814, 175.6498505165760093, -6.637034940206600453 ) ) ;
#801 = CARTESIAN_POINT ( 'NONE',  ( -95.84051948147995859, 169.5801660235176485, -6.637034914025962351 ) ) ;
#802 = DIRECTION ( 'NONE',  ( 0.000000000000000000, 0.000000000000000000, 1.000000000000000000 ) ) ;
#803 = CARTESIAN_POINT ( 'NONE',  ( -113.1134096300826144, 132.8933497407689970, -5.637034940206619993 ) ) ;
#804 = CARTESIAN_POINT ( 'NONE',  ( 52.17849061158349855, 113.4103958920597961, -6.637034940206600453 ) ) ;
#805 = CARTESIAN_POINT ( 'NONE',  ( 46.78535540179210273, 168.8013509949904858, -5.637034940206619993 ) ) ;
#806 = CARTESIAN_POINT ( 'NONE',  ( 50.33213183802480017, 113.2581467618042126, -11.63703494020661999 ) ) ;
#807 = CARTESIAN_POINT ( 'NONE',  ( -57.82388246259949938, 175.4608534660509918, -5.637034940206619993 ) ) ;
#808 = FACE_OUTER_BOUND ( 'NONE', #2737, .T. ) ;
#809 = CARTESIAN_POINT ( 'NONE',  ( -46.00000000000000000, 141.4296532796704184, -11.63703494020661999 ) ) ;
#810 = CARTESIAN_POINT ( 'NONE',  ( 53.00248534341159967, 113.4794431813443936, -6.637034940206600453 ) ) ;
#811 = VERTEX_POINT ( 'NONE', #1633 ) ;
#812 = CARTESIAN_POINT ( 'NONE',  ( -101.2699310215899402, 166.7566143568102177, -6.637034914025962351 ) ) ;
#813 = CIRCLE ( 'NONE', #2338, 2.149999999999999023 ) ;
#814 = CARTESIAN_POINT ( 'NONE',  ( -66.76009507525920128, 110.4938693838374064, -11.63703494020661999 ) ) ;
#815 = AXIS2_PLACEMENT_3D ( 'NONE', #809, #1085, #7 ) ;
#816 = EDGE_CURVE ( 'NONE', #1780, #1780, #105, .T. ) ;
#817 = CARTESIAN_POINT ( 'NONE',  ( 46.82946863582670005, 113.0589289138853957, -6.637034940206600453 ) ) ;
#818 = CARTESIAN_POINT ( 'NONE',  ( 52.35706617011390307, 168.4302900397580061, -5.637034940206619993 ) ) ;
#819 = AXIS2_PLACEMENT_3D ( 'NONE', #1153, #2581, #1306 ) ;
#820 = CARTESIAN_POINT ( 'NONE',  ( -74.80440039826940790, 175.9300180348649860, -6.637034940206600453 ) ) ;
#821 = CARTESIAN_POINT ( 'NONE',  ( 45.49892746213090078, 169.8589929950435078, -6.637034940206600453 ) ) ;
#822 = VERTEX_POINT ( 'NONE', #982 ) ;
#823 = CARTESIAN_POINT ( 'NONE',  ( -85.99782992729799957, 110.6156053023843953, -5.637034940206619993 ) ) ;
#824 = CARTESIAN_POINT ( 'NONE',  ( -94.04363214023669570, 113.5626534739486004, -5.637034940206619993 ) ) ;
#825 = CARTESIAN_POINT ( 'NONE',  ( 52.83496501405026891, 114.4690152301259332, -5.637034942633468937 ) ) ;
#826 = ORIENTED_EDGE ( 'NONE', *, *, #456, .F. ) ;
#827 = CARTESIAN_POINT ( 'NONE',  ( -81.84424692182932404, 174.3883070056669169, -6.637034914025951693 ) ) ;
#828 = CARTESIAN_POINT ( 'NONE',  ( -108.8231620896108041, 124.8190847435424047, -5.637034940206619993 ) ) ;
#829 = CARTESIAN_POINT ( 'NONE',  ( 47.75516517428669516, 113.1008479662569925, -6.637034940206600453 ) ) ;
#830 = CARTESIAN_POINT ( 'NONE',  ( 50.98922590508439612, 113.3105648096615994, -11.63703494020661999 ) ) ;
#831 = ADVANCED_FACE ( 'NONE', ( #2276, #2088 ), #2692, .F. ) ;
#832 = CARTESIAN_POINT ( 'NONE',  ( -98.12238525747429208, 167.3319540003859913, -5.637034940206619993 ) ) ;
#833 = DIRECTION ( 'NONE',  ( 0.000000000000000000, 0.000000000000000000, 1.000000000000000000 ) ) ;
#834 = CARTESIAN_POINT ( 'NONE',  ( -96.55195454415519407, 114.7304509143873901, -5.637034940206619993 ) ) ;
#835 = CARTESIAN_POINT ( 'NONE',  ( -83.08730330964539235, 109.8018562823420012, -5.637034940206619993 ) ) ;
#836 = CARTESIAN_POINT ( 'NONE',  ( 53.00248534341159967, 113.4794431813443936, -11.63703494020661999 ) ) ;
#837 = ORIENTED_EDGE ( 'NONE', *, *, #2431, .T. ) ;
#838 = CARTESIAN_POINT ( 'NONE',  ( 42.74760424586735041, 169.0092809695669871, -5.637034940206619993 ) ) ;
#839 = CARTESIAN_POINT ( 'NONE',  ( 53.00248531723549661, 169.3798633872144990, -6.637034940206600453 ) ) ;
#840 = CARTESIAN_POINT ( 'NONE',  ( 45.59918917209800071, 114.0049030430323995, -5.637034940206619993 ) ) ;
#841 = CARTESIAN_POINT ( 'NONE',  ( 50.98493635458969919, 113.3102137800379978, -11.63703494020661999 ) ) ;
#842 = CARTESIAN_POINT ( 'NONE',  ( -102.1532498787623950, 116.6069525933791908, -6.637034940206600453 ) ) ;
#843 = CARTESIAN_POINT ( 'NONE',  ( -57.29993545071400263, 106.4309274163677941, -6.637034940206600453 ) ) ;
#844 = CARTESIAN_POINT ( 'NONE',  ( -99.89772565918410407, 116.4820067240852097, -5.637034940206619993 ) ) ;
#845 = CARTESIAN_POINT ( 'NONE',  ( -91.01398878333171183, 112.3215881376171978, -5.637034940206619993 ) ) ;
#846 = CARTESIAN_POINT ( 'NONE',  ( -56.62237389982709601, 176.3815428943485131, -6.637034940206600453 ) ) ;
#847 = CARTESIAN_POINT ( 'NONE',  ( -113.5219281233702020, 151.6841697970175176, -6.637034940206589795 ) ) ;
#848 = EDGE_LOOP ( 'NONE', ( #864 ) ) ;
#849 = ADVANCED_FACE ( 'NONE', ( #1853 ), #856, .F. ) ;
#850 = CARTESIAN_POINT ( 'NONE',  ( 52.03628991287579453, -30.98292557773240219, -6.637034940206600453 ) ) ;
#851 = CARTESIAN_POINT ( 'NONE',  ( 52.83496495449497843, 168.3902913493990638, -5.637034940206627986 ) ) ;
#852 = CARTESIAN_POINT ( 'NONE',  ( 44.89634979262309145, 113.9718421333239888, -5.637034940206619993 ) ) ;
#853 = B_SPLINE_CURVE_WITH_KNOTS ( 'NONE', 3,
 ( #2156, #1947, #953, #2245, #103, #504, #1806, #1191, #310, #2675, #2230, #2662, #1417, #323, #1361, #1163, #2016, #1613, #1391, #1820, #549, #745, #2034, #2645, #1600, #77, #771, #2216, #2468, #758, #1405, #297, #2261, #1778, #1629, #2456, #339, #533, #2632, #967, #2273, #2003, #1571, #1148, #1135 ),
 .UNSPECIFIED., .F., .F.,
 ( 4, 2, 2, 2, 2, 2, 2, 2, 2, 2, 2, 2, 2, 2, 2, 2, 2, 2, 2, 2, 3, 4 ),
 ( 0.000000000000000000, 0.1249991424417650349, 0.1874987136626466711, 0.2499982848835301807, 0.2812480704939709919, 0.3124978561044118308, 0.3437476417148526142, 0.3749974273252934531, 0.4374969985461768518, 0.4999965697670588627, 0.5624961409879412066, 0.6249957122088236616, 0.6562454978192643340, 0.6874952834297055615, 0.7187450690401466780, 0.7343699618453671807, 0.7499948546505879055, 0.7812446402610291329, 0.8124944258714703604, 0.8749939970923524823, 0.9999931395341169482, 1.000000000000000000 ),
 .UNSPECIFIED. ) ;
#854 = VECTOR ( 'NONE', #1476, 1000.000000000000227 ) ;
#855 = CARTESIAN_POINT ( 'NONE',  ( -7.033267097547949653, 109.6550285745852023, -11.63703494020661999 ) ) ;
#856 = CONICAL_SURFACE ( 'NONE', #2429, 144.1305048128826058, 0.7853981633974617127 ) ;
#857 = CARTESIAN_POINT ( 'NONE',  ( 46.17467929153609418, 113.0298744520596017, -11.63703494020661999 ) ) ;
#858 = DIRECTION ( 'NONE',  ( 1.000000000000000000, 0.000000000000000000, 0.000000000000000000 ) ) ;
#859 = CARTESIAN_POINT ( 'NONE',  ( -68.91009507525920696, 110.4938693838374064, -1.637034940206620215 ) ) ;
#860 = CARTESIAN_POINT ( 'NONE',  ( -86.38379663351541637, 109.4541455145124047, -11.63703494020661999 ) ) ;
#861 = CARTESIAN_POINT ( 'NONE',  ( -54.99714181689409997, 106.5901937230841980, -6.637034940206600453 ) ) ;
#862 = CARTESIAN_POINT ( 'NONE',  ( -57.41038898417609460, 176.4359563795989914, -6.637034940206600453 ) ) ;
#863 = CARTESIAN_POINT ( 'NONE',  ( -109.6395265573732019, 158.6179155604905020, -6.637034940206589795 ) ) ;
#864 = ORIENTED_EDGE ( 'NONE', *, *, #2431, .F. ) ;
#865 = CARTESIAN_POINT ( 'NONE',  ( -89.82927201573960474, 170.9793280836580038, -5.637034940206619993 ) ) ;
#866 = EDGE_CURVE ( 'NONE', #33, #33, #991, .T. ) ;
#867 = CARTESIAN_POINT ( 'NONE',  ( 49.46404550141889445, 168.6615911567469936, -5.637034940206619993 ) ) ;
#868 = ORIENTED_EDGE ( 'NONE', *, *, #1980, .T. ) ;
#869 = CARTESIAN_POINT ( 'NONE',  ( -0.006075501600789900980, 117.4296532794404015, -5.637034940206619993 ) ) ;
#870 = CARTESIAN_POINT ( 'NONE',  ( 52.35706617404500207, 114.4290167181849966, -5.637034940206619993 ) ) ;
#871 = CYLINDRICAL_SURFACE ( 'NONE', #1671, 2.149999999999999911 ) ;
#872 = CARTESIAN_POINT ( 'NONE',  ( -102.1532498787623950, 116.6069525933791908, -6.637034940206600453 ) ) ;
#873 = CYLINDRICAL_SURFACE ( 'NONE', #1485, 2.149999999999999911 ) ;
#874 = CARTESIAN_POINT ( 'NONE',  ( -80.55421662403831817, 108.1795186997422036, -11.63703494020661999 ) ) ;
#875 = CARTESIAN_POINT ( 'NONE',  ( -100.7784366215495879, 116.9735812754703943, -5.637034940206619993 ) ) ;
#876 = CARTESIAN_POINT ( 'NONE',  ( -57.12568462057299712, 176.4163527149940194, -6.637034940206589795 ) ) ;
#877 = CARTESIAN_POINT ( 'NONE',  ( -113.8512802498736107, 150.8529327586959994, -6.637034940206589795 ) ) ;
#878 = ORIENTED_EDGE ( 'NONE', *, *, #217, .F. ) ;
#879 = DIRECTION ( 'NONE',  ( 0.000000000000000000, 0.000000000000000000, 1.000000000000000000 ) ) ;
#880 = CARTESIAN_POINT ( 'NONE',  ( 50.51648154171670058, 168.5836458378065004, -5.637034940206619993 ) ) ;
#881 = ORIENTED_EDGE ( 'NONE', *, *, #2327, .T. ) ;
#882 = VERTEX_POINT ( 'NONE', #46 ) ;
#883 = CARTESIAN_POINT ( 'NONE',  ( 51.04246176426670445, 114.3182654813323893, -5.637034940206619993 ) ) ;
#884 = CARTESIAN_POINT ( 'NONE',  ( 44.94555193603520138, 112.9730532922200013, -11.63703494020661999 ) ) ;
#885 = CARTESIAN_POINT ( 'NONE',  ( -77.34883652758760775, 107.5431652480031914, -6.637034940206600453 ) ) ;
#886 = FACE_OUTER_BOUND ( 'NONE', #1835, .T. ) ;
#887 = CARTESIAN_POINT ( 'NONE',  ( -115.8731207112464006, 141.8885635935509981, -11.63703494020661999 ) ) ;
#888 = B_SPLINE_CURVE_WITH_KNOTS ( 'NONE', 2,
 ( #2451, #1425, #140, #1171, #1828, #986, #318, #1439, #2295 ),
 .UNSPECIFIED., .F., .F.,
 ( 3, 2, 2, 2, 3 ),
 ( 0.000000000000000000, 0.2500000000000000000, 0.5000000000000000000, 0.7500000000000000000, 1.000000000000000000 ),
 .UNSPECIFIED. ) ;
#889 = CARTESIAN_POINT ( 'NONE',  ( -57.83374961566409667, 107.3977999594751935, -5.637034940206619993 ) ) ;
#890 = CARTESIAN_POINT ( 'NONE',  ( -91.60742909922970512, 171.3811081730695207, -6.637034940206589795 ) ) ;
#891 = CARTESIAN_POINT ( 'NONE',  ( -106.8129797835152033, 162.0503054558409985, -6.637034940206589795 ) ) ;
#892 = B_SPLINE_CURVE_WITH_KNOTS ( 'NONE', 3,
 ( #2071, #156, #796, #182 ),
 .UNSPECIFIED., .F., .F.,
 ( 4, 4 ),
 ( 0.000000000000000000, 1.000000000000000000 ),
 .UNSPECIFIED. ) ;
#893 = EDGE_LOOP ( 'NONE', ( #1189 ) ) ;
#894 = DIRECTION ( 'NONE',  ( 1.000000000000000000, 0.000000000000000000, 0.000000000000000000 ) ) ;
#895 = DIRECTION ( 'NONE',  ( -0.000000000000000000, -0.000000000000000000, -1.000000000000000000 ) ) ;
#896 = CARTESIAN_POINT ( 'NONE',  ( -66.76009507525920128, 172.3654371755034731, -11.63703494020661999 ) ) ;
#897 = FACE_BOUND ( 'NONE', #224, .T. ) ;
#898 = CARTESIAN_POINT ( 'NONE',  ( -101.8342091832924012, 117.5948914020230092, -5.637034940206619993 ) ) ;
#899 = CARTESIAN_POINT ( 'NONE',  ( -63.13204734715100130, 106.2448006621160062, -6.637034940206589795 ) ) ;
#900 = EDGE_CURVE ( 'NONE', #1318, #1318, #1129, .T. ) ;
#901 = DIRECTION ( 'NONE',  ( -0.000000000000000000, -0.000000000000000000, 1.000000000000000000 ) ) ;
#902 = DIRECTION ( 'NONE',  ( -0.000000000000000000, -0.000000000000000000, 1.000000000000000000 ) ) ;
#903 = AXIS2_PLACEMENT_3D ( 'NONE', #792, #1649, #2092 ) ;
#904 = CARTESIAN_POINT ( 'NONE',  ( -59.09251719395599878, 107.3285089078369907, -5.637034940206619993 ) ) ;
#905 = CARTESIAN_POINT ( 'NONE',  ( -97.67837035448350491, 168.6852429962780207, -6.637034940206600453 ) ) ;
#906 = AXIS2_PLACEMENT_3D ( 'NONE', #1824, #1208, #150 ) ;
#907 = CARTESIAN_POINT ( 'NONE',  ( 45.84392449654990287, 157.4296532817330103, -11.63703494020661999 ) ) ;
#908 = ORIENTED_EDGE ( 'NONE', *, *, #2149, .T. ) ;
#909 = CARTESIAN_POINT ( 'NONE',  ( -100.7785886812703922, 165.8856359093399817, -5.637034940206619993 ) ) ;
#910 = CARTESIAN_POINT ( 'NONE',  ( 51.39304521259620628, 168.5117792880180048, -5.637034940206619993 ) ) ;
#911 = ORIENTED_EDGE ( 'NONE', *, *, #13, .F. ) ;
#912 = CARTESIAN_POINT ( 'NONE',  ( 3.993924498056659722, 125.4296532796704042, -11.63703494020661999 ) ) ;
#913 = FACE_BOUND ( 'NONE', #1299, .T. ) ;
#914 = FACE_OUTER_BOUND ( 'NONE', #787, .T. ) ;
#915 = CARTESIAN_POINT ( 'NONE',  ( -87.74878555640410127, 110.1127257850302072, -6.637034940206600453 ) ) ;
#916 = CARTESIAN_POINT ( 'NONE',  ( 53.00248531723549661, 169.3798633872144990, -6.637034940206600453 ) ) ;
#917 = LINE ( 'NONE', #2555, #1447 ) ;
#918 = ADVANCED_FACE ( 'NONE', ( #2678, #761, #970, #997, #1207, #2289, #2471, #777, #2306, #789, #1617, #2562, #567, #354, #1646, #368 ), #641, .T. ) ;
#919 = CARTESIAN_POINT ( 'NONE',  ( -57.48774746290509796, 107.4204129000994072, -5.637034940206619993 ) ) ;
#920 = CARTESIAN_POINT ( 'NONE',  ( -57.63509970145539540, 175.4487190067114852, -5.637034940206619993 ) ) ;
#921 = CARTESIAN_POINT ( 'NONE',  ( -114.1812942134010029, 146.3649323261571737, -5.637034940206619993 ) ) ;
#922 = EDGE_LOOP ( 'NONE', ( #45 ) ) ;
#923 = CARTESIAN_POINT ( 'NONE',  ( -95.87236736829180472, 168.4593838233990084, -5.637034940206619993 ) ) ;
#924 = FACE_OUTER_BOUND ( 'NONE', #1286, .T. ) ;
#925 = VERTEX_POINT ( 'NONE', #1499 ) ;
#926 = CARTESIAN_POINT ( 'NONE',  ( -66.76009507525920128, 110.4938693838374064, -5.637034940206619993 ) ) ;
#927 = CARTESIAN_POINT ( 'NONE',  ( 52.03628989667040372, 313.8422321448010166, -5.637034940206619993 ) ) ;
#928 = DIRECTION ( 'NONE',  ( 0.000000000000000000, 0.000000000000000000, 1.000000000000000000 ) ) ;
#929 = CARTESIAN_POINT ( 'NONE',  ( -91.37065013424860638, 111.3873474674894055, -6.637034940206589795 ) ) ;
#930 = CARTESIAN_POINT ( 'NONE',  ( 48.26130246810359381, 169.7372903749940178, -11.63703494020661999 ) ) ;
#931 = CARTESIAN_POINT ( 'NONE',  ( 52.96522345466999582, 169.3829324363004787, -6.637034940206589795 ) ) ;
#932 = CARTESIAN_POINT ( 'NONE',  ( -57.34622129525659773, 107.4301151273981958, -5.637034940206619993 ) ) ;
#933 = CARTESIAN_POINT ( 'NONE',  ( -100.3810746565745973, 167.2527239064135074, -6.637034940206589795 ) ) ;
#934 = CARTESIAN_POINT ( 'NONE',  ( -115.7814277404733900, 143.0839167139359915, -6.637034940206589795 ) ) ;
#935 = ORIENTED_EDGE ( 'NONE', *, *, #32, .F. ) ;
#936 = CARTESIAN_POINT ( 'NONE',  ( -73.67731962056360828, 174.8756128883549934, -5.637034940206619993 ) ) ;
#937 = CARTESIAN_POINT ( 'NONE',  ( -115.6027208597996037, 137.4457667225659918, -11.63703494020661999 ) ) ;
#938 = EDGE_CURVE ( 'NONE', #1916, #2483, #2356, .T. ) ;
#939 = ORIENTED_EDGE ( 'NONE', *, *, #1209, .F. ) ;
#940 = CARTESIAN_POINT ( 'NONE',  ( -74.88064803688008908, 106.9390034919785961, -6.637034940206600453 ) ) ;
#941 = CARTESIAN_POINT ( 'NONE',  ( -102.4506128257293938, 166.0518457554065321, -11.63703494020661999 ) ) ;
#942 = CARTESIAN_POINT ( 'NONE',  ( -114.4828295785851822, 133.8269081385236063, -6.637034940206600453 ) ) ;
#943 = CARTESIAN_POINT ( 'NONE',  ( -93.03546322761570764, 112.0464543051921993, -6.637034940206600453 ) ) ;
#944 = CARTESIAN_POINT ( 'NONE',  ( 51.99682045343149639, 169.4643253852684950, -6.637034940206600453 ) ) ;
#945 = CARTESIAN_POINT ( 'NONE',  ( 52.81719749445800005, 168.3917635973065217, -5.637034940206619993 ) ) ;
#946 = DIRECTION ( 'NONE',  ( -0.000000000000000000, -0.000000000000000000, 1.000000000000000000 ) ) ;
#947 = CARTESIAN_POINT ( 'NONE',  ( -101.7125185344334000, 166.5056213644739955, -6.637034940206589795 ) ) ;
#948 = DIRECTION ( 'NONE',  ( 0.000000000000000000, 0.000000000000000000, 1.000000000000000000 ) ) ;
#949 = CIRCLE ( 'NONE', #2516, 1.510899745533006433 ) ;
#950 = EDGE_LOOP ( 'NONE', ( #1230, #2153, #1243, #405 ) ) ;
#951 = CARTESIAN_POINT ( 'NONE',  ( -58.32740214143729673, 175.4910057905255201, -5.637034940206619993 ) ) ;
#952 = CIRCLE ( 'NONE', #2519, 2.149999999999999911 ) ;
#953 = CARTESIAN_POINT ( 'NONE',  ( -114.6326126209432061, 144.1115629148415849, -5.637034940206619993 ) ) ;
#954 = ORIENTED_EDGE ( 'NONE', *, *, #2134, .F. ) ;
#955 = EDGE_CURVE ( 'NONE', #783, #1585, #773, .T. ) ;
#956 = CARTESIAN_POINT ( 'NONE',  ( -63.63468924503423807, 176.6101437758975976, -6.637034914025951693 ) ) ;
#957 = CARTESIAN_POINT ( 'NONE',  ( 47.67771532099530418, 169.7621900232404926, -11.63703494020661999 ) ) ;
#958 = CARTESIAN_POINT ( 'NONE',  ( -115.8731206951981960, 140.9707427485300286, -6.637034940206600453 ) ) ;
#959 = CARTESIAN_POINT ( 'NONE',  ( -57.10425215722560210, 106.4444613062406120, -6.637034940206589795 ) ) ;
#960 = CARTESIAN_POINT ( 'NONE',  ( -111.7219297781475973, 127.4813093347266175, -6.637034940206600453 ) ) ;
#961 = CARTESIAN_POINT ( 'NONE',  ( 48.72947431542549879, 169.7089188955569909, -6.637034940206589795 ) ) ;
#962 = CARTESIAN_POINT ( 'NONE',  ( -108.8231620896108041, 124.8190847435424047, -5.637034940206619993 ) ) ;
#963 = CARTESIAN_POINT ( 'NONE',  ( -58.70514211011840189, 175.5113864491295033, -5.637034940206619993 ) ) ;
#964 = CARTESIAN_POINT ( 'NONE',  ( 42.81160654271690191, 170.0072307208235145, -6.637034940206589795 ) ) ;
#965 = VERTEX_POINT ( 'NONE', #1763 ) ;
#966 = CARTESIAN_POINT ( 'NONE',  ( -57.35645992606900023, 175.4299248656550105, -5.637034940206619993 ) ) ;
#967 = CARTESIAN_POINT ( 'NONE',  ( -103.6203765892706059, 163.7975210142230083, -5.637034940206619993 ) ) ;
#968 = ORIENTED_EDGE ( 'NONE', *, *, #1070, .F. ) ;
#969 = CARTESIAN_POINT ( 'NONE',  ( -57.37849650339015994, 176.4337924083547193, -6.637034914025962351 ) ) ;
#970 = FACE_BOUND ( 'NONE', #1692, .T. ) ;
#971 = CARTESIAN_POINT ( 'NONE',  ( -113.7406292845210061, 131.7197541249589960, -6.637034940206589795 ) ) ;
#972 = CARTESIAN_POINT ( 'NONE',  ( -107.6184172654152036, 121.7054560106760022, -11.63703494020661999 ) ) ;
#973 = CARTESIAN_POINT ( 'NONE',  ( 49.88721212735130450, 169.6342934946419803, -6.637034940206589795 ) ) ;
#974 = CARTESIAN_POINT ( 'NONE',  ( 23.84392449805660164, 117.4296532796703900, -1.637034940206620215 ) ) ;
#975 = CARTESIAN_POINT ( 'NONE',  ( -93.11743145645701247, 169.6952442478025205, -5.637034940206619993 ) ) ;
#976 = CARTESIAN_POINT ( 'NONE',  ( -101.8337588661501911, 165.2647681042879810, -5.637034940206619993 ) ) ;
#977 = ORIENTED_EDGE ( 'NONE', *, *, #2683, .F. ) ;
#978 = CARTESIAN_POINT ( 'NONE',  ( -61.60383740693720256, 175.6077055592419924, -5.637034940206619993 ) ) ;
#979 = CARTESIAN_POINT ( 'NONE',  ( -34.15607550369274747, 165.4296532782069846, -11.63703494020661999 ) ) ;
#980 = EDGE_LOOP ( 'NONE', ( #1677 ) ) ;
#981 = CARTESIAN_POINT ( 'NONE',  ( -57.50591127343648168, 176.4423707221193922, -6.637034914025951693 ) ) ;
#982 = CARTESIAN_POINT ( 'NONE',  ( -102.4509130740899963, 116.8076960602124075, -6.637034940206600453 ) ) ;
#983 = CARTESIAN_POINT ( 'NONE',  ( -102.4509130942482074, 116.8076960344995996, -6.637034940206600453 ) ) ;
#984 = CARTESIAN_POINT ( 'NONE',  ( 45.11922501798299834, 112.9815901037328132, -6.637034940206589795 ) ) ;
#985 = CARTESIAN_POINT ( 'NONE',  ( -99.28361452952461264, 114.9578987356254061, -6.637034940206600453 ) ) ;
#986 = CARTESIAN_POINT ( 'NONE',  ( -110.0007063150996061, 124.4395782686765983, -6.637034940206600453 ) ) ;
#987 = ADVANCED_FACE ( 'NONE', ( #2141, #1103 ), #15, .F. ) ;
#988 = CARTESIAN_POINT ( 'NONE',  ( -80.13975572188499541, 173.7481484905244997, -5.637034940206619993 ) ) ;
#989 = ORIENTED_EDGE ( 'NONE', *, *, #1106, .F. ) ;
#990 = CARTESIAN_POINT ( 'NONE',  ( -57.36020480377601416, 175.4301837556345447, -5.637034940206619993 ) ) ;
#991 = CIRCLE ( 'NONE', #1219, 2.149999999999999023 ) ;
#992 = CARTESIAN_POINT ( 'NONE',  ( 51.56832649180365280, 114.3622888669257378, -5.637034942633468937 ) ) ;
#993 = ORIENTED_EDGE ( 'NONE', *, *, #2185, .T. ) ;
#994 = CIRCLE ( 'NONE', #11, 2.149999999999999911 ) ;
#995 = CARTESIAN_POINT ( 'NONE',  ( -72.29185648634036454, 176.0606834501028573, -6.637034914025962351 ) ) ;
#996 = PRESENTATION_LAYER_ASSIGNMENT (  '', '', ( #2386 ) ) ;
#997 = FACE_BOUND ( 'NONE', #14, .T. ) ;
#998 = CARTESIAN_POINT ( 'NONE',  ( -113.7433346025559899, 134.8180274234368312, -5.637034940206619993 ) ) ;
#999 = CARTESIAN_POINT ( 'NONE',  ( 53.11830216315060227, 113.4889699394479976, -6.637034940206589795 ) ) ;
#1000 = CARTESIAN_POINT ( 'NONE',  ( 48.49846335528889796, 168.7200064551265086, -5.637034940206619993 ) ) ;
#1001 = CARTESIAN_POINT ( 'NONE',  ( -112.9130143530570081, 132.3526499086707986, -5.637034940206619993 ) ) ;
#1002 = CARTESIAN_POINT ( 'NONE',  ( -59.33488019301429972, 175.5415323296745100, -5.637034940206619993 ) ) ;
#1003 = ORIENTED_EDGE ( 'NONE', *, *, #565, .F. ) ;
#1004 = EDGE_CURVE ( 'NONE', #1061, #238, #475, .T. ) ;
#1005 = CARTESIAN_POINT ( 'NONE',  ( -85.51466349807189715, 110.4726243471386056, -5.637034940206619993 ) ) ;
#1006 = CARTESIAN_POINT ( 'NONE',  ( 50.34112511602040740, 114.2619163791638215, -5.637034942633468937 ) ) ;
#1007 = ORIENTED_EDGE ( 'NONE', *, *, #1703, .F. ) ;
#1008 = CARTESIAN_POINT ( 'NONE',  ( -55.48992477814869773, 176.3032207978970121, -6.637034940206589795 ) ) ;
#1009 = CARTESIAN_POINT ( 'NONE',  ( -90.16914502776830886, 171.9198260888111633, -6.637034914025962351 ) ) ;
#1010 = FACE_BOUND ( 'NONE', #2715, .T. ) ;
#1011 = VERTEX_POINT ( 'NONE', #644 ) ;
#1012 = CARTESIAN_POINT ( 'NONE',  ( 49.53212668493890192, 113.2000364536902026, -6.637034940206589795 ) ) ;
#1013 = CARTESIAN_POINT ( 'NONE',  ( 52.44470643735860449, 168.4229061404299728, -5.637034940206619993 ) ) ;
#1014 = CARTESIAN_POINT ( 'NONE',  ( -104.8717572150059993, 120.2463722307562080, -5.637034940206619993 ) ) ;
#1015 = CARTESIAN_POINT ( 'NONE',  ( -79.64653443018819701, 173.8530583456784768, -5.637034940206619993 ) ) ;
#1016 = ORIENTED_EDGE ( 'NONE', *, *, #1626, .T. ) ;
#1017 = CARTESIAN_POINT ( 'NONE',  ( -96.89023549576660344, 114.8977143000959984, -5.637034940206619993 ) ) ;
#1018 = CARTESIAN_POINT ( 'NONE',  ( 48.97795102385109800, 113.1647048193744070, -11.63703494020661999 ) ) ;
#1019 = EDGE_LOOP ( 'NONE', ( #2536 ) ) ;
#1020 = EDGE_CURVE ( 'NONE', #882, #882, #1488, .T. ) ;
#1021 = CARTESIAN_POINT ( 'NONE',  ( -76.83933032783806993, 175.4050042393463968, -6.637034914025962351 ) ) ;
#1022 = CARTESIAN_POINT ( 'NONE',  ( 53.00248531723549661, 169.3798633872144990, -6.637034940206600453 ) ) ;
#1023 = CARTESIAN_POINT ( 'NONE',  ( 48.46298861311289841, 113.1360311093542066, -6.637034940206600453 ) ) ;
#1024 = CARTESIAN_POINT ( 'NONE',  ( -102.1536018092126028, 166.2521516777260047, -6.637034940206600453 ) ) ;
#1025 = CARTESIAN_POINT ( 'NONE',  ( -94.38511850407709858, 170.3063985724455165, -11.63703494020661999 ) ) ;
#1026 = CARTESIAN_POINT ( 'NONE',  ( -97.33626922913971669, 114.0026957431203982, -6.637034940206600453 ) ) ;
#1027 = PRESENTATION_STYLE_ASSIGNMENT (( #1788 ) ) ;
#1028 = CARTESIAN_POINT ( 'NONE',  ( -105.2815039346457979, 163.8340714978199912, -11.63703494020661999 ) ) ;
#1029 = CARTESIAN_POINT ( 'NONE',  ( -74.18297948056890334, 108.0529463634961900, -5.637034940206619993 ) ) ;
#1030 = CARTESIAN_POINT ( 'NONE',  ( -101.2173316971528010, 117.2224804040030079, -5.637034940206619993 ) ) ;
#1031 = CARTESIAN_POINT ( 'NONE',  ( 48.67409362851291377, 114.1488510237564640, -5.637034942633468937 ) ) ;
#1032 = ORIENTED_EDGE ( 'NONE', *, *, #786, .T. ) ;
#1033 = CLOSED_SHELL ( 'NONE', ( #1293, #2243, #289, #2036, #2730, #172, #1554, #1501, #2564, #137, #2495, #831, #324, #987, #1908, #562, #2717, #72, #1406, #2596, #849, #2116, #2543, #1036, #1946, #2633, #2513, #2100, #1863, #750, #918, #1791, #1456, #1724, #439, #1689, #87, #102, #2291, #735, #2277, #341, #232, #1776, #1810 ) ) ;
#1034 = CARTESIAN_POINT ( 'NONE',  ( -78.34908276635044899, 175.1321518968343014, -6.637034914025962351 ) ) ;
#1035 = AXIS2_PLACEMENT_3D ( 'NONE', #23, #1698, #426 ) ;
#1036 = ADVANCED_FACE ( 'NONE', ( #1957 ), #2026, .T. ) ;
#1037 = CARTESIAN_POINT ( 'NONE',  ( -107.7694469405304005, 123.4409643058685901, -5.637034940206619993 ) ) ;
#1038 = CIRCLE ( 'NONE', #680, 2.149999999999999023 ) ;
#1039 = CARTESIAN_POINT ( 'NONE',  ( 53.40319262992490934, 113.5124055126711937, -6.637034940206600453 ) ) ;
#1040 = CARTESIAN_POINT ( 'NONE',  ( -102.1532498787623950, 116.6069525933791908, -11.63703494020661999 ) ) ;
#1041 = AXIS2_PLACEMENT_3D ( 'NONE', #593, #202, #1452 ) ;
#1042 = CARTESIAN_POINT ( 'NONE',  ( 50.96971660454359920, 113.3089691947569975, -11.63703494020661999 ) ) ;
#1043 = CARTESIAN_POINT ( 'NONE',  ( 51.99682045343149639, 169.4643253852684950, -6.637034940206600453 ) ) ;
#1044 = ORIENTED_EDGE ( 'NONE', *, *, #2578, .T. ) ;
#1045 = CARTESIAN_POINT ( 'NONE',  ( -81.61889460107491345, 109.4453107610020055, -5.637034940206619993 ) ) ;
#1046 = CARTESIAN_POINT ( 'NONE',  ( -85.99782992729799957, 110.6156053023843953, -5.637034940206619993 ) ) ;
#1047 = CARTESIAN_POINT ( 'NONE',  ( 44.94555193603530086, 112.9730532922200013, -6.637034940206600453 ) ) ;
#1048 = ORIENTED_EDGE ( 'NONE', *, *, #2683, .T. ) ;
#1049 = CARTESIAN_POINT ( 'NONE',  ( -97.90606679542936774, 168.5695249723951861, -6.637034914025951693 ) ) ;
#1050 = CARTESIAN_POINT ( 'NONE',  ( -112.4845285021255989, 131.2859914301375852, -5.637034940206619993 ) ) ;
#1051 = EDGE_CURVE ( 'NONE', #340, #1916, #64, .T. ) ;
#1052 = CARTESIAN_POINT ( 'NONE',  ( 50.51648164655740203, 114.2756599214226014, -5.637034940206619993 ) ) ;
#1053 = CARTESIAN_POINT ( 'NONE',  ( 51.93976927532419552, 113.3901437411436035, -11.63703494020661999 ) ) ;
#1054 = CARTESIAN_POINT ( 'NONE',  ( -115.8731206951981960, 140.9707427485300286, -11.63703494020661999 ) ) ;
#1055 = CARTESIAN_POINT ( 'NONE',  ( -100.9017544441575893, 118.7837337803544102, -11.63703494020661999 ) ) ;
#1056 = CARTESIAN_POINT ( 'NONE',  ( -92.65420555016930848, 112.9709544163488033, -5.637034940206619993 ) ) ;
#1057 = B_SPLINE_CURVE_WITH_KNOTS ( 'NONE', 3,
 ( #2259, #2015, #546, #101, #1805, #1599, #1640, #1390, #2687, #2674, #769, #757, #561, #1403, #1627, #1416, #350, #1203, #2492, #1359, #296, #1147, #2002, #2284, #362, #2521, #2123, #2738, #2533, #1215, #1459, #1884, #1270, #157, #797, #196, #1029, #183, #208, #2313, #2072, #2324, #2713, #402, #1256, #1912, #1045, #1900, #1244, #1005, #823, #390, #1861, #574, #1653, #415, #2084, #1688, #1678, #2299, #609, #1056, #2096, #2505, #587, #1443, #2760, #1470, #2108, #2750, #834, #1231, #1017, #378, #2544, #2726, #621, #1481, #170, #2337, #844, #599, #1699, #1874 ),
 .UNSPECIFIED., .F., .F.,
 ( 4, 2, 2, 2, 2, 2, 2, 2, 2, 2, 2, 2, 2, 2, 2, 2, 2, 2, 2, 2, 2, 2, 2, 2, 2, 2, 2, 2, 2, 2, 2, 2, 2, 2, 2, 2, 2, 2, 2, 2, 2, 4 ),
 ( 0.000000000000000000, 0.0002444840659104890340, 0.001269878901100040397, 0.003320668571477182127, 0.007422247912231163744, 0.01152382725298725652, 0.01562540659374139079, 0.02382856527525040874, 0.03203172395675957934, 0.04843804131977792055, 0.08125067604581429070, 0.1140633107718518752, 0.1468759454978884049, 0.1796885802239258367, 0.2125012149499623804, 0.2453138496759999510, 0.2781264844020364668, 0.3437517538541106088, 0.3765643885801481794, 0.4093770233061846953, 0.4421896580322222103, 0.4750022927582587262, 0.5078149274842963523, 0.5406275622103328127, 0.6062528316624068436, 0.6390654663884445252, 0.6718781011144808746, 0.7046907358405180011, 0.7375033705665550166, 0.7539096879295735798, 0.7703160052925923651, 0.8031286400186292695, 0.8359412747446661740, 0.8523475921076847373, 0.8687539094707031895, 0.8769570681522125266, 0.8851602268337218637, 0.9015665441967403160, 0.9179728615597586572, 0.9343791789227771094, 0.9671918136488142359, 1.000000000000000000 ),
 .UNSPECIFIED. ) ;
#1058 = CARTESIAN_POINT ( 'NONE',  ( -98.79053840781830331, 115.8809595711130100, -5.637034940206619993 ) ) ;
#1059 = CARTESIAN_POINT ( 'NONE',  ( -57.88848384373350342, 176.4668052349494758, -6.637034940206600453 ) ) ;
#1060 = DIRECTION ( 'NONE',  ( -0.000000000000000000, -0.000000000000000000, 1.000000000000000000 ) ) ;
#1061 = VERTEX_POINT ( 'NONE', #1847 ) ;
#1062 = DIRECTION ( 'NONE',  ( 0.000000000000000000, 0.000000000000000000, -1.000000000000000000 ) ) ;
#1063 = DIRECTION ( 'NONE',  ( -0.000000000000000000, -0.000000000000000000, 1.000000000000000000 ) ) ;
#1064 = CARTESIAN_POINT ( 'NONE',  ( -111.1219602115979939, 128.4507406235670146, -5.637034940206619993 ) ) ;
#1065 = CARTESIAN_POINT ( 'NONE',  ( 49.81494217073420572, 114.2224019407714053, -5.637034940206619993 ) ) ;
#1066 = CARTESIAN_POINT ( 'NONE',  ( -86.31520606708970433, 173.4272679806739745, -11.63703494020661999 ) ) ;
#1067 = DIRECTION ( 'NONE',  ( 0.000000000000000000, 0.000000000000000000, -1.000000000000000000 ) ) ;
#1068 = CARTESIAN_POINT ( 'NONE',  ( -115.6024628650819892, 145.4169030452671905, -11.63703494020661999 ) ) ;
#1069 = DIRECTION ( 'NONE',  ( 0.000000000000000000, 0.000000000000000000, 1.000000000000000000 ) ) ;
#1070 = EDGE_CURVE ( 'NONE', #1960, #1960, #994, .T. ) ;
#1071 = CARTESIAN_POINT ( 'NONE',  ( -101.6550027656153929, 117.4739876643195942, -5.637034940206619993 ) ) ;
#1072 = CARTESIAN_POINT ( 'NONE',  ( -56.99985694038660000, 176.4076502598324794, -6.637034940206600453 ) ) ;
#1073 = CARTESIAN_POINT ( 'NONE',  ( -107.2135073936750018, 161.6127100431344843, -6.637034940206600453 ) ) ;
#1074 = ORIENTED_EDGE ( 'NONE', *, *, #1590, .T. ) ;
#1075 = CARTESIAN_POINT ( 'NONE',  ( -80.13975572188499541, 173.7481484905244997, -5.637034940206619993 ) ) ;
#1076 = CARTESIAN_POINT ( 'NONE',  ( 45.59918909871879578, 168.8544030391964839, -5.637034940206619993 ) ) ;
#1077 = CARTESIAN_POINT ( 'NONE',  ( 25.99392449805660021, 117.4296532796703900, -5.637034940206619993 ) ) ;
#1078 = AXIS2_PLACEMENT_3D ( 'NONE', #2376, #675, #219 ) ;
#1079 = CARTESIAN_POINT ( 'NONE',  ( 52.70763654917690388, 114.4584407014166061, -5.637034940206619993 ) ) ;
#1080 = VECTOR ( 'NONE', #1342, 1000.000000000000000 ) ;
#1081 = CARTESIAN_POINT ( 'NONE',  ( -91.65571522852010844, 171.3619380534395020, -11.63703494020661999 ) ) ;
#1082 = DIRECTION ( 'NONE',  ( 1.000000000000000000, 0.000000000000000000, 0.000000000000000000 ) ) ;
#1083 = AXIS2_PLACEMENT_3D ( 'NONE', #113, #2734, #2093 ) ;
#1084 = CARTESIAN_POINT ( 'NONE',  ( 45.84392449654990287, 157.4296532817330103, -5.637034940206619993 ) ) ;
#1085 = DIRECTION ( 'NONE',  ( -0.000000000000000000, -0.000000000000000000, 1.000000000000000000 ) ) ;
#1086 = CARTESIAN_POINT ( 'NONE',  ( -80.14437251679309782, 109.1121711478809999, -5.637034940206619993 ) ) ;
#1087 = CARTESIAN_POINT ( 'NONE',  ( -61.58978783025809634, 176.6076277305314761, -6.637034940206600453 ) ) ;
#1088 = CARTESIAN_POINT ( 'NONE',  ( -113.4074470526783927, 151.9584699635890104, -6.637034940206600453 ) ) ;
#1089 = ORIENTED_EDGE ( 'NONE', *, *, #158, .T. ) ;
#1090 = CARTESIAN_POINT ( 'NONE',  ( -92.65254644801649420, 169.8890090299715041, -5.637034940206619993 ) ) ;
#1091 = CARTESIAN_POINT ( 'NONE',  ( 51.56832652909820069, 168.4970182781454753, -5.637034940206619993 ) ) ;
#1092 = ORIENTED_EDGE ( 'NONE', *, *, #955, .T. ) ;
#1093 = B_SPLINE_CURVE_WITH_KNOTS ( 'NONE', 2,
 ( #941, #2665, #2430, #1546, #522, #2038, #537, #1767, #66 ),
 .UNSPECIFIED., .F., .F.,
 ( 3, 2, 2, 2, 3 ),
 ( 0.000000000000000000, 0.2500000000000000000, 0.5000000000000000000, 0.7500000000000000000, 1.000000000000000000 ),
 .UNSPECIFIED. ) ;
#1094 = CARTESIAN_POINT ( 'NONE',  ( 23.84392449805660164, 165.4296532796705037, -11.63703494020661999 ) ) ;
#1095 = DIRECTION ( 'NONE',  ( 1.000000000000000000, 0.000000000000000000, 0.000000000000000000 ) ) ;
#1096 = CARTESIAN_POINT ( 'NONE',  ( -78.85573062672349920, 107.8251917946469973, -6.637034940206600453 ) ) ;
#1097 = DIRECTION ( 'NONE',  ( 0.000000000000000000, 0.000000000000000000, 1.000000000000000000 ) ) ;
#1098 = CARTESIAN_POINT ( 'NONE',  ( -99.28361452952461264, 114.9578987356254061, -11.63703494020661999 ) ) ;
#1099 = DIRECTION ( 'NONE',  ( 1.000000000000000000, 0.000000000000000000, 0.000000000000000000 ) ) ;
#1100 = CARTESIAN_POINT ( 'NONE',  ( -71.27806759464169772, 176.1715972218420063, -6.637034940206600453 ) ) ;
#1101 = CARTESIAN_POINT ( 'NONE',  ( -114.8664641409983886, 147.7410975811727951, -6.637034940206589795 ) ) ;
#1102 = ORIENTED_EDGE ( 'NONE', *, *, #580, .T. ) ;
#1103 = FACE_OUTER_BOUND ( 'NONE', #2520, .T. ) ;
#1104 = CARTESIAN_POINT ( 'NONE',  ( 50.34112500014979474, 168.5973896008090094, -5.637034940206619993 ) ) ;
#1105 = ORIENTED_EDGE ( 'NONE', *, *, #643, .F. ) ;
#1106 = EDGE_CURVE ( 'NONE', #86, #42, #1057, .T. ) ;
#1107 = VERTEX_POINT ( 'NONE', #896 ) ;
#1108 = CARTESIAN_POINT ( 'NONE',  ( -100.9017544441575893, 118.7837337803544102, -5.637034940206619993 ) ) ;
#1109 = CARTESIAN_POINT ( 'NONE',  ( 11.03493727688251980, 172.0453764671215140, -6.637034940206589795 ) ) ;
#1110 = CARTESIAN_POINT ( 'NONE',  ( -72.29844901704470317, 106.7993993047039964, -6.637034940206600453 ) ) ;
#1111 = DIRECTION ( 'NONE',  ( 0.000000000000000000, 0.000000000000000000, 1.000000000000000000 ) ) ;
#1112 = LINE ( 'NONE', #482, #1353 ) ;
#1113 = CARTESIAN_POINT ( 'NONE',  ( -86.31520606708970433, 173.4272679806739745, -11.63703494020661999 ) ) ;
#1114 = CARTESIAN_POINT ( 'NONE',  ( -96.30253823652360268, 169.3621615021010030, -6.637034940206600453 ) ) ;
#1115 = FACE_OUTER_BOUND ( 'NONE', #321, .T. ) ;
#1116 = ORIENTED_EDGE ( 'NONE', *, *, #2314, .F. ) ;
#1117 = B_SPLINE_SURFACE_WITH_KNOTS ( 'NONE', 1, 3, ( 
 ( #958, #2039, #1183, #1618, #123, #1838, #762, #942, #2653, #2446, #736, #1811, #1854, #523, #971, #555, #2707, #1381, #2235, #1634, #2472, #1410, #790, #2679, #314, #2021, #2486, #2666, #109, #2693, #2460, #538, #355, #2266, #1395, #344, #2249, #568, #331, #1197, #2052, #136, #1647, #983 ),
 ( #2499, #778, #1422, #2278, #2063, #581, #998, #1435, #2290, #369, #2007, #93, #803, #2549, #603, #2102, #1050, #1660, #1905, #421, #1064, #2078, #2346, #1893, #2330, #408, #1672, #828, #188, #214, #2755, #2, #1264, #1037, #2511, #384, #2744, #1868, #2307, #1276, #1489, #1919, #2129, #1502 ) ),
 .UNSPECIFIED., .F., .F., .F.,
 ( 2, 2 ),
 ( 4, 2, 2, 2, 2, 2, 2, 2, 2, 2, 2, 2, 2, 2, 2, 2, 2, 2, 2, 2, 2, 4 ),
 ( 0.000000000000000000, 1.000000000000000000 ),
 ( 0.000000000000000000, 0.003452737888473964966, 0.005179106832710950702, 0.006905475776947929932, 0.007337068013007179944, 0.007768660249066420415, 0.008631844721184920438, 0.009495029193303410053, 0.01035821366542190140, 0.01208458260965887890, 0.01381095155389585986, 0.01553732049813284950, 0.01640050497025135126, 0.01726368944236985128, 0.01812687391448835131, 0.01855846615054755275, 0.01899005838660679929, 0.01985324285872530278, 0.02071642733084379934, 0.02244279627508079938, 0.02416916521931774739, 0.02762190310779175095 ),
 .UNSPECIFIED. ) ;
#1118 = DIRECTION ( 'NONE',  ( 1.000000000000000000, 0.000000000000000000, 0.000000000000000000 ) ) ;
#1119 = CARTESIAN_POINT ( 'NONE',  ( -113.4803131445535911, 152.2703064600044911, -6.637034940206600453 ) ) ;
#1120 = ORIENTED_EDGE ( 'NONE', *, *, #203, .F. ) ;
#1121 = VERTEX_POINT ( 'NONE', #1725 ) ;
#1122 = EDGE_CURVE ( 'NONE', #1916, #295, #688, .T. ) ;
#1123 = CARTESIAN_POINT ( 'NONE',  ( 51.01677338803399664, 169.5464853353959995, -11.63703494020661999 ) ) ;
#1124 = DIRECTION ( 'NONE',  ( -0.000000000000000000, -0.000000000000000000, 1.000000000000000000 ) ) ;
#1125 = VECTOR ( 'NONE', #2308, 1000.000000000000000 ) ;
#1126 = CARTESIAN_POINT ( 'NONE',  ( -95.84094956240659258, 113.2809795227202017, -6.637034940206600453 ) ) ;
#1127 = CARTESIAN_POINT ( 'NONE',  ( 52.68057285449100391, 169.4063440268524801, -11.63703494020661999 ) ) ;
#1128 = DIRECTION ( 'NONE',  ( -0.000000000000000000, -0.000000000000000000, -1.000000000000000000 ) ) ;
#1129 = CIRCLE ( 'NONE', #2694, 2.149999999999999023 ) ;
#1130 = CARTESIAN_POINT ( 'NONE',  ( -58.21128422146389880, 107.3748709876980030, -5.637034940206619993 ) ) ;
#1131 = CARTESIAN_POINT ( 'NONE',  ( -97.33557333764400710, 168.8569431063434934, -6.637034940206589795 ) ) ;
#1132 = CARTESIAN_POINT ( 'NONE',  ( -107.6005777728710058, 159.6265426703359935, -5.637034940206619993 ) ) ;
#1133 = ORIENTED_EDGE ( 'NONE', *, *, #1106, .T. ) ;
#1134 = CARTESIAN_POINT ( 'NONE',  ( -90.30378085727019766, 170.8059446680135238, -5.637034940206619993 ) ) ;
#1135 = CARTESIAN_POINT ( 'NONE',  ( -101.8337588661501911, 165.2647681042879810, -5.637034940206619993 ) ) ;
#1136 = CARTESIAN_POINT ( 'NONE',  ( 25.99392449805660021, 165.4296532796705037, -11.63703494020661999 ) ) ;
#1137 = CARTESIAN_POINT ( 'NONE',  ( 51.00386370754749521, 169.5475437538764822, -11.63703494020661999 ) ) ;
#1138 = CARTESIAN_POINT ( 'NONE',  ( 53.00248534341159967, 113.4794431813445925, -11.63703494020661999 ) ) ;
#1139 = CARTESIAN_POINT ( 'NONE',  ( -84.32252695423690625, 109.0930160907762030, -6.637034940206600453 ) ) ;
#1140 = DIRECTION ( 'NONE',  ( 1.000000000000000000, 0.000000000000000000, 0.000000000000000000 ) ) ;
#1141 = CARTESIAN_POINT ( 'NONE',  ( 50.41843178587010499, 169.5943982875735117, -6.637034940206589795 ) ) ;
#1142 = CARTESIAN_POINT ( 'NONE',  ( -74.80440039826940790, 175.9300180348649860, -11.63703494020661999 ) ) ;
#1143 = EDGE_CURVE ( 'NONE', #2172, #2172, #1581, .T. ) ;
#1144 = CARTESIAN_POINT ( 'NONE',  ( -77.34348657340269995, 175.3170909779225042, -6.637034940206589795 ) ) ;
#1145 = DIRECTION ( 'NONE',  ( 0.000000000000000000, 0.000000000000000000, 1.000000000000000000 ) ) ;
#1146 = ORIENTED_EDGE ( 'NONE', *, *, #1519, .T. ) ;
#1147 = CARTESIAN_POINT ( 'NONE',  ( -61.61279377215149822, 107.2512973985640059, -5.637034940206619993 ) ) ;
#1148 = CARTESIAN_POINT ( 'NONE',  ( -101.8338089088788365, 165.2647288998498709, -5.637034940206619993 ) ) ;
#1149 = ORIENTED_EDGE ( 'NONE', *, *, #2204, .F. ) ;
#1150 = APPLICATION_PROTOCOL_DEFINITION ( 'draft international standard', 'automotive_design', 1998, #2746 ) ;
#1151 = CARTESIAN_POINT ( 'NONE',  ( -63.05086155274310045, 106.0331806330620026, -11.63703494020661999 ) ) ;
#1152 = CARTESIAN_POINT ( 'NONE',  ( 50.05680531071420347, 169.6227215758534896, -11.63703494020661999 ) ) ;
#1153 = CARTESIAN_POINT ( 'NONE',  ( -7.033267097547949653, 109.6550285745852023, -6.637034940206600453 ) ) ;
#1154 = CARTESIAN_POINT ( 'NONE',  ( -60.57736559835190349, 106.2722040359169995, -6.637034940206600453 ) ) ;
#1155 = CARTESIAN_POINT ( 'NONE',  ( 48.97805738788050434, 169.6945954101670111, -11.63703494020661999 ) ) ;
#1156 = CARTESIAN_POINT ( 'NONE',  ( 51.12510527422340090, 169.5376220299274905, -6.637034940206600453 ) ) ;
#1157 = CARTESIAN_POINT ( 'NONE',  ( -58.33714884043639870, 107.3676701370860087, -5.637034940206619993 ) ) ;
#1158 = CARTESIAN_POINT ( 'NONE',  ( -56.81719845034699290, 175.3926284732069973, -5.637034940206619993 ) ) ;
#1159 = CARTESIAN_POINT ( 'NONE',  ( -106.0807182613064015, 161.3692349964644848, -5.637034940206619993 ) ) ;
#1160 = ORIENTED_EDGE ( 'NONE', *, *, #1419, .T. ) ;
#1161 = EDGE_CURVE ( 'NONE', #2700, #1331, #59, .T. ) ;
#1162 = DIRECTION ( 'NONE',  ( -0.000000000000000000, -0.000000000000000000, 1.000000000000000000 ) ) ;
#1163 = CARTESIAN_POINT ( 'NONE',  ( -112.1431674366233864, 152.3610449388729933, -5.637034940206619993 ) ) ;
#1164 = ORIENTED_EDGE ( 'NONE', *, *, #490, .F. ) ;
#1165 = CYLINDRICAL_SURFACE ( 'NONE', #1305, 2.149999999999999023 ) ;
#1166 = DIRECTION ( 'NONE',  ( -0.9979493749073199416, 0.06400816449555030152, 0.000000000000000000 ) ) ;
#1167 = FACE_OUTER_BOUND ( 'NONE', #2618, .T. ) ;
#1168 = CARTESIAN_POINT ( 'NONE',  ( -57.19860038141960246, 106.4379359741432012, -6.637034940206589795 ) ) ;
#1169 = LINE ( 'NONE', #2461, #2382 ) ;
#1170 = CARTESIAN_POINT ( 'NONE',  ( 48.46298984849660485, 169.7232727349540369, -6.637034940206589795 ) ) ;
#1171 = CARTESIAN_POINT ( 'NONE',  ( -113.4818170989641999, 130.5913668324292018, -6.637034940206600453 ) ) ;
#1172 = CARTESIAN_POINT ( 'NONE',  ( -96.87687528108770607, 169.0831787457389908, -6.637034940206600453 ) ) ;
#1173 = CARTESIAN_POINT ( 'NONE',  ( -113.9011073448915994, 147.4795209896283836, -5.637034940206619993 ) ) ;
#1174 = VECTOR ( 'NONE', #1603, 1000.000000000000000 ) ;
#1175 = EDGE_LOOP ( 'NONE', ( #837 ) ) ;
#1176 = CARTESIAN_POINT ( 'NONE',  ( -57.94974928896740352, 175.4686833864945186, -5.637034940206619993 ) ) ;
#1177 = PRODUCT_DEFINITION ( 'General', '', #2512, #131 ) ;
#1178 = CYLINDRICAL_SURFACE ( 'NONE', #1753, 5.999996634296040021 ) ;
#1179 = ORIENTED_EDGE ( 'NONE', *, *, #2134, .T. ) ;
#1180 = CIRCLE ( 'NONE', #634, 2.149999999999999023 ) ;
#1181 = CARTESIAN_POINT ( 'NONE',  ( -68.98722773792179908, 106.4877362750125940, -6.637034940206600453 ) ) ;
#1182 = CARTESIAN_POINT ( 'NONE',  ( 51.09796546713280208, 169.5398059909030053, -11.63703494020661999 ) ) ;
#1183 = CARTESIAN_POINT ( 'NONE',  ( -115.6217057014173832, 138.5952009560996032, -6.637034940206600453 ) ) ;
#1184 = CARTESIAN_POINT ( 'NONE',  ( 49.82022140258700205, 169.6444301974914879, -11.63703494020661999 ) ) ;
#1185 = CARTESIAN_POINT ( 'NONE',  ( 52.90484919672210395, 168.3845169036785023, -5.637034940206619993 ) ) ;
#1186 = FACE_OUTER_BOUND ( 'NONE', #119, .T. ) ;
#1187 = CARTESIAN_POINT ( 'NONE',  ( -74.17694494050189746, 174.8072104998200018, -5.637034940206619993 ) ) ;
#1188 = CARTESIAN_POINT ( 'NONE',  ( -113.2147028816079910, 149.6807405269073854, -5.637034940206619993 ) ) ;
#1189 = ORIENTED_EDGE ( 'NONE', *, *, #1536, .T. ) ;
#1190 = CARTESIAN_POINT ( 'NONE',  ( -63.62317028090980386, 175.6101901692070157, -5.637034940206619993 ) ) ;
#1191 = CARTESIAN_POINT ( 'NONE',  ( -113.4896433583711968, 148.8591738878865840, -5.637034940206619993 ) ) ;
#1192 = ORIENTED_EDGE ( 'NONE', *, *, #1247, .F. ) ;
#1193 = CARTESIAN_POINT ( 'NONE',  ( -66.70090926949605148, 176.5169421019983815, -6.637034914025951693 ) ) ;
#1194 = DIRECTION ( 'NONE',  ( -0.000000000000000000, -0.000000000000000000, 1.000000000000000000 ) ) ;
#1195 = EDGE_CURVE ( 'NONE', #1630, #295, #1758, .T. ) ;
#1196 = B_SPLINE_CURVE_WITH_KNOTS ( 'NONE', 3,
 ( #1500, #2357, #1542, #2142 ),
 .UNSPECIFIED., .F., .F.,
 ( 4, 4 ),
 ( 0.000000000000000000, 1.000000000000000000 ),
 .UNSPECIFIED. ) ;
#1197 = CARTESIAN_POINT ( 'NONE',  ( -105.9896584314810042, 119.9467819058519922, -6.637034940206600453 ) ) ;
#1198 = CARTESIAN_POINT ( 'NONE',  ( -7.097275510865119763, 110.6529779335329948, -5.637034940206619993 ) ) ;
#1199 = CARTESIAN_POINT ( 'NONE',  ( 46.17107276432260221, 169.8296137196954874, -6.637034940206589795 ) ) ;
#1200 = CARTESIAN_POINT ( 'NONE',  ( -112.1425525238014131, 130.4969683609057824, -5.637034940206619993 ) ) ;
#1201 = CARTESIAN_POINT ( 'NONE',  ( -60.59502092156629516, 175.5870115583474842, -5.637034940206619993 ) ) ;
#1202 = ORIENTED_EDGE ( 'NONE', *, *, #1644, .T. ) ;
#1203 = CARTESIAN_POINT ( 'NONE',  ( -59.09251719395599878, 107.3285089078369907, -5.637034940206619993 ) ) ;
#1204 = CARTESIAN_POINT ( 'NONE',  ( 52.03628991287579453, -30.98292557773240219, -11.63703494020661999 ) ) ;
#1205 = ORIENTED_EDGE ( 'NONE', *, *, #2701, .F. ) ;
#1206 = CARTESIAN_POINT ( 'NONE',  ( -68.22954969755842569, 176.4277483432124427, -6.637034914025951693 ) ) ;
#1207 = FACE_BOUND ( 'NONE', #893, .T. ) ;
#1208 = DIRECTION ( 'NONE',  ( -0.000000000000000000, -0.000000000000000000, 1.000000000000000000 ) ) ;
#1209 = EDGE_CURVE ( 'NONE', #2368, #1061, #2331, .T. ) ;
#1210 = CARTESIAN_POINT ( 'NONE',  ( 53.05257375422579713, 113.4835634727603946, -6.637034940206589795 ) ) ;
#1211 = CARTESIAN_POINT ( 'NONE',  ( 46.12636450624800233, 168.8306135924370039, -5.637034940206619993 ) ) ;
#1212 = CARTESIAN_POINT ( 'NONE',  ( -114.7873443180027948, 139.8908622609984036, -5.637034940206619993 ) ) ;
#1213 = CARTESIAN_POINT ( 'NONE',  ( -58.20150738755509678, 175.4837983503614964, -5.637034940206619993 ) ) ;
#1214 = EDGE_LOOP ( 'NONE', ( #826 ) ) ;
#1215 = CARTESIAN_POINT ( 'NONE',  ( -67.66656029619390722, 107.3973404997889958, -5.637034940206619993 ) ) ;
#1216 = CIRCLE ( 'NONE', #629, 2.149999999999999023 ) ;
#1217 = CARTESIAN_POINT ( 'NONE',  ( 46.96194707569709692, 113.0647701778651992, -6.637034940206600453 ) ) ;
#1218 = ORIENTED_EDGE ( 'NONE', *, *, #2761, .T. ) ;
#1219 = AXIS2_PLACEMENT_3D ( 'NONE', #175, #149, #1451 ) ;
#1220 = CARTESIAN_POINT ( 'NONE',  ( -60.05737256867849538, 176.5712402526204983, -6.637034940206600453 ) ) ;
#1221 = CARTESIAN_POINT ( 'NONE',  ( -79.85162518580530389, 174.8318205529548663, -6.637034914025962351 ) ) ;
#1222 = AXIS2_PLACEMENT_3D ( 'NONE', #1577, #1124, #2610 ) ;
#1223 = DIRECTION ( 'NONE',  ( 1.000000000000000000, 0.000000000000000000, 0.000000000000000000 ) ) ;
#1224 = CARTESIAN_POINT ( 'NONE',  ( 52.90350800749030213, 168.7139795563354880, -5.965272142028260838 ) ) ;
#1225 = CARTESIAN_POINT ( 'NONE',  ( 49.35424770868859667, 113.1880880410806043, -6.637034940206600453 ) ) ;
#1226 = CARTESIAN_POINT ( 'NONE',  ( 47.88361231682819863, 168.7511949737329928, -5.637034940206619993 ) ) ;
#1227 = EDGE_CURVE ( 'NONE', #1107, #1107, #2297, .T. ) ;
#1228 = CARTESIAN_POINT ( 'NONE',  ( -113.4852656609219963, 133.9896325073894161, -5.637034940206619993 ) ) ;
#1229 = CARTESIAN_POINT ( 'NONE',  ( -57.94974928896740352, 175.4686833864945186, -5.637034940206619993 ) ) ;
#1230 = ORIENTED_EDGE ( 'NONE', *, *, #658, .F. ) ;
#1231 = CARTESIAN_POINT ( 'NONE',  ( -96.77758832708559567, 114.8417187399983845, -5.637034940206619993 ) ) ;
#1232 = EDGE_CURVE ( 'NONE', #1752, #1752, #2111, .T. ) ;
#1233 = CARTESIAN_POINT ( 'NONE',  ( 52.35706617424881415, 114.4290167157667213, -5.637034942633468937 ) ) ;
#1234 = EDGE_LOOP ( 'NONE', ( #576 ) ) ;
#1235 = CARTESIAN_POINT ( 'NONE',  ( -57.31475595773780185, 176.4294272302559818, -6.637034940206589795 ) ) ;
#1236 = CYLINDRICAL_SURFACE ( 'NONE', #1975, 2.149999999999999023 ) ;
#1237 = FACE_BOUND ( 'NONE', #1019, .T. ) ;
#1238 = DIRECTION ( 'NONE',  ( -0.000000000000000000, -0.000000000000000000, 1.000000000000000000 ) ) ;
#1239 = CARTESIAN_POINT ( 'NONE',  ( 46.60999546403069616, 113.0492236458050002, -6.637034940206600453 ) ) ;
#1240 = CARTESIAN_POINT ( 'NONE',  ( 47.18075342606379508, 168.7838698526310282, -5.637034940206619993 ) ) ;
#1241 = CARTESIAN_POINT ( 'NONE',  ( -74.80440039826940790, 175.9300180348649860, -11.63703494020661999 ) ) ;
#1242 = CARTESIAN_POINT ( 'NONE',  ( -69.16750503510080250, 175.3559705592160185, -5.637034940206619993 ) ) ;
#1243 = ORIENTED_EDGE ( 'NONE', *, *, #1122, .T. ) ;
#1244 = CARTESIAN_POINT ( 'NONE',  ( -84.06132182703120748, 110.0583925798491975, -5.637034940206619993 ) ) ;
#1245 = CARTESIAN_POINT ( 'NONE',  ( -66.65962403459229790, 107.3415664566743999, -5.637034940206619993 ) ) ;
#1246 = PLANE ( 'NONE',  #194 ) ;
#1247 = EDGE_CURVE ( 'NONE', #2454, #2426, #2384, .T. ) ;
#1248 = ORIENTED_EDGE ( 'NONE', *, *, #122, .T. ) ;
#1249 = DIRECTION ( 'NONE',  ( 0.000000000000000000, 0.000000000000000000, 1.000000000000000000 ) ) ;
#1250 = DIRECTION ( 'NONE',  ( 0.000000000000000000, 0.000000000000000000, -1.000000000000000000 ) ) ;
#1251 = CARTESIAN_POINT ( 'NONE',  ( 52.96522334551860212, 113.4763741229709950, -6.637034940206600453 ) ) ;
#1252 = CARTESIAN_POINT ( 'NONE',  ( 51.04246188405340234, 168.5410426111629931, -5.637034940206619993 ) ) ;
#1253 = CARTESIAN_POINT ( 'NONE',  ( 50.65560229804609804, 113.2835979896624110, -11.63703494020661999 ) ) ;
#1254 = CARTESIAN_POINT ( 'NONE',  ( -109.8906997187315966, 141.4296532756430054, -5.637034940206619993 ) ) ;
#1255 = ORIENTED_EDGE ( 'NONE', *, *, #356, .T. ) ;
#1256 = CARTESIAN_POINT ( 'NONE',  ( -80.14437251679309782, 109.1121711478809999, -5.637034940206619993 ) ) ;
#1257 = CARTESIAN_POINT ( 'NONE',  ( -97.22769310284039079, 115.0667320812832060, -5.637034940206619993 ) ) ;
#1258 = CARTESIAN_POINT ( 'NONE',  ( 51.99676301660799993, 113.3949766844576033, -11.63703494020661999 ) ) ;
#1259 = VERTEX_POINT ( 'NONE', #887 ) ;
#1260 = PRODUCT_RELATED_PRODUCT_CATEGORY ( 'part', '', ( #2190 ) ) ;
#1261 = CONICAL_SURFACE ( 'NONE', #8, 144.1305048123483914, 0.7853981633974617127 ) ;
#1262 = CARTESIAN_POINT ( 'NONE',  ( -99.93481493668855364, 167.4978500419875331, -6.637034914025962351 ) ) ;
#1263 = AXIS2_PLACEMENT_3D ( 'NONE', #563, #714, #2425 ) ;
#1264 = CARTESIAN_POINT ( 'NONE',  ( -108.0384414109954037, 123.7809255214926054, -5.637034940206619993 ) ) ;
#1265 = CIRCLE ( 'NONE', #2432, 4.999996634296052456 ) ;
#1266 = CARTESIAN_POINT ( 'NONE',  ( 49.28856101011309931, 114.1859317256486008, -5.637034940206619993 ) ) ;
#1267 = CARTESIAN_POINT ( 'NONE',  ( 51.31894765437149886, 113.3377968622074121, -11.63703494020661999 ) ) ;
#1268 = CARTESIAN_POINT ( 'NONE',  ( -109.8906997187315966, 141.4296532756430054, -6.637034940206600453 ) ) ;
#1269 = CARTESIAN_POINT ( 'NONE',  ( -113.4803131445535911, 152.2703064600044911, -11.63703494020661999 ) ) ;
#1270 = CARTESIAN_POINT ( 'NONE',  ( -69.67685779178970051, 107.5454381860708111, -5.637034940206619993 ) ) ;
#1271 = CARTESIAN_POINT ( 'NONE',  ( -91.71913346800779721, 112.5952133086459952, -5.637034940206619993 ) ) ;
#1272 = CARTESIAN_POINT ( 'NONE',  ( -105.9946783462040116, 162.9075460145494958, -6.637034940206600453 ) ) ;
#1273 = ORIENTED_EDGE ( 'NONE', *, *, #2068, .T. ) ;
#1274 = B_SPLINE_SURFACE_WITH_KNOTS ( 'NONE', 2, 1, ( 
 ( #1504, #2540 ),
 ( #387, #424 ),
 ( #617, #180 ),
 ( #1241, #820 ),
 ( #1455, #1881 ),
 ( #1066, #2361 ),
 ( #1081, #1907 ),
 ( #1025, #1663 ),
 ( #2551, #2321 ),
 ( #2517, #437 ),
 ( #1279, #2348 ) ),
 .UNSPECIFIED., .F., .F., .F.,
 ( 3, 2, 2, 2, 2, 3 ),
 ( 2, 2 ),
 ( 0.000000000000000000, 0.2500000000000000000, 0.5000000000000000000, 0.7500000000000000000, 0.8750000000000000000, 1.000000000000000000 ),
 ( 0.000000000000000000, 1.000000000000000000 ),
 .UNSPECIFIED. ) ;
#1275 = CARTESIAN_POINT ( 'NONE',  ( -91.60742908980618893, 171.3811081486434489, -6.637034914025951693 ) ) ;
#1276 = CARTESIAN_POINT ( 'NONE',  ( -105.2795564339955945, 120.6510598511542014, -5.637034940206619993 ) ) ;
#1277 = EDGE_CURVE ( 'NONE', #671, #671, #370, .T. ) ;
#1278 = CARTESIAN_POINT ( 'NONE',  ( 46.12636461746210159, 114.0286924617790021, -5.637034940206619993 ) ) ;
#1279 = CARTESIAN_POINT ( 'NONE',  ( -102.1536018276615891, 166.2521517098029733, -11.63703494020661999 ) ) ;
#1280 = CARTESIAN_POINT ( 'NONE',  ( -99.45576472090790787, 166.6200449825740009, -5.637034940206619993 ) ) ;
#1281 = CARTESIAN_POINT ( 'NONE',  ( 46.97717692031699954, 141.4296532814580019, -11.63703494020661999 ) ) ;
#1282 = CARTESIAN_POINT ( 'NONE',  ( -91.70407725598721527, 111.5160981793495978, -11.63703494020661999 ) ) ;
#1283 = CARTESIAN_POINT ( 'NONE',  ( -56.75830866851450196, 106.4683875239313977, -6.637034940206600453 ) ) ;
#1284 = CARTESIAN_POINT ( 'NONE',  ( -59.03644530657869893, 176.5291405954184825, -6.637034940206600453 ) ) ;
#1285 = CARTESIAN_POINT ( 'NONE',  ( -112.2768224420344012, 154.3677330406744943, -6.637034940206589795 ) ) ;
#1286 = EDGE_LOOP ( 'NONE', ( #1804, #75, #489, #640 ) ) ;
#1287 = DIRECTION ( 'NONE',  ( -0.000000000000000000, -0.000000000000000000, 1.000000000000000000 ) ) ;
#1288 = CARTESIAN_POINT ( 'NONE',  ( 46.97717692031699954, 141.4296532814580019, -5.637034940206619993 ) ) ;
#1289 = CARTESIAN_POINT ( 'NONE',  ( 47.99392449654990145, 157.4296532817330103, -11.63703494020661999 ) ) ;
#1290 = B_SPLINE_CURVE_WITH_KNOTS ( 'NONE', 3,
 ( #1691, #825, #1680, #1875, #1641, #1667, #1233, #2493, #351, #992, #199, #2506, #2326, #2523, #1006, #600, #1429, #623, #2315, #588, #392, #2098, #1031, #404, #1887, #2535, #612, #2112, #2546, #1483, #1955, #2180, #460, #1510, #1761, #2354, #2367, #696, #2139, #666, #2126, #2601, #265, #681 ),
 .UNSPECIFIED., .F., .F.,
 ( 4, 2, 2, 2, 2, 2, 2, 2, 2, 2, 2, 2, 2, 2, 2, 2, 2, 2, 2, 2, 2, 4 ),
 ( 0.000000000000000000, 0.007488643241149179307, 0.04057235513311122782, 0.07365606702507328241, 0.1398234908089961703, 0.2059909145929203766, 0.2721583383768432784, 0.3383257621607662080, 0.4044931859446903033, 0.4706606097286130663, 0.5037443216205745866, 0.5368280335125366065, 0.5699117454044980713, 0.6029954572964602022, 0.6691628810803831318, 0.7353303048643066164, 0.7518721608102876264, 0.7684140167562680812, 0.8014977286482301011, 0.8676651524321532527, 0.9338325762160765153, 1.000000000000000000 ),
 .UNSPECIFIED. ) ;
#1291 = CARTESIAN_POINT ( 'NONE',  ( 48.49846375039449953, 114.1392973458147964, -5.637034940206619993 ) ) ;
#1292 = CARTESIAN_POINT ( 'NONE',  ( 45.52017986410379535, 113.0004087045821990, -11.63703494020661999 ) ) ;
#1293 = ADVANCED_FACE ( 'NONE', ( #693, #2598 ), #676, .F. ) ;
#1294 = CARTESIAN_POINT ( 'NONE',  ( -68.91009507525920696, 172.3654371755034731, -1.637034940206620215 ) ) ;
#1295 = CARTESIAN_POINT ( 'NONE',  ( -115.8731207112464006, 141.8885635935509981, -11.63703494020661999 ) ) ;
#1296 = CARTESIAN_POINT ( 'NONE',  ( 42.81160654540840227, 112.8520758448431991, -11.63703494020661999 ) ) ;
#1297 = CARTESIAN_POINT ( 'NONE',  ( -69.17472221576440461, 107.5039276785433913, -5.637034940206619993 ) ) ;
#1298 = CARTESIAN_POINT ( 'NONE',  ( -105.5744865505916010, 163.3246478167459941, -6.637034940206600453 ) ) ;
#1299 = EDGE_LOOP ( 'NONE', ( #2494 ) ) ;
#1300 = CARTESIAN_POINT ( 'NONE',  ( -81.12380169741990699, 173.5291422907354786, -5.637034940206619993 ) ) ;
#1301 = CARTESIAN_POINT ( 'NONE',  ( 47.35647755819140059, 168.7759107867520072, -5.637034940206619993 ) ) ;
#1302 = CARTESIAN_POINT ( 'NONE',  ( -66.76009507525920128, 172.3654371755034731, -5.637034940206619993 ) ) ;
#1303 = AXIS2_PLACEMENT_3D ( 'NONE', #2609, #1380, #1166 ) ;
#1304 = CARTESIAN_POINT ( 'NONE',  ( 45.77491258902990268, 114.0128707984754044, -5.637034940206619993 ) ) ;
#1305 = AXIS2_PLACEMENT_3D ( 'NONE', #134, #2677, #536 ) ;
#1306 = DIRECTION ( 'NONE',  ( 0.9979493589479473403, 0.06400841331716571048, 0.000000000000000000 ) ) ;
#1307 = CARTESIAN_POINT ( 'NONE',  ( -74.32170451472640593, 107.0625968146538156, -6.637034940206600453 ) ) ;
#1308 = AXIS2_PLACEMENT_3D ( 'NONE', #690, #479, #1334 ) ;
#1309 = CARTESIAN_POINT ( 'NONE',  ( 44.89634979003764670, 168.8874644325389909, -5.637034940206619993 ) ) ;
#1310 = CARTESIAN_POINT ( 'NONE',  ( -57.31210481357629760, 176.0951163201864915, -6.303701582199810360 ) ) ;
#1311 = CARTESIAN_POINT ( 'NONE',  ( -101.8342091832924012, 117.5948914020230092, -5.637034940206619993 ) ) ;
#1312 = CARTESIAN_POINT ( 'NONE',  ( -68.22954969932338543, 176.4277483693340116, -6.637034940206589795 ) ) ;
#1313 = CARTESIAN_POINT ( 'NONE',  ( -100.9017544441575893, 118.7837337803544102, -6.637034940206600453 ) ) ;
#1314 = ORIENTED_EDGE ( 'NONE', *, *, #420, .T. ) ;
#1315 = EDGE_CURVE ( 'NONE', #284, #1611, #326, .T. ) ;
#1316 = DIRECTION ( 'NONE',  ( -0.000000000000000000, -0.000000000000000000, 1.000000000000000000 ) ) ;
#1317 = CARTESIAN_POINT ( 'NONE',  ( -57.28995700384550105, 176.4277140708380216, -11.63703494020661999 ) ) ;
#1318 = VERTEX_POINT ( 'NONE', #657 ) ;
#1319 = CARTESIAN_POINT ( 'NONE',  ( 48.23497824986259985, 114.1255916476024055, -5.637034940206619993 ) ) ;
#1320 = DIRECTION ( 'NONE',  ( -0.000000000000000000, -0.000000000000000000, 1.000000000000000000 ) ) ;
#1321 = CARTESIAN_POINT ( 'NONE',  ( -64.66633084174711144, 106.2675500552198002, -6.637034940206589795 ) ) ;
#1322 = FACE_OUTER_BOUND ( 'NONE', #1498, .T. ) ;
#1323 = DIRECTION ( 'NONE',  ( -0.000000000000000000, -0.000000000000000000, 1.000000000000000000 ) ) ;
#1324 = CARTESIAN_POINT ( 'NONE',  ( -68.93033616163320687, 176.3759266578710196, -11.63703494020661999 ) ) ;
#1325 = CARTESIAN_POINT ( 'NONE',  ( -89.20240515394769432, 172.2614570535104974, -6.637034940206589795 ) ) ;
#1326 = CARTESIAN_POINT ( 'NONE',  ( -115.1555903217758043, 146.5909484028682073, -6.637034940206600453 ) ) ;
#1327 = EDGE_LOOP ( 'NONE', ( #2328 ) ) ;
#1328 = CARTESIAN_POINT ( 'NONE',  ( -57.29993545071400263, 106.4309274163677941, -11.63703494020661999 ) ) ;
#1329 = EDGE_CURVE ( 'NONE', #1332, #1332, #503, .T. ) ;
#1330 = CARTESIAN_POINT ( 'NONE',  ( 48.23497789735650088, 168.7337126823435085, -5.637034940206619993 ) ) ;
#1331 = VERTEX_POINT ( 'NONE', #262 ) ;
#1332 = VERTEX_POINT ( 'NONE', #869 ) ;
#1333 = CARTESIAN_POINT ( 'NONE',  ( 48.73933458175590516, 169.7088176924125094, -11.63703494020661999 ) ) ;
#1334 = DIRECTION ( 'NONE',  ( -1.000000000000000000, 0.000000000000000000, 0.000000000000000000 ) ) ;
#1335 = CARTESIAN_POINT ( 'NONE',  ( -79.85642208017338817, 108.0284981337789816, -6.637034940206589795 ) ) ;
#1336 = CARTESIAN_POINT ( 'NONE',  ( 44.94555193335574472, 169.8862532736474975, -6.637034940206600453 ) ) ;
#1337 = CARTESIAN_POINT ( 'NONE',  ( 52.68051684310189842, 113.4529579320335984, -6.637034940206600453 ) ) ;
#1338 = CARTESIAN_POINT ( 'NONE',  ( -60.10015499928600491, 107.2870394275884109, -5.637034940206619993 ) ) ;
#1339 = CARTESIAN_POINT ( 'NONE',  ( -99.26197100994360767, 167.8602208138634921, -6.637034940206589795 ) ) ;
#1340 = CARTESIAN_POINT ( 'NONE',  ( -113.1179667965956099, 149.9534047207289973, -5.637034940206619993 ) ) ;
#1341 = ORIENTED_EDGE ( 'NONE', *, *, #456, .T. ) ;
#1342 = DIRECTION ( 'NONE',  ( 0.000000000000000000, 0.000000000000000000, 1.000000000000000000 ) ) ;
#1343 = CARTESIAN_POINT ( 'NONE',  ( 52.61999171137740205, 168.4081952095685040, -5.637034940206619993 ) ) ;
#1344 = EDGE_LOOP ( 'NONE', ( #1314 ) ) ;
#1345 = CARTESIAN_POINT ( 'NONE',  ( 47.99392449805659311, 125.4296532817331951, -11.63703494020661999 ) ) ;
#1346 = CARTESIAN_POINT ( 'NONE',  ( 49.49354497292959820, 169.6619829985125136, -11.63703494020661999 ) ) ;
#1347 = EDGE_CURVE ( 'NONE', #1259, #811, #1112, .T. ) ;
#1348 = FACE_OUTER_BOUND ( 'NONE', #1524, .T. ) ;
#1349 = CIRCLE ( 'NONE', #1078, 2.510899749864583974 ) ;
#1350 = CARTESIAN_POINT ( 'NONE',  ( -57.96209302997369406, 106.3879666642045976, -6.637034940206600453 ) ) ;
#1351 = CARTESIAN_POINT ( 'NONE',  ( -105.2865117167024067, 119.0291582435615965, -11.63703494020661999 ) ) ;
#1352 = CARTESIAN_POINT ( 'NONE',  ( 51.65228324357800460, 169.4934877429024880, -6.637034940206600453 ) ) ;
#1353 = VECTOR ( 'NONE', #1982, 1000.000000000000000 ) ;
#1354 = CARTESIAN_POINT ( 'NONE',  ( -102.1536018092126028, 166.2521516777260047, -11.63703494020661999 ) ) ;
#1355 = CARTESIAN_POINT ( 'NONE',  ( -94.44459931104471195, 170.2127742764615164, -6.637034940206600453 ) ) ;
#1356 = CIRCLE ( 'NONE', #16, 2.149999999999999023 ) ;
#1357 = FILL_AREA_STYLE ('',( #725 ) ) ;
#1358 = ORIENTED_EDGE ( 'NONE', *, *, #2359, .T. ) ;
#1359 = CARTESIAN_POINT ( 'NONE',  ( -60.10015499928600491, 107.2870394275884109, -5.637034940206619993 ) ) ;
#1360 = B_SPLINE_CURVE_WITH_KNOTS ( 'NONE', 2,
 ( #2146, #2552, #1043, #1492, #2106, #451, #2133, #2748, #2334, #821, #1686 ),
 .UNSPECIFIED., .F., .F.,
 ( 3, 2, 2, 2, 2, 3 ),
 ( 0.000000000000000000, 0.1250000000000000000, 0.2500000000000000000, 0.5000000000000000000, 0.7500000000000000000, 1.000000000000000000 ),
 .UNSPECIFIED. ) ;
#1361 = CARTESIAN_POINT ( 'NONE',  ( -112.4862964509350149, 151.5691591242099889, -5.637034940206619993 ) ) ;
#1362 = EDGE_LOOP ( 'NONE', ( #1407 ) ) ;
#1363 = B_SPLINE_CURVE_WITH_KNOTS ( 'NONE', 2,
 ( #89, #937, #1792, #730, #1587, #2442, #519, #1376, #1472 ),
 .UNSPECIFIED., .F., .F.,
 ( 3, 2, 2, 2, 3 ),
 ( 0.000000000000000000, 0.2500000000000000000, 0.5000000000000000000, 0.7500000000000000000, 1.000000000000000000 ),
 .UNSPECIFIED. ) ;
#1364 = CARTESIAN_POINT ( 'NONE',  ( -97.01579185796271076, 113.8442987408983953, -6.637034940206600453 ) ) ;
#1365 = CARTESIAN_POINT ( 'NONE',  ( 52.05172962910140200, 169.4596691796944867, -11.63703494020661999 ) ) ;
#1366 = PLANE ( 'NONE',  #819 ) ;
#1367 = CARTESIAN_POINT ( 'NONE',  ( -57.70711886270119351, 106.4038222275443957, -6.637034940206589795 ) ) ;
#1368 = EDGE_CURVE ( 'NONE', #1642, #822, #917, .T. ) ;
#1369 = CARTESIAN_POINT ( 'NONE',  ( 53.00248531723549661, 169.3798633872144990, -11.63703494020661999 ) ) ;
#1370 = CARTESIAN_POINT ( 'NONE',  ( 52.83911007830749895, 168.3899478238994902, -5.637034940206629763 ) ) ;
#1371 = CARTESIAN_POINT ( 'NONE',  ( -91.65571522852010844, 171.3619380534395020, -11.63703494020661999 ) ) ;
#1372 = CARTESIAN_POINT ( 'NONE',  ( -102.1536018276615891, 166.2521517098029733, -6.637034940206600453 ) ) ;
#1373 = CARTESIAN_POINT ( 'NONE',  ( -107.3232695735970026, 159.9603436731890156, -5.637034940206619993 ) ) ;
#1374 = ORIENTED_EDGE ( 'NONE', *, *, #1997, .F. ) ;
#1375 = CARTESIAN_POINT ( 'NONE',  ( -58.70514211011840189, 175.5113864491295033, -5.637034940206619993 ) ) ;
#1376 = CARTESIAN_POINT ( 'NONE',  ( -105.2865117167024067, 119.0291582435615965, -11.63703494020661999 ) ) ;
#1377 = VERTEX_POINT ( 'NONE', #2364 ) ;
#1378 = DIRECTION ( 'NONE',  ( 1.000000000000000000, 0.000000000000000000, 0.000000000000000000 ) ) ;
#1379 = CARTESIAN_POINT ( 'NONE',  ( -57.56971978093408637, 176.4465797656628467, -6.637034914025951693 ) ) ;
#1380 = DIRECTION ( 'NONE',  ( -0.06400816449555030152, -0.9979493749073199416, -0.000000000000000000 ) ) ;
#1381 = CARTESIAN_POINT ( 'NONE',  ( -113.0529325366005935, 130.0828050420975899, -6.637034940206600453 ) ) ;
#1382 = CARTESIAN_POINT ( 'NONE',  ( -57.51584754401590516, 106.4162744634091951, -6.637034940206600453 ) ) ;
#1383 = CARTESIAN_POINT ( 'NONE',  ( -105.2865117167024067, 119.0291582435615965, -6.637034940206600453 ) ) ;
#1384 = CARTESIAN_POINT ( 'NONE',  ( 52.70342292919150395, 169.4047087638830078, -6.637034940206589795 ) ) ;
#1385 = EDGE_CURVE ( 'NONE', #2454, #2423, #441, .T. ) ;
#1386 = CARTESIAN_POINT ( 'NONE',  ( -107.5875233074716135, 123.2167839640126061, -5.637034940206619993 ) ) ;
#1387 = CARTESIAN_POINT ( 'NONE',  ( -57.25759533099969900, 175.4230870662715063, -5.637034940206619993 ) ) ;
#1388 = CARTESIAN_POINT ( 'NONE',  ( -101.6150796174640050, 165.4360856415705143, -5.637034940206619993 ) ) ;
#1389 = EDGE_LOOP ( 'NONE', ( #2048 ) ) ;
#1390 = CARTESIAN_POINT ( 'NONE',  ( -57.58210415928230219, 107.4140772283287930, -5.637034940206619993 ) ) ;
#1391 = CARTESIAN_POINT ( 'NONE',  ( -111.1212142550668034, 154.4098795105360011, -5.637034940206619993 ) ) ;
#1392 = EDGE_LOOP ( 'NONE', ( #2274, #993, #2018, #516 ) ) ;
#1393 = CARTESIAN_POINT ( 'NONE',  ( -57.41038898594089090, 176.4359563534778772, -6.637034914025962351 ) ) ;
#1394 = FACE_BOUND ( 'NONE', #1734, .T. ) ;
#1395 = CARTESIAN_POINT ( 'NONE',  ( -108.3615064006613977, 122.5835264282356007, -6.637034940206589795 ) ) ;
#1396 = CARTESIAN_POINT ( 'NONE',  ( -115.6027208597996037, 137.4457667225659918, -6.637034940206600453 ) ) ;
#1397 = CARTESIAN_POINT ( 'NONE',  ( 53.32120913887960256, 168.3502673661679694, -5.637034940206619993 ) ) ;
#1398 = AXIS2_PLACEMENT_3D ( 'NONE', #1837, #2719, #2485 ) ;
#1399 = CARTESIAN_POINT ( 'NONE',  ( -107.0319010344530000, 122.5541728283578067, -5.637034940206619993 ) ) ;
#1400 = CARTESIAN_POINT ( 'NONE',  ( -58.57921950271850164, 175.5047998399190021, -5.637034940206619993 ) ) ;
#1401 = CARTESIAN_POINT ( 'NONE',  ( -101.7609658687082117, 165.3217955411760158, -5.637034940206619993 ) ) ;
#1402 = ORIENTED_EDGE ( 'NONE', *, *, #1573, .F. ) ;
#1403 = CARTESIAN_POINT ( 'NONE',  ( -58.21128422146389880, 107.3748709876980030, -5.637034940206619993 ) ) ;
#1404 = AXIS2_PLACEMENT_3D ( 'NONE', #2182, #240, #2576 ) ;
#1405 = CARTESIAN_POINT ( 'NONE',  ( -107.2300293452135946, 160.0712052848070073, -5.637034940206619993 ) ) ;
#1406 = ADVANCED_FACE ( 'NONE', ( #1799 ), #2371, .F. ) ;
#1407 = ORIENTED_EDGE ( 'NONE', *, *, #1436, .F. ) ;
#1408 = CARTESIAN_POINT ( 'NONE',  ( -97.01579185796271076, 113.8442987408983953, -11.63703494020661999 ) ) ;
#1409 = CARTESIAN_POINT ( 'NONE',  ( 0.000000000000000000, 0.000000000000000000, -11.63703494020661999 ) ) ;
#1410 = CARTESIAN_POINT ( 'NONE',  ( -111.4195019628797922, 126.9477380560090012, -6.637034940206600453 ) ) ;
#1411 = CARTESIAN_POINT ( 'NONE',  ( 48.19721860660359880, 113.1224160115639989, -6.637034940206600453 ) ) ;
#1412 = CARTESIAN_POINT ( 'NONE',  ( 52.89985121780169663, 169.3883419298444721, -6.637034940206589795 ) ) ;
#1413 = CARTESIAN_POINT ( 'NONE',  ( -108.3042889561932043, 124.1241300419369935, -5.637034940206619993 ) ) ;
#1414 = CARTESIAN_POINT ( 'NONE',  ( -91.01198670563701398, 170.5384918325515002, -5.637034940206619993 ) ) ;
#1415 = ORIENTED_EDGE ( 'NONE', *, *, #1020, .T. ) ;
#1416 = CARTESIAN_POINT ( 'NONE',  ( -58.58890588553710188, 107.3538909383093909, -5.637034940206619993 ) ) ;
#1417 = CARTESIAN_POINT ( 'NONE',  ( -112.8124466666438082, 150.7672888935234994, -5.637034940206619993 ) ) ;
#1418 = ORIENTED_EDGE ( 'NONE', *, *, #122, .F. ) ;
#1419 = EDGE_CURVE ( 'NONE', #1514, #1514, #236, .T. ) ;
#1420 = CARTESIAN_POINT ( 'NONE',  ( -57.31475595953555313, 176.4294272041371130, -6.637034914025951693 ) ) ;
#1421 = DIRECTION ( 'NONE',  ( -0.000000000000000000, -0.000000000000000000, -1.000000000000000000 ) ) ;
#1422 = CARTESIAN_POINT ( 'NONE',  ( -114.6327156526026130, 138.7478723446421895, -5.637034940206619993 ) ) ;
#1423 = CARTESIAN_POINT ( 'NONE',  ( 44.94555193603530086, 112.9730532922200013, -6.637034940206600453 ) ) ;
#1424 = CARTESIAN_POINT ( 'NONE',  ( 46.82928869811649975, 168.7994126476754957, -5.637034940206619993 ) ) ;
#1425 = CARTESIAN_POINT ( 'NONE',  ( -115.6027208597996037, 137.4457667225659918, -6.637034940206600453 ) ) ;
#1426 = CARTESIAN_POINT ( 'NONE',  ( -86.95856993547680247, 171.9486739656584859, -5.637034940206619993 ) ) ;
#1427 = ORIENTED_EDGE ( 'NONE', *, *, #2397, .T. ) ;
#1428 = CARTESIAN_POINT ( 'NONE',  ( -57.35645992606900023, 175.4299248656550105, -5.637034940206619993 ) ) ;
#1429 = CARTESIAN_POINT ( 'NONE',  ( 49.81494217090958188, 114.2224019383508988, -5.637034942633468937 ) ) ;
#1430 = B_SPLINE_CURVE_WITH_KNOTS ( 'NONE', 2,
 ( #83, #2178, #1324, #1142, #1551, #1113, #1371, #2627, #2406, #497, #1354 ),
 .UNSPECIFIED., .F., .F.,
 ( 3, 2, 2, 2, 2, 3 ),
 ( 0.000000000000000000, 0.2500000000000000000, 0.5000000000000000000, 0.7500000000000000000, 0.8750000000000000000, 1.000000000000000000 ),
 .UNSPECIFIED. ) ;
#1431 = EDGE_LOOP ( 'NONE', ( #1415 ) ) ;
#1432 = CARTESIAN_POINT ( 'NONE',  ( -63.63468924533579951, 176.6101438020770047, -6.637034940206589795 ) ) ;
#1433 = CARTESIAN_POINT ( 'NONE',  ( -99.03711288429479964, 167.9801231707989473, -6.637034914025962351 ) ) ;
#1434 = PLANE ( 'NONE',  #148 ) ;
#1435 = CARTESIAN_POINT ( 'NONE',  ( -113.5290826499426089, 134.1275523731635815, -5.637034940206619993 ) ) ;
#1436 = EDGE_CURVE ( 'NONE', #1527, #1527, #1800, .T. ) ;
#1437 = LINE ( 'NONE', #1198, #1973 ) ;
#1438 = CARTESIAN_POINT ( 'NONE',  ( 49.81494211973180342, 168.6369061398255269, -5.637034940206619993 ) ) ;
#1439 = CARTESIAN_POINT ( 'NONE',  ( -105.2865117167024067, 119.0291582435615965, -6.637034940206600453 ) ) ;
#1440 = CARTESIAN_POINT ( 'NONE',  ( -88.39792743063371461, 171.4794451517394975, -5.637034940206619993 ) ) ;
#1441 =( LENGTH_UNIT ( ) NAMED_UNIT ( * ) SI_UNIT ( .MILLI., .METRE. ) );
#1442 = CARTESIAN_POINT ( 'NONE',  ( -109.8906997187315966, 141.4296532756430054, -6.637034940206600453 ) ) ;
#1443 = CARTESIAN_POINT ( 'NONE',  ( -95.18963230712738266, 114.0809975166613981, -5.637034940206619993 ) ) ;
#1444 = CIRCLE ( 'NONE', #2155, 5.999996634296040021 ) ;
#1445 = CARTESIAN_POINT ( 'NONE',  ( 50.99103126154380305, 113.3107125887819961, -11.63703494020661999 ) ) ;
#1446 = VERTEX_POINT ( 'NONE', #1024 ) ;
#1447 = VECTOR ( 'NONE', #649, 1000.000000000000000 ) ;
#1448 = DIRECTION ( 'NONE',  ( -0.000000000000000000, -0.000000000000000000, 1.000000000000000000 ) ) ;
#1449 = CARTESIAN_POINT ( 'NONE',  ( -83.33180697817245175, 174.0271916832309103, -6.637034914025962351 ) ) ;
#1450 = AXIS2_PLACEMENT_3D ( 'NONE', #1949, #493, #467 ) ;
#1451 = DIRECTION ( 'NONE',  ( 1.000000000000000000, 0.000000000000000000, 0.000000000000000000 ) ) ;
#1452 = DIRECTION ( 'NONE',  ( 1.000000000000000000, 0.000000000000000000, 0.000000000000000000 ) ) ;
#1453 = LINE ( 'NONE', #2091, #1125 ) ;
#1454 = CARTESIAN_POINT ( 'NONE',  ( 45.59918909871879578, 168.8544030391964839, -5.637034940206619993 ) ) ;
#1455 = CARTESIAN_POINT ( 'NONE',  ( -80.46090094993769526, 174.7001469494234982, -11.63703494020661999 ) ) ;
#1456 = ADVANCED_FACE ( 'NONE', ( #605 ), #1964, .T. ) ;
#1457 = CARTESIAN_POINT ( 'NONE',  ( -92.65254644801649420, 169.8890090299715041, -5.637034940206619993 ) ) ;
#1458 = DIRECTION ( 'NONE',  ( -1.000000000000000000, 0.000000000000000000, 0.000000000000000000 ) ) ;
#1459 = CARTESIAN_POINT ( 'NONE',  ( -68.16957786796811547, 107.4298338492666005, -5.637034940206619993 ) ) ;
#1460 = CARTESIAN_POINT ( 'NONE',  ( 50.99103126154380305, 113.3107125887819961, -6.637034940206600453 ) ) ;
#1461 = EDGE_LOOP ( 'NONE', ( #431, #2086, #1888, #380 ) ) ;
#1462 = B_SPLINE_CURVE_WITH_KNOTS ( 'NONE', 1,
 ( #2526, #852 ),
 .UNSPECIFIED., .F., .F.,
 ( 2, 2 ),
 ( 0.000000000000000000, 1.000000000000000000 ),
 .UNSPECIFIED. ) ;
#1463 = CARTESIAN_POINT ( 'NONE',  ( 44.94555193603520138, 112.9730532922200013, -11.63703494020661999 ) ) ;
#1464 = CYLINDRICAL_SURFACE ( 'NONE', #2336, 2.149999999999999023 ) ;
#1465 = CARTESIAN_POINT ( 'NONE',  ( 52.98686715327900032, 113.4781588070869986, -6.637034940206589795 ) ) ;
#1466 = CARTESIAN_POINT ( 'NONE',  ( 45.24775527925760343, 168.8706232728139867, -5.637034940206619993 ) ) ;
#1467 = CARTESIAN_POINT ( 'NONE',  ( 49.25879695233619771, 113.1814354647006127, -11.63703494020661999 ) ) ;
#1468 = CARTESIAN_POINT ( 'NONE',  ( -102.4506128257293938, 166.0518457554065321, -6.637034940206600453 ) ) ;
#1469 = DIRECTION ( 'NONE',  ( 1.000000000000000000, 0.000000000000000000, 0.000000000000000000 ) ) ;
#1470 = CARTESIAN_POINT ( 'NONE',  ( -95.87270232521009916, 114.4016567053026137, -5.637034940206619993 ) ) ;
#1471 = CARTESIAN_POINT ( 'NONE',  ( -96.89023549576660344, 114.8977143000959984, -5.637034940206619993 ) ) ;
#1472 = CARTESIAN_POINT ( 'NONE',  ( -102.4509130740899963, 116.8076960602124075, -11.63703494020661999 ) ) ;
#1473 = ORIENTED_EDGE ( 'NONE', *, *, #565, .T. ) ;
#1474 = CARTESIAN_POINT ( 'NONE',  ( -88.71779114649085329, 172.4269342607841224, -6.637034914025962351 ) ) ;
#1475 = FACE_OUTER_BOUND ( 'NONE', #2316, .T. ) ;
#1476 = DIRECTION ( 'NONE',  ( 0.9979493589479472293, 0.06400841331716571048, 0.000000000000000000 ) ) ;
#1477 = CARTESIAN_POINT ( 'NONE',  ( 46.94840838594060273, 113.0641736820754062, -11.63703494020661999 ) ) ;
#1478 = CARTESIAN_POINT ( 'NONE',  ( -57.29993545071400263, 106.4309274163677941, -6.637034940206600453 ) ) ;
#1479 = UNCERTAINTY_MEASURE_WITH_UNIT (LENGTH_MEASURE( 1.000000000000000082E-05 ), #1574, 'distance_accuracy_value', 'NONE');
#1480 = CARTESIAN_POINT ( 'NONE',  ( -109.9981569334530036, 158.4245188290610145, -11.63703494020661999 ) ) ;
#1481 = CARTESIAN_POINT ( 'NONE',  ( -98.56830208168450724, 115.7624523965459957, -5.637034940206619993 ) ) ;
#1482 = CARTESIAN_POINT ( 'NONE',  ( -56.25511813948010342, 106.5031892951179913, -6.637034940206600453 ) ) ;
#1483 = CARTESIAN_POINT ( 'NONE',  ( 47.35647772662056099, 114.0833958871172769, -5.637034942633468937 ) ) ;
#1484 = ORIENTED_EDGE ( 'NONE', *, *, #239, .F. ) ;
#1485 = AXIS2_PLACEMENT_3D ( 'NONE', #2759, #1097, #1549 ) ;
#1486 = EDGE_CURVE ( 'NONE', #1974, #1974, #952, .T. ) ;
#1487 = CARTESIAN_POINT ( 'NONE',  ( -102.4506128257293938, 166.0518457554065321, -6.637034940206600453 ) ) ;
#1488 = CIRCLE ( 'NONE', #1404, 2.149999999999999023 ) ;
#1489 = CARTESIAN_POINT ( 'NONE',  ( -104.8717572150059993, 120.2463722307562080, -5.637034940206619993 ) ) ;
#1490 = DIRECTION ( 'NONE',  ( -0.000000000000000000, -0.000000000000000000, -1.000000000000000000 ) ) ;
#1491 = CARTESIAN_POINT ( 'NONE',  ( 49.72106642841159641, 113.2122344198713932, -11.63703494020661999 ) ) ;
#1492 = CARTESIAN_POINT ( 'NONE',  ( 51.33751535686449330, 169.5202336424829639, -6.637034940206600453 ) ) ;
#1493 = CARTESIAN_POINT ( 'NONE',  ( -57.32208332213750168, 106.7635251367306068, -6.303701608274829837 ) ) ;
#1494 = CARTESIAN_POINT ( 'NONE',  ( -57.28994997900449704, 176.4277136115215114, -6.637034931479159461 ) ) ;
#1495 = CARTESIAN_POINT ( 'NONE',  ( -77.17394857891301285, 108.5277728261822006, -5.637034940206619993 ) ) ;
#1496 = CARTESIAN_POINT ( 'NONE',  ( -55.23826941777569743, 176.2858158875745005, -6.637034940206589795 ) ) ;
#1497 = CARTESIAN_POINT ( 'NONE',  ( -109.1101248633400047, 159.3291148438080143, -6.637034940206589795 ) ) ;
#1498 = EDGE_LOOP ( 'NONE', ( #1032 ) ) ;
#1499 = CARTESIAN_POINT ( 'NONE',  ( -101.8342091832924012, 117.5948914020230092, -5.637034940206619993 ) ) ;
#1500 = CARTESIAN_POINT ( 'NONE',  ( -115.8731207112464006, 141.8885635935509981, -6.637034940206600453 ) ) ;
#1501 = ADVANCED_FACE ( 'NONE', ( #2444, #2247 ), #1165, .F. ) ;
#1502 = CARTESIAN_POINT ( 'NONE',  ( -101.8342092636573994, 117.5948912995607998, -5.637034940206619993 ) ) ;
#1503 = CARTESIAN_POINT ( 'NONE',  ( 49.99035482275829878, 114.2352917995656156, -5.637034940206619993 ) ) ;
#1504 = CARTESIAN_POINT ( 'NONE',  ( -57.28995700384550105, 176.4277140708380216, -11.63703494020661999 ) ) ;
#1505 = CARTESIAN_POINT ( 'NONE',  ( -100.3811346441262060, 115.6066003560916045, -6.637034940206600453 ) ) ;
#1506 = CARTESIAN_POINT ( 'NONE',  ( -57.34424528825829981, 107.0961219355129828, -5.970368293854339647 ) ) ;
#1507 = CARTESIAN_POINT ( 'NONE',  ( 1.843924498056660033, 125.4296532796704042, -5.637034940206619993 ) ) ;
#1508 = CARTESIAN_POINT ( 'NONE',  ( -95.41773018959629837, 114.1870148039756003, -5.637034940206619993 ) ) ;
#1509 = CARTESIAN_POINT ( 'NONE',  ( -57.33067712588659504, 176.4305215625740004, -6.637034940206589795 ) ) ;
#1510 = CARTESIAN_POINT ( 'NONE',  ( 46.82928883817936594, 114.0598938425927145, -5.637034942633468937 ) ) ;
#1511 = EDGE_LOOP ( 'NONE', ( #2214 ) ) ;
#1512 = CARTESIAN_POINT ( 'NONE',  ( -98.12238525747429208, 167.3319540003859913, -5.637034940206619993 ) ) ;
#1513 = CARTESIAN_POINT ( 'NONE',  ( 52.70763652938300226, 168.4008659142714919, -5.637034940206629763 ) ) ;
#1514 = VERTEX_POINT ( 'NONE', #1545 ) ;
#1515 = EDGE_CURVE ( 'NONE', #295, #1446, #454, .T. ) ;
#1516 = CARTESIAN_POINT ( 'NONE',  ( 50.34112511583280281, 114.2619163815834042, -5.637034940206619993 ) ) ;
#1517 = CARTESIAN_POINT ( 'NONE',  ( -102.4506128257293938, 166.0518457554065321, -11.63703494020661999 ) ) ;
#1518 = CARTESIAN_POINT ( 'NONE',  ( -97.90666200886090564, 114.2900531527141936, -6.637034940206600453 ) ) ;
#1519 = EDGE_CURVE ( 'NONE', #2426, #2700, #602, .T. ) ;
#1520 = CARTESIAN_POINT ( 'NONE',  ( -57.29993545071400263, 106.4309274163677941, -6.637034940206600453 ) ) ;
#1521 = CARTESIAN_POINT ( 'NONE',  ( 51.99676301660799993, 113.3949766844576033, -6.637034940206600453 ) ) ;
#1522 = CARTESIAN_POINT ( 'NONE',  ( -68.16957786796811547, 107.4298338492666005, -5.637034940206619993 ) ) ;
#1523 = CARTESIAN_POINT ( 'NONE',  ( -110.4826302330173888, 157.4086077886500163, -6.637034940206589795 ) ) ;
#1524 = EDGE_LOOP ( 'NONE', ( #2045 ) ) ;
#1525 = CARTESIAN_POINT ( 'NONE',  ( -75.67407466196000598, 174.5836808605024828, -5.637034940206619993 ) ) ;
#1526 = CARTESIAN_POINT ( 'NONE',  ( -111.7220655762209987, 155.3777572108934919, -6.637034940206600453 ) ) ;
#1527 = VERTEX_POINT ( 'NONE', #1077 ) ;
#1528 = AXIS2_PLACEMENT_3D ( 'NONE', #1055, #901, #2350 ) ;
#1529 = CARTESIAN_POINT ( 'NONE',  ( 51.39304515873110546, 114.3475280020063991, -5.637034940206619993 ) ) ;
#1530 = AXIS2_PLACEMENT_3D ( 'NONE', #394, #1063, #382 ) ;
#1531 = DIRECTION ( 'NONE',  ( -0.000000000000000000, -0.000000000000000000, 1.000000000000000000 ) ) ;
#1532 = CARTESIAN_POINT ( 'NONE',  ( -92.32398600141169709, 111.7593704374775996, -6.637034940206600453 ) ) ;
#1533 = AXIS2_PLACEMENT_3D ( 'NONE', #718, #1320, #245 ) ;
#1534 = CARTESIAN_POINT ( 'NONE',  ( 23.84392449805660164, 165.4296532796705037, -1.637034940206620215 ) ) ;
#1535 = CARTESIAN_POINT ( 'NONE',  ( -2.156075501600789757, 117.4296532794404015, -5.637034940206619993 ) ) ;
#1536 = EDGE_CURVE ( 'NONE', #1121, #1121, #2340, .T. ) ;
#1537 = CARTESIAN_POINT ( 'NONE',  ( -63.63162807338629534, 107.2490992937170091, -5.637034940206619993 ) ) ;
#1538 = CARTESIAN_POINT ( 'NONE',  ( -92.08438338456639372, 171.1949992528874986, -6.637034940206600453 ) ) ;
#1539 = CARTESIAN_POINT ( 'NONE',  ( -108.0898832091941983, 160.6024650275815020, -6.637034940206589795 ) ) ;
#1540 = ORIENTED_EDGE ( 'NONE', *, *, #375, .T. ) ;
#1541 = CARTESIAN_POINT ( 'NONE',  ( -88.39792743063371461, 171.4794451517394975, -5.637034940206619993 ) ) ;
#1542 = CARTESIAN_POINT ( 'NONE',  ( -115.2084068889533910, 141.8375736053459946, -5.970368273539949477 ) ) ;
#1543 = EDGE_LOOP ( 'NONE', ( #252 ) ) ;
#1544 = B_SPLINE_SURFACE_WITH_KNOTS ( 'NONE', 2, 1, ( 
 ( #2727, #1047 ),
 ( #2059, #2703 ),
 ( #159, #1217 ),
 ( #2714, #1862 ),
 ( #1018, #575 ),
 ( #2285, #2741 ),
 ( #1445, #1460 ),
 ( #1902, #1654 ),
 ( #1258, #2752 ),
 ( #785, #363 ),
 ( #836, #810 ) ),
 .UNSPECIFIED., .F., .F., .F.,
 ( 3, 2, 2, 2, 2, 3 ),
 ( 2, 2 ),
 ( 0.000000000000000000, 0.2500000000000000000, 0.5000000000000000000, 0.7500000000000000000, 0.8750000000000000000, 1.000000000000000000 ),
 ( 0.000000000000000000, 1.000000000000000000 ),
 .UNSPECIFIED. ) ;
#1545 = CARTESIAN_POINT ( 'NONE',  ( -0.006075501600789900980, 117.4296532794404015, -11.63703494020661999 ) ) ;
#1546 = CARTESIAN_POINT ( 'NONE',  ( -109.9981569334530036, 158.4245188290610145, -11.63703494020661999 ) ) ;
#1547 = CARTESIAN_POINT ( 'NONE',  ( -111.1560755034500119, 141.4296532796704184, -5.637034940206619993 ) ) ;
#1548 = CARTESIAN_POINT ( 'NONE',  ( -58.53590060721000299, 106.3552953471000109, -6.637034940206589795 ) ) ;
#1549 = DIRECTION ( 'NONE',  ( -1.000000000000000000, 0.000000000000000000, 0.000000000000000000 ) ) ;
#1550 = DIRECTION ( 'NONE',  ( 1.000000000000000000, 0.000000000000000000, 0.000000000000000000 ) ) ;
#1551 = CARTESIAN_POINT ( 'NONE',  ( -80.46090094993769526, 174.7001469494234982, -11.63703494020661999 ) ) ;
#1552 = CARTESIAN_POINT ( 'NONE',  ( -57.39915185885029558, 175.4328686879600241, -5.637034940206619993 ) ) ;
#1553 = CARTESIAN_POINT ( 'NONE',  ( 45.84392449805659453, 125.4296532817331951, -1.637034940206620215 ) ) ;
#1554 = ADVANCED_FACE ( 'NONE', ( #2754, #2288 ), #1236, .F. ) ;
#1555 = ORIENTED_EDGE ( 'NONE', *, *, #624, .F. ) ;
#1556 = CARTESIAN_POINT ( 'NONE',  ( -96.55116858537780899, 168.1292460856290063, -5.637034940206619993 ) ) ;
#1557 = CARTESIAN_POINT ( 'NONE',  ( -109.9981569334530036, 158.4245188290610145, -6.637034940206600453 ) ) ;
#1558 = EDGE_LOOP ( 'NONE', ( #2140, #2200, #62, #1719 ) ) ;
#1559 = CARTESIAN_POINT ( 'NONE',  ( -109.0060755034500062, 141.4296532796704184, -11.63703494020661999 ) ) ;
#1560 = FACE_BOUND ( 'NONE', #1234, .T. ) ;
#1561 = CARTESIAN_POINT ( 'NONE',  ( 44.89634979262309145, 113.9718421333239888, -5.637034940206619993 ) ) ;
#1562 = CARTESIAN_POINT ( 'NONE',  ( -59.04607932840599460, 106.3295823199702141, -6.637034940206600453 ) ) ;
#1563 = CARTESIAN_POINT ( 'NONE',  ( -114.5350152883411994, 133.9951240829301753, -6.637034940206600453 ) ) ;
#1564 = CARTESIAN_POINT ( 'NONE',  ( 53.01441762616690312, 168.3755041507984913, -5.637034940206619993 ) ) ;
#1565 = CARTESIAN_POINT ( 'NONE',  ( -55.56932973560020628, 107.5530087922820002, -5.637034940206619993 ) ) ;
#1566 = CARTESIAN_POINT ( 'NONE',  ( -88.71779115486509681, 172.4269342855899936, -6.637034940206600453 ) ) ;
#1567 = LINE ( 'NONE', #1985, #1977 ) ;
#1568 = VERTEX_POINT ( 'NONE', #2705 ) ;
#1569 = PRODUCT_DEFINITION_SHAPE ( 'NONE', 'NONE',  #1177 ) ;
#1570 = CARTESIAN_POINT ( 'NONE',  ( -85.51132222175010611, 172.3876586138359812, -5.637034940206619993 ) ) ;
#1571 = CARTESIAN_POINT ( 'NONE',  ( -101.8338589516046255, 165.2646896954141766, -5.637034940206619993 ) ) ;
#1572 = VERTEX_POINT ( 'NONE', #2115 ) ;
#1573 = EDGE_CURVE ( 'NONE', #2483, #1864, #201, .T. ) ;
#1574 =( LENGTH_UNIT ( ) NAMED_UNIT ( * ) SI_UNIT ( .MILLI., .METRE. ) );
#1575 = CARTESIAN_POINT ( 'NONE',  ( -60.05737256955448089, 176.5712402264539662, -6.637034914025962351 ) ) ;
#1576 = CARTESIAN_POINT ( 'NONE',  ( 47.01594354328459247, 169.7921528361939920, -11.63703494020661999 ) ) ;
#1577 = CARTESIAN_POINT ( 'NONE',  ( -46.00000000000000000, 141.4296532796704184, -5.637034940206619993 ) ) ;
#1578 = CARTESIAN_POINT ( 'NONE',  ( -57.89834642994060232, 106.3918513876564020, -6.637034940206589795 ) ) ;
#1579 = CARTESIAN_POINT ( 'NONE',  ( -114.8760499624776088, 141.0472277402072052, -5.637034940206619993 ) ) ;
#1580 = CARTESIAN_POINT ( 'NONE',  ( 52.97059026720789632, 168.3791094057459929, -5.637034940206619993 ) ) ;
#1581 = CIRCLE ( 'NONE', #815, 2.149999999999999023 ) ;
#1582 = CARTESIAN_POINT ( 'NONE',  ( -57.01600250657400437, 107.4529537001208155, -5.637034940206619993 ) ) ;
#1583 = CARTESIAN_POINT ( 'NONE',  ( -85.79182823090150123, 173.3475343176014860, -6.637034940206600453 ) ) ;
#1584 = VECTOR ( 'NONE', #471, 1000.000000000000000 ) ;
#1585 = VERTEX_POINT ( 'NONE', #626 ) ;
#1586 = CARTESIAN_POINT ( 'NONE',  ( -59.33488019301429972, 175.5415323296745100, -5.637034940206619993 ) ) ;
#1587 = CARTESIAN_POINT ( 'NONE',  ( -111.7219297781475973, 127.4813093347266175, -11.63703494020661999 ) ) ;
#1588 = EDGE_LOOP ( 'NONE', ( #2409 ) ) ;
#1589 = CARTESIAN_POINT ( 'NONE',  ( -86.38379663351540216, 109.4541455145124047, -6.637034940206600453 ) ) ;
#1590 = EDGE_CURVE ( 'NONE', #1572, #811, #2592, .T. ) ;
#1591 = CARTESIAN_POINT ( 'NONE',  ( 48.30828778341440000, 169.7319766256185005, -11.63703494020661999 ) ) ;
#1592 = CARTESIAN_POINT ( 'NONE',  ( -97.22183010508710765, 113.9458090122727896, -6.637034940206589795 ) ) ;
#1593 = CARTESIAN_POINT ( 'NONE',  ( -115.8731206951981960, 140.9707427485300286, -6.637034940206600453 ) ) ;
#1594 = CARTESIAN_POINT ( 'NONE',  ( 48.28574435045940305, 169.7324235550685216, -6.637034940206600453 ) ) ;
#1595 = CARTESIAN_POINT ( 'NONE',  ( -114.3054984112090011, 137.0527182988734296, -5.637034940206619993 ) ) ;
#1596 = CARTESIAN_POINT ( 'NONE',  ( -55.30726628810910483, 175.2881990112715300, -5.637034940206619993 ) ) ;
#1597 = CARTESIAN_POINT ( 'NONE',  ( -107.2300293452135946, 160.0712052848070073, -5.637034940206619993 ) ) ;
#1598 = ORIENTED_EDGE ( 'NONE', *, *, #1315, .T. ) ;
#1599 = CARTESIAN_POINT ( 'NONE',  ( -57.45629621182060021, 107.4225467513293921, -5.637034940206619993 ) ) ;
#1600 = CARTESIAN_POINT ( 'NONE',  ( -108.6605031538472019, 158.2624795938399984, -5.637034940206619993 ) ) ;
#1601 = ORIENTED_EDGE ( 'NONE', *, *, #2149, .F. ) ;
#1602 = DIRECTION ( 'NONE',  ( 1.000000000000000000, 0.000000000000000000, 0.000000000000000000 ) ) ;
#1603 = DIRECTION ( 'NONE',  ( 0.000000000000000000, 0.000000000000000000, 1.000000000000000000 ) ) ;
#1604 = CARTESIAN_POINT ( 'NONE',  ( -57.29284760191800530, 106.4314166681659941, -6.637034940206600453 ) ) ;
#1605 = CARTESIAN_POINT ( 'NONE',  ( 51.99682045343149639, 169.4643253852684950, -11.63703494020661999 ) ) ;
#1606 = CARTESIAN_POINT ( 'NONE',  ( 50.59523360590619490, 169.5805407853879956, -6.637034940206600453 ) ) ;
#1607 = CARTESIAN_POINT ( 'NONE',  ( -105.2795564339955945, 120.6510598511542014, -5.637034940206619993 ) ) ;
#1608 = EDGE_CURVE ( 'NONE', #1929, #1377, #1669, .T. ) ;
#1609 = CARTESIAN_POINT ( 'NONE',  ( -95.87236736829180472, 168.4593838233990084, -5.637034940206619993 ) ) ;
#1610 = CARTESIAN_POINT ( 'NONE',  ( -108.8299224609002067, 158.0308788070745152, -5.637034940206619993 ) ) ;
#1611 = VERTEX_POINT ( 'NONE', #1 ) ;
#1612 = CARTESIAN_POINT ( 'NONE',  ( -69.66975536727319707, 175.3144944725995060, -5.637034940206619993 ) ) ;
#1613 = CARTESIAN_POINT ( 'NONE',  ( -111.3899160522784086, 153.9054406359290113, -5.637034940206619993 ) ) ;
#1614 = ORIENTED_EDGE ( 'NONE', *, *, #938, .T. ) ;
#1615 = PRODUCT_CONTEXT ( 'NONE', #179, 'mechanical' ) ;
#1616 = CARTESIAN_POINT ( 'NONE',  ( -65.16927550891740850, 176.5779100673189816, -6.637034914025951693 ) ) ;
#1617 = FACE_BOUND ( 'NONE', #1903, .T. ) ;
#1618 = CARTESIAN_POINT ( 'NONE',  ( -115.2838151786720005, 136.8447558648919937, -6.637034940206600453 ) ) ;
#1619 = CARTESIAN_POINT ( 'NONE',  ( -113.4818170989641999, 130.5913668324292018, -6.637034940206600453 ) ) ;
#1620 = CARTESIAN_POINT ( 'NONE',  ( 49.53212981206500132, 169.6592728897925042, -6.637034940206600453 ) ) ;
#1621 = AXIS2_PLACEMENT_3D ( 'NONE', #176, #1250, #395 ) ;
#1622 = CIRCLE ( 'NONE', #367, 2.149999999999999023 ) ;
#1623 = CARTESIAN_POINT ( 'NONE',  ( -106.0757072405911856, 121.4797104131157965, -5.637034940206619993 ) ) ;
#1624 = CARTESIAN_POINT ( 'NONE',  ( -60.09083187469040155, 175.5717788718075099, -5.637034940206619993 ) ) ;
#1625 = EDGE_LOOP ( 'NONE', ( #1160 ) ) ;
#1626 = EDGE_CURVE ( 'NONE', #811, #2286, #1196, .T. ) ;
#1627 = CARTESIAN_POINT ( 'NONE',  ( -58.33714884043639870, 107.3676701370860087, -5.637034940206619993 ) ) ;
#1628 = AXIS2_PLACEMENT_3D ( 'NONE', #1313, #1702, #2168 ) ;
#1629 = CARTESIAN_POINT ( 'NONE',  ( -106.4704508879706140, 160.9434336150359854, -5.637034940206619993 ) ) ;
#1630 = VERTEX_POINT ( 'NONE', #1317 ) ;
#1631 = CARTESIAN_POINT ( 'NONE',  ( -60.56805283414173857, 176.5866687044418768, -6.637034914025951693 ) ) ;
#1632 = B_SPLINE_CURVE_WITH_KNOTS ( 'NONE', 3,
 ( #843, #1493, #1506, #469 ),
 .UNSPECIFIED., .F., .F.,
 ( 4, 4 ),
 ( 0.000000000000000000, 1.000000000000000000 ),
 .UNSPECIFIED. ) ;
#1633 = CARTESIAN_POINT ( 'NONE',  ( -115.8731207112464006, 141.8885635935509981, -6.637034940206600453 ) ) ;
#1634 = CARTESIAN_POINT ( 'NONE',  ( -112.2775087375784011, 128.4928667745592179, -6.637034940206600453 ) ) ;
#1635 = CARTESIAN_POINT ( 'NONE',  ( 48.99727592292129685, 113.1657847408001913, -6.637034940206600453 ) ) ;
#1636 = CARTESIAN_POINT ( 'NONE',  ( 51.91887771556459796, 168.4673641011405039, -5.637034940206619993 ) ) ;
#1637 = CARTESIAN_POINT ( 'NONE',  ( -111.1219602115979939, 128.4507406235670146, -5.637034940206619993 ) ) ;
#1638 = CARTESIAN_POINT ( 'NONE',  ( -78.65774456726930453, 174.0538806490249897, -5.637034940206619993 ) ) ;
#1639 = ORIENTED_EDGE ( 'NONE', *, *, #1051, .F. ) ;
#1640 = CARTESIAN_POINT ( 'NONE',  ( -57.48774746290509796, 107.4204129000994072, -5.637034940206619993 ) ) ;
#1641 = CARTESIAN_POINT ( 'NONE',  ( 52.61999172744098274, 114.4511114388376143, -5.637034942633468937 ) ) ;
#1642 = VERTEX_POINT ( 'NONE', #2620 ) ;
#1643 = CARTESIAN_POINT ( 'NONE',  ( -57.18859846066629871, 176.4207039425745052, -6.637034940206600453 ) ) ;
#1644 = EDGE_CURVE ( 'NONE', #284, #1929, #422, .T. ) ;
#1645 = CARTESIAN_POINT ( 'NONE',  ( -85.79182822355768678, 173.3475342924713516, -6.637034914025962351 ) ) ;
#1646 = FACE_BOUND ( 'NONE', #256, .T. ) ;
#1647 = CARTESIAN_POINT ( 'NONE',  ( -103.3866580669740074, 117.5407737253610065, -6.637034940206589795 ) ) ;
#1648 = CARTESIAN_POINT ( 'NONE',  ( 48.55170799685770078, 113.1407152318404172, -6.637034940206589795 ) ) ;
#1649 = DIRECTION ( 'NONE',  ( -0.000000000000000000, -0.000000000000000000, 1.000000000000000000 ) ) ;
#1650 = CARTESIAN_POINT ( 'NONE',  ( -109.3216565799673958, 125.5247987781881989, -5.637034940206619993 ) ) ;
#1651 = CARTESIAN_POINT ( 'NONE',  ( -64.63381517394151388, 175.5921585570445131, -5.637034940206619993 ) ) ;
#1652 = EDGE_LOOP ( 'NONE', ( #2004 ) ) ;
#1653 = CARTESIAN_POINT ( 'NONE',  ( -88.87837636864909996, 111.5439375143681957, -5.637034940206619993 ) ) ;
#1654 = CARTESIAN_POINT ( 'NONE',  ( 51.33822221427149657, 113.3391334616198094, -6.637034940206600453 ) ) ;
#1655 = ORIENTED_EDGE ( 'NONE', *, *, #239, .T. ) ;
#1656 = CARTESIAN_POINT ( 'NONE',  ( -57.26725622345040279, 176.4261439556880191, -6.637034940206600453 ) ) ;
#1657 = CARTESIAN_POINT ( 'NONE',  ( -100.3810746439189359, 167.2527238834946672, -6.637034914025951693 ) ) ;
#1658 = CARTESIAN_POINT ( 'NONE',  ( 1.843924498056660033, 125.4296532796704042, -11.63703494020661999 ) ) ;
#1659 = EDGE_CURVE ( 'NONE', #2286, #1899, #853, .T. ) ;
#1660 = CARTESIAN_POINT ( 'NONE',  ( -112.1425525238014131, 130.4969683609057824, -5.637034940206619993 ) ) ;
#1661 = CARTESIAN_POINT ( 'NONE',  ( 48.28574174862570345, 113.1268806241077982, -6.637034940206589795 ) ) ;
#1662 = CARTESIAN_POINT ( 'NONE',  ( 46.56568991759879594, 168.8110645947265027, -5.637034940206619993 ) ) ;
#1663 = CARTESIAN_POINT ( 'NONE',  ( -94.38511850407709858, 170.3063985724455165, -6.637034940206600453 ) ) ;
#1664 = CARTESIAN_POINT ( 'NONE',  ( -91.24748719292369969, 170.4481257770584932, -5.637034940206619993 ) ) ;
#1665 = EDGE_LOOP ( 'NONE', ( #1427 ) ) ;
#1666 = CARTESIAN_POINT ( 'NONE',  ( -57.33426667298900270, 175.7625194881680102, -5.970368241647939556 ) ) ;
#1667 = CARTESIAN_POINT ( 'NONE',  ( 52.44470644543475402, 114.4364005797646939, -5.637034942633468937 ) ) ;
#1668 = ORIENTED_EDGE ( 'NONE', *, *, #1385, .T. ) ;
#1669 = CIRCLE ( 'NONE', #2736, 27.59228193470925206 ) ;
#1670 = CARTESIAN_POINT ( 'NONE',  ( -101.7125185214756868, 166.5056213417246340, -6.637034914025951693 ) ) ;
#1671 = AXIS2_PLACEMENT_3D ( 'NONE', #79, #928, #1782 ) ;
#1672 = CARTESIAN_POINT ( 'NONE',  ( -109.1576639586640027, 125.2884045799559942, -5.637034940206619993 ) ) ;
#1673 = CARTESIAN_POINT ( 'NONE',  ( 50.59523185780169996, 113.2787648162360057, -6.637034940206589795 ) ) ;
#1674 = CARTESIAN_POINT ( 'NONE',  ( 23.84392449805660164, 117.4296532796703900, -5.637034940206619993 ) ) ;
#1675 = CARTESIAN_POINT ( 'NONE',  ( -114.8760499624776088, 141.0472277402072052, -5.637034940206619993 ) ) ;
#1676 = DIRECTION ( 'NONE',  ( 0.000000000000000000, 0.000000000000000000, 1.000000000000000000 ) ) ;
#1677 = ORIENTED_EDGE ( 'NONE', *, *, #1227, .T. ) ;
#1678 = CARTESIAN_POINT ( 'NONE',  ( -91.24943786531309797, 112.4119443792547912, -5.637034940206619993 ) ) ;
#1679 = CARTESIAN_POINT ( 'NONE',  ( -88.40053925977500171, 111.3807525935853988, -5.637034940206619993 ) ) ;
#1680 = CARTESIAN_POINT ( 'NONE',  ( 52.81512500918419306, 114.4673708000774610, -5.637034942633468937 ) ) ;
#1681 = ORIENTED_EDGE ( 'NONE', *, *, #713, .F. ) ;
#1682 = CARTESIAN_POINT ( 'NONE',  ( -93.50570547514683994, 170.6168198679565933, -6.637034914025951693 ) ) ;
#1683 = CARTESIAN_POINT ( 'NONE',  ( -100.9017544462901981, 164.0755727717784964, -6.637034940206600453 ) ) ;
#1684 = CARTESIAN_POINT ( 'NONE',  ( 52.89522147614329839, 169.3886869509184976, -11.63703494020661999 ) ) ;
#1685 = CARTESIAN_POINT ( 'NONE',  ( -115.8731206951981960, 140.9707427485300286, -6.637034940206600453 ) ) ;
#1686 = CARTESIAN_POINT ( 'NONE',  ( 44.94555193335574472, 169.8862532736474975, -6.637034940206600453 ) ) ;
#1687 = CARTESIAN_POINT ( 'NONE',  ( -57.36642301073970174, 107.4287177433374012, -5.637034959820240054 ) ) ;
#1688 = CARTESIAN_POINT ( 'NONE',  ( -91.01398878333171183, 112.3215881376171978, -5.637034940206619993 ) ) ;
#1689 = ADVANCED_FACE ( 'NONE', ( #924 ), #1178, .T. ) ;
#1690 = CARTESIAN_POINT ( 'NONE',  ( -79.65126612724050403, 109.0072467117160073, -5.637034940206619993 ) ) ;
#1691 = CARTESIAN_POINT ( 'NONE',  ( 52.85480528190640115, 114.4706565047320055, -5.637034940206619993 ) ) ;
#1692 = EDGE_LOOP ( 'NONE', ( #364 ) ) ;
#1693 = CARTESIAN_POINT ( 'NONE',  ( -98.35991351714672248, 168.3358803967354618, -6.637034914025962351 ) ) ;
#1694 = DIRECTION ( 'NONE',  ( 0.000000000000000000, 0.000000000000000000, 1.000000000000000000 ) ) ;
#1695 = CARTESIAN_POINT ( 'NONE',  ( 47.88361257808709581, 114.1081104814903995, -5.637034940206619993 ) ) ;
#1696 = FACE_OUTER_BOUND ( 'NONE', #2704, .T. ) ;
#1697 = CYLINDRICAL_SURFACE ( 'NONE', #2697, 2.149999999999999023 ) ;
#1698 = DIRECTION ( 'NONE',  ( 0.000000000000000000, 0.000000000000000000, 1.000000000000000000 ) ) ;
#1699 = CARTESIAN_POINT ( 'NONE',  ( -101.2172126960257401, 117.2224129180668797, -5.637034940206619993 ) ) ;
#1700 = CARTESIAN_POINT ( 'NONE',  ( -88.87837636864909996, 111.5439375143681957, -5.637034940206619993 ) ) ;
#1701 = LINE ( 'NONE', #1954, #154 ) ;
#1702 = DIRECTION ( 'NONE',  ( -0.000000000000000000, -0.000000000000000000, 1.000000000000000000 ) ) ;
#1703 = EDGE_CURVE ( 'NONE', #2186, #2186, #1038, .T. ) ;
#1704 = ORIENTED_EDGE ( 'NONE', *, *, #375, .F. ) ;
#1705 = DIRECTION ( 'NONE',  ( -1.000000000000000000, 0.000000000000000000, 0.000000000000000000 ) ) ;
#1706 = VECTOR ( 'NONE', #2597, 1000.000000000000000 ) ;
#1707 = CARTESIAN_POINT ( 'NONE',  ( 49.02526391645219661, 168.6899773882574891, -5.637034940206619993 ) ) ;
#1708 = AXIS2_PLACEMENT_3D ( 'NONE', #1409, #1062, #1223 ) ;
#1709 = FACE_OUTER_BOUND ( 'NONE', #1389, .T. ) ;
#1710 = CONICAL_SURFACE ( 'NONE', #413, 5.999996634296040021, 0.7853981633974581600 ) ;
#1711 = CARTESIAN_POINT ( 'NONE',  ( 52.68906548734869943, 169.4058623734529760, -11.63703494020661999 ) ) ;
#1712 = CARTESIAN_POINT ( 'NONE',  ( 48.96917458858600014, 113.1641819867080017, -11.63703494020661999 ) ) ;
#1713 = FACE_OUTER_BOUND ( 'NONE', #772, .T. ) ;
#1714 = LINE ( 'NONE', #452, #1706 ) ;
#1715 = CARTESIAN_POINT ( 'NONE',  ( -34.15607550369274747, 165.4296532782069846, -5.637034940206619993 ) ) ;
#1716 = CARTESIAN_POINT ( 'NONE',  ( -73.68347614841870552, 107.9845248831433935, -5.637034940206619993 ) ) ;
#1717 = CARTESIAN_POINT ( 'NONE',  ( -64.65797411188360400, 176.5918866706734889, -6.637034940206600453 ) ) ;
#1718 = CARTESIAN_POINT ( 'NONE',  ( -111.9998149146377955, 154.8877575409740075, -6.637034940206600453 ) ) ;
#1719 = ORIENTED_EDGE ( 'NONE', *, *, #2411, .T. ) ;
#1720 = CARTESIAN_POINT ( 'NONE',  ( -85.99460880945369468, 172.2446678319180080, -5.637034940206619993 ) ) ;
#1721 = CARTESIAN_POINT ( 'NONE',  ( 48.76189914943349635, 168.7055374009679838, -5.637034940206619993 ) ) ;
#1722 = EDGE_LOOP ( 'NONE', ( #2060 ) ) ;
#1723 = B_SPLINE_CURVE_WITH_KNOTS ( 'NONE', 2,
 ( #842, #607, #5, #2094, #1728, #2541, #619, #2120, #1882, #412, #1478 ),
 .UNSPECIFIED., .F., .F.,
 ( 3, 2, 2, 2, 2, 3 ),
 ( 0.000000000000000000, 0.1250000000000000000, 0.2500000000000000000, 0.5000000000000000000, 0.7500000000000000000, 1.000000000000000000 ),
 .UNSPECIFIED. ) ;
#1724 = ADVANCED_FACE ( 'NONE', ( #1988 ), #2481, .T. ) ;
#1725 = CARTESIAN_POINT ( 'NONE',  ( 3.993924496549960068, 157.4296532796704753, -11.63703494020661999 ) ) ;
#1726 = CARTESIAN_POINT ( 'NONE',  ( 52.44470644523129721, 114.4364005821829835, -5.637034940206619993 ) ) ;
#1727 = DIRECTION ( 'NONE',  ( 1.000000000000000000, 0.000000000000000000, 0.000000000000000000 ) ) ;
#1728 = CARTESIAN_POINT ( 'NONE',  ( -91.70407725598720106, 111.5160981793495978, -6.637034940206600453 ) ) ;
#1729 = DIRECTION ( 'NONE',  ( -1.000000000000000000, 0.000000000000000000, 0.000000000000000000 ) ) ;
#1730 = CARTESIAN_POINT ( 'NONE',  ( 45.49864757215340205, 113.0002997828584057, -6.637034940206600453 ) ) ;
#1731 = CARTESIAN_POINT ( 'NONE',  ( -97.45203909555259258, 115.1807439477824033, -5.637034940206619993 ) ) ;
#1732 = CARTESIAN_POINT ( 'NONE',  ( -56.24489085926759913, 176.3554355288649731, -6.637034940206600453 ) ) ;
#1733 = CARTESIAN_POINT ( 'NONE',  ( -114.1586742423744028, 150.0108907474655098, -6.637034940206589795 ) ) ;
#1734 = EDGE_LOOP ( 'NONE', ( #2217 ) ) ;
#1735 = CARTESIAN_POINT ( 'NONE',  ( -77.16866326170669765, 174.3324719202229858, -5.637034940206619993 ) ) ;
#1736 = CARTESIAN_POINT ( 'NONE',  ( 49.99035472927300106, 168.6240152918020101, -5.637034940206619993 ) ) ;
#1737 = ORIENTED_EDGE ( 'NONE', *, *, #2482, .F. ) ;
#1738 = CARTESIAN_POINT ( 'NONE',  ( -32.00607550369274890, 165.4296532782069846, -5.637034940206619993 ) ) ;
#1739 = EDGE_CURVE ( 'NONE', #501, #1642, #1363, .T. ) ;
#1740 = DIRECTION ( 'NONE',  ( 1.000000000000000000, 0.000000000000000000, 0.000000000000000000 ) ) ;
#1741 = CYLINDRICAL_SURFACE ( 'NONE', #1308, 2.149999999999999911 ) ;
#1742 = CARTESIAN_POINT ( 'NONE',  ( -73.81620925972340785, 106.9933547723824034, -6.637034940206589795 ) ) ;
#1743 = FACE_OUTER_BOUND ( 'NONE', #799, .T. ) ;
#1744 = DIRECTION ( 'NONE',  ( -0.000000000000000000, -0.000000000000000000, 1.000000000000000000 ) ) ;
#1745 = CARTESIAN_POINT ( 'NONE',  ( -57.17324954689730276, 107.4420781466249935, -5.637034940206619993 ) ) ;
#1746 = CARTESIAN_POINT ( 'NONE',  ( -78.85071078969021130, 175.0351058237264965, -6.637034940206589795 ) ) ;
#1747 = CARTESIAN_POINT ( 'NONE',  ( -109.4651641610999917, 158.8562723024604963, -6.637034940206600453 ) ) ;
#1748 = ORIENTED_EDGE ( 'NONE', *, *, #2448, .T. ) ;
#1749 = CARTESIAN_POINT ( 'NONE',  ( -99.45576472090790787, 166.6200449825740009, -5.637034940206619993 ) ) ;
#1750 = CARTESIAN_POINT ( 'NONE',  ( -115.8731207112464006, 141.8885635935509981, -6.637034940206600453 ) ) ;
#1751 = AXIS2_PLACEMENT_3D ( 'NONE', #2147, #2404, #2363 ) ;
#1752 = VERTEX_POINT ( 'NONE', #1738 ) ;
#1753 = AXIS2_PLACEMENT_3D ( 'NONE', #118, #2047, #132 ) ;
#1754 = CARTESIAN_POINT ( 'NONE',  ( 47.14892399185940519, 169.7862477274255184, -11.63703494020661999 ) ) ;
#1755 = DIRECTION ( 'NONE',  ( 1.000000000000000000, 0.000000000000000000, 0.000000000000000000 ) ) ;
#1756 = CARTESIAN_POINT ( 'NONE',  ( -62.10981315770330013, 106.2459132407432065, -6.637034940206600453 ) ) ;
#1757 = DIRECTION ( 'NONE',  ( -1.000000000000000000, 0.000000000000000000, 0.000000000000000000 ) ) ;
#1758 = LINE ( 'NONE', #453, #459 ) ;
#1759 = CARTESIAN_POINT ( 'NONE',  ( -57.29904717114830248, 107.4333775245911937, -5.637034940206619993 ) ) ;
#1760 = CARTESIAN_POINT ( 'NONE',  ( -97.90606680733179701, 168.5695249957139765, -6.637034940206589795 ) ) ;
#1761 = CARTESIAN_POINT ( 'NONE',  ( 46.78535554070155911, 114.0579554537796980, -5.637034942633468937 ) ) ;
#1762 = ORIENTED_EDGE ( 'NONE', *, *, #610, .T. ) ;
#1763 = CARTESIAN_POINT ( 'NONE',  ( -102.1536018092126028, 166.2521516777260047, -11.63703494020661999 ) ) ;
#1764 = CARTESIAN_POINT ( 'NONE',  ( 48.49846335528889796, 168.7200064551265086, -5.637034940206619993 ) ) ;
#1765 = EDGE_LOOP ( 'NONE', ( #1832, #881, #200, #1789 ) ) ;
#1766 = VERTEX_POINT ( 'NONE', #1559 ) ;
#1767 = CARTESIAN_POINT ( 'NONE',  ( -115.6024628650819892, 145.4169030452671905, -11.63703494020661999 ) ) ;
#1768 = DIRECTION ( 'NONE',  ( -0.04526060716610690038, -0.7056567702778308027, -0.7071067811865588970 ) ) ;
#1769 = CARTESIAN_POINT ( 'NONE',  ( -67.72798237722700776, 106.3992098168274083, -6.637034940206589795 ) ) ;
#1770 = CARTESIAN_POINT ( 'NONE',  ( 50.99113183640299951, 169.5485865136139978, -11.63703494020661999 ) ) ;
#1771 = CARTESIAN_POINT ( 'NONE',  ( 45.11922658739729286, 169.8777163416700091, -6.637034940206589795 ) ) ;
#1772 = CARTESIAN_POINT ( 'NONE',  ( -56.07252026463460481, 107.5182070210956056, -5.637034940206619993 ) ) ;
#1773 = CARTESIAN_POINT ( 'NONE',  ( -90.65038991970780557, 171.7439812786735160, -6.637034940206600453 ) ) ;
#1774 = CARTESIAN_POINT ( 'NONE',  ( -113.4005518038705986, 149.1335962779936040, -5.637034940206619993 ) ) ;
#1775 = ORIENTED_EDGE ( 'NONE', *, *, #1161, .T. ) ;
#1776 = ADVANCED_FACE ( 'NONE', ( #2085 ), #1544, .T. ) ;
#1777 = CARTESIAN_POINT ( 'NONE',  ( -94.04228734377109333, 169.2972397491079732, -5.637034940206619993 ) ) ;
#1778 = CARTESIAN_POINT ( 'NONE',  ( -106.6629108411005973, 160.7280362587750062, -5.637034940206619993 ) ) ;
#1779 = ORIENTED_EDGE ( 'NONE', *, *, #528, .F. ) ;
#1780 = VERTEX_POINT ( 'NONE', #912 ) ;
#1781 = CARTESIAN_POINT ( 'NONE',  ( 48.99564123280710248, 169.6935457031329975, -11.63703494020661999 ) ) ;
#1782 = DIRECTION ( 'NONE',  ( -1.000000000000000000, 0.000000000000000000, 0.000000000000000000 ) ) ;
#1783 = CARTESIAN_POINT ( 'NONE',  ( -92.08622323958290679, 111.6650196634132044, -6.637034940206589795 ) ) ;
#1784 = CARTESIAN_POINT ( 'NONE',  ( -68.91009507525920696, 110.4938693838374064, -11.63703494020661999 ) ) ;
#1785 = CARTESIAN_POINT ( 'NONE',  ( 46.96113164911479743, 169.7945719284664960, -6.637034940206589795 ) ) ;
#1786 = LINE ( 'NONE', #2437, #1584 ) ;
#1787 = CARTESIAN_POINT ( 'NONE',  ( -56.69137077016050341, 175.3839260180459974, -5.637034940206619993 ) ) ;
#1788 = SURFACE_STYLE_USAGE ( .BOTH. , #85 ) ;
#1789 = ORIENTED_EDGE ( 'NONE', *, *, #1161, .F. ) ;
#1790 = CARTESIAN_POINT ( 'NONE',  ( -66.14780746797829636, 175.5413392957804888, -5.637034940206619993 ) ) ;
#1791 = ADVANCED_FACE ( 'NONE', ( #2301 ), #1246, .F. ) ;
#1792 = CARTESIAN_POINT ( 'NONE',  ( -114.5350152883411994, 133.9951240829301753, -11.63703494020661999 ) ) ;
#1793 = EDGE_LOOP ( 'NONE', ( #2380, #1540, #169, #325 ) ) ;
#1794 = CARTESIAN_POINT ( 'NONE',  ( -57.29584770770189550, 176.4281212175767166, -6.637034914025958798 ) ) ;
#1795 = LINE ( 'NONE', #2415, #1174 ) ;
#1796 = AXIS2_PLACEMENT_3D ( 'NONE', #1084, #635, #1938 ) ;
#1797 = CARTESIAN_POINT ( 'NONE',  ( -96.87769269832530483, 113.7765487455329918, -6.637034940206589795 ) ) ;
#1798 = CARTESIAN_POINT ( 'NONE',  ( 49.82022140258700205, 169.6444301974914879, -6.637034940206600453 ) ) ;
#1799 = FACE_OUTER_BOUND ( 'NONE', #2457, .T. ) ;
#1800 = CIRCLE ( 'NONE', #2158, 2.149999999999999023 ) ;
#1801 = CARTESIAN_POINT ( 'NONE',  ( -102.1532498787623950, 116.6069525933791908, -6.637034940206600453 ) ) ;
#1802 = CARTESIAN_POINT ( 'NONE',  ( -55.05561092773620402, 175.2707941009489900, -5.637034940206619993 ) ) ;
#1803 = FACE_OUTER_BOUND ( 'NONE', #1652, .T. ) ;
#1804 = ORIENTED_EDGE ( 'NONE', *, *, #1347, .F. ) ;
#1805 = CARTESIAN_POINT ( 'NONE',  ( -57.40912049459539901, 107.4257734848871877, -5.637034940206619993 ) ) ;
#1806 = CARTESIAN_POINT ( 'NONE',  ( -113.7455813367135988, 148.0333918652870011, -5.637034940206619993 ) ) ;
#1807 = ORIENTED_EDGE ( 'NONE', *, *, #955, .F. ) ;
#1808 = CARTESIAN_POINT ( 'NONE',  ( -67.72032396362364182, 176.4605927571246298, -6.637034914025962351 ) ) ;
#1809 = CARTESIAN_POINT ( 'NONE',  ( 47.05613693847669765, 169.7903738161205069, -11.63703494020661999 ) ) ;
#1810 = ADVANCED_FACE ( 'NONE', ( #185 ), #2073, .F. ) ;
#1811 = CARTESIAN_POINT ( 'NONE',  ( -114.1539511762448029, 132.8349665361386087, -6.637034940206600453 ) ) ;
#1812 = CARTESIAN_POINT ( 'NONE',  ( -57.42034386912360588, 106.4226869619487843, -6.637034940206600453 ) ) ;
#1813 = CARTESIAN_POINT ( 'NONE',  ( 42.74759813209005443, 113.8500252038099916, -5.637034940206619993 ) ) ;
#1814 = CARTESIAN_POINT ( 'NONE',  ( 47.40207942528439844, 169.7748708398254962, -6.637034940206600453 ) ) ;
#1815 = CARTESIAN_POINT ( 'NONE',  ( -111.3905846028341955, 128.9551246131382243, -5.637034940206619993 ) ) ;
#1816 = CARTESIAN_POINT ( 'NONE',  ( -61.60383740693720256, 175.6077055592419924, -5.637034940206619993 ) ) ;
#1817 = CARTESIAN_POINT ( 'NONE',  ( -109.3287795174820047, 157.3305491602525024, -5.637034940206619993 ) ) ;
#1818 = ORIENTED_EDGE ( 'NONE', *, *, #2648, .T. ) ;
#1819 = DIRECTION ( 'NONE',  ( 1.000000000000000000, 0.000000000000000000, 0.000000000000000000 ) ) ;
#1820 = CARTESIAN_POINT ( 'NONE',  ( -110.5579779395132078, 155.4035687789205156, -5.637034940206619993 ) ) ;
#1821 = ORIENTED_EDGE ( 'NONE', *, *, #698, .F. ) ;
#1822 = CARTESIAN_POINT ( 'NONE',  ( -58.14352925885720680, 176.4821175352058731, -6.637034914025962351 ) ) ;
#1823 = FACE_BOUND ( 'NONE', #1588, .T. ) ;
#1824 = CARTESIAN_POINT ( 'NONE',  ( -34.15607550160080308, 117.4296532779341931, -5.637034940206619993 ) ) ;
#1825 = EDGE_CURVE ( 'NONE', #1377, #2443, #1290, .T. ) ;
#1826 = CARTESIAN_POINT ( 'NONE',  ( -102.4509130942482074, 116.8076960344995996, -11.63703494020661999 ) ) ;
#1827 = CARTESIAN_POINT ( 'NONE',  ( 46.60999469247899896, 169.8100826630805216, -6.637034940206589795 ) ) ;
#1828 = CARTESIAN_POINT ( 'NONE',  ( -111.7219297781475973, 127.4813093347266175, -6.637034940206600453 ) ) ;
#1829 = B_SPLINE_CURVE_WITH_KNOTS ( 'NONE', 3,
 ( #423, #1684, #1711, #1961, #48, #2020, #1365, #2622, #300, #271, #1182, #2219, #1123, #1137, #2401, #1976, #1992, #107, #1152, #1346, #313, #478, #2234, #286, #1781, #734, #1333, #1591, #957, #748, #1754, #1809, #1576, #2006, #92, #2205, #508, #2635 ),
 .UNSPECIFIED., .F., .F.,
 ( 4, 1, 1, 2, 2, 1, 1, 1, 1, 1, 1, 2, 2, 1, 1, 1, 1, 1, 2, 2, 1, 1, 1, 1, 1, 2, 2, 4 ),
 ( 0.000000000000000000, 0.06249999999997789962, 0.09374999999996640188, 0.1093749999999606010, 0.1249999999999550082, 0.1874999999999349964, 0.2187499999999265032, 0.2343749999999205080, 0.2421874999999170108, 0.2460937499999175104, 0.2480468749999175104, 0.2490234374999174827, 0.2499999999999175104, 0.3749999999999774625, 0.4375000000000079936, 0.4687500000000229816, 0.4843750000000309752, 0.4921875000000339728, 0.4960937500000350275, 0.5000000000000369704, 0.6250000000000239808, 0.6875000000000189848, 0.7187500000000159872, 0.7343750000000159872, 0.7421875000000169864, 0.7460937500000169864, 0.7500000000000179856, 1.000000000000000000 ),
 .UNSPECIFIED. ) ;
#1830 = CARTESIAN_POINT ( 'NONE',  ( -94.04228734377109333, 169.2972397491079732, -5.637034940206619993 ) ) ;
#1831 = CARTESIAN_POINT ( 'NONE',  ( -110.5579779395132078, 155.4035687789205156, -5.637034940206619993 ) ) ;
#1832 = ORIENTED_EDGE ( 'NONE', *, *, #1519, .F. ) ;
#1833 = CARTESIAN_POINT ( 'NONE',  ( -58.57921950271850164, 175.5047998399190021, -5.637034940206619993 ) ) ;
#1834 = DIRECTION ( 'NONE',  ( -0.000000000000000000, -0.000000000000000000, 1.000000000000000000 ) ) ;
#1835 = EDGE_LOOP ( 'NONE', ( #2686, #1092, #756, #2479 ) ) ;
#1836 = CARTESIAN_POINT ( 'NONE',  ( -68.98722773792179908, 106.4877362750125940, -11.63703494020661999 ) ) ;
#1837 = CARTESIAN_POINT ( 'NONE',  ( -2.156075503692740369, 165.4296532797129942, -1.637034940206620215 ) ) ;
#1838 = CARTESIAN_POINT ( 'NONE',  ( -114.8647733956525911, 135.1117685314999903, -6.637034940206600453 ) ) ;
#1839 = CARTESIAN_POINT ( 'NONE',  ( 47.00522919296989954, 113.0666788753843974, -6.637034940206589795 ) ) ;
#1840 = CARTESIAN_POINT ( 'NONE',  ( 46.91715544569109397, 168.7955393478414976, -5.637034940206619993 ) ) ;
#1841 = EDGE_CURVE ( 'NONE', #448, #448, #191, .T. ) ;
#1842 = AXIS2_PLACEMENT_3D ( 'NONE', #927, #689, #78 ) ;
#1843 = CARTESIAN_POINT ( 'NONE',  ( -112.5950985270674067, 131.5508205072231931, -5.637034940206619993 ) ) ;
#1844 = CARTESIAN_POINT ( 'NONE',  ( -77.16866326170669765, 174.3324719202229858, -5.637034940206619993 ) ) ;
#1845 = VECTOR ( 'NONE', #163, 1000.000000000000000 ) ;
#1846 = ORIENTED_EDGE ( 'NONE', *, *, #1347, .T. ) ;
#1847 = CARTESIAN_POINT ( 'NONE',  ( -57.29993545071400263, 106.4309274163677941, -11.63703494020661999 ) ) ;
#1848 = EDGE_CURVE ( 'NONE', #822, #2184, #63, .T. ) ;
#1849 = AXIS2_PLACEMENT_3D ( 'NONE', #97, #946, #1099 ) ;
#1850 = DIRECTION ( 'NONE',  ( -1.000000000000000000, 0.000000000000000000, 0.000000000000000000 ) ) ;
#1851 = ORIENTED_EDGE ( 'NONE', *, *, #1368, .T. ) ;
#1852 = CARTESIAN_POINT ( 'NONE',  ( -57.29993545071400263, 106.4309274163680072, -11.63703494020661999 ) ) ;
#1853 = FACE_OUTER_BOUND ( 'NONE', #564, .T. ) ;
#1854 = CARTESIAN_POINT ( 'NONE',  ( -114.0542165741159977, 132.5542868023165965, -6.637034940206589795 ) ) ;
#1855 = CARTESIAN_POINT ( 'NONE',  ( 45.82014399652820202, 113.0138942350565969, -6.637034940206589795 ) ) ;
#1856 = CARTESIAN_POINT ( 'NONE',  ( 45.07204271680960517, 168.8788286667135026, -5.637034940206619993 ) ) ;
#1857 = CARTESIAN_POINT ( 'NONE',  ( -108.1274871564576046, 123.8949010589373927, -5.637034940206619993 ) ) ;
#1858 = CARTESIAN_POINT ( 'NONE',  ( -65.13884085828509285, 175.5783539159270106, -5.637034940206619993 ) ) ;
#1859 = EDGE_LOOP ( 'NONE', ( #1374, #1959, #1851, #544 ) ) ;
#1860 = B_SPLINE_CURVE_WITH_KNOTS ( 'NONE', 1,
 ( #1685, #1675 ),
 .UNSPECIFIED., .F., .F.,
 ( 2, 2 ),
 ( 0.000000000000000000, 1.000000000000000000 ),
 .UNSPECIFIED. ) ;
#1861 = CARTESIAN_POINT ( 'NONE',  ( -87.44210164465550861, 111.0645626472613969, -5.637034940206619993 ) ) ;
#1862 = CARTESIAN_POINT ( 'NONE',  ( 48.26209653331699911, 113.1220524696294092, -6.637034940206600453 ) ) ;
#1863 = ADVANCED_FACE ( 'NONE', ( #1115 ), #269, .F. ) ;
#1864 = VERTEX_POINT ( 'NONE', #964 ) ;
#1865 = CARTESIAN_POINT ( 'NONE',  ( -57.28286857482099492, 176.4272247795004773, -6.637034940206600453 ) ) ;
#1866 = CARTESIAN_POINT ( 'NONE',  ( -96.87687526960201012, 169.0831787222122387, -6.637034914025962351 ) ) ;
#1867 = CARTESIAN_POINT ( 'NONE',  ( 10.97092911238696011, 171.0474270922139794, -5.637034940206619993 ) ) ;
#1868 = CARTESIAN_POINT ( 'NONE',  ( -106.4640617309778037, 121.9036704776076050, -5.637034940206619993 ) ) ;
#1869 = CARTESIAN_POINT ( 'NONE',  ( 52.00347977317520076, 113.3955279445626019, -6.637034940206600453 ) ) ;
#1870 = CARTESIAN_POINT ( 'NONE',  ( 47.70790544629460328, 168.7595750778719719, -5.637034940206619993 ) ) ;
#1871 = CARTESIAN_POINT ( 'NONE',  ( -110.5581775962261872, 127.4560956256232060, -5.637034940206619993 ) ) ;
#1872 = CARTESIAN_POINT ( 'NONE',  ( -91.95155548902118881, 170.1718472220184992, -5.637034940206619993 ) ) ;
#1873 = CARTESIAN_POINT ( 'NONE',  ( 52.03628989667040372, 313.8422321448010166, -11.63703494020661999 ) ) ;
#1874 = CARTESIAN_POINT ( 'NONE',  ( -101.6548247617099889, 117.4738853747283969, -5.637034940206619993 ) ) ;
#1875 = CARTESIAN_POINT ( 'NONE',  ( 52.70763654937886145, 114.4584406989981602, -5.637034942633468937 ) ) ;
#1876 = ORIENTED_EDGE ( 'NONE', *, *, #2327, .F. ) ;
#1877 = CARTESIAN_POINT ( 'NONE',  ( -77.34348656882571049, 175.3170909521445253, -6.637034914025951693 ) ) ;
#1878 = CARTESIAN_POINT ( 'NONE',  ( 25.99392449805660021, 117.4296532796703900, -11.63703494020661999 ) ) ;
#1879 = CARTESIAN_POINT ( 'NONE',  ( 49.88720684972140162, 113.2250142030620026, -6.637034940206600453 ) ) ;
#1880 = CARTESIAN_POINT ( 'NONE',  ( -99.28361452952461264, 114.9578987356254061, -11.63703494020661999 ) ) ;
#1881 = CARTESIAN_POINT ( 'NONE',  ( -80.46090094993769526, 174.7001469494234982, -6.637034940206600453 ) ) ;
#1882 = CARTESIAN_POINT ( 'NONE',  ( -68.98722773792179908, 106.4877362750125940, -6.637034940206600453 ) ) ;
#1883 = EDGE_LOOP ( 'NONE', ( #1748 ) ) ;
#1884 = CARTESIAN_POINT ( 'NONE',  ( -69.17472221576440461, 107.5039276785433913, -5.637034940206619993 ) ) ;
#1885 = CARTESIAN_POINT ( 'NONE',  ( -98.56830208168450724, 115.7624523965459957, -5.637034940206619993 ) ) ;
#1886 = CIRCLE ( 'NONE', #770, 144.1305048128825774 ) ;
#1887 = CARTESIAN_POINT ( 'NONE',  ( 48.41063971081604222, 114.1346602729682900, -5.637034942633468937 ) ) ;
#1888 = ORIENTED_EDGE ( 'NONE', *, *, #1004, .T. ) ;
#1889 = AXIS2_PLACEMENT_3D ( 'NONE', #383, #1316, #894 ) ;
#1890 = CARTESIAN_POINT ( 'NONE',  ( -75.32597584885547803, 175.6498504906937512, -6.637034914025962351 ) ) ;
#1891 = CIRCLE ( 'NONE', #684, 2.149999999999999023 ) ;
#1892 = B_SPLINE_CURVE_WITH_KNOTS ( 'NONE', 3,
 ( #1921, #4, #1292, #857, #1936, #2757, #2145, #2529, #596, #1477, #632, #398, #1896, #2310, #229, #606, #2132, #216, #1712, #1467, #1491, #806, #1253, #2333, #2105, #192, #1042, #2747, #841, #830, #411, #1267, #2119, #205, #2568, #1053, #704, #2388, #1138 ),
 .UNSPECIFIED., .F., .F.,
 ( 4, 1, 1, 1, 1, 1, 2, 2, 1, 1, 1, 1, 1, 2, 2, 1, 1, 1, 1, 1, 1, 1, 2, 2, 1, 1, 2, 2, 4 ),
 ( 0.000000000000000000, 0.1249999999999712036, 0.1874999999999569789, 0.2187499999999495126, 0.2343749999999459876, 0.2421874999999434896, 0.2460937499999429900, 0.2499999999999424904, 0.3749999999999384936, 0.4374999999999359956, 0.4687499999999369948, 0.4843749999999369948, 0.4921874999999359956, 0.4960937499999349964, 0.4999999999999339972, 0.6249999999999870104, 0.6875000000000139888, 0.7187500000000279776, 0.7343750000000349720, 0.7421875000000389688, 0.7460937500000409672, 0.7480468750000399680, 0.7490234375000399680, 0.7500000000000399680, 0.8125000000000259792, 0.8437500000000209832, 0.8593750000000179856, 0.8750000000000149880, 1.000000000000000000 ),
 .UNSPECIFIED. ) ;
#1893 = CARTESIAN_POINT ( 'NONE',  ( -109.8005412835161962, 126.2409503795229853, -5.637034940206619993 ) ) ;
#1894 = EDGE_CURVE ( 'NONE', #2368, #2184, #1567, .T. ) ;
#1895 = CARTESIAN_POINT ( 'NONE',  ( 44.89634979262385173, 113.9718421333089964, -5.637034940206619993 ) ) ;
#1896 = CARTESIAN_POINT ( 'NONE',  ( 48.51757397841859643, 113.1387493359369927, -11.63703494020661999 ) ) ;
#1897 = CARTESIAN_POINT ( 'NONE',  ( -98.79023669490899806, 166.9784757774010018, -5.637034940206619993 ) ) ;
#1898 = B_SPLINE_SURFACE_WITH_KNOTS ( 'NONE', 1, 3, ( 
 ( #872, #2569, #647, #1505, #2362, #1937, #22, #2582, #661, #1518, #181, #1026, #1592, #2417, #1797, #2595, #2163, #1126, #2208, #50, #2403, #246, #943, #1532, #1783, #80, #929, #674, #1994, #1950, #2654, #915, #510, #1979, #36, #1139, #2447, #737, #2175, #2389, #1335, #1096, #480, #885, #468, #2434, #302, #1307, #1742, #1110, #288, #260, #2189, #273, #1769, #68, #2637, #2624, #1321, #1963, #899, #1756, #2611, #1154, #691, #705, #1562, #2008, #1548, #494, #719, #1350, #1578, #94, #1367, #2221, #1382, #1812, #2236, #2667, #749, #1604, #524, #315, #1168, #2023, #959, #110, #209, #1283, #1901, #1482, #2097, #25, #611, #861 ),
 ( #1071, #1030, #875, #2762, #2365, #1058, #1885, #221, #664, #1731, #1257, #1471, #416, #184, #2339, #2739, #2325, #1508, #2150, #2585, #824, #197, #2137, #2110, #1271, #2124, #845, #1913, #1926, #1700, #1679, #2534, #403, #1046, #2751, #234, #835, #2557, #637, #1086, #1690, #2545, #9, #1495, #2352, #1940, #428, #622, #1716, #2572, #650, #442, #1297, #1522, #391, #1245, #276, #2599, #483, #1537, #1998, #1967, #694, #708, #1338, #305, #904, #678, #513, #1157, #1130, #39, #2392, #889, #2011, #71, #1983, #919, #2640, #263, #53, #1953, #932, #1759, #2193, #2211, #1745, #292, #1582, #2224, #457, #723, #1772, #1565, #2420, #2615 ) ),
 .UNSPECIFIED., .F., .F., .F.,
 ( 2, 2 ),
 ( 4, 2, 2, 2, 2, 2, 2, 2, 2, 2, 2, 2, 2, 2, 2, 2, 2, 2, 2, 2, 2, 2, 2, 2, 2, 2, 2, 2, 2, 2, 2, 2, 2, 2, 2, 2, 2, 2, 2, 2, 2, 2, 2, 2, 2, 2, 2, 4 ),
 ( 0.000000000000000000, 1.000000000000000000 ),
 ( 0.000000000000000000, 0.001509181179304224961, 0.003018362358608449921, 0.003772952948260560341, 0.004527543537912669461, 0.005282134127564780748, 0.005659429422390839862, 0.006036724717216899842, 0.006791315306869009395, 0.007545905896521119816, 0.009055087075825340656, 0.01056426825512955976, 0.01131885884478167972, 0.01207344943443379968, 0.01358263061373802053, 0.01509181179304225004, 0.01660099297234644833, 0.01811017415165070213, 0.02112853651025915075, 0.02263771768956334904, 0.02414689886886759937, 0.02565608004817180113, 0.02716526122747604799, 0.02867444240678024975, 0.03018362358608450008, 0.03320198594469295217, 0.03471116712399715393, 0.03622034830330140426, 0.03772952948260560602, 0.03923871066190984941, 0.04074789184121405117, 0.04225707302051830150, 0.04376625419982249632, 0.04452084478947460067, 0.04489814008430065284, 0.04527543537912669808, 0.04546408302653970335, 0.04565273067395279882, 0.04584137832136579715, 0.04593570214507230326, 0.04598286405692560141, 0.04603002596877880243, 0.04612434979248539874, 0.04621867361619190484, 0.04640732126360489623, 0.04678461655843089984, 0.04753920714808310133, 0.04829379773773519874 ),
 .UNSPECIFIED. ) ;
#1899 = VERTEX_POINT ( 'NONE', #976 ) ;
#1900 = CARTESIAN_POINT ( 'NONE',  ( -83.08730330964539235, 109.8018562823420012, -5.637034940206619993 ) ) ;
#1901 = CARTESIAN_POINT ( 'NONE',  ( -56.63251103625590588, 106.4770879667280070, -6.637034940206589795 ) ) ;
#1902 = CARTESIAN_POINT ( 'NONE',  ( 51.33822221427149657, 113.3391334616198094, -11.63703494020661999 ) ) ;
#1903 = EDGE_LOOP ( 'NONE', ( #505 ) ) ;
#1904 = CARTESIAN_POINT ( 'NONE',  ( -92.32217298583420018, 171.1006408264111087, -6.637034914025951693 ) ) ;
#1905 = CARTESIAN_POINT ( 'NONE',  ( -111.9008807817329938, 129.9782384696737836, -5.637034940206619993 ) ) ;
#1906 = CARTESIAN_POINT ( 'NONE',  ( 46.91715558828750687, 114.0637672205370023, -5.637034940206619993 ) ) ;
#1907 = CARTESIAN_POINT ( 'NONE',  ( -91.65571522852010844, 171.3619380534395020, -6.637034940206600453 ) ) ;
#1908 = ADVANCED_FACE ( 'NONE', ( #1803, #2422 ), #2685, .F. ) ;
#1909 = FACE_OUTER_BOUND ( 'NONE', #1883, .T. ) ;
#1910 = MANIFOLD_SOLID_BREP ( 'NONE', #1033 ) ;
#1911 = CARTESIAN_POINT ( 'NONE',  ( -113.4803131445535911, 152.2703064600044911, -6.637034940206600453 ) ) ;
#1912 = CARTESIAN_POINT ( 'NONE',  ( -81.12819397311780278, 109.3311755324252061, -5.637034940206619993 ) ) ;
#1913 = CARTESIAN_POINT ( 'NONE',  ( -90.30593766786199694, 112.0541680088248029, -5.637034940206619993 ) ) ;
#1914 = CARTESIAN_POINT ( 'NONE',  ( -59.29164101410809451, 176.5406024062810104, -6.637034940206589795 ) ) ;
#1915 = CARTESIAN_POINT ( 'NONE',  ( -102.2259988396263992, 166.2278121046280148, -6.637034940206600453 ) ) ;
#1916 = VERTEX_POINT ( 'NONE', #651 ) ;
#1917 = CARTESIAN_POINT ( 'NONE',  ( 52.03628989667040372, 313.8422321448010166, -6.637034940206600453 ) ) ;
#1918 = CARTESIAN_POINT ( 'NONE',  ( 52.81512496776993970, 168.3919357826721637, -5.637034940206619993 ) ) ;
#1919 = CARTESIAN_POINT ( 'NONE',  ( -103.6193869434162025, 119.0610252805560094, -5.637034940206619993 ) ) ;
#1920 = CARTESIAN_POINT ( 'NONE',  ( 52.61999172723850648, 114.4511114412560033, -5.637034940206619993 ) ) ;
#1921 = CARTESIAN_POINT ( 'NONE',  ( 44.94555193603520138, 112.9730532922200013, -11.63703494020661999 ) ) ;
#1922 = CARTESIAN_POINT ( 'NONE',  ( -102.0393769054032163, 165.5271273886234837, -5.970368273539939707 ) ) ;
#1923 = FACE_OUTER_BOUND ( 'NONE', #2712, .T. ) ;
#1924 = EDGE_CURVE ( 'NONE', #2621, #2621, #1356, .T. ) ;
#1925 = CARTESIAN_POINT ( 'NONE',  ( -97.01579185796271076, 113.8442987408983953, -11.63703494020661999 ) ) ;
#1926 = CARTESIAN_POINT ( 'NONE',  ( -89.83151859155309182, 111.8808017608366043, -5.637034940206619993 ) ) ;
#1927 = CARTESIAN_POINT ( 'NONE',  ( -66.70090927078061327, 176.5169421281480027, -6.637034940206589795 ) ) ;
#1928 = CARTESIAN_POINT ( 'NONE',  ( -107.8012423111260034, 160.9428836176345214, -6.637034940206589795 ) ) ;
#1929 = VERTEX_POINT ( 'NONE', #2366 ) ;
#1930 = EDGE_CURVE ( 'NONE', #238, #2423, #1701, .T. ) ;
#1931 = CARTESIAN_POINT ( 'NONE',  ( -79.64653443018819701, 173.8530583456784768, -5.637034940206619993 ) ) ;
#1932 = CARTESIAN_POINT ( 'NONE',  ( 46.96108880565739696, 168.7936023976345155, -5.637034940206619993 ) ) ;
#1933 = VERTEX_POINT ( 'NONE', #19 ) ;
#1934 = MECHANICAL_DESIGN_GEOMETRIC_PRESENTATION_REPRESENTATION (  '', ( #2386 ), #2343 ) ;
#1935 = CARTESIAN_POINT ( 'NONE',  ( 52.81719751822490139, 114.4675429857893931, -5.637034940206619993 ) ) ;
#1936 = CARTESIAN_POINT ( 'NONE',  ( 46.55171713902549868, 113.0466435676712109, -11.63703494020661999 ) ) ;
#1937 = CARTESIAN_POINT ( 'NONE',  ( -99.26228418440349799, 114.9992206658877905, -6.637034940206600453 ) ) ;
#1938 = DIRECTION ( 'NONE',  ( 1.000000000000000000, 0.000000000000000000, 0.000000000000000000 ) ) ;
#1939 = CARTESIAN_POINT ( 'NONE',  ( -63.05086155274310045, 106.0331806330620026, -11.63703494020661999 ) ) ;
#1940 = CARTESIAN_POINT ( 'NONE',  ( -75.67973894023370462, 108.2765256119674007, -5.637034940206619993 ) ) ;
#1941 = CARTESIAN_POINT ( 'NONE',  ( -65.16927550971419691, 176.5779100934879864, -6.637034940206589795 ) ) ;
#1942 = CARTESIAN_POINT ( 'NONE',  ( -103.3865044344917976, 165.3186526336505153, -6.637034940206589795 ) ) ;
#1943 = ORIENTED_EDGE ( 'NONE', *, *, #1894, .T. ) ;
#1944 = B_SPLINE_SURFACE_WITH_KNOTS ( 'NONE', 2, 1, ( 
 ( #389, #2095 ),
 ( #1028, #2323 ),
 ( #2542, #620 ),
 ( #1480, #2335 ),
 ( #414, #2057 ),
 ( #1269, #1911 ),
 ( #231, #1965 ),
 ( #1068, #247 ),
 ( #1295, #440 ) ),
 .UNSPECIFIED., .F., .F., .F.,
 ( 3, 2, 2, 2, 3 ),
 ( 2, 2 ),
 ( 0.000000000000000000, 0.2500000000000000000, 0.5000000000000000000, 0.7500000000000000000, 1.000000000000000000 ),
 ( 0.000000000000000000, 1.000000000000000000 ),
 .UNSPECIFIED. ) ;
#1945 = CARTESIAN_POINT ( 'NONE',  ( -95.41731183655929271, 168.6741010595034993, -5.637034940206619993 ) ) ;
#1946 = ADVANCED_FACE ( 'NONE', ( #2586 ), #1990, .F. ) ;
#1947 = CARTESIAN_POINT ( 'NONE',  ( -114.7872904871530011, 142.9691321973652123, -5.637034940206619993 ) ) ;
#1948 = CARTESIAN_POINT ( 'NONE',  ( 48.76189951078569607, 114.1537669582099994, -5.637034940206619993 ) ) ;
#1949 = CARTESIAN_POINT ( 'NONE',  ( -68.91009507525920696, 172.3654371755034731, -5.637034940206619993 ) ) ;
#1950 = CARTESIAN_POINT ( 'NONE',  ( -89.20492344814890373, 110.5987300352474136, -6.637034940206600453 ) ) ;
#1951 = FACE_OUTER_BOUND ( 'NONE', #1722, .T. ) ;
#1952 = CARTESIAN_POINT ( 'NONE',  ( 53.00248534341159967, 113.4794431813445925, -6.637034940206600453 ) ) ;
#1953 = CARTESIAN_POINT ( 'NONE',  ( -57.36194595310610822, 107.4290265382875873, -5.637034940206619993 ) ) ;
#1954 = CARTESIAN_POINT ( 'NONE',  ( -7.033267097547949653, 109.6550285745852023, -6.637034940206600453 ) ) ;
#1955 = CARTESIAN_POINT ( 'NONE',  ( 47.18075357587856189, 114.0754369581536025, -5.637034942633477819 ) ) ;
#1956 = ORIENTED_EDGE ( 'NONE', *, *, #1626, .F. ) ;
#1957 = FACE_OUTER_BOUND ( 'NONE', #746, .T. ) ;
#1958 = CARTESIAN_POINT ( 'NONE',  ( 51.04246188405340234, 168.5410426111629931, -5.637034940206619993 ) ) ;
#1959 = ORIENTED_EDGE ( 'NONE', *, *, #1739, .T. ) ;
#1960 = VERTEX_POINT ( 'NONE', #2143 ) ;
#1961 = CARTESIAN_POINT ( 'NONE',  ( 52.36934476956459861, 169.4327955011229960, -11.63703494020661999 ) ) ;
#1962 = CARTESIAN_POINT ( 'NONE',  ( -102.4509130740899963, 116.8076960602124075, -6.637034940206600453 ) ) ;
#1963 = CARTESIAN_POINT ( 'NONE',  ( -63.64329448041149107, 106.2491473758031901, -6.637034940206600453 ) ) ;
#1964 = B_SPLINE_SURFACE_WITH_KNOTS ( 'NONE', 2, 1, ( 
 ( #1040, #583 ),
 ( #1880, #985 ),
 ( #1408, #1364 ),
 ( #328, #2690 ),
 ( #2218, #552 ),
 ( #353, #1589 ),
 ( #747, #506 ),
 ( #299, #940 ),
 ( #1836, #1181 ),
 ( #1151, #2458 ),
 ( #1852, #312 ) ),
 .UNSPECIFIED., .F., .F., .F.,
 ( 3, 2, 2, 2, 2, 3 ),
 ( 2, 2 ),
 ( 0.000000000000000000, 0.1250000000000000000, 0.2500000000000000000, 0.5000000000000000000, 0.7500000000000000000, 1.000000000000000000 ),
 ( 0.000000000000000000, 1.000000000000000000 ),
 .UNSPECIFIED. ) ;
#1965 = CARTESIAN_POINT ( 'NONE',  ( -114.5326930768020048, 148.8716846985402071, -6.637034940206600453 ) ) ;
#1966 = CARTESIAN_POINT ( 'NONE',  ( -57.29993545071400263, 106.4309274163677941, -11.63703494020661999 ) ) ;
#1967 = CARTESIAN_POINT ( 'NONE',  ( -62.11729804718699910, 107.2459056867859886, -5.637034940206619993 ) ) ;
#1968 = CARTESIAN_POINT ( 'NONE',  ( -97.22111440509530667, 168.9138428524960034, -6.637034940206600453 ) ) ;
#1969 = CARTESIAN_POINT ( 'NONE',  ( -104.2849026946464051, 164.5454537006710041, -6.637034940206600453 ) ) ;
#1970 = ORIENTED_EDGE ( 'NONE', *, *, #1277, .T. ) ;
#1971 = CARTESIAN_POINT ( 'NONE',  ( -98.56794996318670599, 167.0970061606670072, -5.637034940206619993 ) ) ;
#1972 = CARTESIAN_POINT ( 'NONE',  ( 48.41063932618490639, 168.7246436542955053, -5.637034940206619993 ) ) ;
#1973 = VECTOR ( 'NONE', #2053, 1000.000000000000227 ) ;
#1974 = VERTEX_POINT ( 'NONE', #2400 ) ;
#1975 = AXIS2_PLACEMENT_3D ( 'NONE', #2101, #174, #187 ) ;
#1976 = CARTESIAN_POINT ( 'NONE',  ( 50.99475046287199831, 169.5482902599829913, -11.63703494020661999 ) ) ;
#1977 = VECTOR ( 'NONE', #948, 1000.000000000000000 ) ;
#1978 = CARTESIAN_POINT ( 'NONE',  ( 42.81160654540840227, 112.8520758448431991, -6.637034940206600453 ) ) ;
#1979 = CARTESIAN_POINT ( 'NONE',  ( -86.28487585180049280, 109.6576641051647982, -6.637034940206600453 ) ) ;
#1980 = EDGE_CURVE ( 'NONE', #1899, #1572, #722, .T. ) ;
#1981 = CARTESIAN_POINT ( 'NONE',  ( -110.0007063150996061, 124.4395782686765983, -11.63703494020661999 ) ) ;
#1982 = DIRECTION ( 'NONE',  ( 0.000000000000000000, 0.000000000000000000, 1.000000000000000000 ) ) ;
#1983 = CARTESIAN_POINT ( 'NONE',  ( -57.58210415928230219, 107.4140772283287930, -5.637034940206619993 ) ) ;
#1984 = CARTESIAN_POINT ( 'NONE',  ( -98.35991352921089970, 168.3358804199710050, -6.637034940206600453 ) ) ;
#1985 = CARTESIAN_POINT ( 'NONE',  ( -102.1532498787623950, 116.6069525933791908, -11.63703494020661999 ) ) ;
#1986 = ORIENTED_EDGE ( 'NONE', *, *, #610, .F. ) ;
#1987 = CARTESIAN_POINT ( 'NONE',  ( 45.84392449654990287, 157.4296532817330103, -1.637034940206620215 ) ) ;
#1988 = FACE_OUTER_BOUND ( 'NONE', #393, .T. ) ;
#1989 = EDGE_LOOP ( 'NONE', ( #1655 ) ) ;
#1990 = B_SPLINE_SURFACE_WITH_KNOTS ( 'NONE', 1, 3, ( 
 ( #10, #1496, #1008, #2353, #1732, #846, #443, #2558, #1072, #2573, #876, #1643, #381, #1656, #1865, #1235, #1509, #2304, #862, #2508, #2075, #2716, #40, #1059, #2151, #429, #235, #2125, #26, #1284, #1914, #1220, #2138, #1087, #2496, #210, #1432, #1717, #1941, #222, #1927, #665, #1312, #2167, #250, #1100, #2287, #365, #161, #800, #590, #2438, #1144, #54, #1746, #2628, #2393, #472, #2641, #264, #724, #1583, #2240, #514, #2226, #1566, #1325, #2212, #1773, #2179, #890, #1538, #741, #2407, #2012, #1355, #2616, #293, #1114, #1172, #1999, #1968, #1131, #905, #1760, #1984, #98, #84, #1339, #306, #933, #709, #947, #1372 ),
 ( #1802, #1596, #2600, #2658, #2421, #1787, #1158, #2194, #498, #2452, #529, #1387, #319, #2028, #679, #695, #1552, #484, #277, #73, #920, #376, #807, #1229, #388, #1213, #597, #1400, #963, #2699, #1002, #1624, #1201, #1816, #2518, #335, #585, #1651, #1858, #2056, #2311, #127, #141, #1242, #2684, #2069, #2671, #2082, #1187, #168, #782, #155, #1844, #2255, #1638, #1015, #988, #2503, #2490, #572, #114, #2711, #2043, #1426, #2282, #1440, #360, #795, #2296, #1414, #1664, #767, #1872, #1457, #975, #1830, #754, #2724, #1609, #2464, #542, #2478, #559, #2270, #348, #2322, #832, #218, #1897, #1280, #193, #2531, #399, #2375 ) ),
 .UNSPECIFIED., .F., .F., .F.,
 ( 2, 2 ),
 ( 4, 2, 2, 2, 2, 2, 2, 2, 2, 2, 2, 2, 2, 2, 2, 2, 2, 2, 2, 2, 2, 2, 2, 2, 2, 2, 2, 2, 2, 2, 2, 2, 2, 2, 2, 2, 2, 2, 2, 2, 2, 2, 2, 2, 2, 2, 4 ),
 ( 0.000000000000000000, 1.000000000000000000 ),
 ( 0.000000000000000000, 0.0007547516178670730545, 0.001509503235734145025, 0.001886879044667680088, 0.002075566949134450331, 0.002169910901367835127, 0.002264254853601219922, 0.002311426829717909935, 0.002358598805834599948, 0.002452942758067985177, 0.002641630662534754769, 0.002830318567001520024, 0.003019006471468290050, 0.003396382280401824896, 0.003773758089335364947, 0.004528509707202439845, 0.006038012942936580099, 0.007547516178670729894, 0.009057019414404871016, 0.01056652265013902081, 0.01207602588587316020, 0.01358552912160729959, 0.01509503235734145112, 0.01811403882880975244, 0.01962354206454389877, 0.02113304530027804856, 0.02264254853601220183, 0.02415205177174629958, 0.02566155500748044938, 0.02717105824321459917, 0.03019006471468290223, 0.03169956795041705550, 0.03320907118615119835, 0.03471857442188534815, 0.03622807765761949794, 0.03698282927548654508, 0.03773758089335364774, 0.03924708412908775590, 0.04075658736482189876, 0.04226609060055604855, 0.04264346640948959988, 0.04302084221842315120, 0.04377559383629019835, 0.04453034545415729406, 0.04528509707202440365, 0.04679460030775850488, 0.04830410354349259916 ),
 .UNSPECIFIED. ) ;
#1991 = CARTESIAN_POINT ( 'NONE',  ( -0.006075503692740211875, 165.4296532797129942, -5.637034940206619993 ) ) ;
#1992 = CARTESIAN_POINT ( 'NONE',  ( 50.99417956952630249, 169.5483370316935066, -11.63703494020661999 ) ) ;
#1993 = FACE_OUTER_BOUND ( 'NONE', #90, .T. ) ;
#1994 = CARTESIAN_POINT ( 'NONE',  ( -90.17142316531320034, 110.9403151518650077, -6.637034940206589795 ) ) ;
#1995 = CARTESIAN_POINT ( 'NONE',  ( -115.8731206951981960, 140.9707427485300286, -11.63703494020661999 ) ) ;
#1996 = CARTESIAN_POINT ( 'NONE',  ( 53.11830212941159601, 169.3703366298399828, -6.637034940206600453 ) ) ;
#1997 = EDGE_CURVE ( 'NONE', #501, #2749, #425, .T. ) ;
#1998 = CARTESIAN_POINT ( 'NONE',  ( -63.12673921541151145, 107.2448070315041946, -5.637034940206619993 ) ) ;
#1999 = CARTESIAN_POINT ( 'NONE',  ( -96.99155275619419569, 169.0270579773484769, -6.637034940206589795 ) ) ;
#2000 = CARTESIAN_POINT ( 'NONE',  ( -105.8834454858042022, 161.5796389158369948, -5.637034940206619993 ) ) ;
#2001 = ORIENTED_EDGE ( 'NONE', *, *, #254, .F. ) ;
#2002 = CARTESIAN_POINT ( 'NONE',  ( -62.11729804718699910, 107.2459056867859886, -5.637034940206619993 ) ) ;
#2003 = CARTESIAN_POINT ( 'NONE',  ( -101.8339089943304145, 165.2646504909784824, -5.637034940206619993 ) ) ;
#2004 = ORIENTED_EDGE ( 'NONE', *, *, #2359, .F. ) ;
#2005 = CARTESIAN_POINT ( 'NONE',  ( 1.843924496549959935, 157.4296532796704753, -5.637034940206619993 ) ) ;
#2006 = CARTESIAN_POINT ( 'NONE',  ( 46.98905294311860104, 169.7933412265419975, -11.63703494020661999 ) ) ;
#2007 = CARTESIAN_POINT ( 'NONE',  ( -113.3499667935913919, 133.5766560769233990, -5.637034940206619993 ) ) ;
#2008 = CARTESIAN_POINT ( 'NONE',  ( -58.66343628192580439, 106.3486311380809894, -6.637034940206600453 ) ) ;
#2009 = CARTESIAN_POINT ( 'NONE',  ( 42.81160654271690191, 170.0072307208235145, -11.63703494020661999 ) ) ;
#2010 = CARTESIAN_POINT ( 'NONE',  ( 48.55170816720669791, 169.7185885363489888, -6.637034940206600453 ) ) ;
#2011 = CARTESIAN_POINT ( 'NONE',  ( -57.77083473930800039, 107.4017906500160109, -5.637034940206619993 ) ) ;
#2012 = CARTESIAN_POINT ( 'NONE',  ( -93.50570548531210591, 170.6168198920840098, -6.637034940206589795 ) ) ;
#2013 = CARTESIAN_POINT ( 'NONE',  ( -112.4862964509350149, 151.5691591242099889, -5.637034940206619993 ) ) ;
#2014 = ORIENTED_EDGE ( 'NONE', *, *, #2017, .F. ) ;
#2015 = CARTESIAN_POINT ( 'NONE',  ( -57.37017224021997208, 107.4284584916787821, -5.637034940206619993 ) ) ;
#2016 = CARTESIAN_POINT ( 'NONE',  ( -111.9008923155033983, 152.8810248018474738, -5.637034940206619993 ) ) ;
#2017 = EDGE_CURVE ( 'NONE', #434, #2286, #1265, .T. ) ;
#2018 = ORIENTED_EDGE ( 'NONE', *, *, #658, .T. ) ;
#2019 = CARTESIAN_POINT ( 'NONE',  ( -57.69721917922638710, 176.4548279041885905, -6.637034914025962351 ) ) ;
#2020 = CARTESIAN_POINT ( 'NONE',  ( 52.10891350072130024, 169.4548243373189962, -11.63703494020661999 ) ) ;
#2021 = CARTESIAN_POINT ( 'NONE',  ( -110.1457547757342041, 124.9582871774069872, -6.637034940206600453 ) ) ;
#2022 = AXIS2_PLACEMENT_3D ( 'NONE', #1281, #2135, #1729 ) ;
#2023 = CARTESIAN_POINT ( 'NONE',  ( -57.13570156529029731, 106.4422861955416124, -6.637034940206600453 ) ) ;
#2024 = CARTESIAN_POINT ( 'NONE',  ( -113.4818170989641999, 130.5913668324292018, -11.63703494020661999 ) ) ;
#2025 = CARTESIAN_POINT ( 'NONE',  ( 47.22573567392240079, 169.7828579079524900, -6.637034940206600453 ) ) ;
#2026 = CONICAL_SURFACE ( 'NONE', #282, 2.510899745533007099, 0.7853981633974532750 ) ;
#2027 = CYLINDRICAL_SURFACE ( 'NONE', #1083, 144.1305048128826058 ) ;
#2028 = CARTESIAN_POINT ( 'NONE',  ( -57.33623763512470362, 175.4285260114125151, -5.637034940206619993 ) ) ;
#2029 = CIRCLE ( 'NONE', #553, 1.510899749864597075 ) ;
#2030 = CARTESIAN_POINT ( 'NONE',  ( -113.4896433583711968, 148.8591738878865840, -5.637034940206619993 ) ) ;
#2031 = ORIENTED_EDGE ( 'NONE', *, *, #217, .T. ) ;
#2032 = B_SPLINE_CURVE_WITH_KNOTS ( 'NONE', 3,
 ( #1311, #2489, #766, #1014, #1607, #1623, #2723, #1399, #2698, #1386, #793, #2670, #1857, #1413, #781, #558, #962, #2269, #1650, #2477, #359, #347, #1871, #1637, #1815, #2682, #1200, #2067, #1843, #2281, #1001, #126, #374, #2254, #2055, #1228, #753, #541, #167, #571, #1595, #2463, #1212, #2239 ),
 .UNSPECIFIED., .F., .F.,
 ( 4, 2, 2, 2, 2, 2, 2, 2, 2, 2, 2, 2, 2, 2, 2, 2, 2, 2, 2, 2, 2, 4 ),
 ( 0.000000000000000000, 0.1250000000000012490, 0.1874999999999999445, 0.2500000000000004996, 0.2812500000000006661, 0.3125000000000010547, 0.3281250000000011102, 0.3437499999999994449, 0.3749999999999997224, 0.4062500000000000555, 0.4375000000000003886, 0.5000000000000005551, 0.5625000000000004441, 0.6250000000000001110, 0.6562500000000001110, 0.6875000000000001110, 0.7187500000000003331, 0.7343750000000001110, 0.7500000000000002220, 0.8125000000000001110, 0.8750000000000001110, 1.000000000000000000 ),
 .UNSPECIFIED. ) ;
#2033 = CARTESIAN_POINT ( 'NONE',  ( -60.09083187469040155, 175.5717788718075099, -5.637034940206619993 ) ) ;
#2034 = CARTESIAN_POINT ( 'NONE',  ( -109.3287795174820047, 157.3305491602525024, -5.637034940206619993 ) ) ;
#2035 = ORIENTED_EDGE ( 'NONE', *, *, #1924, .F. ) ;
#2036 = ADVANCED_FACE ( 'NONE', ( #2349, #1909 ), #1697, .F. ) ;
#2037 = DIRECTION ( 'NONE',  ( -0.000000000000000000, -0.000000000000000000, 1.000000000000000000 ) ) ;
#2038 = CARTESIAN_POINT ( 'NONE',  ( -113.4803131445535911, 152.2703064600044911, -11.63703494020661999 ) ) ;
#2039 = CARTESIAN_POINT ( 'NONE',  ( -115.7814842028158040, 139.7761112122805969, -6.637034940206589795 ) ) ;
#2040 = CARTESIAN_POINT ( 'NONE',  ( 44.94555193335574472, 169.8862532736474975, -11.63703494020661999 ) ) ;
#2041 = CARTESIAN_POINT ( 'NONE',  ( 52.44105038485939474, 169.4267571193620086, -6.637034940206589795 ) ) ;
#2042 = DIRECTION ( 'NONE',  ( -1.000000000000000000, 0.000000000000000000, 0.000000000000000000 ) ) ;
#2043 = CARTESIAN_POINT ( 'NONE',  ( -85.99460880945369468, 172.2446678319180080, -5.637034940206619993 ) ) ;
#2044 = CARTESIAN_POINT ( 'NONE',  ( -111.3899160522784086, 153.9054406359290113, -5.637034940206619993 ) ) ;
#2045 = ORIENTED_EDGE ( 'NONE', *, *, #1536, .F. ) ;
#2046 = CARTESIAN_POINT ( 'NONE',  ( -63.11815404628389103, 175.6144087969275063, -5.637034940206619993 ) ) ;
#2047 = DIRECTION ( 'NONE',  ( 0.000000000000000000, 0.000000000000000000, 1.000000000000000000 ) ) ;
#2048 = ORIENTED_EDGE ( 'NONE', *, *, #1143, .F. ) ;
#2049 = CARTESIAN_POINT ( 'NONE',  ( -57.88848384533746838, 176.4668052088180161, -6.637034914025962351 ) ) ;
#2050 = EDGE_CURVE ( 'NONE', #2689, #1611, #1360, .T. ) ;
#2051 = FACE_BOUND ( 'NONE', #2646, .T. ) ;
#2052 = CARTESIAN_POINT ( 'NONE',  ( -105.5706109873700029, 119.5309338460062065, -6.637034940206589795 ) ) ;
#2053 = DIRECTION ( 'NONE',  ( -0.9979493589479472293, -0.06400841331716580762, -0.000000000000000000 ) ) ;
#2054 = CARTESIAN_POINT ( 'NONE',  ( 45.82014404495539850, 169.8454117873399980, -6.637034940206600453 ) ) ;
#2055 = CARTESIAN_POINT ( 'NONE',  ( -113.3957236735315917, 133.7142264104739979, -5.637034940206619993 ) ) ;
#2056 = CARTESIAN_POINT ( 'NONE',  ( -66.14780746797829636, 175.5413392957804888, -5.637034940206619993 ) ) ;
#2057 = CARTESIAN_POINT ( 'NONE',  ( -111.7220655762209987, 155.3777572108934919, -6.637034940206600453 ) ) ;
#2058 = CARTESIAN_POINT ( 'NONE',  ( -57.82388246259949938, 175.4608534660509918, -5.637034940206619993 ) ) ;
#2059 = CARTESIAN_POINT ( 'NONE',  ( 45.49864757215340205, 113.0002997828584057, -11.63703494020661999 ) ) ;
#2060 = ORIENTED_EDGE ( 'NONE', *, *, #420, .F. ) ;
#2061 = CARTESIAN_POINT ( 'NONE',  ( -69.24693194796205375, 176.3528292211611017, -6.637034914025962351 ) ) ;
#2062 = DIRECTION ( 'NONE',  ( 1.000000000000000000, 0.000000000000000000, 0.000000000000000000 ) ) ;
#2063 = CARTESIAN_POINT ( 'NONE',  ( -114.1805464254636036, 136.4908888628979753, -5.637034940206619993 ) ) ;
#2064 = CARTESIAN_POINT ( 'NONE',  ( 46.69775241696680013, 113.0531066257481854, -6.637034940206600453 ) ) ;
#2065 = CARTESIAN_POINT ( 'NONE',  ( 50.86715409922739184, 168.5555027284154903, -5.637034940206619993 ) ) ;
#2066 = VECTOR ( 'NONE', #124, 1000.000000000000000 ) ;
#2067 = CARTESIAN_POINT ( 'NONE',  ( -112.4845285021255989, 131.2859914301375852, -5.637034940206619993 ) ) ;
#2068 = EDGE_CURVE ( 'NONE', #2184, #238, #1723, .T. ) ;
#2069 = CARTESIAN_POINT ( 'NONE',  ( -71.17521597168729386, 175.1768298877984762, -5.637034940206619993 ) ) ;
#2070 = AXIS2_PLACEMENT_3D ( 'NONE', #1715, #902, #1550 ) ;
#2071 = CARTESIAN_POINT ( 'NONE',  ( -102.1532498787623950, 116.6069525933791908, -6.637034940206600453 ) ) ;
#2072 = CARTESIAN_POINT ( 'NONE',  ( -77.17394857891301285, 108.5277728261822006, -5.637034940206619993 ) ) ;
#2073 = CYLINDRICAL_SURFACE ( 'NONE', #551, 144.1305048123483914 ) ;
#2074 = ORIENTED_EDGE ( 'NONE', *, *, #1277, .F. ) ;
#2075 = CARTESIAN_POINT ( 'NONE',  ( -57.56971977922240313, 176.4465797917874852, -6.637034940206589795 ) ) ;
#2076 = CARTESIAN_POINT ( 'NONE',  ( -75.83077236488394135, 175.5713463822137896, -6.637034914025951693 ) ) ;
#2077 = DIRECTION ( 'NONE',  ( 1.000000000000000000, 0.000000000000000000, 0.000000000000000000 ) ) ;
#2078 = CARTESIAN_POINT ( 'NONE',  ( -110.5581775962261872, 127.4560956256232060, -5.637034940206619993 ) ) ;
#2079 = CARTESIAN_POINT ( 'NONE',  ( 46.87340340584139398, 113.0608673635194066, -6.637034940206589795 ) ) ;
#2080 = CARTESIAN_POINT ( 'NONE',  ( 47.35647755819140059, 168.7759107867520072, -5.637034940206619993 ) ) ;
#2081 = DIRECTION ( 'NONE',  ( 0.000000000000000000, 0.000000000000000000, 1.000000000000000000 ) ) ;
#2082 = CARTESIAN_POINT ( 'NONE',  ( -73.67731962056360828, 174.8756128883549934, -5.637034940206619993 ) ) ;
#2083 = ORIENTED_EDGE ( 'NONE', *, *, #816, .F. ) ;
#2084 = CARTESIAN_POINT ( 'NONE',  ( -90.30593766786199694, 112.0541680088248029, -5.637034940206619993 ) ) ;
#2085 = FACE_OUTER_BOUND ( 'NONE', #1765, .T. ) ;
#2086 = ORIENTED_EDGE ( 'NONE', *, *, #1209, .T. ) ;
#2087 = CARTESIAN_POINT ( 'NONE',  ( -97.22111439346409156, 168.9138428290408456, -6.637034914025962351 ) ) ;
#2088 = FACE_OUTER_BOUND ( 'NONE', #667, .T. ) ;
#2089 = CARTESIAN_POINT ( 'NONE',  ( 44.94555193603520138, 112.9730532922200013, -6.637034940206600453 ) ) ;
#2090 = ADVANCED_BREP_SHAPE_REPRESENTATION ( 'MirrorASV1_500_36A.step', ( #1910, #547 ), #628 ) ;
#2091 = CARTESIAN_POINT ( 'NONE',  ( -102.1536018092126028, 166.2521516777260047, -11.63703494020661999 ) ) ;
#2092 = DIRECTION ( 'NONE',  ( 1.000000000000000000, 0.000000000000000000, 0.000000000000000000 ) ) ;
#2093 = DIRECTION ( 'NONE',  ( -1.000000000000000000, 0.000000000000000000, 0.000000000000000000 ) ) ;
#2094 = CARTESIAN_POINT ( 'NONE',  ( -94.41074461012280494, 112.5651067485808028, -6.637034940206600453 ) ) ;
#2095 = CARTESIAN_POINT ( 'NONE',  ( -102.4506128257293938, 166.0518457554065321, -6.637034940206600453 ) ) ;
#2096 = CARTESIAN_POINT ( 'NONE',  ( -93.11898669964809017, 113.1646951312408049, -5.637034940206619993 ) ) ;
#2097 = CARTESIAN_POINT ( 'NONE',  ( -56.00352287496289705, 106.5205901807112099, -6.637034940206589795 ) ) ;
#2098 = CARTESIAN_POINT ( 'NONE',  ( 48.76189951092298713, 114.1537669557870345, -5.637034942633468937 ) ) ;
#2099 = EDGE_LOOP ( 'NONE', ( #31 ) ) ;
#2100 = ADVANCED_FACE ( 'NONE', ( #230 ), #1710, .T. ) ;
#2101 = CARTESIAN_POINT ( 'NONE',  ( -111.1560755034500119, 141.4296532796704184, -1.637034940206620215 ) ) ;
#2102 = CARTESIAN_POINT ( 'NONE',  ( -112.5950985270674067, 131.5508205072231931, -5.637034940206619993 ) ) ;
#2103 = CARTESIAN_POINT ( 'NONE',  ( 53.22793371315070488, 113.4979901558979947, -6.637034940206600453 ) ) ;
#2104 = CARTESIAN_POINT ( 'NONE',  ( 48.76189914943349635, 168.7055374009679838, -5.637034940206619993 ) ) ;
#2105 = CARTESIAN_POINT ( 'NONE',  ( 50.90605291096839835, 113.3037779979462130, -11.63703494020661999 ) ) ;
#2106 = CARTESIAN_POINT ( 'NONE',  ( 50.99113183640299951, 169.5485865136139978, -6.637034940206600453 ) ) ;
#2107 = ORIENTED_EDGE ( 'NONE', *, *, #2050, .T. ) ;
#2108 = CARTESIAN_POINT ( 'NONE',  ( -96.09957772567599932, 114.5102788745195994, -5.637034940206619993 ) ) ;
#2109 = AXIS2_PLACEMENT_3D ( 'NONE', #1873, #195, #608 ) ;
#2110 = CARTESIAN_POINT ( 'NONE',  ( -91.95336431698660817, 112.6881623835176072, -5.637034940206619993 ) ) ;
#2111 = CIRCLE ( 'NONE', #2070, 2.149999999999999023 ) ;
#2112 = CARTESIAN_POINT ( 'NONE',  ( 47.88361257820412220, 114.1081104790663829, -5.637034942633468937 ) ) ;
#2113 = ORIENTED_EDGE ( 'NONE', *, *, #1436, .T. ) ;
#2114 = AXIS2_PLACEMENT_3D ( 'NONE', #974, #2081, #2042 ) ;
#2115 = CARTESIAN_POINT ( 'NONE',  ( -102.4506128257293938, 166.0518457554065321, -6.637034940206600453 ) ) ;
#2116 = ADVANCED_FACE ( 'NONE', ( #1713 ), #1898, .F. ) ;
#2117 = CARTESIAN_POINT ( 'NONE',  ( 42.81160654271690191, 170.0072307208235145, -11.63703494020661999 ) ) ;
#2118 = CARTESIAN_POINT ( 'NONE',  ( 47.70790566852750914, 114.0997309428990008, -5.637034940206619993 ) ) ;
#2119 = CARTESIAN_POINT ( 'NONE',  ( 51.63507070921080100, 113.3643803317226002, -11.63703494020661999 ) ) ;
#2120 = CARTESIAN_POINT ( 'NONE',  ( -74.88064803688008908, 106.9390034919785961, -6.637034940206600453 ) ) ;
#2121 = B_SPLINE_SURFACE_WITH_KNOTS ( 'NONE', 2, 1, ( 
 ( #1369, #916 ),
 ( #1127, #332 ),
 ( #1605, #944 ),
 ( #2655, #2625 ),
 ( #1770, #2418 ),
 ( #1184, #1798 ),
 ( #1155, #751 ),
 ( #930, #69 ),
 ( #2638, #2222 ),
 ( #706, #316 ),
 ( #2040, #1336 ) ),
 .UNSPECIFIED., .F., .F., .F.,
 ( 3, 2, 2, 2, 2, 3 ),
 ( 2, 2 ),
 ( 0.000000000000000000, 0.1250000000000000000, 0.2500000000000000000, 0.5000000000000000000, 0.7500000000000000000, 1.000000000000000000 ),
 ( 0.000000000000000000, 1.000000000000000000 ),
 .UNSPECIFIED. ) ;
#2122 = FACE_OUTER_BOUND ( 'NONE', #337, .T. ) ;
#2123 = CARTESIAN_POINT ( 'NONE',  ( -65.14695396891549706, 107.2811499919828009, -5.637034940206619993 ) ) ;
#2124 = CARTESIAN_POINT ( 'NONE',  ( -91.24943786531309797, 112.4119443792547912, -5.637034940206619993 ) ) ;
#2125 = CARTESIAN_POINT ( 'NONE',  ( -58.52616376382080432, 176.5033927434955103, -6.637034940206600453 ) ) ;
#2126 = CARTESIAN_POINT ( 'NONE',  ( 45.59918917220845458, 114.0049030406080703, -5.637034942633468937 ) ) ;
#2127 = EDGE_LOOP ( 'NONE', ( #2630 ) ) ;
#2128 = CARTESIAN_POINT ( 'NONE',  ( -98.58608361924257224, 168.2179524803979689, -6.637034914025951693 ) ) ;
#2129 = CARTESIAN_POINT ( 'NONE',  ( -102.7458429491841940, 118.3090821858598076, -5.637034940206619993 ) ) ;
#2130 = EDGE_CURVE ( 'NONE', #783, #1331, #1786, .T. ) ;
#2131 = CARTESIAN_POINT ( 'NONE',  ( 49.02526401601679851, 114.1693309090183988, -5.637034940206619993 ) ) ;
#2132 = CARTESIAN_POINT ( 'NONE',  ( 48.94786822233979962, 113.1629209214130043, -11.63703494020661999 ) ) ;
#2133 = CARTESIAN_POINT ( 'NONE',  ( 48.97805738788050434, 169.6945954101670111, -6.637034940206600453 ) ) ;
#2134 = EDGE_CURVE ( 'NONE', #1630, #965, #1430, .T. ) ;
#2135 = DIRECTION ( 'NONE',  ( 0.000000000000000000, 0.000000000000000000, 1.000000000000000000 ) ) ;
#2136 = DIRECTION ( 'NONE',  ( 1.000000000000000000, 0.000000000000000000, 0.000000000000000000 ) ) ;
#2137 = CARTESIAN_POINT ( 'NONE',  ( -92.65420555016930848, 112.9709544163488033, -5.637034940206619993 ) ) ;
#2138 = CARTESIAN_POINT ( 'NONE',  ( -60.56805283343570068, 176.5866687306135248, -6.637034940206589795 ) ) ;
#2139 = CARTESIAN_POINT ( 'NONE',  ( 46.12636461757060147, 114.0286924593545876, -5.637034942633468937 ) ) ;
#2140 = ORIENTED_EDGE ( 'NONE', *, *, #2761, .F. ) ;
#2141 = FACE_OUTER_BOUND ( 'NONE', #2606, .T. ) ;
#2142 = CARTESIAN_POINT ( 'NONE',  ( -114.8760499785989992, 141.8120786009179994, -5.637034940206619993 ) ) ;
#2143 = CARTESIAN_POINT ( 'NONE',  ( -0.006075503692740211875, 165.4296532797129942, -11.63703494020661999 ) ) ;
#2144 = CARTESIAN_POINT ( 'NONE',  ( 48.41063971068899718, 114.1346602753918091, -5.637034940206619993 ) ) ;
#2145 = CARTESIAN_POINT ( 'NONE',  ( 46.85627783316839867, 113.0601112601995908, -11.63703494020661999 ) ) ;
#2146 = CARTESIAN_POINT ( 'NONE',  ( 53.00248531723549661, 169.3798633872144990, -6.637034940206600453 ) ) ;
#2147 = CARTESIAN_POINT ( 'NONE',  ( -34.15607550369274747, 165.4296532782069846, -1.637034940206620215 ) ) ;
#2148 = DIRECTION ( 'NONE',  ( 0.000000000000000000, 0.000000000000000000, 1.000000000000000000 ) ) ;
#2149 = EDGE_CURVE ( 'NONE', #2443, #445, #2300, .T. ) ;
#2150 = CARTESIAN_POINT ( 'NONE',  ( -95.18963230712738266, 114.0809975166613981, -5.637034940206619993 ) ) ;
#2151 = CARTESIAN_POINT ( 'NONE',  ( -57.95224287518099970, 176.4706924382334989, -6.637034940206589795 ) ) ;
#2152 = CARTESIAN_POINT ( 'NONE',  ( -111.1157595751395917, 156.4160680642409886, -6.637034940206600453 ) ) ;
#2153 = ORIENTED_EDGE ( 'NONE', *, *, #1051, .T. ) ;
#2154 = CARTESIAN_POINT ( 'NONE',  ( -78.16215655268499063, 174.1497587084670045, -5.637034940206619993 ) ) ;
#2155 = AXIS2_PLACEMENT_3D ( 'NONE', #290, #481, #1140 ) ;
#2156 = CARTESIAN_POINT ( 'NONE',  ( -114.8760499785989992, 141.8120786009179994, -5.637034940206619993 ) ) ;
#2157 = ORIENTED_EDGE ( 'NONE', *, *, #786, .F. ) ;
#2158 = AXIS2_PLACEMENT_3D ( 'NONE', #1674, #178, #2501 ) ;
#2159 = VERTEX_POINT ( 'NONE', #1302 ) ;
#2160 = AXIS2_PLACEMENT_3D ( 'NONE', #259, #2374, #1095 ) ;
#2161 = CARTESIAN_POINT ( 'NONE',  ( 53.14589960676209301, 114.4946196835799981, -5.637034940206629763 ) ) ;
#2162 = CARTESIAN_POINT ( 'NONE',  ( 42.81160654540840227, 112.8520758448431991, -11.63703494020661999 ) ) ;
#2163 = CARTESIAN_POINT ( 'NONE',  ( -96.30282568061890913, 113.4988785113219905, -6.637034940206589795 ) ) ;
#2164 = FACE_OUTER_BOUND ( 'NONE', #1175, .T. ) ;
#2165 = CARTESIAN_POINT ( 'NONE',  ( 46.96194707569709692, 113.0647701778651992, -6.637034940206600453 ) ) ;
#2166 = CARTESIAN_POINT ( 'NONE',  ( 52.91864128085029506, 114.0442385516232093, -6.067264108225900010 ) ) ;
#2167 = CARTESIAN_POINT ( 'NONE',  ( -69.24693195004149970, 176.3528292472595069, -6.637034940206600453 ) ) ;
#2168 = DIRECTION ( 'NONE',  ( 1.000000000000000000, 0.000000000000000000, 0.000000000000000000 ) ) ;
#2169 = EDGE_LOOP ( 'NONE', ( #361, #173, #1146, #682 ) ) ;
#2170 = CARTESIAN_POINT ( 'NONE',  ( -101.2175832768416086, 165.6366832570170118, -5.637034940206619993 ) ) ;
#2171 = CARTESIAN_POINT ( 'NONE',  ( 46.65355600597489882, 168.8071768480159847, -5.637034940206619993 ) ) ;
#2172 = VERTEX_POINT ( 'NONE', #257 ) ;
#2173 = CARTESIAN_POINT ( 'NONE',  ( 52.90484922272790413, 114.4747896646854031, -5.637034940206619993 ) ) ;
#2174 = LINE ( 'NONE', #1109, #2206 ) ;
#2175 = CARTESIAN_POINT ( 'NONE',  ( -81.35166387895360174, 108.3564440137562030, -6.637034940206589795 ) ) ;
#2176 = DIRECTION ( 'NONE',  ( -0.000000000000000000, -0.000000000000000000, 1.000000000000000000 ) ) ;
#2177 = DIRECTION ( 'NONE',  ( 1.000000000000000000, 0.000000000000000000, 0.000000000000000000 ) ) ;
#2178 = CARTESIAN_POINT ( 'NONE',  ( -63.02396489378850220, 176.8242877538530138, -11.63703494020661999 ) ) ;
#2179 = CARTESIAN_POINT ( 'NONE',  ( -91.36862016595570424, 171.4727431823930033, -6.637034940206600453 ) ) ;
#2180 = CARTESIAN_POINT ( 'NONE',  ( 46.96108894898392094, 114.0657042214497068, -5.637034942633468937 ) ) ;
#2181 = ORIENTED_EDGE ( 'NONE', *, *, #1419, .F. ) ;
#2182 = CARTESIAN_POINT ( 'NONE',  ( 45.84392449805659453, 125.4296532817331951, -5.637034940206619993 ) ) ;
#2183 = CARTESIAN_POINT ( 'NONE',  ( 46.78535540179210273, 168.8013509949904858, -5.637034940206619993 ) ) ;
#2184 = VERTEX_POINT ( 'NONE', #1801 ) ;
#2185 = EDGE_CURVE ( 'NONE', #1899, #340, #2029, .T. ) ;
#2186 = VERTEX_POINT ( 'NONE', #65 ) ;
#2187 = PLANE ( 'NONE',  #1303 ) ;
#2188 = DIRECTION ( 'NONE',  ( -0.9979493749073199416, 0.06400816449555030152, 0.000000000000000000 ) ) ;
#2189 = CARTESIAN_POINT ( 'NONE',  ( -69.25422121409009435, 106.5070747735533985, -6.637034940206589795 ) ) ;
#2190 = PRODUCT ( 'MirrorASV1_500_36A.step', 'MirrorASV1_500_36A.step', '', ( #1615 ) ) ;
#2191 = CARTESIAN_POINT ( 'NONE',  ( -102.4506128257293938, 166.0518457554065321, -11.63703494020661999 ) ) ;
#2192 = CARTESIAN_POINT ( 'NONE',  ( 44.94555193335574472, 169.8862532736474975, -6.637034940206600453 ) ) ;
#2193 = CARTESIAN_POINT ( 'NONE',  ( -57.26759777109129601, 107.4355528145275969, -5.637034940206619993 ) ) ;
#2194 = CARTESIAN_POINT ( 'NONE',  ( -57.00593997062669871, 175.4056821559489947, -5.637034940206619993 ) ) ;
#2195 = CARTESIAN_POINT ( 'NONE',  ( -108.3154475308325999, 158.7220258451094992, -5.637034940206619993 ) ) ;
#2196 = EDGE_LOOP ( 'NONE', ( #1418 ) ) ;
#2197 = B_SPLINE_CURVE_WITH_KNOTS ( 'NONE', 1,
 ( #2445, #717 ),
 .UNSPECIFIED., .F., .F.,
 ( 2, 2 ),
 ( 0.000000000000000000, 1.000000000000000000 ),
 .UNSPECIFIED. ) ;
#2198 = CARTESIAN_POINT ( 'NONE',  ( -101.6553521695079922, 165.3851179316344826, -5.637034940206619993 ) ) ;
#2199 = CARTESIAN_POINT ( 'NONE',  ( 52.44470643735860449, 168.4229061404299728, -5.637034940206619993 ) ) ;
#2200 = ORIENTED_EDGE ( 'NONE', *, *, #1608, .T. ) ;
#2201 = AXIS2_PLACEMENT_3D ( 'NONE', #1534, #1111, #1757 ) ;
#2202 = VERTEX_POINT ( 'NONE', #285 ) ;
#2203 = AXIS2_PLACEMENT_3D ( 'NONE', #1535, #1323, #2177 ) ;
#2204 = EDGE_CURVE ( 'NONE', #1377, #1331, #2302, .T. ) ;
#2205 = CARTESIAN_POINT ( 'NONE',  ( 45.98629630876689589, 169.8375225788269915, -11.63703494020661999 ) ) ;
#2206 = VECTOR ( 'NONE', #2188, 1000.000000000000000 ) ;
#2207 = FACE_OUTER_BOUND ( 'NONE', #1392, .T. ) ;
#2208 = CARTESIAN_POINT ( 'NONE',  ( -95.60938889452749834, 113.1733527640542007, -6.637034940206589795 ) ) ;
#2209 = CARTESIAN_POINT ( 'NONE',  ( -102.4509130942482074, 116.8076960344995996, -6.637034940206600453 ) ) ;
#2210 = CARTESIAN_POINT ( 'NONE',  ( 52.98686714458190039, 169.3811477598560202, -6.637034940206600453 ) ) ;
#2211 = CARTESIAN_POINT ( 'NONE',  ( -57.20469895496190560, 107.4399030359260081, -5.637034940206619993 ) ) ;
#2212 = CARTESIAN_POINT ( 'NONE',  ( -90.16914503666640712, 171.9198261134339987, -6.637034940206600453 ) ) ;
#2213 = SURFACE_STYLE_FILL_AREA ( #1357 ) ;
#2214 = ORIENTED_EDGE ( 'NONE', *, *, #2397, .F. ) ;
#2215 = CARTESIAN_POINT ( 'NONE',  ( -68.16213498704790652, 175.4300049575794844, -5.637034940206619993 ) ) ;
#2216 = CARTESIAN_POINT ( 'NONE',  ( -107.7823714377587834, 159.4022362339894983, -5.637034940206619993 ) ) ;
#2217 = ORIENTED_EDGE ( 'NONE', *, *, #1329, .F. ) ;
#2218 = CARTESIAN_POINT ( 'NONE',  ( -91.70407725598720106, 111.5160981793495978, -11.63703494020661999 ) ) ;
#2219 = CARTESIAN_POINT ( 'NONE',  ( 51.04312617703270405, 169.5443215222049957, -11.63703494020661999 ) ) ;
#2220 = CARTESIAN_POINT ( 'NONE',  ( -102.1942316895895999, 117.1353385369764055, -6.220819965233060245 ) ) ;
#2221 = CARTESIAN_POINT ( 'NONE',  ( -57.57964403481680193, 106.4120668862925925, -6.637034940206600453 ) ) ;
#2222 = CARTESIAN_POINT ( 'NONE',  ( 46.96201983789569567, 169.7945331823389949, -6.637034940206600453 ) ) ;
#2223 = CARTESIAN_POINT ( 'NONE',  ( 52.00347998858140386, 169.4637789450515015, -6.637034940206589795 ) ) ;
#2224 = CARTESIAN_POINT ( 'NONE',  ( -56.82730605818610314, 107.4660043643159923, -5.637034940206619993 ) ) ;
#2225 = EDGE_CURVE ( 'NONE', #925, #434, #2032, .T. ) ;
#2226 = CARTESIAN_POINT ( 'NONE',  ( -87.74588625555630017, 172.7475213816715041, -6.637034940206589795 ) ) ;
#2227 = CARTESIAN_POINT ( 'NONE',  ( -103.6203765892706059, 163.7975210142230083, -5.637034940206619993 ) ) ;
#2228 = EDGE_LOOP ( 'NONE', ( #2532, #1102, #1668, #2547 ) ) ;
#2229 = CARTESIAN_POINT ( 'NONE',  ( -57.38342309852180279, 175.4317875748915014, -5.637034940206619993 ) ) ;
#2230 = CARTESIAN_POINT ( 'NONE',  ( -113.1179667965956099, 149.9534047207289973, -5.637034940206619993 ) ) ;
#2231 = ORIENTED_EDGE ( 'NONE', *, *, #2260, .T. ) ;
#2232 = CARTESIAN_POINT ( 'NONE',  ( 0.000000000000000000, 0.000000000000000000, 0.000000000000000000 ) ) ;
#2233 = CARTESIAN_POINT ( 'NONE',  ( -62.10084256169715644, 176.6131582270820957, -6.637034914025951693 ) ) ;
#2234 = CARTESIAN_POINT ( 'NONE',  ( 49.03988076359640047, 169.6908824764994961, -11.63703494020661999 ) ) ;
#2235 = CARTESIAN_POINT ( 'NONE',  ( -112.8036923364037847, 129.5478339073229961, -6.637034940206589795 ) ) ;
#2236 = CARTESIAN_POINT ( 'NONE',  ( -57.38845739404460033, 106.4248503699983956, -6.637034940206600453 ) ) ;
#2237 = CARTESIAN_POINT ( 'NONE',  ( -115.8731206951981960, 140.9707427485300286, -11.63703494020661999 ) ) ;
#2238 = CARTESIAN_POINT ( 'NONE',  ( 52.79085756796609985, 169.3973971353190109, -6.637034940206600453 ) ) ;
#2239 = CARTESIAN_POINT ( 'NONE',  ( -114.8760499624776088, 141.0472277402072052, -5.637034940206619993 ) ) ;
#2240 = CARTESIAN_POINT ( 'NONE',  ( -86.28160845747450480, 173.2026229035034817, -6.637034940206589795 ) ) ;
#2241 = CARTESIAN_POINT ( 'NONE',  ( -106.9479721252927931, 160.4011754038885158, -5.637034940206619993 ) ) ;
#2242 = EDGE_LOOP ( 'NONE', ( #1681, #2524, #711, #2262 ) ) ;
#2243 = ADVANCED_FACE ( 'NONE', ( #1186, #2502 ), #584, .F. ) ;
#2244 = CARTESIAN_POINT ( 'NONE',  ( -59.08295161431509968, 175.5302172208859872, -5.637034940206619993 ) ) ;
#2245 = CARTESIAN_POINT ( 'NONE',  ( -114.3059548132831935, 145.8042144805691862, -5.637034940206619993 ) ) ;
#2246 = EDGE_LOOP ( 'NONE', ( #2469, #461, #1044, #2466 ) ) ;
#2247 = FACE_OUTER_BOUND ( 'NONE', #2099, .T. ) ;
#2248 = FACE_BOUND ( 'NONE', #922, .T. ) ;
#2249 = CARTESIAN_POINT ( 'NONE',  ( -107.7904511005619952, 121.9025101408123959, -6.637034940206589795 ) ) ;
#2250 = AXIS2_PLACEMENT_3D ( 'NONE', #850, #1421, #343 ) ;
#2251 = CARTESIAN_POINT ( 'NONE',  ( -111.1560755034500119, 141.4296532796704184, -11.63703494020661999 ) ) ;
#2252 = CARTESIAN_POINT ( 'NONE',  ( 52.94867661977580298, 168.3809124177074921, -5.637034940206619993 ) ) ;
#2253 = AXIS2_PLACEMENT_3D ( 'NONE', #470, #52, #2377 ) ;
#2254 = CARTESIAN_POINT ( 'NONE',  ( -113.3499667935913919, 133.5766560769233990, -5.637034940206619993 ) ) ;
#2255 = CARTESIAN_POINT ( 'NONE',  ( -78.16215655268499063, 174.1497587084670045, -5.637034940206619993 ) ) ;
#2256 = CIRCLE ( 'NONE', #1041, 2.149999999999999911 ) ;
#2257 = CARTESIAN_POINT ( 'NONE',  ( -109.6488165475133911, 156.8562930989714914, -5.637034940206619993 ) ) ;
#2258 = EDGE_LOOP ( 'NONE', ( #1358 ) ) ;
#2259 = CARTESIAN_POINT ( 'NONE',  ( -57.36642301073970174, 107.4287177433374012, -5.637034959820240054 ) ) ;
#2260 = EDGE_CURVE ( 'NONE', #2749, #822, #888, .T. ) ;
#2261 = CARTESIAN_POINT ( 'NONE',  ( -106.9479721252927931, 160.4011754038885158, -5.637034940206619993 ) ) ;
#2262 = ORIENTED_EDGE ( 'NONE', *, *, #507, .F. ) ;
#2263 = DIRECTION ( 'NONE',  ( 0.000000000000000000, 0.000000000000000000, 1.000000000000000000 ) ) ;
#2264 = CARTESIAN_POINT ( 'NONE',  ( -58.27106589729032038, 176.4894189683923855, -6.637034914025951693 ) ) ;
#2265 = DIRECTION ( 'NONE',  ( 1.000000000000000000, 0.000000000000000000, 0.000000000000000000 ) ) ;
#2266 = CARTESIAN_POINT ( 'NONE',  ( -108.5485547303429996, 122.8140205123583968, -6.637034940206600453 ) ) ;
#2267 = CARTESIAN_POINT ( 'NONE',  ( 53.03062563624780523, 113.4817576284559948, -6.637034940206600453 ) ) ;
#2268 = CARTESIAN_POINT ( 'NONE',  ( 47.75516759609590167, 169.7584579301250187, -6.637034940206589795 ) ) ;
#2269 = CARTESIAN_POINT ( 'NONE',  ( -109.1576639586640027, 125.2884045799559942, -5.637034940206619993 ) ) ;
#2270 = CARTESIAN_POINT ( 'NONE',  ( -97.22704557260098568, 167.7928750822115092, -5.637034940206619993 ) ) ;
#2271 = ORIENTED_EDGE ( 'NONE', *, *, #1739, .F. ) ;
#2272 = CARTESIAN_POINT ( 'NONE',  ( -57.57217685250839878, 175.4445685796920031, -5.637034940206619993 ) ) ;
#2273 = CARTESIAN_POINT ( 'NONE',  ( -102.7456980646071969, 164.5503373635119999, -5.637034940206619993 ) ) ;
#2274 = ORIENTED_EDGE ( 'NONE', *, *, #1980, .F. ) ;
#2275 = CARTESIAN_POINT ( 'NONE',  ( -64.65797411125110727, 176.5918866444999651, -6.637034914025962351 ) ) ;
#2276 = FACE_OUTER_BOUND ( 'NONE', #697, .T. ) ;
#2277 = ADVANCED_FACE ( 'NONE', ( #527 ), #2027, .F. ) ;
#2278 = CARTESIAN_POINT ( 'NONE',  ( -114.3054984112090011, 137.0527182988734296, -5.637034940206619993 ) ) ;
#2279 = CARTESIAN_POINT ( 'NONE',  ( 52.52854224232650182, 113.4399209739296026, -6.637034940206589795 ) ) ;
#2280 = CARTESIAN_POINT ( 'NONE',  ( 50.51648154171670058, 168.5836458378065004, -5.637034940206619993 ) ) ;
#2281 = CARTESIAN_POINT ( 'NONE',  ( -112.8093414524669953, 132.0841497465249859, -5.637034940206619993 ) ) ;
#2282 = CARTESIAN_POINT ( 'NONE',  ( -87.43924448613340417, 171.7956709286075068, -5.637034940206619993 ) ) ;
#2283 = ORIENTED_EDGE ( 'NONE', *, *, #580, .F. ) ;
#2284 = CARTESIAN_POINT ( 'NONE',  ( -63.12673921541151145, 107.2448070315041946, -5.637034940206619993 ) ) ;
#2285 = CARTESIAN_POINT ( 'NONE',  ( 49.82105809404020391, 113.2149391869806010, -11.63703494020661999 ) ) ;
#2286 = VERTEX_POINT ( 'NONE', #646 ) ;
#2287 = CARTESIAN_POINT ( 'NONE',  ( -72.29185648934429764, 176.0606834761125015, -6.637034940206600453 ) ) ;
#2288 = FACE_OUTER_BOUND ( 'NONE', #1665, .T. ) ;
#2289 = FACE_BOUND ( 'NONE', #133, .T. ) ;
#2290 = CARTESIAN_POINT ( 'NONE',  ( -113.4852656609219963, 133.9896325073894161, -5.637034940206619993 ) ) ;
#2291 = ADVANCED_FACE ( 'NONE', ( #1696 ), #1274, .T. ) ;
#2292 = CARTESIAN_POINT ( 'NONE',  ( 47.22573556717579635, 113.0764488945346073, -6.637034940206600453 ) ) ;
#2293 = CARTESIAN_POINT ( 'NONE',  ( 50.34112500014979474, 168.5973896008090094, -5.637034940206619993 ) ) ;
#2294 = CIRCLE ( 'NONE', #2109, 144.1305048128825774 ) ;
#2295 = CARTESIAN_POINT ( 'NONE',  ( -102.4509130740899963, 116.8076960602124075, -6.637034940206600453 ) ) ;
#2296 = CARTESIAN_POINT ( 'NONE',  ( -90.30378085727019766, 170.8059446680135238, -5.637034940206619993 ) ) ;
#2297 = CIRCLE ( 'NONE', #2253, 2.149999999999999023 ) ;
#2298 = DIRECTION ( 'NONE',  ( -0.000000000000000000, -0.000000000000000000, 1.000000000000000000 ) ) ;
#2299 = CARTESIAN_POINT ( 'NONE',  ( -91.71913346800779721, 112.5952133086459952, -5.637034940206619993 ) ) ;
#2300 = CIRCLE ( 'NONE', #1849, 145.1305048123483914 ) ;
#2301 = FACE_OUTER_BOUND ( 'NONE', #2228, .T. ) ;
#2302 = B_SPLINE_CURVE_WITH_KNOTS ( 'NONE', 3,
 ( #249, #2166, #334, #2710 ),
 .UNSPECIFIED., .F., .F.,
 ( 4, 4 ),
 ( 0.000000000000000000, 1.000000000000000000 ),
 .UNSPECIFIED. ) ;
#2303 = EDGE_LOOP ( 'NONE', ( #2074 ) ) ;
#2304 = CARTESIAN_POINT ( 'NONE',  ( -57.37849650161400206, 176.4337924344750093, -6.637034940206600453 ) ) ;
#2305 = CARTESIAN_POINT ( 'NONE',  ( -93.03376737024727561, 170.8135239483025885, -6.637034914025962351 ) ) ;
#2306 = FACE_BOUND ( 'NONE', #401, .T. ) ;
#2307 = CARTESIAN_POINT ( 'NONE',  ( -106.0757072405911856, 121.4797104131157965, -5.637034940206619993 ) ) ;
#2308 = DIRECTION ( 'NONE',  ( 0.000000000000000000, 0.000000000000000000, 1.000000000000000000 ) ) ;
#2309 = CARTESIAN_POINT ( 'NONE',  ( 48.41063932618490639, 168.7246436542955053, -5.637034940206619993 ) ) ;
#2310 = CARTESIAN_POINT ( 'NONE',  ( 48.75839784331089533, 113.1519930876836071, -11.63703494020661999 ) ) ;
#2311 = CARTESIAN_POINT ( 'NONE',  ( -66.65184460642129238, 175.5181276724064787, -5.637034940206619993 ) ) ;
#2312 = FACE_OUTER_BOUND ( 'NONE', #686, .T. ) ;
#2313 = CARTESIAN_POINT ( 'NONE',  ( -76.67597059056218711, 108.4409030767208009, -5.637034940206619993 ) ) ;
#2314 = EDGE_CURVE ( 'NONE', #2749, #434, #1860, .T. ) ;
#2315 = CARTESIAN_POINT ( 'NONE',  ( 49.28856101027251668, 114.1859317232270001, -5.637034942633468937 ) ) ;
#2316 = EDGE_LOOP ( 'NONE', ( #589 ) ) ;
#2317 = CARTESIAN_POINT ( 'NONE',  ( -92.08438337495528003, 171.1949992285346127, -6.637034914025962351 ) ) ;
#2318 = DIRECTION ( 'NONE',  ( -1.000000000000000000, 0.000000000000000000, 0.000000000000000000 ) ) ;
#2319 = CARTESIAN_POINT ( 'NONE',  ( 53.09640111368820925, 113.4871687277492072, -6.637034940206600453 ) ) ;
#2320 = CARTESIAN_POINT ( 'NONE',  ( 46.65355600597489882, 168.8071768480159847, -5.637034940206619993 ) ) ;
#2321 = CARTESIAN_POINT ( 'NONE',  ( -97.00671631480389578, 169.0194670517219890, -6.637034940206600453 ) ) ;
#2322 = CARTESIAN_POINT ( 'NONE',  ( -97.89910780735588958, 167.4483725734914970, -5.637034940206619993 ) ) ;
#2323 = CARTESIAN_POINT ( 'NONE',  ( -105.2815039346457979, 163.8340714978199912, -6.637034940206600453 ) ) ;
#2324 = CARTESIAN_POINT ( 'NONE',  ( -78.16722827683369701, 108.7105140436899973, -5.637034940206619993 ) ) ;
#2325 = CARTESIAN_POINT ( 'NONE',  ( -95.87270232521009916, 114.4016567053026137, -5.637034940206619993 ) ) ;
#2326 = CARTESIAN_POINT ( 'NONE',  ( 50.86715406196635314, 114.3038041906695810, -5.637034942633468937 ) ) ;
#2327 = EDGE_CURVE ( 'NONE', #2426, #783, #1892, .T. ) ;
#2328 = ORIENTED_EDGE ( 'NONE', *, *, #1232, .T. ) ;
#2329 = CARTESIAN_POINT ( 'NONE',  ( -89.20240514539942467, 172.2614570287640561, -6.637034914025951693 ) ) ;
#2330 = CARTESIAN_POINT ( 'NONE',  ( -109.6430952434870107, 126.0010716773895751, -5.637034940206619993 ) ) ;
#2331 = B_SPLINE_CURVE_WITH_KNOTS ( 'NONE', 2,
 ( #70, #1098, #1925, #24, #1282, #860, #874, #2613, #38, #1939, #1966 ),
 .UNSPECIFIED., .F., .F.,
 ( 3, 2, 2, 2, 2, 3 ),
 ( 0.000000000000000000, 0.1250000000000000000, 0.2500000000000000000, 0.5000000000000000000, 0.7500000000000000000, 1.000000000000000000 ),
 .UNSPECIFIED. ) ;
#2332 = CARTESIAN_POINT ( 'NONE',  ( 53.23355445072829895, 114.5018286927931968, -5.637034940206619993 ) ) ;
#2333 = CARTESIAN_POINT ( 'NONE',  ( 50.82182196686030551, 113.2969473678144112, -11.63703494020661999 ) ) ;
#2334 = CARTESIAN_POINT ( 'NONE',  ( 46.96201983789569567, 169.7945331823389949, -6.637034940206600453 ) ) ;
#2335 = CARTESIAN_POINT ( 'NONE',  ( -109.9981569334530036, 158.4245188290610145, -6.637034940206600453 ) ) ;
#2336 = AXIS2_PLACEMENT_3D ( 'NONE', #2566, #1694, #2318 ) ;
#2337 = CARTESIAN_POINT ( 'NONE',  ( -99.45591491979169518, 116.2393203333126053, -5.637034940206619993 ) ) ;
#2338 = AXIS2_PLACEMENT_3D ( 'NONE', #1094, #409, #1740 ) ;
#2339 = CARTESIAN_POINT ( 'NONE',  ( -96.43897040338379156, 114.6751733788984069, -5.637034940206619993 ) ) ;
#2340 = CIRCLE ( 'NONE', #1530, 2.149999999999999911 ) ;
#2341 = CARTESIAN_POINT ( 'NONE',  ( -114.0589152071259917, 150.2920763190014952, -6.637034940206600453 ) ) ;
#2342 = ORIENTED_EDGE ( 'NONE', *, *, #2050, .F. ) ;
#2343 =( GEOMETRIC_REPRESENTATION_CONTEXT ( 3 ) GLOBAL_UNCERTAINTY_ASSIGNED_CONTEXT ( ( #518 ) ) GLOBAL_UNIT_ASSIGNED_CONTEXT ( ( #1441, #142, #577 ) ) REPRESENTATION_CONTEXT ( 'NONE', 'WORKASPACE' ) );
#2344 = CARTESIAN_POINT ( 'NONE',  ( -86.28160844996065748, 173.2026228784236253, -6.637034914025951693 ) ) ;
#2345 = EDGE_CURVE ( 'NONE', #227, #227, #2522, .T. ) ;
#2346 = CARTESIAN_POINT ( 'NONE',  ( -110.2630147806113996, 126.9658370611261802, -5.637034940206619993 ) ) ;
#2347 = CARTESIAN_POINT ( 'NONE',  ( 48.93748534764110047, 114.1639970267944051, -5.637034940206619993 ) ) ;
#2348 = CARTESIAN_POINT ( 'NONE',  ( -102.1536018276615891, 166.2521517098029733, -6.637034940206600453 ) ) ;
#2349 = FACE_OUTER_BOUND ( 'NONE', #1543, .T. ) ;
#2350 = DIRECTION ( 'NONE',  ( 1.000000000000000000, 0.000000000000000000, 0.000000000000000000 ) ) ;
#2351 = CARTESIAN_POINT ( 'NONE',  ( 50.99103126154380305, 113.3107125887819961, -6.637034940206600453 ) ) ;
#2352 = CARTESIAN_POINT ( 'NONE',  ( -76.67597059056218711, 108.4409030767208009, -5.637034940206619993 ) ) ;
#2353 = CARTESIAN_POINT ( 'NONE',  ( -55.99323549889469831, 176.3380306185420068, -6.637034940206600453 ) ) ;
#2354 = CARTESIAN_POINT ( 'NONE',  ( 46.65355614055135192, 114.0521294953875042, -5.637034942633468937 ) ) ;
#2355 = ORIENTED_EDGE ( 'NONE', *, *, #1368, .F. ) ;
#2356 = LINE ( 'NONE', #1867, #1845 ) ;
#2357 = CARTESIAN_POINT ( 'NONE',  ( -115.5407637998360002, 141.8630686028904222, -6.303701606873270080 ) ) ;
#2358 = CARTESIAN_POINT ( 'NONE',  ( 52.85480520409299743, 168.3886500701330249, -5.637034940206619993 ) ) ;
#2359 = EDGE_CURVE ( 'NONE', #702, #702, #1180, .T. ) ;
#2360 = CARTESIAN_POINT ( 'NONE',  ( 48.67409362837850040, 114.1488510261795994, -5.637034940206619993 ) ) ;
#2361 = CARTESIAN_POINT ( 'NONE',  ( -86.31520606708970433, 173.4272679806739745, -6.637034940206600453 ) ) ;
#2362 = CARTESIAN_POINT ( 'NONE',  ( -99.93497789245350305, 115.3615221981198005, -6.637034940206600453 ) ) ;
#2363 = DIRECTION ( 'NONE',  ( -1.000000000000000000, 0.000000000000000000, 0.000000000000000000 ) ) ;
#2364 = CARTESIAN_POINT ( 'NONE',  ( 52.85480528190640115, 114.4706565047320055, -5.637034940206619993 ) ) ;
#2365 = CARTESIAN_POINT ( 'NONE',  ( -99.45591491979169518, 116.2393203333126053, -5.637034940206619993 ) ) ;
#2366 = CARTESIAN_POINT ( 'NONE',  ( 52.85480520409299743, 168.3886500701330249, -5.637034940206619993 ) ) ;
#2367 = CARTESIAN_POINT ( 'NONE',  ( 46.56569004906392450, 114.0482416833237380, -5.637034942633468937 ) ) ;
#2368 = VERTEX_POINT ( 'NONE', #49 ) ;
#2369 = CARTESIAN_POINT ( 'NONE',  ( -93.11743145645701247, 169.6952442478025205, -5.637034940206619993 ) ) ;
#2370 = CARTESIAN_POINT ( 'NONE',  ( 46.91715544569109397, 168.7955393478414976, -5.637034940206619993 ) ) ;
#2371 = B_SPLINE_SURFACE_WITH_KNOTS ( 'NONE', 1, 3, ( 
 ( #739, #2475, #304, #1996, #2681, #557, #526, #2210, #931, #291, #1412, #2238, #1384, #2450, #2041, #2436, #2223, #1352, #333, #1156, #2656, #1606, #1141, #2462, #973, #1620, #2626, #125, #317, #112, #961, #2010, #1170, #1594, #764, #540, #2268, #1814, #2025, #82, #1785, #2669, #2419, #2639, #1827, #346, #1199, #2054, #139, #752, #1771, #721 ),
 ( #1397, #512, #96, #707, #1564, #1580, #2252, #1185, #496, #1370, #945, #780, #397, #1013, #818, #166, #1636, #386, #190, #1252, #2065, #2280, #2293, #2696, #1438, #2488, #358, #2733, #2528, #2104, #570, #1000, #2309, #153, #372, #1226, #1870, #2080, #1240, #2722, #1840, #1424, #805, #2320, #1662, #595, #1211, #2515, #1454, #1466, #1856, #2709 ) ),
 .UNSPECIFIED., .F., .F., .F.,
 ( 2, 2 ),
 ( 4, 2, 2, 2, 2, 2, 2, 2, 2, 2, 2, 2, 2, 2, 2, 2, 2, 2, 2, 2, 2, 2, 2, 2, 2, 4 ),
 ( 0.000000000000000000, 1.000000000000000000 ),
 ( 0.000000000000000000, 0.0002638559167274674971, 0.0003298198959093345340, 0.0003957838750912010288, 0.0004617478542730680115, 0.0005277118334549349941, 0.0007915677501824020575, 0.001055423666909869988, 0.001583135500364804982, 0.002110847333819739977, 0.002638559167274674971, 0.003166271000729609965, 0.003693982834184544959, 0.004221694667639479953, 0.004485550584366945065, 0.004749406501094410177, 0.005013262417821880493, 0.005277118334549349941, 0.005804830168004280165, 0.006332542001459219930, 0.006464469959822949884, 0.006596397918186690246, 0.006860253834914150153, 0.007387965668369089918, 0.007915677501824019274, 0.008443389335278959906 ),
 .UNSPECIFIED. ) ;
#2372 = CARTESIAN_POINT ( 'NONE',  ( 25.99392449805660021, 165.4296532796705037, -5.637034940206619993 ) ) ;
#2373 = CARTESIAN_POINT ( 'NONE',  ( 50.86715406176899990, 114.3038041930883963, -5.637034940206619993 ) ) ;
#2374 = DIRECTION ( 'NONE',  ( 0.000000000000000000, 0.000000000000000000, -1.000000000000000000 ) ) ;
#2375 = CARTESIAN_POINT ( 'NONE',  ( -101.6553522429111922, 165.3851180591894945, -5.637034940206619993 ) ) ;
#2376 = CARTESIAN_POINT ( 'NONE',  ( -100.9017544462901981, 164.0755727717784964, -11.63703494020661999 ) ) ;
#2377 = DIRECTION ( 'NONE',  ( 1.000000000000000000, 0.000000000000000000, 0.000000000000000000 ) ) ;
#2378 = DIRECTION ( 'NONE',  ( 1.000000000000000000, -1.837022980387434317E-14, 0.000000000000000000 ) ) ;
#2379 = CARTESIAN_POINT ( 'NONE',  ( -114.4421774281833990, 149.1637366192980210, -6.637034940206589795 ) ) ;
#2380 = ORIENTED_EDGE ( 'NONE', *, *, #406, .F. ) ;
#2381 = CARTESIAN_POINT ( 'NONE',  ( -75.17530282590199420, 174.6612482132825050, -5.637034940206619993 ) ) ;
#2382 = VECTOR ( 'NONE', #539, 1000.000000000000000 ) ;
#2383 = CARTESIAN_POINT ( 'NONE',  ( 46.30209372327760065, 168.8227732272615071, -5.637034940206619993 ) ) ;
#2384 = CIRCLE ( 'NONE', #631, 144.1305048123483914 ) ;
#2385 = VERTEX_POINT ( 'NONE', #1991 ) ;
#2386 = STYLED_ITEM ( 'NONE', ( #1027 ), #1910 ) ;
#2387 = CARTESIAN_POINT ( 'NONE',  ( 46.78535554059450163, 114.0579554562041835, -5.637034940206619993 ) ) ;
#2388 = CARTESIAN_POINT ( 'NONE',  ( 52.78795372247989803, 113.4617957299324047, -11.63703494020661999 ) ) ;
#2389 = CARTESIAN_POINT ( 'NONE',  ( -80.35550308977049383, 108.1346930405582043, -6.637034940206600453 ) ) ;
#2390 = DIRECTION ( 'NONE',  ( -1.000000000000000000, 0.000000000000000000, 0.000000000000000000 ) ) ;
#2391 = CARTESIAN_POINT ( 'NONE',  ( 48.97795102385109800, 113.1647048193744070, -6.637034940206600453 ) ) ;
#2392 = CARTESIAN_POINT ( 'NONE',  ( -57.95958634700859591, 107.3899748049281868, -5.637034940206619993 ) ) ;
#2393 = CARTESIAN_POINT ( 'NONE',  ( -80.35082865681849285, 174.7256390783829829, -6.637034940206589795 ) ) ;
#2394 = CARTESIAN_POINT ( 'NONE',  ( -114.7060386284582023, 148.3123902689254123, -6.637034940206600453 ) ) ;
#2395 = ORIENTED_EDGE ( 'NONE', *, *, #507, .T. ) ;
#2396 = B_SPLINE_SURFACE_WITH_KNOTS ( 'NONE', 2, 1, ( 
 ( #2237, #1593 ),
 ( #81, #1396 ),
 ( #720, #1563 ),
 ( #2024, #1619 ),
 ( #2449, #960 ),
 ( #1981, #495 ),
 ( #972, #525 ),
 ( #1351, #1383 ),
 ( #1826, #2209 ) ),
 .UNSPECIFIED., .F., .F., .F.,
 ( 3, 2, 2, 2, 3 ),
 ( 2, 2 ),
 ( 0.000000000000000000, 0.2500000000000000000, 0.5000000000000000000, 0.7500000000000000000, 1.000000000000000000 ),
 ( 0.000000000000000000, 1.000000000000000000 ),
 .UNSPECIFIED. ) ;
#2397 = EDGE_CURVE ( 'NONE', #1933, #1933, #1891, .T. ) ;
#2398 = CARTESIAN_POINT ( 'NONE',  ( -96.88951755105098584, 167.9619355446255042, -5.637034940206619993 ) ) ;
#2399 = CARTESIAN_POINT ( 'NONE',  ( 47.88361231682819863, 168.7511949737329928, -5.637034940206619993 ) ) ;
#2400 = CARTESIAN_POINT ( 'NONE',  ( 3.993924496549960068, 157.4296532796704753, -5.637034940206619993 ) ) ;
#2401 = CARTESIAN_POINT ( 'NONE',  ( 50.99838814034180245, 169.5479923286295048, -11.63703494020661999 ) ) ;
#2402 = DIRECTION ( 'NONE',  ( -0.000000000000000000, -0.000000000000000000, 1.000000000000000000 ) ) ;
#2403 = CARTESIAN_POINT ( 'NONE',  ( -94.44598367338380740, 112.6471363116166060, -6.637034940206589795 ) ) ;
#2404 = DIRECTION ( 'NONE',  ( 0.000000000000000000, 0.000000000000000000, 1.000000000000000000 ) ) ;
#2405 = CARTESIAN_POINT ( 'NONE',  ( 52.03628991287579453, -30.98292557773240219, -11.63703494020661999 ) ) ;
#2406 = CARTESIAN_POINT ( 'NONE',  ( -97.00671631480389578, 169.0194670517219890, -11.63703494020661999 ) ) ;
#2407 = CARTESIAN_POINT ( 'NONE',  ( -93.03376738022789993, 170.8135239725070278, -6.637034940206600453 ) ) ;
#2408 = CARTESIAN_POINT ( 'NONE',  ( -101.8339089943304145, 165.2646504909784824, -5.637034940206619993 ) ) ;
#2409 = ORIENTED_EDGE ( 'NONE', *, *, #2345, .F. ) ;
#2410 = CARTESIAN_POINT ( 'NONE',  ( -91.71727543710430552, 170.2648127059050012, -5.637034940206619993 ) ) ;
#2411 = EDGE_CURVE ( 'NONE', #1331, #2689, #373, .T. ) ;
#2412 = CARTESIAN_POINT ( 'NONE',  ( 46.12636450624800233, 168.8306135924370039, -5.637034940206619993 ) ) ;
#2413 = ORIENTED_EDGE ( 'NONE', *, *, #1122, .F. ) ;
#2414 = VERTEX_POINT ( 'NONE', #1136 ) ;
#2415 = CARTESIAN_POINT ( 'NONE',  ( 44.94555193335574472, 169.8862532736474975, -11.63703494020661999 ) ) ;
#2416 = DIRECTION ( 'NONE',  ( -0.000000000000000000, -0.000000000000000000, 1.000000000000000000 ) ) ;
#2417 = CARTESIAN_POINT ( 'NONE',  ( -96.99230529496820452, 113.8326226294798005, -6.637034940206600453 ) ) ;
#2418 = CARTESIAN_POINT ( 'NONE',  ( 50.99113183640299951, 169.5485865136139978, -6.637034940206600453 ) ) ;
#2419 = CARTESIAN_POINT ( 'NONE',  ( 46.82946768373490443, 169.8003775732194924, -6.637034940206589795 ) ) ;
#2420 = CARTESIAN_POINT ( 'NONE',  ( -55.31773447108299990, 107.5704096778752046, -5.637034940206619993 ) ) ;
#2421 = CARTESIAN_POINT ( 'NONE',  ( -56.31388772960100653, 175.3578186525620026, -5.637034940206619993 ) ) ;
#2422 = FACE_OUTER_BOUND ( 'NONE', #1431, .T. ) ;
#2423 = VERTEX_POINT ( 'NONE', #1978 ) ;
#2424 = CARTESIAN_POINT ( 'NONE',  ( -98.79023669490899806, 166.9784757774010018, -5.637034940206619993 ) ) ;
#2425 = DIRECTION ( 'NONE',  ( -1.000000000000000000, 0.000000000000000000, 0.000000000000000000 ) ) ;
#2426 = VERTEX_POINT ( 'NONE', #884 ) ;
#2427 = CIRCLE ( 'NONE', #2250, 144.1305048123483914 ) ;
#2428 = CARTESIAN_POINT ( 'NONE',  ( -74.31560077330779279, 175.7975697186942625, -6.637034914025951693 ) ) ;
#2429 = AXIS2_PLACEMENT_3D ( 'NONE', #1917, #802, #1705 ) ;
#2430 = CARTESIAN_POINT ( 'NONE',  ( -107.6094743334197830, 161.1641107254959877, -11.63703494020661999 ) ) ;
#2431 = EDGE_CURVE ( 'NONE', #2579, #2579, #732, .T. ) ;
#2432 = AXIS2_PLACEMENT_3D ( 'NONE', #1254, #438, #1082 ) ;
#2433 = CARTESIAN_POINT ( 'NONE',  ( 42.81160654540840227, 112.8520758448431991, -6.637034940206600453 ) ) ;
#2434 = CARTESIAN_POINT ( 'NONE',  ( -75.83650317559128951, 107.2888706254972107, -6.637034940206600453 ) ) ;
#2435 = FACE_OUTER_BOUND ( 'NONE', #116, .T. ) ;
#2436 = CARTESIAN_POINT ( 'NONE',  ( 52.17849106827469541, 169.4489109422480055, -6.637034940206600453 ) ) ;
#2437 = CARTESIAN_POINT ( 'NONE',  ( 53.00248534341159967, 113.4794431813445925, -11.63703494020661999 ) ) ;
#2438 = CARTESIAN_POINT ( 'NONE',  ( -76.83933033225659415, 175.4050042651519732, -6.637034940206600453 ) ) ;
#2439 = CARTESIAN_POINT ( 'NONE',  ( -115.8731207112464006, 141.8885635935509981, -6.637034940206600453 ) ) ;
#2440 = ORIENTED_EDGE ( 'NONE', *, *, #2017, .T. ) ;
#2441 = CARTESIAN_POINT ( 'NONE',  ( -57.63509970145539540, 175.4487190067114852, -5.637034940206619993 ) ) ;
#2442 = CARTESIAN_POINT ( 'NONE',  ( -110.0007063150996061, 124.4395782686765983, -11.63703494020661999 ) ) ;
#2443 = VERTEX_POINT ( 'NONE', #1561 ) ;
#2444 = FACE_OUTER_BOUND ( 'NONE', #186, .T. ) ;
#2445 = CARTESIAN_POINT ( 'NONE',  ( -101.6553521695079922, 165.3851179316344826, -5.637034940206619993 ) ) ;
#2446 = CARTESIAN_POINT ( 'NONE',  ( -114.3453312059735936, 133.4007526901574181, -6.637034940206600453 ) ) ;
#2447 = CARTESIAN_POINT ( 'NONE',  ( -83.33579466778078881, 108.8331359814456079, -6.637034940206600453 ) ) ;
#2448 = EDGE_CURVE ( 'NONE', #2159, #2159, #2652, .T. ) ;
#2449 = CARTESIAN_POINT ( 'NONE',  ( -111.7219297781475973, 127.4813093347266175, -11.63703494020661999 ) ) ;
#2450 = CARTESIAN_POINT ( 'NONE',  ( 52.52854265653859756, 169.4193857131785137, -6.637034940206600453 ) ) ;
#2451 = CARTESIAN_POINT ( 'NONE',  ( -115.8731206951981960, 140.9707427485300286, -6.637034940206600453 ) ) ;
#2452 = CARTESIAN_POINT ( 'NONE',  ( -57.16322457085979636, 175.4165602249004792, -5.637034940206619993 ) ) ;
#2453 = CARTESIAN_POINT ( 'NONE',  ( -111.1212142550668034, 154.4098795105360011, -5.637034940206619993 ) ) ;
#2454 = VERTEX_POINT ( 'NONE', #2162 ) ;
#2455 = CARTESIAN_POINT ( 'NONE',  ( -72.17711730051678387, 175.0672147943865014, -5.637034940206619993 ) ) ;
#2456 = CARTESIAN_POINT ( 'NONE',  ( -106.0807182613064015, 161.3692349964644848, -5.637034940206619993 ) ) ;
#2457 = EDGE_LOOP ( 'NONE', ( #520, #1202, #1218, #2107 ) ) ;
#2458 = CARTESIAN_POINT ( 'NONE',  ( -63.05086155274310045, 106.0331806330620026, -6.637034940206600453 ) ) ;
#2459 = FACE_BOUND ( 'NONE', #2303, .T. ) ;
#2460 = CARTESIAN_POINT ( 'NONE',  ( -109.0986612860355933, 123.5166846923412010, -6.637034940206589795 ) ) ;
#2461 = CARTESIAN_POINT ( 'NONE',  ( 11.03493727688251980, 172.0453764671215140, -11.63703494020661999 ) ) ;
#2462 = CARTESIAN_POINT ( 'NONE',  ( 50.06442713095610486, 169.6212694617389900, -6.637034940206600453 ) ) ;
#2463 = CARTESIAN_POINT ( 'NONE',  ( -114.6327156526026130, 138.7478723446421895, -5.637034940206619993 ) ) ;
#2464 = CARTESIAN_POINT ( 'NONE',  ( -96.43816564916350842, 168.1845474247004972, -5.637034940206619993 ) ) ;
#2465 = CARTESIAN_POINT ( 'NONE',  ( -110.2634155700988003, 155.8928027975164810, -5.637034940206619993 ) ) ;
#2466 = ORIENTED_EDGE ( 'NONE', *, *, #545, .T. ) ;
#2467 = CARTESIAN_POINT ( 'NONE',  ( -58.01268619618170419, 175.4725204677814929, -5.637034940206619993 ) ) ;
#2468 = CARTESIAN_POINT ( 'NONE',  ( -107.6005777728710058, 159.6265426703359935, -5.637034940206619993 ) ) ;
#2469 = ORIENTED_EDGE ( 'NONE', *, *, #158, .F. ) ;
#2470 = CARTESIAN_POINT ( 'NONE',  ( -66.19069437944318679, 176.5404386272284398, -6.637034914025962351 ) ) ;
#2471 = FACE_BOUND ( 'NONE', #1625, .T. ) ;
#2472 = CARTESIAN_POINT ( 'NONE',  ( -112.0005671655414119, 127.9728735739359990, -6.637034940206589795 ) ) ;
#2473 = VECTOR ( 'NONE', #2548, 1000.000000000000000 ) ;
#2474 = CARTESIAN_POINT ( 'NONE',  ( 49.08670521322199676, 113.1712188758364022, -6.637034940206589795 ) ) ;
#2475 = CARTESIAN_POINT ( 'NONE',  ( 53.31553788122799631, 169.3541115661629703, -6.637034940206589795 ) ) ;
#2476 = AXIS2_PLACEMENT_3D ( 'NONE', #1553, #1145, #499 ) ;
#2477 = CARTESIAN_POINT ( 'NONE',  ( -109.6430952434870107, 126.0010716773895751, -5.637034940206619993 ) ) ;
#2478 = CARTESIAN_POINT ( 'NONE',  ( -96.77684717383759505, 168.0179457664799827, -5.637034940206619993 ) ) ;
#2479 = ORIENTED_EDGE ( 'NONE', *, *, #2411, .F. ) ;
#2480 = CARTESIAN_POINT ( 'NONE',  ( -60.59502092156629516, 175.5870115583474842, -5.637034940206619993 ) ) ;
#2481 = CYLINDRICAL_SURFACE ( 'NONE', #1263, 2.510899745533007099 ) ;
#2482 = EDGE_CURVE ( 'NONE', #822, #925, #794, .T. ) ;
#2483 = VERTEX_POINT ( 'NONE', #301 ) ;
#2484 = CARTESIAN_POINT ( 'NONE',  ( -63.12331631821754740, 176.6144158766846601, -6.637034914025962351 ) ) ;
#2485 = DIRECTION ( 'NONE',  ( -1.000000000000000000, 0.000000000000000000, 0.000000000000000000 ) ) ;
#2486 = CARTESIAN_POINT ( 'NONE',  ( -109.9769076912900090, 124.7148966013748037, -6.637034940206589795 ) ) ;
#2487 = CARTESIAN_POINT ( 'NONE',  ( 51.65228186617709838, 113.3658192913532048, -6.637034940206589795 ) ) ;
#2488 = CARTESIAN_POINT ( 'NONE',  ( 49.46404550141889445, 168.6615911567469936, -5.637034940206619993 ) ) ;
#2489 = CARTESIAN_POINT ( 'NONE',  ( -102.7458429491841940, 118.3090821858598076, -5.637034940206619993 ) ) ;
#2490 = CARTESIAN_POINT ( 'NONE',  ( -81.61461643365291252, 173.4150078163220030, -5.637034940206619993 ) ) ;
#2491 = ORIENTED_EDGE ( 'NONE', *, *, #1841, .T. ) ;
#2492 = CARTESIAN_POINT ( 'NONE',  ( -59.34438525390419983, 107.3172149331874010, -5.637034940206619993 ) ) ;
#2493 = CARTESIAN_POINT ( 'NONE',  ( 52.09414805760659561, 114.4068327626171850, -5.637034942633468937 ) ) ;
#2494 = ORIENTED_EDGE ( 'NONE', *, *, #1020, .F. ) ;
#2495 = ADVANCED_FACE ( 'NONE', ( #1348, #914 ), #1741, .F. ) ;
#2496 = CARTESIAN_POINT ( 'NONE',  ( -62.10084256149760051, 176.6131582532625259, -6.637034940206589795 ) ) ;
#2497 = CARTESIAN_POINT ( 'NONE',  ( -102.1536018092126028, 166.2521516777260047, -6.637034940206600453 ) ) ;
#2498 = FACE_OUTER_BOUND ( 'NONE', #2742, .T. ) ;
#2499 = CARTESIAN_POINT ( 'NONE',  ( -114.8760499624776088, 141.0472277402072052, -5.637034940206619993 ) ) ;
#2500 = DIRECTION ( 'NONE',  ( 1.000000000000000000, 0.000000000000000000, 0.000000000000000000 ) ) ;
#2501 = DIRECTION ( 'NONE',  ( 1.000000000000000000, 0.000000000000000000, 0.000000000000000000 ) ) ;
#2502 = FACE_OUTER_BOUND ( 'NONE', #2660, .T. ) ;
#2503 = CARTESIAN_POINT ( 'NONE',  ( -81.12380169741990699, 173.5291422907354786, -5.637034940206619993 ) ) ;
#2504 = ORIENTED_EDGE ( 'NONE', *, *, #1515, .F. ) ;
#2505 = CARTESIAN_POINT ( 'NONE',  ( -94.04363214023669570, 113.5626534739486004, -5.637034940206619993 ) ) ;
#2506 = CARTESIAN_POINT ( 'NONE',  ( 51.04246176446726224, 114.3182654789138439, -5.637034942633468937 ) ) ;
#2507 = VERTEX_POINT ( 'NONE', #1517 ) ;
#2508 = CARTESIAN_POINT ( 'NONE',  ( -57.50591127170160632, 176.4423707482424959, -6.637034940206589795 ) ) ;
#2509 = CARTESIAN_POINT ( 'NONE',  ( -94.44459930051192487, 170.2127742524922382, -6.637034914025962351 ) ) ;
#2510 = DIRECTION ( 'NONE',  ( -0.000000000000000000, -0.000000000000000000, 1.000000000000000000 ) ) ;
#2511 = CARTESIAN_POINT ( 'NONE',  ( -107.5875233074716135, 123.2167839640126061, -5.637034940206619993 ) ) ;
#2512 = PRODUCT_DEFINITION_FORMATION_WITH_SPECIFIED_SOURCE ( 'Symmetric', '', #2190, .NOT_KNOWN. ) ;
#2513 = ADVANCED_FACE ( 'NONE', ( #2207 ), #2563, .T. ) ;
#2514 = CARTESIAN_POINT ( 'NONE',  ( 52.89985098755379767, 113.4709646321876022, -6.637034940206600453 ) ) ;
#2515 = CARTESIAN_POINT ( 'NONE',  ( 45.77491250101429898, 168.8464352300470068, -5.637034940206619993 ) ) ;
#2516 = AXIS2_PLACEMENT_3D ( 'NONE', #1108, #1490, #616 ) ;
#2517 = CARTESIAN_POINT ( 'NONE',  ( -99.27969356216340202, 167.9036719234434827, -11.63703494020661999 ) ) ;
#2518 = CARTESIAN_POINT ( 'NONE',  ( -62.10846484549859525, 175.6131668721154995, -5.637034940206619993 ) ) ;
#2519 = AXIS2_PLACEMENT_3D ( 'NONE', #2005, #2037, #1602 ) ;
#2520 = EDGE_LOOP ( 'NONE', ( #1248 ) ) ;
#2521 = CARTESIAN_POINT ( 'NONE',  ( -64.64202620949419043, 107.2672746322254085, -5.637034940206619993 ) ) ;
#2522 = CIRCLE ( 'NONE', #1222, 2.149999999999999023 ) ;
#2523 = CARTESIAN_POINT ( 'NONE',  ( 50.51648164674851671, 114.2756599190032887, -5.637034942633468937 ) ) ;
#2524 = ORIENTED_EDGE ( 'NONE', *, *, #13, .T. ) ;
#2525 = CARTESIAN_POINT ( 'NONE',  ( -81.34723344421681190, 174.5038826259061580, -6.637034914025962351 ) ) ;
#2526 = CARTESIAN_POINT ( 'NONE',  ( 44.94555193603520138, 112.9730532922200013, -6.637034940206600453 ) ) ;
#2527 = CARTESIAN_POINT ( 'NONE',  ( 51.12510429703760195, 113.3216859947844029, -6.637034940206589795 ) ) ;
#2528 = CARTESIAN_POINT ( 'NONE',  ( 48.93748514333410071, 168.6953097057034938, -5.637034940206619993 ) ) ;
#2529 = CARTESIAN_POINT ( 'NONE',  ( 46.90134238294059799, 113.0620988488335996, -11.63703494020661999 ) ) ;
#2530 = EDGE_CURVE ( 'NONE', #1864, #295, #2174, .T. ) ;
#2531 = CARTESIAN_POINT ( 'NONE',  ( -100.7785886812703922, 165.8856359093399817, -5.637034940206619993 ) ) ;
#2532 = ORIENTED_EDGE ( 'NONE', *, *, #1004, .F. ) ;
#2533 = CARTESIAN_POINT ( 'NONE',  ( -66.65962403459229790, 107.3415664566743999, -5.637034940206619993 ) ) ;
#2534 = CARTESIAN_POINT ( 'NONE',  ( -87.44210164465550861, 111.0645626472613969, -5.637034940206619993 ) ) ;
#2535 = CARTESIAN_POINT ( 'NONE',  ( 48.23497824998580086, 114.1255916451786874, -5.637034942633468937 ) ) ;
#2536 = ORIENTED_EDGE ( 'NONE', *, *, #2448, .F. ) ;
#2537 = CARTESIAN_POINT ( 'NONE',  ( -97.33557332596598144, 168.8569430829116413, -6.637034914025951693 ) ) ;
#2538 = DIRECTION ( 'NONE',  ( 1.000000000000000000, 0.000000000000000000, 0.000000000000000000 ) ) ;
#2539 = CARTESIAN_POINT ( 'NONE',  ( 51.56832649159990467, 114.3622888693439990, -5.637034940206619993 ) ) ;
#2540 = CARTESIAN_POINT ( 'NONE',  ( -57.28995700384550105, 176.4277140708380216, -6.637034940206600453 ) ) ;
#2541 = CARTESIAN_POINT ( 'NONE',  ( -86.38379663351540216, 109.4541455145124047, -6.637034940206600453 ) ) ;
#2542 = CARTESIAN_POINT ( 'NONE',  ( -107.6094743334197830, 161.1641107254959877, -11.63703494020661999 ) ) ;
#2543 = ADVANCED_FACE ( 'NONE', ( #272 ), #67, .F. ) ;
#2544 = CARTESIAN_POINT ( 'NONE',  ( -97.45203909555259258, 115.1807439477824033, -5.637034940206619993 ) ) ;
#2545 = CARTESIAN_POINT ( 'NONE',  ( -78.66270090759019240, 108.8064044843274019, -5.637034940206619993 ) ) ;
#2546 = CARTESIAN_POINT ( 'NONE',  ( 47.70790566864219784, 114.0997309404748705, -5.637034942633468937 ) ) ;
#2547 = ORIENTED_EDGE ( 'NONE', *, *, #1930, .F. ) ;
#2548 = DIRECTION ( 'NONE',  ( 0.04525645811345677810, 0.7056570363906875532, -0.7071067811804216952 ) ) ;
#2549 = CARTESIAN_POINT ( 'NONE',  ( -112.9130143530570081, 132.3526499086707986, -5.637034940206619993 ) ) ;
#2550 = CARTESIAN_POINT ( 'NONE',  ( 53.03633136440799944, 114.4856046701523979, -5.637034940206619993 ) ) ;
#2551 = CARTESIAN_POINT ( 'NONE',  ( -97.00671631480389578, 169.0194670517219890, -11.63703494020661999 ) ) ;
#2552 = CARTESIAN_POINT ( 'NONE',  ( 52.68057285449100391, 169.4063440268524801, -6.637034940206600453 ) ) ;
#2553 = CYLINDRICAL_SURFACE ( 'NONE', #2022, 28.59228193470924850 ) ;
#2554 = CONICAL_SURFACE ( 'NONE', #1621, 28.59228193470925206, 0.7853981633974589371 ) ;
#2555 = CARTESIAN_POINT ( 'NONE',  ( -102.4509130740899963, 116.8076960602124075, -11.63703494020661999 ) ) ;
#2556 = CIRCLE ( 'NONE', #1528, 2.510899745533007099 ) ;
#2557 = CARTESIAN_POINT ( 'NONE',  ( -81.61889460107491345, 109.4453107610020055, -5.637034940206619993 ) ) ;
#2558 = CARTESIAN_POINT ( 'NONE',  ( -56.93694310029329841, 176.4032990322520220, -6.637034940206600453 ) ) ;
#2559 = AXIS2_PLACEMENT_3D ( 'NONE', #1507, #1744, #2571 ) ;
#2560 = CARTESIAN_POINT ( 'NONE',  ( -102.3008701683273927, 166.1691566548875301, -6.637034940206600453 ) ) ;
#2561 = EDGE_LOOP ( 'NONE', ( #2491 ) ) ;
#2562 = FACE_BOUND ( 'NONE', #980, .T. ) ;
#2563 = CONICAL_SURFACE ( 'NONE', #2160, 2.510899749864583974, 0.7853981633974518317 ) ;
#2564 = ADVANCED_FACE ( 'NONE', ( #287, #1993 ), #871, .F. ) ;
#2565 = CARTESIAN_POINT ( 'NONE',  ( -107.6094743334197830, 161.1641107254959877, -6.637034940206600453 ) ) ;
#2566 = CARTESIAN_POINT ( 'NONE',  ( -46.00000000000000000, 141.4296532796704184, -1.637034940206620215 ) ) ;
#2567 = CARTESIAN_POINT ( 'NONE',  ( 45.24775531918199789, 113.9886830086091862, -5.637034940206619993 ) ) ;
#2568 = CARTESIAN_POINT ( 'NONE',  ( 51.88853993743479975, 113.3858049176170084, -11.63703494020661999 ) ) ;
#2569 = CARTESIAN_POINT ( 'NONE',  ( -101.7122688910362172, 116.3535434226733969, -6.637034940206589795 ) ) ;
#2570 = FACE_OUTER_BOUND ( 'NONE', #2753, .T. ) ;
#2571 = DIRECTION ( 'NONE',  ( 1.000000000000000000, 0.000000000000000000, 0.000000000000000000 ) ) ;
#2572 = CARTESIAN_POINT ( 'NONE',  ( -72.18363599376309026, 107.7928594284913970, -5.637034940206619993 ) ) ;
#2573 = CARTESIAN_POINT ( 'NONE',  ( -57.09422770052639606, 176.4141771012035349, -6.637034940206600453 ) ) ;
#2574 = CARTESIAN_POINT ( 'NONE',  ( -113.7438271896949971, 151.1314486526134999, -6.637034940206600453 ) ) ;
#2575 = ORIENTED_EDGE ( 'NONE', *, *, #2482, .T. ) ;
#2576 = DIRECTION ( 'NONE',  ( 1.000000000000000000, 0.000000000000000000, 0.000000000000000000 ) ) ;
#2577 = CARTESIAN_POINT ( 'NONE',  ( 46.82928869811649975, 168.7994126476754957, -5.637034940206619993 ) ) ;
#2578 = EDGE_CURVE ( 'NONE', #2423, #445, #2636, .T. ) ;
#2579 = VERTEX_POINT ( 'NONE', #2372 ) ;
#2580 = CARTESIAN_POINT ( 'NONE',  ( 52.94867664625530068, 114.4783941510572021, -5.637034940206619993 ) ) ;
#2581 = DIRECTION ( 'NONE',  ( -0.04526078310955909678, 0.7056567589928601780, -0.7071067811865490160 ) ) ;
#2582 = CARTESIAN_POINT ( 'NONE',  ( -98.58654238951238824, 114.6415567742351982, -6.637034940206600453 ) ) ;
#2583 = CARTESIAN_POINT ( 'NONE',  ( 23.84392449805660164, 117.4296532796703900, -11.63703494020661999 ) ) ;
#2584 = CARTESIAN_POINT ( 'NONE',  ( 44.94555193603520138, 112.9730532922200013, -6.637034940206600453 ) ) ;
#2585 = CARTESIAN_POINT ( 'NONE',  ( -94.50350174248529811, 113.7668597839879965, -5.637034940206619993 ) ) ;
#2586 = FACE_OUTER_BOUND ( 'NONE', #950, .T. ) ;
#2587 = CARTESIAN_POINT ( 'NONE',  ( -114.3503158514241989, 149.4466926689893853, -6.637034940206600453 ) ) ;
#2588 = ORIENTED_EDGE ( 'NONE', *, *, #1608, .F. ) ;
#2589 = CARTESIAN_POINT ( 'NONE',  ( -76.67055986181999572, 174.4193298862364827, -5.637034940206619993 ) ) ;
#2590 = CARTESIAN_POINT ( 'NONE',  ( -114.5326930768020048, 148.8716846985402071, -6.637034940206600453 ) ) ;
#2591 = ORIENTED_EDGE ( 'NONE', *, *, #2314, .T. ) ;
#2592 = B_SPLINE_CURVE_WITH_KNOTS ( 'NONE', 2,
 ( #1487, #2605, #2565, #1557, #1526, #1119, #2590, #642, #1750 ),
 .UNSPECIFIED., .F., .F.,
 ( 3, 2, 2, 2, 3 ),
 ( 0.000000000000000000, 0.2500000000000000000, 0.5000000000000000000, 0.7500000000000000000, 1.000000000000000000 ),
 .UNSPECIFIED. ) ;
#2593 = CARTESIAN_POINT ( 'NONE',  ( 46.96108894887679952, 114.0657042238742065, -5.637034940206619993 ) ) ;
#2594 = CARTESIAN_POINT ( 'NONE',  ( 11.03493727688251980, 172.0453764671215140, -6.637034940206600453 ) ) ;
#2595 = CARTESIAN_POINT ( 'NONE',  ( -96.53311603275770381, 113.6091353151653891, -6.637034940206600453 ) ) ;
#2596 = ADVANCED_FACE ( 'NONE', ( #509 ), #1366, .F. ) ;
#2597 = DIRECTION ( 'NONE',  ( 0.000000000000000000, 0.000000000000000000, 1.000000000000000000 ) ) ;
#2598 = FACE_OUTER_BOUND ( 'NONE', #143, .T. ) ;
#2599 = CARTESIAN_POINT ( 'NONE',  ( -65.14695396891549706, 107.2811499919828009, -5.637034940206619993 ) ) ;
#2600 = CARTESIAN_POINT ( 'NONE',  ( -55.55892164848209802, 175.3056039215940132, -5.637034940206619993 ) ) ;
#2601 = CARTESIAN_POINT ( 'NONE',  ( 45.24775531929518735, 113.9886830061849707, -5.637034942633468937 ) ) ;
#2602 = AXIS2_PLACEMENT_3D ( 'NONE', #1658, #2510, #2265 ) ;
#2603 = EDGE_LOOP ( 'NONE', ( #1473 ) ) ;
#2604 = CARTESIAN_POINT ( 'NONE',  ( -97.45143952811569932, 167.6788364468115162, -5.637034940206619993 ) ) ;
#2605 = CARTESIAN_POINT ( 'NONE',  ( -105.2815039346457979, 163.8340714978199912, -6.637034940206600453 ) ) ;
#2606 = EDGE_LOOP ( 'NONE', ( #377 ) ) ;
#2607 = CARTESIAN_POINT ( 'NONE',  ( 3.993924498056659722, 125.4296532796704042, -5.637034940206619993 ) ) ;
#2608 = CIRCLE ( 'NONE', #198, 2.510899749864583974 ) ;
#2609 = CARTESIAN_POINT ( 'NONE',  ( 11.03493727688251980, 172.0453764671215140, -11.63703494020661999 ) ) ;
#2610 = DIRECTION ( 'NONE',  ( 1.000000000000000000, 0.000000000000000000, 0.000000000000000000 ) ) ;
#2611 = CARTESIAN_POINT ( 'NONE',  ( -61.59887473915370038, 106.2513733399049869, -6.637034940206589795 ) ) ;
#2612 = CARTESIAN_POINT ( 'NONE',  ( -57.28994997900449704, 176.4277136115215114, -6.637034931479159461 ) ) ;
#2613 = CARTESIAN_POINT ( 'NONE',  ( -74.88064803688008908, 106.9390034919785961, -11.63703494020661999 ) ) ;
#2614 = EDGE_CURVE ( 'NONE', #2202, #2202, #330, .T. ) ;
#2615 = CARTESIAN_POINT ( 'NONE',  ( -55.06613920656580774, 107.5878105634686079, -5.637034940206619993 ) ) ;
#2616 = CARTESIAN_POINT ( 'NONE',  ( -94.91156422213360599, 170.0054422483474923, -6.637034940206589795 ) ) ;
#2617 = CARTESIAN_POINT ( 'NONE',  ( -113.0535606888179956, 152.7751819254210091, -6.637034940206600453 ) ) ;
#2618 = EDGE_LOOP ( 'NONE', ( #1116, #2231, #2575, #308 ) ) ;
#2619 = CARTESIAN_POINT ( 'NONE',  ( -97.22704557260098568, 167.7928750822115092, -5.637034940206619993 ) ) ;
#2620 = CARTESIAN_POINT ( 'NONE',  ( -102.4509130740899963, 116.8076960602124075, -11.63703494020661999 ) ) ;
#2621 = VERTEX_POINT ( 'NONE', #491 ) ;
#2622 = CARTESIAN_POINT ( 'NONE',  ( 51.77718375075220081, 169.4829502075650112, -11.63703494020661999 ) ) ;
#2623 = CARTESIAN_POINT ( 'NONE',  ( 23.84392449805660164, 165.4296532796705037, -5.637034940206619993 ) ) ;
#2624 = CARTESIAN_POINT ( 'NONE',  ( -65.17753124711489932, 106.2815982018023959, -6.637034940206600453 ) ) ;
#2625 = CARTESIAN_POINT ( 'NONE',  ( 51.33751535686449330, 169.5202336424829639, -6.637034940206600453 ) ) ;
#2626 = CARTESIAN_POINT ( 'NONE',  ( 49.35425013886949586, 169.6712219298325124, -6.637034940206600453 ) ) ;
#2627 = CARTESIAN_POINT ( 'NONE',  ( -94.38511850407709858, 170.3063985724455165, -11.63703494020661999 ) ) ;
#2628 = CARTESIAN_POINT ( 'NONE',  ( -79.85162519117470481, 174.8318205785795101, -6.637034940206600453 ) ) ;
#2629 = CARTESIAN_POINT ( 'NONE',  ( -108.6605031538472019, 158.2624795938399984, -5.637034940206619993 ) ) ;
#2630 = ORIENTED_EDGE ( 'NONE', *, *, #1486, .F. ) ;
#2631 = CARTESIAN_POINT ( 'NONE',  ( -88.87589430032089410, 171.3162370418675096, -5.637034940206619993 ) ) ;
#2632 = CARTESIAN_POINT ( 'NONE',  ( -104.8755353909342034, 162.6093037137440263, -5.637034940206619993 ) ) ;
#2633 = ADVANCED_FACE ( 'NONE', ( #1167 ), #1117, .F. ) ;
#2634 = ORIENTED_EDGE ( 'NONE', *, *, #765, .T. ) ;
#2635 = CARTESIAN_POINT ( 'NONE',  ( 44.94555193335574472, 169.8862532736474975, -11.63703494020661999 ) ) ;
#2636 = LINE ( 'NONE', #2433, #463 ) ;
#2637 = CARTESIAN_POINT ( 'NONE',  ( -66.19871478374079743, 106.3192012606714059, -6.637034940206589795 ) ) ;
#2638 = CARTESIAN_POINT ( 'NONE',  ( 46.96201983789569567, 169.7945331823389949, -11.63703494020661999 ) ) ;
#2639 = CARTESIAN_POINT ( 'NONE',  ( 46.69775146071749816, 169.8061997564360013, -6.637034940206600453 ) ) ;
#2640 = CARTESIAN_POINT ( 'NONE',  ( -57.45629621182060021, 107.4225467513293921, -5.637034940206619993 ) ) ;
#2641 = CARTESIAN_POINT ( 'NONE',  ( -81.84424692784119770, 174.3883070311484857, -6.637034940206589795 ) ) ;
#2642 = CARTESIAN_POINT ( 'NONE',  ( -112.9166336821709962, 150.4972388353394877, -5.637034940206619993 ) ) ;
#2643 = ORIENTED_EDGE ( 'NONE', *, *, #900, .T. ) ;
#2644 = CARTESIAN_POINT ( 'NONE',  ( -57.39915185885029558, 175.4328686879600241, -5.637034940206619993 ) ) ;
#2645 = CARTESIAN_POINT ( 'NONE',  ( -108.8299224609002067, 158.0308788070745152, -5.637034940206619993 ) ) ;
#2646 = EDGE_LOOP ( 'NONE', ( #2157 ) ) ;
#2647 = CIRCLE ( 'NONE', #455, 2.149999999999999023 ) ;
#2648 = EDGE_CURVE ( 'NONE', #2385, #2385, #2256, .T. ) ;
#2649 = CARTESIAN_POINT ( 'NONE',  ( -57.29289460289381708, 176.4279171617463362, -6.637034914025958798 ) ) ;
#2650 = AXIS2_PLACEMENT_3D ( 'NONE', #275, #1069, #636 ) ;
#2651 = FACE_OUTER_BOUND ( 'NONE', #1793, .T. ) ;
#2652 = CIRCLE ( 'NONE', #1450, 2.149999999999999023 ) ;
#2653 = CARTESIAN_POINT ( 'NONE',  ( -114.4376540696611926, 133.6847119847432168, -6.637034940206589795 ) ) ;
#2654 = CARTESIAN_POINT ( 'NONE',  ( -88.72044143126379367, 110.4332764536251972, -6.637034940206589795 ) ) ;
#2655 = CARTESIAN_POINT ( 'NONE',  ( 51.33751535686449330, 169.5202336424829639, -11.63703494020661999 ) ) ;
#2656 = CARTESIAN_POINT ( 'NONE',  ( 50.94846914064649468, 169.5521921210869891, -6.637034940206589795 ) ) ;
#2657 = CARTESIAN_POINT ( 'NONE',  ( -100.9017544462901981, 164.0755727717784964, -5.637034940206619993 ) ) ;
#2658 = CARTESIAN_POINT ( 'NONE',  ( -56.06223236922810571, 175.3404137422394911, -5.637034940206619993 ) ) ;
#2659 = CARTESIAN_POINT ( 'NONE',  ( -104.8755353909342034, 162.6093037137440263, -5.637034940206619993 ) ) ;
#2660 = EDGE_LOOP ( 'NONE', ( #2113 ) ) ;
#2661 = CARTESIAN_POINT ( 'NONE',  ( -57.76095254344599539, 175.4568606268954909, -5.637034940206619993 ) ) ;
#2662 = CARTESIAN_POINT ( 'NONE',  ( -112.9166336821709962, 150.4972388353394877, -5.637034940206619993 ) ) ;
#2663 = EDGE_LOOP ( 'NONE', ( #2035 ) ) ;
#2664 = CARTESIAN_POINT ( 'NONE',  ( -69.75495506812031010, 176.3108756434426141, -6.637034914025951693 ) ) ;
#2665 = CARTESIAN_POINT ( 'NONE',  ( -105.2815039346457979, 163.8340714978199912, -11.63703494020661999 ) ) ;
#2666 = CARTESIAN_POINT ( 'NONE',  ( -109.6325770144662073, 124.2317865464805919, -6.637034940206600453 ) ) ;
#2667 = CARTESIAN_POINT ( 'NONE',  ( -57.34064707058239918, 106.4281205202673988, -6.637034940206600453 ) ) ;
#2668 = LINE ( 'NONE', #2191, #2066 ) ;
#2669 = CARTESIAN_POINT ( 'NONE',  ( 46.87340249001429981, 169.7984391634545034, -6.637034940206600453 ) ) ;
#2670 = CARTESIAN_POINT ( 'NONE',  ( -108.0384414109954037, 123.7809255214926054, -5.637034940206619993 ) ) ;
#2671 = CARTESIAN_POINT ( 'NONE',  ( -72.17711730051678387, 175.0672147943865014, -5.637034940206619993 ) ) ;
#2672 = CARTESIAN_POINT ( 'NONE',  ( -102.7456980646071969, 164.5503373635119999, -5.637034940206619993 ) ) ;
#2673 = ORIENTED_EDGE ( 'NONE', *, *, #47, .T. ) ;
#2674 = CARTESIAN_POINT ( 'NONE',  ( -57.77083473930800039, 107.4017906500160109, -5.637034940206619993 ) ) ;
#2675 = CARTESIAN_POINT ( 'NONE',  ( -113.2147028816079910, 149.6807405269073854, -5.637034940206619993 ) ) ;
#2676 = VERTEX_POINT ( 'NONE', #2117 ) ;
#2677 = DIRECTION ( 'NONE',  ( 0.000000000000000000, 0.000000000000000000, 1.000000000000000000 ) ) ;
#2678 = FACE_BOUND ( 'NONE', #2258, .T. ) ;
#2679 = CARTESIAN_POINT ( 'NONE',  ( -110.6389339288602116, 125.6958151904482008, -6.637034940206600453 ) ) ;
#2680 = DIRECTION ( 'NONE',  ( -0.000000000000000000, -0.000000000000000000, 1.000000000000000000 ) ) ;
#2681 = CARTESIAN_POINT ( 'NONE',  ( 53.09640108643320389, 169.3721378408990006, -6.637034940206589795 ) ) ;
#2682 = CARTESIAN_POINT ( 'NONE',  ( -111.9008807817329938, 129.9782384696737836, -5.637034940206619993 ) ) ;
#2683 = EDGE_CURVE ( 'NONE', #2700, #2443, #1462, .T. ) ;
#2684 = CARTESIAN_POINT ( 'NONE',  ( -69.66975536727319707, 175.3144944725995060, -5.637034940206619993 ) ) ;
#2685 = CYLINDRICAL_SURFACE ( 'NONE', #2476, 2.149999999999999023 ) ;
#2686 = ORIENTED_EDGE ( 'NONE', *, *, #2130, .F. ) ;
#2687 = CARTESIAN_POINT ( 'NONE',  ( -57.64501197420920420, 107.4099284586969958, -5.637034940206619993 ) ) ;
#2688 = DIRECTION ( 'NONE',  ( 1.000000000000000000, 0.000000000000000000, 0.000000000000000000 ) ) ;
#2689 = VERTEX_POINT ( 'NONE', #839 ) ;
#2690 = CARTESIAN_POINT ( 'NONE',  ( -94.41074461012280494, 112.5651067485808028, -6.637034940206600453 ) ) ;
#2691 = CIRCLE ( 'NONE', #1842, 145.1305048128825774 ) ;
#2692 = CYLINDRICAL_SURFACE ( 'NONE', #1398, 2.149999999999999467 ) ;
#2693 = CARTESIAN_POINT ( 'NONE',  ( -109.1889254907636087, 123.6352353467673879, -6.637034940206600453 ) ) ;
#2694 = AXIS2_PLACEMENT_3D ( 'NONE', #554, #1194, #121 ) ;
#2695 = DIRECTION ( 'NONE',  ( -0.000000000000000000, -0.000000000000000000, -1.000000000000000000 ) ) ;
#2696 = CARTESIAN_POINT ( 'NONE',  ( 49.99035472927300106, 168.6240152918020101, -5.637034940206619993 ) ) ;
#2697 = AXIS2_PLACEMENT_3D ( 'NONE', #1294, #2758, #2735 ) ;
#2698 = CARTESIAN_POINT ( 'NONE',  ( -107.2187618462332068, 122.7734044688351958, -5.637034940206619993 ) ) ;
#2699 = CARTESIAN_POINT ( 'NONE',  ( -59.08295161431509968, 175.5302172208859872, -5.637034940206619993 ) ) ;
#2700 = VERTEX_POINT ( 'NONE', #2089 ) ;
#2701 = EDGE_CURVE ( 'NONE', #1446, #1572, #2608, .T. ) ;
#2702 = CARTESIAN_POINT ( 'NONE',  ( -62.10846484549859525, 175.6131668721154995, -5.637034940206619993 ) ) ;
#2703 = CARTESIAN_POINT ( 'NONE',  ( 45.49864757215340205, 113.0002997828584057, -6.637034940206600453 ) ) ;
#2704 = EDGE_LOOP ( 'NONE', ( #2728, #1179, #243, #2504 ) ) ;
#2705 = CARTESIAN_POINT ( 'NONE',  ( 44.94555193335574472, 169.8862532736474975, -11.63703494020661999 ) ) ;
#2706 = CARTESIAN_POINT ( 'NONE',  ( -68.91009507525920696, 110.4938693838374064, -5.637034940206619993 ) ) ;
#2707 = CARTESIAN_POINT ( 'NONE',  ( -113.4056299410359969, 130.8965650363130067, -6.637034940206589795 ) ) ;
#2708 = CARTESIAN_POINT ( 'NONE',  ( 46.96113283992450249, 113.0647346860511817, -6.637034940206600453 ) ) ;
#2709 = CARTESIAN_POINT ( 'NONE',  ( 44.89634979003839987, 168.8874644325539691, -5.637034940206619993 ) ) ;
#2710 = CARTESIAN_POINT ( 'NONE',  ( 53.00248534341159967, 113.4794431813445925, -6.637034940206600453 ) ) ;
#2711 = CARTESIAN_POINT ( 'NONE',  ( -85.51132222175010611, 172.3876586138359812, -5.637034940206619993 ) ) ;
#2712 = EDGE_LOOP ( 'NONE', ( #1003 ) ) ;
#2713 = CARTESIAN_POINT ( 'NONE',  ( -78.66270090759019240, 108.8064044843274019, -5.637034940206619993 ) ) ;
#2714 = CARTESIAN_POINT ( 'NONE',  ( 48.26209653331699911, 113.1220524696294092, -11.63703494020661999 ) ) ;
#2715 = EDGE_LOOP ( 'NONE', ( #560 ) ) ;
#2716 = CARTESIAN_POINT ( 'NONE',  ( -57.69721917755780538, 176.4548279303159859, -6.637034940206600453 ) ) ;
#2717 = ADVANCED_FACE ( 'NONE', ( #615 ), #2554, .T. ) ;
#2718 = CARTESIAN_POINT ( 'NONE',  ( -97.67837034266753449, 168.6852429729152618, -6.637034914025962351 ) ) ;
#2719 = DIRECTION ( 'NONE',  ( 0.000000000000000000, 0.000000000000000000, 1.000000000000000000 ) ) ;
#2720 = VERTEX_POINT ( 'NONE', #1878 ) ;
#2721 = CARTESIAN_POINT ( 'NONE',  ( 51.47671045389230216, 113.3510340562973937, -6.637034940206600453 ) ) ;
#2722 = CARTESIAN_POINT ( 'NONE',  ( 46.96108880565739696, 168.7936023976345155, -5.637034940206619993 ) ) ;
#2723 = CARTESIAN_POINT ( 'NONE',  ( -106.4640617309778037, 121.9036704776076050, -5.637034940206619993 ) ) ;
#2724 = CARTESIAN_POINT ( 'NONE',  ( -95.41731183655929271, 168.6741010595034993, -5.637034940206619993 ) ) ;
#2725 = ORIENTED_EDGE ( 'NONE', *, *, #816, .T. ) ;
#2726 = CARTESIAN_POINT ( 'NONE',  ( -97.89960961781029880, 115.4111573117107952, -5.637034940206619993 ) ) ;
#2727 = CARTESIAN_POINT ( 'NONE',  ( 44.94555193603530086, 112.9730532922200013, -11.63703494020661999 ) ) ;
#2728 = ORIENTED_EDGE ( 'NONE', *, *, #1195, .F. ) ;
#2729 = CARTESIAN_POINT ( 'NONE',  ( -84.31877858848277185, 173.7673036764634560, -6.637034914025962351 ) ) ;
#2730 = ADVANCED_FACE ( 'NONE', ( #1709, #1475 ), #1464, .F. ) ;
#2731 = VERTEX_POINT ( 'NONE', #814 ) ;
#2732 = CARTESIAN_POINT ( 'NONE',  ( 50.41843017897920021, 113.2649075591279910, -6.637034940206600453 ) ) ;
#2733 = CARTESIAN_POINT ( 'NONE',  ( 49.02526391645219661, 168.6899773882574891, -5.637034940206619993 ) ) ;
#2734 = DIRECTION ( 'NONE',  ( 0.000000000000000000, 0.000000000000000000, 1.000000000000000000 ) ) ;
#2735 = DIRECTION ( 'NONE',  ( -1.000000000000000000, 0.000000000000000000, 0.000000000000000000 ) ) ;
#2736 = AXIS2_PLACEMENT_3D ( 'NONE', #1288, #895, #685 ) ;
#2737 = EDGE_LOOP ( 'NONE', ( #18, #2634, #1048, #908 ) ) ;
#2738 = CARTESIAN_POINT ( 'NONE',  ( -66.15569649599919444, 107.3182949349679944, -5.637034940206619993 ) ) ;
#2739 = CARTESIAN_POINT ( 'NONE',  ( -96.09957772567599932, 114.5102788745195994, -5.637034940206619993 ) ) ;
#2740 = VECTOR ( 'NONE', #1676, 1000.000000000000000 ) ;
#2741 = CARTESIAN_POINT ( 'NONE',  ( 49.82105809404020391, 113.2149391869806010, -6.637034940206600453 ) ) ;
#2742 = EDGE_LOOP ( 'NONE', ( #2588, #129, #1105, #613, #1639, #531, #731, #2014, #601, #1986, #989, #311, #1601, #146 ) ) ;
#2743 = CARTESIAN_POINT ( 'NONE',  ( -94.91156421141783994, 170.0054422244594434, -6.637034914025951693 ) ) ;
#2744 = CARTESIAN_POINT ( 'NONE',  ( -107.0319010344530000, 122.5541728283578067, -5.637034940206619993 ) ) ;
#2745 = CARTESIAN_POINT ( 'NONE',  ( 45.64470335429690095, 113.0059389724710002, -6.637034940206600453 ) ) ;
#2746 = APPLICATION_CONTEXT ( 'automotive_design' ) ;
#2747 = CARTESIAN_POINT ( 'NONE',  ( 50.97884645258969982, 113.3097156674594004, -11.63703494020661999 ) ) ;
#2748 = CARTESIAN_POINT ( 'NONE',  ( 48.26130246810359381, 169.7372903749940178, -6.637034940206600453 ) ) ;
#2749 = VERTEX_POINT ( 'NONE', #627 ) ;
#2750 = CARTESIAN_POINT ( 'NONE',  ( -96.43897040338379156, 114.6751733788984069, -5.637034940206619993 ) ) ;
#2751 = CARTESIAN_POINT ( 'NONE',  ( -85.51466349807189715, 110.4726243471386056, -5.637034940206619993 ) ) ;
#2752 = CARTESIAN_POINT ( 'NONE',  ( 51.99676301660799993, 113.3949766844576033, -6.637034940206600453 ) ) ;
#2753 = EDGE_LOOP ( 'NONE', ( #1007 ) ) ;
#2754 = FACE_OUTER_BOUND ( 'NONE', #1214, .T. ) ;
#2755 = CARTESIAN_POINT ( 'NONE',  ( -108.3042889561932043, 124.1241300419369935, -5.637034940206619993 ) ) ;
#2756 = CARTESIAN_POINT ( 'NONE',  ( 53.01441765341640888, 114.4838024178490059, -5.637034940206619993 ) ) ;
#2757 = CARTESIAN_POINT ( 'NONE',  ( 46.75268309621350227, 113.0555371859454112, -11.63703494020661999 ) ) ;
#2758 = DIRECTION ( 'NONE',  ( 0.000000000000000000, 0.000000000000000000, 1.000000000000000000 ) ) ;
#2759 = CARTESIAN_POINT ( 'NONE',  ( 1.843924498056660033, 125.4296532796704042, -1.637034940206620215 ) ) ;
#2760 = CARTESIAN_POINT ( 'NONE',  ( -95.41773018959629837, 114.1870148039756003, -5.637034940206619993 ) ) ;
#2761 = EDGE_CURVE ( 'NONE', #1929, #2689, #618, .T. ) ;
#2762 = CARTESIAN_POINT ( 'NONE',  ( -99.89772565918410407, 116.4820067240852097, -5.637034940206619993 ) ) ;
#2763 = DIRECTION ( 'NONE',  ( 0.9979493589479472293, 0.06400841331716580762, 0.000000000000000000 ) ) ;
#2764 = CARTESIAN_POINT ( 'NONE',  ( -106.6102446136553965, 162.2665352641039931, -6.637034940206600453 ) ) ;
#2765 = ORIENTED_EDGE ( 'NONE', *, *, #1825, .T. ) ;
#2766 = CARTESIAN_POINT ( 'NONE',  ( 53.00248534341159967, 113.4794431813445925, -11.63703494020661999 ) ) ;
ENDSEC;
END-ISO-10303-21;
