ISO-10303-21;
HEADER;
FILE_DESCRIPTION (( 'STEP AP214' ),
    '1' );
FILE_NAME ('ASV1_500_39C.STEP',
    '2026-06-22T02:25:59',
    ( '' ),
    ( '' ),
    'SwSTEP 2.0',
    'SolidWorks 2025',
    '' );
FILE_SCHEMA (( 'AUTOMOTIVE_DESIGN' ));
ENDSEC;

DATA;
#1 = CARTESIAN_POINT ( 'NONE',  ( -56.91624704118486022, 105.3764115399563366, 1.637034940206621103 ) ) ;
#2 = CARTESIAN_POINT ( 'NONE',  ( -108.3140054686691940, 120.7376145576888860, 1.637034940206620659 ) ) ;
#3 = CARTESIAN_POINT ( 'NONE',  ( 47.49851898572495656, 111.2402430246926883, 11.63703494020662177 ) ) ;
#4 = CARTESIAN_POINT ( 'NONE',  ( -50.69999999999999574, 141.4296532796704469, 1.637034940206619327 ) ) ;
#5 = CARTESIAN_POINT ( 'NONE',  ( 46.28977028490967172, 113.0351556326441624, 11.43703494020664380 ) ) ;
#6 = CARTESIAN_POINT ( 'NONE',  ( -115.8731206951982671, 140.9707427485300002, 11.43703494025265144 ) ) ;
#7 = CARTESIAN_POINT ( 'NONE',  ( 48.90274977597391626, 112.0173577227754151, 1.637034940206621103 ) ) ;
#8 = FACE_OUTER_BOUND ( 'NONE', #7339, .T. ) ;
#9 = VERTEX_POINT ( 'NONE', #399 ) ;
#10 = CARTESIAN_POINT ( 'NONE',  ( 9.943231676147449960, 109.9179401605047275, 1.637034940206620881 ) ) ;
#11 = CARTESIAN_POINT ( 'NONE',  ( 46.09437493616805881, 112.8263158602810847, 11.63703494020662177 ) ) ;
#12 = FACE_OUTER_BOUND ( 'NONE', #70, .T. ) ;
#13 = AXIS2_PLACEMENT_3D ( 'NONE', #5748, #3394, #583 ) ;
#14 = ORIENTED_EDGE ( 'NONE', *, *, #1018, .F. ) ;
#15 = EDGE_CURVE ( 'NONE', #2672, #6904, #5798, .T. ) ;
#16 = CARTESIAN_POINT ( 'NONE',  ( -49.49395263494555053, 177.4893191468313773, 10.94038993906816515 ) ) ;
#17 = DIRECTION ( 'NONE',  ( -0.000000000000000000, -0.000000000000000000, -1.000000000000000000 ) ) ;
#18 = CARTESIAN_POINT ( 'NONE',  ( -79.34726539987846650, 106.7404265380510111, 1.637034940206621103 ) ) ;
#19 = CARTESIAN_POINT ( 'NONE',  ( -57.29993545071395289, 106.4309274163678793, 5.637034940206621769 ) ) ;
#20 = CARTESIAN_POINT ( 'NONE',  ( -99.87942556641698388, 167.7568631770750756, 11.63703494020662355 ) ) ;
#21 = CARTESIAN_POINT ( 'NONE',  ( -102.1532498680481069, 116.6069525872221533, 11.43703494025265144 ) ) ;
#22 = ORIENTED_EDGE ( 'NONE', *, *, #5734, .T. ) ;
#23 = CARTESIAN_POINT ( 'NONE',  ( -49.85021977319582476, 177.5428582283395826, 10.76637142909144629 ) ) ;
#24 = CARTESIAN_POINT ( 'NONE',  ( 54.11631238490486595, 111.6255215402182301, 2.610123139486995925 ) ) ;
#25 = CIRCLE ( 'NONE', #506, 2.149999999999985256 ) ;
#26 = CARTESIAN_POINT ( 'NONE',  ( -53.51453685561895668, 178.2585670143029688, 0.8511472423718213776 ) ) ;
#27 = CARTESIAN_POINT ( 'NONE',  ( -71.60802289916439634, 106.5280153841038953, 11.63703494020662532 ) ) ;
#28 = CARTESIAN_POINT ( 'NONE',  ( -50.71959657052146753, 177.3646518556446665, 1.969099839570540800 ) ) ;
#29 = CARTESIAN_POINT ( 'NONE',  ( 52.72938819947542299, 169.6031890762434671, 11.63703494020662355 ) ) ;
#30 = CARTESIAN_POINT ( 'NONE',  ( -57.68108306283573938, 104.4014178075131412, 11.26644950611532181 ) ) ;
#31 = ORIENTED_EDGE ( 'NONE', *, *, #2949, .T. ) ;
#32 = DIRECTION ( 'NONE',  ( -1.000000000000000000, 0.000000000000000000, 0.000000000000000000 ) ) ;
#33 = VERTEX_POINT ( 'NONE', #6741 ) ;
#34 = CARTESIAN_POINT ( 'NONE',  ( -92.42662670925872703, 172.3074906000737769, 1.637034940206620437 ) ) ;
#35 = CARTESIAN_POINT ( 'NONE',  ( -115.4807548240062971, 152.2455927712549055, 2.560097286703177488 ) ) ;
#36 = VERTEX_POINT ( 'NONE', #359 ) ;
#37 = CARTESIAN_POINT ( 'NONE',  ( -46.74519453176615258, 105.7274479309006665, 11.22610290780859010 ) ) ;
#38 = CARTESIAN_POINT ( 'NONE',  ( 46.97684768890519535, 170.9188030055079537, 1.637034940206621103 ) ) ;
#39 = CARTESIAN_POINT ( 'NONE',  ( 46.51154834946210315, 111.0862036013263179, 2.592734534939766800 ) ) ;
#40 = CARTESIAN_POINT ( 'NONE',  ( -110.4359278894997090, 123.3575130513976887, 1.637034940206620881 ) ) ;
#41 = DIRECTION ( 'NONE',  ( -1.000000000000000000, 0.000000000000000000, 0.000000000000000000 ) ) ;
#42 = CARTESIAN_POINT ( 'NONE',  ( -113.9953624758551314, 127.4638249579840021, 11.62118075866506750 ) ) ;
#43 = VERTEX_POINT ( 'NONE', #717 ) ;
#44 = CARTESIAN_POINT ( 'NONE',  ( -57.29993545071395289, 106.4309274163678793, 11.43703494025265144 ) ) ;
#45 = VERTEX_POINT ( 'NONE', #435 ) ;
#46 = CARTESIAN_POINT ( 'NONE',  ( -75.44840096967922705, 106.0561082361908234, 1.637034940206620659 ) ) ;
#47 = CARTESIAN_POINT ( 'NONE',  ( 45.48002665840719061, 112.7983865059270698, 11.63703494020661822 ) ) ;
#48 = CARTESIAN_POINT ( 'NONE',  ( -114.9406401485098996, 135.4128553624052529, 11.43703494025265144 ) ) ;
#49 = ORIENTED_EDGE ( 'NONE', *, *, #4135, .F. ) ;
#50 = EDGE_CURVE ( 'NONE', #4002, #524, #4484, .T. ) ;
#51 = CARTESIAN_POINT ( 'NONE',  ( -103.3280058278528770, 114.9748581628115147, 11.15910612727928175 ) ) ;
#52 = CARTESIAN_POINT ( 'NONE',  ( -103.1501000921053759, 114.8730870222287876, 10.65232513210038690 ) ) ;
#53 = CARTESIAN_POINT ( 'NONE',  ( -101.5480191231816747, 168.8937797949923265, 11.34248268664366321 ) ) ;
#54 = CARTESIAN_POINT ( 'NONE',  ( -93.35228805553019527, 170.8991907368275349, 11.63703494020662177 ) ) ;
#55 = FACE_OUTER_BOUND ( 'NONE', #2766, .T. ) ;
#56 = EDGE_LOOP ( 'NONE', ( #3104, #7115, #5123, #3566 ) ) ;
#57 = CARTESIAN_POINT ( 'NONE',  ( -49.47233474952594179, 177.4865282378127063, 10.03485885490758101 ) ) ;
#58 = CARTESIAN_POINT ( 'NONE',  ( 47.45662537674213155, 111.9563461244223390, 1.637034940206620881 ) ) ;
#59 = EDGE_CURVE ( 'NONE', #778, #7454, #2044, .T. ) ;
#60 = CARTESIAN_POINT ( 'NONE',  ( 45.61759284240743995, 169.8531473239594902, 11.43703494025265144 ) ) ;
#61 = STYLED_ITEM ( 'NONE', ( #6210 ), #5299 ) ;
#62 = CARTESIAN_POINT ( 'NONE',  ( -103.6826777219083198, 167.6547722149978767, 11.63703494020662355 ) ) ;
#63 = B_SPLINE_SURFACE_WITH_KNOTS ( 'NONE', 3, 1, ( 
 ( #3736, #5413 ),
 ( #5911, #1294 ),
 ( #4876, #4196 ),
 ( #251, #288 ),
 ( #7197, #6506 ),
 ( #699, #4767 ),
 ( #2543, #2018 ),
 ( #6618, #3589 ),
 ( #4234, #1988 ),
 ( #4302, #5380 ),
 ( #2509, #739 ),
 ( #4839, #1447 ),
 ( #6548, #2990 ),
 ( #4805, #177 ),
 ( #2472, #7084 ),
 ( #4270, #6474 ),
 ( #1915, #1335 ),
 ( #3623, #1373 ) ),
 .UNSPECIFIED., .F., .F., .F.,
 ( 4, 2, 2, 2, 2, 2, 2, 2, 4 ),
 ( 2, 2 ),
 ( 0.000000000000000000, 0.2499999999999943379, 0.3124999999999925615, 0.3749999999999907296, 0.4999999999999897859, 0.6249999999999888978, 0.6874999999999901190, 0.7499999999999912292, 1.000000000000000000 ),
 ( 0.000000000000000000, 1.000000000000000000 ),
 .UNSPECIFIED. ) ;
#64 = LINE ( 'NONE', #3092, #5379 ) ;
#65 = DIRECTION ( 'NONE',  ( -1.000000000000000000, 0.000000000000000000, 0.000000000000000000 ) ) ;
#66 = CARTESIAN_POINT ( 'NONE',  ( -115.4807548229877483, 130.6137137795051331, 2.560097286703860942 ) ) ;
#67 = CARTESIAN_POINT ( 'NONE',  ( -101.9561713875818185, 114.1652935067416905, 11.85778871306784055 ) ) ;
#68 = ORIENTED_EDGE ( 'NONE', *, *, #6457, .T. ) ;
#69 = DIRECTION ( 'NONE',  ( 1.000000000000000000, 0.000000000000000000, 0.000000000000000000 ) ) ;
#70 = EDGE_LOOP ( 'NONE', ( #4531, #2225, #6998, #4687 ) ) ;
#71 = EDGE_CURVE ( 'NONE', #5284, #5024, #5106, .T. ) ;
#72 = DIRECTION ( 'NONE',  ( -1.000000000000000000, 0.000000000000000000, 0.000000000000000000 ) ) ;
#73 = ORIENTED_EDGE ( 'NONE', *, *, #2949, .F. ) ;
#74 = CARTESIAN_POINT ( 'NONE',  ( -88.26018680074815848, 174.6815752085546478, 2.560097286703861830 ) ) ;
#75 = B_SPLINE_CURVE_WITH_KNOTS ( 'NONE', 3,
 ( #5182, #4649, #170, #128, #4008, #657, #6887, #1150 ),
 .UNSPECIFIED., .F., .F.,
 ( 4, 2, 2, 4 ),
 ( 0.000000000000000000, 0.5000000000000000000, 0.7500000000000000000, 1.000000000000000000 ),
 .UNSPECIFIED. ) ;
#76 = CARTESIAN_POINT ( 'NONE',  ( -102.4509130942482358, 116.8076960344997275, 5.637034940206621769 ) ) ;
#77 = VERTEX_POINT ( 'NONE', #4593 ) ;
#78 = CARTESIAN_POINT ( 'NONE',  ( 50.44866007742150771, 170.7322572260712548, 1.637034940206620659 ) ) ;
#79 = FACE_OUTER_BOUND ( 'NONE', #4809, .T. ) ;
#80 = FACE_OUTER_BOUND ( 'NONE', #2538, .T. ) ;
#81 = DIRECTION ( 'NONE',  ( 0.9979493749073199416, -0.06400816449555046805, 0.000000000000000000 ) ) ;
#82 = CARTESIAN_POINT ( 'NONE',  ( -32.00607550369274179, 165.4296532782069562, 5.637034940206621769 ) ) ;
#83 = B_SPLINE_CURVE_WITH_KNOTS ( 'NONE', 3,
 ( #2500, #169, #3090, #3546 ),
 .UNSPECIFIED., .F., .F.,
 ( 4, 4 ),
 ( 0.000000000000000000, 0.002522820838864167203 ),
 .UNSPECIFIED. ) ;
#84 = CIRCLE ( 'NONE', #3434, 29.90834025844509725 ) ;
#85 = ORIENTED_EDGE ( 'NONE', *, *, #3660, .F. ) ;
#86 = CARTESIAN_POINT ( 'NONE',  ( -36.58997100030796901, 106.6996008264367788, 1.637034940206621103 ) ) ;
#87 = CARTESIAN_POINT ( 'NONE',  ( 47.06467747212798969, 112.8691084762460264, 11.63703494020661999 ) ) ;
#88 = CARTESIAN_POINT ( 'NONE',  ( -110.6531727007274810, 125.7181984552301088, 11.43703494025265144 ) ) ;
#89 = B_SPLINE_CURVE_WITH_KNOTS ( 'NONE', 3,
 ( #3978, #7355, #1124, #630 ),
 .UNSPECIFIED., .F., .F.,
 ( 4, 4 ),
 ( -6.000000000213821020E-08, 0.009342160271471862745 ),
 .UNSPECIFIED. ) ;
#90 = EDGE_CURVE ( 'NONE', #2966, #6269, #3022, .T. ) ;
#91 = CARTESIAN_POINT ( 'NONE',  ( -103.6876442779152683, 115.2359127513776684, 10.70777264427527520 ) ) ;
#92 = CARTESIAN_POINT ( 'NONE',  ( -103.1501000921053759, 114.8730870222287876, 10.65232513210038690 ) ) ;
#93 = CARTESIAN_POINT ( 'NONE',  ( -56.13383628366119638, 105.3178919070277999, 1.669971260140640679 ) ) ;
#94 = CARTESIAN_POINT ( 'NONE',  ( -98.77635108732981450, 168.3457900095849595, 11.63703494020662355 ) ) ;
#95 = CARTESIAN_POINT ( 'NONE',  ( -103.6795754900242343, 167.6297297348169479, 11.19826766632954040 ) ) ;
#96 = ORIENTED_EDGE ( 'NONE', *, *, #4005, .F. ) ;
#97 = EDGE_CURVE ( 'NONE', #4425, #1820, #1157, .T. ) ;
#98 = CARTESIAN_POINT ( 'NONE',  ( -103.6826777219083198, 167.6547722149978767, 11.63703494020662355 ) ) ;
#99 = CARTESIAN_POINT ( 'NONE',  ( 48.15142559541999390, 111.9820792655773545, 1.637034940206620881 ) ) ;
#100 = CARTESIAN_POINT ( 'NONE',  ( -102.5328407954582701, 166.1568045993114424, 11.57036827355529951 ) ) ;
#101 =( BOUNDED_SURFACE ( )  B_SPLINE_SURFACE ( 3, 2, ( 
 ( #1829, #5292, #2950 ),
 ( #4648, #3054, #806 ),
 ( #127, #4113, #6426 ),
 ( #5369, #206, #3016 ) ),
 .UNSPECIFIED., .F., .F., .F. ) 
 B_SPLINE_SURFACE_WITH_KNOTS ( ( 4, 4 ),
 ( 3, 3 ),
 ( 0.8070579175623907586, 0.8316567617426713355 ),
 ( 0.000000000000000000, 1.000000000000000000 ),
 .UNSPECIFIED. ) 
 GEOMETRIC_REPRESENTATION_ITEM ( )  RATIONAL_B_SPLINE_SURFACE ( (
 ( 1.000000000000000000, 0.9994812060618558647, 1.000000000000000000),
 ( 1.000000000000000000, 0.9995532154033799355, 1.000000000000000000),
 ( 1.000000000000000000, 0.9992329439182420225, 1.000000000000000000),
 ( 1.000000000000000000, 0.9985368987289953147, 1.000000000000000000) ) ) 
 REPRESENTATION_ITEM ( '' )  SURFACE ( )  );
#102 = CARTESIAN_POINT ( 'NONE',  ( 53.00248534341163520, 113.4794431813445641, 11.43703494020697775 ) ) ;
#103 = LINE ( 'NONE', #3063, #7388 ) ;
#104 = CARTESIAN_POINT ( 'NONE',  ( 45.30905986567282184, 170.0685887686832700, 11.63703494020661466 ) ) ;
#105 = CARTESIAN_POINT ( 'NONE',  ( -59.00989282600140484, 104.3132242256343574, 11.73843752651036176 ) ) ;
#106 = EDGE_LOOP ( 'NONE', ( #1156, #4411, #7016, #184 ) ) ;
#107 = CARTESIAN_POINT ( 'NONE',  ( -34.15607550160078887, 117.4296532779342783, 1.637034940206621103 ) ) ;
#108 = ORIENTED_EDGE ( 'NONE', *, *, #5899, .F. ) ;
#109 = CARTESIAN_POINT ( 'NONE',  ( -97.44741316995444436, 170.0963405987975250, 1.637034940206621103 ) ) ;
#110 = CARTESIAN_POINT ( 'NONE',  ( -99.28278848562268877, 112.7458269671902968, 11.55284738753660889 ) ) ;
#111 = ORIENTED_EDGE ( 'NONE', *, *, #450, .F. ) ;
#112 = CARTESIAN_POINT ( 'NONE',  ( -88.74692697958789722, 174.5238454999464466, 2.560097286703861830 ) ) ;
#113 = CARTESIAN_POINT ( 'NONE',  ( -51.60778362462262692, 104.8786562277017254, 2.626223027054848558 ) ) ;
#114 = ADVANCED_FACE ( 'NONE', ( #2571, #168 ), #7222, .F. ) ;
#115 = CARTESIAN_POINT ( 'NONE',  ( 50.99956603929894783, 170.6830607148742729, 1.637034940206620881 ) ) ;
#116 = CARTESIAN_POINT ( 'NONE',  ( 46.15470898834389146, 111.0747264798413454, 2.596295019567773643 ) ) ;
#117 = CARTESIAN_POINT ( 'NONE',  ( -106.9929077775188517, 118.1291605354020646, 2.560097286703860942 ) ) ;
#118 = CARTESIAN_POINT ( 'NONE',  ( 1.843924496549957714, 157.4296532796704469, 4.187034940206620703 ) ) ;
#119 = CARTESIAN_POINT ( 'NONE',  ( -102.7318717667293271, 167.2587765514648197, 1.637034940206621103 ) ) ;
#120 = CARTESIAN_POINT ( 'NONE',  ( 43.69392449805656042, 125.4296532817331666, 4.187034940206620703 ) ) ;
#121 = DIRECTION ( 'NONE',  ( -0.000000000000000000, -0.000000000000000000, -1.000000000000000000 ) ) ;
#122 = EDGE_LOOP ( 'NONE', ( #4518 ) ) ;
#123 = CARTESIAN_POINT ( 'NONE',  ( -22.21416680024977452, 106.8527591602502156, 2.560097286703860497 ) ) ;
#124 = CARTESIAN_POINT ( 'NONE',  ( 48.29102721478386684, 112.9264980042992761, 11.63703494020662177 ) ) ;
#125 = CARTESIAN_POINT ( 'NONE',  ( -111.1297850264855498, 126.4662510161273445, 11.43703494025265144 ) ) ;
#126 = DIRECTION ( 'NONE',  ( 0.9979493749073199416, -0.06400816449555048193, 0.000000000000000000 ) ) ;
#127 = CARTESIAN_POINT ( 'NONE',  ( 34.78936552732599097, 172.0031294707197844, 7.599899060814498064 ) ) ;
#128 = CARTESIAN_POINT ( 'NONE',  ( 48.30638442047104064, 169.7346102815965025, 11.43703494025265144 ) ) ;
#129 = CIRCLE ( 'NONE', #1698, 4.700000000000002842 ) ;
#130 = CARTESIAN_POINT ( 'NONE',  ( -82.99234546021729386, 174.3140872005919562, 11.63703494020662532 ) ) ;
#131 = CARTESIAN_POINT ( 'NONE',  ( -91.19497907834356454, 111.3209564481707474, 11.43703494025264789 ) ) ;
#132 = ORIENTED_EDGE ( 'NONE', *, *, #4444, .T. ) ;
#133 = DIRECTION ( 'NONE',  ( 1.127052365009616077E-16, -1.574532445896519190E-16, 1.000000000000000000 ) ) ;
#134 = CARTESIAN_POINT ( 'NONE',  ( -53.60956109152142091, 104.8557969559796277, 10.51026198874300377 ) ) ;
#135 = CIRCLE ( 'NONE', #1949, 20.00000000000000000 ) ;
#136 = B_SPLINE_CURVE_WITH_KNOTS ( 'NONE', 3,
 ( #822, #7127, #6665, #6553 ),
 .UNSPECIFIED., .F., .F.,
 ( 4, 4 ),
 ( 2.787801987172317057E-14, 0.001436144844767243012 ),
 .UNSPECIFIED. ) ;
#137 = CARTESIAN_POINT ( 'NONE',  ( -68.91009507526021594, 104.4762832261879737, 11.63703494020663598 ) ) ;
#138 = ADVANCED_FACE ( 'NONE', ( #883, #3165 ), #5898, .F. ) ;
#139 = CYLINDRICAL_SURFACE ( 'NONE', #2418, 144.1305048128826343 ) ;
#140 = CARTESIAN_POINT ( 'NONE',  ( -58.27091130235254468, 104.3508811840058712, 11.69964470053607641 ) ) ;
#141 = VECTOR ( 'NONE', #3233, 1000.000000000000000 ) ;
#142 = ORIENTED_EDGE ( 'NONE', *, *, #15, .T. ) ;
#143 = CARTESIAN_POINT ( 'NONE',  ( 12.40337326403996876, 221.7107232829702070, 30.66821326213511867 ) ) ;
#144 = VERTEX_POINT ( 'NONE', #3847 ) ;
#145 = CARTESIAN_POINT ( 'NONE',  ( -100.7942268938988093, 113.5505045389950425, 11.53214336425119058 ) ) ;
#146 = CARTESIAN_POINT ( 'NONE',  ( -112.1265778646165785, 158.5821828587757807, 11.63703494020662710 ) ) ;
#147 = ORIENTED_EDGE ( 'NONE', *, *, #5115, .T. ) ;
#148 = CARTESIAN_POINT ( 'NONE',  ( -57.26883111905111434, 177.5898878566487440, 1.637034940206620881 ) ) ;
#149 = CARTESIAN_POINT ( 'NONE',  ( 47.49851898288198271, 141.7107232829701786, 9.724448169894154503 ) ) ;
#150 = CARTESIAN_POINT ( 'NONE',  ( 54.50633135136543928, 111.9401075050178918, 9.275133346390934008 ) ) ;
#151 = CARTESIAN_POINT ( 'NONE',  ( -34.15607550369274037, 165.4296532782069562, 1.637034940206621103 ) ) ;
#152 = CARTESIAN_POINT ( 'NONE',  ( -110.1565843150064836, 121.6223327448744271, 2.560097286703860497 ) ) ;
#153 = DIRECTION ( 'NONE',  ( -0.000000000000000000, -0.000000000000000000, -1.000000000000000000 ) ) ;
#154 = CARTESIAN_POINT ( 'NONE',  ( -117.5275828714681694, 137.9909545956626289, 11.64293167339149093 ) ) ;
#155 = VERTEX_POINT ( 'NONE', #1855 ) ;
#156 = CARTESIAN_POINT ( 'NONE',  ( -49.59422953991621341, 105.3571684369131987, 10.16682378209447357 ) ) ;
#157 = CARTESIAN_POINT ( 'NONE',  ( 51.85979351022147199, 112.2572047712906169, 1.637034940206621547 ) ) ;
#158 = EDGE_CURVE ( 'NONE', #6772, #3851, #4195, .T. ) ;
#159 = CARTESIAN_POINT ( 'NONE',  ( -55.77176488423201306, 104.5318413712588921, 2.560097286703860942 ) ) ;
#161 = CARTESIAN_POINT ( 'NONE',  ( 42.91960161612188784, 171.0794536665184467, 1.637034940206618661 ) ) ;
#160 = B_SPLINE_CURVE_WITH_KNOTS ( 'NONE', 3,
 ( #2076, #1100, #6187, #6678, #1663, #1023, #3923, #1587, #3959, #4936, #7375, #2725, #2684, #5016, #3313, #4359 ),
 .UNSPECIFIED., .F., .F.,
 ( 4, 2, 2, 2, 2, 2, 2, 4 ),
 ( 0.000000000000000000, 0.2500000000000003886, 0.3125000000000002776, 0.3750000000000001110, 0.5000000000000002220, 0.6250000000000003331, 0.7500000000000003331, 1.000000000000000000 ),
 .UNSPECIFIED. ) ;
#162 = CARTESIAN_POINT ( 'NONE',  ( -114.3476512603716913, 132.7839840264183238, 11.63703494020662355 ) ) ;
#163 = CARTESIAN_POINT ( 'NONE',  ( -57.29228371988725854, 105.2677928123011952, 1.637034940206621103 ) ) ;
#164 = CARTESIAN_POINT ( 'NONE',  ( 11.10387007935940495, 173.1201057252487203, 1.637034940206621103 ) ) ;
#165 = ORIENTED_EDGE ( 'NONE', *, *, #6688, .T. ) ;
#166 = EDGE_CURVE ( 'NONE', #3181, #780, #3866, .T. ) ;
#167 = CARTESIAN_POINT ( 'NONE',  ( -110.4359278912014872, 159.5017934998374756, 1.637034940206620437 ) ) ;
#168 = FACE_OUTER_BOUND ( 'NONE', #7050, .T. ) ;
#169 = CARTESIAN_POINT ( 'NONE',  ( 55.37209735959161350, 170.6349336145228506, 11.63703494020662177 ) ) ;
#170 = CARTESIAN_POINT ( 'NONE',  ( 50.32140332269950278, 169.6145656673077440, 11.43703494025265144 ) ) ;
#171 = CARTESIAN_POINT ( 'NONE',  ( -61.17323995907113954, 176.8233610837365291, 11.63703494020662710 ) ) ;
#172 = CARTESIAN_POINT ( 'NONE',  ( -80.21475439755884906, 108.1059642868032427, 11.43703494025264789 ) ) ;
#173 = ORIENTED_EDGE ( 'NONE', *, *, #5251, .T. ) ;
#174 = CARTESIAN_POINT ( 'NONE',  ( 51.18273962315519299, 171.5408144421099905, 2.972412375621167779 ) ) ;
#175 = CARTESIAN_POINT ( 'NONE',  ( -52.74357418199403469, 104.9610111542329633, 10.43337219222879320 ) ) ;
#176 = CARTESIAN_POINT ( 'NONE',  ( 53.03185862748566137, 113.2811840047581029, 11.63703494020662177 ) ) ;
#177 = CARTESIAN_POINT ( 'NONE',  ( -108.3793086878664269, 160.2597734723973701, 11.43703494025265144 ) ) ;
#178 = CARTESIAN_POINT ( 'NONE',  ( -102.6891078842229916, 114.6081934321950513, 11.14378848763161223 ) ) ;
#179 = EDGE_LOOP ( 'NONE', ( #4228, #5805, #3267, #1079, #2504 ) ) ;
#180 = CARTESIAN_POINT ( 'NONE',  ( -117.4978395610155815, 145.2807966958342547, 2.560097286703864938 ) ) ;
#181 = EDGE_LOOP ( 'NONE', ( #6130, #1451, #6955, #3395, #5984, #4161 ) ) ;
#182 = CARTESIAN_POINT ( 'NONE',  ( -82.36699632077879585, 174.2857367925350331, 11.43703494025265144 ) ) ;
#183 = AXIS2_PLACEMENT_3D ( 'NONE', #7226, #4372, #7265 ) ;
#184 = ORIENTED_EDGE ( 'NONE', *, *, #4466, .F. ) ;
#185 = CARTESIAN_POINT ( 'NONE',  ( -67.21899002930028644, 178.4972193031650818, 2.560097286703861386 ) ) ;
#186 = CARTESIAN_POINT ( 'NONE',  ( -110.5093058081196915, 125.4646871909320396, 5.637034940206621769 ) ) ;
#187 = EDGE_CURVE ( 'NONE', #5269, #7034, #3480, .T. ) ;
#188 = AXIS2_PLACEMENT_3D ( 'NONE', #4697, #5270, #4091 ) ;
#189 = FACE_OUTER_BOUND ( 'NONE', #3699, .T. ) ;
#190 = LINE ( 'NONE', #3672, #5935 ) ;
#191 = CARTESIAN_POINT ( 'NONE',  ( 49.37730398903528339, 111.2043610312730380, 2.569242846618076559 ) ) ;
#192 = CARTESIAN_POINT ( 'NONE',  ( -67.77006407540093846, 176.4563150298706375, 11.43703494025264966 ) ) ;
#193 = EDGE_CURVE ( 'NONE', #1338, #6842, #794, .T. ) ;
#194 = CARTESIAN_POINT ( 'NONE',  ( -108.1093113717706302, 160.5792290180256146, 11.43703494025264966 ) ) ;
#195 = CARTESIAN_POINT ( 'NONE',  ( 56.20267224232074454, 112.3577047703378469, 11.63703494020662177 ) ) ;
#196 = DIRECTION ( 'NONE',  ( -0.000000000000000000, -0.000000000000000000, -1.000000000000000000 ) ) ;
#197 = DIRECTION ( 'NONE',  ( 1.000000000000000000, 0.000000000000000000, 0.000000000000000000 ) ) ;
#198 = CARTESIAN_POINT ( 'NONE',  ( 51.10705760134870701, 112.1861240296393021, 1.637034940206621103 ) ) ;
#199 = CARTESIAN_POINT ( 'NONE',  ( -47.27050670295653845, 105.1198072111366884, 2.560097286703860942 ) ) ;
#200 = CARTESIAN_POINT ( 'NONE',  ( -103.6843207578968844, 167.6260010474934461, 1.637034940206616884 ) ) ;
#201 = CARTESIAN_POINT ( 'NONE',  ( -114.4413421722079960, 133.6971615020113688, 11.43703494025265321 ) ) ;
#202 = CARTESIAN_POINT ( 'NONE',  ( -101.8209541766873656, 115.0800638519667416, 1.637034940206621325 ) ) ;
#203 = AXIS2_PLACEMENT_3D ( 'NONE', #3249, #430, #5520 ) ;
#204 = CARTESIAN_POINT ( 'NONE',  ( -108.7187424815410139, 161.6577165941322960, 1.637034940206623546 ) ) ;
#205 = CARTESIAN_POINT ( 'NONE',  ( -67.14206293598137165, 178.5184891163721090, 2.560097286703860942 ) ) ;
#206 = CARTESIAN_POINT ( 'NONE',  ( 39.43127555453379784, 171.7107232829699228, 7.539164697102438417 ) ) ;
#207 = CARTESIAN_POINT ( 'NONE',  ( -116.9767406408103483, 135.2816855975209762, 2.560097286702547326 ) ) ;
#208 = CARTESIAN_POINT ( 'NONE',  ( -103.1667188230841248, 115.8937420693102354, 1.637034940206621103 ) ) ;
#209 = CARTESIAN_POINT ( 'NONE',  ( -64.10249890010324236, 106.2514893652122510, 11.43703494025264966 ) ) ;
#210 = EDGE_LOOP ( 'NONE', ( #1442 ) ) ;
#211 = CARTESIAN_POINT ( 'NONE',  ( 45.66277918613244680, 112.8070009516128920, 11.63703494020662355 ) ) ;
#212 = CARTESIAN_POINT ( 'NONE',  ( 52.03628991287576611, -30.98292557773241285, 11.63703494020662177 ) ) ;
#213 = EDGE_CURVE ( 'NONE', #4950, #5708, #4412, .T. ) ;
#214 = CARTESIAN_POINT ( 'NONE',  ( -90.54820806604867300, 108.9236854976365123, 11.63703494020664486 ) ) ;
#215 = DIRECTION ( 'NONE',  ( 0.000000000000000000, 0.000000000000000000, 1.000000000000000000 ) ) ;
#216 = CARTESIAN_POINT ( 'NONE',  ( -105.9058176022413278, 116.9736682589723671, 2.560097286703856945 ) ) ;
#217 = CARTESIAN_POINT ( 'NONE',  ( -57.39869297006612925, 104.4196553300105847, 10.84205478083392116 ) ) ;
#218 = ORIENTED_EDGE ( 'NONE', *, *, #2357, .F. ) ;
#219 = LINE ( 'NONE', #1956, #4515 ) ;
#220 = ORIENTED_EDGE ( 'NONE', *, *, #3977, .T. ) ;
#221 = CARTESIAN_POINT ( 'NONE',  ( -95.25988004350057281, 169.8769499301554902, 11.43703494025265144 ) ) ;
#222 = CARTESIAN_POINT ( 'NONE',  ( -58.07511119591432447, 177.6410304142986263, 1.637034940206621103 ) ) ;
#223 = CARTESIAN_POINT ( 'NONE',  ( 41.57798809823456310, 110.8561770949124394, 2.633229638298415054 ) ) ;
#224 = CARTESIAN_POINT ( 'NONE',  ( 55.14116335847229067, 112.2060514857470253, 11.73046305070164408 ) ) ;
#225 = CARTESIAN_POINT ( 'NONE',  ( -90.54820806604867300, 108.9236854976365123, 2.560097286703856945 ) ) ;
#226 = CARTESIAN_POINT ( 'NONE',  ( -113.4742639975888494, 154.5686891232383289, 1.637034940206621103 ) ) ;
#227 = CARTESIAN_POINT ( 'NONE',  ( -117.2468970247530251, 136.4633959095628768, 2.560097286703860053 ) ) ;
#228 = CARTESIAN_POINT ( 'NONE',  ( -111.1440997510717779, 156.3994003438496634, 11.43703494025266032 ) ) ;
#229 = CARTESIAN_POINT ( 'NONE',  ( 49.02282491349607341, 112.9669738432648955, 11.63703494020662355 ) ) ;
#230 = CARTESIAN_POINT ( 'NONE',  ( -58.11161386450477551, 177.6434492711990742, 1.637034940206621325 ) ) ;
#231 = CARTESIAN_POINT ( 'NONE',  ( 46.94674649579512504, 111.9395161829779397, 1.637034940206621325 ) ) ;
#232 = CARTESIAN_POINT ( 'NONE',  ( 51.52261101747117777, 112.2251509141437680, 1.637034940206620881 ) ) ;
#233 = CARTESIAN_POINT ( 'NONE',  ( -57.00221116744589267, 104.4467386456082636, 2.560097286703859165 ) ) ;
#234 = CARTESIAN_POINT ( 'NONE',  ( -101.2496849472519642, 169.0601343254292885, 11.06409252466154491 ) ) ;
#235 = EDGE_CURVE ( 'NONE', #4002, #783, #3611, .T. ) ;
#236 = CARTESIAN_POINT ( 'NONE',  ( -104.2905317775698961, 118.3188346127178221, 11.43703494025265499 ) ) ;
#237 = CARTESIAN_POINT ( 'NONE',  ( -90.18173588773136373, 109.7100377697139635, 1.637034940206621103 ) ) ;
#238 = CARTESIAN_POINT ( 'NONE',  ( 47.97620854532569723, 169.9484112736340649, 11.63703494020662177 ) ) ;
#239 = CYLINDRICAL_SURFACE ( 'NONE', #5118, 2.510899745533007099 ) ;
#240 = CARTESIAN_POINT ( 'NONE',  ( -115.2808450346631020, 150.3303711075431863, 1.637034940206620659 ) ) ;
#241 = CARTESIAN_POINT ( 'NONE',  ( 53.67893386678174750, 171.0303867183036459, 10.93691800345873233 ) ) ;
#242 = CARTESIAN_POINT ( 'NONE',  ( -62.89055118861107729, 106.0453369568741948, 11.63703494020662177 ) ) ;
#243 = CARTESIAN_POINT ( 'NONE',  ( -68.01988195319337649, 176.6462820400925295, 11.63703494020662355 ) ) ;
#244 = CARTESIAN_POINT ( 'NONE',  ( -92.30902233293244308, 172.3535920898281972, 1.637034940206621103 ) ) ;
#245 = CARTESIAN_POINT ( 'NONE',  ( -90.80763475530103790, 110.9619249979293016, 11.63703494020662532 ) ) ;
#246 = VERTEX_POINT ( 'NONE', #5628 ) ;
#247 = CARTESIAN_POINT ( 'NONE',  ( -114.2573945506362065, 154.8864345764173720, 11.26315392472616139 ) ) ;
#248 = EDGE_CURVE ( 'NONE', #7438, #6442, #4365, .T. ) ;
#249 = AXIS2_PLACEMENT_3D ( 'NONE', #4838, #698, #1293 ) ;
#250 = LINE ( 'NONE', #1986, #491 ) ;
#251 = CARTESIAN_POINT ( 'NONE',  ( -114.3565989519790094, 149.4403416247240557, 5.637034940206621769 ) ) ;
#252 = CARTESIAN_POINT ( 'NONE',  ( -46.43131421377743351, 177.3895335379538949, 5.581672521861404057 ) ) ;
#253 = VERTEX_POINT ( 'NONE', #3928 ) ;
#254 = CARTESIAN_POINT ( 'NONE',  ( -64.99309944389626992, 104.2543053152448493, 11.38991811001995558 ) ) ;
#255 = ORIENTED_EDGE ( 'NONE', *, *, #1722, .T. ) ;
#256 = CARTESIAN_POINT ( 'NONE',  ( -87.98123186417224417, 172.6749421842901029, 5.637034940206621769 ) ) ;
#257 = CIRCLE ( 'NONE', #6156, 2.149999999999999023 ) ;
#258 = DIRECTION ( 'NONE',  ( -1.000000000000000000, 0.000000000000000000, 0.000000000000000000 ) ) ;
#259 = CARTESIAN_POINT ( 'NONE',  ( -110.5093058081196915, 125.4646871909320396, 11.43703494025265144 ) ) ;
#260 = CARTESIAN_POINT ( 'NONE',  ( -54.26099920057212245, 104.6781810661032921, 2.606133511239951517 ) ) ;
#261 = CARTESIAN_POINT ( 'NONE',  ( -96.09739477889210946, 111.1656332282146025, 2.560097286703860942 ) ) ;
#262 = CARTESIAN_POINT ( 'NONE',  ( -108.6173132951220737, 161.7743425756680722, 1.637034940206621325 ) ) ;
#263 = CARTESIAN_POINT ( 'NONE',  ( -109.5595083489875208, 120.8954337454210872, 2.560097286703860497 ) ) ;
#264 = CARTESIAN_POINT ( 'NONE',  ( -114.9436760322276143, 147.4347540201318623, 11.43703494025264966 ) ) ;
#265 = CARTESIAN_POINT ( 'NONE',  ( -68.95407871929049293, 178.3878894202257754, 12.20981000602798261 ) ) ;
#266 = CARTESIAN_POINT ( 'NONE',  ( 46.84175475572898506, 111.9360393219399015, 1.637034940206621325 ) ) ;
#267 = B_SPLINE_CURVE_WITH_KNOTS ( 'NONE', 3,
 ( #2376, #4734, #7478, #2967 ),
 .UNSPECIFIED., .F., .F.,
 ( 4, 4 ),
 ( -0.0002740876716653044363, 1.000000000000000000 ),
 .UNSPECIFIED. ) ;
#268 = CARTESIAN_POINT ( 'NONE',  ( -98.01420374042540118, 114.1198657593518533, 11.63703494020662177 ) ) ;
#269 = AXIS2_PLACEMENT_3D ( 'NONE', #1086, #3373, #596 ) ;
#270 = TOROIDAL_SURFACE ( 'NONE', #3017, 10.00000000000000178, 20.00000000000000000 ) ;
#271 = CARTESIAN_POINT ( 'NONE',  ( -82.04484651957376684, 107.3222481558769772, 1.637034940206620659 ) ) ;
#272 = CARTESIAN_POINT ( 'NONE',  ( 41.52448324795934553, 171.1689369979452238, 1.637034940206619105 ) ) ;
#273 = CARTESIAN_POINT ( 'NONE',  ( -107.3671337700004358, 121.1129871963164106, 11.63703494020662177 ) ) ;
#274 = CARTESIAN_POINT ( 'NONE',  ( -96.99333056983157064, 112.5426157614704721, 1.637034940206621547 ) ) ;
#275 = CARTESIAN_POINT ( 'NONE',  ( 47.57377571921597337, 169.9673700799481253, 11.63703494020662355 ) ) ;
#276 = CARTESIAN_POINT ( 'NONE',  ( -80.45522735177181062, 175.8889931357660998, 1.637034940206621103 ) ) ;
#277 = DIRECTION ( 'NONE',  ( 0.000000000000000000, -1.000000000000000000, 1.084202172485503448E-16 ) ) ;
#278 = CARTESIAN_POINT ( 'NONE',  ( -57.07969422212635635, 104.4413820821444432, 3.750639849763404143 ) ) ;
#279 = CARTESIAN_POINT ( 'NONE',  ( -102.5605042016076567, 166.0183187997996299, 11.43703494025265144 ) ) ;
#280 = CARTESIAN_POINT ( 'NONE',  ( -43.24308450852484498, 227.0971273502860868, 9.939459659244320733 ) ) ;
#281 = EDGE_CURVE ( 'NONE', #7386, #4622, #135, .T. ) ;
#282 = CARTESIAN_POINT ( 'NONE',  ( -86.58330066440068151, 109.7493713073226616, 11.43703494025265499 ) ) ;
#283 = VERTEX_POINT ( 'NONE', #2730 ) ;
#284 = CARTESIAN_POINT ( 'NONE',  ( 52.18322153206595715, 113.4108082253177088, 11.43703494020664202 ) ) ;
#285 = CARTESIAN_POINT ( 'NONE',  ( -103.1501000946062305, 167.9862195296924483, 2.560097286697728958 ) ) ;
#286 = CARTESIAN_POINT ( 'NONE',  ( -108.4564630036861956, 160.4767568947823122, 11.63703494020662177 ) ) ;
#287 = CARTESIAN_POINT ( 'NONE',  ( 49.01448085005416999, 170.8362082247605827, 1.637034940206620659 ) ) ;
#288 = CARTESIAN_POINT ( 'NONE',  ( -114.3565989519790094, 149.4403416247240557, 11.43703494025265144 ) ) ;
#289 = CARTESIAN_POINT ( 'NONE',  ( -57.11664591037163774, 104.4388264215645847, 11.23018578243733145 ) ) ;
#290 = ORIENTED_EDGE ( 'NONE', *, *, #557, .T. ) ;
#291 = CARTESIAN_POINT ( 'NONE',  ( -116.7988269701755115, 148.2625503099079367, 2.560097286703864938 ) ) ;
#292 = ORIENTED_EDGE ( 'NONE', *, *, #6597, .F. ) ;
#293 = CARTESIAN_POINT ( 'NONE',  ( -99.85445697144116650, 169.8223915068410861, 11.63703494020662177 ) ) ;
#294 = LINE ( 'NONE', #6513, #3774 ) ;
#295 = CARTESIAN_POINT ( 'NONE',  ( -57.00549023093464029, 178.4127923615430120, 2.560097286703860942 ) ) ;
#296 = B_SPLINE_SURFACE_WITH_KNOTS ( 'NONE', 1, 3, ( 
 ( #3818, #6019, #1446, #856, #6166, #4381, #2739, #287, #2701, #3140, #6056, #2053, #961, #6699, #1000, #3291, #4912, #2017, #889, #2173 ),
 ( #432, #3776, #6089, #2583, #2133, #3251, #4338, #4422, #4874, #5036, #6659, #6778, #5559, #1482, #3175, #5485, #7196, #4993, #4301, #4465 ) ),
 .UNSPECIFIED., .F., .F., .F.,
 ( 2, 2 ),
 ( 4, 2, 2, 2, 2, 2, 2, 2, 2, 4 ),
 ( 0.000000000000000000, 1.000000000000000000 ),
 ( 0.000000000000000000, 0.001040622588485139903, 0.002081245176970279807, 0.003121867765455419927, 0.003642179059697989770, 0.004162490353940559613, 0.005203112942425699300, 0.006243735530910839854, 0.007284358119395979540, 0.008324980707881119227 ),
 .UNSPECIFIED. ) ;
#297 = CARTESIAN_POINT ( 'NONE',  ( 52.99749097973867151, 111.6568673788693928, 9.724448169893671334 ) ) ;
#298 = CARTESIAN_POINT ( 'NONE',  ( -82.90755630220785122, 106.6462465759037741, 2.560097286703856945 ) ) ;
#299 = CARTESIAN_POINT ( 'NONE',  ( 50.11663926051974016, 111.2567716887481879, 2.571597561101883755 ) ) ;
#300 = CARTESIAN_POINT ( 'NONE',  ( -109.3563245115569913, 120.6560420206691475, 2.560097286703861830 ) ) ;
#301 = CARTESIAN_POINT ( 'NONE',  ( -49.59422953991621341, 105.3571684369131987, 9.939459133094542764 ) ) ;
#302 = FACE_OUTER_BOUND ( 'NONE', #1529, .T. ) ;
#303 = CARTESIAN_POINT ( 'NONE',  ( -50.70054194832080441, 105.2131147675577552, 5.777509211313842208 ) ) ;
#304 = CARTESIAN_POINT ( 'NONE',  ( -101.2374485950347349, 115.8550606153454936, 11.63703494020661999 ) ) ;
#305 = VECTOR ( 'NONE', #2954, 1000.000000000000227 ) ;
#306 = CARTESIAN_POINT ( 'NONE',  ( -91.33234105613921372, 109.2357974065448900, 2.560097286703860497 ) ) ;
#307 = CARTESIAN_POINT ( 'NONE',  ( -96.09739478174209637, 171.6936733243707920, 11.63703494020660223 ) ) ;
#308 = CARTESIAN_POINT ( 'NONE',  ( -107.9543162801433880, 121.7863382787765403, 11.63703494020662177 ) ) ;
#309 = CARTESIAN_POINT ( 'NONE',  ( -101.3832044516997826, 114.8349334090934235, 1.637034940206621325 ) ) ;
#310 = CARTESIAN_POINT ( 'NONE',  ( -103.6843207578968844, 167.6260010474934461, 2.560097286703860942 ) ) ;
#311 = CARTESIAN_POINT ( 'NONE',  ( 46.15063179272130611, 170.0304782752918697, 11.63703494020662177 ) ) ;
#312 = CARTESIAN_POINT ( 'NONE',  ( 56.20301493317261787, 112.3006617292420373, 10.98551771907536434 ) ) ;
#313 = CARTESIAN_POINT ( 'NONE',  ( -117.2468970252207470, 146.3959106410306106, 2.560097286703860497 ) ) ;
#314 = CARTESIAN_POINT ( 'NONE',  ( -79.00772311185147601, 177.0645913355490961, 2.560097286703864938 ) ) ;
#315 = CIRCLE ( 'NONE', #5012, 50.00000000000000711 ) ;
#316 = CARTESIAN_POINT ( 'NONE',  ( -68.02669500422665294, 176.6404224822474021, 11.63703494020662532 ) ) ;
#317 = CARTESIAN_POINT ( 'NONE',  ( -80.84880732502838896, 174.8200648225911209, 11.63703494020662532 ) ) ;
#318 = CARTESIAN_POINT ( 'NONE',  ( -89.09807898581158270, 173.5209877545108839, 1.637034940206621103 ) ) ;
#319 = CARTESIAN_POINT ( 'NONE',  ( -89.42748973688271974, 110.4650684198475830, 11.63703494020662355 ) ) ;
#320 = ORIENTED_EDGE ( 'NONE', *, *, #5598, .T. ) ;
#321 = CARTESIAN_POINT ( 'NONE',  ( -114.0041044206080585, 155.4094771660365097, 11.99830417835790008 ) ) ;
#322 = EDGE_CURVE ( 'NONE', #2200, #2200, #257, .T. ) ;
#323 = CARTESIAN_POINT ( 'NONE',  ( -115.7032850050834867, 144.8676898832249549, 11.63703494020662355 ) ) ;
#324 = CARTESIAN_POINT ( 'NONE',  ( -110.5074761492434305, 157.3976827064976760, 11.43703494025265144 ) ) ;
#325 = CARTESIAN_POINT ( 'NONE',  ( -98.74731860305433884, 114.7177113415596921, 11.43703494025265144 ) ) ;
#326 = CARTESIAN_POINT ( 'NONE',  ( 69.84392449654995971, 141.4296532796704184, 1.637034940206619327 ) ) ;
#327 = ORIENTED_EDGE ( 'NONE', *, *, #3864, .F. ) ;
#328 = CARTESIAN_POINT ( 'NONE',  ( -84.83768285148791222, 107.1420480120454357, 2.560096196074688191 ) ) ;
#329 = ORIENTED_EDGE ( 'NONE', *, *, #3456, .T. ) ;
#330 = CARTESIAN_POINT ( 'NONE',  ( -78.54910980351347405, 175.0975274394058658, 11.43703494025265144 ) ) ;
#331 =( BOUNDED_SURFACE ( )  B_SPLINE_SURFACE ( 3, 2, ( 
 ( #5660, #6763, #2234 ),
 ( #5058, #1625, #494 ),
 ( #6722, #2797, #1549 ),
 ( #4526, #417, #5280 ) ),
 .UNSPECIFIED., .F., .F., .F. ) 
 B_SPLINE_SURFACE_WITH_KNOTS ( ( 4, 4 ),
 ( 3, 3 ),
 ( -9.211230857925079007E-10, 0.009920654959047836910 ),
 ( 0.000000000000000000, 1.000000000000000000 ),
 .UNSPECIFIED. ) 
 GEOMETRIC_REPRESENTATION_ITEM ( )  RATIONAL_B_SPLINE_SURFACE ( (
 ( 1.000000000000000000, 0.9985485956172378552, 1.000000000000000000),
 ( 1.000000000000000000, 0.9984906658713288419, 1.000000000000000000),
 ( 1.000000000000000000, 0.9984385502749271168, 1.000000000000000000),
 ( 1.000000000000000000, 0.9983950014341779200, 1.000000000000000000) ) ) 
 REPRESENTATION_ITEM ( '' )  SURFACE ( )  );
#332 = FACE_OUTER_BOUND ( 'NONE', #6244, .T. ) ;
#333 = CARTESIAN_POINT ( 'NONE',  ( -103.1501000946062305, 167.9862195296924483, 11.63703494020682427 ) ) ;
#334 = CARTESIAN_POINT ( 'NONE',  ( -109.2715454369425601, 123.4123742453979844, 11.63703494020661999 ) ) ;
#335 = CARTESIAN_POINT ( 'NONE',  ( -116.2905985903344686, 146.8148373606872212, 1.637034940206621103 ) ) ;
#336 = ORIENTED_EDGE ( 'NONE', *, *, #5341, .T. ) ;
#337 = CARTESIAN_POINT ( 'NONE',  ( -103.5187460336603209, 165.4691155938872100, 11.63703494020661999 ) ) ;
#338 = CARTESIAN_POINT ( 'NONE',  ( -58.07357400166591788, 178.4817227079868758, 10.89352325962741830 ) ) ;
#339 = ORIENTED_EDGE ( 'NONE', *, *, #6520, .T. ) ;
#340 = CARTESIAN_POINT ( 'NONE',  ( -53.14659193739333176, 104.6438724782729537, 1.073953341468105727 ) ) ;
#341 = CARTESIAN_POINT ( 'NONE',  ( -100.2820690652309281, 115.3227217927883999, 11.63703494020661999 ) ) ;
#342 = EDGE_CURVE ( 'NONE', #2798, #2798, #3258, .T. ) ;
#343 = CARTESIAN_POINT ( 'NONE',  ( -89.19291937393298042, 108.4835743747687218, 2.560097286703861386 ) ) ;
#344 = PLANE ( 'NONE',  #5556 ) ;
#345 = CARTESIAN_POINT ( 'NONE',  ( -43.78738015129044214, 177.0509507707449188, 7.509409073163771708 ) ) ;
#346 = CARTESIAN_POINT ( 'NONE',  ( -86.32587297548862182, 108.4613421149189065, 1.637034940206621325 ) ) ;
#347 = CARTESIAN_POINT ( 'NONE',  ( 48.47049186856281011, 169.9234092955828714, 11.63703494020661822 ) ) ;
#348 = CARTESIAN_POINT ( 'NONE',  ( -108.3088498741608987, 163.3787251363871178, 2.560097286703860497 ) ) ;
#349 = CARTESIAN_POINT ( 'NONE',  ( -46.55496697234697479, 105.7439690151672522, 11.11421908061984176 ) ) ;
#350 = CARTESIAN_POINT ( 'NONE',  ( 51.42683036578497990, 113.1461333167781191, 11.63703494020662532 ) ) ;
#351 = CARTESIAN_POINT ( 'NONE',  ( -81.16331737662893886, 174.5442206304344381, 11.43703494025264966 ) ) ;
#352 = EDGE_LOOP ( 'NONE', ( #6118 ) ) ;
#353 = CARTESIAN_POINT ( 'NONE',  ( 45.29964821758722593, 112.9904966594580173, 11.43703494020664380 ) ) ;
#354 = CARTESIAN_POINT ( 'NONE',  ( -116.5997482379019772, 149.1937014464830327, 11.47733505890758998 ) ) ;
#355 = CARTESIAN_POINT ( 'NONE',  ( -115.8443139455897182, 143.9854023424415459, 11.63703494020661999 ) ) ;
#356 = CARTESIAN_POINT ( 'NONE',  ( 47.49851898573358255, 111.1485832831377820, 4.992019688766673013 ) ) ;
#357 = CARTESIAN_POINT ( 'NONE',  ( -88.07053551701207539, 110.1943311322327901, 11.43703494025265144 ) ) ;
#358 = DIRECTION ( 'NONE',  ( -1.000000000000000000, 0.000000000000000000, 0.000000000000000000 ) ) ;
#359 = CARTESIAN_POINT ( 'NONE',  ( -49.71434125204680754, 177.5175196514196045, 10.19755101330354918 ) ) ;
#360 = CARTESIAN_POINT ( 'NONE',  ( -57.16194067137063684, 104.4356937355991306, 2.560096196074683750 ) ) ;
#361 = ORIENTED_EDGE ( 'NONE', *, *, #4461, .F. ) ;
#362 = CARTESIAN_POINT ( 'NONE',  ( -70.86129430641659610, 176.2293676935857434, 11.43703494025265144 ) ) ;
#363 = CARTESIAN_POINT ( 'NONE',  ( -54.14001595182428872, 178.0680886257135853, 6.558031838627215393 ) ) ;
#364 = ADVANCED_FACE ( 'NONE', ( #6689, #3204 ), #5514, .F. ) ;
#365 = CARTESIAN_POINT ( 'NONE',  ( -49.22624700803656594, 177.4549128928012180, 10.22796067651984409 ) ) ;
#366 = CARTESIAN_POINT ( 'NONE',  ( -57.17711616946748876, 178.4253562924963603, 4.506125194002473577 ) ) ;
#367 = CARTESIAN_POINT ( 'NONE',  ( -113.9367199000935642, 131.6628879375747658, 11.63703494020662532 ) ) ;
#368 = CARTESIAN_POINT ( 'NONE',  ( 50.57986724645768817, 111.2961415425241114, 2.575457407081444217 ) ) ;
#369 = ORIENTED_EDGE ( 'NONE', *, *, #5494, .F. ) ;
#370 = CARTESIAN_POINT ( 'NONE',  ( -114.9003838067966967, 148.3460752235131963, 11.63703494020662355 ) ) ;
#371 = CARTESIAN_POINT ( 'NONE',  ( 42.83041193318907602, 171.9236679820213567, 2.623321975967038089 ) ) ;
#372 = CARTESIAN_POINT ( 'NONE',  ( -54.58830704749892249, 104.4763591573546364, 0.2179764317624948433 ) ) ;
#373 = CARTESIAN_POINT ( 'NONE',  ( -96.32229609446694951, 113.2863319225585883, 11.63703494020662355 ) ) ;
#374 = AXIS2_PLACEMENT_3D ( 'NONE', #149, #2282, #1638 ) ;
#375 = CARTESIAN_POINT ( 'NONE',  ( -95.52725130067740622, 110.9389411027179619, 2.560097286703860942 ) ) ;
#376 = CARTESIAN_POINT ( 'NONE',  ( -53.60567989551019963, 177.2940156441428599, 1.637034940206621103 ) ) ;
#377 = CARTESIAN_POINT ( 'NONE',  ( -1.520154007732765988, 171.7107232829701786, 11.63703494020662177 ) ) ;
#378 = CARTESIAN_POINT ( 'NONE',  ( -53.15122061130221454, 178.0979005287412349, 2.614551740363340482 ) ) ;
#379 = DIRECTION ( 'NONE',  ( -0.06400841331716575211, 0.9979493589479473403, 0.000000000000000000 ) ) ;
#380 = CARTESIAN_POINT ( 'NONE',  ( 46.38630063388235669, 170.0200525908099678, 11.63703494020662177 ) ) ;
#381 = AXIS2_PLACEMENT_3D ( 'NONE', #3882, #4934, #7410 ) ;
#382 = ADVANCED_FACE ( 'NONE', ( #5285 ), #6135, .T. ) ;
#383 = DIRECTION ( 'NONE',  ( 1.000000000000000000, 0.000000000000000000, 0.000000000000000000 ) ) ;
#384 = B_SPLINE_CURVE_WITH_KNOTS ( 'NONE', 3,
 ( #6294, #5691, #3491, #3986, #6401, #2965, #4059, #4665 ),
 .UNSPECIFIED., .F., .F.,
 ( 4, 2, 2, 4 ),
 ( 0.000000000000000000, 0.4999999999999985567, 0.7499999999999992228, 1.000000000000000000 ),
 .UNSPECIFIED. ) ;
#385 = CARTESIAN_POINT ( 'NONE',  ( -117.6012458284674125, 144.5528939165905342, 2.560097286703861830 ) ) ;
#386 = CARTESIAN_POINT ( 'NONE',  ( -78.64777300877898369, 107.7626535574806326, 5.637034940206621769 ) ) ;
#387 = AXIS2_PLACEMENT_3D ( 'NONE', #3182, #3594, #6623 ) ;
#388 = CARTESIAN_POINT ( 'NONE',  ( 52.08047129176322443, 113.2013568284141485, 11.63703494020662355 ) ) ;
#389 = CARTESIAN_POINT ( 'NONE',  ( -76.76838176846352724, 175.6228219176497305, 11.63703494020661822 ) ) ;
#390 = ADVANCED_FACE ( 'NONE', ( #414 ), #7043, .F. ) ;
#391 = CARTESIAN_POINT ( 'NONE',  ( -70.88346264159336840, 106.4479612337363932, 11.63703494020661999 ) ) ;
#392 = ORIENTED_EDGE ( 'NONE', *, *, #1987, .T. ) ;
#393 = CARTESIAN_POINT ( 'NONE',  ( -109.1542988267041778, 162.4697991223566760, 11.81064471026202867 ) ) ;
#394 = CARTESIAN_POINT ( 'NONE',  ( -115.9037617161512372, 143.5434554047372444, 11.63703494020662355 ) ) ;
#395 = CARTESIAN_POINT ( 'NONE',  ( -102.6891078866344458, 168.2511131198505154, 11.14378848735744576 ) ) ;
#396 = CARTESIAN_POINT ( 'NONE',  ( -112.3019276173776433, 154.3529723130027946, 11.43703494025265144 ) ) ;
#397 = DIRECTION ( 'NONE',  ( -0.5904623445788050873, 0.000000000000000000, -0.8070651892099549585 ) ) ;
#398 = CARTESIAN_POINT ( 'NONE',  ( -1.027909593123291776, 160.9937362348916849, 1.781893348568190705 ) ) ;
#399 = CARTESIAN_POINT ( 'NONE',  ( -103.1668448585503199, 166.9654657220685010, 1.637034940206621103 ) ) ;
#400 = CARTESIAN_POINT ( 'NONE',  ( -96.09739477889210946, 111.1656332282146025, 2.560096196074692632 ) ) ;
#401 = ORIENTED_EDGE ( 'NONE', *, *, #1564, .T. ) ;
#402 = SURFACE_STYLE_USAGE ( .BOTH. , #5528 ) ;
#403 = CARTESIAN_POINT ( 'NONE',  ( -54.80082470472384415, 178.1473905966369955, 6.099916521986242124 ) ) ;
#404 = CARTESIAN_POINT ( 'NONE',  ( -111.4722008585987538, 96.60065933185238407, 10.89404112731290830 ) ) ;
#405 = CARTESIAN_POINT ( 'NONE',  ( -67.14206293598137165, 178.5184891163721090, 2.560097286697720076 ) ) ;
#406 = CARTESIAN_POINT ( 'NONE',  ( -115.3837730844455507, 136.3820540150459237, 11.63703494020662355 ) ) ;
#407 = CARTESIAN_POINT ( 'NONE',  ( 52.76054984189288888, 170.9167586420751377, 2.093656959657191230 ) ) ;
#408 = ORIENTED_EDGE ( 'NONE', *, *, #3919, .F. ) ;
#409 = LINE ( 'NONE', #2148, #7444 ) ;
#410 = EDGE_LOOP ( 'NONE', ( #6169, #6613, #2814, #3145, #5548 ) ) ;
#411 = CARTESIAN_POINT ( 'NONE',  ( -57.16423480158315584, 178.4404240071138190, 11.64094490786364133 ) ) ;
#412 = CARTESIAN_POINT ( 'NONE',  ( -57.22677966744393530, 177.5869929061859693, 1.637034940206621103 ) ) ;
#413 = CARTESIAN_POINT ( 'NONE',  ( -57.31423188619254461, 104.4181974066787859, 4.455724378165775157 ) ) ;
#414 = FACE_OUTER_BOUND ( 'NONE', #4736, .T. ) ;
#415 = CARTESIAN_POINT ( 'NONE',  ( -57.16194067137071499, 104.4356937355991590, 4.506125194002859935 ) ) ;
#416 = FACE_OUTER_BOUND ( 'NONE', #4982, .T. ) ;
#417 = CARTESIAN_POINT ( 'NONE',  ( -40.49182006335087181, 106.5753051359138226, 13.84661722001524531 ) ) ;
#418 = CARTESIAN_POINT ( 'NONE',  ( -103.3393464255855179, 167.1856366407792507, 1.944722389039040156 ) ) ;
#419 = B_SPLINE_SURFACE_WITH_KNOTS ( 'NONE', 1, 3, ( 
 ( #4485, #6795, #6258, #5092, #2297, #2343, #1772, #640, #489, #2790, #3416, #6337, #2267, #4628, #4556, #6299, #6868, #7408, #1094, #2934, #4591, #3345, #7369, #4522, #5656, #1620, #6831, #1695, #2862, #3455, #5164, #5771, #7481, #605, #2193, #3918, #6907, #6219, #1658, #1055, #6945, #1734, #3955, #3381, #4029, #5694, #528, #5129, #2897, #7443, #222, #2515, #6443, #3530, #5275, #1381, #1885, #1960, #5312, #148, #6981, #3630, #1808, #4701, #2998, #4774, #4240, #5884, #823, #4165, #6406, #3070 ),
 ( #4095, #5846, #6516, #5989, #2443, #1236, #7129, #5386, #5236, #6554, #674, #4737, #2408, #708, #3667, #112, #74, #2969, #2378, #7091, #4812, #7054, #7018, #6480, #3596, #1849, #4670, #4129, #1271, #1301, #4203, #3567, #5919, #747, #3035, #5349, #5953, #185, #2480, #1922, #784, #897, #863, #3704, #6027, #5001, #6624, #2060, #2666, #969, #6746, #3259, #1453, #4276, #2552, #3184, #6134, #3148, #3744, #5459, #7279, #5420, #2098, #1572, #295, #6063, #2593, #4883, #2708, #4963, #6709, #3786 ) ),
 .UNSPECIFIED., .F., .F., .F.,
 ( 2, 2 ),
 ( 4, 2, 2, 2, 2, 2, 2, 2, 2, 2, 2, 2, 2, 2, 2, 2, 2, 2, 2, 2, 2, 2, 2, 2, 2, 2, 2, 2, 2, 2, 2, 2, 2, 2, 2, 4 ),
 ( 0.000000000000000000, 1.000000000000000000 ),
 ( 0.000000000000000000, 0.003028839305457264701, 0.006057678610914529402, 0.009086517916371793235, 0.01060093756910042602, 0.01211535722182905880, 0.01362977687455768985, 0.01514419652728632264, 0.01665861618001495542, 0.01817303583274358647, 0.02120187513820085204, 0.02423071444365811761, 0.02574513409638674866, 0.02650234392275106418, 0.02725955374911537971, 0.02877397340184401076, 0.03028839305457264527, 0.03331723236002991084, 0.03634607166548717294, 0.03937491097094443504, 0.04088933062367307303, 0.04240375027640170408, 0.04391816992913033513, 0.04543258958185897312, 0.04618979940822329211, 0.04656840432140545161, 0.04675770677799652442, 0.04694700923458760417, 0.04713631169117868391, 0.04723096291947422032, 0.04727828853362198852, 0.04732561414776975672, 0.04751491660436083647, 0.04770421906095191622, 0.04808282397413407572, 0.04846142888731623521 ),
 .UNSPECIFIED. ) ;
#420 = CARTESIAN_POINT ( 'NONE',  ( -69.08502207957505448, 177.5290380552337410, 1.637034940206620659 ) ) ;
#421 = CARTESIAN_POINT ( 'NONE',  ( -116.2738353967261133, 150.0130771097689717, 2.560097286703861386 ) ) ;
#422 = AXIS2_PLACEMENT_3D ( 'NONE', #5173, #2274, #2201 ) ;
#423 = ORIENTED_EDGE ( 'NONE', *, *, #3620, .F. ) ;
#424 = DIRECTION ( 'NONE',  ( 0.000000000000000000, 0.000000000000000000, 1.000000000000000000 ) ) ;
#425 = CARTESIAN_POINT ( 'NONE',  ( 49.41612081668696987, 112.9918262619345199, 11.63703494020662177 ) ) ;
#426 = CARTESIAN_POINT ( 'NONE',  ( -98.74367590110713877, 168.1435170050081638, 11.43703494025265144 ) ) ;
#427 = VERTEX_POINT ( 'NONE', #1697 ) ;
#428 = CARTESIAN_POINT ( 'NONE',  ( 49.35174698388452441, 112.0432309411028484, 1.637034940206620881 ) ) ;
#429 = CARTESIAN_POINT ( 'NONE',  ( 49.62734852709026967, 171.6383070135635194, 2.569530922028647524 ) ) ;
#430 = DIRECTION ( 'NONE',  ( -0.000000000000000000, -0.000000000000000000, -1.000000000000000000 ) ) ;
#431 = CARTESIAN_POINT ( 'NONE',  ( -113.8845581514918734, 129.1181261040609627, 1.637034940206621103 ) ) ;
#432 = CARTESIAN_POINT ( 'NONE',  ( 45.74865030158159129, 171.7986272415801068, 2.600236179906687983 ) ) ;
#433 = CARTESIAN_POINT ( 'NONE',  ( -85.28195521178568583, 109.3611333951948410, 11.43703494025265144 ) ) ;
#434 = CARTESIAN_POINT ( 'NONE',  ( 44.95539236471773137, 112.7732955239991668, 11.63703494020662177 ) ) ;
#435 = CARTESIAN_POINT ( 'NONE',  ( -103.6843207578968844, 167.6260010474934461, 10.70729333794644234 ) ) ;
#436 = CARTESIAN_POINT ( 'NONE',  ( -103.1501000921053759, 114.8730870222287876, 2.560096196074692632 ) ) ;
#437 = ORIENTED_EDGE ( 'NONE', *, *, #7032, .T. ) ;
#438 = CIRCLE ( 'NONE', #4646, 20.00000000000000000 ) ;
#439 = CARTESIAN_POINT ( 'NONE',  ( -98.74448361997788481, 168.1431081077979286, 5.637034940206621769 ) ) ;
#440 = CARTESIAN_POINT ( 'NONE',  ( 54.50633133888431558, 170.9191990634397200, 9.275133352015624055 ) ) ;
#441 = ADVANCED_FACE ( 'NONE', ( #5657, #5094 ), #5165, .F. ) ;
#442 = CARTESIAN_POINT ( 'NONE',  ( 47.49851899044213610, 61.14858328313778202, 4.992019688766673013 ) ) ;
#443 = CARTESIAN_POINT ( 'NONE',  ( -107.9121864369853512, 118.9171287997988173, 2.560097286702543329 ) ) ;
#444 = CARTESIAN_POINT ( 'NONE',  ( -56.45552232391357705, 178.3424543124116610, 4.506125194002473577 ) ) ;
#445 = CARTESIAN_POINT ( 'NONE',  ( 52.44793934326566642, 169.4261260366614579, 11.43703494025264966 ) ) ;
#446 = VERTEX_POINT ( 'NONE', #2344 ) ;
#447 = CARTESIAN_POINT ( 'NONE',  ( -108.0209908270240504, 160.9933644813515059, 11.63703494020661999 ) ) ;
#448 = ORIENTED_EDGE ( 'NONE', *, *, #2078, .T. ) ;
#449 = CARTESIAN_POINT ( 'NONE',  ( -117.8672655164915142, 140.8177725078402318, 2.560097286703864494 ) ) ;
#450 = EDGE_CURVE ( 'NONE', #9, #1403, #4828, .T. ) ;
#451 = CARTESIAN_POINT ( 'NONE',  ( -57.00685976270369792, 104.4535326257496166, 4.642626398326121340 ) ) ;
#452 = CARTESIAN_POINT ( 'NONE',  ( -68.85473931365324063, 104.4674942807978653, 2.560097286703860942 ) ) ;
#453 = FACE_BOUND ( 'NONE', #7275, .T. ) ;
#454 = CARTESIAN_POINT ( 'NONE',  ( 52.74241873900096067, 111.9516817239846205, 2.081200666553300049 ) ) ;
#455 = CARTESIAN_POINT ( 'NONE',  ( -54.72938657586483657, 178.2280502131330309, 2.602677353935356930 ) ) ;
#456 = CARTESIAN_POINT ( 'NONE',  ( 51.36059851515785368, 169.7187045558818568, 11.63703494020662177 ) ) ;
#457 = EDGE_CURVE ( 'NONE', #6351, #5345, #1686, .T. ) ;
#458 = CARTESIAN_POINT ( 'NONE',  ( -116.5245795561433368, 149.4510466924193395, 11.63703494020662177 ) ) ;
#459 = CARTESIAN_POINT ( 'NONE',  ( -113.7858723802767145, 155.7817384391165376, 2.560097286703860942 ) ) ;
#460 = EDGE_LOOP ( 'NONE', ( #5915, #1265, #6940, #5690, #5149 ) ) ;
#461 = EDGE_CURVE ( 'NONE', #979, #5704, #4462, .T. ) ;
#462 = CARTESIAN_POINT ( 'NONE',  ( -70.93383279196601165, 106.6368134898300895, 5.637034940206621769 ) ) ;
#463 = ADVANCED_FACE ( 'NONE', ( #1204 ), #4739, .T. ) ;
#464 = CARTESIAN_POINT ( 'NONE',  ( -80.72961050946824457, 174.8461525461010240, 11.63703494020661999 ) ) ;
#465 = EDGE_LOOP ( 'NONE', ( #1881, #6400, #3811, #6978, #3490 ) ) ;
#466 = CARTESIAN_POINT ( 'NONE',  ( -57.27715519884031892, 176.6273064346903254, 11.63703494020662177 ) ) ;
#467 = CARTESIAN_POINT ( 'NONE',  ( 47.71508324448818428, 171.7327575369498049, 2.580628172087259475 ) ) ;
#468 = LINE ( 'NONE', #545, #6952 ) ;
#469 = CARTESIAN_POINT ( 'NONE',  ( -116.2206407925024934, 135.7471339624358109, 1.637034940206621103 ) ) ;
#470 = CARTESIAN_POINT ( 'NONE',  ( -57.19609877621003591, 105.2744359649642405, 1.637034940206620881 ) ) ;
#471 = CARTESIAN_POINT ( 'NONE',  ( -57.12993766017197572, 104.4393704756595440, 10.83319865864574361 ) ) ;
#472 = CARTESIAN_POINT ( 'NONE',  ( -101.7189302118053149, 166.7312682483328103, 11.63703494020662355 ) ) ;
#473 = CARTESIAN_POINT ( 'NONE',  ( -73.09616364177651349, 104.8653133057091935, 2.560096196074688191 ) ) ;
#474 = VERTEX_POINT ( 'NONE', #1923 ) ;
#475 = EDGE_CURVE ( 'NONE', #4624, #5501, #5834, .T. ) ;
#476 = CARTESIAN_POINT ( 'NONE',  ( -57.28995700384554368, 176.4277140708381921, 11.43703494025265144 ) ) ;
#477 = CARTESIAN_POINT ( 'NONE',  ( 56.60357587512839217, 170.4543430282278678, 11.47618674344315437 ) ) ;
#478 = CARTESIAN_POINT ( 'NONE',  ( -54.61566737920524162, 178.3860927988025935, 0.2021153455175160596 ) ) ;
#479 = CARTESIAN_POINT ( 'NONE',  ( -56.56440354419007122, 177.9294420097408818, 2.063127802450252624 ) ) ;
#480 = DIRECTION ( 'NONE',  ( 0.4876724987748416451, 0.8730266513335672718, 0.000000000000000000 ) ) ;
#481 = DIRECTION ( 'NONE',  ( -0.000000000000000000, -0.000000000000000000, -1.000000000000000000 ) ) ;
#482 = CARTESIAN_POINT ( 'NONE',  ( 50.06780553299449110, 169.6212063335344453, 11.43703494025265144 ) ) ;
#483 = CARTESIAN_POINT ( 'NONE',  ( -55.89468970968153627, 178.3145362902470765, 11.95070681214451547 ) ) ;
#484 = ORIENTED_EDGE ( 'NONE', *, *, #604, .F. ) ;
#485 = CARTESIAN_POINT ( 'NONE',  ( -115.0608990079532816, 147.7727438153257253, 11.63703494020662177 ) ) ;
#486 = VERTEX_POINT ( 'NONE', #4738 ) ;
#487 = CARTESIAN_POINT ( 'NONE',  ( -57.12624615913439641, 178.4211441089119603, 11.23067583717906359 ) ) ;
#488 = EDGE_LOOP ( 'NONE', ( #68, #4062, #3888, #3286 ) ) ;
#489 = CARTESIAN_POINT ( 'NONE',  ( -93.70684437747064521, 171.7911520050940055, 1.637034940206620881 ) ) ;
#490 = CARTESIAN_POINT ( 'NONE',  ( -45.19419795735407064, 105.9342571255465089, 11.49216649484361774 ) ) ;
#491 = VECTOR ( 'NONE', #3027, 1000.000000000000000 ) ;
#492 = CARTESIAN_POINT ( 'NONE',  ( -49.59422953991621341, 105.3571684369131987, 4.506125194002859935 ) ) ;
#493 = CARTESIAN_POINT ( 'NONE',  ( -57.01824102987826137, 104.4456323209942070, 2.560097286703859165 ) ) ;
#494 = CARTESIAN_POINT ( 'NONE',  ( -43.77020307265416932, 105.8105554838573852, 7.521933133205575217 ) ) ;
#495 = CARTESIAN_POINT ( 'NONE',  ( 52.99749097693541700, 171.2024391877563119, 9.724448169894154503 ) ) ;
#496 = CARTESIAN_POINT ( 'NONE',  ( -103.6826777219083198, 167.6547722149978767, 11.63703494020662355 ) ) ;
#497 = CARTESIAN_POINT ( 'NONE',  ( -57.29993545071395289, 106.4309274163678793, 5.637034940206621769 ) ) ;
#498 = B_SPLINE_CURVE_WITH_KNOTS ( 'NONE', 3,
 ( #4325, #418, #6075, #310 ),
 .UNSPECIFIED., .F., .F.,
 ( 4, 4 ),
 ( 0.000000000000000000, 1.000000000000000000 ),
 .UNSPECIFIED. ) ;
#499 = ORIENTED_EDGE ( 'NONE', *, *, #648, .F. ) ;
#500 = CARTESIAN_POINT ( 'NONE',  ( 55.89369464075799954, 112.1656237278610888, 9.724448169894095884 ) ) ;
#501 = CARTESIAN_POINT ( 'NONE',  ( 52.21203534598514295, 113.2125069032325086, 11.63703494020661999 ) ) ;
#502 = CARTESIAN_POINT ( 'NONE',  ( -92.67696420385928491, 171.1750290168754987, 11.63703494020661999 ) ) ;
#503 = AXIS2_PLACEMENT_3D ( 'NONE', #5300, #3553, #2959 ) ;
#504 = ORIENTED_EDGE ( 'NONE', *, *, #736, .T. ) ;
#505 = CARTESIAN_POINT ( 'NONE',  ( 47.66795315171111724, 171.7344405396507341, 2.581092563618230251 ) ) ;
#506 = AXIS2_PLACEMENT_3D ( 'NONE', #4439, #7406, #7287 ) ;
#507 = CARTESIAN_POINT ( 'NONE',  ( -68.91009507526021594, 104.4762832261879737, 11.63703494020663598 ) ) ;
#508 = CARTESIAN_POINT ( 'NONE',  ( -101.8314596864403541, 168.7351550817694203, 11.37621507797644682 ) ) ;
#509 = EDGE_CURVE ( 'NONE', #5631, #2944, #825, .T. ) ;
#510 = CARTESIAN_POINT ( 'NONE',  ( -76.74883853518049648, 106.2539027106760301, 1.637034940206621103 ) ) ;
#511 = CARTESIAN_POINT ( 'NONE',  ( -56.17014504385147688, 105.2894316628676705, 1.698448817706379455 ) ) ;
#512 = CARTESIAN_POINT ( 'NONE',  ( -102.2533148842228030, 166.4255221557791060, 11.63703494020662177 ) ) ;
#513 = CARTESIAN_POINT ( 'NONE',  ( -95.24701434732190819, 112.9998106950896073, 11.43703494025265144 ) ) ;
#514 = EDGE_LOOP ( 'NONE', ( #662, #3595, #4371, #3377 ) ) ;
#515 = CARTESIAN_POINT ( 'NONE',  ( -87.98123186417224417, 172.6749421842901029, 11.43703494025265144 ) ) ;
#516 = CARTESIAN_POINT ( 'NONE',  ( -55.86917584496733724, 177.4879732489467870, 1.637034940206620659 ) ) ;
#517 = CARTESIAN_POINT ( 'NONE',  ( -54.89226007805746121, 178.4178700036039515, 0.04200487934933062883 ) ) ;
#518 = B_SPLINE_CURVE_WITH_KNOTS ( 'NONE', 3,
 ( #5144, #3327, #5108, #1072 ),
 .UNSPECIFIED., .F., .F.,
 ( 4, 4 ),
 ( 0.000000000000000000, 1.000000000000000000 ),
 .UNSPECIFIED. ) ;
#519 = EDGE_CURVE ( 'NONE', #5284, #5102, #2675, .T. ) ;
#520 = CARTESIAN_POINT ( 'NONE',  ( -112.9876073866770696, 125.6290699601703977, 2.560097286702547326 ) ) ;
#521 = FACE_BOUND ( 'NONE', #6511, .T. ) ;
#522 = CARTESIAN_POINT ( 'NONE',  ( -114.2478741601434251, 132.5030695426565615, 11.63703494020662355 ) ) ;
#523 = CARTESIAN_POINT ( 'NONE',  ( -52.08076014927643627, 177.8160906172434181, 11.06664016155550989 ) ) ;
#524 = VERTEX_POINT ( 'NONE', #1345 ) ;
#525 = CARTESIAN_POINT ( 'NONE',  ( -57.16194067137063684, 104.4356937355991306, 10.82391654643302026 ) ) ;
#526 = EDGE_LOOP ( 'NONE', ( #96 ) ) ;
#527 = FACE_OUTER_BOUND ( 'NONE', #1981, .T. ) ;
#528 = CARTESIAN_POINT ( 'NONE',  ( -59.59420906023938613, 177.7160460751116489, 1.637034940206621103 ) ) ;
#529 = B_SPLINE_CURVE_WITH_KNOTS ( 'NONE', 3,
 ( #2999, #7390, #5109, #2210, #2809, #4992, #4539, #6811, #5070, #4421, #3817, #1676, #5635, #5711, #3250, #3362, #1524, #1562, #5035, #3934, #4501, #3970, #431, #7309, #6736, #2844, #3328, #3398, #6777, #1600, #960, #7425, #469, #7347, #2247, #6126, #546, #2171, #6698, #2769 ),
 .UNSPECIFIED., .F., .F.,
 ( 4, 1, 1, 2, 2, 2, 1, 2, 2, 1, 1, 2, 2, 2, 2, 2, 2, 2, 2, 1, 2, 2, 4 ),
 ( 0.000000000000000000, 0.1249999999999922284, 0.1874999999999883704, 0.2187499999999864553, 0.2499999999999845679, 0.3124999999999807376, 0.3437499999999787392, 0.3593749999999776845, 0.3749999999999766853, 0.4374999999999760747, 0.4687499999999775735, 0.4843749999999791278, 0.4999999999999807931, 0.5624999999999840128, 0.6249999999999872324, 0.6562499999999887867, 0.6874999999999904521, 0.7499999999999910072, 0.8124999999999915623, 0.8437499999999920064, 0.8593749999999938938, 0.8749999999999956701, 1.000000000000000000 ),
 .UNSPECIFIED. ) ;
#530 = DIRECTION ( 'NONE',  ( -1.000000000000000000, 0.000000000000000000, 0.000000000000000000 ) ) ;
#531 = CARTESIAN_POINT ( 'NONE',  ( 0.000000000000000000, 0.000000000000000000, 0.000000000000000000 ) ) ;
#532 = CARTESIAN_POINT ( 'NONE',  ( 49.79449674769058731, 170.7852673966305304, 1.637034940206621325 ) ) ;
#533 = CARTESIAN_POINT ( 'NONE',  ( -49.34890354256056355, 105.3886188890102886, 10.22796067651851182 ) ) ;
#534 = CARTESIAN_POINT ( 'NONE',  ( 54.86952757285995119, 112.0059239354981457, 8.336069652190257528 ) ) ;
#535 = DIRECTION ( 'NONE',  ( -0.000000000000000000, -0.000000000000000000, -1.000000000000000000 ) ) ;
#536 = CARTESIAN_POINT ( 'NONE',  ( 46.28977028490967172, 113.0351556326441624, 5.637034940206621769 ) ) ;
#537 = CARTESIAN_POINT ( 'NONE',  ( -1.449133891748492831, 122.0761824744696895, 1.637034940206621103 ) ) ;
#538 = CARTESIAN_POINT ( 'NONE',  ( -102.1532498787624945, 116.6069525933792335, 5.637034940206621769 ) ) ;
#539 = ORIENTED_EDGE ( 'NONE', *, *, #6297, .F. ) ;
#540 = CARTESIAN_POINT ( 'NONE',  ( -56.38895386985743130, 105.3302593309318240, 1.637034940206620659 ) ) ;
#541 = CARTESIAN_POINT ( 'NONE',  ( 48.41346716051639731, 112.9328600893186092, 11.63703494020662177 ) ) ;
#542 = CARTESIAN_POINT ( 'NONE',  ( -81.56538820336946571, 174.6575144722233404, 11.63703494020662355 ) ) ;
#543 = ORIENTED_EDGE ( 'NONE', *, *, #5577, .T. ) ;
#544 = CIRCLE ( 'NONE', #2588, 4.510899712860380717 ) ;
#545 = CARTESIAN_POINT ( 'NONE',  ( -57.16194067485439945, 178.4236128206528633, 1.637034940206608669 ) ) ;
#546 = CARTESIAN_POINT ( 'NONE',  ( -116.5118892279602534, 137.0847372712794368, 1.637034940206621103 ) ) ;
#547 = CARTESIAN_POINT ( 'NONE',  ( -68.08360293765620952, 105.2599903323639268, 1.637034940206621103 ) ) ;
#548 = CARTESIAN_POINT ( 'NONE',  ( -100.7375841297180870, 169.3395733801548317, 11.20719584220938003 ) ) ;
#549 = CARTESIAN_POINT ( 'NONE',  ( -99.72212000082834038, 167.8421256934486223, 11.63703494020662177 ) ) ;
#550 = CARTESIAN_POINT ( 'NONE',  ( -102.5743078034953015, 116.6502992416439639, 11.63703494020662177 ) ) ;
#551 = VERTEX_POINT ( 'NONE', #2409 ) ;
#552 = ADVANCED_FACE ( 'NONE', ( #709 ), #3984, .T. ) ;
#553 = FACE_BOUND ( 'NONE', #567, .T. ) ;
#554 = CARTESIAN_POINT ( 'NONE',  ( -51.81898854521845266, 177.1559542085919361, 1.637034940206620437 ) ) ;
#555 = CARTESIAN_POINT ( 'NONE',  ( -57.01074059931995208, 178.4062209659511495, 4.640148140675726118 ) ) ;
#556 = B_SPLINE_CURVE_WITH_KNOTS ( 'NONE', 3,
 ( #4307, #5916, #4772, #5458 ),
 .UNSPECIFIED., .F., .F.,
 ( 4, 4 ),
 ( 0.0004193487625341309958, 0.007807876693995920679 ),
 .UNSPECIFIED. ) ;
#557 = EDGE_CURVE ( 'NONE', #2802, #4516, #529, .T. ) ;
#558 = CARTESIAN_POINT ( 'NONE',  ( -117.4978395606531762, 137.5785098547369500, 11.63703494020661466 ) ) ;
#559 = CARTESIAN_POINT ( 'NONE',  ( -49.84290373794034679, 105.3236774411653727, 10.45462849851403497 ) ) ;
#560 = VECTOR ( 'NONE', #2939, 1000.000000000000000 ) ;
#561 = CARTESIAN_POINT ( 'NONE',  ( 45.66277918648474099, 170.0523056061725811, 11.63703494020662355 ) ) ;
#562 = CARTESIAN_POINT ( 'NONE',  ( -50.19753079478726931, 177.5793969943440800, 10.21481948380901628 ) ) ;
#563 = EDGE_LOOP ( 'NONE', ( #7090, #1631, #7315 ) ) ;
#564 = DIRECTION ( 'NONE',  ( 0.000000000000000000, 0.000000000000000000, 1.000000000000000000 ) ) ;
#565 = EDGE_LOOP ( 'NONE', ( #3030, #5807, #1199, #3655 ) ) ;
#566 = CARTESIAN_POINT ( 'NONE',  ( -99.35485396756317300, 112.7743538970947412, 12.10409672653223723 ) ) ;
#567 = EDGE_LOOP ( 'NONE', ( #3863 ) ) ;
#568 = ADVANCED_FACE ( 'NONE', ( #6850 ), #3857, .T. ) ;
#569 = CARTESIAN_POINT ( 'NONE',  ( -46.83688578880454401, 105.6589375154161985, 11.96578106439366529 ) ) ;
#570 = CARTESIAN_POINT ( 'NONE',  ( 49.98263934005370146, 170.7709874523761187, 1.637034940206621103 ) ) ;
#571 = CARTESIAN_POINT ( 'NONE',  ( 33.58485313620129631, 171.9092646959093713, 9.551819615245117134 ) ) ;
#572 = CARTESIAN_POINT ( 'NONE',  ( -49.71434124864837401, 105.3417869055337519, 10.19755101330354918 ) ) ;
#573 = CARTESIAN_POINT ( 'NONE',  ( -113.8798151465927333, 129.1178396389704233, 1.637034940206619549 ) ) ;
#574 = DIRECTION ( 'NONE',  ( 0.000000000000000000, 0.000000000000000000, 1.000000000000000000 ) ) ;
#575 = CARTESIAN_POINT ( 'NONE',  ( 47.63412386648445818, 113.0943847230862076, 5.637034940206621769 ) ) ;
#576 = CARTESIAN_POINT ( 'NONE',  ( -111.4905025057885553, 159.5082857443969431, 11.63703494020662177 ) ) ;
#577 = CARTESIAN_POINT ( 'NONE',  ( 48.92125763019122076, 112.0183446879837561, 1.637034940206621103 ) ) ;
#578 = ADVANCED_FACE ( 'NONE', ( #5145 ), #1116, .F. ) ;
#579 = CARTESIAN_POINT ( 'NONE',  ( 53.73506283109539794, 111.5931204401636734, 2.637034940206396172 ) ) ;
#580 = ORIENTED_EDGE ( 'NONE', *, *, #6948, .F. ) ;
#581 = CARTESIAN_POINT ( 'NONE',  ( 38.57904870781231210, 111.8984566737773889, 1.637034940206621103 ) ) ;
#582 = CARTESIAN_POINT ( 'NONE',  ( 46.52207880581396182, 112.8452343944749003, 11.63703494020662355 ) ) ;
#583 = DIRECTION ( 'NONE',  ( 0.8127955846974748155, 0.000000000000000000, -0.5825490000817871161 ) ) ;
#584 = ORIENTED_EDGE ( 'NONE', *, *, #2572, .T. ) ;
#585 = CARTESIAN_POINT ( 'NONE',  ( -64.99863401592645573, 104.2534434737099787, 11.63703494020661999 ) ) ;
#586 = CYLINDRICAL_SURFACE ( 'NONE', #1337, 30.59228193470918811 ) ;
#587 = CARTESIAN_POINT ( 'NONE',  ( -70.21448128640030006, 105.4191156960665694, 1.637034940206621103 ) ) ;
#588 = CARTESIAN_POINT ( 'NONE',  ( -35.00109321382953453, 131.1485832753687077, 9.724448169888624705 ) ) ;
#589 = CARTESIAN_POINT ( 'NONE',  ( 53.72263672023031944, 111.8950505835323668, 11.63703494020662177 ) ) ;
#590 = ORIENTED_EDGE ( 'NONE', *, *, #5810, .F. ) ;
#591 = CARTESIAN_POINT ( 'NONE',  ( -49.59422954331319744, 177.5021381200514554, 10.16682378209447357 ) ) ;
#592 = CARTESIAN_POINT ( 'NONE',  ( 53.43756490918300983, 171.1088627924673062, 10.31428991239479132 ) ) ;
#593 = CARTESIAN_POINT ( 'NONE',  ( -49.59422953991621341, 105.3571684369131987, 9.939459133094542764 ) ) ;
#594 = CARTESIAN_POINT ( 'NONE',  ( -103.6826777194388143, 115.2045343368733370, 11.63703494020662177 ) ) ;
#595 = CARTESIAN_POINT ( 'NONE',  ( -61.42795209439732673, 106.0528797402857464, 11.63703494020662532 ) ) ;
#596 = DIRECTION ( 'NONE',  ( -1.000000000000000000, 0.000000000000000000, 0.000000000000000000 ) ) ;
#597 = CARTESIAN_POINT ( 'NONE',  ( 46.71529949671422344, 169.8054440474134310, 11.43703494025265321 ) ) ;
#598 = CARTESIAN_POINT ( 'NONE',  ( -57.65581342730482817, 104.3868281748176230, 11.66709255916829058 ) ) ;
#599 = VERTEX_POINT ( 'NONE', #5597 ) ;
#600 = CARTESIAN_POINT ( 'NONE',  ( -115.8731207112463437, 141.8885635935511118, 5.637034940206621769 ) ) ;
#601 = ORIENTED_EDGE ( 'NONE', *, *, #4702, .F. ) ;
#602 = CARTESIAN_POINT ( 'NONE',  ( -116.7988269701755115, 148.2625503099079367, 11.63703494020702323 ) ) ;
#603 = ORIENTED_EDGE ( 'NONE', *, *, #6144, .T. ) ;
#604 = EDGE_CURVE ( 'NONE', #474, #3066, #3897, .T. ) ;
#605 = CARTESIAN_POINT ( 'NONE',  ( -73.20127251586112038, 177.1187623121763011, 1.637034940206619105 ) ) ;
#606 = CARTESIAN_POINT ( 'NONE',  ( -45.06318916076304504, 105.9518387955551191, 10.74930920318406891 ) ) ;
#607 = PLANE ( 'NONE',  #3505 ) ;
#608 = DIRECTION ( 'NONE',  ( 0.000000000000000000, 0.000000000000000000, 1.000000000000000000 ) ) ;
#609 = CARTESIAN_POINT ( 'NONE',  ( -111.4826852622796167, 124.8585469358989997, 1.637034940206620437 ) ) ;
#610 = DIRECTION ( 'NONE',  ( -1.000000000000000000, 0.000000000000000000, 0.000000000000000000 ) ) ;
#611 = VERTEX_POINT ( 'NONE', #4745 ) ;
#612 = CARTESIAN_POINT ( 'NONE',  ( 41.57798809535506734, 172.0031294706380152, 2.633229638298387520 ) ) ;
#613 = CARTESIAN_POINT ( 'NONE',  ( 47.56429674619145942, 111.9605198817403675, 1.637034940206621103 ) ) ;
#614 = CARTESIAN_POINT ( 'NONE',  ( -101.3073082920573427, 116.1208269825552009, 11.43703494025265144 ) ) ;
#615 = VERTEX_POINT ( 'NONE', #5901 ) ;
#616 = CARTESIAN_POINT ( 'NONE',  ( -55.38222592733794869, 105.3998868646015978, 1.637034940206620881 ) ) ;
#617 = CARTESIAN_POINT ( 'NONE',  ( 45.97168513864802719, 112.8208269369899313, 11.63703494020662177 ) ) ;
#618 = CARTESIAN_POINT ( 'NONE',  ( -114.6182058872725520, 134.2669715756981077, 11.43703494025264966 ) ) ;
#619 = EDGE_CURVE ( 'NONE', #5087, #5125, #7092, .T. ) ;
#620 = ORIENTED_EDGE ( 'NONE', *, *, #248, .F. ) ;
#621 = CARTESIAN_POINT ( 'NONE',  ( -49.72033780849526607, 177.5717132173454331, 11.65310093783285339 ) ) ;
#622 = FACE_OUTER_BOUND ( 'NONE', #3563, .T. ) ;
#623 = ADVANCED_FACE ( 'NONE', ( #4609 ), #1753, .F. ) ;
#624 = CARTESIAN_POINT ( 'NONE',  ( -56.09057465074451443, 105.3508958984171358, 1.637034940206621103 ) ) ;
#625 = CARTESIAN_POINT ( 'NONE',  ( -97.20920886037788478, 169.1428510466595299, 11.63703494020662177 ) ) ;
#626 = CARTESIAN_POINT ( 'NONE',  ( -103.6876442803809084, 167.6233938004938295, 10.70777264427496434 ) ) ;
#627 = ORIENTED_EDGE ( 'NONE', *, *, #5633, .T. ) ;
#628 = CARTESIAN_POINT ( 'NONE',  ( 55.89369461681823026, 170.6936828423492614, 9.724448169894095884 ) ) ;
#629 = CARTESIAN_POINT ( 'NONE',  ( -50.68392667225896275, 177.9207801707730141, 2.633229638299370734 ) ) ;
#630 = CARTESIAN_POINT ( 'NONE',  ( -57.16194067485439945, 178.4236128206528633, 4.543879449388887437 ) ) ;
#631 = CARTESIAN_POINT ( 'NONE',  ( 37.84183566512397334, 110.8561770945605929, 5.366661032505627205 ) ) ;
#632 = CARTESIAN_POINT ( 'NONE',  ( -49.85071610139662823, 105.3196067035940189, 10.64159321006572512 ) ) ;
#633 = CARTESIAN_POINT ( 'NONE',  ( -116.4047478753435882, 133.2490075116149058, 2.560097286703860942 ) ) ;
#634 = CARTESIAN_POINT ( 'NONE',  ( -57.12993766361271497, 178.4199360805906451, 10.83319865866063303 ) ) ;
#635 = VERTEX_POINT ( 'NONE', #5218 ) ;
#636 = LINE ( 'NONE', #2374, #5747 ) ;
#637 = ORIENTED_EDGE ( 'NONE', *, *, #2073, .T. ) ;
#638 = CARTESIAN_POINT ( 'NONE',  ( -111.8246075280663661, 158.9983947105148161, 11.63703494020701790 ) ) ;
#639 = ORIENTED_EDGE ( 'NONE', *, *, #3396, .F. ) ;
#640 = CARTESIAN_POINT ( 'NONE',  ( -94.17250521567056865, 171.5951100167107768, 1.637034940206620437 ) ) ;
#641 = CARTESIAN_POINT ( 'NONE',  ( -56.19714730314062479, 178.3118584875626880, 10.74558883120668717 ) ) ;
#642 = CARTESIAN_POINT ( 'NONE',  ( 49.44609300896797066, 170.8096765503004235, 1.637034940206620881 ) ) ;
#643 = DIRECTION ( 'NONE',  ( -0.000000000000000000, -0.000000000000000000, -1.000000000000000000 ) ) ;
#644 = CARTESIAN_POINT ( 'NONE',  ( -49.83808207885639519, 177.5860032120314713, 11.63703494020658269 ) ) ;
#645 = CARTESIAN_POINT ( 'NONE',  ( -114.0738304827992522, 129.5370363167413359, 1.637034940206620215 ) ) ;
#646 = CARTESIAN_POINT ( 'NONE',  ( -116.5997482371368932, 133.6656051040783098, 11.47733505805012655 ) ) ;
#647 = CARTESIAN_POINT ( 'NONE',  ( 47.99392449805656469, 125.4296532817331666, 5.637034940206621769 ) ) ;
#648 = EDGE_CURVE ( 'NONE', #6025, #2892, #7009, .T. ) ;
#649 = CARTESIAN_POINT ( 'NONE',  ( -72.87411438787371765, 106.8535577743967337, 5.637034940206621769 ) ) ;
#650 = ORIENTED_EDGE ( 'NONE', *, *, #1797, .F. ) ;
#651 = CARTESIAN_POINT ( 'NONE',  ( -4.374676839684938479, 108.9276819038684323, 1.637034940206620881 ) ) ;
#652 = CARTESIAN_POINT ( 'NONE',  ( 46.66441294903263071, 112.8514917252743430, 11.63703494020662355 ) ) ;
#653 = CARTESIAN_POINT ( 'NONE',  ( -114.0595113074555655, 132.5703502421988276, 11.43703494025264966 ) ) ;
#654 = B_SPLINE_CURVE_WITH_KNOTS ( 'NONE', 3,
 ( #6307, #4492, #458, #1139, #3925, #6441, #1269, #7452, #3426, #146, #576, #2441, #2759, #4735, #5134, #3565, #5882, #496 ),
 .UNSPECIFIED., .F., .F.,
 ( 4, 2, 2, 2, 2, 2, 2, 2, 4 ),
 ( 1.637870604112914530E-14, 0.006788790024113513545, 0.008485987530137821186, 0.01018318503616212622, 0.01357758004821073977, 0.01697197506025935332, 0.01866917256628361152, 0.02036637007230786972, 0.02715516009640470130 ),
 .UNSPECIFIED. ) ;
#655 = EDGE_LOOP ( 'NONE', ( #6255, #2149, #2327, #637 ) ) ;
#656 = CARTESIAN_POINT ( 'NONE',  ( -103.3353574616822641, 114.9505814251600384, 11.65326230481501746 ) ) ;
#657 = CARTESIAN_POINT ( 'NONE',  ( 46.28982035666435024, 169.8241487729794983, 11.43703494025265144 ) ) ;
#658 = AXIS2_PLACEMENT_3D ( 'NONE', #2644, #4980, #7255 ) ;
#659 = CYLINDRICAL_SURFACE ( 'NONE', #5722, 20.00000000000000000 ) ;
#660 = CARTESIAN_POINT ( 'NONE',  ( -96.23063487947023020, 169.6233323199381573, 11.63703494020662177 ) ) ;
#661 = DIRECTION ( 'NONE',  ( -1.000000000000000000, 0.000000000000000000, 0.000000000000000000 ) ) ;
#662 = ORIENTED_EDGE ( 'NONE', *, *, #4895, .T. ) ;
#663 = CARTESIAN_POINT ( 'NONE',  ( 52.03628989667038951, 313.8422321448011303, 11.43703494025265144 ) ) ;
#664 = CARTESIAN_POINT ( 'NONE',  ( -57.13636007275598416, 178.4500918846502486, 2.584964121429585315 ) ) ;
#665 = CARTESIAN_POINT ( 'NONE',  ( 46.97717692031700665, 141.4296532814580303, 5.637034940206621769 ) ) ;
#666 = AXIS2_PLACEMENT_3D ( 'NONE', #6439, #6903, #1266 ) ;
#667 = CARTESIAN_POINT ( 'NONE',  ( -7.020465414884522914, 109.4554387027956608, 11.63703494020662177 ) ) ;
#668 = CARTESIAN_POINT ( 'NONE',  ( 53.12638551708988643, 169.5703478766351964, 11.63703494020661999 ) ) ;
#669 = CARTESIAN_POINT ( 'NONE',  ( -102.7376429359101166, 114.6075374425371081, 11.64147980119964565 ) ) ;
#670 = ORIENTED_EDGE ( 'NONE', *, *, #6625, .F. ) ;
#671 = CARTESIAN_POINT ( 'NONE',  ( 36.88211678510589309, 171.6190635414147607, 11.63703494020662177 ) ) ;
#672 = DIRECTION ( 'NONE',  ( -0.000000000000000000, -0.000000000000000000, -1.000000000000000000 ) ) ;
#673 = ORIENTED_EDGE ( 'NONE', *, *, #6982, .F. ) ;
#674 = CARTESIAN_POINT ( 'NONE',  ( -92.60556297676168924, 173.1404862903781066, 2.560097286703861386 ) ) ;
#675 = CARTESIAN_POINT ( 'NONE',  ( -54.48888226157020398, 104.6516777408119623, 2.604473261563832853 ) ) ;
#676 = CARTESIAN_POINT ( 'NONE',  ( 48.67113741599725785, 170.8537478042283055, 1.637034940206621103 ) ) ;
#677 = CARTESIAN_POINT ( 'NONE',  ( -102.5331762087852496, 116.7027648711180632, 11.57036827355530129 ) ) ;
#678 = CARTESIAN_POINT ( 'NONE',  ( -105.6180435396757531, 116.8412732496384336, 2.560097286703860942 ) ) ;
#679 = CARTESIAN_POINT ( 'NONE',  ( 54.54542700553699319, 112.0701112731749163, 11.63703494020661822 ) ) ;
#680 = VERTEX_POINT ( 'NONE', #2975 ) ;
#681 = AXIS2_PLACEMENT_3D ( 'NONE', #3402, #7350, #6701 ) ;
#682 = DIRECTION ( 'NONE',  ( 0.000000000000000000, 0.000000000000000000, 1.000000000000000000 ) ) ;
#683 = EDGE_LOOP ( 'NONE', ( #4092, #4126, #1558, #6782 ) ) ;
#684 = CARTESIAN_POINT ( 'NONE',  ( -57.00417650139713288, 105.2877091714669859, 1.637034940206619549 ) ) ;
#685 = CARTESIAN_POINT ( 'NONE',  ( 46.47766256169283139, 112.8432799170427501, 11.63703494020662177 ) ) ;
#686 = CARTESIAN_POINT ( 'NONE',  ( -113.5272306045712156, 131.1898820008687494, 11.43703494025265321 ) ) ;
#687 = ORIENTED_EDGE ( 'NONE', *, *, #4414, .T. ) ;
#688 = B_SPLINE_CURVE_WITH_KNOTS ( 'NONE', 3,
 ( #3748, #789, #6558, #7135 ),
 .UNSPECIFIED., .F., .F.,
 ( 4, 4 ),
 ( 0.5519299372193091635, 0.5968090133339313264 ),
 .UNSPECIFIED. ) ;
#689 = EDGE_CURVE ( 'NONE', #819, #33, #5009, .T. ) ;
#690 = CARTESIAN_POINT ( 'NONE',  ( -103.6795754875579547, 115.2295768170552890, 11.19826766633026871 ) ) ;
#691 = CARTESIAN_POINT ( 'NONE',  ( 46.97717692031700665, 141.4296532814580303, 11.63703494020662177 ) ) ;
#692 = CARTESIAN_POINT ( 'NONE',  ( -85.11150541428983729, 173.7507152397049595, 11.63703494020662177 ) ) ;
#693 = CARTESIAN_POINT ( 'NONE',  ( -91.15132098640876279, 111.0906858959917969, 11.63703494020661999 ) ) ;
#694 = ORIENTED_EDGE ( 'NONE', *, *, #2140, .F. ) ;
#695 = FACE_BOUND ( 'NONE', #990, .T. ) ;
#696 = FACE_OUTER_BOUND ( 'NONE', #1461, .T. ) ;
#697 = CARTESIAN_POINT ( 'NONE',  ( -45.24530764215131029, 105.9066527989813693, 11.63703494020662177 ) ) ;
#698 = DIRECTION ( 'NONE',  ( -0.000000000000000000, 0.000000000000000000, 1.000000000000000000 ) ) ;
#699 = CARTESIAN_POINT ( 'NONE',  ( -113.7512663626729221, 151.1217940277467449, 5.637034940206621769 ) ) ;
#700 = CARTESIAN_POINT ( 'NONE',  ( -56.86142924592074621, 178.4246860560524510, 12.00312114121663676 ) ) ;
#701 = EDGE_LOOP ( 'NONE', ( #6181, #5457, #7086, #7162 ) ) ;
#702 = EDGE_CURVE ( 'NONE', #45, #2139, #7280, .T. ) ;
#703 = CARTESIAN_POINT ( 'NONE',  ( -117.0306238392860791, 141.9773554254738315, 1.637034940206621103 ) ) ;
#704 = ORIENTED_EDGE ( 'NONE', *, *, #3212, .T. ) ;
#705 = CARTESIAN_POINT ( 'NONE',  ( -98.80047840312141716, 112.5005287087072077, 11.64016742869531562 ) ) ;
#706 = CARTESIAN_POINT ( 'NONE',  ( 23.84392449805661940, 165.4296532796704469, 4.187034940206631362 ) ) ;
#707 = ORIENTED_EDGE ( 'NONE', *, *, #7012, .T. ) ;
#708 = CARTESIAN_POINT ( 'NONE',  ( -90.20215916782667875, 174.0304420375126710, 2.560097286703860497 ) ) ;
#709 = FACE_OUTER_BOUND ( 'NONE', #1300, .T. ) ;
#710 = CARTESIAN_POINT ( 'NONE',  ( 51.52167191581641248, 170.6342444766833353, 1.637034940206621325 ) ) ;
#711 = CARTESIAN_POINT ( 'NONE',  ( 53.72263672023031944, 111.8950505835323668, 11.63703494020662177 ) ) ;
#712 = CARTESIAN_POINT ( 'NONE',  ( -110.1100169241337028, 121.5394671072119195, 11.00584193984408898 ) ) ;
#713 = CARTESIAN_POINT ( 'NONE',  ( -64.11480468738091076, 176.6075552710569525, 11.43703494025265144 ) ) ;
#714 = FACE_OUTER_BOUND ( 'NONE', #1605, .T. ) ;
#715 = B_SPLINE_CURVE_WITH_KNOTS ( 'NONE', 3,
 ( #3619, #100, #4658, #6395 ),
 .UNSPECIFIED., .F., .F.,
 ( 4, 4 ),
 ( 0.000000000000000000, 1.000000000000000000 ),
 .UNSPECIFIED. ) ;
#716 = CARTESIAN_POINT ( 'NONE',  ( -115.4345544177107428, 130.5264521279931103, 11.36000591451862896 ) ) ;
#717 = CARTESIAN_POINT ( 'NONE',  ( -66.76009507525921549, 172.3654371755034447, 5.637034940206621769 ) ) ;
#718 = DIRECTION ( 'NONE',  ( -0.000000000000000000, -0.000000000000000000, 1.000000000000000000 ) ) ;
#719 = CARTESIAN_POINT ( 'NONE',  ( -56.33105818563172562, 104.4931594081090367, 2.560097286703860497 ) ) ;
#720 = CARTESIAN_POINT ( 'NONE',  ( 41.57798809535506734, 172.0031294706380152, 2.633229638298401731 ) ) ;
#721 = CARTESIAN_POINT ( 'NONE',  ( -114.4921378240768917, 133.2088567135907624, 11.63703494020662177 ) ) ;
#722 = CARTESIAN_POINT ( 'NONE',  ( -63.16233653122119307, 105.0801113958893325, 1.637034940206621103 ) ) ;
#723 = CARTESIAN_POINT ( 'NONE',  ( -86.20547517606759413, 174.4330306787401241, 1.637034940206621103 ) ) ;
#724 = ORIENTED_EDGE ( 'NONE', *, *, #5810, .T. ) ;
#725 = CARTESIAN_POINT ( 'NONE',  ( -114.1376402686517508, 153.1819290351116649, 1.637034940206621325 ) ) ;
#726 = CARTESIAN_POINT ( 'NONE',  ( -103.1501000946062305, 167.9862195296924483, 2.560097286697728958 ) ) ;
#727 = CARTESIAN_POINT ( 'NONE',  ( -0.5983913583121317492, 121.6508112078001602, 1.864681281959967851 ) ) ;
#728 = CIRCLE ( 'NONE', #13, 50.00000000000000000 ) ;
#729 = DIRECTION ( 'NONE',  ( -0.000000000000000000, -0.000000000000000000, -1.000000000000000000 ) ) ;
#730 = CARTESIAN_POINT ( 'NONE',  ( -89.82167002247794585, 110.8155406779383583, 11.43703494025265321 ) ) ;
#731 = ORIENTED_EDGE ( 'NONE', *, *, #3722, .T. ) ;
#732 = CARTESIAN_POINT ( 'NONE',  ( -52.83583390578042582, 178.0704879274844927, 2.616916497317179235 ) ) ;
#733 = CARTESIAN_POINT ( 'NONE',  ( 51.66143400600312674, 169.4901787698686633, 11.43703494025265144 ) ) ;
#734 = EDGE_CURVE ( 'NONE', #4494, #5833, #3843, .T. ) ;
#735 = B_SPLINE_CURVE_WITH_KNOTS ( 'NONE', 3,
 ( #4849, #3707, #7134, #3150 ),
 .UNSPECIFIED., .F., .F.,
 ( 4, 4 ),
 ( -5.999999999555341577E-08, 0.0003686692673612212328 ),
 .UNSPECIFIED. ) ;
#736 = EDGE_CURVE ( 'NONE', #1137, #1137, #3724, .T. ) ;
#737 = CARTESIAN_POINT ( 'NONE',  ( 47.63421931912709795, 169.7649175916980653, 5.637034940206621769 ) ) ;
#738 = ADVANCED_FACE ( 'NONE', ( #2881, #622 ), #6387, .F. ) ;
#739 = CARTESIAN_POINT ( 'NONE',  ( -110.5074761492434305, 157.3976827064976760, 11.43703494025265144 ) ) ;
#740 = CARTESIAN_POINT ( 'NONE',  ( -59.03356063948027099, 104.3270810282419774, 11.35323783074726300 ) ) ;
#741 = ORIENTED_EDGE ( 'NONE', *, *, #4330, .F. ) ;
#742 = FACE_OUTER_BOUND ( 'NONE', #3492, .T. ) ;
#743 = ORIENTED_EDGE ( 'NONE', *, *, #5291, .T. ) ;
#744 = CARTESIAN_POINT ( 'NONE',  ( -87.98123186417224417, 172.6749421842901029, 11.43703494025265144 ) ) ;
#745 = B_SPLINE_CURVE_WITH_KNOTS ( 'NONE', 3,
 ( #4862, #2042, #4903, #3238 ),
 .UNSPECIFIED., .F., .F.,
 ( 4, 4 ),
 ( 0.8307588397604440678, 1.000000000000000000 ),
 .UNSPECIFIED. ) ;
#746 = EDGE_LOOP ( 'NONE', ( #4025 ) ) ;
#747 = CARTESIAN_POINT ( 'NONE',  ( -73.30553396380618381, 177.9514149025275174, 2.560097286703860942 ) ) ;
#748 = VECTOR ( 'NONE', #7002, 1000.000000000000114 ) ;
#749 = CARTESIAN_POINT ( 'NONE',  ( -106.0538071185788738, 119.9097208140333777, 5.637034940206621769 ) ) ;
#750 = CARTESIAN_POINT ( 'NONE',  ( -56.12789763751092664, 105.3474558436899855, 1.637034940206620881 ) ) ;
#751 = CARTESIAN_POINT ( 'NONE',  ( -84.83768285148791222, 107.1420480120454357, 2.560097286703856945 ) ) ;
#752 = CARTESIAN_POINT ( 'NONE',  ( -109.3903054463093838, 120.6728639892794632, 10.96868283370461761 ) ) ;
#753 = CARTESIAN_POINT ( 'NONE',  ( -113.7858723789251201, 127.0775681118029325, 2.560097286703861386 ) ) ;
#754 = CARTESIAN_POINT ( 'NONE',  ( -49.59419821718331178, 105.3571724481096510, 9.939484173509850251 ) ) ;
#755 = CARTESIAN_POINT ( 'NONE',  ( -116.6060125584923810, 133.6469731844604496, 12.15172086608493451 ) ) ;
#756 = VERTEX_POINT ( 'NONE', #4707 ) ;
#757 = CARTESIAN_POINT ( 'NONE',  ( -57.44941080614230344, 177.6020930189372962, 1.637034940206621325 ) ) ;
#758 = CARTESIAN_POINT ( 'NONE',  ( 46.74271023926741009, 111.9327634168548968, 1.637034940206621103 ) ) ;
#759 = CARTESIAN_POINT ( 'NONE',  ( 67.27276142370288881, 113.0418732642271777, 2.560097286703860942 ) ) ;
#760 = CARTESIAN_POINT ( 'NONE',  ( -49.63426677616021010, 105.3520412597867022, 10.17706619249749700 ) ) ;
#761 = CARTESIAN_POINT ( 'NONE',  ( -109.1104642415357802, 123.5325265944529605, 11.43703494025265321 ) ) ;
#762 = CARTESIAN_POINT ( 'NONE',  ( 48.40982387407153453, 111.1485832832236014, 3.214084099747913648 ) ) ;
#763 = CARTESIAN_POINT ( 'NONE',  ( -114.5084032773480516, 152.3337438439628784, 1.637034940206621103 ) ) ;
#764 = CARTESIAN_POINT ( 'NONE',  ( -108.3793086878664269, 160.2597734723973701, 5.637034940206621769 ) ) ;
#765 = CARTESIAN_POINT ( 'NONE',  ( -103.1496424374199847, 114.8445160944905155, 11.64273929752476455 ) ) ;
#766 = CARTESIAN_POINT ( 'NONE',  ( -58.50374755517261605, 106.1541351494960992, 11.63703494020662177 ) ) ;
#767 = CARTESIAN_POINT ( 'NONE',  ( -75.81021549434618123, 175.7794775960838649, 11.63703494020662177 ) ) ;
#768 = CARTESIAN_POINT ( 'NONE',  ( -70.86374879540386473, 106.6470001563559151, 11.43703494025265321 ) ) ;
#769 = ORIENTED_EDGE ( 'NONE', *, *, #6625, .T. ) ;
#770 = CARTESIAN_POINT ( 'NONE',  ( 44.95539236471758926, 112.7732955240021937, 11.63703494020662177 ) ) ;
#771 = CARTESIAN_POINT ( 'NONE',  ( 48.30638442047104064, 169.7346102815965025, 11.43703494025265144 ) ) ;
#772 = B_SPLINE_SURFACE_WITH_KNOTS ( 'NONE', 1, 3, ( 
 ( #2218, #2181, #4509, #1081, #516, #6322, #7432, #6858, #554, #1123 ),
 ( #664, #2431, #7079, #3518, #5941, #1838, #4053, #732, #5796, #629 ) ),
 .UNSPECIFIED., .F., .F., .F.,
 ( 2, 2 ),
 ( 4, 2, 2, 2, 4 ),
 ( 0.000000000000000000, 1.000000000000000000 ),
 ( 0.000000000000000000, 0.0008127500578659349129, 0.001625500115731869826, 0.003251000231463739652, 0.006502000462927479303 ),
 .UNSPECIFIED. ) ;
#773 = CARTESIAN_POINT ( 'NONE',  ( -98.19671491455709145, 112.1959965956228729, 11.63703494020664841 ) ) ;
#774 = DIRECTION ( 'NONE',  ( -1.000000000000000000, 0.000000000000000000, 0.000000000000000000 ) ) ;
#775 = CARTESIAN_POINT ( 'NONE',  ( -49.48941690128573612, 105.3705907635844028, 10.89551983667077373 ) ) ;
#776 = ADVANCED_FACE ( 'NONE', ( #3513 ), #586, .T. ) ;
#777 = CARTESIAN_POINT ( 'NONE',  ( -57.21475916517097460, 104.4320525852849499, 10.82797290256037570 ) ) ;
#778 = VERTEX_POINT ( 'NONE', #2983 ) ;
#779 = CARTESIAN_POINT ( 'NONE',  ( -116.9767406413892985, 147.5776209530981760, 2.560097286703864938 ) ) ;
#780 = VERTEX_POINT ( 'NONE', #2917 ) ;
#781 = CARTESIAN_POINT ( 'NONE',  ( -110.1479393285129618, 161.2558661399702942, 11.63703494020701790 ) ) ;
#782 = CIRCLE ( 'NONE', #2581, 30.59228193470918811 ) ;
#783 = VERTEX_POINT ( 'NONE', #3436 ) ;
#784 = CARTESIAN_POINT ( 'NONE',  ( -64.16267963791234763, 178.6021790168320251, 2.560097286703861386 ) ) ;
#785 =( GEOMETRIC_REPRESENTATION_CONTEXT ( 3 ) GLOBAL_UNCERTAINTY_ASSIGNED_CONTEXT ( ( #2688 ) ) GLOBAL_UNIT_ASSIGNED_CONTEXT ( ( #1097, #6834, #1810 ) ) REPRESENTATION_CONTEXT ( 'NONE', 'WORKASPACE' ) );
#786 = CARTESIAN_POINT ( 'NONE',  ( -115.2369985377969357, 136.2639471587935702, 11.43703494025265144 ) ) ;
#787 = CARTESIAN_POINT ( 'NONE',  ( 56.44988250163771681, 112.2756420109059121, 10.12858761993429368 ) ) ;
#788 = CARTESIAN_POINT ( 'NONE',  ( -101.2496849446498715, 113.7991722266708763, 11.06409252466158755 ) ) ;
#789 = CARTESIAN_POINT ( 'NONE',  ( -117.7907867376484319, 143.0385224183480375, 11.63703494020660933 ) ) ;
#790 = CARTESIAN_POINT ( 'NONE',  ( -72.87499590664967286, 175.9891787914449708, 11.43703494025265499 ) ) ;
#791 = CARTESIAN_POINT ( 'NONE',  ( -107.2302452369564350, 161.5927793206447518, 11.43703494025265144 ) ) ;
#792 = CARTESIAN_POINT ( 'NONE',  ( -100.8407248561839538, 168.3265196257866876, 1.637034940206621103 ) ) ;
#793 = CARTESIAN_POINT ( 'NONE',  ( -59.00989282606312969, 178.5460823323990951, 11.73843758075911836 ) ) ;
#794 = B_SPLINE_CURVE_WITH_KNOTS ( 'NONE', 3,
 ( #1065, #6768, #349, #2803 ),
 .UNSPECIFIED., .F., .F.,
 ( 4, 4 ),
 ( -6.841145136964004835E-05, 0.004190174089356194821 ),
 .UNSPECIFIED. ) ;
#795 = CARTESIAN_POINT ( 'NONE',  ( 47.33756345261724618, 111.9526495970210505, 1.637034940206621103 ) ) ;
#796 = CARTESIAN_POINT ( 'NONE',  ( 53.46236523418770759, 171.2927874561525243, 2.603951286652669506 ) ) ;
#797 = CARTESIAN_POINT ( 'NONE',  ( -55.99548220479196203, 104.5163685859989755, 2.560097286703862274 ) ) ;
#798 = CARTESIAN_POINT ( 'NONE',  ( -82.90755630548343902, 176.2130599779237059, 11.63703494020659868 ) ) ;
#799 = CARTESIAN_POINT ( 'NONE',  ( -113.7472156365256666, 131.7384452448457637, 11.43703494025264966 ) ) ;
#800 = CARTESIAN_POINT ( 'NONE',  ( -85.96200127714431005, 108.3550915472384304, 1.637034940206621103 ) ) ;
#801 = CARTESIAN_POINT ( 'NONE',  ( 48.91592888332134947, 169.8986621057875652, 11.63703494020661999 ) ) ;
#802 = AXIS2_PLACEMENT_3D ( 'NONE', #4542, #3365, #1603 ) ;
#803 = EDGE_CURVE ( 'NONE', #5661, #5661, #7384, .T. ) ;
#804 = CIRCLE ( 'NONE', #4766, 2.149999999999999023 ) ;
#805 = CARTESIAN_POINT ( 'NONE',  ( -102.4506128782070107, 166.0518458075077604, 5.637034940206621769 ) ) ;
#806 = CARTESIAN_POINT ( 'NONE',  ( 36.57195634944903162, 171.6801744658711186, 11.00480011099572408 ) ) ;
#807 = CARTESIAN_POINT ( 'NONE',  ( -59.72541754814851345, 106.1011145970618514, 11.63703494020662355 ) ) ;
#808 = CARTESIAN_POINT ( 'NONE',  ( -78.57533072912077898, 175.2909629443697384, 11.63703494020662177 ) ) ;
#809 = EDGE_CURVE ( 'NONE', #5704, #2729, #75, .T. ) ;
#810 = CARTESIAN_POINT ( 'NONE',  ( -91.08082952991344428, 111.2778517979324988, 11.43703494025264966 ) ) ;
#811 = ORIENTED_EDGE ( 'NONE', *, *, #59, .T. ) ;
#812 = CARTESIAN_POINT ( 'NONE',  ( -105.4954098731291481, 166.1703105666661315, 11.69835661017062733 ) ) ;
#813 = EDGE_CURVE ( 'NONE', #4635, #4635, #2791, .T. ) ;
#814 = CARTESIAN_POINT ( 'NONE',  ( 48.30638442047104064, 169.7346102815965025, 5.637034940206621769 ) ) ;
#815 = CARTESIAN_POINT ( 'NONE',  ( -50.84383238930610105, 105.1980024317889217, 10.27053608092578330 ) ) ;
#816 = DIRECTION ( 'NONE',  ( -0.000000000000000000, -0.000000000000000000, -1.000000000000000000 ) ) ;
#817 = VERTEX_POINT ( 'NONE', #5258 ) ;
#818 = CARTESIAN_POINT ( 'NONE',  ( -117.5016554442484988, 145.0243106345005515, 11.63703494020703211 ) ) ;
#819 = VERTEX_POINT ( 'NONE', #92 ) ;
#820 = CARTESIAN_POINT ( 'NONE',  ( -90.74543468772327515, 171.7139544102471689, 11.43703494025265144 ) ) ;
#821 = CARTESIAN_POINT ( 'NONE',  ( 55.89369464075799954, 112.1656237278610888, 9.724448169894095884 ) ) ;
#822 = CARTESIAN_POINT ( 'NONE',  ( -101.8996422014036796, 114.1452904464857454, 11.63703494020662177 ) ) ;
#823 = CARTESIAN_POINT ( 'NONE',  ( -56.55767686679268280, 177.5407164812077951, 1.637034940206620881 ) ) ;
#824 = ADVANCED_FACE ( 'NONE', ( #4683, #7111 ), #3650, .F. ) ;
#825 = LINE ( 'NONE', #3109, #2187 ) ;
#826 = CARTESIAN_POINT ( 'NONE',  ( 55.15763806294014415, 112.1622621521842547, 11.21769344540739155 ) ) ;
#827 = CARTESIAN_POINT ( 'NONE',  ( -57.06614091037572223, 104.4423194591958435, 2.560097286703852504 ) ) ;
#828 = CARTESIAN_POINT ( 'NONE',  ( -108.7187954912050998, 161.6562352107566198, 1.637034940206621547 ) ) ;
#829 = CARTESIAN_POINT ( 'NONE',  ( -68.74470952791780576, 176.3901643502309184, 11.43703494025265499 ) ) ;
#830 = CARTESIAN_POINT ( 'NONE',  ( -114.3579968596123564, 149.4230390853888935, 11.43703494025265499 ) ) ;
#831 = CARTESIAN_POINT ( 'NONE',  ( 50.08264935524664452, 113.0386521377375573, 11.63703494020662177 ) ) ;
#832 = CARTESIAN_POINT ( 'NONE',  ( 46.62715812859801190, 111.9289468173491571, 1.637034940206621103 ) ) ;
#833 = CARTESIAN_POINT ( 'NONE',  ( -96.87206992236812653, 113.5513397823252433, 11.63703494020662532 ) ) ;
#834 = CARTESIAN_POINT ( 'NONE',  ( -77.21676082063808622, 106.3430013070663875, 1.637034940206620881 ) ) ;
#835 = DIRECTION ( 'NONE',  ( 1.127052364861340795E-16, 1.574532446002655002E-16, 1.000000000000000000 ) ) ;
#836 = FACE_OUTER_BOUND ( 'NONE', #6807, .T. ) ;
#837 = CARTESIAN_POINT ( 'NONE',  ( -95.79523603363456630, 111.9780839027611989, 1.637034940206621103 ) ) ;
#838 = CARTESIAN_POINT ( 'NONE',  ( -109.5241293730215517, 120.8487754271952923, 11.39963859997519791 ) ) ;
#839 = CARTESIAN_POINT ( 'NONE',  ( 47.42238955310226345, 169.9742411420005794, 11.63703494020662355 ) ) ;
#840 = B_SPLINE_SURFACE_WITH_KNOTS ( 'NONE', 1, 3, ( 
 ( #3359, #1185, #2319, #4607, #3473, #5786, #2914, #5216, #240, #5443, #6425, #1828, #763, #6535, #2532, #725, #1319, #843, #2424, #7149, #4718, #3581, #4829, #4112, #4182, #3013, #5329, #167, #4755, #1905, #3052, #5367, #204, #2497, #4793, #7107, #1362, #6046, #2760, #4294, #2162, #6117, #6194, #3720, #3845, #2009, #2043, #5513 ),
 ( #1553, #3280, #385, #313, #7183, #4981, #5475, #421, #4452, #5546, #4410, #5626, #6152, #1026, #6608, #3317, #951, #7299, #5585, #6078, #6685, #459, #1435, #5023, #881, #2612, #989, #3164, #2081, #4904, #1592, #7221, #4328, #3887, #2728, #4364, #6647, #348, #1472, #3764, #916, #3203, #2646, #6726, #6765, #4940, #7257, #3805 ) ),
 .UNSPECIFIED., .F., .F., .F.,
 ( 2, 2 ),
 ( 4, 2, 2, 2, 2, 2, 2, 2, 2, 2, 2, 2, 2, 2, 2, 2, 2, 2, 2, 2, 2, 2, 2, 4 ),
 ( 0.000000000000000000, 1.000000000000000000 ),
 ( 0.000000000000000000, 0.003654391240041393336, 0.005481586860062090220, 0.007308782480082786671, 0.009135978100103483990, 0.01004957591011383308, 0.01096317372012418044, 0.01141997262512935499, 0.01187677153013452780, 0.01279036934014487689, 0.01370396715015522598, 0.01461756496016557334, 0.01644476058018626979, 0.01827195620020696798, 0.02009915182022766617, 0.02101274963023801179, 0.02192634744024836088, 0.02238314634525353369, 0.02283994525025870997, 0.02375354306026905560, 0.02466714087027940469, 0.02558073868028975378, 0.02740793430031045197, 0.02923512992033114669 ),
 .UNSPECIFIED. ) ;
#841 = CARTESIAN_POINT ( 'NONE',  ( -85.12318349847977572, 174.7492083926331645, 1.637034940206621547 ) ) ;
#842 = CARTESIAN_POINT ( 'NONE',  ( 46.97717692031700665, 141.4296532814580303, 11.63703494020662177 ) ) ;
#843 = CARTESIAN_POINT ( 'NONE',  ( -113.8798151477521969, 153.7414669119404209, 1.637034940206620881 ) ) ;
#844 = CARTESIAN_POINT ( 'NONE',  ( -110.5074761492434305, 157.3976827064976760, 5.637034940206621769 ) ) ;
#845 = EDGE_CURVE ( 'NONE', #756, #756, #5930, .T. ) ;
#846 = CARTESIAN_POINT ( 'NONE',  ( -96.14275241753561829, 169.4436632927098287, 11.43703494025264966 ) ) ;
#847 = CARTESIAN_POINT ( 'NONE',  ( -81.56784051202350838, 174.6569449655049198, 11.63703494020662355 ) ) ;
#848 = CARTESIAN_POINT ( 'NONE',  ( -92.07316575144523085, 172.4453013033876516, 1.637034940206620659 ) ) ;
#849 = CARTESIAN_POINT ( 'NONE',  ( -90.50927342865044523, 111.0650755948429236, 11.43703494025264966 ) ) ;
#850 = ORIENTED_EDGE ( 'NONE', *, *, #2572, .F. ) ;
#851 = FACE_BOUND ( 'NONE', #1803, .T. ) ;
#852 = CARTESIAN_POINT ( 'NONE',  ( -117.1768282874922846, 147.0680870048659301, 12.20718304192099701 ) ) ;
#853 = EDGE_CURVE ( 'NONE', #5348, #5063, #3735, .T. ) ;
#854 = AXIS2_PLACEMENT_3D ( 'NONE', #4661, #1841, #774 ) ;
#855 = CARTESIAN_POINT ( 'NONE',  ( -107.8739060035038193, 161.1650036357536351, 11.63703494020662355 ) ) ;
#856 = CARTESIAN_POINT ( 'NONE',  ( 47.10674061975196736, 170.9145140500899913, 1.637034940206620881 ) ) ;
#857 = CARTESIAN_POINT ( 'NONE',  ( -102.1532499050759384, 116.6069525227590162, 11.43703494025265144 ) ) ;
#858 = CARTESIAN_POINT ( 'NONE',  ( 45.84392449654986024, 157.4296532817331808, 4.187034940206620703 ) ) ;
#859 = ORIENTED_EDGE ( 'NONE', *, *, #5577, .F. ) ;
#860 = CARTESIAN_POINT ( 'NONE',  ( 41.52448324795934553, 171.1689369979451953, 1.637034940206621103 ) ) ;
#861 = ORIENTED_EDGE ( 'NONE', *, *, #2499, .F. ) ;
#862 = CARTESIAN_POINT ( 'NONE',  ( -103.6843207578968844, 167.6260010474934461, 2.560097286703173047 ) ) ;
#863 = CARTESIAN_POINT ( 'NONE',  ( -62.63138229877855423, 178.6149533211740561, 2.560097286703861386 ) ) ;
#864 = CARTESIAN_POINT ( 'NONE',  ( 51.21992094906275383, 170.6626217491804027, 1.637034940206621103 ) ) ;
#865 = CARTESIAN_POINT ( 'NONE',  ( -112.4538266954074288, 156.4431650690514175, 1.637034940206621103 ) ) ;
#866 = CARTESIAN_POINT ( 'NONE',  ( -112.1830198777526277, 124.3961297270786019, 2.560097286703860497 ) ) ;
#867 = CARTESIAN_POINT ( 'NONE',  ( -114.7082760792307710, 148.2904166332544094, 11.43703494025264966 ) ) ;
#868 = CARTESIAN_POINT ( 'NONE',  ( -59.50332989018602348, 178.5666301129000146, 11.76400506682871239 ) ) ;
#869 = CARTESIAN_POINT ( 'NONE',  ( -117.0306238392860791, 141.9773554254738315, 1.637034940206621103 ) ) ;
#870 = CARTESIAN_POINT ( 'NONE',  ( -100.3108466335613542, 115.3385642743330948, 11.63703494020662355 ) ) ;
#871 = CIRCLE ( 'NONE', #1958, 4.700000000000002842 ) ;
#872 = CARTESIAN_POINT ( 'NONE',  ( -4.316781155459249675, 108.0905819810456308, 2.560097286703860497 ) ) ;
#873 =( BOUNDED_SURFACE ( )  B_SPLINE_SURFACE ( 3, 2, ( 
 ( #626, #95, #1720 ),
 ( #1222, #5679, #5113 ),
 ( #3478, #4013, #3974 ),
 ( #5261, #1680, #6815 ) ),
 .UNSPECIFIED., .F., .F., .T. ) 
 B_SPLINE_SURFACE_WITH_KNOTS ( ( 4, 4 ),
 ( 3, 3 ),
 ( 0.02410222656163031954, 0.02767750857271775861 ),
 ( 0.000000000000000000, 0.2060981862434270173 ),
 .UNSPECIFIED. ) 
 GEOMETRIC_REPRESENTATION_ITEM ( )  RATIONAL_B_SPLINE_SURFACE ( (
 ( 1.000000000000000000, 0.9985392796738522536, 0.9976806629673604654),
 ( 1.000000000000000000, 0.9985241565324634028, 0.9976566503886037385),
 ( 1.000000000000000000, 0.9985141089075608711, 0.9976406967333356635),
 ( 1.000000000000000000, 0.9985089882167709208, 0.9976325660819240770) ) ) 
 REPRESENTATION_ITEM ( '' )  SURFACE ( )  );
#874 = CARTESIAN_POINT ( 'NONE',  ( -49.67430401580227084, 177.5123924742968313, 10.18730860290052220 ) ) ;
#875 = CARTESIAN_POINT ( 'NONE',  ( -38.71440636081917575, 176.3637092846040275, 11.63703494020662177 ) ) ;
#876 = CARTESIAN_POINT ( 'NONE',  ( -96.59493640709430906, 112.3521814043436677, 1.637034940206621103 ) ) ;
#877 = CARTESIAN_POINT ( 'NONE',  ( -104.6093082014603795, 115.9301307762362399, 11.66911088360248172 ) ) ;
#878 = CARTESIAN_POINT ( 'NONE',  ( 46.54570830264205483, 170.0130325734876351, 11.63703494020662355 ) ) ;
#879 = ADVANCED_FACE ( 'NONE', ( #6420, #1250 ), #2425, .F. ) ;
#880 = CARTESIAN_POINT ( 'NONE',  ( -115.8731206951982671, 140.9707427485300002, 5.637034940206621769 ) ) ;
#881 = CARTESIAN_POINT ( 'NONE',  ( -112.8527974054573377, 157.4096363108211278, 2.560097286703860942 ) ) ;
#882 = B_SPLINE_CURVE_WITH_KNOTS ( 'NONE', 3,
 ( #137, #4764, #5979, #7044, #5943, #5377, #1875, #4154, #6472, #7082, #214, #4193, #4803, #773, #7117, #1950 ),
 .UNSPECIFIED., .F., .F.,
 ( 4, 2, 2, 2, 2, 2, 2, 4 ),
 ( 0.2454033791222728911, 0.2500000000000000000, 0.3750000000000000000, 0.5000000000000000000, 0.6250000000000000000, 0.7500000000000000000, 0.8750000000000000000, 0.8968348691390524152 ),
 .UNSPECIFIED. ) ;
#883 = FACE_OUTER_BOUND ( 'NONE', #5730, .T. ) ;
#884 = CARTESIAN_POINT ( 'NONE',  ( -89.43922595783817542, 172.1782927467033630, 11.43703494025265144 ) ) ;
#885 = CARTESIAN_POINT ( 'NONE',  ( -78.21404563313966207, 175.3590264798979206, 11.63703494020662355 ) ) ;
#886 = ORIENTED_EDGE ( 'NONE', *, *, #5255, .T. ) ;
#887 = CARTESIAN_POINT ( 'NONE',  ( -109.1463783125516898, 162.4511663266812889, 11.38438058739489023 ) ) ;
#888 = CARTESIAN_POINT ( 'NONE',  ( -116.0088798869387716, 142.6497226526140878, 11.63703494020662177 ) ) ;
#889 = CARTESIAN_POINT ( 'NONE',  ( 53.69692828559954023, 170.4297205578091905, 1.637034940206620437 ) ) ;
#890 = CARTESIAN_POINT ( 'NONE',  ( -57.02050328481254127, 104.4166769815360567, 12.01177018026680088 ) ) ;
#891 = CARTESIAN_POINT ( 'NONE',  ( -57.12584903233634748, 104.4215143082479784, 11.63889908637927739 ) ) ;
#892 = CARTESIAN_POINT ( 'NONE',  ( 33.65864848824030986, 111.1375826515244256, 11.63703494020662177 ) ) ;
#893 = CARTESIAN_POINT ( 'NONE',  ( -67.14206293248868462, 104.3408174389400500, 2.560096196074683750 ) ) ;
#894 = ORIENTED_EDGE ( 'NONE', *, *, #1913, .T. ) ;
#895 = CARTESIAN_POINT ( 'NONE',  ( -100.4583217815335843, 167.2169432570469496, 11.43703494025265144 ) ) ;
#896 = EDGE_CURVE ( 'NONE', #3341, #1706, #3197, .T. ) ;
#897 = CARTESIAN_POINT ( 'NONE',  ( -63.14202480214177626, 178.6138353830395715, 2.560097286703860497 ) ) ;
#898 = B_SPLINE_SURFACE_WITH_KNOTS ( 'NONE', 3, 1, ( 
 ( #5347, #1452 ),
 ( #3628, #6552 ),
 ( #1959, #895 ),
 ( #3069, #4239 ),
 ( #5951, #5385 ),
 ( #6062, #221 ),
 ( #2514, #4275 ),
 ( #4810, #820 ),
 ( #3105, #1412 ),
 ( #256, #744 ),
 ( #3033, #2550 ),
 ( #4845, #4881 ),
 ( #6587, #182 ),
 ( #3702, #5491 ),
 ( #7202, #330 ),
 ( #2628, #4919 ),
 ( #6705, #2179 ),
 ( #5642, #1606 ),
 ( #3903, #1042 ),
 ( #5076, #2775 ),
 ( #6910, #5850 ),
 ( #4066, #2447 ) ),
 .UNSPECIFIED., .F., .F., .F.,
 ( 4, 2, 2, 2, 2, 2, 2, 2, 2, 2, 4 ),
 ( 2, 2 ),
 ( 0.000000000000000000, 0.06249999999999998612, 0.1249999999999999722, 0.2499999999999991673, 0.3124999999999991673, 0.3749999999999991673, 0.4999999999999991673, 0.5624999999999994449, 0.6249999999999996669, 0.7499999999999995559, 1.000000000000000000 ),
 ( 0.000000000000000000, 1.000000000000000000 ),
 .UNSPECIFIED. ) ;
#899 = CARTESIAN_POINT ( 'NONE',  ( -96.09739478174209637, 171.6936733243707920, 11.63703494020682427 ) ) ;
#900 = CARTESIAN_POINT ( 'NONE',  ( -65.14367366890651567, 104.2576693715291327, 2.560097286703852504 ) ) ;
#901 = CARTESIAN_POINT ( 'NONE',  ( -116.7295344235662498, 144.5623501602810279, 1.637034940206621103 ) ) ;
#902 = AXIS2_PLACEMENT_3D ( 'NONE', #706, #7379, #1590 ) ;
#903 = VERTEX_POINT ( 'NONE', #5398 ) ;
#904 = CARTESIAN_POINT ( 'NONE',  ( -108.0135931016467623, 160.6932390125454617, 11.43703494025265499 ) ) ;
#905 = CARTESIAN_POINT ( 'NONE',  ( -58.29546833920795734, 178.4941713999087654, 11.30605088424071525 ) ) ;
#906 = CARTESIAN_POINT ( 'NONE',  ( 36.88211678510589309, 171.6190635414147607, 11.63703494020662177 ) ) ;
#907 = CARTESIAN_POINT ( 'NONE',  ( -91.49504067115137218, 111.2208263137156763, 11.63703494020662355 ) ) ;
#908 = AXIS2_PLACEMENT_3D ( 'NONE', #5525, #3780, #4342 ) ;
#909 = CARTESIAN_POINT ( 'NONE',  ( -96.76125598959234253, 111.5023781715587461, 2.560097286703861386 ) ) ;
#910 = CARTESIAN_POINT ( 'NONE',  ( -57.20746715514805913, 104.4304633200713397, 10.87400960247785520 ) ) ;
#911 = CARTESIAN_POINT ( 'NONE',  ( -110.8209162361900155, 125.6092714208027417, 11.63703494020661999 ) ) ;
#912 = CARTESIAN_POINT ( 'NONE',  ( -101.3110075191472390, 114.7945597039519754, 1.637034940206621325 ) ) ;
#913 = CARTESIAN_POINT ( 'NONE',  ( -107.1894043381305579, 118.3006505817150895, 10.86718739676710221 ) ) ;
#914 = CARTESIAN_POINT ( 'NONE',  ( 46.42841333014849425, 170.0181958961821920, 11.63703494020662177 ) ) ;
#915 = CARTESIAN_POINT ( 'NONE',  ( -49.71434125204680754, 177.5175196514196045, 10.19755101330354918 ) ) ;
#916 = CARTESIAN_POINT ( 'NONE',  ( -107.4384240637089221, 164.2870641129265152, 2.560097286703861386 ) ) ;
#917 = DIRECTION ( 'NONE',  ( -1.000000000000000000, 0.000000000000000000, 0.000000000000000000 ) ) ;
#918 = B_SPLINE_CURVE_WITH_KNOTS ( 'NONE', 3,
 ( #5762, #1762, #766, #6499, #807, #5404, #6935, #1724, #595, #7152, #4660, #242, #3485, #5800, #5154, #1942, #6972, #4832, #2852, #1978, #7471, #6363, #4260, #2924, #27, #5226, #6326, #4225, #1799, #6572, #4055, #2333, #2888, #5191, #1324, #2289, #3615, #3056, #5370, #2501, #4796, #6537, #4582, #6897, #4018, #2721, #3713, #981, #7248, #7290, #4443, #2070, #2564, #5011, #4354, #2110, #4932, #2154, #3880, #3230, #6070, #907, #6674, #3119, #1582, #3797, #373, #3271, #833, #5431, #4320, #6035, #268, #4894, #2034, #6636, #4399, #4855, #1463, #7175, #3753, #6108, #6718, #3193, #2003, #5503, #942, #341, #870, #7214, #4285, #5539, #6599, #1423, #3156, #5467, #304, #2601, #2638, #2677, #1545, #3835, #6188, #5623, #5777 ),
 .UNSPECIFIED., .F., .F.,
 ( 4, 1, 1, 2, 2, 1, 1, 2, 2, 1, 1, 1, 2, 2, 1, 2, 2, 1, 2, 2, 1, 1, 2, 2, 1, 2, 2, 2, 2, 1, 2, 2, 1, 1, 1, 2, 2, 1, 2, 2, 2, 1, 1, 2, 2, 1, 1, 2, 2, 1, 1, 1, 2, 2, 1, 1, 2, 2, 1, 1, 2, 2, 1, 1, 1, 2, 2, 4 ),
 ( 0.000000000000000000, 0.03125000000000093675, 0.04687500000000165146, 0.05468750000000178330, 0.06250000000000191513, 0.09375000000000244249, 0.1093750000000027200, 0.1171875000000026368, 0.1250000000000025535, 0.1875000000000018319, 0.2187500000000014988, 0.2343750000000008882, 0.2421875000000005551, 0.2500000000000001665, 0.2812500000000007216, 0.2968750000000014433, 0.3125000000000022204, 0.3437500000000037748, 0.3593750000000041633, 0.3750000000000045519, 0.4062500000000054956, 0.4218750000000060507, 0.4296875000000063283, 0.4375000000000066058, 0.4687500000000046074, 0.4843750000000031086, 0.5000000000000015543, 0.5624999999999966693, 0.5937499999999941158, 0.6093749999999933387, 0.6171874999999923395, 0.6249999999999913403, 0.6562499999999861222, 0.6718749999999840128, 0.6796874999999831246, 0.6835937499999830136, 0.6874999999999829026, 0.7187499999999784617, 0.7343749999999765743, 0.7499999999999746869, 0.8124999999999679146, 0.8437499999999650280, 0.8593749999999631406, 0.8671874999999625855, 0.8749999999999620304, 0.8906249999999604761, 0.8984374999999604761, 0.9023437499999605871, 0.9062499999999606981, 0.9218749999999620304, 0.9296874999999626965, 0.9335937499999625855, 0.9355468749999624745, 0.9374999999999622524, 0.9453124999999638067, 0.9492187499999651390, 0.9511718749999659162, 0.9531249999999665823, 0.9609374999999685807, 0.9648437499999699130, 0.9667968749999704681, 0.9687499999999711342, 0.9765624999999759082, 0.9804687499999776845, 0.9824218749999789058, 0.9833984374999797939, 0.9843749999999805711, 1.000000000000000000 ),
 .UNSPECIFIED. ) ;
#919 = AXIS2_PLACEMENT_3D ( 'NONE', #4226, #7225, #1475 ) ;
#920 = CARTESIAN_POINT ( 'NONE',  ( -89.89471331359790440, 172.0176995833250828, 11.43703494025265144 ) ) ;
#921 = FACE_OUTER_BOUND ( 'NONE', #6792, .T. ) ;
#922 = EDGE_LOOP ( 'NONE', ( #2663 ) ) ;
#923 = EDGE_CURVE ( 'NONE', #144, #5296, #2493, .T. ) ;
#924 = PLANE ( 'NONE',  #5963 ) ;
#925 = CARTESIAN_POINT ( 'NONE',  ( -105.4896637161742206, 166.1477347338973516, 11.24370500185055555 ) ) ;
#926 = AXIS2_PLACEMENT_3D ( 'NONE', #3502, #1854, #5817 ) ;
#927 = CARTESIAN_POINT ( 'NONE',  ( -110.1632107004925700, 158.2246552194193612, 11.63703494020662532 ) ) ;
#928 = DIRECTION ( 'NONE',  ( -0.000000000000000000, -0.000000000000000000, 1.000000000000000000 ) ) ;
#929 = CARTESIAN_POINT ( 'NONE',  ( -52.01852668288547221, 105.0033003628468009, 11.75071312286531366 ) ) ;
#930 = CARTESIAN_POINT ( 'NONE',  ( -103.1667188230841248, 115.8937420693102354, 1.637034940206621103 ) ) ;
#931 = EDGE_LOOP ( 'NONE', ( #2733 ) ) ;
#932 = FACE_BOUND ( 'NONE', #3917, .T. ) ;
#933 = VERTEX_POINT ( 'NONE', #6492 ) ;
#934 = CARTESIAN_POINT ( 'NONE',  ( -47.80835823673508145, 177.5658780629274816, 4.577647033455379599 ) ) ;
#935 = CARTESIAN_POINT ( 'NONE',  ( -57.19229166408049991, 178.4270997643399141, 10.87400960247786230 ) ) ;
#936 = CARTESIAN_POINT ( 'NONE',  ( -116.0725348417248881, 140.9554457501958780, 11.63703494020662177 ) ) ;
#937 = CARTESIAN_POINT ( 'NONE',  ( -111.1412298798078666, 158.4997449851324802, 1.637034940206621103 ) ) ;
#938 = EDGE_LOOP ( 'NONE', ( #2167, #4023, #1270, #5952 ) ) ;
#939 = CARTESIAN_POINT ( 'NONE',  ( -102.5739535992241684, 166.2092848026175886, 11.63703494020662177 ) ) ;
#940 = CARTESIAN_POINT ( 'NONE',  ( -57.02340114595714482, 178.4307930160141211, 11.63467687348475010 ) ) ;
#941 = CARTESIAN_POINT ( 'NONE',  ( -54.48250133992645061, 104.7487099698335982, 3.247167681248212201 ) ) ;
#942 = CARTESIAN_POINT ( 'NONE',  ( -100.2275513264161191, 115.2927461144457482, 11.63703494020661999 ) ) ;
#943 = ADVANCED_FACE ( 'NONE', ( #7067 ), #6681, .T. ) ;
#944 = CARTESIAN_POINT ( 'NONE',  ( -87.47024022536399457, 107.9254811790959536, 2.560097286703862274 ) ) ;
#945 = CARTESIAN_POINT ( 'NONE',  ( -50.70426228907188460, 105.2150174294642966, 4.506125194002859935 ) ) ;
#946 = DIRECTION ( 'NONE',  ( 0.000000000000000000, 0.000000000000000000, 1.000000000000000000 ) ) ;
#947 = DIRECTION ( 'NONE',  ( 1.000000000000000000, 0.000000000000000000, 0.000000000000000000 ) ) ;
#948 = CARTESIAN_POINT ( 'NONE',  ( -105.4976521770087743, 116.7186363127863302, 10.78858313494322729 ) ) ;
#949 = CARTESIAN_POINT ( 'NONE',  ( 46.94868611621365773, 169.9953150287670098, 11.63703494020662177 ) ) ;
#950 = CARTESIAN_POINT ( 'NONE',  ( 46.97717692031700665, 141.4296532814580303, 2.637034940206603562 ) ) ;
#951 = CARTESIAN_POINT ( 'NONE',  ( -114.8369080750414639, 153.6712902664388025, 2.560097286703860497 ) ) ;
#952 = ORIENTED_EDGE ( 'NONE', *, *, #1512, .T. ) ;
#953 = CARTESIAN_POINT ( 'NONE',  ( -57.29993545071395289, 106.4309274163678793, 5.637034940206621769 ) ) ;
#954 = CARTESIAN_POINT ( 'NONE',  ( 50.04725136722989021, 113.0361807869237509, 11.63703494020662355 ) ) ;
#955 = CARTESIAN_POINT ( 'NONE',  ( -71.44127197538917073, 176.3501788927036671, 11.63703494020661999 ) ) ;
#956 = CARTESIAN_POINT ( 'NONE',  ( -81.68912287072515710, 108.2305917981216652, 11.63703494020661999 ) ) ;
#957 = ORIENTED_EDGE ( 'NONE', *, *, #5183, .T. ) ;
#958 = CARTESIAN_POINT ( 'NONE',  ( -109.1522038944464157, 162.4444678308617540, 10.95772840378334401 ) ) ;
#959 = CARTESIAN_POINT ( 'NONE',  ( 41.52448325076026237, 111.6903695676001718, 1.637034940206622435 ) ) ;
#960 = CARTESIAN_POINT ( 'NONE',  ( -115.8354204781258261, 134.2729881414555564, 1.637034940206620881 ) ) ;
#961 = CARTESIAN_POINT ( 'NONE',  ( 50.57531513413125879, 170.7218051719695779, 1.637034940206620881 ) ) ;
#962 = CARTESIAN_POINT ( 'NONE',  ( -56.86142924242063401, 104.4346205002452024, 12.00312114100131566 ) ) ;
#963 = CARTESIAN_POINT ( 'NONE',  ( 45.71928401827983635, 170.9610028139877329, 1.637034940206621103 ) ) ;
#964 = EDGE_LOOP ( 'NONE', ( #4710 ) ) ;
#965 = CARTESIAN_POINT ( 'NONE',  ( -90.54820806604867300, 108.9236854976365123, 11.63703494020730922 ) ) ;
#966 = ORIENTED_EDGE ( 'NONE', *, *, #2488, .T. ) ;
#967 = CARTESIAN_POINT ( 'NONE',  ( -90.74543468772327515, 171.7139544102471689, 11.43703494025265144 ) ) ;
#968 = CARTESIAN_POINT ( 'NONE',  ( 42.93404419546080675, 110.9431541140347406, 2.633229638298403508 ) ) ;
#969 = CARTESIAN_POINT ( 'NONE',  ( -58.15432874375913030, 178.4860442907089464, 2.560097286703860053 ) ) ;
#970 = CARTESIAN_POINT ( 'NONE',  ( 55.89369461681823026, 170.6936828423492614, 9.724448169894095884 ) ) ;
#971 = CARTESIAN_POINT ( 'NONE',  ( -73.09616364521981779, 177.9939932490422621, 2.560097286697724517 ) ) ;
#972 = CARTESIAN_POINT ( 'NONE',  ( -113.7152464092468875, 131.1107197846451697, 11.63703494020662532 ) ) ;
#973 = FACE_OUTER_BOUND ( 'NONE', #4771, .T. ) ;
#974 = AXIS2_PLACEMENT_3D ( 'NONE', #3958, #6873, #2796 ) ;
#975 = ORIENTED_EDGE ( 'NONE', *, *, #7155, .T. ) ;
#976 = CARTESIAN_POINT ( 'NONE',  ( -113.8841316511444717, 151.3161291493878764, 11.63703494020662355 ) ) ;
#977 = EDGE_LOOP ( 'NONE', ( #1005, #7416, #327, #2825 ) ) ;
#978 = CARTESIAN_POINT ( 'NONE',  ( -116.0725348577583418, 141.9038605920763985, 11.63703494020662177 ) ) ;
#979 = VERTEX_POINT ( 'NONE', #4824 ) ;
#980 = CARTESIAN_POINT ( 'NONE',  ( -55.86135486768726111, 104.5852408135380927, 2.391330412360963553 ) ) ;
#981 = CARTESIAN_POINT ( 'NONE',  ( -85.70689126354844234, 109.2816109670148137, 11.63703494020662532 ) ) ;
#982 = CARTESIAN_POINT ( 'NONE',  ( -97.98389099288853288, 112.0900390037713805, 2.560097286703861386 ) ) ;
#983 = CARTESIAN_POINT ( 'NONE',  ( -54.95515939013199613, 177.4059501117394291, 1.637034940206621325 ) ) ;
#984 = CARTESIAN_POINT ( 'NONE',  ( -113.7121968703447834, 131.1137856122823564, 11.63703494020661999 ) ) ;
#985 = CARTESIAN_POINT ( 'NONE',  ( 42.83041193611051511, 110.9356385836501460, 2.623321975966617536 ) ) ;
#986 = CARTESIAN_POINT ( 'NONE',  ( -111.6476790347891637, 123.5577265327058996, 11.89802772147313625 ) ) ;
#987 = CARTESIAN_POINT ( 'NONE',  ( 53.03185860134641416, 169.5781225637579155, 11.63703494020662177 ) ) ;
#988 = DIRECTION ( 'NONE',  ( -0.000000000000000000, -0.000000000000000000, -1.000000000000000000 ) ) ;
#989 = CARTESIAN_POINT ( 'NONE',  ( -111.8346771326375233, 158.9809199299751299, 2.560097286703861386 ) ) ;
#990 = EDGE_LOOP ( 'NONE', ( #6061, #2704 ) ) ;
#991 = DIRECTION ( 'NONE',  ( 0.8070651892099581781, 7.600237817296960408E-11, -0.5904623445788007574 ) ) ;
#992 = CARTESIAN_POINT ( 'NONE',  ( 51.54610772647124151, 113.1561585081169028, 11.63703494020662355 ) ) ;
#993 = CARTESIAN_POINT ( 'NONE',  ( -102.1536018276615465, 166.2521517098029449, 11.43703494025265144 ) ) ;
#994 = ADVANCED_FACE ( 'NONE', ( #3121 ), #2879, .F. ) ;
#995 = CARTESIAN_POINT ( 'NONE',  ( -90.65874581561654111, 172.9782025781493644, 1.637034940206621103 ) ) ;
#996 = CARTESIAN_POINT ( 'NONE',  ( 69.84392449654995971, 141.4296532796704184, 1.637034940206619327 ) ) ;
#997 = CARTESIAN_POINT ( 'NONE',  ( 51.77524087286977306, 171.4526120293494387, 2.587228064797058469 ) ) ;
#998 = CARTESIAN_POINT ( 'NONE',  ( -116.0725348577583418, 141.9038605920763985, 11.63703494020662177 ) ) ;
#999 = CARTESIAN_POINT ( 'NONE',  ( -103.1455030428057711, 167.9888612684408713, 11.15011235979532778 ) ) ;
#1000 = CARTESIAN_POINT ( 'NONE',  ( 51.61585366035894396, 170.6253673559071160, 1.637034940206620881 ) ) ;
#1001 = DIRECTION ( 'NONE',  ( 0.000000000000000000, 0.000000000000000000, -1.000000000000000000 ) ) ;
#1002 = CARTESIAN_POINT ( 'NONE',  ( -101.1597291162223371, 167.0479382516063538, 11.63703494020662177 ) ) ;
#1003 = EDGE_LOOP ( 'NONE', ( #5574, #4333, #6346, #3791 ) ) ;
#1004 = CARTESIAN_POINT ( 'NONE',  ( -101.4158334729085311, 113.8862523129658939, 2.560096196074692632 ) ) ;
#1005 = ORIENTED_EDGE ( 'NONE', *, *, #4572, .F. ) ;
#1006 = CARTESIAN_POINT ( 'NONE',  ( 53.00248531723549661, 169.3798633872143853, 11.43703494025264966 ) ) ;
#1007 = CARTESIAN_POINT ( 'NONE',  ( 53.24281942768959652, 171.1543247245181760, 10.00978015491411455 ) ) ;
#1008 = CARTESIAN_POINT ( 'NONE',  ( -54.52352513984660476, 178.3754959948813621, 0.2555761945769738919 ) ) ;
#1009 = EDGE_CURVE ( 'NONE', #5732, #427, #4184, .T. ) ;
#1010 = CARTESIAN_POINT ( 'NONE',  ( -49.71725242820278368, 177.5178924572669530, 10.22796067651984409 ) ) ;
#1011 = CARTESIAN_POINT ( 'NONE',  ( -57.17711616946748876, 178.4253562924963603, 10.87400960247786230 ) ) ;
#1012 = CARTESIAN_POINT ( 'NONE',  ( 53.33055132296652090, 169.3528765548276738, 11.43703494025264966 ) ) ;
#1013 = CARTESIAN_POINT ( 'NONE',  ( 52.34917472647646264, 170.7168000163677277, 1.820157655159954535 ) ) ;
#1014 = ORIENTED_EDGE ( 'NONE', *, *, #5772, .F. ) ;
#1015 = CARTESIAN_POINT ( 'NONE',  ( -114.5479782826291739, 149.4855714307773837, 11.63703494020662355 ) ) ;
#1016 = CARTESIAN_POINT ( 'NONE',  ( -57.12584903218211707, 178.4377922501020066, 11.63889914362600742 ) ) ;
#1017 = EDGE_LOOP ( 'NONE', ( #1733, #1106, #7273, #14 ) ) ;
#1018 = EDGE_CURVE ( 'NONE', #6702, #3066, #4222, .T. ) ;
#1019 = CARTESIAN_POINT ( 'NONE',  ( -56.25053135808761340, 104.5404031053735565, 2.164612010424793009 ) ) ;
#1020 = CARTESIAN_POINT ( 'NONE',  ( -58.47101732749302272, 104.3557941357589272, 2.560097286703860942 ) ) ;
#1021 = CARTESIAN_POINT ( 'NONE',  ( -53.52410537230705501, 177.2875052382501337, 1.637034940206620881 ) ) ;
#1022 = CARTESIAN_POINT ( 'NONE',  ( -115.3341775120646986, 130.2821674356207495, 11.35096320275240878 ) ) ;
#1023 = CARTESIAN_POINT ( 'NONE',  ( -109.1271911796192597, 123.5468719403705222, 5.637034940206621769 ) ) ;
#1024 = CARTESIAN_POINT ( 'NONE',  ( 51.00620335638409131, 169.7480219114053455, 11.63703494020662177 ) ) ;
#1025 = CARTESIAN_POINT ( 'NONE',  ( -102.1532499050759384, 116.6069525227590162, 11.43703494025265144 ) ) ;
#1026 = CARTESIAN_POINT ( 'NONE',  ( -115.0947568971535020, 153.0938589190384675, 2.560097286703860497 ) ) ;
#1027 = EDGE_LOOP ( 'NONE', ( #2105, #580, #2263, #4544 ) ) ;
#1028 = CARTESIAN_POINT ( 'NONE',  ( -65.09401762983317496, 106.1895818453775746, 5.637034940206621769 ) ) ;
#1029 = CARTESIAN_POINT ( 'NONE',  ( 50.79622181164218375, 113.0941902314405070, 11.63703494020662177 ) ) ;
#1030 = EDGE_CURVE ( 'NONE', #5345, #36, #5637, .T. ) ;
#1031 = CARTESIAN_POINT ( 'NONE',  ( 11.03493727688251802, 172.0453764671214856, 5.637034940206621769 ) ) ;
#1032 = CARTESIAN_POINT ( 'NONE',  ( -89.82133594623742567, 173.2736116929173420, 1.637034940206621103 ) ) ;
#1033 = ORIENTED_EDGE ( 'NONE', *, *, #6707, .T. ) ;
#1034 = CARTESIAN_POINT ( 'NONE',  ( 53.06704195539712288, 171.3291841183965403, 2.600164020648724872 ) ) ;
#1035 = CARTESIAN_POINT ( 'NONE',  ( -48.24647624847752780, 177.3283210218654062, 10.30325524922621483 ) ) ;
#1036 = DIRECTION ( 'NONE',  ( 0.000000000000000000, 0.000000000000000000, 1.000000000000000000 ) ) ;
#1037 = CARTESIAN_POINT ( 'NONE',  ( -64.67013209462500356, 105.0977520169827244, 1.637034940206620881 ) ) ;
#1038 = CARTESIAN_POINT ( 'NONE',  ( -57.07717117717897537, 104.4454326752668578, 11.42300439833931058 ) ) ;
#1039 = CARTESIAN_POINT ( 'NONE',  ( -102.1430382716960708, 166.4888942681214132, 11.63703494020661999 ) ) ;
#1040 = CARTESIAN_POINT ( 'NONE',  ( 47.49851898288198271, 171.7107232829701786, 9.724448169894154503 ) ) ;
#1041 = ORIENTED_EDGE ( 'NONE', *, *, #7106, .F. ) ;
#1042 = CARTESIAN_POINT ( 'NONE',  ( -70.86129430641659610, 176.2293676935857434, 11.43703494025265144 ) ) ;
#1043 = AXIS2_PLACEMENT_3D ( 'NONE', #2624, #7272, #5112 ) ;
#1044 = CARTESIAN_POINT ( 'NONE',  ( -102.1536018092125886, 166.2521516777257773, 5.637034940206621769 ) ) ;
#1045 = CARTESIAN_POINT ( 'NONE',  ( 55.03902982665952948, 170.7728386722095593, 10.46326421360444137 ) ) ;
#1046 = CARTESIAN_POINT ( 'NONE',  ( -54.06387704373914715, 178.3224273848862254, 0.5246231119483668603 ) ) ;
#1047 = DIRECTION ( 'NONE',  ( -0.9979493749073199416, 0.06400816449555046805, 0.000000000000000000 ) ) ;
#1048 = CARTESIAN_POINT ( 'NONE',  ( -94.27279920098291655, 172.4931266356552442, 2.560097286697724517 ) ) ;
#1049 = CARTESIAN_POINT ( 'NONE',  ( 51.47771803731715323, 169.5082480229596058, 11.43703494025264966 ) ) ;
#1050 = CARTESIAN_POINT ( 'NONE',  ( -54.66390204894876348, 178.1310057046711108, 11.24646481379064156 ) ) ;
#1051 = ORIENTED_EDGE ( 'NONE', *, *, #813, .T. ) ;
#1052 = CARTESIAN_POINT ( 'NONE',  ( -106.1500726105941368, 163.0349420424638822, 11.63703494020662532 ) ) ;
#1053 = CARTESIAN_POINT ( 'NONE',  ( -57.22073099541579211, 178.4276666337517554, 11.23661931417527526 ) ) ;
#1054 = VERTEX_POINT ( 'NONE', #3715 ) ;
#1055 = CARTESIAN_POINT ( 'NONE',  ( -64.65272444183482037, 177.7527595028650182, 1.637034940206620659 ) ) ;
#1056 = EDGE_CURVE ( 'NONE', #1706, #3207, #4645, .T. ) ;
#1057 = CARTESIAN_POINT ( 'NONE',  ( -60.73600684541325023, 104.2682904161247848, 2.560097286703860497 ) ) ;
#1058 = DIRECTION ( 'NONE',  ( -0.000000000000000000, -0.000000000000000000, -1.000000000000000000 ) ) ;
#1059 = DIRECTION ( 'NONE',  ( 1.000000000000000000, 0.000000000000000000, 0.000000000000000000 ) ) ;
#1060 = CARTESIAN_POINT ( 'NONE',  ( -55.67004201015435427, 178.3118036923099510, 2.595635813146867310 ) ) ;
#1061 = CARTESIAN_POINT ( 'NONE',  ( 51.84335012123864317, 169.6780477977009127, 11.63703494020662355 ) ) ;
#1062 = CARTESIAN_POINT ( 'NONE',  ( -51.83481777118543476, 105.6997827631244178, 1.637034940206621103 ) ) ;
#1063 = CARTESIAN_POINT ( 'NONE',  ( -95.27651590533064052, 112.9902063214049690, 5.637034940206621769 ) ) ;
#1064 = VERTEX_POINT ( 'NONE', #5541 ) ;
#1065 = CARTESIAN_POINT ( 'NONE',  ( -49.22915797689536532, 105.4040192922781642, 10.22623999136887285 ) ) ;
#1067 = CARTESIAN_POINT ( 'NONE',  ( 50.65146989917943188, 113.0826361310369350, 11.63703494020662177 ) ) ;
#1066 = B_SPLINE_CURVE_WITH_KNOTS ( 'NONE', 3,
 ( #512, #1039, #1566, #5639, #472, #3860, #6168, #2251, #2812, #1002, #3293, #2771, #1289, #2919, #6890, #2428, #1719, #1154, #4721, #4685, #5220, #20, #3439, #5831, #549, #3477, #1755, #94, #5792, #5260, #7037, #2325, #2847, #4612, #5147, #625, #660, #7003, #54, #1833, #2953, #2285, #1868, #4080, #4116, #4651, #4148, #7464, #2392, #6390, #6929, #1221, #3515, #4011, #6465, #4049, #6430, #1255, #3548, #692, #5865, #2984, #5294, #130, #3616, #847, #6049, #317, #4332, #1325, #5939, #1979, #4867, #808, #885, #3093, #2536, #5405, #767, #4797, #2616, #3168, #4907, #6652, #1366, #5902, #243, #3057, #1908, #3133, #2047, #1943, #5371, #171, #2502, #7076 ),
 .UNSPECIFIED., .F., .F.,
 ( 4, 1, 1, 2, 2, 1, 1, 2, 2, 1, 1, 2, 2, 1, 1, 2, 2, 1, 1, 2, 2, 1, 2, 2, 1, 1, 2, 2, 1, 2, 2, 1, 2, 2, 1, 1, 2, 2, 1, 2, 2, 1, 2, 2, 2, 2, 1, 2, 2, 2, 1, 1, 1, 2, 2, 1, 1, 1, 2, 2, 4 ),
 ( 0.000000000000000000, 0.007812499999996029218, 0.01171874999999486869, 0.01367187499999428929, 0.01562499999999370989, 0.02343749999999363010, 0.02734374999999397704, 0.02929687499999410194, 0.03124999999999422684, 0.03906249999999406031, 0.04296874999999440725, 0.04492187499999458072, 0.04687499999999474726, 0.05468749999999560074, 0.05859374999999605871, 0.06054687499999585748, 0.06249999999999565625, 0.07812499999999324152, 0.08593749999999203415, 0.08984374999999182598, 0.09374999999999160394, 0.1093749999999923672, 0.1171874999999927419, 0.1249999999999931166, 0.1874999999999928668, 0.2187499999999931721, 0.2343749999999929778, 0.2499999999999927836, 0.2656249999999925615, 0.2734374999999925615, 0.2812499999999926170, 0.2968749999999926170, 0.3046874999999921729, 0.3124999999999917843, 0.3437499999999918399, 0.3593749999999918399, 0.3671874999999922284, 0.3749999999999926170, 0.4062499999999945599, 0.4218749999999953371, 0.4374999999999961142, 0.4687499999999981126, 0.4843749999999997224, 0.5000000000000013323, 0.5156250000000028866, 0.5312500000000045519, 0.5468750000000061062, 0.5546875000000065503, 0.5625000000000068834, 0.6250000000000114353, 0.6875000000000159872, 0.7187500000000186517, 0.7343750000000199840, 0.7421875000000202061, 0.7500000000000204281, 0.8125000000000158762, 0.8437500000000136557, 0.8593750000000125455, 0.8671875000000119904, 0.8750000000000114353, 1.000000000000000000 ),
 .UNSPECIFIED. ) ;
#1068 = CARTESIAN_POINT ( 'NONE',  ( -80.37065065781835926, 174.9247052668286244, 11.63703494020662710 ) ) ;
#1069 = ORIENTED_EDGE ( 'NONE', *, *, #3179, .T. ) ;
#1070 = FACE_OUTER_BOUND ( 'NONE', #4470, .T. ) ;
#1071 = CARTESIAN_POINT ( 'NONE',  ( 52.09019603423176648, 171.4224901042674389, 2.590426596339911125 ) ) ;
#1072 = CARTESIAN_POINT ( 'NONE',  ( -103.1501000946062305, 167.9862195296924483, 2.560097286697728958 ) ) ;
#1073 = DIRECTION ( 'NONE',  ( 0.2950441955736460842, 0.9554836066926004623, -1.922813170764124595E-16 ) ) ;
#1074 = CARTESIAN_POINT ( 'NONE',  ( -58.87248104311315444, 105.1757317297213206, 1.637034940206621103 ) ) ;
#1075 = B_SPLINE_CURVE_WITH_KNOTS ( 'NONE', 3,
 ( #1932, #6416, #2453, #5322 ),
 .UNSPECIFIED., .F., .F.,
 ( 4, 4 ),
 ( 6.938893903907228378E-18, 0.006557402472264985301 ),
 .UNSPECIFIED. ) ;
#1076 = CARTESIAN_POINT ( 'NONE',  ( 12.40337326689157926, 111.1485832798328346, 30.66821326213525012 ) ) ;
#1077 = CARTESIAN_POINT ( 'NONE',  ( -57.28995700384554368, 176.4277140708381921, 11.43703494025265144 ) ) ;
#1078 = CARTESIAN_POINT ( 'NONE',  ( -97.87666338145703548, 114.2668167437751805, 11.43703494025264966 ) ) ;
#1079 = ORIENTED_EDGE ( 'NONE', *, *, #2389, .F. ) ;
#1080 = CARTESIAN_POINT ( 'NONE',  ( -78.54910980351347405, 175.0975274394058658, 11.43703494025265144 ) ) ;
#1081 = CARTESIAN_POINT ( 'NONE',  ( -56.13898718375750008, 177.5126948857957814, 1.637034940206620881 ) ) ;
#1082 = EDGE_CURVE ( 'NONE', #3830, #5878, #5580, .T. ) ;
#1083 = CARTESIAN_POINT ( 'NONE',  ( -56.16285496870698069, 178.3088305456594185, 2.215364239638479393 ) ) ;
#1084 = CARTESIAN_POINT ( 'NONE',  ( -117.5016554439079783, 137.8349959160575793, 11.63703494020649565 ) ) ;
#1085 = CARTESIAN_POINT ( 'NONE',  ( -49.22624700803656594, 177.4549128928012180, 9.937738447946770748 ) ) ;
#1086 = CARTESIAN_POINT ( 'NONE',  ( -34.15607550369274037, 165.4296532782069562, 1.637034940206621103 ) ) ;
#1087 = CARTESIAN_POINT ( 'NONE',  ( -112.4820032974605226, 128.4186857902592465, 11.63703494020662177 ) ) ;
#1088 = CARTESIAN_POINT ( 'NONE',  ( 53.22985452526549466, 171.1609565701808151, 2.425777952948943383 ) ) ;
#1089 = ORIENTED_EDGE ( 'NONE', *, *, #4505, .T. ) ;
#1090 = CARTESIAN_POINT ( 'NONE',  ( -112.4670491272387949, 154.4352106714541151, 11.63703494020662710 ) ) ;
#1091 = ORIENTED_EDGE ( 'NONE', *, *, #7293, .F. ) ;
#1092 = CARTESIAN_POINT ( 'NONE',  ( -101.5480191206884513, 113.9655267571496609, 11.34248268678838123 ) ) ;
#1093 = ORIENTED_EDGE ( 'NONE', *, *, #1773, .T. ) ;
#1094 = CARTESIAN_POINT ( 'NONE',  ( -86.55473663311340715, 174.3312046253269898, 1.637034940206620659 ) ) ;
#1095 = CARTESIAN_POINT ( 'NONE',  ( -49.72033780511713985, 105.2875933395964694, 11.65310093802798797 ) ) ;
#1096 = AXIS2_PLACEMENT_3D ( 'NONE', #6911, #5621, #5015 ) ;
#1097 =( LENGTH_UNIT ( ) NAMED_UNIT ( * ) SI_UNIT ( .MILLI., .METRE. ) );
#1098 = CARTESIAN_POINT ( 'NONE',  ( 48.08395353273394335, 170.8793720848029238, 1.637034940206621103 ) ) ;
#1099 = LINE ( 'NONE', #1, #6884 ) ;
#1100 = CARTESIAN_POINT ( 'NONE',  ( -104.3292704939864137, 118.2792371565710141, 5.637034940206621769 ) ) ;
#1101 = CARTESIAN_POINT ( 'NONE',  ( 23.84392449805661940, 165.4296532796704469, 1.637034940206619327 ) ) ;
#1102 = CARTESIAN_POINT ( 'NONE',  ( 53.00248534341162809, 113.4794431813445499, 11.43703494020664380 ) ) ;
#1103 = CARTESIAN_POINT ( 'NONE',  ( -109.8906997187315824, 141.4296532756430906, 5.637034940206621769 ) ) ;
#1104 = AXIS2_PLACEMENT_3D ( 'NONE', #4464, #6239, #1073 ) ;
#1105 =( BOUNDED_SURFACE ( )  B_SPLINE_SURFACE ( 3, 2, ( 
 ( #5342, #1766, #67 ),
 ( #6366, #1295, #1264 ),
 ( #5875, #178, #669 ),
 ( #3590, #2963, #2991 ) ),
 .UNSPECIFIED., .F., .F., .F. ) 
 B_SPLINE_SURFACE_WITH_KNOTS ( ( 4, 4 ),
 ( 3, 3 ),
 ( 0.02490029889218478218, 0.02680034585733361355 ),
 ( 0.000000000000000000, 0.2070164748922860565 ),
 .UNSPECIFIED. ) 
 GEOMETRIC_REPRESENTATION_ITEM ( )  RATIONAL_B_SPLINE_SURFACE ( (
 ( 1.000000000000000000, 0.9984945899940020908, 0.9976124693334227356),
 ( 1.000000000000000000, 0.9984977054956345466, 0.9976174104163566536),
 ( 1.000000000000000000, 0.9985024967059459300, 0.9976250091180411950),
 ( 1.000000000000000000, 0.9985024243760907137, 0.9976248944052741319) ) ) 
 REPRESENTATION_ITEM ( '' )  SURFACE ( )  );
#1106 = ORIENTED_EDGE ( 'NONE', *, *, #6054, .F. ) ;
#1107 = CARTESIAN_POINT ( 'NONE',  ( -56.05337788901762508, 105.3534685088218055, 1.637034940206621103 ) ) ;
#1108 = CARTESIAN_POINT ( 'NONE',  ( 52.13427712607526843, 113.2059175477321702, 11.63703494020662710 ) ) ;
#1109 = EDGE_CURVE ( 'NONE', #155, #155, #4831, .T. ) ;
#1110 = VECTOR ( 'NONE', #4924, 1000.000000000000000 ) ;
#1111 = DIRECTION ( 'NONE',  ( 0.9979493749073199416, -0.06400816449555031540, 0.000000000000000000 ) ) ;
#1112 = AXIS2_PLACEMENT_3D ( 'NONE', #442, #6859, #6286 ) ;
#1113 = EDGE_LOOP ( 'NONE', ( #6014 ) ) ;
#1114 = CARTESIAN_POINT ( 'NONE',  ( 55.36135289556690964, 112.0086861459477490, 7.983198168259186822 ) ) ;
#1115 = CARTESIAN_POINT ( 'NONE',  ( -102.3392315026349166, 168.4785649439000110, 11.71349482383117113 ) ) ;
#1116 =( BOUNDED_SURFACE ( )  B_SPLINE_SURFACE ( 3, 2, ( 
 ( #2738, #508, #6276 ),
 ( #1115, #7461, #2132 ),
 ( #5558, #395, #6165 ),
 ( #2699, #999, #3290 ) ),
 .UNSPECIFIED., .F., .F., .F. ) 
 B_SPLINE_SURFACE_WITH_KNOTS ( ( 4, 4 ),
 ( 3, 3 ),
 ( 0.02490029889218478218, 0.02680034585733368988 ),
 ( 0.7929835251076717828, 1.000000000000000000 ),
 .UNSPECIFIED. ) 
 GEOMETRIC_REPRESENTATION_ITEM ( )  RATIONAL_B_SPLINE_SURFACE ( (
 ( 0.9976124693334226246, 0.9984945899940019798, 1.000000000000000000),
 ( 0.9976174104163555434, 0.9984977054956337694, 1.000000000000000000),
 ( 0.9976250091180411950, 0.9985024967059458190, 1.000000000000000000),
 ( 0.9976248944052739098, 0.9985024243760904916, 1.000000000000000000) ) ) 
 REPRESENTATION_ITEM ( '' )  SURFACE ( )  );
#1117 = CARTESIAN_POINT ( 'NONE',  ( -84.39335438631997022, 107.9147709366799148, 1.637034940206621103 ) ) ;
#1118 = CARTESIAN_POINT ( 'NONE',  ( -100.6041650291675325, 169.4237930611851084, 11.90319785116863649 ) ) ;
#1119 = CARTESIAN_POINT ( 'NONE',  ( 45.74865030158166235, 171.7986272415800784, 2.600236179906717737 ) ) ;
#1120 = CARTESIAN_POINT ( 'NONE',  ( 53.73166857370064520, 111.8644156808145738, 11.28005877277459668 ) ) ;
#1121 = ORIENTED_EDGE ( 'NONE', *, *, #2089, .T. ) ;
#1122 = CARTESIAN_POINT ( 'NONE',  ( -49.59419822057803628, 177.5021341088547047, 9.939484173511971221 ) ) ;
#1123 = CARTESIAN_POINT ( 'NONE',  ( -50.73743151965343401, 177.0865876980802227, 1.637034940206620881 ) ) ;
#1124 = CARTESIAN_POINT ( 'NONE',  ( -54.54550640566566244, 178.1230177102404468, 6.205615765287578967 ) ) ;
#1125 = CARTESIAN_POINT ( 'NONE',  ( 47.49851898288198271, 171.7107232829701786, 4.992019688766382579 ) ) ;
#1126 = CARTESIAN_POINT ( 'NONE',  ( -49.74453373773571485, 105.3379204488558969, 10.20528204903967229 ) ) ;
#1127 = EDGE_CURVE ( 'NONE', #7039, #3219, #5908, .T. ) ;
#1128 = CARTESIAN_POINT ( 'NONE',  ( 52.99404778392314341, 169.5812318321731311, 11.63703494020661999 ) ) ;
#1129 = ORIENTED_EDGE ( 'NONE', *, *, #6221, .F. ) ;
#1130 = CARTESIAN_POINT ( 'NONE',  ( 46.97717692031700665, 141.4296532814580303, 11.63703494020662177 ) ) ;
#1131 = EDGE_LOOP ( 'NONE', ( #3468 ) ) ;
#1132 = DIRECTION ( 'NONE',  ( -1.000000000000000000, 0.000000000000000000, 0.000000000000000000 ) ) ;
#1133 = CARTESIAN_POINT ( 'NONE',  ( -53.60956109496562760, 178.0035096006068898, 10.51026198874300377 ) ) ;
#1134 = CARTESIAN_POINT ( 'NONE',  ( 47.07931607475677538, 170.9153969919216536, 1.637034940206621103 ) ) ;
#1135 = CARTESIAN_POINT ( 'NONE',  ( 11.15737492675512321, 173.9542981979415401, 2.633229638298392405 ) ) ;
#1136 = CARTESIAN_POINT ( 'NONE',  ( -115.2808450338248463, 132.5289354432358095, 1.637034940206620437 ) ) ;
#1137 = VERTEX_POINT ( 'NONE', #1626 ) ;
#1138 = CARTESIAN_POINT ( 'NONE',  ( -63.03803765361708145, 177.7743024434134611, 1.637034940206620881 ) ) ;
#1139 = CARTESIAN_POINT ( 'NONE',  ( -115.5142321796340497, 152.1052137577327130, 11.63703494020662355 ) ) ;
#1140 = ADVANCED_BREP_SHAPE_REPRESENTATION ( 'ASV1_500_39C', ( #5299, #4998 ), #785 ) ;
#1141 = CARTESIAN_POINT ( 'NONE',  ( 53.46236541582226920, 111.5665191271587418, 2.603951291750366437 ) ) ;
#1142 = ORIENTED_EDGE ( 'NONE', *, *, #2506, .F. ) ;
#1143 = CARTESIAN_POINT ( 'NONE',  ( -58.51496598903364799, 105.1937455027645569, 1.637034940206621103 ) ) ;
#1144 = CARTESIAN_POINT ( 'NONE',  ( 47.49353756150420480, 112.8882909251684197, 11.63703494020661999 ) ) ;
#1145 = CARTESIAN_POINT ( 'NONE',  ( 45.74865030158166235, 171.7986272415800784, 2.600236179906717737 ) ) ;
#1146 = CIRCLE ( 'NONE', #4630, 5.999996634296040021 ) ;
#1147 = ORIENTED_EDGE ( 'NONE', *, *, #1902, .F. ) ;
#1148 = B_SPLINE_CURVE_WITH_KNOTS ( 'NONE', 3,
 ( #493, #2157, #6302, #5131 ),
 .UNSPECIFIED., .F., .F.,
 ( 4, 4 ),
 ( 0.000000000000000000, 1.000000000000000000 ),
 .UNSPECIFIED. ) ;
#1149 = CARTESIAN_POINT ( 'NONE',  ( 55.14464156718674559, 111.9469293075474212, 7.073863563255992304 ) ) ;
#1150 = CARTESIAN_POINT ( 'NONE',  ( 44.94555193335573051, 169.8862532736476112, 11.43703494025265144 ) ) ;
#1151 = CARTESIAN_POINT ( 'NONE',  ( -56.79326458660424493, 105.3022963065095325, 1.637034940206621103 ) ) ;
#1152 = ADVANCED_FACE ( 'NONE', ( #2156 ), #2459, .F. ) ;
#1153 = DIRECTION ( 'NONE',  ( -0.5904623445788027558, 0.000000000000000000, -0.8070651892099566238 ) ) ;
#1154 = CARTESIAN_POINT ( 'NONE',  ( -100.3894434421843300, 167.4774092385220001, 11.63703494020662177 ) ) ;
#1155 = CARTESIAN_POINT ( 'NONE',  ( 53.73808608018167376, 111.8808952790729307, 11.45945017229292162 ) ) ;
#1156 = ORIENTED_EDGE ( 'NONE', *, *, #3211, .T. ) ;
#1157 = B_SPLINE_CURVE_WITH_KNOTS ( 'NONE', 3,
 ( #1399, #4220, #4185, #6536, #4258, #3582, #4905, #7184, #5330, #6571, #844, #6609, #1363, #764, #6463, #5368, #3649, #805 ),
 .UNSPECIFIED., .F., .F.,
 ( 4, 2, 2, 2, 2, 2, 2, 2, 4 ),
 ( 0.000000000000000000, 0.2499999999999943379, 0.3124999999999925615, 0.3749999999999907296, 0.4999999999999897859, 0.6249999999999888978, 0.6874999999999901190, 0.7499999999999912292, 1.000000000000000000 ),
 .UNSPECIFIED. ) ;
#1158 = CARTESIAN_POINT ( 'NONE',  ( 45.90907909059647096, 172.0031294706380152, -0.5354687243924963758 ) ) ;
#1159 = CARTESIAN_POINT ( 'NONE',  ( -54.59262628992015465, 178.3834440377977444, 0.2154714937164708410 ) ) ;
#1160 = CARTESIAN_POINT ( 'NONE',  ( -56.95861876918445432, 178.4095506274668423, 2.560097366091305560 ) ) ;
#1161 = CARTESIAN_POINT ( 'NONE',  ( -117.7427462603159967, 139.1945215530200244, 11.63703494020661466 ) ) ;
#1162 = CARTESIAN_POINT ( 'NONE',  ( 23.84392449805661229, 117.4296532796704469, 1.637034940206619327 ) ) ;
#1163 = CARTESIAN_POINT ( 'NONE',  ( 46.72401899166399630, 170.0052539488761738, 11.63703494020661999 ) ) ;
#1164 = CARTESIAN_POINT ( 'NONE',  ( -61.00680615537820017, 104.2574408505899584, 11.47637543379794600 ) ) ;
#1165 = VERTEX_POINT ( 'NONE', #3196 ) ;
#1166 = CYLINDRICAL_SURFACE ( 'NONE', #666, 30.00000000000000000 ) ;
#1167 = ORIENTED_EDGE ( 'NONE', *, *, #3186, .T. ) ;
#1168 = ORIENTED_EDGE ( 'NONE', *, *, #6638, .F. ) ;
#1169 = CARTESIAN_POINT ( 'NONE',  ( -49.59422954331319744, 177.5021381200514554, 10.16682378209447357 ) ) ;
#1170 = APPLICATION_PROTOCOL_DEFINITION ( 'draft international standard', 'automotive_design', 1998, #6086 ) ;
#1171 = CARTESIAN_POINT ( 'NONE',  ( 50.43066662457018623, 170.7338050483907068, 1.637034940206621103 ) ) ;
#1172 = CARTESIAN_POINT ( 'NONE',  ( 52.03628989667038951, 313.8422321448011303, 5.637034940206621769 ) ) ;
#1173 = CARTESIAN_POINT ( 'NONE',  ( -49.59422953991614236, 105.3571684369131418, 9.937738447944894915 ) ) ;
#1174 = CARTESIAN_POINT ( 'NONE',  ( -106.1854437690632551, 118.5147407163984923, 1.637034940206620659 ) ) ;
#1175 = VERTEX_POINT ( 'NONE', #1817 ) ;
#1176 = CARTESIAN_POINT ( 'NONE',  ( -102.5465327261396880, 114.5278784889773362, 10.68731695412859217 ) ) ;
#1177 = CARTESIAN_POINT ( 'NONE',  ( 49.70898377777662347, 112.0679248209720811, 1.637034940206621325 ) ) ;
#1178 = CARTESIAN_POINT ( 'NONE',  ( -89.90232406696227940, 110.8177728521295364, 5.637034940206621769 ) ) ;
#1179 = EDGE_CURVE ( 'NONE', #4175, #4175, #6893, .T. ) ;
#1180 = ADVANCED_FACE ( 'NONE', ( #5506 ), #344, .T. ) ;
#1181 = ORIENTED_EDGE ( 'NONE', *, *, #1913, .F. ) ;
#1182 = CARTESIAN_POINT ( 'NONE',  ( -22.27206248447546244, 107.6898590830730029, 1.637034940206620659 ) ) ;
#1183 = CARTESIAN_POINT ( 'NONE',  ( 46.73891710826492840, 112.8547653887329005, 11.63703494020662177 ) ) ;
#1184 = CARTESIAN_POINT ( 'NONE',  ( -81.20756362476129198, 174.7392651475920502, 11.63703494020662177 ) ) ;
#1185 = CARTESIAN_POINT ( 'NONE',  ( -116.9360583850955209, 143.2100191335512989, 1.637034940206620215 ) ) ;
#1186 = CARTESIAN_POINT ( 'NONE',  ( 54.38024055830587855, 111.7453609796872769, 4.384400688587776429 ) ) ;
#1187 = CARTESIAN_POINT ( 'NONE',  ( -98.81775026017631092, 112.5093158427226570, 11.63703494020731988 ) ) ;
#1188 = CARTESIAN_POINT ( 'NONE',  ( 45.15747450907231553, 170.0761438532150862, 11.63703494020661999 ) ) ;
#1189 = CARTESIAN_POINT ( 'NONE',  ( -92.55868887512718857, 111.8536036333635622, 11.43703494025265144 ) ) ;
#1190 = VERTEX_POINT ( 'NONE', #6761 ) ;
#1191 = CARTESIAN_POINT ( 'NONE',  ( -53.94127578218112262, 104.8152442290771944, 6.697859715785099866 ) ) ;
#1192 = CARTESIAN_POINT ( 'NONE',  ( 47.49851898288198271, 171.7107232829701786, 4.992019688766382579 ) ) ;
#1193 = CARTESIAN_POINT ( 'NONE',  ( -49.59426908463856165, 105.3571633728094383, 10.16682703321503567 ) ) ;
#1194 = CARTESIAN_POINT ( 'NONE',  ( 45.71928402106072298, 111.8983037519526675, 1.637034940206621103 ) ) ;
#1195 = LINE ( 'NONE', #1800, #5078 ) ;
#1196 = CARTESIAN_POINT ( 'NONE',  ( 47.43151643981563836, 169.9739868751862275, 11.63703494020662355 ) ) ;
#1197 = ADVANCED_FACE ( 'NONE', ( #5620, #5014, #6110, #2112, #3347, #3838, #453, #6146, #3274, #1623, #2755, #5056, #2197, #4488, #6797, #2865 ), #607, .T. ) ;
#1198 = CARTESIAN_POINT ( 'NONE',  ( -64.97586933010474297, 104.2531647964628263, 11.71172192589489391 ) ) ;
#1199 = ORIENTED_EDGE ( 'NONE', *, *, #5224, .T. ) ;
#1200 = FACE_BOUND ( 'NONE', #1131, .T. ) ;
#1201 = EDGE_LOOP ( 'NONE', ( #2203 ) ) ;
#1202 = CARTESIAN_POINT ( 'NONE',  ( -98.86343518436854083, 112.5246234349522751, 12.16741824373364622 ) ) ;
#1203 = ORIENTED_EDGE ( 'NONE', *, *, #5179, .F. ) ;
#1204 = FACE_OUTER_BOUND ( 'NONE', #56, .T. ) ;
#1205 = CARTESIAN_POINT ( 'NONE',  ( 48.77917775832133884, 170.8483609298201884, 1.637034940206621325 ) ) ;
#1206 = CARTESIAN_POINT ( 'NONE',  ( -117.8672655164915142, 140.8177725078402318, 2.560097286703864494 ) ) ;
#1207 = DIRECTION ( 'NONE',  ( 1.000000000000000000, 0.000000000000000000, 0.000000000000000000 ) ) ;
#1208 = CARTESIAN_POINT ( 'NONE',  ( -112.9011666392268722, 127.2087621544840914, 1.637034940206620437 ) ) ;
#1209 = CARTESIAN_POINT ( 'NONE',  ( -36.30607550369273895, 165.4296532782069562, 4.187034940206620703 ) ) ;
#1210 = CARTESIAN_POINT ( 'NONE',  ( -61.19833896969817033, 106.1613051968862322, 11.43703494025265144 ) ) ;
#1211 = ORIENTED_EDGE ( 'NONE', *, *, #4310, .T. ) ;
#1212 = CARTESIAN_POINT ( 'NONE',  ( -57.25585868274524870, 105.2703052278439912, 1.637034940206619771 ) ) ;
#1213 = CARTESIAN_POINT ( 'NONE',  ( 45.59887986987462938, 112.8038944855440917, 11.63703494020662177 ) ) ;
#1214 = CARTESIAN_POINT ( 'NONE',  ( -112.6832439962505532, 129.3078018770495135, 11.43703494025264966 ) ) ;
#1215 = ORIENTED_EDGE ( 'NONE', *, *, #2026, .F. ) ;
#1216 = CIRCLE ( 'NONE', #2194, 50.00000000000000711 ) ;
#1217 = CARTESIAN_POINT ( 'NONE',  ( -56.22039212604560277, 178.3584932382658508, 2.692699577224424434 ) ) ;
#1218 = EDGE_CURVE ( 'NONE', #4516, #5876, #4335, .T. ) ;
#1219 = CARTESIAN_POINT ( 'NONE',  ( 45.84392449654986024, 157.4296532817331808, 1.637034940206621103 ) ) ;
#1220 = CARTESIAN_POINT ( 'NONE',  ( -101.3697790326589683, 169.0072686206686399, 11.75582722527192381 ) ) ;
#1221 = CARTESIAN_POINT ( 'NONE',  ( -89.16064337323170719, 172.4847576194492831, 11.63703494020662355 ) ) ;
#1222 = CARTESIAN_POINT ( 'NONE',  ( -103.5163103182825779, 167.7579320253312289, 10.68301460431771943 ) ) ;
#1223 = CARTESIAN_POINT ( 'NONE',  ( -49.83991793129385428, 177.5345167693173209, 10.39193038214460429 ) ) ;
#1224 = VECTOR ( 'NONE', #3447, 1000.000000000000000 ) ;
#1225 = CARTESIAN_POINT ( 'NONE',  ( 47.48532817739331335, 111.1180358618228468, 2.582846975107578213 ) ) ;
#1226 = CONICAL_SURFACE ( 'NONE', #1830, 4.699999999999999289, 0.7853981633974472798 ) ;
#1227 = CARTESIAN_POINT ( 'NONE',  ( -56.84028429521718095, 104.4726479733277955, 10.80690071318776013 ) ) ;
#1228 = CARTESIAN_POINT ( 'NONE',  ( -49.83991792781454677, 105.3247897876341028, 10.39193038215975307 ) ) ;
#1229 = CARTESIAN_POINT ( 'NONE',  ( 48.30547741863037459, 169.7318876046739433, 11.43703494025264966 ) ) ;
#1230 = CARTESIAN_POINT ( 'NONE',  ( -57.34852608797181261, 104.4065192883714843, 11.65075886159479701 ) ) ;
#1231 = VERTEX_POINT ( 'NONE', #3459 ) ;
#1232 = CARTESIAN_POINT ( 'NONE',  ( -103.6843207578968844, 167.6260010474934461, 2.560097286703860942 ) ) ;
#1233 = EDGE_LOOP ( 'NONE', ( #6335, #6727, #2404, #7440, #4297 ) ) ;
#1234 = CARTESIAN_POINT ( 'NONE',  ( -50.71959656712562747, 105.4946547012147278, 1.969099839570550348 ) ) ;
#1235 = EDGE_LOOP ( 'NONE', ( #5089 ) ) ;
#1236 = CARTESIAN_POINT ( 'NONE',  ( -96.83616108307663239, 171.3285318355416393, 2.560097286703860497 ) ) ;
#1237 = EDGE_CURVE ( 'NONE', #2407, #6476, #2229, .T. ) ;
#1238 = CARTESIAN_POINT ( 'NONE',  ( -113.7676524241242788, 131.7358030737557328, 11.43703494025265144 ) ) ;
#1239 = CARTESIAN_POINT ( 'NONE',  ( 45.71928401827983635, 170.9610028139877329, 1.637034940206621103 ) ) ;
#1240 = CARTESIAN_POINT ( 'NONE',  ( -105.4403065544577203, 116.6693700519933543, 10.78589807924530675 ) ) ;
#1241 = CARTESIAN_POINT ( 'NONE',  ( -105.0603050799436744, 117.4683216427196726, 1.637034940206621103 ) ) ;
#1242 = CARTESIAN_POINT ( 'NONE',  ( -117.1700748012685409, 135.8086940279337398, 11.56058006515345582 ) ) ;
#1243 = ADVANCED_FACE ( 'NONE', ( #189 ), #4376, .T. ) ;
#1244 = CARTESIAN_POINT ( 'NONE',  ( -32.00607550160079029, 117.4296532779342783, 5.637034940206621769 ) ) ;
#1245 = ADVANCED_FACE ( 'NONE', ( #4278 ), #6555, .F. ) ;
#1246 = DIRECTION ( 'NONE',  ( -1.000000000000000000, 0.000000000000000000, 0.000000000000000000 ) ) ;
#1247 = CARTESIAN_POINT ( 'NONE',  ( 50.32518535302400409, 112.1163715205681228, 1.637034940206621325 ) ) ;
#1248 = ORIENTED_EDGE ( 'NONE', *, *, #519, .F. ) ;
#1249 = CARTESIAN_POINT ( 'NONE',  ( -60.75621031492559609, 105.1071600534764769, 1.637034940206620881 ) ) ;
#1250 = FACE_OUTER_BOUND ( 'NONE', #5235, .T. ) ;
#1251 = CARTESIAN_POINT ( 'NONE',  ( -113.0589836630864795, 130.1072437792447545, 11.43703494025265144 ) ) ;
#1252 = ORIENTED_EDGE ( 'NONE', *, *, #6124, .F. ) ;
#1253 = CARTESIAN_POINT ( 'NONE',  ( -57.14265379878149531, 178.4222788975991136, 4.150813749112421291 ) ) ;
#1254 = CARTESIAN_POINT ( 'NONE',  ( -103.1501000946062305, 167.9862195296924483, 10.65232513210038690 ) ) ;
#1255 = CARTESIAN_POINT ( 'NONE',  ( -86.39138145841991445, 173.3754235231441214, 11.63703494020662177 ) ) ;
#1256 = CARTESIAN_POINT ( 'NONE',  ( -92.29274304353964453, 111.5320896852824006, 11.63703494020661999 ) ) ;
#1257 = ORIENTED_EDGE ( 'NONE', *, *, #3161, .T. ) ;
#1258 = B_SPLINE_CURVE_WITH_KNOTS ( 'NONE', 3,
 ( #628, #2254, #2921, #2850, #1682, #5718 ),
 .UNSPECIFIED., .F., .F.,
 ( 4, 2, 4 ),
 ( 1.734723475976806902E-18, 0.0009744199562218653840, 0.001948839912443729033 ),
 .UNSPECIFIED. ) ;
#1259 = CARTESIAN_POINT ( 'NONE',  ( -115.8731206951982671, 140.9707427485300002, 11.43703494025265144 ) ) ;
#1260 = CARTESIAN_POINT ( 'NONE',  ( 51.35106668347940229, 111.3660719905287522, 2.582876957029000664 ) ) ;
#1261 = CARTESIAN_POINT ( 'NONE',  ( -103.1501000921053759, 114.8730870222287876, 2.560097286703860942 ) ) ;
#1262 = CARTESIAN_POINT ( 'NONE',  ( 44.94555193335573051, 169.8862532736476112, 5.637034940206621769 ) ) ;
#1263 = CARTESIAN_POINT ( 'NONE',  ( 49.90608773053929070, 169.8336449642012553, 11.63703494020662355 ) ) ;
#1264 = CARTESIAN_POINT ( 'NONE',  ( -102.3392314999375685, 114.3807416079592087, 11.71349482341365267 ) ) ;
#1265 = ORIENTED_EDGE ( 'NONE', *, *, #1963, .F. ) ;
#1266 = DIRECTION ( 'NONE',  ( -1.000000000000000000, -9.417096732041348204E-11, 0.000000000000000000 ) ) ;
#1267 = ORIENTED_EDGE ( 'NONE', *, *, #557, .F. ) ;
#1268 = DIRECTION ( 'NONE',  ( 0.9979493589479473403, 0.06400841331716573823, 0.000000000000000000 ) ) ;
#1269 = CARTESIAN_POINT ( 'NONE',  ( -114.6065671355159878, 154.1813472636393101, 11.63703494020662355 ) ) ;
#1270 = ORIENTED_EDGE ( 'NONE', *, *, #2488, .F. ) ;
#1271 = CARTESIAN_POINT ( 'NONE',  ( -77.59712987152694552, 177.3009011949608578, 2.560097286703860497 ) ) ;
#1272 = CARTESIAN_POINT ( 'NONE',  ( -109.4823820262717362, 124.0206930477182539, 11.43703494025265144 ) ) ;
#1273 = CARTESIAN_POINT ( 'NONE',  ( -56.77371842702598315, 105.2878772015928774, 1.637034940206620881 ) ) ;
#1274 = CARTESIAN_POINT ( 'NONE',  ( 48.47055740293993154, 111.1555750813602685, 2.573406029720049837 ) ) ;
#1275 = CARTESIAN_POINT ( 'NONE',  ( -113.0478917439072575, 127.4769781144117502, 1.637034940206621103 ) ) ;
#1276 = CARTESIAN_POINT ( 'NONE',  ( -68.91009507871845585, 178.3830233289592684, 11.63703494020506746 ) ) ;
#1277 = CARTESIAN_POINT ( 'NONE',  ( -101.5020804925233477, 167.9577607896983125, 1.637034940206620881 ) ) ;
#1278 = VERTEX_POINT ( 'NONE', #6488 ) ;
#1279 = CIRCLE ( 'NONE', #3442, 30.50062219315428891 ) ;
#1280 = CARTESIAN_POINT ( 'NONE',  ( 46.91603806816187472, 111.9384985177937182, 1.637034940206621103 ) ) ;
#1281 = CARTESIAN_POINT ( 'NONE',  ( -56.44291684591149760, 104.4854230154790997, 2.560097286703861386 ) ) ;
#1282 = CARTESIAN_POINT ( 'NONE',  ( 47.41647527209175195, 112.8847887474662883, 11.63703494020662355 ) ) ;
#1283 = CARTESIAN_POINT ( 'NONE',  ( -114.6997100204035149, 133.8509019572318550, 11.63703494020661822 ) ) ;
#1284 = CARTESIAN_POINT ( 'NONE',  ( -61.65146252482512068, 105.0917368615112935, 1.637034940206620659 ) ) ;
#1285 = CARTESIAN_POINT ( 'NONE',  ( 47.90657120260530633, 171.7421651973665746, 1.792047070685662602 ) ) ;
#1286 = ADVANCED_FACE ( 'NONE', ( #4814 ), #2709, .T. ) ;
#1287 = CARTESIAN_POINT ( 'NONE',  ( -59.15548899583434661, 178.5614910365927130, 2.560097286703860942 ) ) ;
#1288 = DIRECTION ( 'NONE',  ( -1.000000000000000000, -9.417139044247648469E-11, 0.000000000000000000 ) ) ;
#1289 = CARTESIAN_POINT ( 'NONE',  ( -101.0049483444204697, 167.1348769409208046, 11.63703494020662177 ) ) ;
#1290 = CARTESIAN_POINT ( 'NONE',  ( -89.36182339323437418, 110.6539856085129401, 11.43703494025264966 ) ) ;
#1291 = CARTESIAN_POINT ( 'NONE',  ( 49.06602132573407005, 111.1856166613334693, 2.569827432266779343 ) ) ;
#1292 = CARTESIAN_POINT ( 'NONE',  ( -103.1528581924117702, 168.0126162897819881, 11.63703494020662177 ) ) ;
#1293 = DIRECTION ( 'NONE',  ( 1.000000000000000000, 0.000000000000000000, 0.000000000000000000 ) ) ;
#1294 = CARTESIAN_POINT ( 'NONE',  ( -115.6903884073260116, 144.2706914577978523, 11.43703494025265144 ) ) ;
#1295 = CARTESIAN_POINT ( 'NONE',  ( -102.2518437049939735, 114.3596837701220892, 11.22108422436091324 ) ) ;
#1296 = VERTEX_POINT ( 'NONE', #3909 ) ;
#1297 = CARTESIAN_POINT ( 'NONE',  ( -114.9330992600605441, 153.5252744706480428, 2.560097286703864938 ) ) ;
#1298 = ORIENTED_EDGE ( 'NONE', *, *, #5713, .F. ) ;
#1299 = DIRECTION ( 'NONE',  ( 1.000000000000000000, 0.000000000000000000, 0.000000000000000000 ) ) ;
#1300 = EDGE_LOOP ( 'NONE', ( #5382, #811, #3540, #7305 ) ) ;
#1301 = CARTESIAN_POINT ( 'NONE',  ( -76.84079762544138248, 177.4316289638416606, 2.560097286703861386 ) ) ;
#1302 = CARTESIAN_POINT ( 'NONE',  ( -54.90981114064837243, 104.6152227963179939, 2.601316432601046280 ) ) ;
#1303 = B_SPLINE_SURFACE_WITH_KNOTS ( 'NONE', 1, 3, ( 
 ( #6448, #6950, #7022, #2903, #5207, #4561, #1241, #4068, #1174, #3534, #5132, #1853, #3462, #5888, #1777, #6341, #2, #4596, #3996, #5243, #2832, #4705, #6376, #40, #6912, #609, #5738, #6413, #1208, #1275, #5776, #1739, #2867, #573, #645, #7449, #2347, #4034, #2382, #4633, #4674, #4133, #1136, #2271, #2304, #6874, #3501, #2940, #6987, #5816, #4099 ),
 ( #5170, #6303, #1814, #2973, #5852, #1701, #678, #2412, #3572, #117, #3422, #4172, #3152, #3602, #4816, #1998, #1387, #6594, #300, #263, #5318, #152, #7097, #5925, #3113, #866, #2597, #6630, #1307, #753, #1966, #7171, #3076, #5463, #2449, #7136, #5995, #4281, #1928, #4888, #5426, #6485, #1458, #1418, #7208, #2030, #5354, #227, #4246, #3709, #3674 ) ),
 .UNSPECIFIED., .F., .F., .F.,
 ( 2, 2 ),
 ( 4, 3, 2, 2, 2, 2, 2, 2, 2, 2, 2, 2, 2, 2, 2, 2, 2, 2, 2, 2, 2, 2, 2, 2, 4 ),
 ( 0.000000000000000000, 1.000000000000000000 ),
 ( -0.0002923512992033064925, 0.000000000000000000, 0.001827195620020665660, 0.003654391240041331319, 0.004567989050051663932, 0.005481586860061997413, 0.006395184670072330026, 0.006851983575077496766, 0.007308782480082662639, 0.008222380290092996119, 0.009135978100103327865, 0.01096317372012399483, 0.01279036934014466005, 0.01461756496016532528, 0.01553116277017565876, 0.01644476058018599224, 0.01735835839019632398, 0.01781515729520148986, 0.01827195620020665573, 0.01918555401021698747, 0.02009915182022732269, 0.02192634744024798965, 0.02375354306026865314, 0.02558073868028932010, 0.02923512992033065055 ),
 .UNSPECIFIED. ) ;
#1304 = CARTESIAN_POINT ( 'NONE',  ( 56.59732830188444552, 112.3745890415479352, 11.13536597606552903 ) ) ;
#1305 = CARTESIAN_POINT ( 'NONE',  ( -110.8302692424362590, 125.6095297390698562, 11.63703494020661999 ) ) ;
#1306 = CARTESIAN_POINT ( 'NONE',  ( -102.4509130740901099, 116.8076960602125354, 11.43703494025319856 ) ) ;
#1307 = CARTESIAN_POINT ( 'NONE',  ( -113.6355597157755852, 126.8027937416184869, 2.560097286703860497 ) ) ;
#1308 = CARTESIAN_POINT ( 'NONE',  ( -113.8333814351463928, 150.8948142621988495, 11.43703494025265321 ) ) ;
#1309 = CARTESIAN_POINT ( 'NONE',  ( -101.4266493631627242, 168.0000494817363972, 1.637034940206621103 ) ) ;
#1310 = VERTEX_POINT ( 'NONE', #2904 ) ;
#1311 = CARTESIAN_POINT ( 'NONE',  ( -58.61741333612655325, 177.6709563124762781, 1.637034940206620881 ) ) ;
#1312 = CARTESIAN_POINT ( 'NONE',  ( -103.6843207578968986, 167.6260010474934177, 10.70723417721017690 ) ) ;
#1313 = CARTESIAN_POINT ( 'NONE',  ( -88.50140052751844166, 109.1384317338645076, 1.637034940206620659 ) ) ;
#1314 = CARTESIAN_POINT ( 'NONE',  ( 42.96507839353468938, 171.9151230621099558, 2.622256583235329064 ) ) ;
#1315 = CARTESIAN_POINT ( 'NONE',  ( -110.4908641824058435, 125.4705913530357577, 11.43703494025265321 ) ) ;
#1316 = DIRECTION ( 'NONE',  ( 1.127052365009616077E-16, -1.574532445896519190E-16, 1.000000000000000000 ) ) ;
#1317 = CARTESIAN_POINT ( 'NONE',  ( -86.14332164650315349, 174.4512640845549925, 1.637034940206621103 ) ) ;
#1318 = ORIENTED_EDGE ( 'NONE', *, *, #3417, .T. ) ;
#1319 = CARTESIAN_POINT ( 'NONE',  ( -114.0738304839192097, 153.3222702341510910, 1.637034940206620881 ) ) ;
#1320 = CARTESIAN_POINT ( 'NONE',  ( -61.15058238305875449, 178.6228325957249865, 2.560097286703860942 ) ) ;
#1321 = EDGE_CURVE ( 'NONE', #780, #6904, #6100, .T. ) ;
#1322 = ADVANCED_FACE ( 'NONE', ( #6064 ), #6747, .T. ) ;
#1323 = CIRCLE ( 'NONE', #2299, 143.9305048129002103 ) ;
#1324 = CARTESIAN_POINT ( 'NONE',  ( -77.38304160152945599, 107.3486866681106022, 11.63703494020661822 ) ) ;
#1325 = CARTESIAN_POINT ( 'NONE',  ( -80.13294427653697483, 174.9755859080409550, 11.63703494020662177 ) ) ;
#1326 = CARTESIAN_POINT ( 'NONE',  ( -79.85658780602115314, 108.0301133936307849, 11.43703494025264966 ) ) ;
#1327 = ORIENTED_EDGE ( 'NONE', *, *, #90, .T. ) ;
#1328 = EDGE_CURVE ( 'NONE', #1231, #2997, #6898, .T. ) ;
#1329 = CARTESIAN_POINT ( 'NONE',  ( 46.41419896402635459, 111.9219193669058257, 1.637034940206620881 ) ) ;
#1330 = DIRECTION ( 'NONE',  ( 1.000000000000000000, 9.417096732041349497E-11, 0.000000000000000000 ) ) ;
#1331 = B_SPLINE_CURVE_WITH_KNOTS ( 'NONE', 3,
 ( #4656, #2328, #57, #5868, #1122, #5116, #6892 ),
 .UNSPECIFIED., .F., .F.,
 ( 4, 3, 4 ),
 ( 2.381000083128903640E-14, 0.0004665396571836274227, 0.0004665996225377931758 ),
 .UNSPECIFIED. ) ;
#1332 = DIRECTION ( 'NONE',  ( 0.000000000000000000, 0.000000000000000000, 1.000000000000000000 ) ) ;
#1333 = ADVANCED_FACE ( 'NONE', ( #2258, #3521 ), #5202, .F. ) ;
#1334 = CARTESIAN_POINT ( 'NONE',  ( -102.4506128782070107, 166.0518458075077604, 11.43703494025265144 ) ) ;
#1335 = CARTESIAN_POINT ( 'NONE',  ( -104.3286488053874450, 164.5805564368637022, 11.43703494025265144 ) ) ;
#1336 = CARTESIAN_POINT ( 'NONE',  ( -57.04256810240426745, 104.4272046799248130, 11.63544225051651360 ) ) ;
#1337 = AXIS2_PLACEMENT_3D ( 'NONE', #691, #4574, #1288 ) ;
#1338 = VERTEX_POINT ( 'NONE', #1688 ) ;
#1339 = CARTESIAN_POINT ( 'NONE',  ( -117.7427462605261326, 143.6647849975292104, 2.560097286703864938 ) ) ;
#1340 = ORIENTED_EDGE ( 'NONE', *, *, #4145, .T. ) ;
#1341 = CIRCLE ( 'NONE', #2913, 143.9305048123484028 ) ;
#1342 = CARTESIAN_POINT ( 'NONE',  ( 45.84392449654986024, 157.4296532817331808, 5.637034940206621769 ) ) ;
#1343 = EDGE_LOOP ( 'NONE', ( #5488, #6153, #5232, #4343 ) ) ;
#1344 = AXIS2_PLACEMENT_3D ( 'NONE', #1342, #2590, #1299 ) ;
#1345 = CARTESIAN_POINT ( 'NONE',  ( 33.65864848824030986, 111.1375826515244256, 11.63703494020662177 ) ) ;
#1346 = EDGE_CURVE ( 'NONE', #3219, #4700, #6004, .T. ) ;
#1347 = CARTESIAN_POINT ( 'NONE',  ( 53.72153716025637493, 111.8960233268555271, 11.64928082680350840 ) ) ;
#1348 = CARTESIAN_POINT ( 'NONE',  ( -99.80309964274970014, 113.0177686268087882, 11.44501797179852431 ) ) ;
#1349 = CYLINDRICAL_SURFACE ( 'NONE', #2482, 28.59228193470924495 ) ;
#1350 = CARTESIAN_POINT ( 'NONE',  ( -70.20554106167415398, 176.2697651488066697, 11.43703494025264966 ) ) ;
#1351 = CARTESIAN_POINT ( 'NONE',  ( -112.0132115585475816, 154.8631124787835915, 11.43703494025264789 ) ) ;
#1352 = CARTESIAN_POINT ( 'NONE',  ( -114.9960590254722916, 129.4974109033698539, 11.32134642670123270 ) ) ;
#1353 = CARTESIAN_POINT ( 'NONE',  ( -64.97586933270713416, 178.6061417589970688, 11.71172194847437531 ) ) ;
#1354 = CARTESIAN_POINT ( 'NONE',  ( 46.20501168130881808, 111.9150212179363422, 1.637034940206621325 ) ) ;
#1355 = CARTESIAN_POINT ( 'NONE',  ( 50.67274296251308385, 112.1466552847200546, 1.637034940206620881 ) ) ;
#1356 = CARTESIAN_POINT ( 'NONE',  ( -99.99614340613459262, 114.0719123822817807, 1.637034940206620659 ) ) ;
#1357 = EDGE_CURVE ( 'NONE', #7025, #7025, #2315, .T. ) ;
#1358 = CARTESIAN_POINT ( 'NONE',  ( -98.81775026290050334, 170.3499907096062316, 11.63703494020682960 ) ) ;
#1359 = CARTESIAN_POINT ( 'NONE',  ( -115.1341685922458709, 135.3623567279841495, 11.63703494020661999 ) ) ;
#1360 = FACE_OUTER_BOUND ( 'NONE', #4999, .T. ) ;
#1361 = CARTESIAN_POINT ( 'NONE',  ( 47.47630823448423598, 169.9717988220446045, 11.63703494020662355 ) ) ;
#1362 = CARTESIAN_POINT ( 'NONE',  ( -108.0055152221076895, 162.4664823537530083, 1.637034940206621325 ) ) ;
#1363 = CARTESIAN_POINT ( 'NONE',  ( -109.1180642036091513, 159.3244475843625025, 5.637034940206621769 ) ) ;
#1364 = DIRECTION ( 'NONE',  ( 0.000000000000000000, -0.08733346918838207074, -0.9961791330677037815 ) ) ;
#1365 = CARTESIAN_POINT ( 'NONE',  ( -101.8996422039730732, 168.7140161055532133, 11.63703494020662177 ) ) ;
#1366 = CARTESIAN_POINT ( 'NONE',  ( -69.24715331696927478, 176.5519991591343683, 11.63703494020662887 ) ) ;
#1367 = CARTESIAN_POINT ( 'NONE',  ( -91.83721322936133902, 111.3531191288487321, 11.63703494020662532 ) ) ;
#1368 = EDGE_LOOP ( 'NONE', ( #5201, #2474, #6298 ) ) ;
#1369 = CARTESIAN_POINT ( 'NONE',  ( 52.44793944329290980, 113.4331806777295242, 11.43703494020664557 ) ) ;
#1370 = CARTESIAN_POINT ( 'NONE',  ( -104.6093082039020743, 166.9291757757002586, 11.66911088476458147 ) ) ;
#1371 = B_SPLINE_SURFACE_WITH_KNOTS ( 'NONE', 1, 3, ( 
 ( #2598, #6068, #4889, #5958, #5355, #5499, #6524, #3635, #791, #6595, #2450, #3077, #4744, #5392, #7209, #904, #194, #2031, #3675, #5926, #4315, #6032, #228, #1351, #4852, #6631, #4780, #5996, #3750, #2522, #1967, #7098, #3041, #7172, #7060, #7137, #4208, #1308, #4247, #3603, #1892, #6560, #5464, #2487, #1388, #830, #1419, #3114, #867, #5427, #264, #2559, #1999, #4282, #3153, #2189 ),
 ( #939, #337, #5613, #6105, #1052, #5088, #6178, #5050, #6140, #3378, #5573, #6216, #1654, #6754, #447, #3342, #6715, #7327, #6825, #7244, #5652, #2067, #3226, #1615, #1090, #2716, #4351, #2224, #6671, #5536, #4517, #4481, #5006, #4969, #976, #6254, #2673, #2635, #1496, #4928, #7363, #2786, #3266, #7286, #4437, #1015, #2106, #7405, #370, #485, #1579, #6791, #3950, #3875, #3792, #4395 ) ),
 .UNSPECIFIED., .F., .F., .F.,
 ( 2, 2 ),
 ( 4, 2, 2, 2, 2, 2, 2, 2, 2, 2, 2, 2, 2, 2, 2, 2, 2, 2, 2, 2, 2, 2, 2, 2, 2, 2, 2, 4 ),
 ( 0.000000000000000000, 1.000000000000000000 ),
 ( 0.000000000000000000, 0.003584237986917325740, 0.005376356980375988394, 0.006272416477105319937, 0.006720446225469986143, 0.007168475973834651481, 0.007392490848016984584, 0.007616505722199316819, 0.008064535470563983025, 0.008960594967293313701, 0.01075271396075197679, 0.01433695194766930296, 0.01612907094112796605, 0.01702513043785729846, 0.01792118993458662740, 0.01836921968295129187, 0.01881724943131595981, 0.01904126430549829552, 0.01926527917968062775, 0.01948929405386295999, 0.01971330892804529222, 0.02016133867640995669, 0.02060936842477462116, 0.02150542792150395358, 0.02240148741823328599, 0.02329754691496261493, 0.02508966590842127975, 0.02867390389533860592 ),
 .UNSPECIFIED. ) ;
#1372 = CARTESIAN_POINT ( 'NONE',  ( 46.97717692031700665, 141.4296532814580303, 1.637034940206621103 ) ) ;
#1373 = CARTESIAN_POINT ( 'NONE',  ( -102.4506128257294506, 166.0518457554065890, 11.43703494025265144 ) ) ;
#1374 = FACE_OUTER_BOUND ( 'NONE', #210, .T. ) ;
#1375 = ORIENTED_EDGE ( 'NONE', *, *, #5313, .F. ) ;
#1376 = CARTESIAN_POINT ( 'NONE',  ( -66.95138609583813150, 104.3315712931590582, 11.51851899501676790 ) ) ;
#1377 = ORIENTED_EDGE ( 'NONE', *, *, #1056, .T. ) ;
#1378 = CARTESIAN_POINT ( 'NONE',  ( -110.1479393285129618, 161.2558661399702942, 2.560097286703173047 ) ) ;
#1379 = DIRECTION ( 'NONE',  ( -0.000000000000000000, 0.000000000000000000, 1.000000000000000000 ) ) ;
#1380 = AXIS2_PLACEMENT_3D ( 'NONE', #4163, #1379, #5988 ) ;
#1381 = CARTESIAN_POINT ( 'NONE',  ( -57.50591482322896297, 177.6057933648143319, 1.637034940206620659 ) ) ;
#1382 = EDGE_CURVE ( 'NONE', #1616, #933, #2911, .T. ) ;
#1383 = CARTESIAN_POINT ( 'NONE',  ( -55.99463913104339952, 104.5177411139490715, 2.593191998271998866 ) ) ;
#1384 = CARTESIAN_POINT ( 'NONE',  ( -57.01607797591471183, 104.4232135928717895, 2.585566957500066376 ) ) ;
#1385 = CARTESIAN_POINT ( 'NONE',  ( -109.8064612193855112, 124.1314870397759478, 11.63703494020662355 ) ) ;
#1386 = CARTESIAN_POINT ( 'NONE',  ( -116.9838595951093225, 142.5869288381521187, 1.637034940206621103 ) ) ;
#1387 = CARTESIAN_POINT ( 'NONE',  ( -108.9427167017257716, 120.1818971904122293, 2.560097286703860497 ) ) ;
#1388 = CARTESIAN_POINT ( 'NONE',  ( -114.2148626063196417, 149.8450909559919921, 11.43703494025264966 ) ) ;
#1389 = CARTESIAN_POINT ( 'NONE',  ( 46.52811336970884781, 111.9256782486577038, 1.637034940206621325 ) ) ;
#1390 = EDGE_CURVE ( 'NONE', #446, #6622, #6774, .T. ) ;
#1391 = CARTESIAN_POINT ( 'NONE',  ( -101.1749367159718673, 114.7137463766677143, 1.637034940206621103 ) ) ;
#1392 =( BOUNDED_SURFACE ( )  B_SPLINE_SURFACE ( 3, 2, ( 
 ( #6901, #5228, #2927 ),
 ( #2372, #4123, #5912 ),
 ( #4022, #1198, #6329 ),
 ( #4695, #3560, #4663 ),
 ( #1843, #1164, #3489 ),
 ( #5803, #4158, #6437 ),
 ( #105, #740, #3449 ),
 ( #140, #5194, #5766 ),
 ( #2401, #2436, #4730 ),
 ( #598, #30, #6975 ),
 ( #1802, #4089, #6399 ),
 ( #1230, #5381, #217 ),
 ( #3737, #7159, #4915 ),
 ( #1408, #1989, #4806 ),
 ( #1484, #7198, #777 ),
 ( #891, #7231, #2055 ),
 ( #4271, #6022, #6058 ),
 ( #3177, #5454, #5487 ),
 ( #7085, #289, #3778 ),
 ( #1916, #4340, #3698 ),
 ( #1336, #1448, #4197 ),
 ( #7120, #4235, #6661 ) ),
 .UNSPECIFIED., .F., .F., .T. ) 
 B_SPLINE_SURFACE_WITH_KNOTS ( ( 4, 2, 2, 2, 2, 2, 2, 2, 2, 2, 4 ),
 ( 3, 3 ),
 ( 0.04378904175924488301, 0.05120311482880832155, 0.05491015136359004428, 0.05676366963098090912, 0.05769042876467633807, 0.05815380833152405254, 0.05838549811494790631, 0.05850134300665983667, 0.05853030422958781925, 0.05855926545251580184, 0.05861718789837176702 ),
 ( 0.8264537058367567024, 1.000000000000000000 ),
 .UNSPECIFIED. ) 
 GEOMETRIC_REPRESENTATION_ITEM ( )  RATIONAL_B_SPLINE_SURFACE ( (
 ( 0.9990349544165091356, 0.9994161526673088769, 1.000000000000000000),
 ( 0.9989129841647664820, 0.9993423613279506235, 1.000000000000000000),
 ( 0.9987684042182842781, 0.9992548912461656219, 1.000000000000000000),
 ( 0.9985131328519716298, 0.9991004534570251394, 1.000000000000000000),
 ( 0.9984217232689642785, 0.9990451511561450060, 1.000000000000000000),
 ( 0.9982741814020565929, 0.9989558891286015596, 1.000000000000000000),
 ( 0.9982232325116213723, 0.9989250653268111346, 1.000000000000000000),
 ( 0.9981443200977391239, 0.9988773237453257847, 1.000000000000000000),
 ( 0.9981176026379339206, 0.9988611598273613446, 1.000000000000000000),
 ( 0.9980769193186027621, 0.9988365466402923110, 1.000000000000000000),
 ( 0.9980632570179682750, 0.9988282810226672970, 1.000000000000000000),
 ( 0.9980426133286464108, 0.9988157917028324118, 1.000000000000000000),
 ( 0.9980357070588017354, 0.9988116134471141105, 1.000000000000000000),
 ( 0.9980253102845959567, 0.9988053234552293214, 1.000000000000000000),
 ( 0.9980218384649417462, 0.9988032230232088970, 1.000000000000000000),
 ( 0.9980174909247394588, 0.9988005927850167609, 1.000000000000000000),
 ( 0.9980162207462056623, 0.9987998243339075710, 1.000000000000000000),
 ( 0.9980142216944951628, 0.9987986149184882034, 1.000000000000000000),
 ( 0.9980132223126552127, 0.9987980102979069352, 1.000000000000000000),
 ( 0.9980102245994340038, 0.9987961966977016992, 1.000000000000000000),
 ( 0.9980082267003556051, 0.9987949879796184094, 1.000000000000000000),
 ( 0.9980062293783364957, 0.9987937796106529653, 1.000000000000000000) ) ) 
 REPRESENTATION_ITEM ( '' )  SURFACE ( )  );
#1393 = CARTESIAN_POINT ( 'NONE',  ( -49.59422954331319744, 177.5021381200514554, 10.16682378209447357 ) ) ;
#1394 = CARTESIAN_POINT ( 'NONE',  ( -113.2411138745030854, 130.0245893911515225, 11.63703494020662177 ) ) ;
#1395 = CARTESIAN_POINT ( 'NONE',  ( -95.10478648840823723, 111.6690366945553166, 1.637034940206621103 ) ) ;
#1396 = FACE_OUTER_BOUND ( 'NONE', #3034, .T. ) ;
#1397 = CARTESIAN_POINT ( 'NONE',  ( 45.43844146732722322, 170.0628594565687592, 11.63703494020662355 ) ) ;
#1398 = CIRCLE ( 'NONE', #5618, 2.149999999999992362 ) ;
#1399 = CARTESIAN_POINT ( 'NONE',  ( -115.8731207112463437, 141.8885635935511118, 5.637034940206621769 ) ) ;
#1400 = CARTESIAN_POINT ( 'NONE',  ( -84.35270980028728616, 173.7518495782489367, 11.43703494025264966 ) ) ;
#1401 = CARTESIAN_POINT ( 'NONE',  ( -45.99999999999999289, 141.4296532796704469, 1.637034940206619327 ) ) ;
#1402 = CARTESIAN_POINT ( 'NONE',  ( -67.97089243882504661, 106.4105115963590293, 11.43703494025265321 ) ) ;
#1403 = VERTEX_POINT ( 'NONE', #4619 ) ;
#1404 = CARTESIAN_POINT ( 'NONE',  ( -114.9927344852613516, 153.3693541342082938, 11.68542174584209192 ) ) ;
#1405 = CARTESIAN_POINT ( 'NONE',  ( -102.5739536465642772, 166.2092848630231856, 11.63703494020662177 ) ) ;
#1406 = FACE_OUTER_BOUND ( 'NONE', #6753, .T. ) ;
#1407 = DIRECTION ( 'NONE',  ( 0.000000000000000000, -0.000000000000000000, -1.000000000000000000 ) ) ;
#1408 = CARTESIAN_POINT ( 'NONE',  ( -57.19494611433793807, 104.4167950916865664, 11.64258111213307600 ) ) ;
#1409 = ORIENTED_EDGE ( 'NONE', *, *, #1758, .F. ) ;
#1410 = CARTESIAN_POINT ( 'NONE',  ( -112.9876073881650171, 157.2302365908244326, 2.560097286703864938 ) ) ;
#1411 = ORIENTED_EDGE ( 'NONE', *, *, #4145, .F. ) ;
#1412 = CARTESIAN_POINT ( 'NONE',  ( -89.82688906946677321, 172.0470310116761254, 11.43703494025265144 ) ) ;
#1413 = CARTESIAN_POINT ( 'NONE',  ( 55.37561047354979138, 170.8490317476616838, 7.972767128895557498 ) ) ;
#1414 = CARTESIAN_POINT ( 'NONE',  ( -103.1501000921053759, 114.8730870222287876, 10.65228218016531159 ) ) ;
#1415 = CARTESIAN_POINT ( 'NONE',  ( 51.49063661052466045, 170.6371810507888256, 1.637034940206621103 ) ) ;
#1416 = CARTESIAN_POINT ( 'NONE',  ( -99.66243231826192073, 112.9391109195625802, 2.560097286703860942 ) ) ;
#1417 = CARTESIAN_POINT ( 'NONE',  ( -113.0478646159127720, 155.3802210578679421, 1.637034940206621103 ) ) ;
#1418 = CARTESIAN_POINT ( 'NONE',  ( -116.2738353959177431, 132.8462294409161757, 2.560097286703860942 ) ) ;
#1419 = CARTESIAN_POINT ( 'NONE',  ( -114.4494899004185982, 149.1408043285244389, 11.43703494025264966 ) ) ;
#1420 = CARTESIAN_POINT ( 'NONE',  ( -59.52635533223625686, 178.5530328576348609, 11.38434335395290731 ) ) ;
#1421 = EDGE_CURVE ( 'NONE', #427, #1791, #7368, .T. ) ;
#1422 = CARTESIAN_POINT ( 'NONE',  ( -52.75145204242257080, 104.9586090280234458, 4.374940598631128275 ) ) ;
#1423 = CARTESIAN_POINT ( 'NONE',  ( -100.9227392968478512, 115.6783701893159702, 11.63703494020662355 ) ) ;
#1424 = CARTESIAN_POINT ( 'NONE',  ( -76.77493905080784486, 106.2677670981409221, 1.637034940206620881 ) ) ;
#1425 = B_SPLINE_CURVE_WITH_KNOTS ( 'NONE', 3,
 ( #5044, #1227, #2365, #3483, #3519, #5871, #134, #175, #7042, #4762, #1872, #2468, #6360, #1193, #4151, #5375 ),
 .UNSPECIFIED., .F., .F.,
 ( 4, 3, 3, 3, 3, 4 ),
 ( 9.093373620990363906E-08, 0.0009756409850768379749, 0.003592150261374270435, 0.006219372092161582107, 0.007653172175291472062, 0.007653232175291443951 ),
 .UNSPECIFIED. ) ;
#1426 = DIRECTION ( 'NONE',  ( -0.000000000000000000, -0.000000000000000000, -1.000000000000000000 ) ) ;
#1427 = CARTESIAN_POINT ( 'NONE',  ( -103.1501000946062305, 167.9862195296924483, 10.65232513210038690 ) ) ;
#1428 = PRODUCT_DEFINITION ( 'UNKNOWN', '', #1750, #4327 ) ;
#1429 = CARTESIAN_POINT ( 'NONE',  ( -101.3543011427871363, 114.8187650426092716, 1.637034940206621103 ) ) ;
#1430 = CARTESIAN_POINT ( 'NONE',  ( -109.5318860760681048, 120.8301631996836392, 11.82271373177390927 ) ) ;
#1431 = CARTESIAN_POINT ( 'NONE',  ( 46.97285273497168845, 169.9942502725362203, 11.63703494020662177 ) ) ;
#1432 = B_SPLINE_SURFACE_WITH_KNOTS ( 'NONE', 3, 1, ( 
 ( #7374, #1738 ),
 ( #3421, #533 ),
 ( #2724, #2270 ),
 ( #1173, #3461 ),
 ( #4560, #3348 ),
 ( #5659, #7334 ),
 ( #6762, #1586 ) ),
 .UNSPECIFIED., .F., .F., .F.,
 ( 4, 3, 4 ),
 ( 2, 2 ),
 ( -0.0003086746643882856992, 4.667247610889990739E-07, 0.0001038143641032063718 ),
 ( 0.000000000000000000, 1.000000000000000000 ),
 .UNSPECIFIED. ) ;
#1433 = CARTESIAN_POINT ( 'NONE',  ( -75.11223491378046901, 176.8529658145484973, 1.637034940206620881 ) ) ;
#1434 = CARTESIAN_POINT ( 'NONE',  ( -103.6826777194388143, 115.2045343368733370, 11.63703494020662177 ) ) ;
#1435 = CARTESIAN_POINT ( 'NONE',  ( -113.6355597171530718, 156.0565128093151941, 2.560097286703860497 ) ) ;
#1436 = CARTESIAN_POINT ( 'NONE',  ( -56.05089005430721727, 104.5125364564386530, 2.592772047037723571 ) ) ;
#1437 = DIRECTION ( 'NONE',  ( -0.000000000000000000, -0.000000000000000000, -1.000000000000000000 ) ) ;
#1438 = EDGE_CURVE ( 'NONE', #7034, #253, #1216, .T. ) ;
#1439 = CARTESIAN_POINT ( 'NONE',  ( 41.57798809535506734, 172.0031294706380152, 2.633229638298387520 ) ) ;
#1440 = CARTESIAN_POINT ( 'NONE',  ( -93.01264800540464250, 172.0743958311963979, 1.637034940206621325 ) ) ;
#1441 = CARTESIAN_POINT ( 'NONE',  ( -78.58012437632774549, 107.5683899083146144, 11.63703494020662532 ) ) ;
#1442 = ORIENTED_EDGE ( 'NONE', *, *, #1357, .T. ) ;
#1443 = CARTESIAN_POINT ( 'NONE',  ( 46.71529950152633859, 113.0538625128134242, 11.43703494020664024 ) ) ;
#1444 = CARTESIAN_POINT ( 'NONE',  ( -113.4585529980310810, 156.3792375808994848, 11.20504744713531764 ) ) ;
#1445 = CARTESIAN_POINT ( 'NONE',  ( -109.1052864521457906, 159.6629365884179208, 11.63703494020662355 ) ) ;
#1446 = CARTESIAN_POINT ( 'NONE',  ( 46.41301202772757506, 170.9374261409416818, 1.637034940206620881 ) ) ;
#1447 = CARTESIAN_POINT ( 'NONE',  ( -109.4759170257318459, 158.8474562153934073, 11.43703494025265144 ) ) ;
#1448 = CARTESIAN_POINT ( 'NONE',  ( -57.06864412802042352, 104.4421463311207248, 11.22774281089391124 ) ) ;
#1449 = CARTESIAN_POINT ( 'NONE',  ( 33.58485313907134895, 110.9500418688883485, 9.551819615245140227 ) ) ;
#1450 = CARTESIAN_POINT ( 'NONE',  ( -59.15548899233760238, 104.2978155194715413, 11.63703494020730567 ) ) ;
#1451 = ORIENTED_EDGE ( 'NONE', *, *, #2357, .T. ) ;
#1452 = CARTESIAN_POINT ( 'NONE',  ( -102.1536018276615465, 166.2521517098029449, 11.43703494025265144 ) ) ;
#1453 = CARTESIAN_POINT ( 'NONE',  ( -57.77071234426340141, 178.4633657827594675, 2.560097286703861386 ) ) ;
#1454 = CARTESIAN_POINT ( 'NONE',  ( -59.15548899583434661, 178.5614910365927130, 11.63703494020681539 ) ) ;
#1455 = B_SPLINE_CURVE_WITH_KNOTS ( 'NONE', 3,
 ( #1471, #5474, #312, #2610, #3763, #6077 ),
 .UNSPECIFIED., .F., .F.,
 ( 4, 2, 4 ),
 ( 0.000000000000000000, 0.0009742967859177363099, 0.001948593571835472620 ),
 .UNSPECIFIED. ) ;
#1456 = CARTESIAN_POINT ( 'NONE',  ( -108.5287571505443793, 122.4736451822919463, 11.63703494020661822 ) ) ;
#1457 = CARTESIAN_POINT ( 'NONE',  ( 42.82440817561489155, 170.2068205957872919, 11.63703494020662177 ) ) ;
#1458 = CARTESIAN_POINT ( 'NONE',  ( -116.0734810818598248, 132.2531808629761656, 2.560097286703861386 ) ) ;
#1459 = CARTESIAN_POINT ( 'NONE',  ( -57.16194067485439945, 178.4236128206528633, 10.82391654643302026 ) ) ;
#1460 = CARTESIAN_POINT ( 'NONE',  ( -61.00680615740648705, 178.6018657052736387, 11.47637545935210923 ) ) ;
#1461 = EDGE_LOOP ( 'NONE', ( #1884, #5612, #2442, #6171, #3593, #4106 ) ) ;
#1462 = CARTESIAN_POINT ( 'NONE',  ( -56.86413644662003009, 177.5619119041766680, 1.637034940206621547 ) ) ;
#1463 = CARTESIAN_POINT ( 'NONE',  ( -99.31216256766471417, 114.7967703734933167, 11.63703494020662177 ) ) ;
#1464 = CIRCLE ( 'NONE', #3741, 4.699999999999995737 ) ;
#1465 = CARTESIAN_POINT ( 'NONE',  ( -79.58622164558758527, 105.9281690688506643, 2.560097286703861386 ) ) ;
#1466 = CARTESIAN_POINT ( 'NONE',  ( -102.1536018092125886, 166.2521516777257773, 5.637034940206621769 ) ) ;
#1467 = CARTESIAN_POINT ( 'NONE',  ( -110.0674476010607634, 124.4981981735539307, 11.63703494020662355 ) ) ;
#1468 = CARTESIAN_POINT ( 'NONE',  ( -100.0262834888519023, 114.0894615274124391, 1.637034940206621103 ) ) ;
#1469 = CARTESIAN_POINT ( 'NONE',  ( -103.6760965765723910, 115.2268625267106330, 11.17499139048132406 ) ) ;
#1470 = CARTESIAN_POINT ( 'NONE',  ( 46.45899276719834603, 170.0168487251273177, 11.63703494020662355 ) ) ;
#1471 = CARTESIAN_POINT ( 'NONE',  ( 56.20267224232074454, 112.3577047703378469, 11.63703494020662177 ) ) ;
#1472 = CARTESIAN_POINT ( 'NONE',  ( -108.0938270580425780, 163.6085912915100380, 2.560097286703860942 ) ) ;
#1473 = DIRECTION ( 'NONE',  ( -0.5904623445788007574, 0.000000000000000000, -0.8070651892099581781 ) ) ;
#1474 = CARTESIAN_POINT ( 'NONE',  ( -76.73497454607057477, 175.4256177285899128, 11.43703494025265144 ) ) ;
#1475 = DIRECTION ( 'NONE',  ( -1.000000000000000000, 0.000000000000000000, 0.000000000000000000 ) ) ;
#1476 = CARTESIAN_POINT ( 'NONE',  ( -82.40275870783287360, 108.3994661638347452, 11.63703494020662710 ) ) ;
#1477 = ORIENTED_EDGE ( 'NONE', *, *, #4842, .T. ) ;
#1478 = CARTESIAN_POINT ( 'NONE',  ( 48.74643755144612101, 113.1512368491610800, 11.43703494020664557 ) ) ;
#1479 = CARTESIAN_POINT ( 'NONE',  ( -107.1825607725217822, 164.5654613755486366, 11.30957884058927831 ) ) ;
#1480 = ADVANCED_FACE ( 'NONE', ( #2290, #1763 ), #5082, .F. ) ;
#1481 = CARTESIAN_POINT ( 'NONE',  ( -116.0496312362276825, 142.2024310224863939, 11.63703494020662355 ) ) ;
#1482 = CARTESIAN_POINT ( 'NONE',  ( 51.34763775726315060, 171.4935596079796483, 2.582841799924911363 ) ) ;
#1483 = CARTESIAN_POINT ( 'NONE',  ( -102.1532499050759384, 116.6069525227590162, 11.43703494025265144 ) ) ;
#1484 = CARTESIAN_POINT ( 'NONE',  ( -57.16423480173346405, 104.4188825512300411, 11.64094485067944795 ) ) ;
#1485 = ORIENTED_EDGE ( 'NONE', *, *, #187, .T. ) ;
#1486 = CARTESIAN_POINT ( 'NONE',  ( -103.6843207578968844, 167.6260010474934461, 10.70720459684204329 ) ) ;
#1487 = ORIENTED_EDGE ( 'NONE', *, *, #4922, .F. ) ;
#1488 = CARTESIAN_POINT ( 'NONE',  ( -87.05310740689930071, 172.9701898840898764, 5.637034940206621769 ) ) ;
#1489 = EDGE_CURVE ( 'NONE', #6442, #5127, #1195, .T. ) ;
#1490 = CARTESIAN_POINT ( 'NONE',  ( -49.35624368852827359, 177.4746808307307617, 6.750357368150239346 ) ) ;
#1491 = CARTESIAN_POINT ( 'NONE',  ( -65.14367367240703288, 178.6016371839712065, 11.63703494020681539 ) ) ;
#1492 = CARTESIAN_POINT ( 'NONE',  ( 53.41877635645809619, 169.3456191305608343, 11.43703494025265144 ) ) ;
#1493 = CARTESIAN_POINT ( 'NONE',  ( -110.4369246948978969, 159.5004048579045843, 1.637034940206621103 ) ) ;
#1494 = AXIS2_PLACEMENT_3D ( 'NONE', #6045, #4292, #277 ) ;
#1495 = VERTEX_POINT ( 'NONE', #2369 ) ;
#1496 = CARTESIAN_POINT ( 'NONE',  ( -114.0469192925894362, 150.8961105683591200, 11.63703494020662355 ) ) ;
#1497 = CARTESIAN_POINT ( 'NONE',  ( 52.55296161751969919, 113.2413229436632633, 11.63703494020662355 ) ) ;
#1498 = ORIENTED_EDGE ( 'NONE', *, *, #6345, .T. ) ;
#1499 = CARTESIAN_POINT ( 'NONE',  ( -54.47323134345335660, 104.4896018372960640, 0.2848392609430078770 ) ) ;
#1500 = CARTESIAN_POINT ( 'NONE',  ( -100.3935831171704507, 113.3328933505671046, 2.560097286703860497 ) ) ;
#1501 = DIRECTION ( 'NONE',  ( -0.9979493749073199416, 0.06400816449555031540, 0.000000000000000000 ) ) ;
#1502 = CARTESIAN_POINT ( 'NONE',  ( -109.8939391104148058, 124.2543970315831388, 11.63703494020661999 ) ) ;
#1503 = CARTESIAN_POINT ( 'NONE',  ( -50.68392667225800352, 177.9207801707731562, 2.633229638299538600 ) ) ;
#1504 = CARTESIAN_POINT ( 'NONE',  ( -110.2594327287091289, 121.7464149822127553, 11.01431198776789699 ) ) ;
#1505 = CARTESIAN_POINT ( 'NONE',  ( 45.45105398148902509, 170.0622704655545760, 11.63703494020662532 ) ) ;
#1506 = CARTESIAN_POINT ( 'NONE',  ( -49.67431987342084199, 177.5123945050269754, 10.19957257639646819 ) ) ;
#1507 = CARTESIAN_POINT ( 'NONE',  ( 36.88211678510589309, 171.6190635414147607, 11.63703494020662177 ) ) ;
#1508 = ORIENTED_EDGE ( 'NONE', *, *, #5183, .F. ) ;
#1509 = CARTESIAN_POINT ( 'NONE',  ( -2.156075503692740813, 165.4296532797131078, 1.637034940206621103 ) ) ;
#1510 = CARTESIAN_POINT ( 'NONE',  ( 49.07742631937767186, 112.9702905550670096, 11.63703494020662355 ) ) ;
#1511 = VECTOR ( 'NONE', #2019, 1000.000000000000000 ) ;
#1512 = EDGE_CURVE ( 'NONE', #4427, #1844, #6327, .T. ) ;
#1513 = CARTESIAN_POINT ( 'NONE',  ( -64.11830692203952253, 176.8075393574597456, 11.63703494020661999 ) ) ;
#1514 = CARTESIAN_POINT ( 'NONE',  ( -102.6664080726370258, 114.5961409323266196, 10.67273010414835888 ) ) ;
#1515 = ADVANCED_FACE ( 'NONE', ( #5763, #6250 ), #1650, .F. ) ;
#1516 = CARTESIAN_POINT ( 'NONE',  ( -79.29890769054198074, 107.7110571956944653, 11.63703494020661999 ) ) ;
#1517 = ORIENTED_EDGE ( 'NONE', *, *, #5644, .F. ) ;
#1518 = LINE ( 'NONE', #5709, #2714 ) ;
#1519 = CARTESIAN_POINT ( 'NONE',  ( 52.97764913798027919, 113.4774013124880696, 11.43703494020664202 ) ) ;
#1520 = ADVANCED_FACE ( 'NONE', ( #521, #2819 ), #4109, .F. ) ;
#1521 = CARTESIAN_POINT ( 'NONE',  ( -107.9975669002705416, 163.7608351356194305, 11.77538989745299780 ) ) ;
#1522 = CIRCLE ( 'NONE', #2490, 30.00000000000000711 ) ;
#1523 = CARTESIAN_POINT ( 'NONE',  ( -114.3598229777614677, 150.0530036254400557, 11.63703494020662177 ) ) ;
#1524 = CARTESIAN_POINT ( 'NONE',  ( -112.2175933480040015, 126.0259561046065926, 1.637034940206621325 ) ) ;
#1525 = CARTESIAN_POINT ( 'NONE',  ( -115.8731207112463437, 141.8885635935511118, 11.43703494025329093 ) ) ;
#1526 = B_SPLINE_CURVE_WITH_KNOTS ( 'NONE', 1,
 ( #1259, #2395 ),
 .UNSPECIFIED., .F., .F.,
 ( 2, 2 ),
 ( 0.000000000000000000, 1.000000000000000000 ),
 .UNSPECIFIED. ) ;
#1527 = CARTESIAN_POINT ( 'NONE',  ( -72.87411438787371765, 106.8535577743967337, 11.43703494025265144 ) ) ;
#1528 = CARTESIAN_POINT ( 'NONE',  ( 0.2818820508005042136, 161.6486320568898520, 1.844472958208277280 ) ) ;
#1529 = EDGE_LOOP ( 'NONE', ( #5553, #2839, #3823, #2787 ) ) ;
#1530 = CARTESIAN_POINT ( 'NONE',  ( -79.00772310849569635, 105.7947152186456350, 2.560096196074688191 ) ) ;
#1531 = ORIENTED_EDGE ( 'NONE', *, *, #5527, .T. ) ;
#1532 = CARTESIAN_POINT ( 'NONE',  ( -84.25369677023390125, 173.8028130502590614, 11.43703494025265144 ) ) ;
#1533 = B_SPLINE_CURVE_WITH_KNOTS ( 'NONE', 3,
 ( #4155, #3588, #5910, #176 ),
 .UNSPECIFIED., .F., .F.,
 ( 4, 4 ),
 ( 0.000000000000000000, 1.000000000000000000 ),
 .UNSPECIFIED. ) ;
#1534 = CARTESIAN_POINT ( 'NONE',  ( -52.75390944766448342, 177.9010000600727892, 4.373287619868021281 ) ) ;
#1535 = DIRECTION ( 'NONE',  ( 0.8433213470407592283, -0.4710791222161621050, 0.2586379056468903759 ) ) ;
#1536 = CARTESIAN_POINT ( 'NONE',  ( -57.16194067485447761, 178.4236128206528349, 4.506125194002473577 ) ) ;
#1537 = CARTESIAN_POINT ( 'NONE',  ( -114.3472690010822248, 132.7828748030956660, 11.63703494020662355 ) ) ;
#1538 = CARTESIAN_POINT ( 'NONE',  ( 53.00080247944937639, 171.0379593288495812, 2.258920255376606789 ) ) ;
#1539 = EDGE_LOOP ( 'NONE', ( #3591, #2750, #3294, #1487 ) ) ;
#1540 = B_SPLINE_CURVE_WITH_KNOTS ( 'NONE', 3,
 ( #1920, #6512, #5418, #3147 ),
 .UNSPECIFIED., .F., .F.,
 ( 4, 4 ),
 ( 0.4031909866658932029, 0.4480700627807981395 ),
 .UNSPECIFIED. ) ;
#1541 = CARTESIAN_POINT ( 'NONE',  ( -100.9017544462903260, 164.0755727717784964, 2.560097286703861386 ) ) ;
#1542 = CARTESIAN_POINT ( 'NONE',  ( 44.22063265227524909, 171.8516187740752059, 2.612324134192722358 ) ) ;
#1543 = ORIENTED_EDGE ( 'NONE', *, *, #1751, .F. ) ;
#1544 = CARTESIAN_POINT ( 'NONE',  ( -53.44067453058973882, 104.8742646014423769, 3.917102981475713452 ) ) ;
#1545 = CARTESIAN_POINT ( 'NONE',  ( -101.5886016543838650, 116.0539204136136107, 11.63703494020662177 ) ) ;
#1546 = CARTESIAN_POINT ( 'NONE',  ( -99.99508377667976333, 113.1199351204483321, 2.560097286703860497 ) ) ;
#1547 = CARTESIAN_POINT ( 'NONE',  ( -57.19229166055561109, 104.4322067919139556, 4.506125194002859935 ) ) ;
#1548 = CARTESIAN_POINT ( 'NONE',  ( -108.7167311697060370, 122.7041424527071740, 11.63703494020662355 ) ) ;
#1549 = CARTESIAN_POINT ( 'NONE',  ( -41.19437242775852326, 106.1550920195877694, 9.567407613868240901 ) ) ;
#1550 = CARTESIAN_POINT ( 'NONE',  ( -109.5300851356586094, 120.8558312517256041, 10.97618406691137949 ) ) ;
#1551 = CARTESIAN_POINT ( 'NONE',  ( 52.52444738696274129, 169.6203952374231108, 11.63703494020661999 ) ) ;
#1552 = CARTESIAN_POINT ( 'NONE',  ( -57.28995700384554368, 176.4277140708381921, 11.43703494025265144 ) ) ;
#1553 = CARTESIAN_POINT ( 'NONE',  ( -117.8672655166653271, 142.0415340411799434, 2.560097286703860942 ) ) ;
#1554 = ORIENTED_EDGE ( 'NONE', *, *, #5991, .F. ) ;
#1555 = CARTESIAN_POINT ( 'NONE',  ( -97.88542983427872457, 114.2713449506450729, 5.637034940206621769 ) ) ;
#1556 = CARTESIAN_POINT ( 'NONE',  ( 52.56756485237514198, 113.2425392411648772, 11.63703494020662355 ) ) ;
#1557 = CARTESIAN_POINT ( 'NONE',  ( -93.93861751228386936, 170.4324091912326651, 11.43703494025264966 ) ) ;
#1558 = ORIENTED_EDGE ( 'NONE', *, *, #4229, .F. ) ;
#1559 = CARTESIAN_POINT ( 'NONE',  ( 51.87820977897337116, 171.4427721703556529, 2.588274937411888299 ) ) ;
#1560 = B_SPLINE_SURFACE_WITH_KNOTS ( 'NONE', 3, 1, ( 
 ( #497, #44 ),
 ( #4038, #1210 ),
 ( #1629, #1781 ),
 ( #6344, #1704 ),
 ( #649, #4601 ),
 ( #5101, #5663 ),
 ( #6954, #3390 ),
 ( #2872, #5062 ),
 ( #6268, #6918 ),
 ( #1743, #4072 ),
 ( #2202, #4530 ),
 ( #7415, #4640 ),
 ( #1178, #3926 ),
 ( #6229, #6380 ),
 ( #1063, #3467 ),
 ( #6308, #3352 ),
 ( #5781, #2240 ),
 ( #6841, #1666 ),
 ( #5703, #614 ),
 ( #538, #2836 ) ),
 .UNSPECIFIED., .F., .F., .F.,
 ( 4, 2, 2, 2, 2, 2, 2, 2, 2, 4 ),
 ( 2, 2 ),
 ( 0.000000000000000000, 0.2500000000000002776, 0.3749999999999999445, 0.4999999999999996669, 0.5624999999999996669, 0.6249999999999995559, 0.7499999999999994449, 0.8749999999999994449, 0.9374999999999996669, 1.000000000000000000 ),
 ( 0.000000000000000000, 1.000000000000000000 ),
 .UNSPECIFIED. ) ;
#1561 = CARTESIAN_POINT ( 'NONE',  ( 45.74865030444136238, 111.0606793243631074, 2.600236179906664002 ) ) ;
#1562 = CARTESIAN_POINT ( 'NONE',  ( -112.4489686873045713, 126.4176887897340578, 1.637034940206620437 ) ) ;
#1563 = CARTESIAN_POINT ( 'NONE',  ( -111.1422035350645103, 156.4025421087833649, 11.43703494025265144 ) ) ;
#1564 = EDGE_CURVE ( 'NONE', #283, #979, #103, .T. ) ;
#1565 = PLANE ( 'NONE',  #3272 ) ;
#1566 = CARTESIAN_POINT ( 'NONE',  ( -101.9806907315916362, 166.5819468181402385, 11.63703494020662355 ) ) ;
#1567 = VERTEX_POINT ( 'NONE', #3659 ) ;
#1568 = CARTESIAN_POINT ( 'NONE',  ( -96.09739477889210946, 111.1656332282146025, 11.63703494020731455 ) ) ;
#1569 = ORIENTED_EDGE ( 'NONE', *, *, #3368, .F. ) ;
#1570 = CARTESIAN_POINT ( 'NONE',  ( 53.01226039485800356, 169.4457869049588794, 11.50353799292255630 ) ) ;
#1571 = DIRECTION ( 'NONE',  ( 0.000000000000000000, 0.000000000000000000, -1.000000000000000000 ) ) ;
#1572 = CARTESIAN_POINT ( 'NONE',  ( -57.06877290495074817, 178.4171656702135920, 2.560097286703862718 ) ) ;
#1573 = CARTESIAN_POINT ( 'NONE',  ( 11.10695371820901656, 173.1681826461644107, 11.63703494020662177 ) ) ;
#1574 = CARTESIAN_POINT ( 'NONE',  ( -71.11669256186159771, 178.2145903571431518, 11.63703494020681894 ) ) ;
#1575 = CARTESIAN_POINT ( 'NONE',  ( 52.97764911163336876, 169.3819052558297926, 11.43703494025265321 ) ) ;
#1576 = CARTESIAN_POINT ( 'NONE',  ( -53.95822949406231572, 178.0888712737221908, 11.84872474348003912 ) ) ;
#1577 = VECTOR ( 'NONE', #1316, 1000.000000000000000 ) ;
#1578 = ORIENTED_EDGE ( 'NONE', *, *, #2026, .T. ) ;
#1579 = CARTESIAN_POINT ( 'NONE',  ( -115.1372234273395776, 147.4851797060470915, 11.63703494020661999 ) ) ;
#1580 = ORIENTED_EDGE ( 'NONE', *, *, #2772, .T. ) ;
#1581 = CARTESIAN_POINT ( 'NONE',  ( -54.79563480772521444, 104.4525375704205743, 0.09793724078292727342 ) ) ;
#1582 = CARTESIAN_POINT ( 'NONE',  ( -94.88226547655909826, 112.6218315442673514, 11.63703494020662532 ) ) ;
#1583 = EDGE_CURVE ( 'NONE', #6218, #5345, #2399, .T. ) ;
#1584 = CARTESIAN_POINT ( 'NONE',  ( -57.19837586210828562, 104.4331767824688626, 2.560097286703860053 ) ) ;
#1585 = CARTESIAN_POINT ( 'NONE',  ( -55.04303068368317042, 104.6820972401846461, 10.87400960247785520 ) ) ;
#1586 = CARTESIAN_POINT ( 'NONE',  ( -49.71725242480425067, 105.3414140996860908, 10.22796067651851182 ) ) ;
#1587 = CARTESIAN_POINT ( 'NONE',  ( -110.5093058081196915, 125.4646871909320396, 5.637034940206621769 ) ) ;
#1588 = CARTESIAN_POINT ( 'NONE',  ( 52.51600706544584796, 169.6211060272962925, 11.63703494020662177 ) ) ;
#1589 = AXIS2_PLACEMENT_3D ( 'NONE', #1162, #6364, #65 ) ;
#1590 = DIRECTION ( 'NONE',  ( -1.000000000000000000, 0.000000000000000000, 0.000000000000000000 ) ) ;
#1591 = AXIS2_PLACEMENT_3D ( 'NONE', #5929, #3043, #682 ) ;
#1592 = CARTESIAN_POINT ( 'NONE',  ( -109.9596831583602068, 161.4807241197410121, 2.560097286703860053 ) ) ;
#1593 = VERTEX_POINT ( 'NONE', #2960 ) ;
#1594 = CARTESIAN_POINT ( 'NONE',  ( 55.78387073053127665, 112.1321612533966032, 9.441349201476786135 ) ) ;
#1595 = CARTESIAN_POINT ( 'NONE',  ( -91.32492654103859309, 171.7046646269582482, 11.63703494020661999 ) ) ;
#1596 = CARTESIAN_POINT ( 'NONE',  ( -82.87723288695005408, 108.5163806902499459, 11.63703494020662355 ) ) ;
#1597 = ORIENTED_EDGE ( 'NONE', *, *, #5301, .F. ) ;
#1598 = CARTESIAN_POINT ( 'NONE',  ( 49.92531548696096166, 171.6167101830025956, 2.570653546556562752 ) ) ;
#1599 = CARTESIAN_POINT ( 'NONE',  ( -45.06318916409238540, 176.9074677618346527, 10.74930920318630001 ) ) ;
#1600 = CARTESIAN_POINT ( 'NONE',  ( -115.4764444028573251, 133.1079722062704604, 1.637034940206621103 ) ) ;
#1601 = CARTESIAN_POINT ( 'NONE',  ( -57.54326036661757371, 105.2510711537016022, 1.637034940206621103 ) ) ;
#1602 = CARTESIAN_POINT ( 'NONE',  ( -70.93383279196601165, 106.6368134898300895, 11.43703494025265144 ) ) ;
#1603 = DIRECTION ( 'NONE',  ( 0.000000000000000000, -0.08733346918785858670, 0.9961791330677496337 ) ) ;
#1604 = CARTESIAN_POINT ( 'NONE',  ( -56.22541541871393633, 104.5004658957904127, 11.63703494020730567 ) ) ;
#1605 = EDGE_LOOP ( 'NONE', ( #1069, #2312 ) ) ;
#1606 = CARTESIAN_POINT ( 'NONE',  ( -72.78785492105565424, 176.0161927891086009, 11.43703494025265144 ) ) ;
#1607 = CARTESIAN_POINT ( 'NONE',  ( -84.25369677023390125, 173.8028130502590614, 5.637034940206621769 ) ) ;
#1608 = CARTESIAN_POINT ( 'NONE',  ( -55.88749646251393699, 178.2771327383126447, 2.375472004250528624 ) ) ;
#1609 = B_SPLINE_CURVE_WITH_KNOTS ( 'NONE', 1,
 ( #449, #4396 ),
 .UNSPECIFIED., .F., .F.,
 ( 2, 2 ),
 ( 0.000000000000000000, 1.000000000000000000 ),
 .UNSPECIFIED. ) ;
#1610 = CARTESIAN_POINT ( 'NONE',  ( -116.7988269695320582, 134.5967562407280127, 2.560097286702547326 ) ) ;
#1611 = CARTESIAN_POINT ( 'NONE',  ( -71.11669256186159771, 178.2145903571431518, 2.560097286697724517 ) ) ;
#1612 = CARTESIAN_POINT ( 'NONE',  ( -114.6323268197335921, 133.6369274983259459, 11.63703494020662710 ) ) ;
#1613 = CARTESIAN_POINT ( 'NONE',  ( -55.57220250213378421, 178.2773779742765612, 11.93346269549583205 ) ) ;
#1614 = EDGE_LOOP ( 'NONE', ( #4571 ) ) ;
#1615 = CARTESIAN_POINT ( 'NONE',  ( -112.1890255879538643, 154.9585164642528241, 11.63703494020661822 ) ) ;
#1616 = VERTEX_POINT ( 'NONE', #5266 ) ;
#1617 = CARTESIAN_POINT ( 'NONE',  ( -98.16248133270626397, 169.7420535412826155, 1.637034940206620881 ) ) ;
#1618 = CARTESIAN_POINT ( 'NONE',  ( -57.68108306462473678, 178.4578887485824623, 11.26644953432245266 ) ) ;
#1619 = EDGE_LOOP ( 'NONE', ( #3692 ) ) ;
#1620 = CARTESIAN_POINT ( 'NONE',  ( -78.44912263001008057, 176.2928558906924934, 1.637034940206620215 ) ) ;
#1621 = CARTESIAN_POINT ( 'NONE',  ( -58.69740891930638327, 104.3442460014994708, 2.560097286703860497 ) ) ;
#1622 = AXIS2_PLACEMENT_3D ( 'NONE', #7125, #1883, #3666 ) ;
#1623 = FACE_BOUND ( 'NONE', #4438, .T. ) ;
#1624 = CARTESIAN_POINT ( 'NONE',  ( 52.35076530053269295, 112.1417821528569334, 1.821153287460658410 ) ) ;
#1625 = CARTESIAN_POINT ( 'NONE',  ( -45.45716068268498589, 105.8928088086497610, 9.694371322362306032 ) ) ;
#1626 = CARTESIAN_POINT ( 'NONE',  ( 41.14392449805655616, 125.4296532817331666, 1.637034940206621103 ) ) ;
#1627 = CARTESIAN_POINT ( 'NONE',  ( -109.4823820262717362, 124.0206930477182539, 11.43703494025265144 ) ) ;
#1628 = AXIS2_PLACEMENT_3D ( 'NONE', #1101, #535, #7377 ) ;
#1629 = CARTESIAN_POINT ( 'NONE',  ( -65.09401762983317496, 106.1895818453775746, 5.637034940206621769 ) ) ;
#1630 = AXIS2_PLACEMENT_3D ( 'NONE', #107, #1691, #32 ) ;
#1631 = ORIENTED_EDGE ( 'NONE', *, *, #6802, .T. ) ;
#1632 = CARTESIAN_POINT ( 'NONE',  ( -61.19833896969817033, 106.1613051968862322, 5.637034940206621769 ) ) ;
#1633 = CARTESIAN_POINT ( 'NONE',  ( 50.92623908994966087, 113.1047358558561911, 11.63703494020662177 ) ) ;
#1634 = LINE ( 'NONE', #1031, #2182 ) ;
#1635 = ORIENTED_EDGE ( 'NONE', *, *, #6695, .T. ) ;
#1636 = CARTESIAN_POINT ( 'NONE',  ( 51.66011403339989272, 171.4635742896940940, 2.586058696480863617 ) ) ;
#1637 = DIRECTION ( 'NONE',  ( 1.127052364861340795E-16, 1.574532446002655002E-16, 1.000000000000000000 ) ) ;
#1638 = DIRECTION ( 'NONE',  ( 1.000000000000000000, 0.000000000000000000, 0.000000000000000000 ) ) ;
#1639 =( BOUNDED_SURFACE ( )  B_SPLINE_SURFACE ( 3, 2, ( 
 ( #3264, #2260, #2783 ),
 ( #4551, #3829, #562 ),
 ( #6292, #3410, #4479 ),
 ( #2856, #523, #5571 ),
 ( #2713, #4435, #3911 ),
 ( #1576, #3302, #5611 ),
 ( #2821, #1050, #6789 ),
 ( #1613, #3340, #5650 ),
 ( #483, #5122, #7403 ),
 ( #2222, #6823, #1652 ),
 ( #6475, #2336, #7047 ),
 ( #700, #7013, #1727 ),
 ( #2891, #4621, #634 ),
 ( #6939, #3029, #3523 ) ),
 .UNSPECIFIED., .F., .F., .T. ) 
 B_SPLINE_SURFACE_WITH_KNOTS ( ( 4, 2, 2, 2, 2, 2, 4 ),
 ( 3, 3 ),
 ( 0.03911973253459495592, 0.04114377092131840663, 0.04316780930804185734, 0.04519184769476530805, 0.04620386688812703341, 0.04670987648480789955, 0.04721588608148875876 ),
 ( 0.7490700218428474333, 1.000000000000000000 ),
 .UNSPECIFIED. ) 
 GEOMETRIC_REPRESENTATION_ITEM ( )  RATIONAL_B_SPLINE_SURFACE ( (
 ( 0.9959710391200313762, 0.9973106914156992797, 1.000000000000000000),
 ( 0.9960964190500078974, 0.9973943818093343738, 1.000000000000000000),
 ( 0.9962212658137770127, 0.9974777163175435613, 1.000000000000000000),
 ( 0.9964679899247905759, 0.9976424032652381202, 1.000000000000000000),
 ( 0.9965900194239183385, 0.9977238572652443738, 1.000000000000000000),
 ( 0.9968308112262485032, 0.9978845844304683466, 1.000000000000000000),
 ( 0.9969495700993677989, 0.9979638553061250805, 1.000000000000000000),
 ( 0.9971249000839572663, 0.9980808870785073950, 1.000000000000000000),
 ( 0.9971828764774646192, 0.9981195859930392933, 1.000000000000000000),
 ( 0.9972690810391060534, 0.9981771270500350290, 1.000000000000000000),
 ( 0.9972976891476164063, 0.9981962228005497595, 1.000000000000000000),
 ( 0.9973546420022694203, 0.9982342385086894199, 1.000000000000000000),
 ( 0.9973832244093212562, 0.9982533171036260811, 1.000000000000000000),
 ( 0.9974107197100879896, 0.9982716700612701555, 1.000000000000000000) ) ) 
 REPRESENTATION_ITEM ( '' )  SURFACE ( )  );
#1640 = CARTESIAN_POINT ( 'NONE',  ( -73.34940030334018957, 105.7644471375782587, 1.637034940206621103 ) ) ;
#1641 = CARTESIAN_POINT ( 'NONE',  ( -53.95822949038998928, 104.7704352828543932, 11.84872474356168226 ) ) ;
#1642 = CARTESIAN_POINT ( 'NONE',  ( 1.136982886230925915, 162.0761824746287516, 1.637034940206621103 ) ) ;
#1643 = CARTESIAN_POINT ( 'NONE',  ( 53.23946379613896340, 111.7019851924851679, 9.981674926637724710 ) ) ;
#1644 = ORIENTED_EDGE ( 'NONE', *, *, #2555, .F. ) ;
#1645 = CIRCLE ( 'NONE', #7316, 3.671800081683065820 ) ;
#1646 = CARTESIAN_POINT ( 'NONE',  ( -72.78785492105565424, 176.0161927891086009, 11.43703494025265144 ) ) ;
#1647 = FACE_OUTER_BOUND ( 'NONE', #3225, .T. ) ;
#1648 = CARTESIAN_POINT ( 'NONE',  ( -116.6193464016713790, 133.9645926977711099, 11.63703494020662177 ) ) ;
#1649 = CARTESIAN_POINT ( 'NONE',  ( -49.63523717160968118, 177.5073895657899925, 9.937738447946770748 ) ) ;
#1650 = CYLINDRICAL_SURFACE ( 'NONE', #269, 2.149999999999999023 ) ;
#1651 = FACE_OUTER_BOUND ( 'NONE', #6743, .T. ) ;
#1652 = CARTESIAN_POINT ( 'NONE',  ( -56.48957987718197415, 178.3459475872028577, 10.77287909585124837 ) ) ;
#1653 = ORIENTED_EDGE ( 'NONE', *, *, #2117, .F. ) ;
#1654 = CARTESIAN_POINT ( 'NONE',  ( -107.8744912262776978, 161.1639936710854215, 11.63703494020661999 ) ) ;
#1655 = ORIENTED_EDGE ( 'NONE', *, *, #342, .T. ) ;
#1656 = CARTESIAN_POINT ( 'NONE',  ( -101.8061102477144004, 114.1099912807179351, 11.26776890790676866 ) ) ;
#1657 = ORIENTED_EDGE ( 'NONE', *, *, #4224, .T. ) ;
#1658 = CARTESIAN_POINT ( 'NONE',  ( -66.16614857331229871, 177.7076733599562317, 1.637034940206623768 ) ) ;
#1659 = EDGE_CURVE ( 'NONE', #551, #3032, #4909, .T. ) ;
#1660 = CARTESIAN_POINT ( 'NONE',  ( -48.90413377949369078, 105.4458665747060593, 10.98562138925989373 ) ) ;
#1661 = DIRECTION ( 'NONE',  ( 1.000000000000000000, 0.000000000000000000, 0.000000000000000000 ) ) ;
#1662 = CARTESIAN_POINT ( 'NONE',  ( -46.43131421377743351, 177.3895335379538949, 5.581672521861404057 ) ) ;
#1663 = CARTESIAN_POINT ( 'NONE',  ( -108.3912082500711733, 122.6141543158494045, 5.637034940206621769 ) ) ;
#1664 = CARTESIAN_POINT ( 'NONE',  ( 50.50154227353430514, 169.7884940112181766, 11.63703494020662355 ) ) ;
#1665 = CARTESIAN_POINT ( 'NONE',  ( -55.17417668328376834, 105.4352843106775168, 1.637034940206621325 ) ) ;
#1666 = CARTESIAN_POINT ( 'NONE',  ( -100.4582911162702459, 115.6423693736463463, 11.43703494025265144 ) ) ;
#1667 = EDGE_LOOP ( 'NONE', ( #2785 ) ) ;
#1668 = CARTESIAN_POINT ( 'NONE',  ( -57.22789375662694766, 105.2722354046833999, 1.637034940206621103 ) ) ;
#1669 = CARTESIAN_POINT ( 'NONE',  ( 49.79166594070962759, 113.0175710927665875, 11.63703494020662177 ) ) ;
#1670 = B_SPLINE_CURVE_WITH_KNOTS ( 'NONE', 3,
 ( #3364, #3936, #5219, #6389, #2952, #2359, #6241, #5676, #6928, #5259, #6853, #4010, #3401, #511, #93, #2811, #624 ),
 .UNSPECIFIED., .F., .F.,
 ( 4, 1, 2, 2, 2, 2, 2, 2, 4 ),
 ( 0.000000000000000000, 0.2499999999999770739, 0.3749999999999767408, 0.4999999999999764633, 0.7499999999999682476, 0.8749999999999641398, 0.9062499999999742428, 0.9374999999999844569, 1.000000000000000000 ),
 .UNSPECIFIED. ) ;
#1671 = CARTESIAN_POINT ( 'NONE',  ( -102.2532517446028351, 166.4255584399104180, 11.63703494020662177 ) ) ;
#1672 = CARTESIAN_POINT ( 'NONE',  ( -86.51034077198038119, 174.3429419966913088, 1.637034940206621103 ) ) ;
#1673 = ORIENTED_EDGE ( 'NONE', *, *, #2645, .F. ) ;
#1674 = ADVANCED_FACE ( 'NONE', ( #5838 ), #4233, .T. ) ;
#1675 = CARTESIAN_POINT ( 'NONE',  ( -57.29993545071395289, 106.4309274163678793, 11.43703494025543499 ) ) ;
#1676 = CARTESIAN_POINT ( 'NONE',  ( -110.4324622172076715, 123.3608872656613471, 1.637034940206620881 ) ) ;
#1677 = CARTESIAN_POINT ( 'NONE',  ( -82.68715987146629232, 107.4697352448899466, 1.637034940206621103 ) ) ;
#1678 = CARTESIAN_POINT ( 'NONE',  ( -100.7942268964551431, 169.3088020131933149, 11.53214336425107156 ) ) ;
#1679 = CARTESIAN_POINT ( 'NONE',  ( -103.6843207554299511, 115.2333055043774976, 10.70720459684204329 ) ) ;
#1680 = CARTESIAN_POINT ( 'NONE',  ( -103.1419086874209228, 167.9909210298825428, 11.14771492856955248 ) ) ;
#1681 = EDGE_LOOP ( 'NONE', ( #3740 ) ) ;
#1682 = CARTESIAN_POINT ( 'NONE',  ( 56.22093556242206347, 170.5288570356273965, 11.30911989442352805 ) ) ;
#1683 = CARTESIAN_POINT ( 'NONE',  ( 55.16293492838015311, 170.6741569314310993, 11.47308768083573227 ) ) ;
#1684 = CYLINDRICAL_SURFACE ( 'NONE', #5323, 144.1305048123483630 ) ;
#1685 = CARTESIAN_POINT ( 'NONE',  ( -56.09064090460922358, 177.5084142378715057, 1.637034940206621103 ) ) ;
#1686 = B_SPLINE_CURVE_WITH_KNOTS ( 'NONE', 3,
 ( #7445, #2268, #4558, #641, #4031, #6300, #1133, #3418, #4629, #5735, #2863, #7483, #6338, #2935, #6946, #1169 ),
 .UNSPECIFIED., .F., .F.,
 ( 4, 3, 3, 3, 3, 4 ),
 ( 9.093373620990363906E-08, 0.0009756409850768379749, 0.003592150261374270435, 0.006219372092161582107, 0.007653172175291472062, 0.007653232175291443951 ),
 .UNSPECIFIED. ) ;
#1687 = CARTESIAN_POINT ( 'NONE',  ( -111.4190175869351407, 123.2816654795829976, 11.63703494020661111 ) ) ;
#1688 = CARTESIAN_POINT ( 'NONE',  ( -49.22915797689536532, 105.4040192922781642, 10.22623999136887285 ) ) ;
#1689 = CARTESIAN_POINT ( 'NONE',  ( -103.3369405121487148, 114.9805070658295989, 10.66463417502429678 ) ) ;
#1690 = ORIENTED_EDGE ( 'NONE', *, *, #3620, .T. ) ;
#1691 = DIRECTION ( 'NONE',  ( -0.000000000000000000, -0.000000000000000000, -1.000000000000000000 ) ) ;
#1692 = ORIENTED_EDGE ( 'NONE', *, *, #5291, .F. ) ;
#1693 = CARTESIAN_POINT ( 'NONE',  ( 45.74865030158166235, 171.7986272415800784, 2.600236179906717737 ) ) ;
#1694 = EDGE_LOOP ( 'NONE', ( #6993 ) ) ;
#1695 = CARTESIAN_POINT ( 'NONE',  ( -77.70137784694998118, 176.4301902860729285, 1.637034940206620881 ) ) ;
#1696 = B_SPLINE_CURVE_WITH_KNOTS ( 'NONE', 3,
 ( #62, #7470, #2332, #4017 ),
 .UNSPECIFIED., .F., .F.,
 ( 4, 4 ),
 ( 5.223192550022788256E-06, 0.0006445674781083233010 ),
 .UNSPECIFIED. ) ;
#1697 = CARTESIAN_POINT ( 'NONE',  ( -49.71434124864837401, 105.3417869055337519, 10.19755101330354918 ) ) ;
#1698 = AXIS2_PLACEMENT_3D ( 'NONE', #5142, #7458, #2279 ) ;
#1699 = CARTESIAN_POINT ( 'NONE',  ( 46.47040907034119073, 170.9355372320324022, 1.637034940206621103 ) ) ;
#1700 = CARTESIAN_POINT ( 'NONE',  ( -49.59426915818150405, 105.3571633633895317, 10.20385079012396190 ) ) ;
#1701 = CARTESIAN_POINT ( 'NONE',  ( -104.6661392737866407, 116.0209955287690917, 2.560097286703860942 ) ) ;
#1702 = CARTESIAN_POINT ( 'NONE',  ( 49.98697950886467822, 169.8275645014553277, 11.63703494020661999 ) ) ;
#1703 = CARTESIAN_POINT ( 'NONE',  ( -111.1425080024380065, 126.4573222482118524, 11.43703494025265144 ) ) ;
#1704 = CARTESIAN_POINT ( 'NONE',  ( -70.93383279196601165, 106.6368134898300895, 11.43703494025265144 ) ) ;
#1705 = AXIS2_PLACEMENT_3D ( 'NONE', #5789, #17, #2390 ) ;
#1706 = VERTEX_POINT ( 'NONE', #7010 ) ;
#1707 = B_SPLINE_CURVE_WITH_KNOTS ( 'NONE', 3,
 ( #5395, #1312, #4249, #3605 ),
 .UNSPECIFIED., .F., .F.,
 ( 4, 4 ),
 ( 0.000000000000000000, 1.000000000000000000 ),
 .UNSPECIFIED. ) ;
#1708 = ADVANCED_FACE ( 'NONE', ( #6435, #2434 ), #5425, .F. ) ;
#1709 = CARTESIAN_POINT ( 'NONE',  ( -57.50757474480356990, 105.2534101758358958, 1.637034940206621103 ) ) ;
#1710 = CARTESIAN_POINT ( 'NONE',  ( 46.75061630229018306, 112.8552795083855216, 11.63703494020662177 ) ) ;
#1711 = AXIS2_PLACEMENT_3D ( 'NONE', #2614, #1437, #3166 ) ;
#1712 = CARTESIAN_POINT ( 'NONE',  ( -80.84921561724878813, 174.8196924909354095, 11.63703494020662355 ) ) ;
#1713 = CIRCLE ( 'NONE', #4111, 28.59228193470924495 ) ;
#1714 = AXIS2_PLACEMENT_3D ( 'NONE', #5830, #6317, #1153 ) ;
#1715 = CARTESIAN_POINT ( 'NONE',  ( -45.19419796068525841, 176.9250494318309563, 11.49216649484559127 ) ) ;
#1716 = DIRECTION ( 'NONE',  ( -0.000000000000000000, -0.000000000000000000, -1.000000000000000000 ) ) ;
#1717 = CARTESIAN_POINT ( 'NONE',  ( -85.60204924517879022, 108.2515680598484380, 1.637034940206621103 ) ) ;
#1718 = CARTESIAN_POINT ( 'NONE',  ( -57.16194067485439945, 178.4236128206528633, 10.82391654643302026 ) ) ;
#1719 = CARTESIAN_POINT ( 'NONE',  ( -100.4418381420189945, 167.4484680980441453, 11.63703494020662532 ) ) ;
#1720 = CARTESIAN_POINT ( 'NONE',  ( -103.6863722943187156, 167.6549769731503261, 11.68817275561705316 ) ) ;
#1721 = CARTESIAN_POINT ( 'NONE',  ( -56.50929901755466034, 104.5109921403753077, 4.962029275369652659 ) ) ;
#1722 = EDGE_CURVE ( 'NONE', #2706, #4076, #4194, .T. ) ;
#1723 = CARTESIAN_POINT ( 'NONE',  ( -56.25505289845114731, 178.3194229182003880, 2.161994680153727977 ) ) ;
#1724 = CARTESIAN_POINT ( 'NONE',  ( -60.69955552519385122, 106.0690494637856460, 11.63703494020661999 ) ) ;
#1725 = DIRECTION ( 'NONE',  ( -1.000000000000000000, 0.000000000000000000, 0.000000000000000000 ) ) ;
#1726 = CARTESIAN_POINT ( 'NONE',  ( 49.36313777572014061, 169.6707128376897344, 11.43703494025265144 ) ) ;
#1727 = CARTESIAN_POINT ( 'NONE',  ( -56.97184524959430973, 178.4017628652865426, 10.81823853303121119 ) ) ;
#1728 = ORIENTED_EDGE ( 'NONE', *, *, #6847, .T. ) ;
#1729 = FACE_OUTER_BOUND ( 'NONE', #5986, .T. ) ;
#1730 = ORIENTED_EDGE ( 'NONE', *, *, #4444, .F. ) ;
#1731 = EDGE_CURVE ( 'NONE', #4136, #4136, #3494, .T. ) ;
#1732 = CARTESIAN_POINT ( 'NONE',  ( -117.4978395610158657, 145.2807966958330326, 11.63703494020702323 ) ) ;
#1733 = ORIENTED_EDGE ( 'NONE', *, *, #4709, .T. ) ;
#1734 = CARTESIAN_POINT ( 'NONE',  ( -63.13761963703525026, 177.7747314110177683, 1.637034940206620659 ) ) ;
#1735 = B_SPLINE_CURVE_WITH_KNOTS ( 'NONE', 3,
 ( #2118, #4409, #6725, #1552 ),
 .UNSPECIFIED., .F., .F.,
 ( 4, 4 ),
 ( 0.000000000000000000, 1.000000000000000000 ),
 .UNSPECIFIED. ) ;
#1736 = CARTESIAN_POINT ( 'NONE',  ( -45.85195518307358498, 105.8459846523285535, 10.60437203966854014 ) ) ;
#1737 = CARTESIAN_POINT ( 'NONE',  ( 50.34147938214096740, 170.7414235878582076, 1.637034940206621103 ) ) ;
#1738 = CARTESIAN_POINT ( 'NONE',  ( -49.22624700465792813, 105.4043936641962915, 10.22796067651851182 ) ) ;
#1739 = CARTESIAN_POINT ( 'NONE',  ( -113.4742582407049269, 128.2906098154117842, 1.637034940206620215 ) ) ;
#1740 = CARTESIAN_POINT ( 'NONE',  ( -109.0060755034500630, 141.4296532796704469, 5.637034940206621769 ) ) ;
#1741 = CARTESIAN_POINT ( 'NONE',  ( 44.94555193603530086, 112.9730532922199444, 11.43703494020664380 ) ) ;
#1742 = DIRECTION ( 'NONE',  ( 1.000000000000000000, 0.000000000000000000, 0.000000000000000000 ) ) ;
#1743 = CARTESIAN_POINT ( 'NONE',  ( -84.34546996153247278, 109.1007495746441123, 5.637034940206621769 ) ) ;
#1744 = CARTESIAN_POINT ( 'NONE',  ( -71.46002025442047056, 105.5416965949549422, 1.637034940206620881 ) ) ;
#1745 = CARTESIAN_POINT ( 'NONE',  ( 47.56175956126405424, 112.8914037606878793, 11.63703494020662355 ) ) ;
#1746 = CARTESIAN_POINT ( 'NONE',  ( -115.6228753460819547, 138.6031333173956455, 11.43703494025265144 ) ) ;
#1747 = CARTESIAN_POINT ( 'NONE',  ( -86.93593190678778626, 174.2152542314887000, 1.637034940206621103 ) ) ;
#1748 = ORIENTED_EDGE ( 'NONE', *, *, #5713, .T. ) ;
#1749 = LINE ( 'NONE', #6385, #6934 ) ;
#1750 = PRODUCT_DEFINITION_FORMATION_WITH_SPECIFIED_SOURCE ( 'ANY', '', #6266, .NOT_KNOWN. ) ;
#1751 = EDGE_CURVE ( 'NONE', #2178, #4622, #250, .T. ) ;
#1752 = CARTESIAN_POINT ( 'NONE',  ( -46.07475103613588630, 177.0999273803898575, 12.08822253757586651 ) ) ;
#1753 = CYLINDRICAL_SURFACE ( 'NONE', #2784, 5.999996634296040021 ) ;
#1754 = CARTESIAN_POINT ( 'NONE',  ( 45.03477707871675761, 170.0821004133482859, 11.63703494020662355 ) ) ;
#1755 = CARTESIAN_POINT ( 'NONE',  ( -99.15205567649343266, 168.1482859522173499, 11.63703494020662177 ) ) ;
#1756 = DIRECTION ( 'NONE',  ( -0.000000000000000000, 0.000000000000000000, 1.000000000000000000 ) ) ;
#1757 = ORIENTED_EDGE ( 'NONE', *, *, #1109, .T. ) ;
#1758 = EDGE_CURVE ( 'NONE', #6476, #817, #7242, .T. ) ;
#1759 = CARTESIAN_POINT ( 'NONE',  ( -54.57695495680878395, 104.7387154975659200, 6.254326073254589780 ) ) ;
#1760 = CARTESIAN_POINT ( 'NONE',  ( 50.30320908547646752, 111.2715726981998756, 2.572806020740626032 ) ) ;
#1761 = CARTESIAN_POINT ( 'NONE',  ( -57.13671558159860098, 178.4207145841355953, 4.559902482900375809 ) ) ;
#1762 = CARTESIAN_POINT ( 'NONE',  ( -57.77320814534118654, 106.1977242500331897, 11.63703494020662177 ) ) ;
#1763 = FACE_OUTER_BOUND ( 'NONE', #5196, .T. ) ;
#1764 = VECTOR ( 'NONE', #1332, 1000.000000000000000 ) ;
#1765 = CARTESIAN_POINT ( 'NONE',  ( 47.78525012464140076, 169.9580255297913425, 11.63703494020662355 ) ) ;
#1766 = CARTESIAN_POINT ( 'NONE',  ( -101.8314596838689425, 114.1241514702759901, 11.37621507797636511 ) ) ;
#1767 = ORIENTED_EDGE ( 'NONE', *, *, #1751, .T. ) ;
#1768 = CARTESIAN_POINT ( 'NONE',  ( -107.9121864391053833, 163.9421777516739667, 2.560097286703860942 ) ) ;
#1769 = EDGE_LOOP ( 'NONE', ( #1531 ) ) ;
#1770 = CARTESIAN_POINT ( 'NONE',  ( -111.8246075280663661, 158.9983947105148161, 2.560097286703173047 ) ) ;
#1771 = ORIENTED_EDGE ( 'NONE', *, *, #193, .T. ) ;
#1772 = CARTESIAN_POINT ( 'NONE',  ( -95.56228056035341467, 170.9916805275061051, 1.637034940206621769 ) ) ;
#1773 = EDGE_CURVE ( 'NONE', #1175, #1175, #2900, .T. ) ;
#1774 = DIRECTION ( 'NONE',  ( -0.000000000000000000, -0.000000000000000000, 1.000000000000000000 ) ) ;
#1775 = CARTESIAN_POINT ( 'NONE',  ( 49.56091466749543173, 170.8018636523613338, 1.637034940206620881 ) ) ;
#1776 = CARTESIAN_POINT ( 'NONE',  ( 49.59987302920330876, 111.2191083837995365, 2.569471537814683959 ) ) ;
#1777 = CARTESIAN_POINT ( 'NONE',  ( -108.0055152201266537, 120.3928241977109508, 1.637034940206620881 ) ) ;
#1778 = B_SPLINE_CURVE_WITH_KNOTS ( 'NONE', 3,
 ( #572, #4447, #6836, #5697, #1700, #6798, #4595 ),
 .UNSPECIFIED., .F., .F.,
 ( 4, 3, 4 ),
 ( 0.000000000000000000, 0.0001211964574980047812, 0.0001212564574229205107 ),
 .UNSPECIFIED. ) ;
#1779 = VERTEX_POINT ( 'NONE', #4070 ) ;
#1780 = CARTESIAN_POINT ( 'NONE',  ( 48.09959037813821681, 111.9805575692479209, 1.637034940206621103 ) ) ;
#1781 = CARTESIAN_POINT ( 'NONE',  ( -65.09401762983317496, 106.1895818453775746, 11.43703494025265144 ) ) ;
#1782 = EDGE_CURVE ( 'NONE', #7154, #2966, #5759, .T. ) ;
#1783 = ORIENTED_EDGE ( 'NONE', *, *, #2216, .F. ) ;
#1784 = CARTESIAN_POINT ( 'NONE',  ( -49.11814095166129590, 105.8331248518799583, 1.637034940206620881 ) ) ;
#1785 = CARTESIAN_POINT ( 'NONE',  ( 47.79057636360416694, 112.9019946026111256, 11.63703494020662177 ) ) ;
#1786 = CARTESIAN_POINT ( 'NONE',  ( -114.8097693720749675, 134.2094890503147724, 11.63703494020662177 ) ) ;
#1787 = CARTESIAN_POINT ( 'NONE',  ( -56.78896198185650235, 178.3978167884057484, 3.240302225120644586 ) ) ;
#1788 = DIRECTION ( 'NONE',  ( -0.000000000000000000, -0.000000000000000000, -1.000000000000000000 ) ) ;
#1789 = DIRECTION ( 'NONE',  ( -1.000000000000000000, 0.000000000000000000, -0.000000000000000000 ) ) ;
#1790 = CARTESIAN_POINT ( 'NONE',  ( -91.87844204613463717, 111.5838390519037659, 11.43703494025265321 ) ) ;
#1791 = VERTEX_POINT ( 'NONE', #6580 ) ;
#1792 = ADVANCED_FACE ( 'NONE', ( #1406 ), #139, .T. ) ;
#1793 = CARTESIAN_POINT ( 'NONE',  ( -49.59422953991621341, 105.3571684369131987, 9.939459133094542764 ) ) ;
#1794 = CARTESIAN_POINT ( 'NONE',  ( 49.77407676120648716, 111.2310510644759347, 2.569836792005327553 ) ) ;
#1795 = DIRECTION ( 'NONE',  ( -0.000000000000000000, -0.000000000000000000, -1.000000000000000000 ) ) ;
#1796 = B_SPLINE_CURVE_WITH_KNOTS ( 'NONE', 1,
 ( #857, #2584 ),
 .UNSPECIFIED., .F., .F.,
 ( 2, 2 ),
 ( 0.000000000000000000, 1.000000000000000000 ),
 .UNSPECIFIED. ) ;
#1797 = EDGE_CURVE ( 'NONE', #4425, #6906, #6505, .T. ) ;
#1798 = EDGE_CURVE ( 'NONE', #979, #5348, #1533, .T. ) ;
#1799 = CARTESIAN_POINT ( 'NONE',  ( -74.25667686630167452, 106.8547470273514080, 11.63703494020662177 ) ) ;
#1800 = CARTESIAN_POINT ( 'NONE',  ( -102.1532499050759384, 116.6069525227590162, 5.637034940206621769 ) ) ;
#1801 = CARTESIAN_POINT ( 'NONE',  ( -117.8672655164915142, 140.8177725078402318, 2.560097286703864494 ) ) ;
#1802 = CARTESIAN_POINT ( 'NONE',  ( -57.53287227135004400, 104.3945326159045237, 11.66056359458607083 ) ) ;
#1803 = EDGE_LOOP ( 'NONE', ( #5641 ) ) ;
#1804 = CARTESIAN_POINT ( 'NONE',  ( -100.9017544441577314, 118.7837337803544813, 1.637034940206621103 ) ) ;
#1805 = ORIENTED_EDGE ( 'NONE', *, *, #2140, .T. ) ;
#1806 = CARTESIAN_POINT ( 'NONE',  ( -117.8672655166653414, 142.0415340411799434, 11.63703494020702323 ) ) ;
#1807 = ORIENTED_EDGE ( 'NONE', *, *, #3443, .T. ) ;
#1808 = CARTESIAN_POINT ( 'NONE',  ( -57.20561652823759147, 177.5855302788667132, 1.637034940206620659 ) ) ;
#1809 = CARTESIAN_POINT ( 'NONE',  ( -47.92000166635326508, 105.5735179566927258, 11.08125116729568482 ) ) ;
#1810 =( NAMED_UNIT ( * ) SI_UNIT ( $, .STERADIAN. ) SOLID_ANGLE_UNIT ( ) );
#1811 = CARTESIAN_POINT ( 'NONE',  ( 46.79076977635374845, 170.9249435670434139, 1.637034940206621103 ) ) ;
#1812 = CARTESIAN_POINT ( 'NONE',  ( -101.7187508831018761, 114.0611923585236553, 10.89404112731262586 ) ) ;
#1813 = CARTESIAN_POINT ( 'NONE',  ( 42.82440700208569950, 170.2068206710570735, 11.63703494020662177 ) ) ;
#1814 = CARTESIAN_POINT ( 'NONE',  ( -103.6049861029876951, 115.1711532470238950, 2.560097286703860942 ) ) ;
#1815 = FACE_OUTER_BOUND ( 'NONE', #3990, .T. ) ;
#1816 = CARTESIAN_POINT ( 'NONE',  ( 53.72263672023031944, 111.8950505835323668, 11.63703494020662177 ) ) ;
#1817 = CARTESIAN_POINT ( 'NONE',  ( 3.993924496549956071, 157.4296532796704469, 5.637034940206621769 ) ) ;
#1818 = EDGE_CURVE ( 'NONE', #7123, #6906, #6450, .T. ) ;
#1819 = CARTESIAN_POINT ( 'NONE',  ( 51.26886924788169608, 112.2012588042430252, 1.637034940206621103 ) ) ;
#1820 = VERTEX_POINT ( 'NONE', #2092 ) ;
#1821 = AXIS2_PLACEMENT_3D ( 'NONE', #7448, #2233, #1059 ) ;
#1822 = CARTESIAN_POINT ( 'NONE',  ( -57.33975737930806105, 105.2645735479260054, 1.637034940206622657 ) ) ;
#1823 = CARTESIAN_POINT ( 'NONE',  ( 47.91099175295298096, 112.9077309240663709, 11.63703494020662532 ) ) ;
#1824 = CARTESIAN_POINT ( 'NONE',  ( -113.4137157871378605, 130.9174246527236960, 11.43703494025265499 ) ) ;
#1825 = VECTOR ( 'NONE', #1036, 1000.000000000000000 ) ;
#1826 = LINE ( 'NONE', #164, #1873 ) ;
#1827 = EDGE_LOOP ( 'NONE', ( #504 ) ) ;
#1828 = CARTESIAN_POINT ( 'NONE',  ( -114.6262405052120386, 152.0494452748160086, 1.637034940206621103 ) ) ;
#1829 = CARTESIAN_POINT ( 'NONE',  ( 33.69934805822301627, 171.6784377018549606, 12.10100754014194813 ) ) ;
#1830 = AXIS2_PLACEMENT_3D ( 'NONE', #2342, #4627, #2933 ) ;
#1831 = CARTESIAN_POINT ( 'NONE',  ( -1.027909591443338266, 121.8655703243411921, 1.781893348596677251 ) ) ;
#1832 = CARTESIAN_POINT ( 'NONE',  ( 46.49578581684524892, 170.0152286379289137, 11.63703494020662355 ) ) ;
#1833 = CARTESIAN_POINT ( 'NONE',  ( -92.67859840565498075, 171.1729611048569382, 11.63703494020662710 ) ) ;
#1834 = CARTESIAN_POINT ( 'NONE',  ( -59.24956321852262420, 106.2960904768503951, 11.43703494025264789 ) ) ;
#1835 = ORIENTED_EDGE ( 'NONE', *, *, #3396, .T. ) ;
#1836 = CARTESIAN_POINT ( 'NONE',  ( -49.84336639125327650, 177.5686173212908727, 11.38913659277894297 ) ) ;
#1837 = AXIS2_PLACEMENT_3D ( 'NONE', #4056, #4583, #1725 ) ;
#1838 = CARTESIAN_POINT ( 'NONE',  ( -54.98662236059702479, 178.2501585816880834, 2.600750379706012083 ) ) ;
#1839 = CONICAL_SURFACE ( 'NONE', #7259, 144.1305048123483630, 0.7853981633974482790 ) ;
#1840 = CARTESIAN_POINT ( 'NONE',  ( -49.59422954331319744, 177.5021381200514554, 9.939459133096416821 ) ) ;
#1841 = DIRECTION ( 'NONE',  ( -0.000000000000000000, -0.000000000000000000, -1.000000000000000000 ) ) ;
#1842 = CARTESIAN_POINT ( 'NONE',  ( 45.65366805343764156, 169.8525131768719234, 11.43703494025265321 ) ) ;
#1843 = CARTESIAN_POINT ( 'NONE',  ( -60.98556269931815166, 104.2446176678026717, 11.83964263025592167 ) ) ;
#1844 = VERTEX_POINT ( 'NONE', #356 ) ;
#1845 = DIRECTION ( 'NONE',  ( 1.000000000000000000, 0.000000000000000000, 0.000000000000000000 ) ) ;
#1846 = ORIENTED_EDGE ( 'NONE', *, *, #6042, .T. ) ;
#1847 = CARTESIAN_POINT ( 'NONE',  ( -116.4047478761139587, 149.6102990390581340, 2.560097286703177488 ) ) ;
#1848 = ORIENTED_EDGE ( 'NONE', *, *, #5019, .F. ) ;
#1849 = CARTESIAN_POINT ( 'NONE',  ( -78.60443221619799203, 177.1174610092263322, 2.560097286703860053 ) ) ;
#1850 = CARTESIAN_POINT ( 'NONE',  ( -113.7676524241242788, 131.7358030737557328, 5.637034940206621769 ) ) ;
#1851 = CARTESIAN_POINT ( 'NONE',  ( 56.24281625749084412, 112.2030311333255810, 9.469740200723473222 ) ) ;
#1852 = CARTESIAN_POINT ( 'NONE',  ( 47.61487546406687699, 111.1229855771128143, 2.581616331657210495 ) ) ;
#1853 = CARTESIAN_POINT ( 'NONE',  ( -107.0574370790574221, 119.3819692999321944, 1.637034940206621103 ) ) ;
#1854 = DIRECTION ( 'NONE',  ( -0.000000000000000000, -0.000000000000000000, -1.000000000000000000 ) ) ;
#1855 = CARTESIAN_POINT ( 'NONE',  ( -73.61009507525919560, 172.3654371755034447, 1.637034940206619327 ) ) ;
#1856 = CARTESIAN_POINT ( 'NONE',  ( -59.62767590034619758, 177.7161042819485886, 1.637034940206621325 ) ) ;
#1857 = LINE ( 'NONE', #3006, #3146 ) ;
#1858 = CARTESIAN_POINT ( 'NONE',  ( 53.00248531723549661, 169.3798633872143853, 11.43703494025264966 ) ) ;
#1859 = CARTESIAN_POINT ( 'NONE',  ( -78.54154893567411477, 106.5794374060153871, 1.637034940206621103 ) ) ;
#1860 = CARTESIAN_POINT ( 'NONE',  ( 47.63975467356596738, 112.8949866393648449, 11.63703494020662355 ) ) ;
#1861 = CARTESIAN_POINT ( 'NONE',  ( -105.5799562922833843, 119.5400013850278640, 11.43703494025264966 ) ) ;
#1862 = ADVANCED_FACE ( 'NONE', ( #2658 ), #296, .T. ) ;
#1863 = CARTESIAN_POINT ( 'NONE',  ( -56.62746134331150927, 105.3137636259483969, 1.637034940206621103 ) ) ;
#1864 = CARTESIAN_POINT ( 'NONE',  ( 47.38808901941142437, 171.8514234312637541, 0.4098628679664544361 ) ) ;
#1865 = CARTESIAN_POINT ( 'NONE',  ( -57.05387075952251053, 178.4161384660229999, 3.769445390338199253 ) ) ;
#1866 = CARTESIAN_POINT ( 'NONE',  ( -103.1479069209818391, 114.8624949045695018, 11.30906273347364532 ) ) ;
#1867 = CIRCLE ( 'NONE', #7052, 2.149999999999999023 ) ;
#1868 = CARTESIAN_POINT ( 'NONE',  ( -91.55227829647017757, 171.6165496037176297, 11.63703494020662532 ) ) ;
#1869 = CARTESIAN_POINT ( 'NONE',  ( -84.24332559565067413, 109.0778564026504966, 11.43703494025265144 ) ) ;
#1870 = ORIENTED_EDGE ( 'NONE', *, *, #2826, .T. ) ;
#1871 = FACE_OUTER_BOUND ( 'NONE', #2318, .T. ) ;
#1872 = CARTESIAN_POINT ( 'NONE',  ( -50.53929251478887608, 105.2366474488948711, 10.24509680173465220 ) ) ;
#1873 = VECTOR ( 'NONE', #126, 1000.000000000000000 ) ;
#1874 =( BOUNDED_SURFACE ( )  B_SPLINE_SURFACE ( 3, 2, ( 
 ( #6999, #690, #91 ),
 ( #7110, #1907, #5937 ),
 ( #656, #51, #5331 ),
 ( #765, #4795, #5900 ) ),
 .UNSPECIFIED., .F., .F., .F. ) 
 B_SPLINE_SURFACE_WITH_KNOTS ( ( 4, 4 ),
 ( 3, 3 ),
 ( 0.02410222656162291574, 0.02767750857271907006 ),
 ( 0.7939018137563846889, 1.000000000000000000 ),
 .UNSPECIFIED. ) 
 GEOMETRIC_REPRESENTATION_ITEM ( )  RATIONAL_B_SPLINE_SURFACE ( (
 ( 0.9976806629673591331, 0.9985392796738510324, 1.000000000000000000),
 ( 0.9976566503886020731, 0.9985241565324619595, 1.000000000000000000),
 ( 0.9976406967333344422, 0.9985141089075597609, 1.000000000000000000),
 ( 0.9976325660819225227, 0.9985089882167695885, 1.000000000000000000) ) ) 
 REPRESENTATION_ITEM ( '' )  SURFACE ( )  );
#1875 = CARTESIAN_POINT ( 'NONE',  ( -79.00772310849569635, 105.7947152186456350, 11.63703494020664486 ) ) ;
#1876 = DIRECTION ( 'NONE',  ( 0.000000000000000000, 0.000000000000000000, 1.000000000000000000 ) ) ;
#1877 = DIRECTION ( 'NONE',  ( -0.000000000000000000, -0.000000000000000000, 1.000000000000000000 ) ) ;
#1878 = CARTESIAN_POINT ( 'NONE',  ( 44.94555193335573051, 169.8862532736476112, 11.43703494025265144 ) ) ;
#1879 = ORIENTED_EDGE ( 'NONE', *, *, #6297, .T. ) ;
#1880 = CARTESIAN_POINT ( 'NONE',  ( 56.20267221954016890, 170.5016017998072471, 11.63703494020662177 ) ) ;
#1881 = ORIENTED_EDGE ( 'NONE', *, *, #2861, .F. ) ;
#1882 = LINE ( 'NONE', #5843, #4344 ) ;
#1883 = DIRECTION ( 'NONE',  ( -0.000000000000000000, -0.000000000000000000, -1.000000000000000000 ) ) ;
#1884 = ORIENTED_EDGE ( 'NONE', *, *, #509, .F. ) ;
#1885 = CARTESIAN_POINT ( 'NONE',  ( -57.44268742603387068, 177.6016281395573344, 1.637034940206622213 ) ) ;
#1886 = CARTESIAN_POINT ( 'NONE',  ( -55.94199483495971492, 104.5225928536123519, 2.593599131831161309 ) ) ;
#1887 = AXIS2_PLACEMENT_3D ( 'NONE', #5414, #816, #3101 ) ;
#1888 = CARTESIAN_POINT ( 'NONE',  ( 54.17948682901651125, 111.8772601866886163, 8.847831948189934792 ) ) ;
#1889 = CARTESIAN_POINT ( 'NONE',  ( -107.3659920423381635, 121.1170718556177661, 11.63703494020662177 ) ) ;
#1890 = CARTESIAN_POINT ( 'NONE',  ( 45.71928401827983635, 170.9610028139877329, 1.637034940206621103 ) ) ;
#1891 = CARTESIAN_POINT ( 'NONE',  ( -65.08959798758014870, 176.5845610819835940, 11.43703494025265144 ) ) ;
#1892 = CARTESIAN_POINT ( 'NONE',  ( -113.9386728570040930, 150.6157026399689016, 11.43703494025264966 ) ) ;
#1893 = CARTESIAN_POINT ( 'NONE',  ( -117.1683461051743365, 135.8010867286579639, 11.88396577499494811 ) ) ;
#1894 = CARTESIAN_POINT ( 'NONE',  ( 43.69392449654986166, 157.4296532817331808, 4.187034940206620703 ) ) ;
#1895 = CIRCLE ( 'NONE', #2735, 2.149999999999992362 ) ;
#1896 = CYLINDRICAL_SURFACE ( 'NONE', #6646, 2.510899749864583974 ) ;
#1897 = CARTESIAN_POINT ( 'NONE',  ( 51.67721339923640755, 112.2398152292931144, 1.637034940206621103 ) ) ;
#1898 = CARTESIAN_POINT ( 'NONE',  ( -56.77849282675150278, 104.4622138375892035, 2.560097286703860942 ) ) ;
#1899 = DIRECTION ( 'NONE',  ( -1.000000000000000000, 0.000000000000000000, 0.000000000000000000 ) ) ;
#1900 = CARTESIAN_POINT ( 'NONE',  ( -105.9997007636052473, 119.9568542240613027, 11.43703494025265144 ) ) ;
#1901 = CARTESIAN_POINT ( 'NONE',  ( -99.68279232988922445, 113.9054512070555347, 1.637034940206621103 ) ) ;
#1902 = EDGE_CURVE ( 'NONE', #5158, #2859, #1323, .T. ) ;
#1903 = CARTESIAN_POINT ( 'NONE',  ( 54.93986124582499286, 171.1086187475118550, 3.627063538370993712 ) ) ;
#1904 = ORIENTED_EDGE ( 'NONE', *, *, #3977, .F. ) ;
#1905 = CARTESIAN_POINT ( 'NONE',  ( -109.5016765011902038, 160.7123489475965528, 1.637034940206620659 ) ) ;
#1906 = CARTESIAN_POINT ( 'NONE',  ( -98.77811038919246300, 170.3779563386242728, 2.560097286703868935 ) ) ;
#1907 = CARTESIAN_POINT ( 'NONE',  ( -103.5092297899301457, 115.0964445331218542, 11.17608022252555244 ) ) ;
#1908 = CARTESIAN_POINT ( 'NONE',  ( -64.84202766620063585, 176.7882891277070314, 11.63703494020662177 ) ) ;
#1909 = CARTESIAN_POINT ( 'NONE',  ( -85.18197038621156025, 109.3375411773069885, 11.43703494025265144 ) ) ;
#1910 = VERTEX_POINT ( 'NONE', #3214 ) ;
#1911 = CARTESIAN_POINT ( 'NONE',  ( 54.04317697104046658, 112.4599296036584803, 1.637034940206620881 ) ) ;
#1912 = CARTESIAN_POINT ( 'NONE',  ( 53.00248531723546819, 169.3798633872143569, 11.43703494025265144 ) ) ;
#1913 = EDGE_CURVE ( 'NONE', #3795, #2423, #5733, .T. ) ;
#1914 = CARTESIAN_POINT ( 'NONE',  ( 45.61759284240743995, 169.8531473239594902, 5.637034940206621769 ) ) ;
#1915 = CARTESIAN_POINT ( 'NONE',  ( -104.3286488053874450, 164.5805564368637022, 5.637034940206621769 ) ) ;
#1916 = CARTESIAN_POINT ( 'NONE',  ( -57.06173481819138260, 104.4258958390779810, 11.63621062577989029 ) ) ;
#1917 = ORIENTED_EDGE ( 'NONE', *, *, #734, .T. ) ;
#1918 = FACE_OUTER_BOUND ( 'NONE', #1827, .T. ) ;
#1919 = EDGE_LOOP ( 'NONE', ( #3930 ) ) ;
#1920 = CARTESIAN_POINT ( 'NONE',  ( -117.5016554439079783, 137.8349959160575793, 11.63703494020649565 ) ) ;
#1921 = EDGE_LOOP ( 'NONE', ( #292 ) ) ;
#1922 = CARTESIAN_POINT ( 'NONE',  ( -64.67261050827085000, 178.5916390186521312, 2.560097286703860053 ) ) ;
#1923 = CARTESIAN_POINT ( 'NONE',  ( 44.94555193603530796, 112.9730532922199586, 5.637034940206621769 ) ) ;
#1924 = B_SPLINE_SURFACE_WITH_KNOTS ( 'NONE', 3, 1, ( 
 ( #2710, #1010 ),
 ( #5002, #5119 ),
 ( #1649, #3337 ),
 ( #5531, #2780 ),
 ( #6249, #2818 ),
 ( #5083, #3869 ),
 ( #1085, #365 ) ),
 .UNSPECIFIED., .F., .F., .F.,
 ( 4, 3, 4 ),
 ( 2, 2 ),
 ( 0.000000000000000000, 0.0001033476393421870192, 0.0004124890285032394152 ),
 ( 0.000000000000000000, 1.000000000000000000 ),
 .UNSPECIFIED. ) ;
#1925 = CARTESIAN_POINT ( 'NONE',  ( 55.16293494207105397, 112.1851496378867949, 11.47308768078995378 ) ) ;
#1926 = CARTESIAN_POINT ( 'NONE',  ( -98.81775026017631092, 112.5093158427226570, 11.63703494020731988 ) ) ;
#1927 = CARTESIAN_POINT ( 'NONE',  ( 49.54686790602620050, 111.2155091142771965, 2.569376981022402529 ) ) ;
#1928 = CARTESIAN_POINT ( 'NONE',  ( -115.2821250833415831, 130.2007553646688791, 2.560097286703862274 ) ) ;
#1929 = FACE_OUTER_BOUND ( 'NONE', #701, .T. ) ;
#1930 = CARTESIAN_POINT ( 'NONE',  ( -117.5264153399139531, 137.9838278808143741, 11.95253804216591753 ) ) ;
#1931 = CARTESIAN_POINT ( 'NONE',  ( -61.99669272644686657, 178.6163142135320356, 11.53606432436787621 ) ) ;
#1932 = CARTESIAN_POINT ( 'NONE',  ( -38.71440636081917575, 176.3637092846040275, 11.63703494020662177 ) ) ;
#1933 = CARTESIAN_POINT ( 'NONE',  ( -90.19819472779073521, 109.7176655187394658, 1.637034940206620881 ) ) ;
#1934 = CARTESIAN_POINT ( 'NONE',  ( -98.50776235096243738, 170.5077492867022499, 11.63703494020660223 ) ) ;
#1935 = CARTESIAN_POINT ( 'NONE',  ( -107.2184925828156565, 121.2468379221279804, 11.43703494025265144 ) ) ;
#1936 = CARTESIAN_POINT ( 'NONE',  ( -101.0109578003915232, 114.6274356757259056, 1.637034940206620881 ) ) ;
#1937 = CARTESIAN_POINT ( 'NONE',  ( -80.26679088869970258, 175.9291041921054557, 1.637034940206621103 ) ) ;
#1938 = DIRECTION ( 'NONE',  ( -0.000000000000000000, -0.000000000000000000, -1.000000000000000000 ) ) ;
#1939 = EDGE_CURVE ( 'NONE', #6025, #5732, #6494, .T. ) ;
#1940 = CARTESIAN_POINT ( 'NONE',  ( -101.4158334755023105, 168.9730542391186532, 2.560097286703868935 ) ) ;
#1941 = CARTESIAN_POINT ( 'NONE',  ( -6.905224234912783032, 107.6591440010118816, 1.637034940206621103 ) ) ;
#1942 = CARTESIAN_POINT ( 'NONE',  ( -67.24447461534771264, 106.1696085801518876, 11.63703494020662177 ) ) ;
#1943 = CARTESIAN_POINT ( 'NONE',  ( -63.38436871196295641, 176.8111953019929956, 11.63703494020661999 ) ) ;
#1944 = ADVANCED_FACE ( 'NONE', ( #1360 ), #5493, .F. ) ;
#1945 = CARTESIAN_POINT ( 'NONE',  ( -91.95124032499288091, 111.3975582289555888, 11.63703494020661999 ) ) ;
#1946 = ORIENTED_EDGE ( 'NONE', *, *, #4677, .F. ) ;
#1947 = CARTESIAN_POINT ( 'NONE',  ( 48.48191099471957699, 113.1366028228552807, 11.43703494020664202 ) ) ;
#1948 = CARTESIAN_POINT ( 'NONE',  ( 45.61759284240743995, 169.8531473239594902, 5.637034940206621769 ) ) ;
#1949 = AXIS2_PLACEMENT_3D ( 'NONE', #6231, #6119, #3282 ) ;
#1950 = CARTESIAN_POINT ( 'NONE',  ( -98.81775026017631092, 112.5093158427226570, 11.63703494020731988 ) ) ;
#1951 = CARTESIAN_POINT ( 'NONE',  ( -104.3286488053874450, 164.5805564368637022, 11.43703494025265144 ) ) ;
#1952 = CARTESIAN_POINT ( 'NONE',  ( -103.6843207554299511, 115.2333055043774976, 2.560097286702543329 ) ) ;
#1953 = CARTESIAN_POINT ( 'NONE',  ( -46.43131421039782225, 105.4697730193077803, 5.581672521856661184 ) ) ;
#1954 = ORIENTED_EDGE ( 'NONE', *, *, #6682, .F. ) ;
#1955 = EDGE_CURVE ( 'NONE', #1190, #4950, #160, .T. ) ;
#1956 = CARTESIAN_POINT ( 'NONE',  ( -7.033267097547953206, 109.6550285745852307, 5.637034940206621769 ) ) ;
#1957 = ORIENTED_EDGE ( 'NONE', *, *, #4137, .T. ) ;
#1958 = AXIS2_PLACEMENT_3D ( 'NONE', #6970, #1795, #4084 ) ;
#1959 = CARTESIAN_POINT ( 'NONE',  ( -100.4583217815335843, 167.2169432570469496, 5.637034940206621769 ) ) ;
#1960 = CARTESIAN_POINT ( 'NONE',  ( -57.34785384244051443, 177.5952674667800864, 1.637034940206619993 ) ) ;
#1961 = CARTESIAN_POINT ( 'NONE',  ( -114.1840236636134307, 132.8607125449987052, 11.43703494025265144 ) ) ;
#1962 = CARTESIAN_POINT ( 'NONE',  ( 51.51278229430000266, 170.6350857606674936, 1.637034940206621103 ) ) ;
#1963 = EDGE_CURVE ( 'NONE', #4700, #7154, #3636, .T. ) ;
#1964 = CARTESIAN_POINT ( 'NONE',  ( -104.8815170303759601, 118.5640821269457916, 11.63703494020662355 ) ) ;
#1965 = CARTESIAN_POINT ( 'NONE',  ( -117.0306238392860791, 141.9773554254738315, 1.637034940206621103 ) ) ;
#1966 = CARTESIAN_POINT ( 'NONE',  ( -114.0794311023707053, 127.6317189492893789, 2.560097286703860497 ) ) ;
#1967 = CARTESIAN_POINT ( 'NONE',  ( -113.4169317928382128, 151.9317371735930351, 11.43703494025265144 ) ) ;
#1968 = CARTESIAN_POINT ( 'NONE',  ( 52.99404780983869045, 113.2780747360922362, 11.63703494020662532 ) ) ;
#1969 = DIRECTION ( 'NONE',  ( 0.000000000000000000, 0.000000000000000000, 1.000000000000000000 ) ) ;
#1970 = CARTESIAN_POINT ( 'NONE',  ( -81.17279814425388906, 107.1223169579484988, 1.637034940206620881 ) ) ;
#1971 = CARTESIAN_POINT ( 'NONE',  ( 44.35585312477196851, 171.8469284880610246, 2.611254381196732588 ) ) ;
#1972 = CARTESIAN_POINT ( 'NONE',  ( -103.5188417566424590, 117.3902648347977902, 11.63703494020661289 ) ) ;
#1973 = CARTESIAN_POINT ( 'NONE',  ( 45.47367579868149079, 111.0308470869113648, 2.224391126350258041 ) ) ;
#1974 = CARTESIAN_POINT ( 'NONE',  ( 45.41633256608510294, 170.0638937495579057, 11.63703494020662355 ) ) ;
#1975 = CARTESIAN_POINT ( 'NONE',  ( 49.29632408526283882, 171.7683216577630958, -0.07920283786530786518 ) ) ;
#1976 = CARTESIAN_POINT ( 'NONE',  ( -102.2848122848155583, 168.4834652504046062, 2.560097286703868935 ) ) ;
#1977 = B_SPLINE_CURVE_WITH_KNOTS ( 'NONE', 3,
 ( #2995, #6370, #3493, #2295 ),
 .UNSPECIFIED., .F., .F.,
 ( 4, 4 ),
 ( 5.428935905073209834E-06, 0.0006447732214635491744 ),
 .UNSPECIFIED. ) ;
#1978 = CARTESIAN_POINT ( 'NONE',  ( -68.83093491622204851, 106.2752705544294116, 11.63703494020662355 ) ) ;
#1979 = CARTESIAN_POINT ( 'NONE',  ( -79.41392862760177707, 175.1249577484083488, 11.63703494020662355 ) ) ;
#1980 = CARTESIAN_POINT ( 'NONE',  ( -93.53814360818709872, 112.0393172046430408, 11.63703494020662710 ) ) ;
#1981 = EDGE_LOOP ( 'NONE', ( #6384, #1917, #2337 ) ) ;
#1982 = FACE_BOUND ( 'NONE', #7160, .T. ) ;
#1983 = CARTESIAN_POINT ( 'NONE',  ( -111.6444079534933138, 159.2777803357548976, 11.09064750347831385 ) ) ;
#1984 = EDGE_CURVE ( 'NONE', #2942, #2942, #7126, .T. ) ;
#1985 = CONICAL_SURFACE ( 'NONE', #2549, 4.510899712860366506, 0.7377866141207704009 ) ;
#1986 = CARTESIAN_POINT ( 'NONE',  ( 47.49851898288198981, 171.7107232829701786, 9.724448169888624705 ) ) ;
#1987 = EDGE_CURVE ( 'NONE', #4624, #1567, #3728, .T. ) ;
#1988 = CARTESIAN_POINT ( 'NONE',  ( -112.3019276173776433, 154.3529723130027946, 11.43703494025265144 ) ) ;
#1989 = CARTESIAN_POINT ( 'NONE',  ( -57.22073099366952675, 104.4316399223763199, 11.23661928557653411 ) ) ;
#1990 = ORIENTED_EDGE ( 'NONE', *, *, #7151, .F. ) ;
#1991 = CYLINDRICAL_SURFACE ( 'NONE', #5848, 2.149999999999998135 ) ;
#1992 = EDGE_LOOP ( 'NONE', ( #4878, #5273, #5576, #1569 ) ) ;
#1993 = FACE_OUTER_BOUND ( 'NONE', #2151, .T. ) ;
#1994 = AXIS2_PLACEMENT_3D ( 'NONE', #7049, #2587, #7122 ) ;
#1995 = CARTESIAN_POINT ( 'NONE',  ( 56.10848004294067692, 112.1655389586142206, 9.151613166967585755 ) ) ;
#1996 = CARTESIAN_POINT ( 'NONE',  ( -102.5743078034953015, 116.6502992416439639, 11.63703494020662177 ) ) ;
#1997 = CARTESIAN_POINT ( 'NONE',  ( 51.50155875773038616, 111.3806921989276475, 2.584451820873305383 ) ) ;
#1998 = CARTESIAN_POINT ( 'NONE',  ( -108.7330633052762039, 119.9466216682540676, 2.560097286703861386 ) ) ;
#1999 = CARTESIAN_POINT ( 'NONE',  ( -115.2873629498368899, 145.9976941073771002, 11.43703494025264966 ) ) ;
#2000 = CARTESIAN_POINT ( 'NONE',  ( -61.97657229079243280, 178.6286338811671897, 11.88868851804032012 ) ) ;
#2001 = CARTESIAN_POINT ( 'NONE',  ( -57.17881026864777994, 177.5836753523454092, 1.637034940206620881 ) ) ;
#2002 = CARTESIAN_POINT ( 'NONE',  ( -54.05984826308502988, 104.5373462584823585, 0.5270034703069766957 ) ) ;
#2003 = CARTESIAN_POINT ( 'NONE',  ( -99.95734573406006973, 115.1447281038472426, 11.63703494020661999 ) ) ;
#2004 = CARTESIAN_POINT ( 'NONE',  ( -98.80959551241153349, 113.4465442767485115, 1.637034940206620881 ) ) ;
#2005 = CARTESIAN_POINT ( 'NONE',  ( -111.6061133395001121, 126.8703791350205563, 11.63703494020662355 ) ) ;
#2006 = CARTESIAN_POINT ( 'NONE',  ( -88.73827193464619256, 109.2178611883534387, 1.637034940206621547 ) ) ;
#2007 = CARTESIAN_POINT ( 'NONE',  ( 46.91815046242215459, 169.9966596963743370, 11.63703494020662177 ) ) ;
#2008 = ADVANCED_FACE ( 'NONE', ( #4404 ), #331, .F. ) ;
#2009 = CARTESIAN_POINT ( 'NONE',  ( -104.1283673230329754, 166.1940570525883913, 1.637034940206619993 ) ) ;
#2010 = DIRECTION ( 'NONE',  ( -0.000000000000000000, -0.000000000000000000, -1.000000000000000000 ) ) ;
#2011 = CARTESIAN_POINT ( 'NONE',  ( -70.22369616477952547, 176.4689402563620604, 11.63703494020662177 ) ) ;
#2012 = DIRECTION ( 'NONE',  ( -0.5891458087274957789, 0.000000000000000000, 0.8080267421681196494 ) ) ;
#2013 = CARTESIAN_POINT ( 'NONE',  ( -75.70015695747549955, 107.0626953957358296, 11.63703494020662355 ) ) ;
#2014 = CARTESIAN_POINT ( 'NONE',  ( 52.71273140176428029, 113.4554227090088432, 11.43703494020664735 ) ) ;
#2015 = CARTESIAN_POINT ( 'NONE',  ( -110.2537808724903670, 161.1200094426893372, 11.43126833192996017 ) ) ;
#2016 = CARTESIAN_POINT ( 'NONE',  ( -115.4839338012918830, 146.0346363076864122, 11.63703494020662532 ) ) ;
#2017 = CARTESIAN_POINT ( 'NONE',  ( 53.35008166100830351, 170.4613535051840643, 1.637034940206620881 ) ) ;
#2018 = CARTESIAN_POINT ( 'NONE',  ( -113.5306440903865166, 151.6716346938084996, 11.43703494025265144 ) ) ;
#2019 = DIRECTION ( 'NONE',  ( 0.000000000000000000, 0.000000000000000000, 1.000000000000000000 ) ) ;
#2020 = EDGE_LOOP ( 'NONE', ( #3254, #5767, #7475, #5769, #6732, #5407, #1580, #707, #5655, #329, #1578, #2147, #4272, #5918 ) ) ;
#2021 = CARTESIAN_POINT ( 'NONE',  ( -111.4750775568769967, 159.5169126953211958, 11.08087918196263644 ) ) ;
#2022 = ORIENTED_EDGE ( 'NONE', *, *, #4973, .T. ) ;
#2023 = CARTESIAN_POINT ( 'NONE',  ( -107.9121864391053833, 163.9421777516739667, 2.560097286703173047 ) ) ;
#2024 = CARTESIAN_POINT ( 'NONE',  ( 34.73203514159988714, 111.2064293398479151, 11.63703494020662887 ) ) ;
#2025 = ADVANCED_FACE ( 'NONE', ( #80 ), #1303, .T. ) ;
#2026 = EDGE_CURVE ( 'NONE', #3433, #5114, #4456, .T. ) ;
#2027 = CARTESIAN_POINT ( 'NONE',  ( -61.15058238305875449, 178.6228325957249865, 11.63703494020681539 ) ) ;
#2028 = CARTESIAN_POINT ( 'NONE',  ( -108.4338865031626682, 122.3580149435778566, 11.63703494020662355 ) ) ;
#2029 = CARTESIAN_POINT ( 'NONE',  ( -115.4764389323929095, 149.7514207833610271, 1.637034940206621103 ) ) ;
#2030 = CARTESIAN_POINT ( 'NONE',  ( -116.8095113957954396, 134.6421197542826462, 2.560097286703860497 ) ) ;
#2031 = CARTESIAN_POINT ( 'NONE',  ( -108.3940921693091894, 160.2358097376872195, 11.43703494025265499 ) ) ;
#2032 = CARTESIAN_POINT ( 'NONE',  ( 52.46475142940716552, 113.2338885352729392, 11.63703494020661999 ) ) ;
#2033 = CARTESIAN_POINT ( 'NONE',  ( -52.17030390833451037, 105.0309692970935771, 7.962442274095779204 ) ) ;
#2034 = CARTESIAN_POINT ( 'NONE',  ( -98.28868994801976555, 114.2605279727325893, 11.63703494020662355 ) ) ;
#2035 = CARTESIAN_POINT ( 'NONE',  ( -57.50932901472558711, 104.4124145729426090, 2.560097286703860497 ) ) ;
#2036 = CARTESIAN_POINT ( 'NONE',  ( -41.19437261711323828, 176.7042145634590895, 9.567407461486151732 ) ) ;
#2037 = CARTESIAN_POINT ( 'NONE',  ( -102.5742538603555687, 116.6502569815013430, 11.63703494020662177 ) ) ;
#2038 = CARTESIAN_POINT ( 'NONE',  ( -91.60161960725031349, 110.2336068254252126, 1.637034940206621325 ) ) ;
#2039 = CARTESIAN_POINT ( 'NONE',  ( 48.45266292567673361, 169.9243520153088127, 11.63703494020661999 ) ) ;
#2040 = B_SPLINE_SURFACE_WITH_KNOTS ( 'NONE', 3, 1, ( 
 ( #4636, #1102 ),
 ( #6265, #5551 ),
 ( #3998, #2650 ),
 ( #3388, #5701 ),
 ( #575, #4948 ),
 ( #536, #5 ),
 ( #2307, #4369 ),
 ( #4598, #1741 ) ),
 .UNSPECIFIED., .F., .F., .F.,
 ( 4, 2, 2, 4 ),
 ( 2, 2 ),
 ( 0.000000000000000000, 0.4999999999999985567, 0.7499999999999992228, 1.000000000000000000 ),
 ( 0.000000000000000000, 1.000000000000000000 ),
 .UNSPECIFIED. ) ;
#2041 = ADVANCED_FACE ( 'NONE', ( #4742 ), #6495, .T. ) ;
#2042 = CARTESIAN_POINT ( 'NONE',  ( -57.17270505173540585, 104.4291091393950239, 11.37100451074571872 ) ) ;
#2043 = CARTESIAN_POINT ( 'NONE',  ( -103.6524973551869948, 166.5849963371226465, 1.637034940206619549 ) ) ;
#2044 = B_SPLINE_CURVE_WITH_KNOTS ( 'NONE', 3,
 ( #5039, #6620, #3178, #241, #2613, #2498, #3053, #6498 ),
 .UNSPECIFIED., .F., .F.,
 ( 4, 2, 2, 4 ),
 ( 0.000000000000000000, 0.0005371058760092790743, 0.001074211752018558149, 0.002148423504037124104 ),
 .UNSPECIFIED. ) ;
#2045 = CARTESIAN_POINT ( 'NONE',  ( -84.83768285471678894, 175.7172585416003017, 2.560097286703864938 ) ) ;
#2046 = CARTESIAN_POINT ( 'NONE',  ( -80.80586498112802474, 174.6244469638063208, 11.43703494025264966 ) ) ;
#2047 = CARTESIAN_POINT ( 'NONE',  ( -63.62701133176270929, 176.8087945723069652, 11.63703494020662355 ) ) ;
#2048 = CARTESIAN_POINT ( 'NONE',  ( -89.03649877757784736, 173.5417327198269675, 1.637034940206620881 ) ) ;
#2049 = ORIENTED_EDGE ( 'NONE', *, *, #4221, .F. ) ;
#2050 = CARTESIAN_POINT ( 'NONE',  ( -116.5974088611401669, 149.2014337337199663, 11.81462204303812236 ) ) ;
#2051 = AXIS2_PLACEMENT_3D ( 'NONE', #1372, #5412, #5378 ) ;
#2052 = CARTESIAN_POINT ( 'NONE',  ( -115.9585346621603463, 143.0961682595111029, 11.63703494020662532 ) ) ;
#2053 = CARTESIAN_POINT ( 'NONE',  ( 50.22846728084628865, 170.7520320371355922, 1.637034940206621103 ) ) ;
#2054 = CARTESIAN_POINT ( 'NONE',  ( -117.5016554442484988, 145.0243106345005515, 11.63703494020703211 ) ) ;
#2055 = CARTESIAN_POINT ( 'NONE',  ( -57.17644701391333939, 104.4346914201564118, 10.82503689843155570 ) ) ;
#2056 = EDGE_LOOP ( 'NONE', ( #6670 ) ) ;
#2057 = CARTESIAN_POINT ( 'NONE',  ( -49.59422954331319744, 177.5021381200514554, 10.20385294613941340 ) ) ;
#2058 = EDGE_LOOP ( 'NONE', ( #3095, #1252, #5757, #3189, #5526, #1692, #4641, #2857, #5602, #3450, #73, #620, #4440, #2885 ) ) ;
#2059 = CARTESIAN_POINT ( 'NONE',  ( -93.47627631011377503, 170.6579053398242820, 5.637034940206621769 ) ) ;
#2060 = CARTESIAN_POINT ( 'NONE',  ( -58.79393429048683117, 178.5198770650169422, 2.560097286703860053 ) ) ;
#2061 = AXIS2_PLACEMENT_3D ( 'NONE', #1219, #1716, #5864 ) ;
#2062 = CARTESIAN_POINT ( 'NONE',  ( -79.00772311185147601, 177.0645913355490961, 2.560097286697724517 ) ) ;
#2063 = VECTOR ( 'NONE', #4191, 1000.000000000000114 ) ;
#2064 = CARTESIAN_POINT ( 'NONE',  ( -68.91009507525920696, 110.4938693838374490, 1.637034940206619327 ) ) ;
#2065 = CARTESIAN_POINT ( 'NONE',  ( 51.35686800241997219, 111.3670398814763445, 2.582989568402876301 ) ) ;
#2066 = EDGE_LOOP ( 'NONE', ( #741, #2022, #3627, #6319 ) ) ;
#2067 = CARTESIAN_POINT ( 'NONE',  ( -110.6782280423556557, 157.5018871653925601, 11.63703494020662355 ) ) ;
#2068 = CARTESIAN_POINT ( 'NONE',  ( -58.02476415537836374, 178.4947330568100483, 11.68664836323182321 ) ) ;
#2069 = CARTESIAN_POINT ( 'NONE',  ( -57.23154992317828516, 177.5873221348954871, 1.637034940206621103 ) ) ;
#2070 = CARTESIAN_POINT ( 'NONE',  ( -87.34932731318606614, 109.7758617483544441, 11.63703494020662355 ) ) ;
#2071 = CIRCLE ( 'NONE', #1344, 2.149999999999999023 ) ;
#2072 = CARTESIAN_POINT ( 'NONE',  ( -95.11338560780050955, 110.7565090428629304, 2.560097286703860497 ) ) ;
#2073 = EDGE_CURVE ( 'NONE', #635, #2128, #1634, .T. ) ;
#2074 = CARTESIAN_POINT ( 'NONE',  ( -52.52016655872920836, 104.9870203549086227, 4.506125194002859935 ) ) ;
#2075 = CARTESIAN_POINT ( 'NONE',  ( -112.8631049363564784, 129.2203192917297656, 11.63703494020662177 ) ) ;
#2076 = CARTESIAN_POINT ( 'NONE',  ( -102.4509130740901099, 116.8076960602125354, 5.637034940206621769 ) ) ;
#2077 = CARTESIAN_POINT ( 'NONE',  ( 45.74865030158166235, 171.7986272415800784, 2.600236179906717737 ) ) ;
#2078 = EDGE_CURVE ( 'NONE', #7454, #6772, #728, .T. ) ;
#2079 = CARTESIAN_POINT ( 'NONE',  ( 45.94316541937322995, 170.0397605789940485, 11.63703494020662532 ) ) ;
#2080 = CARTESIAN_POINT ( 'NONE',  ( -49.59426916157848808, 177.5021431935751366, 10.20385079012396190 ) ) ;
#2081 = CARTESIAN_POINT ( 'NONE',  ( -110.7375848356965378, 160.4993031283067921, 2.560097286703861830 ) ) ;
#2082 = CARTESIAN_POINT ( 'NONE',  ( -101.3073082920573427, 116.1208269825552009, 5.637034940206621769 ) ) ;
#2083 = CARTESIAN_POINT ( 'NONE',  ( 49.33091351441186845, 112.9862475944542268, 11.63703494020662355 ) ) ;
#2084 = CARTESIAN_POINT ( 'NONE',  ( -92.15394905581479179, 171.1688505923665673, 11.43703494025264789 ) ) ;
#2085 = CARTESIAN_POINT ( 'NONE',  ( -80.73505216652918648, 108.0140812229250997, 11.63703494020661644 ) ) ;
#2086 = ORIENTED_EDGE ( 'NONE', *, *, #71, .F. ) ;
#2087 = CARTESIAN_POINT ( 'NONE',  ( 49.89163178847815061, 113.2251394462866898, 11.43703494020664557 ) ) ;
#2088 = CARTESIAN_POINT ( 'NONE',  ( -111.6476790366795910, 159.3015800180337180, 11.89802772126260777 ) ) ;
#2089 = EDGE_CURVE ( 'NONE', #6342, #6342, #129, .T. ) ;
#2090 = CARTESIAN_POINT ( 'NONE',  ( -115.2917797210859590, 146.9021774417690267, 11.63703494020662177 ) ) ;
#2091 = CARTESIAN_POINT ( 'NONE',  ( -104.3292704939864137, 118.2792371565710141, 5.637034940206621769 ) ) ;
#2092 = CARTESIAN_POINT ( 'NONE',  ( -102.4506128782070107, 166.0518458075077604, 5.637034940206621769 ) ) ;
#2093 = CARTESIAN_POINT ( 'NONE',  ( -81.50743843166789304, 108.3879512708729322, 11.43703494025265144 ) ) ;
#2094 = DIRECTION ( 'NONE',  ( 0.000000000000000000, 0.000000000000000000, -1.000000000000000000 ) ) ;
#2095 = ORIENTED_EDGE ( 'NONE', *, *, #3722, .F. ) ;
#2096 = CARTESIAN_POINT ( 'NONE',  ( -65.14367366890651567, 104.2576693715291327, 11.63703494020730567 ) ) ;
#2097 = VERTEX_POINT ( 'NONE', #1145 ) ;
#2098 = CARTESIAN_POINT ( 'NONE',  ( -57.14770364002094283, 178.4226290210963271, 2.560097286703860497 ) ) ;
#2099 = B_SPLINE_SURFACE_WITH_KNOTS ( 'NONE', 3, 1, ( 
 ( #7322, #4964 ),
 ( #4390, #6819 ),
 ( #443, #2144 ),
 ( #3908, #6749 ),
 ( #5568, #5684 ),
 ( #3372, #1687 ),
 ( #6710, #4548 ),
 ( #520, #2183 ),
 ( #6786, #7435 ),
 ( #6861, #3980 ),
 ( #6288, #2747 ),
 ( #3827, #5045 ),
 ( #7357, #4475 ),
 ( #1610, #4618 ),
 ( #207, #3407 ),
 ( #5723, #558 ),
 ( #2535, #1161 ),
 ( #5973, #2368 ) ),
 .UNSPECIFIED., .F., .F., .F.,
 ( 4, 2, 2, 2, 2, 2, 2, 2, 4 ),
 ( 2, 2 ),
 ( 0.000000000000000000, 0.1250000000000054401, 0.1562500000000067168, 0.1875000000000079936, 0.2500000000000093259, 0.3125000000000107137, 0.3437500000000113798, 0.3750000000000121014, 0.4480700628035275690 ),
 ( 0.000000000000000000, 1.000000000000000000 ),
 .UNSPECIFIED. ) ;
#2100 = CARTESIAN_POINT ( 'NONE',  ( -103.6843207578968844, 167.6260010474934461, 10.70729333794644234 ) ) ;
#2101 = CARTESIAN_POINT ( 'NONE',  ( -90.54820806910979059, 173.9356210554714721, 11.63703494020681894 ) ) ;
#2102 = FACE_OUTER_BOUND ( 'NONE', #4189, .T. ) ;
#2103 = CARTESIAN_POINT ( 'NONE',  ( -110.9665709391515378, 158.7525498362001599, 1.637034940206621103 ) ) ;
#2104 = AXIS2_PLACEMENT_3D ( 'NONE', #2286, #2884, #661 ) ;
#2105 = ORIENTED_EDGE ( 'NONE', *, *, #7215, .T. ) ;
#2106 = CARTESIAN_POINT ( 'NONE',  ( -114.6400339765316687, 149.2016006109805346, 11.63703494020662355 ) ) ;
#2107 = CARTESIAN_POINT ( 'NONE',  ( -57.09048450004146957, 178.4353739460637769, 11.63736768092956275 ) ) ;
#2108 = ORIENTED_EDGE ( 'NONE', *, *, #4466, .T. ) ;
#2109 = CARTESIAN_POINT ( 'NONE',  ( -50.87664425321457884, 105.1929421619664993, 8.935931830607367843 ) ) ;
#2110 = CARTESIAN_POINT ( 'NONE',  ( -88.85067739135649845, 110.2689457242078390, 11.63703494020661822 ) ) ;
#2111 = CARTESIAN_POINT ( 'NONE',  ( -57.79214242249478417, 104.3943567989489338, 2.560097286703862718 ) ) ;
#2112 = FACE_BOUND ( 'NONE', #6330, .T. ) ;
#2113 = CARTESIAN_POINT ( 'NONE',  ( -110.4076467732785716, 124.9892863061519819, 11.63703494020661999 ) ) ;
#2114 = CARTESIAN_POINT ( 'NONE',  ( 44.22063265518982433, 111.0076877917257718, 2.612324134192383962 ) ) ;
#2115 = CARTESIAN_POINT ( 'NONE',  ( -110.6079673554036589, 122.1919892727066355, 11.44705096927878607 ) ) ;
#2116 = CARTESIAN_POINT ( 'NONE',  ( 52.50382734851007172, 169.6221321263886921, 11.63703494020662177 ) ) ;
#2117 = EDGE_CURVE ( 'NONE', #2706, #783, #5197, .T. ) ;
#2118 = CARTESIAN_POINT ( 'NONE',  ( -57.27715519884031892, 176.6273064346903254, 11.63703494020662177 ) ) ;
#2119 = CARTESIAN_POINT ( 'NONE',  ( -57.16202362909543666, 178.4236223510428090, 10.83625534709164562 ) ) ;
#2120 = ORIENTED_EDGE ( 'NONE', *, *, #1731, .F. ) ;
#2121 = CARTESIAN_POINT ( 'NONE',  ( 55.43196419693276056, 112.0288084476302970, 8.279487708433357795 ) ) ;
#2122 = ADVANCED_FACE ( 'NONE', ( #12 ), #3705, .T. ) ;
#2123 = CARTESIAN_POINT ( 'NONE',  ( 49.58405083569485328, 113.0031683934395943, 11.63703494020661999 ) ) ;
#2124 = AXIS2_PLACEMENT_3D ( 'NONE', #6129, #5073, #6279 ) ;
#2125 = CARTESIAN_POINT ( 'NONE',  ( -80.08964466107389057, 174.7803197767492520, 11.43703494025265321 ) ) ;
#2126 = FACE_OUTER_BOUND ( 'NONE', #2066, .T. ) ;
#2127 = CARTESIAN_POINT ( 'NONE',  ( -64.10597792056822186, 106.0515050107408825, 11.63703494020661999 ) ) ;
#2128 = VERTEX_POINT ( 'NONE', #4403 ) ;
#2129 = CARTESIAN_POINT ( 'NONE',  ( 51.09216944044764119, 171.5174125047698794, 2.580309719405873725 ) ) ;
#2130 = EDGE_CURVE ( 'NONE', #611, #611, #4213, .T. ) ;
#2131 = CARTESIAN_POINT ( 'NONE',  ( -50.73743151631027359, 105.7727188587756331, 1.637034940206621103 ) ) ;
#2132 = CARTESIAN_POINT ( 'NONE',  ( -102.1765851293775569, 168.5423680838831899, 10.72806157925331405 ) ) ;
#2133 = CARTESIAN_POINT ( 'NONE',  ( 47.48229710019246852, 171.7413722239119238, 2.582877995958851702 ) ) ;
#2134 = B_SPLINE_CURVE_WITH_KNOTS ( 'NONE', 3,
 ( #2972, #116, #39, #4704, #6949, #5206, #7021, #3601, #1852, #4132, #3500, #6484, #2902, #5924, #4206, #1274, #5887, #3003, #5353, #191, #7096, #1927, #2346, #1776, #7284, #299, #368, #3708, #6030, #5390, #2065, #4887, #1997, #4349, #5956, #2671, #4280, #6713, #2596, #7169 ),
 .UNSPECIFIED., .F., .F.,
 ( 4, 2, 2, 1, 1, 1, 1, 1, 2, 2, 2, 2, 1, 1, 2, 2, 2, 2, 1, 1, 1, 1, 1, 2, 2, 4 ),
 ( 0.000000000000000000, 0.1249999999999600875, 0.1874999999999400480, 0.2187499999999283906, 0.2343749999999243105, 0.2421874999999221456, 0.2460937499999210631, 0.2480468749999206191, 0.2490234374999204248, 0.2499999999999202305, 0.3749999999998873679, 0.4374999999998694933, 0.4687499999998604450, 0.4843749999998558931, 0.4921874999998520073, 0.4999999999998481215, 0.6249999999997677413, 0.6874999999997288835, 0.7187499999997103428, 0.7343749999997011280, 0.7421874999996972422, 0.7460937499996964650, 0.7480468749996952438, 0.7490234374996943556, 0.7499999999996934674, 1.000000000000000000 ),
 .UNSPECIFIED. ) ;
#2135 = FACE_OUTER_BOUND ( 'NONE', #6122, .T. ) ;
#2136 = CARTESIAN_POINT ( 'NONE',  ( -41.22628170478211018, 106.1508225454017946, 9.542052730732443422 ) ) ;
#2137 = DIRECTION ( 'NONE',  ( -1.000000000000000000, 0.000000000000000000, 0.000000000000000000 ) ) ;
#2138 = CARTESIAN_POINT ( 'NONE',  ( -109.3903054482662469, 162.1864425620515249, 10.96868283370465491 ) ) ;
#2139 = VERTEX_POINT ( 'NONE', #1427 ) ;
#2140 = EDGE_CURVE ( 'NONE', #2892, #5102, #7455, .T. ) ;
#2141 =( NAMED_UNIT ( * ) PLANE_ANGLE_UNIT ( ) SI_UNIT ( $, .RADIAN. ) );
#2142 = CARTESIAN_POINT ( 'NONE',  ( 55.15763804933135361, 170.6970444168614733, 11.21769344608249952 ) ) ;
#2143 = CARTESIAN_POINT ( 'NONE',  ( -68.91009507525920696, 172.3654371755034447, 1.637034940206619327 ) ) ;
#2144 = CARTESIAN_POINT ( 'NONE',  ( -107.9121864369853512, 118.9171287997988173, 11.63703494020661111 ) ) ;
#2145 = CARTESIAN_POINT ( 'NONE',  ( -55.04303068714373381, 178.1772093162668682, 10.87400960247786230 ) ) ;
#2146 = CARTESIAN_POINT ( 'NONE',  ( 35.29179673711972498, 111.2627531122461448, 11.86996753170248198 ) ) ;
#2147 = ORIENTED_EDGE ( 'NONE', *, *, #3122, .T. ) ;
#2148 = CARTESIAN_POINT ( 'NONE',  ( 42.81160654271690902, 170.0072307208233440, 5.637034940206621769 ) ) ;
#2149 = ORIENTED_EDGE ( 'NONE', *, *, #4268, .T. ) ;
#2150 = CARTESIAN_POINT ( 'NONE',  ( -57.21475916865264821, 178.4272539709619423, 10.82797290255930100 ) ) ;
#2151 = EDGE_LOOP ( 'NONE', ( #5343, #2617, #4198, #743 ) ) ;
#2152 = CARTESIAN_POINT ( 'NONE',  ( -57.24148308118850537, 177.5880068730205323, 1.637034940206621547 ) ) ;
#2153 = CARTESIAN_POINT ( 'NONE',  ( -54.83112893458180537, 104.7070160282650733, 3.026642760891347095 ) ) ;
#2154 = CARTESIAN_POINT ( 'NONE',  ( -89.43207722519618130, 110.4666271681585954, 11.63703494020662355 ) ) ;
#2155 = CARTESIAN_POINT ( 'NONE',  ( -74.23355941504942734, 105.0303330057181483, 2.560097286703862274 ) ) ;
#2156 = FACE_OUTER_BOUND ( 'NONE', #5075, .T. ) ;
#2157 = CARTESIAN_POINT ( 'NONE',  ( -56.69572076908301739, 104.4679385363769768, 2.570922922007710554 ) ) ;
#2158 = CARTESIAN_POINT ( 'NONE',  ( -2.156075503692740813, 165.4296532797131078, 5.637034940206621769 ) ) ;
#2159 = CARTESIAN_POINT ( 'NONE',  ( -107.1895315354241376, 118.2731693361064771, 11.75153850172396908 ) ) ;
#2160 = CARTESIAN_POINT ( 'NONE',  ( 50.93770620582991882, 169.7536167496463690, 11.63703494020662355 ) ) ;
#2161 = CARTESIAN_POINT ( 'NONE',  ( -68.70949386199404785, 177.5564367590797019, 1.637034940206621325 ) ) ;
#2162 = CARTESIAN_POINT ( 'NONE',  ( -106.8419589100270883, 163.6968416324345696, 1.637034940206620881 ) ) ;
#2163 = ORIENTED_EDGE ( 'NONE', *, *, #5346, .T. ) ;
#2164 = CARTESIAN_POINT ( 'NONE',  ( -85.28195521178568583, 109.3611333951948410, 5.637034940206621769 ) ) ;
#2165 = CARTESIAN_POINT ( 'NONE',  ( 52.53347131441220341, 113.2396711029794574, 11.63703494020662355 ) ) ;
#2166 = CARTESIAN_POINT ( 'NONE',  ( -68.51517943011444345, 176.6072678988478799, 11.63703494020661822 ) ) ;
#2167 = ORIENTED_EDGE ( 'NONE', *, *, #5027, .T. ) ;
#2168 = CARTESIAN_POINT ( 'NONE',  ( 48.15955655034591842, 111.9829695125958295, 1.637034940206620881 ) ) ;
#2169 = CARTESIAN_POINT ( 'NONE',  ( 49.67188763301927423, 171.6352014332131830, 2.569644258415690441 ) ) ;
#2170 = CARTESIAN_POINT ( 'NONE',  ( -49.91889356425802760, 177.5968869663232681, 11.64054291888332138 ) ) ;
#2171 = CARTESIAN_POINT ( 'NONE',  ( -116.7738585339276796, 138.4471636011775217, 1.637034940206621103 ) ) ;
#2172 = EDGE_CURVE ( 'NONE', #2261, #2695, #6914, .T. ) ;
#2173 = CARTESIAN_POINT ( 'NONE',  ( 54.04377599348171657, 170.3993244600399066, 1.637034940206620881 ) ) ;
#2174 = CARTESIAN_POINT ( 'NONE',  ( -54.07405456482253925, 104.7991868856865239, 10.55134137885294976 ) ) ;
#2175 = CARTESIAN_POINT ( 'NONE',  ( -1.449133893373710347, 160.7831240847548031, 1.637034940206621103 ) ) ;
#2176 = EDGE_LOOP ( 'NONE', ( #6757, #4927, #4164, #6824, #6132 ) ) ;
#2177 = CARTESIAN_POINT ( 'NONE',  ( -88.65630492997769352, 108.2809804961151769, 2.560096196074688191 ) ) ;
#2178 = VERTEX_POINT ( 'NONE', #6005 ) ;
#2179 = CARTESIAN_POINT ( 'NONE',  ( -75.67124537917274552, 175.5987156471898345, 11.43703494025265144 ) ) ;
#2180 = CARTESIAN_POINT ( 'NONE',  ( -76.63128880676634935, 175.4430943556919544, 5.637034940206621769 ) ) ;
#2181 = CARTESIAN_POINT ( 'NONE',  ( -56.94821233131213489, 177.5890005181377376, 1.637034940206620437 ) ) ;
#2182 = VECTOR ( 'NONE', #1111, 1000.000000000000000 ) ;
#2183 = CARTESIAN_POINT ( 'NONE',  ( -112.9876073866770696, 125.6290699601703977, 11.63703494020661466 ) ) ;
#2184 = CARTESIAN_POINT ( 'NONE',  ( -55.04303068714373381, 178.1772093162668682, 4.506125194002473577 ) ) ;
#2185 = CARTESIAN_POINT ( 'NONE',  ( 36.57259142790588413, 111.1792502524813955, 11.00601508785299210 ) ) ;
#2186 = CARTESIAN_POINT ( 'NONE',  ( 52.56131497353801763, 170.8181362712016664, 1.958970348782580473 ) ) ;
#2187 = VECTOR ( 'NONE', #4813, 1000.000000000000000 ) ;
#2188 = ORIENTED_EDGE ( 'NONE', *, *, #1218, .F. ) ;
#2189 = CARTESIAN_POINT ( 'NONE',  ( -115.8731207112463863, 141.8885635935511118, 11.43703494025265144 ) ) ;
#2190 = ORIENTED_EDGE ( 'NONE', *, *, #4692, .F. ) ;
#2191 = CARTESIAN_POINT ( 'NONE',  ( -57.11664591209441966, 178.4204801345699991, 11.23018581112698300 ) ) ;
#2192 = ORIENTED_EDGE ( 'NONE', *, *, #6082, .F. ) ;
#2193 = CARTESIAN_POINT ( 'NONE',  ( -72.19883400307674037, 177.2383640057535388, 1.637034940206621103 ) ) ;
#2194 = AXIS2_PLACEMENT_3D ( 'NONE', #2853, #5155, #6862 ) ;
#2195 = ADVANCED_FACE ( 'NONE', ( #4358, #836 ), #4899, .F. ) ;
#2196 = CARTESIAN_POINT ( 'NONE',  ( -73.33894577605656195, 104.9133487618169482, 2.560097286703860497 ) ) ;
#2197 = FACE_BOUND ( 'NONE', #526, .T. ) ;
#2198 = CARTESIAN_POINT ( 'NONE',  ( -113.8744573738546535, 127.2061367776650087, 11.23397675489901992 ) ) ;
#2199 = CARTESIAN_POINT ( 'NONE',  ( -52.13979154743605449, 178.0212575279716418, 2.622196154499322862 ) ) ;
#2200 = VERTEX_POINT ( 'NONE', #4562 ) ;
#2201 = DIRECTION ( 'NONE',  ( 0.4876724988570553809, -0.8730266512876426743, 0.000000000000000000 ) ) ;
#2202 = CARTESIAN_POINT ( 'NONE',  ( -85.28195521178568583, 109.3611333951948410, 5.637034940206621769 ) ) ;
#2203 = ORIENTED_EDGE ( 'NONE', *, *, #2130, .F. ) ;
#2204 = CARTESIAN_POINT ( 'NONE',  ( 55.89369461681823026, 170.6936828423492614, 9.724448169894095884 ) ) ;
#2205 = CARTESIAN_POINT ( 'NONE',  ( 50.42354553076838641, 113.0646981879326489, 11.63703494020662355 ) ) ;
#2206 = CARTESIAN_POINT ( 'NONE',  ( -83.93467940462730326, 174.0709608327547926, 11.63703494020661999 ) ) ;
#2207 = EDGE_LOOP ( 'NONE', ( #6767, #336, #4988, #5913, #1783, #1485 ) ) ;
#2208 = CARTESIAN_POINT ( 'NONE',  ( 48.03974788852825384, 171.7207634253991273, 2.577482685002468799 ) ) ;
#2209 = CARTESIAN_POINT ( 'NONE',  ( -48.95140942181616595, 177.4738909988835189, 11.71626375450332880 ) ) ;
#2210 = CARTESIAN_POINT ( 'NONE',  ( -107.0707555020208730, 119.3851521566297720, 1.637034940206621325 ) ) ;
#2211 = CARTESIAN_POINT ( 'NONE',  ( -62.03478753074509200, 105.0876737751727461, 1.637034940206621325 ) ) ;
#2212 = CARTESIAN_POINT ( 'NONE',  ( -55.89468970598247211, 104.5447702661805351, 11.95070681180262007 ) ) ;
#2213 = CARTESIAN_POINT ( 'NONE',  ( -100.9017544441577314, 118.7837337803544813, 1.637034940206621103 ) ) ;
#2214 = CARTESIAN_POINT ( 'NONE',  ( -102.2848122822678789, 114.3758413015981148, 11.63703494020731455 ) ) ;
#2215 = ORIENTED_EDGE ( 'NONE', *, *, #6992, .T. ) ;
#2216 = EDGE_CURVE ( 'NONE', #5269, #3851, #6273, .T. ) ;
#2217 = CARTESIAN_POINT ( 'NONE',  ( -72.78785492105565424, 176.0161927891086009, 5.637034940206621769 ) ) ;
#2218 = CARTESIAN_POINT ( 'NONE',  ( -57.21786915562466902, 177.6153307805117549, 1.637034940206620881 ) ) ;
#2219 = DIRECTION ( 'NONE',  ( 1.000000000000000000, 0.000000000000000000, 0.000000000000000000 ) ) ;
#2220 = CARTESIAN_POINT ( 'NONE',  ( -49.83808207545050095, 105.2733033449103317, 11.63703494020649920 ) ) ;
#2221 = CARTESIAN_POINT ( 'NONE',  ( -115.8218924920044088, 138.5788314026357000, 11.63703494020662355 ) ) ;
#2222 = CARTESIAN_POINT ( 'NONE',  ( -56.37817502600994857, 178.3698079270201049, 11.97681451677072673 ) ) ;
#2223 = ORIENTED_EDGE ( 'NONE', *, *, #1346, .T. ) ;
#2224 = CARTESIAN_POINT ( 'NONE',  ( -113.2431891053039550, 152.8301716117183844, 11.63703494020662177 ) ) ;
#2225 = ORIENTED_EDGE ( 'NONE', *, *, #7012, .F. ) ;
#2226 = CARTESIAN_POINT ( 'NONE',  ( -100.0980529167104436, 168.7311768270400023, 1.637034940206621103 ) ) ;
#2227 = CARTESIAN_POINT ( 'NONE',  ( -101.2256215169408762, 113.7869889441424505, 11.06269378774591239 ) ) ;
#2228 = EDGE_LOOP ( 'NONE', ( #2822, #6392, #1767 ) ) ;
#2229 = B_SPLINE_CURVE_WITH_KNOTS ( 'NONE', 3,
 ( #1239, #3497, #4032, #3994, #7484, #5277, #1699, #2410, #5696, #6835, #6374, #1811, #2301, #6301, #5774, #38, #1134, #6410, #3384, #5130, #4672, #2345, #6947, #3957, #2269, #7447, #4559, #6985, #4065, #1098, #2901, #3532, #676, #1205, #5813, #6872, #4097, #3420, #4631, #642, #1775, #5849, #4594, #5736, #532, #570, #6909, #1737, #2937, #1171, #78, #6339, #2380, #2971, #115, #2446, #2554, #864, #7132, #4205, #5922, #3598, #1415, #1962, #710, #3149, #4243, #4703, #6591, #5955, #6446 ),
 .UNSPECIFIED., .F., .F.,
 ( 4, 1, 1, 1, 1, 2, 2, 1, 1, 2, 2, 1, 1, 1, 2, 2, 1, 1, 1, 1, 2, 2, 1, 1, 1, 2, 2, 1, 1, 1, 2, 2, 1, 1, 1, 1, 2, 2, 1, 1, 1, 1, 2, 2, 1, 1, 2, 2, 1, 1, 4 ),
 ( 0.000000000000000000, 0.06249999999999818201, 0.09374999999999586442, 0.1093749999999930195, 0.1171874999999915901, 0.1210937499999924366, 0.1249999999999932832, 0.1562500000000057176, 0.1718750000000121569, 0.1796875000000153766, 0.1875000000000185685, 0.2187500000000249523, 0.2343750000000264788, 0.2421875000000255351, 0.2460937500000248412, 0.2500000000000241474, 0.3125000000000200395, 0.3437500000000161537, 0.3593750000000159872, 0.3671875000000177636, 0.3710937500000170419, 0.3750000000000162648, 0.4374999999999820144, 0.4687499999999661937, 0.4843749999999583111, 0.4921874999999547029, 0.4999999999999510947, 0.5624999999999321654, 0.5937499999999246159, 0.6093749999999213962, 0.6171874999999197309, 0.6249999999999180655, 0.6874999999999257261, 0.7187499999999279465, 0.7343749999999269473, 0.7421874999999265032, 0.7460937499999257261, 0.7499999999999249489, 0.8124999999999151790, 0.8437499999999126254, 0.8593749999999112932, 0.8671874999999097389, 0.8710937499999095168, 0.8749999999999092948, 0.9062499999999352740, 0.9140624999999412692, 0.9160156249999424904, 0.9179687499999437117, 0.9218749999999463762, 0.9374999999999575895, 1.000000000000000000 ),
 .UNSPECIFIED. ) ;
#2230 = FACE_OUTER_BOUND ( 'NONE', #6856, .T. ) ;
#2231 = CARTESIAN_POINT ( 'NONE',  ( -46.07475103281639406, 105.7593791769234883, 12.08822253753371356 ) ) ;
#2232 = CARTESIAN_POINT ( 'NONE',  ( -52.50526086929407654, 177.2068122055466404, 1.637034940206621325 ) ) ;
#2233 = DIRECTION ( 'NONE',  ( -0.000000000000000000, 0.000000000000000000, 1.000000000000000000 ) ) ;
#2234 = CARTESIAN_POINT ( 'NONE',  ( -46.43131421039773699, 105.4697730193077376, 5.581672521856546609 ) ) ;
#2235 = B_SPLINE_CURVE_WITH_KNOTS ( 'NONE', 3,
 ( #594, #5190, #6818, #3484, #3944, #5761, #4054, #6361, #5799, #2923, #4659, #2779, #1648, #7434, #6248, #1084 ),
 .UNSPECIFIED., .F., .F.,
 ( 4, 2, 2, 2, 2, 2, 2, 4 ),
 ( 1.720291803592499001E-06, 0.006785215681627213696, 0.01017696337653900725, 0.01356871107145080253, 0.02035220646127439484, 0.02204808030873025779, 0.02374395415618611727, 0.02713570185109777377 ),
 .UNSPECIFIED. ) ;
#2236 = CARTESIAN_POINT ( 'NONE',  ( 49.58323602402380459, 169.8562369101653076, 11.63703494020662355 ) ) ;
#2237 = CARTESIAN_POINT ( 'NONE',  ( -53.38741892080746254, 105.5826301361746573, 1.637034940206621103 ) ) ;
#2238 = CIRCLE ( 'NONE', #1628, 4.699999999999999289 ) ;
#2239 = ADVANCED_FACE ( 'NONE', ( #3234 ), #5542, .T. ) ;
#2240 = CARTESIAN_POINT ( 'NONE',  ( -98.74731860305433884, 114.7177113415596921, 11.43703494025265144 ) ) ;
#2241 = CARTESIAN_POINT ( 'NONE',  ( 17.10218593406370502, 110.4130692888228680, 1.637034940206620659 ) ) ;
#2242 = CARTESIAN_POINT ( 'NONE',  ( 50.52231572788222991, 113.0724418570320040, 11.63703494020662355 ) ) ;
#2243 = CARTESIAN_POINT ( 'NONE',  ( -92.22755464254338165, 171.3548189943981015, 11.63703494020661644 ) ) ;
#2244 = CARTESIAN_POINT ( 'NONE',  ( 51.60376543180890963, 171.4689277067930959, 2.585487205573596903 ) ) ;
#2245 = TOROIDAL_SURFACE ( 'NONE', #6706, 10.59228193470920054, 20.00000000000000000 ) ;
#2246 = CARTESIAN_POINT ( 'NONE',  ( -57.17713588516104295, 104.4181027886975954, 11.63703510122566698 ) ) ;
#2247 = CARTESIAN_POINT ( 'NONE',  ( -116.4208823913263728, 136.6391082634117993, 1.637034940206620881 ) ) ;
#2248 = CARTESIAN_POINT ( 'NONE',  ( -56.40639035225451892, 105.3290533852002540, 1.637034940206621325 ) ) ;
#2249 = EDGE_CURVE ( 'NONE', #903, #5284, #1148, .T. ) ;
#2250 = CARTESIAN_POINT ( 'NONE',  ( -101.4714762799159047, 168.9362417349062753, 10.98368607195754088 ) ) ;
#2251 = CARTESIAN_POINT ( 'NONE',  ( -101.5066082989362712, 166.8519898335636071, 11.63703494020662355 ) ) ;
#2252 = ORIENTED_EDGE ( 'NONE', *, *, #1009, .F. ) ;
#2253 = AXIS2_PLACEMENT_3D ( 'NONE', #4125, #7476, #6331 ) ;
#2254 = CARTESIAN_POINT ( 'NONE',  ( 56.01206830207733844, 170.6576153193440746, 10.02958634970499396 ) ) ;
#2255 = CARTESIAN_POINT ( 'NONE',  ( 53.00248531723549661, 169.3798633872143853, 5.637034940206621769 ) ) ;
#2256 = CARTESIAN_POINT ( 'NONE',  ( -55.79811938224007406, 178.2652171675985358, 5.429588726797546450 ) ) ;
#2257 = CARTESIAN_POINT ( 'NONE',  ( -103.6826777219083198, 167.6547722149978767, 11.63703494020662355 ) ) ;
#2258 = FACE_BOUND ( 'NONE', #746, .T. ) ;
#2259 = CARTESIAN_POINT ( 'NONE',  ( 53.25872280992624752, 169.5594586708218117, 11.63703494020662710 ) ) ;
#2260 = CARTESIAN_POINT ( 'NONE',  ( -49.48941690468181065, 177.4887157933899857, 10.89551983667088919 ) ) ;
#2261 = VERTEX_POINT ( 'NONE', #1662 ) ;
#2262 = FACE_OUTER_BOUND ( 'NONE', #6575, .T. ) ;
#2263 = ORIENTED_EDGE ( 'NONE', *, *, #4414, .F. ) ;
#2264 = CARTESIAN_POINT ( 'NONE',  ( -57.34852608786830075, 178.4527872699390798, 11.65075891847797607 ) ) ;
#2265 = ORIENTED_EDGE ( 'NONE', *, *, #3098, .F. ) ;
#2266 = EDGE_CURVE ( 'NONE', #5172, #5172, #5067, .T. ) ;
#2267 = CARTESIAN_POINT ( 'NONE',  ( -90.87944690745443665, 172.8963878196113626, 1.637034940206619771 ) ) ;
#2268 = CARTESIAN_POINT ( 'NONE',  ( -56.84028429869744770, 178.3866585829544249, 10.80690071318783829 ) ) ;
#2269 = CARTESIAN_POINT ( 'NONE',  ( 47.89103386273220053, 170.8868623877783932, 1.637034940206621103 ) ) ;
#2270 = CARTESIAN_POINT ( 'NONE',  ( -49.47156437544933993, 105.3728769643857532, 10.22796067651851182 ) ) ;
#2271 = CARTESIAN_POINT ( 'NONE',  ( -115.4763730587355042, 133.1077051374596181, 1.637034940206620659 ) ) ;
#2272 = CARTESIAN_POINT ( 'NONE',  ( 51.68521927696934171, 169.6914280240861217, 11.63703494020662177 ) ) ;
#2273 = DIRECTION ( 'NONE',  ( 0.000000000000000000, 0.000000000000000000, 1.000000000000000000 ) ) ;
#2274 = DIRECTION ( 'NONE',  ( -0.8433213469963972697, -0.4710791222955785784, -0.2586379056468903759 ) ) ;
#2275 = CARTESIAN_POINT ( 'NONE',  ( -103.1501000946062305, 167.9862195296924483, 10.65232513210038690 ) ) ;
#2276 = ORIENTED_EDGE ( 'NONE', *, *, #59, .F. ) ;
#2277 = DIRECTION ( 'NONE',  ( -1.000000000000000000, 0.000000000000000000, 0.000000000000000000 ) ) ;
#2278 = CARTESIAN_POINT ( 'NONE',  ( 46.58812540581394046, 112.8481388680668260, 11.63703494020662177 ) ) ;
#2279 = DIRECTION ( 'NONE',  ( -1.000000000000000000, 0.000000000000000000, 0.000000000000000000 ) ) ;
#2280 = ORIENTED_EDGE ( 'NONE', *, *, #5598, .F. ) ;
#2281 = CARTESIAN_POINT ( 'NONE',  ( -57.28713359616045153, 106.2313350587299823, 11.63703494020662177 ) ) ;
#2282 = DIRECTION ( 'NONE',  ( -0.000000000000000000, -0.000000000000000000, 1.000000000000000000 ) ) ;
#2283 = EDGE_CURVE ( 'NONE', #427, #1054, #1778, .T. ) ;
#2284 = CARTESIAN_POINT ( 'NONE',  ( -72.22285694039246096, 105.6281267216451880, 1.637034940206621103 ) ) ;
#2285 = CARTESIAN_POINT ( 'NONE',  ( -92.00076411663083320, 171.4427164917276230, 11.63703494020662355 ) ) ;
#2286 = CARTESIAN_POINT ( 'NONE',  ( 1.843924498056662031, 125.4296532796704611, 1.637034940206621103 ) ) ;
#2287 = CARTESIAN_POINT ( 'NONE',  ( -101.3077347631220704, 166.7382377035385730, 11.43703494025265144 ) ) ;
#2288 = LINE ( 'NONE', #2255, #2792 ) ;
#2289 = CARTESIAN_POINT ( 'NONE',  ( -77.50050295660632571, 107.3695763786942337, 11.63703494020662177 ) ) ;
#2290 = FACE_BOUND ( 'NONE', #3915, .T. ) ;
#2291 = CARTESIAN_POINT ( 'NONE',  ( 47.42257123280543141, 169.7741870191647990, 11.43703494025264966 ) ) ;
#2292 = ORIENTED_EDGE ( 'NONE', *, *, #2981, .T. ) ;
#2293 = DIRECTION ( 'NONE',  ( 1.000000000000000000, 0.000000000000000000, 0.000000000000000000 ) ) ;
#2294 = CARTESIAN_POINT ( 'NONE',  ( -97.77547945117702000, 169.9348643260131837, 1.637034940206621325 ) ) ;
#2295 = CARTESIAN_POINT ( 'NONE',  ( -103.6826777194388143, 115.2045343368733370, 11.63703494020662177 ) ) ;
#2296 = CARTESIAN_POINT ( 'NONE',  ( -56.34329302954347440, 177.5258892203407868, 1.637034940206621769 ) ) ;
#2297 = CARTESIAN_POINT ( 'NONE',  ( -98.29391214745685090, 169.6830713301031608, 1.637034940206621103 ) ) ;
#2298 = CARTESIAN_POINT ( 'NONE',  ( -100.9017544462903260, 164.0755727717784964, 1.637034940206621103 ) ) ;
#2299 = AXIS2_PLACEMENT_3D ( 'NONE', #6738, #928, #3858 ) ;
#2300 = DIRECTION ( 'NONE',  ( 1.000000000000000000, 0.000000000000000000, 0.000000000000000000 ) ) ;
#2301 = CARTESIAN_POINT ( 'NONE',  ( 46.84022305168599587, 170.9233110423513153, 1.637034940206621103 ) ) ;
#2302 = CARTESIAN_POINT ( 'NONE',  ( -115.8731207112463437, 141.8885635935511118, 11.43703494025329093 ) ) ;
#2303 = FACE_OUTER_BOUND ( 'NONE', #6864, .T. ) ;
#2304 = CARTESIAN_POINT ( 'NONE',  ( -115.8355151249283495, 134.2733308409148663, 1.637034940206619327 ) ) ;
#2305 = CARTESIAN_POINT ( 'NONE',  ( -113.4631711031010468, 126.4582954986695000, 11.97282518455421929 ) ) ;
#2306 = CARTESIAN_POINT ( 'NONE',  ( -0.006075503692742380280, 165.4296532797131078, 5.637034940206621769 ) ) ;
#2307 = CARTESIAN_POINT ( 'NONE',  ( 45.61756446579136082, 113.0061578439561316, 5.637034940206621769 ) ) ;
#2308 = CARTESIAN_POINT ( 'NONE',  ( -115.2369985377969357, 136.2639471587935702, 11.43703494025265144 ) ) ;
#2309 = CARTESIAN_POINT ( 'NONE',  ( 47.98643761443097588, 111.9760457927589670, 1.637034940206621103 ) ) ;
#2310 = EDGE_CURVE ( 'NONE', #5501, #3524, #1099, .T. ) ;
#2311 = CARTESIAN_POINT ( 'NONE',  ( 51.18273962599049298, 111.3184921243448855, 2.972412375621122038 ) ) ;
#2312 = ORIENTED_EDGE ( 'NONE', *, *, #3072, .T. ) ;
#2313 = CARTESIAN_POINT ( 'NONE',  ( -57.39569377708109243, 105.2608115083632754, 1.637034940206620437 ) ) ;
#2314 = CARTESIAN_POINT ( 'NONE',  ( 48.03180097551684469, 112.9135999362405585, 11.63703494020661999 ) ) ;
#2315 = CIRCLE ( 'NONE', #6162, 4.699999999999995737 ) ;
#2316 = CARTESIAN_POINT ( 'NONE',  ( 36.59063130729559532, 111.1791598980633893, 11.00121351373912404 ) ) ;
#2317 = AXIS2_PLACEMENT_3D ( 'NONE', #2957, #4150, #2987 ) ;
#2318 = EDGE_LOOP ( 'NONE', ( #220, #1298, #5845, #1644 ) ) ;
#2319 = CARTESIAN_POINT ( 'NONE',  ( -116.7713810704689905, 144.4249180084397892, 1.637034940206621103 ) ) ;
#2320 = CIRCLE ( 'NONE', #6899, 144.1305048123483630 ) ;
#2321 = CARTESIAN_POINT ( 'NONE',  ( -45.31727275502358054, 176.9989260222081668, 12.23291221374565474 ) ) ;
#2322 = CARTESIAN_POINT ( 'NONE',  ( 0.2818820526583876718, 121.2106745023652650, 1.844472958251066164 ) ) ;
#2323 = CARTESIAN_POINT ( 'NONE',  ( -79.96075349424835110, 106.8660451410082288, 1.637034940206621103 ) ) ;
#2324 = FACE_OUTER_BOUND ( 'NONE', #4918, .T. ) ;
#2325 = CARTESIAN_POINT ( 'NONE',  ( -98.18363326543349956, 168.6531548881681317, 11.63703494020662355 ) ) ;
#2326 = CARTESIAN_POINT ( 'NONE',  ( -98.74125931274899415, 114.7145017108404659, 11.43703494025265321 ) ) ;
#2327 = ORIENTED_EDGE ( 'NONE', *, *, #3399, .F. ) ;
#2328 = CARTESIAN_POINT ( 'NONE',  ( -49.35066118881945840, 177.4709131874180343, 10.13044248534066583 ) ) ;
#2329 = CARTESIAN_POINT ( 'NONE',  ( 53.69686065576447476, 112.4295786737453255, 1.637034940206620437 ) ) ;
#2330 = ADVANCED_FACE ( 'NONE', ( #2303 ), #5917, .F. ) ;
#2331 = CARTESIAN_POINT ( 'NONE',  ( -55.53561159663451008, 178.2357691307347238, 2.589845857019273723 ) ) ;
#2332 = CARTESIAN_POINT ( 'NONE',  ( -103.3380463678495431, 167.9060414725324222, 11.63703494020662177 ) ) ;
#2333 = CARTESIAN_POINT ( 'NONE',  ( -75.94704073396221133, 107.1047520087541898, 11.63703494020662177 ) ) ;
#2334 = DIRECTION ( 'NONE',  ( -1.000000000000000000, 0.000000000000000000, 0.000000000000000000 ) ) ;
#2335 = CARTESIAN_POINT ( 'NONE',  ( 53.43517304850993099, 169.5449458685633601, 11.63703494020662177 ) ) ;
#2336 = CARTESIAN_POINT ( 'NONE',  ( -56.59686187976495120, 178.3584061219195007, 11.38729958395050268 ) ) ;
#2337 = ORIENTED_EDGE ( 'NONE', *, *, #3826, .F. ) ;
#2338 = CARTESIAN_POINT ( 'NONE',  ( -105.9058176045443673, 165.8856382926893502, 2.560097286703860942 ) ) ;
#2339 = EDGE_LOOP ( 'NONE', ( #3318, #4835, #5604, #7330, #6826 ) ) ;
#2340 = CARTESIAN_POINT ( 'NONE',  ( -113.6869794547384345, 156.0177975602253468, 11.63703494020702323 ) ) ;
#2341 = EDGE_LOOP ( 'NONE', ( #731, #3846, #6919, #3241 ) ) ;
#2342 = CARTESIAN_POINT ( 'NONE',  ( 23.84392449805661940, 165.4296532796704469, 1.637034940206619327 ) ) ;
#2343 = CARTESIAN_POINT ( 'NONE',  ( -96.47921096694598475, 170.5690384895305556, 1.637034940206620659 ) ) ;
#2344 = CARTESIAN_POINT ( 'NONE',  ( -116.0725348417248881, 140.9554457501958780, 11.63703494020662177 ) ) ;
#2345 = CARTESIAN_POINT ( 'NONE',  ( 47.29217377047222470, 170.9082073105655866, 1.637034940206621103 ) ) ;
#2346 = CARTESIAN_POINT ( 'NONE',  ( 49.58096590337824239, 111.2178163088828313, 2.569434072340443187 ) ) ;
#2347 = CARTESIAN_POINT ( 'NONE',  ( -114.2634876574845464, 129.9591992715116930, 1.637034940206619771 ) ) ;
#2348 = DIRECTION ( 'NONE',  ( -0.000000000000000000, -0.000000000000000000, -1.000000000000000000 ) ) ;
#2349 = VERTEX_POINT ( 'NONE', #6951 ) ;
#2350 = CARTESIAN_POINT ( 'NONE',  ( 46.97717692031700665, 141.4296532814580303, 9.724448169894095884 ) ) ;
#2351 = ORIENTED_EDGE ( 'NONE', *, *, #619, .T. ) ;
#2352 = CARTESIAN_POINT ( 'NONE',  ( -25.85153961343359086, 107.4422945189139540, 1.637034940206620881 ) ) ;
#2353 = CARTESIAN_POINT ( 'NONE',  ( 45.47177329810804736, 112.7980022751330864, 11.63703494020662177 ) ) ;
#2354 = EDGE_CURVE ( 'NONE', #3954, #817, #6182, .T. ) ;
#2355 = CARTESIAN_POINT ( 'NONE',  ( -78.69236227899463643, 175.2692150587385811, 11.63703494020662532 ) ) ;
#2356 = CIRCLE ( 'NONE', #5234, 4.700000000000000178 ) ;
#2357 = EDGE_CURVE ( 'NONE', #3171, #4700, #3995, .T. ) ;
#2358 = CARTESIAN_POINT ( 'NONE',  ( 1.843924498056662031, 125.4296532796704611, 4.187034940206620703 ) ) ;
#2359 = CARTESIAN_POINT ( 'NONE',  ( -56.63394841431573212, 104.8785779275336694, 2.114133295472254037 ) ) ;
#2360 = CARTESIAN_POINT ( 'NONE',  ( -92.10553330549740281, 111.6730611614420923, 11.43703494025264966 ) ) ;
#2361 = VERTEX_POINT ( 'NONE', #3385 ) ;
#2362 = CARTESIAN_POINT ( 'NONE',  ( -49.84815854154587811, 177.5557756108185856, 11.14046292164923280 ) ) ;
#2363 = CARTESIAN_POINT ( 'NONE',  ( 46.06672091565067007, 111.9104913564837034, 1.637034940206620437 ) ) ;
#2364 = B_SPLINE_CURVE_WITH_KNOTS ( 'NONE', 3,
 ( #6, #4564, #2308, #6876, #4599, #3886, #6193, #1703, #2996, #1627, #3316, #4128, #2835, #5310, #5625, #5740 ),
 .UNSPECIFIED., .F., .F.,
 ( 4, 2, 2, 2, 2, 2, 2, 4 ),
 ( 0.000000000000000000, 0.2499999999999996669, 0.3749999999999996669, 0.4999999999999997780, 0.6249999999999998890, 0.6874999999999997780, 0.7499999999999995559, 1.000000000000000000 ),
 .UNSPECIFIED. ) ;
#2365 = CARTESIAN_POINT ( 'NONE',  ( -56.51876268227096034, 104.5098942245591331, 10.77554656584813841 ) ) ;
#2366 = CARTESIAN_POINT ( 'NONE',  ( -56.83932112178909080, 178.2402762793355748, 2.383382403881284084 ) ) ;
#2367 = EDGE_CURVE ( 'NONE', #3604, #3604, #4822, .T. ) ;
#2368 = CARTESIAN_POINT ( 'NONE',  ( -117.8672655166077021, 140.8177725093550521, 11.63703494020661466 ) ) ;
#2369 = CARTESIAN_POINT ( 'NONE',  ( -49.22915798026723877, 177.4552872647182085, 10.22623999137020157 ) ) ;
#2370 = ADVANCED_FACE ( 'NONE', ( #416 ), #1432, .F. ) ;
#2371 = CARTESIAN_POINT ( 'NONE',  ( 46.36148170170057625, 169.8208273715780763, 11.43703494025264966 ) ) ;
#2372 = CARTESIAN_POINT ( 'NONE',  ( -66.95078169666807355, 104.3213615108800809, 12.12491418095637918 ) ) ;
#2373 = ORIENTED_EDGE ( 'NONE', *, *, #3814, .T. ) ;
#2374 = CARTESIAN_POINT ( 'NONE',  ( -57.28995700384554368, 176.4277140708381921, 11.43703494025265144 ) ) ;
#2375 = EDGE_LOOP ( 'NONE', ( #2977, #6230 ) ) ;
#2376 = CARTESIAN_POINT ( 'NONE',  ( -103.1501000921053759, 114.8730870222287876, 10.65232513210038690 ) ) ;
#2377 = ORIENTED_EDGE ( 'NONE', *, *, #702, .F. ) ;
#2378 = CARTESIAN_POINT ( 'NONE',  ( -86.79507908635569891, 175.1351656133247729, 2.560097286703860942 ) ) ;
#2379 = CARTESIAN_POINT ( 'NONE',  ( -48.84980861132105190, 105.4528821892711505, 10.25300462334172025 ) ) ;
#2380 = CARTESIAN_POINT ( 'NONE',  ( 50.57756555200250403, 170.7211211543407785, 1.637034940206621103 ) ) ;
#2381 = CARTESIAN_POINT ( 'NONE',  ( -111.4750775551708841, 123.3423938558120199, 11.08087918196249788 ) ) ;
#2382 = CARTESIAN_POINT ( 'NONE',  ( -114.5084032763212036, 130.5255627068887350, 1.637034940206621769 ) ) ;
#2383 = CARTESIAN_POINT ( 'NONE',  ( -114.2537305807799299, 127.9656083395503856, 11.63721972053767217 ) ) ;
#2384 = VERTEX_POINT ( 'NONE', #647 ) ;
#2385 = CARTESIAN_POINT ( 'NONE',  ( -43.74892525822412637, 106.2044716981185672, 1.637034940206620881 ) ) ;
#2386 = CARTESIAN_POINT ( 'NONE',  ( 47.99687312247973381, 112.9118979130655163, 11.63703494020662355 ) ) ;
#2387 = CARTESIAN_POINT ( 'NONE',  ( -108.8373067644559455, 123.1793588003438202, 11.43703494025264966 ) ) ;
#2388 = CARTESIAN_POINT ( 'NONE',  ( -2.156075501600788868, 117.4296532794404158, 1.637034940206621103 ) ) ;
#2389 = EDGE_CURVE ( 'NONE', #6755, #2944, #3287, .T. ) ;
#2390 = DIRECTION ( 'NONE',  ( -1.000000000000000000, 0.000000000000000000, 0.000000000000000000 ) ) ;
#2391 = FACE_OUTER_BOUND ( 'NONE', #563, .T. ) ;
#2392 = CARTESIAN_POINT ( 'NONE',  ( -89.84965921514947240, 172.2449997029319775, 11.63703494020662532 ) ) ;
#2393 = CARTESIAN_POINT ( 'NONE',  ( -68.91009507525920696, 172.3654371755034447, 5.637034940206621769 ) ) ;
#2394 = EDGE_LOOP ( 'NONE', ( #6438, #2188, #670, #7364 ) ) ;
#2395 = CARTESIAN_POINT ( 'NONE',  ( -116.0725348417248881, 140.9554457501958780, 11.63703494020662177 ) ) ;
#2396 = CARTESIAN_POINT ( 'NONE',  ( 52.73686049162186151, 111.4987937379326866, 2.596913146902641412 ) ) ;
#2397 = CARTESIAN_POINT ( 'NONE',  ( 47.63421931912709795, 169.7649175916980653, 5.637034940206621769 ) ) ;
#2398 = CARTESIAN_POINT ( 'NONE',  ( 47.63412386648445818, 113.0943847230862076, 11.43703494020664380 ) ) ;
#2399 = LINE ( 'NONE', #4121, #3007 ) ;
#2400 = CARTESIAN_POINT ( 'NONE',  ( 46.37025852359342082, 170.0206347684034540, 11.63703494020661999 ) ) ;
#2401 = CARTESIAN_POINT ( 'NONE',  ( -58.02476415539877053, 104.3645735013914191, 11.68664830740755178 ) ) ;
#2402 = ORIENTED_EDGE ( 'NONE', *, *, #50, .T. ) ;
#2403 = CARTESIAN_POINT ( 'NONE',  ( -100.9017544462903260, 164.0755727717784964, 11.63703494020662177 ) ) ;
#2404 = ORIENTED_EDGE ( 'NONE', *, *, #5093, .F. ) ;
#2405 = CARTESIAN_POINT ( 'NONE',  ( -93.71411130601289585, 171.7881315671335187, 1.637034940206620881 ) ) ;
#2406 = CARTESIAN_POINT ( 'NONE',  ( 23.84392449805661229, 117.4296532796704469, 4.187034940206631362 ) ) ;
#2407 = VERTEX_POINT ( 'NONE', #1890 ) ;
#2408 = CARTESIAN_POINT ( 'NONE',  ( -91.16801042106919795, 173.6843303386649211, 2.560097286703860497 ) ) ;
#2409 = CARTESIAN_POINT ( 'NONE',  ( 44.94555193335573051, 169.8862532736476112, 5.637034940206621769 ) ) ;
#2410 = CARTESIAN_POINT ( 'NONE',  ( 46.49038475367910905, 170.9348753169300608, 1.637034940206621103 ) ) ;
#2411 = CARTESIAN_POINT ( 'NONE',  ( -102.7318717731353388, 115.6005299851155286, 1.637034940206621103 ) ) ;
#2412 = CARTESIAN_POINT ( 'NONE',  ( -106.0839707167839521, 117.2623126731890295, 2.560097286703862274 ) ) ;
#2413 = CARTESIAN_POINT ( 'NONE',  ( -117.5347107572299308, 137.9751544101297043, 12.26199597749473114 ) ) ;
#2414 = VERTEX_POINT ( 'NONE', #3574 ) ;
#2415 = B_SPLINE_CURVE_WITH_KNOTS ( 'NONE', 1,
 ( #6731, #612 ),
 .UNSPECIFIED., .F., .F.,
 ( 2, 2 ),
 ( 0.000000000000000000, 1.000000000000000000 ),
 .UNSPECIFIED. ) ;
#2416 = FACE_OUTER_BOUND ( 'NONE', #4051, .T. ) ;
#2417 = ORIENTED_EDGE ( 'NONE', *, *, #475, .T. ) ;
#2418 = AXIS2_PLACEMENT_3D ( 'NONE', #4728, #215, #7045 ) ;
#2419 = CARTESIAN_POINT ( 'NONE',  ( -98.41189020440252477, 113.2427370385685066, 1.637034940206620881 ) ) ;
#2420 = CARTESIAN_POINT ( 'NONE',  ( 45.52900760414299697, 112.8006624078391553, 11.63703494020662177 ) ) ;
#2421 = CARTESIAN_POINT ( 'NONE',  ( -114.4864714154471557, 133.8393285004803772, 11.43703494025264966 ) ) ;
#2422 = AXIS2_PLACEMENT_3D ( 'NONE', #3738, #7199, #2137 ) ;
#2423 = VERTEX_POINT ( 'NONE', #2411 ) ;
#2424 = CARTESIAN_POINT ( 'NONE',  ( -113.7469176472545911, 154.0187386125106741, 1.637034940206621103 ) ) ;
#2425 = CONICAL_SURFACE ( 'NONE', #6644, 4.700000000000000178, 0.7853981633974485010 ) ;
#2426 = DIRECTION ( 'NONE',  ( 0.06376459419867162859, -0.9941518762406389431, 0.08715574274765831853 ) ) ;
#2427 = CARTESIAN_POINT ( 'NONE',  ( 0.06243578137345048851, 121.3203976379951996, 1.865007184163962162 ) ) ;
#2428 = CARTESIAN_POINT ( 'NONE',  ( -100.5206717915374668, 167.4048754708904312, 11.63703494020661999 ) ) ;
#2429 = CARTESIAN_POINT ( 'NONE',  ( -87.97668643923121579, 110.1879713903611844, 11.43703494025264966 ) ) ;
#2430 = ORIENTED_EDGE ( 'NONE', *, *, #461, .T. ) ;
#2431 = CARTESIAN_POINT ( 'NONE',  ( -56.86781588472505433, 178.4238127036707056, 2.586896380866593237 ) ) ;
#2432 = AXIS2_PLACEMENT_3D ( 'NONE', #7119, #1877, #6020 ) ;
#2433 = DIRECTION ( 'NONE',  ( 0.000000000000000000, 0.000000000000000000, 1.000000000000000000 ) ) ;
#2434 = FACE_OUTER_BOUND ( 'NONE', #7301, .T. ) ;
#2435 = CARTESIAN_POINT ( 'NONE',  ( -56.05090077898010037, 178.3467708414196409, 2.592781512202910310 ) ) ;
#2436 = CARTESIAN_POINT ( 'NONE',  ( -58.04961173193307644, 104.3789608889884590, 11.29024228065581603 ) ) ;
#2437 = ORIENTED_EDGE ( 'NONE', *, *, #2943, .F. ) ;
#2438 = DIRECTION ( 'NONE',  ( -0.000000000000000000, -0.000000000000000000, -1.000000000000000000 ) ) ;
#2439 = ORIENTED_EDGE ( 'NONE', *, *, #6783, .T. ) ;
#2440 = CARTESIAN_POINT ( 'NONE',  ( 42.81160654540845201, 112.8520758448432133, 11.43703494020664380 ) ) ;
#2441 = CARTESIAN_POINT ( 'NONE',  ( -110.4717702934740657, 160.8579988502348499, 11.63703494020662355 ) ) ;
#2442 = ORIENTED_EDGE ( 'NONE', *, *, #6937, .T. ) ;
#2443 = CARTESIAN_POINT ( 'NONE',  ( -98.67321517920210283, 170.4316509486433233, 2.560097286703861386 ) ) ;
#2444 = EDGE_CURVE ( 'NONE', #7063, #7063, #3606, .T. ) ;
#2445 = CARTESIAN_POINT ( 'NONE',  ( -55.10931822491146193, 104.5977394373773848, 2.599828445494392515 ) ) ;
#2446 = CARTESIAN_POINT ( 'NONE',  ( 51.12645300220989952, 170.6713236206362296, 1.637034940206620881 ) ) ;
#2447 = CARTESIAN_POINT ( 'NONE',  ( -57.28995700384550105, 176.4277140708382206, 11.43703494025265144 ) ) ;
#2448 = LINE ( 'NONE', #1813, #560 ) ;
#2449 = CARTESIAN_POINT ( 'NONE',  ( -114.8369080738885799, 129.1880162843817459, 2.560097286703860497 ) ) ;
#2450 = CARTESIAN_POINT ( 'NONE',  ( -107.5272995589943577, 161.2584891004002827, 11.43703494025264789 ) ) ;
#2451 = CARTESIAN_POINT ( 'NONE',  ( -101.4634576842885991, 167.9794199294191799, 1.637034940206621103 ) ) ;
#2452 = CARTESIAN_POINT ( 'NONE',  ( -0.006075501600790768342, 117.4296532794404158, 5.637034940206621769 ) ) ;
#2453 = CARTESIAN_POINT ( 'NONE',  ( -43.07320567843211734, 176.7023887382118517, 11.63703494020662177 ) ) ;
#2454 = CARTESIAN_POINT ( 'NONE',  ( 51.51380301267868589, 112.2243172996708722, 1.637034940206621325 ) ) ;
#2455 = CARTESIAN_POINT ( 'NONE',  ( -32.95259818712411004, 106.1100654677729977, 2.560097286703860497 ) ) ;
#2456 = CARTESIAN_POINT ( 'NONE',  ( -69.05629828683602511, 178.3721273662837064, 11.63703494020659690 ) ) ;
#2457 = CARTESIAN_POINT ( 'NONE',  ( -108.3738373358385587, 122.5987271607392586, 11.43703494025264966 ) ) ;
#2458 = CARTESIAN_POINT ( 'NONE',  ( -56.84458463809961870, 105.2987468981118013, 1.637034940206620881 ) ) ;
#2459 = B_SPLINE_SURFACE_WITH_KNOTS ( 'NONE', 3, 1, ( 
 ( #492, #7251 ),
 ( #945, #6072 ),
 ( #2074, #7333 ),
 ( #4446, #1585 ),
 ( #4356, #6676 ),
 ( #415, #2795 ),
 ( #3311, #6720 ),
 ( #1547, #2723 ),
 ( #4524, #910 ) ),
 .UNSPECIFIED., .F., .F., .F.,
 ( 4, 1, 1, 3, 4 ),
 ( 2, 2 ),
 ( 4.895361807558123574E-07, 0.002797996146198669133, 0.004575478844692537281, 0.006352987437988228195, 0.006391172420031734740 ),
 ( 0.000000000000000000, 1.000000000000000000 ),
 .UNSPECIFIED. ) ;
#2460 = ADVANCED_FACE ( 'NONE', ( #4778, #79 ), #7194, .F. ) ;
#2461 = FACE_OUTER_BOUND ( 'NONE', #5308, .T. ) ;
#2462 = CARTESIAN_POINT ( 'NONE',  ( -99.66243232094490168, 169.9201956326870970, 2.560097286703868935 ) ) ;
#2463 = FACE_OUTER_BOUND ( 'NONE', #3265, .T. ) ;
#2464 = DIRECTION ( 'NONE',  ( -1.000000000000000000, 0.000000000000000000, 0.000000000000000000 ) ) ;
#2465 = CARTESIAN_POINT ( 'NONE',  ( -91.42308472655408025, 111.4077758396115883, 11.43703494025265144 ) ) ;
#2466 = ORIENTED_EDGE ( 'NONE', *, *, #1489, .T. ) ;
#2467 = CARTESIAN_POINT ( 'NONE',  ( 49.53982896979528761, 112.0556401544660474, 1.637034940206620881 ) ) ;
#2468 = CARTESIAN_POINT ( 'NONE',  ( -50.06678198595196960, 105.2966533219190950, 10.20567413425832370 ) ) ;
#2469 = AXIS2_PLACEMENT_3D ( 'NONE', #5221, #5756, #5832 ) ;
#2470 = CARTESIAN_POINT ( 'NONE',  ( -38.71440635752955473, 106.4955972733852008, 11.63703494020662177 ) ) ;
#2471 = CARTESIAN_POINT ( 'NONE',  ( 51.66143400600312674, 169.4901787698686633, 5.637034940206621769 ) ) ;
#2472 = CARTESIAN_POINT ( 'NONE',  ( -107.9993906320092094, 160.7169267107749988, 5.637034940206621769 ) ) ;
#2473 = CARTESIAN_POINT ( 'NONE',  ( 36.88211678794959880, 111.2402430236934663, 11.63703494020662177 ) ) ;
#2474 = ORIENTED_EDGE ( 'NONE', *, *, #7293, .T. ) ;
#2475 = FACE_OUTER_BOUND ( 'NONE', #4044, .T. ) ;
#2476 = ORIENTED_EDGE ( 'NONE', *, *, #3812, .T. ) ;
#2477 = CARTESIAN_POINT ( 'NONE',  ( -105.9058176045443673, 165.8856382926893502, 2.560097286703173047 ) ) ;
#2478 = DIRECTION ( 'NONE',  ( 1.000000000000000000, 0.000000000000000000, 0.000000000000000000 ) ) ;
#2479 = VERTEX_POINT ( 'NONE', #6986 ) ;
#2480 = CARTESIAN_POINT ( 'NONE',  ( -66.20132288823292299, 178.5460973005325513, 2.560097286703864050 ) ) ;
#2481 = CARTESIAN_POINT ( 'NONE',  ( -109.1271911796192597, 123.5468719403705222, 5.637034940206621769 ) ) ;
#2482 = AXIS2_PLACEMENT_3D ( 'NONE', #4632, #608, #7058 ) ;
#2483 = CARTESIAN_POINT ( 'NONE',  ( 55.37561049456213880, 112.0102748212165551, 7.972767115548512251 ) ) ;
#2484 = CARTESIAN_POINT ( 'NONE',  ( -107.5625254325481137, 121.3370584488353217, 11.63703494020662355 ) ) ;
#2485 = CARTESIAN_POINT ( 'NONE',  ( -107.8808805646139035, 119.0051370310885090, 10.89839553952836404 ) ) ;
#2486 = CARTESIAN_POINT ( 'NONE',  ( -69.23203654170073662, 176.3528386949923004, 11.43703494025264789 ) ) ;
#2487 = CARTESIAN_POINT ( 'NONE',  ( -114.1661700014161909, 149.9855518953302180, 11.43703494025265321 ) ) ;
#2488 = EDGE_CURVE ( 'NONE', #5158, #599, #2448, .T. ) ;
#2489 = CARTESIAN_POINT ( 'NONE',  ( 49.90608769823221991, 113.0256620807269883, 11.63703494020661999 ) ) ;
#2490 = AXIS2_PLACEMENT_3D ( 'NONE', #3412, #5841, #69 ) ;
#2491 = CARTESIAN_POINT ( 'NONE',  ( 46.52118697077462883, 111.9254497608006602, 1.637034940206621103 ) ) ;
#2492 = CARTESIAN_POINT ( 'NONE',  ( -101.9549458341863755, 115.1540640071080901, 1.637034940206620437 ) ) ;
#2493 = LINE ( 'NONE', #200, #3613 ) ;
#2494 = CARTESIAN_POINT ( 'NONE',  ( -112.0139030522097983, 127.9974408724743853, 11.43703494025264966 ) ) ;
#2495 = CARTESIAN_POINT ( 'NONE',  ( 49.23560913321709620, 111.0872781361462671, -0.07686866882559328928 ) ) ;
#2496 = ORIENTED_EDGE ( 'NONE', *, *, #1421, .T. ) ;
#2497 = CARTESIAN_POINT ( 'NONE',  ( -108.4157901492508955, 162.0060692046081954, 1.637034940206620881 ) ) ;
#2498 = CARTESIAN_POINT ( 'NONE',  ( 53.43474257876659550, 171.1130446244465872, 10.27038982648081955 ) ) ;
#2499 = EDGE_CURVE ( 'NONE', #6633, #6367, #5825, .T. ) ;
#2500 = CARTESIAN_POINT ( 'NONE',  ( 56.20267221954016890, 170.5016017998072471, 11.63703494020662177 ) ) ;
#2501 = CARTESIAN_POINT ( 'NONE',  ( -80.02074889599124674, 107.8599751523077401, 11.63703494020662710 ) ) ;
#2502 = CARTESIAN_POINT ( 'NONE',  ( -59.21832482574507139, 176.7615388028963253, 11.63703494020662355 ) ) ;
#2503 = CARTESIAN_POINT ( 'NONE',  ( -87.04867909684556082, 109.8925632302954227, 11.43703494025265321 ) ) ;
#2504 = ORIENTED_EDGE ( 'NONE', *, *, #6830, .T. ) ;
#2505 = FACE_OUTER_BOUND ( 'NONE', #1003, .T. ) ;
#2506 = EDGE_CURVE ( 'NONE', #1165, #6633, #4101, .T. ) ;
#2507 = ADVANCED_FACE ( 'NONE', ( #5317 ), #1349, .F. ) ;
#2508 = CARTESIAN_POINT ( 'NONE',  ( -115.8731207112463437, 141.8885635935511118, 5.637034940206621769 ) ) ;
#2509 = CARTESIAN_POINT ( 'NONE',  ( -110.5074761492434305, 157.3976827064976760, 5.637034940206621769 ) ) ;
#2510 = CARTESIAN_POINT ( 'NONE',  ( -103.1469864459615735, 167.9880096575148514, 10.98069337250986166 ) ) ;
#2511 = ORIENTED_EDGE ( 'NONE', *, *, #4020, .F. ) ;
#2512 = CARTESIAN_POINT ( 'NONE',  ( -111.4190175886441381, 159.5776410715595546, 2.560097286703860942 ) ) ;
#2513 = EDGE_LOOP ( 'NONE', ( #4236, #5448, #5005, #1657 ) ) ;
#2514 = CARTESIAN_POINT ( 'NONE',  ( -93.47627631011377503, 170.6579053398242820, 5.637034940206621769 ) ) ;
#2515 = CARTESIAN_POINT ( 'NONE',  ( -57.88535167545227722, 177.6296962254120331, 1.637034940206620659 ) ) ;
#2516 = B_SPLINE_CURVE_WITH_KNOTS ( 'NONE', 3,
 ( #6527, #6562, #5430, #7174, #4708, #7026 ),
 .UNSPECIFIED., .F., .F.,
 ( 4, 2, 4 ),
 ( 0.001091664185841112900, 0.003892859032126053370, 0.006694053878410993405 ),
 .UNSPECIFIED. ) ;
#2517 = CARTESIAN_POINT ( 'NONE',  ( -54.82381086869441589, 104.6227069614223950, 2.601959731975413082 ) ) ;
#2518 = CARTESIAN_POINT ( 'NONE',  ( 56.57591818400561579, 112.4331417663904773, 11.81965470103834193 ) ) ;
#2519 = DIRECTION ( 'NONE',  ( 0.000000000000000000, 0.000000000000000000, 1.000000000000000000 ) ) ;
#2520 = CARTESIAN_POINT ( 'NONE',  ( -113.3351299031048853, 154.8400736357521907, 1.637034940206621103 ) ) ;
#2521 = CARTESIAN_POINT ( 'NONE',  ( -75.77244298755154261, 175.5828854230285572, 11.43703494025265321 ) ) ;
#2522 = CARTESIAN_POINT ( 'NONE',  ( -113.3589098324787869, 152.0684849827192693, 11.43703494025265144 ) ) ;
#2523 = CARTESIAN_POINT ( 'NONE',  ( 52.72938822023814964, 113.2561175320933273, 11.63703494020661999 ) ) ;
#2524 = FACE_OUTER_BOUND ( 'NONE', #6461, .T. ) ;
#2525 = CARTESIAN_POINT ( 'NONE',  ( 50.56883799112403466, 112.1374953592749932, 1.637034940206621103 ) ) ;
#2526 = CARTESIAN_POINT ( 'NONE',  ( -92.29822833714260355, 110.5000625917692645, 1.637034940206621103 ) ) ;
#2527 = CARTESIAN_POINT ( 'NONE',  ( 45.71928401827983635, 170.9610028139877329, 1.637034940206619105 ) ) ;
#2528 = CARTESIAN_POINT ( 'NONE',  ( -112.9914548884778895, 129.4872093511426669, 11.63703494020662177 ) ) ;
#2529 = CARTESIAN_POINT ( 'NONE',  ( -98.49410863314059839, 113.2828305947140706, 1.637034940206620881 ) ) ;
#2530 = CARTESIAN_POINT ( 'NONE',  ( 49.41615727477094566, 169.8674285697716186, 11.63703494020661999 ) ) ;
#2531 = EDGE_CURVE ( 'NONE', #2930, #4664, #2667, .T. ) ;
#2532 = CARTESIAN_POINT ( 'NONE',  ( -114.2634876585647561, 152.9001072793629135, 1.637034940206620215 ) ) ;
#2533 = CARTESIAN_POINT ( 'NONE',  ( -56.78484449311380899, 104.4617745422792296, 3.234109948026993031 ) ) ;
#2534 = CARTESIAN_POINT ( 'NONE',  ( -111.1560755034500545, 141.4296532796704469, 4.187034940206631362 ) ) ;
#2535 = CARTESIAN_POINT ( 'NONE',  ( -117.7427462603159967, 139.1945215530200244, 2.560097286702547326 ) ) ;
#2536 = CARTESIAN_POINT ( 'NONE',  ( -77.85083804059952683, 175.4263370573197847, 11.63703494020661999 ) ) ;
#2537 = CARTESIAN_POINT ( 'NONE',  ( -95.32987931544012383, 112.8177616346791154, 11.63703494020662710 ) ) ;
#2538 = EDGE_LOOP ( 'NONE', ( #769, #1267, #4090, #1041 ) ) ;
#2539 = CARTESIAN_POINT ( 'NONE',  ( 44.94555193603530086, 112.9730532922199444, 11.43703494020664380 ) ) ;
#2540 = CARTESIAN_POINT ( 'NONE',  ( -107.9961412065567572, 163.7347172636318362, 10.90355313260141479 ) ) ;
#2541 = B_SPLINE_CURVE_WITH_KNOTS ( 'NONE', 3,
 ( #4024, #5729, #3451, #5806 ),
 .UNSPECIFIED., .F., .F.,
 ( 4, 4 ),
 ( -5.999999999555341577E-08, 0.0003686692673821385284 ),
 .UNSPECIFIED. ) ;
#2542 = DIRECTION ( 'NONE',  ( -0.04526078310955881229, 0.7056567589928552930, 0.7071067811865537900 ) ) ;
#2543 = CARTESIAN_POINT ( 'NONE',  ( -113.5306440903865166, 151.6716346938084996, 5.637034940206621769 ) ) ;
#2544 = FACE_BOUND ( 'NONE', #4773, .T. ) ;
#2545 = AXIS2_PLACEMENT_3D ( 'NONE', #4253, #1426, #6566 ) ;
#2546 = ORIENTED_EDGE ( 'NONE', *, *, #4572, .T. ) ;
#2547 = CARTESIAN_POINT ( 'NONE',  ( -113.8744573751973803, 155.6531697732401369, 11.23397675489928460 ) ) ;
#2548 = EDGE_LOOP ( 'NONE', ( #5162, #6687, #6816, #4520 ) ) ;
#2549 = AXIS2_PLACEMENT_3D ( 'NONE', #4251, #6991, #3082 ) ;
#2550 = CARTESIAN_POINT ( 'NONE',  ( -87.05310740689930071, 172.9701898840898764, 11.43703494025265144 ) ) ;
#2551 = CARTESIAN_POINT ( 'NONE',  ( 54.17948681721257742, 170.9820463817305551, 8.847831954881447913 ) ) ;
#2552 = CARTESIAN_POINT ( 'NONE',  ( -57.57894345621336640, 178.4513636546837176, 2.560097286703860942 ) ) ;
#2553 = CARTESIAN_POINT ( 'NONE',  ( -115.8731206951982244, 140.9707427485300002, 5.637034940206621769 ) ) ;
#2555 = EDGE_CURVE ( 'NONE', #1567, #3954, #2134, .T. ) ;
#2554 = CARTESIAN_POINT ( 'NONE',  ( 51.19162177178844075, 170.6652613666475986, 1.637034940206621103 ) ) ;
#2556 = CARTESIAN_POINT ( 'NONE',  ( -108.8089195203542232, 122.8208251944270017, 11.63703494020662355 ) ) ;
#2557 = CARTESIAN_POINT ( 'NONE',  ( -103.1668448585503199, 166.9654657220685010, 1.637034940206621103 ) ) ;
#2558 = CARTESIAN_POINT ( 'NONE',  ( -68.50105691816391129, 176.4077662928910399, 11.43703494025264966 ) ) ;
#2559 = CARTESIAN_POINT ( 'NONE',  ( -115.1593821456172577, 146.5746575009819708, 11.43703494025265499 ) ) ;
#2560 = CARTESIAN_POINT ( 'NONE',  ( -100.1101171644108945, 168.7246672505733329, 1.637034940206620659 ) ) ;
#2561 = CARTESIAN_POINT ( 'NONE',  ( -66.98137731182491450, 178.5271607185981111, 11.52059775282648246 ) ) ;
#2562 = CARTESIAN_POINT ( 'NONE',  ( -57.22760068766363872, 177.5870495834377323, 1.637034940206621103 ) ) ;
#2563 = CARTESIAN_POINT ( 'NONE',  ( 47.32319159303437317, 111.9521579665817228, 1.637034940206621103 ) ) ;
#2564 = CARTESIAN_POINT ( 'NONE',  ( -88.16037720153862267, 110.0384825349348432, 11.63703494020662177 ) ) ;
#2565 = CARTESIAN_POINT ( 'NONE',  ( -97.21161643578980716, 112.6465141113346533, 1.637034940206620437 ) ) ;
#2566 = CARTESIAN_POINT ( 'NONE',  ( -101.7187508856791993, 168.7981141935323706, 10.89404112731262586 ) ) ;
#2567 = CARTESIAN_POINT ( 'NONE',  ( -46.43131421039782225, 105.4697730193077803, 5.581672521856661184 ) ) ;
#2568 = CARTESIAN_POINT ( 'NONE',  ( -97.27730848588487333, 112.6800106667444794, 1.637034940206621103 ) ) ;
#2569 = CARTESIAN_POINT ( 'NONE',  ( -107.9899466941670454, 119.1180692391087632, 11.33967838263312089 ) ) ;
#2570 = CARTESIAN_POINT ( 'NONE',  ( 45.38328235032535929, 170.0654423572483722, 11.63703494020662532 ) ) ;
#2571 = FACE_OUTER_BOUND ( 'NONE', #6584, .T. ) ;
#2572 = EDGE_CURVE ( 'NONE', #3181, #7232, #688, .T. ) ;
#2573 = CARTESIAN_POINT ( 'NONE',  ( -82.94172621763611630, 174.1205912040589965, 11.43703494025264966 ) ) ;
#2574 = CARTESIAN_POINT ( 'NONE',  ( -103.6843207554299511, 115.2333055043774976, 2.560097286702543329 ) ) ;
#2575 = CARTESIAN_POINT ( 'NONE',  ( -79.89758102188744715, 107.8343593469220707, 11.63703494020661999 ) ) ;
#2576 = ORIENTED_EDGE ( 'NONE', *, *, #6737, .T. ) ;
#2577 = CARTESIAN_POINT ( 'NONE',  ( 53.06587832586308195, 113.4846567451060224, 11.43703494020664557 ) ) ;
#2578 = EDGE_CURVE ( 'NONE', #5524, #5158, #3151, .T. ) ;
#2579 = CARTESIAN_POINT ( 'NONE',  ( -107.1895315375706303, 164.5861372154768674, 11.75153850162382518 ) ) ;
#2580 = B_SPLINE_SURFACE_WITH_KNOTS ( 'NONE', 3, 1, ( 
 ( #6905, #1806 ),
 ( #6334, #6943 ),
 ( #5272, #1732 ),
 ( #4026, #3453 ),
 ( #5770, #602 ),
 ( #1847, #4127 ),
 ( #2895, #5200 ),
 ( #35, #6440 ),
 ( #6979, #3564 ),
 ( #5880, #2340 ),
 ( #4625, #4093 ),
 ( #1770, #638 ),
 ( #2931, #7089 ),
 ( #6479, #7124 ),
 ( #1378, #781 ),
 ( #2023, #7235 ),
 ( #2477, #3665 ),
 ( #862, #4162 ) ),
 .UNSPECIFIED., .F., .F., .F.,
 ( 4, 2, 2, 2, 2, 2, 2, 2, 4 ),
 ( 2, 2 ),
 ( 0.000000000000000000, 0.07307006280352040806, 0.1043200628035211297, 0.1355700628035217958, 0.1980700628035231836, 0.2605700628035245159, 0.2918200628035257926, 0.3230700628035270694, 0.4480700628035325095 ),
 ( 0.000000000000000000, 1.000000000000000000 ),
 .UNSPECIFIED. ) ;
#2581 = AXIS2_PLACEMENT_3D ( 'NONE', #4052, #6432, #6321 ) ;
#2582 = CARTESIAN_POINT ( 'NONE',  ( -113.8867823975113112, 151.3156215877406225, 11.63703494020662355 ) ) ;
#2583 = CARTESIAN_POINT ( 'NONE',  ( 47.13453038182683486, 171.7527461819352936, 2.586455999052573951 ) ) ;
#2584 = CARTESIAN_POINT ( 'NONE',  ( -102.2528993296544826, 116.4335455052089117, 11.63703494020662177 ) ) ;
#2585 = CARTESIAN_POINT ( 'NONE',  ( -103.1501000946062305, 167.9862195296924483, 10.65232513210038690 ) ) ;
#2586 = ORIENTED_EDGE ( 'NONE', *, *, #5341, .F. ) ;
#2587 = DIRECTION ( 'NONE',  ( -0.000000000000000000, -0.000000000000000000, 1.000000000000000000 ) ) ;
#2588 = AXIS2_PLACEMENT_3D ( 'NONE', #2833, #574, #3350 ) ;
#2589 = ORIENTED_EDGE ( 'NONE', *, *, #4895, .F. ) ;
#2590 = DIRECTION ( 'NONE',  ( -0.000000000000000000, 0.000000000000000000, 1.000000000000000000 ) ) ;
#2591 = CARTESIAN_POINT ( 'NONE',  ( -102.8712809713894814, 115.3580488724388573, 1.944722389039033716 ) ) ;
#2592 = CONICAL_SURFACE ( 'NONE', #5238, 4.700000000000002842, 0.7853981633974489451 ) ;
#2593 = CARTESIAN_POINT ( 'NONE',  ( -56.81584933782640690, 178.3996763774779311, 2.560097286703860942 ) ) ;
#2594 = CARTESIAN_POINT ( 'NONE',  ( -77.03990138582145164, 177.4197310446053848, 11.63703494020681894 ) ) ;
#2595 = CARTESIAN_POINT ( 'NONE',  ( -103.5224048970094088, 117.3930589525431571, 11.63703494020662355 ) ) ;
#2596 = CARTESIAN_POINT ( 'NONE',  ( 52.67314493682298604, 111.4938570997368856, 2.596390424065103009 ) ) ;
#2597 = CARTESIAN_POINT ( 'NONE',  ( -112.8527974039523940, 125.4496702401863217, 2.560097286703861386 ) ) ;
#2598 = CARTESIAN_POINT ( 'NONE',  ( -102.4506128329181678, 166.0518457497748557, 11.43703494025265144 ) ) ;
#2599 = FACE_OUTER_BOUND ( 'NONE', #3059, .T. ) ;
#2600 = CARTESIAN_POINT ( 'NONE',  ( -57.04881519320139915, 104.4487013440523668, 4.615852298622080241 ) ) ;
#2601 = CARTESIAN_POINT ( 'NONE',  ( -101.4252244929403162, 115.9612452029252410, 11.63703494020661999 ) ) ;
#2602 = CARTESIAN_POINT ( 'NONE',  ( -75.57413447252025662, 105.2264710980445557, 2.560097286703860053 ) ) ;
#2603 = CARTESIAN_POINT ( 'NONE',  ( -100.7719119860476695, 169.3224567011094450, 11.20303696987783226 ) ) ;
#2604 = CARTESIAN_POINT ( 'NONE',  ( -106.9654509798771898, 120.6740685368943815, 11.63703494020662355 ) ) ;
#2605 = CARTESIAN_POINT ( 'NONE',  ( 53.01176721054677188, 111.4542310048625637, 1.476114628500669212 ) ) ;
#2606 = PLANE ( 'NONE',  #3614 ) ;
#2607 = CARTESIAN_POINT ( 'NONE',  ( 45.80896036196052279, 170.0458140043059529, 11.63703494020662355 ) ) ;
#2608 = AXIS2_PLACEMENT_3D ( 'NONE', #326, #3142, #6619 ) ;
#2609 = CARTESIAN_POINT ( 'NONE',  ( -74.73297722182752523, 176.9075254667427828, 1.637034940206621103 ) ) ;
#2610 = CARTESIAN_POINT ( 'NONE',  ( 56.09915825964522185, 112.2364303825807497, 10.34691735782918798 ) ) ;
#2611 = UNCERTAINTY_MEASURE_WITH_UNIT (LENGTH_MEASURE( 1.000000000000000082E-05 ), #4962, 'distance_accuracy_value', 'NONE');
#2612 = CARTESIAN_POINT ( 'NONE',  ( -112.1830198793567206, 158.4631768239919438, 2.560097286703860942 ) ) ;
#2613 = CARTESIAN_POINT ( 'NONE',  ( 53.63169513409312117, 171.0501944272575656, 10.76522335370066052 ) ) ;
#2614 = CARTESIAN_POINT ( 'NONE',  ( -111.1560755034500545, 141.4296532796704469, 1.637034940206621103 ) ) ;
#2615 = CARTESIAN_POINT ( 'NONE',  ( -67.04968700273344950, 176.6992388680018280, 11.63703494020662710 ) ) ;
#2616 = CARTESIAN_POINT ( 'NONE',  ( -72.40469080707956095, 176.2513066573645801, 11.63703494020662177 ) ) ;
#2617 = ORIENTED_EDGE ( 'NONE', *, *, #5313, .T. ) ;
#2618 = CARTESIAN_POINT ( 'NONE',  ( 45.65366805642847936, 113.0067933810764202, 11.43703494020664024 ) ) ;
#2619 = CARTESIAN_POINT ( 'NONE',  ( -115.4316014911456563, 152.3400949697799831, 11.71743000387062494 ) ) ;
#2620 = B_SPLINE_CURVE_WITH_KNOTS ( 'NONE', 3,
 ( #3742, #6026, #293, #7163 ),
 .UNSPECIFIED., .F., .F.,
 ( 4, 4 ),
 ( 5.438464060922316924E-15, 0.003489193437102124703 ),
 .UNSPECIFIED. ) ;
#2621 = CARTESIAN_POINT ( 'NONE',  ( -114.9004855309791679, 148.3420919768985584, 11.63703494020662355 ) ) ;
#2622 = CARTESIAN_POINT ( 'NONE',  ( -114.3565989519790094, 149.4403416247240557, 11.43703494025265144 ) ) ;
#2623 = CARTESIAN_POINT ( 'NONE',  ( -95.27651590533064052, 112.9902063214049690, 11.43703494025265144 ) ) ;
#2624 = CARTESIAN_POINT ( 'NONE',  ( -111.1560755034500545, 141.4296532796704469, 5.637034940206621769 ) ) ;
#2625 = ORIENTED_EDGE ( 'NONE', *, *, #7459, .T. ) ;
#2626 = CARTESIAN_POINT ( 'NONE',  ( -99.66243231826192073, 112.9391109195625802, 2.560096196074692632 ) ) ;
#2627 = ORIENTED_EDGE ( 'NONE', *, *, #2499, .T. ) ;
#2628 = CARTESIAN_POINT ( 'NONE',  ( -76.63128880676634935, 175.4430943556919544, 5.637034940206621769 ) ) ;
#2629 = CARTESIAN_POINT ( 'NONE',  ( 54.35425221682676522, 170.9502370607040689, 9.056639836629811313 ) ) ;
#2630 = CARTESIAN_POINT ( 'NONE',  ( -103.1528581924117702, 168.0126162897819881, 11.63703494020662177 ) ) ;
#2631 = CARTESIAN_POINT ( 'NONE',  ( -49.59422954331319744, 177.5021381200514554, 4.506125194002473577 ) ) ;
#2632 = CARTESIAN_POINT ( 'NONE',  ( -94.27279919805764052, 110.3661799171019879, 2.560097286703856945 ) ) ;
#2633 = CARTESIAN_POINT ( 'NONE',  ( -112.9008851793454937, 155.6489567100358897, 1.637034940206620881 ) ) ;
#2634 = EDGE_LOOP ( 'NONE', ( #975, #2511, #2095, #5490 ) ) ;
#2635 = CARTESIAN_POINT ( 'NONE',  ( -114.0201897702962697, 150.9662484936024782, 11.63703494020661999 ) ) ;
#2636 = CARTESIAN_POINT ( 'NONE',  ( 53.08227303811337805, 113.2853298454620159, 11.63703494020661822 ) ) ;
#2637 = CARTESIAN_POINT ( 'NONE',  ( -56.12815409223674123, 104.5554011491338144, 5.211179801078687390 ) ) ;
#2638 = CARTESIAN_POINT ( 'NONE',  ( -101.5202574807248936, 116.0151207966706011, 11.63703494020662177 ) ) ;
#2639 = CARTESIAN_POINT ( 'NONE',  ( -86.60462816079018467, 107.6637649316983385, 2.560097286703860497 ) ) ;
#2640 = DIRECTION ( 'NONE',  ( -0.04526060716288678176, -0.7056567702276258514, 0.7071067812368670991 ) ) ;
#2641 = CARTESIAN_POINT ( 'NONE',  ( 46.97717692031700665, 141.4296532814580303, 9.724448169894095884 ) ) ;
#2642 = CARTESIAN_POINT ( 'NONE',  ( -92.31042726081376770, 110.5043931877642365, 1.637034940206621103 ) ) ;
#2643 = CARTESIAN_POINT ( 'NONE',  ( 45.96164625345679866, 170.0389302763607589, 11.63703494020662177 ) ) ;
#2644 = CARTESIAN_POINT ( 'NONE',  ( 52.03628989667038951, 313.8422321448011303, 11.43703494025265144 ) ) ;
#2645 = EDGE_CURVE ( 'NONE', #5876, #9, #6083, .T. ) ;
#2646 = CARTESIAN_POINT ( 'NONE',  ( -106.7675832985480042, 164.9489220055898215, 2.560097286703860497 ) ) ;
#2647 = CARTESIAN_POINT ( 'NONE',  ( -109.8906997187315824, 141.4296532756430906, 11.63703494020662177 ) ) ;
#2648 = CARTESIAN_POINT ( 'NONE',  ( 49.91998036750737100, 113.0268159367131062, 11.63703494020662177 ) ) ;
#2649 = CARTESIAN_POINT ( 'NONE',  ( -79.37239471940709734, 174.9293089832612225, 11.43703494025265144 ) ) ;
#2650 = CARTESIAN_POINT ( 'NONE',  ( 50.32125254215775101, 113.2447298497897208, 11.43703494020664380 ) ) ;
#2651 = CARTESIAN_POINT ( 'NONE',  ( -85.23652131912044183, 109.1451202687822502, 11.63703494020661999 ) ) ;
#2652 = ORIENTED_EDGE ( 'NONE', *, *, #6345, .F. ) ;
#2653 = DIRECTION ( 'NONE',  ( -1.000000000000000000, 0.000000000000000000, 0.000000000000000000 ) ) ;
#2654 = CARTESIAN_POINT ( 'NONE',  ( 49.53930023578028141, 113.2003836326108228, 11.43703494020664202 ) ) ;
#2655 = CARTESIAN_POINT ( 'NONE',  ( -109.5300851376907048, 162.0034752994793621, 10.97618406703912619 ) ) ;
#2656 = VECTOR ( 'NONE', #6261, 1000.000000000000000 ) ;
#2657 = CARTESIAN_POINT ( 'NONE',  ( -113.7168262716897402, 151.7317618060760651, 11.63703494020662177 ) ) ;
#2658 = FACE_OUTER_BOUND ( 'NONE', #5455, .T. ) ;
#2659 = CARTESIAN_POINT ( 'NONE',  ( -84.34546996153247278, 109.1007495746441123, 11.43703494025265144 ) ) ;
#2660 = CARTESIAN_POINT ( 'NONE',  ( 0.7132817626926644117, 161.8643319128478879, 1.766686790630828119 ) ) ;
#2661 = ORIENTED_EDGE ( 'NONE', *, *, #1179, .F. ) ;
#2662 = CARTESIAN_POINT ( 'NONE',  ( -105.4403065567902189, 166.1899364997116209, 10.78589807924511312 ) ) ;
#2663 = ORIENTED_EDGE ( 'NONE', *, *, #2266, .T. ) ;
#2664 = CARTESIAN_POINT ( 'NONE',  ( -95.25988004350057281, 169.8769499301554902, 5.637034940206621769 ) ) ;
#2665 = CARTESIAN_POINT ( 'NONE',  ( 55.59419068056338631, 170.8092064018066765, 8.251435351280880681 ) ) ;
#2666 = CARTESIAN_POINT ( 'NONE',  ( -58.53804174902345636, 178.5070894669815402, 2.560097286703862274 ) ) ;
#2667 = B_SPLINE_CURVE_WITH_KNOTS ( 'NONE', 3,
 ( #1306, #5242, #677, #6375 ),
 .UNSPECIFIED., .F., .F.,
 ( 4, 4 ),
 ( 0.000000000000000000, 1.000000000000000000 ),
 .UNSPECIFIED. ) ;
#2668 = FACE_OUTER_BOUND ( 'NONE', #179, .T. ) ;
#2669 = CARTESIAN_POINT ( 'NONE',  ( -96.09739478174209637, 171.6936733243707920, 2.560097286697728958 ) ) ;
#2670 = CARTESIAN_POINT ( 'NONE',  ( -115.5664656429010364, 137.2533880241223301, 11.63703494020662177 ) ) ;
#2671 = CARTESIAN_POINT ( 'NONE',  ( 51.54393971978339550, 111.3847049717603852, 2.584881243863819567 ) ) ;
#2672 = VERTEX_POINT ( 'NONE', #3375 ) ;
#2673 = CARTESIAN_POINT ( 'NONE',  ( -113.9662216722018826, 151.1064323637304199, 11.63703494020662355 ) ) ;
#2674 = CARTESIAN_POINT ( 'NONE',  ( -57.17053214134499939, 178.4242070254984185, 10.82444782988330623 ) ) ;
#2675 = B_SPLINE_CURVE_WITH_KNOTS ( 'NONE', 3,
 ( #3071, #1383, #1886, #4130, #5847, #5314, #2445, #1302, #2517, #3036, #5350, #675, #7130, #5421, #7269, #6444, #6556, #5276, #4204, #113, #6517 ),
 .UNSPECIFIED., .F., .F.,
 ( 4, 2, 1, 1, 1, 1, 2, 2, 1, 1, 1, 2, 2, 4 ),
 ( 0.000000000000000000, 0.03125000000000362904, 0.06250000000000725808, 0.1250000000000184297, 0.1875000000000296152, 0.2187500000000329459, 0.2343750000000324463, 0.2500000000000319189, 0.3750000000000281997, 0.4375000000000241474, 0.4687500000000240363, 0.4843750000000255351, 0.5000000000000270894, 1.000000000000000000 ),
 .UNSPECIFIED. ) ;
#2676 = CARTESIAN_POINT ( 'NONE',  ( -54.68044627049759043, 104.4657712722982410, 0.1646151100251855848 ) ) ;
#2677 = CARTESIAN_POINT ( 'NONE',  ( -101.5612312695250523, 116.0383781868376900, 11.63703494020662355 ) ) ;
#2678 = EDGE_CURVE ( 'NONE', #6550, #819, #4727, .T. ) ;
#2679 = AXIS2_PLACEMENT_3D ( 'NONE', #2406, #672, #1132 ) ;
#2680 = CARTESIAN_POINT ( 'NONE',  ( -84.86518820499604487, 107.1704010503444948, 2.560097286703861386 ) ) ;
#2681 = CARTESIAN_POINT ( 'NONE',  ( -54.18012068105961276, 177.3407080529952680, 1.637034940206621103 ) ) ;
#2682 = CARTESIAN_POINT ( 'NONE',  ( -110.1533510776560121, 124.6205337304701288, 11.63703494020662177 ) ) ;
#2683 = EDGE_CURVE ( 'NONE', #6476, #3143, #4267, .T. ) ;
#2684 = CARTESIAN_POINT ( 'NONE',  ( -114.1840236636134307, 132.8607125449987052, 5.637034940206621769 ) ) ;
#2685 = FACE_OUTER_BOUND ( 'NONE', #514, .T. ) ;
#2686 = CARTESIAN_POINT ( 'NONE',  ( 49.07921807584630614, 169.8889103708926882, 11.63703494020662355 ) ) ;
#2687 = CARTESIAN_POINT ( 'NONE',  ( 52.99749097693546673, 171.2024391877563403, 9.724448169894170491 ) ) ;
#2688 = UNCERTAINTY_MEASURE_WITH_UNIT (LENGTH_MEASURE( 1.000000000000000082E-05 ), #1097, 'distance_accuracy_value', 'NONE');
#2689 = CARTESIAN_POINT ( 'NONE',  ( -57.17299177514826169, 178.4299635923408971, 11.36872909704941215 ) ) ;
#2690 = ORIENTED_EDGE ( 'NONE', *, *, #6830, .F. ) ;
#2691 = CARTESIAN_POINT ( 'NONE',  ( 55.68495797010105264, 112.1026919598831171, 9.154554531304272658 ) ) ;
#2692 = CARTESIAN_POINT ( 'NONE',  ( 50.14917799423363931, 113.0437622708372629, 11.63703494020662177 ) ) ;
#2693 = ADVANCED_FACE ( 'NONE', ( #973 ), #5048, .T. ) ;
#2694 = CARTESIAN_POINT ( 'NONE',  ( -69.91771204453843325, 106.3578308913772901, 11.63703494020661999 ) ) ;
#2695 = VERTEX_POINT ( 'NONE', #5157 ) ;
#2696 = CARTESIAN_POINT ( 'NONE',  ( 49.54854399282091748, 112.0564050461963035, 1.637034940206621769 ) ) ;
#2697 = CARTESIAN_POINT ( 'NONE',  ( -113.4631711044842319, 156.4010110522269201, 11.97282518372061766 ) ) ;
#2698 = CARTESIAN_POINT ( 'NONE',  ( -110.3329349288840291, 157.9793980152068968, 11.63703494020662355 ) ) ;
#2699 = CARTESIAN_POINT ( 'NONE',  ( -103.1532533931390105, 168.0129772169167381, 11.64732594822362977 ) ) ;
#2700 = ADVANCED_FACE ( 'NONE', ( #7361 ), #1639, .F. ) ;
#2701 = CARTESIAN_POINT ( 'NONE',  ( 49.18790927102028121, 170.8262262589005047, 1.637034940206620881 ) ) ;
#2702 = CARTESIAN_POINT ( 'NONE',  ( -57.29993545071395289, 106.4309274163678793, 11.43703494025543499 ) ) ;
#2703 = DIRECTION ( 'NONE',  ( 1.127052364861340795E-16, 1.574532446002655002E-16, 1.000000000000000000 ) ) ;
#2704 = ORIENTED_EDGE ( 'NONE', *, *, #3179, .F. ) ;
#2705 = CARTESIAN_POINT ( 'NONE',  ( -55.75715279238558963, 104.5328519758860608, 11.63703494020730567 ) ) ;
#2706 = VERTEX_POINT ( 'NONE', #2473 ) ;
#2707 = CARTESIAN_POINT ( 'NONE',  ( -87.05310740689930071, 172.9701898840898764, 11.43703494025265144 ) ) ;
#2708 = CARTESIAN_POINT ( 'NONE',  ( -56.49978118264589000, 178.3778164040360537, 2.560097286703860942 ) ) ;
#2709 = B_SPLINE_SURFACE_WITH_KNOTS ( 'NONE', 3, 1, ( 
 ( #3300, #7358 ),
 ( #7323, #935 ),
 ( #366, #1011 ),
 ( #1536, #2711 ),
 ( #444, #3222 ),
 ( #2184, #2145 ),
 ( #4432, #3262 ),
 ( #4476, #3787 ),
 ( #2631, #6212 ) ),
 .UNSPECIFIED., .F., .F., .F.,
 ( 4, 3, 1, 1, 4 ),
 ( 2, 2 ),
 ( 0.000000000000000000, 3.818498209482747152E-05, 0.001815693575390518386, 0.003593176273884386533, 0.006390682883902300271 ),
 ( 0.000000000000000000, 1.000000000000000000 ),
 .UNSPECIFIED. ) ;
#2710 = CARTESIAN_POINT ( 'NONE',  ( -49.71725242820278368, 177.5178924572669530, 9.937738447946770748 ) ) ;
#2711 = CARTESIAN_POINT ( 'NONE',  ( -57.16194067485447761, 178.4236128206528349, 10.87400960247786230 ) ) ;
#2712 = DIRECTION ( 'NONE',  ( -0.000000000000000000, -0.000000000000000000, -1.000000000000000000 ) ) ;
#2713 = CARTESIAN_POINT ( 'NONE',  ( -52.66544144336923239, 177.9343845485695397, 11.78297554129192193 ) ) ;
#2714 = VECTOR ( 'NONE', #3968, 1000.000000000000000 ) ;
#2715 = ORIENTED_EDGE ( 'NONE', *, *, #5231, .T. ) ;
#2716 = CARTESIAN_POINT ( 'NONE',  ( -112.8636564222882299, 153.6378670647675904, 11.63703494020661999 ) ) ;
#2717 = EDGE_LOOP ( 'NONE', ( #2789 ) ) ;
#2718 = CARTESIAN_POINT ( 'NONE',  ( -97.50043817191617279, 170.0703566192613891, 1.637034940206621103 ) ) ;
#2719 = CARTESIAN_POINT ( 'NONE',  ( 41.57798809535506734, 172.0031294706380152, 2.633229638298387520 ) ) ;
#2720 = CARTESIAN_POINT ( 'NONE',  ( -54.88778563745857042, 104.4419506089063390, 0.04459494521544078022 ) ) ;
#2721 = CARTESIAN_POINT ( 'NONE',  ( -85.00358296569660865, 109.0806793954853617, 11.63703494020661999 ) ) ;
#2722 = CARTESIAN_POINT ( 'NONE',  ( -59.37669773465552225, 104.3125053082103335, 2.560097286703861386 ) ) ;
#2723 = CARTESIAN_POINT ( 'NONE',  ( -57.19229166055561109, 104.4322067919139556, 10.87400960247785520 ) ) ;
#2724 = CARTESIAN_POINT ( 'NONE',  ( -49.47156437544933993, 105.3728769643857532, 9.937738447944894915 ) ) ;
#2725 = CARTESIAN_POINT ( 'NONE',  ( -113.7676524241242788, 131.7358030737557328, 5.637034940206621769 ) ) ;
#2726 = CARTESIAN_POINT ( 'NONE',  ( -103.6843207554299937, 115.2333055043774408, 10.70720459684203973 ) ) ;
#2727 = CARTESIAN_POINT ( 'NONE',  ( 49.92012688056417602, 169.8324398603016903, 11.63703494020662355 ) ) ;
#2728 = CARTESIAN_POINT ( 'NONE',  ( -108.9427167037267168, 162.6774093609635372, 2.560097286703861386 ) ) ;
#2729 = VERTEX_POINT ( 'NONE', #1878 ) ;
#2730 = CARTESIAN_POINT ( 'NONE',  ( 53.00248534341163520, 113.4794431813445641, 5.637034940206621769 ) ) ;
#2731 = AXIS2_PLACEMENT_3D ( 'NONE', #1401, #5333, #5974 ) ;
#2732 = CARTESIAN_POINT ( 'NONE',  ( -102.4248700769589533, 166.0962631031340777, 11.43703494025265144 ) ) ;
#2733 = ORIENTED_EDGE ( 'NONE', *, *, #5115, .F. ) ;
#2734 = CARTESIAN_POINT ( 'NONE',  ( 49.33666177324013091, 171.6582991472529898, 2.568917660181742946 ) ) ;
#2735 = AXIS2_PLACEMENT_3D ( 'NONE', #7400, #3299, #2219 ) ;
#2736 = ADVANCED_FACE ( 'NONE', ( #5268 ), #1105, .F. ) ;
#2737 = CARTESIAN_POINT ( 'NONE',  ( -115.7785423466329746, 144.4268903273957676, 11.63703494020662355 ) ) ;
#2738 = CARTESIAN_POINT ( 'NONE',  ( -101.9561713901494073, 168.6940130452919391, 11.85778871306799864 ) ) ;
#2739 = CARTESIAN_POINT ( 'NONE',  ( 48.49419293060241642, 170.8631294146597952, 1.637034940206621103 ) ) ;
#2740 = CARTESIAN_POINT ( 'NONE',  ( -50.72335286816731070, 105.1622283683299344, 11.68742377232162788 ) ) ;
#2741 = CARTESIAN_POINT ( 'NONE',  ( -0.5983913600484933593, 161.2084953514410302, 1.864681281913405986 ) ) ;
#2742 = CARTESIAN_POINT ( 'NONE',  ( -101.4158334729085311, 113.8862523129658939, 11.63703494020731455 ) ) ;
#2743 = ORIENTED_EDGE ( 'NONE', *, *, #7133, .F. ) ;
#2744 = CARTESIAN_POINT ( 'NONE',  ( -82.36699632077879585, 174.2857367925350331, 11.43703494025265144 ) ) ;
#2745 = CARTESIAN_POINT ( 'NONE',  ( 54.87314623547514714, 170.8293789444711877, 9.969559544630905989 ) ) ;
#2746 = CARTESIAN_POINT ( 'NONE',  ( -54.48588209249500380, 178.1110020369114011, 3.245016277750879752 ) ) ;
#2747 = CARTESIAN_POINT ( 'NONE',  ( -115.4807548229877483, 130.6137137795051331, 11.63703494020661466 ) ) ;
#2748 = CARTESIAN_POINT ( 'NONE',  ( -84.83768285471678894, 175.7172585416003017, 2.560097286697724517 ) ) ;
#2749 = CARTESIAN_POINT ( 'NONE',  ( 52.18322142517006057, 169.4484986180099213, 11.43703494025265499 ) ) ;
#2750 = ORIENTED_EDGE ( 'NONE', *, *, #461, .F. ) ;
#2751 = DIRECTION ( 'NONE',  ( -0.000000000000000000, -0.000000000000000000, 1.000000000000000000 ) ) ;
#2752 = CARTESIAN_POINT ( 'NONE',  ( -101.6311046232087563, 113.9960659246796695, 11.70105106194415789 ) ) ;
#2753 = CARTESIAN_POINT ( 'NONE',  ( -57.49853354577240339, 104.3970234836763922, 4.349039787400193369 ) ) ;
#2754 = CARTESIAN_POINT ( 'NONE',  ( -57.45279081436029855, 104.4161006279277757, 2.560097286703860942 ) ) ;
#2755 = FACE_BOUND ( 'NONE', #6942, .T. ) ;
#2756 = CARTESIAN_POINT ( 'NONE',  ( -117.1252639183766036, 135.6034296413868105, 11.55250212428763490 ) ) ;
#2757 = CARTESIAN_POINT ( 'NONE',  ( -55.28592373868464449, 178.2770922365569106, 2.598511442074885380 ) ) ;
#2758 = CARTESIAN_POINT ( 'NONE',  ( 52.13898161143338683, 169.6529878713194535, 11.63703494020662177 ) ) ;
#2759 = CARTESIAN_POINT ( 'NONE',  ( -110.1213847824891161, 161.3013063386583212, 11.63703494020662355 ) ) ;
#2760 = CARTESIAN_POINT ( 'NONE',  ( -107.4833229983166092, 163.0329017920508079, 1.637034940206620881 ) ) ;
#2761 = ORIENTED_EDGE ( 'NONE', *, *, #6428, .F. ) ;
#2762 = CARTESIAN_POINT ( 'NONE',  ( 55.36135289556690964, 112.0086861459477490, 7.983198168259186822 ) ) ;
#2763 = CARTESIAN_POINT ( 'NONE',  ( 52.37281747153478051, 113.2261200017299956, 11.63703494020662177 ) ) ;
#2764 = ADVANCED_FACE ( 'NONE', ( #5305 ), #1392, .F. ) ;
#2765 = CARTESIAN_POINT ( 'NONE',  ( -115.2862486511959901, 136.8561737334754298, 11.43703494025265144 ) ) ;
#2766 = EDGE_LOOP ( 'NONE', ( #4606 ) ) ;
#2767 = CARTESIAN_POINT ( 'NONE',  ( 47.69064277630961612, 171.7336319123364490, 2.580868803945024492 ) ) ;
#2768 = CARTESIAN_POINT ( 'NONE',  ( -46.83688579218301840, 177.2003690417922144, 11.96578106421755727 ) ) ;
#2769 = CARTESIAN_POINT ( 'NONE',  ( -117.0306238392344937, 140.8819511251399490, 1.637034940206621103 ) ) ;
#2770 = CARTESIAN_POINT ( 'NONE',  ( -57.48260452881106630, 105.2550373693503900, 1.637034940206621103 ) ) ;
#2771 = CARTESIAN_POINT ( 'NONE',  ( -101.0293576822242017, 167.1211827074804148, 11.63703494020662355 ) ) ;
#2772 = EDGE_CURVE ( 'NONE', #2992, #4664, #6832, .T. ) ;
#2773 = CARTESIAN_POINT ( 'NONE',  ( -79.00772310849569635, 105.7947152186456350, 11.63703494020730922 ) ) ;
#2774 = ORIENTED_EDGE ( 'NONE', *, *, #1987, .F. ) ;
#2775 = CARTESIAN_POINT ( 'NONE',  ( -65.06841987206657052, 176.6690445864416290, 11.43703494025265144 ) ) ;
#2776 = CARTESIAN_POINT ( 'NONE',  ( -79.50785326451718049, 174.9073520278676881, 11.43703494025265144 ) ) ;
#2777 = CARTESIAN_POINT ( 'NONE',  ( 56.24281623382372430, 170.6562754361507928, 9.469740208343013776 ) ) ;
#2778 = CARTESIAN_POINT ( 'NONE',  ( -54.68481473612761334, 178.3940371650781742, 0.1620863883787167781 ) ) ;
#2779 = CARTESIAN_POINT ( 'NONE',  ( -116.4566199813473872, 133.4214178318942459, 11.63703494020662355 ) ) ;
#2780 = CARTESIAN_POINT ( 'NONE',  ( -49.59422954331312638, 177.5021381200515123, 10.22796067651984409 ) ) ;
#2781 = DIRECTION ( 'NONE',  ( 0.000000000000000000, 0.000000000000000000, -1.000000000000000000 ) ) ;
#2782 = CARTESIAN_POINT ( 'NONE',  ( -111.7519162062876177, 127.1281294044209176, 11.63703494020662177 ) ) ;
#2783 = CARTESIAN_POINT ( 'NONE',  ( -49.54675778618307191, 177.4960588777030353, 10.16303945335421766 ) ) ;
#2784 = AXIS2_PLACEMENT_3D ( 'NONE', #6353, #5752, #4114 ) ;
#2785 = ORIENTED_EDGE ( 'NONE', *, *, #6313, .T. ) ;
#2786 = CARTESIAN_POINT ( 'NONE',  ( -114.2040691207759977, 150.4745094015342772, 11.63703494020662710 ) ) ;
#2787 = ORIENTED_EDGE ( 'NONE', *, *, #3118, .F. ) ;
#2788 = CARTESIAN_POINT ( 'NONE',  ( -101.9007012716115241, 114.1456906440051711, 11.64121708508830899 ) ) ;
#2789 = ORIENTED_EDGE ( 'NONE', *, *, #1109, .F. ) ;
#2790 = CARTESIAN_POINT ( 'NONE',  ( -92.77073223241718836, 172.1730640212706192, 1.637034940206620881 ) ) ;
#2791 = CIRCLE ( 'NONE', #6283, 2.149999999999999023 ) ;
#2792 = VECTOR ( 'NONE', #6785, 1000.000000000000000 ) ;
#2793 = CARTESIAN_POINT ( 'NONE',  ( -49.89300672920402491, 105.3189069654797834, 10.91649089679570572 ) ) ;
#2794 = APPLICATION_PROTOCOL_DEFINITION ( 'draft international standard', 'automotive_design', 1998, #5022 ) ;
#2795 = CARTESIAN_POINT ( 'NONE',  ( -57.16194067137071499, 104.4356937355991590, 10.87400960247785520 ) ) ;
#2796 = DIRECTION ( 'NONE',  ( -1.000000000000000000, 0.000000000000000000, 0.000000000000000000 ) ) ;
#2797 = CARTESIAN_POINT ( 'NONE',  ( -42.95641500019026182, 106.2325065798116270, 11.73958536013752330 ) ) ;
#2798 = VERTEX_POINT ( 'NONE', #6800 ) ;
#2799 = CARTESIAN_POINT ( 'NONE',  ( -53.21509136873982726, 105.5961798163712899, 1.637034940206621769 ) ) ;
#2800 = AXIS2_PLACEMENT_3D ( 'NONE', #1172, #5168, #3460 ) ;
#2801 = CARTESIAN_POINT ( 'NONE',  ( 47.49851898573358255, 111.1485832831377820, 4.992019688766673013 ) ) ;
#2802 = VERTEX_POINT ( 'NONE', #930 ) ;
#2803 = CARTESIAN_POINT ( 'NONE',  ( -45.24530764215131029, 105.9066527989813693, 11.63703494020662177 ) ) ;
#2804 = CARTESIAN_POINT ( 'NONE',  ( 51.15101580384202151, 113.1231896378629216, 11.63703494020662355 ) ) ;
#2805 = CARTESIAN_POINT ( 'NONE',  ( -79.65196876468702669, 175.0762581493904975, 11.63703494020662355 ) ) ;
#2806 = EDGE_LOOP ( 'NONE', ( #2223, #218, #4799, #3506 ) ) ;
#2807 = DIRECTION ( 'NONE',  ( -0.5904623445788004243, 0.000000000000000000, -0.8070651892099584002 ) ) ;
#2808 = CARTESIAN_POINT ( 'NONE',  ( -49.65133831542136278, 177.5094514817448612, 10.20008463693849521 ) ) ;
#2809 = CARTESIAN_POINT ( 'NONE',  ( -107.6986205409858144, 120.0566466055799708, 1.637034940206621103 ) ) ;
#2810 = CARTESIAN_POINT ( 'NONE',  ( -80.08323536274882315, 106.8915757978273575, 1.637034940206621325 ) ) ;
#2811 = CARTESIAN_POINT ( 'NONE',  ( -56.11134627356553750, 105.3352193372931396, 1.652662448357964609 ) ) ;
#2812 = CARTESIAN_POINT ( 'NONE',  ( -101.3445975055252575, 166.9437600355780660, 11.63703494020662177 ) ) ;
#2813 = CARTESIAN_POINT ( 'NONE',  ( 52.99749097973869993, 111.6568673788694070, 9.724448169894154503 ) ) ;
#2814 = ORIENTED_EDGE ( 'NONE', *, *, #5365, .F. ) ;
#2815 = CARTESIAN_POINT ( 'NONE',  ( -102.1536018092125886, 166.2521516777257773, 11.43703494025323231 ) ) ;
#2816 = B_SPLINE_CURVE_WITH_KNOTS ( 'NONE', 3,
 ( #860, #4770, #4160, #5914 ),
 .UNSPECIFIED., .F., .F.,
 ( 4, 4 ),
 ( 0.000000000000000000, 1.000000000000000000 ),
 .UNSPECIFIED. ) ;
#2817 = CARTESIAN_POINT ( 'NONE',  ( -56.50728238595138464, 177.8708218389199374, 2.003131184054737446 ) ) ;
#2818 = CARTESIAN_POINT ( 'NONE',  ( -49.47156437884021329, 177.4864295925898432, 10.22796067651984409 ) ) ;
#2819 = FACE_OUTER_BOUND ( 'NONE', #5306, .T. ) ;
#2820 = CARTESIAN_POINT ( 'NONE',  ( 52.02371595350569322, 169.6627746605852280, 11.63703494020662177 ) ) ;
#2821 = CARTESIAN_POINT ( 'NONE',  ( -54.60416739552646703, 178.1649902243244981, 11.88221974884843846 ) ) ;
#2822 = ORIENTED_EDGE ( 'NONE', *, *, #6471, .T. ) ;
#2823 = CARTESIAN_POINT ( 'NONE',  ( -102.4506128782070107, 166.0518458075077604, 5.637034940206621769 ) ) ;
#2824 = CARTESIAN_POINT ( 'NONE',  ( -57.07435205265449696, 178.4175549976052935, 10.81852324441242708 ) ) ;
#2825 = ORIENTED_EDGE ( 'NONE', *, *, #5734, .F. ) ;
#2826 = EDGE_CURVE ( 'NONE', #1190, #2930, #3661, .T. ) ;
#2827 = CARTESIAN_POINT ( 'NONE',  ( -49.05069960938770635, 105.4269636978449967, 10.23800572755484239 ) ) ;
#2828 = CIRCLE ( 'NONE', #6198, 28.79228193470925490 ) ;
#2829 = DIRECTION ( 'NONE',  ( 0.000000000000000000, 0.000000000000000000, 1.000000000000000000 ) ) ;
#2830 = CARTESIAN_POINT ( 'NONE',  ( -109.8906997187315824, 141.4296532756430906, 1.637034940206621103 ) ) ;
#2831 = CARTESIAN_POINT ( 'NONE',  ( 52.62536840684136052, 112.0097101685863947, 2.001962122137473710 ) ) ;
#2832 = CARTESIAN_POINT ( 'NONE',  ( -109.3091062383679173, 121.9085678542969049, 1.637034940206621103 ) ) ;
#2833 = CARTESIAN_POINT ( 'NONE',  ( -100.9017544441577314, 118.7837337803544813, 2.560097286703860497 ) ) ;
#2834 = CARTESIAN_POINT ( 'NONE',  ( -65.67896811099390675, 177.7312886058444406, 1.637034940206621103 ) ) ;
#2835 = CARTESIAN_POINT ( 'NONE',  ( -108.0095698021243606, 122.1543898098365730, 11.43703494025265144 ) ) ;
#2836 = CARTESIAN_POINT ( 'NONE',  ( -102.1532498787624945, 116.6069525933792335, 11.43703494025265144 ) ) ;
#2837 = CIRCLE ( 'NONE', #188, 4.700000000000000178 ) ;
#2838 = EDGE_CURVE ( 'NONE', #6415, #6415, #3321, .T. ) ;
#2839 = ORIENTED_EDGE ( 'NONE', *, *, #3354, .T. ) ;
#2840 = CARTESIAN_POINT ( 'NONE',  ( -62.54711680300628984, 105.0839411070707712, 1.637034940206620881 ) ) ;
#2841 = CARTESIAN_POINT ( 'NONE',  ( 46.98311737299226820, 112.8655087311825156, 11.63703494020661999 ) ) ;
#2842 = CARTESIAN_POINT ( 'NONE',  ( -85.34256273160288231, 173.6840458149416691, 11.63703494020661999 ) ) ;
#2843 = CARTESIAN_POINT ( 'NONE',  ( -49.45204187144459240, 177.4839442850168325, 10.21152924688925623 ) ) ;
#2844 = CARTESIAN_POINT ( 'NONE',  ( -114.6254458493093296, 130.8079182881604652, 1.637034940206621325 ) ) ;
#2845 = CARTESIAN_POINT ( 'NONE',  ( -67.32223982489485081, 105.2135272214017760, 1.637034940206620659 ) ) ;
#2846 = CARTESIAN_POINT ( 'NONE',  ( -99.28278848796907141, 170.1134795852756838, 11.55284738669701206 ) ) ;
#2847 = CARTESIAN_POINT ( 'NONE',  ( -97.85638403093877002, 168.8201641841237404, 11.63703494020662355 ) ) ;
#2848 = CARTESIAN_POINT ( 'NONE',  ( 38.04314124670847974, 171.7107232829701786, 11.90973164267253637 ) ) ;
#2849 = CONICAL_SURFACE ( 'NONE', #3803, 3.671800081683065820, 0.7377866141207799489 ) ;
#2850 = CARTESIAN_POINT ( 'NONE',  ( 56.20252609439844349, 170.5591544225889891, 10.98014787430901507 ) ) ;
#2851 = CARTESIAN_POINT ( 'NONE',  ( 56.52045932922955984, 170.5493634397156200, 10.46175339825130912 ) ) ;
#2852 = CARTESIAN_POINT ( 'NONE',  ( -68.70718219603580224, 106.2661344280156470, 11.63703494020662177 ) ) ;
#2853 = CARTESIAN_POINT ( 'NONE',  ( 62.16244430778964869, 62.50400753842219359, 9.724448169893541660 ) ) ;
#2854 = CARTESIAN_POINT ( 'NONE',  ( -117.4978395606528778, 137.5785098547357279, 2.560097286703860942 ) ) ;
#2855 = EDGE_CURVE ( 'NONE', #2139, #6158, #5274, .T. ) ;
#2856 = CARTESIAN_POINT ( 'NONE',  ( -52.01852668641340927, 177.8560061939252819, 11.75071312273707136 ) ) ;
#2857 = ORIENTED_EDGE ( 'NONE', *, *, #97, .F. ) ;
#2858 = DIRECTION ( 'NONE',  ( -0.9979493749073199416, 0.06400816449555031540, 0.000000000000000000 ) ) ;
#2859 = VERTEX_POINT ( 'NONE', #5523 ) ;
#2860 = CARTESIAN_POINT ( 'NONE',  ( -98.83036104102025377, 112.5157267302734283, 11.90383939698181415 ) ) ;
#2861 = EDGE_CURVE ( 'NONE', #4700, #2261, #6994, .T. ) ;
#2862 = CARTESIAN_POINT ( 'NONE',  ( -77.45174989999959791, 176.4744877908068190, 1.637034940206621103 ) ) ;
#2863 = CARTESIAN_POINT ( 'NONE',  ( -50.53929251819720747, 177.6226591079808088, 10.24509680173465220 ) ) ;
#2864 = PRODUCT_CONTEXT ( 'NONE', #5022, 'mechanical' ) ;
#2865 = FACE_OUTER_BOUND ( 'NONE', #2058, .T. ) ;
#2866 = CARTESIAN_POINT ( 'NONE',  ( 53.22873031055689808, 111.6989875514442758, 2.424916346747170159 ) ) ;
#2867 = CARTESIAN_POINT ( 'NONE',  ( -113.7469176460690079, 128.8405679384125904, 1.637034940206621325 ) ) ;
#2868 = CARTESIAN_POINT ( 'NONE',  ( -101.9524942998549761, 168.6675451728565065, 10.80930166757305066 ) ) ;
#2869 = CARTESIAN_POINT ( 'NONE',  ( 49.48218852093062026, 169.8630346433286036, 11.63703494020662532 ) ) ;
#2870 = DIRECTION ( 'NONE',  ( 1.000000000000000000, 9.417139044247643299E-11, 0.000000000000000000 ) ) ;
#2871 = CARTESIAN_POINT ( 'NONE',  ( 44.95539236471773137, 112.7732955239991668, 11.63703494020662177 ) ) ;
#2872 = CARTESIAN_POINT ( 'NONE',  ( -81.50743843166789304, 108.3879512708729322, 5.637034940206621769 ) ) ;
#2873 = ORIENTED_EDGE ( 'NONE', *, *, #6783, .F. ) ;
#2874 = CARTESIAN_POINT ( 'NONE',  ( -41.95918669374506038, 106.3282539801980846, 1.637034940206620659 ) ) ;
#2875 = CARTESIAN_POINT ( 'NONE',  ( 46.48258690183184427, 112.8434966862840554, 11.63703494020662177 ) ) ;
#2876 = CARTESIAN_POINT ( 'NONE',  ( -84.40510096791579997, 173.9448696590008581, 11.63703494020662355 ) ) ;
#2877 = EDGE_LOOP ( 'NONE', ( #7028, #132, #4554, #584, #2546 ) ) ;
#2878 = B_SPLINE_CURVE_WITH_KNOTS ( 'NONE', 3,
 ( #1141, #3427, #5742, #579 ),
 .UNSPECIFIED., .F., .F.,
 ( 4, 4 ),
 ( 0.000000000000000000, 0.0002759819625161642775 ),
 .UNSPECIFIED. ) ;
#2879 =( BOUNDED_SURFACE ( )  B_SPLINE_SURFACE ( 3, 2, ( 
 ( #4287, #6601, #3608 ),
 ( #4178, #4857, #5894 ),
 ( #2036, #5933, #4215 ),
 ( #3046, #3158, #5434 ) ),
 .UNSPECIFIED., .F., .F., .F. ) 
 B_SPLINE_SURFACE_WITH_KNOTS ( ( 4, 4 ),
 ( 3, 3 ),
 ( 0.000000000000000000, 0.009920654953513002167 ),
 ( 0.000000000000000000, 1.000000000000000000 ),
 .UNSPECIFIED. ) 
 GEOMETRIC_REPRESENTATION_ITEM ( )  RATIONAL_B_SPLINE_SURFACE ( (
 ( 1.000000000000000000, 0.9985485956172358568, 1.000000000000000000),
 ( 1.000000000000000000, 0.9984906658417392888, 1.000000000000000000),
 ( 1.000000000000000000, 0.9984385502805417367, 1.000000000000000000),
 ( 1.000000000000000000, 0.9983950014342507506, 1.000000000000000000) ) ) 
 REPRESENTATION_ITEM ( '' )  SURFACE ( )  );
#2880 = CARTESIAN_POINT ( 'NONE',  ( -48.90413378288624102, 177.4134399823240926, 10.98562138922387277 ) ) ;
#2881 = FACE_OUTER_BOUND ( 'NONE', #3304, .T. ) ;
#2882 = CARTESIAN_POINT ( 'NONE',  ( -73.72514559684724134, 105.8135038804421413, 1.637034940206621103 ) ) ;
#2883 = DIRECTION ( 'NONE',  ( -1.000000000000000000, -9.417104279404143412E-11, 0.000000000000000000 ) ) ;
#2884 = DIRECTION ( 'NONE',  ( -0.000000000000000000, -0.000000000000000000, -1.000000000000000000 ) ) ;
#2885 = ORIENTED_EDGE ( 'NONE', *, *, #7151, .T. ) ;
#2886 = CARTESIAN_POINT ( 'NONE',  ( -49.77357971772584477, 177.5251059176177364, 10.22032515366419325 ) ) ;
#2887 = CARTESIAN_POINT ( 'NONE',  ( 49.19293774541192477, 112.0333809073487004, 1.637034940206620881 ) ) ;
#2888 = CARTESIAN_POINT ( 'NONE',  ( -76.78599910275914908, 107.2446256562377727, 11.63703494020662177 ) ) ;
#2889 = DIRECTION ( 'NONE',  ( -1.000000000000000000, 0.000000000000000000, 0.000000000000000000 ) ) ;
#2890 = CARTESIAN_POINT ( 'NONE',  ( 48.83458441176747300, 169.7030495281502454, 11.43703494025265321 ) ) ;
#2891 = CARTESIAN_POINT ( 'NONE',  ( -57.02050328827409231, 178.4426295747162499, 12.01177018023880549 ) ) ;
#2892 = VERTEX_POINT ( 'NONE', #1953 ) ;
#2893 = DIRECTION ( 'NONE',  ( -0.000000000000000000, -0.000000000000000000, 1.000000000000000000 ) ) ;
#2894 = VERTEX_POINT ( 'NONE', #4303 ) ;
#2895 = CARTESIAN_POINT ( 'NONE',  ( -116.1880730175627576, 150.2754707857480412, 2.560097286703177488 ) ) ;
#2896 = FACE_OUTER_BOUND ( 'NONE', #4678, .T. ) ;
#2897 = CARTESIAN_POINT ( 'NONE',  ( -58.58128004011449974, 177.6691001894441229, 1.637034940206621103 ) ) ;
#2898 = ADVANCED_FACE ( 'NONE', ( #6549, #1374 ), #7070, .F. ) ;
#2899 = CARTESIAN_POINT ( 'NONE',  ( -48.37268503731707625, 105.4596036937652883, 11.77298705145032365 ) ) ;
#2900 = CIRCLE ( 'NONE', #249, 2.149999999999998135 ) ;
#2901 = CARTESIAN_POINT ( 'NONE',  ( 48.23834797565706367, 170.8732233841063248, 1.637034940206621103 ) ) ;
#2902 = CARTESIAN_POINT ( 'NONE',  ( 47.66539125364059970, 111.1247749042229174, 2.581117668096022388 ) ) ;
#2903 = CARTESIAN_POINT ( 'NONE',  ( -103.1668448677235403, 115.8938408150796135, 1.637034940206620881 ) ) ;
#2904 = CARTESIAN_POINT ( 'NONE',  ( 25.99392449805661087, 165.4296532796704469, 5.637034940206621769 ) ) ;
#2905 = CARTESIAN_POINT ( 'NONE',  ( -63.91714721326367510, 177.7680477734603244, 1.637034940206620659 ) ) ;
#2906 = ORIENTED_EDGE ( 'NONE', *, *, #5772, .T. ) ;
#2907 = CARTESIAN_POINT ( 'NONE',  ( -59.85961599732176808, 105.1337984860671639, 1.637034940206620881 ) ) ;
#2908 = CARTESIAN_POINT ( 'NONE',  ( 45.87477864303131270, 112.8164768459447771, 11.63703494020662177 ) ) ;
#2909 = ADVANCED_FACE ( 'NONE', ( #2544, #4840 ), #4045, .F. ) ;
#2910 = B_SPLINE_CURVE_WITH_KNOTS ( 'NONE', 3,
 ( #1801, #6365, #2854, #3488, #5802, #633, #2926, #66, #6974, #6398, #3522, #5839, #3028, #4157, #5304, #5340, #216, #1952 ),
 .UNSPECIFIED., .F., .F.,
 ( 4, 2, 2, 2, 2, 2, 2, 2, 4 ),
 ( 0.000000000000000000, 0.1630773150660356496, 0.2328208721438653483, 0.3025644292216949638, 0.4420515433773543057, 0.5815386575330134811, 0.6512822146108444565, 0.7210257716886754320, 1.000000000000000000 ),
 .UNSPECIFIED. ) ;
#2911 = CIRCLE ( 'NONE', #3868, 4.700000000000000178 ) ;
#2912 = CARTESIAN_POINT ( 'NONE',  ( -85.80960090073240565, 173.5493079535384595, 11.63703494020662177 ) ) ;
#2913 = AXIS2_PLACEMENT_3D ( 'NONE', #212, #2922, #3025 ) ;
#2914 = CARTESIAN_POINT ( 'NONE',  ( -115.8355151256023134, 148.5859757098116347, 1.637034940206622657 ) ) ;
#2915 = EDGE_CURVE ( 'NONE', #5246, #5246, #4884, .T. ) ;
#2916 = CARTESIAN_POINT ( 'NONE',  ( -49.14408540787415092, 177.4985003537872785, 11.69890827933807920 ) ) ;
#2917 = CARTESIAN_POINT ( 'NONE',  ( -117.8672655164915142, 140.8177725078402318, 11.63703494020662177 ) ) ;
#2918 = CARTESIAN_POINT ( 'NONE',  ( -99.76820222382616521, 169.8599339712484095, 11.45271318209246836 ) ) ;
#2919 = CARTESIAN_POINT ( 'NONE',  ( -100.8683242669478659, 167.2114511756396666, 11.63703494020662355 ) ) ;
#2920 = FACE_OUTER_BOUND ( 'NONE', #1343, .T. ) ;
#2921 = CARTESIAN_POINT ( 'NONE',  ( 56.09791292694372800, 170.6234356183017553, 10.34166396812488031 ) ) ;
#2922 = DIRECTION ( 'NONE',  ( -0.000000000000000000, -0.000000000000000000, 1.000000000000000000 ) ) ;
#2923 = CARTESIAN_POINT ( 'NONE',  ( -115.9144691434482723, 131.8050023353804932, 11.63703494020662710 ) ) ;
#2924 = CARTESIAN_POINT ( 'NONE',  ( -71.36520092108351321, 106.5022265360027518, 11.63703494020662887 ) ) ;
#2925 = CARTESIAN_POINT ( 'NONE',  ( -49.84336638843069522, 105.2906892355798334, 11.38913659278669854 ) ) ;
#2926 = CARTESIAN_POINT ( 'NONE',  ( -116.1880730167297457, 132.5838357649454053, 2.560097286703860942 ) ) ;
#2927 = CARTESIAN_POINT ( 'NONE',  ( -68.98115089641318320, 104.4815626076202193, 11.64132955863452779 ) ) ;
#2928 = ORIENTED_EDGE ( 'NONE', *, *, #3826, .T. ) ;
#2929 = FACE_OUTER_BOUND ( 'NONE', #2548, .T. ) ;
#2930 = VERTEX_POINT ( 'NONE', #6242 ) ;
#2931 = CARTESIAN_POINT ( 'NONE',  ( -111.4190175886441381, 159.5776410715595546, 2.560097286703173047 ) ) ;
#2932 = ORIENTED_EDGE ( 'NONE', *, *, #4135, .T. ) ;
#2933 = DIRECTION ( 'NONE',  ( -1.000000000000000000, 0.000000000000000000, 0.000000000000000000 ) ) ;
#2934 = CARTESIAN_POINT ( 'NONE',  ( -85.09902845841375552, 174.7560596775674355, 1.637034940206621103 ) ) ;
#2935 = CARTESIAN_POINT ( 'NONE',  ( -49.59426908803554568, 177.5021431841551873, 10.16682703321503567 ) ) ;
#2936 = VERTEX_POINT ( 'NONE', #6871 ) ;
#2937 = CARTESIAN_POINT ( 'NONE',  ( 50.40375193127647435, 170.7361151135991406, 1.637034940206620881 ) ) ;
#2938 = CARTESIAN_POINT ( 'NONE',  ( -103.1501000921053759, 114.8730870222287876, 1.637034940206616884 ) ) ;
#2939 = DIRECTION ( 'NONE',  ( -0.04525645811668834589, -0.7056570364408721874, -0.7071067811301331441 ) ) ;
#2940 = CARTESIAN_POINT ( 'NONE',  ( -116.4258104633657922, 136.6370118461259153, 1.637034940206620215 ) ) ;
#2941 = DIRECTION ( 'NONE',  ( -0.04903309872606140263, -0.7644735731618023111, 0.6427876096865486888 ) ) ;
#2942 = VERTEX_POINT ( 'NONE', #2306 ) ;
#2943 = EDGE_CURVE ( 'NONE', #4427, #253, #3194, .T. ) ;
#2944 = VERTEX_POINT ( 'NONE', #1679 ) ;
#2945 = CARTESIAN_POINT ( 'NONE',  ( -33.01049387134979440, 106.9471653905957851, 1.637034940206620881 ) ) ;
#2946 = CARTESIAN_POINT ( 'NONE',  ( 46.47444798830775881, 112.8431384018138743, 11.63703494020662177 ) ) ;
#2947 = CARTESIAN_POINT ( 'NONE',  ( -112.8108230644049286, 129.5730889524383542, 11.43703494025265144 ) ) ;
#2948 = CIRCLE ( 'NONE', #4753, 5.999996634296040021 ) ;
#2949 = EDGE_CURVE ( 'NONE', #6442, #1190, #6095, .T. ) ;
#2950 = CARTESIAN_POINT ( 'NONE',  ( 36.88757776347559059, 171.6179542061750283, 11.64854717207040480 ) ) ;
#2951 = DIRECTION ( 'NONE',  ( -1.000000000000000000, 0.000000000000000000, 0.000000000000000000 ) ) ;
#2952 = CARTESIAN_POINT ( 'NONE',  ( -56.67056995034287326, 104.8415521289765593, 2.151987296534338512 ) ) ;
#2953 = CARTESIAN_POINT ( 'NONE',  ( -92.22837930594640454, 171.3530874793983401, 11.63703494020662177 ) ) ;
#2954 = DIRECTION ( 'NONE',  ( -0.8070651892099549585, -0.000000000000000000, 0.5904623445788050873 ) ) ;
#2955 = ORIENTED_EDGE ( 'NONE', *, *, #6688, .F. ) ;
#2956 = DIRECTION ( 'NONE',  ( -1.000000000000000000, 0.000000000000000000, 0.000000000000000000 ) ) ;
#2957 = CARTESIAN_POINT ( 'NONE',  ( 47.49851898385016113, 131.1485832831378104, 9.724448169894150951 ) ) ;
#2958 = ADVANCED_FACE ( 'NONE', ( #7393 ), #3937, .F. ) ;
#2959 = DIRECTION ( 'NONE',  ( -1.000000000000000000, 0.000000000000000000, 0.000000000000000000 ) ) ;
#2960 = CARTESIAN_POINT ( 'NONE',  ( -103.1501000946062305, 167.9862195296924483, 10.65228218016531159 ) ) ;
#2961 = AXIS2_PLACEMENT_3D ( 'NONE', #858, #3216, #358 ) ;
#2962 = CARTESIAN_POINT ( 'NONE',  ( 52.20012601836071298, 169.6477829340618086, 11.63703494020662355 ) ) ;
#2963 = CARTESIAN_POINT ( 'NONE',  ( -103.1455030403046180, 114.8704452834807341, 11.15011235979503290 ) ) ;
#2964 = EDGE_LOOP ( 'NONE', ( #952, #320, #2437 ) ) ;
#2965 = CARTESIAN_POINT ( 'NONE',  ( 46.28977028490967172, 113.0351556326441624, 5.637034940206621769 ) ) ;
#2966 = VERTEX_POINT ( 'NONE', #5561 ) ;
#2967 = CARTESIAN_POINT ( 'NONE',  ( -103.1501000921053759, 114.8730870222287876, 10.65228218016531159 ) ) ;
#2968 = ORIENTED_EDGE ( 'NONE', *, *, #2915, .F. ) ;
#2969 = CARTESIAN_POINT ( 'NONE',  ( -87.28422678429187442, 174.9872246222811611, 2.560097286703860942 ) ) ;
#2970 = CARTESIAN_POINT ( 'NONE',  ( -108.3912082500711733, 122.6141543158494045, 11.43703494025265144 ) ) ;
#2971 = CARTESIAN_POINT ( 'NONE',  ( 50.75959441846143250, 170.7049852483935410, 1.637034940206621103 ) ) ;
#2972 = CARTESIAN_POINT ( 'NONE',  ( 45.74865030444136238, 111.0606793243631074, 2.600236179906721734 ) ) ;
#2973 = CARTESIAN_POINT ( 'NONE',  ( -103.6843207554299511, 115.2333055043774976, 2.560097286703860942 ) ) ;
#2974 = FACE_BOUND ( 'NONE', #5749, .T. ) ;
#2975 = CARTESIAN_POINT ( 'NONE',  ( 41.14392449654985739, 157.4296532817331808, 1.637034940206621103 ) ) ;
#2976 = FACE_OUTER_BOUND ( 'NONE', #683, .T. ) ;
#2977 = ORIENTED_EDGE ( 'NONE', *, *, #1382, .T. ) ;
#2978 = CARTESIAN_POINT ( 'NONE',  ( -61.20419304996453036, 105.0976337503490470, 1.637034940206620881 ) ) ;
#2979 = CARTESIAN_POINT ( 'NONE',  ( 48.51461253985250721, 112.9382488063627648, 11.63703494020662355 ) ) ;
#2980 = CARTESIAN_POINT ( 'NONE',  ( -107.9946905362594549, 122.1423019783309343, 11.43703494025265321 ) ) ;
#2981 = EDGE_CURVE ( 'NONE', #2423, #2802, #1645, .T. ) ;
#2982 = FACE_OUTER_BOUND ( 'NONE', #1027, .T. ) ;
#2983 = CARTESIAN_POINT ( 'NONE',  ( 53.72263671744913438, 170.9642559831617064, 11.63703494020662177 ) ) ;
#2984 = CARTESIAN_POINT ( 'NONE',  ( -83.93573532829832118, 174.0694957609494224, 11.63703494020662532 ) ) ;
#2985 = CARTESIAN_POINT ( 'NONE',  ( -89.88861049637299061, 110.6270709279719000, 11.63703494020662355 ) ) ;
#2986 = EDGE_LOOP ( 'NONE', ( #2576, #7477, #5049, #6692 ) ) ;
#2987 = DIRECTION ( 'NONE',  ( 2.081668171172168513E-15, 0.000000000000000000, 1.000000000000000000 ) ) ;
#2988 = DIRECTION ( 'NONE',  ( 0.000000000000000000, -0.000000000000000000, -1.000000000000000000 ) ) ;
#2989 = CARTESIAN_POINT ( 'NONE',  ( -56.05090077898010037, 178.3467708414196409, 2.592781512202910310 ) ) ;
#2990 = CARTESIAN_POINT ( 'NONE',  ( -109.1180642036091513, 159.3244475843625025, 11.43703494025265144 ) ) ;
#2991 = CARTESIAN_POINT ( 'NONE',  ( -103.1532533906355980, 114.8463293350041283, 11.64732594822327449 ) ) ;
#2992 = VERTEX_POINT ( 'NONE', #4504 ) ;
#2993 = CARTESIAN_POINT ( 'NONE',  ( 45.84392449805655900, 125.4296532817331666, 1.637034940206621103 ) ) ;
#2994 = EDGE_LOOP ( 'NONE', ( #2928, #7421, #6501, #1033, #6217 ) ) ;
#2995 = CARTESIAN_POINT ( 'NONE',  ( -103.1528581899084429, 114.8466902621390062, 11.63703494020662177 ) ) ;
#2996 = CARTESIAN_POINT ( 'NONE',  ( -110.5093058081196915, 125.4646871909320396, 11.43703494025265144 ) ) ;
#2997 = VERTEX_POINT ( 'NONE', #5715 ) ;
#2998 = CARTESIAN_POINT ( 'NONE',  ( -57.06338591508150415, 177.5756924387148104, 1.637034940206620215 ) ) ;
#2999 = CARTESIAN_POINT ( 'NONE',  ( -103.1667188230841248, 115.8937420693102354, 1.637034940206621103 ) ) ;
#3000 = EDGE_CURVE ( 'NONE', #3066, #5063, #5997, .T. ) ;
#3001 = CARTESIAN_POINT ( 'NONE',  ( -50.73743151631027359, 105.7727188587756331, 1.637034940206620881 ) ) ;
#3002 = LINE ( 'NONE', #2938, #4714 ) ;
#3003 = CARTESIAN_POINT ( 'NONE',  ( 49.06929677543300272, 111.1859335609547799, 2.569854731086009814 ) ) ;
#3004 = CARTESIAN_POINT ( 'NONE',  ( -67.03905460334671318, 176.4995182623166841, 11.43703494025265321 ) ) ;
#3005 = CARTESIAN_POINT ( 'NONE',  ( 67.69392449654996824, 141.4296532796704184, 4.187034940206631362 ) ) ;
#3006 = CARTESIAN_POINT ( 'NONE',  ( -57.16194067137063684, 104.4356937355991306, 1.637034940206608669 ) ) ;
#3007 = VECTOR ( 'NONE', #5980, 1000.000000000000000 ) ;
#3008 = CARTESIAN_POINT ( 'NONE',  ( -84.64557228835907665, 107.9803101217467400, 1.637034940206620881 ) ) ;
#3009 = CARTESIAN_POINT ( 'NONE',  ( -77.03990138582145164, 177.4197310446053848, 11.63703494020659868 ) ) ;
#3010 = CARTESIAN_POINT ( 'NONE',  ( -106.8189675094649971, 120.8102769267587746, 11.43703494025265144 ) ) ;
#3011 = CARTESIAN_POINT ( 'NONE',  ( -67.95538868342713101, 105.2517779583305071, 1.637034940206621103 ) ) ;
#3012 = CARTESIAN_POINT ( 'NONE',  ( 52.12759134819831530, 171.3957899826006326, 2.911314190991428408 ) ) ;
#3013 = CARTESIAN_POINT ( 'NONE',  ( -111.4826852638401817, 158.0007596152375129, 1.637034940206620659 ) ) ;
#3014 = CARTESIAN_POINT ( 'NONE',  ( -57.09416670528857196, 178.4189254228543859, 2.560097286703860942 ) ) ;
#3015 = VECTOR ( 'NONE', #5120, 999.9999999999998863 ) ;
#3016 = CARTESIAN_POINT ( 'NONE',  ( 41.03006536750113042, 171.7107232829702070, 9.724448169887706328 ) ) ;
#3017 = AXIS2_PLACEMENT_3D ( 'NONE', #5265, #2433, #1330 ) ;
#3018 = CARTESIAN_POINT ( 'NONE',  ( 0.7132817646099463005, 120.9949746464141782, 1.766686790657092665 ) ) ;
#3019 = FACE_OUTER_BOUND ( 'NONE', #5948, .T. ) ;
#3020 = CARTESIAN_POINT ( 'NONE',  ( -85.64996426655874018, 109.4718153881020157, 11.43703494025264789 ) ) ;
#3021 = ORIENTED_EDGE ( 'NONE', *, *, #6362, .T. ) ;
#3022 = B_SPLINE_CURVE_WITH_KNOTS ( 'NONE', 3,
 ( #5402, #5476, #3014, #3130, #1287, #1320, #4794, #205, #6010, #7109, #3688, #314, #4757, #2045, #7073, #5936, #6047, #4830, #1906, #2462, #1940, #1976, #726 ),
 .UNSPECIFIED., .F., .F.,
 ( 4, 3, 2, 2, 2, 2, 2, 2, 2, 2, 4 ),
 ( 0.000000000000000000, 0.004231599040702717189, 0.1287026491606148848, 0.2531736992805270758, 0.3776447494004392391, 0.5021157995203513469, 0.6265868496402634547, 0.7510578997601756734, 0.8755289498800877812, 0.9377644749400438906, 1.000000000000000000 ),
 .UNSPECIFIED. ) ;
#3023 = CARTESIAN_POINT ( 'NONE',  ( 53.35052535557821329, 112.3979931722115850, 1.637034940206620881 ) ) ;
#3024 = CIRCLE ( 'NONE', #387, 2.510899749864583974 ) ;
#3025 = DIRECTION ( 'NONE',  ( -1.000000000000000000, -2.149444171748375493E-13, 0.000000000000000000 ) ) ;
#3026 = CARTESIAN_POINT ( 'NONE',  ( -61.08895106036332834, 178.6986860466543021, 11.63703494020662177 ) ) ;
#3027 = DIRECTION ( 'NONE',  ( 1.000000000000000000, 0.000000000000000000, 0.000000000000000000 ) ) ;
#3028 = CARTESIAN_POINT ( 'NONE',  ( -111.4190175869351407, 123.2816654795829976, 2.560097286703856945 ) ) ;
#3029 = CARTESIAN_POINT ( 'NONE',  ( -57.24471111074034724, 178.4331220938675813, 11.43533034963001782 ) ) ;
#3030 = ORIENTED_EDGE ( 'NONE', *, *, #1722, .F. ) ;
#3031 = CARTESIAN_POINT ( 'NONE',  ( -117.8672655165491392, 142.0415340426947353, 2.560097286703177488 ) ) ;
#3032 = VERTEX_POINT ( 'NONE', #4383 ) ;
#3033 = CARTESIAN_POINT ( 'NONE',  ( -87.05310740689930071, 172.9701898840898764, 5.637034940206621769 ) ) ;
#3034 = EDGE_LOOP ( 'NONE', ( #2215, #1635, #859, #6309 ) ) ;
#3035 = CARTESIAN_POINT ( 'NONE',  ( -72.29338759105039003, 178.0721772751402341, 2.560097286703861386 ) ) ;
#3036 = CARTESIAN_POINT ( 'NONE',  ( -54.76636667404874004, 104.6276942892360040, 2.602389945036531316 ) ) ;
#3037 = CARTESIAN_POINT ( 'NONE',  ( 54.87314624860476897, 112.0299276242182458, 9.969559540787784613 ) ) ;
#3038 = CARTESIAN_POINT ( 'NONE',  ( -57.01824102987826137, 104.4456323209942070, 2.560097286703859165 ) ) ;
#3039 = CARTESIAN_POINT ( 'NONE',  ( -57.17713588865296259, 178.4412037675502347, 11.63703510122328311 ) ) ;
#3040 = CARTESIAN_POINT ( 'NONE',  ( -100.9017544462903260, 164.0755727717784964, 11.63703494020662177 ) ) ;
#3041 = CARTESIAN_POINT ( 'NONE',  ( -113.5875297331835583, 151.5193855637218405, 11.43703494025265144 ) ) ;
#3042 = CYLINDRICAL_SURFACE ( 'NONE', #4223, 2.149999999999992362 ) ;
#3043 = DIRECTION ( 'NONE',  ( -1.000000000000000000, -0.000000000000000000, 0.000000000000000000 ) ) ;
#3044 = CARTESIAN_POINT ( 'NONE',  ( 51.29014124759176951, 112.2032507710942468, 1.637034940206621103 ) ) ;
#3045 = CARTESIAN_POINT ( 'NONE',  ( 52.95485290787037513, 112.0516150075908115, 2.560097286703859165 ) ) ;
#3046 = CARTESIAN_POINT ( 'NONE',  ( -38.66921804987904210, 176.3575058355611986, 11.67473476463723081 ) ) ;
#3047 = CARTESIAN_POINT ( 'NONE',  ( -102.4509130942482358, 116.8076960344997275, 11.43703494025265144 ) ) ;
#3048 = CARTESIAN_POINT ( 'NONE',  ( 49.32700344167991346, 111.1901563149707215, 2.689240491629670604 ) ) ;
#3049 = B_SPLINE_SURFACE_WITH_KNOTS ( 'NONE', 3, 1, ( 
 ( #7008, #4801 ),
 ( #1948, #60 ),
 ( #5906, #5942 ),
 ( #2397, #6470 ),
 ( #4690, #771 ),
 ( #6503, #3586 ),
 ( #7116, #733 ),
 ( #5797, #1912 ) ),
 .UNSPECIFIED., .F., .F., .F.,
 ( 4, 2, 2, 4 ),
 ( 2, 2 ),
 ( 0.000000000000000000, 0.2500000000000000000, 0.5000000000000000000, 1.000000000000000000 ),
 ( 0.000000000000000000, 1.000000000000000000 ),
 .UNSPECIFIED. ) ;
#3050 = VERTEX_POINT ( 'NONE', #1077 ) ;
#3051 = EDGE_CURVE ( 'NONE', #2407, #2097, #7356, .T. ) ;
#3052 = CARTESIAN_POINT ( 'NONE',  ( -109.3091062402061340, 160.9507386970443292, 1.637034940206620437 ) ) ;
#3053 = CARTESIAN_POINT ( 'NONE',  ( 53.23979486957498608, 171.1572596422875563, 9.982026873882405837 ) ) ;
#3054 = CARTESIAN_POINT ( 'NONE',  ( 34.97648755913217400, 171.7435945807348219, 10.42341153077273219 ) ) ;
#3056 = CARTESIAN_POINT ( 'NONE',  ( -78.82635621915891022, 107.6150183137368117, 11.63703494020662177 ) ) ;
#3055 = CONICAL_SURFACE ( 'NONE', #4748, 144.1305048128826343, 0.7853981634686153512 ) ;
#3057 = CARTESIAN_POINT ( 'NONE',  ( -66.54866964871821722, 176.7330888113962430, 11.63703494020662177 ) ) ;
#3058 = CARTESIAN_POINT ( 'NONE',  ( -79.49832663955412215, 107.9556517740825967, 11.43703494025265499 ) ) ;
#3059 = EDGE_LOOP ( 'NONE', ( #147 ) ) ;
#3060 = CARTESIAN_POINT ( 'NONE',  ( 45.30905986675487185, 112.7907177961527623, 11.63703494020661644 ) ) ;
#3061 = CARTESIAN_POINT ( 'NONE',  ( -57.17713588516104295, 104.4181027886975954, 11.63703510122566698 ) ) ;
#3062 = CARTESIAN_POINT ( 'NONE',  ( -40.89645578804829285, 106.3556412970562803, 11.63703494020662177 ) ) ;
#3063 = CARTESIAN_POINT ( 'NONE',  ( 53.00248534341163520, 113.4794431813445641, 5.637034940206621769 ) ) ;
#3064 = CARTESIAN_POINT ( 'NONE',  ( -50.19753079121306172, 105.2799095625853596, 10.21481948414787944 ) ) ;
#3065 = CARTESIAN_POINT ( 'NONE',  ( -47.82545121541466671, 177.5680669905093225, 4.565184290545923673 ) ) ;
#3066 = VERTEX_POINT ( 'NONE', #3973 ) ;
#3067 = CARTESIAN_POINT ( 'NONE',  ( -61.07711514377203343, 104.2387998255778427, 11.11800557453421767 ) ) ;
#3068 = ORIENTED_EDGE ( 'NONE', *, *, #923, .T. ) ;
#3069 = CARTESIAN_POINT ( 'NONE',  ( -98.74448361997788481, 168.1431081077979286, 5.637034940206621769 ) ) ;
#3070 = CARTESIAN_POINT ( 'NONE',  ( -56.05196781850403909, 177.5057405237008084, 1.637034940206620881 ) ) ;
#3071 = CARTESIAN_POINT ( 'NONE',  ( -56.05089005430721727, 104.5125364564386530, 2.592772047037723571 ) ) ;
#3072 = EDGE_CURVE ( 'NONE', #1616, #933, #3648, .T. ) ;
#3073 = CARTESIAN_POINT ( 'NONE',  ( 53.73744977180565030, 111.8824181970694553, 11.47740859764156696 ) ) ;
#3074 = CARTESIAN_POINT ( 'NONE',  ( -99.31211779552545238, 112.7609086175292390, 11.54721704489407941 ) ) ;
#3075 = CARTESIAN_POINT ( 'NONE',  ( -116.6520004559573920, 145.0171685336838436, 1.637034940206621103 ) ) ;
#3076 = CARTESIAN_POINT ( 'NONE',  ( -114.5020116497198188, 128.4745394225076325, 2.560097286703861830 ) ) ;
#3077 = CARTESIAN_POINT ( 'NONE',  ( -107.6742958645792356, 161.0896838510520013, 11.43703494025264966 ) ) ;
#3078 = CARTESIAN_POINT ( 'NONE',  ( -114.9927344841188130, 129.4899524165584239, 11.68542174581780912 ) ) ;
#3079 = CARTESIAN_POINT ( 'NONE',  ( 50.96516613177998778, 113.1076451491243660, 11.63703494020662710 ) ) ;
#3080 = EDGE_CURVE ( 'NONE', #2672, #3181, #4468, .T. ) ;
#3081 = CARTESIAN_POINT ( 'NONE',  ( 45.71928402106072298, 111.8983037519526675, 1.637034940206621103 ) ) ;
#3082 = DIRECTION ( 'NONE',  ( 1.000000000000000000, 0.000000000000000000, 0.000000000000000000 ) ) ;
#3083 = CARTESIAN_POINT ( 'NONE',  ( -56.83442215689142785, 104.4583456412741924, 2.560097286703861386 ) ) ;
#3084 = CARTESIAN_POINT ( 'NONE',  ( -71.11669256186159771, 178.2145903571431518, 11.63703494020659868 ) ) ;
#3085 = CARTESIAN_POINT ( 'NONE',  ( -109.9894295122089716, 124.7351218625345695, 11.43703494025265144 ) ) ;
#3086 = CARTESIAN_POINT ( 'NONE',  ( -86.56805500467064007, 108.5333485856762223, 1.637034940206621103 ) ) ;
#3087 = CARTESIAN_POINT ( 'NONE',  ( 45.95455357324929224, 170.0392488144805156, 11.63703494020662355 ) ) ;
#3088 = DIRECTION ( 'NONE',  ( 0.000000000000000000, 0.000000000000000000, 1.000000000000000000 ) ) ;
#3089 = CARTESIAN_POINT ( 'NONE',  ( -68.91009507525920696, 172.3654371755034447, 1.637034940206621103 ) ) ;
#3090 = CARTESIAN_POINT ( 'NONE',  ( 54.54542699614971468, 170.7891952950056975, 11.63703494020662177 ) ) ;
#3091 = ADVANCED_FACE ( 'NONE', ( #4995 ), #3253, .T. ) ;
#3092 = CARTESIAN_POINT ( 'NONE',  ( -103.1501000946062305, 167.9862195296924483, 1.637034940206616884 ) ) ;
#3093 = CARTESIAN_POINT ( 'NONE',  ( -77.97288540877464413, 175.4039062888895160, 11.63703494020661999 ) ) ;
#3094 = CARTESIAN_POINT ( 'NONE',  ( -91.60885756327246554, 111.2648301378149398, 11.63703494020661822 ) ) ;
#3095 = ORIENTED_EDGE ( 'NONE', *, *, #4310, .F. ) ;
#3096 = FACE_OUTER_BOUND ( 'NONE', #1992, .T. ) ;
#3097 = CARTESIAN_POINT ( 'NONE',  ( -112.2932939214330901, 158.3469331817690318, 11.92337084884343135 ) ) ;
#3098 = EDGE_CURVE ( 'NONE', #1064, #2892, #4654, .T. ) ;
#3099 = CARTESIAN_POINT ( 'NONE',  ( -2.156075501600788868, 117.4296532794404158, 1.637034940206621103 ) ) ;
#3100 = FACE_OUTER_BOUND ( 'NONE', #3861, .T. ) ;
#3101 = DIRECTION ( 'NONE',  ( -1.000000000000000000, 0.000000000000000000, 0.000000000000000000 ) ) ;
#3102 = ORIENTED_EDGE ( 'NONE', *, *, #6124, .T. ) ;
#3103 = CARTESIAN_POINT ( 'NONE',  ( -116.5316248903666576, 149.4215311201941176, 11.46867444300190897 ) ) ;
#3104 = ORIENTED_EDGE ( 'NONE', *, *, #213, .T. ) ;
#3105 = CARTESIAN_POINT ( 'NONE',  ( -89.82688906946677321, 172.0470310116761254, 5.637034940206621769 ) ) ;
#3106 = CARTESIAN_POINT ( 'NONE',  ( -103.0106904139853299, 115.1155678797117048, 2.252409837871447440 ) ) ;
#3107 = CARTESIAN_POINT ( 'NONE',  ( -102.1532499050759384, 116.6069525227590162, 5.637034940206621769 ) ) ;
#3108 = CARTESIAN_POINT ( 'NONE',  ( -45.24530764548595840, 176.9526537583911932, 11.63703494020662177 ) ) ;
#3109 = CARTESIAN_POINT ( 'NONE',  ( -103.6843207554299511, 115.2333055043774976, 1.637034940206616884 ) ) ;
#3110 = B_SPLINE_SURFACE_WITH_KNOTS ( 'NONE', 3, 1, ( 
 ( #6663, #2705 ),
 ( #3822, #1604 ),
 ( #5563, #6131 ),
 ( #360, #5640 ),
 ( #6093, #1450 ),
 ( #5074, #7274 ),
 ( #3180, #2096 ),
 ( #893, #6703 ),
 ( #6060, #3332 ),
 ( #473, #5489 ),
 ( #3739, #4385 ),
 ( #1530, #2773 ),
 ( #5040, #4426 ),
 ( #328, #6742 ),
 ( #2177, #7395 ),
 ( #6170, #965 ),
 ( #3255, #7352 ),
 ( #400, #1568 ),
 ( #4997, #7314 ),
 ( #2626, #6781 ),
 ( #1004, #2742 ),
 ( #3295, #2214 ),
 ( #436, #4469 ) ),
 .UNSPECIFIED., .F., .F., .F.,
 ( 4, 3, 2, 2, 2, 2, 2, 2, 2, 2, 4 ),
 ( 2, 2 ),
 ( -0.02936112843387319107, 0.000000000000000000, 0.1250000000000000000, 0.2500000000000000000, 0.3750000000000000000, 0.5000000000000000000, 0.6250000000000000000, 0.7500000000000000000, 0.8750000000000000000, 0.9375000000000000000, 1.000000000000000000 ),
 ( 0.000000000000000000, 1.000000000000000000 ),
 .UNSPECIFIED. ) ;
#3111 = CARTESIAN_POINT ( 'NONE',  ( -57.09662882178351140, 105.2580878805443376, 1.637034940206620881 ) ) ;
#3112 = CARTESIAN_POINT ( 'NONE',  ( -106.9081496982895629, 163.7396971416202405, 1.637034940206621547 ) ) ;
#3113 = CARTESIAN_POINT ( 'NONE',  ( -111.8346771309846162, 123.8783866211281861, 2.560097286703860053 ) ) ;
#3114 = CARTESIAN_POINT ( 'NONE',  ( -114.6245853006616215, 148.5744838092619773, 11.43703494025265321 ) ) ;
#3115 = DIRECTION ( 'NONE',  ( -1.000000000000000000, 0.000000000000000000, 0.000000000000000000 ) ) ;
#3116 = CARTESIAN_POINT ( 'NONE',  ( -56.87563080834897278, 177.5627068794570960, 1.637034940206621325 ) ) ;
#3117 = DIRECTION ( 'NONE',  ( -1.000000000000000000, -1.020823386164695453E-14, 0.000000000000000000 ) ) ;
#3118 = EDGE_CURVE ( 'NONE', #7326, #6351, #6098, .T. ) ;
#3119 = CARTESIAN_POINT ( 'NONE',  ( -93.54151799794202304, 112.0349750895805840, 11.63703494020662177 ) ) ;
#3120 = CARTESIAN_POINT ( 'NONE',  ( -52.63972239639367956, 104.7484603648981363, 2.560097286703862274 ) ) ;
#3121 = FACE_OUTER_BOUND ( 'NONE', #5248, .T. ) ;
#3122 = EDGE_CURVE ( 'NONE', #5114, #5524, #1066, .T. ) ;
#3123 = DIRECTION ( 'NONE',  ( -1.000000000000000000, 0.000000000000000000, 0.000000000000000000 ) ) ;
#3124 = CARTESIAN_POINT ( 'NONE',  ( 51.16392416814346689, 111.3590632022264373, 4.243197200702611305 ) ) ;
#3125 = EDGE_CURVE ( 'NONE', #5631, #2802, #4913, .T. ) ;
#3126 = B_SPLINE_CURVE_WITH_KNOTS ( 'NONE', 3,
 ( #1675, #3969, #7460, #2281 ),
 .UNSPECIFIED., .F., .F.,
 ( 4, 4 ),
 ( 0.000000000000000000, 1.000000000000000000 ),
 .UNSPECIFIED. ) ;
#3127 = CARTESIAN_POINT ( 'NONE',  ( 47.17333051474061989, 171.7520303883272845, 2.585974782408872574 ) ) ;
#3128 = CARTESIAN_POINT ( 'NONE',  ( 47.35872488447225948, 169.9771110113299528, 11.63703494020662177 ) ) ;
#3129 = FACE_OUTER_BOUND ( 'NONE', #4480, .T. ) ;
#3130 = CARTESIAN_POINT ( 'NONE',  ( -57.16194067485439945, 178.4236128206528633, 2.560097286703860942 ) ) ;
#3131 = AXIS2_PLACEMENT_3D ( 'NONE', #7340, #4453, #917 ) ;
#3132 = CARTESIAN_POINT ( 'NONE',  ( -78.17496417394947628, 175.1642365717428049, 11.43703494025264966 ) ) ;
#3133 = CARTESIAN_POINT ( 'NONE',  ( -63.99114976811770816, 176.8043707233098587, 11.63703494020662177 ) ) ;
#3134 = CARTESIAN_POINT ( 'NONE',  ( -82.82877384243089125, 108.7104252595354694, 11.43703494025265321 ) ) ;
#3135 = VERTEX_POINT ( 'NONE', #4833 ) ;
#3136 = CARTESIAN_POINT ( 'NONE',  ( -103.6843207554299511, 115.2333055043774976, 10.70729333794644234 ) ) ;
#3137 = CARTESIAN_POINT ( 'NONE',  ( -117.5347107575571357, 144.8841521404253001, 12.26199597749444159 ) ) ;
#3138 = ADVANCED_FACE ( 'NONE', ( #4261, #5446 ), #6573, .F. ) ;
#3139 = CARTESIAN_POINT ( 'NONE',  ( -45.24530764215131029, 105.9066527989813693, 11.63703494020662177 ) ) ;
#3140 = CARTESIAN_POINT ( 'NONE',  ( 49.53476414559023766, 170.8040128450103055, 1.637034940206620881 ) ) ;
#3141 = CARTESIAN_POINT ( 'NONE',  ( -102.4506128782070107, 166.0518458075077604, 11.43703494025265144 ) ) ;
#3142 = DIRECTION ( 'NONE',  ( -0.000000000000000000, -0.000000000000000000, -1.000000000000000000 ) ) ;
#3143 = VERTEX_POINT ( 'NONE', #6612 ) ;
#3144 = FACE_OUTER_BOUND ( 'NONE', #410, .T. ) ;
#3145 = ORIENTED_EDGE ( 'NONE', *, *, #7215, .F. ) ;
#3146 = VECTOR ( 'NONE', #4212, 1000.000000000000000 ) ;
#3147 = CARTESIAN_POINT ( 'NONE',  ( -117.8672655164915142, 140.8177725078402318, 11.63703494020662177 ) ) ;
#3148 = CARTESIAN_POINT ( 'NONE',  ( -57.29136909090666308, 178.4324638972264552, 2.560097286703860497 ) ) ;
#3149 = CARTESIAN_POINT ( 'NONE',  ( 51.52398188491238784, 170.6340258007008970, 1.637034940206621103 ) ) ;
#3150 = CARTESIAN_POINT ( 'NONE',  ( -49.22915797689536532, 105.4040192922781642, 10.22623999136887285 ) ) ;
#3151 = LINE ( 'NONE', #1457, #6578 ) ;
#3152 = CARTESIAN_POINT ( 'NONE',  ( -108.0938270559539944, 119.2507152599456646, 2.560097286703860942 ) ) ;
#3153 = CARTESIAN_POINT ( 'NONE',  ( -115.7817297727191601, 143.0799192076305530, 11.43703494025264966 ) ) ;
#3154 = CARTESIAN_POINT ( 'NONE',  ( -58.31920077916363709, 178.4954610325794704, 10.91215064335755081 ) ) ;
#3155 = CARTESIAN_POINT ( 'NONE',  ( -102.1536018092125886, 166.2521516777257773, 11.43703494025323231 ) ) ;
#3156 = CARTESIAN_POINT ( 'NONE',  ( -100.9517505973293652, 115.6946147202131101, 11.63703494020662532 ) ) ;
#3157 = CARTESIAN_POINT ( 'NONE',  ( -86.36633050763097685, 108.4683737223106448, 1.637034940206620881 ) ) ;
#3158 = CARTESIAN_POINT ( 'NONE',  ( -40.49182007075245338, 176.2840014224811114, 13.84661721649338340 ) ) ;
#3159 = CARTESIAN_POINT ( 'NONE',  ( -113.9335092771415248, 131.6656588544427962, 11.63703494020662355 ) ) ;
#3160 = CARTESIAN_POINT ( 'NONE',  ( -97.33598713648413536, 112.7085651858290305, 1.637034940206621103 ) ) ;
#3161 = EDGE_CURVE ( 'NONE', #1278, #1278, #3558, .T. ) ;
#3162 = CARTESIAN_POINT ( 'NONE',  ( 48.20619075028815814, 169.9371134765949307, 11.63703494020661822 ) ) ;
#3163 =( BOUNDED_SURFACE ( )  B_SPLINE_SURFACE ( 3, 2, ( 
 ( #2788, #1656, #3343 ),
 ( #2752, #1092, #5052 ),
 ( #4483, #6794, #2227 ),
 ( #3952, #145, #3414 ),
 ( #5233, #6404, #4699 ),
 ( #5808, #5309, #5731 ),
 ( #566, #4589, #110 ),
 ( #1202, #2860, #705 ) ),
 .UNSPECIFIED., .F., .F., .F. ) 
 B_SPLINE_SURFACE_WITH_KNOTS ( ( 4, 2, 2, 4 ),
 ( 3, 3 ),
 ( 0.0005830382256099250803, 0.001621927217002734796, 0.002660816208395544620, 0.004738594191181164268 ),
 ( 0.8394894375661223762, 1.000000000000000000 ),
 .UNSPECIFIED. ) 
 GEOMETRIC_REPRESENTATION_ITEM ( )  RATIONAL_B_SPLINE_SURFACE ( (
 ( 0.9980402587336860698, 0.9988327778893825171, 1.000000000000000000),
 ( 0.9982182266462431564, 0.9989387755973900829, 1.000000000000000000),
 ( 0.9983476826975916651, 0.9990158796356040094, 1.000000000000000000),
 ( 0.9985658926781981748, 0.9991458455237032243, 1.000000000000000000),
 ( 0.9986537527779288936, 0.9991981750086253999, 1.000000000000000000),
 ( 0.9988820727241795039, 0.9993341623933580387, 1.000000000000000000),
 ( 0.9989874400588749648, 0.9993969191893226078, 1.000000000000000000),
 ( 0.9990757029109798015, 0.9994494885536022721, 1.000000000000000000) ) ) 
 REPRESENTATION_ITEM ( '' )  SURFACE ( )  );
#3164 = CARTESIAN_POINT ( 'NONE',  ( -111.1120301270703692, 159.9989564154003290, 2.560097286703860497 ) ) ;
#3165 = FACE_OUTER_BOUND ( 'NONE', #5160, .T. ) ;
#3166 = DIRECTION ( 'NONE',  ( -1.000000000000000000, 0.000000000000000000, 0.000000000000000000 ) ) ;
#3167 = CARTESIAN_POINT ( 'NONE',  ( -82.46914909109298719, 174.2378036223839217, 11.43703494025265499 ) ) ;
#3168 = CARTESIAN_POINT ( 'NONE',  ( -70.70404177602082996, 176.4258874145679101, 11.63703494020661999 ) ) ;
#3169 = ADVANCED_FACE ( 'NONE', ( #6538, #3019 ), #3554, .F. ) ;
#3170 = CARTESIAN_POINT ( 'NONE',  ( -80.25663393075474517, 107.9103979399047404, 11.63703494020661822 ) ) ;
#3171 = VERTEX_POINT ( 'NONE', #1439 ) ;
#3172 = CARTESIAN_POINT ( 'NONE',  ( 51.47771808318100994, 113.3510591891059249, 11.43703494020664557 ) ) ;
#3173 = CARTESIAN_POINT ( 'NONE',  ( -104.6126316417477966, 166.8987446979866434, 10.74644178560797414 ) ) ;
#3174 = CARTESIAN_POINT ( 'NONE',  ( -115.6510055012520723, 145.1614032695277956, 11.63703494020662355 ) ) ;
#3175 = CARTESIAN_POINT ( 'NONE',  ( 51.69537715360664265, 171.4602820937490435, 2.586434465265842420 ) ) ;
#3176 = CARTESIAN_POINT ( 'NONE',  ( -55.95301470397745902, 104.5759095637651228, 11.33984255882002934 ) ) ;
#3177 = CARTESIAN_POINT ( 'NONE',  ( -57.10006764791608447, 104.4232782100923913, 11.63775402814221316 ) ) ;
#3178 = CARTESIAN_POINT ( 'NONE',  ( 53.73182602039336331, 170.9946291250116985, 11.28284579124800580 ) ) ;
#3179 = EDGE_CURVE ( 'NONE', #933, #1616, #6343, .T. ) ;
#3180 = CARTESIAN_POINT ( 'NONE',  ( -65.14367366890651567, 104.2576693715291327, 2.560096196074683750 ) ) ;
#3181 = VERTEX_POINT ( 'NONE', #7187 ) ;
#3182 = CARTESIAN_POINT ( 'NONE',  ( -100.9017544462903260, 164.0755727717784964, 5.637034940206621769 ) ) ;
#3183 = CONICAL_SURFACE ( 'NONE', #2469, 6.199996634278476471, 0.7853981634685914814 ) ;
#3184 = CARTESIAN_POINT ( 'NONE',  ( -57.45111300494760798, 178.4431018024014293, 2.560097286703860942 ) ) ;
#3185 = CARTESIAN_POINT ( 'NONE',  ( -57.16194067485439945, 178.4236128206528633, 11.63703494020681539 ) ) ;
#3186 = EDGE_CURVE ( 'NONE', #2261, #6218, #315, .T. ) ;
#3187 = CARTESIAN_POINT ( 'NONE',  ( -59.15548899233760238, 104.2978155194715413, 2.560097286703852504 ) ) ;
#3188 = CARTESIAN_POINT ( 'NONE',  ( -116.4220334007242457, 146.2198278288001632, 1.637034940206621325 ) ) ;
#3189 = ORIENTED_EDGE ( 'NONE', *, *, #6880, .T. ) ;
#3190 = CARTESIAN_POINT ( 'NONE',  ( -49.47233474613017279, 105.3727783191634160, 10.03485885490743534 ) ) ;
#3191 = CARTESIAN_POINT ( 'NONE',  ( -68.96731023927954141, 178.3787780779976231, 11.92562735367478943 ) ) ;
#3192 = CARTESIAN_POINT ( 'NONE',  ( -55.35625766354335298, 104.6447250088801297, 2.700306107112994791 ) ) ;
#3193 = CARTESIAN_POINT ( 'NONE',  ( -99.79840497255341347, 115.0584018064602390, 11.63703494020662177 ) ) ;
#3194 = CIRCLE ( 'NONE', #5256, 30.00000000000000000 ) ;
#3195 = CARTESIAN_POINT ( 'NONE',  ( -98.79223633111280378, 112.4947718968838615, 2.560097286703860497 ) ) ;
#3196 = CARTESIAN_POINT ( 'NONE',  ( -57.17713588865296259, 178.4412037675502347, 11.63703510122328311 ) ) ;
#3197 = B_SPLINE_CURVE_WITH_KNOTS ( 'NONE', 3,
 ( #2566, #234, #2603, #6639, #6003, #1358 ),
 .UNSPECIFIED., .F., .F.,
 ( 4, 2, 4 ),
 ( 0.000000000000000000, 0.001687417932637531089, 0.003374835865275062179 ),
 .UNSPECIFIED. ) ;
#3198 = CARTESIAN_POINT ( 'NONE',  ( -108.9947480893304572, 123.0560181576529857, 11.63703494020662177 ) ) ;
#3199 = CARTESIAN_POINT ( 'NONE',  ( -88.49876984031114091, 109.1388539768415882, 1.637034940206621547 ) ) ;
#3200 = CARTESIAN_POINT ( 'NONE',  ( 47.94868923882589229, 169.9497407756987570, 11.63703494020662177 ) ) ;
#3201 = CONICAL_SURFACE ( 'NONE', #5981, 4.700000000000000178, 0.7853981633974485010 ) ;
#3202 = CARTESIAN_POINT ( 'NONE',  ( -49.63430230233229423, 177.5072698462283824, 10.20167225513235287 ) ) ;
#3203 = CARTESIAN_POINT ( 'NONE',  ( -106.9929077797130219, 164.7301460161572777, 2.560097286703860497 ) ) ;
#3204 = FACE_OUTER_BOUND ( 'NONE', #1619, .T. ) ;
#3205 = CARTESIAN_POINT ( 'NONE',  ( -72.89941482122253547, 176.1876956036256843, 11.63703494020662355 ) ) ;
#3206 = CARTESIAN_POINT ( 'NONE',  ( -101.9524942972900021, 114.1917613791775210, 10.80930166757305599 ) ) ;
#3207 = VERTEX_POINT ( 'NONE', #3725 ) ;
#3208 = CARTESIAN_POINT ( 'NONE',  ( 11.03493727688251802, 172.0453764671214856, 5.637034940206621769 ) ) ;
#3209 = CARTESIAN_POINT ( 'NONE',  ( 48.30547741195942990, 113.1274190330035765, 11.43703494020664557 ) ) ;
#3210 = CARTESIAN_POINT ( 'NONE',  ( -103.6843207554299511, 115.2333055043774976, 10.70720459684204329 ) ) ;
#3211 = EDGE_CURVE ( 'NONE', #5030, #3171, #2415, .T. ) ;
#3212 = EDGE_CURVE ( 'NONE', #2414, #2414, #6821, .T. ) ;
#3213 = CARTESIAN_POINT ( 'NONE',  ( -112.3977473187623133, 154.5613918726308782, 11.63703494020662355 ) ) ;
#3214 = CARTESIAN_POINT ( 'NONE',  ( 53.03185860134641416, 169.5781225637579155, 11.63703494020662177 ) ) ;
#3215 = CARTESIAN_POINT ( 'NONE',  ( -57.18728331111216789, 104.3978887042589037, 12.02086997551558056 ) ) ;
#3216 = DIRECTION ( 'NONE',  ( -0.000000000000000000, -0.000000000000000000, -1.000000000000000000 ) ) ;
#3217 = EDGE_LOOP ( 'NONE', ( #3528, #3308 ) ) ;
#3218 = FACE_OUTER_BOUND ( 'NONE', #5199, .T. ) ;
#3219 = VERTEX_POINT ( 'NONE', #4563 ) ;
#3220 = CARTESIAN_POINT ( 'NONE',  ( -61.18902445752825514, 176.6973801700324032, 5.637034940206621769 ) ) ;
#3221 = CARTESIAN_POINT ( 'NONE',  ( -50.70191641454041331, 177.6463671761226806, 5.776514213137764031 ) ) ;
#3222 = CARTESIAN_POINT ( 'NONE',  ( -56.45552232391357705, 178.3424543124116610, 10.87400960247786230 ) ) ;
#3223 = CARTESIAN_POINT ( 'NONE',  ( 33.38443282430250747, 110.9635605543483479, 9.852652879103816375 ) ) ;
#3224 = CARTESIAN_POINT ( 'NONE',  ( -116.5697035202720286, 145.4738670369592342, 1.637034940206621103 ) ) ;
#3225 = EDGE_LOOP ( 'NONE', ( #543, #5053, #484, #1990 ) ) ;
#3226 = CARTESIAN_POINT ( 'NONE',  ( -111.3146965363046803, 156.5040263117171833, 11.63703494020663065 ) ) ;
#3227 = CARTESIAN_POINT ( 'NONE',  ( -57.58267701042106523, 178.4516720172604209, 10.85611984730445911 ) ) ;
#3228 = ORIENTED_EDGE ( 'NONE', *, *, #97, .T. ) ;
#3229 = CARTESIAN_POINT ( 'NONE',  ( -54.13766022779915232, 104.7915023566669390, 6.559685077606549619 ) ) ;
#3230 = CARTESIAN_POINT ( 'NONE',  ( -90.81374685244695399, 110.9642016380926890, 11.63703494020662355 ) ) ;
#3231 = EDGE_CURVE ( 'NONE', #5950, #5311, #5646, .T. ) ;
#3232 = CARTESIAN_POINT ( 'NONE',  ( -61.18867033618131046, 104.2586648561027971, 2.560097286703861386 ) ) ;
#3233 = DIRECTION ( 'NONE',  ( 0.000000000000000000, 0.000000000000000000, 1.000000000000000000 ) ) ;
#3234 = FACE_OUTER_BOUND ( 'NONE', #2228, .T. ) ;
#3235 = CARTESIAN_POINT ( 'NONE',  ( -110.2617542653367195, 121.7213783076022651, 11.84786248177952572 ) ) ;
#3236 = CARTESIAN_POINT ( 'NONE',  ( 47.96809811858593520, 169.9488036230233092, 11.63703494020662355 ) ) ;
#3237 = B_SPLINE_SURFACE_WITH_KNOTS ( 'NONE', 1, 3, ( 
 ( #6125, #7228, #7308, #1561 ),
 ( #959, #3775, #3695, #6088 ) ),
 .UNSPECIFIED., .F., .F., .F.,
 ( 2, 2 ),
 ( 4, 4 ),
 ( 0.000000000000000000, 1.000000000000000000 ),
 ( 4.604187014124385691, 4.653083086002439472 ),
 .UNSPECIFIED. ) ;
#3238 = CARTESIAN_POINT ( 'NONE',  ( -57.16202362561167405, 104.4356842052091849, 10.83625534709164562 ) ) ;
#3239 = CARTESIAN_POINT ( 'NONE',  ( -57.17713588865296259, 178.4412037675502347, 11.63703510122328311 ) ) ;
#3240 = B_SPLINE_CURVE_WITH_KNOTS ( 'NONE', 3,
 ( #7051, #4668, #1234, #7017 ),
 .UNSPECIFIED., .F., .F.,
 ( 4, 4 ),
 ( 0.000000000000000000, 1.000000000000000000 ),
 .UNSPECIFIED. ) ;
#3241 = ORIENTED_EDGE ( 'NONE', *, *, #6695, .F. ) ;
#3242 = CARTESIAN_POINT ( 'NONE',  ( -81.50743843166789304, 108.3879512708729322, 5.637034940206621769 ) ) ;
#3243 = CARTESIAN_POINT ( 'NONE',  ( 52.83482292787218881, 113.2649107686865761, 11.63703494020662355 ) ) ;
#3244 = CARTESIAN_POINT ( 'NONE',  ( -73.86906592211234113, 176.0628000204819159, 11.63703494020662177 ) ) ;
#3245 = CARTESIAN_POINT ( 'NONE',  ( -78.10059198961209859, 107.4776654428719951, 11.63703494020661999 ) ) ;
#3246 = ORIENTED_EDGE ( 'NONE', *, *, #6422, .T. ) ;
#3247 = CARTESIAN_POINT ( 'NONE',  ( -103.6843207578967991, 167.6260010474933608, 10.70720459684173242 ) ) ;
#3248 = AXIS2_PLACEMENT_3D ( 'NONE', #3040, #4314, #4851 ) ;
#3249 = CARTESIAN_POINT ( 'NONE',  ( 69.84392449654995971, 141.4296532796704184, 4.187034940206631362 ) ) ;
#3250 = CARTESIAN_POINT ( 'NONE',  ( -111.1456342827910930, 124.3573016189310323, 1.637034940206621103 ) ) ;
#3251 = CARTESIAN_POINT ( 'NONE',  ( 48.18068756827624100, 171.7156820082745128, 2.576109142621733739 ) ) ;
#3252 = CARTESIAN_POINT ( 'NONE',  ( -57.24471110725541223, 104.4261844623767246, 11.43533034963015638 ) ) ;
#3253 = PLANE ( 'NONE',  #802 ) ;
#3254 = ORIENTED_EDGE ( 'NONE', *, *, #7442, .T. ) ;
#3255 = CARTESIAN_POINT ( 'NONE',  ( -94.27279919805764052, 110.3661799171019879, 2.560096196074688191 ) ) ;
#3256 = ORIENTED_EDGE ( 'NONE', *, *, #604, .T. ) ;
#3257 = CARTESIAN_POINT ( 'NONE',  ( -78.54910980351347405, 175.0975274394058658, 5.637034940206621769 ) ) ;
#3258 = CIRCLE ( 'NONE', #3131, 4.700000000000002842 ) ;
#3259 = CARTESIAN_POINT ( 'NONE',  ( -57.83464148429965945, 178.4672624212455503, 2.560097286703860053 ) ) ;
#3260 = ADVANCED_FACE ( 'NONE', ( #2126 ), #2245, .T. ) ;
#3261 = FACE_OUTER_BOUND ( 'NONE', #2339, .T. ) ;
#3262 = CARTESIAN_POINT ( 'NONE',  ( -52.52016656216105162, 177.8722862017804971, 10.87400960247786230 ) ) ;
#3263 = CARTESIAN_POINT ( 'NONE',  ( -114.5396785177862711, 133.3518115728072928, 11.63703494020662355 ) ) ;
#3264 = CARTESIAN_POINT ( 'NONE',  ( -49.42538226391890532, 177.5348699620459456, 11.62602566623034583 ) ) ;
#3265 = EDGE_LOOP ( 'NONE', ( #1805, #3246, #2373, #2402, #3902, #7264 ) ) ;
#3266 = CARTESIAN_POINT ( 'NONE',  ( -114.2550367215104927, 150.3336523150430537, 11.63703494020662355 ) ) ;
#3267 = ORIENTED_EDGE ( 'NONE', *, *, #509, .T. ) ;
#3268 = CARTESIAN_POINT ( 'NONE',  ( -57.28708764082426796, 178.4487199987991346, 11.64748875584324495 ) ) ;
#3269 = ADVANCED_FACE ( 'NONE', ( #921 ), #2040, .T. ) ;
#3270 = CARTESIAN_POINT ( 'NONE',  ( -49.35556268442658734, 105.3847141728981001, 6.750868080438923613 ) ) ;
#3271 = CARTESIAN_POINT ( 'NONE',  ( -96.65231927398120604, 113.4449697547711651, 11.63703494020661822 ) ) ;
#3272 = AXIS2_PLACEMENT_3D ( 'NONE', #3859, #1001, #1789 ) ;
#3273 = CARTESIAN_POINT ( 'NONE',  ( -102.3693078925263364, 114.4244013539316427, 2.560097286703859609 ) ) ;
#3274 = FACE_BOUND ( 'NONE', #4844, .T. ) ;
#3275 = DIRECTION ( 'NONE',  ( -0.000000000000000000, -0.000000000000000000, -1.000000000000000000 ) ) ;
#3276 = CARTESIAN_POINT ( 'NONE',  ( 52.08300519092826875, 111.4863540129977224, 6.321976109898224117 ) ) ;
#3277 = CARTESIAN_POINT ( 'NONE',  ( 52.47818579647837822, 169.6242937125851711, 11.63703494020662355 ) ) ;
#3278 = EDGE_CURVE ( 'NONE', #5373, #6158, #1696, .T. ) ;
#3279 = DIRECTION ( 'NONE',  ( -1.000000000000000000, 0.000000000000000000, 0.000000000000000000 ) ) ;
#3280 = CARTESIAN_POINT ( 'NONE',  ( -117.7702336190276924, 143.3063928847899433, 2.560097286703859165 ) ) ;
#3281 = ORIENTED_EDGE ( 'NONE', *, *, #1984, .T. ) ;
#3282 = DIRECTION ( 'NONE',  ( 2.081668171172168513E-15, 0.000000000000000000, 1.000000000000000000 ) ) ;
#3283 = CARTESIAN_POINT ( 'NONE',  ( 50.08788199349788073, 113.0391950653931303, 11.63703494020662355 ) ) ;
#3284 = CARTESIAN_POINT ( 'NONE',  ( -65.09550179544095272, 176.7844879880284452, 11.63703494020662710 ) ) ;
#3285 = CARTESIAN_POINT ( 'NONE',  ( -85.70574864876620325, 109.2797483794729629, 11.63703494020661822 ) ) ;
#3286 = ORIENTED_EDGE ( 'NONE', *, *, #1659, .T. ) ;
#3287 = B_SPLINE_CURVE_WITH_KNOTS ( 'NONE', 3,
 ( #3883, #2756, #6186, #1022, #5057, #2198, #5096, #4098, #2381, #712, #752, #2485, #6522, #1240, #5775, #5279 ),
 .UNSPECIFIED., .F., .F.,
 ( 4, 2, 2, 2, 2, 2, 2, 4 ),
 ( 0.003625724964364454919, 0.01046117855530763821, 0.01387890535077923072, 0.01729663214625082324, 0.02071435894172241055, 0.02413208573719400479, 0.02754981253266559904, 0.03096753932813718635 ),
 .UNSPECIFIED. ) ;
#3288 = CARTESIAN_POINT ( 'NONE',  ( 50.73050938306927549, 171.5503803678558370, 2.576707558879074877 ) ) ;
#3289 = CARTESIAN_POINT ( 'NONE',  ( -114.0482398008986991, 150.8962050677219224, 11.63703494020662532 ) ) ;
#3290 = CARTESIAN_POINT ( 'NONE',  ( -103.1501004912212238, 167.9862193017739003, 10.65228218503779445 ) ) ;
#3291 = CARTESIAN_POINT ( 'NONE',  ( 52.30954437412877667, 170.5592060358414130, 1.637034940206620881 ) ) ;
#3292 = CARTESIAN_POINT ( 'NONE',  ( -55.63088569590262011, 104.6137736592245631, 11.31634324127971603 ) ) ;
#3293 = CARTESIAN_POINT ( 'NONE',  ( -101.0813878500232050, 167.0919674114067277, 11.63703494020662532 ) ) ;
#3294 = ORIENTED_EDGE ( 'NONE', *, *, #1798, .T. ) ;
#3295 = CARTESIAN_POINT ( 'NONE',  ( -102.2848122822678789, 114.3758413015981148, 2.560096196074692632 ) ) ;
#3296 = ORIENTED_EDGE ( 'NONE', *, *, #3326, .F. ) ;
#3297 = CARTESIAN_POINT ( 'NONE',  ( -65.06841987206657052, 176.6690445864416290, 11.43703494025265144 ) ) ;
#3298 = CARTESIAN_POINT ( 'NONE',  ( -57.31865922659459045, 178.4416177944138724, 4.453161576284411893 ) ) ;
#3299 = DIRECTION ( 'NONE',  ( -0.000000000000000000, 0.000000000000000000, 1.000000000000000000 ) ) ;
#3300 = CARTESIAN_POINT ( 'NONE',  ( -57.20746715869351107, 178.4288432361834111, 4.506125194002473577 ) ) ;
#3301 = CARTESIAN_POINT ( 'NONE',  ( 52.93347163257485022, 169.3855474973598518, 11.43703494025264966 ) ) ;
#3302 = CARTESIAN_POINT ( 'NONE',  ( -54.01861081955198784, 178.0534287900351558, 11.20071962569512358 ) ) ;
#3303 = COLOUR_RGB ( '',0.7921568627450980005, 0.8196078431372548767, 0.9333333333333333481 ) ;
#3304 = EDGE_LOOP ( 'NONE', ( #1728 ) ) ;
#3305 = DIRECTION ( 'NONE',  ( 0.000000000000000000, 0.000000000000000000, 1.000000000000000000 ) ) ;
#3306 = ORIENTED_EDGE ( 'NONE', *, *, #2172, .F. ) ;
#3307 = CARTESIAN_POINT ( 'NONE',  ( -57.06173481799798708, 178.4334107192830459, 11.63621068312831852 ) ) ;
#3308 = ORIENTED_EDGE ( 'NONE', *, *, #4388, .F. ) ;
#3309 = CARTESIAN_POINT ( 'NONE',  ( -52.05903994010795799, 104.7723687915627266, 1.743989960159517016 ) ) ;
#3310 = CARTESIAN_POINT ( 'NONE',  ( -65.25417086153274226, 104.2801464589259552, 2.560097286703861386 ) ) ;
#3311 = CARTESIAN_POINT ( 'NONE',  ( -57.17711616596316304, 104.4339502637565573, 4.506125194002859935 ) ) ;
#3312 = DIRECTION ( 'NONE',  ( -0.000000000000000000, 1.000000000000000000, 0.000000000000000000 ) ) ;
#3313 = CARTESIAN_POINT ( 'NONE',  ( -115.6903067967432719, 138.5875511747742053, 5.637034940206621769 ) ) ;
#3314 = CARTESIAN_POINT ( 'NONE',  ( 50.08693615236234109, 169.8202160051113765, 11.63703494020662532 ) ) ;
#3315 = CARTESIAN_POINT ( 'NONE',  ( -74.47985419941909413, 176.9433745720256184, 1.637034940206620881 ) ) ;
#3316 = CARTESIAN_POINT ( 'NONE',  ( -109.1271911796192597, 123.5468719403705222, 11.43703494025265144 ) ) ;
#3317 = CARTESIAN_POINT ( 'NONE',  ( -114.9022792576563319, 153.5275150232665169, 2.560097286703861386 ) ) ;
#3318 = ORIENTED_EDGE ( 'NONE', *, *, #4377, .T. ) ;
#3319 = DIRECTION ( 'NONE',  ( -0.000000000000000000, -0.000000000000000000, -1.000000000000000000 ) ) ;
#3320 = CARTESIAN_POINT ( 'NONE',  ( 50.58082767100540167, 113.0770463628554978, 11.63703494020662177 ) ) ;
#3321 = CIRCLE ( 'NONE', #2961, 2.149999999999999023 ) ;
#3322 = CARTESIAN_POINT ( 'NONE',  ( -115.8731206951982244, 140.9707427485300002, 11.43703494025265144 ) ) ;
#3323 = CARTESIAN_POINT ( 'NONE',  ( -89.40004632570251886, 173.4185641880011133, 1.637034940206621325 ) ) ;
#3324 = ORIENTED_EDGE ( 'NONE', *, *, #4923, .T. ) ;
#3325 = CARTESIAN_POINT ( 'NONE',  ( 50.26689233350089125, 171.5897555854584482, 2.572842624575697901 ) ) ;
#3326 = EDGE_CURVE ( 'NONE', #7039, #2966, #3487, .T. ) ;
#3327 = CARTESIAN_POINT ( 'NONE',  ( -102.8712809741250140, 167.5012576792340155, 1.944722389039034161 ) ) ;
#3328 = CARTESIAN_POINT ( 'NONE',  ( -114.8530660838902975, 131.3785599062546225, 1.637034940206621103 ) ) ;
#3329 = CARTESIAN_POINT ( 'NONE',  ( -67.70207417881292145, 105.2361311161406547, 1.637034940206620659 ) ) ;
#3330 = DIRECTION ( 'NONE',  ( 0.8070651892099550695, 0.000000000000000000, -0.5904623445788050873 ) ) ;
#3331 = CARTESIAN_POINT ( 'NONE',  ( -57.16194067485439945, 178.4236128206528633, 10.82803488977989304 ) ) ;
#3332 = CARTESIAN_POINT ( 'NONE',  ( -71.11669255839751713, 104.6447161977946934, 11.63703494020730922 ) ) ;
#3333 = ORIENTED_EDGE ( 'NONE', *, *, #5921, .F. ) ;
#3334 = CARTESIAN_POINT ( 'NONE',  ( 53.73310481308413245, 170.9923807191481444, 11.30686834683331199 ) ) ;
#3335 = EDGE_CURVE ( 'NONE', #3367, #6755, #2235, .T. ) ;
#3336 = CARTESIAN_POINT ( 'NONE',  ( -55.79945559502295538, 178.2667997840748626, 2.428923853743483630 ) ) ;
#3337 = CARTESIAN_POINT ( 'NONE',  ( -49.63523717160968118, 177.5073895657899925, 10.22796067651984409 ) ) ;
#3338 = CARTESIAN_POINT ( 'NONE',  ( -67.14206293598137165, 178.5184891163721090, 11.63703494020681539 ) ) ;
#3339 = CARTESIAN_POINT ( 'NONE',  ( 50.94883094445845728, 169.5523302457261536, 11.43703494025265499 ) ) ;
#3340 = CARTESIAN_POINT ( 'NONE',  ( -55.63088569935183614, 178.2455328971693120, 11.31634324124902058 ) ) ;
#3341 = VERTEX_POINT ( 'NONE', #3371 ) ;
#3342 = CARTESIAN_POINT ( 'NONE',  ( -108.1665089154410850, 160.8221475093456831, 11.63703494020662532 ) ) ;
#3343 = CARTESIAN_POINT ( 'NONE',  ( -101.7187508831194833, 114.0611923585334608, 10.89404112730644592 ) ) ;
#3344 = EDGE_LOOP ( 'NONE', ( #408 ) ) ;
#3345 = CARTESIAN_POINT ( 'NONE',  ( -82.16246911126117425, 175.5107436586363860, 1.637034940206620881 ) ) ;
#3346 = CARTESIAN_POINT ( 'NONE',  ( -48.95140941841258098, 105.3854155581423697, 11.71626375454113145 ) ) ;
#3347 = FACE_BOUND ( 'NONE', #3344, .T. ) ;
#3348 = CARTESIAN_POINT ( 'NONE',  ( -49.63523716821217846, 105.3519169911707962, 10.22796067651851182 ) ) ;
#3349 = CARTESIAN_POINT ( 'NONE',  ( 53.48362883239441601, 111.6874827591039576, 4.937798017817036644 ) ) ;
#3350 = DIRECTION ( 'NONE',  ( -1.000000000000000000, 3.076501073222595013E-15, 0.000000000000000000 ) ) ;
#3351 = CARTESIAN_POINT ( 'NONE',  ( -52.62015696018050193, 105.6419238952384916, 1.637034940206620881 ) ) ;
#3352 = CARTESIAN_POINT ( 'NONE',  ( -97.88542983427872457, 114.2713449506450729, 11.43703494025265144 ) ) ;
#3353 = ORIENTED_EDGE ( 'NONE', *, *, #1797, .T. ) ;
#3354 = EDGE_CURVE ( 'NONE', #3207, #1165, #6462, .T. ) ;
#3355 = CARTESIAN_POINT ( 'NONE',  ( -100.4582911162702459, 115.6423693736463463, 5.637034940206621769 ) ) ;
#3356 = CARTESIAN_POINT ( 'NONE',  ( 50.55092394351452612, 113.0746908797821533, 11.63703494020662355 ) ) ;
#3357 = CARTESIAN_POINT ( 'NONE',  ( -82.51669474326446618, 174.4320738897857552, 11.63703494020662355 ) ) ;
#3358 = EDGE_LOOP ( 'NONE', ( #1051 ) ) ;
#3359 = CARTESIAN_POINT ( 'NONE',  ( -117.0306238392860791, 141.9773554254738315, 1.637034940206620881 ) ) ;
#3360 = CARTESIAN_POINT ( 'NONE',  ( 51.55215456931961171, 171.4738231203331793, 2.584964476065302552 ) ) ;
#3361 = FACE_OUTER_BOUND ( 'NONE', #4397, .T. ) ;
#3362 = CARTESIAN_POINT ( 'NONE',  ( -111.6583044297275507, 125.1199922412746020, 1.637034940206620881 ) ) ;
#3363 = CARTESIAN_POINT ( 'NONE',  ( -61.27050979916258200, 105.0969777625626307, 1.637034940206620881 ) ) ;
#3364 = CARTESIAN_POINT ( 'NONE',  ( -57.01824102987826137, 104.4456323209942070, 2.560097286703859165 ) ) ;
#3365 = DIRECTION ( 'NONE',  ( 0.06376459410505168346, 0.9941518762466436954, 0.08715574274765831853 ) ) ;
#3366 = CARTESIAN_POINT ( 'NONE',  ( -92.21893004982503328, 111.7179707667139610, 11.43703494025265144 ) ) ;
#3367 = VERTEX_POINT ( 'NONE', #6287 ) ;
#3368 = EDGE_CURVE ( 'NONE', #3066, #979, #7192, .T. ) ;
#3369 = CARTESIAN_POINT ( 'NONE',  ( -55.93153780306544576, 178.2822968385598585, 2.348788487042353879 ) ) ;
#3370 = AXIS2_PLACEMENT_3D ( 'NONE', #4323, #6677, #3123 ) ;
#3371 = CARTESIAN_POINT ( 'NONE',  ( -101.7187508856791993, 168.7981141935323706, 10.89404112731262586 ) ) ;
#3372 = CARTESIAN_POINT ( 'NONE',  ( -111.4190175869351407, 123.2816654795829976, 2.560097286702543329 ) ) ;
#3373 = DIRECTION ( 'NONE',  ( -0.000000000000000000, -0.000000000000000000, -1.000000000000000000 ) ) ;
#3374 = CARTESIAN_POINT ( 'NONE',  ( -115.5376489020613349, 137.1093314388801900, 11.63703494020662177 ) ) ;
#3375 = CARTESIAN_POINT ( 'NONE',  ( -117.8672655165491392, 142.0415340426947353, 2.560097286703177488 ) ) ;
#3376 = VECTOR ( 'NONE', #424, 1000.000000000000000 ) ;
#3377 = ORIENTED_EDGE ( 'NONE', *, *, #6270, .T. ) ;
#3378 = CARTESIAN_POINT ( 'NONE',  ( -107.5784725638734898, 161.5028971347161360, 11.63703494020661466 ) ) ;
#3379 = ORIENTED_EDGE ( 'NONE', *, *, #2683, .T. ) ;
#3380 = CARTESIAN_POINT ( 'NONE',  ( -57.39869297354773181, 178.4396512262187855, 10.84205478083416807 ) ) ;
#3381 = CARTESIAN_POINT ( 'NONE',  ( -61.62047449822451739, 177.7686426853996977, 1.637034940206620881 ) ) ;
#3382 = CARTESIAN_POINT ( 'NONE',  ( 1.843924496549957714, 157.4296532796704469, 1.637034940206621103 ) ) ;
#3383 = SHAPE_DEFINITION_REPRESENTATION ( #4637, #1140 ) ;
#3384 = CARTESIAN_POINT ( 'NONE',  ( 47.24772718028209795, 170.9097185950000437, 1.637034940206620881 ) ) ;
#3385 = CARTESIAN_POINT ( 'NONE',  ( -57.29993545071395289, 106.4309274163678793, 11.43703494025543499 ) ) ;
#3386 = CARTESIAN_POINT ( 'NONE',  ( -52.47726868596606664, 178.0462285154031576, 2.619643338776299846 ) ) ;
#3387 = CARTESIAN_POINT ( 'NONE',  ( 51.47914786267697451, 169.7087748175418653, 11.63703494020662177 ) ) ;
#3388 = CARTESIAN_POINT ( 'NONE',  ( 48.30630026469786031, 113.1246923041667287, 5.637034940206621769 ) ) ;
#3389 = DIRECTION ( 'NONE',  ( 0.000000000000000000, -0.000000000000000000, -1.000000000000000000 ) ) ;
#3390 = CARTESIAN_POINT ( 'NONE',  ( -78.64777300877898369, 107.7626535574806326, 11.43703494025265144 ) ) ;
#3391 = ORIENTED_EDGE ( 'NONE', *, *, #2645, .T. ) ;
#3392 = CARTESIAN_POINT ( 'NONE',  ( -55.15850860677805656, 105.4153596498615002, 1.637034940206620659 ) ) ;
#3393 = CARTESIAN_POINT ( 'NONE',  ( 52.68454258427298953, 113.2523565658327840, 11.63703494020662532 ) ) ;
#3394 = DIRECTION ( 'NONE',  ( 0.5791425037918923602, -0.1079858635285703555, 0.8080427052944956223 ) ) ;
#3395 = ORIENTED_EDGE ( 'NONE', *, *, #2172, .T. ) ;
#3396 = EDGE_CURVE ( 'NONE', #6842, #1064, #7466, .T. ) ;
#3397 = CARTESIAN_POINT ( 'NONE',  ( -102.2533148842228030, 166.4255221557791060, 11.63703494020662177 ) ) ;
#3398 = CARTESIAN_POINT ( 'NONE',  ( -114.9636467133535120, 131.6670597384996597, 1.637034940206621547 ) ) ;
#3399 = EDGE_CURVE ( 'NONE', #635, #3050, #6396, .T. ) ;
#3400 = CARTESIAN_POINT ( 'NONE',  ( -85.24035524702884459, 108.1488019480731566, 1.637034940206621325 ) ) ;
#3401 = CARTESIAN_POINT ( 'NONE',  ( -56.18025146124183777, 105.2814421354493675, 1.706449762826057537 ) ) ;
#3402 = CARTESIAN_POINT ( 'NONE',  ( -6.910802914039498646, 107.7461210200059725, 2.633229638298405284 ) ) ;
#3403 = FACE_OUTER_BOUND ( 'NONE', #4669, .T. ) ;
#3404 = EDGE_LOOP ( 'NONE', ( #7362 ) ) ;
#3405 = CARTESIAN_POINT ( 'NONE',  ( -50.81430704986082247, 105.2009251174936679, 8.984568536118111126 ) ) ;
#3406 = CARTESIAN_POINT ( 'NONE',  ( -56.63338934708036021, 178.3626409440987857, 4.882410249329610430 ) ) ;
#3407 = CARTESIAN_POINT ( 'NONE',  ( -116.9767406408103483, 135.2816855975209762, 11.63703494020661466 ) ) ;
#3408 = CARTESIAN_POINT ( 'NONE',  ( -109.8906997187315824, 141.4296532756430906, 11.63703494020662177 ) ) ;
#3409 = CARTESIAN_POINT ( 'NONE',  ( 51.49446871984739715, 169.7075453720597977, 11.63703494020662177 ) ) ;
#3410 = CARTESIAN_POINT ( 'NONE',  ( -50.78667072242394909, 177.6540939612381464, 10.97987460311879104 ) ) ;
#3411 = EDGE_LOOP ( 'NONE', ( #1498, #3779, #5366, #111 ) ) ;
#3412 = CARTESIAN_POINT ( 'NONE',  ( 47.49851898288198271, 141.7107232829701786, 9.724448169894154503 ) ) ;
#3413 = VERTEX_POINT ( 'NONE', #4726 ) ;
#3414 = CARTESIAN_POINT ( 'NONE',  ( -100.7375841271744719, 113.5197331720399916, 11.20719584221956389 ) ) ;
#3415 = ORIENTED_EDGE ( 'NONE', *, *, #187, .F. ) ;
#3416 = CARTESIAN_POINT ( 'NONE',  ( -92.30025453995961016, 172.3588780217818908, 1.637034940206621103 ) ) ;
#3417 = EDGE_CURVE ( 'NONE', #6051, #4494, #882, .T. ) ;
#3418 = CARTESIAN_POINT ( 'NONE',  ( -52.74357418542832932, 177.8982954024351386, 10.43337219222879320 ) ) ;
#3419 = AXIS2_PLACEMENT_3D ( 'NONE', #7467, #6282, #5222 ) ;
#3420 = CARTESIAN_POINT ( 'NONE',  ( 49.01718574872537459, 170.8359199492941514, 1.637034940206621103 ) ) ;
#3421 = CARTESIAN_POINT ( 'NONE',  ( -49.34890354256056355, 105.3886188890102886, 9.937738447944894915 ) ) ;
#3422 = CARTESIAN_POINT ( 'NONE',  ( -107.4384240615564039, 118.5722424385908198, 2.560097286703860497 ) ) ;
#3423 = CARTESIAN_POINT ( 'NONE',  ( -112.2847542941553627, 124.5281639566302516, 11.52648021472933060 ) ) ;
#3424 = CARTESIAN_POINT ( 'NONE',  ( 50.46742223731460797, 169.7911611194400621, 11.63703494020662355 ) ) ;
#3425 = CARTESIAN_POINT ( 'NONE',  ( -102.1886893021871288, 114.3248239471761849, 10.74745013783769210 ) ) ;
#3426 = CARTESIAN_POINT ( 'NONE',  ( -113.3095337672977934, 156.6755357765428585, 11.63703494020662532 ) ) ;
#3427 = CARTESIAN_POINT ( 'NONE',  ( 53.55331191433186433, 111.5754044708098291, 2.614566319750902590 ) ) ;
#3428 = ORIENTED_EDGE ( 'NONE', *, *, #6992, .F. ) ;
#3429 = CARTESIAN_POINT ( 'NONE',  ( -59.41108554185755963, 105.1509136479045026, 1.637034940206621103 ) ) ;
#3430 = CARTESIAN_POINT ( 'NONE',  ( 46.77610765759675360, 112.8563998409037481, 11.63703494020662355 ) ) ;
#3431 = CARTESIAN_POINT ( 'NONE',  ( -102.5248303721587035, 166.2694917009989695, 11.63703494020662177 ) ) ;
#3432 = B_SPLINE_CURVE_WITH_KNOTS ( 'NONE', 3,
 ( #1232, #2338, #1768, #6368, #6621, #2512, #4732, #1410, #6477, #1297, #5949, #5877, #6510, #291, #779, #180, #1339, #3592 ),
 .UNSPECIFIED., .F., .F.,
 ( 4, 2, 2, 2, 2, 2, 2, 2, 4 ),
 ( 0.000000000000000000, 0.2789742283113215704, 0.3487177853891517687, 0.4184613424669820225, 0.5579484566226396991, 0.6974355707782975422, 0.7671791278561264082, 0.8369226849339553853, 1.000000000000000000 ),
 .UNSPECIFIED. ) ;
#3433 = VERTEX_POINT ( 'NONE', #4232 ) ;
#3434 = AXIS2_PLACEMENT_3D ( 'NONE', #6164, #6238, #4573 ) ;
#3435 = CARTESIAN_POINT ( 'NONE',  ( -102.2200771746489920, 166.3677320209251036, 11.57036827355529951 ) ) ;
#3436 = CARTESIAN_POINT ( 'NONE',  ( 41.03006537034899281, 111.1485832825286479, 9.724448169888624705 ) ) ;
#3437 = CARTESIAN_POINT ( 'NONE',  ( -57.85972969764707585, 105.2307971465121028, 1.637034940206621103 ) ) ;
#3438 = CARTESIAN_POINT ( 'NONE',  ( 47.49851898288198981, 171.6190635414152723, 11.63703494020662177 ) ) ;
#3439 = CARTESIAN_POINT ( 'NONE',  ( -99.80013374283099381, 167.7998765203880396, 11.63703494020662532 ) ) ;
#3440 = CARTESIAN_POINT ( 'NONE',  ( 45.71928402106072298, 111.8983037519526675, 1.637034940206621103 ) ) ;
#3441 = ORIENTED_EDGE ( 'NONE', *, *, #6221, .T. ) ;
#3442 = AXIS2_PLACEMENT_3D ( 'NONE', #1130, #5124, #5159 ) ;
#3443 = EDGE_CURVE ( 'NONE', #4676, #4676, #5978, .T. ) ;
#3444 = CARTESIAN_POINT ( 'NONE',  ( -49.83808207885639519, 177.5860032120314713, 11.63703494020658269 ) ) ;
#3445 = CARTESIAN_POINT ( 'NONE',  ( -54.66176436226487567, 178.3913891428428258, 0.1754273169696480839 ) ) ;
#3446 = DIRECTION ( 'NONE',  ( 1.127052364861340795E-16, 1.574532446002655002E-16, 1.000000000000000000 ) ) ;
#3447 = DIRECTION ( 'NONE',  ( 0.000000000000000000, 0.000000000000000000, -1.000000000000000000 ) ) ;
#3448 = CARTESIAN_POINT ( 'NONE',  ( 45.29964821237035721, 169.8688099055946452, 11.43703494025264789 ) ) ;
#3449 = CARTESIAN_POINT ( 'NONE',  ( -59.05658311848080899, 104.3260470834164977, 10.96775162833733042 ) ) ;
#3450 = ORIENTED_EDGE ( 'NONE', *, *, #1955, .F. ) ;
#3451 = CARTESIAN_POINT ( 'NONE',  ( -49.35079965307447480, 177.4709309946165092, 10.21813720449274676 ) ) ;
#3452 = ORIENTED_EDGE ( 'NONE', *, *, #6101, .T. ) ;
#3453 = CARTESIAN_POINT ( 'NONE',  ( -116.9767406413892985, 147.5776209530981760, 11.63703494020702323 ) ) ;
#3454 = FACE_BOUND ( 'NONE', #931, .T. ) ;
#3455 = CARTESIAN_POINT ( 'NONE',  ( -76.70281087702277034, 176.6039376823290183, 1.637034940206620659 ) ) ;
#3456 = EDGE_CURVE ( 'NONE', #6622, #3433, #3745, .T. ) ;
#3457 = CARTESIAN_POINT ( 'NONE',  ( -49.52898062738029239, 105.3118297908655023, 11.66731074119095268 ) ) ;
#3458 = VERTEX_POINT ( 'NONE', #5166 ) ;
#3459 = CARTESIAN_POINT ( 'NONE',  ( 42.82440700479718032, 112.6524858945928855, 11.63703494020662177 ) ) ;
#3460 = DIRECTION ( 'NONE',  ( 1.000000000000000000, 0.000000000000000000, 0.000000000000000000 ) ) ;
#3461 = CARTESIAN_POINT ( 'NONE',  ( -49.59422953991614236, 105.3571684369131418, 10.22796067651851182 ) ) ;
#3462 = CARTESIAN_POINT ( 'NONE',  ( -107.4833229962822259, 119.8264047594624202, 1.637034940206620659 ) ) ;
#3463 = CARTESIAN_POINT ( 'NONE',  ( -113.1716221670692164, 125.9829641576302208, 11.57346787990930181 ) ) ;
#3464 = CARTESIAN_POINT ( 'NONE',  ( 25.99392449805660377, 117.4296532796704469, 5.637034940206621769 ) ) ;
#3465 = CARTESIAN_POINT ( 'NONE',  ( 48.22219713824289045, 111.9855298795874319, 1.637034940206620659 ) ) ;
#3466 = ADVANCED_FACE ( 'NONE', ( #4379 ), #3237, .T. ) ;
#3467 = CARTESIAN_POINT ( 'NONE',  ( -95.27651590533064052, 112.9902063214049690, 11.43703494025265144 ) ) ;
#3468 = ORIENTED_EDGE ( 'NONE', *, *, #813, .F. ) ;
#3469 = CARTESIAN_POINT ( 'NONE',  ( -62.09965603401771261, 105.0860231593003675, 1.637034940206620881 ) ) ;
#3470 = CARTESIAN_POINT ( 'NONE',  ( 46.89210817162278744, 112.8615001319579392, 11.63703494020662355 ) ) ;
#3471 = CARTESIAN_POINT ( 'NONE',  ( -114.7437297425799869, 134.6957993009814629, 11.43703494025265144 ) ) ;
#3472 = CARTESIAN_POINT ( 'NONE',  ( -86.32748296230521134, 174.3970740434164384, 1.637034940206621325 ) ) ;
#3473 = CARTESIAN_POINT ( 'NONE',  ( -116.2942911062728228, 146.8172828137255692, 1.637034940206621103 ) ) ;
#3474 = CARTESIAN_POINT ( 'NONE',  ( -45.96723934132160139, 177.0286686257736335, 11.34734651130917626 ) ) ;
#3475 = CARTESIAN_POINT ( 'NONE',  ( -99.85445696877697230, 113.0369150453953750, 11.63703494020664131 ) ) ;
#3476 = CARTESIAN_POINT ( 'NONE',  ( 45.30695713294282712, 170.0690359526404336, 11.63703494020662177 ) ) ;
#3477 = CARTESIAN_POINT ( 'NONE',  ( -99.47698037730843623, 167.9745949056469954, 11.63703494020662532 ) ) ;
#3478 = CARTESIAN_POINT ( 'NONE',  ( -103.3338579467373677, 167.8808053427700600, 10.66434472691910962 ) ) ;
#3479 = ORIENTED_EDGE ( 'NONE', *, *, #248, .T. ) ;
#3480 = B_SPLINE_CURVE_WITH_KNOTS ( 'NONE', 3,
 ( #500, #1594, #2691, #6648, #2121, #2762 ),
 .UNSPECIFIED., .F., .F.,
 ( 4, 2, 4 ),
 ( 0.000000000000000000, 0.0009137790633522245966, 0.001827558126704449193 ),
 .UNSPECIFIED. ) ;
#3481 = LINE ( 'NONE', #1158, #3541 ) ;
#3482 = CARTESIAN_POINT ( 'NONE',  ( 52.31147790116004614, 112.3002853077695704, 1.637034940206620881 ) ) ;
#3483 = CARTESIAN_POINT ( 'NONE',  ( -56.19714729966739242, 104.5474480687801702, 10.74558883120668717 ) ) ;
#3484 = CARTESIAN_POINT ( 'NONE',  ( -109.4047009441680842, 120.6722329775771527, 11.63703494020662177 ) ) ;
#3485 = CARTESIAN_POINT ( 'NONE',  ( -63.01466941521960052, 106.0457173794661117, 11.63703494020662355 ) ) ;
#3486 = CARTESIAN_POINT ( 'NONE',  ( -50.70176162138956499, 177.6427160132089682, 2.301164738934466047 ) ) ;
#3487 = B_SPLINE_CURVE_WITH_KNOTS ( 'NONE', 3,
 ( #1685, #4085, #6325, #6860, #5683, #2817, #4511, #5721, #479, #3979, #2366, #1160 ),
 .UNSPECIFIED., .F., .F.,
 ( 4, 2, 1, 1, 2, 2, 4 ),
 ( 0.000000000000000000, 0.2499999999999237277, 0.3749999999998855915, 0.4374999999998517297, 0.4687499999998500089, 0.4999999999998482325, 1.000000000000000000 ),
 .UNSPECIFIED. ) ;
#3488 = CARTESIAN_POINT ( 'NONE',  ( -116.9767406408103483, 135.2816855975209762, 2.560097286703860942 ) ) ;
#3489 = CARTESIAN_POINT ( 'NONE',  ( -61.02782324444480366, 104.2570231572909165, 11.11287036316121046 ) ) ;
#3490 = ORIENTED_EDGE ( 'NONE', *, *, #3186, .F. ) ;
#3491 = CARTESIAN_POINT ( 'NONE',  ( 50.32125254215775101, 113.2447298497897208, 5.637034940206621769 ) ) ;
#3492 = EDGE_LOOP ( 'NONE', ( #5727 ) ) ;
#3493 = CARTESIAN_POINT ( 'NONE',  ( -103.5146446793420836, 115.0725585729060612, 11.63703494020662177 ) ) ;
#3494 = CIRCLE ( 'NONE', #3855, 2.149999999999998135 ) ;
#3495 = ORIENTED_EDGE ( 'NONE', *, *, #702, .T. ) ;
#3496 = DIRECTION ( 'NONE',  ( -1.000000000000000000, 0.000000000000000000, 0.000000000000000000 ) ) ;
#3497 = CARTESIAN_POINT ( 'NONE',  ( 45.82136685909658524, 170.9574219061590270, 1.637034940206621103 ) ) ;
#3498 =( BOUNDED_CURVE ( )  B_SPLINE_CURVE ( 3, ( #5337, #174, #4083, #1192 ),
 .UNSPECIFIED., .F., .F. ) 
 B_SPLINE_CURVE_WITH_KNOTS ( ( 4, 4 ),
 ( 6.162895926368988420, 6.347237259843906187 ),
 .UNSPECIFIED. ) 
 CURVE ( )  GEOMETRIC_REPRESENTATION_ITEM ( )  RATIONAL_B_SPLINE_CURVE ( ( 1.000000000000000000, 0.9971701936179139247, 0.9971701936179139247, 1.000000000000000000 ) ) 
 REPRESENTATION_ITEM ( '' )  );
#3499 = FACE_OUTER_BOUND ( 'NONE', #1017, .T. ) ;
#3500 = CARTESIAN_POINT ( 'NONE',  ( 47.65573265853755203, 111.1244316930984866, 2.581212826122864179 ) ) ;
#3501 = CARTESIAN_POINT ( 'NONE',  ( -116.2942911057654385, 136.0420237369577023, 1.637034940206621325 ) ) ;
#3502 = CARTESIAN_POINT ( 'NONE',  ( 69.84392449654995971, 141.4296532796704184, 1.637034940206621103 ) ) ;
#3503 = B_SPLINE_CURVE_WITH_KNOTS ( 'NONE', 3,
 ( #6968, #4688, #1721, #6357, #7431, #1759, #1191, #4014, #3405, #1793 ),
 .UNSPECIFIED., .F., .F.,
 ( 4, 2, 2, 2, 4 ),
 ( -5.994961128656123432E-08, 0.001167826735914621623, 0.002335713421440529722, 0.004671486792492345920, 0.009343033534595994796 ),
 .UNSPECIFIED. ) ;
#3504 = CARTESIAN_POINT ( 'NONE',  ( -43.85000000000000142, 141.4296532796704469, 5.637034940206621769 ) ) ;
#3505 = AXIS2_PLACEMENT_3D ( 'NONE', #5167, #5240, #1661 ) ;
#3506 = ORIENTED_EDGE ( 'NONE', *, *, #4802, .F. ) ;
#3507 = CARTESIAN_POINT ( 'NONE',  ( -65.22843112418900091, 105.1189005354339372, 1.637034940206620659 ) ) ;
#3508 = CARTESIAN_POINT ( 'NONE',  ( 48.56948457675483866, 112.9411974038352469, 11.63703494020662177 ) ) ;
#3509 = AXIS2_PLACEMENT_3D ( 'NONE', #2534, #7223, #7185 ) ;
#3510 = CARTESIAN_POINT ( 'NONE',  ( -114.6772359603652518, 133.7792527326989500, 11.63703494020662355 ) ) ;
#3511 = AXIS2_PLACEMENT_3D ( 'NONE', #2143, #4389, #258 ) ;
#3512 = LINE ( 'NONE', #5828, #3670 ) ;
#3513 = FACE_OUTER_BOUND ( 'NONE', #2207, .T. ) ;
#3514 = CARTESIAN_POINT ( 'NONE',  ( -98.80047840584116159, 170.3587778436260294, 11.64016742869659637 ) ) ;
#3515 = CARTESIAN_POINT ( 'NONE',  ( -88.59216410316197710, 172.6788842399746216, 11.63703494020662355 ) ) ;
#3516 = CARTESIAN_POINT ( 'NONE',  ( 44.31814657150209058, 111.8491821268199260, 1.637034940206621103 ) ) ;
#3517 = FACE_BOUND ( 'NONE', #4731, .T. ) ;
#3518 = CARTESIAN_POINT ( 'NONE',  ( -56.06196278385668563, 178.3476194708730986, 2.592675434596789508 ) ) ;
#3519 = CARTESIAN_POINT ( 'NONE',  ( -55.33455095888742648, 104.6481702679021453, 10.66523996209918934 ) ) ;
#3520 = CARTESIAN_POINT ( 'NONE',  ( 45.61756446579136082, 113.0061578439561316, 11.43703494020664380 ) ) ;
#3521 = FACE_OUTER_BOUND ( 'NONE', #922, .T. ) ;
#3522 = CARTESIAN_POINT ( 'NONE',  ( -112.9876073866770696, 125.6290699601703977, 2.560097286703860942 ) ) ;
#3523 = CARTESIAN_POINT ( 'NONE',  ( -57.29827515279880146, 178.4392759228883563, 10.84877406165219149 ) ) ;
#3524 = VERTEX_POINT ( 'NONE', #2131 ) ;
#3525 = CARTESIAN_POINT ( 'NONE',  ( 33.65864848538718945, 171.7217239132802433, 11.63703494020662177 ) ) ;
#3526 = ORIENTED_EDGE ( 'NONE', *, *, #6802, .F. ) ;
#3527 = CARTESIAN_POINT ( 'NONE',  ( -100.9017544441577314, 118.7837337803544813, 11.43703494025265144 ) ) ;
#3528 = ORIENTED_EDGE ( 'NONE', *, *, #4842, .F. ) ;
#3529 = LINE ( 'NONE', #968, #7142 ) ;
#3530 = CARTESIAN_POINT ( 'NONE',  ( -57.69561782443542342, 177.6179764787920021, 1.637034940206620437 ) ) ;
#3531 = CARTESIAN_POINT ( 'NONE',  ( -111.1425080024380065, 126.4573222482118524, 11.43703494025265144 ) ) ;
#3532 = CARTESIAN_POINT ( 'NONE',  ( 48.44623764407087663, 170.8643723660258900, 1.637034940206621103 ) ) ;
#3533 = CARTESIAN_POINT ( 'NONE',  ( -49.83808207885639519, 177.5860032120314713, 11.63703494020658269 ) ) ;
#3534 = CARTESIAN_POINT ( 'NONE',  ( -106.4059622528060203, 118.7288506275082085, 1.637034940206621103 ) ) ;
#3535 = VERTEX_POINT ( 'NONE', #5855 ) ;
#3536 = CARTESIAN_POINT ( 'NONE',  ( -61.65141336683871032, 177.7690699237608669, 1.637034940206621547 ) ) ;
#3537 = DIRECTION ( 'NONE',  ( 0.000000000000000000, 0.000000000000000000, 1.000000000000000000 ) ) ;
#3538 = EDGE_CURVE ( 'NONE', #6842, #1791, #7376, .T. ) ;
#3539 = CARTESIAN_POINT ( 'NONE',  ( 50.11819282544869480, 112.0991333295409618, 1.637034940206621325 ) ) ;
#3540 = ORIENTED_EDGE ( 'NONE', *, *, #4264, .F. ) ;
#3541 = VECTOR ( 'NONE', #5795, 1000.000000000000114 ) ;
#3542 = CARTESIAN_POINT ( 'NONE',  ( -11.53363109760114469, 108.4325527755502918, 1.637034940206621103 ) ) ;
#3543 = CARTESIAN_POINT ( 'NONE',  ( 48.00962614057464606, 112.9125181559281685, 11.63703494020662532 ) ) ;
#3544 = CARTESIAN_POINT ( 'NONE',  ( -109.6443623122301290, 124.2502636990184612, 11.43703494025264966 ) ) ;
#3545 = ORIENTED_EDGE ( 'NONE', *, *, #5944, .T. ) ;
#3546 = CARTESIAN_POINT ( 'NONE',  ( 53.72263671744913438, 170.9642559831617064, 11.63703494020662177 ) ) ;
#3547 = CARTESIAN_POINT ( 'NONE',  ( -101.8996422014036796, 114.1452904464857454, 11.63703494020662177 ) ) ;
#3548 = CARTESIAN_POINT ( 'NONE',  ( -85.81116979859793048, 173.5488453210275850, 11.63703494020662177 ) ) ;
#3549 = CARTESIAN_POINT ( 'NONE',  ( -81.40606476032144201, 108.3702897084880874, 11.43703494025265144 ) ) ;
#3550 = ORIENTED_EDGE ( 'NONE', *, *, #5482, .F. ) ;
#3551 = DIRECTION ( 'NONE',  ( -0.000000000000000000, -0.000000000000000000, -1.000000000000000000 ) ) ;
#3552 = CARTESIAN_POINT ( 'NONE',  ( 46.44175144794778731, 111.0839271490370805, 2.593422634494000345 ) ) ;
#3553 = DIRECTION ( 'NONE',  ( -0.000000000000000000, -0.000000000000000000, -1.000000000000000000 ) ) ;
#3554 = CONICAL_SURFACE ( 'NONE', #2731, 4.700000000000002842, 0.7853981633974479459 ) ;
#3555 = EDGE_CURVE ( 'NONE', #4076, #6902, #84, .T. ) ;
#3556 = CARTESIAN_POINT ( 'NONE',  ( 46.28977028490967172, 113.0351556326441624, 11.43703494020664380 ) ) ;
#3557 = DIRECTION ( 'NONE',  ( -0.000000000000000000, -0.000000000000000000, -1.000000000000000000 ) ) ;
#3558 = CIRCLE ( 'NONE', #919, 2.149999999999985256 ) ;
#3559 = CARTESIAN_POINT ( 'NONE',  ( 52.81760470924650264, 169.5958300380787023, 11.63703494020662355 ) ) ;
#3560 = CARTESIAN_POINT ( 'NONE',  ( -61.99669272452360502, 104.2429923423002265, 11.53606429950618661 ) ) ;
#3561 = ORIENTED_EDGE ( 'NONE', *, *, #322, .F. ) ;
#3562 = DIRECTION ( 'NONE',  ( -1.000000000000000000, 0.000000000000000000, 0.000000000000000000 ) ) ;
#3563 = EDGE_LOOP ( 'NONE', ( #5692 ) ) ;
#3564 = CARTESIAN_POINT ( 'NONE',  ( -114.9330992600605441, 153.5252744706480428, 11.63703494020702323 ) ) ;
#3565 = CARTESIAN_POINT ( 'NONE',  ( -107.1266948183426990, 164.7098634388595428, 11.63703494020662887 ) ) ;
#3566 = ORIENTED_EDGE ( 'NONE', *, *, #1955, .T. ) ;
#3567 = CARTESIAN_POINT ( 'NONE',  ( -75.32665941726821757, 177.6703206670126747, 2.560097286703860053 ) ) ;
#3568 = B_SPLINE_CURVE_WITH_KNOTS ( 'NONE', 3,
 ( #3397, #3435, #4538, #4608 ),
 .UNSPECIFIED., .F., .F.,
 ( 4, 4 ),
 ( 0.000000000000000000, 1.000000000000000000 ),
 .UNSPECIFIED. ) ;
#3569 = CARTESIAN_POINT ( 'NONE',  ( -106.0538071185788738, 119.9097208140333777, 11.43703494025265144 ) ) ;
#3570 = CARTESIAN_POINT ( 'NONE',  ( 55.09566791576870060, 112.1129322599123981, 10.71292192456977155 ) ) ;
#3571 = CARTESIAN_POINT ( 'NONE',  ( -48.30583608373248694, 177.3843625954963557, 11.63703494020662177 ) ) ;
#3572 = CARTESIAN_POINT ( 'NONE',  ( -106.7675832963331573, 117.9103845459906807, 2.560097286703860053 ) ) ;
#3573 = CARTESIAN_POINT ( 'NONE',  ( -102.1886893047396114, 168.5344826048356026, 10.74745013783757486 ) ) ;
#3574 = CARTESIAN_POINT ( 'NONE',  ( 71.99392449654993698, 141.4296532796704184, 5.637034940206621769 ) ) ;
#3575 = CARTESIAN_POINT ( 'NONE',  ( 47.16146522440079991, 111.9466702801435929, 1.637034940206621103 ) ) ;
#3576 = CARTESIAN_POINT ( 'NONE',  ( -36.53207531608227043, 105.8625009036139630, 2.560097286703862274 ) ) ;
#3577 = CARTESIAN_POINT ( 'NONE',  ( -79.00772311185147601, 177.0645913355490961, 11.63703494020659868 ) ) ;
#3578 = CARTESIAN_POINT ( 'NONE',  ( -114.6088923770182078, 133.5648062773244931, 11.63703494020662177 ) ) ;
#3579 = CARTESIAN_POINT ( 'NONE',  ( -57.11193760564273703, 105.2802563186277780, 1.637034940206621325 ) ) ;
#3580 = CARTESIAN_POINT ( 'NONE',  ( 48.42953117724827194, 171.7107232829702070, 3.175635583667414164 ) ) ;
#3581 = CARTESIAN_POINT ( 'NONE',  ( -113.0478917452212073, 155.3823284365772679, 1.637034940206621103 ) ) ;
#3582 = CARTESIAN_POINT ( 'NONE',  ( -113.7512663626729221, 151.1217940277467449, 5.637034940206621769 ) ) ;
#3583 = DIRECTION ( 'NONE',  ( -0.000000000000000000, -0.000000000000000000, -1.000000000000000000 ) ) ;
#3584 = CARTESIAN_POINT ( 'NONE',  ( -78.06398611644110019, 107.6742904122886841, 11.43703494025264966 ) ) ;
#3585 = CARTESIAN_POINT ( 'NONE',  ( 46.09495300072775592, 111.0726661330737386, 2.596874674527088978 ) ) ;
#3586 = CARTESIAN_POINT ( 'NONE',  ( 50.32140332269950278, 169.6145656673077440, 11.43703494025265144 ) ) ;
#3587 = CARTESIAN_POINT ( 'NONE',  ( -64.99985354923917669, 178.6719169915767225, 11.63703494020732343 ) ) ;
#3588 = CARTESIAN_POINT ( 'NONE',  ( 53.01226041969967895, 113.4135196702159902, 11.50353798616994538 ) ) ;
#3589 = CARTESIAN_POINT ( 'NONE',  ( -112.8268382891636890, 153.2984966349186209, 11.43703494025265144 ) ) ;
#3590 = CARTESIAN_POINT ( 'NONE',  ( -103.1501004887203692, 114.8730872501472646, 10.65228218503755286 ) ) ;
#3591 = ORIENTED_EDGE ( 'NONE', *, *, #5301, .T. ) ;
#3592 = CARTESIAN_POINT ( 'NONE',  ( -117.8672655165491392, 142.0415340426947353, 2.560097286703177488 ) ) ;
#3593 = ORIENTED_EDGE ( 'NONE', *, *, #2678, .F. ) ;
#3594 = DIRECTION ( 'NONE',  ( 0.000000000000000000, -0.000000000000000000, -1.000000000000000000 ) ) ;
#3595 = ORIENTED_EDGE ( 'NONE', *, *, #3335, .T. ) ;
#3596 = CARTESIAN_POINT ( 'NONE',  ( -79.35813416002110898, 176.9731369692173644, 2.560097286703860942 ) ) ;
#3597 = CARTESIAN_POINT ( 'NONE',  ( -109.1271911796192597, 123.5468719403705222, 11.43703494025265144 ) ) ;
#3598 = CARTESIAN_POINT ( 'NONE',  ( 51.39927050899826355, 170.6458149526770285, 1.637034940206621103 ) ) ;
#3599 = EDGE_CURVE ( 'NONE', #7034, #246, #3931, .T. ) ;
#3600 = CARTESIAN_POINT ( 'NONE',  ( -111.2987064043136485, 126.3664920464341890, 11.63703494020662177 ) ) ;
#3601 = CARTESIAN_POINT ( 'NONE',  ( 47.55965717365030088, 111.1210453312285438, 2.582163989113058555 ) ) ;
#3602 = CARTESIAN_POINT ( 'NONE',  ( -108.3088498720939157, 119.4805814150483201, 2.560097286703861830 ) ) ;
#3603 = CARTESIAN_POINT ( 'NONE',  ( -113.9125968692890893, 150.6855396396295248, 11.43703494025265321 ) ) ;
#3604 = VERTEX_POINT ( 'NONE', #6452 ) ;
#3605 = CARTESIAN_POINT ( 'NONE',  ( -103.6843207578968844, 167.6260010474934461, 10.70729333794644234 ) ) ;
#3606 = CIRCLE ( 'NONE', #4581, 2.149999999999992362 ) ;
#3607 = CARTESIAN_POINT ( 'NONE',  ( -83.78123585119082861, 107.7512343898126943, 1.637034940206621103 ) ) ;
#3608 = CARTESIAN_POINT ( 'NONE',  ( -49.59422954331312638, 177.5021381200515123, 9.939459659244354484 ) ) ;
#3609 = CARTESIAN_POINT ( 'NONE',  ( -110.1585628153911927, 124.9792710135691749, 11.43703494025265144 ) ) ;
#3610 = CARTESIAN_POINT ( 'NONE',  ( -100.2946398799868604, 114.2341258266304749, 1.637034940206621547 ) ) ;
#3611 = CIRCLE ( 'NONE', #6518, 50.00000000000000000 ) ;
#3612 = CARTESIAN_POINT ( 'NONE',  ( -56.37743172515097001, 104.4899521114324585, 2.807358867969934835 ) ) ;
#3613 = VECTOR ( 'NONE', #835, 1000.000000000000000 ) ;
#3614 = AXIS2_PLACEMENT_3D ( 'NONE', #4901, #379, #3684 ) ;
#3615 = CARTESIAN_POINT ( 'NONE',  ( -78.10454688124612233, 107.4783778811145680, 11.63703494020662355 ) ) ;
#3616 = CARTESIAN_POINT ( 'NONE',  ( -82.28275468714242891, 174.4901180894693766, 11.63703494020661999 ) ) ;
#3617 = CARTESIAN_POINT ( 'NONE',  ( -75.66928193274122805, 107.2603105814799278, 11.43703494025264966 ) ) ;
#3618 = CARTESIAN_POINT ( 'NONE',  ( 51.27242498524354630, 112.2011780062547501, 1.637034940206620881 ) ) ;
#3619 = CARTESIAN_POINT ( 'NONE',  ( -102.5739536465642772, 166.2092848630231856, 11.63703494020662177 ) ) ;
#3620 = EDGE_CURVE ( 'NONE', #5114, #5878, #3568, .T. ) ;
#3621 = CARTESIAN_POINT ( 'NONE',  ( 51.66135203287136335, 113.3691210533891507, 11.43703494020664380 ) ) ;
#3622 = CARTESIAN_POINT ( 'NONE',  ( 53.00248531723549661, 169.3798633872143853, 5.637034940206621769 ) ) ;
#3623 = CARTESIAN_POINT ( 'NONE',  ( -102.4506128257294506, 166.0518457554065890, 5.637034940206621769 ) ) ;
#3624 = DIRECTION ( 'NONE',  ( 0.000000000000000000, 0.000000000000000000, -1.000000000000000000 ) ) ;
#3625 = ORIENTED_EDGE ( 'NONE', *, *, #6937, .F. ) ;
#3626 = CARTESIAN_POINT ( 'NONE',  ( -68.91009507526021594, 104.4762832261879737, 11.63703494020663598 ) ) ;
#3627 = ORIENTED_EDGE ( 'NONE', *, *, #2216, .T. ) ;
#3628 = CARTESIAN_POINT ( 'NONE',  ( -101.3077347631220704, 166.7382377035385730, 5.637034940206621769 ) ) ;
#3629 = ORIENTED_EDGE ( 'NONE', *, *, #6597, .T. ) ;
#3630 = CARTESIAN_POINT ( 'NONE',  ( -57.22141989024704856, 177.5866239638642696, 1.637034940206620659 ) ) ;
#3631 = CARTESIAN_POINT ( 'NONE',  ( -108.0095698021243606, 122.1543898098365730, 5.637034940206621769 ) ) ;
#3632 = CARTESIAN_POINT ( 'NONE',  ( -103.1501000921053759, 114.8730870222287876, 2.560097286703860942 ) ) ;
#3633 = CARTESIAN_POINT ( 'NONE',  ( -112.8253396550088752, 155.7848905509669351, 1.637034940206621103 ) ) ;
#3634 = CARTESIAN_POINT ( 'NONE',  ( -70.93473696350312707, 176.2011814967712553, 11.43703494025265499 ) ) ;
#3635 = CARTESIAN_POINT ( 'NONE',  ( -107.1303964479406403, 161.7033419971318722, 11.43703494025265144 ) ) ;
#3636 = B_SPLINE_CURVE_WITH_KNOTS ( 'NONE', 3,
 ( #1503, #3801, #3840, #4977, #2199, #5097, #6837, #3386, #5543, #378, #5622, #6225, #7335, #7412, #6112, #455, #2757, #1060, #6148, #6262, #4490, #5698 ),
 .UNSPECIFIED., .F., .F.,
 ( 4, 2, 2, 2, 1, 2, 2, 2, 1, 1, 1, 2, 4 ),
 ( 0.000000000000000000, 0.2499999999999868439, 0.2812499999999886757, 0.3124999999999905631, 0.3749999999999904521, 0.4999999999999903411, 0.5624999999999908962, 0.6249999999999915623, 0.7499999999999951150, 0.8749999999999987788, 0.9374999999999994449, 0.9687499999999996669, 1.000000000000000000 ),
 .UNSPECIFIED. ) ;
#3637 = CARTESIAN_POINT ( 'NONE',  ( -101.5928322692064114, 167.9067982090707858, 1.637034940206621103 ) ) ;
#3638 = CARTESIAN_POINT ( 'NONE',  ( 51.67088721825487596, 113.1666512382429346, 11.63703494020662355 ) ) ;
#3639 = CARTESIAN_POINT ( 'NONE',  ( 23.84392449805661229, 117.4296532796704469, 1.637034940206621103 ) ) ;
#3640 = CARTESIAN_POINT ( 'NONE',  ( 50.49740211297537940, 112.1312657098556969, 1.637034940206620659 ) ) ;
#3641 = CARTESIAN_POINT ( 'NONE',  ( -25.79364392920790650, 106.6051945960911524, 2.560097286703860942 ) ) ;
#3642 = CARTESIAN_POINT ( 'NONE',  ( -49.59422953991621341, 105.3571684369131987, 10.16682378209447357 ) ) ;
#3643 = CARTESIAN_POINT ( 'NONE',  ( -114.9360536986702073, 134.6409147231908321, 11.63703494020662177 ) ) ;
#3644 = CARTESIAN_POINT ( 'NONE',  ( -91.01236356027847307, 110.0128256886315228, 1.637034940206621103 ) ) ;
#3645 = CARTESIAN_POINT ( 'NONE',  ( 48.07630853178150687, 169.9435552509868330, 11.63703494020662355 ) ) ;
#3646 = CARTESIAN_POINT ( 'NONE',  ( 49.35651827987814499, 171.6673341468907097, 2.686899296393858272 ) ) ;
#3647 = EDGE_CURVE ( 'NONE', #6067, #6051, #5472, .T. ) ;
#3648 = B_SPLINE_CURVE_WITH_KNOTS ( 'NONE', 3,
 ( #1642, #6780, #2660, #1528, #6814, #2741, #398, #2175 ),
 .UNSPECIFIED., .F., .F.,
 ( 4, 2, 2, 4 ),
 ( 6.740511238665154210E-07, 0.0007334940923830382932, 0.001466314133642209958, 0.002931954216160553503 ),
 .UNSPECIFIED. ) ;
#3649 = CARTESIAN_POINT ( 'NONE',  ( -104.3286488053874450, 164.5805564368637022, 5.637034940206621769 ) ) ;
#3650 = CYLINDRICAL_SURFACE ( 'NONE', #1711, 2.149999999999985256 ) ;
#3651 = DIRECTION ( 'NONE',  ( 1.000000000000000000, 0.000000000000000000, 0.000000000000000000 ) ) ;
#3652 = CARTESIAN_POINT ( 'NONE',  ( -2.156075503692740813, 165.4296532797131078, 1.637034940206621103 ) ) ;
#3653 = CARTESIAN_POINT ( 'NONE',  ( -92.77846809498571190, 172.1684454818864083, 1.637034940206621547 ) ) ;
#3654 = CARTESIAN_POINT ( 'NONE',  ( -73.74944292760082476, 106.9823664829897893, 11.43703494025265321 ) ) ;
#3655 = ORIENTED_EDGE ( 'NONE', *, *, #6509, .F. ) ;
#3656 = CARTESIAN_POINT ( 'NONE',  ( 52.53619299259530351, 113.4406187448368399, 11.43703494020664024 ) ) ;
#3657 = CARTESIAN_POINT ( 'NONE',  ( -105.4976521793748105, 166.1406702388777035, 10.78858313501928379 ) ) ;
#3658 = CARTESIAN_POINT ( 'NONE',  ( 50.32125254215775101, 113.2447298497897208, 11.43703494020664380 ) ) ;
#3659 = CARTESIAN_POINT ( 'NONE',  ( 45.74865030444136238, 111.0606793243631074, 2.600236179906721734 ) ) ;
#3660 = EDGE_CURVE ( 'NONE', #2894, #7326, #468, .T. ) ;
#3661 = LINE ( 'NONE', #5983, #1511 ) ;
#3662 = ORIENTED_EDGE ( 'NONE', *, *, #6971, .F. ) ;
#3663 = CARTESIAN_POINT ( 'NONE',  ( -57.16194067137063684, 104.4356937355991306, 10.82391654643302026 ) ) ;
#3664 = EDGE_LOOP ( 'NONE', ( #3281 ) ) ;
#3665 = CARTESIAN_POINT ( 'NONE',  ( -105.9058176045443673, 165.8856382926893502, 11.63703494020701790 ) ) ;
#3666 = DIRECTION ( 'NONE',  ( -1.000000000000000000, 0.000000000000000000, 0.000000000000000000 ) ) ;
#3667 = CARTESIAN_POINT ( 'NONE',  ( -89.71791214356629496, 174.1982822561678290, 2.560097286703860942 ) ) ;
#3668 = ADVANCED_FACE ( 'NONE', ( #7424 ), #6804, .F. ) ;
#3669 = CARTESIAN_POINT ( 'NONE',  ( -112.8269061805653593, 129.5606860976577366, 5.637034940206621769 ) ) ;
#3670 = VECTOR ( 'NONE', #7281, 1000.000000000000000 ) ;
#3671 = CARTESIAN_POINT ( 'NONE',  ( 55.59419070209411018, 112.0501001672225101, 8.251435339097831445 ) ) ;
#3672 = CARTESIAN_POINT ( 'NONE',  ( -57.29993545071395289, 106.4309274163678793, 5.637034940206621769 ) ) ;
#3673 = CARTESIAN_POINT ( 'NONE',  ( -115.8354492527286510, 148.5861563397511702, 1.637034940206621103 ) ) ;
#3674 = CARTESIAN_POINT ( 'NONE',  ( -117.8672655166077021, 140.8177725093550521, 2.560097286703860942 ) ) ;
#3675 = CARTESIAN_POINT ( 'NONE',  ( -108.5808203032827635, 160.0049692062935378, 11.43703494025264966 ) ) ;
#3676 = CARTESIAN_POINT ( 'NONE',  ( 51.49446868182408110, 113.1517618329453967, 11.63703494020661999 ) ) ;
#3677 = CARTESIAN_POINT ( 'NONE',  ( -60.13234619727794694, 177.7338172818337227, 1.637034940206621103 ) ) ;
#3678 = CARTESIAN_POINT ( 'NONE',  ( 47.04027043869648139, 111.9426229941152258, 1.637034940206621103 ) ) ;
#3679 = CARTESIAN_POINT ( 'NONE',  ( 53.64421266587481085, 171.2750329148060473, 2.625594229499622845 ) ) ;
#3680 = CARTESIAN_POINT ( 'NONE',  ( 38.63694439203798936, 111.0613567509545874, 2.560097286703862274 ) ) ;
#3681 = CARTESIAN_POINT ( 'NONE',  ( 45.74865030158160550, 171.7986272415800784, 2.600236179906693756 ) ) ;
#3682 = CARTESIAN_POINT ( 'NONE',  ( -46.43131421377743351, 177.3895335379538949, 5.581672521861404057 ) ) ;
#3683 = CARTESIAN_POINT ( 'NONE',  ( 49.27950030290966765, 111.1722868314354429, 1.305322049257793049 ) ) ;
#3684 = DIRECTION ( 'NONE',  ( -0.9979493589479472293, -0.06400841331716573823, 0.000000000000000000 ) ) ;
#3685 = CARTESIAN_POINT ( 'NONE',  ( 47.45271716024478792, 169.9728688455105328, 11.63703494020661822 ) ) ;
#3686 = EDGE_CURVE ( 'NONE', #1403, #6269, #518, .T. ) ;
#3687 = DIRECTION ( 'NONE',  ( -1.000000000000000000, 0.000000000000000000, 0.000000000000000000 ) ) ;
#3688 = CARTESIAN_POINT ( 'NONE',  ( -77.03990138582145164, 177.4197310446053848, 2.560097286703864938 ) ) ;
#3689 = CARTESIAN_POINT ( 'NONE',  ( -80.32849114533328816, 174.7291983682673049, 11.43703494025265144 ) ) ;
#3690 = DIRECTION ( 'NONE',  ( -1.000000000000000000, 0.000000000000000000, 0.000000000000000000 ) ) ;
#3691 = CARTESIAN_POINT ( 'NONE',  ( -61.19376743425446108, 106.2360645348936146, 11.43703494025265499 ) ) ;
#3692 = ORIENTED_EDGE ( 'NONE', *, *, #322, .T. ) ;
#3693 = CARTESIAN_POINT ( 'NONE',  ( 53.41877638519044069, 113.5136874382106384, 11.43703494020664380 ) ) ;
#3694 = CARTESIAN_POINT ( 'NONE',  ( -110.2617542671226971, 161.1379282437321763, 11.84786248162603606 ) ) ;
#3695 = CARTESIAN_POINT ( 'NONE',  ( 44.31842574454078942, 111.8491919141775810, 1.637034940206621547 ) ) ;
#3696 = CARTESIAN_POINT ( 'NONE',  ( -107.9993906320092094, 160.7169267107749988, 11.43703494025265144 ) ) ;
#3697 = CARTESIAN_POINT ( 'NONE',  ( -50.78667071915877784, 105.2052125955757305, 10.97987460303278162 ) ) ;
#3698 = CARTESIAN_POINT ( 'NONE',  ( -57.11282452178655689, 104.4390907172606262, 10.82088524934800233 ) ) ;
#3699 = EDGE_LOOP ( 'NONE', ( #7246, #1508, #6848, #1248, #6976 ) ) ;
#3700 = CARTESIAN_POINT ( 'NONE',  ( -116.0725348577583418, 141.9038605920763985, 11.63703494020662177 ) ) ;
#3701 = ORIENTED_EDGE ( 'NONE', *, *, #1438, .F. ) ;
#3702 = CARTESIAN_POINT ( 'NONE',  ( -79.50785326451718049, 174.9073520278676881, 5.637034940206621769 ) ) ;
#3703 = CARTESIAN_POINT ( 'NONE',  ( -103.1501000921053759, 114.8730870222287876, 2.560097286703860942 ) ) ;
#3704 = CARTESIAN_POINT ( 'NONE',  ( -61.60928171963251998, 178.6076839878362250, 2.560097286703860497 ) ) ;
#3705 = B_SPLINE_SURFACE_WITH_KNOTS ( 'NONE', 1, 3, ( 
 ( #3322, #6923, #1746, #2765, #4043, #48, #6350, #3471, #5630, #618, #5824, #4075, #2421, #201, #4681, #5287, #5252, #6997, #653, #7068, #799, #686, #1824, #6383, #1251, #2947, #1214, #4713, #2494, #4110, #125, #88, #1315, #6958, #3609, #3085, #6421, #7031, #3544, #5860, #4216, #6493, #761, #5326, #2387, #4644, #2457, #2980, #5363, #1935, #3010, #1900, #1861, #236, #4143, #3047 ),
 ( #4751, #4789, #7104, #6458, #6531, #1359, #4179, #3643, #5934, #1786, #5399, #1283, #3510, #5966, #3578, #5895, #721, #162, #7218, #7179, #3159, #984, #4858, #5581, #1394, #2528, #2075, #4976, #5470, #2005, #6640, #911, #4288, #2113, #5435, #2682, #1467, #1502, #6147, #3757, #4254, #6721, #6073, #3800, #3198, #1548, #4825, #4935, #308, #273, #2604, #5507, #7145, #3839, #1972, #2037 ) ),
 .UNSPECIFIED., .F., .F., .F.,
 ( 2, 2 ),
 ( 4, 2, 2, 2, 2, 2, 2, 2, 2, 2, 2, 2, 2, 2, 2, 2, 2, 2, 2, 2, 2, 2, 2, 2, 2, 2, 2, 4 ),
 ( 0.000000000000000000, 1.000000000000000000 ),
 ( 0.000000000000000000, 0.003580681508480725028, 0.005371022262721087542, 0.006266192639841268799, 0.006713777828401359428, 0.007161363016961450056, 0.007385155611241495804, 0.007608948205521540685, 0.008056533394081631314, 0.008951703771201812571, 0.009846874148321993828, 0.01074204452544217508, 0.01163721490256235634, 0.01253238527968253760, 0.01432272603392290011, 0.01611306678816326263, 0.01700823716528344215, 0.01745582235384353365, 0.01790340754240362514, 0.01835099273096371664, 0.01879857791952380813, 0.01924616310808389963, 0.01969374829664398766, 0.02058891867376416718, 0.02148408905088435017, 0.02327442980512471268, 0.02506477055936507520, 0.02864545206784580023 ),
 .UNSPECIFIED. ) ;
#3706 = CARTESIAN_POINT ( 'NONE',  ( 54.35425222884548901, 111.9090695077921680, 9.056639830547776882 ) ) ;
#3707 = CARTESIAN_POINT ( 'NONE',  ( -49.47250314476023192, 105.3727567170900556, 10.21067191315166056 ) ) ;
#3708 = CARTESIAN_POINT ( 'NONE',  ( 50.74741353405546107, 111.3109170272997233, 2.576999550201501954 ) ) ;
#3709 = CARTESIAN_POINT ( 'NONE',  ( -117.7702336188508383, 139.5529136657541187, 2.560097286703859609 ) ) ;
#3710 = CARTESIAN_POINT ( 'NONE',  ( -49.59418255582001223, 105.3571744537083248, 9.939496430649105818 ) ) ;
#3711 = CARTESIAN_POINT ( 'NONE',  ( 53.34694804318505845, 113.3071032758765426, 11.63703494020661822 ) ) ;
#3712 = CARTESIAN_POINT ( 'NONE',  ( -54.61133544213734581, 104.4737116759598479, 0.2046255919902158771 ) ) ;
#3713 = CARTESIAN_POINT ( 'NONE',  ( -85.35584847556579291, 109.1799575294079858, 11.63703494020662177 ) ) ;
#3714 = CARTESIAN_POINT ( 'NONE',  ( -43.69102957399843490, 105.3673717752957799, 2.560097286703861386 ) ) ;
#3715 = CARTESIAN_POINT ( 'NONE',  ( -49.59422953991621341, 105.3571684369131987, 10.20385294613941340 ) ) ;
#3716 = CARTESIAN_POINT ( 'NONE',  ( -49.24098396950959255, 105.1140330271122991, 3.579485136704362525 ) ) ;
#3717 = CARTESIAN_POINT ( 'NONE',  ( -49.59422953991621341, 105.3571684369131987, 1.637034940206608669 ) ) ;
#3718 = CARTESIAN_POINT ( 'NONE',  ( 47.70573744043669251, 169.9612855850263884, 11.63703494020662355 ) ) ;
#3719 = CARTESIAN_POINT ( 'NONE',  ( -57.16194067137063684, 104.4356937355991306, 10.82391654643302026 ) ) ;
#3720 = CARTESIAN_POINT ( 'NONE',  ( -105.5163728780596557, 164.9788520548462429, 1.637034940206620881 ) ) ;
#3721 = CARTESIAN_POINT ( 'NONE',  ( -56.21828234434069316, 104.5009592350086507, 2.691454609571717338 ) ) ;
#3722 = EDGE_CURVE ( 'NONE', #2361, #2997, #3126, .T. ) ;
#3723 = CARTESIAN_POINT ( 'NONE',  ( 52.95527388518068079, 113.2748845637316464, 11.63703494020662355 ) ) ;
#3724 = CIRCLE ( 'NONE', #1705, 4.700000000000002842 ) ;
#3725 = CARTESIAN_POINT ( 'NONE',  ( -68.91009507871845585, 178.3830233289592684, 11.63703494020506746 ) ) ;
#3726 = CARTESIAN_POINT ( 'NONE',  ( -76.66109820867561098, 107.2183813982988454, 11.63703494020662532 ) ) ;
#3727 = ORIENTED_EDGE ( 'NONE', *, *, #809, .F. ) ;
#3728 = B_SPLINE_CURVE_WITH_KNOTS ( 'NONE', 3,
 ( #7295, #985, #2114, #6799 ),
 .UNSPECIFIED., .F., .F.,
 ( 4, 4 ),
 ( 0.000000000000000000, 1.000000000000000000 ),
 .UNSPECIFIED. ) ;
#3729 = CARTESIAN_POINT ( 'NONE',  ( 53.24232214699076593, 113.4991743083387803, 11.43703494020664913 ) ) ;
#3730 = CARTESIAN_POINT ( 'NONE',  ( -113.9953624771937228, 155.3954815929367044, 11.62118075958509067 ) ) ;
#3731 = VECTOR ( 'NONE', #1571, 1000.000000000000000 ) ;
#3732 = ADVANCED_FACE ( 'NONE', ( #3361 ), #1874, .F. ) ;
#3733 = CARTESIAN_POINT ( 'NONE',  ( -107.9731338054201473, 161.0496763981692823, 11.63703494020662887 ) ) ;
#3734 = CARTESIAN_POINT ( 'NONE',  ( -115.2370695760948536, 146.5970569938038466, 11.43703494025265144 ) ) ;
#3735 = B_SPLINE_CURVE_WITH_KNOTS ( 'NONE', 3,
 ( #3767, #3723, #3243, #3393, #4413, #1556, #3848, #4496, #2165, #4454, #4943, #2763, #501, #1108, #388, #5666, #3965, #5065, #7341, #6155, #992, #4533, #7383, #3808, #350, #6232, #2804, #7418, #4984, #6769, #3890, #1633, #1029, #1067, #3320, #3356, #6120, #2242, #2205, #6196, #2692, #3283, #954, #6845, #2648, #1669, #7260, #2123, #5589, #6729, #425, #2083, #4367, #1510, #5629, #5028, #5706, #3508, #5859, #2979, #5250, #541, #124, #6957, #7457, #2314, #3543, #2386, #1823, #1785, #1860, #1745, #4604, #5746, #1144, #5823, #1282, #4042, #6921, #87, #6348, #4712, #4004, #2841, #5178, #5140, #3470, #4074, #3430, #1710, #1183, #652, #2278, #582, #6311, #2875, #685, #2946, #4569, #6382, #5286, #11, #5784, #4643, #6882, #7030, #617, #2908, #4142, #1213, #2420, #5212, #47, #2353, #4680, #6996, #4108 ),
 .UNSPECIFIED., .F., .F.,
 ( 4, 1, 1, 1, 1, 1, 2, 2, 1, 1, 2, 2, 1, 1, 1, 1, 2, 2, 1, 1, 1, 2, 2, 1, 1, 1, 2, 2, 1, 1, 2, 2, 1, 1, 2, 2, 2, 2, 1, 1, 1, 2, 2, 1, 1, 1, 2, 2, 1, 1, 1, 1, 2, 2, 1, 1, 1, 1, 1, 2, 2, 1, 1, 2, 2, 1, 1, 1, 1, 2, 2, 1, 1, 1, 1, 2, 2, 1, 1, 1, 2, 2, 4 ),
 ( 0.000000000000000000, 0.03125000000002709638, 0.04687500000004042600, 0.05468750000004730244, 0.05859375000005073719, 0.06054687500005364459, 0.06152343750005391521, 0.06250000000005417888, 0.09375000000011343704, 0.1093750000001419975, 0.1171875000001573602, 0.1250000000001727229, 0.1562500000002377820, 0.1718750000002703116, 0.1796875000002865763, 0.1835937500002966238, 0.1855468750002999268, 0.1875000000003032574, 0.2187500000003404499, 0.2343750000003603229, 0.2421875000003689271, 0.2460937500003732292, 0.2500000000003775313, 0.2812500000004183320, 0.2968750000004398149, 0.3046875000004507505, 0.3085937500004548584, 0.3125000000004589662, 0.3437500000004976575, 0.3593750000005170309, 0.3671875000005255796, 0.3750000000005341838, 0.4062500000005638268, 0.4218750000005773715, 0.4296875000005828116, 0.4375000000005882517, 0.4687500000006136203, 0.5000000000006389334, 0.5312500000006642464, 0.5468750000006757928, 0.5546875000006804557, 0.5585937500006815659, 0.5625000000006825651, 0.5937500000006913359, 0.6093750000006943335, 0.6171875000006957768, 0.6210937500006966649, 0.6250000000006974421, 0.6562500000006893375, 0.6718750000006852297, 0.6796875000006820100, 0.6835937500006805667, 0.6855468750006797896, 0.6875000000006790124, 0.7187500000006586953, 0.7343750000006497025, 0.7421875000006464829, 0.7460937500006449286, 0.7480468750006452616, 0.7490234375006453726, 0.7500000000006453726, 0.7656250000006120660, 0.7734375000005966339, 0.7773437500005887513, 0.7812500000005809797, 0.7968750000005457856, 0.8046875000005293543, 0.8085937500005210277, 0.8105468750005169198, 0.8115234375005149214, 0.8125000000005129230, 0.8437500000003993472, 0.8593750000003425038, 0.8671875000003141931, 0.8710937500003016476, 0.8730468750002955414, 0.8750000000002895462, 0.9062500000002180478, 0.9218750000001834088, 0.9296875000001659783, 0.9335937500001572076, 0.9375000000001485478, 1.000000000000000000 ),
 .UNSPECIFIED. ) ;
#3736 = CARTESIAN_POINT ( 'NONE',  ( -115.8731207112463863, 141.8885635935511118, 5.637034940206621769 ) ) ;
#3737 = CARTESIAN_POINT ( 'NONE',  ( -57.28708764094992034, 104.4105865595238214, 11.64748869885063343 ) ) ;
#3738 = CARTESIAN_POINT ( 'NONE',  ( -109.8906997187315824, 141.4296532756430906, 2.560097286703861830 ) ) ;
#3739 = CARTESIAN_POINT ( 'NONE',  ( -77.03990138243223385, 105.4395755097746985, 2.560096196074688191 ) ) ;
#3740 = ORIENTED_EDGE ( 'NONE', *, *, #5042, .F. ) ;
#3741 = AXIS2_PLACEMENT_3D ( 'NONE', #2064, #2712, #4966 ) ;
#3742 = CARTESIAN_POINT ( 'NONE',  ( -101.8996422039730732, 168.7140161055532133, 11.63703494020662177 ) ) ;
#3743 = CARTESIAN_POINT ( 'NONE',  ( 52.99749097693541700, 171.2024391877563119, 9.724448169894172267 ) ) ;
#3744 = CARTESIAN_POINT ( 'NONE',  ( -57.25937913873981699, 178.4302967105805067, 2.560097286703864050 ) ) ;
#3745 = B_SPLINE_CURVE_WITH_KNOTS ( 'NONE', 3,
 ( #998, #1481, #888, #2052, #7195, #394, #355, #2737, #323, #3174, #4300, #2016, #2090, #7346, #2621, #5484, #3816, #4911, #1523, #3289, #2582, #2657, #6055, #3856, #6616, #4420, #3213, #5557, #5034, #4954, #6018, #5596, #7268, #2698, #927, #4266, #6579, #6697, #4337, #1445, #6658, #286, #6735, #3733, #855, #4873, #4991, #1405 ),
 .UNSPECIFIED., .F., .F.,
 ( 4, 1, 2, 2, 1, 2, 2, 1, 1, 2, 2, 2, 1, 2, 2, 1, 1, 2, 2, 1, 1, 2, 2, 2, 2, 1, 2, 2, 4 ),
 ( 0.000000000000000000, 0.03125000000000086736, 0.04687500000000274780, 0.06250000000000462130, 0.09375000000000838218, 0.1093750000000089373, 0.1250000000000094924, 0.1875000000000125733, 0.2187500000000140998, 0.2343750000000146549, 0.2500000000000152656, 0.3125000000000179856, 0.3437500000000190958, 0.3593750000000185962, 0.3750000000000180966, 0.4375000000000186517, 0.4687500000000175970, 0.4843750000000180411, 0.5000000000000185407, 0.5625000000000133227, 0.5937500000000109912, 0.6093750000000103251, 0.6250000000000096589, 0.6562500000000097700, 0.6875000000000099920, 0.7187500000000102141, 0.7343750000000087708, 0.7500000000000072164, 1.000000000000000000 ),
 .UNSPECIFIED. ) ;
#3746 = CARTESIAN_POINT ( 'NONE',  ( -57.16194067485439945, 178.4236128206528633, 2.560097286697720076 ) ) ;
#3747 = CARTESIAN_POINT ( 'NONE',  ( -109.0884756304850640, 123.1746389005693914, 11.63703494020662355 ) ) ;
#3748 = CARTESIAN_POINT ( 'NONE',  ( -117.8672655165491392, 142.0415340426947353, 11.63703494020662177 ) ) ;
#3749 = CARTESIAN_POINT ( 'NONE',  ( -59.24025629044834318, 176.5626028265751870, 11.43703494025264966 ) ) ;
#3750 = CARTESIAN_POINT ( 'NONE',  ( -113.1822545869504495, 152.4771670099794392, 11.43703494025265144 ) ) ;
#3751 = CARTESIAN_POINT ( 'NONE',  ( -59.03356064131460101, 178.5322255277649788, 11.35323785791494622 ) ) ;
#3752 = CARTESIAN_POINT ( 'NONE',  ( -55.92737489158115949, 104.5774976854983294, 2.351308893087644236 ) ) ;
#3753 = CARTESIAN_POINT ( 'NONE',  ( -99.58441936586801546, 114.9428745221938470, 11.63703494020662177 ) ) ;
#3754 = CARTESIAN_POINT ( 'NONE',  ( -81.35582952153818326, 106.3033711816429587, 2.560097286703860497 ) ) ;
#3755 = B_SPLINE_CURVE_WITH_KNOTS ( 'NONE', 3,
 ( #3239, #2689, #7338, #2119 ),
 .UNSPECIFIED., .F., .F.,
 ( 4, 4 ),
 ( 0.8237120816215791619, 1.000000000000000000 ),
 .UNSPECIFIED. ) ;
#3756 = CARTESIAN_POINT ( 'NONE',  ( -50.73743151965337006, 177.0865876980804217, 1.637034940206621103 ) ) ;
#3757 = CARTESIAN_POINT ( 'NONE',  ( -109.6294171591238751, 123.8908826465298603, 11.63703494020661999 ) ) ;
#3758 = CARTESIAN_POINT ( 'NONE',  ( -91.71779515702483820, 110.2776917604269755, 1.637034940206621103 ) ) ;
#3759 = CARTESIAN_POINT ( 'NONE',  ( -103.6813757288608286, 115.2032016725287349, 11.64226639292946608 ) ) ;
#3760 = CARTESIAN_POINT ( 'NONE',  ( 45.53753969014199754, 170.0582372616411533, 11.63703494020662177 ) ) ;
#3761 = ADVANCED_FACE ( 'NONE', ( #2982 ), #101, .F. ) ;
#3762 = CARTESIAN_POINT ( 'NONE',  ( -77.74612351612941552, 176.4325345299600087, 1.637034940206621103 ) ) ;
#3763 = CARTESIAN_POINT ( 'NONE',  ( 56.01213081210739375, 112.2017102899882701, 10.02974742455519852 ) ) ;
#3764 = CARTESIAN_POINT ( 'NONE',  ( -107.6586158563466995, 164.0627581998289202, 2.560097286703860497 ) ) ;
#3765 = EDGE_CURVE ( 'NONE', #4458, #778, #83, .T. ) ;
#3766 = CARTESIAN_POINT ( 'NONE',  ( -88.07053551701207539, 110.1943311322327901, 5.637034940206621769 ) ) ;
#3767 = CARTESIAN_POINT ( 'NONE',  ( 53.03185862748566137, 113.2811840047581029, 11.63703494020662177 ) ) ;
#3768 = CARTESIAN_POINT ( 'NONE',  ( -69.49200723993844520, 176.5324431863616326, 11.63703494020662532 ) ) ;
#3769 = CARTESIAN_POINT ( 'NONE',  ( 69.84392449654995971, 141.4296532796704184, 5.637034940206621769 ) ) ;
#3770 = CARTESIAN_POINT ( 'NONE',  ( -80.37630494330927888, 107.9361196201714534, 11.63703494020661822 ) ) ;
#3771 = ORIENTED_EDGE ( 'NONE', *, *, #5944, .F. ) ;
#3772 = DIRECTION ( 'NONE',  ( -0.000000000000000000, -0.000000000000000000, -1.000000000000000000 ) ) ;
#3773 = CARTESIAN_POINT ( 'NONE',  ( -110.2594327304727955, 161.1128915691486725, 11.01431198764045227 ) ) ;
#3774 = VECTOR ( 'NONE', #4811, 1000.000000000000000 ) ;
#3775 = CARTESIAN_POINT ( 'NONE',  ( 42.91960161891423553, 111.7798528991582145, 1.637034940206621325 ) ) ;
#3776 = CARTESIAN_POINT ( 'NONE',  ( 46.09438162978568698, 171.7866602671150247, 2.596880211225347956 ) ) ;
#3777 = CARTESIAN_POINT ( 'NONE',  ( -100.4582911162702459, 115.6423693736463463, 11.43703494025265144 ) ) ;
#3778 = CARTESIAN_POINT ( 'NONE',  ( -57.14167844887971626, 104.4370951157725358, 10.82266440724418821 ) ) ;
#3779 = ORIENTED_EDGE ( 'NONE', *, *, #4183, .F. ) ;
#3780 = DIRECTION ( 'NONE',  ( -0.000000000000000000, -0.000000000000000000, -1.000000000000000000 ) ) ;
#3781 = ORIENTED_EDGE ( 'NONE', *, *, #3212, .F. ) ;
#3782 = ADVANCED_FACE ( 'NONE', ( #2463 ), #7075, .T. ) ;
#3783 = FILL_AREA_STYLE ('',( #7317 ) ) ;
#3784 = FACE_OUTER_BOUND ( 'NONE', #7088, .T. ) ;
#3785 = B_SPLINE_CURVE_WITH_KNOTS ( 'NONE', 3,
 ( #1812, #788, #5352, #1348, #3074, #1926 ),
 .UNSPECIFIED., .F., .F.,
 ( 4, 2, 4 ),
 ( 0.000000000000000000, 0.001687417932637969974, 0.003374835865275939949 ),
 .UNSPECIFIED. ) ;
#3786 = CARTESIAN_POINT ( 'NONE',  ( -55.99407213435716812, 178.3428404465290384, 2.560097286703860942 ) ) ;
#3787 = CARTESIAN_POINT ( 'NONE',  ( -50.70426229248225525, 177.6442891273958367, 10.87400960247786230 ) ) ;
#3788 = B_SPLINE_CURVE_WITH_KNOTS ( 'NONE', 3,
 ( #2813, #1643, #6280, #7429, #3938, #1120, #1155, #589 ),
 .UNSPECIFIED., .F., .F.,
 ( 4, 2, 2, 4 ),
 ( 3.475036931870189645E-16, 0.001050972598750152601, 0.001576458898125056296, 0.002101945197499959991 ),
 .UNSPECIFIED. ) ;
#3789 = CARTESIAN_POINT ( 'NONE',  ( 53.10999082473505695, 169.3710209750600768, 11.43703494025265144 ) ) ;
#3790 = CARTESIAN_POINT ( 'NONE',  ( -116.8875835153202303, 143.4998356118736353, 1.637034940206621103 ) ) ;
#3791 = ORIENTED_EDGE ( 'NONE', *, *, #6509, .T. ) ;
#3792 = CARTESIAN_POINT ( 'NONE',  ( -115.9805597381225652, 143.1028435136155110, 11.63703494020662177 ) ) ;
#3793 = CARTESIAN_POINT ( 'NONE',  ( -100.1365938465886671, 168.7103725713845677, 1.637034940206621103 ) ) ;
#3794 = FACE_OUTER_BOUND ( 'NONE', #6879, .T. ) ;
#3795 = VERTEX_POINT ( 'NONE', #4719 ) ;
#3796 = CARTESIAN_POINT ( 'NONE',  ( -57.13276699665433966, 104.4390458273684743, 4.562412729373163778 ) ) ;
#3797 = CARTESIAN_POINT ( 'NONE',  ( -95.54946156039682137, 112.9225974445589458, 11.63703494020662177 ) ) ;
#3798 = CARTESIAN_POINT ( 'NONE',  ( -59.82997957559807389, 104.2952091077021777, 2.560097286703861386 ) ) ;
#3799 = CARTESIAN_POINT ( 'NONE',  ( 11.04773890978050410, 172.2449663420854051, 11.63703494020662177 ) ) ;
#3800 = CARTESIAN_POINT ( 'NONE',  ( -109.0867550945706910, 123.1739593768098615, 11.63703494020661822 ) ) ;
#3801 = CARTESIAN_POINT ( 'NONE',  ( -51.14173911733914935, 177.9504486369538370, 2.629756125567300096 ) ) ;
#3802 = CARTESIAN_POINT ( 'NONE',  ( 49.35188569418223636, 169.8716655825520547, 11.63703494020661999 ) ) ;
#3803 = AXIS2_PLACEMENT_3D ( 'NONE', #1804, #6941, #1845 ) ;
#3804 = CARTESIAN_POINT ( 'NONE',  ( -57.16194067137063684, 104.4356937355991306, 4.543879449389075731 ) ) ;
#3805 = CARTESIAN_POINT ( 'NONE',  ( -103.6843207578968844, 167.6260010474934461, 2.560097286703860942 ) ) ;
#3806 = ORIENTED_EDGE ( 'NONE', *, *, #4183, .T. ) ;
#3807 = CARTESIAN_POINT ( 'NONE',  ( 55.78387070706870787, 170.7271453165701587, 9.441349203706728588 ) ) ;
#3808 = CARTESIAN_POINT ( 'NONE',  ( 51.52546970111994540, 113.1544229560940238, 11.63703494020662177 ) ) ;
#3809 = CARTESIAN_POINT ( 'NONE',  ( -83.88350493973871380, 173.8776146707218118, 11.43703494025265321 ) ) ;
#3810 = CARTESIAN_POINT ( 'NONE',  ( -88.03858627102772516, 109.9977870042039712, 11.63703494020662355 ) ) ;
#3811 = ORIENTED_EDGE ( 'NONE', *, *, #3812, .F. ) ;
#3812 = EDGE_CURVE ( 'NONE', #2894, #7154, #4374, .T. ) ;
#3813 = CARTESIAN_POINT ( 'NONE',  ( 47.42257119810638955, 113.0851195556709285, 11.43703494020664735 ) ) ;
#3814 = EDGE_CURVE ( 'NONE', #4624, #4002, #3512, .T. ) ;
#3815 = CARTESIAN_POINT ( 'NONE',  ( -117.5264153402403196, 144.8754786697414545, 11.95253804216590510 ) ) ;
#3816 = CARTESIAN_POINT ( 'NONE',  ( -114.7720375868293132, 148.7746460837573750, 11.63703494020662532 ) ) ;
#3817 = CARTESIAN_POINT ( 'NONE',  ( -110.1606174118448820, 122.9927648791135795, 1.637034940206620881 ) ) ;
#3818 = CARTESIAN_POINT ( 'NONE',  ( 45.71928401827985766, 170.9610028139877613, 1.637034940206620881 ) ) ;
#3819 = CARTESIAN_POINT ( 'NONE',  ( -65.09401762983317496, 106.1895818453775746, 11.43703494025265144 ) ) ;
#3820 = CARTESIAN_POINT ( 'NONE',  ( -117.8672655165491392, 142.0415340426947353, 1.637034940206621103 ) ) ;
#3821 = VERTEX_POINT ( 'NONE', #1125 ) ;
#3822 = CARTESIAN_POINT ( 'NONE',  ( -56.22541541871393633, 104.5004658957904127, 2.560096196074683750 ) ) ;
#3823 = ORIENTED_EDGE ( 'NONE', *, *, #5590, .T. ) ;
#3824 = CARTESIAN_POINT ( 'NONE',  ( -89.82688906946677321, 172.0470310116761254, 11.43703494025265144 ) ) ;
#3825 = CARTESIAN_POINT ( 'NONE',  ( -51.34316337535454267, 178.0010225225559282, 2.200244701250919199 ) ) ;
#3826 = EDGE_CURVE ( 'NONE', #5311, #5833, #438, .T. ) ;
#3827 = CARTESIAN_POINT ( 'NONE',  ( -116.1880730167297457, 132.5838357649454053, 2.560097286702547326 ) ) ;
#3828 = CARTESIAN_POINT ( 'NONE',  ( -102.2848122848155583, 168.4834652504046062, 11.63703494020682427 ) ) ;
#3829 = CARTESIAN_POINT ( 'NONE',  ( -50.13996772568848570, 177.5720254567590359, 10.93613882196446241 ) ) ;
#3830 = VERTEX_POINT ( 'NONE', #6174 ) ;
#3831 = DIRECTION ( 'NONE',  ( -1.000000000000000000, -1.230600429289041792E-14, 0.000000000000000000 ) ) ;
#3832 = ORIENTED_EDGE ( 'NONE', *, *, #7155, .F. ) ;
#3833 = CARTESIAN_POINT ( 'NONE',  ( -57.11282452526690179, 178.4202158389957447, 10.82088524934697560 ) ) ;
#3834 = CARTESIAN_POINT ( 'NONE',  ( -55.79488657519813444, 104.5944694518579325, 5.431740478849501841 ) ) ;
#3835 = CARTESIAN_POINT ( 'NONE',  ( -101.6033225503563813, 116.0622832835168197, 11.63703494020662355 ) ) ;
#3836 = EDGE_CURVE ( 'NONE', #1310, #1310, #1398, .T. ) ;
#3837 = CARTESIAN_POINT ( 'NONE',  ( -77.35980778593099672, 105.5161728964596790, 2.560097286703860942 ) ) ;
#3838 = FACE_BOUND ( 'NONE', #1921, .T. ) ;
#3839 = CARTESIAN_POINT ( 'NONE',  ( -104.4234673055911173, 118.1692749445241049, 11.63703494020662355 ) ) ;
#3840 = CARTESIAN_POINT ( 'NONE',  ( -51.59044197781527430, 177.9813855764930395, 2.626348417681310110 ) ) ;
#3841 = CARTESIAN_POINT ( 'NONE',  ( -111.6444079514995451, 123.5815262149463507, 11.09064750370241370 ) ) ;
#3842 = CARTESIAN_POINT ( 'NONE',  ( 52.87842088265205120, 169.5907435090790614, 11.63703494020662177 ) ) ;
#3843 = B_SPLINE_CURVE_WITH_KNOTS ( 'NONE', 3,
 ( #1187, #3475, #6464, #3547 ),
 .UNSPECIFIED., .F., .F.,
 ( 4, 4 ),
 ( 3.662921096280081996E-15, 0.003489193437104691660 ),
 .UNSPECIFIED. ) ;
#3844 = CARTESIAN_POINT ( 'NONE',  ( -68.91009507525920696, 172.3654371755034447, 4.187034940206631362 ) ) ;
#3845 = CARTESIAN_POINT ( 'NONE',  ( -105.0603050822000313, 165.3909849090216539, 1.637034940206619993 ) ) ;
#3846 = ORIENTED_EDGE ( 'NONE', *, *, #1328, .F. ) ;
#3847 = CARTESIAN_POINT ( 'NONE',  ( -103.6843207578968844, 167.6260010474934461, 2.560097286703860942 ) ) ;
#3848 = CARTESIAN_POINT ( 'NONE',  ( 52.54771294087564115, 113.2408695476762261, 11.63703494020662177 ) ) ;
#3849 = CARTESIAN_POINT ( 'NONE',  ( -87.14592148218066825, 172.9411659139849178, 11.43703494025265499 ) ) ;
#3850 = DIRECTION ( 'NONE',  ( 1.000000000000000000, 0.000000000000000000, 0.000000000000000000 ) ) ;
#3851 = VERTEX_POINT ( 'NONE', #970 ) ;
#3852 = PLANE ( 'NONE',  #183 ) ;
#3853 = CARTESIAN_POINT ( 'NONE',  ( 49.12043451294098162, 112.0293935302062494, 1.637034940206620881 ) ) ;
#3854 = CARTESIAN_POINT ( 'NONE',  ( 51.56202701110790798, 171.4728873092439869, 2.585064406872609410 ) ) ;
#3855 = AXIS2_PLACEMENT_3D ( 'NONE', #5945, #5873, #6546 ) ;
#3856 = CARTESIAN_POINT ( 'NONE',  ( -113.5425354260841146, 152.1477357162294197, 11.63703494020662177 ) ) ;
#3857 = CYLINDRICAL_SURFACE ( 'NONE', #1104, 4.510899712860374500 ) ;
#3858 = DIRECTION ( 'NONE',  ( -1.000000000000000000, 0.000000000000000000, 0.000000000000000000 ) ) ;
#3859 = CARTESIAN_POINT ( 'NONE',  ( 0.000000000000000000, 0.000000000000000000, 11.63703494020662177 ) ) ;
#3860 = CARTESIAN_POINT ( 'NONE',  ( -101.6673705140084536, 166.7606144162601538, 11.63703494020662177 ) ) ;
#3861 = EDGE_LOOP ( 'NONE', ( #4306, #6139, #650, #3228 ) ) ;
#3862 = CARTESIAN_POINT ( 'NONE',  ( -109.8906997187315824, 141.4296532756430906, 11.43703494025265144 ) ) ;
#3863 = ORIENTED_EDGE ( 'NONE', *, *, #2089, .F. ) ;
#3864 = EDGE_CURVE ( 'NONE', #45, #5373, #4030, .T. ) ;
#3865 = CARTESIAN_POINT ( 'NONE',  ( -89.82688906946677321, 172.0470310116761254, 5.637034940206621769 ) ) ;
#3866 = CIRCLE ( 'NONE', #6036, 8.000000000000007105 ) ;
#3867 = CARTESIAN_POINT ( 'NONE',  ( -49.22915798026723877, 177.4552872647182085, 10.22623999137020157 ) ) ;
#3868 = AXIS2_PLACEMENT_3D ( 'NONE', #6289, #4549, #2334 ) ;
#3869 = CARTESIAN_POINT ( 'NONE',  ( -49.34890354594532624, 177.4706876679762786, 10.22796067651984409 ) ) ;
#3870 = CARTESIAN_POINT ( 'NONE',  ( -61.15058238305875449, 178.6228325957249865, 2.560097286697720076 ) ) ;
#3871 = CIRCLE ( 'NONE', #2317, 20.00000000000000000 ) ;
#3872 = CARTESIAN_POINT ( 'NONE',  ( 41.03006537034912782, 111.1485832825286479, 9.724448169888603388 ) ) ;
#3873 = CARTESIAN_POINT ( 'NONE',  ( 52.71359632999008227, 170.8932399561843738, 2.061569369616606640 ) ) ;
#3874 = EDGE_LOOP ( 'NONE', ( #1655 ) ) ;
#3875 = CARTESIAN_POINT ( 'NONE',  ( -115.8205960618989252, 144.2862966975768586, 11.63703494020662355 ) ) ;
#3876 = EDGE_LOOP ( 'NONE', ( #3975 ) ) ;
#3877 = CARTESIAN_POINT ( 'NONE',  ( -57.09358838358546251, 178.4188854248450298, 10.81970255212644538 ) ) ;
#3878 = ORIENTED_EDGE ( 'NONE', *, *, #3368, .T. ) ;
#3879 = CARTESIAN_POINT ( 'NONE',  ( -57.17475886890269976, 104.4342208132584915, 4.535735286796402477 ) ) ;
#3880 = CARTESIAN_POINT ( 'NONE',  ( -90.12692446266068202, 110.7108635865182009, 11.63703494020662532 ) ) ;
#3881 = CARTESIAN_POINT ( 'NONE',  ( -58.01836793562361549, 104.3808360762108691, 2.560097286703860942 ) ) ;
#3882 = CARTESIAN_POINT ( 'NONE',  ( -68.91009507525920696, 172.3654371755034447, 1.637034940206619327 ) ) ;
#3883 = CARTESIAN_POINT ( 'NONE',  ( -117.5016554439079783, 137.8349959160575793, 11.63703494020649565 ) ) ;
#3884 = CARTESIAN_POINT ( 'NONE',  ( 56.77389597143127986, 112.1355228473263850, 6.953846255374147134 ) ) ;
#3885 = CARTESIAN_POINT ( 'NONE',  ( 50.99318320347855149, 169.7490871801819878, 11.63703494020661999 ) ) ;
#3886 = CARTESIAN_POINT ( 'NONE',  ( -112.8269061805653593, 129.5606860976577366, 11.43703494025265144 ) ) ;
#3887 = CARTESIAN_POINT ( 'NONE',  ( -109.0467293258233212, 162.5592558838212653, 2.560097286703860053 ) ) ;
#3888 = ORIENTED_EDGE ( 'NONE', *, *, #5819, .F. ) ;
#3889 = CARTESIAN_POINT ( 'NONE',  ( 55.43196417547243726, 170.8304981214556051, 8.279487719514294852 ) ) ;
#3890 = CARTESIAN_POINT ( 'NONE',  ( 51.02672415392137850, 113.1129661290599984, 11.63703494020661999 ) ) ;
#3891 = CARTESIAN_POINT ( 'NONE',  ( -98.83668400306821411, 168.3205908609042467, 11.63703494020662355 ) ) ;
#3892 = EDGE_CURVE ( 'NONE', #3413, #2695, #6211, .T. ) ;
#3893 = CARTESIAN_POINT ( 'NONE',  ( -81.45092316820885969, 108.1753843567194195, 11.63703494020662355 ) ) ;
#3894 = ORIENTED_EDGE ( 'NONE', *, *, #3538, .T. ) ;
#3895 = CARTESIAN_POINT ( 'NONE',  ( 51.57589032752157010, 171.4715727071082654, 2.585204783676260831 ) ) ;
#3896 = CARTESIAN_POINT ( 'NONE',  ( -61.08634301445293602, 104.2324306881371996, 11.63703494020662177 ) ) ;
#3897 = LINE ( 'NONE', #6203, #1825 ) ;
#3898 = CARTESIAN_POINT ( 'NONE',  ( -69.21074181815068016, 105.3346978626859851, 1.637034940206621103 ) ) ;
#3899 = CARTESIAN_POINT ( 'NONE',  ( -56.53928864627992112, 104.4711532026142180, 11.98555694267527549 ) ) ;
#3900 = DIRECTION ( 'NONE',  ( -1.000000000000000000, 0.000000000000000000, 0.000000000000000000 ) ) ;
#3901 = CARTESIAN_POINT ( 'NONE',  ( -107.8808805667272708, 163.8541695203853976, 10.89839553952872464 ) ) ;
#3902 = ORIENTED_EDGE ( 'NONE', *, *, #6082, .T. ) ;
#3903 = CARTESIAN_POINT ( 'NONE',  ( -70.86129430641659610, 176.2293676935857434, 5.637034940206621769 ) ) ;
#3904 =( NAMED_UNIT ( * ) SI_UNIT ( $, .STERADIAN. ) SOLID_ANGLE_UNIT ( ) );
#3905 = CARTESIAN_POINT ( 'NONE',  ( -56.80094077226998905, 178.3820375763940262, 4.774311963540956327 ) ) ;
#3906 = MECHANICAL_DESIGN_GEOMETRIC_PRESENTATION_REPRESENTATION (  '', ( #61 ), #5844 ) ;
#3907 = ADVANCED_FACE ( 'NONE', ( #3261 ), #1924, .T. ) ;
#3908 = CARTESIAN_POINT ( 'NONE',  ( -110.1479393266459255, 121.6034404112919560, 2.560097286702543329 ) ) ;
#3909 = CARTESIAN_POINT ( 'NONE',  ( 56.20267224232074454, 112.3577047703378469, 11.63703494020662177 ) ) ;
#3910 = CARTESIAN_POINT ( 'NONE',  ( 39.43127555738193024, 111.1485832823782260, 7.539164697104618007 ) ) ;
#3911 = CARTESIAN_POINT ( 'NONE',  ( -52.78329928930346426, 177.9028886464275558, 10.43711465230955326 ) ) ;
#3912 = VECTOR ( 'NONE', #6965, 1000.000000000000114 ) ;
#3913 = ORIENTED_EDGE ( 'NONE', *, *, #1421, .F. ) ;
#3914 = LINE ( 'NONE', #2823, #6099 ) ;
#3915 = EDGE_LOOP ( 'NONE', ( #6829 ) ) ;
#3916 = CARTESIAN_POINT ( 'NONE',  ( -57.55828132424344545, 178.4501166089309834, 11.25850513607362480 ) ) ;
#3917 = EDGE_LOOP ( 'NONE', ( #49 ) ) ;
#3918 = CARTESIAN_POINT ( 'NONE',  ( -70.19138810421264907, 177.4422377807240423, 1.637034940206621991 ) ) ;
#3919 = EDGE_CURVE ( 'NONE', #4036, #4036, #1895, .T. ) ;
#3920 = CARTESIAN_POINT ( 'NONE',  ( -82.23694723271044893, 106.5053795368893503, 2.560097286703860497 ) ) ;
#3921 = CARTESIAN_POINT ( 'NONE',  ( -53.46976887552030888, 177.2831801998672461, 1.637034940206621325 ) ) ;
#3922 = CARTESIAN_POINT ( 'NONE',  ( 53.46236541582226920, 111.5665191271587418, 2.603951291750366437 ) ) ;
#3923 = CARTESIAN_POINT ( 'NONE',  ( -109.4823820262717362, 124.0206930477182539, 5.637034940206621769 ) ) ;
#3924 = CARTESIAN_POINT ( 'NONE',  ( 51.91826711695997432, 169.6717010860706978, 11.63703494020662177 ) ) ;
#3925 = CARTESIAN_POINT ( 'NONE',  ( -115.2987684136440691, 152.6323314052689568, 11.63703494020662355 ) ) ;
#3926 = CARTESIAN_POINT ( 'NONE',  ( -89.90232406696227940, 110.8177728521295364, 11.43703494025265144 ) ) ;
#3927 = ORIENTED_EDGE ( 'NONE', *, *, #689, .T. ) ;
#3928 = CARTESIAN_POINT ( 'NONE',  ( 52.99749097973869993, 111.6568673788694070, 9.724448169894154503 ) ) ;
#3929 = CARTESIAN_POINT ( 'NONE',  ( -80.13120750488903354, 174.9759543744089854, 11.63703494020661999 ) ) ;
#3930 = ORIENTED_EDGE ( 'NONE', *, *, #1984, .F. ) ;
#3931 = B_SPLINE_CURVE_WITH_KNOTS ( 'NONE', 3,
 ( #1114, #1149, #6275, #1186, #5217, #6886 ),
 .UNSPECIFIED., .F., .F.,
 ( 4, 2, 4 ),
 ( 0.000000000000000000, 0.002801194839240440937, 0.005602389678480881874 ),
 .UNSPECIFIED. ) ;
#3932 = CARTESIAN_POINT ( 'NONE',  ( 49.07641933205779594, 171.6737114058635143, 2.569563819683343908 ) ) ;
#3933 = CARTESIAN_POINT ( 'NONE',  ( -49.86033435095451694, 177.5362155592044644, 10.19052444329168772 ) ) ;
#3934 = CARTESIAN_POINT ( 'NONE',  ( -112.6757104402414882, 126.8093022703316279, 1.637034940206621103 ) ) ;
#3935 = CARTESIAN_POINT ( 'NONE',  ( -74.09946674357880170, 105.8634683409336503, 1.637034940206621103 ) ) ;
#3936 = CARTESIAN_POINT ( 'NONE',  ( -56.95335525852048875, 104.5280807675247985, 2.474538121314627137 ) ) ;
#3937 = PLANE ( 'NONE',  #681 ) ;
#3938 = CARTESIAN_POINT ( 'NONE',  ( 53.67804918112248203, 111.8284801386208045, 10.93292384576007059 ) ) ;
#3939 = EDGE_LOOP ( 'NONE', ( #2932 ) ) ;
#3940 = CARTESIAN_POINT ( 'NONE',  ( -97.88013445045558569, 168.5907256125051958, 5.637034940206621769 ) ) ;
#3941 = CARTESIAN_POINT ( 'NONE',  ( 56.10848001977900879, 170.6937676109481004, 9.151613175786470933 ) ) ;
#3942 =( BOUNDED_CURVE ( )  B_SPLINE_CURVE ( 3, ( #5316, #571, #6521, #7095 ),
 .UNSPECIFIED., .F., .F. ) 
 B_SPLINE_CURVE_WITH_KNOTS ( ( 4, 4 ),
 ( 6.280933177792799249, 6.370630176498915276 ),
 .UNSPECIFIED. ) 
 CURVE ( )  GEOMETRIC_REPRESENTATION_ITEM ( )  RATIONAL_B_SPLINE_CURVE ( ( 1.000000000000000000, 0.9993296497410935064, 0.9993296497410935064, 1.000000000000000000 ) ) 
 REPRESENTATION_ITEM ( '' )  );
#3943 = DIRECTION ( 'NONE',  ( 0.000000000000000000, 0.000000000000000000, 1.000000000000000000 ) ) ;
#3944 = CARTESIAN_POINT ( 'NONE',  ( -110.1318430757509077, 121.5508640913983669, 11.63703494020662355 ) ) ;
#3945 = DIRECTION ( 'NONE',  ( -0.000000000000000000, 0.000000000000000000, 1.000000000000000000 ) ) ;
#3946 = CARTESIAN_POINT ( 'NONE',  ( -56.22541559551321910, 178.3588406725370703, 11.63703494020681539 ) ) ;
#3947 = CARTESIAN_POINT ( 'NONE',  ( 34.97712460898532072, 111.1159932220158026, 10.42615351877543617 ) ) ;
#3948 = DIRECTION ( 'NONE',  ( 0.000000000000000000, 0.000000000000000000, -1.000000000000000000 ) ) ;
#3949 = ORIENTED_EDGE ( 'NONE', *, *, #1056, .F. ) ;
#3950 = CARTESIAN_POINT ( 'NONE',  ( -115.4830480938852162, 146.0391824203948659, 11.63703494020662177 ) ) ;
#3951 = ORIENTED_EDGE ( 'NONE', *, *, #2506, .T. ) ;
#3952 = CARTESIAN_POINT ( 'NONE',  ( -100.8560648024520958, 113.5716312274311974, 11.85691581403736095 ) ) ;
#3953 =( BOUNDED_SURFACE ( )  B_SPLINE_SURFACE ( 3, 2, ( 
 ( #6534, #7033, #7148 ),
 ( #1864, #1285, #3580 ),
 ( #1975, #4257, #3646 ),
 ( #5897, #3012, #7071 ),
 ( #1903, #5021, #4451 ),
 ( #6607, #4939, #2687 ) ),
 .UNSPECIFIED., .F., .F., .F. ) 
 B_SPLINE_SURFACE_WITH_KNOTS ( ( 4, 2, 4 ),
 ( 3, 3 ),
 ( 0.7863357078842458936, 0.8096706882933422111, 0.8330056687024384177 ),
 ( 0.3656714189059732112, 1.000000000000000000 ),
 .UNSPECIFIED. ) 
 GEOMETRIC_REPRESENTATION_ITEM ( )  RATIONAL_B_SPLINE_SURFACE ( (
 ( 0.9993212502538866282, 0.9990719130467673459, 1.000000000000000000),
 ( 0.9995510827602298587, 0.9993861740122960136, 1.000000000000000000),
 ( 0.9996128524519218850, 0.9994706346626207605, 1.000000000000000000),
 ( 0.9994092977451434212, 0.9991923045877856291, 1.000000000000000000),
 ( 0.9991439854034407375, 0.9988295303484201471, 1.000000000000000000),
 ( 0.9987220358484063532, 0.9982525785643608929, 1.000000000000000000) ) ) 
 REPRESENTATION_ITEM ( '' )  SURFACE ( )  );
#3954 = VERTEX_POINT ( 'NONE', #5608 ) ;
#3955 = CARTESIAN_POINT ( 'NONE',  ( -62.63213261608470361, 177.7758378589941231, 1.637034940206620881 ) ) ;
#3956 = CARTESIAN_POINT ( 'NONE',  ( -49.68924985521125848, 105.3450001147957522, 10.92756002072992061 ) ) ;
#3957 = CARTESIAN_POINT ( 'NONE',  ( 47.66984595952079928, 170.8950931616856224, 1.637034940206621103 ) ) ;
#3958 = CARTESIAN_POINT ( 'NONE',  ( 23.84392449805661229, 117.4296532796704469, 1.637034940206619327 ) ) ;
#3959 = CARTESIAN_POINT ( 'NONE',  ( -111.1425080024380065, 126.4573222482118524, 5.637034940206621769 ) ) ;
#3960 = CARTESIAN_POINT ( 'NONE',  ( 51.20955450164625233, 169.7312928648522927, 11.63703494020662177 ) ) ;
#3961 = CARTESIAN_POINT ( 'NONE',  ( -56.09057465074451443, 105.3508958984171358, 1.637034940206621103 ) ) ;
#3962 = ORIENTED_EDGE ( 'NONE', *, *, #235, .F. ) ;
#3963 = ADVANCED_FACE ( 'NONE', ( #2668 ), #2099, .F. ) ;
#3964 = CARTESIAN_POINT ( 'NONE',  ( -58.73896206000237186, 105.1823195315383828, 1.637034940206620659 ) ) ;
#3965 = CARTESIAN_POINT ( 'NONE',  ( 51.91456261656456661, 113.1872882525812400, 11.63703494020662532 ) ) ;
#3966 = CARTESIAN_POINT ( 'NONE',  ( -81.80353408158693185, 174.6019511962697948, 11.63703494020662177 ) ) ;
#3967 = ORIENTED_EDGE ( 'NONE', *, *, #2266, .F. ) ;
#3968 = DIRECTION ( 'NONE',  ( -1.000000000000000000, -0.000000000000000000, 0.000000000000000000 ) ) ;
#3969 = CARTESIAN_POINT ( 'NONE',  ( -57.29566822315949537, 106.3643974591046657, 11.50370160687330134 ) ) ;
#3970 = CARTESIAN_POINT ( 'NONE',  ( -113.3377175073531191, 128.0152059678406715, 1.637034940206620881 ) ) ;
#3971 = CARTESIAN_POINT ( 'NONE',  ( -56.84467460389488735, 105.2987406758781503, 1.637034940206621103 ) ) ;
#3972 = CARTESIAN_POINT ( 'NONE',  ( -100.8560648050214184, 169.2876753247489319, 11.85691581404695860 ) ) ;
#3973 = CARTESIAN_POINT ( 'NONE',  ( 44.94555193603530796, 112.9730532922199586, 11.43703494020664380 ) ) ;
#3974 = CARTESIAN_POINT ( 'NONE',  ( -103.3353574642416675, 167.9087251266629153, 11.65326230431106502 ) ) ;
#3975 = ORIENTED_EDGE ( 'NONE', *, *, #5527, .F. ) ;
#3976 = FACE_BOUND ( 'NONE', #5481, .T. ) ;
#3977 = EDGE_CURVE ( 'NONE', #1567, #5717, #6372, .T. ) ;
#3978 = CARTESIAN_POINT ( 'NONE',  ( -49.59422954331319744, 177.5021381200514554, 9.939459133096416821 ) ) ;
#3979 = CARTESIAN_POINT ( 'NONE',  ( -56.71077558305770339, 178.0832375332493029, 2.220799500452962594 ) ) ;
#3980 = CARTESIAN_POINT ( 'NONE',  ( -114.9330992589214873, 129.3340320801635812, 11.63703494020661466 ) ) ;
#3981 = CARTESIAN_POINT ( 'NONE',  ( -49.71434124864837401, 105.3417869055337519, 10.19755101330354918 ) ) ;
#3982 = CARTESIAN_POINT ( 'NONE',  ( 53.08227301167294598, 169.5739767233557416, 11.63703494020662355 ) ) ;
#3983 = CARTESIAN_POINT ( 'NONE',  ( 53.46236523418770759, 171.2927874561525243, 2.603951286652669506 ) ) ;
#3984 = TOROIDAL_SURFACE ( 'NONE', #374, 10.00000000000000178, 20.00000000000000000 ) ;
#3985 = ORIENTED_EDGE ( 'NONE', *, *, #896, .T. ) ;
#3986 = CARTESIAN_POINT ( 'NONE',  ( 48.30630026469786031, 113.1246923041667287, 5.637034940206621769 ) ) ;
#3987 = VERTEX_POINT ( 'NONE', #1365 ) ;
#3988 = CARTESIAN_POINT ( 'NONE',  ( -57.14167845236489995, 178.4222114404814477, 10.82266440724487389 ) ) ;
#3989 =( BOUNDED_SURFACE ( )  B_SPLINE_SURFACE ( 3, 2, ( 
 ( #5429, #3191, #265 ),
 ( #2561, #4853, #7173 ),
 ( #4316, #1353, #7100 ),
 ( #5959, #1931, #2000 ),
 ( #4283, #1460, #6033 ),
 ( #6596, #1420, #868 ),
 ( #7245, #3751, #793 ),
 ( #3154, #905, #5500 ),
 ( #338, #4929, #2068 ),
 ( #4352, #1618, #4519 ),
 ( #3227, #3916, #7441 ),
 ( #3380, #7365, #2264 ),
 ( #5090, #5537, #3268 ),
 ( #5654, #1053, #5693 ),
 ( #2150, #6716, #411 ),
 ( #5575, #5126, #1016 ),
 ( #2674, #6828, #4970 ),
 ( #6180, #487, #4555 ),
 ( #3988, #2191, #2107 ),
 ( #3833, #6142, #3307 ),
 ( #3877, #6866, #5614 ),
 ( #2824, #6256, #940 ) ),
 .UNSPECIFIED., .F., .F., .F. ) 
 B_SPLINE_SURFACE_WITH_KNOTS ( ( 4, 2, 2, 2, 2, 2, 2, 2, 2, 2, 4 ),
 ( 3, 3 ),
 ( 0.04378904175923451630, 0.05120311482880322840, 0.05491015136358758097, 0.05676366963097975726, 0.05769042876467584541, 0.05815380833152389295, 0.05838549811494791325, 0.05850134300665991993, 0.05853030422958792334, 0.05855926545251592674, 0.05861718789837193355 ),
 ( 0.000000000000000000, 0.1735463063659444249 ),
 .UNSPECIFIED. ) 
 GEOMETRIC_REPRESENTATION_ITEM ( )  RATIONAL_B_SPLINE_SURFACE ( (
 ( 1.000000000000000000, 0.9994161526262568263, 0.9990349543629029050),
 ( 1.000000000000000000, 0.9993423612817279311, 0.9989129841044146474),
 ( 1.000000000000000000, 0.9992548911937507716, 0.9987684041498321452),
 ( 1.000000000000000000, 0.9991004533937866139, 0.9985131327693979042),
 ( 1.000000000000000000, 0.9990451510889823972, 0.9984217231812539950),
 ( 1.000000000000000000, 0.9989558890551982762, 0.9982741813062097069),
 ( 1.000000000000000000, 0.9989250652511747486, 0.9982232324128356149),
 ( 1.000000000000000000, 0.9988773236664127975, 0.9981443199947026557),
 ( 1.000000000000000000, 0.9988611597472851766, 0.9981176025333694524),
 ( 1.000000000000000000, 0.9988365465584855274, 0.9980769192117782129),
 ( 1.000000000000000000, 0.9988282809402644347, 0.9980632569103602414),
 ( 1.000000000000000000, 0.9988157916195735675, 0.9980426132199282652),
 ( 1.000000000000000000, 0.9988116133635548399, 0.9980357069496890166),
 ( 1.000000000000000000, 0.9988053233712266277, 0.9980253101749039235),
 ( 1.000000000000000000, 0.9988032229390566563, 0.9980218383550536476),
 ( 1.000000000000000000, 0.9988005927006823326, 0.9980174908146145496),
 ( 1.000000000000000000, 0.9987998242495188528, 0.9980162206360096988),
 ( 1.000000000000000000, 0.9987986148340142201, 0.9980142215841878439),
 ( 1.000000000000000000, 0.9987980102133897642, 0.9980132222022910504),
 ( 1.000000000000000000, 0.9987961966130591840, 0.9980102244889070828),
 ( 1.000000000000000000, 0.9987949878948885196, 0.9980082265897136651),
 ( 1.000000000000000000, 0.9987937795258390317, 0.9980062292675853097) ) ) 
 REPRESENTATION_ITEM ( '' )  SURFACE ( )  );
#3990 = EDGE_LOOP ( 'NONE', ( #1807 ) ) ;
#3991 = CIRCLE ( 'NONE', #7256, 29.90834025844509725 ) ;
#3992 = CARTESIAN_POINT ( 'NONE',  ( -47.84508833634773595, 105.5832969325106774, 10.34362344791221844 ) ) ;
#3993 = CARTESIAN_POINT ( 'NONE',  ( 19.14392449805662011, 165.4296532796704469, 1.637034940206619327 ) ) ;
#3994 = CARTESIAN_POINT ( 'NONE',  ( 46.24065104067587129, 170.9431846844082941, 1.637034940206621103 ) ) ;
#3995 = LINE ( 'NONE', #1135, #2656 ) ;
#3996 = CARTESIAN_POINT ( 'NONE',  ( -108.7187424796362905, 121.2015899572649147, 1.637034940206621325 ) ) ;
#3997 = CARTESIAN_POINT ( 'NONE',  ( 52.28843717580274131, 169.6403260940888345, 11.63703494020662177 ) ) ;
#3998 = CARTESIAN_POINT ( 'NONE',  ( 50.32125254215775101, 113.2447298497897208, 5.637034940206621769 ) ) ;
#3999 = DIRECTION ( 'NONE',  ( -0.000000000000000000, 0.000000000000000000, 1.000000000000000000 ) ) ;
#4000 = AXIS2_PLACEMENT_3D ( 'NONE', #6751, #6251, #6668 ) ;
#4001 = CARTESIAN_POINT ( 'NONE',  ( -103.1501000946062305, 167.9862195296924483, 10.65228218016531159 ) ) ;
#4002 = VERTEX_POINT ( 'NONE', #631 ) ;
#4003 = CARTESIAN_POINT ( 'NONE',  ( -57.84326392686011076, 105.2319012135618124, 1.637034940206621547 ) ) ;
#4004 = CARTESIAN_POINT ( 'NONE',  ( 46.98951106214165208, 112.8657906287540555, 11.63703494020662177 ) ) ;
#4005 = EDGE_CURVE ( 'NONE', #5928, #5928, #6349, .T. ) ;
#4006 = CARTESIAN_POINT ( 'NONE',  ( -95.34861285320485536, 170.0328873625238373, 11.63703494020662355 ) ) ;
#4007 = CARTESIAN_POINT ( 'NONE',  ( -45.85195518637489442, 177.0133219049818649, 10.60437203958408681 ) ) ;
#4008 = CARTESIAN_POINT ( 'NONE',  ( 47.63421931912709795, 169.7649175916980653, 11.43703494025265144 ) ) ;
#4009 = CARTESIAN_POINT ( 'NONE',  ( -85.84288827267316435, 108.3206270470080881, 1.637034940206621547 ) ) ;
#4010 = CARTESIAN_POINT ( 'NONE',  ( -56.20230482506435266, 105.2638849664230349, 1.724043841560284340 ) ) ;
#4011 = CARTESIAN_POINT ( 'NONE',  ( -87.90462549202489129, 172.9061758296856510, 11.63703494020662355 ) ) ;
#4012 = EDGE_CURVE ( 'NONE', #6269, #1593, #64, .T. ) ;
#4013 = CARTESIAN_POINT ( 'NONE',  ( -103.3280058304266760, 167.8844483890209744, 11.15910612674647240 ) ) ;
#4014 = CARTESIAN_POINT ( 'NONE',  ( -52.05161779549493417, 105.0458161135165653, 8.051638774888063566 ) ) ;
#4015 = CARTESIAN_POINT ( 'NONE',  ( 54.76562623223085780, 170.8588192095531042, 9.731173838904824791 ) ) ;
#4016 = DIRECTION ( 'NONE',  ( 1.000000000000000000, 0.000000000000000000, 0.000000000000000000 ) ) ;
#4017 = CARTESIAN_POINT ( 'NONE',  ( -103.1528581924117702, 168.0126162897819881, 11.63703494020662177 ) ) ;
#4018 = CARTESIAN_POINT ( 'NONE',  ( -84.29742165010931387, 108.8852901992191562, 11.63703494020662177 ) ) ;
#4019 = DIRECTION ( 'NONE',  ( 0.000000000000000000, 0.000000000000000000, 1.000000000000000000 ) ) ;
#4020 = EDGE_CURVE ( 'NONE', #2997, #2992, #918, .T. ) ;
#4021 = CARTESIAN_POINT ( 'NONE',  ( 48.31572476849630959, 169.9316251313265411, 11.63703494020662177 ) ) ;
#4022 = CARTESIAN_POINT ( 'NONE',  ( -64.95856175725415937, 104.2423078098537559, 12.03328045526435019 ) ) ;
#4023 = ORIENTED_EDGE ( 'NONE', *, *, #4268, .F. ) ;
#4024 = CARTESIAN_POINT ( 'NONE',  ( -49.59422954331319744, 177.5021381200514554, 10.20385294613941340 ) ) ;
#4025 = ORIENTED_EDGE ( 'NONE', *, *, #6748, .F. ) ;
#4026 = CARTESIAN_POINT ( 'NONE',  ( -116.9767406413892985, 147.5776209530981760, 2.560097286703177488 ) ) ;
#4027 = ORIENTED_EDGE ( 'NONE', *, *, #6379, .T. ) ;
#4028 = CARTESIAN_POINT ( 'NONE',  ( -56.59594524617614297, 177.5433632070588317, 1.637034940206621325 ) ) ;
#4029 = CARTESIAN_POINT ( 'NONE',  ( -61.11428064536989524, 177.7603173587170886, 1.637034940206620881 ) ) ;
#4030 = B_SPLINE_CURVE_WITH_KNOTS ( 'NONE', 3,
 ( #2100, #6136, #4512, #2257 ),
 .UNSPECIFIED., .F., .F.,
 ( 4, 4 ),
 ( 0.000000000000000000, 0.1951893700369886631 ),
 .UNSPECIFIED. ) ;
#4031 = CARTESIAN_POINT ( 'NONE',  ( -55.33455096235117310, 178.2111362885219137, 10.66523996209918934 ) ) ;
#4032 = CARTESIAN_POINT ( 'NONE',  ( 45.99683536260040739, 170.9513869006779032, 1.637034940206621325 ) ) ;
#4033 = CARTESIAN_POINT ( 'NONE',  ( 52.65730577218600672, 111.9940050613735139, 2.023422367912010689 ) ) ;
#4034 = CARTESIAN_POINT ( 'NONE',  ( -114.3255170050377245, 130.1006676967550675, 1.637034940206620437 ) ) ;
#4035 = CARTESIAN_POINT ( 'NONE',  ( -59.11972493931022399, 178.5590167100601207, 10.97590450310178944 ) ) ;
#4036 = VERTEX_POINT ( 'NONE', #3504 ) ;
#4037 = CARTESIAN_POINT ( 'NONE',  ( -62.66166231860112390, 177.7743848204245580, 1.637034940206621547 ) ) ;
#4038 = CARTESIAN_POINT ( 'NONE',  ( -61.19833896969817033, 106.1613051968862322, 5.637034940206621769 ) ) ;
#4039 = ORIENTED_EDGE ( 'NONE', *, *, #1127, .T. ) ;
#4040 = B_SPLINE_CURVE_WITH_KNOTS ( 'NONE', 3,
 ( #5061, #6228, #1062, #3351, #4528, #2799, #5702, #7414, #2237, #6840, #1665, #3961 ),
 .UNSPECIFIED., .F., .F.,
 ( 4, 1, 1, 1, 1, 2, 2, 4 ),
 ( 0.000000000000000000, 0.2500000000000047184, 0.3750000000000048295, 0.4375000000000046629, 0.4687500000000026090, 0.4843750000000032196, 0.5000000000000037748, 1.000000000000000000 ),
 .UNSPECIFIED. ) ;
#4041 = CARTESIAN_POINT ( 'NONE',  ( -73.23440577486053371, 105.7459555429906004, 1.637034940206620881 ) ) ;
#4042 = CARTESIAN_POINT ( 'NONE',  ( 47.30413236668815102, 112.8797362714133641, 11.63703494020662177 ) ) ;
#4043 = CARTESIAN_POINT ( 'NONE',  ( -115.1576676561097514, 136.2769993760437046, 11.43703494025265144 ) ) ;
#4044 = EDGE_LOOP ( 'NONE', ( #5867 ) ) ;
#4045 = CONICAL_SURFACE ( 'NONE', #2608, 4.699999999999995737, 0.7853981633974479459 ) ;
#4046 = CARTESIAN_POINT ( 'NONE',  ( -48.84980861470791780, 177.4064243677634067, 10.25300462330961260 ) ) ;
#4047 = CARTESIAN_POINT ( 'NONE',  ( -103.5154949751088935, 167.7583143627432207, 10.68299402631302186 ) ) ;
#4048 = LINE ( 'NONE', #1076, #748 ) ;
#4049 = CARTESIAN_POINT ( 'NONE',  ( -86.74330778151768584, 173.2687216254774398, 11.63703494020662355 ) ) ;
#4050 = CARTESIAN_POINT ( 'NONE',  ( -92.78460846218581537, 111.9452245447725574, 11.43703494025265144 ) ) ;
#4051 = EDGE_LOOP ( 'NONE', ( #1543, #6369, #5857, #6281 ) ) ;
#4052 = CARTESIAN_POINT ( 'NONE',  ( 46.97717692031700665, 141.4296532814580303, 2.637034940206603562 ) ) ;
#4053 = CARTESIAN_POINT ( 'NONE',  ( -54.44896588853158192, 178.2036471229792483, 2.604772715052176224 ) ) ;
#4054 = CARTESIAN_POINT ( 'NONE',  ( -112.1291462272365322, 124.2810052437039872, 11.63703494020662177 ) ) ;
#4055 = CARTESIAN_POINT ( 'NONE',  ( -75.22324619353669561, 106.9936512222128471, 11.63703494020662355 ) ) ;
#4056 = CARTESIAN_POINT ( 'NONE',  ( 45.84392449654986024, 157.4296532817331808, 1.637034940206621103 ) ) ;
#4057 = CARTESIAN_POINT ( 'NONE',  ( 44.95539236201834399, 170.0860110418487636, 11.63703494020662177 ) ) ;
#4058 = ORIENTED_EDGE ( 'NONE', *, *, #5590, .F. ) ;
#4059 = CARTESIAN_POINT ( 'NONE',  ( 45.61756446579136082, 113.0061578439561316, 5.637034940206621769 ) ) ;
#4060 = ORIENTED_EDGE ( 'NONE', *, *, #3122, .F. ) ;
#4061 = CARTESIAN_POINT ( 'NONE',  ( -117.5016554439079783, 137.8349959160575793, 11.63703494020649565 ) ) ;
#4062 = ORIENTED_EDGE ( 'NONE', *, *, #809, .T. ) ;
#4063 = ADVANCED_FACE ( 'NONE', ( #2974, #714 ), #3201, .F. ) ;
#4064 = DIRECTION ( 'NONE',  ( -1.000000000000000000, 0.000000000000000000, 0.000000000000000000 ) ) ;
#4065 = CARTESIAN_POINT ( 'NONE',  ( 48.07924926154169043, 170.8795585705897508, 1.637034940206620659 ) ) ;
#4066 = CARTESIAN_POINT ( 'NONE',  ( -57.28995700384550105, 176.4277140708382206, 5.637034940206621769 ) ) ;
#4067 = CARTESIAN_POINT ( 'NONE',  ( -52.28293044110549914, 177.8834376876163503, 11.63703494020662177 ) ) ;
#4068 = CARTESIAN_POINT ( 'NONE',  ( -105.5163728758419808, 117.8804544968522094, 1.637034940206621325 ) ) ;
#4069 = CARTESIAN_POINT ( 'NONE',  ( -114.0041044192582689, 127.4498293849051862, 11.99830417752447609 ) ) ;
#4070 = CARTESIAN_POINT ( 'NONE',  ( 21.69392449805662793, 165.4296532796704469, 4.187034940206631362 ) ) ;
#4071 = CARTESIAN_POINT ( 'NONE',  ( 47.43656505377484223, 111.9560590742717068, 1.637034940206621103 ) ) ;
#4072 = CARTESIAN_POINT ( 'NONE',  ( -84.34546996153247278, 109.1007495746441123, 11.43703494025265144 ) ) ;
#4073 = CARTESIAN_POINT ( 'NONE',  ( -52.69761808061937103, 105.5855602877209094, 1.637034940206621103 ) ) ;
#4074 = CARTESIAN_POINT ( 'NONE',  ( 46.81323601999140749, 112.8580318198548866, 11.63703494020662177 ) ) ;
#4075 = CARTESIAN_POINT ( 'NONE',  ( -114.5088070719376390, 133.9105364578710180, 11.43703494025265144 ) ) ;
#4076 = VERTEX_POINT ( 'NONE', #3 ) ;
#4077 = CARTESIAN_POINT ( 'NONE',  ( -56.66451020230025648, 178.3892094277738067, 3.082822772276648138 ) ) ;
#4078 = CARTESIAN_POINT ( 'NONE',  ( -1.449133891748492831, 122.0761824744696895, 1.637034940206621103 ) ) ;
#4079 = CARTESIAN_POINT ( 'NONE',  ( -98.86343518708585520, 170.3346831173750786, 12.16741824373438341 ) ) ;
#4080 = CARTESIAN_POINT ( 'NONE',  ( -91.21417068512590731, 171.7455786376370384, 11.63703494020662177 ) ) ;
#4081 = CARTESIAN_POINT ( 'NONE',  ( -91.76476103719235766, 111.5395348078025108, 11.43703494025265144 ) ) ;
#4082 = CARTESIAN_POINT ( 'NONE',  ( 41.52448325076026237, 111.6903695676001576, 1.637034940206621103 ) ) ;
#4083 = CARTESIAN_POINT ( 'NONE',  ( 49.34454722990478359, 171.7107232829701786, 1.390459595171009477 ) ) ;
#4084 = DIRECTION ( 'NONE',  ( -1.000000000000000000, 0.000000000000000000, 0.000000000000000000 ) ) ;
#4085 = CARTESIAN_POINT ( 'NONE',  ( -56.17706878365808620, 177.5736218970509697, 1.702035976352795243 ) ) ;
#4086 = CARTESIAN_POINT ( 'NONE',  ( -55.75715305584262893, 178.3264545984791880, 11.63703494020681539 ) ) ;
#4087 = CARTESIAN_POINT ( 'NONE',  ( 52.94993594839932882, 169.5848686651548576, 11.63703494020662177 ) ) ;
#4088 = ADVANCED_FACE ( 'NONE', ( #7023, #1815 ), #5281, .F. ) ;
#4089 = CARTESIAN_POINT ( 'NONE',  ( -57.55828132248478113, 104.4091899471756335, 11.25850510774742474 ) ) ;
#4090 = ORIENTED_EDGE ( 'NONE', *, *, #3125, .F. ) ;
#4091 = DIRECTION ( 'NONE',  ( -1.000000000000000000, 0.000000000000000000, 0.000000000000000000 ) ) ;
#4092 = ORIENTED_EDGE ( 'NONE', *, *, #1082, .T. ) ;
#4093 = CARTESIAN_POINT ( 'NONE',  ( -112.9876073881650171, 157.2302365908244326, 11.63703494020702323 ) ) ;
#4094 = EDGE_LOOP ( 'NONE', ( #4760 ) ) ;
#4095 = CARTESIAN_POINT ( 'NONE',  ( -103.1501000946062305, 167.9862195296924483, 2.560097286703860942 ) ) ;
#4096 = CARTESIAN_POINT ( 'NONE',  ( 46.97717692031700665, 141.4296532814580303, 11.43703494020659939 ) ) ;
#4097 = CARTESIAN_POINT ( 'NONE',  ( 48.86766498690609950, 170.8437998735448105, 1.637034940206621547 ) ) ;
#4098 = CARTESIAN_POINT ( 'NONE',  ( -112.1223035847414735, 124.2819122410178494, 11.11913726158457649 ) ) ;
#4099 = CARTESIAN_POINT ( 'NONE',  ( -117.0306238392345222, 140.8819511251399490, 1.637034940206620881 ) ) ;
#4100 = CARTESIAN_POINT ( 'NONE',  ( -102.9073530074027474, 168.1255229065994286, 10.65438052232241617 ) ) ;
#4101 = B_SPLINE_CURVE_WITH_KNOTS ( 'NONE', 3,
 ( #3039, #6412, #4067, #644 ),
 .UNSPECIFIED., .F., .F.,
 ( 4, 4 ),
 ( 0.0004895563514336918670, 0.007878084282894270984 ),
 .UNSPECIFIED. ) ;
#4102 = CARTESIAN_POINT ( 'NONE',  ( 65.14392449654995687, 141.4296532796704184, 1.637034940206619327 ) ) ;
#4103 = CYLINDRICAL_SURFACE ( 'NONE', #5203, 2.149999999999992362 ) ;
#4104 = CARTESIAN_POINT ( 'NONE',  ( 50.89409983392057057, 112.1665000617247046, 1.637034940206621103 ) ) ;
#4105 = AXIS2_PLACEMENT_3D ( 'NONE', #6615, #4499, #2807 ) ;
#4106 = ORIENTED_EDGE ( 'NONE', *, *, #6270, .F. ) ;
#4107 = CARTESIAN_POINT ( 'NONE',  ( -56.50081253013716065, 105.3225229383019013, 1.637034940206620215 ) ) ;
#4108 = CARTESIAN_POINT ( 'NONE',  ( 44.95539236471773137, 112.7732955239991668, 11.63703494020662177 ) ) ;
#4109 = CONICAL_SURFACE ( 'NONE', #854, 4.699999999999995737, 0.7853981633974479459 ) ;
#4110 = CARTESIAN_POINT ( 'NONE',  ( -111.4337769773543556, 126.9719304719567106, 11.43703494025265321 ) ) ;
#4111 = AXIS2_PLACEMENT_3D ( 'NONE', #665, #2988, #4725 ) ;
#4112 = CARTESIAN_POINT ( 'NONE',  ( -112.4507779081335883, 156.4485475707139699, 1.637034940206620881 ) ) ;
#4113 = CARTESIAN_POINT ( 'NONE',  ( 36.38304395627975651, 171.7803953381970814, 8.974579602213191620 ) ) ;
#4114 = DIRECTION ( 'NONE',  ( 1.000000000000000000, 0.000000000000000000, 0.000000000000000000 ) ) ;
#4115 = CARTESIAN_POINT ( 'NONE',  ( 46.84950292574647790, 169.9996805616718518, 11.63703494020661999 ) ) ;
#4116 = CARTESIAN_POINT ( 'NONE',  ( -90.87344820444590709, 171.8725889714468451, 11.63703494020661999 ) ) ;
#4117 = CARTESIAN_POINT ( 'NONE',  ( -93.98782796140362450, 112.2303258414307265, 11.63703494020661999 ) ) ;
#4118 = CARTESIAN_POINT ( 'NONE',  ( 53.03185862748566137, 113.2811840047581029, 11.63703494020662177 ) ) ;
#4119 = CARTESIAN_POINT ( 'NONE',  ( 49.24307682572743516, 111.1958232738928558, 2.569285275557425585 ) ) ;
#4120 = CARTESIAN_POINT ( 'NONE',  ( -6.961224122659634972, 108.5322365717783413, 11.63703494020662177 ) ) ;
#4121 = CARTESIAN_POINT ( 'NONE',  ( -49.59422954331319744, 177.5021381200514554, 1.637034940206608669 ) ) ;
#4122 = CARTESIAN_POINT ( 'NONE',  ( 53.34694801501839123, 169.5522032928302281, 11.63703494020661644 ) ) ;
#4123 = CARTESIAN_POINT ( 'NONE',  ( -66.96580464750532258, 104.3313076029521653, 11.82282371114104613 ) ) ;
#4124 = ORIENTED_EDGE ( 'NONE', *, *, #3892, .T. ) ;
#4125 = CARTESIAN_POINT ( 'NONE',  ( -34.15607550160078887, 117.4296532779342783, 1.637034940206621103 ) ) ;
#4126 = ORIENTED_EDGE ( 'NONE', *, *, #7133, .T. ) ;
#4127 = CARTESIAN_POINT ( 'NONE',  ( -116.4047478761139587, 149.6102990390581340, 11.63703494020702323 ) ) ;
#4128 = CARTESIAN_POINT ( 'NONE',  ( -108.3912082500711733, 122.6141543158494045, 11.43703494025265144 ) ) ;
#4129 = CARTESIAN_POINT ( 'NONE',  ( -77.84923217497593839, 177.2561646542949916, 2.560097286703860942 ) ) ;
#4130 = CARTESIAN_POINT ( 'NONE',  ( -55.83279885424292388, 104.5326184050661453, 2.594424965133901306 ) ) ;
#4131 = CARTESIAN_POINT ( 'NONE',  ( 53.68598509997450208, 111.8325185408368299, 10.96981545701516048 ) ) ;
#4132 = CARTESIAN_POINT ( 'NONE',  ( 47.64216616544394611, 111.1239504949795531, 2.581346636399677319 ) ) ;
#4133 = CARTESIAN_POINT ( 'NONE',  ( -114.9635773146655566, 131.6668558222745276, 1.637034940206621103 ) ) ;
#4134 = CARTESIAN_POINT ( 'NONE',  ( -102.4965155788754032, 167.3940251935542278, 1.637034940206621325 ) ) ;
#4135 = EDGE_CURVE ( 'NONE', #5889, #5889, #804, .T. ) ;
#4136 = VERTEX_POINT ( 'NONE', #2452 ) ;
#4137 = EDGE_CURVE ( 'NONE', #1593, #3341, #7041, .T. ) ;
#4138 = EDGE_CURVE ( 'NONE', #3207, #7326, #4872, .T. ) ;
#4139 = CARTESIAN_POINT ( 'NONE',  ( 47.25082910130372227, 111.9496888240978194, 1.637034940206621325 ) ) ;
#4140 = CIRCLE ( 'NONE', #6564, 2.149999999999985256 ) ;
#4141 = CARTESIAN_POINT ( 'NONE',  ( -94.77745257971618287, 111.5254483044128619, 1.637034940206620659 ) ) ;
#4142 = CARTESIAN_POINT ( 'NONE',  ( 45.74320890146087493, 112.8105203410530493, 11.63703494020662177 ) ) ;
#4143 = CARTESIAN_POINT ( 'NONE',  ( -103.3906598520931368, 117.5439117420991266, 11.43703494025264611 ) ) ;
#4144 = CARTESIAN_POINT ( 'NONE',  ( -58.11276760007887532, 105.2158107894990735, 1.637034940206620881 ) ) ;
#4145 = EDGE_CURVE ( 'NONE', #6025, #1338, #5152, .T. ) ;
#4146 = CARTESIAN_POINT ( 'NONE',  ( -56.05090077898010037, 178.3467708414196409, 2.592781512202910310 ) ) ;
#4147 = CARTESIAN_POINT ( 'NONE',  ( -103.3369405146394513, 167.8787994860740298, 10.66463417502429500 ) ) ;
#4148 = CARTESIAN_POINT ( 'NONE',  ( -90.53031414170580149, 171.9991569546026540, 11.63703494020662355 ) ) ;
#4149 = CARTESIAN_POINT ( 'NONE',  ( -79.97599612063005736, 108.0552126537014885, 11.43703494025265499 ) ) ;
#4150 = DIRECTION ( 'NONE',  ( 1.000000000000000000, 9.417104279404143412E-11, -1.931731933684178019E-15 ) ) ;
#4151 = CARTESIAN_POINT ( 'NONE',  ( -49.59424931227728450, 105.3571659048606222, 10.16682540765482656 ) ) ;
#4152 = AXIS2_PLACEMENT_3D ( 'NONE', #7113, #729, #3690 ) ;
#4153 = ADVANCED_FACE ( 'NONE', ( #1929 ), #1371, .T. ) ;
#4154 = CARTESIAN_POINT ( 'NONE',  ( -82.90755630220785122, 106.6462465759037741, 11.63703494020664486 ) ) ;
#4155 = CARTESIAN_POINT ( 'NONE',  ( 53.00248534341163520, 113.4794431813445641, 11.43703494020697775 ) ) ;
#4156 = AXIS2_PLACEMENT_3D ( 'NONE', #4186, #7112, #3651 ) ;
#4157 = CARTESIAN_POINT ( 'NONE',  ( -110.5812354701620563, 122.1537824108129797, 2.560097286703856945 ) ) ;
#4158 = CARTESIAN_POINT ( 'NONE',  ( -59.52635533032384529, 104.3062736983317365, 11.38434332719534225 ) ) ;
#4159 = ORIENTED_EDGE ( 'NONE', *, *, #3443, .F. ) ;
#4160 = CARTESIAN_POINT ( 'NONE',  ( 44.31814656871872415, 171.0101244389882993, 1.637034940206621103 ) ) ;
#4161 = ORIENTED_EDGE ( 'NONE', *, *, #6948, .T. ) ;
#4162 = CARTESIAN_POINT ( 'NONE',  ( -103.6843207578968844, 167.6260010474934461, 11.63703494020701790 ) ) ;
#4163 = CARTESIAN_POINT ( 'NONE',  ( 45.84392449805655900, 125.4296532817331666, 5.637034940206621769 ) ) ;
#4164 = ORIENTED_EDGE ( 'NONE', *, *, #3660, .T. ) ;
#4165 = CARTESIAN_POINT ( 'NONE',  ( -56.30482234264847108, 177.5232285024542875, 1.637034940206620881 ) ) ;
#4166 = CARTESIAN_POINT ( 'NONE',  ( -104.3292704939864137, 118.2792371565710141, 11.43703494025265144 ) ) ;
#4167 = B_SPLINE_CURVE_WITH_KNOTS ( 'NONE', 3,
 ( #1816, #679, #4706, #195 ),
 .UNSPECIFIED., .F., .F.,
 ( 4, 4 ),
 ( 0.000000000000000000, 0.002522820859157255593 ),
 .UNSPECIFIED. ) ;
#4168 =( BOUNDED_CURVE ( )  B_SPLINE_CURVE ( 3, ( #5502, #4893, #5054, #906 ),
 .UNSPECIFIED., .F., .F. ) 
 B_SPLINE_CURVE_WITH_KNOTS ( ( 4, 4 ),
 ( 6.195740437860258076, 6.291516134054367271 ),
 .UNSPECIFIED. ) 
 CURVE ( )  GEOMETRIC_REPRESENTATION_ITEM ( )  RATIONAL_B_SPLINE_CURVE ( ( 1.000000000000000000, 0.9992357307397445876, 0.9992357307397445876, 1.000000000000000000 ) ) 
 REPRESENTATION_ITEM ( '' )  );
#4169 = CARTESIAN_POINT ( 'NONE',  ( 53.12865420121989501, 111.6813238358717797, 9.863879907044855955 ) ) ;
#4170 = CARTESIAN_POINT ( 'NONE',  ( -61.15058237955622644, 104.2364739601514003, 2.560097286703852504 ) ) ;
#4171 = DIRECTION ( 'NONE',  ( -0.000000000000000000, -0.000000000000000000, -1.000000000000000000 ) ) ;
#4172 = CARTESIAN_POINT ( 'NONE',  ( -107.6586158542152702, 118.7965483516677097, 2.560097286703860942 ) ) ;
#4173 = CARTESIAN_POINT ( 'NONE',  ( -49.59421388310427403, 105.3571705151492495, 9.939471910090810880 ) ) ;
#4174 = CARTESIAN_POINT ( 'NONE',  ( -101.7768633857800609, 167.8031746960321868, 1.637034940206621103 ) ) ;
#4175 = VERTEX_POINT ( 'NONE', #4597 ) ;
#4176 = CARTESIAN_POINT ( 'NONE',  ( 46.56938202956389716, 111.9270398400363433, 1.637034940206621103 ) ) ;
#4177 = CARTESIAN_POINT ( 'NONE',  ( -87.22277902835739383, 108.7273214889314090, 1.637034940206621103 ) ) ;
#4178 = CARTESIAN_POINT ( 'NONE',  ( -43.77020168811787215, 177.0487508927608644, 7.521934181198957958 ) ) ;
#4179 = CARTESIAN_POINT ( 'NONE',  ( -115.0573305003200346, 135.0733124935488831, 11.63703494020662355 ) ) ;
#4180 = CARTESIAN_POINT ( 'NONE',  ( -99.98325119568460195, 114.0663085080536661, 1.637034940206620881 ) ) ;
#4181 = EDGE_LOOP ( 'NONE', ( #6059 ) ) ;
#4182 = CARTESIAN_POINT ( 'NONE',  ( -112.1369039229224569, 156.9716920707910788, 1.637034940206621103 ) ) ;
#4183 = EDGE_CURVE ( 'NONE', #6269, #144, #5141, .T. ) ;
#4184 = B_SPLINE_CURVE_WITH_KNOTS ( 'NONE', 3,
 ( #3642, #760, #5965, #7144 ),
 .UNSPECIFIED., .F., .F.,
 ( 4, 4 ),
 ( 0.000000000000000000, 1.000000000000000000 ),
 .UNSPECIFIED. ) ;
#4185 = CARTESIAN_POINT ( 'NONE',  ( -115.2370695760948536, 146.5970569938038466, 5.637034940206621769 ) ) ;
#4186 = CARTESIAN_POINT ( 'NONE',  ( -34.15607550369274037, 165.4296532782069562, 5.637034940206621769 ) ) ;
#4187 = CARTESIAN_POINT ( 'NONE',  ( -103.5117867811203780, 115.4534510220148746, 2.252409837871447440 ) ) ;
#4188 = CARTESIAN_POINT ( 'NONE',  ( -92.63351421555562126, 111.6681267033130922, 11.63703494020662710 ) ) ;
#4189 = EDGE_LOOP ( 'NONE', ( #6586, #1653, #108, #4916 ) ) ;
#4190 = CARTESIAN_POINT ( 'NONE',  ( 49.01943136667930645, 112.0233729004583410, 1.637034940206620659 ) ) ;
#4191 = DIRECTION ( 'NONE',  ( -0.9979493749012920967, -0.06400816458952801602, -0.000000000000000000 ) ) ;
#4192 = B_SPLINE_SURFACE_WITH_KNOTS ( 'NONE', 1, 3, ( 
 ( #21, #6355, #6243, #2326, #1078, #4613, #513, #4652, #6930, #4050, #1189, #3366, #2360, #1790, #4081, #6391, #2465, #131, #810, #5940, #849, #730, #1290, #4722, #2429, #2503, #282, #3020, #1909, #1869, #5334, #3134, #7038, #4686, #3549, #7004, #4227, #7153, #172, #4149, #1326, #3058, #6466, #4262, #3584, #4834, #3617, #3654, #5447, #768, #6431, #1402, #5372, #5975, #209, #3691, #1834, #7114 ),
 ( #5295, #5903, #6574, #4759, #4798, #6539, #2537, #4117, #1980, #7077, #4188, #1256, #6500, #1945, #1367, #3094, #5866, #5406, #693, #245, #6013, #2985, #319, #4457, #3810, #6050, #6771, #3285, #2651, #6653, #4987, #1596, #1476, #956, #3893, #4949, #2085, #3770, #3170, #7304, #2575, #4370, #1516, #1441, #3245, #3726, #2013, #5552, #5592, #391, #2694, #5480, #4868, #7188, #2127, #4417, #5288, #6460 ) ),
 .UNSPECIFIED., .F., .F., .F.,
 ( 2, 2 ),
 ( 4, 2, 2, 2, 2, 2, 2, 2, 2, 2, 2, 2, 2, 2, 2, 2, 2, 2, 2, 2, 2, 2, 2, 2, 2, 2, 2, 2, 4 ),
 ( 0.000000000000000000, 1.000000000000000000 ),
 ( 0.000000000000000000, 0.002927661259392219315, 0.005855322518784438629, 0.008782983778176657944, 0.01024681440787276673, 0.01097872972272082200, 0.01134468738014484876, 0.01171064503756887726, 0.01207660269499290576, 0.01244256035241693252, 0.01317447566726498778, 0.01463830629696109657, 0.01610213692665720536, 0.01756596755635331589, 0.01902979818604942641, 0.02049362881574553347, 0.02195745944544164399, 0.02268937476028969752, 0.02342129007513775452, 0.02378724773256178301, 0.02415320538998581151, 0.02488512070483386504, 0.02634895133452997557, 0.02927661259392219315, 0.03220427385331441072, 0.03513193511270663177, 0.03805959637209885282, 0.04098725763149106693, 0.04684258015027550903 ),
 .UNSPECIFIED. ) ;
#4193 = CARTESIAN_POINT ( 'NONE',  ( -94.27279919805764052, 110.3661799171019879, 11.63703494020664486 ) ) ;
#4194 = LINE ( 'NONE', #5339, #7001 ) ;
#4195 = B_SPLINE_CURVE_WITH_KNOTS ( 'NONE', 3,
 ( #7417, #3889, #6805, #7302, #3807, #2204 ),
 .UNSPECIFIED., .F., .F.,
 ( 4, 2, 4 ),
 ( 0.000000000000000000, 0.0009137790565321515530, 0.001827558113064303106 ),
 .UNSPECIFIED. ) ;
#4196 = CARTESIAN_POINT ( 'NONE',  ( -115.2370695760948536, 146.5970569938038466, 11.43703494025265144 ) ) ;
#4197 = CARTESIAN_POINT ( 'NONE',  ( -57.09358838009917747, 104.4404211314137569, 10.81970255213875021 ) ) ;
#4198 = ORIENTED_EDGE ( 'NONE', *, *, #1082, .F. ) ;
#4199 = CYLINDRICAL_SURFACE ( 'NONE', #6809, 50.00000000000001421 ) ;
#4200 = ORIENTED_EDGE ( 'NONE', *, *, #2683, .F. ) ;
#4201 = CARTESIAN_POINT ( 'NONE',  ( 55.36135287466407107, 170.8506204229250613, 7.983198181526414139 ) ) ;
#4202 = ORIENTED_EDGE ( 'NONE', *, *, #2531, .T. ) ;
#4203 = CARTESIAN_POINT ( 'NONE',  ( -76.33629537177742463, 177.5141882770889481, 2.560097286703861830 ) ) ;
#4204 = CARTESIAN_POINT ( 'NONE',  ( -52.50202506352236753, 104.8131561490461081, 2.619448276295718969 ) ) ;
#4205 = CARTESIAN_POINT ( 'NONE',  ( 51.25036772819660769, 170.6597782054327865, 1.637034940206621103 ) ) ;
#4206 = CARTESIAN_POINT ( 'NONE',  ( 48.12122899438809043, 111.1409954594661116, 2.576630631017827078 ) ) ;
#4207 = CARTESIAN_POINT ( 'NONE',  ( -69.96232072854397188, 176.2915824479312619, 11.43703494025265144 ) ) ;
#4208 = CARTESIAN_POINT ( 'NONE',  ( -113.7797375075261641, 151.0341560890955463, 11.43703494025264966 ) ) ;
#4209 = CARTESIAN_POINT ( 'NONE',  ( -116.5974088603179837, 133.6578728168916541, 11.81462204216422052 ) ) ;
#4210 = CARTESIAN_POINT ( 'NONE',  ( 49.55288034018801824, 113.0008447304446833, 11.63703494020662355 ) ) ;
#4211 = CARTESIAN_POINT ( 'NONE',  ( -60.89036289842866267, 177.7568095101158008, 1.637034940206620881 ) ) ;
#4212 = DIRECTION ( 'NONE',  ( 1.127052365009616077E-16, -1.574532445896519190E-16, 1.000000000000000000 ) ) ;
#4213 = CIRCLE ( 'NONE', #6629, 2.149999999999992362 ) ;
#4214 = CARTESIAN_POINT ( 'NONE',  ( -91.04188054366863980, 110.0230380351090957, 1.637034940206620881 ) ) ;
#4215 = CARTESIAN_POINT ( 'NONE',  ( -44.68778929647420739, 176.8601163155586846, 13.92521985975973386 ) ) ;
#4216 = CARTESIAN_POINT ( 'NONE',  ( -109.3795812275036354, 123.8895954816313747, 11.43703494025264966 ) ) ;
#4217 = CARTESIAN_POINT ( 'NONE',  ( -94.17974968831917693, 111.2672917886368964, 1.637034940206621103 ) ) ;
#4218 = CARTESIAN_POINT ( 'NONE',  ( -83.66837733488380024, 175.1436727992962403, 1.637034940206620881 ) ) ;
#4219 = FACE_OUTER_BOUND ( 'NONE', #5586, .T. ) ;
#4220 = CARTESIAN_POINT ( 'NONE',  ( -115.6903884073260116, 144.2706914577978523, 5.637034940206621769 ) ) ;
#4221 = EDGE_CURVE ( 'NONE', #2128, #599, #409, .T. ) ;
#4222 = CIRCLE ( 'NONE', #2545, 144.1305048123483630 ) ;
#4223 = AXIS2_PLACEMENT_3D ( 'NONE', #4248, #196, #3115 ) ;
#4224 = EDGE_CURVE ( 'NONE', #4908, #486, #6408, .T. ) ;
#4225 = CARTESIAN_POINT ( 'NONE',  ( -73.77484814389831058, 106.7891157258964938, 11.63703494020662177 ) ) ;
#4226 = CARTESIAN_POINT ( 'NONE',  ( -68.91009507525920696, 110.4938693838374490, 4.187034940206631362 ) ) ;
#4227 = CARTESIAN_POINT ( 'NONE',  ( -80.69198687978690998, 108.2093905929226736, 11.43703494025265144 ) ) ;
#4228 = ORIENTED_EDGE ( 'NONE', *, *, #1321, .T. ) ;
#4229 = EDGE_CURVE ( 'NONE', #1820, #7123, #3914, .T. ) ;
#4230 = CARTESIAN_POINT ( 'NONE',  ( 46.72401898583668611, 112.8540526108666313, 11.63703494020662355 ) ) ;
#4231 = CARTESIAN_POINT ( 'NONE',  ( -117.1700748017818654, 147.0506125227692280, 11.56058006579475439 ) ) ;
#4232 = CARTESIAN_POINT ( 'NONE',  ( -102.5739536465642772, 166.2092848630231856, 11.63703494020662177 ) ) ;
#4233 = PLANE ( 'NONE',  #5547 ) ;
#4234 = CARTESIAN_POINT ( 'NONE',  ( -112.3019276173776433, 154.3529723130027946, 5.637034940206621769 ) ) ;
#4235 = CARTESIAN_POINT ( 'NONE',  ( -57.04944306984525326, 104.4434743188204635, 11.22677069755420654 ) ) ;
#4236 = ORIENTED_EDGE ( 'NONE', *, *, #4947, .F. ) ;
#4237 = CARTESIAN_POINT ( 'NONE',  ( -2.156075501600788868, 117.4296532794404158, 1.637034940206621103 ) ) ;
#4238 = ORIENTED_EDGE ( 'NONE', *, *, #6748, .T. ) ;
#4239 = CARTESIAN_POINT ( 'NONE',  ( -98.74448361997788481, 168.1431081077979286, 11.43703494025265144 ) ) ;
#4240 = CARTESIAN_POINT ( 'NONE',  ( -56.87374502197326365, 177.5625764546496725, 1.637034940206620881 ) ) ;
#4241 = CARTESIAN_POINT ( 'NONE',  ( -109.4823820262717362, 124.0206930477182539, 5.637034940206621769 ) ) ;
#4242 = ADVANCED_FACE ( 'NONE', ( #2929 ), #2849, .T. ) ;
#4243 = CARTESIAN_POINT ( 'NONE',  ( 51.53106638068127410, 170.6333550383541535, 1.637034940206621103 ) ) ;
#4244 = CARTESIAN_POINT ( 'NONE',  ( -108.1466453397288774, 122.0122372100038035, 11.63703494020662355 ) ) ;
#4245 = CARTESIAN_POINT ( 'NONE',  ( -116.2204399606600020, 147.1129350256264843, 1.637034940206621103 ) ) ;
#4246 = CARTESIAN_POINT ( 'NONE',  ( -117.6012458281733046, 138.3064126339693587, 2.560097286703862274 ) ) ;
#4247 = CARTESIAN_POINT ( 'NONE',  ( -113.8599505230067308, 150.8250973096533016, 11.43703494025264966 ) ) ;
#4248 = CARTESIAN_POINT ( 'NONE',  ( 23.84392449805661940, 165.4296532796704469, 1.637034940206621103 ) ) ;
#4249 = CARTESIAN_POINT ( 'NONE',  ( -103.6843207578969128, 167.6260010474933893, 10.70726375757830873 ) ) ;
#4250 = B_SPLINE_CURVE_WITH_KNOTS ( 'NONE', 3,
 ( #1996, #2595, #1964, #4886, #6592, #1889, #2484, #4777, #4244, #2028, #1456, #6483, #2556, #3747, #334, #6065, #1385, #7057, #1305, #3600, #5923, #2782, #1087, #5086, #972, #367, #522, #1537, #6138, #3263, #1612, #4925, #5570, #5688, #406, #7402, #3374, #2670, #2221, #6176, #936 ),
 .UNSPECIFIED., .F., .F.,
 ( 4, 1, 1, 2, 2, 2, 2, 2, 2, 2, 1, 2, 2, 2, 2, 2, 2, 2, 1, 1, 2, 2, 4 ),
 ( 0.000000000000000000, 0.1250000000000086320, 0.1875000000000124345, 0.2187500000000138223, 0.2500000000000152101, 0.2812500000000165978, 0.2968750000000171529, 0.3125000000000177636, 0.3437500000000187073, 0.3750000000000195954, 0.4375000000000218714, 0.4687500000000229816, 0.5000000000000240918, 0.6250000000000220934, 0.6875000000000214273, 0.7187500000000198730, 0.7343750000000177636, 0.7500000000000155431, 0.8125000000000094369, 0.8437500000000052180, 0.8593750000000043299, 0.8750000000000033307, 1.000000000000000000 ),
 .UNSPECIFIED. ) ;
#4251 = CARTESIAN_POINT ( 'NONE',  ( -100.9017544462903260, 164.0755727717784964, 2.560097286703860942 ) ) ;
#4252 = CARTESIAN_POINT ( 'NONE',  ( -89.77491389479202155, 109.5688877017886682, 1.637034940206620881 ) ) ;
#4253 = CARTESIAN_POINT ( 'NONE',  ( 52.03628991287576611, -30.98292557773241285, 11.43703494020664380 ) ) ;
#4254 = CARTESIAN_POINT ( 'NONE',  ( -109.5400522113012869, 123.7702231060153650, 11.63703494020662355 ) ) ;
#4255 = CARTESIAN_POINT ( 'NONE',  ( 47.87648429089396984, 111.1178067952421316, 1.830447504719999063 ) ) ;
#4256 = CARTESIAN_POINT ( 'NONE',  ( 45.92612621994684474, 170.0405266863108977, 11.63703494020662355 ) ) ;
#4257 = CARTESIAN_POINT ( 'NONE',  ( 49.32460396835432448, 171.6842842973171628, 1.302989889912435029 ) ) ;
#4258 = CARTESIAN_POINT ( 'NONE',  ( -114.1640783995669750, 150.0067503243935505, 5.637034940206621769 ) ) ;
#4260 = CARTESIAN_POINT ( 'NONE',  ( -70.88198277948622206, 106.4529973236428901, 11.63703494020662355 ) ) ;
#4259 = PRESENTATION_LAYER_ASSIGNMENT (  '', '', ( #61 ) ) ;
#4261 = FACE_OUTER_BOUND ( 'NONE', #6967, .T. ) ;
#4262 = CARTESIAN_POINT ( 'NONE',  ( -78.54235694302406046, 107.7647952123909221, 11.43703494025265499 ) ) ;
#4263 = EDGE_LOOP ( 'NONE', ( #2417, #2190, #1904, #2774 ) ) ;
#4264 = EDGE_CURVE ( 'NONE', #4622, #7454, #1522, .T. ) ;
#4265 = CARTESIAN_POINT ( 'NONE',  ( -113.9992400366343190, 155.3880946804052883, 11.24378880513491552 ) ) ;
#4266 = CARTESIAN_POINT ( 'NONE',  ( -110.0765237853609904, 158.3482203447165944, 11.63703494020662532 ) ) ;
#4267 = B_SPLINE_CURVE_WITH_KNOTS ( 'NONE', 3,
 ( #5689, #6214, #1013, #2186, #7474, #3873, #4585, #407, #1538, #1088, #3983 ),
 .UNSPECIFIED., .F., .F.,
 ( 4, 1, 1, 1, 2, 2, 4 ),
 ( 0.000000000000000000, 0.2500000000000162093, 0.3750000000000243139, 0.4375000000000366374, 0.4687500000000471290, 0.5000000000000575096, 1.000000000000000000 ),
 .UNSPECIFIED. ) ;
#4268 = EDGE_CURVE ( 'NONE', #599, #3050, #636, .T. ) ;
#4269 = CARTESIAN_POINT ( 'NONE',  ( -56.66672536831589468, 178.3893626335602960, 2.571282351345664186 ) ) ;
#4270 = CARTESIAN_POINT ( 'NONE',  ( -106.0498091390629298, 162.9528467843796875, 5.637034940206621769 ) ) ;
#4271 = CARTESIAN_POINT ( 'NONE',  ( -57.11923380275066364, 104.4219694178695192, 11.63852831927762566 ) ) ;
#4272 = ORIENTED_EDGE ( 'NONE', *, *, #2578, .T. ) ;
#4273 = CARTESIAN_POINT ( 'NONE',  ( -113.3211686697999028, 156.6466127570951130, 11.19502903592566767 ) ) ;
#4274 = ORIENTED_EDGE ( 'NONE', *, *, #3335, .F. ) ;
#4275 = CARTESIAN_POINT ( 'NONE',  ( -93.47627631011377503, 170.6579053398242820, 11.43703494025265144 ) ) ;
#4276 = CARTESIAN_POINT ( 'NONE',  ( -57.64286333022038633, 178.4554163994793043, 2.560097286703860053 ) ) ;
#4277 = VECTOR ( 'NONE', #1047, 1000.000000000000000 ) ;
#4278 = FACE_OUTER_BOUND ( 'NONE', #5842, .T. ) ;
#4279 = CARTESIAN_POINT ( 'NONE',  ( -73.09616364177651349, 104.8653133057091935, 2.560097286703856945 ) ) ;
#4280 = CARTESIAN_POINT ( 'NONE',  ( 51.54908215249149350, 111.3851922689794662, 2.584933378169694596 ) ) ;
#4281 = CARTESIAN_POINT ( 'NONE',  ( -115.0947568960549887, 129.7654476317578087, 2.560097286703860497 ) ) ;
#4282 = CARTESIAN_POINT ( 'NONE',  ( -115.6227908334365253, 144.2558175585578795, 11.43703494025265321 ) ) ;
#4283 = CARTESIAN_POINT ( 'NONE',  ( -61.02782324795477109, 178.6022833985973080, 11.11287036313989951 ) ) ;
#4284 = CARTESIAN_POINT ( 'NONE',  ( -55.53166413414301417, 104.6240031229923915, 2.592269860735989973 ) ) ;
#4285 = CARTESIAN_POINT ( 'NONE',  ( -100.5986964526155134, 115.4975901986529578, 11.63703494020662177 ) ) ;
#4286 = CARTESIAN_POINT ( 'NONE',  ( 17.16008161828938938, 109.5759693660000664, 2.560097286703860497 ) ) ;
#4287 = CARTESIAN_POINT ( 'NONE',  ( -46.43131421377756141, 177.3895335379538949, 5.581672521861429814 ) ) ;
#4288 = CARTESIAN_POINT ( 'NONE',  ( -110.6576647112954817, 125.3602260383589169, 11.63703494020662532 ) ) ;
#4289 = CARTESIAN_POINT ( 'NONE',  ( -91.36620303082055727, 110.1449764376358047, 1.637034940206621103 ) ) ;
#4290 = CARTESIAN_POINT ( 'NONE',  ( -107.9975668981022636, 119.0984714157906836, 11.77538989818150661 ) ) ;
#4291 = CARTESIAN_POINT ( 'NONE',  ( 46.77767435872281254, 170.0028382120689798, 11.63703494020662532 ) ) ;
#4292 = DIRECTION ( 'NONE',  ( 1.127052364861340795E-16, 1.574532446002655002E-16, 1.000000000000000000 ) ) ;
#4293 = ADVANCED_FACE ( 'NONE', ( #2262 ), #4407, .F. ) ;
#4294 = CARTESIAN_POINT ( 'NONE',  ( -107.0574370811336991, 163.4773372516210657, 1.637034940206620881 ) ) ;
#4295 = DIRECTION ( 'NONE',  ( -1.000000000000000000, 0.000000000000000000, 0.000000000000000000 ) ) ;
#4296 = CARTESIAN_POINT ( 'NONE',  ( -94.17938141810085995, 171.5921858805335773, 1.637034940206621103 ) ) ;
#4297 = ORIENTED_EDGE ( 'NONE', *, *, #5633, .F. ) ;
#4298 = CARTESIAN_POINT ( 'NONE',  ( 53.10999085102152151, 113.4882855937329680, 11.43703494020664024 ) ) ;
#4299 = CARTESIAN_POINT ( 'NONE',  ( -109.5318860780826498, 162.0291433515479298, 11.82271373192654096 ) ) ;
#4300 = CARTESIAN_POINT ( 'NONE',  ( -115.6234716537059199, 145.3099498973978143, 11.63703494020662177 ) ) ;
#4301 = CARTESIAN_POINT ( 'NONE',  ( 53.77200454638647642, 171.2641503942305121, 2.606923223255051436 ) ) ;
#4302 = CARTESIAN_POINT ( 'NONE',  ( -111.1422035350645103, 156.4025421087833649, 5.637034940206621769 ) ) ;
#4303 = CARTESIAN_POINT ( 'NONE',  ( -57.16194067485439945, 178.4236128206528633, 4.543879449388887437 ) ) ;
#4304 = CARTESIAN_POINT ( 'NONE',  ( 34.98018422525395721, 110.8561770942911409, 7.460292923885785576 ) ) ;
#4305 = CARTESIAN_POINT ( 'NONE',  ( -110.1100169260092372, 161.3198394440508139, 11.00584193984421155 ) ) ;
#4306 = ORIENTED_EDGE ( 'NONE', *, *, #4229, .T. ) ;
#4307 = CARTESIAN_POINT ( 'NONE',  ( -49.83808207545050095, 105.2733033449103317, 11.63703494020649920 ) ) ;
#4308 = CARTESIAN_POINT ( 'NONE',  ( -56.05089005430721727, 104.5125364564386530, 2.592772047037723571 ) ) ;
#4309 = FACE_BOUND ( 'NONE', #1681, .T. ) ;
#4310 = EDGE_CURVE ( 'NONE', #283, #474, #384, .T. ) ;
#4311 = CARTESIAN_POINT ( 'NONE',  ( -73.09616364521981779, 177.9939932490422621, 11.63703494020681894 ) ) ;
#4312 = CARTESIAN_POINT ( 'NONE',  ( -79.00772310849569635, 105.7947152186456350, 2.560097286703856945 ) ) ;
#4313 = CARTESIAN_POINT ( 'NONE',  ( -114.8571454881319767, 151.4816754703586810, 1.637034940206621325 ) ) ;
#4314 = DIRECTION ( 'NONE',  ( 0.000000000000000000, 0.000000000000000000, -1.000000000000000000 ) ) ;
#4315 = CARTESIAN_POINT ( 'NONE',  ( -109.4859932446254760, 158.8336820825552138, 11.43703494025264966 ) ) ;
#4316 = CARTESIAN_POINT ( 'NONE',  ( -64.99357529300097269, 178.6056188726997505, 11.39000632107530642 ) ) ;
#4317 = ORIENTED_EDGE ( 'NONE', *, *, #7238, .T. ) ;
#4318 = CARTESIAN_POINT ( 'NONE',  ( -57.25538467603954018, 177.5889633887606465, 1.637034940206621103 ) ) ;
#4319 = CARTESIAN_POINT ( 'NONE',  ( -54.65740701693750481, 104.4684178896487339, 0.1779481494135113639 ) ) ;
#4320 = CARTESIAN_POINT ( 'NONE',  ( -97.30681697648856243, 113.7643415035774552, 11.63703494020662355 ) ) ;
#4321 = CARTESIAN_POINT ( 'NONE',  ( -76.02080029996157862, 105.2953490438297308, 2.560097286703861386 ) ) ;
#4322 = CARTESIAN_POINT ( 'NONE',  ( -90.54820806910979059, 173.9356210554714721, 11.63703494020659868 ) ) ;
#4323 = CARTESIAN_POINT ( 'NONE',  ( -45.99999999999999289, 141.4296532796704469, 1.637034940206621103 ) ) ;
#4324 = CARTESIAN_POINT ( 'NONE',  ( -92.77910528219379671, 110.6896007715894683, 1.637034940206621103 ) ) ;
#4325 = CARTESIAN_POINT ( 'NONE',  ( -103.1668448585503199, 166.9654657220685010, 1.637034940206621103 ) ) ;
#4326 = CARTESIAN_POINT ( 'NONE',  ( 48.83514037624713211, 169.9033441860191829, 11.63703494020662177 ) ) ;
#4327 = PRODUCT_DEFINITION_CONTEXT ( 'detailed design', #6086, 'design' ) ;
#4328 = CARTESIAN_POINT ( 'NONE',  ( -109.3563245135131154, 162.2032645306680365, 2.560097286703863606 ) ) ;
#4329 = DIRECTION ( 'NONE',  ( -0.000000000000000000, -0.000000000000000000, 1.000000000000000000 ) ) ;
#4330 = EDGE_CURVE ( 'NONE', #1296, #4458, #1279, .T. ) ;
#4331 = CARTESIAN_POINT ( 'NONE',  ( -59.23149487716445094, 176.7624748237212202, 11.63703494020661644 ) ) ;
#4332 = CARTESIAN_POINT ( 'NONE',  ( -80.37215505107725733, 174.9243794245363404, 11.63703494020662177 ) ) ;
#4333 = ORIENTED_EDGE ( 'NONE', *, *, #4702, .T. ) ;
#4334 = CARTESIAN_POINT ( 'NONE',  ( -117.1683461057646412, 147.0582198220197654, 11.88396577576044244 ) ) ;
#4335 = CIRCLE ( 'NONE', #5440, 7.160900368822692208 ) ;
#4336 = CIRCLE ( 'NONE', #1112, 50.00000000000000711 ) ;
#4337 = CARTESIAN_POINT ( 'NONE',  ( -109.2879790361788253, 159.4253429204530335, 11.63703494020662532 ) ) ;
#4338 = CARTESIAN_POINT ( 'NONE',  ( 48.53154893665605130, 171.7013222856376160, 2.572825045283393841 ) ) ;
#4339 = CARTESIAN_POINT ( 'NONE',  ( -57.29827514931326959, 104.4200306333509047, 10.84877406165250413 ) ) ;
#4340 = CARTESIAN_POINT ( 'NONE',  ( -57.08784497524259649, 104.4408183580108442, 11.22871808991053832 ) ) ;
#4341 = ORIENTED_EDGE ( 'NONE', *, *, #1321, .F. ) ;
#4342 = DIRECTION ( 'NONE',  ( -1.000000000000000000, 0.000000000000000000, 0.000000000000000000 ) ) ;
#4343 = ORIENTED_EDGE ( 'NONE', *, *, #1390, .F. ) ;
#4344 = VECTOR ( 'NONE', #1268, 999.9999999999998863 ) ;
#4345 = CARTESIAN_POINT ( 'NONE',  ( -82.36699632077879585, 174.2857367925350331, 5.637034940206621769 ) ) ;
#4346 = CARTESIAN_POINT ( 'NONE',  ( -48.02664698684272082, 177.3013931963869254, 7.754227384111508137 ) ) ;
#4347 = CARTESIAN_POINT ( 'NONE',  ( -79.00772311185147601, 177.0645913355490961, 11.63703494020681894 ) ) ;
#4348 = FACE_OUTER_BOUND ( 'NONE', #1368, .T. ) ;
#4349 = CARTESIAN_POINT ( 'NONE',  ( 51.52622441021265587, 111.3830269280971663, 2.584701692689189922 ) ) ;
#4350 = ORIENTED_EDGE ( 'NONE', *, *, #1782, .T. ) ;
#4351 = CARTESIAN_POINT ( 'NONE',  ( -112.9924540891781106, 153.3700216515352679, 11.63703494020662355 ) ) ;
#4352 = CARTESIAN_POINT ( 'NONE',  ( -57.70537154460359375, 178.4593991963299970, 10.86548312502970504 ) ) ;
#4353 = CARTESIAN_POINT ( 'NONE',  ( -47.80765481777390136, 105.2935185742317117, 4.578159910956559386 ) ) ;
#4354 = CARTESIAN_POINT ( 'NONE',  ( -88.73591097075366463, 110.2302240514723621, 11.63703494020662177 ) ) ;
#4355 = CARTESIAN_POINT ( 'NONE',  ( -96.35118404258413705, 111.3118702285820802, 2.560097286703860942 ) ) ;
#4356 = CARTESIAN_POINT ( 'NONE',  ( -56.45552232043745278, 104.5168522439068539, 4.506125194002859935 ) ) ;
#4357 = ADVANCED_FACE ( 'NONE', ( #1729, #4587 ), #6977, .F. ) ;
#4358 = FACE_OUTER_BOUND ( 'NONE', #5143, .T. ) ;
#4359 = CARTESIAN_POINT ( 'NONE',  ( -115.8731206951982671, 140.9707427485300002, 5.637034940206621769 ) ) ;
#4360 = ADVANCED_FACE ( 'NONE', ( #7439 ), #1166, .T. ) ;
#4361 = CARTESIAN_POINT ( 'NONE',  ( -109.1463783106084975, 120.4081402247091290, 11.38438058701758493 ) ) ;
#4362 = CARTESIAN_POINT ( 'NONE',  ( 47.21935772983277957, 169.9833518553855640, 11.63703494020662177 ) ) ;
#4363 = CARTESIAN_POINT ( 'NONE',  ( -49.59422954331319744, 177.5021381200514554, 10.20385294613941340 ) ) ;
#4364 = CARTESIAN_POINT ( 'NONE',  ( -108.7330633072993180, 162.9126848831413099, 2.560097286703860497 ) ) ;
#4365 = B_SPLINE_CURVE_WITH_KNOTS ( 'NONE', 3,
 ( #953, #1632, #1028, #462, #5587, #5103, #386, #3242, #4366, #7258, #2164, #3766, #4983, #5549, #6195, #1555, #5064, #3355, #2082, #6079 ),
 .UNSPECIFIED., .F., .F.,
 ( 4, 2, 2, 2, 2, 2, 2, 2, 2, 4 ),
 ( 0.000000000000000000, 0.2500000000000002776, 0.3749999999999999445, 0.4999999999999996669, 0.5624999999999996669, 0.6249999999999995559, 0.7499999999999994449, 0.8749999999999994449, 0.9374999999999996669, 1.000000000000000000 ),
 .UNSPECIFIED. ) ;
#4366 = CARTESIAN_POINT ( 'NONE',  ( -82.45874942941576080, 108.6142632584898848, 5.637034940206621769 ) ) ;
#4367 = CARTESIAN_POINT ( 'NONE',  ( 49.16263866522611892, 112.9755438036855111, 11.63703494020662177 ) ) ;
#4368 = CARTESIAN_POINT ( 'NONE',  ( -93.49434992761690921, 170.6213797525799976, 11.43703494025265321 ) ) ;
#4369 = CARTESIAN_POINT ( 'NONE',  ( 45.61756446579136082, 113.0061578439561316, 11.43703494020664380 ) ) ;
#4370 = CARTESIAN_POINT ( 'NONE',  ( -79.53843611468604990, 107.7597140491783421, 11.63703494020662532 ) ) ;
#4371 = ORIENTED_EDGE ( 'NONE', *, *, #2389, .T. ) ;
#4372 = DIRECTION ( 'NONE',  ( 0.000000000000000000, 0.000000000000000000, -1.000000000000000000 ) ) ;
#4373 = CARTESIAN_POINT ( 'NONE',  ( 50.59637707088167957, 113.2783411152112194, 11.43703494020664913 ) ) ;
#4374 = B_SPLINE_CURVE_WITH_KNOTS ( 'NONE', 3,
 ( #7035, #6961, #1253, #1865, #5257, #1787, #4077, #6386, #1217, #4146 ),
 .UNSPECIFIED., .F., .F.,
 ( 4, 2, 2, 2, 4 ),
 ( 0.000000000000000000, 0.0005862604854675133176, 0.001172520970935026635, 0.001758781456402539953, 0.002345041941870053270 ),
 .UNSPECIFIED. ) ;
#4375 = CARTESIAN_POINT ( 'NONE',  ( -113.1758229968109646, 156.8691928886478593, 11.18614849254603527 ) ) ;
#4376 = B_SPLINE_SURFACE_WITH_KNOTS ( 'NONE', 1, 3, ( 
 ( #3001, #6557, #5460, #750, #7056, #1273, #3111 ),
 ( #7094, #5422, #260, #4740, #5351, #5315, #1384 ) ),
 .UNSPECIFIED., .F., .F., .F.,
 ( 2, 2 ),
 ( 4, 3, 4 ),
 ( 0.000000000000000000, 1.000000000000000000 ),
 ( 0.003388644732376853725, 0.008761677150794440136, 0.009727469000027185592 ),
 .UNSPECIFIED. ) ;
#4377 = EDGE_CURVE ( 'NONE', #4588, #1495, #2541, .T. ) ;
#4378 = CIRCLE ( 'NONE', #7300, 4.699999999999995737 ) ;
#4379 = FACE_OUTER_BOUND ( 'NONE', #4263, .T. ) ;
#4380 = CARTESIAN_POINT ( 'NONE',  ( -115.6903067967432719, 138.5875511747742053, 5.637034940206621769 ) ) ;
#4381 = CARTESIAN_POINT ( 'NONE',  ( 48.14733109263766409, 170.8773886724796398, 1.637034940206620881 ) ) ;
#4382 = CARTESIAN_POINT ( 'NONE',  ( -78.64777300877898369, 107.7626535574806326, 11.43703494025265144 ) ) ;
#4383 = CARTESIAN_POINT ( 'NONE',  ( 53.00248531723549661, 169.3798633872143853, 5.637034940206621769 ) ) ;
#4384 = EDGE_LOOP ( 'NONE', ( #4961 ) ) ;
#4385 = CARTESIAN_POINT ( 'NONE',  ( -77.03990138243223385, 105.4395755097746985, 11.63703494020730922 ) ) ;
#4386 = ORIENTED_EDGE ( 'NONE', *, *, #4923, .F. ) ;
#4387 = CARTESIAN_POINT ( 'NONE',  ( -75.67124537917274552, 175.5987156471898345, 11.43703494025265144 ) ) ;
#4388 = EDGE_CURVE ( 'NONE', #5125, #5087, #2837, .T. ) ;
#4389 = DIRECTION ( 'NONE',  ( -0.000000000000000000, -0.000000000000000000, -1.000000000000000000 ) ) ;
#4390 = CARTESIAN_POINT ( 'NONE',  ( -105.9058176022413278, 116.9736682589723671, 2.560097286702543329 ) ) ;
#4391 = CARTESIAN_POINT ( 'NONE',  ( -82.90755630548343902, 176.2130599779237059, 2.560097286697724517 ) ) ;
#4392 = CARTESIAN_POINT ( 'NONE',  ( 34.78347525495355086, 110.8561770941025486, 7.604208483361038162 ) ) ;
#4393 = CARTESIAN_POINT ( 'NONE',  ( -111.9856793523292282, 157.2240902426102878, 1.637034940206620437 ) ) ;
#4394 = ORIENTED_EDGE ( 'NONE', *, *, #5819, .T. ) ;
#4395 = CARTESIAN_POINT ( 'NONE',  ( -116.0725348577583418, 141.9038605920763985, 11.63703494020662177 ) ) ;
#4396 = CARTESIAN_POINT ( 'NONE',  ( -117.0306238392344937, 140.8819511251399490, 1.637034940206621103 ) ) ;
#4397 = EDGE_LOOP ( 'NONE', ( #3927, #165, #2589, #4482 ) ) ;
#4398 = CARTESIAN_POINT ( 'NONE',  ( -55.88335755435914365, 104.5826593183493571, 2.377981826713587044 ) ) ;
#4399 = CARTESIAN_POINT ( 'NONE',  ( -98.61169461437884820, 114.4272936747533151, 11.63703494020662355 ) ) ;
#4400 = AXIS2_PLACEMENT_3D ( 'NONE', #1941, #2426, #1364 ) ;
#4401 = CARTESIAN_POINT ( 'NONE',  ( -57.33970086060120508, 104.4235819392743139, 2.560097286703860942 ) ) ;
#4402 = CARTESIAN_POINT ( 'NONE',  ( -51.61257065692638690, 177.1427154349725015, 1.637034940206621325 ) ) ;
#4403 = CARTESIAN_POINT ( 'NONE',  ( 42.81160654271690902, 170.0072307208233440, 5.637034940206621769 ) ) ;
#4404 = FACE_OUTER_BOUND ( 'NONE', #5138, .T. ) ;
#4405 = CARTESIAN_POINT ( 'NONE',  ( -110.6160673640649890, 122.1744509351328674, 11.86039070333898948 ) ) ;
#4406 = CARTESIAN_POINT ( 'NONE',  ( 50.58973358566070289, 169.7815805599150281, 11.63703494020662532 ) ) ;
#4407 = CONICAL_SURFACE ( 'NONE', #7321, 2.710899749847020423, 0.7853981634686219016 ) ;
#4408 = CARTESIAN_POINT ( 'NONE',  ( -71.71583101703032526, 177.2962102682706131, 1.637034940206621103 ) ) ;
#4409 = CARTESIAN_POINT ( 'NONE',  ( -57.28142258191357428, 176.5607739874807862, 11.57036827355529773 ) ) ;
#4410 = CARTESIAN_POINT ( 'NONE',  ( -115.6360168372736439, 151.7826475773490813, 2.560097286703860942 ) ) ;
#4411 = ORIENTED_EDGE ( 'NONE', *, *, #6590, .F. ) ;
#4412 = LINE ( 'NONE', #6154, #3376 ) ;
#4413 = CARTESIAN_POINT ( 'NONE',  ( 52.60696385578855683, 113.2458499372472005, 11.63703494020662177 ) ) ;
#4414 = EDGE_CURVE ( 'NONE', #5593, #3413, #6869, .T. ) ;
#4415 = CARTESIAN_POINT ( 'NONE',  ( -91.25397206802713868, 171.5176687021435953, 11.43703494025265144 ) ) ;
#4416 = CARTESIAN_POINT ( 'NONE',  ( -91.36766392361462863, 172.7155591233193945, 1.637034940206621547 ) ) ;
#4417 = CARTESIAN_POINT ( 'NONE',  ( -61.18999110434670996, 106.0360416800192525, 11.63703494020662532 ) ) ;
#4418 = ORIENTED_EDGE ( 'NONE', *, *, #3814, .F. ) ;
#4419 = CARTESIAN_POINT ( 'NONE',  ( 49.82819671840130837, 171.6240155327171806, 2.570171262228529763 ) ) ;
#4420 = CARTESIAN_POINT ( 'NONE',  ( -112.8728627322758769, 153.6370899556305574, 11.63703494020662532 ) ) ;
#4421 = CARTESIAN_POINT ( 'NONE',  ( -109.8812399582039347, 122.6288590832169092, 1.637034940206621103 ) ) ;
#4422 = CARTESIAN_POINT ( 'NONE',  ( 49.06097450978613494, 171.6739695382147488, 2.569848094480516654 ) ) ;
#4423 = CARTESIAN_POINT ( 'NONE',  ( -55.68517954974092987, 104.6073812346686509, 10.69803496459658376 ) ) ;
#4424 = CARTESIAN_POINT ( 'NONE',  ( -46.43131421039782225, 105.4697730193077803, 5.581672521856661184 ) ) ;
#4425 = VERTEX_POINT ( 'NONE', #600 ) ;
#4426 = CARTESIAN_POINT ( 'NONE',  ( -82.90755630220785122, 106.6462465759037741, 11.63703494020730922 ) ) ;
#4427 = VERTEX_POINT ( 'NONE', #4553 ) ;
#4428 = CARTESIAN_POINT ( 'NONE',  ( -103.6843207578968844, 167.6260010474934461, 10.70720459684204329 ) ) ;
#4429 = CARTESIAN_POINT ( 'NONE',  ( 53.73744976896259118, 170.9768883696391697, 11.47740859763897525 ) ) ;
#4430 = CARTESIAN_POINT ( 'NONE',  ( -102.3199005590290653, 168.4847181665103051, 11.63703494020662177 ) ) ;
#4431 = DIRECTION ( 'NONE',  ( 1.000000000000000000, 0.000000000000000000, 0.000000000000000000 ) ) ;
#4432 = CARTESIAN_POINT ( 'NONE',  ( -52.52016656216105162, 177.8722862017804971, 4.506125194002473577 ) ) ;
#4433 = ADVANCED_FACE ( 'NONE', ( #1200, #5198 ), #6202, .F. ) ;
#4434 = PLANE ( 'NONE',  #4000 ) ;
#4435 = CARTESIAN_POINT ( 'NONE',  ( -52.72707702541485730, 177.8959771233529636, 11.11081167588466201 ) ) ;
#4436 = ORIENTED_EDGE ( 'NONE', *, *, #71, .T. ) ;
#4437 = CARTESIAN_POINT ( 'NONE',  ( -114.4039782123579556, 149.9101762249798355, 11.63703494020662177 ) ) ;
#4438 = EDGE_LOOP ( 'NONE', ( #6235 ) ) ;
#4439 = CARTESIAN_POINT ( 'NONE',  ( -68.91009507525920696, 110.4938693838374490, 5.637034940206621769 ) ) ;
#4440 = ORIENTED_EDGE ( 'NONE', *, *, #4565, .F. ) ;
#4441 = CARTESIAN_POINT ( 'NONE',  ( -56.95161480882932636, 177.5679620958821943, 1.637034940206621103 ) ) ;
#4442 = CARTESIAN_POINT ( 'NONE',  ( -55.75139499606171256, 104.5981543795931117, 2.458181994797441927 ) ) ;
#4443 = CARTESIAN_POINT ( 'NONE',  ( -86.64623718063309354, 109.5594300230700071, 11.63703494020662177 ) ) ;
#4444 = EDGE_CURVE ( 'NONE', #144, #2672, #3432, .T. ) ;
#4445 = CARTESIAN_POINT ( 'NONE',  ( -83.99165390709354995, 106.9388911119807091, 2.560097286703861386 ) ) ;
#4446 = CARTESIAN_POINT ( 'NONE',  ( -55.04303068368317042, 104.6820972401846461, 4.506125194002859935 ) ) ;
#4447 = CARTESIAN_POINT ( 'NONE',  ( -49.67431987002289873, 105.3469120519301470, 10.19957257639646819 ) ) ;
#4448 = DIRECTION ( 'NONE',  ( -0.000000000000000000, 0.000000000000000000, 1.000000000000000000 ) ) ;
#4449 = DIRECTION ( 'NONE',  ( -0.000000000000000000, -0.000000000000000000, -1.000000000000000000 ) ) ;
#4450 = CARTESIAN_POINT ( 'NONE',  ( 51.57826508887647776, 169.7004474739844682, 11.63703494020662355 ) ) ;
#4451 = CARTESIAN_POINT ( 'NONE',  ( 52.10236234861564952, 171.3693432524129321, 6.393997127285281579 ) ) ;
#4452 = CARTESIAN_POINT ( 'NONE',  ( -116.0734810827239158, 150.6061256877281949, 2.560097286703861386 ) ) ;
#4453 = DIRECTION ( 'NONE',  ( -0.000000000000000000, -0.000000000000000000, -1.000000000000000000 ) ) ;
#4454 = CARTESIAN_POINT ( 'NONE',  ( 52.52940114408318806, 113.2393284968186578, 11.63703494020662177 ) ) ;
#4455 = CARTESIAN_POINT ( 'NONE',  ( -81.04422970003625437, 174.5711399375284145, 11.43703494025265321 ) ) ;
#4456 = CIRCLE ( 'NONE', #3248, 2.710899749847020423 ) ;
#4457 = CARTESIAN_POINT ( 'NONE',  ( -88.50247840312128744, 110.1504269661927395, 11.63703494020661999 ) ) ;
#4458 = VERTEX_POINT ( 'NONE', #1880 ) ;
#4459 = CARTESIAN_POINT ( 'NONE',  ( 48.11434847452901664, 111.9811478890030827, 1.637034940206621103 ) ) ;
#4460 = CARTESIAN_POINT ( 'NONE',  ( 48.18303229604859439, 171.7150693124450527, 2.576161630535795499 ) ) ;
#4461 = EDGE_CURVE ( 'NONE', #6051, #4908, #6234, .T. ) ;
#4462 = CIRCLE ( 'NONE', #5432, 28.59228193470923785 ) ;
#4463 = CARTESIAN_POINT ( 'NONE',  ( -49.89300673260530061, 177.5403995914568611, 10.91649089679558493 ) ) ;
#4464 = CARTESIAN_POINT ( 'NONE',  ( -100.9017544462903260, 164.0755727717784964, 1.637034940206616884 ) ) ;
#4465 = CARTESIAN_POINT ( 'NONE',  ( 54.11690804684208445, 171.2337324860702381, 2.610128675944644705 ) ) ;
#4466 = EDGE_CURVE ( 'NONE', #5030, #2407, #2816, .T. ) ;
#4467 = CARTESIAN_POINT ( 'NONE',  ( -56.43593761954389976, 104.5195924168930759, 11.37539737572989473 ) ) ;
#4468 = LINE ( 'NONE', #3820, #5135 ) ;
#4469 = CARTESIAN_POINT ( 'NONE',  ( -103.1501000921053759, 114.8730870222287876, 11.63703494020731455 ) ) ;
#4470 = EDGE_LOOP ( 'NONE', ( #1089, #1730, #2652, #1673 ) ) ;
#4471 = CARTESIAN_POINT ( 'NONE',  ( -95.25988004350057281, 169.8769499301554902, 11.43703494025265144 ) ) ;
#4472 = AXIS2_PLACEMENT_3D ( 'NONE', #3408, #2781, #7472 ) ;
#4473 = CARTESIAN_POINT ( 'NONE',  ( -54.80006214822660127, 178.4072776309219250, 0.09537443890167186800 ) ) ;
#4474 = ADVANCED_FACE ( 'NONE', ( #2475, #742 ), #1991, .F. ) ;
#4475 = CARTESIAN_POINT ( 'NONE',  ( -116.4047478753435882, 133.2490075116149058, 11.63703494020661466 ) ) ;
#4476 = CARTESIAN_POINT ( 'NONE',  ( -50.70426229248225525, 177.6442891273958367, 4.506125194002473577 ) ) ;
#4477 = AXIS2_PLACEMENT_3D ( 'NONE', #7181, #4449, #6043 ) ;
#4478 = CARTESIAN_POINT ( 'NONE',  ( 33.69933719888776125, 111.1808613678919926, 12.10092999382638546 ) ) ;
#4479 = CARTESIAN_POINT ( 'NONE',  ( -50.84383239252196773, 177.6613041250332401, 10.27053608096793802 ) ) ;
#4480 = EDGE_LOOP ( 'NONE', ( #7396, #142, #4341, #5651 ) ) ;
#4481 = CARTESIAN_POINT ( 'NONE',  ( -113.7162231483087425, 151.7332316093692555, 11.63703494020661999 ) ) ;
#4482 = ORIENTED_EDGE ( 'NONE', *, *, #2678, .T. ) ;
#4483 = CARTESIAN_POINT ( 'NONE',  ( -101.3697790300376766, 113.8520379313937383, 11.75582722527728308 ) ) ;
#4484 =( BOUNDED_CURVE ( )  B_SPLINE_CURVE ( 3, ( #7351, #4304, #1449, #892 ),
 .UNSPECIFIED., .F., .F. ) 
 B_SPLINE_CURVE_WITH_KNOTS ( ( 4, 4 ),
 ( 6.195740437860258965, 6.285437436566373215 ),
 .UNSPECIFIED. ) 
 CURVE ( )  GEOMETRIC_REPRESENTATION_ITEM ( )  RATIONAL_B_SPLINE_CURVE ( ( 1.000000000000000000, 0.9993296497410935064, 0.9993296497410935064, 1.000000000000000000 ) ) 
 REPRESENTATION_ITEM ( '' )  );
#4485 = CARTESIAN_POINT ( 'NONE',  ( -102.7320194304752050, 167.2586916956395839, 1.637034940206620881 ) ) ;
#4486 = EDGE_CURVE ( 'NONE', #6622, #6906, #5971, .T. ) ;
#4487 = CARTESIAN_POINT ( 'NONE',  ( -78.69774788465822724, 105.7549556661191446, 2.560097286703861386 ) ) ;
#4488 = FACE_BOUND ( 'NONE', #4723, .T. ) ;
#4489 = CARTESIAN_POINT ( 'NONE',  ( 52.04914618952638250, 112.2752627345841745, 1.637037857816041830 ) ) ;
#4490 = CARTESIAN_POINT ( 'NONE',  ( -55.99470822435971940, 178.3415716275623026, 2.593196626649828751 ) ) ;
#4491 = CARTESIAN_POINT ( 'NONE',  ( 51.96979992163900874, 169.6673338718964033, 11.63703494020662177 ) ) ;
#4492 = CARTESIAN_POINT ( 'NONE',  ( -117.1231093747699390, 147.2686508633468918, 11.63703494020754192 ) ) ;
#4493 = CARTESIAN_POINT ( 'NONE',  ( 52.99749097973869993, 111.6568673788694070, 9.724448169894154503 ) ) ;
#4494 = VERTEX_POINT ( 'NONE', #6024 ) ;
#4495 = CARTESIAN_POINT ( 'NONE',  ( 41.03006537505755347, 61.14858328252864794, 9.724448169888544768 ) ) ;
#4496 = CARTESIAN_POINT ( 'NONE',  ( 52.53917231956310019, 113.2401508907281169, 11.63703494020662355 ) ) ;
#4497 = CARTESIAN_POINT ( 'NONE',  ( -89.96185359400679715, 172.2060981853786075, 11.63703494020662355 ) ) ;
#4498 = ORIENTED_EDGE ( 'NONE', *, *, #4973, .F. ) ;
#4499 = DIRECTION ( 'NONE',  ( 0.8070651892099585112, 1.680041916439413817E-15, -0.5904623445788005354 ) ) ;
#4500 = CARTESIAN_POINT ( 'NONE',  ( -48.30583608034960719, 105.4749439615903412, 11.63703494020662177 ) ) ;
#4501 = CARTESIAN_POINT ( 'NONE',  ( -113.0521487266039600, 127.4762512159145729, 1.637034940206621103 ) ) ;
#4502 = CARTESIAN_POINT ( 'NONE',  ( -71.72284785048987032, 105.5727591557789538, 1.637034940206621103 ) ) ;
#4503 = CARTESIAN_POINT ( 'NONE',  ( -52.08076014570456636, 105.0432159395250267, 11.06664016164149444 ) ) ;
#4504 = CARTESIAN_POINT ( 'NONE',  ( -102.2528993296544826, 116.4335455052089117, 11.63703494020662177 ) ) ;
#4505 = EDGE_CURVE ( 'NONE', #5876, #2672, #5881, .T. ) ;
#4506 = DIRECTION ( 'NONE',  ( -1.000000000000000000, 0.000000000000000000, 0.000000000000000000 ) ) ;
#4507 = ORIENTED_EDGE ( 'NONE', *, *, #3278, .T. ) ;
#4508 = CARTESIAN_POINT ( 'NONE',  ( -70.86129430641659610, 176.2293676935857434, 5.637034940206621769 ) ) ;
#4509 = CARTESIAN_POINT ( 'NONE',  ( -56.67850443301563956, 177.5632052010237771, 1.637034940206620881 ) ) ;
#4510 = CARTESIAN_POINT ( 'NONE',  ( -54.24744375629204285, 178.3436781050323248, 0.4165248261576279254 ) ) ;
#4511 = CARTESIAN_POINT ( 'NONE',  ( -56.53559416105233026, 177.8996707777607753, 2.032642301712469290 ) ) ;
#4512 = CARTESIAN_POINT ( 'NONE',  ( -103.6787762344276871, 167.6395114649729692, 11.32735060932217941 ) ) ;
#4513 = CARTESIAN_POINT ( 'NONE',  ( -56.22541559551321910, 178.3588406725370703, 2.560097286697720076 ) ) ;
#4514 = CARTESIAN_POINT ( 'NONE',  ( -56.09064090460922358, 177.5084142378715057, 1.637034940206621103 ) ) ;
#4515 = VECTOR ( 'NONE', #6551, 1000.000000000000114 ) ;
#4516 = VERTEX_POINT ( 'NONE', #5344 ) ;
#4517 = CARTESIAN_POINT ( 'NONE',  ( -113.6012219417170286, 152.0094414198173922, 11.63703494020662177 ) ) ;
#4518 = ORIENTED_EDGE ( 'NONE', *, *, #2444, .F. ) ;
#4519 = CARTESIAN_POINT ( 'NONE',  ( -57.65581342724550495, 178.4724783834383857, 11.66709261553368293 ) ) ;
#4520 = ORIENTED_EDGE ( 'NONE', *, *, #7482, .F. ) ;
#4521 = ADVANCED_FACE ( 'NONE', ( #7087, #1918 ), #2592, .F. ) ;
#4522 = CARTESIAN_POINT ( 'NONE',  ( -79.69170412519957836, 176.0502289644541349, 1.637034940206620437 ) ) ;
#4523 = CARTESIAN_POINT ( 'NONE',  ( -48.24647624510348010, 105.5309855352252555, 10.30325524916240809 ) ) ;
#4524 = CARTESIAN_POINT ( 'NONE',  ( -57.20746715514805913, 104.4304633200713397, 4.506125194002859935 ) ) ;
#4525 = DIRECTION ( 'NONE',  ( 0.000000000000000000, -0.000000000000000000, 1.000000000000000000 ) ) ;
#4526 = CARTESIAN_POINT ( 'NONE',  ( -42.28227838937502270, 106.3294716580403190, 16.03252190554219325 ) ) ;
#4527 = CARTESIAN_POINT ( 'NONE',  ( 50.97093949156811732, 169.7509046305243885, 11.63703494020662355 ) ) ;
#4528 = CARTESIAN_POINT ( 'NONE',  ( -53.01621513571402744, 105.6116516453225245, 1.637034940206621103 ) ) ;
#4529 = AXIS2_PLACEMENT_3D ( 'NONE', #3769, #6306, #3850 ) ;
#4530 = CARTESIAN_POINT ( 'NONE',  ( -85.28195521178568583, 109.3611333951948410, 11.43703494025265144 ) ) ;
#4531 = ORIENTED_EDGE ( 'NONE', *, *, #5358, .T. ) ;
#4532 = CARTESIAN_POINT ( 'NONE',  ( -57.14399990337710022, 105.2780398309578658, 1.637034940206620437 ) ) ;
#4533 = CARTESIAN_POINT ( 'NONE',  ( 51.53462882214268603, 113.1551930928544181, 11.63703494020662355 ) ) ;
#4534 = CARTESIAN_POINT ( 'NONE',  ( -82.99047861560624995, 174.3145622531735341, 11.63703494020662355 ) ) ;
#4535 = ADVANCED_FACE ( 'NONE', ( #3144 ), #4199, .F. ) ;
#4536 = EDGE_LOOP ( 'NONE', ( #4350, #1327, #4590, #1957, #3985, #1377, #6215, #85, #2476 ) ) ;
#4537 = CARTESIAN_POINT ( 'NONE',  ( 51.55177581065293424, 171.4738590335804531, 2.584960641081389454 ) ) ;
#4538 = CARTESIAN_POINT ( 'NONE',  ( -102.1868394891285732, 166.3099418722663927, 11.50370160690397547 ) ) ;
#4539 = CARTESIAN_POINT ( 'NONE',  ( -108.3143834053947643, 120.7366420430276719, 1.637034940206620881 ) ) ;
#4540 = CARTESIAN_POINT ( 'NONE',  ( -57.22548711278681566, 105.2724037199782430, 1.637034940206620881 ) ) ;
#4541 = CARTESIAN_POINT ( 'NONE',  ( -101.2256215196004376, 169.0723176079292216, 11.06269378776337220 ) ) ;
#4542 = CARTESIAN_POINT ( 'NONE',  ( 11.16295360587364804, 174.0412752169361283, 1.637034940206621103 ) ) ;
#4543 = CARTESIAN_POINT ( 'NONE',  ( -50.68392667225800352, 177.9207801707731562, 2.633229638299538600 ) ) ;
#4544 = ORIENTED_EDGE ( 'NONE', *, *, #5863, .F. ) ;
#4545 = CARTESIAN_POINT ( 'NONE',  ( -49.82056039538763059, 177.5313930931565949, 10.30062829183568773 ) ) ;
#4546 = CARTESIAN_POINT ( 'NONE',  ( 47.49851898288198271, 171.7107232829701786, 11.63703494020662177 ) ) ;
#4547 = CARTESIAN_POINT ( 'NONE',  ( -57.20341181455420099, 178.4283773285802681, 4.519873525761685329 ) ) ;
#4548 = CARTESIAN_POINT ( 'NONE',  ( -111.8246075264118957, 123.8609118405895373, 11.63703494020661111 ) ) ;
#4549 = DIRECTION ( 'NONE',  ( -0.000000000000000000, -0.000000000000000000, -1.000000000000000000 ) ) ;
#4550 = CARTESIAN_POINT ( 'NONE',  ( 48.48191100638411655, 169.7227037899308471, 11.43703494025265499 ) ) ;
#4551 = CARTESIAN_POINT ( 'NONE',  ( -50.07599458348023092, 177.6165240802851599, 11.65550551853016792 ) ) ;
#4552 = ORIENTED_EDGE ( 'NONE', *, *, #2444, .T. ) ;
#4553 = CARTESIAN_POINT ( 'NONE',  ( 47.49851898573358255, 111.1485832831377820, 9.724448169894154503 ) ) ;
#4554 = ORIENTED_EDGE ( 'NONE', *, *, #3080, .T. ) ;
#4555 = CARTESIAN_POINT ( 'NONE',  ( -57.10006764771637933, 178.4360283482602938, 11.63775408543389922 ) ) ;
#4556 = CARTESIAN_POINT ( 'NONE',  ( -89.44578470847640972, 173.4045146348366586, 1.637034940206621103 ) ) ;
#4557 = ADVANCED_FACE ( 'NONE', ( #5456 ), #7423, .F. ) ;
#4558 = CARTESIAN_POINT ( 'NONE',  ( -56.51876268574772411, 178.3494123317534275, 10.77554656584813664 ) ) ;
#4559 = CARTESIAN_POINT ( 'NONE',  ( 48.04433384169503540, 170.8809378834656059, 1.637034940206620881 ) ) ;
#4560 = CARTESIAN_POINT ( 'NONE',  ( -49.63523716821217846, 105.3519169911707962, 9.937738447944894915 ) ) ;
#4561 = CARTESIAN_POINT ( 'NONE',  ( -104.1283673207008746, 116.6652494992407298, 1.637034940206620659 ) ) ;
#4562 = CARTESIAN_POINT ( 'NONE',  ( -4.306075503692739836, 165.4296532797131078, 4.187034940206620703 ) ) ;
#4563 = CARTESIAN_POINT ( 'NONE',  ( -50.73743151965337006, 177.0865876980804217, 1.637034940206621103 ) ) ;
#4564 = CARTESIAN_POINT ( 'NONE',  ( -115.6903067967432719, 138.5875511747742053, 11.43703494025265144 ) ) ;
#4565 = EDGE_CURVE ( 'NONE', #3135, #7438, #219, .T. ) ;
#4566 = CARTESIAN_POINT ( 'NONE',  ( -103.1500999633512237, 167.9862196051547869, 10.65231080614169201 ) ) ;
#4567 = EDGE_LOOP ( 'NONE', ( #6177, #3806, #3068, #22, #3495, #627 ) ) ;
#4568 = CARTESIAN_POINT ( 'NONE',  ( -57.06010567827675573, 105.2838386745953017, 1.637034940206617772 ) ) ;
#4569 = CARTESIAN_POINT ( 'NONE',  ( 46.47442040603072400, 112.8431371926296407, 11.63703494020662177 ) ) ;
#4570 = CARTESIAN_POINT ( 'NONE',  ( -90.87176240617964140, 171.8748593213424272, 11.63703494020661999 ) ) ;
#4571 = ORIENTED_EDGE ( 'NONE', *, *, #803, .F. ) ;
#4572 = EDGE_CURVE ( 'NONE', #7232, #5296, #6963, .T. ) ;
#4573 = DIRECTION ( 'NONE',  ( -1.000000000000000000, -1.856042520299446099E-15, 0.000000000000000000 ) ) ;
#4574 = DIRECTION ( 'NONE',  ( 0.000000000000000000, 0.000000000000000000, -1.000000000000000000 ) ) ;
#4575 = CARTESIAN_POINT ( 'NONE',  ( -78.48502053774774367, 106.5709008228775758, 1.637034940206621103 ) ) ;
#4576 = CARTESIAN_POINT ( 'NONE',  ( -99.31705566041866007, 170.0957774609271098, 11.82852206695223352 ) ) ;
#4577 = DIRECTION ( 'NONE',  ( 1.000000000000000000, 0.000000000000000000, 0.000000000000000000 ) ) ;
#4578 = CARTESIAN_POINT ( 'NONE',  ( -49.85071610495550232, 177.5396998533673525, 10.64159321006119363 ) ) ;
#4579 = FACE_OUTER_BOUND ( 'NONE', #460, .T. ) ;
#4580 = CARTESIAN_POINT ( 'NONE',  ( -56.13156424336853689, 178.3043041652562692, 5.208934379758078492 ) ) ;
#4581 = AXIS2_PLACEMENT_3D ( 'NONE', #4673, #5815, #1207 ) ;
#4582 = CARTESIAN_POINT ( 'NONE',  ( -82.40632156874465863, 108.3956246875421954, 11.63703494020662355 ) ) ;
#4583 = DIRECTION ( 'NONE',  ( -0.000000000000000000, -0.000000000000000000, -1.000000000000000000 ) ) ;
#4584 = CARTESIAN_POINT ( 'NONE',  ( 50.61223555993379364, 169.7803376868572229, 11.63703494020662710 ) ) ;
#4585 = CARTESIAN_POINT ( 'NONE',  ( 52.74412225075164429, 170.9085049544945036, 2.082398912917772904 ) ) ;
#4586 = ORIENTED_EDGE ( 'NONE', *, *, #5765, .F. ) ;
#4587 = FACE_OUTER_BOUND ( 'NONE', #3358, .T. ) ;
#4588 = VERTEX_POINT ( 'NONE', #2057 ) ;
#4589 = CARTESIAN_POINT ( 'NONE',  ( -99.31705565804051616, 112.7635290915038411, 11.82852206779368487 ) ) ;
#4590 = ORIENTED_EDGE ( 'NONE', *, *, #4012, .T. ) ;
#4591 = CARTESIAN_POINT ( 'NONE',  ( -84.12346324612958881, 175.0200473936389756, 1.637034940206620881 ) ) ;
#4592 = CARTESIAN_POINT ( 'NONE',  ( -49.14408540450162377, 105.3608062032219692, 11.69890827930200139 ) ) ;
#4593 = CARTESIAN_POINT ( 'NONE',  ( 47.99392449654985882, 157.4296532817331808, 5.637034940206621769 ) ) ;
#4594 = CARTESIAN_POINT ( 'NONE',  ( 49.64279261839610768, 170.7961257079245456, 1.637034940206621325 ) ) ;
#4595 = CARTESIAN_POINT ( 'NONE',  ( -49.59422953991621341, 105.3571684369131987, 10.20385294613941340 ) ) ;
#4596 = CARTESIAN_POINT ( 'NONE',  ( -108.4157901473131744, 120.8532373468171244, 1.637034940206620659 ) ) ;
#4597 = CARTESIAN_POINT ( 'NONE',  ( -4.306075501600788336, 117.4296532794404158, 4.187034940206620703 ) ) ;
#4598 = CARTESIAN_POINT ( 'NONE',  ( 44.94555193603530086, 112.9730532922199444, 5.637034940206621769 ) ) ;
#4599 = CARTESIAN_POINT ( 'NONE',  ( -113.7676524241242788, 131.7358030737557328, 11.43703494025265144 ) ) ;
#4600 = CIRCLE ( 'NONE', #6290, 2.510899745533007099 ) ;
#4601 = CARTESIAN_POINT ( 'NONE',  ( -72.87411438787371765, 106.8535577743967337, 11.43703494025265144 ) ) ;
#4602 = EDGE_LOOP ( 'NONE', ( #3353, #5229, #5821, #6257 ) ) ;
#4603 = CARTESIAN_POINT ( 'NONE',  ( -58.06712060492404248, 105.2185216709090270, 1.637034940206620659 ) ) ;
#4604 = CARTESIAN_POINT ( 'NONE',  ( 47.52211593829238012, 112.8895925970859224, 11.63703494020662177 ) ) ;
#4605 = CARTESIAN_POINT ( 'NONE',  ( 41.03006537034899281, 111.1485832825286479, 9.724448169888624705 ) ) ;
#4606 = ORIENTED_EDGE ( 'NONE', *, *, #803, .T. ) ;
#4607 = CARTESIAN_POINT ( 'NONE',  ( -116.4258104638171716, 146.2222947045448507, 1.637034940206620881 ) ) ;
#4608 = CARTESIAN_POINT ( 'NONE',  ( -102.1536018092125886, 166.2521516777257773, 11.43703494025323231 ) ) ;
#4609 = FACE_OUTER_BOUND ( 'NONE', #4602, .T. ) ;
#4610 = CARTESIAN_POINT ( 'NONE',  ( -56.82089846048635451, 105.3003850866030717, 1.637034940206621103 ) ) ;
#4611 = CARTESIAN_POINT ( 'NONE',  ( 44.95539236201849320, 170.0860110418518047, 11.63703494020662177 ) ) ;
#4612 = CARTESIAN_POINT ( 'NONE',  ( -97.53160206103096641, 168.9827973308305502, 11.63703494020662532 ) ) ;
#4613 = CARTESIAN_POINT ( 'NONE',  ( -96.12972154696234384, 113.4094098485779512, 11.43703494025265321 ) ) ;
#4614 = FACE_OUTER_BOUND ( 'NONE', #2394, .T. ) ;
#4615 = CARTESIAN_POINT ( 'NONE',  ( 52.65783226182031740, 112.3333594583132395, 1.637034940206620881 ) ) ;
#4616 = EDGE_CURVE ( 'NONE', #6906, #5708, #2948, .T. ) ;
#4617 = CARTESIAN_POINT ( 'NONE',  ( -54.47748719668598483, 178.3701949530761226, 0.2823610032929089741 ) ) ;
#4618 = CARTESIAN_POINT ( 'NONE',  ( -116.7988269695320582, 134.5967562407280127, 11.63703494020661466 ) ) ;
#4619 = CARTESIAN_POINT ( 'NONE',  ( -102.7318717667293271, 167.2587765514648197, 1.637034940206621103 ) ) ;
#4620 = CARTESIAN_POINT ( 'NONE',  ( 50.96516618887412875, 169.7516622255496372, 11.63703494020662355 ) ) ;
#4621 = CARTESIAN_POINT ( 'NONE',  ( -57.07717118062903694, 178.4138738809841982, 11.42300439833304360 ) ) ;
#4622 = VERTEX_POINT ( 'NONE', #1040 ) ;
#4623 = CARTESIAN_POINT ( 'NONE',  ( -57.16196842469464201, 104.4356905470942820, 10.83214780339477201 ) ) ;
#4624 = VERTEX_POINT ( 'NONE', #5603 ) ;
#4625 = CARTESIAN_POINT ( 'NONE',  ( -112.9876073881650171, 157.2302365908244326, 2.560097286703177488 ) ) ;
#4626 = ORIENTED_EDGE ( 'NONE', *, *, #457, .F. ) ;
#4627 = DIRECTION ( 'NONE',  ( -0.000000000000000000, -0.000000000000000000, -1.000000000000000000 ) ) ;
#4628 = CARTESIAN_POINT ( 'NONE',  ( -89.92459363031245800, 173.2385584073854545, 1.637034940206620215 ) ) ;
#4629 = CARTESIAN_POINT ( 'NONE',  ( -51.87766222457553056, 177.7911084790585790, 10.35829478089409861 ) ) ;
#4630 = AXIS2_PLACEMENT_3D ( 'NONE', #1103, #3389, #2478 ) ;
#4631 = CARTESIAN_POINT ( 'NONE',  ( 49.21577018391374025, 170.8245250840400900, 1.637034940206621103 ) ) ;
#4632 = CARTESIAN_POINT ( 'NONE',  ( 46.97717692031700665, 141.4296532814580303, 5.637034940206621769 ) ) ;
#4633 = CARTESIAN_POINT ( 'NONE',  ( -114.6262405042119639, 130.8098612760243498, 1.637034940206621547 ) ) ;
#4634 = CARTESIAN_POINT ( 'NONE',  ( -103.1501000946062305, 167.9862195296924483, 10.65228218016531159 ) ) ;
#4635 = VERTEX_POINT ( 'NONE', #5320 ) ;
#4636 = CARTESIAN_POINT ( 'NONE',  ( 53.00248534341162809, 113.4794431813445499, 5.637034940206621769 ) ) ;
#4637 = PRODUCT_DEFINITION_SHAPE ( 'NONE', 'NONE',  #1428 ) ;
#4638 = CARTESIAN_POINT ( 'NONE',  ( -62.41083118521987672, 177.7738623615816209, 1.637034940206621103 ) ) ;
#4639 = CARTESIAN_POINT ( 'NONE',  ( 48.76980440707840359, 112.0103375618574688, 1.637034940206621769 ) ) ;
#4640 = CARTESIAN_POINT ( 'NONE',  ( -88.07053551701207539, 110.1943311322327901, 11.43703494025265144 ) ) ;
#4641 = ORIENTED_EDGE ( 'NONE', *, *, #6851, .F. ) ;
#4642 = CARTESIAN_POINT ( 'NONE',  ( -70.57182658315899459, 105.4533326115081877, 1.637034940206621547 ) ) ;
#4643 = CARTESIAN_POINT ( 'NONE',  ( 45.99689455755500944, 112.8219574164274093, 11.63703494020662355 ) ) ;
#4644 = CARTESIAN_POINT ( 'NONE',  ( -108.5608281303952936, 122.8294300301531337, 11.43703494025265499 ) ) ;
#4645 = B_SPLINE_CURVE_WITH_KNOTS ( 'NONE', 3,
 ( #5362, #1934, #5469, #307, #7217, #4322, #7103, #6530, #798, #3577, #3009, #5325, #3084, #2456, #4750, #7373 ),
 .UNSPECIFIED., .F., .F.,
 ( 4, 2, 2, 2, 2, 2, 2, 4 ),
 ( 0.1031651308609310841, 0.1250000000000000000, 0.2500000000000000000, 0.3750000000000000000, 0.5000000000000000000, 0.6250000000000000000, 0.7500000000000000000, 0.7545966208781825779 ),
 .UNSPECIFIED. ) ;
#4646 = AXIS2_PLACEMENT_3D ( 'NONE', #404, #1535, #480 ) ;
#4647 = ADVANCED_FACE ( 'NONE', ( #932, #4960 ), #6445, .F. ) ;
#4648 = CARTESIAN_POINT ( 'NONE',  ( 33.38379548674961939, 171.8961611111834031, 9.848384269907848321 ) ) ;
#4649 = CARTESIAN_POINT ( 'NONE',  ( 51.66143400600312674, 169.4901787698686633, 11.43703494025265144 ) ) ;
#4650 = CARTESIAN_POINT ( 'NONE',  ( -101.2946779865499565, 169.0342543688879857, 11.40936841883888953 ) ) ;
#4651 = CARTESIAN_POINT ( 'NONE',  ( -90.64571880191807907, 171.9568139272956273, 11.63703494020662355 ) ) ;
#4652 = CARTESIAN_POINT ( 'NONE',  ( -93.90896528491097683, 112.4141268455777549, 11.43703494025265144 ) ) ;
#4653 = ORIENTED_EDGE ( 'NONE', *, *, #158, .F. ) ;
#4654 = B_SPLINE_CURVE_WITH_KNOTS ( 'NONE', 3,
 ( #6854, #2136, #6207, #4424 ),
 .UNSPECIFIED., .F., .F.,
 ( 4, 4 ),
 ( 7.757919228897728493E-18, 0.009862575537225477806 ),
 .UNSPECIFIED. ) ;
#4655 = ADVANCED_FACE ( 'NONE', ( #3218 ), #3110, .F. ) ;
#4656 = CARTESIAN_POINT ( 'NONE',  ( -49.22915798026723877, 177.4552872647182085, 10.22623999137020157 ) ) ;
#4657 = CARTESIAN_POINT ( 'NONE',  ( 52.39120356853700144, 111.4656408024877123, 2.593459821375130314 ) ) ;
#4658 = CARTESIAN_POINT ( 'NONE',  ( -102.4917272059931008, 166.1043249141412446, 11.50370160690397370 ) ) ;
#4659 = CARTESIAN_POINT ( 'NONE',  ( -116.1044026144874550, 132.3421746192410922, 11.63703494020662355 ) ) ;
#4660 = CARTESIAN_POINT ( 'NONE',  ( -62.64644762303986170, 106.0451545807550957, 11.63703494020662355 ) ) ;
#4661 = CARTESIAN_POINT ( 'NONE',  ( -68.91009507525920696, 110.4938693838374490, 1.637034940206619327 ) ) ;
#4662 = CARTESIAN_POINT ( 'NONE',  ( 48.84607748643497160, 169.9027191625444573, 11.63703494020661999 ) ) ;
#4663 = CARTESIAN_POINT ( 'NONE',  ( -62.01674808729497101, 104.2428362433895046, 11.18322233542571986 ) ) ;
#4664 = VERTEX_POINT ( 'NONE', #550 ) ;
#4665 = CARTESIAN_POINT ( 'NONE',  ( 44.94555193603530796, 112.9730532922199586, 5.637034940206621769 ) ) ;
#4666 = ORIENTED_EDGE ( 'NONE', *, *, #3354, .F. ) ;
#4667 = CARTESIAN_POINT ( 'NONE',  ( -96.48438977602316413, 170.5665958182233339, 1.637034940206621103 ) ) ;
#4668 = CARTESIAN_POINT ( 'NONE',  ( -50.70176161796754144, 105.2165905436521456, 2.301164738934478482 ) ) ;
#4669 = EDGE_LOOP ( 'NONE', ( #5105, #4507, #5840, #2377 ) ) ;
#4670 = CARTESIAN_POINT ( 'NONE',  ( -78.35288620380134716, 177.1644434995043866, 2.560097286703860942 ) ) ;
#4671 = DIRECTION ( 'NONE',  ( 0.000000000000000000, 0.000000000000000000, -1.000000000000000000 ) ) ;
#4672 = CARTESIAN_POINT ( 'NONE',  ( 47.28645221534099363, 170.9084021014936354, 1.637034940206621103 ) ) ;
#4673 = CARTESIAN_POINT ( 'NONE',  ( 23.84392449805661229, 117.4296532796704469, 5.637034940206621769 ) ) ;
#4674 = CARTESIAN_POINT ( 'NONE',  ( -114.8538271873060523, 131.3805079980357391, 1.637034940206619993 ) ) ;
#4675 = CARTESIAN_POINT ( 'NONE',  ( -45.24530764548595840, 176.9526537583911932, 11.63703494020662177 ) ) ;
#4676 = VERTEX_POINT ( 'NONE', #3005 ) ;
#4677 = EDGE_CURVE ( 'NONE', #43, #43, #7176, .T. ) ;
#4678 = EDGE_LOOP ( 'NONE', ( #2625 ) ) ;
#4679 = CARTESIAN_POINT ( 'NONE',  ( -55.82966056845771163, 105.3689412940816510, 1.637034940206620881 ) ) ;
#4680 = CARTESIAN_POINT ( 'NONE',  ( 45.28290681729443889, 112.7891955107128297, 11.63703494020662532 ) ) ;
#4681 = CARTESIAN_POINT ( 'NONE',  ( -114.4185442700383675, 133.6261887280872998, 11.43703494025264966 ) ) ;
#4682 = ORIENTED_EDGE ( 'NONE', *, *, #1939, .T. ) ;
#4683 = FACE_OUTER_BOUND ( 'NONE', #3404, .T. ) ;
#4684 = CARTESIAN_POINT ( 'NONE',  ( -100.4958603134576691, 169.4704982275502800, 11.27244490566970470 ) ) ;
#4685 = CARTESIAN_POINT ( 'NONE',  ( -100.2280693989646068, 167.5663668441331993, 11.63703494020662355 ) ) ;
#4686 = CARTESIAN_POINT ( 'NONE',  ( -81.64366603063220396, 108.4253584683609404, 11.43703494025265144 ) ) ;
#4687 = ORIENTED_EDGE ( 'NONE', *, *, #5163, .F. ) ;
#4688 = CARTESIAN_POINT ( 'NONE',  ( -56.83495253259049207, 104.4748666400320616, 4.751479658993937427 ) ) ;
#4689 = CARTESIAN_POINT ( 'NONE',  ( 47.13694318471236500, 111.1066395068525878, 2.586431627811259570 ) ) ;
#4690 = CARTESIAN_POINT ( 'NONE',  ( 48.30638442047104064, 169.7346102815965025, 5.637034940206621769 ) ) ;
#4691 = ADVANCED_FACE ( 'NONE', ( #3403 ), #873, .F. ) ;
#4692 = EDGE_CURVE ( 'NONE', #5717, #5501, #5419, .T. ) ;
#4693 = CARTESIAN_POINT ( 'NONE',  ( 50.32140332269950278, 169.6145656673077440, 5.637034940206621769 ) ) ;
#4694 = CARTESIAN_POINT ( 'NONE',  ( 52.46475141880814874, 169.6254181715572997, 11.63703494020662177 ) ) ;
#4695 = CARTESIAN_POINT ( 'NONE',  ( -61.97657229026103920, 104.2306726764414861, 11.88868846839307380 ) ) ;
#4696 = ORIENTED_EDGE ( 'NONE', *, *, #5042, .T. ) ;
#4697 = CARTESIAN_POINT ( 'NONE',  ( 1.843924498056662031, 125.4296532796704611, 1.637034940206621103 ) ) ;
#4698 = ORIENTED_EDGE ( 'NONE', *, *, #3686, .T. ) ;
#4699 = CARTESIAN_POINT ( 'NONE',  ( -100.4958603109898547, 113.3888083247135654, 11.27244490574876856 ) ) ;
#4700 = VERTEX_POINT ( 'NONE', #4543 ) ;
#4701 = CARTESIAN_POINT ( 'NONE',  ( -57.12659977281848001, 177.5800610249908402, 1.637034940206621769 ) ) ;
#4702 = EDGE_CURVE ( 'NONE', #253, #6902, #3788, .T. ) ;
#4703 = CARTESIAN_POINT ( 'NONE',  ( 51.55553267899796310, 170.6310375720288732, 1.637034940206620881 ) ) ;
#4704 = CARTESIAN_POINT ( 'NONE',  ( 46.98700925126422590, 111.1017432512926888, 2.587937970595569848 ) ) ;
#4705 = CARTESIAN_POINT ( 'NONE',  ( -109.5016764993743834, 122.1469576037265483, 1.637034940206620881 ) ) ;
#4706 = CARTESIAN_POINT ( 'NONE',  ( 55.37209737564523238, 112.2243729548088282, 11.63703494020662177 ) ) ;
#4707 = CARTESIAN_POINT ( 'NONE',  ( -113.3060755034500318, 141.4296532796704469, 4.187034940206631362 ) ) ;
#4708 = CARTESIAN_POINT ( 'NONE',  ( 55.14464154583500743, 170.9123772612868493, 7.073863574170374591 ) ) ;
#4709 = EDGE_CURVE ( 'NONE', #6702, #1231, #5793, .T. ) ;
#4710 = ORIENTED_EDGE ( 'NONE', *, *, #5251, .F. ) ;
#4711 = CARTESIAN_POINT ( 'NONE',  ( -91.46183238800958293, 110.1794753423221493, 1.637034940206620659 ) ) ;
#4712 = CARTESIAN_POINT ( 'NONE',  ( 46.99907426499189711, 112.8662123361049083, 11.63703494020662532 ) ) ;
#4713 = CARTESIAN_POINT ( 'NONE',  ( -112.2900244864260202, 128.5172979944086080, 11.43703494025265321 ) ) ;
#4714 = VECTOR ( 'NONE', #5241, 1000.000000000000000 ) ;
#4715 = CARTESIAN_POINT ( 'NONE',  ( -100.9017544441577314, 118.7837337803544813, 5.637034940206621769 ) ) ;
#4716 = ORIENTED_EDGE ( 'NONE', *, *, #6362, .F. ) ;
#4717 =( BOUNDED_CURVE ( )  B_SPLINE_CURVE ( 3, ( #2801, #5209, #2311, #4493 ),
 .UNSPECIFIED., .F., .F. ) 
 B_SPLINE_CURVE_WITH_KNOTS ( ( 4, 4 ),
 ( 6.219133354515268941, 6.403474687990168945 ),
 .UNSPECIFIED. ) 
 CURVE ( )  GEOMETRIC_REPRESENTATION_ITEM ( )  RATIONAL_B_SPLINE_CURVE ( ( 1.000000000000000000, 0.9971701936179144798, 0.9971701936179144798, 1.000000000000000000 ) ) 
 REPRESENTATION_ITEM ( '' )  );
#4718 = CARTESIAN_POINT ( 'NONE',  ( -113.3344415706005748, 154.8414072244791271, 1.637034940206620437 ) ) ;
#4719 = CARTESIAN_POINT ( 'NONE',  ( -56.09057465074451443, 105.3508958984171358, 1.637034940206621103 ) ) ;
#4720 = CARTESIAN_POINT ( 'NONE',  ( 0.9262662395268199678, 120.8884824089679171, 1.709500081288469753 ) ) ;
#4721 = CARTESIAN_POINT ( 'NONE',  ( -100.3645955779042112, 167.4911201171707376, 11.63703494020662355 ) ) ;
#4722 = CARTESIAN_POINT ( 'NONE',  ( -88.43933316010941326, 110.3402017039186944, 11.43703494025265321 ) ) ;
#4723 = EDGE_LOOP ( 'NONE', ( #6704 ) ) ;
#4724 = CARTESIAN_POINT ( 'NONE',  ( 53.77193693960271048, 111.5951488253221839, 2.606922505194456452 ) ) ;
#4725 = DIRECTION ( 'NONE',  ( 1.000000000000000000, 0.000000000000000000, 0.000000000000000000 ) ) ;
#4726 = CARTESIAN_POINT ( 'NONE',  ( 33.65864848538718945, 171.7217239132802433, 11.63703494020662177 ) ) ;
#4727 = B_SPLINE_CURVE_WITH_KNOTS ( 'NONE', 3,
 ( #5004, #6752, #1689, #6252 ),
 .UNSPECIFIED., .F., .F.,
 ( 4, 4 ),
 ( 6.973502068242024545E-17, 0.0006471678650315684355 ),
 .UNSPECIFIED. ) ;
#4728 = CARTESIAN_POINT ( 'NONE',  ( 52.03628989667038951, 313.8422321448011303, 5.637034940206621769 ) ) ;
#4729 = CARTESIAN_POINT ( 'NONE',  ( -49.54675778278627263, 105.3632476792659673, 10.16303945335418923 ) ) ;
#4730 = CARTESIAN_POINT ( 'NONE',  ( -58.07357399820414656, 104.3775838481776219, 10.89352325958910228 ) ) ;
#4731 = EDGE_LOOP ( 'NONE', ( #3967 ) ) ;
#4732 = CARTESIAN_POINT ( 'NONE',  ( -111.8246075280663661, 158.9983947105148161, 2.560097286703860942 ) ) ;
#4733 = ORIENTED_EDGE ( 'NONE', *, *, #2310, .T. ) ;
#4734 = CARTESIAN_POINT ( 'NONE',  ( -103.1500999608503832, 114.8730869467664490, 10.65231080614169201 ) ) ;
#4735 = CARTESIAN_POINT ( 'NONE',  ( -109.3990760400528188, 162.1747754646139867, 11.63703494020662177 ) ) ;
#4736 = EDGE_LOOP ( 'NONE', ( #6478, #1771, #3894, #3913, #4869 ) ) ;
#4737 = CARTESIAN_POINT ( 'NONE',  ( -91.64869985400835617, 173.5063709592052703, 2.560097286703860497 ) ) ;
#4738 = CARTESIAN_POINT ( 'NONE',  ( -57.16202362561167405, 104.4356842052091849, 10.83625534709164562 ) ) ;
#4739 = B_SPLINE_SURFACE_WITH_KNOTS ( 'NONE', 3, 1, ( 
 ( #76, #6983 ),
 ( #2091, #4166 ),
 ( #749, #3569 ),
 ( #3631, #4955 ),
 ( #5885, #2970 ),
 ( #2481, #3597 ),
 ( #4241, #1272 ),
 ( #186, #259 ),
 ( #5387, #3531 ),
 ( #7055, #5954 ),
 ( #3669, #5990 ),
 ( #1850, #1238 ),
 ( #7019, #1961 ),
 ( #7093, #786 ),
 ( #4380, #6481 ),
 ( #2553, #4775 ) ),
 .UNSPECIFIED., .F., .F., .F.,
 ( 4, 2, 2, 2, 2, 2, 2, 4 ),
 ( 2, 2 ),
 ( 0.000000000000000000, 0.2500000000000003886, 0.3125000000000002776, 0.3750000000000001110, 0.5000000000000002220, 0.6250000000000003331, 0.7500000000000003331, 1.000000000000000000 ),
 ( 0.000000000000000000, 1.000000000000000000 ),
 .UNSPECIFIED. ) ;
#4740 = CARTESIAN_POINT ( 'NONE',  ( -56.05089005430737359, 104.5125364564386246, 2.592772047037426919 ) ) ;
#4741 = CARTESIAN_POINT ( 'NONE',  ( -46.77532489614697653, 177.1702794976308155, 11.63703494020662177 ) ) ;
#4742 = FACE_OUTER_BOUND ( 'NONE', #6515, .T. ) ;
#4743 = EDGE_CURVE ( 'NONE', #3821, #2178, #5716, .T. ) ;
#4744 = CARTESIAN_POINT ( 'NONE',  ( -107.7231396926207907, 161.0332539540763719, 11.43703494025264966 ) ) ;
#4745 = CARTESIAN_POINT ( 'NONE',  ( -48.14999999999998437, 141.4296532796704469, 4.187034940206631362 ) ) ;
#4746 = CARTESIAN_POINT ( 'NONE',  ( 47.30727309033857608, 111.9516141957306132, 1.637034940206621103 ) ) ;
#4747 = CARTESIAN_POINT ( 'NONE',  ( 51.49185328055996536, 112.2222404187129428, 1.637034940206621103 ) ) ;
#4748 = AXIS2_PLACEMENT_3D ( 'NONE', #663, #3551, #2956 ) ;
#4749 = CARTESIAN_POINT ( 'NONE',  ( -49.06024526743564707, 104.9960249290571568, 2.560097286703862274 ) ) ;
#4750 = CARTESIAN_POINT ( 'NONE',  ( -68.98320384931247418, 178.3776219591597112, 11.63703494020659690 ) ) ;
#4751 = CARTESIAN_POINT ( 'NONE',  ( -116.0725348417248455, 140.9554457501958780, 11.63703494020662177 ) ) ;
#4752 = CARTESIAN_POINT ( 'NONE',  ( -57.35625686866855233, 105.2634532504302172, 1.637034940206621103 ) ) ;
#4753 = AXIS2_PLACEMENT_3D ( 'NONE', #3862, #4917, #4506 ) ;
#4754 = DIRECTION ( 'NONE',  ( 1.000000000000000000, 0.000000000000000000, 0.000000000000000000 ) ) ;
#4755 = CARTESIAN_POINT ( 'NONE',  ( -110.0698435236828487, 159.9909706634395263, 1.637034940206621103 ) ) ;
#4756 = B_SPLINE_CURVE_WITH_KNOTS ( 'NONE', 3,
 ( #4821, #157, #1897, #7101, #5396, #6563, #232, #2454, #4747, #6001, #7065, #6490, #3044, #6528, #1819, #198, #4104, #1355, #2525, #6417, #3640, #7140, #5961, #1247, #3539, #6160, #5031, #5554, #1177, #6733, #2696, #428, #3853, #4989, #7344, #577, #7, #4639, #6917, #6953, #3465, #2168, #7306, #4459, #5174, #1780, #2309, #5780, #613, #4071, #6378, #795, #2563, #6453, #4746, #4139, #3575, #3678, #5960, #231, #4783, #1280, #266, #758, #832, #4176, #6489, #1389, #2491, #1354, #4854, #3081 ),
 .UNSPECIFIED., .F., .F.,
 ( 4, 1, 1, 2, 2, 1, 1, 1, 1, 2, 2, 1, 1, 1, 1, 2, 2, 1, 1, 1, 2, 2, 1, 1, 1, 2, 2, 1, 1, 1, 1, 1, 2, 2, 1, 1, 1, 1, 1, 2, 2, 1, 1, 1, 2, 2, 1, 1, 1, 2, 2, 4 ),
 ( 0.000000000000000000, 0.06249999999980376808, 0.07812499999975242027, 0.08203124999974065190, 0.08398437499973422649, 0.08593749999972781495, 0.09374999999971134201, 0.1093749999996815464, 0.1171874999996666417, 0.1210937499996595224, 0.1249999999996523892, 0.1874999999995690392, 0.2187499999995270727, 0.2343749999995060618, 0.2421874999994974298, 0.2460937499994930999, 0.2499999999994887978, 0.3124999999994385047, 0.3437499999994146904, 0.3593749999994045874, 0.3671874999993994804, 0.3749999999993943733, 0.4374999999993683386, 0.4687499999993552935, 0.4843749999993487987, 0.4921874999993473554, 0.4999999999993458566, 0.5624999999993423039, 0.5937499999993390842, 0.6093749999993389732, 0.6171874999993404165, 0.6210937499993426369, 0.6230468749993453015, 0.6249999999993479660, 0.6874999999994272359, 0.7187499999994670929, 0.7343749999994884092, 0.7421874999994977351, 0.7460937499995021760, 0.7480468749995043964, 0.7499999999995066169, 0.7812499999995561328, 0.7968749999995824451, 0.8046874999995941025, 0.8085937499996014299, 0.8124999999996086464, 0.8437499999996695976, 0.8593749999997017941, 0.8671874999997178923, 0.8710937499997275513, 0.8749999999997373212, 1.000000000000000000 ),
 .UNSPECIFIED. ) ;
#4757 = CARTESIAN_POINT ( 'NONE',  ( -82.90755630548343902, 176.2130599779237059, 2.560097286703864938 ) ) ;
#4758 = DIRECTION ( 'NONE',  ( -0.8037352821316071649, 0.1029265134035255574, -0.5860168334573843119 ) ) ;
#4759 = CARTESIAN_POINT ( 'NONE',  ( -98.83425982019255684, 114.5374237973839087, 11.63703494020661999 ) ) ;
#4760 = ORIENTED_EDGE ( 'NONE', *, *, #2367, .T. ) ;
#4761 = CARTESIAN_POINT ( 'NONE',  ( 49.71321381565799413, 112.0678913390706697, 1.637034940206620659 ) ) ;
#4762 = CARTESIAN_POINT ( 'NONE',  ( -51.01182345844890165, 105.1771739417200706, 10.28506299916002575 ) ) ;
#4763 = AXIS2_PLACEMENT_3D ( 'NONE', #5726, #3948, #7325 ) ;
#4764 = CARTESIAN_POINT ( 'NONE',  ( -68.98320384584754095, 104.4816845959801270, 11.63703494020664309 ) ) ;
#4765 = DIRECTION ( 'NONE',  ( -1.000000000000000000, 0.000000000000000000, 0.000000000000000000 ) ) ;
#4766 = AXIS2_PLACEMENT_3D ( 'NONE', #118, #2348, #610 ) ;
#4767 = CARTESIAN_POINT ( 'NONE',  ( -113.7512663626729221, 151.1217940277467449, 11.43703494025265144 ) ) ;
#4768 = CARTESIAN_POINT ( 'NONE',  ( -103.1479069234837027, 167.9968116473519615, 11.30906273347345703 ) ) ;
#4769 = ORIENTED_EDGE ( 'NONE', *, *, #3599, .F. ) ;
#4770 = CARTESIAN_POINT ( 'NONE',  ( 42.91987964527857002, 171.0794358336407868, 1.637034940206621103 ) ) ;
#4771 = EDGE_LOOP ( 'NONE', ( #5176, #339, #5415 ) ) ;
#4772 = CARTESIAN_POINT ( 'NONE',  ( -54.72915491490593354, 104.6902465718076343, 11.63703494020662177 ) ) ;
#4773 = EDGE_LOOP ( 'NONE', ( #4159 ) ) ;
#4774 = CARTESIAN_POINT ( 'NONE',  ( -56.93695865300939118, 177.5669484493379855, 1.637034940206621325 ) ) ;
#4775 = CARTESIAN_POINT ( 'NONE',  ( -115.8731206951982244, 140.9707427485300002, 11.43703494025265144 ) ) ;
#4776 = CARTESIAN_POINT ( 'NONE',  ( 56.52045935372606777, 112.3099431302911171, 10.46175339441352747 ) ) ;
#4777 = CARTESIAN_POINT ( 'NONE',  ( -107.9547191861390161, 121.7867942941053059, 11.63703494020662532 ) ) ;
#4778 = FACE_BOUND ( 'NONE', #4384, .T. ) ;
#4779 = CARTESIAN_POINT ( 'NONE',  ( -69.47557787566448440, 176.3331183012738563, 11.43703494025265144 ) ) ;
#4780 = CARTESIAN_POINT ( 'NONE',  ( -112.8118163277728598, 153.2841543668110091, 11.43703494025264966 ) ) ;
#4781 = CARTESIAN_POINT ( 'NONE',  ( -101.1805212168571586, 168.1378815943205893, 1.637034940206620881 ) ) ;
#4782 = CARTESIAN_POINT ( 'NONE',  ( 49.11118823419992196, 112.9723440237169143, 11.63703494020662177 ) ) ;
#4783 = CARTESIAN_POINT ( 'NONE',  ( 46.92741665387095651, 111.9388754217101507, 1.637034940206620659 ) ) ;
#4784 = ADVANCED_FACE ( 'NONE', ( #2920 ), #3183, .F. ) ;
#4785 = ADVANCED_FACE ( 'NONE', ( #5148, #55 ), #7465, .F. ) ;
#4786 = B_SPLINE_CURVE_WITH_KNOTS ( 'NONE', 3,
 ( #6009, #6684, #7337, #1434 ),
 .UNSPECIFIED., .F., .F.,
 ( 4, 4 ),
 ( 0.000000000000000000, 0.1951893700370166129 ),
 .UNSPECIFIED. ) ;
#4787 = CARTESIAN_POINT ( 'NONE',  ( -54.42946096087280239, 104.6246780828186047, 2.560097286703862274 ) ) ;
#4788 = CARTESIAN_POINT ( 'NONE',  ( -49.71434125204680754, 177.5175196514196045, 10.19755101330354918 ) ) ;
#4789 = CARTESIAN_POINT ( 'NONE',  ( -115.9806373991536645, 139.7574431216222877, 11.63703494020661644 ) ) ;
#4790 = CARTESIAN_POINT ( 'NONE',  ( -87.77650130013662988, 108.9055871482525646, 1.637034940206621325 ) ) ;
#4791 = ADVANCED_FACE ( 'NONE', ( #5186 ), #4192, .T. ) ;
#4792 = CARTESIAN_POINT ( 'NONE',  ( -81.07771995962065148, 175.7538617773186331, 1.637034940206621103 ) ) ;
#4793 = CARTESIAN_POINT ( 'NONE',  ( -108.3140054706177580, 162.1216919937460830, 1.637034940206621325 ) ) ;
#4794 = CARTESIAN_POINT ( 'NONE',  ( -65.14367367240703288, 178.6016371839712065, 2.560097286703860942 ) ) ;
#4795 = CARTESIAN_POINT ( 'NONE',  ( -103.1419086849193860, 114.8683855220392900, 11.14771492856983315 ) ) ;
#4796 = CARTESIAN_POINT ( 'NONE',  ( -80.25703110280137764, 107.9101996311298279, 11.63703494020662532 ) ) ;
#4797 = CARTESIAN_POINT ( 'NONE',  ( -73.86370168781166967, 176.0635967696480861, 11.63703494020661999 ) ) ;
#4798 = CARTESIAN_POINT ( 'NONE',  ( -97.96737690921668218, 114.0885490274018252, 11.63703494020662355 ) ) ;
#4799 = ORIENTED_EDGE ( 'NONE', *, *, #3211, .F. ) ;
#4800 = CARTESIAN_POINT ( 'NONE',  ( 46.37025851949633193, 112.8386717939265083, 11.63703494020661999 ) ) ;
#4801 = CARTESIAN_POINT ( 'NONE',  ( 44.94555193335573051, 169.8862532736475828, 11.43703494025265144 ) ) ;
#4802 = EDGE_CURVE ( 'NONE', #3219, #5030, #1826, .T. ) ;
#4803 = CARTESIAN_POINT ( 'NONE',  ( -96.09739477889210946, 111.1656332282146025, 11.63703494020664841 ) ) ;
#4804 = CARTESIAN_POINT ( 'NONE',  ( 46.28982035666435024, 169.8241487729794983, 5.637034940206621769 ) ) ;
#4805 = CARTESIAN_POINT ( 'NONE',  ( -108.3793086878664269, 160.2597734723973701, 5.637034940206621769 ) ) ;
#4806 = CARTESIAN_POINT ( 'NONE',  ( -57.24541124102406542, 104.4299594673675102, 10.83032100355654848 ) ) ;
#4807 = ORIENTED_EDGE ( 'NONE', *, *, #5567, .T. ) ;
#4808 = CARTESIAN_POINT ( 'NONE',  ( -115.8731207112463437, 141.8885635935511118, 11.43703494025329093 ) ) ;
#4809 = EDGE_LOOP ( 'NONE', ( #603 ) ) ;
#4810 = CARTESIAN_POINT ( 'NONE',  ( -90.74543468772327515, 171.7139544102471689, 5.637034940206621769 ) ) ;
#4811 = DIRECTION ( 'NONE',  ( 1.000000000000000000, 9.417104279404143412E-11, 0.000000000000000000 ) ) ;
#4812 = CARTESIAN_POINT ( 'NONE',  ( -84.33751779443713303, 175.8314555317307963, 2.560097286703860942 ) ) ;
#4813 = DIRECTION ( 'NONE',  ( 1.127052365009616077E-16, -1.574532445896519190E-16, 1.000000000000000000 ) ) ;
#4814 = FACE_OUTER_BOUND ( 'NONE', #2176, .T. ) ;
#4815 = CARTESIAN_POINT ( 'NONE',  ( -110.0695491917570052, 159.9913281520472310, 1.637034940206620881 ) ) ;
#4816 = CARTESIAN_POINT ( 'NONE',  ( -108.6274650715053269, 119.8295498368716920, 2.560097286703860497 ) ) ;
#4817 = CARTESIAN_POINT ( 'NONE',  ( -49.35066118542287228, 105.3883933695697124, 10.13044248534281699 ) ) ;
#4818 = CARTESIAN_POINT ( 'NONE',  ( 52.94993597387885131, 113.2744379048588428, 11.63703494020661999 ) ) ;
#4819 = CARTESIAN_POINT ( 'NONE',  ( -57.85765229265625464, 177.6283940070424023, 1.637034940206621103 ) ) ;
#4820 = CARTESIAN_POINT ( 'NONE',  ( 44.94555193335573051, 169.8862532736476112, 5.637034940206621769 ) ) ;
#4821 = CARTESIAN_POINT ( 'NONE',  ( 52.04914618952638250, 112.2752627345841745, 1.637037857816041830 ) ) ;
#4822 = CIRCLE ( 'NONE', #1821, 2.149999999999998135 ) ;
#4823 = CARTESIAN_POINT ( 'NONE',  ( -96.40522341606227030, 112.2622193949064240, 1.637034940206621103 ) ) ;
#4824 = CARTESIAN_POINT ( 'NONE',  ( 53.00248534341163520, 113.4794431813445641, 11.43703494020697775 ) ) ;
#4825 = CARTESIAN_POINT ( 'NONE',  ( -108.5287110181826478, 122.4721699083515318, 11.63703494020662355 ) ) ;
#4826 = CARTESIAN_POINT ( 'NONE',  ( -100.6189065666468565, 114.4107725510916822, 1.637034940206620881 ) ) ;
#4827 = CARTESIAN_POINT ( 'NONE',  ( 46.69467982760112790, 170.0064849627893864, 11.63703494020662355 ) ) ;
#4828 = CIRCLE ( 'NONE', #7380, 3.671800081683093797 ) ;
#4829 = CARTESIAN_POINT ( 'NONE',  ( -112.9011666405661032, 155.6505443965187681, 1.637034940206620881 ) ) ;
#4830 = CARTESIAN_POINT ( 'NONE',  ( -96.09739478174209637, 171.6936733243707920, 2.560097286703868935 ) ) ;
#4831 = CIRCLE ( 'NONE', #381, 4.699999999999995737 ) ;
#4832 = CARTESIAN_POINT ( 'NONE',  ( -68.46307511387679767, 106.2486511225068853, 11.63703494020662532 ) ) ;
#4833 = CARTESIAN_POINT ( 'NONE',  ( 42.81160654540845201, 112.8520758448432133, 5.637034940206621769 ) ) ;
#4834 = CARTESIAN_POINT ( 'NONE',  ( -76.62794843076075324, 107.4156288989980226, 11.43703494025265499 ) ) ;
#4835 = ORIENTED_EDGE ( 'NONE', *, *, #5410, .T. ) ;
#4836 = CARTESIAN_POINT ( 'NONE',  ( 53.33055135113070833, 113.5064300138964626, 11.43703494020663847 ) ) ;
#4837 = CARTESIAN_POINT ( 'NONE',  ( -113.4544417435496939, 156.3864950944033581, 11.58907779635822521 ) ) ;
#4838 = CARTESIAN_POINT ( 'NONE',  ( 1.843924496549957714, 157.4296532796704469, 5.637034940206621769 ) ) ;
#4839 = CARTESIAN_POINT ( 'NONE',  ( -109.4759170257318459, 158.8474562153934073, 5.637034940206621769 ) ) ;
#4840 = FACE_OUTER_BOUND ( 'NONE', #1769, .T. ) ;
#4841 = ORIENTED_EDGE ( 'NONE', *, *, #5899, .T. ) ;
#4842 = EDGE_CURVE ( 'NONE', #5087, #5125, #2356, .T. ) ;
#4843 = CARTESIAN_POINT ( 'NONE',  ( -59.11972493581730248, 104.3002898460073169, 10.97590450310206478 ) ) ;
#4844 = EDGE_LOOP ( 'NONE', ( #2120 ) ) ;
#4845 = CARTESIAN_POINT ( 'NONE',  ( -84.25369677023390125, 173.8028130502590614, 5.637034940206621769 ) ) ;
#4846 = CARTESIAN_POINT ( 'NONE',  ( -101.8996422039730732, 168.7140161055532133, 11.63703494020662177 ) ) ;
#4847 = B_SPLINE_CURVE_WITH_KNOTS ( 'NONE', 3,
 ( #3108, #7164, #6097, #3867 ),
 .UNSPECIFIED., .F., .F.,
 ( 4, 4 ),
 ( 1.143063005298697302E-14, 0.004256173663453747050 ),
 .UNSPECIFIED. ) ;
#4848 = CARTESIAN_POINT ( 'NONE',  ( 54.76562624507698018, 112.0004873592525882, 9.731173834470711270 ) ) ;
#4849 = CARTESIAN_POINT ( 'NONE',  ( -49.59422953991621341, 105.3571684369131987, 10.20385294613941340 ) ) ;
#4850 = CARTESIAN_POINT ( 'NONE',  ( -113.1203981076332070, 155.2454709292439929, 1.637034940206620881 ) ) ;
#4851 = DIRECTION ( 'NONE',  ( -1.000000000000000000, 0.000000000000000000, 0.000000000000000000 ) ) ;
#4852 = CARTESIAN_POINT ( 'NONE',  ( -112.2895660808310794, 154.3429476035941548, 11.43703494025265321 ) ) ;
#4853 = CARTESIAN_POINT ( 'NONE',  ( -66.96580464959492929, 178.5279989524648272, 11.82282373375958429 ) ) ;
#4854 = CARTESIAN_POINT ( 'NONE',  ( 45.94090438786342645, 111.9060778871371298, 1.637034940206621103 ) ) ;
#4855 = CARTESIAN_POINT ( 'NONE',  ( -98.93321335676428419, 114.5953292928615639, 11.63703494020662355 ) ) ;
#4856 = CARTESIAN_POINT ( 'NONE',  ( -102.7320194280428609, 115.6006148563210161, 1.637034940206620881 ) ) ;
#4857 = CARTESIAN_POINT ( 'NONE',  ( -45.45715933819986532, 176.9664975718113169, 9.694372363505461720 ) ) ;
#4858 = CARTESIAN_POINT ( 'NONE',  ( -113.5979890067782776, 130.8396649044541107, 11.63703494020662532 ) ) ;
#4859 = CARTESIAN_POINT ( 'NONE',  ( -101.3993945667056522, 114.8439953971051608, 1.637034940206621103 ) ) ;
#4860 = CARTESIAN_POINT ( 'NONE',  ( 46.46980777974906829, 170.0163724623291444, 11.63703494020661822 ) ) ;
#4861 = CARTESIAN_POINT ( 'NONE',  ( -69.96155621789105794, 177.4592453376824324, 1.637034940206621103 ) ) ;
#4862 = CARTESIAN_POINT ( 'NONE',  ( -57.17713588516104295, 104.4181027886975954, 11.63703510122566698 ) ) ;
#4863 = CIRCLE ( 'NONE', #1622, 2.149999999999999023 ) ;
#4864 = CARTESIAN_POINT ( 'NONE',  ( -57.16194067137063684, 104.4356937355991306, 4.543879449389075731 ) ) ;
#4866 = CARTESIAN_POINT ( 'NONE',  ( -69.24788793502963813, 176.5522103806510188, 11.63703494020661644 ) ) ;
#4865 = AXIS2_PLACEMENT_3D ( 'NONE', #2393, #1756, #4577 ) ;
#4867 = CARTESIAN_POINT ( 'NONE',  ( -78.93525010340277959, 175.2206679427187339, 11.63703494020662177 ) ) ;
#4868 = CARTESIAN_POINT ( 'NONE',  ( -67.01556969541903186, 106.1539857412182215, 11.63703494020661999 ) ) ;
#4869 = ORIENTED_EDGE ( 'NONE', *, *, #2283, .T. ) ;
#4870 = CARTESIAN_POINT ( 'NONE',  ( -110.6160673657787044, 160.6848556162701982, 11.86039070344393842 ) ) ;
#4871 = ADVANCED_FACE ( 'NONE', ( #4219 ), #239, .F. ) ;
#4872 = B_SPLINE_CURVE_WITH_KNOTS ( 'NONE', 3,
 ( #1276, #5319, #5171, #6913, #4035, #1459 ),
 .UNSPECIFIED., .F., .F.,
 ( 4, 2, 4 ),
 ( 0.03464051819342572197, 0.04054553165704347095, 0.04645054512066124769 ),
 .UNSPECIFIED. ) ;
#4873 = CARTESIAN_POINT ( 'NONE',  ( -106.2116371809959929, 163.0739493105469933, 11.63703494020662710 ) ) ;
#4874 = CARTESIAN_POINT ( 'NONE',  ( 49.23794449431318299, 171.6637899789008372, 2.569295959889429160 ) ) ;
#4875 = ADVANCED_FACE ( 'NONE', ( #2461 ), #3953, .F. ) ;
#4876 = CARTESIAN_POINT ( 'NONE',  ( -115.2370695760948536, 146.5970569938038466, 5.637034940206621769 ) ) ;
#4877 = CARTESIAN_POINT ( 'NONE',  ( -103.1528581924117702, 168.0126162897819881, 11.63703494020662177 ) ) ;
#4878 = ORIENTED_EDGE ( 'NONE', *, *, #3000, .T. ) ;
#4879 = CARTESIAN_POINT ( 'NONE',  ( -117.1252639189278284, 147.2558769092078990, 11.55250212428734180 ) ) ;
#4880 = EDGE_LOOP ( 'NONE', ( #5653, #7243, #1748, #6540, #4733, #957, #894, #2292, #290, #5417, #3391, #6295, #4027, #4039, #6094, #2108 ) ) ;
#4881 = CARTESIAN_POINT ( 'NONE',  ( -84.25369677023390125, 173.8028130502590614, 11.43703494025265144 ) ) ;
#4882 = CARTESIAN_POINT ( 'NONE',  ( -102.7318717731353388, 115.6005299851155286, 1.637034940206621103 ) ) ;
#4883 = CARTESIAN_POINT ( 'NONE',  ( -56.62620844471822323, 178.3865603934128501, 2.560097286703861386 ) ) ;
#4884 = CIRCLE ( 'NONE', #1043, 2.149999999999985256 ) ;
#4885 = CARTESIAN_POINT ( 'NONE',  ( -103.1501000946062305, 167.9862195296924483, 2.560097286697728958 ) ) ;
#4886 = CARTESIAN_POINT ( 'NONE',  ( -106.3568392155540465, 120.0298221445099074, 11.63703494020662355 ) ) ;
#4887 = CARTESIAN_POINT ( 'NONE',  ( 51.45270314592144700, 111.3760738297391555, 2.583957365301036813 ) ) ;
#4888 = CARTESIAN_POINT ( 'NONE',  ( -115.4028519417059613, 130.4920255437848482, 2.560097286703861386 ) ) ;
#4889 = CARTESIAN_POINT ( 'NONE',  ( -104.2922842042437281, 164.5390821389543135, 11.43703494025265144 ) ) ;
#4890 = CARTESIAN_POINT ( 'NONE',  ( -100.2695971500596386, 168.6384189595735847, 1.637034940206621325 ) ) ;
#4891 = CARTESIAN_POINT ( 'NONE',  ( 53.12638554381700118, 113.2889586921760952, 11.63703494020662177 ) ) ;
#4892 = CARTESIAN_POINT ( 'NONE',  ( -57.33867500558344688, 177.5946501651645519, 1.637034940206621103 ) ) ;
#4893 = CARTESIAN_POINT ( 'NONE',  ( 37.97433835667589364, 171.7107232829701786, 10.36319697387079763 ) ) ;
#4894 = CARTESIAN_POINT ( 'NONE',  ( -98.17880153915942287, 114.2041105063476749, 11.63703494020662355 ) ) ;
#4895 = EDGE_CURVE ( 'NONE', #6550, #3367, #4786, .T. ) ;
#4896 = B_SPLINE_CURVE_WITH_KNOTS ( 'NONE', 3,
 ( #119, #4134, #6451, #4174, #3637, #1277, #2451, #6487, #1309, #4781, #792, #5393, #4890, #5428, #3793, #2560, #2226, #6793, #6827, #1617, #2294, #6333, #2718, #109, #4667, #6403, #4296, #2405, #1440, #3653, #34, #244, #848, #4986, #4416, #995, #1032, #3323, #5479, #318, #2048, #5180, #6959, #1747, #1672, #3472, #723, #1317, #841, #4218, #6423, #4792, #5441, #276, #5969, #1937, #5861, #3762, #6683, #1433, #2609, #3315, #5020, #6115, #4408, #4861, #420, #2161, #6192, #6606, #6227, #2834, #2905, #1138, #4037, #4638, #7378, #3536, #4211, #3677, #1856, #5890, #6526, #1311, #230, #4819, #5321, #757, #4892, #7212, #4318, #2152, #4930, #2069, #2562, #412, #2001, #6634, #4441, #5999, #3116, #1462, #5128, #7367, #4028, #2296, #6336 ),
 .UNSPECIFIED., .F., .F.,
 ( 4, 1, 1, 1, 1, 2, 2, 1, 1, 1, 1, 2, 2, 1, 1, 1, 2, 2, 2, 2, 2, 2, 2, 1, 1, 1, 2, 2, 1, 1, 1, 2, 2, 1, 1, 1, 1, 2, 2, 1, 1, 1, 2, 2, 1, 1, 1, 2, 2, 1, 1, 1, 2, 2, 1, 2, 2, 2, 2, 1, 1, 1, 1, 1, 2, 2, 1, 1, 1, 1, 1, 2, 2, 4 ),
 ( 0.000000000000000000, 0.01562500000008043219, 0.02343750000012064655, 0.02734375000014075546, 0.02929687500015041440, 0.03027343750015524387, 0.03125000000016007334, 0.04687500000023893387, 0.05468750000027878394, 0.05859375000029870550, 0.06054687500030869751, 0.06152343750031370045, 0.06250000000031868952, 0.09375000000046980475, 0.1093750000005449807, 0.1171875000005825618, 0.1210937500006017548, 0.1250000000006209477, 0.1875000000009356960, 0.2187500000010934309, 0.2343750000011715628, 0.2421875000012102264, 0.2500000000012488899, 0.2812500000014013235, 0.2968750000014768742, 0.3046875000015150103, 0.3085937500015334400, 0.3125000000015518142, 0.3437500000016979751, 0.3593750000017714719, 0.3671875000018081647, 0.3710937500018269275, 0.3750000000018456903, 0.4375000000021480040, 0.4687500000022998270, 0.4843750000023753222, 0.4921875000024135138, 0.4960937500024329982, 0.5000000000024524827, 0.5625000000027587932, 0.5937500000029115599, 0.6093750000029882763, 0.6171875000030271341, 0.6250000000030658809, 0.6875000000033756331, 0.7187500000035309533, 0.7343750000036090020, 0.7421875000036479708, 0.7500000000036869396, 0.8125000000040015768, 0.8437500000041593395, 0.8593750000042382764, 0.8671875000042781334, 0.8750000000043184345, 0.9062500000044809711, 0.9218750000045621285, 0.9375000000046431747, 0.9531250000047243320, 0.9687500000048053783, 0.9726562500048256954, 0.9746093750048361315, 0.9755859375048412385, 0.9760742187548437920, 0.9763183593798450133, 0.9764404296923454574, 0.9765625000048457904, 0.9804687500040427661, 0.9824218750036413095, 0.9833984375034405812, 0.9838867187533403280, 0.9841308593782901459, 0.9842529296907650549, 0.9843750000032399639, 1.000000000000000000 ),
 .UNSPECIFIED. ) ;
#4897 = CARTESIAN_POINT ( 'NONE',  ( -92.60352395064637676, 109.7184543456620816, 2.560097286703861386 ) ) ;
#4898 = CARTESIAN_POINT ( 'NONE',  ( 44.31842574175511373, 171.0101146516307438, 1.637034940206618217 ) ) ;
#4899 = CYLINDRICAL_SURFACE ( 'NONE', #3370, 2.149999999999992362 ) ;
#4900 = CARTESIAN_POINT ( 'NONE',  ( -88.13876424737468085, 109.0210941207630526, 1.637034940206620881 ) ) ;
#4901 = CARTESIAN_POINT ( 'NONE',  ( -7.033267097547953206, 109.6550285745852307, 5.637034940206621769 ) ) ;
#4902 = CARTESIAN_POINT ( 'NONE',  ( 48.58064212407591498, 169.9175443570669870, 11.63703494020662355 ) ) ;
#4903 = CARTESIAN_POINT ( 'NONE',  ( -57.16774246947608873, 104.4350271825868930, 11.10400750935334813 ) ) ;
#4904 = CARTESIAN_POINT ( 'NONE',  ( -110.1565843168717009, 161.2369738063869704, 2.560097286703860497 ) ) ;
#4905 = CARTESIAN_POINT ( 'NONE',  ( -113.5306440903865166, 151.6716346938084996, 5.637034940206621769 ) ) ;
#4906 = CARTESIAN_POINT ( 'NONE',  ( -81.52024464084429667, 174.4626749607076590, 11.43703494025265499 ) ) ;
#4907 = CARTESIAN_POINT ( 'NONE',  ( -69.85409984294028618, 176.5020742652197043, 11.63703494020661999 ) ) ;
#4908 = VERTEX_POINT ( 'NONE', #3719 ) ;
#4909 = B_SPLINE_CURVE_WITH_KNOTS ( 'NONE', 3,
 ( #1262, #1914, #4804, #737, #814, #4693, #2471, #3622 ),
 .UNSPECIFIED., .F., .F.,
 ( 4, 2, 2, 4 ),
 ( 0.000000000000000000, 0.2500000000000000000, 0.5000000000000000000, 1.000000000000000000 ),
 .UNSPECIFIED. ) ;
#4910 = CARTESIAN_POINT ( 'NONE',  ( -107.1894043402719490, 164.5586559698602116, 10.86718739669185574 ) ) ;
#4911 = CARTESIAN_POINT ( 'NONE',  ( -114.5524153184988165, 149.4850230786261420, 11.63703494020662177 ) ) ;
#4912 = CARTESIAN_POINT ( 'NONE',  ( 52.65638969351201837, 170.5260830119126183, 1.637034940206620881 ) ) ;
#4913 = B_SPLINE_CURVE_WITH_KNOTS ( 'NONE', 3,
 ( #2574, #4187, #5478, #208 ),
 .UNSPECIFIED., .F., .F.,
 ( 4, 4 ),
 ( 0.000000000000000000, 1.000000000000000000 ),
 .UNSPECIFIED. ) ;
#4914 = CARTESIAN_POINT ( 'NONE',  ( -89.90232406696227940, 110.8177728521295364, 11.43703494025265144 ) ) ;
#4915 = CARTESIAN_POINT ( 'NONE',  ( -57.33737458519483710, 104.4237339310474368, 10.83736306370080094 ) ) ;
#4916 = ORIENTED_EDGE ( 'NONE', *, *, #50, .F. ) ;
#4917 = DIRECTION ( 'NONE',  ( -0.000000000000000000, -0.000000000000000000, 1.000000000000000000 ) ) ;
#4918 = EDGE_LOOP ( 'NONE', ( #4418, #392, #6924, #1091, #3962 ) ) ;
#4919 = CARTESIAN_POINT ( 'NONE',  ( -76.63128880676634935, 175.4430943556919544, 11.43703494025265144 ) ) ;
#4920 = CARTESIAN_POINT ( 'NONE',  ( -101.3077347631220704, 166.7382377035385730, 5.637034940206621769 ) ) ;
#4921 = CARTESIAN_POINT ( 'NONE',  ( -102.7378911571472031, 168.2513683673334697, 11.63703494020662177 ) ) ;
#4922 = EDGE_CURVE ( 'NONE', #1910, #5348, #2828, .T. ) ;
#4923 = EDGE_CURVE ( 'NONE', #2729, #599, #5595, .T. ) ;
#4924 = DIRECTION ( 'NONE',  ( -1.127052365009616077E-16, 1.574532445896519190E-16, -1.000000000000000000 ) ) ;
#4925 = CARTESIAN_POINT ( 'NONE',  ( -114.6772639818070587, 133.7784737286014547, 11.63703494020662355 ) ) ;
#4926 = CARTESIAN_POINT ( 'NONE',  ( -115.2815209557566618, 150.3285062393822216, 1.637034940206621103 ) ) ;
#4927 = ORIENTED_EDGE ( 'NONE', *, *, #6039, .T. ) ;
#4928 = CARTESIAN_POINT ( 'NONE',  ( -114.0998837592042037, 150.7557095998476768, 11.63703494020661999 ) ) ;
#4929 = CARTESIAN_POINT ( 'NONE',  ( -58.04961173371471972, 178.4803456670856860, 11.29024230861997857 ) ) ;
#4930 = CARTESIAN_POINT ( 'NONE',  ( -57.23552342972838147, 177.5875961369170000, 1.637034940206620659 ) ) ;
#4931 = CARTESIAN_POINT ( 'NONE',  ( -56.62971098261769498, 104.4970920719674865, 4.884790607690521647 ) ) ;
#4932 = CARTESIAN_POINT ( 'NONE',  ( -88.90692937325869138, 110.2880006709962686, 11.63703494020661822 ) ) ;
#4933 = CARTESIAN_POINT ( 'NONE',  ( -57.08610363245399100, 104.4409399612171825, 2.560097286703860497 ) ) ;
#4934 = DIRECTION ( 'NONE',  ( -0.000000000000000000, -0.000000000000000000, -1.000000000000000000 ) ) ;
#4935 = CARTESIAN_POINT ( 'NONE',  ( -108.1475052911776089, 122.0132661448438540, 11.63703494020661999 ) ) ;
#4936 = CARTESIAN_POINT ( 'NONE',  ( -112.3013515538574012, 128.5052964212412689, 5.637034940206621769 ) ) ;
#4937 = CARTESIAN_POINT ( 'NONE',  ( 49.20355459078883342, 169.8812395776016331, 11.63703494020662177 ) ) ;
#4938 = ADVANCED_FACE ( 'NONE', ( #3129 ), #5442, .T. ) ;
#4939 = CARTESIAN_POINT ( 'NONE',  ( 54.86952756110969887, 170.8533826329783096, 8.336069658850238540 ) ) ;
#4940 = CARTESIAN_POINT ( 'NONE',  ( -104.6661392761794218, 166.8383110230094246, 2.560097286703860053 ) ) ;
#4941 = B_SPLINE_CURVE_WITH_KNOTS ( 'NONE', 3,
 ( #476, #5681, #3297, #362, #1646, #4387, #6708, #1080, #2776, #2744, #1532, #2707, #515, #3824, #967, #7354, #4471, #6784, #5263, #5758, #2287, #2815 ),
 .UNSPECIFIED., .F., .F.,
 ( 4, 2, 2, 2, 2, 2, 2, 2, 2, 2, 4 ),
 ( 0.000000000000000000, 0.2500000000000004441, 0.3750000000000003331, 0.4375000000000005551, 0.5000000000000008882, 0.6250000000000008882, 0.6875000000000008882, 0.7500000000000008882, 0.8750000000000000000, 0.9375000000000000000, 1.000000000000000000 ),
 .UNSPECIFIED. ) ;
#4942 = DIRECTION ( 'NONE',  ( -1.000000000000000000, 0.000000000000000000, 0.000000000000000000 ) ) ;
#4943 = CARTESIAN_POINT ( 'NONE',  ( 52.47522434330845442, 113.2347676901509175, 11.63703494020662710 ) ) ;
#4944 = AXIS2_PLACEMENT_3D ( 'NONE', #5332, #5829, #6315 ) ;
#4945 = CARTESIAN_POINT ( 'NONE',  ( -90.80207320292953455, 171.6873886743564697, 11.43703494025265144 ) ) ;
#4946 =( BOUNDED_SURFACE ( )  B_SPLINE_SURFACE ( 3, 2, ( 
 ( #6598, #7247, #7289 ),
 ( #4353, #3270, #2109 ),
 ( #7213, #303, #2033 ),
 ( #6717, #1422, #3229 ),
 ( #3309, #1544, #6635 ),
 ( #340, #941, #3834 ),
 ( #5616, #2153, #2637 ),
 ( #2002, #3192, #4931 ),
 ( #6143, #4284, #6673 ),
 ( #1499, #4442, #451 ),
 ( #7331, #5538, #2600 ),
 ( #372, #980, #6107 ),
 ( #3712, #4398, #3796 ),
 ( #4319, #3752, #3879 ),
 ( #2676, #5578, #6758 ),
 ( #1581, #4972, #413 ),
 ( #2720, #5010, #6183 ),
 ( #6034, #1019, #2753 ) ),
 .UNSPECIFIED., .F., .F., .F. ) 
 B_SPLINE_SURFACE_WITH_KNOTS ( ( 4, 2, 2, 2, 2, 2, 2, 2, 4 ),
 ( 3, 3 ),
 ( -1.374039204464494457E-09, 0.005135529793371529719, 0.007703295377076897245, 0.008987178168929580574, 0.009629119564855922672, 0.009789604913837509498, 0.009869847588328302043, 0.009950090262819094589, 0.01027106096078226477 ),
 ( 0.000000000000000000, 1.000000000000000000 ),
 .UNSPECIFIED. ) 
 GEOMETRIC_REPRESENTATION_ITEM ( )  RATIONAL_B_SPLINE_SURFACE ( (
 ( 1.000000000000000000, 0.9985485959852907767, 1.000000000000000000),
 ( 1.000000000000000000, 0.9985784775731405549, 1.000000000000000000),
 ( 1.000000000000000000, 0.9986100798259904820, 1.000000000000000000),
 ( 1.000000000000000000, 0.9986583429272187784, 1.000000000000000000),
 ( 1.000000000000000000, 0.9986744831532684552, 1.000000000000000000),
 ( 1.000000000000000000, 0.9986988893225476893, 1.000000000000000000),
 ( 1.000000000000000000, 0.9987070697895094051, 1.000000000000000000),
 ( 1.000000000000000000, 0.9987193865415965321, 1.000000000000000000),
 ( 1.000000000000000000, 0.9987234997839626871, 1.000000000000000000),
 ( 1.000000000000000000, 0.9987286485281359205, 1.000000000000000000),
 ( 1.000000000000000000, 0.9987296786361481438, 1.000000000000000000),
 ( 1.000000000000000000, 0.9987312242911934312, 1.000000000000000000),
 ( 1.000000000000000000, 0.9987317395917016949, 1.000000000000000000),
 ( 1.000000000000000000, 0.9987327703493675823, 1.000000000000000000),
 ( 1.000000000000000000, 0.9987324557044806594, 1.000000000000000000),
 ( 1.000000000000000000, 0.9987324557044806594, 1.000000000000000000),
 ( 1.000000000000000000, 0.9987324557044808815, 1.000000000000000000),
 ( 1.000000000000000000, 0.9987324557044808815, 1.000000000000000000) ) ) 
 REPRESENTATION_ITEM ( '' )  SURFACE ( )  );
#4947 = EDGE_CURVE ( 'NONE', #6067, #486, #745, .T. ) ;
#4948 = CARTESIAN_POINT ( 'NONE',  ( 47.63412386648445818, 113.0943847230862076, 11.43703494020664380 ) ) ;
#4949 = CARTESIAN_POINT ( 'NONE',  ( -80.97388457246553628, 108.0671274086205642, 11.63703494020661999 ) ) ;
#4950 = VERTEX_POINT ( 'NONE', #880 ) ;
#4951 = CARTESIAN_POINT ( 'NONE',  ( 51.65404812293226655, 113.3659410933860272, 11.43703494020664024 ) ) ;
#4952 = CARTESIAN_POINT ( 'NONE',  ( -116.6060125593509724, 149.2123333661909044, 12.15172086696094844 ) ) ;
#4953 = AXIS2_PLACEMENT_3D ( 'NONE', #2358, #3583, #5293 ) ;
#4954 = CARTESIAN_POINT ( 'NONE',  ( -111.9698166237844816, 155.3459969008561643, 11.63703494020662177 ) ) ;
#4955 = CARTESIAN_POINT ( 'NONE',  ( -108.0095698021243606, 122.1543898098365730, 11.43703494025265144 ) ) ;
#4956 = CARTESIAN_POINT ( 'NONE',  ( -109.1180642036091513, 159.3244475843625025, 11.43703494025265144 ) ) ;
#4957 = CARTESIAN_POINT ( 'NONE',  ( -56.37817502264428526, 104.4894986292777190, 11.97681451694115218 ) ) ;
#4958 = DIRECTION ( 'NONE',  ( 0.000000000000000000, 0.000000000000000000, 1.000000000000000000 ) ) ;
#4959 = ORIENTED_EDGE ( 'NONE', *, *, #1357, .F. ) ;
#4960 = FACE_OUTER_BOUND ( 'NONE', #2375, .T. ) ;
#4961 = ORIENTED_EDGE ( 'NONE', *, *, #5231, .F. ) ;
#4962 =( LENGTH_UNIT ( ) NAMED_UNIT ( * ) SI_UNIT ( .MILLI., .METRE. ) );
#4963 = CARTESIAN_POINT ( 'NONE',  ( -56.24692665850159301, 178.3603284252824892, 2.560097286703860942 ) ) ;
#4964 = CARTESIAN_POINT ( 'NONE',  ( -103.6843207554299511, 115.2333055043774976, 11.63703494020661111 ) ) ;
#4965 = CARTESIAN_POINT ( 'NONE',  ( -90.54820806910979059, 173.9356210554714721, 2.560097286697724517 ) ) ;
#4966 = DIRECTION ( 'NONE',  ( -1.000000000000000000, 0.000000000000000000, 0.000000000000000000 ) ) ;
#4967 = CARTESIAN_POINT ( 'NONE',  ( -116.4835949575592622, 145.9217733436110791, 1.637034940206621547 ) ) ;
#4968 = EDGE_LOOP ( 'NONE', ( #704 ) ) ;
#4969 = CARTESIAN_POINT ( 'NONE',  ( -113.8564751108605151, 151.3858488213995770, 11.63703494020661999 ) ) ;
#4970 = CARTESIAN_POINT ( 'NONE',  ( -57.11923380254827265, 178.4373371404786610, 11.63852837653998762 ) ) ;
#4971 = ORIENTED_EDGE ( 'NONE', *, *, #5667, .F. ) ;
#4972 = CARTESIAN_POINT ( 'NONE',  ( -56.06622969848757521, 104.5615770284378527, 2.271296601190929909 ) ) ;
#4973 = EDGE_CURVE ( 'NONE', #1296, #5269, #1455, .T. ) ;
#4974 = CARTESIAN_POINT ( 'NONE',  ( -101.5837991990035789, 113.9809476878073440, 2.560097286703861386 ) ) ;
#4975 = DIRECTION ( 'NONE',  ( -1.000000000000000000, 0.000000000000000000, 0.000000000000000000 ) ) ;
#4976 = CARTESIAN_POINT ( 'NONE',  ( -112.4675102598725687, 128.4250405298026294, 11.63703494020662355 ) ) ;
#4977 = CARTESIAN_POINT ( 'NONE',  ( -52.08498418023421550, 178.0172568973431169, 2.622610509536317913 ) ) ;
#4978 = CARTESIAN_POINT ( 'NONE',  ( -110.6134395148447140, 122.1990994898334435, 11.03335748071990352 ) ) ;
#4979 = CARTESIAN_POINT ( 'NONE',  ( 45.88666930766602547, 170.0423034938753517, 11.63703494020661999 ) ) ;
#4980 = DIRECTION ( 'NONE',  ( -0.000000000000000000, -0.000000000000000000, -1.000000000000000000 ) ) ;
#4981 = CARTESIAN_POINT ( 'NONE',  ( -116.8095113964346865, 148.2171867963520810, 2.560097286703860497 ) ) ;
#4982 = EDGE_LOOP ( 'NONE', ( #6662, #1340, #6424, #7234, #2252 ) ) ;
#4983 = CARTESIAN_POINT ( 'NONE',  ( -89.90232406696227940, 110.8177728521295364, 5.637034940206621769 ) ) ;
#4984 = CARTESIAN_POINT ( 'NONE',  ( 51.05350316760626583, 113.1151633461571606, 11.63703494020661999 ) ) ;
#4985 = CARTESIAN_POINT ( 'NONE',  ( -85.75354353260337348, 173.3573204972704502, 11.43703494025264966 ) ) ;
#4986 = CARTESIAN_POINT ( 'NONE',  ( -91.95350580247891514, 172.4914475541988566, 1.637034940206621103 ) ) ;
#4987 = CARTESIAN_POINT ( 'NONE',  ( -83.82356881538680682, 108.7590294159182918, 11.63703494020661999 ) ) ;
#4988 = ORIENTED_EDGE ( 'NONE', *, *, #5765, .T. ) ;
#4989 = CARTESIAN_POINT ( 'NONE',  ( 49.00434928733972839, 112.0228579193527594, 1.637034940206621103 ) ) ;
#4990 = CARTESIAN_POINT ( 'NONE',  ( -114.2625675582055464, 154.9072532252503436, 12.01102402269126834 ) ) ;
#4991 = CARTESIAN_POINT ( 'NONE',  ( -104.4775798858930784, 164.7179460588193933, 11.63703494020662355 ) ) ;
#4992 = CARTESIAN_POINT ( 'NONE',  ( -108.1117462920311567, 120.5092501246710981, 1.637034940206620881 ) ) ;
#4993 = CARTESIAN_POINT ( 'NONE',  ( 53.42679606946048665, 171.2958115320589627, 2.603636043995652738 ) ) ;
#4994 = FACE_BOUND ( 'NONE', #2020, .T. ) ;
#4995 = FACE_OUTER_BOUND ( 'NONE', #181, .T. ) ;
#4996 = ORIENTED_EDGE ( 'NONE', *, *, #3836, .F. ) ;
#4997 = CARTESIAN_POINT ( 'NONE',  ( -98.77811038646638053, 112.4813502137086942, 2.560096196074692632 ) ) ;
#4998 = AXIS2_PLACEMENT_3D ( 'NONE', #531, #2829, #2300 ) ;
#4999 = EDGE_LOOP ( 'NONE', ( #6092, #6885, #4769, #6023, #2280, #1554 ) ) ;
#5000 = CARTESIAN_POINT ( 'NONE',  ( 55.09566790222952193, 170.7463743090886510, 10.71292192653638153 ) ) ;
#5001 = CARTESIAN_POINT ( 'NONE',  ( -60.07419390497604894, 178.5727078010747562, 2.560097286703860497 ) ) ;
#5002 = CARTESIAN_POINT ( 'NONE',  ( -49.67624479990623598, 177.5126410115284727, 9.937738447946770748 ) ) ;
#5003 = CARTESIAN_POINT ( 'NONE',  ( -77.03990138582145164, 177.4197310446053848, 2.560097286697724517 ) ) ;
#5004 = CARTESIAN_POINT ( 'NONE',  ( -103.6843207554299511, 115.2333055043774976, 10.70729333794644234 ) ) ;
#5005 = ORIENTED_EDGE ( 'NONE', *, *, #4461, .T. ) ;
#5006 = CARTESIAN_POINT ( 'NONE',  ( -113.7728517326287232, 151.5945957260603620, 11.63703494020662710 ) ) ;
#5007 = ORIENTED_EDGE ( 'NONE', *, *, #2249, .T. ) ;
#5008 = CARTESIAN_POINT ( 'NONE',  ( -49.83808207885639519, 177.5860032120314713, 11.63703494020658269 ) ) ;
#5009 = B_SPLINE_CURVE_WITH_KNOTS ( 'NONE', 3,
 ( #52, #7036, #1866, #6427 ),
 .UNSPECIFIED., .F., .F.,
 ( 4, 4 ),
 ( 0.000000000000000000, 0.2046403357633359288 ),
 .UNSPECIFIED. ) ;
#5010 = CARTESIAN_POINT ( 'NONE',  ( -56.15838052817127846, 104.5509900668582333, 2.217954305633865530 ) ) ;
#5011 = CARTESIAN_POINT ( 'NONE',  ( -88.56359666247512052, 110.1723222049955808, 11.63703494020662177 ) ) ;
#5012 = AXIS2_PLACEMENT_3D ( 'NONE', #280, #4758, #2012 ) ;
#5013 = CARTESIAN_POINT ( 'NONE',  ( -71.54739910147287674, 104.7071141487597856, 2.560097286703861386 ) ) ;
#5014 = FACE_BOUND ( 'NONE', #122, .T. ) ;
#5015 = DIRECTION ( 'NONE',  ( 1.000000000000000000, 0.000000000000000000, 0.000000000000000000 ) ) ;
#5016 = CARTESIAN_POINT ( 'NONE',  ( -115.2369985377969357, 136.2639471587935702, 5.637034940206621769 ) ) ;
#5017 = CARTESIAN_POINT ( 'NONE',  ( -105.4896637138107565, 116.7115718177612251, 11.24370500176646814 ) ) ;
#5018 = CARTESIAN_POINT ( 'NONE',  ( 49.85552834097109098, 169.8371179576876102, 11.63703494020662177 ) ) ;
#5019 = EDGE_CURVE ( 'NONE', #36, #4588, #5512, .T. ) ;
#5020 = CARTESIAN_POINT ( 'NONE',  ( -74.35189694541038818, 176.9612090746735191, 1.637034940206620881 ) ) ;
#5021 = CARTESIAN_POINT ( 'NONE',  ( 53.51294883424308324, 171.1650868614937053, 5.009691177939239459 ) ) ;
#5022 = APPLICATION_CONTEXT ( 'automotive_design' ) ;
#5023 = CARTESIAN_POINT ( 'NONE',  ( -113.1742317200622949, 156.8738971528633215, 2.560097286703861830 ) ) ;
#5024 = VERTEX_POINT ( 'NONE', #3804 ) ;
#5025 = ADVANCED_FACE ( 'NONE', ( #6116 ), #7420, .T. ) ;
#5026 = CARTESIAN_POINT ( 'NONE',  ( -2.156075503692740813, 165.4296532797131078, 4.187034940206620703 ) ) ;
#5027 = EDGE_CURVE ( 'NONE', #5524, #3050, #1735, .T. ) ;
#5028 = CARTESIAN_POINT ( 'NONE',  ( 48.79469948203271912, 112.9536161808366472, 11.63703494020661999 ) ) ;
#5029 = CARTESIAN_POINT ( 'NONE',  ( -66.56115774516594286, 176.7238132117670375, 11.63703494020661999 ) ) ;
#5030 = VERTEX_POINT ( 'NONE', #7298 ) ;
#5031 = CARTESIAN_POINT ( 'NONE',  ( 49.78475086490979606, 112.0734688048819123, 1.637034940206620659 ) ) ;
#5032 = CARTESIAN_POINT ( 'NONE',  ( 50.12550222507458386, 171.6012310684103284, 2.571811853439898599 ) ) ;
#5033 = B_SPLINE_CURVE_WITH_KNOTS ( 'NONE', 3,
 ( #1693, #1542, #371, #2719 ),
 .UNSPECIFIED., .F., .F.,
 ( 4, 4 ),
 ( 0.000000000000000000, 1.000000000000000000 ),
 .UNSPECIFIED. ) ;
#5034 = CARTESIAN_POINT ( 'NONE',  ( -112.0431706417279116, 155.2143173349239760, 11.63703494020662532 ) ) ;
#5035 = CARTESIAN_POINT ( 'NONE',  ( -112.6013700443074725, 126.6796133482602755, 1.637034940206621103 ) ) ;
#5036 = CARTESIAN_POINT ( 'NONE',  ( 49.59197924503164501, 171.6411169354249751, 2.569279505793346186 ) ) ;
#5037 = CARTESIAN_POINT ( 'NONE',  ( -52.13733665003547202, 105.0361986431651644, 10.38095071385630774 ) ) ;
#5038 = CARTESIAN_POINT ( 'NONE',  ( 47.49851898290845043, 141.1485832831377820, 9.724448169894154503 ) ) ;
#5039 = CARTESIAN_POINT ( 'NONE',  ( 53.72263671744913438, 170.9642559831617064, 11.63703494020662177 ) ) ;
#5040 = CARTESIAN_POINT ( 'NONE',  ( -82.90755630220785122, 106.6462465759037741, 2.560096196074688191 ) ) ;
#5041 = ORIENTED_EDGE ( 'NONE', *, *, #3836, .T. ) ;
#5042 = EDGE_CURVE ( 'NONE', #2349, #2349, #4140, .T. ) ;
#5043 = CARTESIAN_POINT ( 'NONE',  ( 56.59732827721547466, 170.4847175286106733, 11.13536597731463829 ) ) ;
#5044 = CARTESIAN_POINT ( 'NONE',  ( -57.16202362561167405, 104.4356842052091849, 10.83625534709164562 ) ) ;
#5045 = CARTESIAN_POINT ( 'NONE',  ( -116.1880730167297457, 132.5838357649454053, 11.63703494020661466 ) ) ;
#5046 = CARTESIAN_POINT ( 'NONE',  ( -102.2848122848155583, 168.4834652504046062, 2.560097286697728958 ) ) ;
#5047 = CARTESIAN_POINT ( 'NONE',  ( 52.00679980469859487, 169.4634913311522837, 11.43703494025264966 ) ) ;
#5048 = CYLINDRICAL_SURFACE ( 'NONE', #4763, 30.00000000000000000 ) ;
#5049 = ORIENTED_EDGE ( 'NONE', *, *, #475, .F. ) ;
#5050 = CARTESIAN_POINT ( 'NONE',  ( -107.2785587361527746, 161.8376870054408130, 11.63703494020661999 ) ) ;
#5051 = ORIENTED_EDGE ( 'NONE', *, *, #4224, .F. ) ;
#5052 = CARTESIAN_POINT ( 'NONE',  ( -101.4714762774429460, 113.9230648172382558, 10.98368607213362580 ) ) ;
#5053 = ORIENTED_EDGE ( 'NONE', *, *, #1018, .T. ) ;
#5054 = CARTESIAN_POINT ( 'NONE',  ( 36.59063130444702239, 171.6801466670173966, 11.00121351373911871 ) ) ;
#5055 = CARTESIAN_POINT ( 'NONE',  ( -57.11411468129751512, 104.4390024836933293, 2.560097286703860497 ) ) ;
#5056 = FACE_BOUND ( 'NONE', #1919, .T. ) ;
#5057 = CARTESIAN_POINT ( 'NONE',  ( -114.8831685989107712, 129.2460403077963917, 11.31167907862848132 ) ) ;
#5058 = CARTESIAN_POINT ( 'NONE',  ( -47.11502729972625048, 105.6746556116088271, 11.87976952626765659 ) ) ;
#5059 = CARTESIAN_POINT ( 'NONE',  ( -113.4585529966197726, 126.4800689700454370, 11.20504744813848319 ) ) ;
#5060 = CARTESIAN_POINT ( 'NONE',  ( 49.70693612788159044, 169.8477107334537379, 11.63703494020662177 ) ) ;
#5061 = CARTESIAN_POINT ( 'NONE',  ( -50.73743151631027359, 105.7727188587756331, 1.637034940206621103 ) ) ;
#5062 = CARTESIAN_POINT ( 'NONE',  ( -81.50743843166789304, 108.3879512708729322, 11.43703494025265144 ) ) ;
#5063 = VERTEX_POINT ( 'NONE', #2871 ) ;
#5064 = CARTESIAN_POINT ( 'NONE',  ( -98.74731860305433884, 114.7177113415596921, 5.637034940206621769 ) ) ;
#5065 = CARTESIAN_POINT ( 'NONE',  ( 51.76969244224110867, 113.1750200208815755, 11.63703494020662177 ) ) ;
#5066 = CARTESIAN_POINT ( 'NONE',  ( -97.97230319745682436, 168.7681822503366220, 11.63703494020661999 ) ) ;
#5067 = CIRCLE ( 'NONE', #974, 4.699999999999999289 ) ;
#5068 = CARTESIAN_POINT ( 'NONE',  ( 48.61931792514774031, 171.6963436224707493, 2.572468192508286400 ) ) ;
#5069 = CARTESIAN_POINT ( 'NONE',  ( -46.64591086764687589, 177.1187479183762434, 10.48434952291128752 ) ) ;
#5070 = CARTESIAN_POINT ( 'NONE',  ( -109.3124415198843593, 121.9066696122915090, 1.637034940206620881 ) ) ;
#5071 = CARTESIAN_POINT ( 'NONE',  ( -61.90562279735586770, 105.0888385038671657, 1.637034940206621103 ) ) ;
#5072 = CARTESIAN_POINT ( 'NONE',  ( -56.65036870546867220, 104.4946994164863412, 10.78795836115592088 ) ) ;
#5073 = DIRECTION ( 'NONE',  ( 0.000000000000000000, -0.000000000000000000, -1.000000000000000000 ) ) ;
#5074 = CARTESIAN_POINT ( 'NONE',  ( -61.15058237955622644, 104.2364739601514003, 2.560096196074683750 ) ) ;
#5075 = EDGE_LOOP ( 'NONE', ( #590, #6654, #4682, #7285, #5051 ) ) ;
#5076 = CARTESIAN_POINT ( 'NONE',  ( -65.06841987206657052, 176.6690445864416290, 5.637034940206621769 ) ) ;
#5077 = CARTESIAN_POINT ( 'NONE',  ( 53.02205201978051718, 169.5118732371211365, 11.57020467716485079 ) ) ;
#5078 = VECTOR ( 'NONE', #4019, 1000.000000000000000 ) ;
#5079 = CARTESIAN_POINT ( 'NONE',  ( 55.14116334488551985, 170.6532550834467372, 11.73046305008203838 ) ) ;
#5080 = AXIS2_PLACEMENT_3D ( 'NONE', #5818, #2941, #81 ) ;
#5081 = CARTESIAN_POINT ( 'NONE',  ( -57.50305508615005579, 178.4628025397808813, 4.346422457129163419 ) ) ;
#5082 = CONICAL_SURFACE ( 'NONE', #1837, 4.700000000000002842, 0.7853981633974489451 ) ;
#5083 = CARTESIAN_POINT ( 'NONE',  ( -49.34890354594532624, 177.4706876679762786, 9.937738447946770748 ) ) ;
#5084 = CARTESIAN_POINT ( 'NONE',  ( -55.75715305584262893, 178.3264545984791880, 2.560097286697720076 ) ) ;
#5085 = CIRCLE ( 'NONE', #2800, 144.1305048128826343 ) ;
#5086 = CARTESIAN_POINT ( 'NONE',  ( -113.0101557779097448, 129.4807465872476087, 11.63703494020661999 ) ) ;
#5087 = VERTEX_POINT ( 'NONE', #5100 ) ;
#5088 = CARTESIAN_POINT ( 'NONE',  ( -106.7710222233433512, 162.3875884837594015, 11.63703494020661999 ) ) ;
#5089 = ORIENTED_EDGE ( 'NONE', *, *, #5136, .F. ) ;
#5090 = CARTESIAN_POINT ( 'NONE',  ( -57.33737458867935288, 178.4355726251881151, 10.83736306370768787 ) ) ;
#5091 = EDGE_LOOP ( 'NONE', ( #5254 ) ) ;
#5092 = CARTESIAN_POINT ( 'NONE',  ( -99.19171781449179548, 169.2198203001134118, 1.637034940206620881 ) ) ;
#5093 = EDGE_CURVE ( 'NONE', #3341, #3987, #6324, .T. ) ;
#5094 = FACE_OUTER_BOUND ( 'NONE', #3939, .T. ) ;
#5095 = CARTESIAN_POINT ( 'NONE',  ( -56.09064090460922358, 177.5084142378715057, 1.637034940206621103 ) ) ;
#5096 = CARTESIAN_POINT ( 'NONE',  ( -113.3211686683636259, 126.2126937938627691, 11.19502903592543674 ) ) ;
#5097 = CARTESIAN_POINT ( 'NONE',  ( -52.24912347199046536, 178.0292875448165262, 2.621369009113121429 ) ) ;
#5098 = CARTESIAN_POINT ( 'NONE',  ( -113.1758229954172350, 125.9901136624279019, 11.18614849229626529 ) ) ;
#5099 = CARTESIAN_POINT ( 'NONE',  ( -0.3060755019433369917, 125.4296532796704611, 4.187034940206620703 ) ) ;
#5100 = CARTESIAN_POINT ( 'NONE',  ( 1.136982888204359776, 120.7831240846411873, 1.637034940206621103 ) ) ;
#5101 = CARTESIAN_POINT ( 'NONE',  ( -76.73014646806120709, 107.4160833067483054, 5.637034940206621769 ) ) ;
#5102 = VERTEX_POINT ( 'NONE', #6916 ) ;
#5103 = CARTESIAN_POINT ( 'NONE',  ( -76.73014646806120709, 107.4160833067483054, 5.637034940206621769 ) ) ;
#5104 = CARTESIAN_POINT ( 'NONE',  ( -87.20561743019061396, 173.1320658475746939, 11.63703494020662355 ) ) ;
#5105 = ORIENTED_EDGE ( 'NONE', *, *, #3864, .T. ) ;
#5106 = B_SPLINE_CURVE_WITH_KNOTS ( 'NONE', 3,
 ( #1436, #3721, #3612, #5972, #2533, #278, #7150, #4864 ),
 .UNSPECIFIED., .F., .F.,
 ( 4, 2, 2, 4 ),
 ( 0.004405434316199414481, 0.004991003867714507818, 0.005576573419229602022, 0.006747712522259778287 ),
 .UNSPECIFIED. ) ;
#5107 = CARTESIAN_POINT ( 'NONE',  ( 52.71458957619827856, 171.3627516421272219, 2.596696971125295406 ) ) ;
#5108 = CARTESIAN_POINT ( 'NONE',  ( -103.0106904167583934, 167.7437386719722099, 2.252409837871447440 ) ) ;
#5109 = CARTESIAN_POINT ( 'NONE',  ( -105.5485021909910586, 117.8702075835519310, 1.637034940206620881 ) ) ;
#5110 = CARTESIAN_POINT ( 'NONE',  ( -80.14322579449155626, 106.9041504573036860, 1.637034940206621103 ) ) ;
#5111 = CARTESIAN_POINT ( 'NONE',  ( -101.8061102502685742, 168.7493152713400093, 11.26776890791188990 ) ) ;
#5112 = DIRECTION ( 'NONE',  ( 1.000000000000000000, 0.000000000000000000, 0.000000000000000000 ) ) ;
#5113 = CARTESIAN_POINT ( 'NONE',  ( -103.5162543200396783, 167.7876172491001228, 11.66854690483069845 ) ) ;
#5114 = VERTEX_POINT ( 'NONE', #6267 ) ;
#5115 = EDGE_CURVE ( 'NONE', #1779, #1779, #5360, .T. ) ;
#5116 = CARTESIAN_POINT ( 'NONE',  ( -49.59421388194692071, 177.5021361144535490, 9.939471916379906347 ) ) ;
#5117 = CARTESIAN_POINT ( 'NONE',  ( -54.83469719093400130, 178.1527162154785628, 3.024397707491632836 ) ) ;
#5118 = AXIS2_PLACEMENT_3D ( 'NONE', #4715, #3088, #4754 ) ;
#5119 = CARTESIAN_POINT ( 'NONE',  ( -49.67624479990623598, 177.5126410115284727, 10.22796067651984409 ) ) ;
#5120 = DIRECTION ( 'NONE',  ( -0.9979493589479473403, -0.06400841331716573823, 0.000000000000000000 ) ) ;
#5121 = CARTESIAN_POINT ( 'NONE',  ( 49.37623402543348305, 169.8702843068718948, 11.63703494020662710 ) ) ;
#5122 = CARTESIAN_POINT ( 'NONE',  ( -55.95301470770707652, 178.2833969926450948, 11.33984255911883032 ) ) ;
#5123 = ORIENTED_EDGE ( 'NONE', *, *, #2826, .F. ) ;
#5124 = DIRECTION ( 'NONE',  ( -0.000000000000000000, -0.000000000000000000, 1.000000000000000000 ) ) ;
#5125 = VERTEX_POINT ( 'NONE', #537 ) ;
#5126 = CARTESIAN_POINT ( 'NONE',  ( -57.15170983308526331, 178.4229088716031129, 11.23213724885867038 ) ) ;
#5127 = VERTEX_POINT ( 'NONE', #1025 ) ;
#5128 = CARTESIAN_POINT ( 'NONE',  ( -56.85641263360853515, 177.5613777082679405, 1.637034940206621103 ) ) ;
#5129 = CARTESIAN_POINT ( 'NONE',  ( -58.83446688194930374, 177.6817526222965853, 1.637034940206620659 ) ) ;
#5130 = CARTESIAN_POINT ( 'NONE',  ( 47.27100672609177678, 170.9089275473579903, 1.637034940206620659 ) ) ;
#5131 = CARTESIAN_POINT ( 'NONE',  ( -56.05089005430721727, 104.5125364564386530, 2.592772047037723571 ) ) ;
#5132 = CARTESIAN_POINT ( 'NONE',  ( -106.8419589079301772, 119.1624649191389409, 1.637034940206620437 ) ) ;
#5133 = CARTESIAN_POINT ( 'NONE',  ( 50.43465095178876112, 169.7937164063253874, 11.63703494020662532 ) ) ;
#5134 = CARTESIAN_POINT ( 'NONE',  ( -109.0269207600822909, 162.6053674115507590, 11.63703494020662177 ) ) ;
#5135 = VECTOR ( 'NONE', #2703, 1000.000000000000000 ) ;
#5136 = EDGE_CURVE ( 'NONE', #6377, #6377, #1867, .T. ) ;
#5137 = CARTESIAN_POINT ( 'NONE',  ( -103.6843207554299511, 115.2333055043774976, 2.560097286702543329 ) ) ;
#5138 = EDGE_LOOP ( 'NONE', ( #7353, #2265, #639, #7313, #1411 ) ) ;
#5139 = CARTESIAN_POINT ( 'NONE',  ( -63.44150802027206737, 105.0870704828762854, 1.637034940206620881 ) ) ;
#5140 = CARTESIAN_POINT ( 'NONE',  ( 46.94640882623911438, 112.8638907329895744, 11.63703494020662355 ) ) ;
#5141 = CIRCLE ( 'NONE', #7072, 4.510899712860366506 ) ;
#5142 = CARTESIAN_POINT ( 'NONE',  ( -45.99999999999999289, 141.4296532796704469, 1.637034940206619327 ) ) ;
#5143 = EDGE_LOOP ( 'NONE', ( #5794 ) ) ;
#5144 = CARTESIAN_POINT ( 'NONE',  ( -102.7318717667293271, 167.2587765514648197, 1.637034940206621103 ) ) ;
#5145 = FACE_OUTER_BOUND ( 'NONE', #1233, .T. ) ;
#5146 = CARTESIAN_POINT ( 'NONE',  ( -99.35485396997441399, 170.0849526553014925, 12.10409672569000072 ) ) ;
#5147 = CARTESIAN_POINT ( 'NONE',  ( -97.31562902877841736, 169.0902469510242554, 11.63703494020662355 ) ) ;
#5148 = FACE_OUTER_BOUND ( 'NONE', #4094, .T. ) ;
#5149 = ORIENTED_EDGE ( 'NONE', *, *, #3326, .T. ) ;
#5150 = FACE_OUTER_BOUND ( 'NONE', #6960, .T. ) ;
#5151 = CARTESIAN_POINT ( 'NONE',  ( 53.68598509717742218, 171.0267880258557796, 10.96981545701719796 ) ) ;
#5152 = B_SPLINE_CURVE_WITH_KNOTS ( 'NONE', 3,
 ( #301, #4173, #754, #3710, #3190, #4817, #6486 ),
 .UNSPECIFIED., .F., .F.,
 ( 4, 3, 4 ),
 ( -5.996535417968677187E-08, 0.000000000000000000, 0.0004665396571932587701 ),
 .UNSPECIFIED. ) ;
#5153 = CARTESIAN_POINT ( 'NONE',  ( -56.07065703891640140, 178.2982381728201347, 2.268733799298359610 ) ) ;
#5154 = CARTESIAN_POINT ( 'NONE',  ( -65.54446335369406995, 106.0850434392173867, 11.63703494020662532 ) ) ;
#5155 = DIRECTION ( 'NONE',  ( 0.5791425037817543586, 0.1079858635831086461, 0.8080427052944731958 ) ) ;
#5156 = CARTESIAN_POINT ( 'NONE',  ( 49.53930038682722170, 169.6589231867611431, 11.43703494025265321 ) ) ;
#5157 = CARTESIAN_POINT ( 'NONE',  ( -38.71440636081917575, 176.3637092846040275, 11.63703494020662177 ) ) ;
#5158 = VERTEX_POINT ( 'NONE', #5662 ) ;
#5159 = DIRECTION ( 'NONE',  ( -1.000000000000000000, 0.000000000000000000, 0.000000000000000000 ) ) ;
#5160 = EDGE_LOOP ( 'NONE', ( #4696 ) ) ;
#5161 = DIRECTION ( 'NONE',  ( -0.000000000000000000, -0.000000000000000000, 1.000000000000000000 ) ) ;
#5162 = ORIENTED_EDGE ( 'NONE', *, *, #3125, .T. ) ;
#5163 = EDGE_CURVE ( 'NONE', #5708, #2930, #2364, .T. ) ;
#5164 = CARTESIAN_POINT ( 'NONE',  ( -76.20318858475276613, 176.6856985365092498, 1.637034940206621547 ) ) ;
#5165 = CYLINDRICAL_SURFACE ( 'NONE', #6766, 2.149999999999998135 ) ;
#5166 = CARTESIAN_POINT ( 'NONE',  ( -73.61009507525919560, 110.4938693838374490, 1.637034940206619327 ) ) ;
#5167 = CARTESIAN_POINT ( 'NONE',  ( 0.000000000000000000, 0.000000000000000000, 5.637034940206621769 ) ) ;
#5168 = DIRECTION ( 'NONE',  ( 0.000000000000000000, -0.000000000000000000, -1.000000000000000000 ) ) ;
#5169 = DIRECTION ( 'NONE',  ( -0.9979493749012920967, -0.06400816458952800214, 0.000000000000000000 ) ) ;
#5170 = CARTESIAN_POINT ( 'NONE',  ( -103.4463167981031972, 115.0468487323167182, 2.560097286703860942 ) ) ;
#5171 = CARTESIAN_POINT ( 'NONE',  ( -64.99309944738261891, 178.6050012402700986, 11.38991811001917398 ) ) ;
#5172 = VERTEX_POINT ( 'NONE', #6915 ) ;
#5173 = CARTESIAN_POINT ( 'NONE',  ( -111.4722008628203440, 186.2586472192851375, 10.89404112731290830 ) ) ;
#5174 = CARTESIAN_POINT ( 'NONE',  ( 48.10526509484045476, 111.9807842121371237, 1.637034940206621325 ) ) ;
#5175 = CARTESIAN_POINT ( 'NONE',  ( 53.73506280519173828, 171.2661861286194949, 2.637034940206274491 ) ) ;
#5176 = ORIENTED_EDGE ( 'NONE', *, *, #4264, .T. ) ;
#5177 = CARTESIAN_POINT ( 'NONE',  ( -56.89231784111709089, 105.2954455640969798, 1.637034940206621991 ) ) ;
#5178 = CARTESIAN_POINT ( 'NONE',  ( 46.97858932338974114, 112.8653091297055511, 11.63703494020662177 ) ) ;
#5179 = EDGE_CURVE ( 'NONE', #7232, #5373, #654, .T. ) ;
#5180 = CARTESIAN_POINT ( 'NONE',  ( -88.50131201081329380, 173.7212760153476268, 1.637034940206620659 ) ) ;
#5181 = CARTESIAN_POINT ( 'NONE',  ( -49.68924985858883758, 177.5143064421525025, 10.92756002050077413 ) ) ;
#5182 = CARTESIAN_POINT ( 'NONE',  ( 53.00248531723549661, 169.3798633872143853, 11.43703494025264966 ) ) ;
#5183 = EDGE_CURVE ( 'NONE', #3524, #3795, #4040, .T. ) ;
#5184 = CARTESIAN_POINT ( 'NONE',  ( -73.97567797290695069, 105.8467647763337709, 1.637034940206620881 ) ) ;
#5185 = DIRECTION ( 'NONE',  ( 0.000000000000000000, 0.000000000000000000, 1.000000000000000000 ) ) ;
#5186 = FACE_OUTER_BOUND ( 'NONE', #2634, .T. ) ;
#5187 = CARTESIAN_POINT ( 'NONE',  ( -49.81119260545730043, 177.5300545934204877, 10.26967213366460996 ) ) ;
#5188 = CARTESIAN_POINT ( 'NONE',  ( 45.71928402106068745, 111.8983037519526533, 1.637034940206620881 ) ) ;
#5189 = CARTESIAN_POINT ( 'NONE',  ( -53.15012285607308939, 178.2158491909106885, 1.071801589414070222 ) ) ;
#5190 = CARTESIAN_POINT ( 'NONE',  ( -105.4711201619740422, 116.6087590192048680, 11.63703494020662177 ) ) ;
#5191 = CARTESIAN_POINT ( 'NONE',  ( -77.14438084759369474, 107.3067692329847489, 11.63703494020661999 ) ) ;
#5192 = CARTESIAN_POINT ( 'NONE',  ( -50.68392667225800352, 177.9207801707731562, 2.633229638299538600 ) ) ;
#5193 = CARTESIAN_POINT ( 'NONE',  ( 48.74643754809090979, 169.7080697325708627, 11.43703494025264966 ) ) ;
#5194 = CARTESIAN_POINT ( 'NONE',  ( -58.29546833736704059, 104.3651351561439071, 11.30605085652943664 ) ) ;
#5195 = AXIS2_PLACEMENT_3D ( 'NONE', #3089, #3319, #6728 ) ;
#5196 = EDGE_LOOP ( 'NONE', ( #3441 ) ) ;
#5197 =( BOUNDED_CURVE ( )  B_SPLINE_CURVE ( 3, ( #7385, #2316, #5214, #4605 ),
 .UNSPECIFIED., .F., .F. ) 
 B_SPLINE_CURVE_WITH_KNOTS ( ( 4, 4 ),
 ( 6.274854480304805193, 6.370630176498914388 ),
 .UNSPECIFIED. ) 
 CURVE ( )  GEOMETRIC_REPRESENTATION_ITEM ( )  RATIONAL_B_SPLINE_CURVE ( ( 1.000000000000000000, 0.9992357307397445876, 0.9992357307397445876, 1.000000000000000000 ) ) 
 REPRESENTATION_ITEM ( '' )  );
#5198 = FACE_OUTER_BOUND ( 'NONE', #3874, .T. ) ;
#5199 = EDGE_LOOP ( 'NONE', ( #5271, #5007, #4436, #724, #361, #1318, #3662, #6418, #3625 ) ) ;
#5200 = CARTESIAN_POINT ( 'NONE',  ( -116.1880730175627576, 150.2754707857480412, 11.63703494020702323 ) ) ;
#5201 = ORIENTED_EDGE ( 'NONE', *, *, #5224, .F. ) ;
#5202 = CONICAL_SURFACE ( 'NONE', #1589, 4.699999999999999289, 0.7853981633974472798 ) ;
#5203 = AXIS2_PLACEMENT_3D ( 'NONE', #3639, #121, #1246 ) ;
#5204 = CARTESIAN_POINT ( 'NONE',  ( -49.86033434755351124, 105.3230909977352781, 10.19052444329156693 ) ) ;
#5205 = DIRECTION ( 'NONE',  ( 0.000000000000000000, 0.000000000000000000, -1.000000000000000000 ) ) ;
#5206 = CARTESIAN_POINT ( 'NONE',  ( 47.34512481785689175, 111.1136709321688159, 2.584314506234226538 ) ) ;
#5207 = CARTESIAN_POINT ( 'NONE',  ( -103.6524973528182443, 116.2743102147512104, 1.637034940206620881 ) ) ;
#5208 = CARTESIAN_POINT ( 'NONE',  ( -0.3060755034500414751, 157.4296532796704469, 4.187034940206620703 ) ) ;
#5209 = CARTESIAN_POINT ( 'NONE',  ( 49.34454723275626264, 111.1485832833116234, 1.390459595171493090 ) ) ;
#5210 = EDGE_LOOP ( 'NONE', ( #886, #1181, #6371, #673 ) ) ;
#5211 = CARTESIAN_POINT ( 'NONE',  ( -74.12059846616543268, 105.8618389255304209, 1.637034940206621325 ) ) ;
#5212 = CARTESIAN_POINT ( 'NONE',  ( 45.49955354384260886, 112.7992945566904694, 11.63703494020661999 ) ) ;
#5213 = EDGE_CURVE ( 'NONE', #4950, #4425, #1146, .T. ) ;
#5214 = CARTESIAN_POINT ( 'NONE',  ( 37.97433835952737979, 111.1485832822408923, 10.36319697387080474 ) ) ;
#5215 = EDGE_LOOP ( 'NONE', ( #401, #2430, #7328, #3102 ) ) ;
#5216 = CARTESIAN_POINT ( 'NONE',  ( -115.4763730595192328, 149.7516014133005626, 1.637034940206621325 ) ) ;
#5217 = CARTESIAN_POINT ( 'NONE',  ( 54.08640482172125274, 111.6726983556320931, 3.501071633386898085 ) ) ;
#5218 = CARTESIAN_POINT ( 'NONE',  ( -57.28995700384554368, 176.4277140708381921, 5.637034940206621769 ) ) ;
#5219 = CARTESIAN_POINT ( 'NONE',  ( -56.85180189155610009, 104.6487858658932737, 2.349780513094529510 ) ) ;
#5220 = CARTESIAN_POINT ( 'NONE',  ( -100.0658526819465806, 167.6553492593407952, 11.63703494020662710 ) ) ;
#5221 = CARTESIAN_POINT ( 'NONE',  ( -109.8906997187315824, 141.4296532756430906, 11.63703494020662177 ) ) ;
#5222 = DIRECTION ( 'NONE',  ( 1.000000000000000000, 0.000000000000000000, 0.000000000000000000 ) ) ;
#5223 = CARTESIAN_POINT ( 'NONE',  ( 48.49874808898130141, 111.9963783608018275, 1.637034940206621103 ) ) ;
#5224 = EDGE_CURVE ( 'NONE', #783, #4427, #294, .T. ) ;
#5225 = LINE ( 'NONE', #4120, #2063 ) ;
#5226 = CARTESIAN_POINT ( 'NONE',  ( -72.33000016127054721, 106.6077856918746960, 11.63703494020662532 ) ) ;
#5227 = CARTESIAN_POINT ( 'NONE',  ( -50.73743151965337006, 177.0865876980804217, 1.637034940206621103 ) ) ;
#5228 = CARTESIAN_POINT ( 'NONE',  ( -68.96731023676565542, 104.4805284772147473, 11.92562733367292793 ) ) ;
#5229 = ORIENTED_EDGE ( 'NONE', *, *, #4616, .T. ) ;
#5230 = CARTESIAN_POINT ( 'NONE',  ( -57.16202362561167405, 104.4356842052091849, 10.83625534709164562 ) ) ;
#5231 = EDGE_CURVE ( 'NONE', #5820, #5820, #4863, .T. ) ;
#5232 = ORIENTED_EDGE ( 'NONE', *, *, #4486, .F. ) ;
#5233 = CARTESIAN_POINT ( 'NONE',  ( -100.6041650266682694, 113.4355134910562271, 11.90319785122854412 ) ) ;
#5234 = AXIS2_PLACEMENT_3D ( 'NONE', #2388, #1938, #5253 ) ;
#5235 = EDGE_LOOP ( 'NONE', ( #6332, #2351 ) ) ;
#5236 = CARTESIAN_POINT ( 'NONE',  ( -94.02954844851410598, 172.5657408115865792, 2.560097286703861386 ) ) ;
#5237 = CARTESIAN_POINT ( 'NONE',  ( -46.64591086429300049, 105.7405586388650534, 10.48434952308447166 ) ) ;
#5238 = AXIS2_PLACEMENT_3D ( 'NONE', #2993, #2438, #5307 ) ;
#5239 = CARTESIAN_POINT ( 'NONE',  ( -66.76009507525921549, 110.4938693838374490, 5.637034940206621769 ) ) ;
#5240 = DIRECTION ( 'NONE',  ( -0.000000000000000000, 0.000000000000000000, 1.000000000000000000 ) ) ;
#5241 = DIRECTION ( 'NONE',  ( 1.127052365009616077E-16, -1.574532445896519190E-16, 1.000000000000000000 ) ) ;
#5242 = CARTESIAN_POINT ( 'NONE',  ( -102.4920446414376869, 116.7552304656653064, 11.50370160690398080 ) ) ;
#5243 = CARTESIAN_POINT ( 'NONE',  ( -108.9176241326929784, 121.4359140999005433, 1.637034940206620659 ) ) ;
#5244 = CARTESIAN_POINT ( 'NONE',  ( -103.0299343984764704, 168.0552738691860668, 10.65063922206893920 ) ) ;
#5245 = CARTESIAN_POINT ( 'NONE',  ( -115.0015369435077588, 129.4771289350911445, 12.04925670796853510 ) ) ;
#5246 = VERTEX_POINT ( 'NONE', #1740 ) ;
#5247 =( BOUNDED_SURFACE ( )  B_SPLINE_SURFACE ( 3, 2, ( 
 ( #7427, #5111, #6278 ),
 ( #2250, #53, #6354 ),
 ( #4541, #4650, #1220 ),
 ( #548, #1678, #3972 ),
 ( #4684, #7463, #1118 ),
 ( #2918, #5714, #6964 ),
 ( #2846, #4576, #5146 ),
 ( #3514, #5791, #4079 ) ),
 .UNSPECIFIED., .F., .F., .F. ) 
 B_SPLINE_SURFACE_WITH_KNOTS ( ( 4, 2, 2, 4 ),
 ( 3, 3 ),
 ( 0.0005830382256344953783, 0.001621927217022920472, 0.002660816208411345783, 0.004738594191188195970 ),
 ( 0.000000000000000000, 0.1605105624337885006 ),
 .UNSPECIFIED. ) 
 GEOMETRIC_REPRESENTATION_ITEM ( )  RATIONAL_B_SPLINE_SURFACE ( (
 ( 1.000000000000000000, 0.9988327778893908437, 0.9980402587336998366),
 ( 1.000000000000000000, 0.9989387755973482275, 0.9982182266461726572),
 ( 1.000000000000000000, 0.9990158796356730653, 0.9983476826977073504),
 ( 1.000000000000000000, 0.9991458455236421621, 0.9985658926780953681),
 ( 1.000000000000000000, 0.9991981750085630054, 0.9986537527778240886),
 ( 1.000000000000000000, 0.9993341623934894891, 0.9988820727244001052),
 ( 1.000000000000000000, 0.9993969191892261295, 0.9989874400587128722),
 ( 1.000000000000000000, 0.9994494885536031603, 0.9990757029109811338) ) ) 
 REPRESENTATION_ITEM ( '' )  SURFACE ( )  );
#5248 = EDGE_LOOP ( 'NONE', ( #1167, #5615, #3771, #1014, #3306 ) ) ;
#5249 = CARTESIAN_POINT ( 'NONE',  ( -51.80274879837985225, 105.6474514287606468, 1.637034940206620881 ) ) ;
#5250 = CARTESIAN_POINT ( 'NONE',  ( 48.50240373874656541, 112.9375965812135973, 11.63703494020662355 ) ) ;
#5251 = EDGE_CURVE ( 'NONE', #2384, #2384, #5720, .T. ) ;
#5252 = CARTESIAN_POINT ( 'NONE',  ( -114.3024971273597004, 133.2723958225535625, 11.43703494025264966 ) ) ;
#5253 = DIRECTION ( 'NONE',  ( -1.000000000000000000, 0.000000000000000000, 0.000000000000000000 ) ) ;
#5254 = ORIENTED_EDGE ( 'NONE', *, *, #845, .T. ) ;
#5255 = EDGE_CURVE ( 'NONE', #6104, #2423, #7108, .T. ) ;
#5256 = AXIS2_PLACEMENT_3D ( 'NONE', #5038, #4958, #5601 ) ;
#5257 = CARTESIAN_POINT ( 'NONE',  ( -56.98238150881790887, 178.4111941111547139, 3.581211477050045833 ) ) ;
#5258 = CARTESIAN_POINT ( 'NONE',  ( 52.04914618952638250, 112.2752627345841745, 1.637037857816041830 ) ) ;
#5259 = CARTESIAN_POINT ( 'NONE',  ( -56.26789301337561966, 105.2109168496425298, 1.777194997646555530 ) ) ;
#5260 = CARTESIAN_POINT ( 'NONE',  ( -98.50935642563469230, 168.4847856827427961, 11.63703494020662532 ) ) ;
#5261 = CARTESIAN_POINT ( 'NONE',  ( -103.1463980219052985, 167.9883456297315831, 10.65208210121853050 ) ) ;
#5262 = ORIENTED_EDGE ( 'NONE', *, *, #4330, .T. ) ;
#5263 = CARTESIAN_POINT ( 'NONE',  ( -98.74448361997788481, 168.1431081077979286, 11.43703494025265144 ) ) ;
#5264 = CARTESIAN_POINT ( 'NONE',  ( 50.57966940375668230, 112.1378883378939122, 1.637034940206620881 ) ) ;
#5265 = CARTESIAN_POINT ( 'NONE',  ( 47.49851898290845043, 141.1485832831377820, 9.724448169894154503 ) ) ;
#5266 = CARTESIAN_POINT ( 'NONE',  ( 1.136982886230925915, 162.0761824746287516, 1.637034940206621103 ) ) ;
#5267 = CARTESIAN_POINT ( 'NONE',  ( 48.75769611932610559, 169.9077527163510695, 11.63703494020662177 ) ) ;
#5268 = FACE_OUTER_BOUND ( 'NONE', #2994, .T. ) ;
#5269 = VERTEX_POINT ( 'NONE', #821 ) ;
#5270 = DIRECTION ( 'NONE',  ( -0.000000000000000000, -0.000000000000000000, -1.000000000000000000 ) ) ;
#5271 = ORIENTED_EDGE ( 'NONE', *, *, #6982, .T. ) ;
#5272 = CARTESIAN_POINT ( 'NONE',  ( -117.4978395610158657, 145.2807966958330326, 2.560097286703177488 ) ) ;
#5273 = ORIENTED_EDGE ( 'NONE', *, *, #853, .F. ) ;
#5274 = B_SPLINE_CURVE_WITH_KNOTS ( 'NONE', 3,
 ( #2585, #2510, #4768, #4877 ),
 .UNSPECIFIED., .F., .F.,
 ( 4, 4 ),
 ( 0.000000000000000000, 0.2046403357632718967 ),
 .UNSPECIFIED. ) ;
#5275 = CARTESIAN_POINT ( 'NONE',  ( -57.63238005925773422, 177.6139669814180309, 1.637034940206621103 ) ) ;
#5276 = CARTESIAN_POINT ( 'NONE',  ( -53.39407082818045325, 104.7420381256861788, 2.612718255459977712 ) ) ;
#5277 = CARTESIAN_POINT ( 'NONE',  ( 46.44062010972710652, 170.9365249199692869, 1.637034940206621103 ) ) ;
#5278 = DIRECTION ( 'NONE',  ( -1.000000000000000000, 0.000000000000000000, 0.000000000000000000 ) ) ;
#5279 = CARTESIAN_POINT ( 'NONE',  ( -103.6843207554299511, 115.2333055043774976, 10.70720459684204329 ) ) ;
#5280 = CARTESIAN_POINT ( 'NONE',  ( -38.66921804236933724, 106.5018007230117263, 11.67473476815927214 ) ) ;
#5281 = CYLINDRICAL_SURFACE ( 'NONE', #926, 2.149999999999985256 ) ;
#5282 = VERTEX_POINT ( 'NONE', #120 ) ;
#5283 = CARTESIAN_POINT ( 'NONE',  ( -101.8996422014036796, 114.1452904464857454, 11.63703494020662177 ) ) ;
#5284 = VERTEX_POINT ( 'NONE', #4308 ) ;
#5285 = FACE_OUTER_BOUND ( 'NONE', #5210, .T. ) ;
#5286 = CARTESIAN_POINT ( 'NONE',  ( 46.23543438406806416, 112.8325922510563686, 11.63703494020662532 ) ) ;
#5287 = CARTESIAN_POINT ( 'NONE',  ( -114.3494713394989759, 133.4136492118389583, 11.43703494025265499 ) ) ;
#5288 = CARTESIAN_POINT ( 'NONE',  ( -59.24081988146098610, 106.0962172753942241, 11.63703494020661822 ) ) ;
#5289 = ORIENTED_EDGE ( 'NONE', *, *, #6285, .F. ) ;
#5290 =( BOUNDED_SURFACE ( )  B_SPLINE_SURFACE ( 3, 2, ( 
 ( #7324, #2146, #4478 ),
 ( #2185, #3947, #3223 ),
 ( #6712, #6822, #4392 ),
 ( #3872, #3910, #7240 ) ),
 .UNSPECIFIED., .F., .F., .F. ) 
 B_SPLINE_SURFACE_WITH_KNOTS ( ( 4, 4 ),
 ( 3, 3 ),
 ( 0.2817512554917114276, 0.3025879536137006665 ),
 ( 0.000000000000000000, 1.000000000000000000 ),
 .UNSPECIFIED. ) 
 GEOMETRIC_REPRESENTATION_ITEM ( )  RATIONAL_B_SPLINE_SURFACE ( (
 ( 1.000000000000000000, 0.9994812085367926757, 1.000000000000000000),
 ( 1.000000000000000000, 0.9995530752399551799, 1.000000000000000000),
 ( 1.000000000000000000, 0.9992342841280227317, 1.000000000000000000),
 ( 1.000000000000000000, 0.9985368987289963139, 1.000000000000000000) ) ) 
 REPRESENTATION_ITEM ( '' )  SURFACE ( )  );
#5291 = EDGE_CURVE ( 'NONE', #3830, #635, #5853, .T. ) ;
#5292 = CARTESIAN_POINT ( 'NONE',  ( 35.29180758855940780, 171.5965483906582847, 11.87001733142136572 ) ) ;
#5293 = DIRECTION ( 'NONE',  ( -1.000000000000000000, 0.000000000000000000, 0.000000000000000000 ) ) ;
#5294 = CARTESIAN_POINT ( 'NONE',  ( -83.69838729859606019, 174.1319203031530094, 11.63703494020662355 ) ) ;
#5295 = CARTESIAN_POINT ( 'NONE',  ( -102.2528992906564724, 116.4335455730422524, 11.63703494020662177 ) ) ;
#5296 = VERTEX_POINT ( 'NONE', #4428 ) ;
#5297 = FACE_BOUND ( 'NONE', #1113, .T. ) ;
#5298 = CYLINDRICAL_SURFACE ( 'NONE', #5811, 4.510899712860368282 ) ;
#5299 = MANIFOLD_SOLID_BREP ( 'CSK for M4 Flat Head Machine Screw3[1]', #5673 ) ;
#5300 = CARTESIAN_POINT ( 'NONE',  ( -34.15607550369274037, 165.4296532782069562, 1.637034940206621103 ) ) ;
#5301 = EDGE_CURVE ( 'NONE', #1910, #5704, #5754, .T. ) ;
#5302 = CARTESIAN_POINT ( 'NONE',  ( -57.28995700384554368, 176.4277140708381921, 5.637034940206621769 ) ) ;
#5303 = CARTESIAN_POINT ( 'NONE',  ( -56.95861876918445432, 178.4095506274668423, 2.560097366091305560 ) ) ;
#5304 = CARTESIAN_POINT ( 'NONE',  ( -110.1479393266459255, 121.6034404112919560, 2.560097286703856945 ) ) ;
#5305 = FACE_OUTER_BOUND ( 'NONE', #2513, .T. ) ;
#5306 = EDGE_LOOP ( 'NONE', ( #437 ) ) ;
#5307 = DIRECTION ( 'NONE',  ( -1.000000000000000000, 0.000000000000000000, 0.000000000000000000 ) ) ;
#5308 = EDGE_LOOP ( 'NONE', ( #4586, #5680, #1879, #5289, #6980, #448 ) ) ;
#5309 = CARTESIAN_POINT ( 'NONE',  ( -99.80765186978460690, 113.0200795612463196, 11.74226339752526904 ) ) ;
#5310 = CARTESIAN_POINT ( 'NONE',  ( -106.0538071185788738, 119.9097208140333777, 11.43703494025265144 ) ) ;
#5311 = VERTEX_POINT ( 'NONE', #5643 ) ;
#5312 = CARTESIAN_POINT ( 'NONE',  ( -57.31624405633580466, 177.5931260883300808, 1.637034940206624434 ) ) ;
#5313 = EDGE_CURVE ( 'NONE', #3050, #5878, #4941, .T. ) ;
#5314 = CARTESIAN_POINT ( 'NONE',  ( -55.39102447644517468, 104.5727159912014343, 2.597733748632997663 ) ) ;
#5315 = CARTESIAN_POINT ( 'NONE',  ( -56.69434866871226575, 104.4529878807274059, 2.587968654012519742 ) ) ;
#5316 = CARTESIAN_POINT ( 'NONE',  ( 33.65864848538718945, 171.7217239132802433, 11.63703494020662177 ) ) ;
#5317 = FACE_OUTER_BOUND ( 'NONE', #5215, .T. ) ;
#5318 = CARTESIAN_POINT ( 'NONE',  ( -109.9596831564720674, 121.3785824315390158, 2.560097286703861386 ) ) ;
#5319 = CARTESIAN_POINT ( 'NONE',  ( -66.95138609931355234, 178.5277352621718876, 11.51851899501542142 ) ) ;
#5320 = CARTESIAN_POINT ( 'NONE',  ( -36.30607550160078745, 117.4296532779342783, 4.187034940206620703 ) ) ;
#5321 = CARTESIAN_POINT ( 'NONE',  ( -57.54385998221356857, 177.6082676065967121, 1.637034940206620881 ) ) ;
#5322 = CARTESIAN_POINT ( 'NONE',  ( -45.24530764548595840, 176.9526537583911932, 11.63703494020662177 ) ) ;
#5323 = AXIS2_PLACEMENT_3D ( 'NONE', #7399, #3943, #4016 ) ;
#5324 = CARTESIAN_POINT ( 'NONE',  ( -96.00015904161497815, 112.0740382137575892, 1.637034940206620881 ) ) ;
#5325 = CARTESIAN_POINT ( 'NONE',  ( -73.09616364521981779, 177.9939932490422621, 11.63703494020659868 ) ) ;
#5326 = CARTESIAN_POINT ( 'NONE',  ( -108.9288066400377630, 123.2966499395261906, 11.43703494025264966 ) ) ;
#5327 = CARTESIAN_POINT ( 'NONE',  ( -66.43692148677506282, 105.1668493801663260, 1.637034940206621103 ) ) ;
#5328 = CIRCLE ( 'NONE', #2679, 2.149999999999992362 ) ;
#5329 = CARTESIAN_POINT ( 'NONE',  ( -111.1423131578998209, 158.5066648126624784, 1.637034940206621103 ) ) ;
#5330 = CARTESIAN_POINT ( 'NONE',  ( -112.3019276173776433, 154.3529723130027946, 5.637034940206621769 ) ) ;
#5331 = CARTESIAN_POINT ( 'NONE',  ( -103.3338579441479084, 114.9785012090773648, 10.66434472748368201 ) ) ;
#5332 = CARTESIAN_POINT ( 'NONE',  ( -43.24308525188713759, 55.76217911010103023, 9.939459133094537435 ) ) ;
#5333 = DIRECTION ( 'NONE',  ( -0.000000000000000000, -0.000000000000000000, -1.000000000000000000 ) ) ;
#5334 = CARTESIAN_POINT ( 'NONE',  ( -83.77267850762282819, 108.9524505950193713, 11.43703494025264966 ) ) ;
#5335 = EDGE_LOOP ( 'NONE', ( #2715 ) ) ;
#5336 = FACE_BOUND ( 'NONE', #3217, .T. ) ;
#5337 = CARTESIAN_POINT ( 'NONE',  ( 52.99749097693541700, 171.2024391877563119, 9.724448169894154503 ) ) ;
#5338 = FACE_OUTER_BOUND ( 'NONE', #488, .T. ) ;
#5339 = CARTESIAN_POINT ( 'NONE',  ( -35.00109321195473910, 111.2402430169241399, 11.63703494020662177 ) ) ;
#5340 = CARTESIAN_POINT ( 'NONE',  ( -107.9121864369853512, 118.9171287997988173, 2.560097286703856945 ) ) ;
#5341 = EDGE_CURVE ( 'NONE', #246, #615, #782, .T. ) ;
#5342 = CARTESIAN_POINT ( 'NONE',  ( -101.7187508831288909, 114.0611923585387899, 10.89404112730323071 ) ) ;
#5343 = ORIENTED_EDGE ( 'NONE', *, *, #3399, .T. ) ;
#5344 = CARTESIAN_POINT ( 'NONE',  ( -117.0306238392344937, 140.8819511251399490, 1.637034940206621103 ) ) ;
#5345 = VERTEX_POINT ( 'NONE', #591 ) ;
#5346 = EDGE_CURVE ( 'NONE', #36, #6633, #6843, .T. ) ;
#5347 = CARTESIAN_POINT ( 'NONE',  ( -102.1536018276615465, 166.2521517098029449, 5.637034940206621769 ) ) ;
#5348 = VERTEX_POINT ( 'NONE', #4118 ) ;
#5349 = CARTESIAN_POINT ( 'NONE',  ( -70.26640700156418973, 178.2780346264205491, 2.560097286703861386 ) ) ;
#5350 = CARTESIAN_POINT ( 'NONE',  ( -54.73624063132112383, 104.6303034288912670, 2.602615851636363331 ) ) ;
#5351 = CARTESIAN_POINT ( 'NONE',  ( -56.37261936150981967, 104.4827621685830223, 2.590370350524973553 ) ) ;
#5352 = CARTESIAN_POINT ( 'NONE',  ( -100.7719119834208357, 113.5368498510356687, 11.20303696987830655 ) ) ;
#5353 = CARTESIAN_POINT ( 'NONE',  ( 49.27559210044179139, 111.1981073844943069, 2.569366685724460364 ) ) ;
#5354 = CARTESIAN_POINT ( 'NONE',  ( -117.1120629393647050, 135.8534326913354278, 2.560097286703861386 ) ) ;
#5355 = CARTESIAN_POINT ( 'NONE',  ( -106.0079541256938569, 162.8941848879935890, 11.43703494025265321 ) ) ;
#5356 = FACE_OUTER_BOUND ( 'NONE', #2806, .T. ) ;
#5357 = CARTESIAN_POINT ( 'NONE',  ( 52.20012601632920024, 113.2115239000124944, 11.63703494020662710 ) ) ;
#5358 = EDGE_CURVE ( 'NONE', #5708, #446, #1526, .T. ) ;
#5359 = FACE_OUTER_BOUND ( 'NONE', #5516, .T. ) ;
#5360 = CIRCLE ( 'NONE', #902, 2.149999999999992362 ) ;
#5361 = CARTESIAN_POINT ( 'NONE',  ( -11.47573541337546388, 107.5954528527274618, 2.560097286703862274 ) ) ;
#5362 = CARTESIAN_POINT ( 'NONE',  ( -98.81775026290050334, 170.3499907096062316, 11.63703494020682960 ) ) ;
#5363 = CARTESIAN_POINT ( 'NONE',  ( -107.8025340909437091, 121.9165867772161675, 11.43703494025265144 ) ) ;
#5364 = CARTESIAN_POINT ( 'NONE',  ( 47.34757706966426127, 111.0083691759402029, 0.4482623183042943604 ) ) ;
#5365 = EDGE_CURVE ( 'NONE', #2479, #3171, #3481, .T. ) ;
#5366 = ORIENTED_EDGE ( 'NONE', *, *, #3686, .F. ) ;
#5367 = CARTESIAN_POINT ( 'NONE',  ( -108.9176241345758314, 161.4233924514776106, 1.637034940206621103 ) ) ;
#5368 = CARTESIAN_POINT ( 'NONE',  ( -106.0498091390629298, 162.9528467843796875, 5.637034940206621769 ) ) ;
#5369 = CARTESIAN_POINT ( 'NONE',  ( 37.84183566224855610, 172.0031294706380152, 5.366661032502503481 ) ) ;
#5370 = CARTESIAN_POINT ( 'NONE',  ( -79.54360049958928869, 107.7607766909358133, 11.63703494020662177 ) ) ;
#5371 = CARTESIAN_POINT ( 'NONE',  ( -63.26494188880288050, 176.8121115393031175, 11.63703494020662355 ) ) ;
#5372 = CARTESIAN_POINT ( 'NONE',  ( -67.00500560379045112, 106.3537203880910909, 11.43703494025264966 ) ) ;
#5373 = VERTEX_POINT ( 'NONE', #98 ) ;
#5374 = CARTESIAN_POINT ( 'NONE',  ( 50.06780539284848430, 113.2381008061292960, 11.43703494020664024 ) ) ;
#5375 = CARTESIAN_POINT ( 'NONE',  ( -49.59422953991621341, 105.3571684369131987, 10.16682378209447357 ) ) ;
#5376 = AXIS2_PLACEMENT_3D ( 'NONE', #6583, #3624, #6091 ) ;
#5377 = CARTESIAN_POINT ( 'NONE',  ( -77.03990138243223385, 105.4395755097746985, 11.63703494020664486 ) ) ;
#5378 = DIRECTION ( 'NONE',  ( -1.000000000000000000, 0.000000000000000000, 0.000000000000000000 ) ) ;
#5379 = VECTOR ( 'NONE', #3446, 1000.000000000000000 ) ;
#5380 = CARTESIAN_POINT ( 'NONE',  ( -111.1422035350645103, 156.4025421087833649, 11.43703494025265144 ) ) ;
#5381 = CARTESIAN_POINT ( 'NONE',  ( -57.37414097386908907, 104.4212787155852027, 11.24657284161885684 ) ) ;
#5382 = ORIENTED_EDGE ( 'NONE', *, *, #5743, .F. ) ;
#5383 = DIRECTION ( 'NONE',  ( -0.5904623445788050873, 0.000000000000000000, -0.8070651892099549585 ) ) ;
#5384 = EDGE_LOOP ( 'NONE', ( #5562 ) ) ;
#5385 = CARTESIAN_POINT ( 'NONE',  ( -97.88013445045558569, 168.5907256125051958, 11.43703494025265144 ) ) ;
#5386 = CARTESIAN_POINT ( 'NONE',  ( -94.50098564357617192, 172.3672682802197755, 2.560097286703860053 ) ) ;
#5387 = CARTESIAN_POINT ( 'NONE',  ( -111.1425080024380065, 126.4573222482118524, 5.637034940206621769 ) ) ;
#5388 = CARTESIAN_POINT ( 'NONE',  ( 53.24281943049614085, 111.7049818421321561, 10.00978015491027584 ) ) ;
#5389 = CARTESIAN_POINT ( 'NONE',  ( -102.2848122822678789, 114.3758413015981148, 2.560097286703860942 ) ) ;
#5390 = CARTESIAN_POINT ( 'NONE',  ( 51.17248857979115684, 111.3497698465132828, 2.581138171167262740 ) ) ;
#5391 = CARTESIAN_POINT ( 'NONE',  ( -73.84241662146264673, 175.8645705675705244, 11.43703494025264966 ) ) ;
#5392 = CARTESIAN_POINT ( 'NONE',  ( -107.8204099495875568, 160.9201917046400467, 11.43703494025265321 ) ) ;
#5393 = CARTESIAN_POINT ( 'NONE',  ( -100.4577334401911202, 168.5361874884329723, 1.637034940206621103 ) ) ;
#5394 = CARTESIAN_POINT ( 'NONE',  ( 47.78525010798189498, 112.9012811000790037, 11.63703494020662710 ) ) ;
#5395 = CARTESIAN_POINT ( 'NONE',  ( -103.6843207578968844, 167.6260010474934461, 10.70720459684204329 ) ) ;
#5396 = CARTESIAN_POINT ( 'NONE',  ( 51.53202367480162849, 112.2260421317736530, 1.637034940206620659 ) ) ;
#5397 = CARTESIAN_POINT ( 'NONE',  ( -56.94628081717142720, 104.4506092486441702, 2.560097286703860497 ) ) ;
#5398 = CARTESIAN_POINT ( 'NONE',  ( -57.01824102987826137, 104.4456323209942070, 2.560097286703859165 ) ) ;
#5399 = CARTESIAN_POINT ( 'NONE',  ( -114.7663449291873690, 134.0659423398360275, 11.63703494020662710 ) ) ;
#5400 = CARTESIAN_POINT ( 'NONE',  ( -89.46119404049288448, 109.4600432599428217, 1.637034940206621325 ) ) ;
#5401 = CARTESIAN_POINT ( 'NONE',  ( 46.62713452005687031, 170.0094533046403171, 11.63703494020662177 ) ) ;
#5402 = CARTESIAN_POINT ( 'NONE',  ( -56.95861876918445432, 178.4095506274668423, 2.560097366091305560 ) ) ;
#5403 = ADVANCED_FACE ( 'NONE', ( #5150 ), #3055, .T. ) ;
#5404 = CARTESIAN_POINT ( 'NONE',  ( -59.97012033980925594, 106.0922741573062638, 11.63703494020661822 ) ) ;
#5405 = CARTESIAN_POINT ( 'NONE',  ( -76.77472516979261741, 175.6216840240032582, 11.63703494020662355 ) ) ;
#5406 = CARTESIAN_POINT ( 'NONE',  ( -91.26579607629429347, 111.1339134727558928, 11.63703494020661466 ) ) ;
#5407 = ORIENTED_EDGE ( 'NONE', *, *, #4020, .T. ) ;
#5408 = CARTESIAN_POINT ( 'NONE',  ( 47.77592849090455474, 113.1010647449078164, 11.43703494020664202 ) ) ;
#5409 = CARTESIAN_POINT ( 'NONE',  ( -113.1803633388486787, 156.8910826178868660, 11.96049697316632709 ) ) ;
#5410 = EDGE_CURVE ( 'NONE', #1495, #6218, #1331, .T. ) ;
#5411 = CARTESIAN_POINT ( 'NONE',  ( -43.07320567510558362, 106.1569178193680187, 11.63703494020662177 ) ) ;
#5412 = DIRECTION ( 'NONE',  ( 0.000000000000000000, 0.000000000000000000, -1.000000000000000000 ) ) ;
#5413 = CARTESIAN_POINT ( 'NONE',  ( -115.8731207112463863, 141.8885635935511118, 11.43703494025265144 ) ) ;
#5414 = CARTESIAN_POINT ( 'NONE',  ( -111.1560755034500545, 141.4296532796704469, 1.637034940206619327 ) ) ;
#5415 = ORIENTED_EDGE ( 'NONE', *, *, #6471, .F. ) ;
#5416 = CARTESIAN_POINT ( 'NONE',  ( -114.8831686000613672, 153.6132662430127311, 11.31167907862887034 ) ) ;
#5417 = ORIENTED_EDGE ( 'NONE', *, *, #1218, .T. ) ;
#5418 = CARTESIAN_POINT ( 'NONE',  ( -117.7907867374972426, 139.8207841321953424, 11.63703494020665730 ) ) ;
#5419 = B_SPLINE_CURVE_WITH_KNOTS ( 'NONE', 3,
 ( #3440, #3516, #6891, #6318 ),
 .UNSPECIFIED., .F., .F.,
 ( 4, 4 ),
 ( 0.000000000000000000, 1.000000000000000000 ),
 .UNSPECIFIED. ) ;
#5420 = CARTESIAN_POINT ( 'NONE',  ( -57.16350142215236474, 178.4237223276348914, 2.560097286703860942 ) ) ;
#5421 = CARTESIAN_POINT ( 'NONE',  ( -53.76330711321018896, 104.7122534117573309, 2.609934175238555643 ) ) ;
#5422 = CARTESIAN_POINT ( 'NONE',  ( -52.47283187334732446, 104.8226332664110458, 2.619659289843593086 ) ) ;
#5423 = CARTESIAN_POINT ( 'NONE',  ( -77.03990138243223385, 105.4395755097746985, 2.560097286703856945 ) ) ;
#5424 = CARTESIAN_POINT ( 'NONE',  ( -105.1248399016609056, 165.4315351646392571, 1.637034940206621769 ) ) ;
#5425 = CONICAL_SURFACE ( 'NONE', #5790, 4.700000000000000178, 0.7853981633974485010 ) ;
#5426 = CARTESIAN_POINT ( 'NONE',  ( -115.6360168362986229, 131.0766589733961212, 2.560097286703860497 ) ) ;
#5427 = CARTESIAN_POINT ( 'NONE',  ( -114.8678180589055557, 147.7205613958501829, 11.43703494025265144 ) ) ;
#5428 = CARTESIAN_POINT ( 'NONE',  ( -100.1763688594599842, 168.6888840800981200, 1.637034940206621103 ) ) ;
#5429 = CARTESIAN_POINT ( 'NONE',  ( -68.98115089990068327, 178.3777439475180984, 11.64132955863474272 ) ) ;
#5430 = CARTESIAN_POINT ( 'NONE',  ( 54.38024053491551513, 171.1139455890688623, 4.384400692702276281 ) ) ;
#5431 = CARTESIAN_POINT ( 'NONE',  ( -96.98372655748752891, 113.6057697767080299, 11.63703494020662177 ) ) ;
#5432 = AXIS2_PLACEMENT_3D ( 'NONE', #4096, #1774, #4064 ) ;
#5433 = CARTESIAN_POINT ( 'NONE',  ( -55.10061292255235088, 104.5782597270387129, 2.560097286703860497 ) ) ;
#5434 = CARTESIAN_POINT ( 'NONE',  ( -42.28227839670091726, 176.5298349001649001, 16.03252190202015370 ) ) ;
#5435 = CARTESIAN_POINT ( 'NONE',  ( -110.3234506934819450, 124.8660777815753562, 11.63703494020662177 ) ) ;
#5436 = CARTESIAN_POINT ( 'NONE',  ( -97.82888935728905722, 112.9492432187565214, 1.637034940206621103 ) ) ;
#5437 = CARTESIAN_POINT ( 'NONE',  ( -104.6041410942293624, 115.9535269355704941, 11.20802170610337534 ) ) ;
#5438 = CARTESIAN_POINT ( 'NONE',  ( 47.46539226462608951, 169.9722941409094403, 11.63703494020662532 ) ) ;
#5439 = ADVANCED_FACE ( 'NONE', ( #4614 ), #6686, .T. ) ;
#5440 = AXIS2_PLACEMENT_3D ( 'NONE', #2830, #5205, #6260 ) ;
#5441 = CARTESIAN_POINT ( 'NONE',  ( -80.64221484799597306, 175.8488829625192125, 1.637034940206621103 ) ) ;
#5442 = CYLINDRICAL_SURFACE ( 'NONE', #1494, 8.000000000000007105 ) ;
#5443 = CARTESIAN_POINT ( 'NONE',  ( -114.9635773155849563, 151.1924507285340269, 1.637034940206621103 ) ) ;
#5444 = CARTESIAN_POINT ( 'NONE',  ( -68.91009507525920696, 110.4938693838374490, 1.637034940206621103 ) ) ;
#5445 = CARTESIAN_POINT ( 'NONE',  ( -101.3058885486071148, 166.7393036056431868, 11.43703494025264966 ) ) ;
#5446 = FACE_OUTER_BOUND ( 'NONE', #1667, .T. ) ;
#5447 = CARTESIAN_POINT ( 'NONE',  ( -72.78833390537522519, 106.8596418891052906, 11.43703494025264966 ) ) ;
#5448 = ORIENTED_EDGE ( 'NONE', *, *, #3647, .T. ) ;
#5449 = CARTESIAN_POINT ( 'NONE',  ( 52.93347167279079457, 113.4737590738869102, 11.43703494020664380 ) ) ;
#5450 = CARTESIAN_POINT ( 'NONE',  ( -107.9899466963466210, 163.7412373122827205, 11.33967838187718868 ) ) ;
#5451 = CARTESIAN_POINT ( 'NONE',  ( -46.77532489279001737, 105.6890270596129824, 11.63703494020662177 ) ) ;
#5452 = CARTESIAN_POINT ( 'NONE',  ( -109.4759170257318459, 158.8474562153934073, 11.43703494025265144 ) ) ;
#5453 = DIRECTION ( 'NONE',  ( 1.000000000000000000, 7.016861474336776637E-14, 0.000000000000000000 ) ) ;
#5454 = CARTESIAN_POINT ( 'NONE',  ( -57.12624615741453482, 104.4381624472215151, 11.23067580849728309 ) ) ;
#5455 = EDGE_LOOP ( 'NONE', ( #7189, #539, #4200, #7201 ) ) ;
#5456 = FACE_OUTER_BOUND ( 'NONE', #1539, .T. ) ;
#5457 = ORIENTED_EDGE ( 'NONE', *, *, #1818, .F. ) ;
#5458 = CARTESIAN_POINT ( 'NONE',  ( -57.17713588516104295, 104.4181027886975954, 11.63703510122566698 ) ) ;
#5459 = CARTESIAN_POINT ( 'NONE',  ( -57.21147214627506372, 178.4270247521093324, 2.560097286703860942 ) ) ;
#5460 = CARTESIAN_POINT ( 'NONE',  ( -54.33143598725516199, 105.5131840881804379, 1.637034940206620437 ) ) ;
#5461 = CARTESIAN_POINT ( 'NONE',  ( -98.77811038646638053, 112.4813502137086942, 2.560097286703860942 ) ) ;
#5462 = CARTESIAN_POINT ( 'NONE',  ( -111.4004268168478688, 158.1194121775132828, 1.637034940206621103 ) ) ;
#5463 = CARTESIAN_POINT ( 'NONE',  ( -114.6381494847182694, 128.7585711626301190, 2.560097286703860942 ) ) ;
#5464 = CARTESIAN_POINT ( 'NONE',  ( -114.0668159805356794, 150.2660227230106216, 11.43703494025264966 ) ) ;
#5465 = CARTESIAN_POINT ( 'NONE',  ( 48.49253161544524460, 112.9368845822502152, 11.63703494020662355 ) ) ;
#5466 = FACE_OUTER_BOUND ( 'NONE', #7078, .T. ) ;
#5467 = CARTESIAN_POINT ( 'NONE',  ( -101.0804236728247361, 115.7667308544104259, 11.63703494020662177 ) ) ;
#5468 = CARTESIAN_POINT ( 'NONE',  ( -90.05077970725830028, 108.7764157227035469, 2.560097286703860497 ) ) ;
#5469 = CARTESIAN_POINT ( 'NONE',  ( -98.19671491731027402, 170.6633099567647207, 11.63703494020660223 ) ) ;
#5470 = CARTESIAN_POINT ( 'NONE',  ( -112.1897205811440017, 127.9020433122372822, 11.63703494020661999 ) ) ;
#5471 = CARTESIAN_POINT ( 'NONE',  ( -97.16375892014906412, 112.6249559730252656, 1.637034940206621103 ) ) ;
#5472 = B_SPLINE_CURVE_WITH_KNOTS ( 'NONE', 3,
 ( #2246, #6849, #3896, #585, #5710, #507 ),
 .UNSPECIFIED., .F., .F.,
 ( 4, 2, 4 ),
 ( 0.0004129822015205847764, 0.006280180768561772174, 0.01214737933560295843 ),
 .UNSPECIFIED. ) ;
#5473 = CARTESIAN_POINT ( 'NONE',  ( 48.41235587792538553, 169.9264718380467798, 11.63703494020662177 ) ) ;
#5474 = CARTESIAN_POINT ( 'NONE',  ( 56.22094048253082832, 112.3304422259698754, 11.30903196332913652 ) ) ;
#5475 = CARTESIAN_POINT ( 'NONE',  ( -116.6418553869251724, 148.8186356112480837, 2.560097286703862274 ) ) ;
#5476 = CARTESIAN_POINT ( 'NONE',  ( -57.02639273572275158, 178.4142380250559370, 2.560097286703860942 ) ) ;
#5477 = CARTESIAN_POINT ( 'NONE',  ( -57.27615762978004454, 176.6272374460812387, 11.63703494020662177 ) ) ;
#5478 = CARTESIAN_POINT ( 'NONE',  ( -103.3392528068108192, 115.6735965396522516, 1.944722389039034161 ) ) ;
#5479 = CARTESIAN_POINT ( 'NONE',  ( -89.21893976993497688, 173.4800969582584287, 1.637034940206621103 ) ) ;
#5480 = CARTESIAN_POINT ( 'NONE',  ( -67.98376044760391324, 106.2109128653210064, 11.63703494020662355 ) ) ;
#5481 = EDGE_LOOP ( 'NONE', ( #6141 ) ) ;
#5482 = EDGE_CURVE ( 'NONE', #5024, #6025, #3503, .T. ) ;
#5483 = CARTESIAN_POINT ( 'NONE',  ( -110.6134395165033197, 160.6602070615892046, 11.03335748083253698 ) ) ;
#5484 = CARTESIAN_POINT ( 'NONE',  ( -114.8158436231529862, 148.6295368897064009, 11.63703494020662532 ) ) ;
#5485 = CARTESIAN_POINT ( 'NONE',  ( 52.38927327149941959, 171.3938510296047752, 2.593440447047020481 ) ) ;
#5486 = CARTESIAN_POINT ( 'NONE',  ( -56.59686187631336907, 104.5009004343731931, 11.38729958417726706 ) ) ;
#5487 = CARTESIAN_POINT ( 'NONE',  ( -57.15129637701046050, 104.4364299185664038, 10.82325831188799370 ) ) ;
#5488 = ORIENTED_EDGE ( 'NONE', *, *, #5358, .F. ) ;
#5489 = CARTESIAN_POINT ( 'NONE',  ( -73.09616364177651349, 104.8653133057091935, 11.63703494020730922 ) ) ;
#5490 = ORIENTED_EDGE ( 'NONE', *, *, #7238, .F. ) ;
#5491 = CARTESIAN_POINT ( 'NONE',  ( -79.50785326451718049, 174.9073520278676881, 11.43703494025265144 ) ) ;
#5492 = CARTESIAN_POINT ( 'NONE',  ( 36.88211678794959880, 111.2402430236934663, 11.63703494020662177 ) ) ;
#5493 =( BOUNDED_SURFACE ( )  B_SPLINE_SURFACE ( 3, 2, ( 
 ( #7146, #5967, #1973 ),
 ( #762, #4255, #5364 ),
 ( #3048, #3683, #2495 ),
 ( #3124, #6041, #2605 ),
 ( #3276, #3349, #7253 ),
 ( #5582, #534, #3884 ) ),
 .UNSPECIFIED., .F., .F., .F. ) 
 B_SPLINE_SURFACE_WITH_KNOTS ( ( 4, 2, 4 ),
 ( 3, 3 ),
 ( 0.1691806696304236912, 0.1928923007053723604, 0.2166039317803210296 ),
 ( 0.000000000000000000, 0.6343285841314429963 ),
 .UNSPECIFIED. ) 
 GEOMETRIC_REPRESENTATION_ITEM ( )  RATIONAL_B_SPLINE_SURFACE ( (
 ( 1.000000000000000000, 0.9990719130423233452, 0.9993212502562744959),
 ( 1.000000000000000000, 0.9993795233287877666, 0.9995462188342489895),
 ( 1.000000000000000000, 0.9994702288078859409, 0.9996125556361865616),
 ( 1.000000000000000000, 0.9992014752784936782, 0.9994160046689615218),
 ( 1.000000000000000000, 0.9988420015689210008, 0.9991531061482676890),
 ( 1.000000000000000000, 0.9982525785559935860, 0.9987220358529023123) ) ) 
 REPRESENTATION_ITEM ( '' )  SURFACE ( )  );
#5494 = EDGE_CURVE ( 'NONE', #3851, #4458, #1258, .T. ) ;
#5495 = CARTESIAN_POINT ( 'NONE',  ( -56.69367813518380927, 178.3912267465949526, 2.560097286697720076 ) ) ;
#5496 = CARTESIAN_POINT ( 'NONE',  ( -71.11669255839751713, 104.6447161977946934, 2.560097286703856945 ) ) ;
#5497 = CARTESIAN_POINT ( 'NONE',  ( -113.8848586734827819, 153.7405261179072227, 1.637034940206620659 ) ) ;
#5498 = ORIENTED_EDGE ( 'NONE', *, *, #166, .T. ) ;
#5499 = CARTESIAN_POINT ( 'NONE',  ( -106.6255801048728244, 162.2502962621236406, 11.43703494025264966 ) ) ;
#5500 = CARTESIAN_POINT ( 'NONE',  ( -58.27091130244116357, 178.5084253741450766, 11.69964475590668940 ) ) ;
#5501 = VERTEX_POINT ( 'NONE', #4082 ) ;
#5502 = CARTESIAN_POINT ( 'NONE',  ( 41.03006536749685296, 171.7107232829701786, 9.724448169888624705 ) ) ;
#5503 = CARTESIAN_POINT ( 'NONE',  ( -100.1460053409408459, 115.2479626338139127, 11.63703494020662177 ) ) ;
#5504 = ADVANCED_FACE ( 'NONE', ( #6393, #3517, #3976, #5835, #553, #6468, #1982, #851, #5336, #695, #5297, #6655, #6052, #6200 ), #3852, .T. ) ;
#5505 = CARTESIAN_POINT ( 'NONE',  ( -97.57757949097856454, 111.8914048152664407, 2.560097286703860497 ) ) ;
#5506 = FACE_OUTER_BOUND ( 'NONE', #938, .T. ) ;
#5507 = CARTESIAN_POINT ( 'NONE',  ( -106.1417754388814103, 119.8160532340686331, 11.63703494020661999 ) ) ;
#5508 = CARTESIAN_POINT ( 'NONE',  ( -87.29147749999556538, 108.7535804147434249, 1.637034940206621325 ) ) ;
#5509 = CARTESIAN_POINT ( 'NONE',  ( -107.1825607703767389, 118.2938451760337131, 11.30957884067315788 ) ) ;
#5510 = CARTESIAN_POINT ( 'NONE',  ( 45.65836198597401108, 170.0526626063731328, 11.63703494020661999 ) ) ;
#5511 = CARTESIAN_POINT ( 'NONE',  ( -49.59428897071270370, 177.5021457303371335, 10.20384971214478753 ) ) ;
#5512 = B_SPLINE_CURVE_WITH_KNOTS ( 'NONE', 3,
 ( #915, #1506, #3202, #5511, #2080, #6151, #4363 ),
 .UNSPECIFIED., .F., .F.,
 ( 4, 3, 4 ),
 ( 0.000000000000000000, 0.0001211964574980047812, 0.0001212564574229205107 ),
 .UNSPECIFIED. ) ;
#5513 = CARTESIAN_POINT ( 'NONE',  ( -103.1668448701282585, 166.9654657368400592, 1.637034940206620881 ) ) ;
#5514 = CYLINDRICAL_SURFACE ( 'NONE', #5804, 2.149999999999998135 ) ;
#5515 = CARTESIAN_POINT ( 'NONE',  ( -68.75940637994835924, 176.5896244645547597, 11.63703494020662710 ) ) ;
#5516 = EDGE_LOOP ( 'NONE', ( #4238 ) ) ;
#5517 = DIRECTION ( 'NONE',  ( -0.06400816449555031540, -0.9979493749073199416, 0.000000000000000000 ) ) ;
#5518 = CARTESIAN_POINT ( 'NONE',  ( 48.83458443336093779, 113.1562570471236882, 11.43703494020664202 ) ) ;
#5519 = CARTESIAN_POINT ( 'NONE',  ( -115.4345544187251420, 152.3328544228052408, 11.36000591409048610 ) ) ;
#5520 = DIRECTION ( 'NONE',  ( -1.000000000000000000, 0.000000000000000000, 0.000000000000000000 ) ) ;
#5521 = CARTESIAN_POINT ( 'NONE',  ( -56.09057465074451443, 105.3508958984171358, 1.637034940206621103 ) ) ;
#5522 = CARTESIAN_POINT ( 'NONE',  ( -52.72707702224056447, 104.9633294332873135, 11.11081167578982587 ) ) ;
#5523 = CARTESIAN_POINT ( 'NONE',  ( 44.95539236201849320, 170.0860110418518047, 11.63703494020662177 ) ) ;
#5524 = VERTEX_POINT ( 'NONE', #466 ) ;
#5525 = CARTESIAN_POINT ( 'NONE',  ( 1.843924496549957714, 157.4296532796704469, 1.637034940206621103 ) ) ;
#5526 = ORIENTED_EDGE ( 'NONE', *, *, #2073, .F. ) ;
#5527 = EDGE_CURVE ( 'NONE', #6990, #6990, #4378, .T. ) ;
#5528 = SURFACE_SIDE_STYLE ('',( #6096 ) ) ;
#5529 = CARTESIAN_POINT ( 'NONE',  ( -49.20628029009431259, 177.7409282768164189, 3.603659966444191731 ) ) ;
#5530 = ADVANCED_FACE ( 'NONE', ( #6084 ), #924, .T. ) ;
#5531 = CARTESIAN_POINT ( 'NONE',  ( -49.59422954331312638, 177.5021381200515123, 9.937738447946770748 ) ) ;
#5532 = CARTESIAN_POINT ( 'NONE',  ( -99.66243232094490168, 169.9201956326870970, 11.63703494020682427 ) ) ;
#5533 = CARTESIAN_POINT ( 'NONE',  ( 53.24232211848041629, 169.3601322599645016, 11.43703494025265144 ) ) ;
#5534 = CARTESIAN_POINT ( 'NONE',  ( -114.1433087424713619, 153.1819835832191075, 1.637034940206621103 ) ) ;
#5535 = ORIENTED_EDGE ( 'NONE', *, *, #1773, .F. ) ;
#5536 = CARTESIAN_POINT ( 'NONE',  ( -113.5428486487191435, 152.1470172383659190, 11.63703494020661999 ) ) ;
#5537 = CARTESIAN_POINT ( 'NONE',  ( -57.31277084732095517, 178.4339264636049620, 11.24259280820771068 ) ) ;
#5538 = CARTESIAN_POINT ( 'NONE',  ( -55.79536463901507659, 104.5929873317910364, 2.431412401160708114 ) ) ;
#5539 = CARTESIAN_POINT ( 'NONE',  ( -100.7868243613072821, 115.6023921997793877, 11.63703494020662177 ) ) ;
#5540 = CARTESIAN_POINT ( 'NONE',  ( -93.02509907222336949, 109.8847387123176702, 2.560097286703861386 ) ) ;
#5541 = CARTESIAN_POINT ( 'NONE',  ( -38.71440635752955473, 106.4955972733852008, 11.63703494020662177 ) ) ;
#5542 = PLANE ( 'NONE',  #7372 ) ;
#5543 = CARTESIAN_POINT ( 'NONE',  ( -52.81614180042782181, 178.0717494800431666, 2.617082181114626760 ) ) ;
#5544 = CARTESIAN_POINT ( 'NONE',  ( 48.66678985627433462, 169.9128275425324262, 11.63703494020662177 ) ) ;
#5545 = DIRECTION ( 'NONE',  ( -0.000000000000000000, -0.000000000000000000, 1.000000000000000000 ) ) ;
#5546 = CARTESIAN_POINT ( 'NONE',  ( -115.7484567451063526, 151.4892813927821180, 2.560097286703860497 ) ) ;
#5547 = AXIS2_PLACEMENT_3D ( 'NONE', #667, #2542, #6473 ) ;
#5548 = ORIENTED_EDGE ( 'NONE', *, *, #4743, .F. ) ;
#5549 = CARTESIAN_POINT ( 'NONE',  ( -93.50583044501213692, 112.2144235065697302, 5.637034940206621769 ) ) ;
#5550 = CARTESIAN_POINT ( 'NONE',  ( -75.80356361880869542, 175.7804622799953336, 11.63703494020662177 ) ) ;
#5551 = CARTESIAN_POINT ( 'NONE',  ( 51.66135203287136335, 113.3691210533891507, 11.43703494020664380 ) ) ;
#5552 = CARTESIAN_POINT ( 'NONE',  ( -73.77588186418329030, 106.7841090758330154, 11.63703494020661999 ) ) ;
#5553 = ORIENTED_EDGE ( 'NONE', *, *, #4138, .F. ) ;
#5554 = CARTESIAN_POINT ( 'NONE',  ( 49.73917308216983457, 112.0701240377619570, 1.637034940206621103 ) ) ;
#5555 = CARTESIAN_POINT ( 'NONE',  ( -112.2894446572436209, 158.3239544559335172, 11.12927722790524854 ) ) ;
#5556 = AXIS2_PLACEMENT_3D ( 'NONE', #3799, #2640, #1501 ) ;
#5557 = CARTESIAN_POINT ( 'NONE',  ( -112.1860748554492631, 154.9536617518448622, 11.63703494020661999 ) ) ;
#5558 = CARTESIAN_POINT ( 'NONE',  ( -102.7376429383153180, 168.2517691095164878, 11.64147980097683366 ) ) ;
#5559 = CARTESIAN_POINT ( 'NONE',  ( 50.64927462949678727, 171.5574966982762817, 2.576053523579943771 ) ) ;
#5560 = CARTESIAN_POINT ( 'NONE',  ( 41.03006536749685296, 221.7107232829702070, 9.724448169888688653 ) ) ;
#5561 = CARTESIAN_POINT ( 'NONE',  ( -56.95861876918445432, 178.4095506274668423, 2.560097366091305560 ) ) ;
#5562 = ORIENTED_EDGE ( 'NONE', *, *, #736, .F. ) ;
#5563 = CARTESIAN_POINT ( 'NONE',  ( -56.69367804504229014, 104.4680798156947787, 2.560096196074683750 ) ) ;
#5564 = ORIENTED_EDGE ( 'NONE', *, *, #7442, .F. ) ;
#5565 = DIRECTION ( 'NONE',  ( 0.9979493749012920967, 0.06400816458952801602, -8.574976493982597259E-19 ) ) ;
#5566 = CARTESIAN_POINT ( 'NONE',  ( -52.17162566973895821, 177.8285027593309735, 7.961447103840361805 ) ) ;
#5567 = EDGE_CURVE ( 'NONE', #7386, #5593, #1518, .T. ) ;
#5568 = CARTESIAN_POINT ( 'NONE',  ( -110.5812354701620563, 122.1537824108129797, 2.560097286702543329 ) ) ;
#5569 = CARTESIAN_POINT ( 'NONE',  ( -98.77811038919246300, 170.3779563386242728, 2.560097286697728958 ) ) ;
#5570 = CARTESIAN_POINT ( 'NONE',  ( -114.9005777251555429, 134.4990973790862085, 11.63703494020662355 ) ) ;
#5571 = CARTESIAN_POINT ( 'NONE',  ( -52.13733665365839443, 177.8231079135842094, 10.38095071381417434 ) ) ;
#5572 = ORIENTED_EDGE ( 'NONE', *, *, #1564, .F. ) ;
#5573 = CARTESIAN_POINT ( 'NONE',  ( -107.6776037391421852, 161.3904333730550036, 11.63703494020661822 ) ) ;
#5574 = ORIENTED_EDGE ( 'NONE', *, *, #2943, .T. ) ;
#5575 = CARTESIAN_POINT ( 'NONE',  ( -57.17644701739759228, 178.4246151360942747, 10.82503689843169425 ) ) ;
#5576 = ORIENTED_EDGE ( 'NONE', *, *, #1798, .F. ) ;
#5577 = EDGE_CURVE ( 'NONE', #3135, #6702, #1749, .T. ) ;
#5578 = CARTESIAN_POINT ( 'NONE',  ( -55.95104116121655125, 104.5748107302440388, 2.337974470432500951 ) ) ;
#5579 = CARTESIAN_POINT ( 'NONE',  ( -63.90053964837697009, 104.2532816636203421, 2.560097286703860942 ) ) ;
#5580 = LINE ( 'NONE', #1466, #141 ) ;
#5581 = CARTESIAN_POINT ( 'NONE',  ( -113.3624232119325228, 130.2950792165591167, 11.63703494020661822 ) ) ;
#5582 = CARTESIAN_POINT ( 'NONE',  ( 52.99749097973902678, 111.6568673788694497, 9.724448169893864957 ) ) ;
#5583 = CARTESIAN_POINT ( 'NONE',  ( 46.55905708663399167, 171.7705921078078006, 2.592370433348890391 ) ) ;
#5584 = CARTESIAN_POINT ( 'NONE',  ( 52.52108957432970016, 169.6206779906865165, 11.63703494020661822 ) ) ;
#5585 = CARTESIAN_POINT ( 'NONE',  ( -114.5020116509398918, 154.3847671283445209, 2.560097286703861386 ) ) ;
#5586 = EDGE_LOOP ( 'NONE', ( #1870, #7288, #5883, #31 ) ) ;
#5587 = CARTESIAN_POINT ( 'NONE',  ( -72.87411438787371765, 106.8535577743967337, 5.637034940206621769 ) ) ;
#5588 = ADVANCED_FACE ( 'NONE', ( #1070 ), #840, .T. ) ;
#5589 = CARTESIAN_POINT ( 'NONE',  ( 49.54308871458300700, 113.0003781915203831, 11.63703494020662177 ) ) ;
#5590 = EDGE_CURVE ( 'NONE', #1165, #6351, #3755, .T. ) ;
#5591 = CARTESIAN_POINT ( 'NONE',  ( -80.68655791014549550, 174.6508410862679455, 11.43703494025265144 ) ) ;
#5592 = CARTESIAN_POINT ( 'NONE',  ( -72.81254756359031433, 106.6611001603738345, 11.63703494020662355 ) ) ;
#5593 = VERTEX_POINT ( 'NONE', #1507 ) ;
#5594 = CARTESIAN_POINT ( 'NONE',  ( 49.64099468593505549, 171.6373600429499504, 2.569563588830770851 ) ) ;
#5595 = CIRCLE ( 'NONE', #658, 144.1305048128826343 ) ;
#5596 = CARTESIAN_POINT ( 'NONE',  ( -111.1535939354407532, 156.7419056924445329, 11.63703494020662177 ) ) ;
#5597 = CARTESIAN_POINT ( 'NONE',  ( 42.81160654271690902, 170.0072307208233440, 11.43703494025265144 ) ) ;
#5598 = EDGE_CURVE ( 'NONE', #1844, #253, #4717, .T. ) ;
#5599 = CARTESIAN_POINT ( 'NONE',  ( -108.3793086878664269, 160.2597734723973701, 11.43703494025265144 ) ) ;
#5600 = CARTESIAN_POINT ( 'NONE',  ( -97.88542983427872457, 114.2713449506450729, 11.43703494025265144 ) ) ;
#5601 = DIRECTION ( 'NONE',  ( 1.000000000000000000, 9.417096732041348204E-11, 0.000000000000000000 ) ) ;
#5602 = ORIENTED_EDGE ( 'NONE', *, *, #5213, .F. ) ;
#5603 = CARTESIAN_POINT ( 'NONE',  ( 41.57798809823456310, 110.8561770949124394, 2.633229638298415054 ) ) ;
#5604 = ORIENTED_EDGE ( 'NONE', *, *, #1583, .T. ) ;
#5605 = CARTESIAN_POINT ( 'NONE',  ( -75.67124537917274552, 175.5987156471898345, 5.637034940206621769 ) ) ;
#5606 = CARTESIAN_POINT ( 'NONE',  ( 53.51837649488000181, 171.0869857360040385, 10.47346267971693834 ) ) ;
#5607 = CARTESIAN_POINT ( 'NONE',  ( -54.98445800773326653, 178.4284623762806348, -0.01136468025376459468 ) ) ;
#5608 = CARTESIAN_POINT ( 'NONE',  ( 53.46236541582226920, 111.5665191271587418, 2.603951291750366437 ) ) ;
#5609 = CARTESIAN_POINT ( 'NONE',  ( -88.65630493309933513, 174.5783260571709548, 2.560097286697724517 ) ) ;
#5610 = CARTESIAN_POINT ( 'NONE',  ( 52.53619289787779678, 169.4186879306626281, 11.43703494025265144 ) ) ;
#5611 = CARTESIAN_POINT ( 'NONE',  ( -54.07405456856596970, 178.0601196708921350, 10.55134137874136790 ) ) ;
#5612 = ORIENTED_EDGE ( 'NONE', *, *, #7482, .T. ) ;
#5613 = CARTESIAN_POINT ( 'NONE',  ( -104.4252291871369493, 164.6886343502908971, 11.63703494020662532 ) ) ;
#5614 = CARTESIAN_POINT ( 'NONE',  ( -57.04256810222207719, 178.4321018784405624, 11.63544230788223288 ) ) ;
#5615 = ORIENTED_EDGE ( 'NONE', *, *, #5410, .F. ) ;
#5616 = CARTESIAN_POINT ( 'NONE',  ( -53.51080815004529256, 104.6011755526757696, 0.8533926636969859647 ) ) ;
#5617 = ADVANCED_FACE ( 'NONE', ( #8 ), #1560, .T. ) ;
#5618 = AXIS2_PLACEMENT_3D ( 'NONE', #5647, #3945, #4431 ) ;
#5619 = CARTESIAN_POINT ( 'NONE',  ( -66.15541994625029076, 104.3126876113134074, 2.560097286703860942 ) ) ;
#5620 = FACE_BOUND ( 'NONE', #7430, .T. ) ;
#5621 = DIRECTION ( 'NONE',  ( -0.000000000000000000, -0.000000000000000000, 1.000000000000000000 ) ) ;
#5622 = CARTESIAN_POINT ( 'NONE',  ( -53.48376950006727526, 178.1244230430909568, 2.612042366441643448 ) ) ;
#5623 = CARTESIAN_POINT ( 'NONE',  ( -102.0320360866944753, 116.3066258278512493, 11.63703494020662355 ) ) ;
#5624 = CARTESIAN_POINT ( 'NONE',  ( 51.09040592657515134, 169.7411257697909264, 11.63703494020662355 ) ) ;
#5625 = CARTESIAN_POINT ( 'NONE',  ( -104.3292704939864137, 118.2792371565710141, 11.43703494025265144 ) ) ;
#5626 = CARTESIAN_POINT ( 'NONE',  ( -115.4028519427360493, 152.3672810069823811, 2.560097286703860942 ) ) ;
#5627 = ORIENTED_EDGE ( 'NONE', *, *, #3161, .F. ) ;
#5628 = CARTESIAN_POINT ( 'NONE',  ( 53.73506283109539794, 111.5931204401636734, 2.637034940206396172 ) ) ;
#5629 = CARTESIAN_POINT ( 'NONE',  ( 48.91772057879643398, 112.9607501033420220, 11.63703494020662177 ) ) ;
#5630 = CARTESIAN_POINT ( 'NONE',  ( -114.7025507813875720, 134.5527295506050507, 11.43703494025265321 ) ) ;
#5631 = VERTEX_POINT ( 'NONE', #5137 ) ;
#5632 = CARTESIAN_POINT ( 'NONE',  ( 49.71838481777069063, 171.6319271074510482, 2.569777204445472751 ) ) ;
#5633 = EDGE_CURVE ( 'NONE', #2139, #1593, #6205, .T. ) ;
#5634 = CARTESIAN_POINT ( 'NONE',  ( -49.83808207545050095, 105.2733033449103317, 11.63703494020649920 ) ) ;
#5635 = CARTESIAN_POINT ( 'NONE',  ( -110.6120181656099390, 123.6072392101712438, 1.637034940206621991 ) ) ;
#5636 = CARTESIAN_POINT ( 'NONE',  ( -56.97197970952323232, 105.2899359728853454, 1.637034940206621103 ) ) ;
#5637 = B_SPLINE_CURVE_WITH_KNOTS ( 'NONE', 3,
 ( #1393, #6038, #874, #4788 ),
 .UNSPECIFIED., .F., .F.,
 ( 4, 4 ),
 ( 0.000000000000000000, 1.000000000000000000 ),
 .UNSPECIFIED. ) ;
#5638 = CARTESIAN_POINT ( 'NONE',  ( -52.66544144015396256, 104.9249220080829588, 11.78297554120971391 ) ) ;
#5639 = CARTESIAN_POINT ( 'NONE',  ( -101.7966531808362163, 166.6869982941299213, 11.63703494020662532 ) ) ;
#5640 = CARTESIAN_POINT ( 'NONE',  ( -57.16194067137063684, 104.4356937355991306, 11.63703494020730567 ) ) ;
#5641 = ORIENTED_EDGE ( 'NONE', *, *, #342, .F. ) ;
#5642 = CARTESIAN_POINT ( 'NONE',  ( -72.78785492105565424, 176.0161927891086009, 5.637034940206621769 ) ) ;
#5643 = CARTESIAN_POINT ( 'NONE',  ( -101.7187508831018761, 114.0611923585236553, 10.89404112731262586 ) ) ;
#5644 = EDGE_CURVE ( 'NONE', #3954, #246, #2878, .T. ) ;
#5645 = CARTESIAN_POINT ( 'NONE',  ( -57.11571291825407570, 178.4183001569418821, 4.573258631099406557 ) ) ;
#5646 = B_SPLINE_CURVE_WITH_KNOTS ( 'NONE', 3,
 ( #6081, #6691, #7263, #1514, #1176, #3425, #3206, #7451 ),
 .UNSPECIFIED., .F., .F.,
 ( 4, 2, 2, 4 ),
 ( -6.000000000715977885E-08, 0.0004157512080800349844, 0.0008315624161600772019, 0.001663184832320140387 ),
 .UNSPECIFIED. ) ;
#5647 = CARTESIAN_POINT ( 'NONE',  ( 23.84392449805661940, 165.4296532796704469, 5.637034940206621769 ) ) ;
#5648 = CARTESIAN_POINT ( 'NONE',  ( -82.90755630548343902, 176.2130599779237059, 11.63703494020681894 ) ) ;
#5649 = CARTESIAN_POINT ( 'NONE',  ( 50.59637715879284769, 169.5809662441811554, 11.43703494025265144 ) ) ;
#5650 = CARTESIAN_POINT ( 'NONE',  ( -55.68517955317797430, 178.2519253217193125, 10.69803496458970926 ) ) ;
#5651 = ORIENTED_EDGE ( 'NONE', *, *, #166, .F. ) ;
#5652 = CARTESIAN_POINT ( 'NONE',  ( -109.6470566673188074, 158.9522983315368094, 11.63703494020662177 ) ) ;
#5653 = ORIENTED_EDGE ( 'NONE', *, *, #1237, .T. ) ;
#5654 = CARTESIAN_POINT ( 'NONE',  ( -57.24541124450860252, 178.4293470888767388, 10.83032100355327643 ) ) ;
#5655 = ORIENTED_EDGE ( 'NONE', *, *, #1390, .T. ) ;
#5656 = CARTESIAN_POINT ( 'NONE',  ( -79.19532810522903787, 176.1499673257532947, 1.637034940206619549 ) ) ;
#5657 = FACE_OUTER_BOUND ( 'NONE', #7404, .T. ) ;
#5658 = CARTESIAN_POINT ( 'NONE',  ( -53.44394719698975393, 177.2811300661857672, 1.637034940206621103 ) ) ;
#5659 = CARTESIAN_POINT ( 'NONE',  ( -49.67624479650821456, 105.3466655454284364, 9.937738447944894915 ) ) ;
#5660 = CARTESIAN_POINT ( 'NONE',  ( -49.59422953991614236, 105.3571684369131418, 9.939459659239469502 ) ) ;
#5661 = VERTEX_POINT ( 'NONE', #5099 ) ;
#5662 = CARTESIAN_POINT ( 'NONE',  ( 42.82440700208569950, 170.2068206710570735, 11.63703494020662177 ) ) ;
#5663 = CARTESIAN_POINT ( 'NONE',  ( -76.73014646806120709, 107.4160833067483054, 11.43703494025265144 ) ) ;
#5664 = EDGE_LOOP ( 'NONE', ( #2496, #2439, #5670, #1846, #6714 ) ) ;
#5665 = DIRECTION ( 'NONE',  ( -1.000000000000000000, 0.000000000000000000, 0.000000000000000000 ) ) ;
#5666 = CARTESIAN_POINT ( 'NONE',  ( 52.05100300322521889, 113.1988584188791265, 11.63703494020662355 ) ) ;
#5667 = EDGE_CURVE ( 'NONE', #615, #3143, #5671, .T. ) ;
#5668 = CARTESIAN_POINT ( 'NONE',  ( -88.12961231732263911, 172.8368257132526082, 11.63703494020662710 ) ) ;
#5669 = VECTOR ( 'NONE', #1876, 1000.000000000000000 ) ;
#5670 = ORIENTED_EDGE ( 'NONE', *, *, #4947, .T. ) ;
#5671 = B_SPLINE_CURVE_WITH_KNOTS ( 'NONE', 3,
 ( #5175, #3679, #7027, #796 ),
 .UNSPECIFIED., .F., .F.,
 ( 4, 4 ),
 ( 0.000000000000000000, 0.0002759821184623363231 ),
 .UNSPECIFIED. ) ;
#5672 = CARTESIAN_POINT ( 'NONE',  ( 48.45582465507407477, 171.7037651054084790, 2.573756088548148302 ) ) ;
#5673 = CLOSED_SHELL ( 'NONE', ( #7261, #4938, #3668, #2700, #7359, #5826, #578, #2239, #3907, #1286, #1322, #6759, #568, #4691, #6237, #2693, #552, #7191, #3260, #776, #6159, #4360, #6356, #3732, #6547, #3963, #4655, #2736, #6649, #1152, #390, #2370, #7080, #7394, #5504, #3782, #3091, #6589, #2764, #1245, #1944, #7370, #7062, #6454, #4875, #4535, #3761, #5962, #994, #5870, #2008, #3269, #6017, #6320, #5617, #4871, #463, #623, #7166, #5827, #6877, #5530, #1792, #6191, #2507, #1197, #4784, #4153, #2122, #4293, #2330, #2041, #4791, #1180, #1674, #5403, #6922, #7081, #6570, #4557, #5439, #2025, #5588, #4242, #5687, #382, #5879, #1243, #6497, #2958, #6359, #3466, #943, #6543, #1862, #5025, #3138, #4521, #738, #1480, #1515, #2460, #364, #4063, #4647, #441, #4785, #879, #1708, #4474, #4357, #4433, #824, #2898, #114, #1520, #2195, #3169, #138, #5904, #6582, #6411, #5788, #1333, #4088, #2909 ) ) ;
#5674 = CARTESIAN_POINT ( 'NONE',  ( -49.10088980576783513, 177.4388096130766428, 10.96943863590378321 ) ) ;
#5675 = CARTESIAN_POINT ( 'NONE',  ( -75.24063862731298968, 106.0199957313235473, 1.637034940206621103 ) ) ;
#5676 = CARTESIAN_POINT ( 'NONE',  ( -56.43692543287372132, 105.0665026257680523, 1.922851314391390787 ) ) ;
#5677 = CARTESIAN_POINT ( 'NONE',  ( -57.16196842818074941, 178.4236160091579961, 10.83214780339430661 ) ) ;
#5678 = PRODUCT_RELATED_PRODUCT_CATEGORY ( 'part', '', ( #6266 ) ) ;
#5679 = CARTESIAN_POINT ( 'NONE',  ( -103.5092297922600864, 167.7628620188512230, 11.17608022377219967 ) ) ;
#5680 = ORIENTED_EDGE ( 'NONE', *, *, #5667, .T. ) ;
#5681 = CARTESIAN_POINT ( 'NONE',  ( -61.18902445752825514, 176.6973801700324032, 11.43703494025265144 ) ) ;
#5682 = CARTESIAN_POINT ( 'NONE',  ( -55.95540962685110031, 178.2849977070037824, 2.335445748788632869 ) ) ;
#5683 = CARTESIAN_POINT ( 'NONE',  ( -56.44023293220124060, 177.8045663953384974, 1.935508850928950197 ) ) ;
#5684 = CARTESIAN_POINT ( 'NONE',  ( -110.5812354701620563, 122.1537824108129797, 11.63703494020661111 ) ) ;
#5685 = CARTESIAN_POINT ( 'NONE',  ( -49.84815853811808495, 105.3035309461256901, 11.14046292164931806 ) ) ;
#5686 = CIRCLE ( 'NONE', #2432, 2.510899749864583974 ) ;
#5687 = ADVANCED_FACE ( 'NONE', ( #7453 ), #1985, .T. ) ;
#5688 = CARTESIAN_POINT ( 'NONE',  ( -115.1436809303440185, 135.3662292008677355, 11.63703494020662355 ) ) ;
#5689 = CARTESIAN_POINT ( 'NONE',  ( 52.04914947223875288, 170.5840409947594480, 1.637034940206621103 ) ) ;
#5690 = ORIENTED_EDGE ( 'NONE', *, *, #1127, .F. ) ;
#5691 = CARTESIAN_POINT ( 'NONE',  ( 51.66135203287136335, 113.3691210533891507, 5.637034940206621769 ) ) ;
#5692 = ORIENTED_EDGE ( 'NONE', *, *, #2838, .T. ) ;
#5693 = CARTESIAN_POINT ( 'NONE',  ( -57.19494611419346342, 178.4425114666513252, 11.64258116926299991 ) ) ;
#5694 = CARTESIAN_POINT ( 'NONE',  ( -60.10127625845181853, 177.7340284856017831, 1.637034940206620881 ) ) ;
#5695 = CARTESIAN_POINT ( 'NONE',  ( -47.98760410482331906, 105.5093297088387203, 11.81685382719786581 ) ) ;
#5696 = CARTESIAN_POINT ( 'NONE',  ( 46.50229281198519260, 170.9344810045540157, 1.637034940206621103 ) ) ;
#5697 = CARTESIAN_POINT ( 'NONE',  ( -49.59428896731571967, 105.3571608266275206, 10.20384971214478753 ) ) ;
#5698 = CARTESIAN_POINT ( 'NONE',  ( -56.05090077898010037, 178.3467708414196409, 2.592781512202910310 ) ) ;
#5699 = CARTESIAN_POINT ( 'NONE',  ( -113.4544417421578117, 126.4728114565154726, 11.58907779727785758 ) ) ;
#5700 = CARTESIAN_POINT ( 'NONE',  ( 52.52490584076940650, 169.6203566243029286, 11.63703494020662177 ) ) ;
#5701 = CARTESIAN_POINT ( 'NONE',  ( 48.30630026469786031, 113.1246923041667287, 11.43703494020664380 ) ) ;
#5702 = CARTESIAN_POINT ( 'NONE',  ( -53.30050557116351229, 105.5894770959650231, 1.637034940206621103 ) ) ;
#5703 = CARTESIAN_POINT ( 'NONE',  ( -101.3073082920573427, 116.1208269825552009, 5.637034940206621769 ) ) ;
#5704 = VERTEX_POINT ( 'NONE', #1858 ) ;
#5705 = CARTESIAN_POINT ( 'NONE',  ( -57.17196455714707781, 105.2761055640456362, 1.637034940206620437 ) ) ;
#5706 = CARTESIAN_POINT ( 'NONE',  ( 48.64550173431807423, 112.9453307497516192, 11.63703494020662177 ) ) ;
#5707 = CARTESIAN_POINT ( 'NONE',  ( -79.41218725512722187, 175.1253113079881416, 11.63703494020661999 ) ) ;
#5708 = VERTEX_POINT ( 'NONE', #5892 ) ;
#5709 = CARTESIAN_POINT ( 'NONE',  ( -35.00109321479772007, 171.6190635414147607, 11.63703494020662177 ) ) ;
#5710 = CARTESIAN_POINT ( 'NONE',  ( -66.95687780041075143, 104.3319770273410114, 11.63703494020662355 ) ) ;
#5711 = CARTESIAN_POINT ( 'NONE',  ( -110.6999204683681768, 123.7294204513898137, 1.637034940206621103 ) ) ;
#5712 = CARTESIAN_POINT ( 'NONE',  ( -59.62690673296479815, 105.1420224484092927, 1.637034940206620881 ) ) ;
#5713 = EDGE_CURVE ( 'NONE', #817, #5717, #4756, .T. ) ;
#5714 = CARTESIAN_POINT ( 'NONE',  ( -99.80765187273661354, 169.8392269908338506, 11.74226339767126781 ) ) ;
#5715 = CARTESIAN_POINT ( 'NONE',  ( -57.28713359616045153, 106.2313350587299823, 11.63703494020662177 ) ) ;
#5716 = LINE ( 'NONE', #2848, #305 ) ;
#5717 = VERTEX_POINT ( 'NONE', #6000 ) ;
#5718 = CARTESIAN_POINT ( 'NONE',  ( 56.20267221954016890, 170.5016017998072471, 11.63703494020662177 ) ) ;
#5719 = CARTESIAN_POINT ( 'NONE',  ( -55.86548178207507931, 178.2745500085725610, 2.388825897129467801 ) ) ;
#5720 = CIRCLE ( 'NONE', #1380, 2.149999999999999023 ) ;
#5721 = CARTESIAN_POINT ( 'NONE',  ( -56.55437452739582938, 177.9190042023768967, 2.052434141915708388 ) ) ;
#5722 = AXIS2_PLACEMENT_3D ( 'NONE', #588, #2883, #5185 ) ;
#5723 = CARTESIAN_POINT ( 'NONE',  ( -117.4978395606531762, 137.5785098547369500, 2.560097286702547326 ) ) ;
#5724 = CARTESIAN_POINT ( 'NONE',  ( -49.82056039186038987, 105.3279134638029433, 10.30062829186006645 ) ) ;
#5725 = CARTESIAN_POINT ( 'NONE',  ( 49.11118826149640881, 169.8869625695932086, 11.63703494020661999 ) ) ;
#5726 = CARTESIAN_POINT ( 'NONE',  ( 47.49851898288198271, 141.7107232829701786, 11.63703494020662177 ) ) ;
#5727 = ORIENTED_EDGE ( 'NONE', *, *, #1179, .T. ) ;
#5728 =( BOUNDED_SURFACE ( )  B_SPLINE_SURFACE ( 3, 2, ( 
 ( #7237, #4346, #6666 ),
 ( #6588, #1490, #934 ),
 ( #5566, #3221, #5529 ),
 ( #363, #1534, #3825 ),
 ( #403, #7433, #7469 ),
 ( #2256, #2746, #5189 ),
 ( #4580, #5117, #26 ),
 ( #3406, #6247, #1046 ),
 ( #3905, #2331, #4510 ),
 ( #555, #6323, #4617 ),
 ( #6817, #3336, #1008 ),
 ( #5645, #5719, #1159 ),
 ( #1761, #1608, #478 ),
 ( #6896, #3369, #3445 ),
 ( #4547, #5682, #2778 ),
 ( #3298, #5153, #4473 ),
 ( #5760, #1083, #517 ),
 ( #5081, #1723, #5607 ) ),
 .UNSPECIFIED., .F., .F., .F. ) 
 B_SPLINE_SURFACE_WITH_KNOTS ( ( 4, 2, 2, 2, 2, 2, 2, 2, 4 ),
 ( 3, 3 ),
 ( -1.438654976398945351E-09, 0.005138154589754050962, 0.007707232603958565076, 0.008991771611060822567, 0.009634041114611951312, 0.009794608490499732631, 0.009874892178443624158, 0.009955175866387513950, 0.01027631061816307832 ),
 ( 0.000000000000000000, 1.000000000000000000 ),
 .UNSPECIFIED. ) 
 GEOMETRIC_REPRESENTATION_ITEM ( )  RATIONAL_B_SPLINE_SURFACE ( (
 ( 1.000000000000000000, 0.9985485959852907767, 1.000000000000000000),
 ( 1.000000000000000000, 0.9985784926895268088, 1.000000000000000000),
 ( 1.000000000000000000, 0.9986101122934851748, 1.000000000000000000),
 ( 1.000000000000000000, 0.9986584006965154581, 1.000000000000000000),
 ( 1.000000000000000000, 0.9986745491312252199, 1.000000000000000000),
 ( 1.000000000000000000, 0.9986989686034619673, 1.000000000000000000),
 ( 1.000000000000000000, 0.9987071535079635742, 1.000000000000000000),
 ( 1.000000000000000000, 0.9987194768837917014, 1.000000000000000000),
 ( 1.000000000000000000, 0.9987235923284685235, 1.000000000000000000),
 ( 1.000000000000000000, 0.9987287438143680474, 1.000000000000000000),
 ( 1.000000000000000000, 0.9987297744701600921, 1.000000000000000000),
 ( 1.000000000000000000, 0.9987313209458944518, 1.000000000000000000),
 ( 1.000000000000000000, 0.9987318365198335490, 1.000000000000000000),
 ( 1.000000000000000000, 0.9987328678240102731, 1.000000000000000000),
 ( 1.000000000000000000, 0.9987324557044809925, 1.000000000000000000),
 ( 1.000000000000000000, 0.9987324557044809925, 1.000000000000000000),
 ( 1.000000000000000000, 0.9987324557044805484, 1.000000000000000000),
 ( 1.000000000000000000, 0.9987324557044805484, 1.000000000000000000) ) ) 
 REPRESENTATION_ITEM ( '' )  SURFACE ( )  );
#5729 = CARTESIAN_POINT ( 'NONE',  ( -49.47250314814884575, 177.4865498398851855, 10.21067191315204781 ) ) ;
#5730 = EDGE_LOOP ( 'NONE', ( #7479 ) ) ;
#5731 = CARTESIAN_POINT ( 'NONE',  ( -99.76820222083553347, 112.9993725808236178, 11.45271318192603438 ) ) ;
#5732 = VERTEX_POINT ( 'NONE', #156 ) ;
#5733 = B_SPLINE_CURVE_WITH_KNOTS ( 'NONE', 3,
 ( #5521, #6927, #2248, #1863, #6459, #1151, #4610, #6316, #6204, #2458, #3971, #5636, #3579, #470, #7391, #5896, #5753, #6277, #6240, #4540, #163, #4752, #2770, #1601, #3437, #4144, #6852, #1074, #5712, #7462, #3363, #1284, #5071, #2211, #722, #1037, #5327, #2845, #3329, #3011, #547, #3898, #587, #4502, #2284, #6812, #1640, #2882, #5184, #3935, #5675, #510, #4575, #18, #6888, #2323, #2810, #5110, #7426, #1677, #1117, #3400, #1717, #4009, #800, #346, #3086, #7219, #5508, #4790, #4900, #3199, #2006, #6568, #5400, #237, #3644, #4289, #2038, #3758, #2642, #4324, #6641, #4217, #1395, #837, #876, #274, #5471, #2568, #3160, #5436, #2529, #7180, #1901, #7105, #4180, #1468, #6006, #6074, #3610, #4826, #1936, #6532, #912, #1429, #309, #4859, #202, #7069, #6603 ),
 .UNSPECIFIED., .F., .F.,
 ( 4, 1, 1, 1, 1, 1, 1, 2, 2, 1, 1, 1, 1, 1, 2, 2, 2, 2, 2, 2, 1, 1, 2, 2, 1, 1, 1, 2, 2, 2, 2, 1, 2, 2, 1, 1, 1, 1, 2, 2, 1, 1, 1, 2, 2, 2, 2, 1, 2, 2, 1, 1, 2, 2, 2, 2, 1, 1, 1, 2, 2, 1, 1, 1, 1, 1, 2, 2, 1, 1, 1, 1, 2, 2, 4 ),
 ( 0.000000000000000000, 0.007812500000021921701, 0.01171875000003291291, 0.01367187500003840851, 0.01464843750004112509, 0.01513671875004269848, 0.01538085937504348431, 0.01550292968754369421, 0.01562500000004390238, 0.01953125000004986636, 0.02148437500005287784, 0.02246093750005438358, 0.02294921875005503237, 0.02319335937505517461, 0.02331542968755524747, 0.02343750000005531686, 0.02734375000005560483, 0.03125000000005588585, 0.04687500000005697526, 0.06250000000005806466, 0.09375000000005979939, 0.1093750000000609096, 0.1171875000000612427, 0.1250000000000615896, 0.1875000000000638933, 0.2187500000000646427, 0.2343750000000645595, 0.2421875000000645040, 0.2500000000000644484, 0.3125000000000641709, 0.3437500000000644484, 0.3593750000000645595, 0.3671875000000646150, 0.3750000000000646150, 0.4375000000000657252, 0.4687500000000657807, 0.4843750000000658362, 0.4921875000000658917, 0.4960937500000659472, 0.5000000000000659472, 0.5625000000000653921, 0.5937500000000650591, 0.6093750000000648370, 0.6171875000000648370, 0.6250000000000647260, 0.6406250000000645040, 0.6562500000000642819, 0.6718750000000640599, 0.6796875000000636158, 0.6875000000000632827, 0.7187500000000607292, 0.7343750000000590639, 0.7421875000000577316, 0.7500000000000563993, 0.7812500000000491829, 0.8125000000000419664, 0.8437500000000347500, 0.8593750000000317524, 0.8671875000000301981, 0.8710937500000296430, 0.8750000000000290878, 0.9062500000000214273, 0.9218750000000176525, 0.9296875000000155431, 0.9335937500000148770, 0.9355468750000143219, 0.9365234375000138778, 0.9375000000000133227, 0.9531250000000077716, 0.9609375000000049960, 0.9648437500000029976, 0.9667968750000017764, 0.9677734375000016653, 0.9687500000000014433, 1.000000000000000000 ),
 .UNSPECIFIED. ) ;
#5734 = EDGE_CURVE ( 'NONE', #5296, #45, #1707, .T. ) ;
#5735 = CARTESIAN_POINT ( 'NONE',  ( -51.01182346186283922, 177.6821326151111009, 10.28506299916002575 ) ) ;
#5736 = CARTESIAN_POINT ( 'NONE',  ( 49.66063645781461844, 170.7948572008444614, 1.637034940206621103 ) ) ;
#5737 = CARTESIAN_POINT ( 'NONE',  ( 52.71401946789478643, 111.9658824404885280, 2.061823505721775973 ) ) ;
#5738 = CARTESIAN_POINT ( 'NONE',  ( -112.1369039214587815, 125.8876144802837445, 1.637034940206621103 ) ) ;
#5739 = CARTESIAN_POINT ( 'NONE',  ( 51.51600506966153148, 169.7056796297520123, 11.63703494020662355 ) ) ;
#5740 = CARTESIAN_POINT ( 'NONE',  ( -102.4509130740901099, 116.8076960602125354, 11.43703494025319856 ) ) ;
#5741 = AXIS2_PLACEMENT_3D ( 'NONE', #3652, #6012, #2464 ) ;
#5742 = CARTESIAN_POINT ( 'NONE',  ( 53.64421274312373100, 111.5842736589737427, 2.625594235890046590 ) ) ;
#5743 = EDGE_CURVE ( 'NONE', #778, #7386, #3991, .T. ) ;
#5744 = ORIENTED_EDGE ( 'NONE', *, *, #5136, .T. ) ;
#5745 = CARTESIAN_POINT ( 'NONE',  ( -68.79341849047598600, 105.3043959419814257, 1.637034940206619993 ) ) ;
#5746 = CARTESIAN_POINT ( 'NONE',  ( 47.50498737127150406, 112.8888121574858161, 11.63703494020662355 ) ) ;
#5747 = VECTOR ( 'NONE', #2858, 1000.000000000000114 ) ;
#5748 = CARTESIAN_POINT ( 'NONE',  ( 62.16244430035788326, 220.3552990290665718, 9.724448169894117200 ) ) ;
#5749 = EDGE_LOOP ( 'NONE', ( #3561 ) ) ;
#5750 = DIRECTION ( 'NONE',  ( 0.000000000000000000, 0.000000000000000000, 1.000000000000000000 ) ) ;
#5751 = CARTESIAN_POINT ( 'NONE',  ( -47.92000166972024289, 177.2857886004324257, 11.08125116738261262 ) ) ;
#5752 = DIRECTION ( 'NONE',  ( 0.000000000000000000, 0.000000000000000000, 1.000000000000000000 ) ) ;
#5753 = CARTESIAN_POINT ( 'NONE',  ( -57.22646938709667097, 105.2723359706747743, 1.637034940206621103 ) ) ;
#5754 = B_SPLINE_CURVE_WITH_KNOTS ( 'NONE', 3,
 ( #6744, #5077, #1570, #1006 ),
 .UNSPECIFIED., .F., .F.,
 ( 4, 4 ),
 ( 0.000000000000000000, 1.000000000000000000 ),
 .UNSPECIFIED. ) ;
#5755 = FACE_OUTER_BOUND ( 'NONE', #565, .T. ) ;
#5756 = DIRECTION ( 'NONE',  ( -0.000000000000000000, -0.000000000000000000, 1.000000000000000000 ) ) ;
#5757 = ORIENTED_EDGE ( 'NONE', *, *, #1659, .F. ) ;
#5758 = CARTESIAN_POINT ( 'NONE',  ( -100.4583217815335843, 167.2169432570469496, 11.43703494025265144 ) ) ;
#5759 = B_SPLINE_CURVE_WITH_KNOTS ( 'NONE', 3,
 ( #2989, #7157, #4269, #5303 ),
 .UNSPECIFIED., .F., .F.,
 ( 4, 4 ),
 ( 0.000000000000000000, 1.000000000000000000 ),
 .UNSPECIFIED. ) ;
#5760 = CARTESIAN_POINT ( 'NONE',  ( -57.41085715639974296, 178.4522101671004748, 4.399792016547091400 ) ) ;
#5761 = CARTESIAN_POINT ( 'NONE',  ( -111.4926953350183823, 123.3540019571569246, 11.63703494020661999 ) ) ;
#5762 = CARTESIAN_POINT ( 'NONE',  ( -57.28713359616045153, 106.2313350587299823, 11.63703494020662177 ) ) ;
#5763 = FACE_OUTER_BOUND ( 'NONE', #2056, .T. ) ;
#5764 = CARTESIAN_POINT ( 'NONE',  ( 50.08264939276379124, 169.8206550095948444, 11.63703494020661999 ) ) ;
#5765 = EDGE_CURVE ( 'NONE', #615, #6772, #2516, .T. ) ;
#5766 = CARTESIAN_POINT ( 'NONE',  ( -58.31920077568367589, 104.3638455235630573, 10.91215064336996576 ) ) ;
#5767 = ORIENTED_EDGE ( 'NONE', *, *, #4922, .T. ) ;
#5768 = CARTESIAN_POINT ( 'NONE',  ( 34.73203513875316162, 171.6528772250578356, 11.63703494020662177 ) ) ;
#5769 = ORIENTED_EDGE ( 'NONE', *, *, #6054, .T. ) ;
#5770 = CARTESIAN_POINT ( 'NONE',  ( -116.7988269701755115, 148.2625503099079367, 2.560097286703177488 ) ) ;
#5771 = CARTESIAN_POINT ( 'NONE',  ( -75.20329672854320791, 176.8403242990656281, 1.637034940206619993 ) ) ;
#5772 = EDGE_CURVE ( 'NONE', #2695, #6367, #1075, .T. ) ;
#5773 = DIRECTION ( 'NONE',  ( -0.000000000000000000, -0.000000000000000000, -1.000000000000000000 ) ) ;
#5774 = CARTESIAN_POINT ( 'NONE',  ( 46.88848904907240467, 170.9217181193753277, 1.637034940206620881 ) ) ;
#5775 = CARTESIAN_POINT ( 'NONE',  ( -104.5806309295000460, 115.9354919304846874, 10.74508907348367615 ) ) ;
#5776 = CARTESIAN_POINT ( 'NONE',  ( -113.3344415693374998, 128.0178993264829614, 1.637034940206620659 ) ) ;
#5777 = CARTESIAN_POINT ( 'NONE',  ( -102.2528993296544826, 116.4335455052089117, 11.63703494020662177 ) ) ;
#5778 = CARTESIAN_POINT ( 'NONE',  ( -113.9992400353163049, 127.4712118704881618, 11.24378880413075876 ) ) ;
#5779 = CARTESIAN_POINT ( 'NONE',  ( -115.8560755034500431, 141.4296532796704469, 1.637034940206619327 ) ) ;
#5780 = CARTESIAN_POINT ( 'NONE',  ( 47.80511861401851093, 111.9691495119954823, 1.637034940206621103 ) ) ;
#5781 = CARTESIAN_POINT ( 'NONE',  ( -98.74731860305433884, 114.7177113415596921, 5.637034940206621769 ) ) ;
#5782 = ORIENTED_EDGE ( 'NONE', *, *, #4377, .F. ) ;
#5783 = CARTESIAN_POINT ( 'NONE',  ( -63.88843669477719800, 105.0923063052730839, 1.637034940206620881 ) ) ;
#5784 = CARTESIAN_POINT ( 'NONE',  ( 46.02859618782488127, 112.8233770073093183, 11.63703494020662355 ) ) ;
#5785 = CARTESIAN_POINT ( 'NONE',  ( -96.22831767416937510, 169.6244584144086502, 11.63703494020662355 ) ) ;
#5786 = CARTESIAN_POINT ( 'NONE',  ( -115.9991013634576120, 147.9991126559500572, 1.637034940206620437 ) ) ;
#5787 = CARTESIAN_POINT ( 'NONE',  ( -49.05069961276937107, 177.4323428591700065, 10.23800572759014216 ) ) ;
#5788 = ADVANCED_FACE ( 'NONE', ( #2524, #5359 ), #4103, .F. ) ;
#5789 = CARTESIAN_POINT ( 'NONE',  ( 45.84392449805655900, 125.4296532817331666, 1.637034940206621103 ) ) ;
#5790 = AXIS2_PLACEMENT_3D ( 'NONE', #3099, #3557, #4765 ) ;
#5791 = CARTESIAN_POINT ( 'NONE',  ( -98.83036104373847763, 170.3435798220570518, 11.90383939698282312 ) ) ;
#5792 = CARTESIAN_POINT ( 'NONE',  ( -98.61605788378547288, 168.4293341419643184, 11.63703494020662355 ) ) ;
#5793 = LINE ( 'NONE', #6855, #3912 ) ;
#5794 = ORIENTED_EDGE ( 'NONE', *, *, #3919, .T. ) ;
#5795 = DIRECTION ( 'NONE',  ( 0.8070651892099549585, 7.801926400147387375E-18, -0.5904623445788050873 ) ) ;
#5796 = CARTESIAN_POINT ( 'NONE',  ( -51.76008469097681797, 177.9905163064330225, 2.625064258693978747 ) ) ;
#5797 = CARTESIAN_POINT ( 'NONE',  ( 53.00248531723546819, 169.3798633872143569, 5.637034940206621769 ) ) ;
#5798 = CIRCLE ( 'NONE', #2422, 8.000000000000007105 ) ;
#5799 = CARTESIAN_POINT ( 'NONE',  ( -114.9035565958341607, 129.1519101332024491, 11.63703494020662355 ) ) ;
#5800 = CARTESIAN_POINT ( 'NONE',  ( -64.09629882326343875, 106.0514575445467358, 11.63703494020662532 ) ) ;
#5801 = CARTESIAN_POINT ( 'NONE',  ( -57.28713376805053059, 106.2313375445782953, 11.63703494020662177 ) ) ;
#5802 = CARTESIAN_POINT ( 'NONE',  ( -116.7988269695320582, 134.5967562407280127, 2.560097286703860942 ) ) ;
#5803 = CARTESIAN_POINT ( 'NONE',  ( -59.50332988992848726, 104.2926764450425168, 11.76400501338454596 ) ) ;
#5804 = AXIS2_PLACEMENT_3D ( 'NONE', #1509, #6310, #2277 ) ;
#5805 = ORIENTED_EDGE ( 'NONE', *, *, #7106, .T. ) ;
#5806 = CARTESIAN_POINT ( 'NONE',  ( -49.22915798026723877, 177.4552872647182085, 10.22623999137020157 ) ) ;
#5807 = ORIENTED_EDGE ( 'NONE', *, *, #2117, .T. ) ;
#5808 = CARTESIAN_POINT ( 'NONE',  ( -99.85104604208626711, 113.0332093809579987, 12.03169656383293784 ) ) ;
#5809 = ORIENTED_EDGE ( 'NONE', *, *, #2130, .T. ) ;
#5810 = EDGE_CURVE ( 'NONE', #5024, #4908, #1857, .T. ) ;
#5811 = AXIS2_PLACEMENT_3D ( 'NONE', #5905, #133, #7040 ) ;
#5812 = CARTESIAN_POINT ( 'NONE',  ( -49.10088980239339662, 105.4204969439356461, 10.96943863586763790 ) ) ;
#5813 = CARTESIAN_POINT ( 'NONE',  ( 48.82453585996614009, 170.8460362850360639, 1.637034940206621103 ) ) ;
#5814 = CARTESIAN_POINT ( 'NONE',  ( 52.03628991287576611, -30.98292557773241285, 11.43703494020664380 ) ) ;
#5815 = DIRECTION ( 'NONE',  ( -0.000000000000000000, 0.000000000000000000, 1.000000000000000000 ) ) ;
#5816 = CARTESIAN_POINT ( 'NONE',  ( -116.9360583849277617, 139.6492874170714060, 1.637034940206621103 ) ) ;
#5817 = DIRECTION ( 'NONE',  ( -1.000000000000000000, 0.000000000000000000, 0.000000000000000000 ) ) ;
#5818 = CARTESIAN_POINT ( 'NONE',  ( 11.10387007935940318, 173.1201057252487203, 1.637034940206621103 ) ) ;
#5819 = EDGE_CURVE ( 'NONE', #551, #2729, #7064, .T. ) ;
#5820 = VERTEX_POINT ( 'NONE', #1209 ) ;
#5821 = ORIENTED_EDGE ( 'NONE', *, *, #213, .F. ) ;
#5822 = CARTESIAN_POINT ( 'NONE',  ( -75.89075049222748248, 106.1243209564160850, 1.637034940206620881 ) ) ;
#5823 = CARTESIAN_POINT ( 'NONE',  ( 47.48613949985786320, 112.8879545050068884, 11.63703494020662355 ) ) ;
#5824 = CARTESIAN_POINT ( 'NONE',  ( -114.5750364030901522, 134.1242679838961749, 11.43703494025265321 ) ) ;
#5825 = B_SPLINE_CURVE_WITH_KNOTS ( 'NONE', 3,
 ( #3533, #3571, #4741, #5851 ),
 .UNSPECIFIED., .F., .F.,
 ( 4, 4 ),
 ( 0.0001383091649882830522, 0.004774542594455185272 ),
 .UNSPECIFIED. ) ;
#5826 = ADVANCED_FACE ( 'NONE', ( #2416 ), #5856, .T. ) ;
#5827 = ADVANCED_FACE ( 'NONE', ( #2976 ), #1896, .F. ) ;
#5828 = CARTESIAN_POINT ( 'NONE',  ( 10.47297138258173277, 110.8561770919832412, 25.39017832551189358 ) ) ;
#5829 = DIRECTION ( 'NONE',  ( -0.8037352838872109384, -0.1029264951090010788, -0.5860168342627379845 ) ) ;
#5830 = CARTESIAN_POINT ( 'NONE',  ( 13.66120109251531467, 61.14858327995128207, 29.74796546289481114 ) ) ;
#5831 = CARTESIAN_POINT ( 'NONE',  ( -99.74740708524950605, 167.8284426111678158, 11.63703494020662177 ) ) ;
#5832 = DIRECTION ( 'NONE',  ( 1.000000000000000000, 0.000000000000000000, 0.000000000000000000 ) ) ;
#5833 = VERTEX_POINT ( 'NONE', #5283 ) ;
#5834 = B_SPLINE_CURVE_WITH_KNOTS ( 'NONE', 1,
 ( #223, #5920 ),
 .UNSPECIFIED., .F., .F.,
 ( 2, 2 ),
 ( 0.000000000000000000, 1.000000000000000000 ),
 .UNSPECIFIED. ) ;
#5835 = FACE_BOUND ( 'NONE', #2717, .T. ) ;
#5836 = CARTESIAN_POINT ( 'NONE',  ( 47.10914981034083127, 111.9448723101722436, 1.637034940206620881 ) ) ;
#5837 = CARTESIAN_POINT ( 'NONE',  ( -68.91009507526021594, 104.4762832261879737, 11.63703494020663598 ) ) ;
#5838 = FACE_OUTER_BOUND ( 'NONE', #2341, .T. ) ;
#5839 = CARTESIAN_POINT ( 'NONE',  ( -111.8246075264118957, 123.8609118405895373, 2.560097286703856945 ) ) ;
#5840 = ORIENTED_EDGE ( 'NONE', *, *, #2855, .F. ) ;
#5841 = DIRECTION ( 'NONE',  ( 0.000000000000000000, 0.000000000000000000, -1.000000000000000000 ) ) ;
#5842 = EDGE_LOOP ( 'NONE', ( #4716, #601, #3701, #3415, #4498 ) ) ;
#5843 = CARTESIAN_POINT ( 'NONE',  ( 42.81160654540846622, 112.8520758448432275, 11.43703494020664380 ) ) ;
#5844 =( GEOMETRIC_REPRESENTATION_CONTEXT ( 3 ) GLOBAL_UNCERTAINTY_ASSIGNED_CONTEXT ( ( #2611 ) ) GLOBAL_UNIT_ASSIGNED_CONTEXT ( ( #4962, #2141, #3904 ) ) REPRESENTATION_CONTEXT ( 'NONE', 'WORKASPACE' ) );
#5845 = ORIENTED_EDGE ( 'NONE', *, *, #2354, .F. ) ;
#5846 = CARTESIAN_POINT ( 'NONE',  ( -102.2676219128143060, 168.4933380510626648, 2.560097286703859165 ) ) ;
#5847 = CARTESIAN_POINT ( 'NONE',  ( -55.66835546107849098, 104.5476573849739594, 2.595663597606253870 ) ) ;
#5848 = AXIS2_PLACEMENT_3D ( 'NONE', #4237, #7161, #3562 ) ;
#5849 = CARTESIAN_POINT ( 'NONE',  ( 49.61005114529294957, 170.7984319894441398, 1.637034940206621103 ) ) ;
#5850 = CARTESIAN_POINT ( 'NONE',  ( -61.18902445752825514, 176.6973801700324032, 11.43703494025265144 ) ) ;
#5851 = CARTESIAN_POINT ( 'NONE',  ( -45.24530764548595840, 176.9526537583911932, 11.63703494020662177 ) ) ;
#5852 = CARTESIAN_POINT ( 'NONE',  ( -104.1801623331940476, 115.6217571128374288, 2.560097286703860053 ) ) ;
#5853 = B_SPLINE_CURVE_WITH_KNOTS ( 'NONE', 3,
 ( #1044, #4920, #7236, #439, #3940, #2664, #2059, #7397, #3865, #6245, #1488, #1607, #4345, #7276, #3257, #2180, #5605, #2217, #4508, #6133, #3220, #6664 ),
 .UNSPECIFIED., .F., .F.,
 ( 4, 2, 2, 2, 2, 2, 2, 2, 2, 2, 4 ),
 ( 0.000000000000000000, 0.06249999999999998612, 0.1249999999999999722, 0.2499999999999991673, 0.3124999999999991673, 0.3749999999999991673, 0.4999999999999991673, 0.5624999999999994449, 0.6249999999999996669, 0.7499999999999995559, 1.000000000000000000 ),
 .UNSPECIFIED. ) ;
#5854 = CARTESIAN_POINT ( 'NONE',  ( -114.2573945493726342, 127.9728719744656331, 11.26315392474900001 ) ) ;
#5855 = CARTESIAN_POINT ( 'NONE',  ( -38.85607550369274321, 165.4296532782069562, 1.637034940206621103 ) ) ;
#5856 = CYLINDRICAL_SURFACE ( 'NONE', #1591, 20.00000000000000000 ) ;
#5857 = ORIENTED_EDGE ( 'NONE', *, *, #5567, .F. ) ;
#5858 = CARTESIAN_POINT ( 'NONE',  ( 67.21486573947720444, 113.8789731870499793, 1.637034940206620881 ) ) ;
#5859 = CARTESIAN_POINT ( 'NONE',  ( 48.53660187700505446, 112.9394279776481795, 11.63703494020662532 ) ) ;
#5860 = CARTESIAN_POINT ( 'NONE',  ( -109.4684458747540106, 124.0095795474307039, 11.43703494025265321 ) ) ;
#5861 = CARTESIAN_POINT ( 'NONE',  ( -79.22729958453246013, 176.1482724025052562, 1.637034940206621103 ) ) ;
#5862 = ORIENTED_EDGE ( 'NONE', *, *, #3555, .T. ) ;
#5863 = EDGE_CURVE ( 'NONE', #2178, #5593, #4168, .T. ) ;
#5864 = DIRECTION ( 'NONE',  ( -1.000000000000000000, 0.000000000000000000, 0.000000000000000000 ) ) ;
#5865 = CARTESIAN_POINT ( 'NONE',  ( -84.40672544119924225, 173.9432308002081982, 11.63703494020662177 ) ) ;
#5866 = CARTESIAN_POINT ( 'NONE',  ( -91.49455425832671551, 111.2209812253820189, 11.63703494020662177 ) ) ;
#5867 = ORIENTED_EDGE ( 'NONE', *, *, #1731, .T. ) ;
#5868 = CARTESIAN_POINT ( 'NONE',  ( -49.59418255921473673, 177.5021321032560309, 9.939496430651221459 ) ) ;
#5869 = CARTESIAN_POINT ( 'NONE',  ( 45.74865030444131264, 111.0606793243630932, 2.600236179906679101 ) ) ;
#5870 = ADVANCED_FACE ( 'NONE', ( #5466 ), #4946, .F. ) ;
#5871 = CARTESIAN_POINT ( 'NONE',  ( -54.47201659804072449, 104.7510118100966139, 10.58683823680086533 ) ) ;
#5872 = CARTESIAN_POINT ( 'NONE',  ( 48.30630026469786031, 113.1246923041667287, 11.43703494020664380 ) ) ;
#5873 = DIRECTION ( 'NONE',  ( -0.000000000000000000, 0.000000000000000000, 1.000000000000000000 ) ) ;
#5874 = CARTESIAN_POINT ( 'NONE',  ( 44.94555193335573051, 169.8862532736475828, 11.43703494025265144 ) ) ;
#5875 = CARTESIAN_POINT ( 'NONE',  ( -102.6527990220021707, 114.5873083181229788, 10.64548019360486819 ) ) ;
#5876 = VERTEX_POINT ( 'NONE', #869 ) ;
#5877 = CARTESIAN_POINT ( 'NONE',  ( -116.1880730175627576, 150.2754707857480412, 2.560097286703864938 ) ) ;
#5878 = VERTEX_POINT ( 'NONE', #3155 ) ;
#5879 = ADVANCED_FACE ( 'NONE', ( #2230 ), #419, .T. ) ;
#5880 = CARTESIAN_POINT ( 'NONE',  ( -113.6869794547384345, 156.0177975602253468, 2.560097286703177488 ) ) ;
#5881 = B_SPLINE_CURVE_WITH_KNOTS ( 'NONE', 1,
 ( #703, #3031 ),
 .UNSPECIFIED., .F., .F.,
 ( 2, 2 ),
 ( 0.000000000000000000, 1.000000000000000000 ),
 .UNSPECIFIED. ) ;
#5882 = CARTESIAN_POINT ( 'NONE',  ( -105.4704265615279581, 166.2510921260086434, 11.63703494020662355 ) ) ;
#5883 = ORIENTED_EDGE ( 'NONE', *, *, #1489, .F. ) ;
#5884 = CARTESIAN_POINT ( 'NONE',  ( -56.68410412886511551, 177.5494604705846200, 1.637034940206620659 ) ) ;
#5885 = CARTESIAN_POINT ( 'NONE',  ( -108.3912082500711733, 122.6141543158494045, 5.637034940206621769 ) ) ;
#5886 = CARTESIAN_POINT ( 'NONE',  ( 53.73310481585806997, 111.8669258475449482, 11.30686834683503506 ) ) ;
#5887 = CARTESIAN_POINT ( 'NONE',  ( 48.92793836212533165, 111.1782547588987597, 2.570501172607215334 ) ) ;
#5888 = CARTESIAN_POINT ( 'NONE',  ( -107.6937340822931048, 120.0513408910185262, 1.637034940206620881 ) ) ;
#5889 = VERTEX_POINT ( 'NONE', #5208 ) ;
#5890 = CARTESIAN_POINT ( 'NONE',  ( -59.37745262925786704, 177.7061346356658476, 1.637034940206621547 ) ) ;
#5891 = CARTESIAN_POINT ( 'NONE',  ( 47.49851898288198271, 141.7107232829701786, 11.63703494020662177 ) ) ;
#5892 = CARTESIAN_POINT ( 'NONE',  ( -115.8731206951982671, 140.9707427485300002, 11.43703494025265144 ) ) ;
#5893 = CARTESIAN_POINT ( 'NONE',  ( -56.61070483633157835, 104.4738184265341090, 2.560097286703860942 ) ) ;
#5894 = CARTESIAN_POINT ( 'NONE',  ( -47.11502599340547448, 177.1846507778700470, 11.87977055852345742 ) ) ;
#5895 = CARTESIAN_POINT ( 'NONE',  ( -114.5393976412939026, 133.3509688533804649, 11.63703494020662355 ) ) ;
#5896 = CARTESIAN_POINT ( 'NONE',  ( -57.22460332344772382, 105.2724649518494857, 1.637034940206620881 ) ) ;
#5897 = CARTESIAN_POINT ( 'NONE',  ( 53.07205446151720452, 171.3969519090711344, 1.529107072355412544 ) ) ;
#5898 = CYLINDRICAL_SURFACE ( 'NONE', #5195, 2.149999999999985256 ) ;
#5899 = EDGE_CURVE ( 'NONE', #524, #2706, #7480, .T. ) ;
#5900 = CARTESIAN_POINT ( 'NONE',  ( -103.1463980194040317, 114.8709609221899086, 10.65208210121835108 ) ) ;
#5901 = CARTESIAN_POINT ( 'NONE',  ( 53.73506280519173828, 171.2661861286194949, 2.637034940206274491 ) ) ;
#5902 = CARTESIAN_POINT ( 'NONE',  ( -69.12747934127976634, 176.5614308543816833, 11.63703494020662355 ) ) ;
#5903 = CARTESIAN_POINT ( 'NONE',  ( -101.4047356191463791, 115.9461456117210787, 11.63703494020661644 ) ) ;
#5904 = ADVANCED_FACE ( 'NONE', ( #4309, #332 ), #6407, .F. ) ;
#5905 = CARTESIAN_POINT ( 'NONE',  ( -100.9017544441577314, 118.7837337803544813, 1.637034940206616884 ) ) ;
#5906 = CARTESIAN_POINT ( 'NONE',  ( 46.28982035666435024, 169.8241487729794983, 5.637034940206621769 ) ) ;
#5907 = CARTESIAN_POINT ( 'NONE',  ( -57.17713588865296259, 178.4412037675502347, 11.63703510122328311 ) ) ;
#5908 = B_SPLINE_CURVE_WITH_KNOTS ( 'NONE', 3,
 ( #5095, #6185, #983, #2681, #7292, #376, #1021, #3921, #5658, #2232, #4402, #3756 ),
 .UNSPECIFIED., .F., .F.,
 ( 4, 1, 1, 1, 1, 2, 2, 4 ),
 ( 0.000000000000000000, 0.2500000000000190403, 0.3750000000000278666, 0.4375000000000342504, 0.4687500000000354716, 0.4843750000000341394, 0.5000000000000327516, 1.000000000000000000 ),
 .UNSPECIFIED. ) ;
#5909 = B_SPLINE_SURFACE_WITH_KNOTS ( 'NONE', 1, 3, ( 
 ( #1492, #1012, #5533, #3789, #6213, #1575, #3301, #7360, #6102, #5610, #445, #2749, #5047, #6788, #1049, #3339, #5649, #482, #6328, #5156, #1726, #7473, #7011, #2890, #5193, #4550, #1229, #6863, #2291, #597, #2371, #1842, #3448, #5874 ),
 ( #2335, #4122, #2259, #668, #3982, #1128, #4087, #3559, #29, #6291, #4694, #2962, #2820, #6436, #3409, #4620, #4584, #5764, #1263, #6900, #5121, #5725, #7437, #4662, #5267, #6938, #4021, #1765, #1196, #1163, #2400, #561, #104, #4057 ) ),
 .UNSPECIFIED., .F., .F., .F.,
 ( 2, 2 ),
 ( 4, 2, 2, 2, 2, 2, 2, 2, 2, 2, 2, 2, 2, 2, 2, 2, 4 ),
 ( 0.000000000000000000, 1.000000000000000000 ),
 ( 0.000000000000000000, 0.0002655703883255351055, 0.0003983555824883026853, 0.0005311407766510702110, 0.0007967111649766053707, 0.001062281553302140422, 0.001593422329953210741, 0.002124563106604280844, 0.003186844659906421483, 0.003717985436557491585, 0.004249126213208561688, 0.004514696601534097173, 0.004780266989859631790, 0.005311407766510702760, 0.006373689319812842966, 0.007435970873114983171, 0.008498252426417123376 ),
 .UNSPECIFIED. ) ;
#5910 = CARTESIAN_POINT ( 'NONE',  ( 53.02205204461539978, 113.3474333380402754, 11.57020467041984801 ) ) ;
#5911 = CARTESIAN_POINT ( 'NONE',  ( -115.6903884073260116, 144.2706914577978523, 5.637034940206621769 ) ) ;
#5912 = CARTESIAN_POINT ( 'NONE',  ( -66.98137730868245399, 104.3321458367556005, 11.52059775172520162 ) ) ;
#5913 = ORIENTED_EDGE ( 'NONE', *, *, #158, .T. ) ;
#5914 = CARTESIAN_POINT ( 'NONE',  ( 45.71928401827983635, 170.9610028139877329, 1.637034940206621103 ) ) ;
#5915 = ORIENTED_EDGE ( 'NONE', *, *, #1782, .F. ) ;
#5916 = CARTESIAN_POINT ( 'NONE',  ( -52.28293043767198611, 104.9758688690950805, 11.63703494020662177 ) ) ;
#5917 = CONICAL_SURFACE ( 'NONE', #1096, 2.710899745515429782, 0.7853981634685969215 ) ;
#5918 = ORIENTED_EDGE ( 'NONE', *, *, #1902, .T. ) ;
#5919 = CARTESIAN_POINT ( 'NONE',  ( -74.82160069939368441, 177.7438737622855740, 2.560097286703860497 ) ) ;
#5920 = CARTESIAN_POINT ( 'NONE',  ( 41.52448325076026237, 111.6903695676001576, 1.637034940206621103 ) ) ;
#5921 = EDGE_CURVE ( 'NONE', #6158, #3987, #7204, .T. ) ;
#5922 = CARTESIAN_POINT ( 'NONE',  ( 51.31852477546835445, 170.6534041292502764, 1.637034940206621103 ) ) ;
#5923 = CARTESIAN_POINT ( 'NONE',  ( -111.6037533706239770, 126.8741237442966820, 11.63703494020661822 ) ) ;
#5924 = CARTESIAN_POINT ( 'NONE',  ( 47.66571575654188564, 111.1247864142838182, 2.581114467367866538 ) ) ;
#5925 = CARTESIAN_POINT ( 'NONE',  ( -111.1120301253217946, 122.8603501357711849, 2.560097286703861830 ) ) ;
#5926 = CARTESIAN_POINT ( 'NONE',  ( -109.1314781115135730, 159.3067689071553730, 11.43703494025265321 ) ) ;
#5927 = CARTESIAN_POINT ( 'NONE',  ( -115.4316014901587977, 130.5192115809937832, 11.71743000430746129 ) ) ;
#5928 = VERTEX_POINT ( 'NONE', #82 ) ;
#5929 = CARTESIAN_POINT ( 'NONE',  ( -35.00109321479772007, 151.7107232829702070, 9.724448169888624705 ) ) ;
#5930 = CIRCLE ( 'NONE', #3509, 2.149999999999985256 ) ;
#5931 = CIRCLE ( 'NONE', #4105, 50.00000000000000711 ) ;
#5932 = CARTESIAN_POINT ( 'NONE',  ( -88.92662759335539135, 109.2793145693154599, 1.637034940206620881 ) ) ;
#5933 = CARTESIAN_POINT ( 'NONE',  ( -42.95641518231128941, 176.6267999985485631, 11.73958521126061960 ) ) ;
#5934 = CARTESIAN_POINT ( 'NONE',  ( -114.8946248752116901, 134.4969768860630381, 11.63703494020662177 ) ) ;
#5935 = VECTOR ( 'NONE', #2519, 1000.000000000000000 ) ;
#5936 = CARTESIAN_POINT ( 'NONE',  ( -90.54820806910979059, 173.9356210554714721, 2.560097286703864938 ) ) ;
#5937 = CARTESIAN_POINT ( 'NONE',  ( -103.5163103159495535, 115.1013745266703978, 10.68301460300649630 ) ) ;
#5938 = CARTESIAN_POINT ( 'NONE',  ( 45.74865030444136238, 111.0606793243631074, 2.600236179906721734 ) ) ;
#5939 = CARTESIAN_POINT ( 'NONE',  ( -79.65275345232699067, 175.0760972401141373, 11.63703494020662355 ) ) ;
#5940 = CARTESIAN_POINT ( 'NONE',  ( -90.73811762397095038, 111.1494559275315481, 11.43703494025265677 ) ) ;
#5941 = CARTESIAN_POINT ( 'NONE',  ( -55.79313317756231072, 178.3229070690828735, 2.594684532258406229 ) ) ;
#5942 = CARTESIAN_POINT ( 'NONE',  ( 46.28982035666435024, 169.8241487729794983, 11.43703494025265144 ) ) ;
#5943 = CARTESIAN_POINT ( 'NONE',  ( -73.09616364177651349, 104.8653133057091935, 11.63703494020664486 ) ) ;
#5944 = EDGE_CURVE ( 'NONE', #6367, #1495, #4847, .T. ) ;
#5945 = CARTESIAN_POINT ( 'NONE',  ( -2.156075501600788868, 117.4296532794404158, 5.637034940206621769 ) ) ;
#5946 = FACE_OUTER_BOUND ( 'NONE', #5664, .T. ) ;
#5947 = CARTESIAN_POINT ( 'NONE',  ( -49.24098397292244300, 177.7452735298846278, 3.579485136707203363 ) ) ;
#5948 = EDGE_LOOP ( 'NONE', ( #1121 ) ) ;
#5949 = CARTESIAN_POINT ( 'NONE',  ( -115.4807548240062971, 152.2455927712549055, 2.560097286703864938 ) ) ;
#5950 = VERTEX_POINT ( 'NONE', #1414 ) ;
#5951 = CARTESIAN_POINT ( 'NONE',  ( -97.88013445045558569, 168.5907256125051958, 5.637034940206621769 ) ) ;
#5952 = ORIENTED_EDGE ( 'NONE', *, *, #2578, .F. ) ;
#5953 = CARTESIAN_POINT ( 'NONE',  ( -69.25158164251810433, 178.3631819589810448, 2.560097286703860497 ) ) ;
#5954 = CARTESIAN_POINT ( 'NONE',  ( -112.3013515538574012, 128.5052964212412689, 11.43703494025265144 ) ) ;
#5955 = CARTESIAN_POINT ( 'NONE',  ( 51.85916512806590362, 170.6021617359468792, 1.637034940206621547 ) ) ;
#5956 = CARTESIAN_POINT ( 'NONE',  ( 51.53684672882273077, 111.3840330204217963, 2.584809347738586283 ) ) ;
#5957 = CARTESIAN_POINT ( 'NONE',  ( -71.42025761140600082, 176.1512826783628611, 11.43703494025264966 ) ) ;
#5958 = CARTESIAN_POINT ( 'NONE',  ( -105.5863512576270438, 163.3130862168634110, 11.43703494025265144 ) ) ;
#5959 = CARTESIAN_POINT ( 'NONE',  ( -62.01674809060299509, 178.6164703124061077, 11.18322233545595523 ) ) ;
#5960 = CARTESIAN_POINT ( 'NONE',  ( 46.97543881351491279, 111.9404679382471670, 1.637034940206620881 ) ) ;
#5961 = CARTESIAN_POINT ( 'NONE',  ( 50.47846511946065817, 112.1296232564078110, 1.637034940206621103 ) ) ;
#5962 = ADVANCED_FACE ( 'NONE', ( #6173 ), #5728, .F. ) ;
#5963 = AXIS2_PLACEMENT_3D ( 'NONE', #3208, #5517, #6693 ) ;
#5964 = CARTESIAN_POINT ( 'NONE',  ( -53.98202631975296129, 104.6556236533383668, 2.560097286703860497 ) ) ;
#5965 = CARTESIAN_POINT ( 'NONE',  ( -49.67430401240432047, 105.3469140826602342, 10.18730860290052220 ) ) ;
#5966 = CARTESIAN_POINT ( 'NONE',  ( -114.6318298108809586, 133.6362134189247115, 11.63703494020661999 ) ) ;
#5967 = CARTESIAN_POINT ( 'NONE',  ( 46.48490400047591464, 111.1485832830421145, 3.606574236785179188 ) ) ;
#5968 = CARTESIAN_POINT ( 'NONE',  ( 48.35144725253575615, 169.9296556874625708, 11.63703494020662177 ) ) ;
#5969 = CARTESIAN_POINT ( 'NONE',  ( -80.33049292131457264, 175.9155969864108897, 1.637034940206621103 ) ) ;
#5970 =( BOUNDED_SURFACE ( )  B_SPLINE_SURFACE ( 3, 2, ( 
 ( #2726, #1469, #3759 ),
 ( #7296, #5437, #877 ),
 ( #948, #5017, #6642 ),
 ( #913, #5509, #2159 ),
 ( #6723, #2569, #4290 ),
 ( #6007, #4361, #6604 ),
 ( #1550, #838, #1430 ),
 ( #1504, #6113, #3235 ),
 ( #4978, #2115, #4405 ),
 ( #3841, #6149, #986 ),
 ( #6189, #3423, #6838 ),
 ( #5098, #3463, #6263 ),
 ( #5059, #5699, #2305 ),
 ( #5778, #42, #4069 ),
 ( #5854, #2383, #7061 ),
 ( #1352, #3078, #5245 ),
 ( #716, #5927, #7024 ),
 ( #646, #4209, #755 ),
 ( #1242, #1893, #7099 ),
 ( #154, #1930, #2413 ) ),
 .UNSPECIFIED., .F., .F., .T. ) 
 B_SPLINE_SURFACE_WITH_KNOTS ( ( 4, 2, 2, 2, 2, 2, 2, 2, 2, 4 ),
 ( 3, 3 ),
 ( 0.08834700037848390586, 0.09362370381705215072, 0.09890040725562040946, 0.1015387589749045388, 0.1041771106941886682, 0.1094538141327569269, 0.1120921658520410563, 0.1147305175713251857, 0.1200072210098934306, 0.1305606278870299342 ),
 ( 0.000000000000000000, 0.1965386532209315584 ),
 .UNSPECIFIED. ) 
 GEOMETRIC_REPRESENTATION_ITEM ( )  RATIONAL_B_SPLINE_SURFACE ( (
 ( 1.000000000000000000, 0.9986065042364460353, 0.9977607600341680261),
 ( 1.000000000000000000, 0.9986435087690583856, 0.9978202234573873008),
 ( 1.000000000000000000, 0.9986811857334265685, 0.9978807674264549288),
 ( 1.000000000000000000, 0.9987540871391576980, 0.9979979143497166305),
 ( 1.000000000000000000, 0.9987892189946503407, 0.9980543685255744979),
 ( 1.000000000000000000, 0.9988410911035157103, 0.9981377229944730090),
 ( 1.000000000000000000, 0.9988583644373489889, 0.9981654799066030925),
 ( 1.000000000000000000, 0.9988931574184717332, 0.9982213895375458002),
 ( 1.000000000000000000, 0.9989104304798848144, 0.9982491460119176097),
 ( 1.000000000000000000, 0.9989618719171753369, 0.9983318084248891111),
 ( 1.000000000000000000, 0.9989958271078893670, 0.9983863717914114311),
 ( 1.000000000000000000, 0.9990450192315869504, 0.9984654197313254098),
 ( 1.000000000000000000, 0.9990611672545873789, 0.9984913683559408781),
 ( 1.000000000000000000, 0.9990933473374534746, 0.9985430792613790851),
 ( 1.000000000000000000, 0.9991092819596035790, 0.9985686849673254262),
 ( 1.000000000000000000, 0.9991564366927210283, 0.9986444589780804071),
 ( 1.000000000000000000, 0.9991870249043225405, 0.9986936118694582643),
 ( 1.000000000000000000, 0.9992769083859365242, 0.9988380476758398352),
 ( 1.000000000000000000, 0.9993351907163520176, 0.9989317028752179306),
 ( 1.000000000000000000, 0.9993898135425056672, 0.9990194775341505462) ) ) 
 REPRESENTATION_ITEM ( '' )  SURFACE ( )  );
#5971 = B_SPLINE_CURVE_WITH_KNOTS ( 'NONE', 1,
 ( #3700, #4808 ),
 .UNSPECIFIED., .F., .F.,
 ( 2, 2 ),
 ( 0.000000000000000000, 1.000000000000000000 ),
 .UNSPECIFIED. ) ;
#5972 = CARTESIAN_POINT ( 'NONE',  ( -56.66288355174798141, 104.4702096310382586, 3.080818339597545918 ) ) ;
#5973 = CARTESIAN_POINT ( 'NONE',  ( -117.8672655166077021, 140.8177725093550521, 2.560097286702547326 ) ) ;
#5974 = DIRECTION ( 'NONE',  ( -1.000000000000000000, 0.000000000000000000, 0.000000000000000000 ) ) ;
#5975 = CARTESIAN_POINT ( 'NONE',  ( -65.07081331964502624, 106.2742105235362402, 11.43703494025265321 ) ) ;
#5976 = ORIENTED_EDGE ( 'NONE', *, *, #5346, .F. ) ;
#5977 = CARTESIAN_POINT ( 'NONE',  ( -109.5241293750434863, 162.0105311240231742, 11.39963860011638808 ) ) ;
#5978 = CIRCLE ( 'NONE', #203, 2.149999999999985256 ) ;
#5979 = CARTESIAN_POINT ( 'NONE',  ( -69.05629828336435594, 104.4871791888486996, 11.63703494020664309 ) ) ;
#5980 = DIRECTION ( 'NONE',  ( 1.127052364861340795E-16, 1.574532446002655002E-16, 1.000000000000000000 ) ) ;
#5981 = AXIS2_PLACEMENT_3D ( 'NONE', #6988, #153, #41 ) ;
#5982 = CARTESIAN_POINT ( 'NONE',  ( -50.13996772216351872, 105.2872811002408184, 10.93613882247859337 ) ) ;
#5983 = CARTESIAN_POINT ( 'NONE',  ( -102.4509130740901099, 116.8076960602125354, 5.637034940206621769 ) ) ;
#5984 = ORIENTED_EDGE ( 'NONE', *, *, #3892, .F. ) ;
#5985 = DIRECTION ( 'NONE',  ( 0.8070651892099549585, 0.000000000000000000, -0.5904623445788050873 ) ) ;
#5986 = EDGE_LOOP ( 'NONE', ( #5744 ) ) ;
#5987 = CARTESIAN_POINT ( 'NONE',  ( -45.24530764215131029, 105.9066527989813693, 11.63703494020662177 ) ) ;
#5988 = DIRECTION ( 'NONE',  ( 1.000000000000000000, 0.000000000000000000, 0.000000000000000000 ) ) ;
#5989 = CARTESIAN_POINT ( 'NONE',  ( -99.58092191112747571, 169.9632682294376878, 2.560097286703860497 ) ) ;
#5990 = CARTESIAN_POINT ( 'NONE',  ( -112.8269061805653593, 129.5606860976577366, 11.43703494025265144 ) ) ;
#5991 = EDGE_CURVE ( 'NONE', #1567, #1844, #4336, .T. ) ;
#5992 = CARTESIAN_POINT ( 'NONE',  ( 53.51837649767718830, 111.7723208306717027, 10.47346267971612122 ) ) ;
#5993 = CARTESIAN_POINT ( 'NONE',  ( -57.16194067137063684, 104.4356937355991306, 2.560097286703852504 ) ) ;
#5994 = CARTESIAN_POINT ( 'NONE',  ( -110.8771694819638753, 158.8801852308363323, 1.637034940206621103 ) ) ;
#5995 = CARTESIAN_POINT ( 'NONE',  ( -115.0312078974567100, 129.6205134149013531, 2.560097286703860053 ) ) ;
#5996 = CARTESIAN_POINT ( 'NONE',  ( -113.0610464756616835, 152.7475444222208694, 11.43703494025265144 ) ) ;
#5997 = B_SPLINE_CURVE_WITH_KNOTS ( 'NONE', 1,
 ( #7428, #434 ),
 .UNSPECIFIED., .F., .F.,
 ( 2, 2 ),
 ( 0.000000000000000000, 1.000000000000000000 ),
 .UNSPECIFIED. ) ;
#5998 = CARTESIAN_POINT ( 'NONE',  ( 52.81760473246974641, 113.2634765482381027, 11.63703494020662710 ) ) ;
#5999 = CARTESIAN_POINT ( 'NONE',  ( -56.90181148119916088, 177.5645175917013887, 1.637034940206621103 ) ) ;
#6000 = CARTESIAN_POINT ( 'NONE',  ( 45.71928402106072298, 111.8983037519526675, 1.637034940206621103 ) ) ;
#6001 = CARTESIAN_POINT ( 'NONE',  ( 51.43569761526401152, 112.2169335461394297, 1.637034940206620659 ) ) ;
#6002 = CARTESIAN_POINT ( 'NONE',  ( -41.90129100951937602, 105.4911540573752831, 2.560097286703860053 ) ) ;
#6003 = CARTESIAN_POINT ( 'NONE',  ( -99.31211779822587005, 170.0983979347530521, 11.54721704489421796 ) ) ;
#6004 = B_SPLINE_CURVE_WITH_KNOTS ( 'NONE', 3,
 ( #5227, #28, #3486, #5192 ),
 .UNSPECIFIED., .F., .F.,
 ( 4, 4 ),
 ( 0.000000000000000000, 1.000000000000000000 ),
 .UNSPECIFIED. ) ;
#6005 = CARTESIAN_POINT ( 'NONE',  ( 41.03006536749685296, 171.7107232829701786, 9.724448169888624705 ) ) ;
#6006 = CARTESIAN_POINT ( 'NONE',  ( -100.0549821222065958, 114.1049133884068851, 1.637034940206621103 ) ) ;
#6007 = CARTESIAN_POINT ( 'NONE',  ( -109.1522038925082683, 120.4148387205398052, 10.95772840339888887 ) ) ;
#6008 = CARTESIAN_POINT ( 'NONE',  ( 46.96894146473317022, 169.9944226339751481, 11.63703494020662177 ) ) ;
#6009 = CARTESIAN_POINT ( 'NONE',  ( -103.6843207554299511, 115.2333055043774976, 10.70729333794644234 ) ) ;
#6010 = CARTESIAN_POINT ( 'NONE',  ( -71.11669256186159771, 178.2145903571431518, 2.560097286703864938 ) ) ;
#6011 = CARTESIAN_POINT ( 'NONE',  ( -95.26569211964866213, 169.8508640011515354, 11.43703494025265499 ) ) ;
#6012 = DIRECTION ( 'NONE',  ( -0.000000000000000000, -0.000000000000000000, -1.000000000000000000 ) ) ;
#6013 = CARTESIAN_POINT ( 'NONE',  ( -90.57814402238953733, 110.8773062954624322, 11.63703494020661999 ) ) ;
#6014 = ORIENTED_EDGE ( 'NONE', *, *, #6144, .F. ) ;
#6015 = CARTESIAN_POINT ( 'NONE',  ( -114.9960590266124996, 153.3618956474010417, 11.32134642674752456 ) ) ;
#6016 = B_SPLINE_SURFACE_WITH_KNOTS ( 'NONE', 1, 3, ( 
 ( #2539, #353, #2618, #6656, #1443, #3813, #5408, #3209, #1947, #1478, #5518, #6614, #6085, #6694, #2654, #2087, #5374, #4373, #7190, #3172, #4951, #6576, #284, #1369, #3656, #2014, #7266, #5449, #1519, #2577, #4298, #3729, #4836, #3693 ),
 ( #770, #3060, #211, #4800, #4230, #6541, #5394, #6525, #5465, #6672, #6561, #229, #4782, #7138, #4210, #2489, #831, #6069, #3079, #3676, #3638, #7210, #5357, #2032, #1497, #2523, #5998, #4818, #1968, #2636, #4891, #6632, #3711, #6106 ) ),
 .UNSPECIFIED., .F., .F., .F.,
 ( 2, 2 ),
 ( 4, 2, 2, 2, 2, 2, 2, 2, 2, 2, 2, 2, 2, 2, 2, 2, 4 ),
 ( 0.000000000000000000, 1.000000000000000000 ),
 ( 0.000000000000000000, 0.001062281548027837075, 0.002124563096055674151, 0.003186844644083511226, 0.003717985418097429981, 0.003983555805104389141, 0.004249126192111348302, 0.004780266966125266623, 0.005311407740139184944, 0.006373689288167022453, 0.006904830062180941641, 0.007435970836194859962, 0.007701541223201819122, 0.007967111610208778283, 0.008099896803712258730, 0.008232681997215737443, 0.008498252384222696604 ),
 .UNSPECIFIED. ) ;
#6017 = ADVANCED_FACE ( 'NONE', ( #1647 ), #1684, .T. ) ;
#6018 = CARTESIAN_POINT ( 'NONE',  ( -111.6086463585493220, 155.9844444636133574, 11.63703494020662177 ) ) ;
#6019 = CARTESIAN_POINT ( 'NONE',  ( 46.06614769106748497, 170.9488353739806428, 1.637034940206620437 ) ) ;
#6020 = DIRECTION ( 'NONE',  ( -1.000000000000000000, 0.000000000000000000, 0.000000000000000000 ) ) ;
#6021 = B_SPLINE_CURVE_WITH_KNOTS ( 'NONE', 1,
 ( #6756, #7329 ),
 .UNSPECIFIED., .F., .F.,
 ( 2, 2 ),
 ( 0.000000000000000000, 1.000000000000000000 ),
 .UNSPECIFIED. ) ;
#6022 = CARTESIAN_POINT ( 'NONE',  ( -57.14544653346270309, 104.4368345066993129, 11.23165745607800936 ) ) ;
#6023 = ORIENTED_EDGE ( 'NONE', *, *, #1438, .T. ) ;
#6024 = CARTESIAN_POINT ( 'NONE',  ( -98.81775026017631092, 112.5093158427226570, 11.63703494020731988 ) ) ;
#6025 = VERTEX_POINT ( 'NONE', #593 ) ;
#6026 = CARTESIAN_POINT ( 'NONE',  ( -100.8785935453857405, 169.2711123542296718, 11.63703494020662177 ) ) ;
#6027 = CARTESIAN_POINT ( 'NONE',  ( -61.09782308771251991, 178.5992724015910653, 2.560097286703861386 ) ) ;
#6028 = CARTESIAN_POINT ( 'NONE',  ( 55.03902984005427612, 112.0864678967698609, 10.46326421100703108 ) ) ;
#6029 = CARTESIAN_POINT ( 'NONE',  ( -67.14206293248868462, 104.3408174389400500, 2.560097286703852504 ) ) ;
#6030 = CARTESIAN_POINT ( 'NONE',  ( 51.02621625036640296, 111.3362853183338927, 2.579694942480794229 ) ) ;
#6031 = CARTESIAN_POINT ( 'NONE',  ( -66.55170097486556813, 176.5240333999977338, 11.43703494025265144 ) ) ;
#6032 = CARTESIAN_POINT ( 'NONE',  ( -110.5113426752521093, 157.3914602668595251, 11.43703494025265321 ) ) ;
#6033 = CARTESIAN_POINT ( 'NONE',  ( -60.98556269983513545, 178.6146888898987015, 11.83964268133968645 ) ) ;
#6034 = CARTESIAN_POINT ( 'NONE',  ( -54.97993646736023976, 104.4313636474136757, -0.008747349982730218132 ) ) ;
#6035 = CARTESIAN_POINT ( 'NONE',  ( -97.63178591194099454, 113.9259648510998204, 11.63703494020662177 ) ) ;
#6036 = AXIS2_PLACEMENT_3D ( 'NONE', #2647, #4329, #4942 ) ;
#6037 = CARTESIAN_POINT ( 'NONE',  ( -55.32433024311227854, 104.5627869417787679, 2.560097286703860942 ) ) ;
#6038 = CARTESIAN_POINT ( 'NONE',  ( -49.63426677955767730, 177.5072652971742002, 10.17706619249749700 ) ) ;
#6039 = EDGE_CURVE ( 'NONE', #6218, #2894, #89, .T. ) ;
#6040 = CARTESIAN_POINT ( 'NONE',  ( -50.68392666882424891, 104.9385263860885686, 2.633229638297733377 ) ) ;
#6041 = CARTESIAN_POINT ( 'NONE',  ( 52.08286215211359860, 111.4570657126084114, 2.858319245670632114 ) ) ;
#6042 = EDGE_CURVE ( 'NONE', #486, #5732, #1425, .T. ) ;
#6043 = DIRECTION ( 'NONE',  ( -1.000000000000000000, 0.000000000000000000, 0.000000000000000000 ) ) ;
#6044 = CARTESIAN_POINT ( 'NONE',  ( 47.91939968688284779, 169.9511517499263675, 11.63703494020662355 ) ) ;
#6045 = CARTESIAN_POINT ( 'NONE',  ( -109.8906997187315824, 141.4296532756430906, 6.702505819738425075 ) ) ;
#6046 = CARTESIAN_POINT ( 'NONE',  ( -107.6937340843063424, 162.8079656604749061, 1.637034940206619771 ) ) ;
#6047 = CARTESIAN_POINT ( 'NONE',  ( -94.27279920098291655, 172.4931266356552442, 2.560097286703864938 ) ) ;
#6048 = CARTESIAN_POINT ( 'NONE',  ( -81.75779092736205200, 174.4072515677067940, 11.43703494025264966 ) ) ;
#6049 = CARTESIAN_POINT ( 'NONE',  ( -81.09004808371217621, 174.7661175466746784, 11.63703494020662532 ) ) ;
#6050 = CARTESIAN_POINT ( 'NONE',  ( -87.10811065586810287, 109.7015931942379581, 11.63703494020661999 ) ) ;
#6051 = VERTEX_POINT ( 'NONE', #5837 ) ;
#6052 = FACE_BOUND ( 'NONE', #5384, .T. ) ;
#6053 = CARTESIAN_POINT ( 'NONE',  ( -115.4404934740493189, 152.3521297106856593, 12.07462669058832638 ) ) ;
#6054 = EDGE_CURVE ( 'NONE', #5063, #1231, #1341, .T. ) ;
#6055 = CARTESIAN_POINT ( 'NONE',  ( -113.6016335828234105, 152.0084605512589064, 11.63703494020662177 ) ) ;
#6056 = CARTESIAN_POINT ( 'NONE',  ( 49.70819059568399467, 170.7917805745860278, 1.637034940206620659 ) ) ;
#6057 = CARTESIAN_POINT ( 'NONE',  ( -56.91861693950332324, 104.4636789437414564, 11.41120471045283757 ) ) ;
#6058 = CARTESIAN_POINT ( 'NONE',  ( -57.17053213785964516, 104.4350995307529644, 10.82444782988304866 ) ) ;
#6059 = ORIENTED_EDGE ( 'NONE', *, *, #7032, .F. ) ;
#6060 = CARTESIAN_POINT ( 'NONE',  ( -71.11669255839751713, 104.6447161977946934, 2.560096196074688191 ) ) ;
#6061 = ORIENTED_EDGE ( 'NONE', *, *, #1382, .F. ) ;
#6062 = CARTESIAN_POINT ( 'NONE',  ( -95.25988004350057281, 169.8769499301554902, 5.637034940206621769 ) ) ;
#6063 = CARTESIAN_POINT ( 'NONE',  ( -56.87906296886256996, 178.4040483721662724, 2.560097286703860942 ) ) ;
#6064 = FACE_OUTER_BOUND ( 'NONE', #4536, .T. ) ;
#6065 = CARTESIAN_POINT ( 'NONE',  ( -109.6310831825982319, 123.8915640165227501, 11.63703494020662710 ) ) ;
#6066 = CARTESIAN_POINT ( 'NONE',  ( -109.5031073217994759, 160.7105349353294343, 1.637034940206621547 ) ) ;
#6067 = VERTEX_POINT ( 'NONE', #3061 ) ;
#6068 = CARTESIAN_POINT ( 'NONE',  ( -103.3905636846068035, 165.3154690523532508, 11.43703494025264966 ) ) ;
#6069 = CARTESIAN_POINT ( 'NONE',  ( 50.61223551079486782, 113.0789696757230161, 11.63703494020662355 ) ) ;
#6070 = CARTESIAN_POINT ( 'NONE',  ( -91.26984514615379851, 111.1351162576345359, 11.63703494020662355 ) ) ;
#6071 = CARTESIAN_POINT ( 'NONE',  ( -90.47889620760187768, 108.9268926040346912, 2.560097286703861386 ) ) ;
#6072 = CARTESIAN_POINT ( 'NONE',  ( -50.70426228907188460, 105.2150174294642966, 10.87400960247785520 ) ) ;
#6073 = CARTESIAN_POINT ( 'NONE',  ( -109.2694263911818098, 123.4111522704469053, 11.63703494020662532 ) ) ;
#6074 = CARTESIAN_POINT ( 'NONE',  ( -100.0705124457035282, 114.1132815337157353, 1.637034940206621325 ) ) ;
#6075 = CARTESIAN_POINT ( 'NONE',  ( -103.5118383921984133, 167.4058150827968916, 2.252409837871452325 ) ) ;
#6076 = CARTESIAN_POINT ( 'NONE',  ( 47.84982377289507838, 169.9544807396250974, 11.63703494020662177 ) ) ;
#6077 = CARTESIAN_POINT ( 'NONE',  ( 55.89369464075799954, 112.1656237278610888, 9.724448169894095884 ) ) ;
#6078 = CARTESIAN_POINT ( 'NONE',  ( -114.2227105936066778, 154.9481218543998011, 2.560097286703860497 ) ) ;
#6079 = CARTESIAN_POINT ( 'NONE',  ( -102.1532499050759384, 116.6069525227590162, 5.637034940206621769 ) ) ;
#6080 = CARTESIAN_POINT ( 'NONE',  ( -69.97990145622085834, 176.4908090822451356, 11.63703494020661999 ) ) ;
#6081 = CARTESIAN_POINT ( 'NONE',  ( -103.1501000921053759, 114.8730870222287876, 10.65228218016531159 ) ) ;
#6082 = EDGE_CURVE ( 'NONE', #524, #1064, #5225, .T. ) ;
#6083 = B_SPLINE_CURVE_WITH_KNOTS ( 'NONE', 3,
 ( #1965, #1386, #3790, #901, #3075, #7207, #3224, #4967, #3188, #335, #4245, #6103, #3673, #2029, #4926, #4313, #6669, #5534, #5497, #226, #2520, #4850, #1417, #2633, #3633, #865, #4393, #5462, #937, #2103, #5994, #1493, #4815, #6066, #6628, #7241, #828, #262, #3112, #5424, #2557 ),
 .UNSPECIFIED., .F., .F.,
 ( 4, 1, 1, 2, 2, 2, 2, 2, 2, 2, 2, 2, 2, 2, 1, 1, 2, 2, 2, 1, 2, 2, 4 ),
 ( 0.000000000000000000, 0.06250000000000534295, 0.09375000000000811851, 0.1093750000000096173, 0.1250000000000111022, 0.1562500000000138223, 0.1875000000000165701, 0.2500000000000188738, 0.3125000000000212608, 0.3750000000000235922, 0.4375000000000259792, 0.4687500000000258682, 0.4843750000000245914, 0.5000000000000233147, 0.5625000000000245359, 0.5937500000000267564, 0.6093750000000266454, 0.6250000000000265343, 0.6875000000000245359, 0.7187500000000242029, 0.7343750000000225375, 0.7500000000000208722, 1.000000000000000000 ),
 .UNSPECIFIED. ) ;
#6084 = FACE_OUTER_BOUND ( 'NONE', #655, .T. ) ;
#6085 = CARTESIAN_POINT ( 'NONE',  ( 49.09890421348490008, 113.1719666229656269, 11.43703494020664380 ) ) ;
#6086 = APPLICATION_CONTEXT ( 'automotive_design' ) ;
#6087 = CARTESIAN_POINT ( 'NONE',  ( -117.5275828717937969, 144.8683519548931429, 11.64293167339176449 ) ) ;
#6088 = CARTESIAN_POINT ( 'NONE',  ( 45.71928402106072298, 111.8983037519526675, 1.637034940206622435 ) ) ;
#6089 = CARTESIAN_POINT ( 'NONE',  ( 46.44056691266839465, 171.7754177813897343, 2.593434465444135029 ) ) ;
#6090 = CARTESIAN_POINT ( 'NONE',  ( -52.78329928616570044, 104.9564179102007557, 10.43711465219754864 ) ) ;
#6091 = DIRECTION ( 'NONE',  ( -1.000000000000000000, 0.000000000000000000, 0.000000000000000000 ) ) ;
#6092 = ORIENTED_EDGE ( 'NONE', *, *, #2555, .T. ) ;
#6093 = CARTESIAN_POINT ( 'NONE',  ( -59.15548899233760238, 104.2978155194715413, 2.560096196074683750 ) ) ;
#6094 = ORIENTED_EDGE ( 'NONE', *, *, #4802, .T. ) ;
#6095 = CIRCLE ( 'NONE', #2124, 2.510899745533007099 ) ;
#6096 = SURFACE_STYLE_FILL_AREA ( #3783 ) ;
#6097 = CARTESIAN_POINT ( 'NONE',  ( -47.88408874748267152, 177.2823046076495075, 10.64294747227760496 ) ) ;
#6098 = B_SPLINE_CURVE_WITH_KNOTS ( 'NONE', 3,
 ( #7312, #3331, #5677, #6740 ),
 .UNSPECIFIED., .F., .F.,
 ( 4, 4 ),
 ( 0.000000000000000000, 1.212807022109261231E-05 ),
 .UNSPECIFIED. ) ;
#6099 = VECTOR ( 'NONE', #564, 1000.000000000000000 ) ;
#6100 = LINE ( 'NONE', #7282, #1110 ) ;
#6101 = EDGE_CURVE ( 'NONE', #3433, #7123, #715, .T. ) ;
#6102 = CARTESIAN_POINT ( 'NONE',  ( 52.71273132460203925, 169.4038839040557605, 11.43703494025264966 ) ) ;
#6103 = CARTESIAN_POINT ( 'NONE',  ( -115.9992087832756340, 147.9987231532604994, 1.637034940206620881 ) ) ;
#6104 = VERTEX_POINT ( 'NONE', #1261 ) ;
#6105 = CARTESIAN_POINT ( 'NONE',  ( -105.7262054837492826, 163.4560927679918336, 11.63703494020661999 ) ) ;
#6106 = CARTESIAN_POINT ( 'NONE',  ( 53.43517307724479792, 113.3143607001907185, 11.63703494020662177 ) ) ;
#6107 = CARTESIAN_POINT ( 'NONE',  ( -57.11177563383147771, 104.4414591193203989, 4.575763569145260057 ) ) ;
#6108 = CARTESIAN_POINT ( 'NONE',  ( -99.63901258783603510, 114.9722946201617333, 11.63703494020662177 ) ) ;
#6109 = CARTESIAN_POINT ( 'NONE',  ( -67.95568347042008384, 104.4063430222770279, 2.560097286703860942 ) ) ;
#6110 = FACE_BOUND ( 'NONE', #7381, .T. ) ;
#6111 = DIRECTION ( 'NONE',  ( 1.000000000000000000, 9.417139044247647176E-11, 0.000000000000000000 ) ) ;
#6112 = CARTESIAN_POINT ( 'NONE',  ( -54.27576197164803062, 178.1895346796483750, 2.606080072814199067 ) ) ;
#6113 = CARTESIAN_POINT ( 'NONE',  ( -110.2537808707151754, 121.7392971086596845, 11.43126833207143456 ) ) ;
#6114 = CARTESIAN_POINT ( 'NONE',  ( 46.46515348687272251, 170.0165774074995113, 11.63703494020662355 ) ) ;
#6115 = CARTESIAN_POINT ( 'NONE',  ( -73.22156345487654505, 177.1162665499584534, 1.637034940206621103 ) ) ;
#6116 = FACE_OUTER_BOUND ( 'NONE', #6867, .T. ) ;
#6117 = CARTESIAN_POINT ( 'NONE',  ( -106.4059622549437449, 164.1304559241064283, 1.637034940206620881 ) ) ;
#6118 = ORIENTED_EDGE ( 'NONE', *, *, #845, .F. ) ;
#6119 = DIRECTION ( 'NONE',  ( -1.000000000000000000, -3.351020734656013321E-31, 1.931731933684178019E-15 ) ) ;
#6120 = CARTESIAN_POINT ( 'NONE',  ( 50.53107068366620780, 113.0731294759246310, 11.63703494020662355 ) ) ;
#6121 = CARTESIAN_POINT ( 'NONE',  ( -61.18644308791102304, 176.8232553087308361, 11.63703494020662710 ) ) ;
#6122 = EDGE_LOOP ( 'NONE', ( #5262, #6803, #6944, #4807, #687, #4124, #2906, #861, #1142, #4666, #3949, #3526, #3333, #6274, #1203, #850, #5498, #2690, #4274, #2955, #2761, #6199, #6253, #7343, #2873, #6467, #1835, #2192, #4841, #255, #5862, #3021 ) ) ;
#6123 = CARTESIAN_POINT ( 'NONE',  ( -113.1716221684729220, 156.8763423934383354, 11.57346788014403494 ) ) ;
#6124 = EDGE_CURVE ( 'NONE', #3032, #283, #1713, .T. ) ;
#6125 = CARTESIAN_POINT ( 'NONE',  ( 41.57798809823452757, 110.8561770949124252, 2.633229638298407949 ) ) ;
#6126 = CARTESIAN_POINT ( 'NONE',  ( -116.4824834901963015, 136.9373407908675233, 1.637034940206621325 ) ) ;
#6127 = CARTESIAN_POINT ( 'NONE',  ( -106.0498091390629298, 162.9528467843796875, 11.43703494025265144 ) ) ;
#6128 = CARTESIAN_POINT ( 'NONE',  ( -61.19833896969817033, 106.1613051968862322, 11.43703494025265144 ) ) ;
#6129 = CARTESIAN_POINT ( 'NONE',  ( -100.9017544441577314, 118.7837337803544813, 5.637034940206621769 ) ) ;
#6130 = ORIENTED_EDGE ( 'NONE', *, *, #5365, .T. ) ;
#6131 = CARTESIAN_POINT ( 'NONE',  ( -56.69367804504229014, 104.4680798156947787, 11.63703494020730567 ) ) ;
#6132 = ORIENTED_EDGE ( 'NONE', *, *, #457, .T. ) ;
#6133 = CARTESIAN_POINT ( 'NONE',  ( -65.06841987206657052, 176.6690445864416290, 5.637034940206621769 ) ) ;
#6134 = CARTESIAN_POINT ( 'NONE',  ( -57.38715136082048929, 178.4388880398630022, 2.560097286703862274 ) ) ;
#6135 = B_SPLINE_SURFACE_WITH_KNOTS ( 'NONE', 1, 3, ( 
 ( #5858, #6956, #581, #2241, #10, #651, #3542, #1182, #2352, #2945, #86, #2874, #2385, #6995, #1784, #5249, #4073, #6844, #6271, #3392, #616, #4679, #1107, #540, #4107, #6381, #6920, #6881, #5177, #684, #4568, #4532, #5705, #1668, #1212, #1822, #2313, #1709, #6419, #4003, #4603, #1143, #3964, #3429, #2907, #1249, #2978, #3469, #2840, #5139, #5783, #3507, #6347, #7456, #5745, #4642, #1744, #4041, #5211, #46, #5822, #1424, #834, #1859, #6529, #1970, #271, #3607, #3008, #3157, #4177, #1313, #5932, #4252, #1933, #4214, #4711, #2526, #7177, #7143, #7029, #4141, #6491, #5324, #4823, #2565, #7102, #2419, #2004, #6565, #1356, #1391, #2492, #4856 ),
 ( #759, #3045, #3680, #4286, #6600, #872, #5361, #123, #3641, #2455, #3576, #6002, #3714, #199, #4749, #6455, #3120, #5964, #4787, #5433, #6037, #159, #797, #719, #1281, #5893, #7066, #1898, #3083, #5397, #233, #4933, #5055, #7332, #1584, #6145, #4401, #2754, #2035, #2111, #3881, #1020, #1621, #2722, #3798, #1057, #3232, #6184, #6796, #6719, #5579, #3310, #5619, #6109, #452, #7371, #5013, #2196, #2155, #2602, #4321, #6637, #3837, #4487, #1465, #3754, #3920, #4445, #2680, #2639, #944, #6222, #343, #5468, #6071, #306, #6760, #4897, #5540, #7250, #7216, #2072, #375, #4355, #909, #5505, #982, #3195, #6675, #1546, #1500, #4974, #3273, #7291 ) ),
 .UNSPECIFIED., .F., .F., .F.,
 ( 2, 2 ),
 ( 4, 2, 2, 2, 2, 2, 2, 2, 2, 2, 2, 2, 2, 2, 2, 2, 2, 2, 2, 2, 2, 2, 2, 2, 2, 2, 2, 2, 2, 2, 2, 2, 2, 2, 2, 2, 2, 2, 2, 2, 2, 2, 2, 2, 2, 2, 4 ),
 ( 0.000000000000000000, 1.000000000000000000 ),
 ( 0.000000000000000000, 0.04287706956373679018, 0.06431560434560518180, 0.08575413912747358036, 0.09647340651840777270, 0.1071926739093419789, 0.1125523076048090820, 0.1179119413002761713, 0.1205917581480097089, 0.1219316665718764847, 0.1226016207838098726, 0.1232715749957432605, 0.1236065521017099544, 0.1237740406546933014, 0.1239415292076766484, 0.1241090177606599954, 0.1241927620371516688, 0.1242765063136433423, 0.1244439948666266893, 0.1246114834196100363, 0.1252814376315434242, 0.1259513918434768120, 0.1272913002673435878, 0.1286312086912103636, 0.1299711171150771394, 0.1313110255389439152, 0.1339908423866774667, 0.1366706592344110183, 0.1393504760821445698, 0.1420302929298781214, 0.1433702013537448972, 0.1447101097776116729, 0.1473899266253452245, 0.1500697434730787760, 0.1527495603208123276, 0.1554293771685458792, 0.1567692855924126549, 0.1581091940162794307, 0.1594491024401462065, 0.1607890108640129823, 0.1621289192878797580, 0.1634688277117465338, 0.1648087361356133096, 0.1661486445594800854, 0.1674885529833468611, 0.1688284614072136369, 0.1715082782549471607 ),
 .UNSPECIFIED. ) ;
#6136 = CARTESIAN_POINT ( 'NONE',  ( -103.6793240718845226, 167.6299172918876650, 11.01732496667038674 ) ) ;
#6137 = CARTESIAN_POINT ( 'NONE',  ( -88.65630493309933513, 174.5783260571709548, 11.63703494020681894 ) ) ;
#6138 = CARTESIAN_POINT ( 'NONE',  ( -114.4923382364112854, 133.2094386216658677, 11.63703494020662355 ) ) ;
#6139 = ORIENTED_EDGE ( 'NONE', *, *, #1818, .T. ) ;
#6140 = CARTESIAN_POINT ( 'NONE',  ( -107.3789459748454789, 161.7265280905857594, 11.63703494020662177 ) ) ;
#6141 = ORIENTED_EDGE ( 'NONE', *, *, #7459, .F. ) ;
#6142 = CARTESIAN_POINT ( 'NONE',  ( -57.08784497696410654, 178.4184881981260560, 11.22871811862017566 ) ) ;
#6143 = CARTESIAN_POINT ( 'NONE',  ( -54.24331438336118083, 104.5161058521228625, 0.4189492351087209521 ) ) ;
#6144 = EDGE_CURVE ( 'NONE', #3535, #3535, #6895, .T. ) ;
#6145 = CARTESIAN_POINT ( 'NONE',  ( -57.28311384484014468, 104.4273878233298518, 2.560097286703862274 ) ) ;
#6146 = FACE_BOUND ( 'NONE', #1235, .T. ) ;
#6147 = CARTESIAN_POINT ( 'NONE',  ( -109.8063267217577845, 124.1329255652765511, 11.63703494020662355 ) ) ;
#6148 = CARTESIAN_POINT ( 'NONE',  ( -55.83350044452642180, 178.3267527873188669, 2.594411558527914163 ) ) ;
#6149 = CARTESIAN_POINT ( 'NONE',  ( -111.6393471379481923, 123.5742853727124242, 11.49450176954156078 ) ) ;
#6150 = CARTESIAN_POINT ( 'NONE',  ( 51.43912985756249867, 169.7121312547611751, 11.63703494020662532 ) ) ;
#6151 = CARTESIAN_POINT ( 'NONE',  ( -49.59424935121914757, 177.5021406653065128, 10.20385186561436619 ) ) ;
#6152 = CARTESIAN_POINT ( 'NONE',  ( -115.2821250843991123, 152.6585511861097473, 2.560097286703862274 ) ) ;
#6153 = ORIENTED_EDGE ( 'NONE', *, *, #4616, .F. ) ;
#6154 = CARTESIAN_POINT ( 'NONE',  ( -115.8731206951982671, 140.9707427485300002, 5.637034940206621769 ) ) ;
#6155 = CARTESIAN_POINT ( 'NONE',  ( 51.57392314928746657, 113.1584995169715882, 11.63703494020662355 ) ) ;
#6156 = AXIS2_PLACEMENT_3D ( 'NONE', #5026, #7382, #5665 ) ;
#6157 = CARTESIAN_POINT ( 'NONE',  ( -88.06748473051575843, 172.6467015894289716, 11.43703494025265321 ) ) ;
#6158 = VERTEX_POINT ( 'NONE', #1292 ) ;
#6159 = ADVANCED_FACE ( 'NONE', ( #2505 ), #270, .T. ) ;
#6160 = CARTESIAN_POINT ( 'NONE',  ( 49.89315580768774794, 112.0815948550407199, 1.637034940206621103 ) ) ;
#6161 = CARTESIAN_POINT ( 'NONE',  ( -103.6843207554299795, 115.2333055043775403, 10.70726375757830873 ) ) ;
#6162 = AXIS2_PLACEMENT_3D ( 'NONE', #6973, #481, #2889 ) ;
#6163 = CIRCLE ( 'NONE', #4477, 2.149999999999999023 ) ;
#6164 = CARTESIAN_POINT ( 'NONE',  ( 47.49851898290845043, 141.1485832831377820, 11.63703494020662177 ) ) ;
#6165 = CARTESIAN_POINT ( 'NONE',  ( -102.6527990244173765, 168.2719982339096987, 10.64548019326770145 ) ) ;
#6166 = CARTESIAN_POINT ( 'NONE',  ( 47.45360491895777955, 170.9030624864556387, 1.637034940206620881 ) ) ;
#6167 = CARTESIAN_POINT ( 'NONE',  ( -56.48957987385233537, 104.5133589690954778, 10.77287909597761839 ) ) ;
#6168 = CARTESIAN_POINT ( 'NONE',  ( -101.6435907234501030, 166.7741398939537874, 11.63703494020662355 ) ) ;
#6169 = ORIENTED_EDGE ( 'NONE', *, *, #6285, .T. ) ;
#6170 = CARTESIAN_POINT ( 'NONE',  ( -90.54820806604867300, 108.9236854976365123, 2.560096196074688191 ) ) ;
#6171 = ORIENTED_EDGE ( 'NONE', *, *, #6707, .F. ) ;
#6172 = B_SPLINE_CURVE_WITH_KNOTS ( 'NONE', 3,
 ( #1483, #6660, #3777, #325, #5600, #2623, #7311, #4914, #357, #433, #2659, #7271, #2093, #4382, #6700, #1527, #1602, #3819, #6128, #2702 ),
 .UNSPECIFIED., .F., .F.,
 ( 4, 2, 2, 2, 2, 2, 2, 2, 2, 4 ),
 ( 0.000000000000000000, 0.06250000000000033307, 0.1250000000000005551, 0.2500000000000005551, 0.3750000000000004441, 0.4375000000000003331, 0.5000000000000003331, 0.6250000000000000000, 0.7499999999999997780, 1.000000000000000000 ),
 .UNSPECIFIED. ) ;
#6173 = FACE_OUTER_BOUND ( 'NONE', #465, .T. ) ;
#6174 = CARTESIAN_POINT ( 'NONE',  ( -102.1536018092125886, 166.2521516777257773, 5.637034940206621769 ) ) ;
#6175 = CARTESIAN_POINT ( 'NONE',  ( -59.15548899583434661, 178.5614910365927130, 2.560097286697720076 ) ) ;
#6176 = CARTESIAN_POINT ( 'NONE',  ( -115.9811219712752006, 139.7637601491597366, 11.63703494020662355 ) ) ;
#6177 = ORIENTED_EDGE ( 'NONE', *, *, #4012, .F. ) ;
#6178 = CARTESIAN_POINT ( 'NONE',  ( -106.9755302041509850, 162.1691993396407554, 11.63703494020662710 ) ) ;
#6179 = EDGE_LOOP ( 'NONE', ( #2661 ) ) ;
#6180 = CARTESIAN_POINT ( 'NONE',  ( -57.15129638049413785, 178.4228766376866702, 10.82325831188821574 ) ) ;
#6181 = ORIENTED_EDGE ( 'NONE', *, *, #4486, .T. ) ;
#6182 = B_SPLINE_CURVE_WITH_KNOTS ( 'NONE', 3,
 ( #3922, #2866, #6340, #454, #5737, #4033, #2831, #7411, #1624, #6224, #4489 ),
 .UNSPECIFIED., .F., .F.,
 ( 4, 2, 2, 2, 1, 4 ),
 ( 0.000000000000000000, 0.5000000000000081046, 0.5625000000000114353, 0.6250000000000147660, 0.7500000000000128786, 1.000000000000000000 ),
 .UNSPECIFIED. ) ;
#6183 = CARTESIAN_POINT ( 'NONE',  ( -57.40638271586047381, 104.4076104451916081, 4.402382082644932915 ) ) ;
#6184 = CARTESIAN_POINT ( 'NONE',  ( -62.09342101191046481, 104.2469338408804020, 2.560097286703860497 ) ) ;
#6185 = CARTESIAN_POINT ( 'NONE',  ( -55.63287566404026308, 177.4662587535152340, 1.637034940206621547 ) ) ;
#6186 = CARTESIAN_POINT ( 'NONE',  ( -116.5316248896111091, 133.4377754304576342, 11.46867444300144001 ) ) ;
#6187 = CARTESIAN_POINT ( 'NONE',  ( -106.0538071185788738, 119.9097208140333777, 5.637034940206621769 ) ) ;
#6188 = CARTESIAN_POINT ( 'NONE',  ( -101.8197542657191406, 116.1852835002992634, 11.63703494020662532 ) ) ;
#6189 = CARTESIAN_POINT ( 'NONE',  ( -112.2894446555236101, 124.5353520949156092, 11.12927722840397671 ) ) ;
#6190 = CARTESIAN_POINT ( 'NONE',  ( 50.86108784733293930, 169.7598466328569202, 11.63703494020662355 ) ) ;
#6191 = ADVANCED_FACE ( 'NONE', ( #5338 ), #3049, .T. ) ;
#6192 = CARTESIAN_POINT ( 'NONE',  ( -68.45917044366636617, 177.5741442370172365, 1.637034940206621103 ) ) ;
#6193 = CARTESIAN_POINT ( 'NONE',  ( -112.3013515538574012, 128.5052964212412689, 11.43703494025265144 ) ) ;
#6194 = CARTESIAN_POINT ( 'NONE',  ( -106.1854437712212160, 164.3445658352368639, 1.637034940206620881 ) ) ;
#6195 = CARTESIAN_POINT ( 'NONE',  ( -95.27651590533064052, 112.9902063214049690, 5.637034940206621769 ) ) ;
#6196 = CARTESIAN_POINT ( 'NONE',  ( 50.29465242528744540, 113.0547395977214649, 11.63703494020662355 ) ) ;
#6197 = CARTESIAN_POINT ( 'NONE',  ( -101.4045685334907461, 166.9132669990086697, 11.63703494020662177 ) ) ;
#6198 = AXIS2_PLACEMENT_3D ( 'NONE', #842, #6645, #3687 ) ;
#6199 = ORIENTED_EDGE ( 'NONE', *, *, #734, .F. ) ;
#6200 = FACE_OUTER_BOUND ( 'NONE', #4880, .T. ) ;
#6201 = CARTESIAN_POINT ( 'NONE',  ( -103.6843207554299511, 115.2333055043774976, 10.70729333794644234 ) ) ;
#6202 = CONICAL_SURFACE ( 'NONE', #1630, 4.700000000000002842, 0.7853981633974482790 ) ;
#6203 = CARTESIAN_POINT ( 'NONE',  ( 44.94555193603530796, 112.9730532922199586, 5.637034940206621769 ) ) ;
#6204 = CARTESIAN_POINT ( 'NONE',  ( -56.84063694183074489, 105.2990199295269917, 1.637034940206621103 ) ) ;
#6205 = B_SPLINE_CURVE_WITH_KNOTS ( 'NONE', 3,
 ( #2275, #4566, #6878, #4001 ),
 .UNSPECIFIED., .F., .F.,
 ( 4, 4 ),
 ( -0.0002740876692080157235, 1.000000000000000000 ),
 .UNSPECIFIED. ) ;
#6206 = CARTESIAN_POINT ( 'NONE',  ( -54.71892956521398332, 104.7217240161975269, 10.60941348581544297 ) ) ;
#6207 = CARTESIAN_POINT ( 'NONE',  ( -43.78738014793826494, 105.8083557867659010, 7.509409073157740089 ) ) ;
#6208 = CARTESIAN_POINT ( 'NONE',  ( -107.0908008108631151, 164.6548291486024596, 10.86262463496233543 ) ) ;
#6209 = ORIENTED_EDGE ( 'NONE', *, *, #2772, .F. ) ;
#6210 = PRESENTATION_STYLE_ASSIGNMENT (( #402 ) ) ;
#6211 = LINE ( 'NONE', #1573, #4277 ) ;
#6212 = CARTESIAN_POINT ( 'NONE',  ( -49.59422954331319744, 177.5021381200514554, 10.87400960247786230 ) ) ;
#6213 = CARTESIAN_POINT ( 'NONE',  ( 53.06587829985905103, 169.3746498236940567, 11.43703494025264966 ) ) ;
#6214 = CARTESIAN_POINT ( 'NONE',  ( 52.16881306367085358, 170.6356276523270594, 1.708369287525685065 ) ) ;
#6215 = ORIENTED_EDGE ( 'NONE', *, *, #4138, .T. ) ;
#6216 = CARTESIAN_POINT ( 'NONE',  ( -107.8253863572280409, 161.2207251501729388, 11.63703494020661822 ) ) ;
#6217 = ORIENTED_EDGE ( 'NONE', *, *, #3231, .T. ) ;
#6218 = VERTEX_POINT ( 'NONE', #1840 ) ;
#6219 = CARTESIAN_POINT ( 'NONE',  ( -67.17376471752452005, 177.6592794287257959, 1.637034940206621103 ) ) ;
#6220 = AXIS2_PLACEMENT_3D ( 'NONE', #151, #4171, #6447 ) ;
#6221 = EDGE_CURVE ( 'NONE', #680, #680, #871, .T. ) ;
#6222 = CARTESIAN_POINT ( 'NONE',  ( -88.76295275739026636, 108.3411217055521973, 2.560097286703860053 ) ) ;
#6223 = CARTESIAN_POINT ( 'NONE',  ( -2.156075501600788868, 117.4296532794404158, 4.187034940206620703 ) ) ;
#6224 = CARTESIAN_POINT ( 'NONE',  ( 52.16943009435095746, 112.2234136136962093, 1.708736415872438297 ) ) ;
#6225 = CARTESIAN_POINT ( 'NONE',  ( -53.59419798236562826, 178.1333258407174753, 2.611209490915229470 ) ) ;
#6226 = CARTESIAN_POINT ( 'NONE',  ( 50.20995644729226370, 169.8110107882768034, 11.63703494020662177 ) ) ;
#6227 = CARTESIAN_POINT ( 'NONE',  ( -67.19527478636902629, 177.6582096146713923, 1.637034940206621103 ) ) ;
#6228 = CARTESIAN_POINT ( 'NONE',  ( -51.17328788702741349, 105.7447721379761987, 1.637034940206621325 ) ) ;
#6229 = CARTESIAN_POINT ( 'NONE',  ( -93.50583044501213692, 112.2144235065697302, 5.637034940206621769 ) ) ;
#6230 = ORIENTED_EDGE ( 'NONE', *, *, #3072, .F. ) ;
#6231 = CARTESIAN_POINT ( 'NONE',  ( 47.49851898288198271, 151.7107232829701786, 9.724448169894150951 ) ) ;
#6232 = CARTESIAN_POINT ( 'NONE',  ( 51.29418906960829361, 113.1350463471737271, 11.63703494020662355 ) ) ;
#6233 = CARTESIAN_POINT ( 'NONE',  ( -100.5528513849157122, 167.3932219507544801, 11.63703494020661999 ) ) ;
#6234 = B_SPLINE_CURVE_WITH_KNOTS ( 'NONE', 3,
 ( #3626, #1376, #254, #3067, #4843, #3663 ),
 .UNSPECIFIED., .F., .F.,
 ( 4, 2, 4 ),
 ( 0.03464051819340390609, 0.04054553165703259077, 0.04645054512066124769 ),
 .UNSPECIFIED. ) ;
#6235 = ORIENTED_EDGE ( 'NONE', *, *, #2367, .F. ) ;
#6236 = CARTESIAN_POINT ( 'NONE',  ( 47.76344821126060225, 171.7310166041661148, 2.580153284068841479 ) ) ;
#6237 = ADVANCED_FACE ( 'NONE', ( #6434 ), #7278, .F. ) ;
#6238 = DIRECTION ( 'NONE',  ( -0.000000000000000000, -0.000000000000000000, 1.000000000000000000 ) ) ;
#6239 = DIRECTION ( 'NONE',  ( 1.127052364861340795E-16, 1.574532446002655002E-16, 1.000000000000000000 ) ) ;
#6240 = CARTESIAN_POINT ( 'NONE',  ( -57.22730188356217695, 105.2722784520518928, 1.637034940206620881 ) ) ;
#6241 = CARTESIAN_POINT ( 'NONE',  ( -56.51745816596474725, 104.9925875675034490, 1.997856195222429410 ) ) ;
#6242 = CARTESIAN_POINT ( 'NONE',  ( -102.4509130740901099, 116.8076960602125354, 11.43703494025319856 ) ) ;
#6243 = CARTESIAN_POINT ( 'NONE',  ( -100.4558242329702864, 115.6409715401065483, 11.43703494025264966 ) ) ;
#6244 = EDGE_LOOP ( 'NONE', ( #1757 ) ) ;
#6245 = CARTESIAN_POINT ( 'NONE',  ( -87.98123186417224417, 172.6749421842901029, 5.637034940206621769 ) ) ;
#6246 = CARTESIAN_POINT ( 'NONE',  ( 53.64323643793792940, 171.0457170791189014, 10.80311577158340341 ) ) ;
#6247 = CARTESIAN_POINT ( 'NONE',  ( -55.36010997433592706, 178.2150372808059728, 2.697926144399420245 ) ) ;
#6248 = CARTESIAN_POINT ( 'NONE',  ( -117.3123278287786491, 136.7125022037221527, 11.63703494020662355 ) ) ;
#6249 = CARTESIAN_POINT ( 'NONE',  ( -49.47156437884021329, 177.4864295925898432, 9.937738447946770748 ) ) ;
#6250 = FACE_OUTER_BOUND ( 'NONE', #5335, .T. ) ;
#6251 = DIRECTION ( 'NONE',  ( 9.417104279404143412E-11, -1.000000000000000000, 0.000000000000000000 ) ) ;
#6252 = CARTESIAN_POINT ( 'NONE',  ( -103.1501000921053759, 114.8730870222287876, 10.65232513210038690 ) ) ;
#6253 = ORIENTED_EDGE ( 'NONE', *, *, #3417, .F. ) ;
#6254 = CARTESIAN_POINT ( 'NONE',  ( -113.9389998305260434, 151.1764341898413591, 11.63703494020661999 ) ) ;
#6255 = ORIENTED_EDGE ( 'NONE', *, *, #4221, .T. ) ;
#6256 = CARTESIAN_POINT ( 'NONE',  ( -57.04944307157511219, 178.4158322373210126, 11.22677072629458017 ) ) ;
#6257 = ORIENTED_EDGE ( 'NONE', *, *, #5213, .T. ) ;
#6258 = CARTESIAN_POINT ( 'NONE',  ( -100.9717099367333191, 168.2601527975278657, 1.637034940206620881 ) ) ;
#6259 = CARTESIAN_POINT ( 'NONE',  ( -49.65133831203915094, 105.3498550752124743, 10.20008463720381542 ) ) ;
#6260 = DIRECTION ( 'NONE',  ( -1.000000000000000000, 0.000000000000000000, 0.000000000000000000 ) ) ;
#6261 = DIRECTION ( 'NONE',  ( -0.9979493749073199416, 0.06400816449555045418, -8.705997038677720427E-19 ) ) ;
#6262 = CARTESIAN_POINT ( 'NONE',  ( -55.94221479442321510, 178.3367340187259060, 2.593597144739097526 ) ) ;
#6263 = CARTESIAN_POINT ( 'NONE',  ( -113.1803633374349971, 125.9682239331730216, 11.96049697294657221 ) ) ;
#6264 = CARTESIAN_POINT ( 'NONE',  ( 52.42177421977418561, 169.6290544370245073, 11.63703494020662177 ) ) ;
#6265 = CARTESIAN_POINT ( 'NONE',  ( 51.66135203287136335, 113.3691210533891507, 5.637034940206621769 ) ) ;
#6266 = PRODUCT ( 'ASV1_500_39C', 'ASV1_500_39C', '', ( #2864 ) ) ;
#6267 = CARTESIAN_POINT ( 'NONE',  ( -102.2533148842228030, 166.4255221557791060, 11.63703494020662177 ) ) ;
#6268 = CARTESIAN_POINT ( 'NONE',  ( -82.45874942941576080, 108.6142632584898848, 5.637034940206621769 ) ) ;
#6269 = VERTEX_POINT ( 'NONE', #285 ) ;
#6270 = EDGE_CURVE ( 'NONE', #2944, #6550, #6611, .T. ) ;
#6271 = CARTESIAN_POINT ( 'NONE',  ( -54.48735664509842280, 105.4617780056413920, 1.637034940206621103 ) ) ;
#6272 = CARTESIAN_POINT ( 'NONE',  ( -102.6606196859366378, 166.1914583315432594, 11.63703494020662177 ) ) ;
#6273 = CIRCLE ( 'NONE', #6388, 30.59228193470919166 ) ;
#6274 = ORIENTED_EDGE ( 'NONE', *, *, #3278, .F. ) ;
#6275 = CARTESIAN_POINT ( 'NONE',  ( 54.90993665877572738, 111.8825064882908578, 6.170606018236638235 ) ) ;
#6276 = CARTESIAN_POINT ( 'NONE',  ( -101.7187508857061999, 168.7981141935172502, 10.89404112730323071 ) ) ;
#6277 = CARTESIAN_POINT ( 'NONE',  ( -57.22700420776239838, 105.2722990163866115, 1.637034940206621103 ) ) ;
#6278 = CARTESIAN_POINT ( 'NONE',  ( -101.9007012741614346, 168.7136159080442042, 11.64121708509216013 ) ) ;
#6279 = DIRECTION ( 'NONE',  ( 1.000000000000000000, -5.527017887712803524E-15, 0.000000000000000000 ) ) ;
#6280 = CARTESIAN_POINT ( 'NONE',  ( 53.43420332601557021, 111.7461408946654728, 10.26960605492005563 ) ) ;
#6281 = ORIENTED_EDGE ( 'NONE', *, *, #281, .T. ) ;
#6282 = DIRECTION ( 'NONE',  ( 0.000000000000000000, 0.000000000000000000, 1.000000000000000000 ) ) ;
#6283 = AXIS2_PLACEMENT_3D ( 'NONE', #6962, #1788, #2951 ) ;
#6284 = CARTESIAN_POINT ( 'NONE',  ( 52.04914947223875288, 170.5840409947594480, 1.637034940206621103 ) ) ;
#6285 = EDGE_CURVE ( 'NONE', #3821, #2097, #5931, .T. ) ;
#6286 = DIRECTION ( 'NONE',  ( -0.5904623445788024227, 0.000000000000000000, -0.8070651892099570679 ) ) ;
#6287 = CARTESIAN_POINT ( 'NONE',  ( -103.6826777194388143, 115.2045343368733370, 11.63703494020662177 ) ) ;
#6288 = CARTESIAN_POINT ( 'NONE',  ( -115.4807548229877483, 130.6137137795051331, 2.560097286702547326 ) ) ;
#6289 = CARTESIAN_POINT ( 'NONE',  ( 1.843924496549957714, 157.4296532796704469, 1.637034940206621103 ) ) ;
#6290 = AXIS2_PLACEMENT_3D ( 'NONE', #3527, #5161, #72 ) ;
#6291 = CARTESIAN_POINT ( 'NONE',  ( 52.55296160308084552, 169.6179837250673472, 11.63703494020662177 ) ) ;
#6292 = CARTESIAN_POINT ( 'NONE',  ( -50.72335287148405314, 177.6970781884920996, 11.68742377244993413 ) ) ;
#6293 = ORIENTED_EDGE ( 'NONE', *, *, #90, .F. ) ;
#6294 = CARTESIAN_POINT ( 'NONE',  ( 53.00248534341163520, 113.4794431813445641, 5.637034940206621769 ) ) ;
#6295 = ORIENTED_EDGE ( 'NONE', *, *, #450, .T. ) ;
#6296 = FACE_OUTER_BOUND ( 'NONE', #2877, .T. ) ;
#6297 = EDGE_CURVE ( 'NONE', #3143, #2097, #7249, .T. ) ;
#6298 = ORIENTED_EDGE ( 'NONE', *, *, #1512, .F. ) ;
#6299 = CARTESIAN_POINT ( 'NONE',  ( -88.48555765233741965, 173.7264707741760503, 1.637034940206622213 ) ) ;
#6300 = CARTESIAN_POINT ( 'NONE',  ( -54.47201660149479352, 178.1082947464086885, 10.58683823680086356 ) ) ;
#6301 = CARTESIAN_POINT ( 'NONE',  ( 46.87319190902463362, 170.9222229079394708, 1.637034940206621103 ) ) ;
#6302 = CARTESIAN_POINT ( 'NONE',  ( -56.37327045603846187, 104.4902399140184457, 2.581814872328606736 ) ) ;
#6303 = CARTESIAN_POINT ( 'NONE',  ( -103.5256514505454390, 115.1090009896703066, 2.560097286703860942 ) ) ;
#6304 = CARTESIAN_POINT ( 'NONE',  ( -101.7187508856791993, 168.7981141935323706, 10.89404112731262586 ) ) ;
#6305 = CARTESIAN_POINT ( 'NONE',  ( 49.45916079687577849, 169.8645741452412778, 11.63703494020662355 ) ) ;
#6306 = DIRECTION ( 'NONE',  ( -0.000000000000000000, 0.000000000000000000, 1.000000000000000000 ) ) ;
#6307 = CARTESIAN_POINT ( 'NONE',  ( -117.5016554442484988, 145.0243106345005515, 11.63703494020703211 ) ) ;
#6308 = CARTESIAN_POINT ( 'NONE',  ( -97.88542983427872457, 114.2713449506450729, 5.637034940206621769 ) ) ;
#6309 = ORIENTED_EDGE ( 'NONE', *, *, #4565, .T. ) ;
#6310 = DIRECTION ( 'NONE',  ( -0.000000000000000000, -0.000000000000000000, -1.000000000000000000 ) ) ;
#6311 = CARTESIAN_POINT ( 'NONE',  ( 46.49479438925276753, 112.8440339559664238, 11.63703494020662355 ) ) ;
#6312 = CARTESIAN_POINT ( 'NONE',  ( -93.57197174195006539, 170.8057080797998708, 11.63703494020662355 ) ) ;
#6313 = EDGE_CURVE ( 'NONE', #5282, #5282, #6163, .T. ) ;
#6314 = CARTESIAN_POINT ( 'NONE',  ( -48.37268504067748864, 177.3997028633116599, 11.77298705152437641 ) ) ;
#6315 = DIRECTION ( 'NONE',  ( -0.5891458084159147957, 0.000000000000000000, 0.8080267423952984807 ) ) ;
#6316 = CARTESIAN_POINT ( 'NONE',  ( -56.83471539742740930, 105.2994294766497916, 1.637034940206620881 ) ) ;
#6317 = DIRECTION ( 'NONE',  ( 0.8070651892099567348, 7.600217047067198034E-11, -0.5904623445788027558 ) ) ;
#6318 = CARTESIAN_POINT ( 'NONE',  ( 41.52448325076026237, 111.6903695676001576, 1.637034940206621103 ) ) ;
#6319 = ORIENTED_EDGE ( 'NONE', *, *, #5494, .T. ) ;
#6320 = ADVANCED_FACE ( 'NONE', ( #1396 ), #2606, .T. ) ;
#6321 = DIRECTION ( 'NONE',  ( -1.000000000000000000, 0.000000000000000000, 0.000000000000000000 ) ) ;
#6322 = CARTESIAN_POINT ( 'NONE',  ( -55.05963658885590917, 177.4152184832602757, 1.637034940206621103 ) ) ;
#6323 = CARTESIAN_POINT ( 'NONE',  ( -55.75546201101199273, 178.2616302621119644, 2.455704154002272155 ) ) ;
#6324 = CIRCLE ( 'NONE', #422, 19.99999999999998934 ) ;
#6325 = CARTESIAN_POINT ( 'NONE',  ( -56.26047691187346089, 177.6420703094489397, 1.770821673615887049 ) ) ;
#6326 = CARTESIAN_POINT ( 'NONE',  ( -73.05223269720968915, 106.6937815477827201, 11.63703494020662177 ) ) ;
#6327 = LINE ( 'NONE', #6820, #1224 ) ;
#6328 = CARTESIAN_POINT ( 'NONE',  ( 49.89163193944675356, 169.6341675900531527, 11.43703494025264966 ) ) ;
#6329 = CARTESIAN_POINT ( 'NONE',  ( -64.99357528909929727, 104.2536876828132790, 11.39000632113478062 ) ) ;
#6330 = EDGE_LOOP ( 'NONE', ( #1946 ) ) ;
#6331 = DIRECTION ( 'NONE',  ( -1.000000000000000000, 0.000000000000000000, 0.000000000000000000 ) ) ;
#6332 = ORIENTED_EDGE ( 'NONE', *, *, #4388, .T. ) ;
#6333 = CARTESIAN_POINT ( 'NONE',  ( -97.61035666224752561, 170.0163170922570544, 1.637034940206621325 ) ) ;
#6334 = CARTESIAN_POINT ( 'NONE',  ( -117.7427462605265305, 143.6647849975267661, 2.560097286703177488 ) ) ;
#6335 = ORIENTED_EDGE ( 'NONE', *, *, #2855, .T. ) ;
#6336 = CARTESIAN_POINT ( 'NONE',  ( -56.09064090460922358, 177.5084142378715057, 1.637034940206621103 ) ) ;
#6337 = CARTESIAN_POINT ( 'NONE',  ( -91.35457976216729037, 172.7204849843618888, 1.637034940206620437 ) ) ;
#6338 = CARTESIAN_POINT ( 'NONE',  ( -49.59428886039676598, 177.5021457162058027, 10.16682865877681863 ) ) ;
#6339 = CARTESIAN_POINT ( 'NONE',  ( 50.45980173277195746, 170.7312962718025631, 1.637034940206621103 ) ) ;
#6340 = CARTESIAN_POINT ( 'NONE',  ( 52.99840345790610741, 111.8226218547875703, 2.257184441376792527 ) ) ;
#6341 = CARTESIAN_POINT ( 'NONE',  ( -108.1088483600478725, 120.5073848229462925, 1.637034940206621103 ) ) ;
#6342 = VERTEX_POINT ( 'NONE', #4 ) ;
#6343 = CIRCLE ( 'NONE', #5741, 4.700000000000000178 ) ;
#6344 = CARTESIAN_POINT ( 'NONE',  ( -70.93383279196601165, 106.6368134898300895, 5.637034940206621769 ) ) ;
#6345 = EDGE_CURVE ( 'NONE', #9, #144, #498, .T. ) ;
#6346 = ORIENTED_EDGE ( 'NONE', *, *, #3555, .F. ) ;
#6347 = CARTESIAN_POINT ( 'NONE',  ( -66.12070745094612789, 105.1511159175918664, 1.637034940206620437 ) ) ;
#6348 = CARTESIAN_POINT ( 'NONE',  ( 47.02119708885931004, 112.8671883468786064, 11.63703494020662177 ) ) ;
#6349 = CIRCLE ( 'NONE', #4156, 2.149999999999999023 ) ;
#6350 = CARTESIAN_POINT ( 'NONE',  ( -114.8642713097727182, 135.1255757526094499, 11.43703494025265321 ) ) ;
#6351 = VERTEX_POINT ( 'NONE', #6679 ) ;
#6352 = CARTESIAN_POINT ( 'NONE',  ( -47.84508833971805331, 177.2760096246178989, 10.34362344799988342 ) ) ;
#6353 = CARTESIAN_POINT ( 'NONE',  ( -109.8906997187315824, 141.4296532756430906, 5.637034940206621769 ) ) ;
#6354 = CARTESIAN_POINT ( 'NONE',  ( -101.6311046257197717, 168.8632406274565199, 11.70105106182934662 ) ) ;
#6355 = CARTESIAN_POINT ( 'NONE',  ( -101.3060572972026279, 116.1201099226403386, 11.43703494025264966 ) ) ;
#6356 = ADVANCED_FACE ( 'NONE', ( #2685 ), #5970, .F. ) ;
#6357 = CARTESIAN_POINT ( 'NONE',  ( -55.86157578566177051, 104.5866389028118277, 5.387456545269685648 ) ) ;
#6358 = CARTESIAN_POINT ( 'NONE',  ( 49.59714873517099676, 111.2185433430764334, 2.569290021710877614 ) ) ;
#6359 = ADVANCED_FACE ( 'NONE', ( #5356 ), #6989, .F. ) ;
#6360 = CARTESIAN_POINT ( 'NONE',  ( -49.59428885699978196, 105.3571608407588229, 10.16682865877681863 ) ) ;
#6361 = CARTESIAN_POINT ( 'NONE',  ( -113.9028028674759696, 127.1404988406554821, 11.63703494020661822 ) ) ;
#6362 = EDGE_CURVE ( 'NONE', #6902, #1296, #4167, .T. ) ;
#6363 = CARTESIAN_POINT ( 'NONE',  ( -70.15741849094277427, 106.3823032434347482, 11.63703494020662177 ) ) ;
#6364 = DIRECTION ( 'NONE',  ( -0.000000000000000000, -0.000000000000000000, -1.000000000000000000 ) ) ;
#6365 = CARTESIAN_POINT ( 'NONE',  ( -117.7427462603156130, 139.1945215530175801, 2.560097286703860942 ) ) ;
#6366 = CARTESIAN_POINT ( 'NONE',  ( -102.1765851266744676, 114.3169384680460468, 10.72806157876601496 ) ) ;
#6367 = VERTEX_POINT ( 'NONE', #4675 ) ;
#6368 = CARTESIAN_POINT ( 'NONE',  ( -110.1479393285129618, 161.2558661399702942, 2.560097286703860942 ) ) ;
#6369 = ORIENTED_EDGE ( 'NONE', *, *, #5863, .T. ) ;
#6370 = CARTESIAN_POINT ( 'NONE',  ( -103.3380463653562771, 114.9532650793711923, 11.63703494020662177 ) ) ;
#6371 = ORIENTED_EDGE ( 'NONE', *, *, #7319, .F. ) ;
#6372 = B_SPLINE_CURVE_WITH_KNOTS ( 'NONE', 1,
 ( #5938, #1194 ),
 .UNSPECIFIED., .F., .F.,
 ( 2, 2 ),
 ( 0.000000000000000000, 1.000000000000000000 ),
 .UNSPECIFIED. ) ;
#6373 = CARTESIAN_POINT ( 'NONE',  ( -45.96723933801353468, 105.8306379315367707, 11.34734651132888317 ) ) ;
#6374 = CARTESIAN_POINT ( 'NONE',  ( 46.67537887530856722, 170.9287550528451902, 1.637034940206621103 ) ) ;
#6375 = CARTESIAN_POINT ( 'NONE',  ( -102.5743078034953015, 116.6502992416439639, 11.63703494020662177 ) ) ;
#6376 = CARTESIAN_POINT ( 'NONE',  ( -110.0698435219348141, 122.8683358878300851, 1.637034940206621103 ) ) ;
#6377 = VERTEX_POINT ( 'NONE', #1244 ) ;
#6378 = CARTESIAN_POINT ( 'NONE',  ( 47.37086901794075544, 111.9537921724521681, 1.637034940206621103 ) ) ;
#6379 = EDGE_CURVE ( 'NONE', #1403, #7039, #4896, .T. ) ;
#6380 = CARTESIAN_POINT ( 'NONE',  ( -93.50583044501213692, 112.2144235065697302, 11.43703494025265144 ) ) ;
#6381 = CARTESIAN_POINT ( 'NONE',  ( -56.66860052055726271, 105.3109183493569105, 1.637034940206621103 ) ) ;
#6382 = CARTESIAN_POINT ( 'NONE',  ( 46.37263154149143674, 112.8386554742892685, 11.63703494020662355 ) ) ;
#6383 = CARTESIAN_POINT ( 'NONE',  ( -113.1795708167599344, 130.3761236965709429, 11.43703494025264789 ) ) ;
#6384 = ORIENTED_EDGE ( 'NONE', *, *, #6971, .T. ) ;
#6385 = CARTESIAN_POINT ( 'NONE',  ( 42.81160654540845201, 112.8520758448432133, 5.637034940206621769 ) ) ;
#6386 = CARTESIAN_POINT ( 'NONE',  ( -56.38100418659839619, 178.3696015239964936, 2.810343215196140054 ) ) ;
#6387 = CYLINDRICAL_SURFACE ( 'NONE', #2061, 2.149999999999999023 ) ;
#6388 = AXIS2_PLACEMENT_3D ( 'NONE', #2641, #946, #6111 ) ;
#6389 = CARTESIAN_POINT ( 'NONE',  ( -56.74390811268136758, 104.7650391932429841, 2.230389087286737126 ) ) ;
#6390 = CARTESIAN_POINT ( 'NONE',  ( -89.50637828388869366, 172.3650982316926275, 11.63703494020662532 ) ) ;
#6391 = CARTESIAN_POINT ( 'NONE',  ( -91.53706123970367514, 111.4514993897808210, 11.43703494025265144 ) ) ;
#6392 = ORIENTED_EDGE ( 'NONE', *, *, #4743, .T. ) ;
#6393 = FACE_BOUND ( 'NONE', #3876, .T. ) ;
#6394 = CARTESIAN_POINT ( 'NONE',  ( 48.53616583530010331, 111.1581875105409836, 2.572785800498595066 ) ) ;
#6395 = CARTESIAN_POINT ( 'NONE',  ( -102.4506128782070107, 166.0518458075077604, 11.43703494025265144 ) ) ;
#6396 = LINE ( 'NONE', #5302, #1764 ) ;
#6397 = CARTESIAN_POINT ( 'NONE',  ( -49.85021976975185254, 105.3164483286066968, 10.76637142909163636 ) ) ;
#6398 = CARTESIAN_POINT ( 'NONE',  ( -113.6869794533646569, 126.8415089907036162, 2.560097286703860942 ) ) ;
#6399 = CARTESIAN_POINT ( 'NONE',  ( -57.58267700692640290, 104.4076345389524079, 10.85611984730540769 ) ) ;
#6400 = ORIENTED_EDGE ( 'NONE', *, *, #1963, .T. ) ;
#6401 = CARTESIAN_POINT ( 'NONE',  ( 47.63412386648445818, 113.0943847230862076, 5.637034940206621769 ) ) ;
#6402 = ORIENTED_EDGE ( 'NONE', *, *, #6638, .T. ) ;
#6403 = CARTESIAN_POINT ( 'NONE',  ( -95.56807548941182517, 170.9890402890593180, 1.637034940206621325 ) ) ;
#6404 = CARTESIAN_POINT ( 'NONE',  ( -100.5475869638876532, 113.4166950186318275, 11.58790165776588843 ) ) ;
#6405 = EDGE_LOOP ( 'NONE', ( #2627, #3545, #5782, #1848, #2163 ) ) ;
#6406 = CARTESIAN_POINT ( 'NONE',  ( -56.17839508057618758, 177.5144845130774911, 1.637034940206620437 ) ) ;
#6407 = CONICAL_SURFACE ( 'NONE', #3511, 4.699999999999995737, 0.7853981633974479459 ) ;
#6408 = B_SPLINE_CURVE_WITH_KNOTS ( 'NONE', 3,
 ( #525, #7015, #4623, #5230 ),
 .UNSPECIFIED., .F., .F.,
 ( 4, 4 ),
 ( 0.000000000000000000, 1.212807022109261231E-05 ),
 .UNSPECIFIED. ) ;
#6409 = CARTESIAN_POINT ( 'NONE',  ( -48.31318438560776940, 105.5223160355701850, 11.03912428748937913 ) ) ;
#6410 = CARTESIAN_POINT ( 'NONE',  ( 47.19262905650839457, 170.9115845247496566, 1.637034940206621103 ) ) ;
#6411 = ADVANCED_FACE ( 'NONE', ( #3454, #2896 ), #1226, .F. ) ;
#6412 = CARTESIAN_POINT ( 'NONE',  ( -54.72915491836587876, 178.1690599846739929, 11.63703494020662177 ) ) ;
#6413 = CARTESIAN_POINT ( 'NONE',  ( -112.4507779067192104, 126.4107589803314369, 1.637034940206621325 ) ) ;
#6414 = CARTESIAN_POINT ( 'NONE',  ( -102.6664080751639716, 168.2631656196401480, 10.67273010414822920 ) ) ;
#6415 = VERTEX_POINT ( 'NONE', #1894 ) ;
#6416 = CARTESIAN_POINT ( 'NONE',  ( -40.89645579134757014, 176.5036652607271890, 11.63703494020662177 ) ) ;
#6417 = CARTESIAN_POINT ( 'NONE',  ( 50.51857887150818982, 112.1331060123168868, 1.637034940206621103 ) ) ;
#6418 = ORIENTED_EDGE ( 'NONE', *, *, #3231, .F. ) ;
#6419 = CARTESIAN_POINT ( 'NONE',  ( -57.56351877657286309, 105.2497628191257917, 1.637034940206620659 ) ) ;
#6420 = FACE_BOUND ( 'NONE', #1614, .T. ) ;
#6421 = CARTESIAN_POINT ( 'NONE',  ( -109.9040112902171558, 124.6134773291214799, 11.43703494025264966 ) ) ;
#6422 = EDGE_CURVE ( 'NONE', #5102, #4624, #3529, .T. ) ;
#6423 = CARTESIAN_POINT ( 'NONE',  ( -81.94553399794362747, 175.5580962830862859, 1.637034940206621103 ) ) ;
#6424 = ORIENTED_EDGE ( 'NONE', *, *, #6966, .F. ) ;
#6425 = CARTESIAN_POINT ( 'NONE',  ( -114.8538271882525237, 151.4787985527831040, 1.637034940206620437 ) ) ;
#6426 = CARTESIAN_POINT ( 'NONE',  ( 37.97743042409042147, 171.7107232829702355, 10.36255062847041053 ) ) ;
#6427 = CARTESIAN_POINT ( 'NONE',  ( -103.1528581899084429, 114.8466902621390062, 11.63703494020662177 ) ) ;
#6428 = EDGE_CURVE ( 'NONE', #5833, #33, #136, .T. ) ;
#6429 = CARTESIAN_POINT ( 'NONE',  ( 47.07926391034832392, 169.9895601881136997, 11.63703494020662355 ) ) ;
#6430 = CARTESIAN_POINT ( 'NONE',  ( -86.50965867192746828, 173.3397685262816026, 11.63703494020662355 ) ) ;
#6431 = CARTESIAN_POINT ( 'NONE',  ( -69.90027951799375217, 106.5570828561277779, 11.43703494025264966 ) ) ;
#6432 = DIRECTION ( 'NONE',  ( -0.000000000000000000, -0.000000000000000000, 1.000000000000000000 ) ) ;
#6433 = CARTESIAN_POINT ( 'NONE',  ( 48.18481976795219168, 111.1437866341745604, 2.576070536104055453 ) ) ;
#6434 = FACE_OUTER_BOUND ( 'NONE', #977, .T. ) ;
#6435 = FACE_BOUND ( 'NONE', #6179, .T. ) ;
#6436 = CARTESIAN_POINT ( 'NONE',  ( 51.67088724836057168, 169.6926558831646616, 11.63703494020662177 ) ) ;
#6437 = CARTESIAN_POINT ( 'NONE',  ( -59.54884250751808850, 104.3054031855691761, 11.00440731194945165 ) ) ;
#6438 = ORIENTED_EDGE ( 'NONE', *, *, #4505, .F. ) ;
#6439 = CARTESIAN_POINT ( 'NONE',  ( 47.49851898290845043, 141.1485832831377820, 11.63703494020662177 ) ) ;
#6440 = CARTESIAN_POINT ( 'NONE',  ( -115.4807548240062971, 152.2455927712549055, 11.63703494020702323 ) ) ;
#6441 = CARTESIAN_POINT ( 'NONE',  ( -114.8451515847017390, 153.6698004232286792, 11.63703494020662710 ) ) ;
#6442 = VERTEX_POINT ( 'NONE', #3107 ) ;
#6443 = CARTESIAN_POINT ( 'NONE',  ( -57.82210363253271623, 177.6258411007885059, 1.637034940206621103 ) ) ;
#6444 = CARTESIAN_POINT ( 'NONE',  ( -53.48058309849611192, 104.7351096840541658, 2.612065710342281299 ) ) ;
#6445 = CONICAL_SURFACE ( 'NONE', #908, 4.700000000000000178, 0.7853981633974485010 ) ;
#6446 = CARTESIAN_POINT ( 'NONE',  ( 52.04914947223875288, 170.5840409947594480, 1.637034940206621103 ) ) ;
#6447 = DIRECTION ( 'NONE',  ( -1.000000000000000000, 0.000000000000000000, 0.000000000000000000 ) ) ;
#6448 = CARTESIAN_POINT ( 'NONE',  ( -102.9337316748781035, 115.7112155032372698, 1.637034940206620881 ) ) ;
#6449 = CARTESIAN_POINT ( 'NONE',  ( -102.5465327286730570, 168.3314280630008000, 10.68731695412847671 ) ) ;
#6450 = B_SPLINE_CURVE_WITH_KNOTS ( 'NONE', 3,
 ( #1334, #1951, #6127, #3696, #5599, #4956, #5452, #324, #1563, #396, #7310, #7270, #7348, #7229, #2622, #3734, #6617, #1525 ),
 .UNSPECIFIED., .F., .F.,
 ( 4, 2, 2, 2, 2, 2, 2, 2, 4 ),
 ( 0.000000000000000000, 0.2500000000000087708, 0.3125000000000098810, 0.3750000000000111022, 0.5000000000000102141, 0.6250000000000093259, 0.6875000000000074385, 0.7500000000000056621, 1.000000000000000000 ),
 .UNSPECIFIED. ) ;
#6451 = CARTESIAN_POINT ( 'NONE',  ( -102.1550358717574909, 167.5891342628212897, 1.637034940206621325 ) ) ;
#6452 = CARTESIAN_POINT ( 'NONE',  ( 3.993924498056660610, 125.4296532796704611, 5.637034940206621769 ) ) ;
#6453 = CARTESIAN_POINT ( 'NONE',  ( 47.31358856534072999, 111.9518297784545098, 1.637034940206621547 ) ) ;
#6454 = ADVANCED_FACE ( 'NONE', ( #3784 ), #6544, .F. ) ;
#6455 = CARTESIAN_POINT ( 'NONE',  ( -51.74485311415415367, 104.8103515059378452, 2.560097286703860497 ) ) ;
#6456 = CARTESIAN_POINT ( 'NONE',  ( 1.843924498056662031, 125.4296532796704611, 1.637034940206621103 ) ) ;
#6457 = EDGE_CURVE ( 'NONE', #3032, #5704, #2288, .T. ) ;
#6458 = CARTESIAN_POINT ( 'NONE',  ( -115.4819265716430436, 136.8146504405235646, 11.63703494020661999 ) ) ;
#6459 = CARTESIAN_POINT ( 'NONE',  ( -56.73799683883996892, 105.3061187463224968, 1.637034940206621103 ) ) ;
#6460 = CARTESIAN_POINT ( 'NONE',  ( -57.28613597278083347, 106.2314040483085336, 11.63703494020662177 ) ) ;
#6461 = EDGE_LOOP ( 'NONE', ( #4552 ) ) ;
#6462 = B_SPLINE_CURVE_WITH_KNOTS ( 'NONE', 3,
 ( #6545, #3587, #3026, #5907 ),
 .UNSPECIFIED., .F., .F.,
 ( 4, 4 ),
 ( 0.000000000000000000, 0.01173287266497785586 ),
 .UNSPECIFIED. ) ;
#6463 = CARTESIAN_POINT ( 'NONE',  ( -107.9993906320092094, 160.7169267107749988, 5.637034940206621769 ) ) ;
#6464 = CARTESIAN_POINT ( 'NONE',  ( -100.8785935427830651, 113.5881941979159251, 11.63703494020662177 ) ) ;
#6465 = CARTESIAN_POINT ( 'NONE',  ( -87.09311101002136013, 173.1614437299060967, 11.63703494020661999 ) ) ;
#6466 = CARTESIAN_POINT ( 'NONE',  ( -79.25938535941168084, 107.9071141799754230, 11.43703494025264966 ) ) ;
#6467 = ORIENTED_EDGE ( 'NONE', *, *, #3538, .F. ) ;
#6468 = FACE_BOUND ( 'NONE', #4181, .T. ) ;
#6469 = CARTESIAN_POINT ( 'NONE',  ( 51.61875506216430409, 112.2342156191257061, 1.637034940206620881 ) ) ;
#6470 = CARTESIAN_POINT ( 'NONE',  ( 47.63421931912709795, 169.7649175916980653, 11.43703494025265144 ) ) ;
#6471 = EDGE_CURVE ( 'NONE', #4622, #3821, #7398, .T. ) ;
#6472 = CARTESIAN_POINT ( 'NONE',  ( -84.83768285148791222, 107.1420480120454357, 11.63703494020664486 ) ) ;
#6473 = DIRECTION ( 'NONE',  ( 0.9979493589479472293, 0.06400841331716573823, 0.000000000000000000 ) ) ;
#6474 = CARTESIAN_POINT ( 'NONE',  ( -106.0498091390629298, 162.9528467843796875, 11.43703494025265144 ) ) ;
#6475 = CARTESIAN_POINT ( 'NONE',  ( -56.53928864974219692, 178.3881533536779500, 11.98555694245981762 ) ) ;
#6476 = VERTEX_POINT ( 'NONE', #6284 ) ;
#6477 = CARTESIAN_POINT ( 'NONE',  ( -113.6869794547384345, 156.0177975602253468, 2.560097286703864938 ) ) ;
#6478 = ORIENTED_EDGE ( 'NONE', *, *, #6966, .T. ) ;
#6479 = CARTESIAN_POINT ( 'NONE',  ( -110.5812354719772941, 160.7055241404084427, 2.560097286703173047 ) ) ;
#6480 = CARTESIAN_POINT ( 'NONE',  ( -79.85954177855794001, 176.8723880654441416, 2.560097286703860053 ) ) ;
#6481 = CARTESIAN_POINT ( 'NONE',  ( -115.6903067967432719, 138.5875511747742053, 11.43703494025265144 ) ) ;
#6482 = CARTESIAN_POINT ( 'NONE',  ( 53.43756491196994318, 111.7504437741984304, 10.31428991239782356 ) ) ;
#6483 = CARTESIAN_POINT ( 'NONE',  ( -108.7167456311154297, 122.7056476480990881, 11.63703494020662532 ) ) ;
#6484 = CARTESIAN_POINT ( 'NONE',  ( 47.66153005252902375, 111.1246376549473638, 2.581155701581840933 ) ) ;
#6485 = CARTESIAN_POINT ( 'NONE',  ( -115.7484567441589576, 131.3700251579525116, 2.560097286703860497 ) ) ;
#6486 = CARTESIAN_POINT ( 'NONE',  ( -49.22915797689536532, 105.4040192922781642, 10.22623999136887285 ) ) ;
#6487 = CARTESIAN_POINT ( 'NONE',  ( -101.4377693255417228, 167.9938189189523143, 1.637034940206621103 ) ) ;
#6488 = CARTESIAN_POINT ( 'NONE',  ( -71.06009507525919844, 110.4938693838374490, 4.187034940206631362 ) ) ;
#6489 = CARTESIAN_POINT ( 'NONE',  ( 46.54462083489941193, 111.9262228474251231, 1.637034940206621103 ) ) ;
#6490 = CARTESIAN_POINT ( 'NONE',  ( 51.31352917190862684, 112.2054425088193028, 1.637034940206620881 ) ) ;
#6491 = CARTESIAN_POINT ( 'NONE',  ( -95.18627205219452492, 111.7056560047865617, 1.637034940206620881 ) ) ;
#6492 = CARTESIAN_POINT ( 'NONE',  ( -1.449133893373710347, 160.7831240847548031, 1.637034940206621103 ) ) ;
#6493 = CARTESIAN_POINT ( 'NONE',  ( -109.2006315116780542, 123.6511260257821334, 11.43703494025265321 ) ) ;
#6494 = LINE ( 'NONE', #3717, #1577 ) ;
#6495 = B_SPLINE_SURFACE_WITH_KNOTS ( 'NONE', 1, 3, ( 
 ( #7059, #3749, #6559, #713, #1891, #6031, #3004, #192, #6523, #2558, #829, #2486, #4779, #4207, #1350, #3634, #5957, #790, #5391, #2521, #1474, #3132, #7303, #2649, #7224, #2125, #3689, #5591, #2046, #4455, #351, #4906, #6048, #3167, #2573, #3809, #1400, #7342, #4985, #3849, #6157, #884, #920, #4945, #4415, #2084, #6730, #4368, #1557, #6011, #846, #6690, #426, #6610, #5445, #993, #7262, #2732, #279 ),
 ( #5477, #4331, #6121, #1513, #3284, #5029, #2615, #7186, #316, #2166, #5515, #4866, #3768, #6080, #2011, #6651, #955, #3205, #3244, #5550, #389, #7419, #2355, #5707, #2805, #3929, #1068, #464, #1712, #6770, #1184, #542, #3966, #3357, #4534, #2206, #2876, #2842, #2912, #5104, #5668, #6806, #4497, #4570, #1595, #2243, #502, #6312, #6846, #4006, #5785, #5066, #3891, #6233, #6197, #1671, #6883, #3431, #6272 ) ),
 .UNSPECIFIED., .F., .F., .F.,
 ( 2, 2 ),
 ( 4, 2, 2, 2, 2, 2, 2, 2, 2, 2, 2, 2, 2, 2, 2, 2, 2, 2, 2, 2, 2, 2, 2, 2, 2, 2, 2, 3, 4 ),
 ( 0.000000000000000000, 1.000000000000000000 ),
 ( 0.000000000000000000, 0.005863811857618687895, 0.008795717786428031842, 0.01026167075083270382, 0.01099464723303503894, 0.01172762371523737579, 0.01246060019743971264, 0.01319357667964204776, 0.01465952964404671974, 0.01759143557285606368, 0.02052334150166540763, 0.02198929446607007787, 0.02272227094827241473, 0.02345524743047475158, 0.02382173567157592001, 0.02418822391267708843, 0.02492120039487942529, 0.02638715335928409553, 0.02785310632368876577, 0.02931905928809343947, 0.03225096521690277995, 0.03371691818130745366, 0.03518287114571212737, 0.03664882411011680108, 0.03811477707452147479, 0.04104668300333081526, 0.04397858893214015574, 0.04691049486094950316, 0.04737959980955899764 ),
 .UNSPECIFIED. ) ;
#6496 = B_SPLINE_CURVE_WITH_KNOTS ( 'NONE', 3,
 ( #3632, #5389, #6627, #1416, #5461, #261, #2632, #225, #7206, #751, #298, #4312, #5423, #4279, #5496, #6029, #900, #4170, #3187, #5993, #7168, #827, #3038 ),
 .UNSPECIFIED., .F., .F.,
 ( 4, 2, 2, 2, 2, 2, 2, 2, 2, 3, 4 ),
 ( 0.000000000000000000, 0.06231284765431156780, 0.1246256953086231356, 0.2492513906172462712, 0.3738770859258693791, 0.4985027812344925424, 0.6231284765431156503, 0.7477541718517387581, 0.8723798671603618660, 0.9970055624689850848, 1.000000000000000000 ),
 .UNSPECIFIED. ) ;
#6497 = ADVANCED_FACE ( 'NONE', ( #4579 ), #772, .T. ) ;
#6498 = CARTESIAN_POINT ( 'NONE',  ( 52.99749097693541700, 171.2024391877563119, 9.724448169894154503 ) ) ;
#6499 = CARTESIAN_POINT ( 'NONE',  ( -59.35854180891489307, 106.1152286457587621, 11.63703494020662177 ) ) ;
#6500 = CARTESIAN_POINT ( 'NONE',  ( -92.17900620671781553, 111.4870454065785879, 11.63703494020662355 ) ) ;
#6501 = ORIENTED_EDGE ( 'NONE', *, *, #689, .F. ) ;
#6502 = CARTESIAN_POINT ( 'NONE',  ( 53.42723739248383907, 111.5635351661846215, 2.603640210607117478 ) ) ;
#6503 = CARTESIAN_POINT ( 'NONE',  ( 50.32140332269950278, 169.6145656673077440, 5.637034940206621769 ) ) ;
#6504 = CARTESIAN_POINT ( 'NONE',  ( 44.94555193603530796, 112.9730532922199586, 11.43703494020664380 ) ) ;
#6505 = LINE ( 'NONE', #2508, #5669 ) ;
#6506 = CARTESIAN_POINT ( 'NONE',  ( -114.1640783995669750, 150.0067503243935505, 11.43703494025265144 ) ) ;
#6507 = CARTESIAN_POINT ( 'NONE',  ( -50.68392667225800352, 177.9207801707731562, 2.633229638299538600 ) ) ;
#6508 = ORIENTED_EDGE ( 'NONE', *, *, #3765, .F. ) ;
#6509 = EDGE_CURVE ( 'NONE', #4076, #4427, #3871, .T. ) ;
#6510 = CARTESIAN_POINT ( 'NONE',  ( -116.4047478761139587, 149.6102990390581340, 2.560097286703864938 ) ) ;
#6511 = EDGE_LOOP ( 'NONE', ( #5627 ) ) ;
#6512 = CARTESIAN_POINT ( 'NONE',  ( -117.6688939281211361, 138.8265266384090637, 11.63703494020665730 ) ) ;
#6513 = CARTESIAN_POINT ( 'NONE',  ( 47.49851898573358966, 111.1485832831377820, 9.724448169888624705 ) ) ;
#6514 = AXIS2_PLACEMENT_3D ( 'NONE', #2158, #4448, #947 ) ;
#6515 = EDGE_LOOP ( 'NONE', ( #1690, #1375, #7366, #4060 ) ) ;
#6516 = CARTESIAN_POINT ( 'NONE',  ( -101.3789264861159722, 168.9938869554098915, 2.560097286703861386 ) ) ;
#6517 = CARTESIAN_POINT ( 'NONE',  ( -50.68392666882424891, 104.9385263860885686, 2.633229638297733377 ) ) ;
#6518 = AXIS2_PLACEMENT_3D ( 'NONE', #4495, #991, #1473 ) ;
#6519 = CARTESIAN_POINT ( 'NONE',  ( 56.60357589990768901, 112.4049635423000950, 11.47618674347532242 ) ) ;
#6520 = EDGE_CURVE ( 'NONE', #7454, #3821, #3498, .T. ) ;
#6521 = CARTESIAN_POINT ( 'NONE',  ( 34.98018422237505121, 172.0031294706380436, 7.460292923885717187 ) ) ;
#6522 = CARTESIAN_POINT ( 'NONE',  ( -107.0908008086745298, 118.2044774029463667, 10.86262463496252018 ) ) ;
#6523 = CARTESIAN_POINT ( 'NONE',  ( -68.01373095878346930, 176.4408422439912272, 11.43703494025265321 ) ) ;
#6524 = CARTESIAN_POINT ( 'NONE',  ( -106.8289919331048878, 162.0330776737850158, 11.43703494025265321 ) ) ;
#6525 = CARTESIAN_POINT ( 'NONE',  ( 48.31572474786163696, 112.9276815056718419, 11.63703494020661999 ) ) ;
#6526 = CARTESIAN_POINT ( 'NONE',  ( -58.87058108907719856, 177.6834933853697009, 1.637034940206621103 ) ) ;
#6527 = CARTESIAN_POINT ( 'NONE',  ( 53.73506280519173828, 171.2661861286194949, 2.637034940206274491 ) ) ;
#6528 = CARTESIAN_POINT ( 'NONE',  ( 51.27466174582722402, 112.2018010609698706, 1.637034940206621103 ) ) ;
#6529 = CARTESIAN_POINT ( 'NONE',  ( -79.42117033721086727, 106.7509270441734657, 1.637034940206620881 ) ) ;
#6530 = CARTESIAN_POINT ( 'NONE',  ( -84.83768285471678894, 175.7172585416003017, 11.63703494020659868 ) ) ;
#6531 = CARTESIAN_POINT ( 'NONE',  ( -115.3525388214458474, 136.2318469227111564, 11.63703494020662710 ) ) ;
#6532 = CARTESIAN_POINT ( 'NONE',  ( -101.2104184420908268, 114.7384110579004073, 1.637034940206621103 ) ) ;
#6533 = AXIS2_PLACEMENT_3D ( 'NONE', #5560, #3330, #397 ) ;
#6534 = CARTESIAN_POINT ( 'NONE',  ( 45.47367580550056232, 171.8284594778786811, 2.224391139583569377 ) ) ;
#6535 = CARTESIAN_POINT ( 'NONE',  ( -114.3255170061046755, 152.7586388541136557, 1.637034940206620659 ) ) ;
#6536 = CARTESIAN_POINT ( 'NONE',  ( -114.3565989519790094, 149.4403416247240557, 5.637034940206621769 ) ) ;
#6537 = CARTESIAN_POINT ( 'NONE',  ( -81.45375362162295119, 108.1702661181737568, 11.63703494020662710 ) ) ;
#6538 = FACE_BOUND ( 'NONE', #1201, .T. ) ;
#6539 = CARTESIAN_POINT ( 'NONE',  ( -96.21524625714371837, 113.2285952854395958, 11.63703494020661999 ) ) ;
#6540 = ORIENTED_EDGE ( 'NONE', *, *, #4692, .T. ) ;
#6541 = CARTESIAN_POINT ( 'NONE',  ( 47.43151642978413918, 112.8853197007185685, 11.63703494020661999 ) ) ;
#6542 = CARTESIAN_POINT ( 'NONE',  ( -103.6813757313304762, 167.6561048793422799, 11.64226639292856191 ) ) ;
#6543 = ADVANCED_FACE ( 'NONE', ( #1871 ), #7165, .T. ) ;
#6544 =( BOUNDED_SURFACE ( )  B_SPLINE_SURFACE ( 3, 2, ( 
 ( #1413, #2551, #3743 ),
 ( #2665, #2629, #7277 ),
 ( #7318, #440, #1007 ),
 ( #3941, #4015, #592 ),
 ( #2777, #2745, #5606 ),
 ( #6894, #1045, #6246 ),
 ( #2851, #5000, #5151 ),
 ( #5043, #2142, #3334 ),
 ( #477, #1683, #4429 ),
 ( #6745, #5079, #7468 ) ),
 .UNSPECIFIED., .F., .F., .F. ) 
 B_SPLINE_SURFACE_WITH_KNOTS ( ( 4, 2, 2, 2, 4 ),
 ( 3, 3 ),
 ( 0.03656751135858603285, 0.03834964539159031738, 0.04013177942459460190, 0.04191391345759888643, 0.04369604749060317095 ),
 ( 0.5992295255384005870, 1.000000000000000000 ),
 .UNSPECIFIED. ) 
 GEOMETRIC_REPRESENTATION_ITEM ( )  RATIONAL_B_SPLINE_SURFACE ( (
 ( 0.9986768706678037510, 0.9988959745174377236, 1.000000000000000000),
 ( 0.9986860168840958618, 0.9989036061643294939, 1.000000000000000000),
 ( 0.9986945017959822923, 0.9989106860156424794, 1.000000000000000000),
 ( 0.9987095241871879470, 0.9989232207711622458, 1.000000000000000000),
 ( 0.9987160820191585131, 0.9989286926577192194, 1.000000000000000000),
 ( 0.9987265192808447711, 0.9989374015591011569, 1.000000000000000000),
 ( 0.9987302844291747750, 0.9989405432169881083, 1.000000000000000000),
 ( 0.9987346798482299448, 0.9989442107758015332, 1.000000000000000000),
 ( 0.9987353094530604380, 0.9989447361211021281, 1.000000000000000000),
 ( 0.9987342505339344978, 0.9989438525538871794, 1.000000000000000000) ) ) 
 REPRESENTATION_ITEM ( '' )  SURFACE ( )  );
#6545 = CARTESIAN_POINT ( 'NONE',  ( -68.91009507871845585, 178.3830233289592684, 11.63703494020506746 ) ) ;
#6546 = DIRECTION ( 'NONE',  ( 1.000000000000000000, 0.000000000000000000, 0.000000000000000000 ) ) ;
#6547 = ADVANCED_FACE ( 'NONE', ( #696 ), #5298, .T. ) ;
#6548 = CARTESIAN_POINT ( 'NONE',  ( -109.1180642036091513, 159.3244475843625025, 5.637034940206621769 ) ) ;
#6549 = FACE_BOUND ( 'NONE', #352, .T. ) ;
#6550 = VERTEX_POINT ( 'NONE', #3136 ) ;
#6551 = DIRECTION ( 'NONE',  ( -0.9979493589479472293, -0.06400841331716572435, 0.000000000000000000 ) ) ;
#6552 = CARTESIAN_POINT ( 'NONE',  ( -101.3077347631220704, 166.7382377035385730, 11.43703494025265144 ) ) ;
#6553 = CARTESIAN_POINT ( 'NONE',  ( -103.1528581899084429, 114.8466902621390062, 11.63703494020662177 ) ) ;
#6554 = CARTESIAN_POINT ( 'NONE',  ( -93.08194935283999882, 172.9523402948855733, 2.560097286703860497 ) ) ;
#6555 =( BOUNDED_SURFACE ( )  B_SPLINE_SURFACE ( 3, 2, ( 
 ( #297, #1888, #2483 ),
 ( #4169, #3706, #3671 ),
 ( #5388, #150, #7020 ),
 ( #6482, #4848, #1995 ),
 ( #5992, #3037, #1851 ),
 ( #7167, #6028, #787 ),
 ( #4131, #3570, #4776 ),
 ( #5886, #826, #1304 ),
 ( #3073, #1925, #6519 ),
 ( #1347, #224, #2518 ) ),
 .UNSPECIFIED., .F., .F., .F. ) 
 B_SPLINE_SURFACE_WITH_KNOTS ( ( 4, 2, 2, 2, 4 ),
 ( 3, 3 ),
 ( 0.03656751135858581775, 0.03834964539159060881, 0.04013177942459540681, 0.04191391345760020481, 0.04369604749060500282 ),
 ( 0.000000000000000000, 0.4007704775171064826 ),
 .UNSPECIFIED. ) 
 GEOMETRIC_REPRESENTATION_ITEM ( )  RATIONAL_B_SPLINE_SURFACE ( (
 ( 1.000000000000000000, 0.9988959745090204567, 0.9986768706644627569),
 ( 1.000000000000000000, 0.9989036061559704027, 0.9986860168807778493),
 ( 1.000000000000000000, 0.9989106860073375671, 0.9986945017926858181),
 ( 1.000000000000000000, 0.9989232207629528126, 0.9987095241839294424),
 ( 1.000000000000000000, 0.9989286926495515306, 0.9987160820159166619),
 ( 1.000000000000000000, 0.9989374015509997484, 0.9987265192776291212),
 ( 1.000000000000000000, 0.9989405432089240033, 0.9987302844259844381),
 ( 1.000000000000000000, 0.9989442107677388716, 0.9987346798450191798),
 ( 1.000000000000000000, 0.9989447361130668890, 0.9987353094498792050),
 ( 1.000000000000000000, 0.9989438525458349538, 0.9987342505307383878) ) ) 
 REPRESENTATION_ITEM ( '' )  SURFACE ( )  );
#6556 = CARTESIAN_POINT ( 'NONE',  ( -53.42385540386019471, 104.7396572770136629, 2.612493575424607695 ) ) ;
#6557 = CARTESIAN_POINT ( 'NONE',  ( -52.53530987984594702, 105.6574405055548738, 1.637034940206620437 ) ) ;
#6558 = CARTESIAN_POINT ( 'NONE',  ( -117.6688939283668276, 144.0327799121394889, 11.63703494020660933 ) ) ;
#6559 = CARTESIAN_POINT ( 'NONE',  ( -61.19023133868747522, 176.6232321017025129, 11.43703494025265144 ) ) ;
#6560 = CARTESIAN_POINT ( 'NONE',  ( -114.0161556981469886, 150.4060304871441929, 11.43703494025265499 ) ) ;
#6561 = CARTESIAN_POINT ( 'NONE',  ( 48.84607745924486011, 112.9565874098431806, 11.63703494020661999 ) ) ;
#6562 = CARTESIAN_POINT ( 'NONE',  ( 54.08640479739203499, 171.1866082131151643, 3.501071635330986087 ) ) ;
#6563 = CARTESIAN_POINT ( 'NONE',  ( 51.52492541854009289, 112.2253700243367405, 1.637034940206620659 ) ) ;
#6564 = AXIS2_PLACEMENT_3D ( 'NONE', #3844, #988, #3279 ) ;
#6565 = CARTESIAN_POINT ( 'NONE',  ( -99.60172077272937941, 113.8611347951465547, 1.637034940206620881 ) ) ;
#6566 = DIRECTION ( 'NONE',  ( -1.000000000000000000, 0.000000000000000000, 0.000000000000000000 ) ) ;
#6567 = CARTESIAN_POINT ( 'NONE',  ( -47.82545121201670213, 105.2912395666212149, 4.565184290541909995 ) ) ;
#6568 = CARTESIAN_POINT ( 'NONE',  ( -88.85597846181106263, 109.2570133863325452, 1.637034940206621103 ) ) ;
#6569 = CARTESIAN_POINT ( 'NONE',  ( 46.97349112436882024, 169.9942221425333173, 11.63703494020662177 ) ) ;
#6570 = ADVANCED_FACE ( 'NONE', ( #3096 ), #6016, .T. ) ;
#6571 = CARTESIAN_POINT ( 'NONE',  ( -111.1422035350645103, 156.4025421087833649, 5.637034940206621769 ) ) ;
#6572 = CARTESIAN_POINT ( 'NONE',  ( -74.49632674166393542, 106.8884110432059629, 11.63703494020661999 ) ) ;
#6573 = CYLINDRICAL_SURFACE ( 'NONE', #4152, 2.149999999999999023 ) ;
#6574 = CARTESIAN_POINT ( 'NONE',  ( -100.5529794363926896, 115.4661392297887090, 11.63703494020662355 ) ) ;
#6575 = EDGE_LOOP ( 'NONE', ( #3452, #2743, #423, #1215 ) ) ;
#6576 = CARTESIAN_POINT ( 'NONE',  ( 52.00679990406066366, 113.3958156139869402, 11.43703494020664735 ) ) ;
#6577 = CARTESIAN_POINT ( 'NONE',  ( -115.0015369446513063, 153.3821776156683541, 12.04925670796342807 ) ) ;
#6578 = VECTOR ( 'NONE', #6593, 1000.000000000000000 ) ;
#6579 = CARTESIAN_POINT ( 'NONE',  ( -109.8192938062712898, 158.7100431390331039, 11.63703494020662177 ) ) ;
#6580 = CARTESIAN_POINT ( 'NONE',  ( -49.83808207545050095, 105.2733033449103317, 11.63703494020649920 ) ) ;
#6581 = CARTESIAN_POINT ( 'NONE',  ( -50.07599457999560855, 105.2427824767232210, 11.65550551920199140 ) ) ;
#6582 = ADVANCED_FACE ( 'NONE', ( #3794, #2599 ), #3042, .F. ) ;
#6583 = CARTESIAN_POINT ( 'NONE',  ( -100.9017544441577314, 118.7837337803544813, 11.63703494020662177 ) ) ;
#6584 = EDGE_LOOP ( 'NONE', ( #3629 ) ) ;
#6585 = CARTESIAN_POINT ( 'NONE',  ( -112.1223035863593509, 158.5773943100539043, 11.11913726158464044 ) ) ;
#6586 = ORIENTED_EDGE ( 'NONE', *, *, #235, .T. ) ;
#6587 = CARTESIAN_POINT ( 'NONE',  ( -82.36699632077879585, 174.2857367925350331, 5.637034940206621769 ) ) ;
#6588 = CARTESIAN_POINT ( 'NONE',  ( -50.87730343174528258, 177.6664488089698182, 8.935423143986062300 ) ) ;
#6589 = ADVANCED_FACE ( 'NONE', ( #302 ), #3989, .F. ) ;
#6590 = EDGE_CURVE ( 'NONE', #2097, #3171, #5033, .T. ) ;
#6591 = CARTESIAN_POINT ( 'NONE',  ( 51.67616869275688884, 170.6195907848963316, 1.637034940206621103 ) ) ;
#6592 = CARTESIAN_POINT ( 'NONE',  ( -106.9654825869697703, 120.6793277907718931, 11.63703494020662532 ) ) ;
#6593 = DIRECTION ( 'NONE',  ( 0.9979493749073199416, -0.06400816449555031540, 0.000000000000000000 ) ) ;
#6594 = CARTESIAN_POINT ( 'NONE',  ( -109.0467293238335031, 120.3000506675446246, 2.560097286703860497 ) ) ;
#6595 = CARTESIAN_POINT ( 'NONE',  ( -107.4287027981886666, 161.3703465271358368, 11.43703494025264789 ) ) ;
#6596 = CARTESIAN_POINT ( 'NONE',  ( -59.54884251101213977, 178.5539033704579879, 11.00440731196017374 ) ) ;
#6597 = EDGE_CURVE ( 'NONE', #7446, #7446, #25, .T. ) ;
#6598 = CARTESIAN_POINT ( 'NONE',  ( -46.43131426234324977, 105.4697730126556365, 5.581672483982424993 ) ) ;
#6599 = CARTESIAN_POINT ( 'NONE',  ( -100.8682647679560631, 115.6478999758093522, 11.63703494020661999 ) ) ;
#6600 = CARTESIAN_POINT ( 'NONE',  ( 10.00112736037313255, 109.0808402376819402, 2.560097286703860942 ) ) ;
#6601 = CARTESIAN_POINT ( 'NONE',  ( -48.02664757039884336, 177.3013932339567589, 7.754227382500083365 ) ) ;
#6602 = DIRECTION ( 'NONE',  ( -1.000000000000000000, 0.000000000000000000, 0.000000000000000000 ) ) ;
#6603 = CARTESIAN_POINT ( 'NONE',  ( -102.7318717731353388, 115.6005299851155286, 1.637034940206621103 ) ) ;
#6604 = CARTESIAN_POINT ( 'NONE',  ( -109.1542988247526864, 120.3895074290234248, 11.81064470989884541 ) ) ;
#6605 = CARTESIAN_POINT ( 'NONE',  ( 46.96300691447282105, 169.9946841362236967, 11.63703494020662355 ) ) ;
#6606 = CARTESIAN_POINT ( 'NONE',  ( -68.33559203156063688, 177.5826148046832031, 1.637034940206621103 ) ) ;
#6607 = CARTESIAN_POINT ( 'NONE',  ( 56.77389595044385828, 170.7237837208955682, 6.953846268605445857 ) ) ;
#6608 = CARTESIAN_POINT ( 'NONE',  ( -115.0312078985688515, 153.2387931359009769, 2.560097286703860497 ) ) ;
#6609 = CARTESIAN_POINT ( 'NONE',  ( -109.4759170257318459, 158.8474562153934073, 5.637034940206621769 ) ) ;
#6610 = CARTESIAN_POINT ( 'NONE',  ( -100.4556981468122387, 167.2183886246881457, 11.43703494025265144 ) ) ;
#6611 = B_SPLINE_CURVE_WITH_KNOTS ( 'NONE', 3,
 ( #3210, #7267, #6161, #6201 ),
 .UNSPECIFIED., .F., .F.,
 ( 4, 4 ),
 ( 0.000000000000000000, 1.000000000000000000 ),
 .UNSPECIFIED. ) ;
#6612 = CARTESIAN_POINT ( 'NONE',  ( 53.46236523418770759, 171.2927874561525243, 2.603951286652669506 ) ) ;
#6613 = ORIENTED_EDGE ( 'NONE', *, *, #6590, .T. ) ;
#6614 = CARTESIAN_POINT ( 'NONE',  ( 49.01084295713011585, 113.1666147683394570, 11.43703494020664557 ) ) ;
#6615 = CARTESIAN_POINT ( 'NONE',  ( 47.49851898288181218, 221.7107232829702070, 4.992019688766349717 ) ) ;
#6616 = CARTESIAN_POINT ( 'NONE',  ( -113.2478982280587729, 152.8293931144858391, 11.63703494020662355 ) ) ;
#6617 = CARTESIAN_POINT ( 'NONE',  ( -115.6903884073260116, 144.2706914577978523, 11.43703494025265144 ) ) ;
#6618 = CARTESIAN_POINT ( 'NONE',  ( -112.8268382891636890, 153.2984966349186209, 5.637034940206621769 ) ) ;
#6619 = DIRECTION ( 'NONE',  ( -1.000000000000000000, 0.000000000000000000, 0.000000000000000000 ) ) ;
#6620 = CARTESIAN_POINT ( 'NONE',  ( 53.73810593437658412, 170.9784294813575798, 11.45922192356667679 ) ) ;
#6621 = CARTESIAN_POINT ( 'NONE',  ( -110.5812354719772941, 160.7055241404084427, 2.560097286703860942 ) ) ;
#6622 = VERTEX_POINT ( 'NONE', #978 ) ;
#6623 = DIRECTION ( 'NONE',  ( 1.000000000000000000, 0.000000000000000000, 0.000000000000000000 ) ) ;
#6624 = CARTESIAN_POINT ( 'NONE',  ( -59.56176634135671577, 178.5545356801713694, 2.560097286703862274 ) ) ;
#6625 = EDGE_CURVE ( 'NONE', #6904, #4516, #1609, .T. ) ;
#6626 = CARTESIAN_POINT ( 'NONE',  ( -101.4158334755023105, 168.9730542391186532, 2.560097286697728958 ) ) ;
#6627 = CARTESIAN_POINT ( 'NONE',  ( -101.4158334729085311, 113.8862523129658939, 2.560097286703860942 ) ) ;
#6628 = CARTESIAN_POINT ( 'NONE',  ( -109.2146034770053404, 161.0677306720101001, 1.637034940206621325 ) ) ;
#6629 = AXIS2_PLACEMENT_3D ( 'NONE', #7294, #3275, #6602 ) ;
#6630 = CARTESIAN_POINT ( 'NONE',  ( -113.1742317186078708, 125.9854093981139300, 2.560097286703862274 ) ) ;
#6631 = CARTESIAN_POINT ( 'NONE',  ( -112.6837921732924030, 153.5503911919971642, 11.43703494025265144 ) ) ;
#6632 = CARTESIAN_POINT ( 'NONE',  ( 53.25872283756286407, 113.2998478973927803, 11.63703494020662355 ) ) ;
#6633 = VERTEX_POINT ( 'NONE', #5008 ) ;
#6634 = CARTESIAN_POINT ( 'NONE',  ( -57.04098939180931893, 177.5741434230120603, 1.637034940206621103 ) ) ;
#6635 = CARTESIAN_POINT ( 'NONE',  ( -54.79812000210402090, 104.7122392965486029, 6.101777097545493689 ) ) ;
#6636 = CARTESIAN_POINT ( 'NONE',  ( -98.34559281070090719, 114.2898351959355665, 11.63703494020662355 ) ) ;
#6637 = CARTESIAN_POINT ( 'NONE',  ( -76.91363775118134072, 105.4401983370468798, 2.560097286703860497 ) ) ;
#6638 = EDGE_CURVE ( 'NONE', #2859, #2729, #6021, .T. ) ;
#6639 = CARTESIAN_POINT ( 'NONE',  ( -99.80309964542581724, 169.8415379254273603, 11.44501797179844971 ) ) ;
#6640 = CARTESIAN_POINT ( 'NONE',  ( -111.3003174036578429, 126.3617011177546914, 11.63703494020662532 ) ) ;
#6641 = CARTESIAN_POINT ( 'NONE',  ( -93.71385720384759566, 111.0710761664456356, 1.637034940206621103 ) ) ;
#6642 = CARTESIAN_POINT ( 'NONE',  ( -105.4954098707632113, 116.6889959849903278, 11.69835661007085115 ) ) ;
#6643 = CARTESIAN_POINT ( 'NONE',  ( 46.30450486084087203, 170.0236639110248120, 11.63703494020662532 ) ) ;
#6644 = AXIS2_PLACEMENT_3D ( 'NONE', #6456, #7178, #1899 ) ;
#6645 = DIRECTION ( 'NONE',  ( 0.000000000000000000, 0.000000000000000000, -1.000000000000000000 ) ) ;
#6646 = AXIS2_PLACEMENT_3D ( 'NONE', #7139, #1969, #197 ) ;
#6647 = CARTESIAN_POINT ( 'NONE',  ( -108.6274650735393976, 163.0297567145337325, 2.560097286703861386 ) ) ;
#6648 = CARTESIAN_POINT ( 'NONE',  ( 55.50911115355117431, 112.0510520654726463, 8.573587949915127737 ) ) ;
#6649 = ADVANCED_FACE ( 'NONE', ( #527 ), #3163, .F. ) ;
#6650 = CIRCLE ( 'NONE', #6533, 50.00000000000000711 ) ;
#6651 = CARTESIAN_POINT ( 'NONE',  ( -70.95461106686038022, 176.4001949257627473, 11.63703494020662355 ) ) ;
#6652 = CARTESIAN_POINT ( 'NONE',  ( -69.48992099643056974, 176.5323464452241922, 11.63703494020662177 ) ) ;
#6653 = CARTESIAN_POINT ( 'NONE',  ( -84.29543188156071665, 108.8847591693897954, 11.63703494020662355 ) ) ;
#6654 = ORIENTED_EDGE ( 'NONE', *, *, #5482, .T. ) ;
#6655 = FACE_BOUND ( 'NONE', #7053, .T. ) ;
#6656 = CARTESIAN_POINT ( 'NONE',  ( 46.36148169287290699, 113.0384791905620148, 11.43703494020664735 ) ) ;
#6657 = CARTESIAN_POINT ( 'NONE',  ( -114.2537305820433176, 154.8936982113353054, 11.63721972052536024 ) ) ;
#6658 = CARTESIAN_POINT ( 'NONE',  ( -108.7375315359492873, 160.1292417771353200, 11.63703494020662355 ) ) ;
#6659 = CARTESIAN_POINT ( 'NONE',  ( 49.76895567084516614, 171.6286282348075076, 2.569816025107554580 ) ) ;
#6660 = CARTESIAN_POINT ( 'NONE',  ( -101.3073082920573427, 116.1208269825552009, 11.43703494025265144 ) ) ;
#6661 = CARTESIAN_POINT ( 'NONE',  ( -57.07435204917085514, 104.4417515586551559, 10.81852324441218549 ) ) ;
#6662 = ORIENTED_EDGE ( 'NONE', *, *, #1939, .F. ) ;
#6663 = CARTESIAN_POINT ( 'NONE',  ( -55.75715279238558963, 104.5328519758860608, 2.560096196074683750 ) ) ;
#6664 = CARTESIAN_POINT ( 'NONE',  ( -57.28995700384554368, 176.4277140708381921, 5.637034940206621769 ) ) ;
#6665 = CARTESIAN_POINT ( 'NONE',  ( -102.7378911546375093, 114.6079381846358274, 11.63703494020662177 ) ) ;
#6666 = CARTESIAN_POINT ( 'NONE',  ( -46.43131421377766088, 177.3895335379538949, 5.581672521861720249 ) ) ;
#6667 = CARTESIAN_POINT ( 'NONE',  ( -65.14367367240703288, 178.6016371839712065, 2.560097286697720076 ) ) ;
#6668 = DIRECTION ( 'NONE',  ( 0.000000000000000000, 0.000000000000000000, 1.000000000000000000 ) ) ;
#6669 = CARTESIAN_POINT ( 'NONE',  ( -114.6296494505669301, 152.0520307849076573, 1.637034940206621103 ) ) ;
#6670 = ORIENTED_EDGE ( 'NONE', *, *, #4005, .T. ) ;
#6671 = CARTESIAN_POINT ( 'NONE',  ( -113.3651266619987723, 152.5581671109102615, 11.63703494020662710 ) ) ;
#6672 = CARTESIAN_POINT ( 'NONE',  ( 48.75769609273126548, 112.9515538636503607, 11.63703494020661999 ) ) ;
#6673 = CARTESIAN_POINT ( 'NONE',  ( -56.79717263528680604, 104.4777046169515131, 4.776736372490905325 ) ) ;
#6674 = CARTESIAN_POINT ( 'NONE',  ( -92.63617976856757252, 111.6620185197106849, 11.63703494020662532 ) ) ;
#6675 = CARTESIAN_POINT ( 'NONE',  ( -99.19443851735782403, 112.7008854605725361, 2.560097286703861386 ) ) ;
#6676 = CARTESIAN_POINT ( 'NONE',  ( -56.45552232043745278, 104.5168522439068539, 10.87400960247785520 ) ) ;
#6677 = DIRECTION ( 'NONE',  ( -0.000000000000000000, -0.000000000000000000, -1.000000000000000000 ) ) ;
#6678 = CARTESIAN_POINT ( 'NONE',  ( -108.0095698021243606, 122.1543898098365730, 5.637034940206621769 ) ) ;
#6679 = CARTESIAN_POINT ( 'NONE',  ( -57.16202362909543666, 178.4236223510428090, 10.83625534709164562 ) ) ;
#6680 = CARTESIAN_POINT ( 'NONE',  ( 46.03540083941311423, 170.0356192569563234, 11.63703494020662355 ) ) ;
#6681 = B_SPLINE_SURFACE_WITH_KNOTS ( 'NONE', 1, 3, ( 
 ( #3681, #1971, #1314, #720 ),
 ( #2527, #4898, #161, #272 ) ),
 .UNSPECIFIED., .F., .F., .F.,
 ( 2, 2 ),
 ( 4, 4 ),
 ( 0.000000000000000000, 1.000000000000000000 ),
 ( 1.630102221177140320, 1.678998293055200541 ),
 .UNSPECIFIED. ) ;
#6682 = EDGE_CURVE ( 'NONE', #2930, #5127, #4600, .T. ) ;
#6683 = CARTESIAN_POINT ( 'NONE',  ( -75.99418163671995785, 176.7201579995386567, 1.637034940206620881 ) ) ;
#6684 = CARTESIAN_POINT ( 'NONE',  ( -103.6793240694172056, 115.2293892599838045, 11.01732496667028016 ) ) ;
#6685 = CARTESIAN_POINT ( 'NONE',  ( -114.0794311036701316, 155.2275876016026075, 2.560097286703860942 ) ) ;
#6686 = CONICAL_SURFACE ( 'NONE', #3419, 7.160900368822692208, 0.7377866141207792827 ) ;
#6687 = ORIENTED_EDGE ( 'NONE', *, *, #2981, .F. ) ;
#6688 = EDGE_CURVE ( 'NONE', #33, #3367, #1977, .T. ) ;
#6689 = FACE_OUTER_BOUND ( 'NONE', #3664, .T. ) ;
#6690 = CARTESIAN_POINT ( 'NONE',  ( -97.88157614576358867, 168.5899216354198131, 11.43703494025265321 ) ) ;
#6691 = CARTESIAN_POINT ( 'NONE',  ( -103.0299343959690646, 114.8040326827465378, 10.65063922206893565 ) ) ;
#6692 = ORIENTED_EDGE ( 'NONE', *, *, #6422, .F. ) ;
#6693 = DIRECTION ( 'NONE',  ( 0.9979493749073199416, -0.06400816449555031540, 0.000000000000000000 ) ) ;
#6694 = CARTESIAN_POINT ( 'NONE',  ( 49.36313764211010380, 113.1885938725684184, 11.43703494020664557 ) ) ;
#6695 = EDGE_CURVE ( 'NONE', #2361, #6702, #1882, .T. ) ;
#6696 = CARTESIAN_POINT ( 'NONE',  ( -104.6041410966244314, 166.9057796163166927, 11.20802170712723900 ) ) ;
#6697 = CARTESIAN_POINT ( 'NONE',  ( -109.6444361911622707, 158.9495891738015416, 11.63703494020662355 ) ) ;
#6698 = CARTESIAN_POINT ( 'NONE',  ( -116.9370675041314058, 139.6624413180236672, 1.637034940206621103 ) ) ;
#6699 = CARTESIAN_POINT ( 'NONE',  ( 51.26900830719061020, 170.6584514365847838, 1.637034940206620881 ) ) ;
#6700 = CARTESIAN_POINT ( 'NONE',  ( -76.73014646806120709, 107.4160833067483054, 11.43703494025265144 ) ) ;
#6701 = DIRECTION ( 'NONE',  ( 0.9979493749012920967, 0.06400816458952801602, 0.000000000000000000 ) ) ;
#6702 = VERTEX_POINT ( 'NONE', #2440 ) ;
#6703 = CARTESIAN_POINT ( 'NONE',  ( -67.14206293248868462, 104.3408174389400500, 11.63703494020730567 ) ) ;
#6704 = ORIENTED_EDGE ( 'NONE', *, *, #6847, .F. ) ;
#6705 = CARTESIAN_POINT ( 'NONE',  ( -75.67124537917274552, 175.5987156471898345, 5.637034940206621769 ) ) ;
#6706 = AXIS2_PLACEMENT_3D ( 'NONE', #2350, #2273, #2870 ) ;
#6707 = EDGE_CURVE ( 'NONE', #819, #5950, #267, .T. ) ;
#6708 = CARTESIAN_POINT ( 'NONE',  ( -76.63128880676634935, 175.4430943556919544, 11.43703494025265144 ) ) ;
#6709 = CARTESIAN_POINT ( 'NONE',  ( -56.12049939642935925, 178.3515844359057780, 2.560097286703859609 ) ) ;
#6710 = CARTESIAN_POINT ( 'NONE',  ( -111.8246075264118957, 123.8609118405895373, 2.560097286702543329 ) ) ;
#6711 = CARTESIAN_POINT ( 'NONE',  ( -94.27279920098291655, 172.4931266356552442, 11.63703494020681894 ) ) ;
#6712 = CARTESIAN_POINT ( 'NONE',  ( 37.97153541909575125, 111.1485832822406223, 10.36378288131730585 ) ) ;
#6713 = CARTESIAN_POINT ( 'NONE',  ( 52.05479286197465427, 111.4331201733925099, 2.590060782627218394 ) ) ;
#6714 = ORIENTED_EDGE ( 'NONE', *, *, #1009, .T. ) ;
#6715 = CARTESIAN_POINT ( 'NONE',  ( -108.2627465587200817, 160.7075189300274189, 11.63703494020661999 ) ) ;
#6716 = CARTESIAN_POINT ( 'NONE',  ( -57.19005350428903967, 178.4255620561958722, 11.23462757612117002 ) ) ;
#6717 = CARTESIAN_POINT ( 'NONE',  ( -51.34060264819780883, 104.8585932151518847, 2.201897940227369510 ) ) ;
#6718 = CARTESIAN_POINT ( 'NONE',  ( -99.66749182294374521, 114.9876634711847458, 11.63703494020661999 ) ) ;
#6719 = CARTESIAN_POINT ( 'NONE',  ( -63.44902041508676405, 104.2479919900543450, 2.560097286703860497 ) ) ;
#6720 = CARTESIAN_POINT ( 'NONE',  ( -57.17711616596316304, 104.4339502637565573, 10.87400960247785520 ) ) ;
#6721 = CARTESIAN_POINT ( 'NONE',  ( -109.3600980642176239, 123.5304151391444947, 11.63703494020661999 ) ) ;
#6722 = CARTESIAN_POINT ( 'NONE',  ( -44.68778912394781599, 105.9991902650882167, 13.92522000652063774 ) ) ;
#6723 = CARTESIAN_POINT ( 'NONE',  ( -107.9961412043686266, 119.1245892877354038, 10.90355313337078336 ) ) ;
#6724 = CARTESIAN_POINT ( 'NONE',  ( 50.71155502990764319, 169.7719128203154639, 11.63703494020662710 ) ) ;
#6725 = CARTESIAN_POINT ( 'NONE',  ( -57.28568979287955898, 176.4942440291594892, 11.50370160690397370 ) ) ;
#6726 = CARTESIAN_POINT ( 'NONE',  ( -106.0839707190598489, 165.5969938784560043, 2.560097286703861386 ) ) ;
#6727 = ORIENTED_EDGE ( 'NONE', *, *, #5921, .T. ) ;
#6728 = DIRECTION ( 'NONE',  ( -1.000000000000000000, 0.000000000000000000, 0.000000000000000000 ) ) ;
#6729 = CARTESIAN_POINT ( 'NONE',  ( 49.52396729163358913, 112.9990830614047042, 11.63703494020662177 ) ) ;
#6730 = CARTESIAN_POINT ( 'NONE',  ( -92.60200763709546834, 170.9896008869594368, 11.43703494025264966 ) ) ;
#6731 = CARTESIAN_POINT ( 'NONE',  ( 41.52448324795934553, 171.1689369979451953, 1.637034940206621103 ) ) ;
#6732 = ORIENTED_EDGE ( 'NONE', *, *, #1328, .T. ) ;
#6733 = CARTESIAN_POINT ( 'NONE',  ( 49.69540633787269002, 112.0669423586074060, 1.637034940206621325 ) ) ;
#6734 = CARTESIAN_POINT ( 'NONE',  ( 52.23958464032416771, 171.4081633872903865, 2.591938081401897520 ) ) ;
#6735 = CARTESIAN_POINT ( 'NONE',  ( -108.1675159537496711, 160.8209513515927540, 11.63703494020662177 ) ) ;
#6736 = CARTESIAN_POINT ( 'NONE',  ( -114.5078456479636060, 130.5242533320530072, 1.637034940206621103 ) ) ;
#6737 = EDGE_CURVE ( 'NONE', #5102, #3524, #3240, .T. ) ;
#6738 = CARTESIAN_POINT ( 'NONE',  ( 52.03628989667038951, 313.8422321448011303, 11.63703494020662177 ) ) ;
#6739 = CARTESIAN_POINT ( 'NONE',  ( -54.01861081584596036, 104.8058777665421530, 11.20071962578945701 ) ) ;
#6740 = CARTESIAN_POINT ( 'NONE',  ( -57.16202362909543666, 178.4236223510428090, 10.83625534709164562 ) ) ;
#6741 = CARTESIAN_POINT ( 'NONE',  ( -103.1528581899084429, 114.8466902621390062, 11.63703494020662177 ) ) ;
#6742 = CARTESIAN_POINT ( 'NONE',  ( -84.83768285148791222, 107.1420480120454357, 11.63703494020730922 ) ) ;
#6743 = EDGE_LOOP ( 'NONE', ( #6402, #3727, #1597, #5564 ) ) ;
#6744 = CARTESIAN_POINT ( 'NONE',  ( 53.03185860134641416, 169.5781225637579155, 11.63703494020662177 ) ) ;
#6745 = CARTESIAN_POINT ( 'NONE',  ( 56.57591815939303359, 170.4261648040356079, 11.81965469967802917 ) ) ;
#6746 = CARTESIAN_POINT ( 'NONE',  ( -58.02644275751534764, 178.4787185624387291, 2.560097286703862274 ) ) ;
#6747 = B_SPLINE_SURFACE_WITH_KNOTS ( 'NONE', 3, 1, ( 
 ( #4885, #333 ),
 ( #5046, #3828 ),
 ( #6626, #6750 ),
 ( #7239, #5532 ),
 ( #5569, #6787 ),
 ( #2669, #899 ),
 ( #1048, #6711 ),
 ( #4965, #2101 ),
 ( #5609, #6137 ),
 ( #2748, #7205 ),
 ( #4391, #5648 ),
 ( #2062, #4347 ),
 ( #5003, #2594 ),
 ( #971, #4311 ),
 ( #1611, #1574 ),
 ( #405, #3338 ),
 ( #6667, #1491 ),
 ( #3870, #2027 ),
 ( #6175, #1454 ),
 ( #3746, #3185 ),
 ( #5495, #7436 ),
 ( #4513, #3946 ),
 ( #5084, #4086 ) ),
 .UNSPECIFIED., .F., .F., .F.,
 ( 4, 2, 2, 2, 2, 2, 2, 2, 2, 3, 4 ),
 ( 2, 2 ),
 ( 0.000000000000000000, 0.06250000000000000000, 0.1250000000000000000, 0.2500000000000000000, 0.3750000000000000000, 0.5000000000000000000, 0.6250000000000000000, 0.7500000000000000000, 0.8750000000000000000, 1.000000000000000000, 1.029361123000044120 ),
 ( 0.000000000000000000, 1.000000000000000000 ),
 .UNSPECIFIED. ) ;
#6748 = EDGE_CURVE ( 'NONE', #2936, #2936, #5328, .T. ) ;
#6749 = CARTESIAN_POINT ( 'NONE',  ( -110.1479393266459255, 121.6034404112919560, 11.63703494020661111 ) ) ;
#6750 = CARTESIAN_POINT ( 'NONE',  ( -101.4158334755023105, 168.9730542391186532, 11.63703494020682427 ) ) ;
#6751 = CARTESIAN_POINT ( 'NONE',  ( -1.520154004881166143, 111.1485832785216417, 11.63703494020662177 ) ) ;
#6752 = CARTESIAN_POINT ( 'NONE',  ( -103.5154949726294973, 115.1009921891436107, 10.68299402631302186 ) ) ;
#6753 = EDGE_LOOP ( 'NONE', ( #4394, #3324, #2049, #7014 ) ) ;
#6754 = CARTESIAN_POINT ( 'NONE',  ( -107.9722837135064708, 161.0503244064144894, 11.63703494020662355 ) ) ;
#6755 = VERTEX_POINT ( 'NONE', #4061 ) ;
#6756 = CARTESIAN_POINT ( 'NONE',  ( 44.95539236201849320, 170.0860110418518047, 11.63703494020662177 ) ) ;
#6757 = ORIENTED_EDGE ( 'NONE', *, *, #1583, .F. ) ;
#6758 = CARTESIAN_POINT ( 'NONE',  ( -57.19904334889667297, 104.4314311085619948, 4.522402247408130016 ) ) ;
#6759 = ADVANCED_FACE ( 'NONE', ( #6296 ), #2580, .T. ) ;
#6760 = CARTESIAN_POINT ( 'NONE',  ( -91.75721250013206998, 109.3940668569261589, 2.560097286703860497 ) ) ;
#6761 = CARTESIAN_POINT ( 'NONE',  ( -102.4509130740901099, 116.8076960602125354, 5.637034940206621769 ) ) ;
#6762 = CARTESIAN_POINT ( 'NONE',  ( -49.71725242480425067, 105.3414140996860908, 9.937738447944894915 ) ) ;
#6763 = CARTESIAN_POINT ( 'NONE',  ( -48.02664756702419879, 105.5579133231547502, 7.754227382495471055 ) ) ;
#6764 = CARTESIAN_POINT ( 'NONE',  ( 51.99489826916073554, 169.6652062172837532, 11.63703494020661999 ) ) ;
#6765 = CARTESIAN_POINT ( 'NONE',  ( -105.6180435419911561, 166.0180333020503554, 2.560097286703860942 ) ) ;
#6766 = AXIS2_PLACEMENT_3D ( 'NONE', #3382, #5773, #3496 ) ;
#6767 = ORIENTED_EDGE ( 'NONE', *, *, #3599, .T. ) ;
#6768 = CARTESIAN_POINT ( 'NONE',  ( -47.88332652407130752, 105.5770999747996228, 10.64318361288395032 ) ) ;
#6769 = CARTESIAN_POINT ( 'NONE',  ( 51.03442780977140103, 113.1135978744176356, 11.63703494020662177 ) ) ;
#6770 = CARTESIAN_POINT ( 'NONE',  ( -81.08817716240140783, 174.7662519925885647, 11.63703494020661999 ) ) ;
#6771 = CARTESIAN_POINT ( 'NONE',  ( -86.64152956804724681, 109.5580312599125108, 11.63703494020662532 ) ) ;
#6772 = VERTEX_POINT ( 'NONE', #4201 ) ;
#6773 = CARTESIAN_POINT ( 'NONE',  ( 47.85815140081147234, 171.7275641980433818, 2.579229022865046517 ) ) ;
#6774 = CIRCLE ( 'NONE', #4472, 6.199996634278476471 ) ;
#6775 = VECTOR ( 'NONE', #3537, 1000.000000000000000 ) ;
#6776 = CARTESIAN_POINT ( 'NONE',  ( -48.31318438897280032, 177.3369905215128881, 11.03912428756044761 ) ) ;
#6777 = CARTESIAN_POINT ( 'NONE',  ( -115.2806547722099140, 132.5283877725040895, 1.637034940206621103 ) ) ;
#6778 = CARTESIAN_POINT ( 'NONE',  ( 50.29840742875936854, 171.5881379196864032, 2.572765350256192018 ) ) ;
#6779 = CARTESIAN_POINT ( 'NONE',  ( -54.60416739205833636, 104.6943163321779764, 11.88221974873895626 ) ) ;
#6780 = CARTESIAN_POINT ( 'NONE',  ( 0.9262662375810085669, 161.9708241502978865, 1.709500081274138106 ) ) ;
#6781 = CARTESIAN_POINT ( 'NONE',  ( -99.66243231826192073, 112.9391109195625802, 11.63703494020731455 ) ) ;
#6782 = ORIENTED_EDGE ( 'NONE', *, *, #6851, .T. ) ;
#6783 = EDGE_CURVE ( 'NONE', #1791, #6067, #556, .T. ) ;
#6784 = CARTESIAN_POINT ( 'NONE',  ( -97.88013445045558569, 168.5907256125051958, 11.43703494025265144 ) ) ;
#6785 = DIRECTION ( 'NONE',  ( 0.000000000000000000, 0.000000000000000000, 1.000000000000000000 ) ) ;
#6786 = CARTESIAN_POINT ( 'NONE',  ( -113.6869794533646569, 126.8415089907036162, 2.560097286702547326 ) ) ;
#6787 = CARTESIAN_POINT ( 'NONE',  ( -98.77811038919246300, 170.3779563386242728, 11.63703494020682427 ) ) ;
#6788 = CARTESIAN_POINT ( 'NONE',  ( 51.65404805430804913, 169.4933660363798253, 11.43703494025265321 ) ) ;
#6789 = CARTESIAN_POINT ( 'NONE',  ( -54.71892956873190172, 178.1375825402922430, 10.60941348582964316 ) ) ;
#6790 = EDGE_LOOP ( 'NONE', ( #4058, #3951, #5976, #7005, #4626 ) ) ;
#6791 = CARTESIAN_POINT ( 'NONE',  ( -115.3542641150484798, 146.6197617770656620, 11.63703494020662532 ) ) ;
#6792 = EDGE_LOOP ( 'NONE', ( #3256, #3878, #5572, #1211 ) ) ;
#6793 = CARTESIAN_POINT ( 'NONE',  ( -99.62442223591669688, 168.9865516242637113, 1.637034940206621103 ) ) ;
#6794 = CARTESIAN_POINT ( 'NONE',  ( -101.2946779839103897, 113.8250521831786983, 11.40936841883301867 ) ) ;
#6795 = CARTESIAN_POINT ( 'NONE',  ( -101.8537386538707210, 167.7634013880277735, 1.637034940206620437 ) ) ;
#6796 = CARTESIAN_POINT ( 'NONE',  ( -62.54548387053696246, 104.2448306367273290, 2.560097286703861386 ) ) ;
#6797 = FACE_BOUND ( 'NONE', #964, .T. ) ;
#6798 = CARTESIAN_POINT ( 'NONE',  ( -49.59424934782216354, 105.3571658916581271, 10.20385186561436619 ) ) ;
#6799 = CARTESIAN_POINT ( 'NONE',  ( 45.74865030444136238, 111.0606793243631074, 2.600236179906721734 ) ) ;
#6800 = CARTESIAN_POINT ( 'NONE',  ( -38.85607550160079171, 117.4296532779342783, 1.637034940206621103 ) ) ;
#6801 = CARTESIAN_POINT ( 'NONE',  ( -34.15607550160078887, 117.4296532779342783, 5.637034940206621769 ) ) ;
#6802 = EDGE_CURVE ( 'NONE', #3987, #1706, #2620, .T. ) ;
#6803 = ORIENTED_EDGE ( 'NONE', *, *, #3765, .T. ) ;
#6804 =( BOUNDED_SURFACE ( )  B_SPLINE_SURFACE ( 3, 2, ( 
 ( #2321, #1715, #1599 ),
 ( #1752, #3474, #4007 ),
 ( #2768, #6925, #5069 ),
 ( #7389, #5751, #6352 ),
 ( #6314, #6776, #1035 ),
 ( #2209, #2880, #4046 ),
 ( #2916, #5674, #5787 ),
 ( #6810, #16, #2843 ),
 ( #621, #5181, #2808 ),
 ( #2170, #4463, #3933 ) ),
 .UNSPECIFIED., .F., .F., .T. ) 
 B_SPLINE_SURFACE_WITH_KNOTS ( ( 4, 2, 2, 2, 4 ),
 ( 3, 3 ),
 ( 0.009827939713504728336, 0.01230268409344546440, 0.01354005628341583244, 0.01415874237840101732, 0.01477742847338620047 ),
 ( 0.7456329919521751393, 1.000000000000000000 ),
 .UNSPECIFIED. ) 
 GEOMETRIC_REPRESENTATION_ITEM ( )  RATIONAL_B_SPLINE_SURFACE ( (
 ( 0.9958282896333270351, 0.9972025712302838851, 1.000000000000000000),
 ( 0.9958577807934456683, 0.9972223471525116789, 1.000000000000000000),
 ( 0.9958968603591265012, 0.9972485527832326557, 1.000000000000000000),
 ( 0.9959717284456981456, 0.9972987571648652683, 1.000000000000000000),
 ( 0.9959994147323356639, 0.9973173227909415406, 1.000000000000000000),
 ( 0.9960451731701152056, 0.9973480070808491416, 1.000000000000000000),
 ( 0.9960610973648940103, 0.9973586853870337610, 1.000000000000000000),
 ( 0.9960943017553476331, 0.9973809512945325251, 1.000000000000000000),
 ( 0.9961114785408780037, 0.9973924695519833516, 1.000000000000000000),
 ( 0.9961301453484348034, 0.9974049869752722453, 1.000000000000000000) ) ) 
 REPRESENTATION_ITEM ( '' )  SURFACE ( )  );
#6805 = CARTESIAN_POINT ( 'NONE',  ( 55.50911113157426513, 170.8082545038241165, 8.573587958793426722 ) ) ;
#6806 = CARTESIAN_POINT ( 'NONE',  ( -89.50510617554785142, 172.3671353495884944, 11.63703494020661999 ) ) ;
#6807 = EDGE_LOOP ( 'NONE', ( #5809 ) ) ;
#6808 = CARTESIAN_POINT ( 'NONE',  ( 47.67307988197674717, 171.7342580983573725, 2.581041973903523967 ) ) ;
#6809 = AXIS2_PLACEMENT_3D ( 'NONE', #143, #5985, #5383 ) ;
#6810 = CARTESIAN_POINT ( 'NONE',  ( -49.52898063080234436, 177.5474767661031308, 11.66731074115725164 ) ) ;
#6811 = CARTESIAN_POINT ( 'NONE',  ( -108.9213200812493341, 121.4345093342912492, 1.637034940206621325 ) ) ;
#6812 = CARTESIAN_POINT ( 'NONE',  ( -72.97381482158088772, 105.7178941976356441, 1.637034940206621325 ) ) ;
#6813 = CARTESIAN_POINT ( 'NONE',  ( -55.57220249866838913, 104.5819285821208950, 11.93346269554993633 ) ) ;
#6814 = CARTESIAN_POINT ( 'NONE',  ( 0.06243577954841935534, 161.5389089212577289, 1.865007184116663774 ) ) ;
#6815 = CARTESIAN_POINT ( 'NONE',  ( -103.1496424399237526, 168.0147904574305642, 11.64273929752402381 ) ) ;
#6816 = ORIENTED_EDGE ( 'NONE', *, *, #5255, .F. ) ;
#6817 = CARTESIAN_POINT ( 'NONE',  ( -57.05271859406456514, 178.4110545236702308, 4.613363331959886793 ) ) ;
#6818 = CARTESIAN_POINT ( 'NONE',  ( -107.1267031159529495, 118.1496463586984902, 11.63703494020661999 ) ) ;
#6819 = CARTESIAN_POINT ( 'NONE',  ( -105.9058176022413278, 116.9736682589723671, 11.63703494020661111 ) ) ;
#6820 = CARTESIAN_POINT ( 'NONE',  ( 47.49851898573358255, 111.1485832831377820, 11.63703494020662177 ) ) ;
#6821 = CIRCLE ( 'NONE', #4529, 2.149999999999985256 ) ;
#6822 = CARTESIAN_POINT ( 'NONE',  ( 36.37716171111292596, 111.0787767786767404, 8.977349556608418268 ) ) ;
#6823 = CARTESIAN_POINT ( 'NONE',  ( -56.43593762288984550, 178.3397141394052028, 11.37539737558057773 ) ) ;
#6824 = ORIENTED_EDGE ( 'NONE', *, *, #3118, .T. ) ;
#6825 = CARTESIAN_POINT ( 'NONE',  ( -108.7368360436384904, 160.1301164151820728, 11.63703494020662177 ) ) ;
#6826 = ORIENTED_EDGE ( 'NONE', *, *, #5019, .T. ) ;
#6827 = CARTESIAN_POINT ( 'NONE',  ( -98.94334659187326508, 169.3454146511760428, 1.637034940206621103 ) ) ;
#6828 = CARTESIAN_POINT ( 'NONE',  ( -57.14544653518200334, 178.4224720494322014, 11.23165748474506920 ) ) ;
#6829 = ORIENTED_EDGE ( 'NONE', *, *, #2838, .F. ) ;
#6830 = EDGE_CURVE ( 'NONE', #6755, #780, #1540, .T. ) ;
#6831 = CARTESIAN_POINT ( 'NONE',  ( -78.20006703560690653, 176.3393732853973859, 1.637034940206620881 ) ) ;
#6832 = CIRCLE ( 'NONE', #5376, 2.710899745515429782 ) ;
#6833 = CARTESIAN_POINT ( 'NONE',  ( -49.45204186804377144, 105.3753622719622456, 10.21152924692096242 ) ) ;
#6834 =( NAMED_UNIT ( * ) PLANE_ANGLE_UNIT ( ) SI_UNIT ( $, .RADIAN. ) );
#6835 = CARTESIAN_POINT ( 'NONE',  ( 46.57647251680703704, 170.9320259175668753, 1.637034940206621103 ) ) ;
#6836 = CARTESIAN_POINT ( 'NONE',  ( -49.63430229893482704, 105.3520367107324915, 10.20167225513235287 ) ) ;
#6837 = CARTESIAN_POINT ( 'NONE',  ( -52.30719624675341350, 178.0335789862436400, 2.620929578881686872 ) ) ;
#6838 = CARTESIAN_POINT ( 'NONE',  ( -112.2932939197467022, 124.5123733691108185, 11.92337084928384883 ) ) ;
#6839 = CARTESIAN_POINT ( 'NONE',  ( 50.35885668949286753, 169.7995940814987819, 11.63703494020662355 ) ) ;
#6840 = CARTESIAN_POINT ( 'NONE',  ( -54.28216258812344108, 105.5118137394189972, 1.637034940206621103 ) ) ;
#6841 = CARTESIAN_POINT ( 'NONE',  ( -100.4582911162702459, 115.6423693736463463, 5.637034940206621769 ) ) ;
#6842 = VERTEX_POINT ( 'NONE', #5987 ) ;
#6843 = B_SPLINE_CURVE_WITH_KNOTS ( 'NONE', 3,
 ( #6932, #7006, #2886, #5187, #4545, #1223, #6857, #4578, #23, #2362, #1836, #3444 ),
 .UNSPECIFIED., .F., .F.,
 ( 4, 2, 2, 2, 2, 4 ),
 ( 0.000000000000000000, 9.406281156363172199E-05, 0.0001881256231272634440, 0.0003762512462545297069, 0.0007525024925090674369, 0.001505004985018142897 ),
 .UNSPECIFIED. ) ;
#6844 = CARTESIAN_POINT ( 'NONE',  ( -54.03992200397862433, 105.4927235761611968, 1.637034940206620659 ) ) ;
#6845 = CARTESIAN_POINT ( 'NONE',  ( 50.02871841099290151, 113.0348113860648738, 11.63703494020662177 ) ) ;
#6846 = CARTESIAN_POINT ( 'NONE',  ( -94.01756788210475690, 170.6161724266067381, 11.63703494020661999 ) ) ;
#6847 = EDGE_CURVE ( 'NONE', #77, #77, #2071, .T. ) ;
#6848 = ORIENTED_EDGE ( 'NONE', *, *, #6737, .F. ) ;
#6849 = CARTESIAN_POINT ( 'NONE',  ( -59.13126976282132574, 104.2895255752715116, 11.63703494020662355 ) ) ;
#6850 = FACE_OUTER_BOUND ( 'NONE', #4567, .T. ) ;
#6851 = EDGE_CURVE ( 'NONE', #1820, #3830, #3024, .T. ) ;
#6852 = CARTESIAN_POINT ( 'NONE',  ( -58.61856828015898202, 105.1883037729503343, 1.637034940206621325 ) ) ;
#6853 = CARTESIAN_POINT ( 'NONE',  ( -56.21327951572566661, 105.2550794173922952, 1.732874418988980203 ) ) ;
#6854 = CARTESIAN_POINT ( 'NONE',  ( -38.71440635752955473, 106.4955972733852008, 11.63703494020662177 ) ) ;
#6855 = CARTESIAN_POINT ( 'NONE',  ( 42.81160654540844490, 112.8520758448432275, 11.43703494020664380 ) ) ;
#6856 = EDGE_LOOP ( 'NONE', ( #4698, #6293, #3296, #7211 ) ) ;
#6857 = CARTESIAN_POINT ( 'NONE',  ( -49.84290374156807957, 177.5356291158056194, 10.45462849850751041 ) ) ;
#6858 = CARTESIAN_POINT ( 'NONE',  ( -52.89973458133338369, 177.2357041907954738, 1.637034940206621103 ) ) ;
#6859 = DIRECTION ( 'NONE',  ( 0.8070651892099570679, 7.600218422706380836E-11, -0.5904623445788024227 ) ) ;
#6860 = CARTESIAN_POINT ( 'NONE',  ( -56.38106825800158362, 177.7495927695052274, 1.879668136180981719 ) ) ;
#6861 = CARTESIAN_POINT ( 'NONE',  ( -114.9330992589214873, 129.3340320801635812, 2.560097286702547326 ) ) ;
#6862 = DIRECTION ( 'NONE',  ( 0.8127955847022956259, 0.000000000000000000, -0.5825490000750608299 ) ) ;
#6863 = CARTESIAN_POINT ( 'NONE',  ( 47.77592852573717863, 169.7582418841421941, 11.43703494025265499 ) ) ;
#6864 = EDGE_LOOP ( 'NONE', ( #4202, #6209, #3832, #1954 ) ) ;
#6865 = CARTESIAN_POINT ( 'NONE',  ( 35.80653751622226366, 171.6190635414147607, 11.63703494020662177 ) ) ;
#6866 = CARTESIAN_POINT ( 'NONE',  ( -57.06864412975059508, 178.4171602250183923, 11.22774283960648134 ) ) ;
#6867 = EDGE_LOOP ( 'NONE', ( #6931, #1409, #3379, #4971, #2586, #1517 ) ) ;
#6868 = CARTESIAN_POINT ( 'NONE',  ( -88.00412908106366672, 173.8824797496281178, 1.637034940206621991 ) ) ;
#6869 = B_SPLINE_CURVE_WITH_KNOTS ( 'NONE', 3,
 ( #671, #6865, #5768, #3525 ),
 .UNSPECIFIED., .F., .F.,
 ( 4, 4 ),
 ( 0.000000000000000000, 0.003225102638869488218 ),
 .UNSPECIFIED. ) ;
#6870 = CARTESIAN_POINT ( 'NONE',  ( -49.49395263153645175, 105.3699874101417038, 10.94038993910133684 ) ) ;
#6871 = CARTESIAN_POINT ( 'NONE',  ( 21.69392449805662082, 117.4296532796704469, 4.187034940206631362 ) ) ;
#6872 = CARTESIAN_POINT ( 'NONE',  ( 48.85456461612746892, 170.8444829697748446, 1.637034940206621325 ) ) ;
#6873 = DIRECTION ( 'NONE',  ( -0.000000000000000000, -0.000000000000000000, -1.000000000000000000 ) ) ;
#6874 = CARTESIAN_POINT ( 'NONE',  ( -115.9991013628388430, 134.8601938947609256, 1.637034940206620215 ) ) ;
#6875 = CARTESIAN_POINT ( 'NONE',  ( 50.48933376772212256, 169.7894495319077919, 11.63703494020662177 ) ) ;
#6876 = CARTESIAN_POINT ( 'NONE',  ( -114.1840236636134307, 132.8607125449987052, 11.43703494025265144 ) ) ;
#6877 = ADVANCED_FACE ( 'NONE', ( #1993 ), #898, .T. ) ;
#6878 = CARTESIAN_POINT ( 'NONE',  ( -103.1501000289787271, 167.9862195674236318, 10.65229649315350358 ) ) ;
#6879 = EDGE_LOOP ( 'NONE', ( #5041 ) ) ;
#6880 = EDGE_CURVE ( 'NONE', #551, #2128, #5085, .T. ) ;
#6881 = CARTESIAN_POINT ( 'NONE',  ( -56.83638851097718714, 105.2993137604120193, 1.637034940206620881 ) ) ;
#6882 = CARTESIAN_POINT ( 'NONE',  ( 45.98356266113255941, 112.8213596993930850, 11.63703494020662355 ) ) ;
#6883 = CARTESIAN_POINT ( 'NONE',  ( -102.3890410583807693, 166.3475250704547079, 11.63703494020662177 ) ) ;
#6884 = VECTOR ( 'NONE', #5169, 1000.000000000000227 ) ;
#6885 = ORIENTED_EDGE ( 'NONE', *, *, #5644, .T. ) ;
#6886 = CARTESIAN_POINT ( 'NONE',  ( 53.73506283109539794, 111.5931204401636734, 2.637034940206396172 ) ) ;
#6887 = CARTESIAN_POINT ( 'NONE',  ( 45.61759284240743995, 169.8531473239594902, 11.43703494025265144 ) ) ;
#6888 = CARTESIAN_POINT ( 'NONE',  ( -79.77692629615560804, 106.8279460604058499, 1.637034940206621103 ) ) ;
#6889 = CYLINDRICAL_SURFACE ( 'NONE', #1714, 50.00000000000000711 ) ;
#6890 = CARTESIAN_POINT ( 'NONE',  ( -100.7063081721130686, 167.3018929258082039, 11.63703494020661999 ) ) ;
#6891 = CARTESIAN_POINT ( 'NONE',  ( 42.91987964806860134, 111.7798707320357607, 1.637034940206621103 ) ) ;
#6892 = CARTESIAN_POINT ( 'NONE',  ( -49.59422954331319744, 177.5021381200514554, 9.939459133096416821 ) ) ;
#6893 = CIRCLE ( 'NONE', #7141, 2.149999999999999023 ) ;
#6894 = CARTESIAN_POINT ( 'NONE',  ( 56.44988247740074883, 170.5836645590246974, 10.12858762504305865 ) ) ;
#6895 = CIRCLE ( 'NONE', #503, 4.700000000000002842 ) ;
#6896 = CARTESIAN_POINT ( 'NONE',  ( -57.17873006750489395, 178.4255418669062010, 4.533214454352633815 ) ) ;
#6897 = CARTESIAN_POINT ( 'NONE',  ( -83.82413653007444054, 108.7591834184775053, 11.63703494020662355 ) ) ;
#6898 = LINE ( 'NONE', #5801, #3015 ) ;
#6899 = AXIS2_PLACEMENT_3D ( 'NONE', #7158, #1407, #5453 ) ;
#6900 = CARTESIAN_POINT ( 'NONE',  ( 49.55288036533755047, 169.8584620974870347, 11.63703494020661999 ) ) ;
#6901 = CARTESIAN_POINT ( 'NONE',  ( -68.95407871766337848, 104.4714171361968482, 12.20980996604875912 ) ) ;
#6902 = VERTEX_POINT ( 'NONE', #711 ) ;
#6903 = DIRECTION ( 'NONE',  ( 0.000000000000000000, 0.000000000000000000, -1.000000000000000000 ) ) ;
#6904 = VERTEX_POINT ( 'NONE', #1206 ) ;
#6905 = CARTESIAN_POINT ( 'NONE',  ( -117.8672655166653414, 142.0415340411799434, 2.560097286703177488 ) ) ;
#6906 = VERTEX_POINT ( 'NONE', #2302 ) ;
#6907 = CARTESIAN_POINT ( 'NONE',  ( -69.18638431455579507, 177.5265593219562277, 1.637034940206620659 ) ) ;
#6908 = CARTESIAN_POINT ( 'NONE',  ( -49.91889356085157203, 105.2624195906108753, 11.64054291888367842 ) ) ;
#6909 = CARTESIAN_POINT ( 'NONE',  ( 50.21904789140217673, 170.7517138247996513, 1.637034940206621103 ) ) ;
#6910 = CARTESIAN_POINT ( 'NONE',  ( -61.18902445752825514, 176.6973801700324032, 5.637034940206621769 ) ) ;
#6911 = CARTESIAN_POINT ( 'NONE',  ( -100.9017544441577314, 118.7837337803544813, 11.63703494020662177 ) ) ;
#6912 = CARTESIAN_POINT ( 'NONE',  ( -111.1423131562915785, 124.3526417385059943, 1.637034940206620881 ) ) ;
#6913 = CARTESIAN_POINT ( 'NONE',  ( -61.07711514726714341, 178.6205067303051806, 11.11800557453354799 ) ) ;
#6914 = B_SPLINE_CURVE_WITH_KNOTS ( 'NONE', 3,
 ( #3682, #345, #7252, #875 ),
 .UNSPECIFIED., .F., .F.,
 ( 4, 4 ),
 ( 0.000000000000000000, 0.009862575537217314198 ),
 .UNSPECIFIED. ) ;
#6915 = CARTESIAN_POINT ( 'NONE',  ( 19.14392449805661300, 117.4296532796704469, 1.637034940206619327 ) ) ;
#6916 = CARTESIAN_POINT ( 'NONE',  ( -50.68392666882424891, 104.9385263860885686, 2.633229638297733377 ) ) ;
#6917 = CARTESIAN_POINT ( 'NONE',  ( 48.58219709092200844, 112.0011378475603152, 1.637034940206620659 ) ) ;
#6918 = CARTESIAN_POINT ( 'NONE',  ( -82.45874942941576080, 108.6142632584898848, 11.43703494025265144 ) ) ;
#6919 = ORIENTED_EDGE ( 'NONE', *, *, #4709, .F. ) ;
#6920 = CARTESIAN_POINT ( 'NONE',  ( -56.72452985069715226, 105.3070501530419278, 1.637034940206620881 ) ) ;
#6921 = CARTESIAN_POINT ( 'NONE',  ( 47.14857718080079962, 112.8728211662613461, 11.63703494020662177 ) ) ;
#6922 = ADVANCED_FACE ( 'NONE', ( #3499 ), #1839, .T. ) ;
#6923 = CARTESIAN_POINT ( 'NONE',  ( -115.7818068181800726, 139.7803599086089150, 11.43703494025264966 ) ) ;
#6924 = ORIENTED_EDGE ( 'NONE', *, *, #5991, .T. ) ;
#6925 = CARTESIAN_POINT ( 'NONE',  ( -46.74519453513008926, 177.1318586263240604, 11.22610290763622665 ) ) ;
#6926 = CARTESIAN_POINT ( 'NONE',  ( -103.6843207578968844, 167.6260010474934461, 10.70729333794644234 ) ) ;
#6927 = CARTESIAN_POINT ( 'NONE',  ( -56.21690093134851196, 105.3421588931303745, 1.637034940206620881 ) ) ;
#6928 = CARTESIAN_POINT ( 'NONE',  ( -56.31075730999734219, 105.1751511176956058, 1.813192323976267284 ) ) ;
#6929 = CARTESIAN_POINT ( 'NONE',  ( -89.27703208505103305, 172.4446934432990020, 11.63703494020661999 ) ) ;
#6930 = CARTESIAN_POINT ( 'NONE',  ( -93.46062362442569338, 112.2236884607127365, 11.43703494025265144 ) ) ;
#6931 = ORIENTED_EDGE ( 'NONE', *, *, #2354, .T. ) ;
#6932 = CARTESIAN_POINT ( 'NONE',  ( -49.71434125204680754, 177.5175196514196045, 10.19755101330354918 ) ) ;
#6933 = CARTESIAN_POINT ( 'NONE',  ( 50.23320433255164374, 112.1076724239777462, 1.637034940206621103 ) ) ;
#6934 = VECTOR ( 'NONE', #5750, 1000.000000000000000 ) ;
#6935 = CARTESIAN_POINT ( 'NONE',  ( -60.09386309336100851, 106.0880965173213468, 11.63703494020662177 ) ) ;
#6936 = CARTESIAN_POINT ( 'NONE',  ( -49.77357971435001360, 105.3342006393271362, 10.22032515364327665 ) ) ;
#6937 = EDGE_CURVE ( 'NONE', #6104, #5950, #3002, .T. ) ;
#6938 = CARTESIAN_POINT ( 'NONE',  ( 48.49253163825500224, 169.9224220300144452, 11.63703494020662355 ) ) ;
#6939 = CARTESIAN_POINT ( 'NONE',  ( -57.18728331459976033, 178.4614178519908307, 12.02086997551561076 ) ) ;
#6940 = ORIENTED_EDGE ( 'NONE', *, *, #1346, .F. ) ;
#6941 = DIRECTION ( 'NONE',  ( 0.000000000000000000, 0.000000000000000000, 1.000000000000000000 ) ) ;
#6942 = EDGE_LOOP ( 'NONE', ( #5535 ) ) ;
#6943 = CARTESIAN_POINT ( 'NONE',  ( -117.7427462605265305, 143.6647849975267661, 11.63703494020702323 ) ) ;
#6944 = ORIENTED_EDGE ( 'NONE', *, *, #5743, .T. ) ;
#6945 = CARTESIAN_POINT ( 'NONE',  ( -64.14791562094781341, 177.7631932097817185, 1.637034940206621103 ) ) ;
#6946 = CARTESIAN_POINT ( 'NONE',  ( -49.59424931567426853, 177.5021406521040035, 10.16682540765482656 ) ) ;
#6947 = CARTESIAN_POINT ( 'NONE',  ( 47.45558834756845812, 170.9026351170199405, 1.637034940206620881 ) ) ;
#6948 = EDGE_CURVE ( 'NONE', #3413, #2479, #3942, .T. ) ;
#6949 = CARTESIAN_POINT ( 'NONE',  ( 47.13553076945176201, 111.1066279058300523, 2.586431171032552712 ) ) ;
#6950 = CARTESIAN_POINT ( 'NONE',  ( -103.0114360724932396, 115.7720906071847082, 1.637034940206620881 ) ) ;
#6951 = CARTESIAN_POINT ( 'NONE',  ( -71.06009507525919844, 172.3654371755034447, 4.187034940206631362 ) ) ;
#6952 = VECTOR ( 'NONE', #1637, 1000.000000000000000 ) ;
#6953 = CARTESIAN_POINT ( 'NONE',  ( 48.34521494622216409, 111.9906857230024997, 1.637034940206621103 ) ) ;
#6954 = CARTESIAN_POINT ( 'NONE',  ( -78.64777300877898369, 107.7626535574806326, 5.637034940206621769 ) ) ;
#6955 = ORIENTED_EDGE ( 'NONE', *, *, #2861, .T. ) ;
#6956 = CARTESIAN_POINT ( 'NONE',  ( 52.89695722364467656, 112.8887149304136130, 1.637034940206620437 ) ) ;
#6957 = CARTESIAN_POINT ( 'NONE',  ( 48.14142938893419199, 112.9189937374142971, 11.63703494020662177 ) ) ;
#6958 = CARTESIAN_POINT ( 'NONE',  ( -110.2422785516482691, 125.1017766648896981, 11.43703494025265144 ) ) ;
#6959 = CARTESIAN_POINT ( 'NONE',  ( -87.78280582532998721, 173.9543600763746269, 1.637034940206620881 ) ) ;
#6960 = EDGE_LOOP ( 'NONE', ( #966, #4386, #1168, #1147 ) ) ;
#6961 = CARTESIAN_POINT ( 'NONE',  ( -57.16194067485450603, 178.4236128206528065, 4.345723450823494538 ) ) ;
#6962 = CARTESIAN_POINT ( 'NONE',  ( -34.15607550160078887, 117.4296532779342783, 4.187034940206620703 ) ) ;
#6963 = B_SPLINE_CURVE_WITH_KNOTS ( 'NONE', 3,
 ( #818, #4879, #3103, #7200, #5416, #2547, #4273, #6585, #2021, #4305, #2138, #3901, #6208, #2662, #7233, #1486 ),
 .UNSPECIFIED., .F., .F.,
 ( 4, 2, 2, 2, 2, 2, 2, 4 ),
 ( 0.003625724964352576400, 0.01046117855529877724, 0.01387890535077184254, 0.01729663214624491130, 0.02071435894171798353, 0.02413208573719105229, 0.02754981253266412106, 0.03096753932813718982 ),
 .UNSPECIFIED. ) ;
#6964 = CARTESIAN_POINT ( 'NONE',  ( -99.85104604500099867, 169.8260971711313800, 12.03169656395795251 ) ) ;
#6965 = DIRECTION ( 'NONE',  ( 0.04525645817996827580, -0.7056570363869657525, 0.7071067811798789071 ) ) ;
#6966 = EDGE_CURVE ( 'NONE', #1054, #1338, #735, .T. ) ;
#6967 = EDGE_LOOP ( 'NONE', ( #173 ) ) ;
#6968 = CARTESIAN_POINT ( 'NONE',  ( -57.16194067137063684, 104.4356937355991306, 4.543879449389075731 ) ) ;
#6969 = CARTESIAN_POINT ( 'NONE',  ( 50.65366925923158448, 111.3022012304420372, 2.576094668740902982 ) ) ;
#6970 = CARTESIAN_POINT ( 'NONE',  ( 45.84392449654986024, 157.4296532817331808, 1.637034940206621103 ) ) ;
#6971 = EDGE_CURVE ( 'NONE', #5311, #4494, #3785, .T. ) ;
#6972 = CARTESIAN_POINT ( 'NONE',  ( -68.09710174021240903, 106.2232365499071705, 11.63703494020662355 ) ) ;
#6973 = CARTESIAN_POINT ( 'NONE',  ( -111.1560755034500545, 141.4296532796704469, 1.637034940206619327 ) ) ;
#6974 = CARTESIAN_POINT ( 'NONE',  ( -114.9330992589214873, 129.3340320801635812, 2.560097286703860942 ) ) ;
#6975 = CARTESIAN_POINT ( 'NONE',  ( -57.70537154110138545, 104.3999073598718041, 10.86548312504928582 ) ) ;
#6976 = ORIENTED_EDGE ( 'NONE', *, *, #2249, .F. ) ;
#6977 = CYLINDRICAL_SURFACE ( 'NONE', #2253, 2.149999999999999023 ) ;
#6978 = ORIENTED_EDGE ( 'NONE', *, *, #6039, .F. ) ;
#6979 = CARTESIAN_POINT ( 'NONE',  ( -114.9330992600605441, 153.5252744706480428, 2.560097286703177488 ) ) ;
#6980 = ORIENTED_EDGE ( 'NONE', *, *, #6520, .F. ) ;
#6981 = CARTESIAN_POINT ( 'NONE',  ( -57.25302717097172689, 177.5888029737598970, 1.637034940206618439 ) ) ;
#6982 = EDGE_CURVE ( 'NONE', #6104, #903, #6496, .T. ) ;
#6983 = CARTESIAN_POINT ( 'NONE',  ( -102.4509130942482358, 116.8076960344997275, 11.43703494025265144 ) ) ;
#6984 = VERTEX_POINT ( 'NONE', #3993 ) ;
#6985 = CARTESIAN_POINT ( 'NONE',  ( 48.06533448522933583, 170.8801092811437172, 1.637034940206621325 ) ) ;
#6986 = CARTESIAN_POINT ( 'NONE',  ( 37.84183566224426443, 172.0031294706380152, 5.366661032505769313 ) ) ;
#6987 = CARTESIAN_POINT ( 'NONE',  ( -116.7713810701869335, 138.4343885421983771, 1.637034940206621991 ) ) ;
#6988 = CARTESIAN_POINT ( 'NONE',  ( -2.156075503692740813, 165.4296532797131078, 1.637034940206621103 ) ) ;
#6989 = PLANE ( 'NONE',  #5080 ) ;
#6990 = VERTEX_POINT ( 'NONE', #4102 ) ;
#6991 = DIRECTION ( 'NONE',  ( -0.000000000000000000, -0.000000000000000000, 1.000000000000000000 ) ) ;
#6992 = EDGE_CURVE ( 'NONE', #7438, #2361, #190, .T. ) ;
#6993 = ORIENTED_EDGE ( 'NONE', *, *, #6313, .F. ) ;
#6994 = B_SPLINE_CURVE_WITH_KNOTS ( 'NONE', 3,
 ( #6507, #5947, #3065, #252 ),
 .UNSPECIFIED., .F., .F.,
 ( 4, 4 ),
 ( 0.001854881811118492315, 0.007058803727970472744 ),
 .UNSPECIFIED. ) ;
#6995 = CARTESIAN_POINT ( 'NONE',  ( -47.32840238718222992, 105.9569071339594899, 1.637034940206620881 ) ) ;
#6996 = CARTESIAN_POINT ( 'NONE',  ( 45.11448310382730398, 112.7811326086577850, 11.63703494020662355 ) ) ;
#6997 = CARTESIAN_POINT ( 'NONE',  ( -114.1588809627419039, 132.8500826089006637, 11.43703494025265499 ) ) ;
#6998 = ORIENTED_EDGE ( 'NONE', *, *, #2531, .F. ) ;
#6999 = CARTESIAN_POINT ( 'NONE',  ( -103.6863722918500628, 115.2043295787212003, 11.68817275561819535 ) ) ;
#7000 = CARTESIAN_POINT ( 'NONE',  ( 1.136982888204359776, 120.7831240846411873, 1.637034940206621103 ) ) ;
#7001 = VECTOR ( 'NONE', #7118, 1000.000000000000000 ) ;
#7002 = DIRECTION ( 'NONE',  ( 0.8070651892099566238, 7.600217047067196742E-11, -0.5904623445788027558 ) ) ;
#7003 = CARTESIAN_POINT ( 'NONE',  ( -94.91275757409370328, 170.2353275679056424, 11.63703494020661822 ) ) ;
#7004 = CARTESIAN_POINT ( 'NONE',  ( -80.93021986222599651, 108.2623036605311313, 11.43703494025265144 ) ) ;
#7005 = ORIENTED_EDGE ( 'NONE', *, *, #1030, .F. ) ;
#7006 = CARTESIAN_POINT ( 'NONE',  ( -49.74453374113452497, 177.5213861080946458, 10.20528204903967406 ) ) ;
#7007 = CARTESIAN_POINT ( 'NONE',  ( 51.69828316243592781, 111.3993022716395700, 2.586463956932663066 ) ) ;
#7008 = CARTESIAN_POINT ( 'NONE',  ( 44.94555193335573051, 169.8862532736475828, 5.637034940206621769 ) ) ;
#7009 = CIRCLE ( 'NONE', #4944, 50.00000000000000711 ) ;
#7010 = CARTESIAN_POINT ( 'NONE',  ( -98.81775026290050334, 170.3499907096062316, 11.63703494020682960 ) ) ;
#7011 = CARTESIAN_POINT ( 'NONE',  ( 49.01084302078290733, 169.6926917890232005, 11.43703494025264966 ) ) ;
#7012 = EDGE_CURVE ( 'NONE', #4664, #446, #4250, .T. ) ;
#7013 = CARTESIAN_POINT ( 'NONE',  ( -56.91861694300836660, 178.3956276125447289, 11.41120471067954334 ) ) ;
#7014 = ORIENTED_EDGE ( 'NONE', *, *, #6880, .F. ) ;
#7015 = CARTESIAN_POINT ( 'NONE',  ( -57.16194067137063684, 104.4356937355991306, 10.82803488977989304 ) ) ;
#7016 = ORIENTED_EDGE ( 'NONE', *, *, #3051, .F. ) ;
#7017 = CARTESIAN_POINT ( 'NONE',  ( -50.73743151631027359, 105.7727188587756331, 1.637034940206621103 ) ) ;
#7018 = CARTESIAN_POINT ( 'NONE',  ( -81.36004382730057216, 176.5563987274229589, 2.560097286703863162 ) ) ;
#7019 = CARTESIAN_POINT ( 'NONE',  ( -114.1840236636134307, 132.8607125449987052, 5.637034940206621769 ) ) ;
#7020 = CARTESIAN_POINT ( 'NONE',  ( 55.78435579132860056, 112.0891360811862825, 8.543018578561456522 ) ) ;
#7021 = CARTESIAN_POINT ( 'NONE',  ( 47.44662483238977302, 111.1171205113276130, 2.583292122087292864 ) ) ;
#7022 = CARTESIAN_POINT ( 'NONE',  ( -103.0891404701083900, 115.8329657111321609, 1.637034940206620881 ) ) ;
#7023 = FACE_OUTER_BOUND ( 'NONE', #4968, .T. ) ;
#7024 = CARTESIAN_POINT ( 'NONE',  ( -115.4404934730790160, 130.5071768400671601, 12.07462669102667974 ) ) ;
#7025 = VERTEX_POINT ( 'NONE', #5779 ) ;
#7026 = CARTESIAN_POINT ( 'NONE',  ( 55.36135287466407107, 170.8506204229250613, 7.983198181526414139 ) ) ;
#7027 = CARTESIAN_POINT ( 'NONE',  ( 53.55331178568015105, 171.2839021079915938, 2.614566307436397619 ) ) ;
#7028 = ORIENTED_EDGE ( 'NONE', *, *, #923, .F. ) ;
#7029 = CARTESIAN_POINT ( 'NONE',  ( -93.95605808529761305, 111.1730073431402559, 1.637034940206621103 ) ) ;
#7030 = CARTESIAN_POINT ( 'NONE',  ( 45.97473128941768294, 112.8209635944942448, 11.63703494020662532 ) ) ;
#7031 = CARTESIAN_POINT ( 'NONE',  ( -109.7314810181666331, 124.3710507068208102, 11.43703494025265321 ) ) ;
#7032 = EDGE_CURVE ( 'NONE', #3458, #3458, #1464, .T. ) ;
#7033 = CARTESIAN_POINT ( 'NONE',  ( 46.48490400248226706, 171.7107232829704060, 3.606574243425102910 ) ) ;
#7034 = VERTEX_POINT ( 'NONE', #7283 ) ;
#7035 = CARTESIAN_POINT ( 'NONE',  ( -57.16194067485439945, 178.4236128206528633, 4.543879449388887437 ) ) ;
#7036 = CARTESIAN_POINT ( 'NONE',  ( -103.1469864434605341, 114.8712968944066830, 10.98069337251007305 ) ) ;
#7037 = CARTESIAN_POINT ( 'NONE',  ( -98.45771166339415004, 168.5115492808448607, 11.63703494020662710 ) ) ;
#7038 = CARTESIAN_POINT ( 'NONE',  ( -82.35550468101232013, 108.5938075399498217, 11.43703494025265321 ) ) ;
#7039 = VERTEX_POINT ( 'NONE', #4514 ) ;
#7040 = DIRECTION ( 'NONE',  ( 0.2950441956636279950, -0.9554836066648147996, -1.922813170764127060E-16 ) ) ;
#7041 = B_SPLINE_CURVE_WITH_KNOTS ( 'NONE', 3,
 ( #4634, #5244, #4100, #6414, #6449, #3573, #2868, #6304 ),
 .UNSPECIFIED., .F., .F.,
 ( 4, 2, 2, 4 ),
 ( -6.000000000715977885E-08, 0.0004157512080800106441, 0.0008315624161600285212, 0.001663184832320140820 ),
 .UNSPECIFIED. ) ;
#7042 = CARTESIAN_POINT ( 'NONE',  ( -51.87766222115133274, 105.0681980776910507, 10.35829478089409861 ) ) ;
#7043 =( BOUNDED_SURFACE ( )  B_SPLINE_SURFACE ( 3, 2, ( 
 ( #606, #490, #7409 ),
 ( #1736, #6373, #2231 ),
 ( #5237, #37, #569 ),
 ( #3992, #1809, #5695 ),
 ( #4523, #6409, #2899 ),
 ( #2379, #1660, #3346 ),
 ( #2827, #5812, #4592 ),
 ( #6833, #6870, #3457 ),
 ( #6259, #3956, #1095 ),
 ( #5204, #2793, #6908 ) ),
 .UNSPECIFIED., .F., .F., .F. ) 
 B_SPLINE_SURFACE_WITH_KNOTS ( ( 4, 2, 2, 2, 4 ),
 ( 3, 3 ),
 ( 0.009827939713516928646, 0.01230268409345154981, 0.01354005628341885953, 0.01415874237840251612, 0.01477742847338617098 ),
 ( 0.000000000000000000, 0.2543670080478986906 ),
 .UNSPECIFIED. ) 
 GEOMETRIC_REPRESENTATION_ITEM ( )  RATIONAL_B_SPLINE_SURFACE ( (
 ( 1.000000000000000000, 0.9972025712302831080, 0.9958282896333261469),
 ( 1.000000000000000000, 0.9972223471525555327, 0.9958577807935113935),
 ( 1.000000000000000000, 0.9972485527831732588, 0.9958968603590383495),
 ( 1.000000000000000000, 0.9972987571648939120, 0.9959717284457414443),
 ( 1.000000000000000000, 0.9973173227909291061, 0.9959994147323174563),
 ( 1.000000000000000000, 0.9973480070808544706, 0.9960451731701234213),
 ( 1.000000000000000000, 0.9973586853870264335, 0.9960610973648834632),
 ( 1.000000000000000000, 0.9973809512945370770, 0.9960943017553547385),
 ( 1.000000000000000000, 0.9973924695519790218, 0.9961114785408717864),
 ( 1.000000000000000000, 0.9974049869752713571, 0.9961301453484339152) ) ) 
 REPRESENTATION_ITEM ( '' )  SURFACE ( )  );
#7044 = CARTESIAN_POINT ( 'NONE',  ( -71.11669255839751713, 104.6447161977946934, 11.63703494020664486 ) ) ;
#7045 = DIRECTION ( 'NONE',  ( 1.000000000000000000, 0.000000000000000000, 0.000000000000000000 ) ) ;
#7046 = CARTESIAN_POINT ( 'NONE',  ( -49.42538226051852490, 105.3244365949345536, 11.62602566623015043 ) ) ;
#7047 = CARTESIAN_POINT ( 'NONE',  ( -56.65036870891279364, 178.3646071398093227, 10.78795836091714833 ) ) ;
#7048 = ORIENTED_EDGE ( 'NONE', *, *, #2078, .F. ) ;
#7049 = CARTESIAN_POINT ( 'NONE',  ( 46.97717692031700665, 141.4296532814580303, 11.63703494020662177 ) ) ;
#7050 = EDGE_LOOP ( 'NONE', ( #1257 ) ) ;
#7051 = CARTESIAN_POINT ( 'NONE',  ( -50.68392666882424891, 104.9385263860885686, 2.633229638297733377 ) ) ;
#7052 = AXIS2_PLACEMENT_3D ( 'NONE', #6801, #3999, #1742 ) ;
#7053 = EDGE_LOOP ( 'NONE', ( #1129 ) ) ;
#7054 = CARTESIAN_POINT ( 'NONE',  ( -82.35578916900030322, 176.3273400335960162, 2.560097286703860942 ) ) ;
#7055 = CARTESIAN_POINT ( 'NONE',  ( -112.3013515538574012, 128.5052964212412689, 5.637034940206621769 ) ) ;
#7056 = CARTESIAN_POINT ( 'NONE',  ( -56.45080803226845489, 105.3176665226414315, 1.637034940206620881 ) ) ;
#7057 = CARTESIAN_POINT ( 'NONE',  ( -110.3292319433228954, 124.8660231499935662, 11.63703494020662532 ) ) ;
#7058 = DIRECTION ( 'NONE',  ( 1.000000000000000000, 0.000000000000000000, 0.000000000000000000 ) ) ;
#7059 = CARTESIAN_POINT ( 'NONE',  ( -57.28995700384550105, 176.4277140708382206, 11.43703494025265144 ) ) ;
#7060 = CARTESIAN_POINT ( 'NONE',  ( -113.6981407609696220, 151.2425928176959360, 11.43703494025264966 ) ) ;
#7061 = CARTESIAN_POINT ( 'NONE',  ( -114.2625675569408088, 127.9520533256378059, 12.01102402268935698 ) ) ;
#7062 = ADVANCED_FACE ( 'NONE', ( #2102 ), #5290, .F. ) ;
#7063 = VERTEX_POINT ( 'NONE', #3464 ) ;
#7064 = LINE ( 'NONE', #4820, #6775 ) ;
#7065 = CARTESIAN_POINT ( 'NONE',  ( 51.36928169700487956, 112.2106767712809869, 1.637034940206621103 ) ) ;
#7066 = CARTESIAN_POINT ( 'NONE',  ( -56.66663416647148210, 104.4699502302191405, 2.560097286703860942 ) ) ;
#7067 = FACE_OUTER_BOUND ( 'NONE', #106, .T. ) ;
#7068 = CARTESIAN_POINT ( 'NONE',  ( -113.8536808795516322, 132.0145382790915392, 11.43703494025265321 ) ) ;
#7069 = CARTESIAN_POINT ( 'NONE',  ( -102.2608550646866235, 115.3298575232253711, 1.637034940206621103 ) ) ;
#7070 = CONICAL_SURFACE ( 'NONE', #1887, 4.699999999999995737, 0.7853981633974479459 ) ;
#7071 = CARTESIAN_POINT ( 'NONE',  ( 51.19326526337394512, 171.4966183637427264, 4.296217315544440751 ) ) ;
#7072 = AXIS2_PLACEMENT_3D ( 'NONE', #1541, #2751, #3831 ) ;
#7073 = CARTESIAN_POINT ( 'NONE',  ( -88.65630493309933513, 174.5783260571709548, 2.560097286703864938 ) ) ;
#7074 = B_SPLINE_CURVE_WITH_KNOTS ( 'NONE', 3,
 ( #4611, #1754, #1188, #3476, #2570, #1974, #1397, #1505, #3760, #5510, #2607, #4979, #4256, #2079, #3087, #2643, #6680, #311, #6643, #380, #914, #7182, #1470, #6114, #4860, #1832, #878, #5401, #7254, #4827, #7147, #4291, #4115, #2007, #949, #6605, #6008, #1431, #6569, #6429, #4362, #3128, #839, #3685, #5438, #7220, #1361, #275, #3718, #6076, #6044, #3200, #3236, #238, #3645, #3162, #5968, #5473, #2039, #347, #4902, #5544, #4326, #801, #2686, #4937, #3802, #2530, #6305, #2869, #2236, #5060, #5018, #2727, #7336, #1702, #3314, #6226, #6839, #5133, #3424, #6875, #1664, #4406, #6724, #6190, #2160, #4527, #3885, #1024, #5624, #3960, #456, #6150, #3387, #7297, #7450, #5739, #4450, #2272, #1061, #3924, #4491, #6764, #2758, #3997, #6264, #3277, #2116, #1588, #5584, #1551, #5700, #7413, #3842, #987 ),
 .UNSPECIFIED., .F., .F.,
 ( 4, 1, 1, 1, 2, 2, 1, 1, 1, 1, 2, 2, 1, 1, 1, 1, 1, 2, 2, 1, 1, 2, 2, 1, 1, 1, 1, 2, 2, 1, 1, 1, 1, 2, 2, 1, 1, 1, 2, 2, 1, 1, 2, 2, 2, 2, 1, 1, 2, 2, 1, 1, 2, 2, 1, 1, 1, 2, 2, 1, 1, 1, 2, 2, 1, 1, 1, 1, 2, 2, 1, 1, 2, 2, 1, 1, 1, 1, 1, 2, 2, 4 ),
 ( 0.000000000000000000, 0.03124999999983275184, 0.04687499999974784753, 0.05468749999970538844, 0.05859374999968561953, 0.06249999999966585063, 0.09374999999950771323, 0.1093749999994297062, 0.1171874999993906957, 0.1210937499993714056, 0.1230468749993617605, 0.1249999999993521294, 0.1562499999992017496, 0.1718749999991267818, 0.1796874999990893118, 0.1835937499990692445, 0.1855468749990591970, 0.1865234374990552835, 0.1874999999990513422, 0.2031249999990444033, 0.2109374999990394073, 0.2148437499990369093, 0.2187499999990344113, 0.2343749999990233646, 0.2421874999990165367, 0.2460937499990143718, 0.2480468749990146216, 0.2490234374990130395, 0.2499999999990114574, 0.2812499999990023536, 0.2968749999989980792, 0.3046874999989944155, 0.3085937499989939159, 0.3105468749989949706, 0.3124999999989959698, 0.3437499999990218380, 0.3593749999990363264, 0.3671874999990449306, 0.3710937499990492050, 0.3749999999990534794, 0.4062499999990975552, 0.4218749999991210919, 0.4296874999991341926, 0.4374999999991472932, 0.4687499999992035815, 0.4999999999992598143, 0.5312499999993161026, 0.5468749999993425259, 0.5546874999993555155, 0.5624999999993683941, 0.5937499999994186872, 0.6093749999994437783, 0.6171874999994576561, 0.6249999999994714228, 0.6562499999995276001, 0.6718749999995552447, 0.6796874999995686784, 0.6835937499995754507, 0.6874999999995821121, 0.7187499999996177502, 0.7343749999996347366, 0.7421874999996448397, 0.7460937499996515010, 0.7499999999996580513, 0.7812499999997104538, 0.7968749999997366551, 0.8046874999997497557, 0.8085937499997575273, 0.8105468749997614131, 0.8124999999997652989, 0.8437499999998234745, 0.8593749999998526734, 0.8671874999998675504, 0.8749999999998825384, 0.9062499999999441558, 0.9218749999999741318, 0.9296874999999891198, 0.9335937499999954481, 0.9355468749999966693, 0.9365234374999966693, 0.9374999999999966693, 1.000000000000000000 ),
 .UNSPECIFIED. ) ;
#7075 = PLANE ( 'NONE',  #4400 ) ;
#7076 = CARTESIAN_POINT ( 'NONE',  ( -57.27715519884031892, 176.6273064346903254, 11.63703494020662177 ) ) ;
#7077 = CARTESIAN_POINT ( 'NONE',  ( -92.86011007757821289, 111.7600218437675039, 11.63703494020661999 ) ) ;
#7078 = EDGE_LOOP ( 'NONE', ( #2086, #7407, #694, #499, #3550 ) ) ;
#7079 = CARTESIAN_POINT ( 'NONE',  ( -56.59919231716738608, 178.3980562551126070, 2.588845909950145519 ) ) ;
#7080 = ADVANCED_FACE ( 'NONE', ( #4348 ), #4434, .T. ) ;
#7081 = ADVANCED_FACE ( 'NONE', ( #1651 ), #5909, .T. ) ;
#7082 = CARTESIAN_POINT ( 'NONE',  ( -88.65630492997769352, 108.2809804961151769, 11.63703494020664486 ) ) ;
#7083 = DIRECTION ( 'NONE',  ( 0.000000000000000000, 0.000000000000000000, 1.000000000000000000 ) ) ;
#7084 = CARTESIAN_POINT ( 'NONE',  ( -107.9993906320092094, 160.7169267107749988, 11.43703494025265144 ) ) ;
#7085 = CARTESIAN_POINT ( 'NONE',  ( -57.09048450023694699, 104.4239326122913241, 11.63736762362262134 ) ) ;
#7086 = ORIENTED_EDGE ( 'NONE', *, *, #6101, .F. ) ;
#7087 = FACE_BOUND ( 'NONE', #1694, .T. ) ;
#7088 = EDGE_LOOP ( 'NONE', ( #369, #4653, #7048, #2276, #6508 ) ) ;
#7089 = CARTESIAN_POINT ( 'NONE',  ( -111.4190175886441381, 159.5776410715595546, 11.63703494020701790 ) ) ;
#7090 = ORIENTED_EDGE ( 'NONE', *, *, #5093, .T. ) ;
#7091 = CARTESIAN_POINT ( 'NONE',  ( -85.32353643411114774, 175.5646427643219738, 2.560097286703861386 ) ) ;
#7092 = B_SPLINE_CURVE_WITH_KNOTS ( 'NONE', 3,
 ( #7000, #4720, #3018, #2322, #2427, #727, #1831, #4078 ),
 .UNSPECIFIED., .F., .F.,
 ( 4, 2, 2, 4 ),
 ( 6.740511237991705842E-07, 0.0007334940924609568676, 0.001466314133798114544, 0.002931954216472448110 ),
 .UNSPECIFIED. ) ;
#7093 = CARTESIAN_POINT ( 'NONE',  ( -115.2369985377969357, 136.2639471587935702, 5.637034940206621769 ) ) ;
#7094 = CARTESIAN_POINT ( 'NONE',  ( -50.68392666883235620, 104.9385263860876165, 2.633229638292638342 ) ) ;
#7095 = CARTESIAN_POINT ( 'NONE',  ( 37.84183566224426443, 172.0031294706380152, 5.366661032505769313 ) ) ;
#7096 = CARTESIAN_POINT ( 'NONE',  ( 49.49583934073557145, 111.2120878894258738, 2.569305931078308625 ) ) ;
#7097 = CARTESIAN_POINT ( 'NONE',  ( -110.7375848339005984, 122.3600034229000215, 2.560097286703862274 ) ) ;
#7098 = CARTESIAN_POINT ( 'NONE',  ( -113.5312416195682914, 151.6571879187615366, 11.43703494025265321 ) ) ;
#7099 = CARTESIAN_POINT ( 'NONE',  ( -117.1768282868515314, 135.7912195457860776, 12.20718304109485075 ) ) ;
#7100 = CARTESIAN_POINT ( 'NONE',  ( -64.95856175861499082, 178.6169987470383944, 12.03328050044849995 ) ) ;
#7101 = CARTESIAN_POINT ( 'NONE',  ( 51.55653007414288425, 112.2283635294112969, 1.637034940206621103 ) ) ;
#7102 = CARTESIAN_POINT ( 'NONE',  ( -97.61291316091572412, 112.8426954243989400, 1.637034940206620881 ) ) ;
#7103 = CARTESIAN_POINT ( 'NONE',  ( -88.65630493309933513, 174.5783260571709548, 11.63703494020659868 ) ) ;
#7104 = CARTESIAN_POINT ( 'NONE',  ( -115.8206812320852066, 138.5726525519867209, 11.63703494020662710 ) ) ;
#7105 = CARTESIAN_POINT ( 'NONE',  ( -99.88295210968129823, 114.0124582011470551, 1.637034940206620659 ) ) ;
#7106 = EDGE_CURVE ( 'NONE', #6904, #5631, #2910, .T. ) ;
#7107 = CARTESIAN_POINT ( 'NONE',  ( -108.1088483620182075, 162.3519217285079037, 1.637034940206620215 ) ) ;
#7108 = B_SPLINE_CURVE_WITH_KNOTS ( 'NONE', 3,
 ( #3703, #3106, #2591, #4882 ),
 .UNSPECIFIED., .F., .F.,
 ( 4, 4 ),
 ( 0.000000000000000000, 1.000000000000000000 ),
 .UNSPECIFIED. ) ;
#7109 = CARTESIAN_POINT ( 'NONE',  ( -73.09616364521981779, 177.9939932490422621, 2.560097286703864938 ) ) ;
#7110 = CARTESIAN_POINT ( 'NONE',  ( -103.5162543176981984, 115.0716893028554466, 11.66854690364796809 ) ) ;
#7111 = FACE_OUTER_BOUND ( 'NONE', #5091, .T. ) ;
#7112 = DIRECTION ( 'NONE',  ( -0.000000000000000000, 0.000000000000000000, 1.000000000000000000 ) ) ;
#7113 = CARTESIAN_POINT ( 'NONE',  ( 45.84392449805655900, 125.4296532817331666, 1.637034940206621103 ) ) ;
#7114 = CARTESIAN_POINT ( 'NONE',  ( -57.29993545071395289, 106.4309274163678793, 11.43703494025265144 ) ) ;
#7115 = ORIENTED_EDGE ( 'NONE', *, *, #5163, .T. ) ;
#7116 = CARTESIAN_POINT ( 'NONE',  ( 51.66143400600312674, 169.4901787698686633, 5.637034940206621769 ) ) ;
#7117 = CARTESIAN_POINT ( 'NONE',  ( -98.50776234822366462, 112.3515572656558987, 11.63703494020664841 ) ) ;
#7118 = DIRECTION ( 'NONE',  ( 1.000000000000000000, 9.417104279404143412E-11, -0.000000000000000000 ) ) ;
#7119 = CARTESIAN_POINT ( 'NONE',  ( -100.9017544462903260, 164.0755727717784964, 11.43703494025265144 ) ) ;
#7120 = CARTESIAN_POINT ( 'NONE',  ( -57.02340114613748767, 104.4285135423566544, 11.63467681607632009 ) ) ;
#7121 = ORIENTED_EDGE ( 'NONE', *, *, #619, .F. ) ;
#7122 = DIRECTION ( 'NONE',  ( 1.000000000000000000, 0.000000000000000000, 0.000000000000000000 ) ) ;
#7123 = VERTEX_POINT ( 'NONE', #3141 ) ;
#7124 = CARTESIAN_POINT ( 'NONE',  ( -110.5812354719772941, 160.7055241404084427, 11.63703494020701790 ) ) ;
#7125 = CARTESIAN_POINT ( 'NONE',  ( -34.15607550369274037, 165.4296532782069562, 4.187034940206620703 ) ) ;
#7126 = CIRCLE ( 'NONE', #6514, 2.149999999999998135 ) ;
#7127 = CARTESIAN_POINT ( 'NONE',  ( -102.3199005564648729, 114.3745883854802372, 11.63703494020662177 ) ) ;
#7128 =( BOUNDED_SURFACE ( )  B_SPLINE_SURFACE ( 3, 2, ( 
 ( #4729, #775, #7046 ),
 ( #3064, #5982, #6581 ),
 ( #815, #3697, #2740 ),
 ( #5037, #4503, #929 ),
 ( #6090, #5522, #5638 ),
 ( #2174, #6739, #1641 ),
 ( #6206, #7230, #6779 ),
 ( #4423, #3292, #6813 ),
 ( #7392, #3176, #2212 ),
 ( #6167, #4467, #4957 ),
 ( #5072, #5486, #3899 ),
 ( #7349, #6057, #962 ),
 ( #471, #1038, #890 ),
 ( #4339, #3252, #3215 ) ),
 .UNSPECIFIED., .F., .F., .F. ) 
 B_SPLINE_SURFACE_WITH_KNOTS ( ( 4, 2, 2, 2, 2, 2, 4 ),
 ( 3, 3 ),
 ( 0.03911973253459468530, 0.04114377092131824704, 0.04316780930804180877, 0.04519184769476537050, 0.04620386688812715137, 0.04670987648480803833, 0.04721588608148893224 ),
 ( 0.000000000000000000, 0.2509299781571235344 ),
 .UNSPECIFIED. ) 
 GEOMETRIC_REPRESENTATION_ITEM ( )  RATIONAL_B_SPLINE_SURFACE ( (
 ( 1.000000000000000000, 0.9973106914156995018, 0.9959710391200315982),
 ( 1.000000000000000000, 0.9973943818091162150, 0.9960964190496810478),
 ( 1.000000000000000000, 0.9974777163178347728, 0.9962212658142132193),
 ( 1.000000000000000000, 0.9976424032649466866, 0.9964679899243538141),
 ( 1.000000000000000000, 0.9977238572651691006, 0.9965900194238053178),
 ( 1.000000000000000000, 0.9978845844305433976, 0.9968308112263608578),
 ( 1.000000000000000000, 0.9979638553064265061, 0.9969495700998193266),
 ( 1.000000000000000000, 0.9980808870783577369, 0.9971249000837330012),
 ( 1.000000000000000000, 0.9981195859933039705, 0.9971828764778611909),
 ( 1.000000000000000000, 0.9981771270499049109, 0.9972690810389109872),
 ( 1.000000000000000000, 0.9981962228006058258, 0.9972976891477003392),
 ( 1.000000000000000000, 0.9982342385086326875, 0.9973546420021843772),
 ( 1.000000000000000000, 0.9982533171036698239, 0.9973832244093867594),
 ( 1.000000000000000000, 0.9982716700612710437, 0.9974107197100892108) ) ) 
 REPRESENTATION_ITEM ( '' )  SURFACE ( )  );
#7129 = CARTESIAN_POINT ( 'NONE',  ( -95.90787605639077640, 171.7564058971944974, 2.560097286703863162 ) ) ;
#7130 = CARTESIAN_POINT ( 'NONE',  ( -54.15627617706764596, 104.6798992283931113, 2.606974256670956613 ) ) ;
#7131 = AXIS2_PLACEMENT_3D ( 'NONE', #5444, #2010, #4295 ) ;
#7133 = EDGE_CURVE ( 'NONE', #5878, #7123, #5686, .T. ) ;
#7132 = CARTESIAN_POINT ( 'NONE',  ( 51.23886922382291687, 170.6608527800656248, 1.637034940206621103 ) ) ;
#7134 = CARTESIAN_POINT ( 'NONE',  ( -49.35079964969423116, 105.3883755623692053, 10.21813720449190654 ) ) ;
#7135 = CARTESIAN_POINT ( 'NONE',  ( -117.5016554442484988, 145.0243106345005515, 11.63703494020703211 ) ) ;
#7136 = CARTESIAN_POINT ( 'NONE',  ( -114.9022792565170477, 129.3317915275478924, 2.560097286703860942 ) ) ;
#7137 = CARTESIAN_POINT ( 'NONE',  ( -113.7526792204699149, 151.1037373284216017, 11.43703494025265321 ) ) ;
#7138 = CARTESIAN_POINT ( 'NONE',  ( 49.37623400328889289, 112.9890224106629830, 11.63703494020661999 ) ) ;
#7139 = CARTESIAN_POINT ( 'NONE',  ( -100.9017544462903260, 164.0755727717784964, 5.637034940206621769 ) ) ;
#7140 = CARTESIAN_POINT ( 'NONE',  ( 50.48336491043345831, 112.1300479184894101, 1.637034940206620881 ) ) ;
#7141 = AXIS2_PLACEMENT_3D ( 'NONE', #6223, #1058, #4975 ) ;
#7142 = VECTOR ( 'NONE', #5565, 1000.000000000000227 ) ;
#7143 = CARTESIAN_POINT ( 'NONE',  ( -93.54348146923446450, 111.0007774671987733, 1.637034940206620437 ) ) ;
#7144 = CARTESIAN_POINT ( 'NONE',  ( -49.71434124864837401, 105.3417869055337519, 10.19755101330354918 ) ) ;
#7145 = CARTESIAN_POINT ( 'NONE',  ( -105.7197768998629925, 119.3969622398532948, 11.63703494020661999 ) ) ;
#7146 = CARTESIAN_POINT ( 'NONE',  ( 47.49851898573358966, 111.1485832831377820, 4.992019688766669461 ) ) ;
#7147 = CARTESIAN_POINT ( 'NONE',  ( 46.71060176325765667, 170.0057853303359252, 11.63703494020662177 ) ) ;
#7148 = CARTESIAN_POINT ( 'NONE',  ( 47.49851898288196139, 171.7107232829702070, 4.992019688766502483 ) ) ;
#7149 = CARTESIAN_POINT ( 'NONE',  ( -113.4742582419423229, 154.5686967355370598, 1.637034940206620659 ) ) ;
#7150 = CARTESIAN_POINT ( 'NONE',  ( -57.16194067137057999, 104.4356937355991164, 4.146821948678930170 ) ) ;
#7151 = EDGE_CURVE ( 'NONE', #3135, #474, #2320, .T. ) ;
#7152 = CARTESIAN_POINT ( 'NONE',  ( -62.28048798105850636, 106.0457168591692323, 11.63703494020661999 ) ) ;
#7153 = CARTESIAN_POINT ( 'NONE',  ( -80.33412936322747555, 108.1316223370042735, 11.43703494025264966 ) ) ;
#7154 = VERTEX_POINT ( 'NONE', #2435 ) ;
#7155 = EDGE_CURVE ( 'NONE', #5127, #2992, #1796, .T. ) ;
#7156 = CARTESIAN_POINT ( 'NONE',  ( -111.6393471398846344, 159.2850211780044276, 11.49450176932427681 ) ) ;
#7157 = CARTESIAN_POINT ( 'NONE',  ( -56.36414921732627192, 178.3684357970019221, 2.582179107948038954 ) ) ;
#7158 = CARTESIAN_POINT ( 'NONE',  ( 52.03628991287576611, -30.98292557773241285, 5.637034940206621769 ) ) ;
#7159 = CARTESIAN_POINT ( 'NONE',  ( -57.31277084556708701, 104.4253800925173437, 11.24259277967251691 ) ) ;
#7160 = EDGE_LOOP ( 'NONE', ( #4959 ) ) ;
#7161 = DIRECTION ( 'NONE',  ( -0.000000000000000000, -0.000000000000000000, -1.000000000000000000 ) ) ;
#7162 = ORIENTED_EDGE ( 'NONE', *, *, #3456, .F. ) ;
#7163 = CARTESIAN_POINT ( 'NONE',  ( -98.81775026290050334, 170.3499907096062316, 11.63703494020682960 ) ) ;
#7164 = CARTESIAN_POINT ( 'NONE',  ( -46.55497909279741720, 177.1153390472488240, 11.11421424347388154 ) ) ;
#7165 = B_SPLINE_SURFACE_WITH_KNOTS ( 'NONE', 1, 3, ( 
 ( #1911, #2329, #3023, #4615, #3482, #6469, #3618, #5264, #6933, #4761, #2467, #2887, #4190, #5223, #99, #58, #5836, #1329, #2363, #5188 ),
 ( #24, #4724, #6502, #2396, #4657, #7007, #1260, #6969, #1760, #1794, #6358, #4119, #1291, #6394, #6433, #1225, #4689, #3552, #3585, #5869 ) ),
 .UNSPECIFIED., .F., .F., .F.,
 ( 2, 2 ),
 ( 4, 2, 2, 2, 2, 2, 2, 2, 2, 4 ),
 ( 0.000000000000000000, 1.000000000000000000 ),
 ( 0.000000000000000000, 0.001042762300658938096, 0.002085524601317876193, 0.003128286901976814506, 0.004171049202635752386, 0.004692430352965222193, 0.005213811503294691133, 0.006256573803953629012, 0.007299336104612566892, 0.008342098405271504771 ),
 .UNSPECIFIED. ) ;
#7166 = ADVANCED_FACE ( 'NONE', ( #3100 ), #63, .T. ) ;
#7167 = CARTESIAN_POINT ( 'NONE',  ( 53.64323644072226926, 111.8135894875668157, 10.80311577158365566 ) ) ;
#7168 = CARTESIAN_POINT ( 'NONE',  ( -57.11404079087317598, 104.4390065973974941, 2.560097286703852504 ) ) ;
#7169 = CARTESIAN_POINT ( 'NONE',  ( 53.46236541582226920, 111.5665191271587418, 2.603951291750366437 ) ) ;
#7170 = AXIS2_PLACEMENT_3D ( 'NONE', #950, #5545, #383 ) ;
#7171 = CARTESIAN_POINT ( 'NONE',  ( -114.2227105923335415, 127.9111846964785570, 2.560097286703860053 ) ) ;
#7172 = CARTESIAN_POINT ( 'NONE',  ( -113.6706504472222576, 151.3118934468210739, 11.43703494025265144 ) ) ;
#7173 = CARTESIAN_POINT ( 'NONE',  ( -66.95078169778855681, 178.5379450458916324, 12.12491422501895322 ) ) ;
#7174 = CARTESIAN_POINT ( 'NONE',  ( 54.90993663688878001, 170.9768000805080703, 6.170606026831261026 ) ) ;
#7175 = CARTESIAN_POINT ( 'NONE',  ( -99.50259817597761014, 114.8988407953522284, 11.63703494020661999 ) ) ;
#7176 = CIRCLE ( 'NONE', #4865, 2.149999999999985256 ) ;
#7177 = CARTESIAN_POINT ( 'NONE',  ( -92.71457553271564223, 110.6642861134956632, 1.637034940206621103 ) ) ;
#7178 = DIRECTION ( 'NONE',  ( -0.000000000000000000, -0.000000000000000000, -1.000000000000000000 ) ) ;
#7179 = CARTESIAN_POINT ( 'NONE',  ( -114.0406143128493568, 131.9434111369705533, 11.63703494020661999 ) ) ;
#7180 = CARTESIAN_POINT ( 'NONE',  ( -99.28422633916264317, 113.6942116977592576, 1.637034940206621103 ) ) ;
#7181 = CARTESIAN_POINT ( 'NONE',  ( 45.84392449805655900, 125.4296532817331666, 4.187034940206620703 ) ) ;
#7182 = CARTESIAN_POINT ( 'NONE',  ( 46.44977338071793582, 170.0172547902383258, 11.63703494020662355 ) ) ;
#7183 = CARTESIAN_POINT ( 'NONE',  ( -117.1120629398899240, 147.0058738592707925, 2.560097286703861386 ) ) ;
#7184 = CARTESIAN_POINT ( 'NONE',  ( -112.8268382891636890, 153.2984966349186209, 5.637034940206621769 ) ) ;
#7185 = DIRECTION ( 'NONE',  ( -1.000000000000000000, 0.000000000000000000, 0.000000000000000000 ) ) ;
#7186 = CARTESIAN_POINT ( 'NONE',  ( -67.78244721301405207, 176.6559321609744302, 11.63703494020661999 ) ) ;
#7187 = CARTESIAN_POINT ( 'NONE',  ( -117.8672655165491392, 142.0415340426947353, 11.63703494020662177 ) ) ;
#7188 = CARTESIAN_POINT ( 'NONE',  ( -65.07667836615043200, 106.0742827085840645, 11.63703494020662355 ) ) ;
#7189 = ORIENTED_EDGE ( 'NONE', *, *, #3051, .T. ) ;
#7190 = CARTESIAN_POINT ( 'NONE',  ( 50.94883091097672434, 113.3069771308318394, 11.43703494020664202 ) ) ;
#7191 = ADVANCED_FACE ( 'NONE', ( #5946 ), #7128, .F. ) ;
#7192 = B_SPLINE_CURVE_WITH_KNOTS ( 'NONE', 3,
 ( #6504, #3520, #3556, #2398, #5872, #3658, #3621, #102 ),
 .UNSPECIFIED., .F., .F.,
 ( 4, 2, 2, 4 ),
 ( 0.000000000000000000, 0.2500000000000007772, 0.5000000000000014433, 1.000000000000000000 ),
 .UNSPECIFIED. ) ;
#7193 = CARTESIAN_POINT ( 'NONE',  ( -112.2847542958573968, 158.3311425942346489, 11.52648021425980751 ) ) ;
#7194 = CONICAL_SURFACE ( 'NONE', #6220, 4.700000000000002842, 0.7853981633974482790 ) ;
#7195 = CARTESIAN_POINT ( 'NONE',  ( -115.9228392066438005, 143.3936106589466419, 11.63703494020661999 ) ) ;
#7196 = CARTESIAN_POINT ( 'NONE',  ( 52.73542186199536275, 171.3606490046230135, 2.596898992366329040 ) ) ;
#7197 = CARTESIAN_POINT ( 'NONE',  ( -114.1640783995669750, 150.0067503243935505, 5.637034940206621769 ) ) ;
#7198 = CARTESIAN_POINT ( 'NONE',  ( -57.19005350254654019, 104.4337444999345621, 11.23462754749397163 ) ) ;
#7199 = DIRECTION ( 'NONE',  ( 0.000000000000000000, 0.000000000000000000, 1.000000000000000000 ) ) ;
#7200 = CARTESIAN_POINT ( 'NONE',  ( -115.3341775131176377, 152.5771391151454850, 11.35096320275277115 ) ) ;
#7201 = ORIENTED_EDGE ( 'NONE', *, *, #1237, .F. ) ;
#7202 = CARTESIAN_POINT ( 'NONE',  ( -78.54910980351347405, 175.0975274394058658, 5.637034940206621769 ) ) ;
#7203 = CARTESIAN_POINT ( 'NONE',  ( 33.65864848824030986, 111.1375826515244256, 11.63703494020662177 ) ) ;
#7204 = B_SPLINE_CURVE_WITH_KNOTS ( 'NONE', 3,
 ( #2630, #4921, #4430, #4846 ),
 .UNSPECIFIED., .F., .F.,
 ( 4, 4 ),
 ( 2.724129883411906697E-07, 0.001436417257783441457 ),
 .UNSPECIFIED. ) ;
#7205 = CARTESIAN_POINT ( 'NONE',  ( -84.83768285471678894, 175.7172585416003017, 11.63703494020681894 ) ) ;
#7206 = CARTESIAN_POINT ( 'NONE',  ( -88.65630492997769352, 108.2809804961151769, 2.560097286703856945 ) ) ;
#7207 = CARTESIAN_POINT ( 'NONE',  ( -116.5981336680911795, 145.3202596705112342, 1.637034940206621325 ) ) ;
#7208 = CARTESIAN_POINT ( 'NONE',  ( -116.6418553862293237, 134.0406709394024745, 2.560097286703860053 ) ) ;
#7209 = CARTESIAN_POINT ( 'NONE',  ( -107.8688562524793610, 160.8635367763631052, 11.43703494025264966 ) ) ;
#7210 = CARTESIAN_POINT ( 'NONE',  ( 52.02371594161354551, 113.1965322750934746, 11.63703494020662177 ) ) ;
#7211 = ORIENTED_EDGE ( 'NONE', *, *, #6379, .F. ) ;
#7212 = CARTESIAN_POINT ( 'NONE',  ( -57.28317083151843292, 177.5908689462357586, 1.637034940206621103 ) ) ;
#7213 = CARTESIAN_POINT ( 'NONE',  ( -49.20485211288686145, 105.1185571278335829, 3.604655136705351648 ) ) ;
#7214 = CARTESIAN_POINT ( 'NONE',  ( -100.4407005997174167, 115.4101304427330348, 11.63703494020662355 ) ) ;
#7215 = EDGE_CURVE ( 'NONE', #2178, #2479, #6650, .T. ) ;
#7216 = CARTESIAN_POINT ( 'NONE',  ( -94.28185795869038088, 110.3997201844553899, 2.560097286703861386 ) ) ;
#7217 = CARTESIAN_POINT ( 'NONE',  ( -94.27279920098291655, 172.4931266356552442, 11.63703494020659868 ) ) ;
#7218 = CARTESIAN_POINT ( 'NONE',  ( -114.2476830525748426, 132.5025669631965570, 11.63703494020662355 ) ) ;
#7219 = CARTESIAN_POINT ( 'NONE',  ( -87.05162085693964968, 108.6797070451316074, 1.637034940206621547 ) ) ;
#7220 = CARTESIAN_POINT ( 'NONE',  ( 47.47377068053872051, 169.9719139872788105, 11.63703494020661999 ) ) ;
#7221 = CARTESIAN_POINT ( 'NONE',  ( -109.5595083509212486, 161.9638728058965853, 2.560097286703861830 ) ) ;
#7222 = CYLINDRICAL_SURFACE ( 'NONE', #7131, 2.149999999999985256 ) ;
#7223 = DIRECTION ( 'NONE',  ( -0.000000000000000000, -0.000000000000000000, -1.000000000000000000 ) ) ;
#7224 = CARTESIAN_POINT ( 'NONE',  ( -79.61158774820630413, 174.8803762036811236, 11.43703494025264966 ) ) ;
#7225 = DIRECTION ( 'NONE',  ( -0.000000000000000000, -0.000000000000000000, -1.000000000000000000 ) ) ;
#7226 = CARTESIAN_POINT ( 'NONE',  ( 0.000000000000000000, 0.000000000000000000, 1.637034940206621103 ) ) ;
#7227 = CARTESIAN_POINT ( 'NONE',  ( -103.6760965790398075, 167.6324440251609360, 11.17499139048071655 ) ) ;
#7228 = CARTESIAN_POINT ( 'NONE',  ( 42.96507839640573678, 110.9441835035709971, 2.622256583235285543 ) ) ;
#7229 = CARTESIAN_POINT ( 'NONE',  ( -114.1640783995669750, 150.0067503243935505, 11.43703494025265144 ) ) ;
#7230 = CARTESIAN_POINT ( 'NONE',  ( -54.66390204545731279, 104.7283008518219987, 11.24646481372840690 ) ) ;
#7231 = CARTESIAN_POINT ( 'NONE',  ( -57.15170983134268567, 104.4363976845297231, 11.23213722019951533 ) ) ;
#7232 = VERTEX_POINT ( 'NONE', #2054 ) ;
#7233 = CARTESIAN_POINT ( 'NONE',  ( -104.5806309319012541, 166.9238146213016023, 10.74508907348369569 ) ) ;
#7234 = ORIENTED_EDGE ( 'NONE', *, *, #2283, .F. ) ;
#7235 = CARTESIAN_POINT ( 'NONE',  ( -107.9121864391053833, 163.9421777516739667, 11.63703494020701790 ) ) ;
#7236 = CARTESIAN_POINT ( 'NONE',  ( -100.4583217815335843, 167.2169432570469496, 5.637034940206621769 ) ) ;
#7237 = CARTESIAN_POINT ( 'NONE',  ( -49.59422838661823363, 177.5021379719248671, 9.939459659244642253 ) ) ;
#7238 = EDGE_CURVE ( 'NONE', #5127, #2361, #6172, .T. ) ;
#7239 = CARTESIAN_POINT ( 'NONE',  ( -99.66243232094490168, 169.9201956326870970, 2.560097286697728958 ) ) ;
#7240 = CARTESIAN_POINT ( 'NONE',  ( 37.84183566512411545, 110.8561770945605929, 5.366661032505647633 ) ) ;
#7241 = CARTESIAN_POINT ( 'NONE',  ( -108.9181752674882802, 161.4213149262501190, 1.637034940206621103 ) ) ;
#7242 = CIRCLE ( 'NONE', #2051, 29.59228193470918811 ) ;
#7243 = ORIENTED_EDGE ( 'NONE', *, *, #1758, .T. ) ;
#7244 = CARTESIAN_POINT ( 'NONE',  ( -109.2905548948655508, 159.4280347179656303, 11.63703494020662177 ) ) ;
#7245 = CARTESIAN_POINT ( 'NONE',  ( -59.05658312199945215, 178.5332594726584148, 10.96775162836271456 ) ) ;
#7246 = ORIENTED_EDGE ( 'NONE', *, *, #7319, .T. ) ;
#7247 = CARTESIAN_POINT ( 'NONE',  ( -48.02664703541642410, 105.5579133540731789, 7.754227346231973073 ) ) ;
#7248 = CARTESIAN_POINT ( 'NONE',  ( -85.94064807289529995, 109.3499077706825346, 11.63703494020662355 ) ) ;
#7249 = B_SPLINE_CURVE_WITH_KNOTS ( 'NONE', 3,
 ( #7345, #1034, #5107, #6734, #1071, #1559, #997, #1636, #2244, #3895, #3854, #7422, #3360, #4537, #2129, #3288, #3325, #5032, #1598, #4419, #5632, #2169, #5594, #429, #2734, #3932, #5068, #5672, #4460, #2208, #6773, #6236, #467, #2767, #7387, #6808, #505, #3127, #5583, #2077 ),
 .UNSPECIFIED., .F., .F.,
 ( 4, 2, 2, 1, 1, 1, 1, 1, 2, 2, 2, 2, 1, 1, 2, 2, 2, 2, 1, 1, 1, 1, 1, 2, 2, 4 ),
 ( 0.000000000000000000, 0.1249999999999062972, 0.1874999999998589184, 0.2187499999998357980, 0.2343749999998226419, 0.2421874999998150368, 0.2460937499998095690, 0.2480468749998074596, 0.2490234374998064049, 0.2499999999998053779, 0.3749999999997686295, 0.4374999999997493116, 0.4687499999997396527, 0.4843749999997348232, 0.4921874999997336020, 0.4999999999997324363, 0.6249999999997196687, 0.6874999999997133404, 0.7187499999997101208, 0.7343749999997075673, 0.7421874999997062350, 0.7460937499997044586, 0.7480468749997034594, 0.7490234374997039035, 0.7499999999997042366, 1.000000000000000000 ),
 .UNSPECIFIED. ) ;
#7250 = CARTESIAN_POINT ( 'NONE',  ( -93.86417534923086237, 110.2253594882212724, 2.560097286703860497 ) ) ;
#7251 = CARTESIAN_POINT ( 'NONE',  ( -49.59422953991621341, 105.3571684369131987, 10.87400960247785520 ) ) ;
#7252 = CARTESIAN_POINT ( 'NONE',  ( -41.22628170810202874, 176.7084840123505955, 9.542052730734056354 ) ) ;
#7253 = CARTESIAN_POINT ( 'NONE',  ( 54.90021877514489290, 111.7423695572375948, 3.555154215768198345 ) ) ;
#7254 = CARTESIAN_POINT ( 'NONE',  ( 46.66699932408862139, 170.0077013622060349, 11.63703494020662532 ) ) ;
#7255 = DIRECTION ( 'NONE',  ( -1.000000000000000000, 0.000000000000000000, 0.000000000000000000 ) ) ;
#7256 = AXIS2_PLACEMENT_3D ( 'NONE', #5891, #718, #3117 ) ;
#7257 = CARTESIAN_POINT ( 'NONE',  ( -104.1801623356242743, 167.2375494389867185, 2.560097286703859165 ) ) ;
#7258 = CARTESIAN_POINT ( 'NONE',  ( -84.34546996153247278, 109.1007495746441123, 5.637034940206621769 ) ) ;
#7259 = AXIS2_PLACEMENT_3D ( 'NONE', #5814, #643, #5278 ) ;
#7260 = CARTESIAN_POINT ( 'NONE',  ( 49.64576542053577413, 113.0073974082278596, 11.63703494020662532 ) ) ;
#7261 = ADVANCED_FACE ( 'NONE', ( #4994, #2135 ), #1565, .F. ) ;
#7262 = CARTESIAN_POINT ( 'NONE',  ( -102.2892359523102499, 166.1742074064685255, 11.43703494025265144 ) ) ;
#7263 = CARTESIAN_POINT ( 'NONE',  ( -102.9073530048887477, 114.7337836453446869, 10.65438052232253163 ) ) ;
#7264 = ORIENTED_EDGE ( 'NONE', *, *, #3098, .T. ) ;
#7265 = DIRECTION ( 'NONE',  ( -1.000000000000000000, 0.000000000000000000, -0.000000000000000000 ) ) ;
#7266 = CARTESIAN_POINT ( 'NONE',  ( 52.80101122243315359, 113.4627870180204070, 11.43703494020664380 ) ) ;
#7267 = CARTESIAN_POINT ( 'NONE',  ( -103.6843207554299653, 115.2333055043775403, 10.70723417721017690 ) ) ;
#7268 = CARTESIAN_POINT ( 'NONE',  ( -110.5848152583678967, 157.6104277280784345, 11.63703494020661466 ) ) ;
#7269 = CARTESIAN_POINT ( 'NONE',  ( -53.56558609416475747, 104.7282767091941054, 2.611424667313356096 ) ) ;
#7270 = CARTESIAN_POINT ( 'NONE',  ( -113.5306440903865166, 151.6716346938084996, 11.43703494025265144 ) ) ;
#7271 = CARTESIAN_POINT ( 'NONE',  ( -82.45874942941576080, 108.6142632584898848, 11.43703494025265144 ) ) ;
#7272 = DIRECTION ( 'NONE',  ( -0.000000000000000000, 0.000000000000000000, 1.000000000000000000 ) ) ;
#7273 = ORIENTED_EDGE ( 'NONE', *, *, #3000, .F. ) ;
#7274 = CARTESIAN_POINT ( 'NONE',  ( -61.15058237955622644, 104.2364739601514003, 11.63703494020730567 ) ) ;
#7275 = EDGE_LOOP ( 'NONE', ( #2968 ) ) ;
#7276 = CARTESIAN_POINT ( 'NONE',  ( -79.50785326451718049, 174.9073520278676881, 5.637034940206621769 ) ) ;
#7277 = CARTESIAN_POINT ( 'NONE',  ( 53.12865419845951465, 171.1779827307587141, 9.863879907008788805 ) ) ;
#7278 =( BOUNDED_SURFACE ( )  B_SPLINE_SURFACE ( 3, 2, ( 
 ( #6542, #7227, #3247 ),
 ( #1370, #6696, #3173 ),
 ( #812, #925, #3657 ),
 ( #2579, #1479, #4910 ),
 ( #1521, #5450, #2540 ),
 ( #393, #887, #958 ),
 ( #4299, #5977, #2655 ),
 ( #3694, #2015, #3773 ),
 ( #4870, #7307, #5483 ),
 ( #2088, #7156, #1983 ),
 ( #3097, #7193, #5555 ),
 ( #5409, #6123, #4375 ),
 ( #2697, #4837, #1444 ),
 ( #321, #3730, #4265 ),
 ( #4990, #6657, #247 ),
 ( #6577, #1404, #6015 ),
 ( #6053, #2619, #5519 ),
 ( #4952, #2050, #354 ),
 ( #852, #4334, #4231 ),
 ( #3137, #3815, #6087 ) ),
 .UNSPECIFIED., .F., .F., .F. ) 
 B_SPLINE_SURFACE_WITH_KNOTS ( ( 4, 2, 2, 2, 2, 2, 2, 2, 2, 4 ),
 ( 3, 3 ),
 ( 0.08834700037848385035, 0.09362370381705445443, 0.09890040725562504464, 0.1015387589749103397, 0.1041771106941956349, 0.1094538141327662251, 0.1120921658520515202, 0.1147305175713368153, 0.1200072210099074055, 0.1305606278870485859 ),
 ( 0.8034613467791906771, 1.000000000000000000 ),
 .UNSPECIFIED. ) 
 GEOMETRIC_REPRESENTATION_ITEM ( )  RATIONAL_B_SPLINE_SURFACE ( (
 ( 0.9977607600341691363, 0.9986065042364469235, 1.000000000000000000),
 ( 0.9978202234575490603, 0.9986435087691593049, 1.000000000000000000),
 ( 0.9978807674262419880, 0.9986811857332942299, 1.000000000000000000),
 ( 0.9979979143499315697, 0.9987540871392917019, 1.000000000000000000),
 ( 0.9980543685251470620, 0.9987892189943845533, 1.000000000000000000),
 ( 0.9981377229946881702, 0.9988410911036498252, 1.000000000000000000),
 ( 0.9981654799065274863, 0.9988583644373021375, 1.000000000000000000),
 ( 0.9982213895376235158, 0.9988931574185203610, 1.000000000000000000),
 ( 0.9982491460119498061, 0.9989104304799050205, 1.000000000000000000),
 ( 0.9983318084248287150, 0.9989618719171379224, 1.000000000000000000),
 ( 0.9983863717911642954, 0.9989958271077357121, 1.000000000000000000),
 ( 0.9984654197314505319, 0.9990450192316648881, 1.000000000000000000),
 ( 0.9984913683552589792, 0.9990611672541631627, 1.000000000000000000),
 ( 0.9985430792620630935, 0.9990933473378792451, 1.000000000000000000),
 ( 0.9985686849671870924, 0.9991092819595176477, 1.000000000000000000),
 ( 0.9986444589783609604, 0.9991564366928957774, 1.000000000000000000),
 ( 0.9986936118693978681, 0.9991870249042851260, 1.000000000000000000),
 ( 0.9988380476759637361, 0.9992769083860137957, 1.000000000000000000),
 ( 0.9989317028751263372, 0.9993351907162951742, 1.000000000000000000),
 ( 0.9990194775341514344, 0.9993898135425063334, 1.000000000000000000) ) ) 
 REPRESENTATION_ITEM ( '' )  SURFACE ( )  );
#7279 = CARTESIAN_POINT ( 'NONE',  ( -57.19553074892281330, 178.4259304511769813, 2.560097286703859165 ) ) ;
#7280 = B_SPLINE_CURVE_WITH_KNOTS ( 'NONE', 3,
 ( #6926, #4047, #4147, #1254 ),
 .UNSPECIFIED., .F., .F.,
 ( 4, 4 ),
 ( 6.245004513516505540E-17, 0.0006471678650315610629 ),
 .UNSPECIFIED. ) ;
#7281 = DIRECTION ( 'NONE',  ( -0.8070651892099566238, -7.600217583008982406E-11, 0.5904623445788027558 ) ) ;
#7282 = CARTESIAN_POINT ( 'NONE',  ( -117.8672655164915142, 140.8177725078402318, 11.74592236178152227 ) ) ;
#7283 = CARTESIAN_POINT ( 'NONE',  ( 55.36135289556690964, 112.0086861459477490, 7.983198168259186822 ) ) ;
#7284 = CARTESIAN_POINT ( 'NONE',  ( 49.86037214831456055, 111.2370553353479323, 2.570052658276542612 ) ) ;
#7285 = ORIENTED_EDGE ( 'NONE', *, *, #6042, .F. ) ;
#7286 = CARTESIAN_POINT ( 'NONE',  ( -114.3549914353133090, 150.0514857651417344, 11.63703494020661999 ) ) ;
#7287 = DIRECTION ( 'NONE',  ( 1.000000000000000000, 0.000000000000000000, 0.000000000000000000 ) ) ;
#7288 = ORIENTED_EDGE ( 'NONE', *, *, #6682, .T. ) ;
#7289 = CARTESIAN_POINT ( 'NONE',  ( -49.59422843517300095, 105.3571685783868048, 9.939459621365349662 ) ) ;
#7290 = CARTESIAN_POINT ( 'NONE',  ( -86.05593734019173269, 109.3838879220386957, 11.63703494020662532 ) ) ;
#7291 = CARTESIAN_POINT ( 'NONE',  ( -103.1501000921053759, 114.8730870222287876, 2.560097286703860942 ) ) ;
#7292 = CARTESIAN_POINT ( 'NONE',  ( -53.79650889581191819, 177.3093665294550192, 1.637034940206621103 ) ) ;
#7293 = EDGE_CURVE ( 'NONE', #783, #1844, #4048, .T. ) ;
#7294 = CARTESIAN_POINT ( 'NONE',  ( -45.99999999999999289, 141.4296532796704469, 4.187034940206631362 ) ) ;
#7295 = CARTESIAN_POINT ( 'NONE',  ( 41.57798809823456310, 110.8561770949124394, 2.633229638298415054 ) ) ;
#7296 = CARTESIAN_POINT ( 'NONE',  ( -104.6126316394040288, 115.9605618538394793, 10.74644178474015632 ) ) ;
#7297 = CARTESIAN_POINT ( 'NONE',  ( 51.49645965070728693, 169.7073213901639122, 11.63703494020662532 ) ) ;
#7298 = CARTESIAN_POINT ( 'NONE',  ( 41.52448324795934553, 171.1689369979451953, 1.637034940206621103 ) ) ;
#7299 = CARTESIAN_POINT ( 'NONE',  ( -114.6381494859115122, 154.1007353882092730, 2.560097286703861386 ) ) ;
#7300 = AXIS2_PLACEMENT_3D ( 'NONE', #996, #3772, #2653 ) ;
#7301 = EDGE_LOOP ( 'NONE', ( #1477, #7121 ) ) ;
#7302 = CARTESIAN_POINT ( 'NONE',  ( 55.68495794712375613, 170.7566146098536990, 9.154554535756856737 ) ) ;
#7303 = CARTESIAN_POINT ( 'NONE',  ( -78.65432577877226095, 175.0728616829931354, 11.43703494025265144 ) ) ;
#7304 = CARTESIAN_POINT ( 'NONE',  ( -80.01728445327596262, 107.8595206383082683, 11.63703494020662532 ) ) ;
#7305 = ORIENTED_EDGE ( 'NONE', *, *, #281, .F. ) ;
#7306 = CARTESIAN_POINT ( 'NONE',  ( 48.12795333542059950, 111.9816937177791090, 1.637034940206621325 ) ) ;
#7307 = CARTESIAN_POINT ( 'NONE',  ( -110.6079673570919226, 160.6673172787089641, 11.44705096938756483 ) ) ;
#7308 = CARTESIAN_POINT ( 'NONE',  ( 44.35585312763642918, 111.0123780777509097, 2.611254381196773444 ) ) ;
#7309 = CARTESIAN_POINT ( 'NONE',  ( -114.1436747917608869, 129.6782260225496088, 1.637034940206620659 ) ) ;
#7310 = CARTESIAN_POINT ( 'NONE',  ( -112.8268382891636890, 153.2984966349186209, 11.43703494025265144 ) ) ;
#7311 = CARTESIAN_POINT ( 'NONE',  ( -93.50583044501213692, 112.2144235065697302, 11.43703494025265144 ) ) ;
#7312 = CARTESIAN_POINT ( 'NONE',  ( -57.16194067485439945, 178.4236128206528633, 10.82391654643302026 ) ) ;
#7313 = ORIENTED_EDGE ( 'NONE', *, *, #193, .F. ) ;
#7314 = CARTESIAN_POINT ( 'NONE',  ( -98.77811038646638053, 112.4813502137086942, 11.63703494020731455 ) ) ;
#7315 = ORIENTED_EDGE ( 'NONE', *, *, #896, .F. ) ;
#7316 = AXIS2_PLACEMENT_3D ( 'NONE', #2213, #2094, #3900 ) ;
#7317 = FILL_AREA_STYLE_COLOUR ( '', #3303 ) ;
#7318 = CARTESIAN_POINT ( 'NONE',  ( 55.78435576900043458, 170.7701704878487021, 8.543018589749081571 ) ) ;
#7319 = EDGE_CURVE ( 'NONE', #903, #3795, #1670, .T. ) ;
#7320 = CARTESIAN_POINT ( 'NONE',  ( 35.80653751906589122, 111.2402430235921855, 11.63703494020662177 ) ) ;
#7321 = AXIS2_PLACEMENT_3D ( 'NONE', #2403, #2893, #2293 ) ;
#7322 = CARTESIAN_POINT ( 'NONE',  ( -103.6843207554299511, 115.2333055043774976, 2.560097286702543329 ) ) ;
#7323 = CARTESIAN_POINT ( 'NONE',  ( -57.19229166408049991, 178.4270997643399141, 4.506125194002473577 ) ) ;
#7324 = CARTESIAN_POINT ( 'NONE',  ( 36.88756690413462991, 111.2413502174875504, 11.64852501598023160 ) ) ;
#7325 = DIRECTION ( 'NONE',  ( -1.000000000000000000, 0.000000000000000000, 0.000000000000000000 ) ) ;
#7326 = VERTEX_POINT ( 'NONE', #1718 ) ;
#7327 = CARTESIAN_POINT ( 'NONE',  ( -108.5490803042182080, 160.3622269342705806, 11.63703494020662355 ) ) ;
#7328 = ORIENTED_EDGE ( 'NONE', *, *, #6457, .F. ) ;
#7329 = CARTESIAN_POINT ( 'NONE',  ( 44.94555193335573051, 169.8862532736476112, 11.43703494025265144 ) ) ;
#7330 = ORIENTED_EDGE ( 'NONE', *, *, #1030, .T. ) ;
#7331 = CARTESIAN_POINT ( 'NONE',  ( -54.51924395346397034, 104.4843033591886865, 0.2580651612388433214 ) ) ;
#7332 = CARTESIAN_POINT ( 'NONE',  ( -57.16995226402514163, 104.4351386393901180, 2.560097286703861386 ) ) ;
#7333 = CARTESIAN_POINT ( 'NONE',  ( -52.52016655872920836, 104.9870203549086227, 10.87400960247785520 ) ) ;
#7334 = CARTESIAN_POINT ( 'NONE',  ( -49.67624479650821456, 105.3466655454284364, 10.22796067651851182 ) ) ;
#7335 = CARTESIAN_POINT ( 'NONE',  ( -53.81421509900724942, 178.1512476323801479, 2.609551325125124333 ) ) ;
#7336 = CARTESIAN_POINT ( 'NONE',  ( 49.96339616530504912, 169.8292903873013415, 11.63703494020661822 ) ) ;
#7337 = CARTESIAN_POINT ( 'NONE',  ( -103.6787762319595743, 115.2197950868985430, 11.32735060932269100 ) ) ;
#7338 = CARTESIAN_POINT ( 'NONE',  ( -57.16770129969414427, 178.4241780859051687, 11.10176988242063167 ) ) ;
#7339 = EDGE_LOOP ( 'NONE', ( #2466, #4317, #3428, #3479 ) ) ;
#7340 = CARTESIAN_POINT ( 'NONE',  ( -34.15607550160078887, 117.4296532779342783, 1.637034940206621103 ) ) ;
#7341 = CARTESIAN_POINT ( 'NONE',  ( 51.63367924578513168, 113.1635350276497292, 11.63703494020662177 ) ) ;
#7342 = CARTESIAN_POINT ( 'NONE',  ( -85.28773662910644759, 173.4917031354807762, 11.43703494025265321 ) ) ;
#7343 = ORIENTED_EDGE ( 'NONE', *, *, #3647, .F. ) ;
#7344 = CARTESIAN_POINT ( 'NONE',  ( 48.95450654991145711, 112.0201390349715069, 1.637034940206621103 ) ) ;
#7345 = CARTESIAN_POINT ( 'NONE',  ( 53.46236523418770759, 171.2927874561525243, 2.603951286652669506 ) ) ;
#7346 = CARTESIAN_POINT ( 'NONE',  ( -115.0243598105548415, 147.9106642879039555, 11.63703494020662177 ) ) ;
#7347 = CARTESIAN_POINT ( 'NONE',  ( -116.3253930825787563, 136.1923041285064642, 1.637034940206621103 ) ) ;
#7348 = CARTESIAN_POINT ( 'NONE',  ( -113.7512663626729221, 151.1217940277467449, 11.43703494025265144 ) ) ;
#7349 = CARTESIAN_POINT ( 'NONE',  ( -56.97184524608085354, 104.4575436909864266, 10.81823853279239067 ) ) ;
#7350 = DIRECTION ( 'NONE',  ( -0.04903309879805303056, 0.7644735731571949966, 0.6427876096865366984 ) ) ;
#7351 = CARTESIAN_POINT ( 'NONE',  ( 37.84183566512397334, 110.8561770945605929, 5.366661032505627205 ) ) ;
#7352 = CARTESIAN_POINT ( 'NONE',  ( -94.27279919805764052, 110.3661799171019879, 11.63703494020730922 ) ) ;
#7353 = ORIENTED_EDGE ( 'NONE', *, *, #648, .T. ) ;
#7354 = CARTESIAN_POINT ( 'NONE',  ( -93.47627631011377503, 170.6579053398242820, 11.43703494025265144 ) ) ;
#7355 = CARTESIAN_POINT ( 'NONE',  ( -52.03415647851800685, 177.8145956326299597, 8.029856725740526002 ) ) ;
#7356 = B_SPLINE_CURVE_WITH_KNOTS ( 'NONE', 1,
 ( #963, #1119 ),
 .UNSPECIFIED., .F., .F.,
 ( 2, 2 ),
 ( 0.000000000000000000, 1.000000000000000000 ),
 .UNSPECIFIED. ) ;
#7357 = CARTESIAN_POINT ( 'NONE',  ( -116.4047478753435882, 133.2490075116149058, 2.560097286702547326 ) ) ;
#7358 = CARTESIAN_POINT ( 'NONE',  ( -57.20746715869351107, 178.4288432361834111, 10.87400960247786230 ) ) ;
#7359 = ADVANCED_FACE ( 'NONE', ( #2391 ), #5247, .F. ) ;
#7360 = CARTESIAN_POINT ( 'NONE',  ( 52.80101115642094811, 169.3965195718677421, 11.43703494025265499 ) ) ;
#7361 = FACE_OUTER_BOUND ( 'NONE', #6790, .T. ) ;
#7362 = ORIENTED_EDGE ( 'NONE', *, *, #2915, .T. ) ;
#7363 = CARTESIAN_POINT ( 'NONE',  ( -114.1261167293914269, 150.6854521796747690, 11.63703494020661999 ) ) ;
#7364 = ORIENTED_EDGE ( 'NONE', *, *, #15, .F. ) ;
#7365 = CARTESIAN_POINT ( 'NONE',  ( -57.37414097563141979, 178.4380278405316744, 11.24657287009568307 ) ) ;
#7366 = ORIENTED_EDGE ( 'NONE', *, *, #5027, .F. ) ;
#7367 = CARTESIAN_POINT ( 'NONE',  ( -56.85057130825129690, 177.5609737092981106, 1.637034940206621547 ) ) ;
#7368 = B_SPLINE_CURVE_WITH_KNOTS ( 'NONE', 3,
 ( #3981, #1126, #6936, #7401, #5724, #1228, #559, #632, #6397, #5685, #2925, #2220 ),
 .UNSPECIFIED., .F., .F.,
 ( 4, 2, 2, 2, 2, 4 ),
 ( 0.000000000000000000, 9.406281156362666690E-05, 0.0001881256231272533338, 0.0003762512462545110044, 0.0007525024925090316582, 0.001505004985018073074 ),
 .UNSPECIFIED. ) ;
#7369 = CARTESIAN_POINT ( 'NONE',  ( -81.17698441279877386, 175.7374451197199221, 1.637034940206621769 ) ) ;
#7370 = ADVANCED_FACE ( 'NONE', ( #2324 ), #6889, .F. ) ;
#7371 = CARTESIAN_POINT ( 'NONE',  ( -70.65055186838878853, 104.6178886589839863, 2.560097286703860942 ) ) ;
#7372 = AXIS2_PLACEMENT_3D ( 'NONE', #377, #3312, #4525 ) ;
#7373 = CARTESIAN_POINT ( 'NONE',  ( -68.91009507871845585, 178.3830233289592684, 11.63703494020506746 ) ) ;
#7374 = CARTESIAN_POINT ( 'NONE',  ( -49.22624700465792813, 105.4043936641962915, 9.937738447944894915 ) ) ;
#7375 = CARTESIAN_POINT ( 'NONE',  ( -112.8269061805653593, 129.5606860976577366, 5.637034940206621769 ) ) ;
#7376 = B_SPLINE_CURVE_WITH_KNOTS ( 'NONE', 3,
 ( #3139, #5451, #4500, #5634 ),
 .UNSPECIFIED., .F., .F.,
 ( 4, 4 ),
 ( 0.003977612307480206388, 0.008613845736935380956 ),
 .UNSPECIFIED. ) ;
#7377 = DIRECTION ( 'NONE',  ( -1.000000000000000000, 0.000000000000000000, 0.000000000000000000 ) ) ;
#7378 = CARTESIAN_POINT ( 'NONE',  ( -62.28730751676887678, 177.7733248158890262, 1.637034940206621103 ) ) ;
#7379 = DIRECTION ( 'NONE',  ( -0.000000000000000000, -0.000000000000000000, -1.000000000000000000 ) ) ;
#7380 = AXIS2_PLACEMENT_3D ( 'NONE', #2298, #4671, #530 ) ;
#7381 = EDGE_LOOP ( 'NONE', ( #4996 ) ) ;
#7382 = DIRECTION ( 'NONE',  ( -0.000000000000000000, -0.000000000000000000, -1.000000000000000000 ) ) ;
#7383 = CARTESIAN_POINT ( 'NONE',  ( 51.52707443951567257, 113.1545578991787266, 11.63703494020661999 ) ) ;
#7384 = CIRCLE ( 'NONE', #4953, 2.149999999999999023 ) ;
#7385 = CARTESIAN_POINT ( 'NONE',  ( 36.88211678794959880, 111.2402430236934663, 11.63703494020662177 ) ) ;
#7386 = VERTEX_POINT ( 'NONE', #3438 ) ;
#7387 = CARTESIAN_POINT ( 'NONE',  ( 47.68011251016822882, 171.7340075072457921, 2.580972614863695558 ) ) ;
#7388 = VECTOR ( 'NONE', #7083, 1000.000000000000000 ) ;
#7389 = CARTESIAN_POINT ( 'NONE',  ( -47.98760410819245692, 177.3499768482838590, 11.81685382728635680 ) ) ;
#7390 = CARTESIAN_POINT ( 'NONE',  ( -104.1455966899170136, 116.6606136200098973, 1.637034940206621103 ) ) ;
#7391 = CARTESIAN_POINT ( 'NONE',  ( -57.21839860110066667, 105.2728939322084329, 1.637034940206621325 ) ) ;
#7392 = CARTESIAN_POINT ( 'NONE',  ( -56.00706079775913082, 104.5695791869160871, 10.72782531612986823 ) ) ;
#7393 = FACE_OUTER_BOUND ( 'NONE', #2986, .T. ) ;
#7394 = ADVANCED_FACE ( 'NONE', ( #5755 ), #659, .T. ) ;
#7395 = CARTESIAN_POINT ( 'NONE',  ( -88.65630492997769352, 108.2809804961151769, 11.63703494020730922 ) ) ;
#7396 = ORIENTED_EDGE ( 'NONE', *, *, #3080, .F. ) ;
#7397 = CARTESIAN_POINT ( 'NONE',  ( -90.74543468772327515, 171.7139544102471689, 5.637034940206621769 ) ) ;
#7398 = LINE ( 'NONE', #4546, #3731 ) ;
#7399 = CARTESIAN_POINT ( 'NONE',  ( 52.03628991287576611, -30.98292557773241285, 5.637034940206621769 ) ) ;
#7400 = CARTESIAN_POINT ( 'NONE',  ( -45.99999999999999289, 141.4296532796704469, 5.637034940206621769 ) ) ;
#7401 = CARTESIAN_POINT ( 'NONE',  ( -49.81119260207615440, 105.3292519635215427, 10.26967213364803300 ) ) ;
#7402 = CARTESIAN_POINT ( 'NONE',  ( -115.4773422393565312, 136.8183012972864390, 11.63703494020662177 ) ) ;
#7403 = CARTESIAN_POINT ( 'NONE',  ( -56.00706080152291122, 178.2897273694788680, 10.72782531638189063 ) ) ;
#7404 = EDGE_LOOP ( 'NONE', ( #1093 ) ) ;
#7405 = CARTESIAN_POINT ( 'NONE',  ( -114.8161922897947278, 148.6318423544816767, 11.63703494020661999 ) ) ;
#7406 = DIRECTION ( 'NONE',  ( -0.000000000000000000, 0.000000000000000000, 1.000000000000000000 ) ) ;
#7407 = ORIENTED_EDGE ( 'NONE', *, *, #519, .T. ) ;
#7408 = CARTESIAN_POINT ( 'NONE',  ( -87.03871349854323114, 174.1848272492922831, 1.637034940206621103 ) ) ;
#7409 = CARTESIAN_POINT ( 'NONE',  ( -45.31727275168523050, 105.8603805351576739, 12.23291221374392990 ) ) ;
#7410 = DIRECTION ( 'NONE',  ( -1.000000000000000000, 0.000000000000000000, 0.000000000000000000 ) ) ;
#7411 = CARTESIAN_POINT ( 'NONE',  ( 52.53365124770756012, 112.0543747995680661, 1.940880275425568291 ) ) ;
#7412 = CARTESIAN_POINT ( 'NONE',  ( -53.93236811152173260, 178.1609709828699692, 2.608661837730640087 ) ) ;
#7413 = CARTESIAN_POINT ( 'NONE',  ( 52.71038781875707002, 169.6047414514512752, 11.63703494020662710 ) ) ;
#7414 = CARTESIAN_POINT ( 'NONE',  ( -53.35748871302972418, 105.5849926297897667, 1.637034940206621103 ) ) ;
#7415 = CARTESIAN_POINT ( 'NONE',  ( -88.07053551701207539, 110.1943311322327901, 5.637034940206621769 ) ) ;
#7416 = ORIENTED_EDGE ( 'NONE', *, *, #5179, .T. ) ;
#7417 = CARTESIAN_POINT ( 'NONE',  ( 55.36135287466407107, 170.8506204229250613, 7.983198181526414139 ) ) ;
#7418 = CARTESIAN_POINT ( 'NONE',  ( 51.08232289923549985, 113.1175308053478830, 11.63703494020662532 ) ) ;
#7419 = CARTESIAN_POINT ( 'NONE',  ( -78.21183857766460790, 175.3608113670642581, 11.63703494020661822 ) ) ;
#7420 = CONICAL_SURFACE ( 'NONE', #7170, 30.59228193470919166, 0.7853981633974561616 ) ;
#7421 = ORIENTED_EDGE ( 'NONE', *, *, #6428, .T. ) ;
#7422 = CARTESIAN_POINT ( 'NONE',  ( 51.55610143708562276, 171.4734490209148134, 2.585004424484586671 ) ) ;
#7423 = CONICAL_SURFACE ( 'NONE', #1994, 28.79228193470925135, 0.7853981633974222998 ) ;
#7424 = FACE_OUTER_BOUND ( 'NONE', #6405, .T. ) ;
#7425 = CARTESIAN_POINT ( 'NONE',  ( -115.9987855705784625, 134.8589722554075365, 1.637034940206620881 ) ) ;
#7426 = CARTESIAN_POINT ( 'NONE',  ( -81.20380549855875074, 107.1277497907783953, 1.637034940206621325 ) ) ;
#7427 = CARTESIAN_POINT ( 'NONE',  ( -101.7187508856790572, 168.7981141935322000, 10.89404112731284080 ) ) ;
#7428 = CARTESIAN_POINT ( 'NONE',  ( 44.94555193603530796, 112.9730532922199586, 11.43703494020664380 ) ) ;
#7429 = CARTESIAN_POINT ( 'NONE',  ( 53.63115688134873693, 111.8089150136370904, 10.76358722742965845 ) ) ;
#7430 = EDGE_LOOP ( 'NONE', ( #3781 ) ) ;
#7431 = CARTESIAN_POINT ( 'NONE',  ( -55.53931110292981543, 104.6245764633774940, 5.602532850827198985 ) ) ;
#7432 = CARTESIAN_POINT ( 'NONE',  ( -54.51978480397102800, 177.3687229416408968, 1.637034940206620659 ) ) ;
#7433 = CARTESIAN_POINT ( 'NONE',  ( -53.44349782746000699, 177.9853861284323386, 3.915242701850275786 ) ) ;
#7434 = CARTESIAN_POINT ( 'NONE',  ( -117.0671857252737595, 135.6048283587385299, 11.63703494020662355 ) ) ;
#7435 = CARTESIAN_POINT ( 'NONE',  ( -113.6869794533646569, 126.8415089907036162, 11.63703494020661466 ) ) ;
#7436 = CARTESIAN_POINT ( 'NONE',  ( -56.69367813518380927, 178.3912267465949526, 11.63703494020681539 ) ) ;
#7437 = CARTESIAN_POINT ( 'NONE',  ( 49.02282494589960748, 169.8923327159180872, 11.63703494020662355 ) ) ;
#7438 = VERTEX_POINT ( 'NONE', #19 ) ;
#7439 = FACE_OUTER_BOUND ( 'NONE', #2964, .T. ) ;
#7440 = ORIENTED_EDGE ( 'NONE', *, *, #4137, .F. ) ;
#7441 = CARTESIAN_POINT ( 'NONE',  ( -57.53287227123287551, 178.4647739423772350, 11.66056365117065496 ) ) ;
#7442 = EDGE_CURVE ( 'NONE', #2859, #1910, #7074, .T. ) ;
#7443 = CARTESIAN_POINT ( 'NONE',  ( -58.20163806516916338, 177.6482782934425302, 1.637034940206620659 ) ) ;
#7444 = VECTOR ( 'NONE', #3305, 1000.000000000000000 ) ;
#7445 = CARTESIAN_POINT ( 'NONE',  ( -57.16202362909543666, 178.4236223510428090, 10.83625534709164562 ) ) ;
#7446 = VERTEX_POINT ( 'NONE', #5239 ) ;
#7447 = CARTESIAN_POINT ( 'NONE',  ( 47.99443298665464397, 170.8828890443205921, 1.637034940206621103 ) ) ;
#7448 = CARTESIAN_POINT ( 'NONE',  ( 1.843924498056662031, 125.4296532796704611, 5.637034940206621769 ) ) ;
#7449 = CARTESIAN_POINT ( 'NONE',  ( -114.1376402675449526, 129.6773775157747650, 1.637034940206620215 ) ) ;
#7450 = CARTESIAN_POINT ( 'NONE',  ( 51.50803666815186688, 169.7063491154043220, 11.63703494020662710 ) ) ;
#7451 = CARTESIAN_POINT ( 'NONE',  ( -101.7187508831018761, 114.0611923585236553, 10.89404112731262586 ) ) ;
#7452 = CARTESIAN_POINT ( 'NONE',  ( -113.8562612223220611, 155.6948981400091725, 11.63703494020662355 ) ) ;
#7453 = FACE_OUTER_BOUND ( 'NONE', #3411, .T. ) ;
#7454 = VERTEX_POINT ( 'NONE', #495 ) ;
#7455 = B_SPLINE_CURVE_WITH_KNOTS ( 'NONE', 3,
 ( #2567, #6567, #3716, #6040 ),
 .UNSPECIFIED., .F., .F.,
 ( 4, 4 ),
 ( 0.000000000000000000, 0.005201929999862973768 ),
 .UNSPECIFIED. ) ;
#7456 = CARTESIAN_POINT ( 'NONE',  ( -67.90320232067499262, 105.2438473018833918, 1.637034940206621103 ) ) ;
#7457 = CARTESIAN_POINT ( 'NONE',  ( 48.06494267038561219, 112.9152211453812527, 11.63703494020662355 ) ) ;
#7458 = DIRECTION ( 'NONE',  ( -0.000000000000000000, -0.000000000000000000, -1.000000000000000000 ) ) ;
#7459 = EDGE_CURVE ( 'NONE', #6984, #6984, #2238, .T. ) ;
#7460 = CARTESIAN_POINT ( 'NONE',  ( -57.29140099560502364, 106.2978675018414947, 11.57036827353996422 ) ) ;
#7461 = CARTESIAN_POINT ( 'NONE',  ( -102.2518437076875841, 168.4996227817659076, 11.22108422480961920 ) ) ;
#7462 = CARTESIAN_POINT ( 'NONE',  ( -60.38363388788521746, 105.1154600837771511, 1.637034940206621103 ) ) ;
#7463 = CARTESIAN_POINT ( 'NONE',  ( -100.5475869663709290, 169.4426115336213741, 11.58790165769625524 ) ) ;
#7464 = CARTESIAN_POINT ( 'NONE',  ( -90.19072504542330648, 172.1227840401183187, 11.63703494020662355 ) ) ;
#7465 = CYLINDRICAL_SURFACE ( 'NONE', #2104, 2.149999999999998135 ) ;
#7466 = B_SPLINE_CURVE_WITH_KNOTS ( 'NONE', 3,
 ( #697, #5411, #3062, #2470 ),
 .UNSPECIFIED., .F., .F.,
 ( 4, 4 ),
 ( 0.000000000000000000, 0.006557402472275502929 ),
 .UNSPECIFIED. ) ;
#7467 = CARTESIAN_POINT ( 'NONE',  ( -109.8906997187315824, 141.4296532756430906, 1.637034940206620881 ) ) ;
#7468 = CARTESIAN_POINT ( 'NONE',  ( 53.72153715747521829, 170.9632832398384608, 11.64928082680350485 ) ) ;
#7469 = CARTESIAN_POINT ( 'NONE',  ( -52.06198370059917124, 178.0872896905903247, 1.742129384604418352 ) ) ;
#7470 = CARTESIAN_POINT ( 'NONE',  ( -103.5146446818240520, 167.7867479789809124, 11.63703494020662177 ) ) ;
#7471 = CARTESIAN_POINT ( 'NONE',  ( -69.43364297395658014, 106.3210583782213092, 11.63703494020662355 ) ) ;
#7472 = DIRECTION ( 'NONE',  ( -1.000000000000000000, 0.000000000000000000, 0.000000000000000000 ) ) ;
#7473 = CARTESIAN_POINT ( 'NONE',  ( 49.09890431632620533, 169.6873399657521588, 11.43703494025265144 ) ) ;
#7474 = CARTESIAN_POINT ( 'NONE',  ( 52.66784147018189799, 170.8704606165865130, 2.030474928439549132 ) ) ;
#7475 = ORIENTED_EDGE ( 'NONE', *, *, #853, .T. ) ;
#7476 = DIRECTION ( 'NONE',  ( -0.000000000000000000, -0.000000000000000000, -1.000000000000000000 ) ) ;
#7477 = ORIENTED_EDGE ( 'NONE', *, *, #2310, .F. ) ;
#7478 = CARTESIAN_POINT ( 'NONE',  ( -103.1501000264778725, 114.8730869844976326, 10.65229649315350358 ) ) ;
#7479 = ORIENTED_EDGE ( 'NONE', *, *, #4677, .T. ) ;
#7480 = B_SPLINE_CURVE_WITH_KNOTS ( 'NONE', 3,
 ( #7203, #2024, #7320, #5492 ),
 .UNSPECIFIED., .F., .F.,
 ( 4, 4 ),
 ( 0.000000000000000000, 0.003225102638869746258 ),
 .UNSPECIFIED. ) ;
#7481 = CARTESIAN_POINT ( 'NONE',  ( -74.70302673166476382, 176.9131802749094220, 1.637034940206620437 ) ) ;
#7482 = EDGE_CURVE ( 'NONE', #5631, #6104, #544, .T. ) ;
#7483 = CARTESIAN_POINT ( 'NONE',  ( -50.06678198935465218, 177.5626532350010507, 10.20567413425832370 ) ) ;
#7484 = CARTESIAN_POINT ( 'NONE',  ( 46.37233448571055305, 170.9387932321380674, 1.637034940206620881 ) ) ;
ENDSEC;
END-ISO-10303-21;
