ISO-10303-21;
HEADER;
FILE_DESCRIPTION (( 'STEP AP214' ),
    '1' );
FILE_NAME ('ASV1_300_03A.STEP.STEP',
    '2026-08-01T02:08:53',
    ( '' ),
    ( '' ),
    'SwSTEP 2.0',
    'SolidWorks 2025',
    '' );
FILE_SCHEMA (( 'AUTOMOTIVE_DESIGN' ));
ENDSEC;

DATA;
#1 = COLOUR_RGB ( '',0.7921568627450980005, 0.8196078431372548767, 0.9333333333333333481 ) ;
#2 = CARTESIAN_POINT ( 'NONE',  ( -39.25000000000000000, 33.35322323254529664, 50.00000000000000000 ) ) ;
#3 = CONICAL_SURFACE ( 'NONE', #1274, 33.35322323254529664, 0.7853981633974547183 ) ;
#4 = CARTESIAN_POINT ( 'NONE',  ( -40.70000000000000284, -12.99239457201605141, 67.04235930837904789 ) ) ;
#5 = CARTESIAN_POINT ( 'NONE',  ( -33.75000000000000000, -5.770788109259771481, 1.550856214828729929 ) ) ;
#6 = CARTESIAN_POINT ( 'NONE',  ( -38.25000000000000000, -24.11216907843254731, 55.19882745102919586 ) ) ;
#7 = CYLINDRICAL_SURFACE ( 'NONE', #1041, 33.35322323254529664 ) ;
#8 = EDGE_LOOP ( 'NONE', ( #1632, #538, #1462, #2002 ) ) ;
#9 = CARTESIAN_POINT ( 'NONE',  ( -43.25000000000000000, -24.87580396188831955, 52.69627554179307083 ) ) ;
#10 = FACE_OUTER_BOUND ( 'NONE', #2122, .T. ) ;
#11 = CARTESIAN_POINT ( 'NONE',  ( -43.24999999999999289, 27.31673581923147154, 55.40581114867439538 ) ) ;
#12 = EDGE_LOOP ( 'NONE', ( #159, #1186, #1591, #934 ) ) ;
#13 = EDGE_CURVE ( 'NONE', #840, #405, #1576, .T. ) ;
#14 = CARTESIAN_POINT ( 'NONE',  ( -43.25000000000000000, -22.48571144080948514, 61.62100004334072167 ) ) ;
#15 = ADVANCED_FACE ( 'NONE', ( #1020, #1053, #64, #1063, #1202 ), #245, .T. ) ;
#16 = CARTESIAN_POINT ( 'NONE',  ( -38.75000000000000000, 20.34512569842106089, -26.51940212992064971 ) ) ;
#17 = CARTESIAN_POINT ( 'NONE',  ( -40.69999999999999574, -12.19653464485183214, 67.83821923554326361 ) ) ;
#18 = CARTESIAN_POINT ( 'NONE',  ( -38.25000000000000000, 32.85322323254528953, 33.33333333333337833 ) ) ;
#19 = CARTESIAN_POINT ( 'NONE',  ( -38.75000000000000000, 4.365872733633639591, 83.13822542452608388 ) ) ;
#20 = CARTESIAN_POINT ( 'NONE',  ( -43.25000000000000000, 12.62338251371871323, 73.38057706461545138 ) ) ;
#21 = CARTESIAN_POINT ( 'NONE',  ( -43.25000000000000000, 29.35322323254530019, 50.00000000000000000 ) ) ;
#22 = ORIENTED_EDGE ( 'NONE', *, *, #428, .F. ) ;
#23 = CARTESIAN_POINT ( 'NONE',  ( -43.25000000000000000, -26.87319580117046769, 54.56738608162194026 ) ) ;
#24 = CARTESIAN_POINT ( 'NONE',  ( -40.70000000000000284, -22.79368571587784942, 54.77100004334069894 ) ) ;
#25 = CARTESIAN_POINT ( 'NONE',  ( -37.25000000000000711, -4.463535080461423554, 3.915629787330376477 ) ) ;
#26 = ORIENTED_EDGE ( 'NONE', *, *, #954, .F. ) ;
#27 = CARTESIAN_POINT ( 'NONE',  ( -39.24999999999999289, 32.28647537644089027, 58.64790938779247398 ) ) ;
#28 = CARTESIAN_POINT ( 'NONE',  ( -43.25000000000000000, -29.35322323254530019, 16.66666666666666785 ) ) ;
#29 = CARTESIAN_POINT ( 'NONE',  ( -39.88333333333333286, -22.79368571587786008, 54.77100004334069894 ) ) ;
#30 = CARTESIAN_POINT ( 'NONE',  ( -37.25000000000000000, 1.538424438789938398, -5.734656366230983515 ) ) ;
#31 = CARTESIAN_POINT ( 'NONE',  ( -43.25000000000000000, 0.000000000000000000, 50.00000000000000000 ) ) ;
#32 = CARTESIAN_POINT ( 'NONE',  ( -38.25000000000000000, 24.17541462483187686, 55.19892510506487326 ) ) ;
#33 = ORIENTED_EDGE ( 'NONE', *, *, #1338, .F. ) ;
#34 = CARTESIAN_POINT ( 'NONE',  ( -43.24999999999999289, -27.34262985924508271, 55.70062084940937552 ) ) ;
#35 = CARTESIAN_POINT ( 'NONE',  ( -40.70000000000000995, -14.63793333118593054, 71.01504129817757871 ) ) ;
#36 = CARTESIAN_POINT ( 'NONE',  ( -43.25000000000000000, 19.39324338367243783, 72.11843285709450413 ) ) ;
#37 = ORIENTED_EDGE ( 'NONE', *, *, #1449, .F. ) ;
#38 = CARTESIAN_POINT ( 'NONE',  ( -39.24999999999999289, 31.64974419757327695, 60.74693078237545052 ) ) ;
#39 = CARTESIAN_POINT ( 'NONE',  ( -38.24999999999999289, 16.01568344147950640, 70.00751831441603201 ) ) ;
#40 = DIRECTION ( 'NONE',  ( 0.000000000000000000, 0.000000000000000000, -1.000000000000000000 ) ) ;
#41 = DIRECTION ( 'NONE',  ( 1.000000000000000000, 0.000000000000000000, 0.000000000000000000 ) ) ;
#42 = EDGE_CURVE ( 'NONE', #311, #1942, #1898, .T. ) ;
#43 = AXIS2_PLACEMENT_3D ( 'NONE', #1445, #1605, #1432 ) ;
#44 = CARTESIAN_POINT ( 'NONE',  ( -38.25000000000000000, 11.98858517528567624, 69.20645143756597406 ) ) ;
#45 = EDGE_CURVE ( 'NONE', #1904, #1133, #1416, .T. ) ;
#46 = ORIENTED_EDGE ( 'NONE', *, *, #1014, .F. ) ;
#47 = CARTESIAN_POINT ( 'NONE',  ( -37.25000000000000000, -0.7732530712917005111, 5.886931273246196028 ) ) ;
#48 = EDGE_LOOP ( 'NONE', ( #1013, #1581 ) ) ;
#49 = CARTESIAN_POINT ( 'NONE',  ( -33.74999999999999289, 1.550856214828746360, -5.770788109259767040 ) ) ;
#50 = CARTESIAN_POINT ( 'NONE',  ( -38.25000000000000711, 14.42380299335924576, 71.07100004334071741 ) ) ;
#51 = CARTESIAN_POINT ( 'NONE',  ( -38.75000000000000000, 10.74693078237549848, -31.64974419757327695 ) ) ;
#52 = CARTESIAN_POINT ( 'NONE',  ( -37.25000000000000000, -4.112395091408874440E-15, 7.500000000000000000 ) ) ;
#53 = CARTESIAN_POINT ( 'NONE',  ( -37.25000000000001421, 1.909449292337988657, 5.622215350368850117 ) ) ;
#54 = CARTESIAN_POINT ( 'NONE',  ( -37.25000000000000711, 7.500000000000003553, 0.9817477042467859238 ) ) ;
#55 = DIRECTION ( 'NONE',  ( 0.000000000000000000, -1.000000000000000000, 8.673617379884041783E-15 ) ) ;
#56 = CARTESIAN_POINT ( 'NONE',  ( -38.25000000000000711, 23.94337929878160409, 55.04376505184185220 ) ) ;
#57 = CARTESIAN_POINT ( 'NONE',  ( -38.25000000000000000, 32.85322323254530374, -2.150238432377288067 ) ) ;
#58 = CARTESIAN_POINT ( 'NONE',  ( -37.25000000000000000, -5.886895505079749569, -0.7734327187954481708 ) ) ;
#59 = ORIENTED_EDGE ( 'NONE', *, *, #42, .F. ) ;
#60 = CARTESIAN_POINT ( 'NONE',  ( -39.24999999999998579, 25.12787851416631213, 72.04070213015663171 ) ) ;
#61 = CARTESIAN_POINT ( 'NONE',  ( -43.24999999999999289, 13.52491983072973625, 64.25119802068128649 ) ) ;
#62 = B_SPLINE_CURVE_WITH_KNOTS ( 'NONE', 3,
 ( #116, #1945, #947, #1447, #1436, #1141, #982, #774, #2111, #163, #316, #1773, #303, #1911, #129, #972, #1639, #1424 ),
 .UNSPECIFIED., .F., .F.,
 ( 4, 2, 2, 2, 2, 2, 2, 2, 4 ),
 ( 0.000000000000000000, 0.1249999999999999167, 0.2499999999999998890, 0.3749999999999999445, 0.5000000000000000000, 0.6250000000000000000, 0.7500000000000000000, 0.8750000000000000000, 1.000000000000000000 ),
 .UNSPECIFIED. ) ;
#63 = CARTESIAN_POINT ( 'NONE',  ( -43.25000000000000000, 29.35322323254530019, 16.66666666666666785 ) ) ;
#64 = FACE_BOUND ( 'NONE', #1441, .T. ) ;
#65 = CARTESIAN_POINT ( 'NONE',  ( -38.25000000000000000, 20.70709551134955007, 57.20645143756044604 ) ) ;
#66 = CARTESIAN_POINT ( 'NONE',  ( -37.25000000000000711, -3.915680276599156961, 4.463585569730243563 ) ) ;
#67 = VERTEX_POINT ( 'NONE', #1881 ) ;
#68 = EDGE_CURVE ( 'NONE', #405, #1777, #1771, .T. ) ;
#69 = CARTESIAN_POINT ( 'NONE',  ( -33.75000000000000000, 4.738026041209225880, -3.641189315851359076 ) ) ;
#70 = CARTESIAN_POINT ( 'NONE',  ( -39.25000000000000000, -26.51940212992060353, -20.34512569842112484 ) ) ;
#71 = SHAPE_DEFINITION_REPRESENTATION ( #957, #1669 ) ;
#72 = CARTESIAN_POINT ( 'NONE',  ( -37.91666666666667140, 1.573486027001683450E-14, 7.500000000000000000 ) ) ;
#73 = CARTESIAN_POINT ( 'NONE',  ( -43.25000000000000000, 0.000000000000000000, 0.000000000000000000 ) ) ;
#74 = CARTESIAN_POINT ( 'NONE',  ( -43.24999999999999289, -15.29559959236331146, 73.46993523995816133 ) ) ;
#75 = DIRECTION ( 'NONE',  ( -1.000000000000000000, 0.000000000000000000, 0.000000000000000000 ) ) ;
#76 = CONICAL_SURFACE ( 'NONE', #2033, 5.424999999999999822, 0.7853981633974645993 ) ;
#77 = ORIENTED_EDGE ( 'NONE', *, *, #402, .T. ) ;
#78 = CARTESIAN_POINT ( 'NONE',  ( -39.08333333333332149, -33.35322323254529664, -6.569989129543029691E-15 ) ) ;
#79 = CARTESIAN_POINT ( 'NONE',  ( -33.25000000000000711, 0.7101308394051720763, -5.425000000000003375 ) ) ;
#80 = EDGE_CURVE ( 'NONE', #347, #1133, #1497, .T. ) ;
#81 = ADVANCED_FACE ( 'NONE', ( #393 ), #1101, .F. ) ;
#82 = B_SPLINE_CURVE_WITH_KNOTS ( 'NONE', 3,
 ( #423, #718, #890, #74, #2060, #1256, #1064, #1571, #1244, #1216, #1725, #1384, #255, #1875, #1892, #101, #1372, #94, #1700, #749, #901, #85, #238, #565, #738, #1224, #1082, #1734, #266, #1579, #759, #634, #1630, #466 ),
 .UNSPECIFIED., .F., .F.,
 ( 4, 2, 2, 2, 2, 2, 2, 2, 2, 2, 2, 2, 2, 2, 2, 2, 4 ),
 ( 0.000000000000000000, 0.06250000000000049960, 0.1250000000000009992, 0.1875000000000008327, 0.2500000000000006661, 0.3125000000000004996, 0.3750000000000003331, 0.4375000000000001665, 0.5000000000000000000, 0.5624999999999997780, 0.6249999999999996669, 0.6874999999999994449, 0.7499999999999993339, 0.8124999999999991118, 0.8749999999999990008, 0.9374999999999994449, 1.000000000000000000 ),
 .UNSPECIFIED. ) ;
#83 = CARTESIAN_POINT ( 'NONE',  ( -33.75000000000000000, 5.296307347064899472E-31, -5.924999999999999822 ) ) ;
#84 = CARTESIAN_POINT ( 'NONE',  ( -40.70000000000000284, 14.41995107210929561, 66.77100004334070604 ) ) ;
#85 = CARTESIAN_POINT ( 'NONE',  ( -43.25000000000000000, -18.30006602333037335, 66.83891008421579727 ) ) ;
#86 = CARTESIAN_POINT ( 'NONE',  ( -38.25000000000000000, -6.553397912656938828, -3.777142352781740708 ) ) ;
#87 = VERTEX_POINT ( 'NONE', #431 ) ;
#88 = CARTESIAN_POINT ( 'NONE',  ( -38.25000000000000000, -12.75669201725978930, 70.64317263565773430 ) ) ;
#89 = CARTESIAN_POINT ( 'NONE',  ( -39.24999999999999289, 25.12787851416627660, -22.04070213015668145 ) ) ;
#90 = DIRECTION ( 'NONE',  ( 0.000000000000000000, 0.000000000000000000, 1.000000000000000000 ) ) ;
#91 = CARTESIAN_POINT ( 'NONE',  ( -43.24999999999999289, 18.15695574159481396, 56.61419539807711487 ) ) ;
#92 = CARTESIAN_POINT ( 'NONE',  ( -40.70000000000000284, 23.41978501766200438, 59.01504129817758582 ) ) ;
#93 = DIRECTION ( 'NONE',  ( -1.000000000000000000, 0.000000000000000000, 0.000000000000000000 ) ) ;
#94 = CARTESIAN_POINT ( 'NONE',  ( -43.25000000000001421, -18.77524670450823407, 68.61419539808127865 ) ) ;
#95 = CARTESIAN_POINT ( 'NONE',  ( -33.25000000000000000, 0.000000000000000000, 0.000000000000000000 ) ) ;
#96 = ORIENTED_EDGE ( 'NONE', *, *, #1657, .T. ) ;
#97 = CARTESIAN_POINT ( 'NONE',  ( -43.24999999999998579, 17.24502539080793895, 72.46139599425679023 ) ) ;
#98 = CARTESIAN_POINT ( 'NONE',  ( -43.25000000000000000, 22.85702706628955028, 56.92100004334069752 ) ) ;
#99 = CARTESIAN_POINT ( 'NONE',  ( -37.25000000000000000, 5.733161311563909271E-16, 5.924999999999999822 ) ) ;
#100 = CARTESIAN_POINT ( 'NONE',  ( -40.58333333333332860, -32.01988989921196804, 50.00000000000000711 ) ) ;
#101 = CARTESIAN_POINT ( 'NONE',  ( -43.25000000000000711, -18.74487066712988792, 69.53432224258288841 ) ) ;
#102 = DIRECTION ( 'NONE',  ( -0.7071067811865424657, 0.7071067811865525687, 0.000000000000000000 ) ) ;
#103 = VERTEX_POINT ( 'NONE', #1255 ) ;
#104 = CONICAL_SURFACE ( 'NONE', #1346, 5.424999999999999822, 0.7853981633974645993 ) ;
#105 = CARTESIAN_POINT ( 'NONE',  ( -38.25000000000000000, -13.78988911665593164, 71.07100004334070320 ) ) ;
#106 = AXIS2_PLACEMENT_3D ( 'NONE', #731, #902, #102 ) ;
#107 = CARTESIAN_POINT ( 'NONE',  ( -39.24999999999998579, 10.74693078237549848, -31.64974419757327695 ) ) ;
#108 = CARTESIAN_POINT ( 'NONE',  ( -38.58333333333333570, 0.000000000000000000, -33.18655656587862524 ) ) ;
#109 = CARTESIAN_POINT ( 'NONE',  ( -38.75000000000000000, -25.12787851416629437, 72.04070213015668855 ) ) ;
#110 = CARTESIAN_POINT ( 'NONE',  ( -38.25000000000000711, -31.17528114527838667, 60.58582295319437350 ) ) ;
#111 = CARTESIAN_POINT ( 'NONE',  ( -38.25000000000000000, 1.115398251202199821E-15, -7.500000000000000000 ) ) ;
#112 = ORIENTED_EDGE ( 'NONE', *, *, #1285, .F. ) ;
#113 = CARTESIAN_POINT ( 'NONE',  ( -43.24999999999999289, -9.526231236438936989, 70.14137923725341750 ) ) ;
#114 = CARTESIAN_POINT ( 'NONE',  ( -33.25000000000000711, 5.425000000000000711, 0.7101308394051906170 ) ) ;
#115 = PLANE ( 'NONE',  #518 ) ;
#116 = CARTESIAN_POINT ( 'NONE',  ( -38.25000000000000000, 3.495039633037489349E-15, -32.85322323254529664 ) ) ;
#117 = DIRECTION ( 'NONE',  ( 1.000000000000000000, 0.000000000000000000, 0.000000000000000000 ) ) ;
#118 = CARTESIAN_POINT ( 'NONE',  ( -43.24999999999999289, 26.38144396494323018, -13.01332160829013951 ) ) ;
#119 = EDGE_LOOP ( 'NONE', ( #225, #112, #1917, #802, #1094 ) ) ;
#120 = CARTESIAN_POINT ( 'NONE',  ( -40.70000000000000284, -14.07517537981347999, 66.77100004334070604 ) ) ;
#121 = B_SPLINE_CURVE_WITH_KNOTS ( 'NONE', 3,
 ( #1073, #576, #739, #267, #1056, #274, #1257, #2061, #924, #1551, #1395, #86, #1580, #760, #1385, #1411, #1884, #111 ),
 .UNSPECIFIED., .F., .F.,
 ( 4, 2, 2, 2, 2, 2, 2, 2, 4 ),
 ( 0.000000000000000000, 0.1250000000000000000, 0.2500000000000000000, 0.3750000000000000000, 0.5000000000000000000, 0.6250000000000000000, 0.7500000000000000000, 0.8750000000000000000, 1.000000000000000000 ),
 .UNSPECIFIED. ) ;
#122 = CARTESIAN_POINT ( 'NONE',  ( -43.24999999999999289, 26.39742301722314721, 53.81449138277349675 ) ) ;
#123 = ADVANCED_FACE ( 'NONE', ( #1925 ), #465, .T. ) ;
#124 = ORIENTED_EDGE ( 'NONE', *, *, #1233, .T. ) ;
#125 = CARTESIAN_POINT ( 'NONE',  ( -43.24999999999999289, -21.27857969764968260, 61.38074314739772319 ) ) ;
#126 = B_SPLINE_CURVE_WITH_KNOTS ( 'NONE', 3,
 ( #452, #786, #1109, #1608 ),
 .UNSPECIFIED., .F., .F.,
 ( 4, 4 ),
 ( 0.000000000000000000, 1.000000000000000000 ),
 .UNSPECIFIED. ) ;
#127 = CARTESIAN_POINT ( 'NONE',  ( -43.24999999999999289, 9.438445405530979215, 68.61419539806250611 ) ) ;
#128 = CARTESIAN_POINT ( 'NONE',  ( -38.91666666666667140, 33.35322323254529664, 49.99999999999995026 ) ) ;
#129 = CARTESIAN_POINT ( 'NONE',  ( -38.25000000000000711, -31.80246705209790292, -8.518268103538009228 ) ) ;
#130 = CARTESIAN_POINT ( 'NONE',  ( -38.75000000000000000, -10.74693078237547184, 81.64974419757326984 ) ) ;
#131 = CARTESIAN_POINT ( 'NONE',  ( -33.25000000000000000, -5.283801770925609098, -1.419982272649101374 ) ) ;
#132 = CYLINDRICAL_SURFACE ( 'NONE', #651, 5.924999999999999822 ) ;
#133 = EDGE_LOOP ( 'NONE', ( #702, #1226, #2127, #1677 ) ) ;
#134 = DIRECTION ( 'NONE',  ( -1.000000000000000000, 0.000000000000000000, 0.000000000000000000 ) ) ;
#135 = CARTESIAN_POINT ( 'NONE',  ( -38.25000000000000000, -22.50839945273319032, 59.07100004334068899 ) ) ;
#136 = ORIENTED_EDGE ( 'NONE', *, *, #1014, .T. ) ;
#137 = AXIS2_PLACEMENT_3D ( 'NONE', #1022, #1847, #1824 ) ;
#138 = CARTESIAN_POINT ( 'NONE',  ( -43.24999999999999289, -20.71159566817521380, 52.69610945900196697 ) ) ;
#139 = EDGE_CURVE ( 'NONE', #275, #1290, #2057, .T. ) ;
#140 = CARTESIAN_POINT ( 'NONE',  ( -43.25000000000000000, -33.35322323254529664, 0.000000000000000000 ) ) ;
#141 = CARTESIAN_POINT ( 'NONE',  ( -38.25000000000000711, 7.304795075012375349, 1.963109132694579984 ) ) ;
#142 = CARTESIAN_POINT ( 'NONE',  ( -38.25000000000000711, -20.04013080247701240, 76.12184831712984590 ) ) ;
#143 = CARTESIAN_POINT ( 'NONE',  ( -37.25000000000000000, 0.000000000000000000, 0.000000000000000000 ) ) ;
#144 = ORIENTED_EDGE ( 'NONE', *, *, #45, .F. ) ;
#145 = CARTESIAN_POINT ( 'NONE',  ( -38.25000000000000000, -12.19813504577749974, 67.83453438310715455 ) ) ;
#146 = CARTESIAN_POINT ( 'NONE',  ( -43.25000000000000000, 25.96343485850954735, 53.38070496075429361 ) ) ;
#147 = VERTEX_POINT ( 'NONE', #1425 ) ;
#148 = CARTESIAN_POINT ( 'NONE',  ( -43.25000000000000000, -18.09375704057255874, 56.61419539807790358 ) ) ;
#149 = CARTESIAN_POINT ( 'NONE',  ( -40.69999999999999574, 21.53575161834348251, 58.64028375449677810 ) ) ;
#150 = B_SPLINE_CURVE_WITH_KNOTS ( 'NONE', 3,
 ( #1377, #28, #1536, #1870 ),
 .UNSPECIFIED., .F., .F.,
 ( 4, 4 ),
 ( 0.000000000000000000, 1.000000000000000000 ),
 .UNSPECIFIED. ) ;
#151 = DIRECTION ( 'NONE',  ( 0.000000000000000000, 0.000000000000000000, -1.000000000000000000 ) ) ;
#152 = EDGE_CURVE ( 'NONE', #1942, #311, #1219, .T. ) ;
#153 = CARTESIAN_POINT ( 'NONE',  ( -38.25000000000001421, -4.300423695872073182, 82.64144846846578218 ) ) ;
#154 = CARTESIAN_POINT ( 'NONE',  ( -38.25000000000000000, 3.495039633037489349E-15, -32.85322323254529664 ) ) ;
#155 = ORIENTED_EDGE ( 'NONE', *, *, #419, .T. ) ;
#156 = CARTESIAN_POINT ( 'NONE',  ( -38.75000000000000000, -33.35322323254529664, -2.386837325201569854E-14 ) ) ;
#157 = CARTESIAN_POINT ( 'NONE',  ( -43.25000000000000711, -13.76801201427202770, 64.22100004334069467 ) ) ;
#158 = CARTESIAN_POINT ( 'NONE',  ( -38.25000000000000000, -20.91664538184187094, 55.83453438310586137 ) ) ;
#159 = ORIENTED_EDGE ( 'NONE', *, *, #1823, .F. ) ;
#160 = CARTESIAN_POINT ( 'NONE',  ( -43.25000000000000000, -19.05806902739426434, 54.05271324221889984 ) ) ;
#161 = CARTESIAN_POINT ( 'NONE',  ( -38.25000000000000000, 0.000000000000000000, 0.000000000000000000 ) ) ;
#162 = CARTESIAN_POINT ( 'NONE',  ( -37.25000000000000000, 5.733161311563909271E-16, 5.924999999999999822 ) ) ;
#163 = CARTESIAN_POINT ( 'NONE',  ( -38.25000000000001421, -24.75118510827009999, -21.71028875486631904 ) ) ;
#164 = CARTESIAN_POINT ( 'NONE',  ( -38.25000000000000000, -24.51576151242534962, 55.60261347654999042 ) ) ;
#165 = DIRECTION ( 'NONE',  ( -1.000000000000000000, 0.000000000000000000, 0.000000000000000000 ) ) ;
#166 = EDGE_LOOP ( 'NONE', ( #322, #297, #1494, #1480 ) ) ;
#167 = CARTESIAN_POINT ( 'NONE',  ( -43.24999999999999289, -27.49375704057158032, 56.61419539807165791 ) ) ;
#168 = ADVANCED_FACE ( 'NONE', ( #1081 ), #1692, .T. ) ;
#169 = CARTESIAN_POINT ( 'NONE',  ( -40.69999999999999574, -15.39645082775954776, 70.64028375449676389 ) ) ;
#170 = CARTESIAN_POINT ( 'NONE',  ( -37.25000000000000711, -2.625349381186632858, -5.325757109890097318 ) ) ;
#171 = ORIENTED_EDGE ( 'NONE', *, *, #761, .T. ) ;
#172 = CARTESIAN_POINT ( 'NONE',  ( -43.25000000000000000, -21.57354686895337892, 61.47001015663786916 ) ) ;
#173 = CARTESIAN_POINT ( 'NONE',  ( -43.24999999999999289, 9.468821442908922137, 69.53432224259988459 ) ) ;
#174 = AXIS2_PLACEMENT_3D ( 'NONE', #1090, #581, #756 ) ;
#175 = CARTESIAN_POINT ( 'NONE',  ( -38.75000000000000000, 32.28647537644085475, -8.647909387792575231 ) ) ;
#176 = AXIS2_PLACEMENT_3D ( 'NONE', #1688, #1167, #1353 ) ;
#177 = CARTESIAN_POINT ( 'NONE',  ( -37.25000000000000711, 5.886895505079751345, 0.7734327187922628299 ) ) ;
#178 = CARTESIAN_POINT ( 'NONE',  ( -38.25000000000000000, 32.85322323254529664, 50.00000000000000000 ) ) ;
#179 = B_SPLINE_CURVE_WITH_KNOTS ( 'NONE', 3,
 ( #430, #1241, #580, #1889, #1880, #909, #264, #229, #881, #1577, #1382, #554, #1408, #1722, #591, #1537, #716, #1547 ),
 .UNSPECIFIED., .F., .F.,
 ( 4, 2, 2, 2, 2, 2, 2, 2, 4 ),
 ( 0.000000000000000000, 0.1249999999999999722, 0.2499999999999998890, 0.3749999999999998335, 0.4999999999999998335, 0.6249999999999998890, 0.7499999999999998890, 0.8750000000000000000, 1.000000000000000000 ),
 .UNSPECIFIED. ) ;
#180 = CARTESIAN_POINT ( 'NONE',  ( -43.25000000000000000, 14.13851673022521993, 73.62100004334071457 ) ) ;
#181 = CARTESIAN_POINT ( 'NONE',  ( -38.25000000000000000, 24.73419377754467163, 58.00751831440770445 ) ) ;
#182 = EDGE_LOOP ( 'NONE', ( #248, #658, #396, #425, #1914 ) ) ;
#183 = CARTESIAN_POINT ( 'NONE',  ( -43.24999999999999289, -24.01410992844388304, 61.46993523994579789 ) ) ;
#184 = CARTESIAN_POINT ( 'NONE',  ( -43.25000000000000000, -14.07517537981347999, 73.62100004334071457 ) ) ;
#185 = CARTESIAN_POINT ( 'NONE',  ( -43.24999999999999289, -13.01329446505801890, 76.38137843549793615 ) ) ;
#186 = ORIENTED_EDGE ( 'NONE', *, *, #1166, .F. ) ;
#187 = CARTESIAN_POINT ( 'NONE',  ( -33.75000000000000000, 5.177184350998968121, 2.983942458697598887 ) ) ;
#188 = CARTESIAN_POINT ( 'NONE',  ( -39.24999999999999289, -2.182963355852047815, -33.35322323254530374 ) ) ;
#189 = B_SPLINE_CURVE_WITH_KNOTS ( 'NONE', 3,
 ( #1655, #1183, #1308, #183, #1810, #837, #1961, #511, #1999, #1146, #1799, #1645, #849, #331, #366, #343, #987, #167, #825, #34, #997, #1021, #23, #673, #1477, #1985, #1505, #659, #9, #1318, #1971, #501, #1158, #1330 ),
 .UNSPECIFIED., .F., .F.,
 ( 4, 2, 2, 2, 2, 2, 2, 2, 2, 2, 2, 2, 2, 2, 2, 2, 4 ),
 ( 0.000000000000000000, 0.06250000000000000000, 0.1250000000000000000, 0.1875000000000000000, 0.2500000000000000000, 0.3125000000000000000, 0.3750000000000000000, 0.4375000000000000000, 0.5000000000000000000, 0.5625000000000000000, 0.6250000000000000000, 0.6875000000000000000, 0.7500000000000000000, 0.8125000000000000000, 0.8750000000000000000, 0.9375000000000000000, 1.000000000000000000 ),
 .UNSPECIFIED. ) ;
#190 = CARTESIAN_POINT ( 'NONE',  ( -38.75000000000000000, 31.64974419757324853, -10.74693078237554644 ) ) ;
#191 = CARTESIAN_POINT ( 'NONE',  ( -43.25000000000000000, 22.85702706628955028, 61.62100004334070036 ) ) ;
#192 = CARTESIAN_POINT ( 'NONE',  ( -37.25000000000000711, 1.963109132694573322, -7.304795075012374461 ) ) ;
#193 = CARTESIAN_POINT ( 'NONE',  ( -38.75000000000000000, 31.64974419757327695, 60.74693078237545052 ) ) ;
#194 = CARTESIAN_POINT ( 'NONE',  ( -38.25000000000000711, 12.04287507445985739, 69.48007314227619702 ) ) ;
#195 = ORIENTED_EDGE ( 'NONE', *, *, #735, .F. ) ;
#196 = CARTESIAN_POINT ( 'NONE',  ( -39.25000000000000000, 33.35322323254529664, 5.506561146493399558E-15 ) ) ;
#197 = CARTESIAN_POINT ( 'NONE',  ( -40.70000000000000284, -15.79445909096956591, 70.24227549128679016 ) ) ;
#198 = CARTESIAN_POINT ( 'NONE',  ( -43.25000000000001421, 13.01332160806756910, 76.38144396503534495 ) ) ;
#199 = ORIENTED_EDGE ( 'NONE', *, *, #1697, .F. ) ;
#200 = CARTESIAN_POINT ( 'NONE',  ( -39.24999999999999289, 22.04070213015668500, 75.12787851416626950 ) ) ;
#201 = CARTESIAN_POINT ( 'NONE',  ( -38.25000000000000711, 14.42344679704845234, 66.77100004334072025 ) ) ;
#202 = EDGE_CURVE ( 'NONE', #1452, #2109, #618, .T. ) ;
#203 = CARTESIAN_POINT ( 'NONE',  ( -40.70000000000000284, -14.07517537981347999, 66.77100004334070604 ) ) ;
#204 = CARTESIAN_POINT ( 'NONE',  ( -37.25000000000000711, 1.909476695833533633, -5.622281285094153702 ) ) ;
#205 = CARTESIAN_POINT ( 'NONE',  ( -37.25000000000000000, 0.9817477042467793735, -7.500000000000006217 ) ) ;
#206 = CYLINDRICAL_SURFACE ( 'NONE', #314, 2.149999999999999023 ) ;
#207 = CARTESIAN_POINT ( 'NONE',  ( -38.41666666666667140, 33.01988989921196804, 6.065655370990192491E-15 ) ) ;
#208 = CARTESIAN_POINT ( 'NONE',  ( -41.91666666666666430, 30.68655656587863234, 4.934145138472620143E-15 ) ) ;
#209 = CARTESIAN_POINT ( 'NONE',  ( -43.25000000000000000, -22.79368571587784942, 61.62100004334070036 ) ) ;
#210 = CARTESIAN_POINT ( 'NONE',  ( -37.25000000000000000, -5.924964298695992504, -0.3874275482173791252 ) ) ;
#211 = ORIENTED_EDGE ( 'NONE', *, *, #2045, .F. ) ;
#212 = CARTESIAN_POINT ( 'NONE',  ( -33.75000000000000000, 5.924999999999997158, 0.7755806863550002150 ) ) ;
#213 = CARTESIAN_POINT ( 'NONE',  ( -43.24999999999999289, 12.62341071194537001, 64.46125693929977274 ) ) ;
#214 = CARTESIAN_POINT ( 'NONE',  ( -37.25000000000000000, -7.499999999999999112, 0.9817477042468188975 ) ) ;
#215 = CARTESIAN_POINT ( 'NONE',  ( -40.69999999999999574, -12.35589166865738697, 70.24227549128674752 ) ) ;
#216 = CARTESIAN_POINT ( 'NONE',  ( -37.25000000000000000, 7.304795075012373573, 1.963109132694579539 ) ) ;
#217 = B_SPLINE_CURVE_WITH_KNOTS ( 'NONE', 3,
 ( #1683, #1524, #704, #1261 ),
 .UNSPECIFIED., .F., .F.,
 ( 4, 4 ),
 ( 0.000000000000000000, 1.000000000000000000 ),
 .UNSPECIFIED. ) ;
#218 = TOROIDAL_SURFACE ( 'NONE', #447, 46.94677837722209546, 2.000000000000000000 ) ;
#219 = CARTESIAN_POINT ( 'NONE',  ( -38.25000000000000711, 10.58582295319438060, 81.17528114527837602 ) ) ;
#220 = CARTESIAN_POINT ( 'NONE',  ( -38.25000000000000000, 12.04300145168049418, 68.36197955523893199 ) ) ;
#221 = CARTESIAN_POINT ( 'NONE',  ( -40.69999999999999574, 15.45979217817127882, 67.20171633218458851 ) ) ;
#222 = AXIS2_PLACEMENT_3D ( 'NONE', #1863, #2046, #252 ) ;
#223 = CARTESIAN_POINT ( 'NONE',  ( -38.25000000000000000, -14.36046164294621441, 66.77100004334069183 ) ) ;
#224 = CARTESIAN_POINT ( 'NONE',  ( -43.25000000000000000, -28.41330501964728228, 57.61650988424236886 ) ) ;
#225 = ORIENTED_EDGE ( 'NONE', *, *, #772, .F. ) ;
#226 = CARTESIAN_POINT ( 'NONE',  ( -43.25000000000000000, -29.35322323254530019, 50.00000000000000000 ) ) ;
#227 = CARTESIAN_POINT ( 'NONE',  ( -43.25000000000000000, 14.13851673022521993, 64.22100004334070888 ) ) ;
#228 = CARTESIAN_POINT ( 'NONE',  ( -37.25000000000000000, -7.304795075012366468, 1.963109132694610182 ) ) ;
#229 = CARTESIAN_POINT ( 'NONE',  ( -43.25000000000000711, -17.91003868097026697, -23.33575881347401904 ) ) ;
#230 = CARTESIAN_POINT ( 'NONE',  ( -40.69999999999999574, -21.07440200472176883, 58.24227549128674042 ) ) ;
#231 = CARTESIAN_POINT ( 'NONE',  ( -39.06666666666666288, -14.07517537981347466, 71.07100004334070320 ) ) ;
#232 = CARTESIAN_POINT ( 'NONE',  ( -37.25000000000000000, -4.463585569726197910, -3.915680276601648302 ) ) ;
#233 = ORIENTED_EDGE ( 'NONE', *, *, #1498, .F. ) ;
#234 = CARTESIAN_POINT ( 'NONE',  ( -39.25000000000000000, -33.35322323254529664, 52.18296335585219481 ) ) ;
#235 = CARTESIAN_POINT ( 'NONE',  ( -38.25000000000000000, 14.69758960411330229, 71.01664179151497081 ) ) ;
#236 = CARTESIAN_POINT ( 'NONE',  ( -43.25000000000000000, 22.54905279121818396, 52.22100004334070178 ) ) ;
#237 = CARTESIAN_POINT ( 'NONE',  ( -38.25000000000000711, 31.17528114527835470, -10.58582295319444455 ) ) ;
#238 = CARTESIAN_POINT ( 'NONE',  ( -43.25000000000001421, -18.15468546507750958, 66.56738608158863713 ) ) ;
#239 = CARTESIAN_POINT ( 'NONE',  ( -38.25000000000000000, 22.85702706628955028, 54.77100004334069894 ) ) ;
#240 = EDGE_LOOP ( 'NONE', ( #2042, #1103, #1259 ) ) ;
#241 = CARTESIAN_POINT ( 'NONE',  ( -43.25000000000000000, 14.13851673022521993, 73.62100004334071457 ) ) ;
#242 = CARTESIAN_POINT ( 'NONE',  ( -33.25000000000001421, 4.338192620010121736, -3.333915955863922864 ) ) ;
#243 = CARTESIAN_POINT ( 'NONE',  ( -43.25000000000000000, 20.77490882029755781, 52.69627554178860152 ) ) ;
#244 = CARTESIAN_POINT ( 'NONE',  ( -37.25000000000000000, 7.611663318921999987E-16, -7.500000000000000000 ) ) ;
#245 = PLANE ( 'NONE',  #583 ) ;
#246 = CARTESIAN_POINT ( 'NONE',  ( -38.25000000000000000, 20.70695862122954622, 56.63554864912097031 ) ) ;
#247 = FACE_OUTER_BOUND ( 'NONE', #1859, .T. ) ;
#248 = ORIENTED_EDGE ( 'NONE', *, *, #1568, .T. ) ;
#249 = CARTESIAN_POINT ( 'NONE',  ( -43.25000000000001421, 18.83858805492094035, 69.22780468859987479 ) ) ;
#250 = CARTESIAN_POINT ( 'NONE',  ( -39.25000000000000000, -4.084591807298374691E-15, -33.35322323254529664 ) ) ;
#251 = EDGE_CURVE ( 'NONE', #830, #1826, #1951, .T. ) ;
#252 = DIRECTION ( 'NONE',  ( 0.000000000000000000, 0.000000000000000000, -1.000000000000000000 ) ) ;
#253 = CARTESIAN_POINT ( 'NONE',  ( -40.70000000000000284, 25.00702706628955241, 57.20243438522477675 ) ) ;
#254 = CARTESIAN_POINT ( 'NONE',  ( -38.25000000000001421, 32.64144846846580350, -4.300423695872073182 ) ) ;
#255 = CARTESIAN_POINT ( 'NONE',  ( -43.25000000000000000, -18.29993423247172046, 71.00303541292906573 ) ) ;
#256 = CARTESIAN_POINT ( 'NONE',  ( -38.75000000000000000, 0.000000000000000000, 0.000000000000000000 ) ) ;
#257 = EDGE_LOOP ( 'NONE', ( #211, #96, #778, #1145 ) ) ;
#258 = DIRECTION ( 'NONE',  ( 0.000000000000000000, 0.000000000000000000, -1.000000000000000000 ) ) ;
#259 = CARTESIAN_POINT ( 'NONE',  ( -39.24999999999999289, 2.182963355852179266, -33.35322323254529664 ) ) ;
#260 = EDGE_CURVE ( 'NONE', #275, #762, #1599, .T. ) ;
#261 = EDGE_CURVE ( 'NONE', #1307, #712, #410, .T. ) ;
#262 = APPLICATION_PROTOCOL_DEFINITION ( 'draft international standard', 'automotive_design', 1998, #1843 ) ;
#263 = EDGE_CURVE ( 'NONE', #1601, #781, #1923, .T. ) ;
#264 = CARTESIAN_POINT ( 'NONE',  ( -43.24999999999999289, -14.70551546139293109, -25.47686746851508488 ) ) ;
#265 = CARTESIAN_POINT ( 'NONE',  ( -38.58333333333333570, -33.18655656587862524, 49.99999999999995026 ) ) ;
#266 = CARTESIAN_POINT ( 'NONE',  ( -43.25000000000000000, -16.15729362576233541, 64.69627554177502304 ) ) ;
#267 = CARTESIAN_POINT ( 'NONE',  ( -38.24999999999998579, -3.777142352781733603, 6.553397912656937940 ) ) ;
#268 = EDGE_LOOP ( 'NONE', ( #1802, #1960, #195, #2052 ) ) ;
#269 = CARTESIAN_POINT ( 'NONE',  ( -43.24999999999999289, 17.24492452246996166, 65.38070496078596250 ) ) ;
#270 = CARTESIAN_POINT ( 'NONE',  ( -39.24999999999998579, 32.28647537644085475, -8.647909387792575231 ) ) ;
#271 = CARTESIAN_POINT ( 'NONE',  ( -40.70000000000000995, 23.41978501766199372, 54.82695878850381632 ) ) ;
#272 = DIRECTION ( 'NONE',  ( 0.000000000000000000, 0.000000000000000000, -1.000000000000000000 ) ) ;
#273 = CARTESIAN_POINT ( 'NONE',  ( -38.75000000000000000, 33.35322323254529664, 5.703344358878899383E-15 ) ) ;
#274 = CARTESIAN_POINT ( 'NONE',  ( -38.25000000000000000, -5.997501317986341896, 4.609100399811871362 ) ) ;
#275 = VERTEX_POINT ( 'NONE', #1678 ) ;
#276 = AXIS2_PLACEMENT_3D ( 'NONE', #31, #41, #1326 ) ;
#277 = CARTESIAN_POINT ( 'NONE',  ( -43.25000000000000000, 14.44649100525831287, 73.62100004334072878 ) ) ;
#278 = AXIS2_PLACEMENT_3D ( 'NONE', #1676, #524, #708 ) ;
#279 = CARTESIAN_POINT ( 'NONE',  ( -39.24999999999998579, 29.97897637808379301, -14.78052111176350536 ) ) ;
#280 = ORIENTED_EDGE ( 'NONE', *, *, #1823, .T. ) ;
#281 = B_SPLINE_CURVE_WITH_KNOTS ( 'NONE', 3,
 ( #1289, #1419, #788, #467, #1440, #499, #181, #1529, #509, #364, #1034, #2021, #860, #32, #56, #1845, #698, #1328 ),
 .UNSPECIFIED., .F., .F.,
 ( 4, 2, 2, 2, 2, 2, 2, 2, 4 ),
 ( 0.000000000000000000, 0.1250000000000000000, 0.2500000000000000000, 0.3750000000000000000, 0.5000000000000000000, 0.6250000000000000000, 0.7500000000000000000, 0.8750000000000000000, 1.000000000000000000 ),
 .UNSPECIFIED. ) ;
#282 = CARTESIAN_POINT ( 'NONE',  ( -40.69999999999999574, 21.13774335513346614, 55.59972459539464040 ) ) ;
#283 = B_SPLINE_CURVE_WITH_KNOTS ( 'NONE', 3,
 ( #1679, #1365, #527, #209 ),
 .UNSPECIFIED., .F., .F.,
 ( 4, 4 ),
 ( 0.000000000000000000, 1.000000000000000000 ),
 .UNSPECIFIED. ) ;
#284 = CARTESIAN_POINT ( 'NONE',  ( -38.24999999999999289, 6.553397912656917512, -3.777142352781769130 ) ) ;
#285 = CARTESIAN_POINT ( 'NONE',  ( -40.70000000000000284, 12.04447547538834229, 69.48375799471318714 ) ) ;
#286 = CARTESIAN_POINT ( 'NONE',  ( -33.25000000000000000, -0.7101308394051918382, -5.424999999999998934 ) ) ;
#287 = CARTESIAN_POINT ( 'NONE',  ( -43.25000000000000000, 22.11843285694141770, -19.39324338381334556 ) ) ;
#288 = ORIENTED_EDGE ( 'NONE', *, *, #2014, .F. ) ;
#289 = CARTESIAN_POINT ( 'NONE',  ( -43.25000000000000000, -10.33955869134883265, 66.05271324219133078 ) ) ;
#290 = CARTESIAN_POINT ( 'NONE',  ( -38.25000000000000711, -22.23461284200640264, 59.01664179152628265 ) ) ;
#291 = CARTESIAN_POINT ( 'NONE',  ( -43.25000000000000711, -22.48652235035022073, 52.22100004334069467 ) ) ;
#292 = CARTESIAN_POINT ( 'NONE',  ( -40.70000000000000284, -24.88772697071473061, 57.48375799471317293 ) ) ;
#293 = CARTESIAN_POINT ( 'NONE',  ( -38.25000000000000711, 7.500000000000004441, 0.9817477042467859238 ) ) ;
#294 = CARTESIAN_POINT ( 'NONE',  ( -38.75000000000000000, -33.35322323254529664, 50.00000000000000000 ) ) ;
#295 = CARTESIAN_POINT ( 'NONE',  ( -33.25000000000000000, -3.333915955863924196, 4.338192620010119072 ) ) ;
#296 = CARTESIAN_POINT ( 'NONE',  ( -38.25000000000000000, 22.85702706628955028, 54.77100004334069894 ) ) ;
#297 = ORIENTED_EDGE ( 'NONE', *, *, #440, .T. ) ;
#298 = CARTESIAN_POINT ( 'NONE',  ( -40.70000000000000284, -14.63793333118593765, 66.82695878850384474 ) ) ;
#299 = CARTESIAN_POINT ( 'NONE',  ( -43.25000000000000000, 22.85702706628955028, 61.62100004334070036 ) ) ;
#300 = EDGE_LOOP ( 'NONE', ( #1161, #1386, #676, #771 ) ) ;
#301 = CARTESIAN_POINT ( 'NONE',  ( -43.25000000000000000, 10.05900664494783392, 66.56738608160320325 ) ) ;
#302 = CARTESIAN_POINT ( 'NONE',  ( -40.69999999999999574, 20.97838633132789354, 58.00378085113814564 ) ) ;
#303 = CARTESIAN_POINT ( 'NONE',  ( -38.25000000000000711, -29.52955989786740076, -14.55894550857951053 ) ) ;
#304 = CARTESIAN_POINT ( 'NONE',  ( -40.70000000000000284, 12.81724128227915216, 67.20171633218461693 ) ) ;
#305 = B_SPLINE_CURVE_WITH_KNOTS ( 'NONE', 3,
 ( #920, #2067, #63, #2055 ),
 .UNSPECIFIED., .F., .F.,
 ( 4, 4 ),
 ( 0.000000000000000000, 1.000000000000000000 ),
 .UNSPECIFIED. ) ;
#306 = DIRECTION ( 'NONE',  ( 0.000000000000000000, 0.000000000000000000, -1.000000000000000000 ) ) ;
#307 = CYLINDRICAL_SURFACE ( 'NONE', #1211, 7.500000000000000000 ) ;
#308 = VERTEX_POINT ( 'NONE', #490 ) ;
#309 = CARTESIAN_POINT ( 'NONE',  ( -38.25000000000000000, -12.75678782126141364, 67.19892510507419559 ) ) ;
#310 = CARTESIAN_POINT ( 'NONE',  ( -43.24999999999999289, 24.37213308453138438, 61.38074314739238702 ) ) ;
#311 = VERTEX_POINT ( 'NONE', #1463 ) ;
#312 = CARTESIAN_POINT ( 'NONE',  ( -43.24999999999999289, -18.24474157250143236, 58.14137923726150348 ) ) ;
#313 = EDGE_CURVE ( 'NONE', #1541, #1002, #1239, .T. ) ;
#314 = AXIS2_PLACEMENT_3D ( 'NONE', #1488, #1156, #1201 ) ;
#315 = CARTESIAN_POINT ( 'NONE',  ( -39.25000000000000000, 33.35322323254529664, 50.00000000000000000 ) ) ;
#316 = CARTESIAN_POINT ( 'NONE',  ( -38.25000000000000711, -26.12184831712983524, -20.04013080247699818 ) ) ;
#317 = CARTESIAN_POINT ( 'NONE',  ( -33.25000000000000711, -0.7101308394052090467, 5.424999999999998046 ) ) ;
#318 = DIRECTION ( 'NONE',  ( 1.000000000000000000, 0.000000000000000000, 0.000000000000000000 ) ) ;
#319 = ORIENTED_EDGE ( 'NONE', *, *, #1820, .T. ) ;
#320 = CARTESIAN_POINT ( 'NONE',  ( -38.25000000000000000, -13.51598885312322196, 66.82555304504096227 ) ) ;
#321 = DIRECTION ( 'NONE',  ( -1.000000000000000000, 0.000000000000000000, 0.000000000000000000 ) ) ;
#322 = ORIENTED_EDGE ( 'NONE', *, *, #1851, .F. ) ;
#323 = CARTESIAN_POINT ( 'NONE',  ( -43.25000000000000000, -21.27855149934868351, 52.46142302207343988 ) ) ;
#324 = EDGE_CURVE ( 'NONE', #504, #347, #189, .T. ) ;
#325 = CARTESIAN_POINT ( 'NONE',  ( -40.70000000000000995, 22.29426911491709973, 59.01504129817757871 ) ) ;
#326 = CARTESIAN_POINT ( 'NONE',  ( -37.25000000000000000, 5.622281317779038723, 1.909476616927034076 ) ) ;
#327 = PLANE ( 'NONE',  #758 ) ;
#328 = ADVANCED_FACE ( 'NONE', ( #1169, #355, #1281, #1303, #1944, #1618 ), #1595, .F. ) ;
#329 = CARTESIAN_POINT ( 'NONE',  ( -38.25000000000000000, 14.13851673022521993, 66.77100004334070604 ) ) ;
#330 = EDGE_LOOP ( 'NONE', ( #586, #1009, #2083, #1604 ) ) ;
#331 = CARTESIAN_POINT ( 'NONE',  ( -43.24999999999999289, -27.25339446882503225, 58.43618893798107905 ) ) ;
#332 = CARTESIAN_POINT ( 'NONE',  ( -26.04683463006111310, 41.39937260491224436, 10.37404239491490898 ) ) ;
#333 = CARTESIAN_POINT ( 'NONE',  ( -37.25000000000000000, -1.909449292339706616, -5.622215350368643172 ) ) ;
#334 = ORIENTED_EDGE ( 'NONE', *, *, #416, .F. ) ;
#335 = CARTESIAN_POINT ( 'NONE',  ( -43.24999999999999289, -18.71415806121512659, 54.56734919597489153 ) ) ;
#336 = CARTESIAN_POINT ( 'NONE',  ( -37.25000000000000000, -0.9817477042468111259, -7.499999999999998224 ) ) ;
#337 = CARTESIAN_POINT ( 'NONE',  ( -37.25000000000000000, 4.463535080458981064, -3.915629787331887712 ) ) ;
#338 = CARTESIAN_POINT ( 'NONE',  ( -33.75000000000000000, -5.177184350998974338, -2.983942458697586009 ) ) ;
#339 = CARTESIAN_POINT ( 'NONE',  ( -38.75000000000000000, -4.365872733633588965, 83.13822542452609810 ) ) ;
#340 = CARTESIAN_POINT ( 'NONE',  ( -40.70000000000000284, 22.85702706628955028, 54.77100004334069894 ) ) ;
#341 = CARTESIAN_POINT ( 'NONE',  ( -38.25000000000000000, 11.98844828516476646, 68.63554864911543518 ) ) ;
#342 = EDGE_LOOP ( 'NONE', ( #1647, #1736 ) ) ;
#343 = CARTESIAN_POINT ( 'NONE',  ( -43.24999999999999289, -27.46338100319447051, 57.53432224258719430 ) ) ;
#344 =( NAMED_UNIT ( * ) PLANE_ANGLE_UNIT ( ) SI_UNIT ( $, .RADIAN. ) );
#345 = PRODUCT ( 'ASV1_300_03A.STEP', 'ASV1_300_03A.STEP', '', ( #1399 ) ) ;
#346 = CARTESIAN_POINT ( 'NONE',  ( -43.25000000000000000, -26.38144396493043331, 63.01332160826132878 ) ) ;
#347 = VERTEX_POINT ( 'NONE', #1954 ) ;
#348 = CARTESIAN_POINT ( 'NONE',  ( -39.25000000000000000, -14.78052111176344319, 79.97897637808384275 ) ) ;
#349 = CARTESIAN_POINT ( 'NONE',  ( -39.06666666666666288, -22.79368571587786008, 54.77100004334069894 ) ) ;
#350 = CARTESIAN_POINT ( 'NONE',  ( -41.55000000000000426, 22.85702706628955738, 59.92100004334070462 ) ) ;
#351 = CARTESIAN_POINT ( 'NONE',  ( -37.25000000000000000, 0.9817477042468264470, 7.499999999999996447 ) ) ;
#352 = CARTESIAN_POINT ( 'NONE',  ( -43.24999999999999289, 11.27022781264349227, 72.65665753323402498 ) ) ;
#353 = FACE_OUTER_BOUND ( 'NONE', #950, .T. ) ;
#354 = ORIENTED_EDGE ( 'NONE', *, *, #261, .T. ) ;
#355 = FACE_BOUND ( 'NONE', #493, .T. ) ;
#356 = CARTESIAN_POINT ( 'NONE',  ( -40.70000000000000284, -15.39645082775954954, 67.20171633218461693 ) ) ;
#357 = CARTESIAN_POINT ( 'NONE',  ( -43.25000000000000000, -25.47686746813058889, 64.70551546188693237 ) ) ;
#358 = ORIENTED_EDGE ( 'NONE', *, *, #260, .F. ) ;
#359 = CARTESIAN_POINT ( 'NONE',  ( -33.75000000000000000, 4.738026041209202788, 3.641189315851389718 ) ) ;
#360 = CARTESIAN_POINT ( 'NONE',  ( -40.70000000000000284, -14.07517537981347999, 66.77100004334070604 ) ) ;
#361 = CARTESIAN_POINT ( 'NONE',  ( -40.70000000000000284, -12.35589166865740118, 67.59972459539461909 ) ) ;
#362 = CARTESIAN_POINT ( 'NONE',  ( -38.25000000000000000, 32.85322323254529664, 2.591175953246364545E-15 ) ) ;
#363 = CARTESIAN_POINT ( 'NONE',  ( -38.25000000000000711, 20.04013080247697332, 76.12184831712986011 ) ) ;
#364 = CARTESIAN_POINT ( 'NONE',  ( -38.25000000000000000, 25.00695862123045288, 56.63554864912350695 ) ) ;
#365 = ORIENTED_EDGE ( 'NONE', *, *, #313, .F. ) ;
#366 = CARTESIAN_POINT ( 'NONE',  ( -43.25000000000000000, -27.34259135373173422, 58.14139289593959603 ) ) ;
#367 =( LENGTH_UNIT ( ) NAMED_UNIT ( * ) SI_UNIT ( .MILLI., .METRE. ) );
#368 = CARTESIAN_POINT ( 'NONE',  ( -43.25000000000000000, 29.35322323254530374, 51.92754191830306354 ) ) ;
#369 = ORIENTED_EDGE ( 'NONE', *, *, #1042, .T. ) ;
#370 = B_SPLINE_CURVE_WITH_KNOTS ( 'NONE', 3,
 ( #1672, #519, #1200, #175, #190, #831, #843, #1853, #1484, #1499, #16, #666, #1324, #51, #2027, #1209, #1545, #921 ),
 .UNSPECIFIED., .F., .F.,
 ( 4, 2, 2, 2, 2, 2, 2, 2, 4 ),
 ( 0.000000000000000000, 0.1250000000000000000, 0.2500000000000000000, 0.3750000000000000000, 0.5000000000000000000, 0.6250000000000000000, 0.7500000000000000000, 0.8750000000000000000, 1.000000000000000000 ),
 .UNSPECIFIED. ) ;
#371 = CARTESIAN_POINT ( 'NONE',  ( -39.24999999999999289, 26.51940212992065682, 70.34512569842107155 ) ) ;
#372 = CARTESIAN_POINT ( 'NONE',  ( -39.25000000000000000, -33.35322323254529664, 4.100547244045634149E-15 ) ) ;
#373 = CARTESIAN_POINT ( 'NONE',  ( -40.70000000000000284, -12.75389993186740867, 70.64028375449680652 ) ) ;
#374 = CARTESIAN_POINT ( 'NONE',  ( -33.75000000000000000, -1.550856214828736146, 5.770788109259767928 ) ) ;
#375 = CARTESIAN_POINT ( 'NONE',  ( -38.25000000000000711, 31.80246705209791713, 58.51826810353800568 ) ) ;
#376 = CARTESIAN_POINT ( 'NONE',  ( -38.24999999999998579, 13.05205084495383616, 67.04395980171763370 ) ) ;
#377 = CARTESIAN_POINT ( 'NONE',  ( -38.25000000000000000, 32.85322323254529664, 2.591175953246364545E-15 ) ) ;
#378 = CARTESIAN_POINT ( 'NONE',  ( -43.25000000000000000, -29.16511353809381291, 53.83654966105461881 ) ) ;
#379 = ORIENTED_EDGE ( 'NONE', *, *, #552, .F. ) ;
#380 = CARTESIAN_POINT ( 'NONE',  ( -39.24999999999998579, 2.182963355852216125, 83.35322323254528953 ) ) ;
#381 = CARTESIAN_POINT ( 'NONE',  ( -43.24999999999999289, 11.78486588288864212, 64.84147238867092256 ) ) ;
#382 = CARTESIAN_POINT ( 'NONE',  ( -37.24999999999998579, -3.777142352781747370, -6.553397912656931723 ) ) ;
#383 = CARTESIAN_POINT ( 'NONE',  ( -38.25000000000000000, 14.13851673022521993, 71.07100004334070320 ) ) ;
#384 = CARTESIAN_POINT ( 'NONE',  ( -38.25000000000000000, 31.80246705209791003, -8.518268103538002123 ) ) ;
#385 = B_SPLINE_CURVE_WITH_KNOTS ( 'NONE', 3,
 ( #1275, #949, #1113, #635 ),
 .UNSPECIFIED., .F., .F.,
 ( 4, 4 ),
 ( 0.000000000000000000, 1.000000000000000000 ),
 .UNSPECIFIED. ) ;
#386 = CARTESIAN_POINT ( 'NONE',  ( -38.25000000000000711, -14.63424825368416649, 66.82535829515980197 ) ) ;
#387 = CARTESIAN_POINT ( 'NONE',  ( -37.25000000000000000, -5.325691142481567830, -2.625322056593206277 ) ) ;
#388 = VERTEX_POINT ( 'NONE', #485 ) ;
#389 = CARTESIAN_POINT ( 'NONE',  ( -39.25000000000000000, 33.35322323254529664, 50.00000000000000000 ) ) ;
#390 = CARTESIAN_POINT ( 'NONE',  ( -39.24999999999998579, -29.97897637808378235, -14.78052111176351069 ) ) ;
#391 = CARTESIAN_POINT ( 'NONE',  ( -38.25000000000000000, -4.110715430466514888E-15, 7.500000000000000000 ) ) ;
#392 = CARTESIAN_POINT ( 'NONE',  ( -40.69999999999999574, 24.57631077744564152, 58.24227549128674042 ) ) ;
#393 = FACE_OUTER_BOUND ( 'NONE', #268, .T. ) ;
#394 = CARTESIAN_POINT ( 'NONE',  ( -38.25000000000000000, 22.85702706628955028, 54.77100004334069894 ) ) ;
#395 = CARTESIAN_POINT ( 'NONE',  ( -38.75000000000000000, 0.000000000000000000, -33.35322323254529664 ) ) ;
#396 = ORIENTED_EDGE ( 'NONE', *, *, #1767, .T. ) ;
#397 = CARTESIAN_POINT ( 'NONE',  ( -43.25000000000000000, 18.80818167003056729, 69.53429488819961080 ) ) ;
#398 = CARTESIAN_POINT ( 'NONE',  ( -39.24999999999999289, -22.04070213015659618, -25.12787851416635476 ) ) ;
#399 = CARTESIAN_POINT ( 'NONE',  ( -37.58333333333332860, 1.573486027001683450E-14, 7.500000000000000000 ) ) ;
#400 = FACE_OUTER_BOUND ( 'NONE', #1755, .T. ) ;
#401 = DIRECTION ( 'NONE',  ( -1.000000000000000000, 0.000000000000000000, 0.000000000000000000 ) ) ;
#402 = EDGE_CURVE ( 'NONE', #762, #1182, #2010, .T. ) ;
#403 = CARTESIAN_POINT ( 'NONE',  ( -39.88333333333333286, -14.07517537981347466, 71.07100004334070320 ) ) ;
#404 = PLANE ( 'NONE',  #106 ) ;
#405 = VERTEX_POINT ( 'NONE', #1446 ) ;
#406 = CARTESIAN_POINT ( 'NONE',  ( -38.25000000000000711, -13.51610250595733831, 71.01664179153792134 ) ) ;
#407 = CARTESIAN_POINT ( 'NONE',  ( -39.24999999999998579, 22.04070213015664237, -25.12787851416631568 ) ) ;
#408 = B_SPLINE_CURVE_WITH_KNOTS ( 'NONE', 3,
 ( #391, #72, #399, #736 ),
 .UNSPECIFIED., .F., .F.,
 ( 4, 4 ),
 ( 0.000000000000000000, 1.000000000000000000 ),
 .UNSPECIFIED. ) ;
#409 = APPLICATION_PROTOCOL_DEFINITION ( 'draft international standard', 'automotive_design', 1998, #481 ) ;
#410 = B_SPLINE_CURVE_WITH_KNOTS ( 'NONE', 3,
 ( #2119, #1142, #983, #1640, #6, #164, #821, #2037, #1909, #1814, #1085, #2105, #1665, #1343, #1835, #2123, #1822, #1490 ),
 .UNSPECIFIED., .F., .F.,
 ( 4, 2, 2, 2, 2, 2, 2, 2, 4 ),
 ( 0.000000000000000000, 0.1250000000000000000, 0.2500000000000000000, 0.3750000000000000000, 0.5000000000000000000, 0.6250000000000000000, 0.7500000000000000000, 0.8750000000000000000, 1.000000000000000000 ),
 .UNSPECIFIED. ) ;
#411 = CARTESIAN_POINT ( 'NONE',  ( -43.25000000000000000, 18.39745010419686722, 55.40586573824746353 ) ) ;
#412 = CARTESIAN_POINT ( 'NONE',  ( -40.69999999999999574, -21.47241026793179586, 55.20171633218460272 ) ) ;
#413 = CARTESIAN_POINT ( 'NONE',  ( -38.25000000000000000, 21.53863950774561076, 58.64307498161672783 ) ) ;
#414 = FACE_OUTER_BOUND ( 'NONE', #1196, .T. ) ;
#415 = ORIENTED_EDGE ( 'NONE', *, *, #13, .T. ) ;
#416 = EDGE_CURVE ( 'NONE', #529, #836, #611, .T. ) ;
#417 = CARTESIAN_POINT ( 'NONE',  ( -43.25000000000000711, 17.67891268113404024, 65.81449138274184918 ) ) ;
#418 = CARTESIAN_POINT ( 'NONE',  ( -39.24999999999999289, 8.647909387792521940, -32.28647537644088317 ) ) ;
#419 = EDGE_CURVE ( 'NONE', #388, #1942, #544, .T. ) ;
#420 = CARTESIAN_POINT ( 'NONE',  ( -43.24999999999999289, 19.75051840573483375, 53.38060409239862025 ) ) ;
#421 = CARTESIAN_POINT ( 'NONE',  ( -40.69999999999999574, 25.00702706628954530, 56.63956570145661118 ) ) ;
#422 = CARTESIAN_POINT ( 'NONE',  ( -40.70000000000000284, 13.85708238834113715, 71.07100004334070320 ) ) ;
#423 = CARTESIAN_POINT ( 'NONE',  ( -43.25000000000000000, -14.07517537981347999, 73.62100004334071457 ) ) ;
#424 = CARTESIAN_POINT ( 'NONE',  ( -38.75000000000000000, -14.78052111176339878, -29.97897637808385340 ) ) ;
#425 = ORIENTED_EDGE ( 'NONE', *, *, #2014, .T. ) ;
#426 = CARTESIAN_POINT ( 'NONE',  ( -38.25000000000000000, -14.07517537981347999, 71.07100004334070320 ) ) ;
#427 = CARTESIAN_POINT ( 'NONE',  ( -40.58333333333332860, 1.343542649134462939E-13, -32.01988989921196804 ) ) ;
#428 = EDGE_CURVE ( 'NONE', #311, #1681, #1872, .T. ) ;
#429 = ADVANCED_FACE ( 'NONE', ( #451 ), #115, .T. ) ;
#430 = CARTESIAN_POINT ( 'NONE',  ( -43.25000000000000000, -2.799190877114749791E-15, -29.35322323254530019 ) ) ;
#431 = CARTESIAN_POINT ( 'NONE',  ( -33.25000000000000000, -5.420999461024699975E-15, 5.424999999999999822 ) ) ;
#432 = B_SPLINE_CURVE_WITH_KNOTS ( 'NONE', 3,
 ( #644, #1775, #2102, #625, #110, #454, #1287, #962, #1598, #776, #142, #1786, #1459, #973, #1426, #153, #809, #1305, #433, #707, #219, #656, #846, #363, #1352, #1958, #984, #1807, #1143, #1327, #375, #2009, #1652, #1474 ),
 .UNSPECIFIED., .F., .F.,
 ( 4, 2, 2, 2, 2, 2, 2, 2, 2, 2, 2, 2, 2, 2, 2, 2, 4 ),
 ( 0.000000000000000000, 0.06250000000000000000, 0.1250000000000000000, 0.1875000000000000000, 0.2500000000000000000, 0.3125000000000000000, 0.3750000000000000000, 0.4375000000000000000, 0.5000000000000000000, 0.5625000000000000000, 0.6250000000000000000, 0.6875000000000000000, 0.7500000000000000000, 0.8125000000000000000, 0.8750000000000000000, 0.9375000000000000000, 1.000000000000000000 ),
 .UNSPECIFIED. ) ;
#433 = CARTESIAN_POINT ( 'NONE',  ( -38.25000000000000711, 4.300423695872021668, 82.64144846846581061 ) ) ;
#434 = CARTESIAN_POINT ( 'NONE',  ( -38.75000000000000000, -29.97897637808378235, -14.78052111176351069 ) ) ;
#435 = ORIENTED_EDGE ( 'NONE', *, *, #440, .F. ) ;
#436 = CARTESIAN_POINT ( 'NONE',  ( -43.25000000000000711, 14.75203611288384842, 64.25137974292817944 ) ) ;
#437 = CARTESIAN_POINT ( 'NONE',  ( -39.24999999999998579, 16.71499030809890840, -28.94498105048873526 ) ) ;
#438 = B_SPLINE_CURVE_WITH_KNOTS ( 'NONE', 3,
 ( #1501, #1153, #833, #1662 ),
 .UNSPECIFIED., .F., .F.,
 ( 4, 4 ),
 ( 0.000000000000000000, 1.000000000000000000 ),
 .UNSPECIFIED. ) ;
#439 = ORIENTED_EDGE ( 'NONE', *, *, #1187, .T. ) ;
#440 = EDGE_CURVE ( 'NONE', #1312, #2109, #1433, .T. ) ;
#441 = DIRECTION ( 'NONE',  ( 0.000000000000000000, -1.000000000000000000, 0.000000000000000000 ) ) ;
#442 = DIRECTION ( 'NONE',  ( 0.000000000000000000, 0.000000000000000000, 1.000000000000000000 ) ) ;
#443 = CARTESIAN_POINT ( 'NONE',  ( -43.25000000000000000, 14.13851673022521993, 68.92100004334069752 ) ) ;
#444 = CARTESIAN_POINT ( 'NONE',  ( -33.25000000000000000, -4.338192620010123512, -3.333915955863917979 ) ) ;
#445 = CARTESIAN_POINT ( 'NONE',  ( -43.25000000000000711, 28.41330501968841560, -7.616509884083309423 ) ) ;
#446 = ORIENTED_EDGE ( 'NONE', *, *, #202, .T. ) ;
#447 = AXIS2_PLACEMENT_3D ( 'NONE', #498, #684, #55 ) ;
#448 = CARTESIAN_POINT ( 'NONE',  ( -43.25000000000000000, -10.53488029723806285, 72.02740783557810289 ) ) ;
#449 = CARTESIAN_POINT ( 'NONE',  ( -39.24999999999998579, 4.365872733633611169, -33.13822542452609099 ) ) ;
#450 = VERTEX_POINT ( 'NONE', #1784 ) ;
#451 = FACE_OUTER_BOUND ( 'NONE', #925, .T. ) ;
#452 = CARTESIAN_POINT ( 'NONE',  ( -38.25000000000000000, -32.85322323254529664, 5.219982608343349101E-15 ) ) ;
#453 = CARTESIAN_POINT ( 'NONE',  ( -40.70000000000000284, 12.25987599526356675, 67.83821923554326361 ) ) ;
#454 = CARTESIAN_POINT ( 'NONE',  ( -38.25000000000001421, -29.52955989786744340, 64.55894550857944125 ) ) ;
#455 = EDGE_CURVE ( 'NONE', #1133, #1904, #1549, .T. ) ;
#456 = FACE_BOUND ( 'NONE', #1654, .T. ) ;
#457 = ORIENTED_EDGE ( 'NONE', *, *, #1233, .F. ) ;
#458 = CARTESIAN_POINT ( 'NONE',  ( -43.25000000000000000, -9.850416527149970847, 66.83896467377299189 ) ) ;
#459 = CARTESIAN_POINT ( 'NONE',  ( -43.25000000000000000, 26.59264375478490905, 54.05271324223323148 ) ) ;
#460 = B_SPLINE_CURVE_WITH_KNOTS ( 'NONE', 3,
 ( #1738, #1422, #2066, #1087 ),
 .UNSPECIFIED., .F., .F.,
 ( 4, 4 ),
 ( 0.000000000000000000, 1.000000000000000000 ),
 .UNSPECIFIED. ) ;
#461 = CARTESIAN_POINT ( 'NONE',  ( -41.55000000000000426, 22.85702706628953607, 53.92100004334069752 ) ) ;
#462 = CARTESIAN_POINT ( 'NONE',  ( -40.70000000000000284, 22.85702706628955028, 54.77100004334069894 ) ) ;
#463 = FACE_OUTER_BOUND ( 'NONE', #1834, .T. ) ;
#464 = B_SPLINE_CURVE_WITH_KNOTS ( 'NONE', 3,
 ( #1831, #351, #1687, #1674, #655, #1806, #1315, #216, #54, #994, #1486, #1844, #697, #1351, #871, #192, #205, #1178 ),
 .UNSPECIFIED., .F., .F.,
 ( 4, 2, 2, 2, 2, 2, 2, 2, 4 ),
 ( 0.000000000000000000, 0.1250000000000000000, 0.2500000000000000000, 0.3750000000000000000, 0.5000000000000000000, 0.6250000000000000000, 0.7500000000000000000, 0.8750000000000000000, 1.000000000000000000 ),
 .UNSPECIFIED. ) ;
#465 = CYLINDRICAL_SURFACE ( 'NONE', #1099, 33.35322323254529664 ) ;
#466 = CARTESIAN_POINT ( 'NONE',  ( -43.25000000000000000, -14.07517537981347999, 64.22100004334070888 ) ) ;
#467 = CARTESIAN_POINT ( 'NONE',  ( -38.24999999999998579, 23.94349295157560320, 58.79804028496343449 ) ) ;
#468 = ORIENTED_EDGE ( 'NONE', *, *, #1498, .T. ) ;
#469 = CARTESIAN_POINT ( 'NONE',  ( -43.25000000000000000, -9.405510440007001094, 69.53429488820462723 ) ) ;
#470 = CARTESIAN_POINT ( 'NONE',  ( -43.25000000000000000, 27.40593270414517590, 55.70060719074782440 ) ) ;
#471 = ORIENTED_EDGE ( 'NONE', *, *, #68, .T. ) ;
#472 = DIRECTION ( 'NONE',  ( 0.000000000000000000, -1.000000000000000000, 0.000000000000000000 ) ) ;
#473 = CARTESIAN_POINT ( 'NONE',  ( -38.25000000000000000, -14.07517537981347999, 66.77100004334070604 ) ) ;
#474 = DIRECTION ( 'NONE',  ( -1.000000000000000000, 0.000000000000000000, 0.000000000000000000 ) ) ;
#475 = CARTESIAN_POINT ( 'NONE',  ( -38.75000000000000000, 33.13822542452609810, 54.36587273363355877 ) ) ;
#476 = CARTESIAN_POINT ( 'NONE',  ( -38.75000000000000000, 33.35322323254529664, 16.66666666666669272 ) ) ;
#477 = CARTESIAN_POINT ( 'NONE',  ( -33.75000000000000000, -5.537048590113300450E-31, 5.924999999999999822 ) ) ;
#478 = ORIENTED_EDGE ( 'NONE', *, *, #45, .T. ) ;
#479 = CARTESIAN_POINT ( 'NONE',  ( -43.25000000000000000, -9.615598417717576396, 70.43613434842706056 ) ) ;
#480 = CARTESIAN_POINT ( 'NONE',  ( -38.25000000000001421, -22.50875564906078097, 54.77100004334070604 ) ) ;
#481 = APPLICATION_CONTEXT ( 'automotive_design' ) ;
#482 = ORIENTED_EDGE ( 'NONE', *, *, #587, .T. ) ;
#483 = EDGE_CURVE ( 'NONE', #1563, #2104, #1675, .T. ) ;
#484 = CARTESIAN_POINT ( 'NONE',  ( -26.04219289491555145, 41.39199493597259760, 10.41666666666606034 ) ) ;
#485 = CARTESIAN_POINT ( 'NONE',  ( -43.25000000000000000, 14.13851673022521993, 64.22100004334070888 ) ) ;
#486 = CARTESIAN_POINT ( 'NONE',  ( -38.25000000000000711, 1.963109132694615511, 7.304795075012362915 ) ) ;
#487 = CARTESIAN_POINT ( 'NONE',  ( -38.75000000000000000, 33.35322323254529664, 50.00000000000000000 ) ) ;
#488 = CARTESIAN_POINT ( 'NONE',  ( -43.25000000000000000, 22.85702706628955028, 56.92100004334069752 ) ) ;
#489 = EDGE_LOOP ( 'NONE', ( #354, #1428 ) ) ;
#490 = CARTESIAN_POINT ( 'NONE',  ( -40.70000000000000284, -14.07517537981347999, 71.07100004334070320 ) ) ;
#491 = CARTESIAN_POINT ( 'NONE',  ( -33.25000000000000000, -5.420999461024699975E-15, 5.424999999999999822 ) ) ;
#492 = CARTESIAN_POINT ( 'NONE',  ( -43.25000000000000000, 27.52669200609221178, 57.53429488822121129 ) ) ;
#493 = EDGE_LOOP ( 'NONE', ( #1693, #686 ) ) ;
#494 = EDGE_CURVE ( 'NONE', #768, #529, #1213, .T. ) ;
#495 = CARTESIAN_POINT ( 'NONE',  ( -39.24999999999999289, 33.35322323254529664, 33.33333333333334281 ) ) ;
#496 = CARTESIAN_POINT ( 'NONE',  ( -37.25000000000000000, 0.3876071167921360527, 5.924999999999999822 ) ) ;
#497 = CARTESIAN_POINT ( 'NONE',  ( -33.74999999999999289, -5.177184350998979667, 2.983942458697574907 ) ) ;
#498 = CARTESIAN_POINT ( 'NONE',  ( 0.000000000000000000, 8.673617379883829737E-14, 9.999999999999758415 ) ) ;
#499 = CARTESIAN_POINT ( 'NONE',  ( -38.25000000000000000, 24.57910286283174273, 58.23938661013846740 ) ) ;
#500 = ORIENTED_EDGE ( 'NONE', *, *, #1378, .T. ) ;
#501 = CARTESIAN_POINT ( 'NONE',  ( -43.24999999999999289, -23.40728261534374965, 52.25119802068126518 ) ) ;
#502 = FILL_AREA_STYLE ('',( #1973 ) ) ;
#503 = CARTESIAN_POINT ( 'NONE',  ( -43.25000000000000000, -27.85624035063636583, 59.45266282695707361 ) ) ;
#504 = VERTEX_POINT ( 'NONE', #543 ) ;
#505 = CARTESIAN_POINT ( 'NONE',  ( -39.25000000000000000, -16.71499030809891906, 78.94498105048877790 ) ) ;
#506 = CARTESIAN_POINT ( 'NONE',  ( -40.70000000000000284, -23.87646652367528333, 58.79964077830236846 ) ) ;
#507 = CARTESIAN_POINT ( 'NONE',  ( -37.25000000000000711, 2.625349381188321729, 5.325757109889889485 ) ) ;
#508 = CARTESIAN_POINT ( 'NONE',  ( -38.25000000000000000, 32.85322323254528953, 16.66666666666668917 ) ) ;
#509 = CARTESIAN_POINT ( 'NONE',  ( -38.25000000000000000, 25.00709551134865194, 57.20645143755789519 ) ) ;
#510 = ORIENTED_EDGE ( 'NONE', *, *, #139, .T. ) ;
#511 = CARTESIAN_POINT ( 'NONE',  ( -43.24999999999999289, -25.66197463349205776, 60.65665753320335085 ) ) ;
#512 = B_SPLINE_CURVE_WITH_KNOTS ( 'NONE', 3,
 ( #1661, #350, #1005, #191 ),
 .UNSPECIFIED., .F., .F.,
 ( 4, 4 ),
 ( 0.000000000000000000, 1.000000000000000000 ),
 .UNSPECIFIED. ) ;
#513 = CARTESIAN_POINT ( 'NONE',  ( -38.25000000000000000, -16.17069065835868358, 68.36197955525338443 ) ) ;
#514 = CARTESIAN_POINT ( 'NONE',  ( -37.25000000000000000, -3.615724548184483300, 4.709503891694178712 ) ) ;
#515 = VERTEX_POINT ( 'NONE', #680 ) ;
#516 = FACE_OUTER_BOUND ( 'NONE', #300, .T. ) ;
#517 = CARTESIAN_POINT ( 'NONE',  ( -39.25000000000000711, -28.94498105048871395, -16.71499030809895814 ) ) ;
#518 = AXIS2_PLACEMENT_3D ( 'NONE', #140, #441, #2098 ) ;
#519 = CARTESIAN_POINT ( 'NONE',  ( -38.74999999999999289, 33.35322323254528953, -2.182963355852233445 ) ) ;
#520 = CONICAL_SURFACE ( 'NONE', #1557, 33.35322323254529664, 0.7853981633974547183 ) ;
#521 = CARTESIAN_POINT ( 'NONE',  ( -40.70000000000000284, -13.51241742844102411, 71.01504129817757871 ) ) ;
#522 = CARTESIAN_POINT ( 'NONE',  ( -33.75000000000000000, -3.641189315851362185, -4.738026041209224992 ) ) ;
#523 = CARTESIAN_POINT ( 'NONE',  ( -39.25000000000000000, -4.084591807298374691E-15, -33.35322323254529664 ) ) ;
#524 = DIRECTION ( 'NONE',  ( -1.000000000000000000, 0.000000000000000000, 0.000000000000000000 ) ) ;
#525 = EDGE_LOOP ( 'NONE', ( #2016, #1321, #617, #1374 ) ) ;
#526 = CARTESIAN_POINT ( 'NONE',  ( -40.58333333333332860, 32.01988989921196804, 5.291830029730849967E-15 ) ) ;
#527 = CARTESIAN_POINT ( 'NONE',  ( -42.39999999999999858, -22.79368571587784587, 60.77100004334070604 ) ) ;
#528 = CARTESIAN_POINT ( 'NONE',  ( -43.24999999999999289, 22.11848301115816540, 69.39329353773611331 ) ) ;
#529 = VERTEX_POINT ( 'NONE', #203 ) ;
#530 = CARTESIAN_POINT ( 'NONE',  ( -33.75000000000000000, 5.925000000000002487, -0.7755806863549608021 ) ) ;
#531 = CARTESIAN_POINT ( 'NONE',  ( -37.25000000000000000, -5.997501317986355218, -4.609100399811857152 ) ) ;
#532 = CARTESIAN_POINT ( 'NONE',  ( -37.25000000000000000, 4.463585569728090618, 3.915680276600679299 ) ) ;
#533 = CARTESIAN_POINT ( 'NONE',  ( -26.04596033538509303, 41.38962461263883341, 10.41666666666605856 ) ) ;
#534 = CARTESIAN_POINT ( 'NONE',  ( -43.24999999999999289, 21.63660285373059367, 61.46993523994595421 ) ) ;
#535 = CARTESIAN_POINT ( 'NONE',  ( -40.70000000000000995, -22.51225137399376308, 59.07100004334068188 ) ) ;
#536 = CARTESIAN_POINT ( 'NONE',  ( -43.25000000000000000, -14.07517537981347999, 73.62100004334071457 ) ) ;
#537 = CARTESIAN_POINT ( 'NONE',  ( -43.24999999999999289, 7.616509883865573372, 78.41330501977871847 ) ) ;
#538 = ORIENTED_EDGE ( 'NONE', *, *, #324, .F. ) ;
#539 = EDGE_CURVE ( 'NONE', #1133, #1307, #1977, .T. ) ;
#540 = EDGE_CURVE ( 'NONE', #1182, #1601, #951, .T. ) ;
#541 = CARTESIAN_POINT ( 'NONE',  ( -39.24999999999999289, 14.78052111176350003, 79.97897637808378590 ) ) ;
#542 = B_SPLINE_CURVE_WITH_KNOTS ( 'NONE', 3,
 ( #1800, #1453, #2107, #791 ),
 .UNSPECIFIED., .F., .F.,
 ( 4, 4 ),
 ( 0.000000000000000000, 1.000000000000000000 ),
 .UNSPECIFIED. ) ;
#543 = CARTESIAN_POINT ( 'NONE',  ( -43.25000000000000000, -22.79368571587784942, 61.62100004334070036 ) ) ;
#544 = B_SPLINE_CURVE_WITH_KNOTS ( 'NONE', 3,
 ( #1098, #1423, #1435, #806 ),
 .UNSPECIFIED., .F., .F.,
 ( 4, 4 ),
 ( 0.000000000000000000, 1.000000000000000000 ),
 .UNSPECIFIED. ) ;
#545 = CARTESIAN_POINT ( 'NONE',  ( -38.25000000000000711, 13.05216449773403475, 70.79823503483953573 ) ) ;
#546 = CARTESIAN_POINT ( 'NONE',  ( -38.25000000000001421, 2.150238432377155728, -32.85322323254529664 ) ) ;
#547 = CARTESIAN_POINT ( 'NONE',  ( -42.39999999999999147, -14.07517537981347111, 72.77100004334069183 ) ) ;
#548 = CARTESIAN_POINT ( 'NONE',  ( -43.24999999999999289, 29.16521858132038503, 53.83638517585260530 ) ) ;
#549 = VERTEX_POINT ( 'NONE', #1511 ) ;
#550 = CARTESIAN_POINT ( 'NONE',  ( -33.75000000000000000, 5.296307347064899472E-31, -5.924999999999999822 ) ) ;
#551 = CARTESIAN_POINT ( 'NONE',  ( -39.25000000000000711, -14.78052111176339878, -29.97897637808385340 ) ) ;
#552 = EDGE_CURVE ( 'NONE', #840, #1504, #370, .T. ) ;
#553 = AXIS2_PLACEMENT_3D ( 'NONE', #1943, #472, #1976 ) ;
#554 = CARTESIAN_POINT ( 'NONE',  ( -43.25000000000000711, -25.47692644344596857, -14.70555486717388227 ) ) ;
#555 = CARTESIAN_POINT ( 'NONE',  ( -40.70000000000000284, 15.22129753802264673, 67.04235930837904789 ) ) ;
#556 = CARTESIAN_POINT ( 'NONE',  ( -38.25000000000000000, 21.13495126974233429, 55.60261347654800801 ) ) ;
#557 = DIRECTION ( 'NONE',  ( -1.000000000000000000, 0.000000000000000000, 0.000000000000000000 ) ) ;
#558 = ORIENTED_EDGE ( 'NONE', *, *, #1924, .T. ) ;
#559 = CARTESIAN_POINT ( 'NONE',  ( -43.24999999999998579, 16.22063497621432049, 73.14572454488570941 ) ) ;
#560 = CARTESIAN_POINT ( 'NONE',  ( -38.25000000000000711, 16.23415838598114291, 68.36192694438750550 ) ) ;
#561 = ADVANCED_FACE ( 'NONE', ( #400 ), #1586, .T. ) ;
#562 = CARTESIAN_POINT ( 'NONE',  ( -43.25000000000000000, 19.98874026516446989, 53.18538335485530411 ) ) ;
#563 = CARTESIAN_POINT ( 'NONE',  ( -40.70000000000000284, -21.07440200472177239, 55.59972459539463330 ) ) ;
#564 = B_SPLINE_CURVE_WITH_KNOTS ( 'NONE', 3,
 ( #842, #50, #235, #1026, #887, #723, #39, #692, #1496, #1544, #560, #1221, #678, #1990, #1176, #1671, #201, #1349 ),
 .UNSPECIFIED., .F., .F.,
 ( 4, 2, 2, 2, 2, 2, 2, 2, 4 ),
 ( 0.000000000000000000, 0.1250000000000002776, 0.2500000000000005551, 0.3750000000000008327, 0.5000000000000011102, 0.6250000000000013323, 0.7500000000000016653, 0.8750000000000007772, 1.000000000000000000 ),
 .UNSPECIFIED. ) ;
#565 = CARTESIAN_POINT ( 'NONE',  ( -43.24999999999999289, -17.81083286970109825, 66.05271112575979942 ) ) ;
#566 = CYLINDRICAL_SURFACE ( 'NONE', #1174, 2.149999999999999023 ) ;
#567 = ORIENTED_EDGE ( 'NONE', *, *, #1461, .T. ) ;
#568 = CARTESIAN_POINT ( 'NONE',  ( -38.41666666666667140, 33.01988989921196804, 50.00000000000000711 ) ) ;
#569 = DIRECTION ( 'NONE',  ( -1.000000000000000000, 0.000000000000000000, 0.000000000000000000 ) ) ;
#570 = CARTESIAN_POINT ( 'NONE',  ( -43.25000000000000000, 22.85702706628955028, 52.22100004334069467 ) ) ;
#571 = CARTESIAN_POINT ( 'NONE',  ( -40.70000000000000995, 23.13846140817364017, 59.07100004334068188 ) ) ;
#572 = CARTESIAN_POINT ( 'NONE',  ( -40.70000000000000284, -20.91504498091619624, 58.00378085113812432 ) ) ;
#573 = ADVANCED_FACE ( 'NONE', ( #1864 ), #1819, .F. ) ;
#574 = CARTESIAN_POINT ( 'NONE',  ( -38.25000000000000000, -14.07517537981347999, 71.07100004334070320 ) ) ;
#575 = EDGE_CURVE ( 'NONE', #1563, #1664, #1007, .T. ) ;
#576 = CARTESIAN_POINT ( 'NONE',  ( -38.25000000000000000, -0.9817477042467954718, 7.500000000000000000 ) ) ;
#577 = ORIENTED_EDGE ( 'NONE', *, *, #42, .T. ) ;
#578 = CARTESIAN_POINT ( 'NONE',  ( -43.24999999999999289, 18.59809369231937737, 70.43613434843551602 ) ) ;
#579 = CARTESIAN_POINT ( 'NONE',  ( -39.24999999999999289, 20.34512569842106089, -26.51940212992064971 ) ) ;
#580 = CARTESIAN_POINT ( 'NONE',  ( -43.25000000000000000, -3.836549661137937939, -29.16511353807321782 ) ) ;
#581 = DIRECTION ( 'NONE',  ( 1.000000000000000000, 0.000000000000000000, 0.000000000000000000 ) ) ;
#582 = CARTESIAN_POINT ( 'NONE',  ( -40.70000000000000284, 13.05573592242778957, 70.79964077830236135 ) ) ;
#583 = AXIS2_PLACEMENT_3D ( 'NONE', #73, #401, #1714 ) ;
#584 = CARTESIAN_POINT ( 'NONE',  ( -39.25000000000000000, 33.35322323254529664, 50.00000000000000000 ) ) ;
#585 = CARTESIAN_POINT ( 'NONE',  ( -39.25000000000000000, -33.35322323254529664, 4.100547244045634149E-15 ) ) ;
#586 = ORIENTED_EDGE ( 'NONE', *, *, #402, .F. ) ;
#587 = EDGE_CURVE ( 'NONE', #2109, #1312, #2080, .T. ) ;
#588 = CARTESIAN_POINT ( 'NONE',  ( -38.91666666666667140, -33.35322323254529664, -1.521418503622976525E-14 ) ) ;
#589 = CARTESIAN_POINT ( 'NONE',  ( -41.91666666666666430, 1.287596479285514531E-13, -30.68655656587863234 ) ) ;
#590 = B_SPLINE_CURVE_WITH_KNOTS ( 'NONE', 3,
 ( #976, #1940, #332, #779 ),
 .UNSPECIFIED., .F., .F.,
 ( 4, 4 ),
 ( 0.000000000000000000, 1.000000000000000000 ),
 .UNSPECIFIED. ) ;
#591 = CARTESIAN_POINT ( 'NONE',  ( -43.24999999999999289, -28.41319997642070305, -7.616674369512285381 ) ) ;
#592 = CARTESIAN_POINT ( 'NONE',  ( -38.75000000000000711, -32.28647537644086185, 58.64790938779256635 ) ) ;
#593 = CARTESIAN_POINT ( 'NONE',  ( -38.25000000000000000, 20.97986035503530644, 55.83448177226439668 ) ) ;
#594 = CARTESIAN_POINT ( 'NONE',  ( -38.75000000000000711, -28.94498105048871395, -16.71499030809895814 ) ) ;
#595 = ORIENTED_EDGE ( 'NONE', *, *, #1567, .F. ) ;
#596 = CARTESIAN_POINT ( 'NONE',  ( -43.24999999999999289, 16.22060677788908123, 64.69610945897699139 ) ) ;
#597 = CARTESIAN_POINT ( 'NONE',  ( -39.24999999999999289, 28.94498105048871395, -16.71499030809895814 ) ) ;
#598 = ADVANCED_FACE ( 'NONE', ( #463 ), #1619, .T. ) ;
#599 = ORIENTED_EDGE ( 'NONE', *, *, #1783, .T. ) ;
#600 = CARTESIAN_POINT ( 'NONE',  ( -40.70000000000000284, -23.35644366725030707, 54.82695878850382343 ) ) ;
#601 = DIRECTION ( 'NONE',  ( 1.000000000000000000, 0.000000000000000000, 0.000000000000000000 ) ) ;
#602 = CARTESIAN_POINT ( 'NONE',  ( -40.69999999999999574, 12.41923301906913224, 67.59972459539464751 ) ) ;
#603 = CARTESIAN_POINT ( 'NONE',  ( -43.25000000000000000, 7.616674369465554761, -28.41319997642079542 ) ) ;
#604 = ORIENTED_EDGE ( 'NONE', *, *, #1851, .T. ) ;
#605 = CARTESIAN_POINT ( 'NONE',  ( -33.41666666666666430, -8.430437636991410933E-15, 5.591666666666669450 ) ) ;
#606 = CARTESIAN_POINT ( 'NONE',  ( -39.06666666666666288, -22.79368571587784587, 59.07100004334069610 ) ) ;
#607 = ADVANCED_FACE ( 'NONE', ( #1471 ), #820, .F. ) ;
#608 = CARTESIAN_POINT ( 'NONE',  ( -40.70000000000000284, -24.67232645083950615, 55.83821923554327071 ) ) ;
#609 = FACE_OUTER_BOUND ( 'NONE', #1467, .T. ) ;
#610 = CARTESIAN_POINT ( 'NONE',  ( -38.75000000000000000, -31.64974419757326984, 60.74693078237550736 ) ) ;
#611 = B_SPLINE_CURVE_WITH_KNOTS ( 'NONE', 3,
 ( #1793, #980, #1627, #473 ),
 .UNSPECIFIED., .F., .F.,
 ( 4, 4 ),
 ( 0.000000000000000000, 1.000000000000000000 ),
 .UNSPECIFIED. ) ;
#612 = FACE_OUTER_BOUND ( 'NONE', #1057, .T. ) ;
#613 = ORIENTED_EDGE ( 'NONE', *, *, #2017, .T. ) ;
#614 = AXIS2_PLACEMENT_3D ( 'NONE', #2078, #1062, #1392 ) ;
#615 = CARTESIAN_POINT ( 'NONE',  ( -43.25000000000000000, -12.56004116329720155, 64.46142302206936847 ) ) ;
#616 = CARTESIAN_POINT ( 'NONE',  ( -37.25000000000000000, -1.538258719266925922, -5.734762154675672186 ) ) ;
#617 = ORIENTED_EDGE ( 'NONE', *, *, #587, .F. ) ;
#618 = B_SPLINE_CURVE_WITH_KNOTS ( 'NONE', 3,
 ( #1733, #624, #922, #1762 ),
 .UNSPECIFIED., .F., .F.,
 ( 4, 4 ),
 ( 0.000000000000000000, 1.000000000000000000 ),
 .UNSPECIFIED. ) ;
#619 = CARTESIAN_POINT ( 'NONE',  ( -43.25000000000000000, 22.85702706628955028, 52.22100004334069467 ) ) ;
#620 = CARTESIAN_POINT ( 'NONE',  ( -43.24999999999999289, 9.913626086707612473, 66.83891008421059610 ) ) ;
#621 = CARTESIAN_POINT ( 'NONE',  ( -40.70000000000000284, 20.97838633132789710, 55.83821923554327071 ) ) ;
#622 = CARTESIAN_POINT ( 'NONE',  ( -38.41666666666667140, 0.000000000000000000, -33.01988989921196804 ) ) ;
#623 = CARTESIAN_POINT ( 'NONE',  ( -43.25000000000000000, -14.07517537981347999, 68.92100004334069752 ) ) ;
#624 = CARTESIAN_POINT ( 'NONE',  ( -39.06666666666666288, 22.85702706628955383, 59.07100004334069610 ) ) ;
#625 = CARTESIAN_POINT ( 'NONE',  ( -38.25000000000000000, -31.80246705209793134, 58.51826810353792041 ) ) ;
#626 = CARTESIAN_POINT ( 'NONE',  ( -43.25000000000000000, 13.01329444868663643, -26.38137844227890128 ) ) ;
#627 = ORIENTED_EDGE ( 'NONE', *, *, #683, .T. ) ;
#628 = CARTESIAN_POINT ( 'NONE',  ( -43.25000000000000000, -9.995665294512294352, 71.27461400504716948 ) ) ;
#629 = CARTESIAN_POINT ( 'NONE',  ( -43.25000000000000000, 25.21064102799446616, 52.84148995804194016 ) ) ;
#630 = CARTESIAN_POINT ( 'NONE',  ( -40.70000000000000284, 22.85702706628955028, 54.77100004334069894 ) ) ;
#631 = CARTESIAN_POINT ( 'NONE',  ( -40.69999999999999574, 20.76298581145266553, 56.35824209196825052 ) ) ;
#632 = CARTESIAN_POINT ( 'NONE',  ( -38.25000000000000711, 4.609100399811874915, 5.997501317986338343 ) ) ;
#633 = EDGE_CURVE ( 'NONE', #1664, #1798, #1340, .T. ) ;
#634 = CARTESIAN_POINT ( 'NONE',  ( -43.24999999999998579, -14.68877227930919638, 64.25119802068124386 ) ) ;
#635 = CARTESIAN_POINT ( 'NONE',  ( -39.25000000000000000, 33.35322323254529664, 50.00000000000000000 ) ) ;
#636 = EDGE_LOOP ( 'NONE', ( #990, #288, #1758, #500 ) ) ;
#637 = B_SPLINE_CURVE_WITH_KNOTS ( 'NONE', 3,
 ( #2064, #1375, #2043, #904 ),
 .UNSPECIFIED., .F., .F.,
 ( 4, 4 ),
 ( 0.000000000000000000, 1.000000000000000000 ),
 .UNSPECIFIED. ) ;
#638 = CARTESIAN_POINT ( 'NONE',  ( -43.25000000000000000, -10.96876758758572734, 65.38070496076257143 ) ) ;
#639 = CARTESIAN_POINT ( 'NONE',  ( -38.25000000000000000, -21.07160991933123029, 58.23938661013127671 ) ) ;
#640 = EDGE_LOOP ( 'NONE', ( #77, #812, #136, #672 ) ) ;
#641 = B_SPLINE_CURVE_WITH_KNOTS ( 'NONE', 3,
 ( #886, #234, #1682, #841, #1543, #1839, #703, #1509, #1206, #1198, #1322, #505, #348, #879, #2025, #1049, #1004, #380, #1523, #1359, #1535, #541, #1660, #1989, #200, #60, #371, #714, #1495, #38, #27, #1015, #1368, #389 ),
 .UNSPECIFIED., .F., .F.,
 ( 4, 2, 2, 2, 2, 2, 2, 2, 2, 2, 2, 2, 2, 2, 2, 2, 4 ),
 ( 0.000000000000000000, 0.06249999999999994449, 0.1249999999999998890, 0.1874999999999998335, 0.2499999999999997780, 0.3124999999999997224, 0.3749999999999996669, 0.4374999999999996669, 0.4999999999999996669, 0.5624999999999996669, 0.6249999999999997780, 0.6874999999999997780, 0.7499999999999998890, 0.8124999999999998890, 0.8750000000000000000, 0.9375000000000000000, 1.000000000000000000 ),
 .UNSPECIFIED. ) ;
#642 = CARTESIAN_POINT ( 'NONE',  ( -40.70000000000000284, -22.79368571587784942, 54.77100004334069894 ) ) ;
#643 = DIRECTION ( 'NONE',  ( -1.000000000000000000, 0.000000000000000000, 0.000000000000000000 ) ) ;
#644 = CARTESIAN_POINT ( 'NONE',  ( -38.25000000000000000, -32.85322323254529664, 50.00000000000000000 ) ) ;
#645 = DIRECTION ( 'NONE',  ( 0.000000000000000000, 0.000000000000000000, -1.000000000000000000 ) ) ;
#646 = ORIENTED_EDGE ( 'NONE', *, *, #540, .T. ) ;
#647 = CARTESIAN_POINT ( 'NONE',  ( -38.58333333333332860, -33.18655656587862524, -1.417612953102497521E-14 ) ) ;
#648 = CARTESIAN_POINT ( 'NONE',  ( -43.24999999999999289, -12.56006936160999743, 73.38074314740696025 ) ) ;
#649 = CARTESIAN_POINT ( 'NONE',  ( -38.25000000000000000, -22.23449918919913060, 54.82555304504093385 ) ) ;
#650 = ORIENTED_EDGE ( 'NONE', *, *, #1531, .T. ) ;
#651 = AXIS2_PLACEMENT_3D ( 'NONE', #1611, #318, #1787 ) ;
#652 = CARTESIAN_POINT ( 'NONE',  ( -43.25000000000000000, -18.71417563059588218, 59.27461400507603173 ) ) ;
#653 = CARTESIAN_POINT ( 'NONE',  ( -40.70000000000000284, -23.07512005776193575, 59.07100004334071031 ) ) ;
#654 = CARTESIAN_POINT ( 'NONE',  ( -40.70000000000000995, -13.51241742844103655, 66.82695878850383053 ) ) ;
#655 = CARTESIAN_POINT ( 'NONE',  ( -37.25000000000000711, 4.609100399811876692, 5.997501317986338343 ) ) ;
#656 = CARTESIAN_POINT ( 'NONE',  ( -38.25000000000000711, 14.55894550857944658, 79.52955989786742919 ) ) ;
#657 = CARTESIAN_POINT ( 'NONE',  ( -38.25000000000000000, 14.13851673022521993, 66.77100004334070604 ) ) ;
#658 = ORIENTED_EDGE ( 'NONE', *, *, #1981, .T. ) ;
#659 = CARTESIAN_POINT ( 'NONE',  ( -43.24999999999999289, -25.14733656326071198, 52.84147238867993934 ) ) ;
#660 = CARTESIAN_POINT ( 'NONE',  ( -40.70000000000000284, -14.07517537981347999, 71.07100004334070320 ) ) ;
#661 = B_SPLINE_CURVE_WITH_KNOTS ( 'NONE', 3,
 ( #2082, #1266, #1765, #296 ),
 .UNSPECIFIED., .F., .F.,
 ( 4, 4 ),
 ( 0.000000000000000000, 1.000000000000000000 ),
 .UNSPECIFIED. ) ;
#662 = CARTESIAN_POINT ( 'NONE',  ( -37.25000000000000711, -3.615764211529450378, -4.709563252028599933 ) ) ;
#663 = EDGE_LOOP ( 'NONE', ( #1137, #1404, #144, #1396 ) ) ;
#664 = ADVANCED_FACE ( 'NONE', ( #2118 ), #327, .T. ) ;
#665 = B_SPLINE_CURVE_WITH_KNOTS ( 'NONE', 3,
 ( #850, #838, #999, #1184 ),
 .UNSPECIFIED., .F., .F.,
 ( 4, 4 ),
 ( 0.000000000000000000, 1.000000000000000000 ),
 .UNSPECIFIED. ) ;
#666 = CARTESIAN_POINT ( 'NONE',  ( -38.75000000000000000, 16.71499030809890840, -28.94498105048873526 ) ) ;
#667 = CARTESIAN_POINT ( 'NONE',  ( -40.69999999999999574, -12.75389993186741755, 67.20171633218458851 ) ) ;
#668 = CARTESIAN_POINT ( 'NONE',  ( -33.75000000000000000, -4.738026041209220551, 3.641189315851367958 ) ) ;
#669 = CARTESIAN_POINT ( 'NONE',  ( -38.75000000000000711, 14.78052111176350003, 79.97897637808378590 ) ) ;
#670 = CARTESIAN_POINT ( 'NONE',  ( -43.24999999999999289, 12.05642668249988425, 73.14589062767211658 ) ) ;
#671 = CARTESIAN_POINT ( 'NONE',  ( -38.25000000000000000, 13.85323046707765471, 66.77100004334072025 ) ) ;
#672 = ORIENTED_EDGE ( 'NONE', *, *, #260, .T. ) ;
#673 = CARTESIAN_POINT ( 'NONE',  ( -43.24999999999999289, -26.52934320577352523, 54.05271112575926651 ) ) ;
#674 = CARTESIAN_POINT ( 'NONE',  ( -38.25000000000000000, -15.39365874235978815, 67.19882745101445209 ) ) ;
#675 = CARTESIAN_POINT ( 'NONE',  ( -43.25000000000000000, -29.35322323254530019, 50.00000000000000000 ) ) ;
#676 = ORIENTED_EDGE ( 'NONE', *, *, #1088, .T. ) ;
#677 = DIRECTION ( 'NONE',  ( -1.000000000000000000, 0.000000000000000000, 0.000000000000000000 ) ) ;
#678 = CARTESIAN_POINT ( 'NONE',  ( -38.25000000000000711, 15.86068833076147122, 67.60251582250147351 ) ) ;
#679 = ADVANCED_FACE ( 'NONE', ( #609 ), #1473, .F. ) ;
#680 = CARTESIAN_POINT ( 'NONE',  ( -26.04219289491555145, 41.39199493597259760, 10.41666666666606034 ) ) ;
#681 =( LENGTH_UNIT ( ) NAMED_UNIT ( * ) SI_UNIT ( .MILLI., .METRE. ) );
#682 = CARTESIAN_POINT ( 'NONE',  ( -33.74999999999999289, -5.770788109259769705, -1.550856214828741475 ) ) ;
#683 = EDGE_CURVE ( 'NONE', #1777, #1002, #62, .T. ) ;
#684 = DIRECTION ( 'NONE',  ( 0.000000000000000000, -8.673617379884041783E-15, -1.000000000000000000 ) ) ;
#685 = DIRECTION ( 'NONE',  ( 1.000000000000000000, 0.000000000000000000, 0.000000000000000000 ) ) ;
#686 = ORIENTED_EDGE ( 'NONE', *, *, #633, .F. ) ;
#687 = CARTESIAN_POINT ( 'NONE',  ( -38.25000000000000000, -32.85322323254529664, 5.219982608343349101E-15 ) ) ;
#688 = CARTESIAN_POINT ( 'NONE',  ( -40.70000000000000284, -14.35660972169756100, 71.07100004334070320 ) ) ;
#689 = CARTESIAN_POINT ( 'NONE',  ( -43.25000000000000000, 26.38137844227546225, 63.01329444872537522 ) ) ;
#690 = ORIENTED_EDGE ( 'NONE', *, *, #955, .F. ) ;
#691 = CARTESIAN_POINT ( 'NONE',  ( -43.25000000000000000, -22.79368571587784942, 56.92100004334069752 ) ) ;
#692 = CARTESIAN_POINT ( 'NONE',  ( -38.25000000000000000, 16.23403200876949626, 69.48002053143538603 ) ) ;
#693 = CARTESIAN_POINT ( 'NONE',  ( -40.70000000000000284, -22.79368571587784942, 59.07100004334069610 ) ) ;
#694 = B_SPLINE_CURVE_WITH_KNOTS ( 'NONE', 3,
 ( #1879, #905, #1888, #966, #1779, #1757, #629, #1624, #146, #122, #459, #1941, #1963, #11, #470, #793, #977, #1646, #492, #1301, #1974, #1614, #1930, #2108, #1311, #1443, #1634, #1125, #1105, #310, #1769, #1117, #1454, #299 ),
 .UNSPECIFIED., .F., .F.,
 ( 4, 2, 2, 2, 2, 2, 2, 2, 2, 2, 2, 2, 2, 2, 2, 2, 4 ),
 ( 0.000000000000000000, 0.06250000000000000000, 0.1250000000000000000, 0.1875000000000000000, 0.2500000000000000000, 0.3125000000000000000, 0.3750000000000000000, 0.4375000000000000000, 0.5000000000000000000, 0.5625000000000000000, 0.6250000000000000000, 0.6875000000000000000, 0.7500000000000000000, 0.8125000000000000000, 0.8750000000000000000, 0.9375000000000000000, 1.000000000000000000 ),
 .UNSPECIFIED. ) ;
#695 = AXIS2_PLACEMENT_3D ( 'NONE', #1235, #75, #1589 ) ;
#696 = CARTESIAN_POINT ( 'NONE',  ( -37.24999999999999289, 2.967376036547253015, -5.142802379629012322 ) ) ;
#697 = CARTESIAN_POINT ( 'NONE',  ( -37.25000000000000000, 5.997501317986333014, -4.609100399811886462 ) ) ;
#698 = CARTESIAN_POINT ( 'NONE',  ( -38.25000000000001421, 23.14195713310575186, 54.77100004334070604 ) ) ;
#699 = CARTESIAN_POINT ( 'NONE',  ( -38.25000000000001421, 29.52955989786740076, -14.55894550857951586 ) ) ;
#700 =( NAMED_UNIT ( * ) SI_UNIT ( $, .STERADIAN. ) SOLID_ANGLE_UNIT ( ) );
#701 = CARTESIAN_POINT ( 'NONE',  ( -37.24999999999999289, -0.3879734862786085592, 5.924999999999998046 ) ) ;
#702 = ORIENTED_EDGE ( 'NONE', *, *, #907, .F. ) ;
#703 = CARTESIAN_POINT ( 'NONE',  ( -39.24999999999999289, -28.94498105048872105, 66.71499030809896169 ) ) ;
#704 = CARTESIAN_POINT ( 'NONE',  ( -38.91666666666667140, 33.35322323254529664, -5.388361883317745594E-14 ) ) ;
#705 = CARTESIAN_POINT ( 'NONE',  ( -37.25000000000000000, -1.963109132694603298, -7.304795075012366468 ) ) ;
#706 = CARTESIAN_POINT ( 'NONE',  ( -37.24999999999999289, 5.734762154704351467, -1.538258719200076730 ) ) ;
#707 = CARTESIAN_POINT ( 'NONE',  ( -38.25000000000000711, 8.518268103537945279, 81.80246705209793845 ) ) ;
#708 = DIRECTION ( 'NONE',  ( 0.000000000000000000, 0.000000000000000000, -1.000000000000000000 ) ) ;
#709 = CARTESIAN_POINT ( 'NONE',  ( -38.25000000000001421, 16.46441497102334139, -28.51106525097700839 ) ) ;
#710 = CARTESIAN_POINT ( 'NONE',  ( -40.70000000000000284, -15.95381611477513673, 67.83821923554326361 ) ) ;
#711 = CARTESIAN_POINT ( 'NONE',  ( -43.24999999999999289, 17.91003868080583672, 73.33575881366276406 ) ) ;
#712 = VERTEX_POINT ( 'NONE', #1272 ) ;
#713 = EDGE_CURVE ( 'NONE', #1002, #1290, #126, .T. ) ;
#714 = CARTESIAN_POINT ( 'NONE',  ( -39.24999999999999289, 28.94498105048875658, 66.71499030809889064 ) ) ;
#715 = FACE_OUTER_BOUND ( 'NONE', #1218, .T. ) ;
#716 = CARTESIAN_POINT ( 'NONE',  ( -43.25000000000000000, -29.35322323254530019, -1.927541918235430085 ) ) ;
#717 = CARTESIAN_POINT ( 'NONE',  ( -40.70000000000000284, 14.13851673022521993, 71.07100004334070320 ) ) ;
#718 = CARTESIAN_POINT ( 'NONE',  ( -43.25000000000000000, -14.38233874537532131, 73.62100004334072878 ) ) ;
#719 = CARTESIAN_POINT ( 'NONE',  ( -37.25000000000000000, -4.709503891677365495, -3.615724548206090461 ) ) ;
#720 = B_SPLINE_CURVE_WITH_KNOTS ( 'NONE', 3,
 ( #1905, #78, #588, #733 ),
 .UNSPECIFIED., .F., .F.,
 ( 4, 4 ),
 ( 0.000000000000000000, 1.000000000000000000 ),
 .UNSPECIFIED. ) ;
#721 = ORIENTED_EDGE ( 'NONE', *, *, #969, .F. ) ;
#722 = CARTESIAN_POINT ( 'NONE',  ( -43.24999999999999289, 16.49216757762338048, 73.00052769797891017 ) ) ;
#723 = CARTESIAN_POINT ( 'NONE',  ( -38.25000000000000711, 15.86059252676993303, 70.23938661013870899 ) ) ;
#724 = EDGE_CURVE ( 'NONE', #1347, #1317, #725, .T. ) ;
#725 = B_SPLINE_CURVE_WITH_KNOTS ( 'NONE', 3,
 ( #1922, #2100, #1031, #1191, #522, #1527, #338, #682, #1018, #859, #5, #497, #668, #1967, #1006, #374, #1513, #1979 ),
 .UNSPECIFIED., .F., .F.,
 ( 4, 2, 2, 2, 2, 2, 2, 2, 4 ),
 ( 0.000000000000000000, 0.1250000000000000000, 0.2500000000000000000, 0.3750000000000000000, 0.5000000000000000000, 0.6250000000000000000, 0.7500000000000000000, 0.8750000000000000000, 1.000000000000000000 ),
 .UNSPECIFIED. ) ;
#726 = AXIS2_PLACEMENT_3D ( 'NONE', #1369, #2026, #866 ) ;
#727 = CARTESIAN_POINT ( 'NONE',  ( -43.25000000000000000, 9.913757877565030796, 71.00303541292959153 ) ) ;
#728 = CARTESIAN_POINT ( 'NONE',  ( -43.25000000000000000, 18.77751698098328959, 54.56738608164093307 ) ) ;
#729 = CARTESIAN_POINT ( 'NONE',  ( -40.69999999999999574, 16.01715746518686956, 67.83821923554326361 ) ) ;
#730 = CARTESIAN_POINT ( 'NONE',  ( -38.25000000000000711, -15.79734698036138596, 70.23948426418262159 ) ) ;
#731 = CARTESIAN_POINT ( 'NONE',  ( -38.75000000000000000, 33.35322323254529664, 0.000000000000000000 ) ) ;
#732 = ORIENTED_EDGE ( 'NONE', *, *, #494, .F. ) ;
#733 = CARTESIAN_POINT ( 'NONE',  ( -38.75000000000000000, -33.35322323254529664, -2.386837325201569854E-14 ) ) ;
#734 = CARTESIAN_POINT ( 'NONE',  ( -38.75000000000000000, 0.000000000000000000, -33.35322323254529664 ) ) ;
#735 = EDGE_CURVE ( 'NONE', #103, #311, #438, .T. ) ;
#736 = CARTESIAN_POINT ( 'NONE',  ( -37.25000000000000000, -4.112395091408874440E-15, 7.500000000000000000 ) ) ;
#737 = CARTESIAN_POINT ( 'NONE',  ( -40.70000000000000284, 14.13851673022521993, 66.77100004334070604 ) ) ;
#738 = CARTESIAN_POINT ( 'NONE',  ( -43.25000000000000000, -17.61547046236634273, 65.81459225109411193 ) ) ;
#739 = CARTESIAN_POINT ( 'NONE',  ( -38.25000000000000711, -1.963109132694588643, 7.304795075012371797 ) ) ;
#740 = EDGE_LOOP ( 'NONE', ( #1964, #2093, #914, #369 ) ) ;
#741 = CARTESIAN_POINT ( 'NONE',  ( -39.08333333333332149, 1.399488818983411852E-13, -33.35322323254529664 ) ) ;
#742 = CYLINDRICAL_SURFACE ( 'NONE', #1001, 2.149999999999999023 ) ;
#743 = B_SPLINE_CURVE_WITH_KNOTS ( 'NONE', 3,
 ( #1331, #223, #386, #1492, #674, #1344, #1986, #513, #912, #1550, #1866, #2040, #730, #2050, #1394, #1410, #1902, #1715 ),
 .UNSPECIFIED., .F., .F.,
 ( 4, 2, 2, 2, 2, 2, 2, 2, 4 ),
 ( 0.000000000000000000, 0.1250000000000000000, 0.2500000000000000000, 0.3750000000000000000, 0.5000000000000000000, 0.6250000000000000000, 0.7500000000000000000, 0.8750000000000000000, 1.000000000000000000 ),
 .UNSPECIFIED. ) ;
#744 = ADVANCED_FACE ( 'NONE', ( #1337 ), #829, .T. ) ;
#745 = CARTESIAN_POINT ( 'NONE',  ( -43.24999999999999289, 18.63213642277613857, 54.83891008420213353 ) ) ;
#746 = CARTESIAN_POINT ( 'NONE',  ( -40.69999999999999574, 23.93980787408698774, 58.79964077830233293 ) ) ;
#747 = CARTESIAN_POINT ( 'NONE',  ( -40.70000000000000284, 11.98851673022521780, 68.63956570145661829 ) ) ;
#748 = B_SPLINE_CURVE_WITH_KNOTS ( 'NONE', 3,
 ( #1564, #1086, #1869, #1095 ),
 .UNSPECIFIED., .F., .F.,
 ( 4, 4 ),
 ( 0.000000000000000000, 1.000000000000000000 ),
 .UNSPECIFIED. ) ;
#749 = CARTESIAN_POINT ( 'NONE',  ( -43.24999999999999289, -18.62411952318420560, 67.70062084941589831 ) ) ;
#750 = DIRECTION ( 'NONE',  ( -1.000000000000000000, 0.000000000000000000, 0.000000000000000000 ) ) ;
#751 = ORIENTED_EDGE ( 'NONE', *, *, #2072, .F. ) ;
#752 = CARTESIAN_POINT ( 'NONE',  ( -43.25000000000000000, 17.00680353135771128, 72.65661673181026003 ) ) ;
#753 = CYLINDRICAL_SURFACE ( 'NONE', #1957, 2.149999999999999023 ) ;
#754 =( GEOMETRIC_REPRESENTATION_CONTEXT ( 3 ) GLOBAL_UNCERTAINTY_ASSIGNED_CONTEXT ( ( #1060 ) ) GLOBAL_UNIT_ASSIGNED_CONTEXT ( ( #367, #344, #700 ) ) REPRESENTATION_CONTEXT ( 'NONE', 'WORKASPACE' ) );
#755 = CARTESIAN_POINT ( 'NONE',  ( -43.25000000000000000, 18.18736212648853368, 56.30770519846470279 ) ) ;
#756 = DIRECTION ( 'NONE',  ( 0.000000000000000000, 1.000000000000000000, 0.000000000000000000 ) ) ;
#757 = CARTESIAN_POINT ( 'NONE',  ( -38.75000000000000000, -33.35322323254529664, 52.18296335585219481 ) ) ;
#758 = AXIS2_PLACEMENT_3D ( 'NONE', #1750, #1785, #798 ) ;
#759 = CARTESIAN_POINT ( 'NONE',  ( -43.25000000000000000, -15.29531422670920371, 64.37198993004352587 ) ) ;
#760 = CARTESIAN_POINT ( 'NONE',  ( -38.25000000000000000, -4.609100399811865145, -5.997501317986349001 ) ) ;
#761 = EDGE_CURVE ( 'NONE', #2104, #1563, #464, .T. ) ;
#762 = VERTEX_POINT ( 'NONE', #2008 ) ;
#763 = CARTESIAN_POINT ( 'NONE',  ( -38.25000000000000000, -11.97966010126785363, 69.48002053143576973 ) ) ;
#764 = CARTESIAN_POINT ( 'NONE',  ( -39.88333333333333286, -22.79368571587784587, 59.07100004334069610 ) ) ;
#765 = CARTESIAN_POINT ( 'NONE',  ( -40.70000000000000284, 24.17830251423561450, 58.64028375449679231 ) ) ;
#766 = CARTESIAN_POINT ( 'NONE',  ( -38.75000000000000711, -22.04070213015664947, 75.12787851416631213 ) ) ;
#767 = CARTESIAN_POINT ( 'NONE',  ( -39.25000000000000000, 33.35322323254529664, 5.506561146493399558E-15 ) ) ;
#768 = VERTEX_POINT ( 'NONE', #1651 ) ;
#769 = CARTESIAN_POINT ( 'NONE',  ( -43.24999999999999289, -10.33951788997970489, 71.78928896098983614 ) ) ;
#770 = CARTESIAN_POINT ( 'NONE',  ( -38.25000000000000000, 22.85702706628955028, 59.07100004334069610 ) ) ;
#771 = ORIENTED_EDGE ( 'NONE', *, *, #1251, .T. ) ;
#772 = EDGE_CURVE ( 'NONE', #978, #405, #1491, .T. ) ;
#773 = CARTESIAN_POINT ( 'NONE',  ( -40.69999999999999574, 21.77424625849210926, 55.04235930837902657 ) ) ;
#774 = CARTESIAN_POINT ( 'NONE',  ( -38.25000000000002132, -20.04013080247696976, -26.12184831712986721 ) ) ;
#775 = CARTESIAN_POINT ( 'NONE',  ( -43.25000000000000000, -29.35322323254530019, 50.00000000000000000 ) ) ;
#776 = CARTESIAN_POINT ( 'NONE',  ( -38.25000000000001421, -21.71028875486632614, 74.75118510827010709 ) ) ;
#777 = CARTESIAN_POINT ( 'NONE',  ( -43.25000000000000000, 27.85624035062356540, -9.452662826928175832 ) ) ;
#778 = ORIENTED_EDGE ( 'NONE', *, *, #575, .F. ) ;
#779 = CARTESIAN_POINT ( 'NONE',  ( -26.04887703352175166, 41.40261884281704852, 10.35263071333493912 ) ) ;
#780 = DIRECTION ( 'NONE',  ( 0.000000000000000000, 0.000000000000000000, -1.000000000000000000 ) ) ;
#781 = VERTEX_POINT ( 'NONE', #1164 ) ;
#782 = CARTESIAN_POINT ( 'NONE',  ( -43.25000000000000000, -20.44007175415321598, 52.84148995805711024 ) ) ;
#783 = EDGE_CURVE ( 'NONE', #549, #515, #1389, .T. ) ;
#784 = CARTESIAN_POINT ( 'NONE',  ( -43.24999999999999289, 9.589572586846539792, 67.70062084943872094 ) ) ;
#785 = CARTESIAN_POINT ( 'NONE',  ( -38.75000000000000000, 33.35322323254529664, 50.00000000000000000 ) ) ;
#786 = CARTESIAN_POINT ( 'NONE',  ( -38.25000000000000000, -32.85322323254528953, 16.66666666666666785 ) ) ;
#787 = CARTESIAN_POINT ( 'NONE',  ( -42.39999999999999858, -22.79368571587786718, 53.07100004334068899 ) ) ;
#788 = CARTESIAN_POINT ( 'NONE',  ( -38.25000000000000711, 23.41609994017340313, 59.01664179151654821 ) ) ;
#789 = ORIENTED_EDGE ( 'NONE', *, *, #956, .F. ) ;
#790 = AXIS2_PLACEMENT_3D ( 'NONE', #691, #677, #1335 ) ;
#791 = CARTESIAN_POINT ( 'NONE',  ( -38.75000000000000000, -33.35322323254529664, 50.00000000000000000 ) ) ;
#792 = AXIS2_PLACEMENT_3D ( 'NONE', #1380, #90, #1731 ) ;
#793 = CARTESIAN_POINT ( 'NONE',  ( -43.24999999999999289, 27.52672235360531516, 56.30767784407316867 ) ) ;
#794 = ORIENTED_EDGE ( 'NONE', *, *, #1166, .T. ) ;
#795 = CARTESIAN_POINT ( 'NONE',  ( -43.25000000000000000, -20.71156746987421471, 61.14572454488985187 ) ) ;
#796 = EDGE_CURVE ( 'NONE', #347, #504, #1721, .T. ) ;
#797 = DIRECTION ( 'NONE',  ( 0.000000000000000000, 0.000000000000000000, 1.000000000000000000 ) ) ;
#798 = DIRECTION ( 'NONE',  ( 0.000000000000000000, 0.000000000000000000, -1.000000000000000000 ) ) ;
#799 = ADVANCED_FACE ( 'NONE', ( #968 ), #867, .F. ) ;
#800 = CARTESIAN_POINT ( 'NONE',  ( -33.25000000000000000, 5.813676818185389980E-16, -5.424999999999999822 ) ) ;
#801 = CARTESIAN_POINT ( 'NONE',  ( -37.25000000000000000, 5.733161311563909271E-16, 5.924999999999999822 ) ) ;
#802 = ORIENTED_EDGE ( 'NONE', *, *, #683, .F. ) ;
#803 = CARTESIAN_POINT ( 'NONE',  ( -43.24999999999999289, -9.995647725159086505, 66.56734919596267730 ) ) ;
#804 = CARTESIAN_POINT ( 'NONE',  ( -38.75000000000000000, -33.35322323254529664, -2.386837325201569854E-14 ) ) ;
#805 = EDGE_LOOP ( 'NONE', ( #567, #1412, #944, #1894 ) ) ;
#806 = CARTESIAN_POINT ( 'NONE',  ( -40.70000000000000284, 14.13851673022521993, 66.77100004334070604 ) ) ;
#807 = CARTESIAN_POINT ( 'NONE',  ( -38.25000000000000000, 1.115398251202199821E-15, -7.500000000000000000 ) ) ;
#808 = EDGE_CURVE ( 'NONE', #147, #1312, #1286, .T. ) ;
#809 = CARTESIAN_POINT ( 'NONE',  ( -38.25000000000000711, -2.150238432377322706, 82.85322323254530374 ) ) ;
#810 = ADVANCED_FACE ( 'NONE', ( #2095 ), #1293, .F. ) ;
#811 = CARTESIAN_POINT ( 'NONE',  ( -36.08333333333334281, 0.000000000000000000, 5.924999999999999822 ) ) ;
#812 = ORIENTED_EDGE ( 'NONE', *, *, #856, .F. ) ;
#813 = CARTESIAN_POINT ( 'NONE',  ( -38.41666666666667140, -33.01988989921196094, -4.493878119133447250E-15 ) ) ;
#814 = CARTESIAN_POINT ( 'NONE',  ( -43.24999999999999289, -10.53477942888767060, 65.81449138276524025 ) ) ;
#815 = CARTESIAN_POINT ( 'NONE',  ( -38.25000000000000711, -21.70733348338666602, 55.04376505184185220 ) ) ;
#816 = ORIENTED_EDGE ( 'NONE', *, *, #772, .T. ) ;
#817 = CARTESIAN_POINT ( 'NONE',  ( -43.25000000000000000, -18.33410875377443361, 58.43613434841967091 ) ) ;
#818 = CARTESIAN_POINT ( 'NONE',  ( -40.70000000000000995, 22.57559272440546394, 54.77100004334069894 ) ) ;
#819 = CARTESIAN_POINT ( 'NONE',  ( -40.69999999999999574, -11.92517537981347786, 68.63956570145660407 ) ) ;
#820 = CYLINDRICAL_SURFACE ( 'NONE', #1172, 2.149999999999999023 ) ;
#821 = CARTESIAN_POINT ( 'NONE',  ( -38.25000000000000000, -24.67085242713030269, 55.83448177226146925 ) ) ;
#822 = PRODUCT_DEFINITION_CONTEXT ( 'detailed design', #481, 'design' ) ;
#823 = CARTESIAN_POINT ( 'NONE',  ( -43.25000000000000000, -29.35322323254530019, 2.232909109854119495E-15 ) ) ;
#824 = CARTESIAN_POINT ( 'NONE',  ( -38.58333333333333570, 33.18655656587862524, 6.096271540968876278E-15 ) ) ;
#825 = CARTESIAN_POINT ( 'NONE',  ( -43.25000000000000000, -27.46335065568082001, 56.30770519847523303 ) ) ;
#826 = EDGE_CURVE ( 'NONE', #1317, #1347, #855, .T. ) ;
#827 = CARTESIAN_POINT ( 'NONE',  ( -43.25000000000000000, 0.000000000000000000, 0.000000000000000000 ) ) ;
#828 = CARTESIAN_POINT ( 'NONE',  ( -38.25000000000000000, -20.64375416093695037, 56.63554864912596543 ) ) ;
#829 = CONICAL_SURFACE ( 'NONE', #276, 29.35322323254530019, 0.7853981633974476129 ) ;
#830 = VERTEX_POINT ( 'NONE', #226 ) ;
#831 = CARTESIAN_POINT ( 'NONE',  ( -38.75000000000000000, 29.97897637808379301, -14.78052111176350536 ) ) ;
#832 = CARTESIAN_POINT ( 'NONE',  ( -37.25000000000001421, 2.967336373205625932, 5.142743019293379625 ) ) ;
#833 = CARTESIAN_POINT ( 'NONE',  ( -39.88333333333333286, 14.13851673022522348, 71.07100004334070320 ) ) ;
#834 = CARTESIAN_POINT ( 'NONE',  ( -43.25000000000000711, 13.83135336471128696, 73.62100004334072878 ) ) ;
#835 = FACE_OUTER_BOUND ( 'NONE', #133, .T. ) ;
#836 = VERTEX_POINT ( 'NONE', #1162 ) ;
#837 = CARTESIAN_POINT ( 'NONE',  ( -43.24999999999999289, -24.87577576360472875, 61.14589062766943073 ) ) ;
#838 = CARTESIAN_POINT ( 'NONE',  ( -33.58333333333333570, 0.000000000000000000, -5.758333333333339077 ) ) ;
#839 = CARTESIAN_POINT ( 'NONE',  ( -37.25000000000000000, -5.622281317777193088, -1.909476616933093673 ) ) ;
#840 = VERTEX_POINT ( 'NONE', #1175 ) ;
#841 = CARTESIAN_POINT ( 'NONE',  ( -39.24999999999999289, -32.28647537644086185, 58.64790938779256635 ) ) ;
#842 = CARTESIAN_POINT ( 'NONE',  ( -38.25000000000000000, 14.13851673022521993, 71.07100004334070320 ) ) ;
#843 = CARTESIAN_POINT ( 'NONE',  ( -38.75000000000000000, 28.94498105048871395, -16.71499030809895814 ) ) ;
#844 = CARTESIAN_POINT ( 'NONE',  ( -26.05349424533815039, 41.38488242297790265, 10.41666666666606034 ) ) ;
#845 = B_SPLINE_CURVE_WITH_KNOTS ( 'NONE', 3,
 ( #2099, #108, #622, #1282 ),
 .UNSPECIFIED., .F., .F.,
 ( 4, 4 ),
 ( 0.000000000000000000, 1.000000000000000000 ),
 .UNSPECIFIED. ) ;
#846 = CARTESIAN_POINT ( 'NONE',  ( -38.25000000000000711, 16.46441497102341245, 78.51106525097696931 ) ) ;
#847 = CARTESIAN_POINT ( 'NONE',  ( -38.25000000000000000, 12.41644093369475499, 67.60261347651680808 ) ) ;
#848 = ORIENTED_EDGE ( 'NONE', *, *, #1251, .F. ) ;
#849 = CARTESIAN_POINT ( 'NONE',  ( -43.25000000000000000, -27.01844456853676490, 59.00303541293212817 ) ) ;
#850 = CARTESIAN_POINT ( 'NONE',  ( -33.75000000000000000, 5.296307347064899472E-31, -5.924999999999999822 ) ) ;
#851 = CARTESIAN_POINT ( 'NONE',  ( -43.25000000000000000, 14.70551546155736844, 75.47686746832623328 ) ) ;
#852 = ORIENTED_EDGE ( 'NONE', *, *, #575, .T. ) ;
#853 = CARTESIAN_POINT ( 'NONE',  ( -33.75000000000000000, -5.537048590113300450E-31, 5.924999999999999822 ) ) ;
#854 = CARTESIAN_POINT ( 'NONE',  ( -39.25000000000000000, -33.35322323254531085, -2.182963355852180154 ) ) ;
#855 = B_SPLINE_CURVE_WITH_KNOTS ( 'NONE', 3,
 ( #853, #1815, #1827, #1188, #1850, #359, #187, #2018, #212, #530, #1694, #1860, #69, #1039, #865, #49, #1025, #550 ),
 .UNSPECIFIED., .F., .F.,
 ( 4, 2, 2, 2, 2, 2, 2, 2, 4 ),
 ( 0.000000000000000000, 0.1250000000000000000, 0.2500000000000000555, 0.3750000000000000555, 0.5000000000000000000, 0.6250000000000000000, 0.7500000000000000000, 0.8750000000000000000, 1.000000000000000000 ),
 .UNSPECIFIED. ) ;
#856 = EDGE_CURVE ( 'NONE', #1826, #1182, #641, .T. ) ;
#857 = CARTESIAN_POINT ( 'NONE',  ( -37.25000000000000000, -0.9817477042467950277, 7.500000000000003553 ) ) ;
#858 = CARTESIAN_POINT ( 'NONE',  ( -37.25000000000000000, 0.3879734862755260805, -5.925000000000001599 ) ) ;
#859 = CARTESIAN_POINT ( 'NONE',  ( -33.74999999999999289, -5.925000000000000711, 0.7755806863549743468 ) ) ;
#860 = CARTESIAN_POINT ( 'NONE',  ( -38.25000000000000711, 24.57919866684941468, 55.60251582251432012 ) ) ;
#861 = CARTESIAN_POINT ( 'NONE',  ( -38.25000000000000000, 32.85322323254529664, 2.591175953246364545E-15 ) ) ;
#862 = CARTESIAN_POINT ( 'NONE',  ( -40.70000000000000284, -16.16921663465035408, 69.48375799471318714 ) ) ;
#863 = CARTESIAN_POINT ( 'NONE',  ( -37.25000000000000000, -3.915629787334392375, -4.463535080458920667 ) ) ;
#864 = ORIENTED_EDGE ( 'NONE', *, *, #1567, .T. ) ;
#865 = CARTESIAN_POINT ( 'NONE',  ( -33.75000000000000000, 2.983942458697590450, -5.177184350998971674 ) ) ;
#866 = DIRECTION ( 'NONE',  ( 0.000000000000000000, 0.000000000000000000, -1.000000000000000000 ) ) ;
#867 = CONICAL_SURFACE ( 'NONE', #43, 4.700000000000002842, 0.7853981633974490562 ) ;
#868 = CARTESIAN_POINT ( 'NONE',  ( -37.25000000000000000, -5.997501317986343672, 4.609100399811870474 ) ) ;
#869 = CONICAL_SURFACE ( 'NONE', #1522, 4.700000000000002842, 0.7853981633974490562 ) ;
#870 = CARTESIAN_POINT ( 'NONE',  ( -40.70000000000000284, -11.98113412497660235, 68.35824209196823631 ) ) ;
#871 = CARTESIAN_POINT ( 'NONE',  ( -37.25000000000000000, 3.777142352781721168, -6.553397912656947710 ) ) ;
#872 = ADVANCED_FACE ( 'NONE', ( #1703 ), #1670, .F. ) ;
#873 = CARTESIAN_POINT ( 'NONE',  ( -38.25000000000000000, 12.82012917167843291, 70.64307498161426224 ) ) ;
#874 = CARTESIAN_POINT ( 'NONE',  ( -40.70000000000000284, -20.64368571587785084, 57.20243438522477675 ) ) ;
#875 = CARTESIAN_POINT ( 'NONE',  ( -41.55000000000000426, -14.07517537981347289, 71.92100004334071173 ) ) ;
#876 = CARTESIAN_POINT ( 'NONE',  ( -37.25000000000000000, -5.142743019296161400, 2.967336373203448119 ) ) ;
#877 = EDGE_LOOP ( 'NONE', ( #1970, #358, #510, #1998 ) ) ;
#878 = B_SPLINE_CURVE_WITH_KNOTS ( 'NONE', 3,
 ( #1148, #1801, #2092, #616, #333, #170, #1479, #662, #863, #232, #719, #1691, #387, #839, #1037, #58, #210, #1373, #1171, #1507, #1518, #1023, #876, #1493, #25, #66, #514, #1185, #1658, #1812, #1047, #47, #701, #1357 ),
 .UNSPECIFIED., .F., .F.,
 ( 4, 2, 2, 2, 2, 2, 2, 2, 2, 2, 2, 2, 2, 2, 2, 2, 4 ),
 ( 0.000000000000000000, 0.06249999999999993061, 0.1249999999999998612, 0.1874999999999998335, 0.2499999999999998335, 0.3124999999999998335, 0.3749999999999997780, 0.4374999999999997780, 0.4999999999999997780, 0.5624999999999997780, 0.6249999999999998890, 0.6874999999999998890, 0.7499999999999998890, 0.8125000000000000000, 0.8750000000000000000, 0.9375000000000001110, 1.000000000000000000 ),
 .UNSPECIFIED. ) ;
#879 = CARTESIAN_POINT ( 'NONE',  ( -39.24999999999999289, -10.74693078237547184, 81.64974419757326984 ) ) ;
#880 = CARTESIAN_POINT ( 'NONE',  ( -33.75000000000000000, 5.296307347064899472E-31, -5.924999999999999822 ) ) ;
#881 = CARTESIAN_POINT ( 'NONE',  ( -43.25000000000000711, -19.39324338374613887, -22.11843285699647410 ) ) ;
#882 = CARTESIAN_POINT ( 'NONE',  ( -40.70000000000000995, 14.70127468159766693, 66.82695878850383053 ) ) ;
#883 = CARTESIAN_POINT ( 'NONE',  ( -38.25000000000000711, 20.76138541052690911, 57.48007314227820075 ) ) ;
#884 = DIRECTION ( 'NONE',  ( -1.000000000000000000, 0.000000000000000000, 0.000000000000000000 ) ) ;
#885 = ORIENTED_EDGE ( 'NONE', *, *, #152, .F. ) ;
#886 = CARTESIAN_POINT ( 'NONE',  ( -39.25000000000000000, -33.35322323254529664, 50.00000000000000000 ) ) ;
#887 = CARTESIAN_POINT ( 'NONE',  ( -38.24999999999999289, 15.45700009278266762, 70.64317263564491611 ) ) ;
#888 = CARTESIAN_POINT ( 'NONE',  ( -43.24999999999999289, 22.24343016681962126, 52.25119802068126518 ) ) ;
#889 = CARTESIAN_POINT ( 'NONE',  ( -40.70000000000000995, 14.41995107210931160, 71.07100004334070320 ) ) ;
#890 = CARTESIAN_POINT ( 'NONE',  ( -43.25000000000000000, -14.68869476240996796, 73.59062034378681005 ) ) ;
#891 = CARTESIAN_POINT ( 'NONE',  ( -38.75000000000000000, -20.34512569842100405, -26.51940212992068169 ) ) ;
#892 = ORIENTED_EDGE ( 'NONE', *, *, #539, .F. ) ;
#893 = CARTESIAN_POINT ( 'NONE',  ( -43.24999999999998579, 14.75211362965688444, 73.59080206600015117 ) ) ;
#894 = CARTESIAN_POINT ( 'NONE',  ( -33.25000000000000000, 2.732132968512117621, -4.740291156821855978 ) ) ;
#895 = AXIS2_PLACEMENT_3D ( 'NONE', #2079, #117, #272 ) ;
#896 = B_SPLINE_CURVE_WITH_KNOTS ( 'NONE', 3,
 ( #675, #2015, #378, #224, #503, #346, #357, #1000, #2001, #1857, #1533, #1667, #185, #1333, #1195, #1837, #1160, #1987, #1825, #537, #1012, #198, #851, #711, #36, #528, #1366, #2023, #689, #1848, #1345, #548, #368, #1204 ),
 .UNSPECIFIED., .F., .F.,
 ( 4, 2, 2, 2, 2, 2, 2, 2, 2, 2, 2, 2, 2, 2, 2, 2, 4 ),
 ( 0.000000000000000000, 0.06250000000000019429, 0.1250000000000003886, 0.1875000000000003608, 0.2500000000000003331, 0.3125000000000002776, 0.3750000000000002776, 0.4375000000000002220, 0.5000000000000002220, 0.5625000000000002220, 0.6250000000000001110, 0.6875000000000001110, 0.7500000000000001110, 0.8125000000000001110, 0.8750000000000000000, 0.9375000000000000000, 1.000000000000000000 ),
 .UNSPECIFIED. ) ;
#897 = CONICAL_SURFACE ( 'NONE', #1240, 4.699999999999995737, 0.7853981633974490562 ) ;
#898 = CARTESIAN_POINT ( 'NONE',  ( -43.25000000000000000, 21.63688821936808182, 52.37198993004354008 ) ) ;
#899 = CARTESIAN_POINT ( 'NONE',  ( -37.91666666666667140, -3.146972054003366899E-14, -7.500000000000000000 ) ) ;
#900 = CARTESIAN_POINT ( 'NONE',  ( -40.69999999999999574, 16.23255798506210112, 69.48375799471314451 ) ) ;
#901 = CARTESIAN_POINT ( 'NONE',  ( -43.25000000000000000, -18.53475234190263166, 67.40586573823379979 ) ) ;
#902 = DIRECTION ( 'NONE',  ( -0.7071067811865525687, -0.7071067811865424657, 0.000000000000000000 ) ) ;
#903 = ORIENTED_EDGE ( 'NONE', *, *, #633, .T. ) ;
#904 = CARTESIAN_POINT ( 'NONE',  ( -39.25000000000000000, -33.35322323254529664, 4.100547244045634149E-15 ) ) ;
#905 = CARTESIAN_POINT ( 'NONE',  ( -43.25000000000000711, 23.16419043181627657, 52.22100004334068757 ) ) ;
#906 = ADVANCED_FACE ( 'NONE', ( #516 ), #104, .T. ) ;
#907 = EDGE_CURVE ( 'NONE', #1329, #1504, #1622, .T. ) ;
#908 =( NAMED_UNIT ( * ) SI_UNIT ( $, .STERADIAN. ) SOLID_ANGLE_UNIT ( ) );
#909 = CARTESIAN_POINT ( 'NONE',  ( -43.24999999999998579, -13.01332160842121333, -26.38144396487803078 ) ) ;
#910 = CARTESIAN_POINT ( 'NONE',  ( -40.70000000000000284, 24.95106832112642081, 56.35824209196825763 ) ) ;
#911 = CARTESIAN_POINT ( 'NONE',  ( -40.70000000000000284, -20.69964446104097533, 56.35824209196825763 ) ) ;
#912 = CARTESIAN_POINT ( 'NONE',  ( -38.25000000000000000, -16.22524382487440064, 68.63554864910470599 ) ) ;
#913 = CARTESIAN_POINT ( 'NONE',  ( -38.75000000000000000, -25.12787851416625173, -22.04070213015672053 ) ) ;
#914 = ORIENTED_EDGE ( 'NONE', *, *, #2097, .F. ) ;
#915 = CARTESIAN_POINT ( 'NONE',  ( -39.25000000000000000, -4.084591807298374691E-15, -33.35322323254529664 ) ) ;
#916 = CARTESIAN_POINT ( 'NONE',  ( -39.24999999999999289, 31.64974419757324853, -10.74693078237554644 ) ) ;
#917 = EDGE_CURVE ( 'NONE', #1534, #549, #748, .T. ) ;
#918 = EDGE_CURVE ( 'NONE', #388, #1681, #2076, .T. ) ;
#919 = CARTESIAN_POINT ( 'NONE',  ( -43.24999999999999289, 10.59812077930357432, 72.02750870392029015 ) ) ;
#920 = CARTESIAN_POINT ( 'NONE',  ( -43.25000000000000000, 29.35322323254530019, 50.00000000000000000 ) ) ;
#921 = CARTESIAN_POINT ( 'NONE',  ( -38.75000000000000000, 0.000000000000000000, -33.35322323254529664 ) ) ;
#922 = CARTESIAN_POINT ( 'NONE',  ( -39.88333333333333286, 22.85702706628955383, 59.07100004334069610 ) ) ;
#923 = CARTESIAN_POINT ( 'NONE',  ( -38.25000000000000000, 20.97998673225369615, 58.00746570357298992 ) ) ;
#924 = CARTESIAN_POINT ( 'NONE',  ( -38.25000000000000000, -7.500000000000000000, 0.9817477042468186754 ) ) ;
#925 = EDGE_LOOP ( 'NONE', ( #46, #986, #1489, #613 ) ) ;
#926 = CARTESIAN_POINT ( 'NONE',  ( -43.25000000000000711, 18.80821201753953531, 68.30767784409289334 ) ) ;
#927 = DIRECTION ( 'NONE',  ( 0.000000000000000000, 0.000000000000000000, -1.000000000000000000 ) ) ;
#928 = CARTESIAN_POINT ( 'NONE',  ( -40.70000000000000995, 13.85708238834113537, 66.77100004334070604 ) ) ;
#929 = CARTESIAN_POINT ( 'NONE',  ( -38.75000000000000000, 33.35322323254529664, 33.33333333333337833 ) ) ;
#930 = CYLINDRICAL_SURFACE ( 'NONE', #695, 7.500000000000000000 ) ;
#931 = ORIENTED_EDGE ( 'NONE', *, *, #1481, .T. ) ;
#932 = CARTESIAN_POINT ( 'NONE',  ( -43.25000000000000000, 15.35894094272945409, 64.37206484672084628 ) ) ;
#933 = CARTESIAN_POINT ( 'NONE',  ( -33.25000000000000000, 2.732132968512119842, 4.740291156821855090 ) ) ;
#934 = ORIENTED_EDGE ( 'NONE', *, *, #856, .T. ) ;
#935 = CARTESIAN_POINT ( 'NONE',  ( -40.70000000000000284, 21.77424625849211282, 58.79964077830236846 ) ) ;
#936 = CARTESIAN_POINT ( 'NONE',  ( -43.25000000000000000, 14.13851673022521993, 68.92100004334069752 ) ) ;
#937 = CARTESIAN_POINT ( 'NONE',  ( -40.70000000000000284, 14.13851673022521993, 71.07100004334070320 ) ) ;
#938 = CARTESIAN_POINT ( 'NONE',  ( -33.25000000000000711, -4.338192620010135947, 3.333915955863905101 ) ) ;
#939 = CARTESIAN_POINT ( 'NONE',  ( -43.24999999999999289, 19.39329353788908250, -22.11848301101734648 ) ) ;
#940 = ORIENTED_EDGE ( 'NONE', *, *, #1354, .F. ) ;
#941 = EDGE_CURVE ( 'NONE', #1826, #1635, #637, .T. ) ;
#942 = CARTESIAN_POINT ( 'NONE',  ( -43.25000000000000000, -14.07517537981347999, 73.62100004334071457 ) ) ;
#943 = CARTESIAN_POINT ( 'NONE',  ( -38.24999999999998579, -21.70721983057939752, 58.79804028495372847 ) ) ;
#944 = ORIENTED_EDGE ( 'NONE', *, *, #1767, .F. ) ;
#945 = CARTESIAN_POINT ( 'NONE',  ( -43.25000000000000000, -22.79368571587784942, 61.62100004334070036 ) ) ;
#946 = CARTESIAN_POINT ( 'NONE',  ( -40.69999999999999574, -24.67232645083950970, 58.00378085113814564 ) ) ;
#947 = CARTESIAN_POINT ( 'NONE',  ( -38.25000000000000000, -4.300423695872042984, -32.64144846846579640 ) ) ;
#948 = CARTESIAN_POINT ( 'NONE',  ( -38.75000000000000000, -28.94498105048872105, 66.71499030809896169 ) ) ;
#949 = CARTESIAN_POINT ( 'NONE',  ( -41.91666666666666430, 30.68655656587863234, 50.00000000000000000 ) ) ;
#950 = EDGE_LOOP ( 'NONE', ( #732, #457, #1431, #1358 ) ) ;
#951 = B_SPLINE_CURVE_WITH_KNOTS ( 'NONE', 3,
 ( #2, #495, #1696, #1991 ),
 .UNSPECIFIED., .F., .F.,
 ( 4, 4 ),
 ( 0.000000000000000000, 1.000000000000000000 ),
 .UNSPECIFIED. ) ;
#952 = CARTESIAN_POINT ( 'NONE',  ( -38.25000000000000711, -12.98882314733386067, 67.04376505184201562 ) ) ;
#953 = CARTESIAN_POINT ( 'NONE',  ( -38.25000000000000000, -22.79368571587784942, 59.07100004334069610 ) ) ;
#954 = EDGE_CURVE ( 'NONE', #1635, #1541, #720, .T. ) ;
#955 = EDGE_CURVE ( 'NONE', #978, #762, #1210, .T. ) ;
#956 = EDGE_CURVE ( 'NONE', #1420, #836, #1519, .T. ) ;
#957 = PRODUCT_DEFINITION_SHAPE ( 'NONE', 'NONE',  #1908 ) ;
#958 = CARTESIAN_POINT ( 'NONE',  ( -43.24999999999999289, 10.40285924036708565, 66.05271112572518177 ) ) ;
#959 = CARTESIAN_POINT ( 'NONE',  ( -40.70000000000000284, 21.13774335513346969, 58.24227549128677595 ) ) ;
#960 = CARTESIAN_POINT ( 'NONE',  ( -57.83685783886740239, 0.000000000000000000, 0.000000000000000000 ) ) ;
#961 = CARTESIAN_POINT ( 'NONE',  ( -40.69999999999999574, 12.04447547538833874, 68.35824209196826473 ) ) ;
#962 = CARTESIAN_POINT ( 'NONE',  ( -38.25000000000001421, -26.12184831712988498, 70.04013080247695200 ) ) ;
#963 = CARTESIAN_POINT ( 'NONE',  ( -43.25000000000000000, -2.799190877114749791E-15, -29.35322323254530019 ) ) ;
#964 = ORIENTED_EDGE ( 'NONE', *, *, #1247, .T. ) ;
#965 = CARTESIAN_POINT ( 'NONE',  ( -38.75000000000000000, 0.000000000000000000, 0.000000000000000000 ) ) ;
#966 = CARTESIAN_POINT ( 'NONE',  ( -43.24999999999999289, 24.07745127885750946, 52.37206484673843221 ) ) ;
#967 = ORIENTED_EDGE ( 'NONE', *, *, #1027, .T. ) ;
#968 = FACE_OUTER_BOUND ( 'NONE', #1084, .T. ) ;
#969 = EDGE_CURVE ( 'NONE', #87, #1317, #1155, .T. ) ;
#970 = EDGE_CURVE ( 'NONE', #515, #1534, #590, .T. ) ;
#971 = CARTESIAN_POINT ( 'NONE',  ( -39.08333333333332149, 33.35322323254529664, 49.99999999999995026 ) ) ;
#972 = CARTESIAN_POINT ( 'NONE',  ( -38.25000000000000711, -32.64144846846580350, -4.300423695872094498 ) ) ;
#973 = CARTESIAN_POINT ( 'NONE',  ( -38.25000000000001421, -10.58582295319444100, 81.17528114527837602 ) ) ;
#974 = CARTESIAN_POINT ( 'NONE',  ( -43.25000000000000711, 23.33575881351683279, -17.91003868093961771 ) ) ;
#975 = ORIENTED_EDGE ( 'NONE', *, *, #2059, .T. ) ;
#976 = CARTESIAN_POINT ( 'NONE',  ( -26.04219289491555145, 41.39199493597259760, 10.41666666666606034 ) ) ;
#977 = CARTESIAN_POINT ( 'NONE',  ( -43.25000000000000000, 27.55695574159481609, 56.61419539806996681 ) ) ;
#978 = VERTEX_POINT ( 'NONE', #1949 ) ;
#979 = CARTESIAN_POINT ( 'NONE',  ( -43.25000000000000000, -18.12402077607476869, 57.53429488821112159 ) ) ;
#980 = CARTESIAN_POINT ( 'NONE',  ( -39.88333333333333286, -14.07517537981348887, 66.77100004334070604 ) ) ;
#981 = CARTESIAN_POINT ( 'NONE',  ( -40.69999999999999574, -11.98113412497660057, 69.48375799471314451 ) ) ;
#982 = CARTESIAN_POINT ( 'NONE',  ( -38.25000000000001421, -16.46441497102340890, -28.51106525097697642 ) ) ;
#983 = CARTESIAN_POINT ( 'NONE',  ( -38.25000000000000711, -23.35275858975353813, 54.82535829515845194 ) ) ;
#984 = CARTESIAN_POINT ( 'NONE',  ( -38.25000000000000711, 26.12184831712983879, 70.04013080247702305 ) ) ;
#985 = CARTESIAN_POINT ( 'NONE',  ( -43.25000000000000000, 29.35322323254530019, 4.624426268851949394E-15 ) ) ;
#986 = ORIENTED_EDGE ( 'NONE', *, *, #941, .T. ) ;
#987 = CARTESIAN_POINT ( 'NONE',  ( -43.25000000000000000, -27.49361439118411710, 57.22780468860976555 ) ) ;
#988 = CARTESIAN_POINT ( 'NONE',  ( -43.25000000000000000, -11.72156141809096042, 64.84148995805257698 ) ) ;
#989 = CARTESIAN_POINT ( 'NONE',  ( -38.25000000000000711, -21.07151411531710039, 55.60251582251433433 ) ) ;
#990 = ORIENTED_EDGE ( 'NONE', *, *, #1449, .T. ) ;
#991 = CARTESIAN_POINT ( 'NONE',  ( -43.25000000000000000, -19.25339063329477085, 60.02740783556102855 ) ) ;
#992 = CARTESIAN_POINT ( 'NONE',  ( -37.25000000000000000, -3.777142352781734491, 6.553397912656941493 ) ) ;
#993 = CARTESIAN_POINT ( 'NONE',  ( -37.24999999999999289, 3.915680276601589238, -4.463585569728721225 ) ) ;
#994 = CARTESIAN_POINT ( 'NONE',  ( -37.25000000000000000, 7.499999999999995559, -0.9817477042468357729 ) ) ;
#995 = CARTESIAN_POINT ( 'NONE',  ( -43.25000000000000000, 20.50341310455985422, 61.00051012862074629 ) ) ;
#996 = ORIENTED_EDGE ( 'NONE', *, *, #2013, .T. ) ;
#997 = CARTESIAN_POINT ( 'NONE',  ( -43.25000000000000000, -27.25326267797087354, 55.40586573824546690 ) ) ;
#998 = ADVANCED_FACE ( 'NONE', ( #1277 ), #1995, .T. ) ;
#999 = CARTESIAN_POINT ( 'NONE',  ( -33.41666666666666430, 0.000000000000000000, -5.591666666666669450 ) ) ;
#1000 = CARTESIAN_POINT ( 'NONE',  ( -43.25000000000000000, -23.33575881385851147, 67.91003868047626213 ) ) ;
#1001 = AXIS2_PLACEMENT_3D ( 'NONE', #2044, #1096, #927 ) ;
#1002 = VERTEX_POINT ( 'NONE', #1633 ) ;
#1003 = AXIS2_PLACEMENT_3D ( 'NONE', #1631, #1600, #1451 ) ;
#1004 = CARTESIAN_POINT ( 'NONE',  ( -39.24999999999999289, -2.182963355852149068, 83.35322323254530374 ) ) ;
#1005 = CARTESIAN_POINT ( 'NONE',  ( -42.39999999999999858, 22.85702706628955738, 60.77100004334070604 ) ) ;
#1006 = CARTESIAN_POINT ( 'NONE',  ( -33.75000000000000000, -2.983942458697580236, 5.177184350998977891 ) ) ;
#1007 = B_SPLINE_CURVE_WITH_KNOTS ( 'NONE', 3,
 ( #244, #1242, #899, #2056 ),
 .UNSPECIFIED., .F., .F.,
 ( 4, 4 ),
 ( 0.000000000000000000, 1.000000000000000000 ),
 .UNSPECIFIED. ) ;
#1008 = CARTESIAN_POINT ( 'NONE',  ( -40.70000000000000284, -22.79368571587784942, 59.07100004334069610 ) ) ;
#1009 = ORIENTED_EDGE ( 'NONE', *, *, #1247, .F. ) ;
#1010 = CARTESIAN_POINT ( 'NONE',  ( -43.25000000000000000, 29.35322323254530019, 4.624426268851949394E-15 ) ) ;
#1011 = SURFACE_STYLE_FILL_AREA ( #502 ) ;
#1012 = CARTESIAN_POINT ( 'NONE',  ( -43.25000000000000000, 9.452662827150639657, 77.85624035053146486 ) ) ;
#1013 = ORIENTED_EDGE ( 'NONE', *, *, #796, .T. ) ;
#1014 = EDGE_CURVE ( 'NONE', #1826, #275, #542, .T. ) ;
#1015 = CARTESIAN_POINT ( 'NONE',  ( -39.24999999999999289, 33.13822542452609810, 54.36587273363355877 ) ) ;
#1016 = CARTESIAN_POINT ( 'NONE',  ( -39.24999999999999289, -10.74693078237540966, -31.64974419757329827 ) ) ;
#1017 = CARTESIAN_POINT ( 'NONE',  ( -37.25000000000000711, 3.615764211529445493, 4.709563252027683333 ) ) ;
#1018 = CARTESIAN_POINT ( 'NONE',  ( -33.75000000000000000, -5.924999999999999822, -0.7755806863549867813 ) ) ;
#1019 = CARTESIAN_POINT ( 'NONE',  ( -38.25000000000000000, 12.26147639619202145, 70.00746570357523524 ) ) ;
#1020 = FACE_BOUND ( 'NONE', #48, .T. ) ;
#1021 = CARTESIAN_POINT ( 'NONE',  ( -43.24999999999999289, -27.01857635939093427, 54.83891008420413016 ) ) ;
#1022 = CARTESIAN_POINT ( 'NONE',  ( -43.25000000000000000, 29.35322323254530019, 0.000000000000000000 ) ) ;
#1023 = CARTESIAN_POINT ( 'NONE',  ( -37.25000000000000711, -5.325757109886790630, 2.625349381194966636 ) ) ;
#1024 = ORIENTED_EDGE ( 'NONE', *, *, #956, .T. ) ;
#1025 = CARTESIAN_POINT ( 'NONE',  ( -33.75000000000000711, 0.7755806863549929986, -5.924999999999999822 ) ) ;
#1026 = CARTESIAN_POINT ( 'NONE',  ( -38.25000000000000000, 15.22498261550701848, 70.79804028496498347 ) ) ;
#1027 = EDGE_CURVE ( 'NONE', #768, #1048, #1891, .T. ) ;
#1028 = B_SPLINE_CURVE_WITH_KNOTS ( 'NONE', 3,
 ( #953, #135, #290, #943, #1292, #639, #1278, #1790, #1950, #828, #1320, #158, #989, #1430, #815, #649, #480, #1603 ),
 .UNSPECIFIED., .F., .F.,
 ( 4, 2, 2, 2, 2, 2, 2, 2, 4 ),
 ( 0.000000000000000000, 0.1250000000000000000, 0.2500000000000000000, 0.3750000000000000000, 0.5000000000000000000, 0.6250000000000000000, 0.7500000000000000000, 0.8750000000000000000, 1.000000000000000000 ),
 .UNSPECIFIED. ) ;
#1029 = EDGE_CURVE ( 'NONE', #529, #308, #1818, .T. ) ;
#1030 = CARTESIAN_POINT ( 'NONE',  ( -40.70000000000000284, -11.92517537981347964, 69.20243438522479096 ) ) ;
#1031 = CARTESIAN_POINT ( 'NONE',  ( -33.75000000000000000, -1.550856214828725488, -5.770788109259771481 ) ) ;
#1032 = B_SPLINE_CURVE_WITH_KNOTS ( 'NONE', 3,
 ( #180, #834, #1487, #1180, #20, #670, #1982, #352, #1212, #919, #1862, #1705, #727, #1381, #1558, #173, #1606, #127, #1252, #784, #1434, #620, #301, #958, #1617, #1483, #1323, #381, #1040, #213, #1199, #61, #1695, #227 ),
 .UNSPECIFIED., .F., .F.,
 ( 4, 2, 2, 2, 2, 2, 2, 2, 2, 2, 2, 2, 2, 2, 2, 2, 4 ),
 ( 0.000000000000000000, 0.06250000000000000000, 0.1250000000000000000, 0.1875000000000000000, 0.2500000000000000000, 0.3125000000000000000, 0.3750000000000000000, 0.4375000000000000000, 0.5000000000000000000, 0.5625000000000000000, 0.6250000000000000000, 0.6875000000000000000, 0.7500000000000000000, 0.8125000000000000000, 0.8750000000000000000, 0.9375000000000000000, 1.000000000000000000 ),
 .UNSPECIFIED. ) ;
#1033 = FACE_OUTER_BOUND ( 'NONE', #240, .T. ) ;
#1034 = CARTESIAN_POINT ( 'NONE',  ( -38.25000000000000711, 24.95266872205323594, 56.36192694440606488 ) ) ;
#1035 = CARTESIAN_POINT ( 'NONE',  ( -40.69999999999999574, -20.69964446104096822, 57.48375799471313741 ) ) ;
#1036 = FACE_OUTER_BOUND ( 'NONE', #636, .T. ) ;
#1037 = CARTESIAN_POINT ( 'NONE',  ( -37.25000000000000000, -5.734692134397429086, -1.538244791283104096 ) ) ;
#1038 = EDGE_LOOP ( 'NONE', ( #751, #1781, #1984, #1621 ) ) ;
#1039 = CARTESIAN_POINT ( 'NONE',  ( -33.74999999999999289, 3.641189315851382169, -4.738026041209209893 ) ) ;
#1040 = CARTESIAN_POINT ( 'NONE',  ( -43.25000000000000000, 12.05639848427327188, 64.69627554177563411 ) ) ;
#1041 = AXIS2_PLACEMENT_3D ( 'NONE', #1516, #685, #1698 ) ;
#1042 = EDGE_CURVE ( 'NONE', #308, #1048, #1078, .T. ) ;
#1043 = CARTESIAN_POINT ( 'NONE',  ( -37.25000000000000000, 7.611663318921999987E-16, -7.500000000000000000 ) ) ;
#1044 = CARTESIAN_POINT ( 'NONE',  ( -38.25000000000000000, 12.82003336765352230, 67.19882745106238531 ) ) ;
#1045 = CARTESIAN_POINT ( 'NONE',  ( -38.25000000000000711, 4.300423695871941732, -32.64144846846581771 ) ) ;
#1046 = CARTESIAN_POINT ( 'NONE',  ( -38.25000000000000000, 22.29784053961382995, 59.01644704164046118 ) ) ;
#1047 = CARTESIAN_POINT ( 'NONE',  ( -37.25000000000000711, -1.538424438786844872, 5.734656366230985292 ) ) ;
#1048 = VERTEX_POINT ( 'NONE', #184 ) ;
#1049 = CARTESIAN_POINT ( 'NONE',  ( -39.24999999999998579, -4.365872733633588965, 83.13822542452609810 ) ) ;
#1050 = CARTESIAN_POINT ( 'NONE',  ( -39.25000000000000000, -31.64974419757324853, -10.74693078237554289 ) ) ;
#1051 = ADVANCED_FACE ( 'NONE', ( #10 ), #1532, .T. ) ;
#1052 = CARTESIAN_POINT ( 'NONE',  ( -43.24999999999999289, 19.12136957641641644, 54.05271112573426251 ) ) ;
#1053 = FACE_BOUND ( 'NONE', #1444, .T. ) ;
#1054 = B_SPLINE_CURVE_WITH_KNOTS ( 'NONE', 3,
 ( #1230, #1899, #1569, #83 ),
 .UNSPECIFIED., .F., .F.,
 ( 4, 4 ),
 ( 0.000000000000000000, 1.000000000000000000 ),
 .UNSPECIFIED. ) ;
#1055 = CARTESIAN_POINT ( 'NONE',  ( -38.25000000000000000, 22.57174080314871745, 54.77100004334068473 ) ) ;
#1056 = CARTESIAN_POINT ( 'NONE',  ( -38.25000000000000000, -4.609100399811852711, 5.997501317986357883 ) ) ;
#1057 = EDGE_LOOP ( 'NONE', ( #482, #604, #1168, #446 ) ) ;
#1058 = CARTESIAN_POINT ( 'NONE',  ( -43.25000000000000000, 16.49213069196174430, 64.84148995806675941 ) ) ;
#1059 = CARTESIAN_POINT ( 'NONE',  ( -39.25000000000000711, -33.13822542452609810, -4.365872733633644032 ) ) ;
#1060 = UNCERTAINTY_MEASURE_WITH_UNIT (LENGTH_MEASURE( 1.000000000000000082E-05 ), #367, 'distance_accuracy_value', 'NONE');
#1061 = CARTESIAN_POINT ( 'NONE',  ( -43.25000000000000000, 18.63226821362655983, 59.00303541291679466 ) ) ;
#1062 = DIRECTION ( 'NONE',  ( -1.000000000000000000, 0.000000000000000000, 0.000000000000000000 ) ) ;
#1063 = FACE_BOUND ( 'NONE', #1508, .T. ) ;
#1064 = CARTESIAN_POINT ( 'NONE',  ( -43.25000000000000711, -16.42878934157576865, 73.00051012859979949 ) ) ;
#1065 = CARTESIAN_POINT ( 'NONE',  ( -38.74999999999999289, -8.647909387792436675, -32.28647537644089738 ) ) ;
#1066 = ORIENTED_EDGE ( 'NONE', *, *, #918, .F. ) ;
#1067 = CARTESIAN_POINT ( 'NONE',  ( -38.24999999999998579, -12.98870949449973544, 70.79804028494204715 ) ) ;
#1068 = FACE_OUTER_BOUND ( 'NONE', #1173, .T. ) ;
#1069 = AXIS2_PLACEMENT_3D ( 'NONE', #936, #643, #1596 ) ;
#1070 = FACE_OUTER_BOUND ( 'NONE', #1948, .T. ) ;
#1071 = CARTESIAN_POINT ( 'NONE',  ( -40.69999999999999574, 16.28851673022521496, 68.63956570145660407 ) ) ;
#1072 = CARTESIAN_POINT ( 'NONE',  ( -38.25000000000000711, 21.77067483379536128, 58.79823503483953573 ) ) ;
#1073 = CARTESIAN_POINT ( 'NONE',  ( -38.25000000000000000, -4.110715430466514888E-15, 7.500000000000000000 ) ) ;
#1074 = ORIENTED_EDGE ( 'NONE', *, *, #1556, .F. ) ;
#1075 = CARTESIAN_POINT ( 'NONE',  ( -43.25000000000000000, 14.44568009570307332, 64.22100004334070888 ) ) ;
#1076 = CARTESIAN_POINT ( 'NONE',  ( -33.25000000000000000, 5.813676818185389980E-16, -5.424999999999999822 ) ) ;
#1077 = EDGE_CURVE ( 'NONE', #1904, #504, #283, .T. ) ;
#1078 = B_SPLINE_CURVE_WITH_KNOTS ( 'NONE', 3,
 ( #1319, #875, #547, #536 ),
 .UNSPECIFIED., .F., .F.,
 ( 4, 4 ),
 ( 0.000000000000000000, 1.000000000000000000 ),
 .UNSPECIFIED. ) ;
#1079 = CARTESIAN_POINT ( 'NONE',  ( -43.24999999999999289, 18.39731831334643530, 58.43618893799641256 ) ) ;
#1080 = CARTESIAN_POINT ( 'NONE',  ( -40.69999999999999574, 24.73566780125119635, 55.83821923554325650 ) ) ;
#1081 = FACE_OUTER_BOUND ( 'NONE', #805, .T. ) ;
#1082 = CARTESIAN_POINT ( 'NONE',  ( -43.25000000000000711, -16.94346218094530343, 65.18538335486768176 ) ) ;
#1083 = CARTESIAN_POINT ( 'NONE',  ( -38.75000000000000000, -33.35322323254531085, -2.182963355852180154 ) ) ;
#1084 = EDGE_LOOP ( 'NONE', ( #1928, #1938, #1813, #435 ) ) ;
#1085 = CARTESIAN_POINT ( 'NONE',  ( -38.25000000000000711, -24.88932737164613229, 57.48007314227073294 ) ) ;
#1086 = CARTESIAN_POINT ( 'NONE',  ( -26.05060303750356354, 41.39700167319767132, 10.37404239491490721 ) ) ;
#1087 = CARTESIAN_POINT ( 'NONE',  ( -43.25000000000000000, -29.35322323254530019, 2.232909109854119495E-15 ) ) ;
#1088 = EDGE_CURVE ( 'NONE', #1347, #1727, #665, .T. ) ;
#1089 = CARTESIAN_POINT ( 'NONE',  ( -43.24999999999999289, 21.34192104804975543, 52.46125693928659928 ) ) ;
#1090 = CARTESIAN_POINT ( 'NONE',  ( -33.25000000000000000, 0.000000000000000000, 0.000000000000000000 ) ) ;
#1091 = CARTESIAN_POINT ( 'NONE',  ( -40.70000000000000284, 13.57575877885276938, 66.82695878850384474 ) ) ;
#1092 = CARTESIAN_POINT ( 'NONE',  ( -33.24999999999999289, -3.333915955863909986, -4.338192620010128842 ) ) ;
#1093 = CARTESIAN_POINT ( 'NONE',  ( -38.75000000000000000, -33.35322323254529664, -2.386837325201569854E-14 ) ) ;
#1094 = ORIENTED_EDGE ( 'NONE', *, *, #68, .F. ) ;
#1095 = CARTESIAN_POINT ( 'NONE',  ( -26.05349424533815039, 41.38488242297790265, 10.41666666666606034 ) ) ;
#1096 = DIRECTION ( 'NONE',  ( -1.000000000000000000, 0.000000000000000000, 0.000000000000000000 ) ) ;
#1097 = ORIENTED_EDGE ( 'NONE', *, *, #1481, .F. ) ;
#1098 = CARTESIAN_POINT ( 'NONE',  ( -43.25000000000000000, 14.13851673022521993, 64.22100004334070888 ) ) ;
#1099 = AXIS2_PLACEMENT_3D ( 'NONE', #1437, #1597, #1110 ) ;
#1100 = CARTESIAN_POINT ( 'NONE',  ( -38.24999999999999289, 3.777142352781719392, -6.553397912656945046 ) ) ;
#1101 = CYLINDRICAL_SURFACE ( 'NONE', #1271, 2.149999999999999023 ) ;
#1102 = FACE_OUTER_BOUND ( 'NONE', #1267, .T. ) ;
#1103 = ORIENTED_EDGE ( 'NONE', *, *, #783, .T. ) ;
#1104 = CARTESIAN_POINT ( 'NONE',  ( -43.24999999999999289, -11.72152453240209091, 73.00052769798561769 ) ) ;
#1105 = CARTESIAN_POINT ( 'NONE',  ( -43.25000000000000000, 24.93914531227952125, 61.14572454489520226 ) ) ;
#1106 = ORIENTED_EDGE ( 'NONE', *, *, #428, .T. ) ;
#1107 = CARTESIAN_POINT ( 'NONE',  ( -43.24999999999999289, -19.68717705530743700, 60.46139599427397116 ) ) ;
#1108 = CARTESIAN_POINT ( 'NONE',  ( -40.70000000000000284, -24.94368571587785155, 56.63956570145662539 ) ) ;
#1109 = CARTESIAN_POINT ( 'NONE',  ( -38.25000000000000000, -32.85322323254528953, 33.33333333333334281 ) ) ;
#1110 = DIRECTION ( 'NONE',  ( 0.000000000000000000, 0.000000000000000000, -1.000000000000000000 ) ) ;
#1111 = CARTESIAN_POINT ( 'NONE',  ( -33.24999999999998579, -2.732132968512126503, -4.740291156821851537 ) ) ;
#1112 = SHELL_BASED_SURFACE_MODEL ( 'NONE', ( #2094, #1520 ) );
#1113 = CARTESIAN_POINT ( 'NONE',  ( -40.58333333333332860, 32.01988989921196804, 50.00000000000000000 ) ) ;
#1114 = ADVANCED_FACE ( 'NONE', ( #1036 ), #2065, .T. ) ;
#1115 = ORIENTED_EDGE ( 'NONE', *, *, #251, .F. ) ;
#1116 = CARTESIAN_POINT ( 'NONE',  ( -43.25000000000000000, -11.20688857866094601, 72.65661673179639024 ) ) ;
#1117 = CARTESIAN_POINT ( 'NONE',  ( -43.24999999999999289, 23.47062396576941978, 61.59080206600012986 ) ) ;
#1118 = CARTESIAN_POINT ( 'NONE',  ( -40.69999999999999574, 20.70702706628954815, 57.20243438522476964 ) ) ;
#1119 = CARTESIAN_POINT ( 'NONE',  ( -38.25000000000000000, 3.777142352781760248, 6.553397912656925506 ) ) ;
#1120 = CARTESIAN_POINT ( 'NONE',  ( -40.70000000000000284, 14.13851673022521993, 66.77100004334070604 ) ) ;
#1121 = DIRECTION ( 'NONE',  ( -1.000000000000000000, 0.000000000000000000, 0.000000000000000000 ) ) ;
#1122 = B_SPLINE_CURVE_WITH_KNOTS ( 'NONE', 3,
 ( #162, #496, #1978, #2007, #53, #507, #832, #1017, #1686, #532, #1336, #2020, #1526, #326, #1992, #177, #1350, #1190, #1638, #706, #1361, #1805, #1152, #1500, #337, #993, #1140, #696, #1673, #204, #30, #1830, #858, #1794 ),
 .UNSPECIFIED., .F., .F.,
 ( 4, 2, 2, 2, 2, 2, 2, 2, 2, 2, 2, 2, 2, 2, 2, 2, 4 ),
 ( 0.000000000000000000, 0.06250000000000008327, 0.1250000000000001665, 0.1875000000000002498, 0.2500000000000003331, 0.3125000000000002776, 0.3750000000000002776, 0.4375000000000002220, 0.5000000000000002220, 0.5625000000000002220, 0.6250000000000001110, 0.6875000000000001110, 0.7500000000000001110, 0.8125000000000001110, 0.8750000000000000000, 0.9375000000000000000, 1.000000000000000000 ),
 .UNSPECIFIED. ) ;
#1123 = ORIENTED_EDGE ( 'NONE', *, *, #2072, .T. ) ;
#1124 = CARTESIAN_POINT ( 'NONE',  ( -43.24999999999999289, -10.96866671923534220, 72.46139599425690392 ) ) ;
#1125 = CARTESIAN_POINT ( 'NONE',  ( -43.24999999999999289, 25.21067791367087452, 61.00052769800046804 ) ) ;
#1126 = EDGE_LOOP ( 'NONE', ( #2071, #2075, #1157, #1702 ) ) ;
#1127 = B_SPLINE_CURVE_WITH_KNOTS ( 'NONE', 3,
 ( #273, #476, #929, #1297 ),
 .UNSPECIFIED., .F., .F.,
 ( 4, 4 ),
 ( 0.000000000000000000, 1.000000000000000000 ),
 .UNSPECIFIED. ) ;
#1128 = CARTESIAN_POINT ( 'NONE',  ( -43.24999999999999289, -19.25328976495582367, 53.81449138275897326 ) ) ;
#1129 = CARTESIAN_POINT ( 'NONE',  ( -40.70000000000000284, 22.85702706628955028, 59.07100004334069610 ) ) ;
#1130 = CARTESIAN_POINT ( 'NONE',  ( -38.25000000000000000, -4.110715430466514888E-15, 7.500000000000000000 ) ) ;
#1131 = CARTESIAN_POINT ( 'NONE',  ( -43.25000000000000000, 0.000000000000000000, 50.00000000000000000 ) ) ;
#1132 = DIRECTION ( 'NONE',  ( 0.000000000000000000, 0.000000000000000000, -1.000000000000000000 ) ) ;
#1133 = VERTEX_POINT ( 'NONE', #24 ) ;
#1134 = AXIS2_PLACEMENT_3D ( 'NONE', #827, #1666, #1690 ) ;
#1135 = CARTESIAN_POINT ( 'NONE',  ( -43.24999999999999289, -11.99308533209791960, 64.69610945900603838 ) ) ;
#1136 = CARTESIAN_POINT ( 'NONE',  ( -37.25000000000000000, 7.611663318921999987E-16, -7.500000000000000000 ) ) ;
#1137 = ORIENTED_EDGE ( 'NONE', *, *, #796, .F. ) ;
#1138 = CARTESIAN_POINT ( 'NONE',  ( -43.24999999999999289, -19.92539679830128918, 53.18534255344550132 ) ) ;
#1139 = CARTESIAN_POINT ( 'NONE',  ( -40.70000000000000284, 22.57559272440546394, 59.07100004334071031 ) ) ;
#1140 = CARTESIAN_POINT ( 'NONE',  ( -37.25000000000000000, 3.615724548187806864, -4.709503891692064848 ) ) ;
#1141 = CARTESIAN_POINT ( 'NONE',  ( -38.25000000000002132, -14.55894550857946435, -29.52955989786743274 ) ) ;
#1142 = CARTESIAN_POINT ( 'NONE',  ( -38.25000000000000000, -23.07897197901865383, 54.77100004334069183 ) ) ;
#1143 = CARTESIAN_POINT ( 'NONE',  ( -38.25000000000000711, 29.52955989786742563, 64.55894550857946967 ) ) ;
#1144 = DIRECTION ( 'NONE',  ( 0.000000000000000000, 0.000000000000000000, -1.000000000000000000 ) ) ;
#1145 = ORIENTED_EDGE ( 'NONE', *, *, #483, .T. ) ;
#1146 = CARTESIAN_POINT ( 'NONE',  ( -43.24999999999999289, -26.33408166681422458, 60.02750870390316607 ) ) ;
#1147 = CARTESIAN_POINT ( 'NONE',  ( -43.24999999999999289, -13.46157848036826898, 73.59080206600016538 ) ) ;
#1148 = CARTESIAN_POINT ( 'NONE',  ( -37.25000000000000000, -5.902473160352840194E-15, -5.924999999999999822 ) ) ;
#1149 = ORIENTED_EDGE ( 'NONE', *, *, #1378, .F. ) ;
#1150 = CARTESIAN_POINT ( 'NONE',  ( -43.24999999999999289, -18.09361439118314507, 57.22780468860349146 ) ) ;
#1151 = PRODUCT_RELATED_PRODUCT_CATEGORY ( 'part', '', ( #345 ) ) ;
#1152 = CARTESIAN_POINT ( 'NONE',  ( -37.25000000000000000, 5.142743019294599094, -2.967336373205957667 ) ) ;
#1153 = CARTESIAN_POINT ( 'NONE',  ( -39.06666666666666288, 14.13851673022522348, 71.07100004334070320 ) ) ;
#1154 = CARTESIAN_POINT ( 'NONE',  ( -38.74999999999999289, 32.28647537644089027, 58.64790938779247398 ) ) ;
#1155 = B_SPLINE_CURVE_WITH_KNOTS ( 'NONE', 3,
 ( #491, #605, #2115, #1778 ),
 .UNSPECIFIED., .F., .F.,
 ( 4, 4 ),
 ( 0.000000000000000000, 1.000000000000000000 ),
 .UNSPECIFIED. ) ;
#1156 = DIRECTION ( 'NONE',  ( -1.000000000000000000, 0.000000000000000000, 0.000000000000000000 ) ) ;
#1157 = ORIENTED_EDGE ( 'NONE', *, *, #139, .F. ) ;
#1158 = CARTESIAN_POINT ( 'NONE',  ( -43.25000000000000000, -23.10165999094518341, 52.22100004334070178 ) ) ;
#1159 = SURFACE_SIDE_STYLE ('',( #1011 ) ) ;
#1160 = CARTESIAN_POINT ( 'NONE',  ( -43.25000000000000000, -1.926999956183197193, 79.35318776823478970 ) ) ;
#1161 = ORIENTED_EDGE ( 'NONE', *, *, #969, .T. ) ;
#1162 = CARTESIAN_POINT ( 'NONE',  ( -38.25000000000000000, -14.07517537981347999, 66.77100004334070604 ) ) ;
#1163 = CARTESIAN_POINT ( 'NONE',  ( -40.70000000000000284, 22.85702706628955028, 59.07100004334069610 ) ) ;
#1164 = CARTESIAN_POINT ( 'NONE',  ( -43.25000000000000000, 29.35322323254530019, 4.624426268851949394E-15 ) ) ;
#1165 = CARTESIAN_POINT ( 'NONE',  ( -38.75000000000000000, 29.97897637808383564, 64.78052111176344852 ) ) ;
#1166 = EDGE_CURVE ( 'NONE', #836, #1420, #743, .T. ) ;
#1167 = DIRECTION ( 'NONE',  ( -1.000000000000000000, 0.000000000000000000, 0.000000000000000000 ) ) ;
#1168 = ORIENTED_EDGE ( 'NONE', *, *, #1852, .F. ) ;
#1169 = FACE_OUTER_BOUND ( 'NONE', #119, .T. ) ;
#1170 = CARTESIAN_POINT ( 'NONE',  ( -40.70000000000000284, -15.15795618761091212, 70.79964077830236135 ) ) ;
#1171 = CARTESIAN_POINT ( 'NONE',  ( -37.25000000000000000, -5.886825484770178640, 0.7734187908876065665 ) ) ;
#1172 = AXIS2_PLACEMENT_3D ( 'NONE', #623, #474, #151 ) ;
#1173 = EDGE_LOOP ( 'NONE', ( #334, #1659, #1246, #186 ) ) ;
#1174 = AXIS2_PLACEMENT_3D ( 'NONE', #1225, #1876, #1144 ) ;
#1175 = CARTESIAN_POINT ( 'NONE',  ( -38.75000000000000000, 33.35322323254529664, 5.703344358878899383E-15 ) ) ;
#1176 = CARTESIAN_POINT ( 'NONE',  ( -38.24999999999998579, 15.22486896271021806, 67.04376505184198720 ) ) ;
#1177 = CARTESIAN_POINT ( 'NONE',  ( -43.25000000000000000, -2.799190877114749791E-15, -29.35322323254530019 ) ) ;
#1178 = CARTESIAN_POINT ( 'NONE',  ( -37.25000000000000000, 7.611663318921999987E-16, -7.500000000000000000 ) ) ;
#1179 = CARTESIAN_POINT ( 'NONE',  ( -38.75000000000000000, 26.51940212992065682, 70.34512569842107155 ) ) ;
#1180 = CARTESIAN_POINT ( 'NONE',  ( -43.24999999999999289, 12.91809251767328526, 73.46993523994872533 ) ) ;
#1181 = CARTESIAN_POINT ( 'NONE',  ( -38.25000000000001421, 13.85358666340814260, 71.07100004334070320 ) ) ;
#1182 = VERTEX_POINT ( 'NONE', #584 ) ;
#1183 = CARTESIAN_POINT ( 'NONE',  ( -43.25000000000000711, -23.10084908141093862, 61.62100004334068615 ) ) ;
#1184 = CARTESIAN_POINT ( 'NONE',  ( -33.25000000000000000, 5.813676818185389980E-16, -5.424999999999999822 ) ) ;
#1185 = CARTESIAN_POINT ( 'NONE',  ( -37.25000000000000000, -2.967376036550577023, 5.142802379626899345 ) ) ;
#1186 = ORIENTED_EDGE ( 'NONE', *, *, #1568, .F. ) ;
#1187 = EDGE_CURVE ( 'NONE', #1420, #308, #2005, .T. ) ;
#1188 = CARTESIAN_POINT ( 'NONE',  ( -33.75000000000000711, 2.983942458697560252, 5.177184350998988549 ) ) ;
#1189 = CARTESIAN_POINT ( 'NONE',  ( -37.25000000000000711, -6.553397912656937940, -3.777142352781740264 ) ) ;
#1190 = CARTESIAN_POINT ( 'NONE',  ( -37.24999999999999289, 5.925035701304006253, -0.3874275482215181476 ) ) ;
#1191 = CARTESIAN_POINT ( 'NONE',  ( -33.75000000000000000, -2.983942458697569577, -5.177184350998982332 ) ) ;
#1192 = CARTESIAN_POINT ( 'NONE',  ( -43.24999999999999289, 20.77493701860103315, 61.14589062768802563 ) ) ;
#1193 = CARTESIAN_POINT ( 'NONE',  ( -40.70000000000000284, -22.79368571587784942, 54.77100004334069894 ) ) ;
#1194 = CARTESIAN_POINT ( 'NONE',  ( -40.69999999999999574, -15.79445909096957301, 67.59972459539464751 ) ) ;
#1195 = CARTESIAN_POINT ( 'NONE',  ( -43.25000000000000711, -7.616496046558100197, 78.41323545398743988 ) ) ;
#1196 = EDGE_LOOP ( 'NONE', ( #415, #471, #1668, #379 ) ) ;
#1197 = EDGE_CURVE ( 'NONE', #1717, #1452, #1309, .T. ) ;
#1198 = CARTESIAN_POINT ( 'NONE',  ( -39.25000000000000000, -22.04070213015664947, 75.12787851416631213 ) ) ;
#1199 = CARTESIAN_POINT ( 'NONE',  ( -43.25000000000000000, 12.91837788332930792, 64.37198993004352587 ) ) ;
#1200 = CARTESIAN_POINT ( 'NONE',  ( -38.75000000000000711, 33.13822542452609099, -4.365872733633663572 ) ) ;
#1201 = DIRECTION ( 'NONE',  ( 0.000000000000000000, 0.000000000000000000, -1.000000000000000000 ) ) ;
#1202 = FACE_OUTER_BOUND ( 'NONE', #182, .T. ) ;
#1203 = CARTESIAN_POINT ( 'NONE',  ( -40.69999999999999574, -16.22517537981348212, 69.20243438522479096 ) ) ;
#1204 = CARTESIAN_POINT ( 'NONE',  ( -43.25000000000000000, 29.35322323254530019, 50.00000000000000000 ) ) ;
#1205 = ORIENTED_EDGE ( 'NONE', *, *, #13, .F. ) ;
#1206 = CARTESIAN_POINT ( 'NONE',  ( -39.24999999999999289, -25.12787851416629437, 72.04070213015668855 ) ) ;
#1207 = AXIS2_PLACEMENT_3D ( 'NONE', #161, #1932, #797 ) ;
#1208 = CARTESIAN_POINT ( 'NONE',  ( -39.24999999999999289, -16.71499030809884445, -28.94498105048878145 ) ) ;
#1209 = CARTESIAN_POINT ( 'NONE',  ( -38.75000000000000711, 4.365872733633611169, -33.13822542452609099 ) ) ;
#1210 = B_SPLINE_CURVE_WITH_KNOTS ( 'NONE', 3,
 ( #1553, #568, #2073, #1878 ),
 .UNSPECIFIED., .F., .F.,
 ( 4, 4 ),
 ( 0.000000000000000000, 1.000000000000000000 ),
 .UNSPECIFIED. ) ;
#1211 = AXIS2_PLACEMENT_3D ( 'NONE', #143, #1121, #645 ) ;
#1212 = CARTESIAN_POINT ( 'NONE',  ( -43.25000000000000000, 11.03210893799330705, 72.46129512591471666 ) ) ;
#1213 = B_SPLINE_CURVE_WITH_KNOTS ( 'NONE', 3,
 ( #1313, #1360, #2019, #360 ),
 .UNSPECIFIED., .F., .F.,
 ( 4, 4 ),
 ( 0.000000000000000000, 1.000000000000000000 ),
 .UNSPECIFIED. ) ;
#1214 = CARTESIAN_POINT ( 'NONE',  ( -38.75000000000000000, -33.35322323254529664, 50.00000000000000000 ) ) ;
#1215 = CARTESIAN_POINT ( 'NONE',  ( -38.25000000000000000, 3.495039633037489349E-15, -32.85322323254529664 ) ) ;
#1216 = CARTESIAN_POINT ( 'NONE',  ( -43.25000000000000711, -17.61557133071133308, 72.02750870395361460 ) ) ;
#1217 = CARTESIAN_POINT ( 'NONE',  ( -38.75000000000000711, -31.64974419757324853, -10.74693078237554289 ) ) ;
#1218 = EDGE_LOOP ( 'NONE', ( #1066, #155, #59, #1106 ) ) ;
#1219 = B_SPLINE_CURVE_WITH_KNOTS ( 'NONE', 3,
 ( #1120, #928, #1091, #1587, #304, #602, #453, #961, #747, #1401, #285, #2101, #2088, #1409, #582, #1243, #422, #937 ),
 .UNSPECIFIED., .F., .F.,
 ( 4, 2, 2, 2, 2, 2, 2, 2, 4 ),
 ( 0.000000000000000000, 0.1250000000000000000, 0.2500000000000000000, 0.3750000000000000000, 0.5000000000000000000, 0.6250000000000000000, 0.7500000000000000000, 0.8750000000000000000, 1.000000000000000000 ),
 .UNSPECIFIED. ) ;
#1220 = CARTESIAN_POINT ( 'NONE',  ( -43.25000000000000000, 18.83844540552946611, 68.61419539808156287 ) ) ;
#1221 = CARTESIAN_POINT ( 'NONE',  ( -38.25000000000000000, 16.01555706426786330, 67.83453438312413653 ) ) ;
#1222 = CARTESIAN_POINT ( 'NONE',  ( -43.25000000000000000, 19.31673198369077227, 53.81459225112917721 ) ) ;
#1223 = CARTESIAN_POINT ( 'NONE',  ( -40.70000000000000995, -22.23092776450540597, 54.82695878850381632 ) ) ;
#1224 = CARTESIAN_POINT ( 'NONE',  ( -43.25000000000000711, -17.18168404041415442, 65.38060409243372817 ) ) ;
#1225 = CARTESIAN_POINT ( 'NONE',  ( -43.25000000000000000, -22.79368571587784942, 56.92100004334069752 ) ) ;
#1226 = ORIENTED_EDGE ( 'NONE', *, *, #1461, .F. ) ;
#1227 = CARTESIAN_POINT ( 'NONE',  ( -43.24999999999997868, 18.68746087360203134, 70.14137923725158430 ) ) ;
#1228 = CARTESIAN_POINT ( 'NONE',  ( -33.25000000000000000, 3.333915955863901104, -4.338192620010136835 ) ) ;
#1229 = B_SPLINE_CURVE_WITH_KNOTS ( 'NONE', 3,
 ( #477, #1959, #811, #801 ),
 .UNSPECIFIED., .F., .F.,
 ( 4, 4 ),
 ( 0.000000000000000000, 1.000000000000000000 ),
 .UNSPECIFIED. ) ;
#1230 = CARTESIAN_POINT ( 'NONE',  ( -37.25000000000000000, -5.902473160352840194E-15, -5.924999999999999822 ) ) ;
#1231 = CARTESIAN_POINT ( 'NONE',  ( -40.69999999999999574, 24.95106832112642437, 57.48375799471313741 ) ) ;
#1232 = CARTESIAN_POINT ( 'NONE',  ( -40.70000000000000284, -22.51225137399377374, 54.77100004334069894 ) ) ;
#1233 = EDGE_CURVE ( 'NONE', #1048, #768, #82, .T. ) ;
#1234 = CARTESIAN_POINT ( 'NONE',  ( -40.70000000000000284, -14.07517537981347999, 71.07100004334070320 ) ) ;
#1235 = CARTESIAN_POINT ( 'NONE',  ( -37.25000000000000000, 0.000000000000000000, 0.000000000000000000 ) ) ;
#1236 = ORIENTED_EDGE ( 'NONE', *, *, #416, .T. ) ;
#1237 = CARTESIAN_POINT ( 'NONE',  ( -43.25000000000000000, 18.68742236807966606, 67.70060719074653832 ) ) ;
#1238 = CARTESIAN_POINT ( 'NONE',  ( -33.25000000000000000, 1.419982272649078725, -5.283801770925617092 ) ) ;
#1239 = B_SPLINE_CURVE_WITH_KNOTS ( 'NONE', 3,
 ( #156, #647, #813, #687 ),
 .UNSPECIFIED., .F., .F.,
 ( 4, 4 ),
 ( 0.000000000000000000, 1.000000000000000000 ),
 .UNSPECIFIED. ) ;
#1240 = AXIS2_PLACEMENT_3D ( 'NONE', #1701, #884, #1540 ) ;
#1241 = CARTESIAN_POINT ( 'NONE',  ( -43.25000000000000711, -1.927178264725670775, -29.35322323254531085 ) ) ;
#1242 = CARTESIAN_POINT ( 'NONE',  ( -37.58333333333332860, -3.146972054003366899E-14, -7.500000000000000000 ) ) ;
#1243 = CARTESIAN_POINT ( 'NONE',  ( -40.70000000000000995, 13.57575877885277293, 71.01504129817757871 ) ) ;
#1244 = CARTESIAN_POINT ( 'NONE',  ( -43.25000000000000000, -17.18158317206926711, 72.46129512588143484 ) ) ;
#1245 = CARTESIAN_POINT ( 'NONE',  ( -38.75000000000000000, -22.04070213015659618, -25.12787851416635476 ) ) ;
#1246 = ORIENTED_EDGE ( 'NONE', *, *, #1187, .F. ) ;
#1247 = EDGE_CURVE ( 'NONE', #840, #762, #1127, .T. ) ;
#1248 = ADVANCED_FACE ( 'NONE', ( #1926 ), #1764, .T. ) ;
#1249 = CARTESIAN_POINT ( 'NONE',  ( -43.25000000000000711, 17.00680564779815640, 65.18534255344621897 ) ) ;
#1250 = CARTESIAN_POINT ( 'NONE',  ( -39.25000000000000000, 33.35322323254529664, 5.506561146493399558E-15 ) ) ;
#1251 = EDGE_CURVE ( 'NONE', #1727, #87, #1972, .T. ) ;
#1252 = CARTESIAN_POINT ( 'NONE',  ( -43.25000000000000000, 9.468851790421821235, 68.30770519845769684 ) ) ;
#1253 = CARTESIAN_POINT ( 'NONE',  ( -43.25000000000000000, 18.30812142843583956, 58.14139289593542514 ) ) ;
#1254 = CARTESIAN_POINT ( 'NONE',  ( -40.70000000000000284, 24.57631077744563086, 55.59972459539463330 ) ) ;
#1255 = CARTESIAN_POINT ( 'NONE',  ( -38.25000000000000000, 14.13851673022521993, 71.07100004334070320 ) ) ;
#1256 = CARTESIAN_POINT ( 'NONE',  ( -43.25000000000000711, -16.15726542754402928, 73.14589062766459904 ) ) ;
#1257 = CARTESIAN_POINT ( 'NONE',  ( -38.25000000000000000, -6.553397912656929947, 3.777142352781754475 ) ) ;
#1258 = B_SPLINE_CURVE_WITH_KNOTS ( 'NONE', 3,
 ( #985, #1427, #2103, #445, #777, #118, #1937, #974, #287, #939, #1643, #2089, #626, #1754, #603, #1306, #1776, #963 ),
 .UNSPECIFIED., .F., .F.,
 ( 4, 2, 2, 2, 2, 2, 2, 2, 4 ),
 ( 0.000000000000000000, 0.1249999999999999722, 0.2499999999999999445, 0.3749999999999998890, 0.4999999999999998890, 0.6249999999999998890, 0.7499999999999998890, 0.8750000000000000000, 1.000000000000000000 ),
 .UNSPECIFIED. ) ;
#1259 = ORIENTED_EDGE ( 'NONE', *, *, #970, .T. ) ;
#1260 = CARTESIAN_POINT ( 'NONE',  ( -43.24999999999999289, 17.87417422008302736, 71.78928896096179813 ) ) ;
#1261 = CARTESIAN_POINT ( 'NONE',  ( -38.75000000000000000, 33.35322323254529664, 5.703344358878899383E-15 ) ) ;
#1262 = ORIENTED_EDGE ( 'NONE', *, *, #724, .T. ) ;
#1263 = CARTESIAN_POINT ( 'NONE',  ( -43.25000000000000000, 14.13851673022521993, 73.62100004334071457 ) ) ;
#1264 = CARTESIAN_POINT ( 'NONE',  ( -38.25000000000000000, 1.963109132694572878, -7.304795075012374461 ) ) ;
#1265 = CARTESIAN_POINT ( 'NONE',  ( -38.75000000000000711, -20.34512569842107155, 76.51940212992066392 ) ) ;
#1266 = CARTESIAN_POINT ( 'NONE',  ( -39.88333333333333286, 22.85702706628953962, 54.77100004334069894 ) ) ;
#1267 = EDGE_LOOP ( 'NONE', ( #171, #852, #903, #1766 ) ) ;
#1268 = CARTESIAN_POINT ( 'NONE',  ( -43.25000000000000000, -13.46165599714969296, 64.25137974291301646 ) ) ;
#1269 = CARTESIAN_POINT ( 'NONE',  ( -33.25000000000000711, 0.7101308394051770723, 5.425000000000003375 ) ) ;
#1270 = CARTESIAN_POINT ( 'NONE',  ( -40.69999999999999574, -24.88772697071473061, 56.35824209196825052 ) ) ;
#1271 = AXIS2_PLACEMENT_3D ( 'NONE', #443, #93, #2058 ) ;
#1272 = CARTESIAN_POINT ( 'NONE',  ( -38.25000000000000000, -22.79368571587784942, 59.07100004334069610 ) ) ;
#1273 = CARTESIAN_POINT ( 'NONE',  ( -39.25000000000000000, -33.35322323254529664, 50.00000000000000000 ) ) ;
#1274 = AXIS2_PLACEMENT_3D ( 'NONE', #1933, #1650, #40 ) ;
#1275 = CARTESIAN_POINT ( 'NONE',  ( -43.25000000000000000, 29.35322323254530019, 50.00000000000000000 ) ) ;
#1276 = EDGE_LOOP ( 'NONE', ( #690, #816, #1205, #964 ) ) ;
#1277 = FACE_OUTER_BOUND ( 'NONE', #1334, .T. ) ;
#1278 = CARTESIAN_POINT ( 'NONE',  ( -38.25000000000000000, -20.91651900462273517, 58.00751831441129980 ) ) ;
#1279 = VERTEX_POINT ( 'NONE', #1936 ) ;
#1280 = CARTESIAN_POINT ( 'NONE',  ( -42.39999999999999858, 22.85702706628953251, 53.07100004334068899 ) ) ;
#1281 = FACE_BOUND ( 'NONE', #342, .T. ) ;
#1282 = CARTESIAN_POINT ( 'NONE',  ( -38.25000000000000000, 3.495039633037489349E-15, -32.85322323254529664 ) ) ;
#1283 = CARTESIAN_POINT ( 'NONE',  ( -38.25000000000000711, 0.9817477042467795956, -7.500000000000006217 ) ) ;
#1284 = CARTESIAN_POINT ( 'NONE',  ( -38.75000000000000711, -29.97897637808382498, 64.78052111176347694 ) ) ;
#1285 = EDGE_CURVE ( 'NONE', #1290, #978, #432, .T. ) ;
#1286 = B_SPLINE_CURVE_WITH_KNOTS ( 'NONE', 3,
 ( #619, #1280, #461, #630 ),
 .UNSPECIFIED., .F., .F.,
 ( 4, 4 ),
 ( 0.000000000000000000, 1.000000000000000000 ),
 .UNSPECIFIED. ) ;
#1287 = CARTESIAN_POINT ( 'NONE',  ( -38.25000000000000711, -28.51106525097698352, 66.46441497102340179 ) ) ;
#1288 = ADVANCED_FACE ( 'NONE', ( #1033 ), #218, .T. ) ;
#1289 = CARTESIAN_POINT ( 'NONE',  ( -38.25000000000000000, 22.85702706628955028, 59.07100004334069610 ) ) ;
#1290 = VERTEX_POINT ( 'NONE', #1502 ) ;
#1291 = DIRECTION ( 'NONE',  ( 0.000000000000000000, 0.000000000000000000, -1.000000000000000000 ) ) ;
#1292 = CARTESIAN_POINT ( 'NONE',  ( -38.25000000000000000, -21.47520235332235927, 58.64317263565233418 ) ) ;
#1293 = PLANE ( 'NONE',  #553 ) ;
#1294 = CARTESIAN_POINT ( 'NONE',  ( -40.70000000000000284, 20.70702706628954815, 56.63956570145662539 ) ) ;
#1295 = CARTESIAN_POINT ( 'NONE',  ( -40.70000000000000284, 22.85702706628955028, 54.77100004334069894 ) ) ;
#1296 = CARTESIAN_POINT ( 'NONE',  ( -38.75000000000000711, 10.74693078237553223, 81.64974419757326984 ) ) ;
#1297 = CARTESIAN_POINT ( 'NONE',  ( -38.75000000000000000, 33.35322323254529664, 50.00000000000000000 ) ) ;
#1298 = FACE_OUTER_BOUND ( 'NONE', #1038, .T. ) ;
#1299 = EDGE_LOOP ( 'NONE', ( #577, #319, #2063, #1612 ) ) ;
#1300 = CARTESIAN_POINT ( 'NONE',  ( -43.24999999999999289, -9.615466626870892597, 67.40581114867660517 ) ) ;
#1301 = CARTESIAN_POINT ( 'NONE',  ( -43.24999999999999289, 27.40597120966488376, 58.14137923725879631 ) ) ;
#1302 = CARTESIAN_POINT ( 'NONE',  ( -43.25000000000000000, -19.68727792364628471, 53.38070496076883131 ) ) ;
#1303 = FACE_BOUND ( 'NONE', #1644, .T. ) ;
#1304 = CARTESIAN_POINT ( 'NONE',  ( -38.25000000000000000, 7.499999999999996447, -0.9817477042468357729 ) ) ;
#1305 = CARTESIAN_POINT ( 'NONE',  ( -38.25000000000000711, 2.150238432377255648, 82.85322323254528953 ) ) ;
#1306 = CARTESIAN_POINT ( 'NONE',  ( -43.25000000000000711, 3.836385175831408034, -29.16521858132040279 ) ) ;
#1307 = VERTEX_POINT ( 'NONE', #1996 ) ;
#1308 = CARTESIAN_POINT ( 'NONE',  ( -43.25000000000000000, -23.40720509848061326, 61.59062034377699746 ) ) ;
#1309 = B_SPLINE_CURVE_WITH_KNOTS ( 'NONE', 3,
 ( #394, #1055, #1561, #1402, #2031, #556, #593, #1708, #246, #65, #883, #923, #1883, #413, #1072, #1046, #1539, #2069 ),
 .UNSPECIFIED., .F., .F.,
 ( 4, 2, 2, 2, 2, 2, 2, 2, 4 ),
 ( 0.000000000000000000, 0.1250000000000000000, 0.2500000000000000000, 0.3750000000000000000, 0.5000000000000000000, 0.6250000000000000000, 0.7500000000000000000, 0.8750000000000000000, 1.000000000000000000 ),
 .UNSPECIFIED. ) ;
#1310 = CARTESIAN_POINT ( 'NONE',  ( -38.25000000000001421, -13.79024531298486878, 66.77100004334070604 ) ) ;
#1311 = CARTESIAN_POINT ( 'NONE',  ( -43.25000000000000000, 26.39732214886593553, 60.02740783556871662 ) ) ;
#1312 = VERTEX_POINT ( 'NONE', #340 ) ;
#1313 = CARTESIAN_POINT ( 'NONE',  ( -43.25000000000000000, -14.07517537981347999, 64.22100004334070888 ) ) ;
#1314 = CARTESIAN_POINT ( 'NONE',  ( -40.70000000000000284, -13.79374103792940076, 66.77100004334070604 ) ) ;
#1315 = CARTESIAN_POINT ( 'NONE',  ( -37.25000000000000711, 6.553397912656945934, 3.777142352781727386 ) ) ;
#1316 = CARTESIAN_POINT ( 'NONE',  ( -38.25000000000000000, 13.57933020354649045, 71.01644704164048960 ) ) ;
#1317 = VERTEX_POINT ( 'NONE', #1528 ) ;
#1318 = CARTESIAN_POINT ( 'NONE',  ( -43.24999999999999289, -24.30879173409917726, 52.46125693928212996 ) ) ;
#1319 = CARTESIAN_POINT ( 'NONE',  ( -40.70000000000000284, -14.07517537981347999, 71.07100004334070320 ) ) ;
#1320 = CARTESIAN_POINT ( 'NONE',  ( -38.25000000000000711, -20.69804406011533260, 56.36192694440573803 ) ) ;
#1321 = ORIENTED_EDGE ( 'NONE', *, *, #808, .T. ) ;
#1322 = CARTESIAN_POINT ( 'NONE',  ( -39.24999999999999289, -20.34512569842107155, 76.51940212992066392 ) ) ;
#1323 = CARTESIAN_POINT ( 'NONE',  ( -43.25000000000000000, 11.27022992908059429, 65.18538335487426139 ) ) ;
#1324 = CARTESIAN_POINT ( 'NONE',  ( -38.75000000000000000, 14.78052111176345917, -29.97897637808381788 ) ) ;
#1325 = CARTESIAN_POINT ( 'NONE',  ( -37.25000000000000000, -4.112395091408874440E-15, 7.500000000000000000 ) ) ;
#1326 = DIRECTION ( 'NONE',  ( 0.000000000000000000, 0.000000000000000000, -1.000000000000000000 ) ) ;
#1327 = CARTESIAN_POINT ( 'NONE',  ( -38.25000000000000711, 31.17528114527836181, 60.58582295319441613 ) ) ;
#1328 = CARTESIAN_POINT ( 'NONE',  ( -38.25000000000000000, 22.85702706628955028, 54.77100004334069894 ) ) ;
#1329 = VERTEX_POINT ( 'NONE', #523 ) ;
#1330 = CARTESIAN_POINT ( 'NONE',  ( -43.25000000000000000, -22.79368571587784942, 52.22100004334069467 ) ) ;
#1331 = CARTESIAN_POINT ( 'NONE',  ( -38.25000000000000000, -14.07517537981347999, 66.77100004334070604 ) ) ;
#1332 = B_SPLINE_CURVE_WITH_KNOTS ( 'NONE', 3,
 ( #1927, #1797, #2113, #329 ),
 .UNSPECIFIED., .F., .F.,
 ( 4, 4 ),
 ( 0.000000000000000000, 1.000000000000000000 ),
 .UNSPECIFIED. ) ;
#1333 = CARTESIAN_POINT ( 'NONE',  ( -43.25000000000000000, -9.452689970160269795, 77.85630588006887365 ) ) ;
#1334 = EDGE_LOOP ( 'NONE', ( #975, #627, #365, #199 ) ) ;
#1335 = DIRECTION ( 'NONE',  ( 0.000000000000000000, 0.000000000000000000, -1.000000000000000000 ) ) ;
#1336 = CARTESIAN_POINT ( 'NONE',  ( -37.25000000000000711, 4.709503891673545439, 3.615724548213663958 ) ) ;
#1337 = FACE_OUTER_BOUND ( 'NONE', #12, .T. ) ;
#1338 = EDGE_CURVE ( 'NONE', #1681, #388, #1032, .T. ) ;
#1339 = CARTESIAN_POINT ( 'NONE',  ( -38.74999999999999289, 2.182963355852216125, 83.35322323254528953 ) ) ;
#1340 = B_SPLINE_CURVE_WITH_KNOTS ( 'NONE', 3,
 ( #807, #1283, #1264, #1100, #1934, #1761, #284, #2087, #1304, #293, #141, #1457, #1795, #632, #1119, #486, #1628, #1130 ),
 .UNSPECIFIED., .F., .F.,
 ( 4, 2, 2, 2, 2, 2, 2, 2, 4 ),
 ( 0.000000000000000000, 0.1249999999999999445, 0.2499999999999998890, 0.3749999999999998335, 0.4999999999999997780, 0.6249999999999997780, 0.7499999999999998890, 0.8749999999999998890, 1.000000000000000000 ),
 .UNSPECIFIED. ) ;
#1341 = FACE_OUTER_BOUND ( 'NONE', #1299, .T. ) ;
#1342 = ORIENTED_EDGE ( 'NONE', *, *, #1952, .T. ) ;
#1343 = CARTESIAN_POINT ( 'NONE',  ( -38.25000000000000000, -24.11207327442188131, 58.64307498161480225 ) ) ;
#1344 = CARTESIAN_POINT ( 'NONE',  ( -38.25000000000000000, -15.79725117636931664, 67.60261347656472708 ) ) ;
#1345 = CARTESIAN_POINT ( 'NONE',  ( -43.25000000000000000, 28.41319997642071016, 57.61667436944461684 ) ) ;
#1346 = AXIS2_PLACEMENT_3D ( 'NONE', #1348, #2003, #258 ) ;
#1347 = VERTEX_POINT ( 'NONE', #880 ) ;
#1348 = CARTESIAN_POINT ( 'NONE',  ( -33.25000000000000000, 0.000000000000000000, 0.000000000000000000 ) ) ;
#1349 = CARTESIAN_POINT ( 'NONE',  ( -38.25000000000000000, 14.13851673022521993, 66.77100004334070604 ) ) ;
#1350 = CARTESIAN_POINT ( 'NONE',  ( -37.25000000000000711, 5.924964298695992504, 0.3874275482215093214 ) ) ;
#1351 = CARTESIAN_POINT ( 'NONE',  ( -37.25000000000000000, 4.609100399811836724, -5.997501317986372094 ) ) ;
#1352 = CARTESIAN_POINT ( 'NONE',  ( -38.25000000000000711, 21.71028875486627641, 74.75118510827013552 ) ) ;
#1353 = DIRECTION ( 'NONE',  ( 0.000000000000000000, 0.000000000000000000, -1.000000000000000000 ) ) ;
#1354 = EDGE_CURVE ( 'NONE', #1931, #830, #150, .T. ) ;
#1355 = CARTESIAN_POINT ( 'NONE',  ( -38.25000000000000711, 28.51106525097694444, -16.46441497102345508 ) ) ;
#1356 = ADVANCED_FACE ( 'NONE', ( #715 ), #1918, .F. ) ;
#1357 = CARTESIAN_POINT ( 'NONE',  ( -37.25000000000000000, 5.733161311563909271E-16, 5.924999999999999822 ) ) ;
#1358 = ORIENTED_EDGE ( 'NONE', *, *, #1029, .F. ) ;
#1359 = CARTESIAN_POINT ( 'NONE',  ( -39.24999999999999289, 8.647909387792564573, 82.28647537644086185 ) ) ;
#1360 = CARTESIAN_POINT ( 'NONE',  ( -42.39999999999999147, -14.07517537981349598, 65.07100004334070320 ) ) ;
#1361 = CARTESIAN_POINT ( 'NONE',  ( -37.24999999999999289, 5.622215350375116216, -1.909449292326472092 ) ) ;
#1362 = CARTESIAN_POINT ( 'NONE',  ( -43.24999999999999289, 19.98873814871965493, 60.65665753324406495 ) ) ;
#1363 = CARTESIAN_POINT ( 'NONE',  ( -38.25000000000001421, 10.58582295319432198, -31.17528114527839023 ) ) ;
#1364 = B_SPLINE_CURVE_WITH_KNOTS ( 'NONE', 3,
 ( #1415, #589, #427, #1406 ),
 .UNSPECIFIED., .F., .F.,
 ( 4, 4 ),
 ( 0.000000000000000000, 1.000000000000000000 ),
 .UNSPECIFIED. ) ;
#1365 = CARTESIAN_POINT ( 'NONE',  ( -41.55000000000000426, -22.79368571587784587, 59.92100004334070462 ) ) ;
#1366 = CARTESIAN_POINT ( 'NONE',  ( -43.25000000000000000, 23.33569983856146735, 67.90999927517415813 ) ) ;
#1367 = ORIENTED_EDGE ( 'NONE', *, *, #941, .F. ) ;
#1368 = CARTESIAN_POINT ( 'NONE',  ( -39.24999999999999289, 33.35322323254530374, 52.18296335585214507 ) ) ;
#1369 = CARTESIAN_POINT ( 'NONE',  ( -43.25000000000000000, 14.13851673022521993, 68.92100004334069752 ) ) ;
#1370 = CARTESIAN_POINT ( 'NONE',  ( -43.25000000000000000, 19.12141037780196484, 59.78928684445474317 ) ) ;
#1371 = CARTESIAN_POINT ( 'NONE',  ( -40.69999999999999574, 15.22129753802265384, 70.79964077830231872 ) ) ;
#1372 = CARTESIAN_POINT ( 'NONE',  ( -43.25000000000000000, -18.77510405511877067, 69.22780468860015901 ) ) ;
#1373 = CARTESIAN_POINT ( 'NONE',  ( -37.24999999999999289, -5.925035701304006253, 0.3874275482174135976 ) ) ;
#1374 = ORIENTED_EDGE ( 'NONE', *, *, #2124, .T. ) ;
#1375 = CARTESIAN_POINT ( 'NONE',  ( -39.24999999999999289, -33.35322323254529664, 33.33333333333334281 ) ) ;
#1376 = STYLED_ITEM ( 'NONE', ( #1856 ), #1112 ) ;
#1377 = CARTESIAN_POINT ( 'NONE',  ( -43.25000000000000000, -29.35322323254530019, 2.232909109854119495E-15 ) ) ;
#1378 = EDGE_CURVE ( 'NONE', #1329, #1635, #1455, .T. ) ;
#1379 = EDGE_CURVE ( 'NONE', #103, #67, #564, .T. ) ;
#1380 = CARTESIAN_POINT ( 'NONE',  ( 0.000000000000000000, 0.000000000000000000, 0.000000000000000000 ) ) ;
#1381 = CARTESIAN_POINT ( 'NONE',  ( -43.24999999999999289, 9.678807977279312524, 70.43618893798360148 ) ) ;
#1382 = CARTESIAN_POINT ( 'NONE',  ( -43.25000000000000711, -23.33569983854303231, -17.90999927518942059 ) ) ;
#1383 = CARTESIAN_POINT ( 'NONE',  ( -40.69999999999999574, -20.91504498091619979, 55.83821923554325650 ) ) ;
#1384 = CARTESIAN_POINT ( 'NONE',  ( -43.25000000000000711, -18.15470303446475597, 71.27465089073358229 ) ) ;
#1385 = CARTESIAN_POINT ( 'NONE',  ( -38.25000000000000711, -3.777142352781746926, -6.553397912656933499 ) ) ;
#1386 = ORIENTED_EDGE ( 'NONE', *, *, #724, .F. ) ;
#1387 = CARTESIAN_POINT ( 'NONE',  ( -43.25000000000000711, 18.21804438488315370, 66.56734919596411260 ) ) ;
#1388 = FACE_OUTER_BOUND ( 'NONE', #166, .T. ) ;
#1389 = B_SPLINE_CURVE_WITH_KNOTS ( 'NONE', 3,
 ( #844, #1993, #533, #484 ),
 .UNSPECIFIED., .F., .F.,
 ( 4, 4 ),
 ( 0.000000000000000000, 1.000000000000000000 ),
 .UNSPECIFIED. ) ;
#1390 = EDGE_CURVE ( 'NONE', #1601, #840, #217, .T. ) ;
#1391 = PLANE ( 'NONE',  #222 ) ;
#1392 = DIRECTION ( 'NONE',  ( 0.000000000000000000, 0.000000000000000000, -1.000000000000000000 ) ) ;
#1393 = CARTESIAN_POINT ( 'NONE',  ( -40.70000000000000284, -22.23092776450539176, 59.01504129817758582 ) ) ;
#1394 = CARTESIAN_POINT ( 'NONE',  ( -38.25000000000000711, -15.16152761227989920, 70.79823503483953573 ) ) ;
#1395 = CARTESIAN_POINT ( 'NONE',  ( -38.25000000000000711, -7.304795075012370908, -1.963109132694594638 ) ) ;
#1396 = ORIENTED_EDGE ( 'NONE', *, *, #1077, .T. ) ;
#1397 = CARTESIAN_POINT ( 'NONE',  ( -38.75000000000000000, 0.000000000000000000, -33.35322323254529664 ) ) ;
#1398 = CARTESIAN_POINT ( 'NONE',  ( -39.24999999999999289, 14.78052111176345917, -29.97897637808381788 ) ) ;
#1399 = PRODUCT_CONTEXT ( 'NONE', #1843, 'mechanical' ) ;
#1400 = CARTESIAN_POINT ( 'NONE',  ( -43.24999999999999289, 20.50337621889772777, 52.84147238868728635 ) ) ;
#1401 = CARTESIAN_POINT ( 'NONE',  ( -40.69999999999999574, 11.98851673022521780, 69.20243438522479096 ) ) ;
#1402 = CARTESIAN_POINT ( 'NONE',  ( -38.24999999999998579, 21.77056118099845961, 55.04395980172299119 ) ) ;
#1403 = FACE_OUTER_BOUND ( 'NONE', #1276, .T. ) ;
#1404 = ORIENTED_EDGE ( 'NONE', *, *, #80, .T. ) ;
#1405 = CARTESIAN_POINT ( 'NONE',  ( -43.25000000000000000, 14.13851673022521993, 64.22100004334070888 ) ) ;
#1406 = CARTESIAN_POINT ( 'NONE',  ( -39.25000000000000000, -4.084591807298374691E-15, -33.35322323254529664 ) ) ;
#1407 = AXIS2_PLACEMENT_3D ( 'NONE', #1131, #1450, #306 ) ;
#1408 = CARTESIAN_POINT ( 'NONE',  ( -43.25000000000000000, -26.38137844223836836, -13.01329444884428277 ) ) ;
#1409 = CARTESIAN_POINT ( 'NONE',  ( -40.69999999999999574, 12.81724128227915749, 70.64028375449676389 ) ) ;
#1410 = CARTESIAN_POINT ( 'NONE',  ( -38.25000000000000000, -14.63436190651693813, 71.01644704164048960 ) ) ;
#1411 = CARTESIAN_POINT ( 'NONE',  ( -38.25000000000000000, -1.963109132694602854, -7.304795075012367356 ) ) ;
#1412 = ORIENTED_EDGE ( 'NONE', *, *, #1413, .F. ) ;
#1413 = EDGE_CURVE ( 'NONE', #2114, #1329, #1364, .T. ) ;
#1414 = CARTESIAN_POINT ( 'NONE',  ( -38.25000000000000000, -11.92510693475213657, 69.20645143756225082 ) ) ;
#1415 = CARTESIAN_POINT ( 'NONE',  ( -43.25000000000000000, -2.799190877114749791E-15, -29.35322323254530019 ) ) ;
#1416 = B_SPLINE_CURVE_WITH_KNOTS ( 'NONE', 3,
 ( #1724, #535, #1393, #2022, #2039, #230, #572, #1035, #874, #1570, #911, #1383, #563, #412, #1707, #1223, #1232, #1193 ),
 .UNSPECIFIED., .F., .F.,
 ( 4, 2, 2, 2, 2, 2, 2, 2, 4 ),
 ( 0.000000000000000000, 0.1250000000000000000, 0.2500000000000000000, 0.3750000000000000000, 0.5000000000000000000, 0.6250000000000000000, 0.7500000000000000000, 0.8750000000000000000, 1.000000000000000000 ),
 .UNSPECIFIED. ) ;
#1417 = CARTESIAN_POINT ( 'NONE',  ( -38.75000000000000000, -33.35322323254529664, 50.00000000000000000 ) ) ;
#1418 = CARTESIAN_POINT ( 'NONE',  ( -33.25000000000000000, -5.425000000000000711, 0.7101308394051837336 ) ) ;
#1419 = CARTESIAN_POINT ( 'NONE',  ( -38.25000000000000000, 23.14231332942314268, 59.07100004334068899 ) ) ;
#1420 = VERTEX_POINT ( 'NONE', #2004 ) ;
#1421 = CARTESIAN_POINT ( 'NONE',  ( -43.25000000000000000, -13.76720110476684233, 73.62100004334074299 ) ) ;
#1422 = CARTESIAN_POINT ( 'NONE',  ( -40.58333333333332860, -32.01988989921196804, 5.881958351118089769E-15 ) ) ;
#1423 = CARTESIAN_POINT ( 'NONE',  ( -42.39999999999999147, 14.13851673022520394, 65.07100004334070320 ) ) ;
#1424 = CARTESIAN_POINT ( 'NONE',  ( -38.25000000000000000, -32.85322323254529664, 5.219982608343349101E-15 ) ) ;
#1425 = CARTESIAN_POINT ( 'NONE',  ( -43.25000000000000000, 22.85702706628955028, 52.22100004334069467 ) ) ;
#1426 = CARTESIAN_POINT ( 'NONE',  ( -38.25000000000000711, -8.518268103537995017, 81.80246705209791003 ) ) ;
#1427 = CARTESIAN_POINT ( 'NONE',  ( -43.25000000000000711, 29.35322323254531085, -1.927178264698345078 ) ) ;
#1428 = ORIENTED_EDGE ( 'NONE', *, *, #1556, .T. ) ;
#1429 = CARTESIAN_POINT ( 'NONE',  ( -40.70000000000000995, -14.35660972169756455, 66.77100004334070604 ) ) ;
#1430 = CARTESIAN_POINT ( 'NONE',  ( -38.25000000000000000, -21.47529815733649983, 55.19892510506487326 ) ) ;
#1431 = ORIENTED_EDGE ( 'NONE', *, *, #1042, .F. ) ;
#1432 = DIRECTION ( 'NONE',  ( 0.000000000000000000, 0.000000000000000000, -1.000000000000000000 ) ) ;
#1433 = B_SPLINE_CURVE_WITH_KNOTS ( 'NONE', 3,
 ( #462, #818, #1749, #773, #2110, #282, #621, #631, #1294, #1118, #1772, #302, #959, #149, #935, #325, #1139, #1129 ),
 .UNSPECIFIED., .F., .F.,
 ( 4, 2, 2, 2, 2, 2, 2, 2, 4 ),
 ( 0.000000000000000000, 0.1250000000000000000, 0.2500000000000000000, 0.3750000000000000000, 0.5000000000000000000, 0.6250000000000000000, 0.7500000000000000000, 0.8750000000000000000, 1.000000000000000000 ),
 .UNSPECIFIED. ) ;
#1434 = CARTESIAN_POINT ( 'NONE',  ( -43.25000000000000000, 9.678939768136745059, 67.40586573823901517 ) ) ;
#1435 = CARTESIAN_POINT ( 'NONE',  ( -41.55000000000000426, 14.13851673022520750, 65.92100004334069752 ) ) ;
#1436 = CARTESIAN_POINT ( 'NONE',  ( -38.25000000000000711, -10.58582295319440369, -31.17528114527836891 ) ) ;
#1437 = CARTESIAN_POINT ( 'NONE',  ( -43.25000000000000000, 0.000000000000000000, 0.000000000000000000 ) ) ;
#1438 = CONICAL_SURFACE ( 'NONE', #278, 4.699999999999995737, 0.7853981633974490562 ) ;
#1439 = CARTESIAN_POINT ( 'NONE',  ( -33.25000000000000000, -5.420999461024699975E-15, 5.424999999999999822 ) ) ;
#1440 = CARTESIAN_POINT ( 'NONE',  ( -38.25000000000000000, 24.17551042884954882, 58.64317263564513638 ) ) ;
#1441 = EDGE_LOOP ( 'NONE', ( #1809, #1476 ) ) ;
#1442 = CARTESIAN_POINT ( 'NONE',  ( -43.24999999999999289, -11.20688646219175766, 65.18534255348723150 ) ) ;
#1443 = CARTESIAN_POINT ( 'NONE',  ( -43.24999999999999289, 25.96353572686666311, 60.46139599426630440 ) ) ;
#1444 = EDGE_LOOP ( 'NONE', ( #967, #124 ) ) ;
#1445 = CARTESIAN_POINT ( 'NONE',  ( -43.25000000000000000, 22.85702706628955028, 56.92100004334069752 ) ) ;
#1446 = CARTESIAN_POINT ( 'NONE',  ( -38.25000000000000000, 32.85322323254529664, 2.591175953246364545E-15 ) ) ;
#1447 = CARTESIAN_POINT ( 'NONE',  ( -38.25000000000000000, -8.518268103537959490, -31.80246705209793134 ) ) ;
#1448 = CARTESIAN_POINT ( 'NONE',  ( -38.75000000000000711, 8.647909387792564573, 82.28647537644086185 ) ) ;
#1449 = EDGE_CURVE ( 'NONE', #1635, #1931, #460, .T. ) ;
#1450 = DIRECTION ( 'NONE',  ( 1.000000000000000000, 0.000000000000000000, 0.000000000000000000 ) ) ;
#1451 = DIRECTION ( 'NONE',  ( 0.000000000000000000, 1.000000000000000000, 0.000000000000000000 ) ) ;
#1452 = VERTEX_POINT ( 'NONE', #770 ) ;
#1453 = CARTESIAN_POINT ( 'NONE',  ( -39.08333333333332149, -33.35322323254529664, 50.00000000000000711 ) ) ;
#1454 = CARTESIAN_POINT ( 'NONE',  ( -43.25000000000000000, 23.16500134137084999, 61.62100004334072167 ) ) ;
#1455 = B_SPLINE_CURVE_WITH_KNOTS ( 'NONE', 3,
 ( #1828, #188, #1510, #1840, #1016, #551, #1208, #2036, #398, #1861, #70, #517, #390, #1050, #1704, #1059, #854, #372 ),
 .UNSPECIFIED., .F., .F.,
 ( 4, 2, 2, 2, 2, 2, 2, 2, 4 ),
 ( 0.000000000000000000, 0.1250000000000000278, 0.2500000000000000555, 0.3750000000000001110, 0.5000000000000001110, 0.6250000000000001110, 0.7500000000000002220, 0.8750000000000001110, 1.000000000000000000 ),
 .UNSPECIFIED. ) ;
#1456 = CARTESIAN_POINT ( 'NONE',  ( -40.70000000000000995, -23.07512005776194641, 54.77100004334069894 ) ) ;
#1457 = CARTESIAN_POINT ( 'NONE',  ( -38.25000000000000711, 6.553397912656945046, 3.777142352781728274 ) ) ;
#1458 = CARTESIAN_POINT ( 'NONE',  ( -38.75000000000000000, 33.35322323254530374, 52.18296335585214507 ) ) ;
#1459 = CARTESIAN_POINT ( 'NONE',  ( -38.25000000000000711, -14.55894550857950698, 79.52955989786741497 ) ) ;
#1460 = CYLINDRICAL_SURFACE ( 'NONE', #1955, 2.149999999999999023 ) ;
#1461 = EDGE_CURVE ( 'NONE', #1601, #1329, #1740, .T. ) ;
#1462 = ORIENTED_EDGE ( 'NONE', *, *, #1077, .F. ) ;
#1463 = CARTESIAN_POINT ( 'NONE',  ( -40.70000000000000284, 14.13851673022521993, 71.07100004334070320 ) ) ;
#1464 = ADVANCED_FACE ( 'NONE', ( #1068 ), #742, .F. ) ;
#1465 = CARTESIAN_POINT ( 'NONE',  ( -43.24999999999999289, -9.405480092497310096, 68.30767784408857324 ) ) ;
#1466 = FACE_OUTER_BOUND ( 'NONE', #663, .T. ) ;
#1467 = EDGE_LOOP ( 'NONE', ( #2034, #33, #22, #885 ) ) ;
#1468 = CARTESIAN_POINT ( 'NONE',  ( -43.24999999999999289, -18.56879507237516336, 59.00309000249353630 ) ) ;
#1469 = CARTESIAN_POINT ( 'NONE',  ( -37.25000000000000000, -6.553397912656929059, 3.777142352781753587 ) ) ;
#1470 = CARTESIAN_POINT ( 'NONE',  ( -40.70000000000000284, -14.07517537981347999, 71.07100004334070320 ) ) ;
#1471 = FACE_OUTER_BOUND ( 'NONE', #1594, .T. ) ;
#1472 = CARTESIAN_POINT ( 'NONE',  ( -38.75000000000000000, -8.647909387792507729, 82.28647537644087606 ) ) ;
#1473 = CONICAL_SURFACE ( 'NONE', #1069, 4.699999999999995737, 0.7853981633974490562 ) ;
#1474 = CARTESIAN_POINT ( 'NONE',  ( -38.25000000000000000, 32.85322323254529664, 50.00000000000000000 ) ) ;
#1475 = CARTESIAN_POINT ( 'NONE',  ( -43.25000000000000000, 22.24350768367579789, 61.59062034377502215 ) ) ;
#1476 = ORIENTED_EDGE ( 'NONE', *, *, #1338, .T. ) ;
#1477 = CARTESIAN_POINT ( 'NONE',  ( -43.25000000000000000, -26.33398079846393358, 53.81459225111936462 ) ) ;
#1478 = CARTESIAN_POINT ( 'NONE',  ( -40.69999999999999574, -16.16921663465036474, 68.35824209196826473 ) ) ;
#1479 = CARTESIAN_POINT ( 'NONE',  ( -37.25000000000000000, -2.967336373205650357, -5.142743019292439932 ) ) ;
#1480 = ORIENTED_EDGE ( 'NONE', *, *, #1197, .F. ) ;
#1481 = EDGE_CURVE ( 'NONE', #712, #1904, #1719, .T. ) ;
#1482 = CARTESIAN_POINT ( 'NONE',  ( -43.24999999999999289, -22.18008881641091534, 61.59080206600012986 ) ) ;
#1483 = CARTESIAN_POINT ( 'NONE',  ( -43.24999999999999289, 11.03200806964651370, 65.38060409241614934 ) ) ;
#1484 = CARTESIAN_POINT ( 'NONE',  ( -38.75000000000000000, 25.12787851416627660, -22.04070213015668145 ) ) ;
#1485 = CARTESIAN_POINT ( 'NONE',  ( -40.70000000000000284, -12.19653464485182326, 70.00378085113811721 ) ) ;
#1486 = CARTESIAN_POINT ( 'NONE',  ( -37.25000000000000000, 7.304795075012362915, -1.963109132694628167 ) ) ;
#1487 = CARTESIAN_POINT ( 'NONE',  ( -43.25000000000000000, 13.52499734761563488, 73.59062034377102179 ) ) ;
#1488 = CARTESIAN_POINT ( 'NONE',  ( -43.25000000000000000, 14.13851673022521993, 68.92100004334069752 ) ) ;
#1489 = ORIENTED_EDGE ( 'NONE', *, *, #954, .T. ) ;
#1490 = CARTESIAN_POINT ( 'NONE',  ( -38.25000000000000000, -22.79368571587784942, 59.07100004334069610 ) ) ;
#1491 = B_SPLINE_CURVE_WITH_KNOTS ( 'NONE', 3,
 ( #178, #18, #508, #362 ),
 .UNSPECIFIED., .F., .F.,
 ( 4, 4 ),
 ( 0.000000000000000000, 1.000000000000000000 ),
 .UNSPECIFIED. ) ;
#1492 = CARTESIAN_POINT ( 'NONE',  ( -38.24999999999998579, -15.16164126511267085, 67.04395980172299119 ) ) ;
#1493 = CARTESIAN_POINT ( 'NONE',  ( -37.25000000000000711, -4.709563252024879354, 3.615764211531641514 ) ) ;
#1494 = ORIENTED_EDGE ( 'NONE', *, *, #202, .F. ) ;
#1495 = CARTESIAN_POINT ( 'NONE',  ( -39.24999999999999289, 29.97897637808383564, 64.78052111176344852 ) ) ;
#1496 = CARTESIAN_POINT ( 'NONE',  ( -38.24999999999999289, 16.28858517528519911, 69.20645143756001971 ) ) ;
#1497 = B_SPLINE_CURVE_WITH_KNOTS ( 'NONE', 3,
 ( #1578, #787, #1901, #1751 ),
 .UNSPECIFIED., .F., .F.,
 ( 4, 4 ),
 ( 0.000000000000000000, 1.000000000000000000 ),
 .UNSPECIFIED. ) ;
#1498 = EDGE_CURVE ( 'NONE', #87, #1727, #2106, .T. ) ;
#1499 = CARTESIAN_POINT ( 'NONE',  ( -38.75000000000000000, 22.04070213015664237, -25.12787851416631568 ) ) ;
#1500 = CARTESIAN_POINT ( 'NONE',  ( -37.25000000000000000, 4.709563252026462976, -3.615764211529132854 ) ) ;
#1501 = CARTESIAN_POINT ( 'NONE',  ( -38.25000000000000000, 14.13851673022521993, 71.07100004334070320 ) ) ;
#1502 = CARTESIAN_POINT ( 'NONE',  ( -38.25000000000000000, -32.85322323254529664, 50.00000000000000000 ) ) ;
#1503 = CARTESIAN_POINT ( 'NONE',  ( -38.25000000000000711, 12.41634512966984616, 70.23948426416936286 ) ) ;
#1504 = VERTEX_POINT ( 'NONE', #734 ) ;
#1505 = CARTESIAN_POINT ( 'NONE',  ( -43.25000000000000000, -25.66197251700157977, 53.18538335485565938 ) ) ;
#1506 = CARTESIAN_POINT ( 'NONE',  ( -40.69999999999999574, -15.95381611477513317, 70.00378085113815985 ) ) ;
#1507 = CARTESIAN_POINT ( 'NONE',  ( -37.25000000000000711, -5.734762154706981363, 1.538258719190998214 ) ) ;
#1508 = EDGE_LOOP ( 'NONE', ( #650, #1342 ) ) ;
#1509 = CARTESIAN_POINT ( 'NONE',  ( -39.25000000000000711, -26.51940212992061774, 70.34512569842109997 ) ) ;
#1510 = CARTESIAN_POINT ( 'NONE',  ( -39.24999999999999289, -4.365872733633506364, -33.13822542452611231 ) ) ;
#1511 = CARTESIAN_POINT ( 'NONE',  ( -26.05349424533815039, 41.38488242297790265, 10.41666666666606034 ) ) ;
#1512 = CARTESIAN_POINT ( 'NONE',  ( -40.69999999999999574, -12.99239457201604075, 70.79964077830231872 ) ) ;
#1513 = CARTESIAN_POINT ( 'NONE',  ( -33.75000000000000711, -0.7755806863549806751, 5.925000000000001599 ) ) ;
#1514 = ADVANCED_FACE ( 'NONE', ( #1388 ), #753, .F. ) ;
#1515 = B_SPLINE_CURVE_WITH_KNOTS ( 'NONE', 3,
 ( #1470, #1842, #521, #1512, #373, #215, #1485, #981, #1030, #819, #870, #17, #361, #667, #4, #654, #1314, #1966 ),
 .UNSPECIFIED., .F., .F.,
 ( 4, 2, 2, 2, 2, 2, 2, 2, 4 ),
 ( 0.000000000000000000, 0.1250000000000000000, 0.2500000000000000000, 0.3750000000000000000, 0.5000000000000000000, 0.6250000000000000000, 0.7500000000000000000, 0.8750000000000000000, 1.000000000000000000 ),
 .UNSPECIFIED. ) ;
#1516 = CARTESIAN_POINT ( 'NONE',  ( -43.25000000000000000, 0.000000000000000000, 0.000000000000000000 ) ) ;
#1517 = ORIENTED_EDGE ( 'NONE', *, *, #761, .F. ) ;
#1518 = CARTESIAN_POINT ( 'NONE',  ( -37.25000000000000711, -5.622215350371949860, 1.909449292331372394 ) ) ;
#1519 = B_SPLINE_CURVE_WITH_KNOTS ( 'NONE', 3,
 ( #426, #105, #406, #1067, #88, #1737, #1582, #763, #1414, #1789, #1756, #145, #1929, #309, #952, #320, #1310, #2084 ),
 .UNSPECIFIED., .F., .F.,
 ( 4, 2, 2, 2, 2, 2, 2, 2, 4 ),
 ( 0.000000000000000000, 0.1250000000000000000, 0.2500000000000000000, 0.3750000000000000000, 0.5000000000000000000, 0.6250000000000000000, 0.7500000000000000000, 0.8750000000000000000, 1.000000000000000000 ),
 .UNSPECIFIED. ) ;
#1520 = OPEN_SHELL ( 'NONE', ( #1288 ) ) ;
#1521 = ORIENTED_EDGE ( 'NONE', *, *, #483, .F. ) ;
#1522 = AXIS2_PLACEMENT_3D ( 'NONE', #2126, #321, #780 ) ;
#1523 = CARTESIAN_POINT ( 'NONE',  ( -39.24999999999999289, 4.365872733633639591, 83.13822542452608388 ) ) ;
#1524 = CARTESIAN_POINT ( 'NONE',  ( -39.08333333333332149, 33.35322323254529664, -5.388361883317745594E-14 ) ) ;
#1525 = CARTESIAN_POINT ( 'NONE',  ( -37.25000000000000711, -1.963109132694588199, 7.304795075012373573 ) ) ;
#1526 = CARTESIAN_POINT ( 'NONE',  ( -37.25000000000000000, 5.325691142479722195, 2.625322056599286302 ) ) ;
#1527 = CARTESIAN_POINT ( 'NONE',  ( -33.74999999999999289, -4.738026041209212558, -3.641189315851379060 ) ) ;
#1528 = CARTESIAN_POINT ( 'NONE',  ( -33.75000000000000000, -5.537048590113300450E-31, 5.924999999999999822 ) ) ;
#1529 = CARTESIAN_POINT ( 'NONE',  ( -38.25000000000000000, 24.95254234483293843, 57.48002053144370649 ) ) ;
#1530 = CARTESIAN_POINT ( 'NONE',  ( -38.25000000000000711, 20.04013080247690581, -26.12184831712990274 ) ) ;
#1531 = EDGE_CURVE ( 'NONE', #147, #450, #694, .T. ) ;
#1532 = PLANE ( 'NONE',  #137 ) ;
#1533 = CARTESIAN_POINT ( 'NONE',  ( -43.25000000000000711, -17.90999927496606858, 73.33569983865965014 ) ) ;
#1534 = VERTEX_POINT ( 'NONE', #2116 ) ;
#1535 = CARTESIAN_POINT ( 'NONE',  ( -39.25000000000000000, 10.74693078237553223, 81.64974419757326984 ) ) ;
#1536 = CARTESIAN_POINT ( 'NONE',  ( -43.25000000000000000, -29.35322323254530019, 33.33333333333334281 ) ) ;
#1537 = CARTESIAN_POINT ( 'NONE',  ( -43.25000000000001421, -29.16521858132038503, -3.836385175784972734 ) ) ;
#1538 = CARTESIAN_POINT ( 'NONE',  ( -40.70000000000000284, 16.01715746518687666, 70.00378085113811721 ) ) ;
#1539 = CARTESIAN_POINT ( 'NONE',  ( -38.25000000000001421, 22.57209699947548032, 59.07100004334071031 ) ) ;
#1540 = DIRECTION ( 'NONE',  ( 0.000000000000000000, 0.000000000000000000, -1.000000000000000000 ) ) ;
#1541 = VERTEX_POINT ( 'NONE', #804 ) ;
#1542 = B_SPLINE_CURVE_WITH_KNOTS ( 'NONE', 3,
 ( #657, #671, #1983, #376, #1044, #847, #2011, #220, #341, #44, #194, #1019, #1503, #873, #545, #1316, #1181, #383 ),
 .UNSPECIFIED., .F., .F.,
 ( 4, 2, 2, 2, 2, 2, 2, 2, 4 ),
 ( 0.000000000000000000, 0.1250000000000000000, 0.2500000000000000000, 0.3750000000000000000, 0.5000000000000000000, 0.6250000000000000000, 0.7500000000000000000, 0.8750000000000000000, 1.000000000000000000 ),
 .UNSPECIFIED. ) ;
#1543 = CARTESIAN_POINT ( 'NONE',  ( -39.24999999999999289, -31.64974419757326984, 60.74693078237550736 ) ) ;
#1544 = CARTESIAN_POINT ( 'NONE',  ( -38.25000000000000711, 16.28844828516520593, 68.63554864912138953 ) ) ;
#1545 = CARTESIAN_POINT ( 'NONE',  ( -38.75000000000000000, 2.182963355852179266, -33.35322323254529664 ) ) ;
#1546 =( NAMED_UNIT ( * ) PLANE_ANGLE_UNIT ( ) SI_UNIT ( $, .RADIAN. ) );
#1547 = CARTESIAN_POINT ( 'NONE',  ( -43.25000000000000000, -29.35322323254530019, 2.232909109854119495E-15 ) ) ;
#1548 = CARTESIAN_POINT ( 'NONE',  ( -40.70000000000000284, 14.70127468159767758, 71.01504129817757871 ) ) ;
#1549 = B_SPLINE_CURVE_WITH_KNOTS ( 'NONE', 3,
 ( #642, #1456, #600, #2086, #2117, #1637, #608, #1270, #1108, #1760, #292, #946, #1607, #2006, #506, #1804, #653, #693 ),
 .UNSPECIFIED., .F., .F.,
 ( 4, 2, 2, 2, 2, 2, 2, 2, 4 ),
 ( 0.000000000000000000, 0.1250000000000000000, 0.2500000000000000000, 0.3750000000000000000, 0.5000000000000000000, 0.6250000000000000000, 0.7500000000000000000, 0.8750000000000000000, 1.000000000000000000 ),
 .UNSPECIFIED. ) ;
#1550 = CARTESIAN_POINT ( 'NONE',  ( -38.25000000000000000, -16.22510693475260268, 69.20645143757671747 ) ) ;
#1551 = CARTESIAN_POINT ( 'NONE',  ( -38.25000000000000000, -7.500000000000000888, -0.9817477042468032433 ) ) ;
#1552 = EDGE_LOOP ( 'NONE', ( #794, #1024 ) ) ;
#1553 = CARTESIAN_POINT ( 'NONE',  ( -38.25000000000000000, 32.85322323254529664, 50.00000000000000000 ) ) ;
#1554 = AXIS2_PLACEMENT_3D ( 'NONE', #960, #601, #442 ) ;
#1555 = CARTESIAN_POINT ( 'NONE',  ( -33.25000000000000000, 4.338192620010125289, 3.333915955863915759 ) ) ;
#1556 = EDGE_CURVE ( 'NONE', #712, #1307, #1028, .T. ) ;
#1557 = AXIS2_PLACEMENT_3D ( 'NONE', #256, #557, #1867 ) ;
#1558 = CARTESIAN_POINT ( 'NONE',  ( -43.25000000000000000, 9.589611092369763057, 70.14139289592954185 ) ) ;
#1559 = CARTESIAN_POINT ( 'NONE',  ( -38.75000000000000000, -33.35322323254529664, -2.386837325201569854E-14 ) ) ;
#1560 = CARTESIAN_POINT ( 'NONE',  ( -40.70000000000000284, 15.85780044138130052, 67.59972459539461909 ) ) ;
#1561 = CARTESIAN_POINT ( 'NONE',  ( -38.25000000000000711, 22.29795419241073517, 54.82535829515979486 ) ) ;
#1562 = CARTESIAN_POINT ( 'NONE',  ( -38.75000000000000711, -2.182963355852047815, -33.35322323254530374 ) ) ;
#1563 = VERTEX_POINT ( 'NONE', #1136 ) ;
#1564 = CARTESIAN_POINT ( 'NONE',  ( -26.04887703352175166, 41.40261884281704852, 10.35263071333493912 ) ) ;
#1565 = CARTESIAN_POINT ( 'NONE',  ( -33.25000000000000711, 4.740291156821847096, 2.732132968512133608 ) ) ;
#1566 = ADVANCED_FACE ( 'NONE', ( #1466 ), #869, .F. ) ;
#1567 = EDGE_CURVE ( 'NONE', #1279, #1988, #878, .T. ) ;
#1568 = EDGE_CURVE ( 'NONE', #830, #1868, #896, .T. ) ;
#1569 = CARTESIAN_POINT ( 'NONE',  ( -34.91666666666666430, 1.905625339866814459E-15, -5.924999999999999822 ) ) ;
#1570 = CARTESIAN_POINT ( 'NONE',  ( -40.69999999999999574, -20.64368571587785439, 56.63956570145661118 ) ) ;
#1571 = CARTESIAN_POINT ( 'NONE',  ( -43.25000000000000711, -16.94346429743123394, 72.65665753318900499 ) ) ;
#1572 = CARTESIAN_POINT ( 'NONE',  ( -38.75000000000000711, -26.51940212992060353, -20.34512569842112484 ) ) ;
#1573 = ORIENTED_EDGE ( 'NONE', *, *, #1981, .F. ) ;
#1574 = CARTESIAN_POINT ( 'NONE',  ( -43.25000000000000000, 17.67881181279606295, 72.02740783557824500 ) ) ;
#1575 = CARTESIAN_POINT ( 'NONE',  ( -40.70000000000000284, -22.79368571587784942, 59.07100004334069610 ) ) ;
#1576 = B_SPLINE_CURVE_WITH_KNOTS ( 'NONE', 3,
 ( #1788, #824, #207, #861 ),
 .UNSPECIFIED., .F., .F.,
 ( 4, 4 ),
 ( 0.000000000000000000, 1.000000000000000000 ),
 .UNSPECIFIED. ) ;
#1577 = CARTESIAN_POINT ( 'NONE',  ( -43.25000000000001421, -22.11848301108447501, -19.39329353783414334 ) ) ;
#1578 = CARTESIAN_POINT ( 'NONE',  ( -43.25000000000000000, -22.79368571587784942, 52.22100004334069467 ) ) ;
#1579 = CARTESIAN_POINT ( 'NONE',  ( -43.25000000000000711, -15.59028139809646696, 64.46125693930036960 ) ) ;
#1580 = CARTESIAN_POINT ( 'NONE',  ( -38.25000000000000711, -5.997501317986355218, -4.609100399811858040 ) ) ;
#1581 = ORIENTED_EDGE ( 'NONE', *, *, #324, .T. ) ;
#1582 = CARTESIAN_POINT ( 'NONE',  ( -38.25000000000000000, -12.19800866856054711, 70.00751831441563411 ) ) ;
#1583 = CARTESIAN_POINT ( 'NONE',  ( -39.24999999999998579, 26.51940212992061419, -20.34512569842110352 ) ) ;
#1584 = EDGE_LOOP ( 'NONE', ( #1521, #1517 ) ) ;
#1585 = MECHANICAL_DESIGN_GEOMETRIC_PRESENTATION_REPRESENTATION (  '', ( #1376 ), #754 ) ;
#1586 = PLANE ( 'NONE',  #174 ) ;
#1587 = CARTESIAN_POINT ( 'NONE',  ( -40.69999999999999574, 13.05573592242778425, 67.04235930837904789 ) ) ;
#1588 = CARTESIAN_POINT ( 'NONE',  ( -33.25000000000000000, -2.732132968512142046, 4.740291156821841767 ) ) ;
#1589 = DIRECTION ( 'NONE',  ( 0.000000000000000000, 0.000000000000000000, -1.000000000000000000 ) ) ;
#1590 = ADVANCED_FACE ( 'NONE', ( #1680 ), #897, .F. ) ;
#1591 = ORIENTED_EDGE ( 'NONE', *, *, #251, .T. ) ;
#1592 = CARTESIAN_POINT ( 'NONE',  ( -43.25000000000000000, 17.87413341870414740, 66.05271324221425289 ) ) ;
#1593 = CARTESIAN_POINT ( 'NONE',  ( -33.25000000000000711, 3.333915955863908653, 4.338192620010132394 ) ) ;
#1594 = EDGE_LOOP ( 'NONE', ( #1885, #1236, #789, #439 ) ) ;
#1595 = PLANE ( 'NONE',  #1207 ) ;
#1596 = DIRECTION ( 'NONE',  ( 0.000000000000000000, 0.000000000000000000, -1.000000000000000000 ) ) ;
#1597 = DIRECTION ( 'NONE',  ( 1.000000000000000000, 0.000000000000000000, 0.000000000000000000 ) ) ;
#1598 = CARTESIAN_POINT ( 'NONE',  ( -38.25000000000000711, -24.75118510827013907, 71.71028875486628351 ) ) ;
#1599 = B_SPLINE_CURVE_WITH_KNOTS ( 'NONE', 3,
 ( #294, #757, #2068, #592, #610, #1284, #948, #1742, #109, #766, #1265, #1609, #1912, #130, #1472, #339, #1796, #1339, #19, #1448, #1296, #669, #1968, #1994, #1832, #1980, #1179, #1946, #1165, #193, #1154, #475, #1458, #487 ),
 .UNSPECIFIED., .F., .F.,
 ( 4, 2, 2, 2, 2, 2, 2, 2, 2, 2, 2, 2, 2, 2, 2, 2, 4 ),
 ( 0.000000000000000000, 0.06249999999999994449, 0.1249999999999998890, 0.1874999999999998335, 0.2499999999999997780, 0.3124999999999997224, 0.3749999999999996669, 0.4374999999999996669, 0.4999999999999996669, 0.5624999999999996669, 0.6249999999999997780, 0.6874999999999997780, 0.7499999999999998890, 0.8124999999999998890, 0.8750000000000000000, 0.9375000000000000000, 1.000000000000000000 ),
 .UNSPECIFIED. ) ;
#1600 = DIRECTION ( 'NONE',  ( 1.000000000000000000, 0.000000000000000000, 0.000000000000000000 ) ) ;
#1601 = VERTEX_POINT ( 'NONE', #767 ) ;
#1602 = CARTESIAN_POINT ( 'NONE',  ( -43.25000000000000000, -11.99305713378508642, 73.14572454488039455 ) ) ;
#1603 = CARTESIAN_POINT ( 'NONE',  ( -38.25000000000000000, -22.79368571587784942, 54.77100004334069894 ) ) ;
#1604 = ORIENTED_EDGE ( 'NONE', *, *, #540, .F. ) ;
#1605 = DIRECTION ( 'NONE',  ( -1.000000000000000000, 0.000000000000000000, 0.000000000000000000 ) ) ;
#1606 = CARTESIAN_POINT ( 'NONE',  ( -43.25000000000000000, 9.438588054919460291, 69.22780468861888892 ) ) ;
#1607 = CARTESIAN_POINT ( 'NONE',  ( -40.70000000000000284, -24.51296942703393356, 58.24227549128677595 ) ) ;
#1608 = CARTESIAN_POINT ( 'NONE',  ( -38.25000000000000000, -32.85322323254529664, 50.00000000000000000 ) ) ;
#1609 = CARTESIAN_POINT ( 'NONE',  ( -38.75000000000000711, -16.71499030809891906, 78.94498105048877790 ) ) ;
#1610 = CARTESIAN_POINT ( 'NONE',  ( -33.24999999999999289, -1.419982272649093824, -5.283801770925612651 ) ) ;
#1611 = CARTESIAN_POINT ( 'NONE',  ( -57.83685783886740239, 0.000000000000000000, 0.000000000000000000 ) ) ;
#1612 = ORIENTED_EDGE ( 'NONE', *, *, #735, .T. ) ;
#1613 = CARTESIAN_POINT ( 'NONE',  ( -43.25000000000000000, -9.526269741955749382, 67.70060719075965494 ) ) ;
#1614 = CARTESIAN_POINT ( 'NONE',  ( -43.24999999999999289, 27.08191770979649604, 59.00309000248918068 ) ) ;
#1615 = B_SPLINE_CURVE_WITH_KNOTS ( 'NONE', 3,
 ( #1808, #1833, #1475, #534, #1997, #1192, #995, #1362, #1854, #1653, #1370, #1706, #1061, #1079, #1253, #1713, #2038, #91, #755, #1732, #411, #745, #728, #1052, #1222, #420, #562, #1400, #243, #1089, #898, #888, #236, #570 ),
 .UNSPECIFIED., .F., .F.,
 ( 4, 2, 2, 2, 2, 2, 2, 2, 2, 2, 2, 2, 2, 2, 2, 2, 4 ),
 ( 0.000000000000000000, 0.06250000000000000000, 0.1250000000000000000, 0.1875000000000000000, 0.2500000000000000000, 0.3125000000000000000, 0.3750000000000000000, 0.4375000000000000000, 0.5000000000000000000, 0.5625000000000000000, 0.6250000000000000000, 0.6875000000000000000, 0.7500000000000000000, 0.8125000000000000000, 0.8750000000000000000, 0.9375000000000000000, 1.000000000000000000 ),
 .UNSPECIFIED. ) ;
#1616 = CARTESIAN_POINT ( 'NONE',  ( -43.25000000000000000, -22.18016633326951847, 52.25137974290691290 ) ) ;
#1617 = CARTESIAN_POINT ( 'NONE',  ( -43.25000000000000000, 10.59822164765041030, 65.81459225111163391 ) ) ;
#1618 = FACE_BOUND ( 'NONE', #489, .T. ) ;
#1619 = CYLINDRICAL_SURFACE ( 'NONE', #1554, 5.924999999999999822 ) ;
#1620 = FACE_OUTER_BOUND ( 'NONE', #1584, .T. ) ;
#1621 = ORIENTED_EDGE ( 'NONE', *, *, #2013, .F. ) ;
#1622 = B_SPLINE_CURVE_WITH_KNOTS ( 'NONE', 3,
 ( #915, #741, #1887, #1397 ),
 .UNSPECIFIED., .F., .F.,
 ( 4, 4 ),
 ( 0.000000000000000000, 1.000000000000000000 ),
 .UNSPECIFIED. ) ;
#1623 = CARTESIAN_POINT ( 'NONE',  ( -43.25000000000000000, -14.07517537981347999, 64.22100004334070888 ) ) ;
#1624 = CARTESIAN_POINT ( 'NONE',  ( -43.24999999999999289, 25.72531598386412810, 53.18534255344087569 ) ) ;
#1625 = EDGE_LOOP ( 'NONE', ( #892, #1907, #1097, #2024 ) ) ;
#1626 = ADVANCED_FACE ( 'NONE', ( #247 ), #76, .T. ) ;
#1627 = CARTESIAN_POINT ( 'NONE',  ( -39.06666666666666288, -14.07517537981348887, 66.77100004334070604 ) ) ;
#1628 = CARTESIAN_POINT ( 'NONE',  ( -38.25000000000000000, 0.9817477042468271131, 7.499999999999999112 ) ) ;
#1629 = ADVANCED_FACE ( 'NONE', ( #1403 ), #404, .F. ) ;
#1630 = CARTESIAN_POINT ( 'NONE',  ( -43.24999999999999289, -14.38314965491062303, 64.22100004334070888 ) ) ;
#1631 = CARTESIAN_POINT ( 'NONE',  ( -37.25000000000000000, 0.000000000000000000, 0.000000000000000000 ) ) ;
#1632 = ORIENTED_EDGE ( 'NONE', *, *, #80, .F. ) ;
#1633 = CARTESIAN_POINT ( 'NONE',  ( -38.25000000000000000, -32.85322323254529664, 5.219982608343349101E-15 ) ) ;
#1634 = CARTESIAN_POINT ( 'NONE',  ( -43.25000000000000000, 25.72531386740381620, 60.65661673183154079 ) ) ;
#1635 = VERTEX_POINT ( 'NONE', #585 ) ;
#1636 = CARTESIAN_POINT ( 'NONE',  ( -43.24999999999999289, -18.33397696293342705, 55.40581114868445667 ) ) ;
#1637 = CARTESIAN_POINT ( 'NONE',  ( -40.69999999999999574, -24.51296942703394066, 55.59972459539464040 ) ) ;
#1638 = CARTESIAN_POINT ( 'NONE',  ( -37.25000000000000000, 5.886825484772804984, -0.7734187908785034038 ) ) ;
#1639 = CARTESIAN_POINT ( 'NONE',  ( -38.25000000000001421, -32.85322323254528953, -2.150238432377338693 ) ) ;
#1640 = CARTESIAN_POINT ( 'NONE',  ( -38.24999999999998579, -23.88015160117205937, 55.04395980172431990 ) ) ;
#1641 = UNCERTAINTY_MEASURE_WITH_UNIT (LENGTH_MEASURE( 1.000000000000000082E-05 ), #681, 'distance_accuracy_value', 'NONE');
#1642 = ADVANCED_FACE ( 'NONE', ( #1903 ), #930, .T. ) ;
#1643 = CARTESIAN_POINT ( 'NONE',  ( -43.25000000000000000, 17.90999927497218636, -23.33569983865775654 ) ) ;
#1644 = EDGE_LOOP ( 'NONE', ( #558, #1770 ) ) ;
#1645 = CARTESIAN_POINT ( 'NONE',  ( -43.24999999999999289, -26.87321337054919823, 59.27465089069563930 ) ) ;
#1646 = CARTESIAN_POINT ( 'NONE',  ( -43.24999999999999289, 27.55709839098429015, 57.22780468861141401 ) ) ;
#1647 = ORIENTED_EDGE ( 'NONE', *, *, #1197, .T. ) ;
#1648 = CARTESIAN_POINT ( 'NONE',  ( -43.24999999999999289, -20.44003486851731211, 61.00052769800920771 ) ) ;
#1649 = CARTESIAN_POINT ( 'NONE',  ( -38.25000000000000000, -22.79368571587784942, 54.77100004334069894 ) ) ;
#1650 = DIRECTION ( 'NONE',  ( -1.000000000000000000, 0.000000000000000000, 0.000000000000000000 ) ) ;
#1651 = CARTESIAN_POINT ( 'NONE',  ( -43.25000000000000000, -14.07517537981347999, 64.22100004334070888 ) ) ;
#1652 = CARTESIAN_POINT ( 'NONE',  ( -38.25000000000001421, 32.85322323254528953, 52.15023843237730716 ) ) ;
#1653 = CARTESIAN_POINT ( 'NONE',  ( -43.24999999999999289, 19.31663111536938615, 60.02750870392330995 ) ) ;
#1654 = EDGE_LOOP ( 'NONE', ( #1123, #864 ) ) ;
#1655 = CARTESIAN_POINT ( 'NONE',  ( -43.25000000000000000, -22.79368571587784942, 61.62100004334070036 ) ) ;
#1656 = CONICAL_SURFACE ( 'NONE', #176, 4.700000000000002842, 0.7853981633974490562 ) ;
#1657 = EDGE_CURVE ( 'NONE', #1798, #1664, #121, .T. ) ;
#1658 = CARTESIAN_POINT ( 'NONE',  ( -37.25000000000000711, -2.625321977686503327, 5.325691175166459956 ) ) ;
#1659 = ORIENTED_EDGE ( 'NONE', *, *, #1029, .T. ) ;
#1660 = CARTESIAN_POINT ( 'NONE',  ( -39.25000000000000000, 16.71499030809896169, 78.94498105048873526 ) ) ;
#1661 = CARTESIAN_POINT ( 'NONE',  ( -40.70000000000000284, 22.85702706628955028, 59.07100004334069610 ) ) ;
#1662 = CARTESIAN_POINT ( 'NONE',  ( -40.70000000000000284, 14.13851673022521993, 71.07100004334070320 ) ) ;
#1663 = FACE_OUTER_BOUND ( 'NONE', #525, .T. ) ;
#1664 = VERTEX_POINT ( 'NONE', #2070 ) ;
#1665 = CARTESIAN_POINT ( 'NONE',  ( -38.25000000000000711, -24.51585731643601562, 58.23948426416880864 ) ) ;
#1666 = DIRECTION ( 'NONE',  ( 1.000000000000000000, 0.000000000000000000, 0.000000000000000000 ) ) ;
#1667 = CARTESIAN_POINT ( 'NONE',  ( -43.24999999999999289, -14.70555486739723072, 75.47692644332936140 ) ) ;
#1668 = ORIENTED_EDGE ( 'NONE', *, *, #2059, .F. ) ;
#1669 = MANIFOLD_SURFACE_SHAPE_REPRESENTATION ( 'ASV1_300_03A.STEP', ( #1112, #792 ), #2096 ) ;
#1670 = CYLINDRICAL_SURFACE ( 'NONE', #790, 2.149999999999999023 ) ;
#1671 = CARTESIAN_POINT ( 'NONE',  ( -38.25000000000000000, 14.69770325691009205, 66.82555304504094806 ) ) ;
#1672 = CARTESIAN_POINT ( 'NONE',  ( -38.75000000000000000, 33.35322323254529664, 5.703344358878899383E-15 ) ) ;
#1673 = CARTESIAN_POINT ( 'NONE',  ( -37.24999999999999289, 2.625321977692765429, -5.325691175164608104 ) ) ;
#1674 = CARTESIAN_POINT ( 'NONE',  ( -37.24999999999998579, 3.777142352781759360, 6.553397912656923729 ) ) ;
#1675 = B_SPLINE_CURVE_WITH_KNOTS ( 'NONE', 3,
 ( #1043, #336, #705, #382, #1685, #531, #1189, #1829, #1841, #214, #228, #1469, #868, #1816, #992, #1525, #857, #52 ),
 .UNSPECIFIED., .F., .F.,
 ( 4, 2, 2, 2, 2, 2, 2, 2, 4 ),
 ( 0.000000000000000000, 0.1250000000000000000, 0.2500000000000000000, 0.3750000000000000000, 0.5000000000000000000, 0.6250000000000000000, 0.7500000000000000000, 0.8750000000000000000, 1.000000000000000000 ),
 .UNSPECIFIED. ) ;
#1676 = CARTESIAN_POINT ( 'NONE',  ( -43.25000000000000000, -14.07517537981347999, 68.92100004334069752 ) ) ;
#1677 = ORIENTED_EDGE ( 'NONE', *, *, #552, .T. ) ;
#1678 = CARTESIAN_POINT ( 'NONE',  ( -38.75000000000000000, -33.35322323254529664, 50.00000000000000000 ) ) ;
#1679 = CARTESIAN_POINT ( 'NONE',  ( -40.70000000000000284, -22.79368571587784942, 59.07100004334069610 ) ) ;
#1680 = FACE_OUTER_BOUND ( 'NONE', #740, .T. ) ;
#1681 = VERTEX_POINT ( 'NONE', #2032 ) ;
#1682 = CARTESIAN_POINT ( 'NONE',  ( -39.24999999999999289, -33.13822542452609099, 54.36587273363363693 ) ) ;
#1683 = CARTESIAN_POINT ( 'NONE',  ( -39.25000000000000000, 33.35322323254529664, 5.506561146493399558E-15 ) ) ;
#1684 = ADVANCED_FACE ( 'NONE', ( #414 ), #520, .T. ) ;
#1685 = CARTESIAN_POINT ( 'NONE',  ( -37.25000000000000711, -4.609100399811865145, -5.997501317986348113 ) ) ;
#1686 = CARTESIAN_POINT ( 'NONE',  ( -37.25000000000000711, 3.915629787332489453, 4.463535080459914539 ) ) ;
#1687 = CARTESIAN_POINT ( 'NONE',  ( -37.25000000000000000, 1.963109132694616843, 7.304795075012364691 ) ) ;
#1688 = CARTESIAN_POINT ( 'NONE',  ( -43.25000000000000000, 22.85702706628955028, 56.92100004334069752 ) ) ;
#1689 = CARTESIAN_POINT ( 'NONE',  ( -38.25000000000001421, 21.71028875486623022, -24.75118510827017460 ) ) ;
#1690 = DIRECTION ( 'NONE',  ( 0.000000000000000000, 0.000000000000000000, -1.000000000000000000 ) ) ;
#1691 = CARTESIAN_POINT ( 'NONE',  ( -37.25000000000000711, -5.142802379643715227, -2.967376036528970751 ) ) ;
#1692 = CONICAL_SURFACE ( 'NONE', #895, 29.35322323254530019, 0.7853981633974476129 ) ;
#1693 = ORIENTED_EDGE ( 'NONE', *, *, #1657, .F. ) ;
#1694 = CARTESIAN_POINT ( 'NONE',  ( -33.75000000000000000, 5.770788109259774146, -1.550856214828717716 ) ) ;
#1695 = CARTESIAN_POINT ( 'NONE',  ( -43.25000000000000000, 13.83054245512829894, 64.22100004334073731 ) ) ;
#1696 = CARTESIAN_POINT ( 'NONE',  ( -39.24999999999999289, 33.35322323254529664, 16.66666666666667140 ) ) ;
#1697 = EDGE_CURVE ( 'NONE', #1504, #1541, #1871, .T. ) ;
#1698 = DIRECTION ( 'NONE',  ( 0.000000000000000000, 0.000000000000000000, -1.000000000000000000 ) ) ;
#1699 = CARTESIAN_POINT ( 'NONE',  ( -38.25000000000000711, 8.518268103537877778, -31.80246705209794555 ) ) ;
#1700 = CARTESIAN_POINT ( 'NONE',  ( -43.25000000000000000, -18.74484031961688402, 68.30770519848049105 ) ) ;
#1701 = CARTESIAN_POINT ( 'NONE',  ( -43.25000000000000000, -14.07517537981347999, 68.92100004334069752 ) ) ;
#1702 = ORIENTED_EDGE ( 'NONE', *, *, #2017, .F. ) ;
#1703 = FACE_OUTER_BOUND ( 'NONE', #1745, .T. ) ;
#1704 = CARTESIAN_POINT ( 'NONE',  ( -39.25000000000000000, -32.28647537644087606, -8.647909387792566349 ) ) ;
#1705 = CARTESIAN_POINT ( 'NONE',  ( -43.24999999999999289, 10.05898907555958566, 71.27465089071343129 ) ) ;
#1706 = CARTESIAN_POINT ( 'NONE',  ( -43.24999999999999289, 18.77749941162403147, 59.27465089070446425 ) ) ;
#1707 = CARTESIAN_POINT ( 'NONE',  ( -40.70000000000000284, -21.71090490808042617, 55.04235930837902657 ) ) ;
#1708 = CARTESIAN_POINT ( 'NONE',  ( -38.25000000000000000, 20.76151178774529527, 56.36197955524719561 ) ) ;
#1709 = CARTESIAN_POINT ( 'NONE',  ( -38.75000000000000000, -4.365872733633506364, -33.13822542452611231 ) ) ;
#1710 = ORIENTED_EDGE ( 'NONE', *, *, #1697, .T. ) ;
#1711 = CARTESIAN_POINT ( 'NONE',  ( -43.25000000000000711, 18.36340737373711107, 71.00309000247767699 ) ) ;
#1712 = CARTESIAN_POINT ( 'NONE',  ( -33.25000000000000000, 4.740291156821845320, -2.732132968512136273 ) ) ;
#1713 = CARTESIAN_POINT ( 'NONE',  ( -43.24999999999999289, 18.18733177897417264, 57.53432224259837824 ) ) ;
#1714 = DIRECTION ( 'NONE',  ( 0.000000000000000000, 0.000000000000000000, 1.000000000000000000 ) ) ;
#1715 = CARTESIAN_POINT ( 'NONE',  ( -38.25000000000000000, -14.07517537981347999, 71.07100004334070320 ) ) ;
#1716 = CARTESIAN_POINT ( 'NONE',  ( -38.75000000000000000, -16.71499030809884445, -28.94498105048878145 ) ) ;
#1717 = VERTEX_POINT ( 'NONE', #239 ) ;
#1718 = CARTESIAN_POINT ( 'NONE',  ( -43.25000000000000000, 18.36327558288745365, 66.83896467376598594 ) ) ;
#1719 = B_SPLINE_CURVE_WITH_KNOTS ( 'NONE', 3,
 ( #1747, #606, #764, #1575 ),
 .UNSPECIFIED., .F., .F.,
 ( 4, 4 ),
 ( 0.000000000000000000, 1.000000000000000000 ),
 .UNSPECIFIED. ) ;
#1720 = DIRECTION ( 'NONE',  ( 0.000000000000000000, 0.000000000000000000, -1.000000000000000000 ) ) ;
#1721 = B_SPLINE_CURVE_WITH_KNOTS ( 'NONE', 3,
 ( #1817, #291, #1616, #1782, #323, #138, #782, #1138, #1302, #1128, #160, #335, #1919, #1636, #1953, #1791, #148, #1150, #979, #312, #817, #1468, #652, #1803, #991, #1107, #1759, #1648, #795, #125, #172, #1482, #14, #945 ),
 .UNSPECIFIED., .F., .F.,
 ( 4, 2, 2, 2, 2, 2, 2, 2, 2, 2, 2, 2, 2, 2, 2, 2, 4 ),
 ( 0.000000000000000000, 0.06250000000000000000, 0.1250000000000000000, 0.1875000000000000000, 0.2500000000000000000, 0.3125000000000000000, 0.3750000000000000000, 0.4375000000000000000, 0.5000000000000000000, 0.5625000000000000000, 0.6250000000000000000, 0.6875000000000000000, 0.7500000000000000000, 0.8125000000000000000, 0.8750000000000000000, 0.9375000000000000000, 1.000000000000000000 ),
 .UNSPECIFIED. ) ;
#1722 = CARTESIAN_POINT ( 'NONE',  ( -43.25000000000000711, -27.85630587332843433, -9.452689986374041453 ) ) ;
#1723 = CARTESIAN_POINT ( 'NONE',  ( -40.70000000000000284, 24.73566780125121056, 58.00378085113812432 ) ) ;
#1724 = CARTESIAN_POINT ( 'NONE',  ( -40.70000000000000284, -22.79368571587784942, 59.07100004334069610 ) ) ;
#1725 = CARTESIAN_POINT ( 'NONE',  ( -43.25000000000000000, -17.81079206826895245, 71.78928684450063713 ) ) ;
#1726 = CARTESIAN_POINT ( 'NONE',  ( -38.75000000000000711, -10.74693078237540966, -31.64974419757329827 ) ) ;
#1727 = VERTEX_POINT ( 'NONE', #1744 ) ;
#1728 = CARTESIAN_POINT ( 'NONE',  ( -43.25000000000000711, 18.59822548316905255, 67.40581114868361112 ) ) ;
#1729 = CARTESIAN_POINT ( 'NONE',  ( -33.25000000000000000, 5.283801770925609986, -1.419982272649098487 ) ) ;
#1730 = ADVANCED_FACE ( 'NONE', ( #2041 ), #566, .F. ) ;
#1731 = DIRECTION ( 'NONE',  ( 1.000000000000000000, 0.000000000000000000, 0.000000000000000000 ) ) ;
#1732 = CARTESIAN_POINT ( 'NONE',  ( -43.24999999999999289, 18.30808292291886730, 55.70062084941989156 ) ) ;
#1733 = CARTESIAN_POINT ( 'NONE',  ( -38.25000000000000000, 22.85702706628955028, 59.07100004334069610 ) ) ;
#1734 = CARTESIAN_POINT ( 'NONE',  ( -43.24999999999999289, -16.42882622718109431, 64.84147238868430918 ) ) ;
#1735 = CARTESIAN_POINT ( 'NONE',  ( -38.75000000000000711, -32.28647537644087606, -8.647909387792566349 ) ) ;
#1736 = ORIENTED_EDGE ( 'NONE', *, *, #1852, .T. ) ;
#1737 = CARTESIAN_POINT ( 'NONE',  ( -38.25000000000000000, -12.35309958326501167, 70.23938661012586238 ) ) ;
#1738 = CARTESIAN_POINT ( 'NONE',  ( -39.25000000000000000, -33.35322323254529664, 4.100547244045634149E-15 ) ) ;
#1739 = ADVANCED_FACE ( 'NONE', ( #1298 ), #132, .T. ) ;
#1740 = B_SPLINE_CURVE_WITH_KNOTS ( 'NONE', 3,
 ( #1250, #1906, #2085, #270, #916, #279, #597, #1583, #89, #407, #579, #437, #1398, #107, #418, #449, #259, #250 ),
 .UNSPECIFIED., .F., .F.,
 ( 4, 2, 2, 2, 2, 2, 2, 2, 4 ),
 ( 0.000000000000000000, 0.1250000000000000000, 0.2500000000000000000, 0.3750000000000000000, 0.5000000000000000000, 0.6250000000000000000, 0.7500000000000000000, 0.8750000000000000000, 1.000000000000000000 ),
 .UNSPECIFIED. ) ;
#1741 = CARTESIAN_POINT ( 'NONE',  ( -40.70000000000000284, 23.93980787408697353, 55.04235930837902657 ) ) ;
#1742 = CARTESIAN_POINT ( 'NONE',  ( -38.75000000000000711, -26.51940212992061774, 70.34512569842109997 ) ) ;
#1743 = CARTESIAN_POINT ( 'NONE',  ( -33.25000000000000711, -1.419982272649110921, 5.283801770925609098 ) ) ;
#1744 = CARTESIAN_POINT ( 'NONE',  ( -33.25000000000000000, 5.813676818185389980E-16, -5.424999999999999822 ) ) ;
#1745 = EDGE_LOOP ( 'NONE', ( #478, #1849, #1074, #931 ) ) ;
#1746 = CARTESIAN_POINT ( 'NONE',  ( -43.25000000000001421, 15.65362274846798840, 73.38074314740190118 ) ) ;
#1747 = CARTESIAN_POINT ( 'NONE',  ( -38.25000000000000000, -22.79368571587784942, 59.07100004334069610 ) ) ;
#1748 = PRESENTATION_LAYER_ASSIGNMENT (  '', '', ( #1376 ) ) ;
#1749 = CARTESIAN_POINT ( 'NONE',  ( -40.70000000000000284, 22.29426911491709618, 54.82695878850382343 ) ) ;
#1750 = CARTESIAN_POINT ( 'NONE',  ( -38.75000000000000000, -33.35322323254529664, 0.000000000000000000 ) ) ;
#1751 = CARTESIAN_POINT ( 'NONE',  ( -40.70000000000000284, -22.79368571587784942, 54.77100004334069894 ) ) ;
#1752 = ADVANCED_FACE ( 'NONE', ( #1102 ), #307, .T. ) ;
#1753 = CARTESIAN_POINT ( 'NONE',  ( -33.25000000000000000, -4.740291156821846208, -2.732132968512134941 ) ) ;
#1754 = CARTESIAN_POINT ( 'NONE',  ( -43.24999999999999289, 9.452689986531446209, -27.85630587328790142 ) ) ;
#1755 = EDGE_LOOP ( 'NONE', ( #233, #848 ) ) ;
#1756 = CARTESIAN_POINT ( 'NONE',  ( -38.25000000000000711, -11.97953372405094008, 68.36192694440447326 ) ) ;
#1757 = CARTESIAN_POINT ( 'NONE',  ( -43.24999999999999289, 24.93911711398896713, 52.69610945899869847 ) ) ;
#1758 = ORIENTED_EDGE ( 'NONE', *, *, #1413, .T. ) ;
#1759 = CARTESIAN_POINT ( 'NONE',  ( -43.25000000000000000, -19.92539891474718416, 60.65661673182320612 ) ) ;
#1760 = CARTESIAN_POINT ( 'NONE',  ( -40.69999999999999574, -24.94368571587785155, 57.20243438522476964 ) ) ;
#1761 = CARTESIAN_POINT ( 'NONE',  ( -38.24999999999999289, 5.997501317986330349, -4.609100399811886462 ) ) ;
#1762 = CARTESIAN_POINT ( 'NONE',  ( -40.70000000000000284, 22.85702706628955028, 59.07100004334069610 ) ) ;
#1763 = B_SPLINE_CURVE_WITH_KNOTS ( 'NONE', 3,
 ( #1559, #1873, #2028, #1214 ),
 .UNSPECIFIED., .F., .F.,
 ( 4, 4 ),
 ( 0.000000000000000000, 1.000000000000000000 ),
 .UNSPECIFIED. ) ;
#1764 = CYLINDRICAL_SURFACE ( 'NONE', #1407, 33.35322323254529664 ) ;
#1765 = CARTESIAN_POINT ( 'NONE',  ( -39.06666666666666288, 22.85702706628953962, 54.77100004334069894 ) ) ;
#1766 = ORIENTED_EDGE ( 'NONE', *, *, #2045, .T. ) ;
#1767 = EDGE_CURVE ( 'NONE', #781, #2114, #1258, .T. ) ;
#1768 = CARTESIAN_POINT ( 'NONE',  ( -43.25000000000000000, -12.85503653286725445, 73.47001015663785495 ) ) ;
#1769 = CARTESIAN_POINT ( 'NONE',  ( -43.25000000000000000, 24.07716591320108179, 61.47001015663786205 ) ) ;
#1770 = ORIENTED_EDGE ( 'NONE', *, *, #1379, .T. ) ;
#1771 = B_SPLINE_CURVE_WITH_KNOTS ( 'NONE', 3,
 ( #377, #57, #254, #384, #237, #699, #1355, #2012, #1874, #1689, #1530, #709, #1855, #1363, #1699, #1045, #546, #1215 ),
 .UNSPECIFIED., .F., .F.,
 ( 4, 2, 2, 2, 2, 2, 2, 2, 4 ),
 ( 0.000000000000000000, 0.1250000000000000000, 0.2500000000000000000, 0.3750000000000000000, 0.5000000000000000000, 0.6250000000000000000, 0.7500000000000000000, 0.8750000000000000000, 1.000000000000000000 ),
 .UNSPECIFIED. ) ;
#1772 = CARTESIAN_POINT ( 'NONE',  ( -40.70000000000000284, 20.76298581145266553, 57.48375799471317293 ) ) ;
#1773 = CARTESIAN_POINT ( 'NONE',  ( -38.25000000000001421, -28.51106525097694444, -16.46441497102345508 ) ) ;
#1774 = CARTESIAN_POINT ( 'NONE',  ( -38.41666666666667140, -33.01988989921196804, 49.99999999999995026 ) ) ;
#1775 = CARTESIAN_POINT ( 'NONE',  ( -38.25000000000000000, -32.85322323254530374, 52.15023843237722900 ) ) ;
#1776 = CARTESIAN_POINT ( 'NONE',  ( -43.24999999999999289, 1.927541918281912903, -29.35322323254530374 ) ) ;
#1777 = VERTEX_POINT ( 'NONE', #154 ) ;
#1778 = CARTESIAN_POINT ( 'NONE',  ( -33.75000000000000000, -5.537048590113300450E-31, 5.924999999999999822 ) ) ;
#1779 = CARTESIAN_POINT ( 'NONE',  ( -43.25000000000000000, 24.37216128282203798, 52.46142302207669417 ) ) ;
#1780 = ADVANCED_FACE ( 'NONE', ( #456, #1620 ), #1947, .T. ) ;
#1781 = ORIENTED_EDGE ( 'NONE', *, *, #1783, .F. ) ;
#1782 = CARTESIAN_POINT ( 'NONE',  ( -43.24999999999999289, -21.57326150331358150, 52.37206484673487950 ) ) ;
#1783 = EDGE_CURVE ( 'NONE', #1317, #1988, #1229, .T. ) ;
#1784 = CARTESIAN_POINT ( 'NONE',  ( -43.25000000000000000, 22.85702706628955028, 61.62100004334070036 ) ) ;
#1785 = DIRECTION ( 'NONE',  ( 0.7071067811865525687, -0.7071067811865424657, 0.000000000000000000 ) ) ;
#1786 = CARTESIAN_POINT ( 'NONE',  ( -38.25000000000001421, -16.46441497102345153, 78.51106525097694089 ) ) ;
#1787 = DIRECTION ( 'NONE',  ( 0.000000000000000000, 0.000000000000000000, 1.000000000000000000 ) ) ;
#1788 = CARTESIAN_POINT ( 'NONE',  ( -38.75000000000000000, 33.35322323254529664, 5.703344358878899383E-15 ) ) ;
#1789 = CARTESIAN_POINT ( 'NONE',  ( -38.25000000000000000, -11.92524382487482804, 68.63554864911915843 ) ) ;
#1790 = CARTESIAN_POINT ( 'NONE',  ( -38.25000000000000000, -20.69817043733445772, 57.48002053144010404 ) ) ;
#1791 = CARTESIAN_POINT ( 'NONE',  ( -43.24999999999999289, -18.12399042856211295, 56.30767784408197230 ) ) ;
#1792 = ADVANCED_FACE ( 'NONE', ( #612 ), #1460, .F. ) ;
#1793 = CARTESIAN_POINT ( 'NONE',  ( -40.70000000000000284, -14.07517537981347999, 66.77100004334070604 ) ) ;
#1794 = CARTESIAN_POINT ( 'NONE',  ( -37.25000000000000000, -5.902473160352840194E-15, -5.924999999999999822 ) ) ;
#1795 = CARTESIAN_POINT ( 'NONE',  ( -38.24999999999999289, 5.997501317986362324, 4.609100399811845605 ) ) ;
#1796 = CARTESIAN_POINT ( 'NONE',  ( -38.75000000000000000, -2.182963355852149068, 83.35322323254530374 ) ) ;
#1797 = CARTESIAN_POINT ( 'NONE',  ( -39.88333333333333286, 14.13851673022521105, 66.77100004334070604 ) ) ;
#1798 = VERTEX_POINT ( 'NONE', #2121 ) ;
#1799 = CARTESIAN_POINT ( 'NONE',  ( -43.25000000000000000, -26.52930240435220099, 59.78928684447936348 ) ) ;
#1800 = CARTESIAN_POINT ( 'NONE',  ( -39.25000000000000000, -33.35322323254529664, 50.00000000000000000 ) ) ;
#1801 = CARTESIAN_POINT ( 'NONE',  ( -37.25000000000000711, -0.3876071167905573156, -5.924999999999999822 ) ) ;
#1802 = ORIENTED_EDGE ( 'NONE', *, *, #1820, .F. ) ;
#1803 = CARTESIAN_POINT ( 'NONE',  ( -43.24999999999999289, -19.05802822597782153, 59.78928896091417045 ) ) ;
#1804 = CARTESIAN_POINT ( 'NONE',  ( -40.70000000000000995, -23.35644366725030352, 59.01504129817757871 ) ) ;
#1805 = CARTESIAN_POINT ( 'NONE',  ( -37.25000000000000711, 5.325757109883623386, -2.625349381199858279 ) ) ;
#1806 = CARTESIAN_POINT ( 'NONE',  ( -37.25000000000000000, 5.997501317986362324, 4.609100399811845605 ) ) ;
#1807 = CARTESIAN_POINT ( 'NONE',  ( -38.25000000000000711, 28.51106525097694799, 66.46441497102345863 ) ) ;
#1808 = CARTESIAN_POINT ( 'NONE',  ( -43.25000000000000000, 22.85702706628955028, 61.62100004334070036 ) ) ;
#1809 = ORIENTED_EDGE ( 'NONE', *, *, #918, .T. ) ;
#1810 = CARTESIAN_POINT ( 'NONE',  ( -43.25000000000000000, -24.30881993238286753, 61.38057706461795959 ) ) ;
#1811 = SURFACE_STYLE_USAGE ( .BOTH. , #1159 ) ;
#1812 = CARTESIAN_POINT ( 'NONE',  ( -37.25000000000000000, -1.909476695839776195, 5.622281285092302738 ) ) ;
#1813 = ORIENTED_EDGE ( 'NONE', *, *, #2124, .F. ) ;
#1814 = CARTESIAN_POINT ( 'NONE',  ( -38.25000000000000000, -24.94361727081604840, 57.20645143757096918 ) ) ;
#1815 = CARTESIAN_POINT ( 'NONE',  ( -33.75000000000000000, 0.7755806863549558061, 5.925000000000002487 ) ) ;
#1816 = CARTESIAN_POINT ( 'NONE',  ( -37.25000000000000000, -4.609100399811850934, 5.997501317986356995 ) ) ;
#1817 = CARTESIAN_POINT ( 'NONE',  ( -43.25000000000000000, -22.79368571587784942, 52.22100004334069467 ) ) ;
#1818 = B_SPLINE_CURVE_WITH_KNOTS ( 'NONE', 3,
 ( #120, #1429, #298, #1836, #356, #1194, #710, #1478, #2000, #1203, #862, #1506, #197, #169, #1170, #35, #688, #660 ),
 .UNSPECIFIED., .F., .F.,
 ( 4, 2, 2, 2, 2, 2, 2, 2, 4 ),
 ( 0.000000000000000000, 0.1250000000000000000, 0.2500000000000000000, 0.3750000000000000000, 0.5000000000000000000, 0.6250000000000000000, 0.7500000000000000000, 0.8750000000000000000, 1.000000000000000000 ),
 .UNSPECIFIED. ) ;
#1819 = CONICAL_SURFACE ( 'NONE', #614, 4.700000000000002842, 0.7853981633974490562 ) ;
#1820 = EDGE_CURVE ( 'NONE', #1942, #67, #1332, .T. ) ;
#1821 = ORIENTED_EDGE ( 'NONE', *, *, #826, .F. ) ;
#1822 = CARTESIAN_POINT ( 'NONE',  ( -38.25000000000001421, -23.07861578269641001, 59.07100004334071031 ) ) ;
#1823 = EDGE_CURVE ( 'NONE', #1868, #1182, #385, .T. ) ;
#1824 = DIRECTION ( 'NONE',  ( 0.000000000000000000, 0.000000000000000000, 1.000000000000000000 ) ) ;
#1825 = CARTESIAN_POINT ( 'NONE',  ( -43.25000000000000000, 3.836549661431522207, 79.16511353796248329 ) ) ;
#1826 = VERTEX_POINT ( 'NONE', #1913 ) ;
#1827 = CARTESIAN_POINT ( 'NONE',  ( -33.75000000000000000, 1.550856214828713275, 5.770788109259775922 ) ) ;
#1828 = CARTESIAN_POINT ( 'NONE',  ( -39.25000000000000000, -4.084591807298374691E-15, -33.35322323254529664 ) ) ;
#1829 = CARTESIAN_POINT ( 'NONE',  ( -37.25000000000000000, -7.304795075012367356, -1.963109132694594638 ) ) ;
#1830 = CARTESIAN_POINT ( 'NONE',  ( -37.25000000000000000, 0.7732530712886214186, -5.886931273246196916 ) ) ;
#1831 = CARTESIAN_POINT ( 'NONE',  ( -37.25000000000000000, -4.112395091408874440E-15, 7.500000000000000000 ) ) ;
#1832 = CARTESIAN_POINT ( 'NONE',  ( -38.75000000000000000, 22.04070213015668500, 75.12787851416626950 ) ) ;
#1833 = CARTESIAN_POINT ( 'NONE',  ( -43.25000000000000711, 22.54986370075388180, 61.62100004334069325 ) ) ;
#1834 = EDGE_LOOP ( 'NONE', ( #996, #1262, #599, #595 ) ) ;
#1835 = CARTESIAN_POINT ( 'NONE',  ( -38.25000000000000711, -23.88003794836754068, 58.79823503483953573 ) ) ;
#1836 = CARTESIAN_POINT ( 'NONE',  ( -40.69999999999999574, -15.15795618761091390, 67.04235930837904789 ) ) ;
#1837 = CARTESIAN_POINT ( 'NONE',  ( -43.24999999999999289, -3.836563498739059774, 79.16518310375381873 ) ) ;
#1838 = ORIENTED_EDGE ( 'NONE', *, *, #1088, .F. ) ;
#1839 = CARTESIAN_POINT ( 'NONE',  ( -39.25000000000000711, -29.97897637808382498, 64.78052111176347694 ) ) ;
#1840 = CARTESIAN_POINT ( 'NONE',  ( -39.25000000000000000, -8.647909387792436675, -32.28647537644089738 ) ) ;
#1841 = CARTESIAN_POINT ( 'NONE',  ( -37.25000000000000711, -7.500000000000001776, -0.9817477042468030213 ) ) ;
#1842 = CARTESIAN_POINT ( 'NONE',  ( -40.70000000000000995, -13.79374103792938655, 71.07100004334070320 ) ) ;
#1843 = APPLICATION_CONTEXT ( 'automotive_design' ) ;
#1844 = CARTESIAN_POINT ( 'NONE',  ( -37.25000000000000000, 6.553397912656920177, -3.777142352781770906 ) ) ;
#1845 = CARTESIAN_POINT ( 'NONE',  ( -38.25000000000000000, 23.41621359296740223, 54.82555304504093385 ) ) ;
#1846 = CARTESIAN_POINT ( 'NONE',  ( -40.70000000000000284, 16.28851673022521851, 69.20243438522479096 ) ) ;
#1847 = DIRECTION ( 'NONE',  ( -0.7071067811865470176, 0.7071067811865480168, 0.000000000000000000 ) ) ;
#1848 = CARTESIAN_POINT ( 'NONE',  ( -43.25000000000001421, 27.85630587329134400, 59.45268998649286374 ) ) ;
#1849 = ORIENTED_EDGE ( 'NONE', *, *, #539, .T. ) ;
#1850 = CARTESIAN_POINT ( 'NONE',  ( -33.75000000000000000, 3.641189315851350639, 4.738026041209233874 ) ) ;
#1851 = EDGE_CURVE ( 'NONE', #1312, #1717, #661, .T. ) ;
#1852 = EDGE_CURVE ( 'NONE', #1452, #1717, #281, .T. ) ;
#1853 = CARTESIAN_POINT ( 'NONE',  ( -38.75000000000000000, 26.51940212992061419, -20.34512569842110352 ) ) ;
#1854 = CARTESIAN_POINT ( 'NONE',  ( -43.25000000000000000, 19.75061927405611684, 60.46129512591170396 ) ) ;
#1855 = CARTESIAN_POINT ( 'NONE',  ( -38.25000000000000711, 14.55894550857939507, -29.52955989786746116 ) ) ;
#1856 = PRESENTATION_STYLE_ASSIGNMENT (( #1811 ) ) ;
#1857 = CARTESIAN_POINT ( 'NONE',  ( -43.25000000000000711, -19.39329353826201086, 72.11848301076587120 ) ) ;
#1858 = PRODUCT_DEFINITION_FORMATION_WITH_SPECIFIED_SOURCE ( 'Symmetric', '', #345, .NOT_KNOWN. ) ;
#1859 = EDGE_LOOP ( 'NONE', ( #468, #1838, #1821, #721 ) ) ;
#1860 = CARTESIAN_POINT ( 'NONE',  ( -33.74999999999999289, 5.177184350998987661, -2.983942458697563360 ) ) ;
#1861 = CARTESIAN_POINT ( 'NONE',  ( -39.24999999999999289, -25.12787851416625173, -22.04070213015672053 ) ) ;
#1862 = CARTESIAN_POINT ( 'NONE',  ( -43.25000000000000000, 10.40290004172849336, 71.78928684444196051 ) ) ;
#1863 = CARTESIAN_POINT ( 'NONE',  ( -39.25000000000000000, -33.35322323254529664, 0.000000000000000000 ) ) ;
#1864 = FACE_OUTER_BOUND ( 'NONE', #8, .T. ) ;
#1865 = CARTESIAN_POINT ( 'NONE',  ( -40.70000000000000284, 15.45979217817128948, 70.64028375449680652 ) ) ;
#1866 = CARTESIAN_POINT ( 'NONE',  ( -38.25000000000000711, -16.17081703558991634, 69.48007314225903031 ) ) ;
#1867 = DIRECTION ( 'NONE',  ( 0.000000000000000000, 0.000000000000000000, -1.000000000000000000 ) ) ;
#1868 = VERTEX_POINT ( 'NONE', #21 ) ;
#1869 = CARTESIAN_POINT ( 'NONE',  ( -26.05214179311493083, 41.39108885412111505, 10.39539150024230096 ) ) ;
#1870 = CARTESIAN_POINT ( 'NONE',  ( -43.25000000000000000, -29.35322323254530019, 50.00000000000000000 ) ) ;
#1871 = B_SPLINE_CURVE_WITH_KNOTS ( 'NONE', 3,
 ( #395, #1562, #1709, #1065, #1726, #424, #1716, #891, #1245, #913, #1572, #594, #434, #1217, #1735, #1893, #1083, #1093 ),
 .UNSPECIFIED., .F., .F.,
 ( 4, 2, 2, 2, 2, 2, 2, 2, 4 ),
 ( 0.000000000000000000, 0.1250000000000000278, 0.2500000000000000555, 0.3750000000000001110, 0.5000000000000001110, 0.6250000000000001110, 0.7500000000000002220, 0.8750000000000001110, 1.000000000000000000 ),
 .UNSPECIFIED. ) ;
#1872 = B_SPLINE_CURVE_WITH_KNOTS ( 'NONE', 3,
 ( #2077, #1910, #1920, #1263 ),
 .UNSPECIFIED., .F., .F.,
 ( 4, 4 ),
 ( 0.000000000000000000, 1.000000000000000000 ),
 .UNSPECIFIED. ) ;
#1873 = CARTESIAN_POINT ( 'NONE',  ( -38.75000000000000000, -33.35322323254529664, 16.66666666666665009 ) ) ;
#1874 = CARTESIAN_POINT ( 'NONE',  ( -38.25000000000000711, 24.75118510827007157, -21.71028875486635101 ) ) ;
#1875 = CARTESIAN_POINT ( 'NONE',  ( -43.25000000000000711, -18.53488413276138047, 70.43618893798416991 ) ) ;
#1876 = DIRECTION ( 'NONE',  ( -1.000000000000000000, 0.000000000000000000, 0.000000000000000000 ) ) ;
#1877 = EDGE_LOOP ( 'NONE', ( #26, #1149, #2090, #1710 ) ) ;
#1878 = CARTESIAN_POINT ( 'NONE',  ( -38.75000000000000000, 33.35322323254529664, 50.00000000000000000 ) ) ;
#1879 = CARTESIAN_POINT ( 'NONE',  ( -43.25000000000000000, 22.85702706628955028, 52.22100004334069467 ) ) ;
#1880 = CARTESIAN_POINT ( 'NONE',  ( -43.25000000000000000, -9.452662826796982998, -27.85624035068876836 ) ) ;
#1881 = CARTESIAN_POINT ( 'NONE',  ( -38.25000000000000000, 14.13851673022521993, 66.77100004334070604 ) ) ;
#1882 = ADVANCED_FACE ( 'NONE', ( #353 ), #1438, .F. ) ;
#1883 = CARTESIAN_POINT ( 'NONE',  ( -38.25000000000000711, 21.13485546573129170, 58.23948426416686885 ) ) ;
#1884 = CARTESIAN_POINT ( 'NONE',  ( -38.25000000000001421, -0.9817477042468109039, -7.500000000000000888 ) ) ;
#1885 = ORIENTED_EDGE ( 'NONE', *, *, #2097, .T. ) ;
#1886 = ADVANCED_FACE ( 'NONE', ( #835 ), #7, .T. ) ;
#1887 = CARTESIAN_POINT ( 'NONE',  ( -38.91666666666667140, 1.399488818983411852E-13, -33.35322323254529664 ) ) ;
#1888 = CARTESIAN_POINT ( 'NONE',  ( -43.25000000000000000, 23.47054644890839015, 52.25137974290978349 ) ) ;
#1889 = CARTESIAN_POINT ( 'NONE',  ( -43.24999999999999289, -7.616509884159138544, -28.41330501966788802 ) ) ;
#1890 = CARTESIAN_POINT ( 'NONE',  ( -38.25000000000000000, -32.85322323254529664, 50.00000000000000000 ) ) ;
#1891 = B_SPLINE_CURVE_WITH_KNOTS ( 'NONE', 3,
 ( #1623, #157, #1268, #2091, #615, #1135, #988, #1442, #638, #814, #289, #803, #458, #1300, #1613, #1465, #1962, #1915, #469, #113, #479, #2125, #628, #769, #448, #1124, #1116, #1104, #1602, #648, #1768, #1147, #1421, #942 ),
 .UNSPECIFIED., .F., .F.,
 ( 4, 2, 2, 2, 2, 2, 2, 2, 2, 2, 2, 2, 2, 2, 2, 2, 4 ),
 ( 0.000000000000000000, 0.06250000000000000000, 0.1250000000000000000, 0.1875000000000000000, 0.2500000000000000000, 0.3125000000000000000, 0.3750000000000000000, 0.4375000000000000000, 0.5000000000000000000, 0.5625000000000000000, 0.6250000000000000000, 0.6875000000000000000, 0.7500000000000000000, 0.8125000000000000000, 0.8750000000000000000, 0.9375000000000000000, 1.000000000000000000 ),
 .UNSPECIFIED. ) ;
#1892 = CARTESIAN_POINT ( 'NONE',  ( -43.25000000000000000, -18.62408101767221780, 70.14139289592213800 ) ) ;
#1893 = CARTESIAN_POINT ( 'NONE',  ( -38.75000000000001421, -33.13822542452609810, -4.365872733633644032 ) ) ;
#1894 = ORIENTED_EDGE ( 'NONE', *, *, #263, .F. ) ;
#1895 = CARTESIAN_POINT ( 'NONE',  ( -43.25000000000000000, 15.65365094679322233, 64.46142302209837283 ) ) ;
#1896 = CARTESIAN_POINT ( 'NONE',  ( -33.25000000000000000, 1.419982272649080945, 5.283801770925616204 ) ) ;
#1897 = ADVANCED_FACE ( 'NONE', ( #1663 ), #1656, .F. ) ;
#1898 = B_SPLINE_CURVE_WITH_KNOTS ( 'NONE', 3,
 ( #717, #889, #1548, #1371, #1865, #2029, #1538, #900, #1846, #1071, #2049, #729, #1560, #221, #555, #882, #84, #737 ),
 .UNSPECIFIED., .F., .F.,
 ( 4, 2, 2, 2, 2, 2, 2, 2, 4 ),
 ( 0.000000000000000000, 0.1250000000000000000, 0.2500000000000000000, 0.3750000000000000000, 0.5000000000000000000, 0.6250000000000000000, 0.7500000000000000000, 0.8750000000000000000, 1.000000000000000000 ),
 .UNSPECIFIED. ) ;
#1899 = CARTESIAN_POINT ( 'NONE',  ( -36.08333333333334281, -8.619288933579666862E-15, -5.924999999999999822 ) ) ;
#1900 = CARTESIAN_POINT ( 'NONE',  ( -40.69999999999999574, 24.17830251423560739, 55.20171633218460272 ) ) ;
#1901 = CARTESIAN_POINT ( 'NONE',  ( -41.55000000000000426, -22.79368571587786363, 53.92100004334069752 ) ) ;
#1902 = CARTESIAN_POINT ( 'NONE',  ( -38.25000000000001421, -14.36010544665529665, 71.07100004334070320 ) ) ;
#1903 = FACE_OUTER_BOUND ( 'NONE', #257, .T. ) ;
#1904 = VERTEX_POINT ( 'NONE', #1008 ) ;
#1905 = CARTESIAN_POINT ( 'NONE',  ( -39.25000000000000000, -33.35322323254529664, 4.100547244045634149E-15 ) ) ;
#1906 = CARTESIAN_POINT ( 'NONE',  ( -39.24999999999998579, 33.35322323254528953, -2.182963355852233445 ) ) ;
#1907 = ORIENTED_EDGE ( 'NONE', *, *, #455, .T. ) ;
#1908 = PRODUCT_DEFINITION ( 'General', '', #1858, #822 ) ;
#1909 = CARTESIAN_POINT ( 'NONE',  ( -38.25000000000000000, -24.94375416093965114, 56.63554864911042586 ) ) ;
#1910 = CARTESIAN_POINT ( 'NONE',  ( -41.55000000000000426, 14.13851673022522526, 71.92100004334071173 ) ) ;
#1911 = CARTESIAN_POINT ( 'NONE',  ( -38.25000000000001421, -31.17528114527835470, -10.58582295319444988 ) ) ;
#1912 = CARTESIAN_POINT ( 'NONE',  ( -38.75000000000001421, -14.78052111176344319, 79.97897637808384275 ) ) ;
#1913 = CARTESIAN_POINT ( 'NONE',  ( -39.25000000000000000, -33.35322323254529664, 50.00000000000000000 ) ) ;
#1914 = ORIENTED_EDGE ( 'NONE', *, *, #1354, .T. ) ;
#1915 = CARTESIAN_POINT ( 'NONE',  ( -43.24999999999999289, -9.375104055118745450, 69.22780468861505199 ) ) ;
#1916 = CARTESIAN_POINT ( 'NONE',  ( -33.25000000000000000, 5.424999999999999822, -0.7101308394051992767 ) ) ;
#1917 = ORIENTED_EDGE ( 'NONE', *, *, #713, .F. ) ;
#1918 = CONICAL_SURFACE ( 'NONE', #726, 4.699999999999995737, 0.7853981633974490562 ) ;
#1919 = CARTESIAN_POINT ( 'NONE',  ( -43.25000000000000000, -18.56892686321616992, 54.83896467376513328 ) ) ;
#1920 = CARTESIAN_POINT ( 'NONE',  ( -42.39999999999999147, 14.13851673022522704, 72.77100004334069183 ) ) ;
#1921 = FACE_OUTER_BOUND ( 'NONE', #877, .T. ) ;
#1922 = CARTESIAN_POINT ( 'NONE',  ( -33.75000000000000000, 5.296307347064899472E-31, -5.924999999999999822 ) ) ;
#1923 = B_SPLINE_CURVE_WITH_KNOTS ( 'NONE', 3,
 ( #196, #526, #208, #1010 ),
 .UNSPECIFIED., .F., .F.,
 ( 4, 4 ),
 ( 0.000000000000000000, 1.000000000000000000 ),
 .UNSPECIFIED. ) ;
#1924 = EDGE_CURVE ( 'NONE', #67, #103, #1542, .T. ) ;
#1925 = FACE_OUTER_BOUND ( 'NONE', #1877, .T. ) ;
#1926 = FACE_OUTER_BOUND ( 'NONE', #640, .T. ) ;
#1927 = CARTESIAN_POINT ( 'NONE',  ( -40.70000000000000284, 14.13851673022521993, 66.77100004334070604 ) ) ;
#1928 = ORIENTED_EDGE ( 'NONE', *, *, #808, .F. ) ;
#1929 = CARTESIAN_POINT ( 'NONE',  ( -38.25000000000000711, -12.35300377926338733, 67.60251582250502622 ) ) ;
#1930 = CARTESIAN_POINT ( 'NONE',  ( -43.25000000000000000, 26.93653715157754291, 59.27461400506926026 ) ) ;
#1931 = VERTEX_POINT ( 'NONE', #823 ) ;
#1932 = DIRECTION ( 'NONE',  ( -1.000000000000000000, 0.000000000000000000, 0.000000000000000000 ) ) ;
#1933 = CARTESIAN_POINT ( 'NONE',  ( -38.75000000000000000, 0.000000000000000000, 50.00000000000000000 ) ) ;
#1934 = CARTESIAN_POINT ( 'NONE',  ( -38.24999999999999289, 4.609100399811834947, -5.997501317986370317 ) ) ;
#1935 = CARTESIAN_POINT ( 'NONE',  ( -41.91666666666666430, -30.68655656587863234, 50.00000000000000711 ) ) ;
#1936 = CARTESIAN_POINT ( 'NONE',  ( -37.25000000000000000, -5.902473160352840194E-15, -5.924999999999999822 ) ) ;
#1937 = CARTESIAN_POINT ( 'NONE',  ( -43.24999999999999289, 25.47686746847216099, -14.70551546142367805 ) ) ;
#1938 = ORIENTED_EDGE ( 'NONE', *, *, #1952, .F. ) ;
#1939 = ADVANCED_FACE ( 'NONE', ( #1341 ), #206, .F. ) ;
#1940 = CARTESIAN_POINT ( 'NONE',  ( -26.04460618851063813, 41.39583067425591878, 10.39539150024230274 ) ) ;
#1941 = CARTESIAN_POINT ( 'NONE',  ( -43.24999999999999289, 26.93655472095098347, 54.56734919597376177 ) ) ;
#1942 = VERTEX_POINT ( 'NONE', #1969 ) ;
#1943 = CARTESIAN_POINT ( 'NONE',  ( -43.25000000000000000, 33.35322323254529664, 0.000000000000000000 ) ) ;
#1944 = FACE_BOUND ( 'NONE', #1552, .T. ) ;
#1945 = CARTESIAN_POINT ( 'NONE',  ( -38.25000000000000711, -2.150238432377286291, -32.85322323254529664 ) ) ;
#1946 = CARTESIAN_POINT ( 'NONE',  ( -38.75000000000000711, 28.94498105048875658, 66.71499030809889064 ) ) ;
#1947 = PLANE ( 'NONE',  #1003 ) ;
#1948 = EDGE_LOOP ( 'NONE', ( #1367, #1115, #940, #37 ) ) ;
#1949 = CARTESIAN_POINT ( 'NONE',  ( -38.25000000000000000, 32.85322323254529664, 50.00000000000000000 ) ) ;
#1950 = CARTESIAN_POINT ( 'NONE',  ( -38.25000000000000000, -20.64361727081875131, 57.20645143755542961 ) ) ;
#1951 = B_SPLINE_CURVE_WITH_KNOTS ( 'NONE', 3,
 ( #775, #1935, #100, #1273 ),
 .UNSPECIFIED., .F., .F.,
 ( 4, 4 ),
 ( 0.000000000000000000, 1.000000000000000000 ),
 .UNSPECIFIED. ) ;
#1952 = EDGE_CURVE ( 'NONE', #450, #147, #1615, .T. ) ;
#1953 = CARTESIAN_POINT ( 'NONE',  ( -43.25000000000000000, -18.24478007802219182, 55.70060719074662359 ) ) ;
#1954 = CARTESIAN_POINT ( 'NONE',  ( -43.25000000000000000, -22.79368571587784942, 52.22100004334069467 ) ) ;
#1955 = AXIS2_PLACEMENT_3D ( 'NONE', #488, #165, #1132 ) ;
#1956 = CARTESIAN_POINT ( 'NONE',  ( -40.70000000000000284, 23.13846140817362951, 54.77100004334069894 ) ) ;
#1957 = AXIS2_PLACEMENT_3D ( 'NONE', #98, #569, #1720 ) ;
#1958 = CARTESIAN_POINT ( 'NONE',  ( -38.25000000000000711, 24.75118510827010709, 71.71028875486632614 ) ) ;
#1959 = CARTESIAN_POINT ( 'NONE',  ( -34.91666666666666430, 0.000000000000000000, 5.924999999999999822 ) ) ;
#1960 = ORIENTED_EDGE ( 'NONE', *, *, #152, .T. ) ;
#1961 = CARTESIAN_POINT ( 'NONE',  ( -43.25000000000000000, -25.14729967757173412, 61.00051012865083777 ) ) ;
#1962 = CARTESIAN_POINT ( 'NONE',  ( -43.25000000000000000, -9.375246704508214179, 68.61419539806637147 ) ) ;
#1963 = CARTESIAN_POINT ( 'NONE',  ( -43.25000000000000000, 27.08178591895373444, 54.83896467377521589 ) ) ;
#1964 = ORIENTED_EDGE ( 'NONE', *, *, #1027, .F. ) ;
#1965 = CARTESIAN_POINT ( 'NONE',  ( -40.70000000000000284, -22.79368571587784942, 54.77100004334069894 ) ) ;
#1966 = CARTESIAN_POINT ( 'NONE',  ( -40.70000000000000284, -14.07517537981347999, 66.77100004334070604 ) ) ;
#1967 = CARTESIAN_POINT ( 'NONE',  ( -33.74999999999999289, -3.641189315851372399, 4.738026041209216110 ) ) ;
#1968 = CARTESIAN_POINT ( 'NONE',  ( -38.75000000000000711, 16.71499030809896169, 78.94498105048873526 ) ) ;
#1969 = CARTESIAN_POINT ( 'NONE',  ( -40.70000000000000284, 14.13851673022521993, 66.77100004334070604 ) ) ;
#1970 = ORIENTED_EDGE ( 'NONE', *, *, #955, .T. ) ;
#1971 = CARTESIAN_POINT ( 'NONE',  ( -43.25000000000000000, -24.01382456280335376, 52.37198993004354008 ) ) ;
#1972 = B_SPLINE_CURVE_WITH_KNOTS ( 'NONE', 3,
 ( #800, #286, #1610, #1111, #1092, #444, #1753, #131, #2112, #1418, #2081, #2120, #938, #295, #1588, #1743, #317, #1439 ),
 .UNSPECIFIED., .F., .F.,
 ( 4, 2, 2, 2, 2, 2, 2, 2, 4 ),
 ( 0.000000000000000000, 0.1250000000000000833, 0.2500000000000001110, 0.3750000000000001110, 0.5000000000000001110, 0.6250000000000002220, 0.7500000000000001110, 0.8750000000000001110, 1.000000000000000000 ),
 .UNSPECIFIED. ) ;
#1973 = FILL_AREA_STYLE_COLOUR ( '', #1 ) ;
#1974 = CARTESIAN_POINT ( 'NONE',  ( -43.25000000000000000, 27.31660402838870283, 58.43613434842400522 ) ) ;
#1975 = ORIENTED_EDGE ( 'NONE', *, *, #263, .T. ) ;
#1976 = DIRECTION ( 'NONE',  ( 0.000000000000000000, 0.000000000000000000, -1.000000000000000000 ) ) ;
#1977 = B_SPLINE_CURVE_WITH_KNOTS ( 'NONE', 3,
 ( #1965, #29, #349, #1649 ),
 .UNSPECIFIED., .F., .F.,
 ( 4, 4 ),
 ( 0.000000000000000000, 1.000000000000000000 ),
 .UNSPECIFIED. ) ;
#1978 = CARTESIAN_POINT ( 'NONE',  ( -37.24999999999999289, 0.7734187908125866873, 5.886825484801616604 ) ) ;
#1979 = CARTESIAN_POINT ( 'NONE',  ( -33.75000000000000000, -5.537048590113300450E-31, 5.924999999999999822 ) ) ;
#1980 = CARTESIAN_POINT ( 'NONE',  ( -38.75000000000000000, 25.12787851416631213, 72.04070213015663171 ) ) ;
#1981 = EDGE_CURVE ( 'NONE', #1868, #781, #305, .T. ) ;
#1982 = CARTESIAN_POINT ( 'NONE',  ( -43.25000000000000000, 11.78490276852466501, 73.00051012865016276 ) ) ;
#1983 = CARTESIAN_POINT ( 'NONE',  ( -38.25000000000000711, 13.57944385632672102, 66.82535829516513104 ) ) ;
#1984 = ORIENTED_EDGE ( 'NONE', *, *, #826, .T. ) ;
#1985 = CARTESIAN_POINT ( 'NONE',  ( -43.24999999999999289, -25.90019437644526334, 53.38060409240843995 ) ) ;
#1986 = CARTESIAN_POINT ( 'NONE',  ( -38.25000000000000000, -15.95234209106681433, 67.83448177225821496 ) ) ;
#1987 = CARTESIAN_POINT ( 'NONE',  ( -43.24999999999999289, 1.926999956183149010, 79.35325869685583200 ) ) ;
#1988 = VERTEX_POINT ( 'NONE', #99 ) ;
#1989 = CARTESIAN_POINT ( 'NONE',  ( -39.24999999999999289, 20.34512569842111063, 76.51940212992062129 ) ) ;
#1990 = CARTESIAN_POINT ( 'NONE',  ( -38.25000000000000000, 15.45690428879113121, 67.19892510507773409 ) ) ;
#1991 = CARTESIAN_POINT ( 'NONE',  ( -39.25000000000000000, 33.35322323254529664, 5.506561146493399558E-15 ) ) ;
#1992 = CARTESIAN_POINT ( 'NONE',  ( -37.25000000000000711, 5.734692134397430863, 1.538244791286309532 ) ) ;
#1993 = CARTESIAN_POINT ( 'NONE',  ( -26.04972745223947683, 41.38725377494444757, 10.41666666666605856 ) ) ;
#1994 = CARTESIAN_POINT ( 'NONE',  ( -38.75000000000000711, 20.34512569842111063, 76.51940212992062129 ) ) ;
#1995 = CONICAL_SURFACE ( 'NONE', #2030, 33.35322323254529664, 0.7853981633974547183 ) ;
#1996 = CARTESIAN_POINT ( 'NONE',  ( -38.25000000000000000, -22.79368571587784942, 54.77100004334069894 ) ) ;
#1997 = CARTESIAN_POINT ( 'NONE',  ( -43.25000000000000000, 21.34189284974616641, 61.38057706459935758 ) ) ;
#1998 = ORIENTED_EDGE ( 'NONE', *, *, #1285, .T. ) ;
#1999 = CARTESIAN_POINT ( 'NONE',  ( -43.25000000000000000, -25.90009350809508604, 60.46129512593184074 ) ) ;
#2000 = CARTESIAN_POINT ( 'NONE',  ( -40.70000000000000284, -16.22517537981348212, 68.63956570145661829 ) ) ;
#2001 = CARTESIAN_POINT ( 'NONE',  ( -43.25000000000000000, -22.11843285656860303, 69.39324338406451886 ) ) ;
#2002 = ORIENTED_EDGE ( 'NONE', *, *, #455, .F. ) ;
#2003 = DIRECTION ( 'NONE',  ( -1.000000000000000000, 0.000000000000000000, 0.000000000000000000 ) ) ;
#2004 = CARTESIAN_POINT ( 'NONE',  ( -38.25000000000000000, -14.07517537981347999, 71.07100004334070320 ) ) ;
#2005 = B_SPLINE_CURVE_WITH_KNOTS ( 'NONE', 3,
 ( #574, #231, #403, #1234 ),
 .UNSPECIFIED., .F., .F.,
 ( 4, 4 ),
 ( 0.000000000000000000, 1.000000000000000000 ),
 .UNSPECIFIED. ) ;
#2006 = CARTESIAN_POINT ( 'NONE',  ( -40.69999999999999574, -24.11496116382391719, 58.64028375449677810 ) ) ;
#2007 = CARTESIAN_POINT ( 'NONE',  ( -37.25000000000000000, 1.538258719265985119, 5.734762154675563828 ) ) ;
#2008 = CARTESIAN_POINT ( 'NONE',  ( -38.75000000000000000, 33.35322323254529664, 50.00000000000000000 ) ) ;
#2009 = CARTESIAN_POINT ( 'NONE',  ( -38.25000000000000711, 32.64144846846580350, 54.30042369587206252 ) ) ;
#2010 = B_SPLINE_CURVE_WITH_KNOTS ( 'NONE', 3,
 ( #785, #128, #971, #315 ),
 .UNSPECIFIED., .F., .F.,
 ( 4, 4 ),
 ( 0.000000000000000000, 1.000000000000000000 ),
 .UNSPECIFIED. ) ;
#2011 = CARTESIAN_POINT ( 'NONE',  ( -38.25000000000000000, 12.26135001897142907, 67.83448177227268161 ) ) ;
#2012 = CARTESIAN_POINT ( 'NONE',  ( -38.25000000000001421, 26.12184831712982458, -20.04013080247700884 ) ) ;
#2013 = EDGE_CURVE ( 'NONE', #1279, #1347, #1054, .T. ) ;
#2014 = EDGE_CURVE ( 'NONE', #2114, #1931, #179, .T. ) ;
#2015 = CARTESIAN_POINT ( 'NONE',  ( -43.25000000000000711, -29.35322323254531085, 51.92717826474588350 ) ) ;
#2016 = ORIENTED_EDGE ( 'NONE', *, *, #1531, .F. ) ;
#2017 = EDGE_CURVE ( 'NONE', #1541, #275, #1763, .T. ) ;
#2018 = CARTESIAN_POINT ( 'NONE',  ( -33.74999999999999289, 5.770788109259763488, 1.550856214828755908 ) ) ;
#2019 = CARTESIAN_POINT ( 'NONE',  ( -41.55000000000000426, -14.07517537981349243, 65.92100004334069752 ) ) ;
#2020 = CARTESIAN_POINT ( 'NONE',  ( -37.25000000000000000, 5.142802379647515743, 2.967376036521416793 ) ) ;
#2021 = CARTESIAN_POINT ( 'NONE',  ( -38.25000000000000000, 24.73406740032436701, 55.83453438310553452 ) ) ;
#2022 = CARTESIAN_POINT ( 'NONE',  ( -40.69999999999999574, -21.71090490808040840, 58.79964077830233293 ) ) ;
#2023 = CARTESIAN_POINT ( 'NONE',  ( -43.24999999999999289, 25.47692644342752288, 64.70555486718905058 ) ) ;
#2024 = ORIENTED_EDGE ( 'NONE', *, *, #261, .F. ) ;
#2025 = CARTESIAN_POINT ( 'NONE',  ( -39.24999999999999289, -8.647909387792507729, 82.28647537644087606 ) ) ;
#2026 = DIRECTION ( 'NONE',  ( -1.000000000000000000, 0.000000000000000000, 0.000000000000000000 ) ) ;
#2027 = CARTESIAN_POINT ( 'NONE',  ( -38.75000000000000000, 8.647909387792521940, -32.28647537644088317 ) ) ;
#2028 = CARTESIAN_POINT ( 'NONE',  ( -38.75000000000000000, -33.35322323254529664, 33.33333333333332860 ) ) ;
#2029 = CARTESIAN_POINT ( 'NONE',  ( -40.69999999999999574, 15.85780044138131473, 70.24227549128674752 ) ) ;
#2030 = AXIS2_PLACEMENT_3D ( 'NONE', #965, #134, #1291 ) ;
#2031 = CARTESIAN_POINT ( 'NONE',  ( -38.25000000000000000, 21.53854370373466764, 55.19882745103119959 ) ) ;
#2032 = CARTESIAN_POINT ( 'NONE',  ( -43.25000000000000000, 14.13851673022521993, 73.62100004334071457 ) ) ;
#2033 = AXIS2_PLACEMENT_3D ( 'NONE', #95, #750, #2051 ) ;
#2034 = ORIENTED_EDGE ( 'NONE', *, *, #419, .F. ) ;
#2035 = CARTESIAN_POINT ( 'NONE',  ( -43.25000000000000711, 18.21802681550197178, 71.27461400507820599 ) ) ;
#2036 = CARTESIAN_POINT ( 'NONE',  ( -39.25000000000000000, -20.34512569842100405, -26.51940212992068169 ) ) ;
#2037 = CARTESIAN_POINT ( 'NONE',  ( -38.25000000000000000, -24.88920099442390210, 56.36197955525013015 ) ) ;
#2038 = CARTESIAN_POINT ( 'NONE',  ( -43.25000000000000000, 18.15709839098428446, 57.22780468860430148 ) ) ;
#2039 = CARTESIAN_POINT ( 'NONE',  ( -40.70000000000000284, -21.47241026793177809, 58.64028375449679231 ) ) ;
#2040 = CARTESIAN_POINT ( 'NONE',  ( -38.25000000000000000, -15.95221571383558334, 70.00746570359221721 ) ) ;
#2041 = FACE_OUTER_BOUND ( 'NONE', #1625, .T. ) ;
#2042 = ORIENTED_EDGE ( 'NONE', *, *, #917, .T. ) ;
#2043 = CARTESIAN_POINT ( 'NONE',  ( -39.24999999999999289, -33.35322323254529664, 16.66666666666667140 ) ) ;
#2044 = CARTESIAN_POINT ( 'NONE',  ( -43.25000000000000000, -14.07517537981347999, 68.92100004334069752 ) ) ;
#2045 = EDGE_CURVE ( 'NONE', #1798, #2104, #408, .T. ) ;
#2046 = DIRECTION ( 'NONE',  ( 0.7071067811865470176, 0.7071067811865480168, 0.000000000000000000 ) ) ;
#2047 = CARTESIAN_POINT ( 'NONE',  ( -40.70000000000000284, 22.85702706628955028, 59.07100004334069610 ) ) ;
#2048 = ADVANCED_FACE ( 'NONE', ( #1070 ), #1391, .F. ) ;
#2049 = CARTESIAN_POINT ( 'NONE',  ( -40.70000000000000284, 16.23255798506209047, 68.35824209196823631 ) ) ;
#2050 = CARTESIAN_POINT ( 'NONE',  ( -38.25000000000000000, -15.39356293836771883, 70.64307498160098930 ) ) ;
#2051 = DIRECTION ( 'NONE',  ( 0.000000000000000000, 0.000000000000000000, -1.000000000000000000 ) ) ;
#2052 = ORIENTED_EDGE ( 'NONE', *, *, #1924, .F. ) ;
#2053 = CARTESIAN_POINT ( 'NONE',  ( -43.25000000000000000, 15.35865557718500973, 73.47001015663786916 ) ) ;
#2054 = CARTESIAN_POINT ( 'NONE',  ( -33.25000000000000711, 5.283801770925611763, 1.419982272649096933 ) ) ;
#2055 = CARTESIAN_POINT ( 'NONE',  ( -43.25000000000000000, 29.35322323254530019, 4.624426268851949394E-15 ) ) ;
#2056 = CARTESIAN_POINT ( 'NONE',  ( -38.25000000000000000, 1.115398251202199821E-15, -7.500000000000000000 ) ) ;
#2057 = B_SPLINE_CURVE_WITH_KNOTS ( 'NONE', 3,
 ( #1417, #265, #1774, #1890 ),
 .UNSPECIFIED., .F., .F.,
 ( 4, 4 ),
 ( 0.000000000000000000, 1.000000000000000000 ),
 .UNSPECIFIED. ) ;
#2058 = DIRECTION ( 'NONE',  ( 0.000000000000000000, 0.000000000000000000, -1.000000000000000000 ) ) ;
#2059 = EDGE_CURVE ( 'NONE', #1504, #1777, #845, .T. ) ;
#2060 = CARTESIAN_POINT ( 'NONE',  ( -43.25000000000000711, -15.59030959631476954, 73.38057706462299734 ) ) ;
#2061 = CARTESIAN_POINT ( 'NONE',  ( -38.25000000000000000, -7.304795075012364691, 1.963109132694610182 ) ) ;
#2062 = ADVANCED_FACE ( 'NONE', ( #1921 ), #3, .T. ) ;
#2063 = ORIENTED_EDGE ( 'NONE', *, *, #1379, .F. ) ;
#2064 = CARTESIAN_POINT ( 'NONE',  ( -39.25000000000000000, -33.35322323254529664, 50.00000000000000000 ) ) ;
#2065 = CONICAL_SURFACE ( 'NONE', #1134, 29.35322323254530019, 0.7853981633974476129 ) ;
#2066 = CARTESIAN_POINT ( 'NONE',  ( -41.91666666666666430, -30.68655656587863234, 5.637028991288618683E-15 ) ) ;
#2067 = CARTESIAN_POINT ( 'NONE',  ( -43.25000000000000000, 29.35322323254530019, 33.33333333333334281 ) ) ;
#2068 = CARTESIAN_POINT ( 'NONE',  ( -38.75000000000000000, -33.13822542452609099, 54.36587273363363693 ) ) ;
#2069 = CARTESIAN_POINT ( 'NONE',  ( -38.25000000000000000, 22.85702706628955028, 59.07100004334069610 ) ) ;
#2070 = CARTESIAN_POINT ( 'NONE',  ( -38.25000000000000000, 1.115398251202199821E-15, -7.500000000000000000 ) ) ;
#2071 = ORIENTED_EDGE ( 'NONE', *, *, #313, .T. ) ;
#2072 = EDGE_CURVE ( 'NONE', #1988, #1279, #1122, .T. ) ;
#2073 = CARTESIAN_POINT ( 'NONE',  ( -38.58333333333333570, 33.18655656587862524, 50.00000000000000711 ) ) ;
#2074 = CARTESIAN_POINT ( 'NONE',  ( -33.25000000000000000, -5.420999461024699975E-15, 5.424999999999999822 ) ) ;
#2075 = ORIENTED_EDGE ( 'NONE', *, *, #713, .T. ) ;
#2076 = B_SPLINE_CURVE_WITH_KNOTS ( 'NONE', 3,
 ( #1405, #1075, #436, #932, #1895, #596, #1058, #1249, #269, #417, #1592, #1387, #1718, #1728, #1237, #926, #1220, #249, #397, #1227, #578, #1711, #2035, #1260, #1574, #97, #752, #722, #559, #1746, #2053, #893, #277, #241 ),
 .UNSPECIFIED., .F., .F.,
 ( 4, 2, 2, 2, 2, 2, 2, 2, 2, 2, 2, 2, 2, 2, 2, 2, 4 ),
 ( 0.000000000000000000, 0.06249999999999950040, 0.1249999999999990008, 0.1874999999999991673, 0.2499999999999993339, 0.3124999999999995004, 0.3749999999999996669, 0.4374999999999998335, 0.5000000000000000000, 0.5625000000000001110, 0.6250000000000003331, 0.6875000000000004441, 0.7500000000000006661, 0.8125000000000007772, 0.8750000000000009992, 0.9375000000000004441, 1.000000000000000000 ),
 .UNSPECIFIED. ) ;
#2077 = CARTESIAN_POINT ( 'NONE',  ( -40.70000000000000284, 14.13851673022521993, 71.07100004334070320 ) ) ;
#2078 = CARTESIAN_POINT ( 'NONE',  ( -43.25000000000000000, -22.79368571587784942, 56.92100004334069752 ) ) ;
#2079 = CARTESIAN_POINT ( 'NONE',  ( -43.25000000000000000, 0.000000000000000000, 0.000000000000000000 ) ) ;
#2080 = B_SPLINE_CURVE_WITH_KNOTS ( 'NONE', 3,
 ( #2047, #571, #92, #746, #765, #392, #1723, #1231, #253, #421, #910, #1080, #1254, #1900, #1741, #271, #1956, #1295 ),
 .UNSPECIFIED., .F., .F.,
 ( 4, 2, 2, 2, 2, 2, 2, 2, 4 ),
 ( 0.000000000000000000, 0.1250000000000000000, 0.2500000000000000000, 0.3750000000000000000, 0.5000000000000000000, 0.6250000000000000000, 0.7500000000000000000, 0.8750000000000000000, 1.000000000000000000 ),
 .UNSPECIFIED. ) ;
#2081 = CARTESIAN_POINT ( 'NONE',  ( -33.25000000000000000, -5.283801770925612651, 1.419982272649083832 ) ) ;
#2082 = CARTESIAN_POINT ( 'NONE',  ( -40.70000000000000284, 22.85702706628955028, 54.77100004334069894 ) ) ;
#2083 = ORIENTED_EDGE ( 'NONE', *, *, #1390, .F. ) ;
#2084 = CARTESIAN_POINT ( 'NONE',  ( -38.25000000000000000, -14.07517537981347999, 66.77100004334070604 ) ) ;
#2085 = CARTESIAN_POINT ( 'NONE',  ( -39.25000000000000000, 33.13822542452609099, -4.365872733633663572 ) ) ;
#2086 = CARTESIAN_POINT ( 'NONE',  ( -40.69999999999999574, -23.87646652367528333, 55.04235930837902657 ) ) ;
#2087 = CARTESIAN_POINT ( 'NONE',  ( -38.24999999999999289, 7.304795075012355809, -1.963109132694628167 ) ) ;
#2088 = CARTESIAN_POINT ( 'NONE',  ( -40.70000000000000284, 12.41923301906913579, 70.24227549128679016 ) ) ;
#2089 = CARTESIAN_POINT ( 'NONE',  ( -43.24999999999999289, 14.70555486739091933, -25.47692644333134382 ) ) ;
#2090 = ORIENTED_EDGE ( 'NONE', *, *, #907, .T. ) ;
#2091 = CARTESIAN_POINT ( 'NONE',  ( -43.24999999999999289, -12.85475116727718436, 64.37206484672140050 ) ) ;
#2092 = CARTESIAN_POINT ( 'NONE',  ( -37.25000000000000000, -0.7734187908116731958, -5.886825484801485153 ) ) ;
#2093 = ORIENTED_EDGE ( 'NONE', *, *, #494, .T. ) ;
#2094 = CLOSED_SHELL ( 'NONE', ( #15, #573, #1566, #1882, #1590, #679, #1356, #799, #1897, #1051, #744, #2048, #1114, #168, #1730, #872, #1464, #607, #81, #1939, #1514, #1792, #810, #1248, #429, #123, #1886, #328, #1629, #2062, #664, #998, #1684, #1752, #1642, #1780, #598, #1739, #906, #1626, #561 ) ) ;
#2095 = FACE_OUTER_BOUND ( 'NONE', #330, .T. ) ;
#2096 =( GEOMETRIC_REPRESENTATION_CONTEXT ( 3 ) GLOBAL_UNCERTAINTY_ASSIGNED_CONTEXT ( ( #1641 ) ) GLOBAL_UNIT_ASSIGNED_CONTEXT ( ( #681, #1546, #908 ) ) REPRESENTATION_CONTEXT ( 'NONE', 'WORKASPACE' ) );
#2097 = EDGE_CURVE ( 'NONE', #308, #529, #1515, .T. ) ;
#2098 = DIRECTION ( 'NONE',  ( 0.000000000000000000, 0.000000000000000000, -1.000000000000000000 ) ) ;
#2099 = CARTESIAN_POINT ( 'NONE',  ( -38.75000000000000000, 0.000000000000000000, -33.35322323254529664 ) ) ;
#2100 = CARTESIAN_POINT ( 'NONE',  ( -33.75000000000000000, -0.7755806863549684627, -5.925000000000002487 ) ) ;
#2101 = CARTESIAN_POINT ( 'NONE',  ( -40.69999999999999574, 12.25987599526356497, 70.00378085113815985 ) ) ;
#2102 = CARTESIAN_POINT ( 'NONE',  ( -38.25000000000001421, -32.64144846846581061, 54.30042369587199858 ) ) ;
#2103 = CARTESIAN_POINT ( 'NONE',  ( -43.25000000000000000, 29.16511353805268314, -3.836549661213869200 ) ) ;
#2104 = VERTEX_POINT ( 'NONE', #1325 ) ;
#2105 = CARTESIAN_POINT ( 'NONE',  ( -38.25000000000000000, -24.67072604990806539, 58.00746570358047194 ) ) ;
#2106 = B_SPLINE_CURVE_WITH_KNOTS ( 'NONE', 3,
 ( #2074, #1269, #1896, #933, #1593, #1555, #1565, #2054, #114, #1916, #1729, #1712, #242, #1228, #894, #1238, #79, #1076 ),
 .UNSPECIFIED., .F., .F.,
 ( 4, 2, 2, 2, 2, 2, 2, 2, 4 ),
 ( 0.000000000000000000, 0.1249999999999998890, 0.2499999999999997780, 0.3749999999999997780, 0.4999999999999997780, 0.6249999999999998890, 0.7499999999999998890, 0.8750000000000000000, 1.000000000000000000 ),
 .UNSPECIFIED. ) ;
#2107 = CARTESIAN_POINT ( 'NONE',  ( -38.91666666666667140, -33.35322323254529664, 50.00000000000000711 ) ) ;
#2108 = CARTESIAN_POINT ( 'NONE',  ( -43.24999999999999289, 26.59268455618365934, 59.78928896092114087 ) ) ;
#2109 = VERTEX_POINT ( 'NONE', #1163 ) ;
#2110 = CARTESIAN_POINT ( 'NONE',  ( -40.70000000000000284, 21.53575161834348606, 55.20171633218461693 ) ) ;
#2111 = CARTESIAN_POINT ( 'NONE',  ( -38.25000000000000711, -21.71028875486627641, -24.75118510827014262 ) ) ;
#2112 = CARTESIAN_POINT ( 'NONE',  ( -33.25000000000000000, -5.424999999999999822, -0.7101308394052006090 ) ) ;
#2113 = CARTESIAN_POINT ( 'NONE',  ( -39.06666666666666288, 14.13851673022521105, 66.77100004334070604 ) ) ;
#2114 = VERTEX_POINT ( 'NONE', #1177 ) ;
#2115 = CARTESIAN_POINT ( 'NONE',  ( -33.58333333333333570, 1.555961778310880399E-15, 5.758333333333339077 ) ) ;
#2116 = CARTESIAN_POINT ( 'NONE',  ( -26.04887703352175166, 41.40261884281704852, 10.35263071333493912 ) ) ;
#2117 = CARTESIAN_POINT ( 'NONE',  ( -40.70000000000000284, -24.11496116382392074, 55.20171633218461693 ) ) ;
#2118 = FACE_OUTER_BOUND ( 'NONE', #1126, .T. ) ;
#2119 = CARTESIAN_POINT ( 'NONE',  ( -38.25000000000000000, -22.79368571587784942, 54.77100004334069894 ) ) ;
#2120 = CARTESIAN_POINT ( 'NONE',  ( -33.25000000000000711, -4.740291156821855090, 2.732132968512117621 ) ) ;
#2121 = CARTESIAN_POINT ( 'NONE',  ( -38.25000000000000000, -4.110715430466514888E-15, 7.500000000000000000 ) ) ;
#2122 = EDGE_LOOP ( 'NONE', ( #280, #646, #1975, #1573 ) ) ;
#2123 = CARTESIAN_POINT ( 'NONE',  ( -38.25000000000000000, -23.35287224255806748, 59.01644704164046118 ) ) ;
#2124 = EDGE_CURVE ( 'NONE', #2109, #450, #512, .T. ) ;
#2125 = CARTESIAN_POINT ( 'NONE',  ( -43.24999999999999289, -9.850284736303283495, 71.00309000248611824 ) ) ;
#2126 = CARTESIAN_POINT ( 'NONE',  ( -43.25000000000000000, -22.79368571587784942, 56.92100004334069752 ) ) ;
#2127 = ORIENTED_EDGE ( 'NONE', *, *, #1390, .T. ) ;
ENDSEC;
END-ISO-10303-21;
