ISO-10303-21;
HEADER;
FILE_DESCRIPTION (( 'STEP AP214' ),
    '1' );
FILE_NAME ('ASV1_400_01A_1_1.STEP.STEP',
    '2026-08-01T03:19:22',
    ( '' ),
    ( '' ),
    'SwSTEP 2.0',
    'SolidWorks 2025',
    '' );
FILE_SCHEMA (( 'AUTOMOTIVE_DESIGN' ));
ENDSEC;

DATA;
#1 = EDGE_CURVE ( 'NONE', #1466, #3645, #3655, .T. ) ;
#2 = CARTESIAN_POINT ( 'NONE',  ( 37.25000000000001421, 17.43439960838980340, -2.293031548922006113 ) ) ;
#3 = CARTESIAN_POINT ( 'NONE',  ( 41.70000000000000284, -11.25833024919761982, 4.900000000000130029 ) ) ;
#4 = B_SPLINE_CURVE_WITH_KNOTS ( 'NONE', 3,
 ( #3871, #1354, #2619, #1044, #2318, #1491, #3984, #3387, #2768, #1205, #1834, #1776, #807, #2389, #1424, #1137, #2173, #2084, #3342, #514, #475, #1759, #3037, #194, #155, #2688, #1876, #3123, #281, #4092 ),
 .UNSPECIFIED., .F., .F.,
 ( 4, 2, 2, 2, 2, 2, 2, 2, 2, 2, 2, 2, 2, 2, 4 ),
 ( 0.000000000000000000, 0.06250000000000001388, 0.1250000000000000278, 0.1875000000000000555, 0.2500000000000000555, 0.3125000000000000555, 0.3750000000000001110, 0.4375000000000001110, 0.5000000000000001110, 0.5625000000000001110, 0.6250000000000001110, 0.6875000000000001110, 0.7500000000000002220, 0.8750000000000001110, 1.000000000000000000 ),
 .UNSPECIFIED. ) ;
#5 = EDGE_LOOP ( 'NONE', ( #1618, #2151 ) ) ;
#6 = CARTESIAN_POINT ( 'NONE',  ( 34.25000000000000000, 2.186221322889190062E-15, -18.07499999972614901 ) ) ;
#7 = CARTESIAN_POINT ( 'NONE',  ( 38.25000000000000000, 22.85702706628955028, -54.77100004334069894 ) ) ;
#8 = CARTESIAN_POINT ( 'NONE',  ( 37.25000000000000000, -1.387801805835434665, 13.80347117588260275 ) ) ;
#9 = CARTESIAN_POINT ( 'NONE',  ( 38.25000000000000000, -22.51060907196618999, -59.05736179291564270 ) ) ;
#10 = VERTEX_POINT ( 'NONE', #3480 ) ;
#11 = FACE_BOUND ( 'NONE', #1569, .T. ) ;
#12 = CARTESIAN_POINT ( 'NONE',  ( 37.25000000000000000, -12.80736945752397382, 6.915319646456890901 ) ) ;
#13 = CARTESIAN_POINT ( 'NONE',  ( 37.25000000000000711, 1.549039309563604583, -13.41531914450571250 ) ) ;
#14 = CARTESIAN_POINT ( 'NONE',  ( 40.70000000000000284, -22.79368571587784942, -59.07100004334069610 ) ) ;
#15 = EDGE_CURVE ( 'NONE', #3135, #3343, #3453, .T. ) ;
#16 = EDGE_LOOP ( 'NONE', ( #3534, #1597 ) ) ;
#17 = CARTESIAN_POINT ( 'NONE',  ( 43.25000000000000000, 14.75298295908143054, -64.25156881609728998 ) ) ;
#18 = CARTESIAN_POINT ( 'NONE',  ( 38.25000000000000000, 21.77746367171384634, -55.05607350763881414 ) ) ;
#19 = DIRECTION ( 'NONE',  ( 1.000000000000000000, 0.000000000000000000, 0.000000000000000000 ) ) ;
#20 = CARTESIAN_POINT ( 'NONE',  ( 37.25000000000000000, 11.25833024919765890, -8.099999999999999645 ) ) ;
#21 = ORIENTED_EDGE ( 'NONE', *, *, #3106, .F. ) ;
#22 = CARTESIAN_POINT ( 'NONE',  ( 34.25000000000000711, 5.056010085927920450, -18.87632464937486176 ) ) ;
#23 = CARTESIAN_POINT ( 'NONE',  ( 43.25000000000000000, -9.375352687924831230, -68.61473076742797161 ) ) ;
#24 = FACE_OUTER_BOUND ( 'NONE', #2408, .T. ) ;
#25 = CARTESIAN_POINT ( 'NONE',  ( 37.25000000000000000, -1.278800443270974187E-16, 11.40000000000000036 ) ) ;
#26 = CARTESIAN_POINT ( 'NONE',  ( 39.88333333333333286, 14.13851673022521460, -66.77100004334070604 ) ) ;
#27 = CARTESIAN_POINT ( 'NONE',  ( 41.70000000000000284, 10.27505549723779943, -7.779466947837095248 ) ) ;
#28 = VERTEX_POINT ( 'NONE', #2892 ) ;
#29 = CARTESIAN_POINT ( 'NONE',  ( 43.24999999999999289, -7.604458166383468054, -78.36760700540931168 ) ) ;
#30 = CARTESIAN_POINT ( 'NONE',  ( 38.25000000000001421, -31.17528114527836181, 10.58582295319442856 ) ) ;
#31 = CARTESIAN_POINT ( 'NONE',  ( 43.25000000000000000, -22.79368571587784942, -52.22100004334069467 ) ) ;
#32 = CARTESIAN_POINT ( 'NONE',  ( 37.24999999999998579, 0.2093391866818068714, -14.58995733048748811 ) ) ;
#33 = CARTESIAN_POINT ( 'NONE',  ( 43.25000000000000000, -0.4186364040088369487, 16.15000000000000568 ) ) ;
#34 = CARTESIAN_POINT ( 'NONE',  ( 43.25000000000000000, 9.679238330569420512, -67.40542190620979568 ) ) ;
#35 = CARTESIAN_POINT ( 'NONE',  ( 37.25000000000000711, -1.518662292446798068, -12.48500610000209221 ) ) ;
#36 = EDGE_LOOP ( 'NONE', ( #3198, #4096, #3868, #2502 ) ) ;
#37 = CARTESIAN_POINT ( 'NONE',  ( 38.25000000000001421, -19.50000000000000711, 1.276272015520790726 ) ) ;
#38 = CYLINDRICAL_SURFACE ( 'NONE', #3709, 2.149999999999999023 ) ;
#39 = ADVANCED_FACE ( 'NONE', ( #2915 ), #56, .F. ) ;
#40 = CARTESIAN_POINT ( 'NONE',  ( 37.25000000000000000, -11.96809335790831952, -7.937681551607796315 ) ) ;
#41 = CARTESIAN_POINT ( 'NONE',  ( 37.25000000000000711, 5.660912305871018901, -16.67837126442588769 ) ) ;
#42 = EDGE_CURVE ( 'NONE', #1138, #777, #2712, .T. ) ;
#43 = VERTEX_POINT ( 'NONE', #2830 ) ;
#44 = CARTESIAN_POINT ( 'NONE',  ( 34.24999999999999289, 16.92271618095895747, -9.772438145944525090 ) ) ;
#45 = CARTESIAN_POINT ( 'NONE',  ( 40.70000000000000284, -11.92517537981347964, -69.20243438522477675 ) ) ;
#46 = CARTESIAN_POINT ( 'NONE',  ( 40.70000000000000284, -14.07517537981347999, -71.07100004334070320 ) ) ;
#47 = ADVANCED_FACE ( 'NONE', ( #3159 ), #1250, .F. ) ;
#48 = CARTESIAN_POINT ( 'NONE',  ( 38.25000000000000711, -15.69675161353536730, -67.50226532970768289 ) ) ;
#49 = B_SPLINE_CURVE_WITH_KNOTS ( 'NONE', 3,
 ( #318, #3136, #3834, #3514, #256, #2360, #2039, #685, #1631, #441, #71, #423, #3579, #1727, #2927, #1707, #2629, #2886, #2306, #1323, #2588, #3862, #705, #2286, #3556, #1054, #2945, #2094, #3046, #1122 ),
 .UNSPECIFIED., .F., .F.,
 ( 4, 2, 2, 2, 2, 2, 2, 2, 2, 2, 2, 2, 2, 2, 4 ),
 ( 0.000000000000000000, 0.06249999999999961142, 0.1249999999999992228, 0.1874999999999988343, 0.2499999999999984457, 0.3124999999999983902, 0.3749999999999983347, 0.4374999999999982792, 0.4999999999999982236, 0.5624999999999981126, 0.6249999999999981126, 0.6874999999999980016, 0.7499999999999980016, 0.8749999999999990008, 1.000000000000000000 ),
 .UNSPECIFIED. ) ;
#50 = ORIENTED_EDGE ( 'NONE', *, *, #4002, .F. ) ;
#51 = CARTESIAN_POINT ( 'NONE',  ( 43.24999999999999289, -1.924095049986714212, -79.30608758355472787 ) ) ;
#52 = CARTESIAN_POINT ( 'NONE',  ( 37.25000000000001421, -11.67568450713049977, 4.940741347161937469 ) ) ;
#53 = CARTESIAN_POINT ( 'NONE',  ( 38.25000000000000000, 2.368406433165840033E-15, 19.50000000000000000 ) ) ;
#54 = CARTESIAN_POINT ( 'NONE',  ( 37.25000000000000711, 12.31509038309192228, 5.294217239123081065 ) ) ;
#55 = CARTESIAN_POINT ( 'NONE',  ( 34.25000000000000711, -14.69104282995112776, 12.88612163632422636 ) ) ;
#56 = CYLINDRICAL_SURFACE ( 'NONE', #657, 1.600000000000000755 ) ;
#57 = CARTESIAN_POINT ( 'NONE',  ( 41.70000000000000284, -9.097445829778509144E-14, -14.59999999999999964 ) ) ;
#58 = CARTESIAN_POINT ( 'NONE',  ( 34.74999999928448347, 10.72057059243512711, -13.97401651959582836 ) ) ;
#59 = CARTESIAN_POINT ( 'NONE',  ( 38.75000000000000000, -33.35322323254529664, -9.573262048355590951E-17 ) ) ;
#60 = CARTESIAN_POINT ( 'NONE',  ( 43.25000000000000711, 10.59842440080591253, -72.02796220851320186 ) ) ;
#61 = CARTESIAN_POINT ( 'NONE',  ( 39.24999999999998579, 22.04070213015664237, 25.12787851416631568 ) ) ;
#62 = CARTESIAN_POINT ( 'NONE',  ( 37.25000000000000000, -9.285037637701492486, 14.93329508557543583 ) ) ;
#63 = CARTESIAN_POINT ( 'NONE',  ( 38.25000000000000711, 24.93909586277813872, -57.47633564695880182 ) ) ;
#64 = EDGE_LOOP ( 'NONE', ( #326, #2101, #2415, #651, #2179, #1499 ) ) ;
#65 = EDGE_CURVE ( 'NONE', #3343, #288, #3461, .T. ) ;
#66 = CARTESIAN_POINT ( 'NONE',  ( 38.25000000000000711, 9.772438145944500221, 16.92271618095896812 ) ) ;
#67 = FACE_OUTER_BOUND ( 'NONE', #1145, .T. ) ;
#68 = CARTESIAN_POINT ( 'NONE',  ( 43.25000000000000711, 9.336504234712942107, -3.994938474180593335 ) ) ;
#69 = CARTESIAN_POINT ( 'NONE',  ( 38.24999999999999289, -15.38724217436997144, -67.21142731274652249 ) ) ;
#70 = VERTEX_POINT ( 'NONE', #303 ) ;
#71 = CARTESIAN_POINT ( 'NONE',  ( 37.25000000000000000, 12.53052020661349708, -7.476496536919748692 ) ) ;
#72 = CARTESIAN_POINT ( 'NONE',  ( 38.25000000000000000, 32.85322323254529664, -50.00000000000000000 ) ) ;
#73 = CARTESIAN_POINT ( 'NONE',  ( 43.25000000000000000, 29.35322323254530019, 1.716079042152164845E-15 ) ) ;
#74 = CARTESIAN_POINT ( 'NONE',  ( 38.75000000000000000, -33.35322323254529664, -9.573262048355590951E-17 ) ) ;
#75 = CARTESIAN_POINT ( 'NONE',  ( 37.25000000000000000, 1.589636892224252973, -13.21122131391099686 ) ) ;
#76 = CARTESIAN_POINT ( 'NONE',  ( 43.25000000000000711, -0.4130476178242938889, 9.869981622715789271 ) ) ;
#77 = CARTESIAN_POINT ( 'NONE',  ( 34.25000000000000000, -15.50459869884035058, 11.89480094181991277 ) ) ;
#78 = ORIENTED_EDGE ( 'NONE', *, *, #1679, .T. ) ;
#79 = CARTESIAN_POINT ( 'NONE',  ( 43.25000000000000000, -8.208504437306519463, 7.316890743401119224 ) ) ;
#80 = CARTESIAN_POINT ( 'NONE',  ( 39.25000000000000711, -14.78052111176339878, 29.97897637808385340 ) ) ;
#81 = CARTESIAN_POINT ( 'NONE',  ( 38.25000000000001421, 20.92573649876151975, -57.87621428237095245 ) ) ;
#82 = CARTESIAN_POINT ( 'NONE',  ( 40.70000000000000284, 22.57559272440547105, -59.07100004334071031 ) ) ;
#83 = CARTESIAN_POINT ( 'NONE',  ( 38.75000000000000000, -28.94498105048872816, -66.71499030809894748 ) ) ;
#84 = CARTESIAN_POINT ( 'NONE',  ( 39.24999999999999289, 14.78052111176345917, 29.97897637808381788 ) ) ;
#85 = CARTESIAN_POINT ( 'NONE',  ( 37.25000000000000000, -15.22977977612890221, 8.790340798859190841 ) ) ;
#86 = CARTESIAN_POINT ( 'NONE',  ( 38.25000000000000000, 23.54735100255063074, -58.96239171018427072 ) ) ;
#87 = CARTESIAN_POINT ( 'NONE',  ( 34.25000000000000000, 8.641448524175867618, 17.52724272843907372 ) ) ;
#88 = CARTESIAN_POINT ( 'NONE',  ( 43.25000000000000000, 9.177876699918222414, -4.125432094023035567 ) ) ;
#89 = CARTESIAN_POINT ( 'NONE',  ( 37.25000000000000000, 11.25833024919771930, 8.099999999999999645 ) ) ;
#90 = EDGE_CURVE ( 'NONE', #4019, #70, #832, .T. ) ;
#91 = ORIENTED_EDGE ( 'NONE', *, *, #3824, .F. ) ;
#92 = CARTESIAN_POINT ( 'NONE',  ( 37.25000000000000000, -9.090639485424858231E-14, -14.59999999999999964 ) ) ;
#93 = CARTESIAN_POINT ( 'NONE',  ( 43.25000000000000711, -27.25328750775682352, -58.43672411285329105 ) ) ;
#94 = CARTESIAN_POINT ( 'NONE',  ( 38.91666666666667140, -33.35322323254529664, -50.00000000000000711 ) ) ;
#95 = CARTESIAN_POINT ( 'NONE',  ( 38.74999999999999289, 28.94498105048873171, -66.71499030809887643 ) ) ;
#96 = CARTESIAN_POINT ( 'NONE',  ( 38.25000000000000711, 21.54496027172514161, -55.21142731275487847 ) ) ;
#97 = EDGE_CURVE ( 'NONE', #2885, #1153, #1582, .T. ) ;
#98 = CARTESIAN_POINT ( 'NONE',  ( 39.25000000000000000, 33.35322323254529664, 1.978474156660149908E-15 ) ) ;
#99 = CARTESIAN_POINT ( 'NONE',  ( 38.25000000000000711, 24.72195396885315688, -55.84143752459403487 ) ) ;
#100 = CARTESIAN_POINT ( 'NONE',  ( 43.25000000000000711, -14.30868595721824832, 7.314226775666917924 ) ) ;
#101 = CARTESIAN_POINT ( 'NONE',  ( 40.69999999999999574, 16.28851673022521851, -68.63956570145661829 ) ) ;
#102 = FACE_BOUND ( 'NONE', #2535, .T. ) ;
#103 = CARTESIAN_POINT ( 'NONE',  ( 43.24999999999997868, 10.44346502739164961, -9.550091886421087750 ) ) ;
#104 = CARTESIAN_POINT ( 'NONE',  ( 38.25000000000000000, -14.76549931607464217, -66.87960837650138046 ) ) ;
#105 = CARTESIAN_POINT ( 'NONE',  ( 41.69999999999999574, 9.699973966528350644, -6.081203385025156116 ) ) ;
#106 = ORIENTED_EDGE ( 'NONE', *, *, #624, .F. ) ;
#107 = DIRECTION ( 'NONE',  ( 0.000000000000000000, 0.000000000000000000, -1.000000000000000000 ) ) ;
#108 = CARTESIAN_POINT ( 'NONE',  ( 43.25000000000000000, -25.90039712961063501, -60.46084162132482476 ) ) ;
#109 = CARTESIAN_POINT ( 'NONE',  ( 43.25000000000000000, 18.39774866662731156, -55.40542190622746688 ) ) ;
#110 = EDGE_CURVE ( 'NONE', #1131, #1454, #2136, .T. ) ;
#111 = CARTESIAN_POINT ( 'NONE',  ( 43.24999999999999289, -18.30036458576051572, -66.83935391622752320 ) ) ;
#112 = CARTESIAN_POINT ( 'NONE',  ( 43.25000000000000711, 13.63264942139552183, -8.580204815497085136 ) ) ;
#113 = AXIS2_PLACEMENT_3D ( 'NONE', #1457, #2721, #3378 ) ;
#114 = CARTESIAN_POINT ( 'NONE',  ( 38.25000000000001421, -24.83475307822124023, -56.23081043776183918 ) ) ;
#115 = CARTESIAN_POINT ( 'NONE',  ( 43.25000000000000000, -19.05778716250531346, -54.05313649075144866 ) ) ;
#116 = CARTESIAN_POINT ( 'NONE',  ( 37.25000000000000711, -16.98542708503618925, 4.551271252984846249 ) ) ;
#117 = CARTESIAN_POINT ( 'NONE',  ( 38.25000000000000000, 24.27600999167113471, -58.54282448880429257 ) ) ;
#118 = CARTESIAN_POINT ( 'NONE',  ( 43.25000000000000000, -12.65598945203303494, 3.669203593575959932 ) ) ;
#119 = CARTESIAN_POINT ( 'NONE',  ( 42.73333333333333428, 11.25833024919765357, -3.866666666666665808 ) ) ;
#120 = FACE_BOUND ( 'NONE', #944, .T. ) ;
#121 = DIRECTION ( 'NONE',  ( 0.000000000000000000, 0.000000000000000000, 1.000000000000000000 ) ) ;
#122 = CARTESIAN_POINT ( 'NONE',  ( 38.25000000000000711, -14.63361853492539844, -71.01644704164046118 ) ) ;
#123 = CARTESIAN_POINT ( 'NONE',  ( 37.25000000000001421, -12.46431162468760157, -5.443040777746612768 ) ) ;
#124 = ORIENTED_EDGE ( 'NONE', *, *, #1935, .T. ) ;
#125 = DIRECTION ( 'NONE',  ( 1.000000000000000000, 0.000000000000000000, 0.000000000000000000 ) ) ;
#126 = CARTESIAN_POINT ( 'NONE',  ( 41.70000000000000284, 0.4187966149748462152, 14.55835628266930648 ) ) ;
#127 = DIRECTION ( 'NONE',  ( 0.000000000000000000, 0.000000000000000000, -1.000000000000000000 ) ) ;
#128 = CARTESIAN_POINT ( 'NONE',  ( 43.25000000000000711, 22.54986605834231739, -61.62100004334069325 ) ) ;
#129 = CARTESIAN_POINT ( 'NONE',  ( 34.25000000000000000, -19.50000000000000000, 1.276272015520789171 ) ) ;
#130 = ORIENTED_EDGE ( 'NONE', *, *, #3051, .F. ) ;
#131 = CARTESIAN_POINT ( 'NONE',  ( 43.25000000000000711, -9.338762205594900223, 9.006570109818202496 ) ) ;
#132 = CARTESIAN_POINT ( 'NONE',  ( 38.25000000000001421, -23.07787241115202193, -59.07100004334071741 ) ) ;
#133 = CARTESIAN_POINT ( 'NONE',  ( 43.24999999999999289, -16.96571138946119817, -65.16423088752699755 ) ) ;
#134 = CARTESIAN_POINT ( 'NONE',  ( 43.25000000000000000, 16.49255340547903259, -64.84177334691804617 ) ) ;
#135 = CARTESIAN_POINT ( 'NONE',  ( 43.25000000000000711, 13.18015626367933990, -9.005061525821387747 ) ) ;
#136 = EDGE_CURVE ( 'NONE', #1578, #1322, #1789, .T. ) ;
#137 = CARTESIAN_POINT ( 'NONE',  ( 38.75000000000000000, -31.64974419757326274, -60.74693078237550736 ) ) ;
#138 = ORIENTED_EDGE ( 'NONE', *, *, #1, .T. ) ;
#139 = CARTESIAN_POINT ( 'NONE',  ( 38.25000000000001421, -32.64144846846580350, -54.30042369587209095 ) ) ;
#140 = CARTESIAN_POINT ( 'NONE',  ( 38.75000000000000000, -14.78052111176339878, 29.97897637808385340 ) ) ;
#141 = B_SPLINE_CURVE_WITH_KNOTS ( 'NONE', 3,
 ( #1689, #1942, #76, #2930, #2248, #1986, #727, #3540, #3240, #691, #3196, #1966, #3217, #2593, #1348, #3866, #3559, #2614, #3497, #3883, #3178, #345, #404, #2567, #1039, #1017, #322, #2848, #365, #2311, #33, #1284 ),
 .UNSPECIFIED., .F., .F.,
 ( 4, 2, 2, 2, 2, 2, 2, 2, 2, 2, 2, 2, 2, 2, 2, 4 ),
 ( 0.000000000000000000, 0.06249999999999994449, 0.1249999999999998890, 0.1874999999999998335, 0.2499999999999997780, 0.3124999999999997224, 0.3749999999999996669, 0.4374999999999996114, 0.4999999999999995559, 0.5624999999999995559, 0.6249999999999994449, 0.6874999999999993339, 0.7499999999999993339, 0.8124999999999993339, 0.8749999999999995559, 1.000000000000000000 ),
 .UNSPECIFIED. ) ;
#142 = CARTESIAN_POINT ( 'NONE',  ( 37.25000000000000711, -14.93317602048974280, 9.284958080973959582 ) ) ;
#143 = CARTESIAN_POINT ( 'NONE',  ( 38.25000000000000711, 25.00685155432058693, -56.77756943403544199 ) ) ;
#144 = CARTESIAN_POINT ( 'NONE',  ( 38.25000000000000711, -22.93669406849475578, -54.77100004334070604 ) ) ;
#145 = CARTESIAN_POINT ( 'NONE',  ( 38.25000000000000000, -22.79368571587784942, -54.77100004334069894 ) ) ;
#146 = B_SPLINE_CURVE_WITH_KNOTS ( 'NONE', 3,
 ( #3193, #3155, #1612, #1633, #929, #661, #687, #970, #1963, #2544, #3174, #342, #2869, #30, #1302, #3836, #993, #3119 ),
 .UNSPECIFIED., .F., .F.,
 ( 4, 2, 2, 2, 2, 2, 2, 2, 4 ),
 ( 0.000000000000000000, 0.1250000000000000000, 0.2500000000000000000, 0.3750000000000000000, 0.5000000000000000000, 0.6250000000000000000, 0.7500000000000000000, 0.8750000000000000000, 1.000000000000000000 ),
 .UNSPECIFIED. ) ;
#147 = EDGE_LOOP ( 'NONE', ( #4033, #2460, #2368, #1034 ) ) ;
#148 = CARTESIAN_POINT ( 'NONE',  ( 39.24999999999999289, -20.34512569842107155, -76.51940212992066392 ) ) ;
#149 = CARTESIAN_POINT ( 'NONE',  ( 41.69999999999998863, 1.398058221366815346, 12.19420963140656156 ) ) ;
#150 = CARTESIAN_POINT ( 'NONE',  ( 43.25000000000000000, -27.49350840776792992, -57.22726931926317917 ) ) ;
#151 = CARTESIAN_POINT ( 'NONE',  ( 43.25000000000000000, -2.374567616617643484, -15.08045383824628694 ) ) ;
#152 = CARTESIAN_POINT ( 'NONE',  ( 42.21666666666666146, -9.521924204168181467E-14, -10.88333333333333108 ) ) ;
#153 = CARTESIAN_POINT ( 'NONE',  ( 38.74999999999999289, 20.34512569842106089, -76.51940212992063550 ) ) ;
#154 = CARTESIAN_POINT ( 'NONE',  ( 34.74999999928449057, 4.556891141547851021, 17.01289260065450293 ) ) ;
#155 = CARTESIAN_POINT ( 'NONE',  ( 37.25000000000000711, 1.205783104768871405, 14.05675978923576430 ) ) ;
#156 = ORIENTED_EDGE ( 'NONE', *, *, #3718, .T. ) ;
#157 = CARTESIAN_POINT ( 'NONE',  ( 43.25000000000000000, -11.25833024919776015, -9.649999999999890221 ) ) ;
#158 = CARTESIAN_POINT ( 'NONE',  ( 41.70000000000000284, 12.65638847056453287, 7.305790368593443773 ) ) ;
#159 = EDGE_CURVE ( 'NONE', #2885, #3094, #3608, .T. ) ;
#160 = EDGE_CURVE ( 'NONE', #906, #2689, #3956, .T. ) ;
#161 = CARTESIAN_POINT ( 'NONE',  ( 40.70000000000000284, 22.85702706628955028, -54.77100004334069894 ) ) ;
#162 = CARTESIAN_POINT ( 'NONE',  ( 41.70000000000000284, -12.06412061779106182, 7.898058221366943243 ) ) ;
#163 = CARTESIAN_POINT ( 'NONE',  ( 37.25000000000000000, -11.67580927299766458, -4.941402413675231919 ) ) ;
#164 = EDGE_LOOP ( 'NONE', ( #1510, #820, #3641, #1913 ) ) ;
#165 = CARTESIAN_POINT ( 'NONE',  ( 34.25000000000000000, -6.368119957744603710, 16.92655482690101820 ) ) ;
#166 = EDGE_CURVE ( 'NONE', #2224, #1138, #989, .T. ) ;
#167 = CARTESIAN_POINT ( 'NONE',  ( 39.25000000000000000, 33.35322323254529664, -50.00000000000000000 ) ) ;
#168 = CARTESIAN_POINT ( 'NONE',  ( 43.25000000000000000, 3.049825811891392568, -12.18310925659753785 ) ) ;
#169 = CARTESIAN_POINT ( 'NONE',  ( 43.25000000000000711, -23.10084672381131909, -61.62100004334068615 ) ) ;
#170 = CARTESIAN_POINT ( 'NONE',  ( 40.70000000000000284, -22.79368571587784942, -54.77100004334069894 ) ) ;
#171 = CARTESIAN_POINT ( 'NONE',  ( 43.25000000000000000, 1.928277767078016014, 29.35322323254530019 ) ) ;
#172 = CARTESIAN_POINT ( 'NONE',  ( 43.25000000000000000, 22.85702706628955028, -52.22100004334069467 ) ) ;
#173 = ORIENTED_EDGE ( 'NONE', *, *, #1349, .F. ) ;
#174 = PLANE ( 'NONE',  #3360 ) ;
#175 = DIRECTION ( 'NONE',  ( 0.000000000000000000, 0.000000000000000000, -1.000000000000000000 ) ) ;
#176 = ORIENTED_EDGE ( 'NONE', *, *, #964, .T. ) ;
#177 = CARTESIAN_POINT ( 'NONE',  ( 38.25000000000000000, -24.94351020390749341, -57.06443065264969761 ) ) ;
#178 = CARTESIAN_POINT ( 'NONE',  ( 38.24999999999999289, 16.46441497102340534, -78.51106525097695510 ) ) ;
#179 = CARTESIAN_POINT ( 'NONE',  ( 37.25000000000000711, -1.154725246253111237, 17.57499999999999929 ) ) ;
#180 = CONICAL_SURFACE ( 'NONE', #2834, 4.700000000000002842, 0.7853981633974476129 ) ;
#181 = B_SPLINE_CURVE_WITH_KNOTS ( 'NONE', 3,
 ( #1832, #1178, #2209, #3076 ),
 .UNSPECIFIED., .F., .F.,
 ( 4, 4 ),
 ( 0.000000000000000000, 1.000000000000000000 ),
 .UNSPECIFIED. ) ;
#182 = CARTESIAN_POINT ( 'NONE',  ( 41.69999999999998863, -11.67712686417247525, 8.058356282669437931 ) ) ;
#183 = ADVANCED_FACE ( 'NONE', ( #67 ), #449, .T. ) ;
#184 = ORIENTED_EDGE ( 'NONE', *, *, #1519, .T. ) ;
#185 = CARTESIAN_POINT ( 'NONE',  ( 38.25000000000002132, 16.46441497102350127, 28.51106525097692312 ) ) ;
#186 = CARTESIAN_POINT ( 'NONE',  ( 34.24999999999999289, 15.66201192280963816, 9.042381380539259439 ) ) ;
#187 = B_SPLINE_CURVE_WITH_KNOTS ( 'NONE', 3,
 ( #2210, #2191, #1552, #4090, #1246, #3454, #619, #1573, #2827, #4107, #665, #2872, #1636, #1595, #2632, #2007, #3899, #1615 ),
 .UNSPECIFIED., .F., .F.,
 ( 4, 2, 2, 2, 2, 2, 2, 2, 4 ),
 ( 0.000000000000000000, 0.1250000000000000000, 0.2500000000000000000, 0.3750000000000000000, 0.5000000000000000000, 0.6250000000000000000, 0.7500000000000000000, 0.8750000000000000000, 1.000000000000000000 ),
 .UNSPECIFIED. ) ;
#188 = FACE_OUTER_BOUND ( 'NONE', #1630, .T. ) ;
#189 = CARTESIAN_POINT ( 'NONE',  ( 43.25000000000000711, 2.080453549277569980, 10.62543209402227262 ) ) ;
#190 = CARTESIAN_POINT ( 'NONE',  ( 39.88333333333333286, -14.07517537981347999, -71.07100004334070320 ) ) ;
#191 = ORIENTED_EDGE ( 'NONE', *, *, #782, .T. ) ;
#192 = CARTESIAN_POINT ( 'NONE',  ( 43.24999999999999289, -20.07514486073446847, -71.43670808977483944 ) ) ;
#193 = B_SPLINE_CURVE_WITH_KNOTS ( 'NONE', 3,
 ( #390, #412, #1951, #1675 ),
 .UNSPECIFIED., .F., .F.,
 ( 4, 4 ),
 ( 0.000000000000000000, 1.000000000000000000 ),
 .UNSPECIFIED. ) ;
#194 = CARTESIAN_POINT ( 'NONE',  ( 37.25000000000000711, 1.273399049350258272, 13.97468700311374334 ) ) ;
#195 = VERTEX_POINT ( 'NONE', #3268 ) ;
#196 = CARTESIAN_POINT ( 'NONE',  ( 38.75000000000000000, -29.97897637808378235, 14.78052111176351069 ) ) ;
#197 = CARTESIAN_POINT ( 'NONE',  ( 37.24999999999999289, -7.258035832776891461, 16.01658854361792095 ) ) ;
#198 = CARTESIAN_POINT ( 'NONE',  ( 37.25000000000001421, -11.15278709651032152, -8.100071150768338057 ) ) ;
#199 = FACE_OUTER_BOUND ( 'NONE', #1754, .T. ) ;
#200 = CARTESIAN_POINT ( 'NONE',  ( 37.25000000000000000, 9.820318164917640757, -7.209700726363197809 ) ) ;
#201 = CARTESIAN_POINT ( 'NONE',  ( 37.24999999999999289, -12.84839181666179719, -6.709086320302487749 ) ) ;
#202 = VERTEX_POINT ( 'NONE', #3250 ) ;
#203 = CARTESIAN_POINT ( 'NONE',  ( 38.25000000000001421, 21.71028875486635812, 24.75118510827007867 ) ) ;
#204 = CARTESIAN_POINT ( 'NONE',  ( 34.25000000000000000, -17.84353401768268554, 2.943523363764967815 ) ) ;
#205 = CARTESIAN_POINT ( 'NONE',  ( 34.24999999999999289, 16.47169027287694831, 7.465886122051172080 ) ) ;
#206 = CARTESIAN_POINT ( 'NONE',  ( 38.25000000000000000, 14.42270342549121587, -66.77100004334067762 ) ) ;
#207 = CARTESIAN_POINT ( 'NONE',  ( 43.24999999999999289, -2.830471419566957358, -14.39752459031884158 ) ) ;
#208 = ADVANCED_FACE ( 'NONE', ( #2301 ), #437, .F. ) ;
#209 = CARTESIAN_POINT ( 'NONE',  ( 43.25000000000000000, 27.48719583617465290, 10.34347392707972446 ) ) ;
#210 = CARTESIAN_POINT ( 'NONE',  ( 42.21666666666666146, 11.25833024919765890, -8.616666666666667140 ) ) ;
#211 = ORIENTED_EDGE ( 'NONE', *, *, #2236, .F. ) ;
#212 = CARTESIAN_POINT ( 'NONE',  ( 43.25000000000000000, -8.108506130264331091, 6.707969847124426011 ) ) ;
#213 = CARTESIAN_POINT ( 'NONE',  ( 43.24999999999999289, 10.24508382813054830, 3.510355351603740459 ) ) ;
#214 = CARTESIAN_POINT ( 'NONE',  ( 41.70000000000000284, 11.25833024919771930, 4.899999999999999467 ) ) ;
#215 = CARTESIAN_POINT ( 'NONE',  ( 43.24999999999999289, -23.29815134593154013, 17.88141647300491144 ) ) ;
#216 = CARTESIAN_POINT ( 'NONE',  ( 43.24999999999999289, -14.08880166876481077, -7.897524590316916004 ) ) ;
#217 = CARTESIAN_POINT ( 'NONE',  ( 37.25000000000000000, -0.7097007257760886700, -11.56198791513493696 ) ) ;
#218 = ORIENTED_EDGE ( 'NONE', *, *, #2458, .F. ) ;
#219 = CARTESIAN_POINT ( 'NONE',  ( 38.25000000000000000, 20.04013080247695910, -76.12184831712986011 ) ) ;
#220 = CARTESIAN_POINT ( 'NONE',  ( 41.69999999999999574, -1.279466947837092583, 13.98327475195985770 ) ) ;
#221 = ADVANCED_FACE ( 'NONE', ( #2962 ), #585, .F. ) ;
#222 = CARTESIAN_POINT ( 'NONE',  ( 37.25000000000000000, 9.668693458211205183, -6.288778184137775895 ) ) ;
#223 = ORIENTED_EDGE ( 'NONE', *, *, #1367, .F. ) ;
#224 = CARTESIAN_POINT ( 'NONE',  ( 38.25000000000000711, -28.51106525097694444, -66.46441497102344442 ) ) ;
#225 = CARTESIAN_POINT ( 'NONE',  ( 34.25000000000000000, -15.35895724895466685, -9.547965350222680669 ) ) ;
#226 = CARTESIAN_POINT ( 'NONE',  ( 34.25000000000000000, 15.66304318504955440, -9.040452024593029989 ) ) ;
#227 = CARTESIAN_POINT ( 'NONE',  ( 38.25000000000001421, 16.00344363278711413, -67.84143752458831500 ) ) ;
#228 = CARTESIAN_POINT ( 'NONE',  ( 43.24999999999999289, -2.080205104857776099, -15.37431888322901230 ) ) ;
#229 = CARTESIAN_POINT ( 'NONE',  ( 38.25000000000001421, -12.14388481229000050, -67.96578580430512773 ) ) ;
#230 = ORIENTED_EDGE ( 'NONE', *, *, #2730, .T. ) ;
#231 = CARTESIAN_POINT ( 'NONE',  ( 43.24999999999999289, -9.177876699917565162, 4.125432094023228302 ) ) ;
#232 = CARTESIAN_POINT ( 'NONE',  ( 43.25000000000000711, 8.268360613943322335, 5.486618966418570942 ) ) ;
#233 = CARTESIAN_POINT ( 'NONE',  ( 38.25000000000000711, 12.00189493203509272, -68.63992089959846510 ) ) ;
#234 = CARTESIAN_POINT ( 'NONE',  ( 34.74999999928448347, -2.300533677319089865, -17.46171000551900221 ) ) ;
#235 = CARTESIAN_POINT ( 'NONE',  ( 41.69999999999998863, 0.9832747519597749841, -14.27946694783708637 ) ) ;
#236 = EDGE_CURVE ( 'NONE', #4038, #2885, #2999, .T. ) ;
#237 = EDGE_LOOP ( 'NONE', ( #3362, #3129 ) ) ;
#238 = CARTESIAN_POINT ( 'NONE',  ( 37.25000000000000000, -12.06180134039407825, 5.112198109252523714 ) ) ;
#239 = CARTESIAN_POINT ( 'NONE',  ( 43.25000000000000000, 26.59292561964861434, -54.05313649073096371 ) ) ;
#240 = B_SPLINE_CURVE_WITH_KNOTS ( 'NONE', 3,
 ( #1495, #811, #518, #2751, #2997, #3647, #2474, #2454, #2088, #3081, #239, #1513, #3740, #479, #1763, #2732, #502, #4009, #2715, #2692, #1765, #3632, #2372, #1187, #3293, #3063, #2413, #3695, #3971, #1165 ),
 .UNSPECIFIED., .F., .F.,
 ( 4, 2, 2, 2, 2, 2, 2, 2, 2, 2, 2, 2, 2, 2, 4 ),
 ( 0.000000000000000000, 0.06249999999999987510, 0.1249999999999997502, 0.1874999999999996114, 0.2499999999999995004, 0.3124999999999993894, 0.3749999999999992228, 0.4374999999999991118, 0.4999999999999990008, 0.5624999999999988898, 0.6249999999999987788, 0.6874999999999986677, 0.7499999999999984457, 0.8749999999999992228, 1.000000000000000000 ),
 .UNSPECIFIED. ) ;
#241 = CYLINDRICAL_SURFACE ( 'NONE', #988, 1.600000000000000755 ) ;
#242 = AXIS2_PLACEMENT_3D ( 'NONE', #2653, #3940, #3664 ) ;
#243 = ORIENTED_EDGE ( 'NONE', *, *, #3031, .F. ) ;
#244 = CARTESIAN_POINT ( 'NONE',  ( 43.25000000000000711, -12.07878425719309057, -3.429926490863046684 ) ) ;
#245 = CARTESIAN_POINT ( 'NONE',  ( 34.24999999999999289, -13.59698966009183252, -11.92414150722389365 ) ) ;
#246 = CONICAL_SURFACE ( 'NONE', #2002, 3.149999999999999911, 0.7853981633974476129 ) ;
#247 = CARTESIAN_POINT ( 'NONE',  ( 34.24999999999999289, 11.00944271026092558, 14.34766356272857557 ) ) ;
#248 = CARTESIAN_POINT ( 'NONE',  ( 43.25000000000000000, 1.581181498224203397, -15.73267291470835794 ) ) ;
#249 = CARTESIAN_POINT ( 'NONE',  ( 38.25000000000000000, 16.00493354744368091, -69.99833307400957949 ) ) ;
#250 = CARTESIAN_POINT ( 'NONE',  ( 43.25000000000000000, -2.374319172198467331, -10.91979518450240150 ) ) ;
#251 = CARTESIAN_POINT ( 'NONE',  ( 43.24999999999997868, 14.40850613026336724, -6.707969847124148899 ) ) ;
#252 = CARTESIAN_POINT ( 'NONE',  ( 43.25000000000001421, 15.50731229705477610, 24.94127423022216306 ) ) ;
#253 = CARTESIAN_POINT ( 'NONE',  ( 38.25000000000001421, -12.03378395753844465, -68.23067552320630114 ) ) ;
#254 = AXIS2_PLACEMENT_3D ( 'NONE', #1469, #2371, #1163 ) ;
#255 = EDGE_LOOP ( 'NONE', ( #3108, #2207, #3819, #296 ) ) ;
#256 = CARTESIAN_POINT ( 'NONE',  ( 37.25000000000000711, 11.77321622215213281, -8.018402608559581424 ) ) ;
#257 = CARTESIAN_POINT ( 'NONE',  ( 41.69999999999998863, -9.699973966528313341, 6.918796614974980663 ) ) ;
#258 = CARTESIAN_POINT ( 'NONE',  ( 43.25000000000000000, 13.76339134097979588, 8.421826447930259363 ) ) ;
#259 = FACE_OUTER_BOUND ( 'NONE', #3653, .T. ) ;
#260 = CARTESIAN_POINT ( 'NONE',  ( 40.69999999999999574, -21.71090490808040840, -58.79964077830233293 ) ) ;
#261 = EDGE_LOOP ( 'NONE', ( #2193, #2717, #895, #3020 ) ) ;
#262 = CARTESIAN_POINT ( 'NONE',  ( 38.25000000000000711, -2.552512472701006896, -19.37430128635113746 ) ) ;
#263 = EDGE_CURVE ( 'NONE', #2995, #3541, #1422, .T. ) ;
#264 = CARTESIAN_POINT ( 'NONE',  ( 38.25000000000000711, -14.55894550857939507, -79.52955989786747182 ) ) ;
#265 = CARTESIAN_POINT ( 'NONE',  ( 37.25000000000000000, -9.820578105099865951, -7.209593418203803949 ) ) ;
#266 = CARTESIAN_POINT ( 'NONE',  ( 37.24999999999999289, 10.45666945991669117, 7.889011467779345921 ) ) ;
#267 = EDGE_LOOP ( 'NONE', ( #2157, #1590, #1760, #873 ) ) ;
#268 = CARTESIAN_POINT ( 'NONE',  ( 43.25000000000000000, -11.25833024919776015, -3.349999999999900169 ) ) ;
#269 = CARTESIAN_POINT ( 'NONE',  ( 34.25000000000000000, 1.276272015520854231, -19.50000000000000355 ) ) ;
#270 = CARTESIAN_POINT ( 'NONE',  ( 43.25000000000000000, -10.53534057723480188, -72.02771827276423267 ) ) ;
#271 = CARTESIAN_POINT ( 'NONE',  ( 43.25000000000001421, 0.8204540079973636768, -16.07007350913685073 ) ) ;
#272 = CARTESIAN_POINT ( 'NONE',  ( 38.73333333333333428, -9.077851480992150510E-14, -14.59999999999999964 ) ) ;
#273 = CARTESIAN_POINT ( 'NONE',  ( 40.70000000000000284, -24.11496116382392785, -55.20171633218461693 ) ) ;
#274 = CARTESIAN_POINT ( 'NONE',  ( 39.88333333333333286, -14.07517537981348532, -66.77100004334070604 ) ) ;
#275 = CARTESIAN_POINT ( 'NONE',  ( 41.69999999999998863, 10.45253988060428618, 5.101941778633181990 ) ) ;
#276 = ORIENTED_EDGE ( 'NONE', *, *, #3099, .F. ) ;
#277 = CARTESIAN_POINT ( 'NONE',  ( 43.25000000000000711, -26.75048847936909979, -62.12251050819123321 ) ) ;
#278 = CARTESIAN_POINT ( 'NONE',  ( 43.25000000000000000, 11.67696665320448091, 3.349999999999999645 ) ) ;
#279 = CARTESIAN_POINT ( 'NONE',  ( 43.25000000000000000, -14.68176334232831159, 25.43609121656168170 ) ) ;
#280 = CARTESIAN_POINT ( 'NONE',  ( 40.70000000000000284, -21.71090490808042262, -55.04235930837903368 ) ) ;
#281 = CARTESIAN_POINT ( 'NONE',  ( 37.25000000000000000, 0.2129095063020028655, 14.60000000000000320 ) ) ;
#282 = ORIENTED_EDGE ( 'NONE', *, *, #160, .F. ) ;
#283 = CARTESIAN_POINT ( 'NONE',  ( 38.25000000000000711, -6.283205338062536782, -18.50405903950114705 ) ) ;
#284 = CARTESIAN_POINT ( 'NONE',  ( 38.25000000000000000, 22.85702706628955028, -54.77100004334069894 ) ) ;
#285 = B_SPLINE_CURVE_WITH_KNOTS ( 'NONE', 3,
 ( #559, #3100, #1553, #260, #2525, #3456, #1179, #1267, #620, #4071, #4091, #1875, #1247, #1225, #280, #2192, #1896, #3432 ),
 .UNSPECIFIED., .F., .F.,
 ( 4, 2, 2, 2, 2, 2, 2, 2, 4 ),
 ( 0.000000000000000000, 0.1250000000000000000, 0.2500000000000000000, 0.3750000000000000000, 0.5000000000000000000, 0.6250000000000000000, 0.7500000000000000000, 0.8750000000000000000, 1.000000000000000000 ),
 .UNSPECIFIED. ) ;
#286 = CARTESIAN_POINT ( 'NONE',  ( 37.25000000000000711, -9.658470825579724917, -6.605374910089104823 ) ) ;
#287 = CARTESIAN_POINT ( 'NONE',  ( 37.24999999999999289, 9.820578037608754585, 7.209593083570737804 ) ) ;
#288 = VERTEX_POINT ( 'NONE', #3854 ) ;
#289 = ADVANCED_FACE ( 'NONE', ( #1374 ), #2984, .F. ) ;
#290 = CARTESIAN_POINT ( 'NONE',  ( 34.25000000000000000, 2.552512472701085944, -19.37430128635113391 ) ) ;
#291 = CARTESIAN_POINT ( 'NONE',  ( 38.73333333333333428, -3.356770190936924850E-15, 14.59999999999999964 ) ) ;
#292 = CARTESIAN_POINT ( 'NONE',  ( 40.70000000000000995, -23.07512005776194641, -54.77100004334071315 ) ) ;
#293 = CARTESIAN_POINT ( 'NONE',  ( 38.25000000000000000, -32.85322323254529664, -50.00000000000000000 ) ) ;
#294 = B_SPLINE_CURVE_WITH_KNOTS ( 'NONE', 3,
 ( #1943, #3179, #3841, #4072 ),
 .UNSPECIFIED., .F., .F.,
 ( 4, 4 ),
 ( 0.000000000000000000, 1.000000000000000000 ),
 .UNSPECIFIED. ) ;
#295 = CARTESIAN_POINT ( 'NONE',  ( 38.25000000000000711, -13.79098868456586757, -66.77100004334069183 ) ) ;
#296 = ORIENTED_EDGE ( 'NONE', *, *, #1084, .F. ) ;
#297 = EDGE_CURVE ( 'NONE', #3311, #2770, #335, .T. ) ;
#298 = CARTESIAN_POINT ( 'NONE',  ( 43.24999999999999289, 17.10834127931864757, -73.87150086563711682 ) ) ;
#299 = CARTESIAN_POINT ( 'NONE',  ( 40.70000000000000284, -14.07517537981347999, -71.07100004334070320 ) ) ;
#300 = CARTESIAN_POINT ( 'NONE',  ( 43.25000000000000000, -29.35322323254530019, -4.504511214758050129E-15 ) ) ;
#301 = CARTESIAN_POINT ( 'NONE',  ( 41.69999999999999574, 0.4187966149747583411, -14.55835628266930826 ) ) ;
#302 = CARTESIAN_POINT ( 'NONE',  ( 37.25000000000000000, -1.549039208326284722, -12.58468035354389158 ) ) ;
#303 = CARTESIAN_POINT ( 'NONE',  ( 34.25000000000000000, 2.186221322889190062E-15, -18.07499999972614901 ) ) ;
#304 = B_SPLINE_CURVE_WITH_KNOTS ( 'NONE', 3,
 ( #319, #2868, #1264, #73 ),
 .UNSPECIFIED., .F., .F.,
 ( 4, 4 ),
 ( 0.000000000000000000, 1.000000000000000000 ),
 .UNSPECIFIED. ) ;
#305 = CARTESIAN_POINT ( 'NONE',  ( 38.25000000000001421, -8.641448524175828538, -17.52724272843909148 ) ) ;
#306 = CARTESIAN_POINT ( 'NONE',  ( 37.25000000000001421, -9.984931199846499794, -5.525312996887402406 ) ) ;
#307 = CARTESIAN_POINT ( 'NONE',  ( 37.25000000000001421, 16.65205424528936362, -5.650254224498129751 ) ) ;
#308 = CARTESIAN_POINT ( 'NONE',  ( 37.25000000000001421, 9.708866264394584888, 6.086815849103309084 ) ) ;
#309 = VERTEX_POINT ( 'NONE', #740 ) ;
#310 = CARTESIAN_POINT ( 'NONE',  ( 34.25000000000000000, -7.465941761642307384, -16.47182218264044806 ) ) ;
#311 = CARTESIAN_POINT ( 'NONE',  ( 43.25000000000000000, -11.46672572708139448, -9.649999999999893774 ) ) ;
#312 = CARTESIAN_POINT ( 'NONE',  ( 40.70000000000000995, -13.51241742844103300, -66.82695878850383053 ) ) ;
#313 = DIRECTION ( 'NONE',  ( 0.7071067811865525687, -0.7071067811865424657, 0.000000000000000000 ) ) ;
#314 = CARTESIAN_POINT ( 'NONE',  ( 43.24999999999999289, -0.4186364040126456798, -9.849999999999997868 ) ) ;
#315 = CARTESIAN_POINT ( 'NONE',  ( 40.70000000000000284, 14.13851673022521993, -66.77100004334070604 ) ) ;
#316 = EDGE_CURVE ( 'NONE', #3805, #659, #481, .T. ) ;
#317 = ORIENTED_EDGE ( 'NONE', *, *, #3073, .T. ) ;
#318 = CARTESIAN_POINT ( 'NONE',  ( 37.25000000000000000, 11.25833024919765890, -8.099999999999999645 ) ) ;
#319 = CARTESIAN_POINT ( 'NONE',  ( 43.25000000000000000, 29.35322323254530019, -50.00000000000000000 ) ) ;
#320 = CARTESIAN_POINT ( 'NONE',  ( 38.75000000000000711, -32.28647537644087606, 8.647909387792566349 ) ) ;
#321 = CARTESIAN_POINT ( 'NONE',  ( 37.25000000000000000, 1.590061468907443043, -12.79091317721667131 ) ) ;
#322 = CARTESIAN_POINT ( 'NONE',  ( 43.25000000000000000, -1.921826014484815381, 15.50506152581986719 ) ) ;
#323 = CARTESIAN_POINT ( 'NONE',  ( 43.24999999999999289, 9.589466478232699487, -67.70116082083947617 ) ) ;
#324 = CARTESIAN_POINT ( 'NONE',  ( 37.25000000000000000, -1.389011466900217817, -13.80166079016277791 ) ) ;
#325 = CONICAL_SURFACE ( 'NONE', #3847, 29.35322323254530019, 0.7853981633974476129 ) ;
#326 = ORIENTED_EDGE ( 'NONE', *, *, #2373, .F. ) ;
#327 = CARTESIAN_POINT ( 'NONE',  ( 39.24999999999999289, -16.71499030809884445, 28.94498105048878145 ) ) ;
#328 = CARTESIAN_POINT ( 'NONE',  ( 38.25000000000000711, -9.772438145944574828, 16.92271618095892904 ) ) ;
#329 = DIRECTION ( 'NONE',  ( 1.000000000000000000, 0.000000000000000000, 0.000000000000000000 ) ) ;
#330 = CARTESIAN_POINT ( 'NONE',  ( 43.25000000000000711, 18.68756698221292112, -70.14083926586182827 ) ) ;
#331 = CARTESIAN_POINT ( 'NONE',  ( 37.25000000000000711, 9.668693458210208647, 6.711221815860846540 ) ) ;
#332 = VERTEX_POINT ( 'NONE', #1680 ) ;
#333 = CARTESIAN_POINT ( 'NONE',  ( 43.25000000000000000, -13.99251174627223548, -4.921076470875222597 ) ) ;
#334 = CARTESIAN_POINT ( 'NONE',  ( 34.25000000000000000, -7.998808839696969208, -16.21981309531134485 ) ) ;
#335 = B_SPLINE_CURVE_WITH_KNOTS ( 'NONE', 3,
 ( #2279, #720, #2659, #1975, #1651, #2904, #1008, #3529, #2358, #101, #2052, #1998, #2034, #2342, #3207, #2604, #1360, #3231 ),
 .UNSPECIFIED., .F., .F.,
 ( 4, 2, 2, 2, 2, 2, 2, 2, 4 ),
 ( 0.000000000000000000, 0.1250000000000000000, 0.2500000000000000000, 0.3750000000000000000, 0.5000000000000000000, 0.6250000000000000000, 0.7500000000000000000, 0.8750000000000000000, 1.000000000000000000 ),
 .UNSPECIFIED. ) ;
#336 = CARTESIAN_POINT ( 'NONE',  ( 43.24999999999999289, -9.995954516098779052, -66.56689234297402891 ) ) ;
#337 = CARTESIAN_POINT ( 'NONE',  ( 37.25000000000001421, -0.7097631087110815029, 11.56231844839225431 ) ) ;
#338 = CARTESIAN_POINT ( 'NONE',  ( 38.24999999999999289, -20.64351020390753888, -57.06443065264596726 ) ) ;
#339 = VERTEX_POINT ( 'NONE', #3989 ) ;
#340 = EDGE_CURVE ( 'NONE', #3541, #1180, #1936, .T. ) ;
#341 = CARTESIAN_POINT ( 'NONE',  ( 43.25000000000000711, 28.36760705553728101, -57.60445804553317828 ) ) ;
#342 = CARTESIAN_POINT ( 'NONE',  ( 38.25000000000001421, -28.51106525097694444, 16.46441497102346929 ) ) ;
#343 = CARTESIAN_POINT ( 'NONE',  ( 37.25000000000000711, -12.23301682451789851, 7.773399333738477246 ) ) ;
#344 = CARTESIAN_POINT ( 'NONE',  ( 37.25000000000000000, -11.25833024919776015, -8.099999999999900169 ) ) ;
#345 = CARTESIAN_POINT ( 'NONE',  ( 43.25000000000001421, -2.830796405333520394, 14.39765920402450838 ) ) ;
#346 = ORIENTED_EDGE ( 'NONE', *, *, #1, .F. ) ;
#347 = CARTESIAN_POINT ( 'NONE',  ( 41.69999999999998863, -1.398058221366907938, -12.19420963140656333 ) ) ;
#348 = CARTESIAN_POINT ( 'NONE',  ( 38.25000000000000711, -17.52724272843903464, -8.641448524175963541 ) ) ;
#349 = CARTESIAN_POINT ( 'NONE',  ( 38.25000000000000711, 21.14596405420283531, -55.61116361266402208 ) ) ;
#350 = EDGE_CURVE ( 'NONE', #525, #332, #3648, .T. ) ;
#351 = CARTESIAN_POINT ( 'NONE',  ( 37.25000000000000000, 16.98542708502300869, -4.551271253037127984 ) ) ;
#352 = CARTESIAN_POINT ( 'NONE',  ( 37.25000000000000000, 10.05254771519546608, 5.443239732302082245 ) ) ;
#353 = ORIENTED_EDGE ( 'NONE', *, *, #2477, .F. ) ;
#354 = CARTESIAN_POINT ( 'NONE',  ( 38.25000000000001421, 19.37430128635112681, 2.552512472701108592 ) ) ;
#355 = CARTESIAN_POINT ( 'NONE',  ( 41.69999999999998863, 12.53779719703474704, -5.516725248040130758 ) ) ;
#356 = CARTESIAN_POINT ( 'NONE',  ( 43.25000000000000000, -13.45725813912684465, -73.62100004334072878 ) ) ;
#357 = FACE_BOUND ( 'NONE', #2187, .T. ) ;
#358 = DIRECTION ( 'NONE',  ( 1.000000000000000000, 0.000000000000000000, 0.000000000000000000 ) ) ;
#359 = CARTESIAN_POINT ( 'NONE',  ( 38.25000000000000000, -15.03010787163490036, -70.85278803653976354 ) ) ;
#360 = CARTESIAN_POINT ( 'NONE',  ( 41.69999999999998863, 10.27505549723778877, -5.220533052162912746 ) ) ;
#361 = VERTEX_POINT ( 'NONE', #494 ) ;
#362 = CARTESIAN_POINT ( 'NONE',  ( 43.25000000000000000, 7.601834668424569230, -78.36840283484305303 ) ) ;
#363 = CARTESIAN_POINT ( 'NONE',  ( 37.25000000000000000, 13.94940034673973450, 10.70656403127169298 ) ) ;
#364 = FACE_OUTER_BOUND ( 'NONE', #1726, .T. ) ;
#365 = CARTESIAN_POINT ( 'NONE',  ( 43.24999999999999289, -1.397952213928943310, 15.83029403654740186 ) ) ;
#366 = CARTESIAN_POINT ( 'NONE',  ( 40.70000000000000284, -22.79368571587784942, -59.07100004334069610 ) ) ;
#367 = CARTESIAN_POINT ( 'NONE',  ( 38.25000000000000000, 20.81563564401908195, -57.61132456348020980 ) ) ;
#368 = EDGE_CURVE ( 'NONE', #1295, #2514, #4106, .T. ) ;
#369 = CARTESIAN_POINT ( 'NONE',  ( 43.24999999999999289, 18.80808169799498586, -69.53479347220657303 ) ) ;
#370 = CARTESIAN_POINT ( 'NONE',  ( 34.74999999928448347, -16.67737628816572126, 5.662940195715458813 ) ) ;
#371 = CARTESIAN_POINT ( 'NONE',  ( 37.24999999999999289, 10.20137108340301246, 5.294018567900975469 ) ) ;
#372 = ORIENTED_EDGE ( 'NONE', *, *, #393, .F. ) ;
#373 = CARTESIAN_POINT ( 'NONE',  ( 42.21666666666666146, 11.25833024919771574, 8.616666666666667140 ) ) ;
#374 = CARTESIAN_POINT ( 'NONE',  ( 34.24999999999999289, 14.69104282995107269, 12.88612163632428498 ) ) ;
#375 = CARTESIAN_POINT ( 'NONE',  ( 43.25000000000000711, 8.268685599707968237, -5.486753580126968899 ) ) ;
#376 = CARTESIAN_POINT ( 'NONE',  ( 38.25000000000000000, -14.63250848356184441, -66.83919129546598015 ) ) ;
#377 = ORIENTED_EDGE ( 'NONE', *, *, #2949, .T. ) ;
#378 = CARTESIAN_POINT ( 'NONE',  ( 43.25000000000000000, 29.35322323254530019, -50.00000000000000000 ) ) ;
#379 = CARTESIAN_POINT ( 'NONE',  ( 41.69999999999999574, 0.4187966149748491018, 11.44164371733069174 ) ) ;
#380 = CARTESIAN_POINT ( 'NONE',  ( 37.25000000000000711, 15.77011355507381296, 7.779447399999002144 ) ) ;
#381 = CARTESIAN_POINT ( 'NONE',  ( 39.25000000000000000, 33.35322323254529664, -50.00000000000000000 ) ) ;
#382 = CARTESIAN_POINT ( 'NONE',  ( 37.25000000000000000, 12.46431181510047992, 5.443041061079979315 ) ) ;
#383 = CARTESIAN_POINT ( 'NONE',  ( 34.25000000000000000, -5.056010085927961306, 18.87632464937483689 ) ) ;
#384 = ORIENTED_EDGE ( 'NONE', *, *, #1991, .T. ) ;
#385 = CARTESIAN_POINT ( 'NONE',  ( 39.24999999999999289, -10.74693078237540966, 31.64974419757329827 ) ) ;
#386 = AXIS2_PLACEMENT_3D ( 'NONE', #2534, #3394, #625 ) ;
#387 = CARTESIAN_POINT ( 'NONE',  ( 34.74999999928448347, 17.01289260065451003, 4.556891141547834145 ) ) ;
#388 = AXIS2_PLACEMENT_3D ( 'NONE', #1703, #2053, #2942 ) ;
#389 = CARTESIAN_POINT ( 'NONE',  ( 38.75000000000000000, -20.34512569842111063, -76.51940212992062129 ) ) ;
#390 = CARTESIAN_POINT ( 'NONE',  ( 34.74999999928449768, 1.155557966632341862E-30, 17.57499999999999929 ) ) ;
#391 = CARTESIAN_POINT ( 'NONE',  ( 39.24999999999998579, 16.71499030809890840, 28.94498105048873526 ) ) ;
#392 = CARTESIAN_POINT ( 'NONE',  ( 37.24999999999999289, -16.65205424530253353, 5.650254224445853346 ) ) ;
#393 = EDGE_CURVE ( 'NONE', #768, #991, #1038, .T. ) ;
#394 = CARTESIAN_POINT ( 'NONE',  ( 34.74999999928448347, -17.46171000551900221, 2.300533677319113846 ) ) ;
#395 = CARTESIAN_POINT ( 'NONE',  ( 43.25000000000000000, 11.25833024919771930, 9.650000000000000355 ) ) ;
#396 = DIRECTION ( 'NONE',  ( 0.000000000000000000, 0.000000000000000000, -1.000000000000000000 ) ) ;
#397 = CARTESIAN_POINT ( 'NONE',  ( 41.55000000000000426, -14.07517537981347999, -71.92100004334071173 ) ) ;
#398 = FACE_OUTER_BOUND ( 'NONE', #4073, .T. ) ;
#399 = CARTESIAN_POINT ( 'NONE',  ( 41.70000000000000284, 11.25833024919765890, -4.899999999999999467 ) ) ;
#400 = VERTEX_POINT ( 'NONE', #2980 ) ;
#401 = EDGE_CURVE ( 'NONE', #1878, #1398, #3244, .T. ) ;
#402 = CYLINDRICAL_SURFACE ( 'NONE', #1059, 2.149999999999999023 ) ;
#403 = CARTESIAN_POINT ( 'NONE',  ( 43.25000000000001421, -27.46327239538356224, -57.53486172353814254 ) ) ;
#404 = CARTESIAN_POINT ( 'NONE',  ( 43.24999999999999289, -2.734181497072256217, 14.57892352912739398 ) ) ;
#405 = CARTESIAN_POINT ( 'NONE',  ( 34.25000000000000000, -12.88612163632429919, 14.69104282995106203 ) ) ;
#406 = CARTESIAN_POINT ( 'NONE',  ( 34.41666666642816352, -3.757134968880160617E-14, -17.90833333315076104 ) ) ;
#407 = FACE_OUTER_BOUND ( 'NONE', #3918, .T. ) ;
#408 = CARTESIAN_POINT ( 'NONE',  ( 38.24999999999999289, 21.77969664978604314, -58.78741998451828721 ) ) ;
#409 = CARTESIAN_POINT ( 'NONE',  ( 43.25000000000000000, 22.85702706628955028, -52.22100004334069467 ) ) ;
#410 = CARTESIAN_POINT ( 'NONE',  ( 38.75000000000000711, -26.51940212992064261, -70.34512569842108576 ) ) ;
#411 = CARTESIAN_POINT ( 'NONE',  ( 38.25000000000001421, -24.41526194960162499, -55.50226532970800974 ) ) ;
#412 = CARTESIAN_POINT ( 'NONE',  ( 34.58333333285632705, 0.000000000000000000, 17.74166666657536950 ) ) ;
#413 = CARTESIAN_POINT ( 'NONE',  ( 43.25000000000000000, -18.12412074811309637, -57.53479347221703932 ) ) ;
#414 = CARTESIAN_POINT ( 'NONE',  ( 37.25000000000000711, -17.54675077184258214, -1.152311043087405285 ) ) ;
#415 = CARTESIAN_POINT ( 'NONE',  ( 38.24999999999999289, 23.00003541891389958, -59.07100004334068899 ) ) ;
#416 = CARTESIAN_POINT ( 'NONE',  ( 43.25000000000000711, -13.33853535405579294, 4.125681116771217738 ) ) ;
#417 = CARTESIAN_POINT ( 'NONE',  ( 38.25000000000001421, 14.69104282995106914, 12.88612163632427787 ) ) ;
#418 = DIRECTION ( 'NONE',  ( 0.000000000000000000, 0.000000000000000000, -1.000000000000000000 ) ) ;
#419 = CARTESIAN_POINT ( 'NONE',  ( 43.25000000000000000, 8.884011077001877865, -4.419795184501833063 ) ) ;
#420 = FACE_OUTER_BOUND ( 'NONE', #3768, .T. ) ;
#421 = ADVANCED_FACE ( 'NONE', ( #2750 ), #3014, .F. ) ;
#422 = ORIENTED_EDGE ( 'NONE', *, *, #2188, .F. ) ;
#423 = CARTESIAN_POINT ( 'NONE',  ( 37.25000000000000711, 12.64613234065336655, -7.303470750881639439 ) ) ;
#424 = CARTESIAN_POINT ( 'NONE',  ( 39.24999999999999289, 31.64974419757327695, -60.74693078237545052 ) ) ;
#425 = CARTESIAN_POINT ( 'NONE',  ( 41.70000000000000284, 1.600000000000001865, 13.20943951023932250 ) ) ;
#426 = CARTESIAN_POINT ( 'NONE',  ( 43.25000000000000000, -26.87292851990289222, -54.56697961944138342 ) ) ;
#427 = CARTESIAN_POINT ( 'NONE',  ( 37.25000000000000000, 12.24087658936059952, 7.780592971220353427 ) ) ;
#428 = CARTESIAN_POINT ( 'NONE',  ( 38.25000000000000000, -23.74861820768729359, -58.85278803653977064 ) ) ;
#429 = CARTESIAN_POINT ( 'NONE',  ( 43.25000000000000711, -17.61526770919521567, -72.02796220855222487 ) ) ;
#430 = CARTESIAN_POINT ( 'NONE',  ( 43.25000000000001421, 14.08912665453118152, -7.897659204025759827 ) ) ;
#431 = CARTESIAN_POINT ( 'NONE',  ( 43.25000000000000000, -14.07517537981347999, -68.92100004334069752 ) ) ;
#432 = CARTESIAN_POINT ( 'NONE',  ( 38.25000000000000000, 13.18358423841514693, -70.85278803653976354 ) ) ;
#433 = CARTESIAN_POINT ( 'NONE',  ( 43.25000000000000000, -18.09386302398668889, -56.61473076740229970 ) ) ;
#434 = CARTESIAN_POINT ( 'NONE',  ( 37.25000000000000711, -13.94940034676071861, -10.70656403124798395 ) ) ;
#435 = CARTESIAN_POINT ( 'NONE',  ( 38.25000000000000000, 23.41547022141222456, -54.82555304504092675 ) ) ;
#436 = CARTESIAN_POINT ( 'NONE',  ( 38.25000000000000711, 15.50459869884029729, 11.89480094181998027 ) ) ;
#437 = CYLINDRICAL_SURFACE ( 'NONE', #3022, 2.149999999999999023 ) ;
#438 = CARTESIAN_POINT ( 'NONE',  ( 39.25000000000000000, 33.35322323254529664, 1.978474156660149908E-15 ) ) ;
#439 = CARTESIAN_POINT ( 'NONE',  ( 38.25000000000001421, -15.78474847726131536, -70.23306596208179542 ) ) ;
#440 = ORIENTED_EDGE ( 'NONE', *, *, #2931, .F. ) ;
#441 = CARTESIAN_POINT ( 'NONE',  ( 37.25000000000000711, 12.46431181510105723, -7.556958938919002833 ) ) ;
#442 = CARTESIAN_POINT ( 'NONE',  ( 39.24999999999999289, 22.04070213015668500, -75.12787851416626950 ) ) ;
#443 = B_SPLINE_CURVE_WITH_KNOTS ( 'NONE', 3,
 ( #460, #4030, #2436, #3000, #523, #828, #850, #1782, #3350, #3991, #2134, #1432, #2985, #1412, #162, #182, #2073, #1143 ),
 .UNSPECIFIED., .F., .F.,
 ( 4, 2, 2, 2, 2, 2, 2, 2, 4 ),
 ( 0.000000000000000000, 0.1249999999999999167, 0.2499999999999998335, 0.3749999999999997780, 0.4999999999999996669, 0.6249999999999995559, 0.7499999999999995559, 0.8749999999999997780, 1.000000000000000000 ),
 .UNSPECIFIED. ) ;
#444 = CARTESIAN_POINT ( 'NONE',  ( 43.25000000000000000, 22.85702706628955028, -61.62100004334070036 ) ) ;
#445 = EDGE_CURVE ( 'NONE', #991, #3235, #744, .T. ) ;
#446 = CARTESIAN_POINT ( 'NONE',  ( 43.24999999999999289, 18.30797681430831858, -55.70116082081817410 ) ) ;
#447 = CARTESIAN_POINT ( 'NONE',  ( 43.25000000000000000, -11.04993477131486479, 9.650000000000128253 ) ) ;
#448 = CARTESIAN_POINT ( 'NONE',  ( 43.25000000000001421, -18.77535268792439638, -68.61473076743162380 ) ) ;
#449 = CONICAL_SURFACE ( 'NONE', #3354, 29.35322323254530019, 0.7853981633974476129 ) ;
#450 = CARTESIAN_POINT ( 'NONE',  ( 43.25000000000000000, 14.30815606109026916, -5.683109256600133108 ) ) ;
#451 = CARTESIAN_POINT ( 'NONE',  ( 41.69999999999998863, 10.83953363422286742, 8.058356282669308257 ) ) ;
#452 = STYLED_ITEM ( 'NONE', ( #968 ), #2265 ) ;
#453 = ORIENTED_EDGE ( 'NONE', *, *, #739, .F. ) ;
#454 = CARTESIAN_POINT ( 'NONE',  ( 38.75000000000000711, -10.74693078237540966, 31.64974419757329827 ) ) ;
#455 = CARTESIAN_POINT ( 'NONE',  ( 37.25000000000000000, -10.70486789464951549, -13.95079233009292174 ) ) ;
#456 = CARTESIAN_POINT ( 'NONE',  ( 38.25000000000002132, 24.47885325454896943, -55.50201920061337546 ) ) ;
#457 = AXIS2_PLACEMENT_3D ( 'NONE', #2970, #3601, #3660 ) ;
#458 = CARTESIAN_POINT ( 'NONE',  ( 34.24999999999999289, 9.772438145944498444, 16.92271618095897168 ) ) ;
#459 = CARTESIAN_POINT ( 'NONE',  ( 39.25000000000000000, -4.084591807298374691E-15, 33.35322323254529664 ) ) ;
#460 = CARTESIAN_POINT ( 'NONE',  ( 41.70000000000000284, -11.25833024919761982, 4.900000000000130029 ) ) ;
#461 = CARTESIAN_POINT ( 'NONE',  ( 37.25000000000000000, -12.64734171609634394, -7.301660790164667958 ) ) ;
#462 = ORIENTED_EDGE ( 'NONE', *, *, #90, .F. ) ;
#463 = PRODUCT ( 'ASV1_400_01A_1_1.STEP', 'ASV1_400_01A_1_1.STEP', '', ( #3727 ) ) ;
#464 = CARTESIAN_POINT ( 'NONE',  ( 39.24999999999998579, -4.365872733633588965, -83.13822542452609810 ) ) ;
#465 = CARTESIAN_POINT ( 'NONE',  ( 41.70000000000000284, 0.9832747519598630248, 14.27946694783709347 ) ) ;
#466 = CARTESIAN_POINT ( 'NONE',  ( 43.25000000000000000, -8.427858829630389792, -5.102475409682715402 ) ) ;
#467 = CARTESIAN_POINT ( 'NONE',  ( 43.25000000000000000, 1.581181498219381032, 10.26732708528847304 ) ) ;
#468 = CARTESIAN_POINT ( 'NONE',  ( 43.25000000000000000, 11.25833024919765890, -3.350000000000000089 ) ) ;
#469 = CARTESIAN_POINT ( 'NONE',  ( 43.24999999999999289, 19.31693473687303353, -60.02796220851242737 ) ) ;
#470 = ORIENTED_EDGE ( 'NONE', *, *, #1367, .T. ) ;
#471 = EDGE_CURVE ( 'NONE', #2514, #1578, #3147, .T. ) ;
#472 = PLANE ( 'NONE',  #3427 ) ;
#473 = CARTESIAN_POINT ( 'NONE',  ( 34.25000000000000000, 0.000000000000000000, 0.000000000000000000 ) ) ;
#474 = CARTESIAN_POINT ( 'NONE',  ( 41.70000000000000284, -11.04889073895844120, -8.099999999999905498 ) ) ;
#475 = CARTESIAN_POINT ( 'NONE',  ( 37.25000000000000000, 1.518402608763373740, 13.51488597259616853 ) ) ;
#476 = EDGE_CURVE ( 'NONE', #339, #1828, #2234, .T. ) ;
#477 = EDGE_LOOP ( 'NONE', ( #384, #2986 ) ) ;
#478 = CARTESIAN_POINT ( 'NONE',  ( 38.75000000000000711, -26.51940212992060353, 20.34512569842112484 ) ) ;
#479 = CARTESIAN_POINT ( 'NONE',  ( 43.24999999999999289, 27.31662885816376374, -55.40527597380893354 ) ) ;
#480 = CARTESIAN_POINT ( 'NONE',  ( 37.25000000000000000, 11.04507382185692954, -8.099856235498673840 ) ) ;
#481 = B_SPLINE_CURVE_WITH_KNOTS ( 'NONE', 3,
 ( #2017, #2714, #3967, #500 ),
 .UNSPECIFIED., .F., .F.,
 ( 4, 4 ),
 ( 0.000000000000000000, 1.000000000000000000 ),
 .UNSPECIFIED. ) ;
#482 = ORIENTED_EDGE ( 'NONE', *, *, #2856, .F. ) ;
#483 = CARTESIAN_POINT ( 'NONE',  ( 38.25000000000001421, 10.58582295319450495, 31.17528114527834049 ) ) ;
#484 = CARTESIAN_POINT ( 'NONE',  ( 43.25000000000000000, 22.85702706628955028, -52.22100004334069467 ) ) ;
#485 = CARTESIAN_POINT ( 'NONE',  ( 43.25000000000000711, -8.751760141018797512, -8.419568045394369094 ) ) ;
#486 = DIRECTION ( 'NONE',  ( -1.000000000000000000, 0.000000000000000000, 0.000000000000000000 ) ) ;
#487 = CARTESIAN_POINT ( 'NONE',  ( 40.70000000000000284, -14.07517537981347999, -71.07100004334070320 ) ) ;
#488 = ORIENTED_EDGE ( 'NONE', *, *, #3882, .F. ) ;
#489 = CARTESIAN_POINT ( 'NONE',  ( 43.24999999999998579, -18.62417945665078278, -70.14089400034833943 ) ) ;
#490 = CARTESIAN_POINT ( 'NONE',  ( 34.74999999928448347, 5.662940195715399305, 16.67737628816573903 ) ) ;
#491 = B_SPLINE_CURVE_WITH_KNOTS ( 'NONE', 3,
 ( #1278, #942, #1845, #1216, #2222, #3809, #1868, #2482, #591, #8, #2204, #2538, #1910, #4083, #1237, #3747, #963, #878, #3726, #2242, #2499, #3489, #3764, #654, #1933, #3168, #337, #1608, #2864, #25 ),
 .UNSPECIFIED., .F., .F.,
 ( 4, 2, 2, 2, 2, 2, 2, 2, 2, 2, 2, 2, 2, 2, 4 ),
 ( 0.000000000000000000, 0.1249999999999999722, 0.1874999999999999445, 0.2499999999999998890, 0.3124999999999998890, 0.3749999999999998890, 0.4374999999999998335, 0.4999999999999998335, 0.5624999999999997780, 0.6249999999999997780, 0.6874999999999997780, 0.7499999999999997780, 0.8124999999999996669, 0.8749999999999996669, 1.000000000000000000 ),
 .UNSPECIFIED. ) ;
#492 = CARTESIAN_POINT ( 'NONE',  ( 38.75000000000000000, -2.182963355852248544, -83.35322323254528953 ) ) ;
#493 = VERTEX_POINT ( 'NONE', #707 ) ;
#494 = CARTESIAN_POINT ( 'NONE',  ( 37.25000000000000000, -5.722340766308410292E-16, 17.57499999999999929 ) ) ;
#495 = CARTESIAN_POINT ( 'NONE',  ( 41.69999999999999574, 12.81668653186702933, 6.081203385025151675 ) ) ;
#496 = B_SPLINE_CURVE_WITH_KNOTS ( 'NONE', 3,
 ( #1645, #2898, #1022, #2935, #716, #2640, #3904, #1924, #3203, #3665, #2763, #2104, #1850, #2147, #1176, #233, #3075, #4067, #4041, #2030, #1794, #1201, #822, #513, #3405, #2469, #2169, #576, #432, #2957, #3772, #1265 ),
 .UNSPECIFIED., .F., .F.,
 ( 4, 2, 2, 2, 2, 2, 2, 2, 2, 2, 2, 2, 2, 2, 2, 4 ),
 ( 0.000000000000000000, 0.06250000000000004163, 0.1250000000000000833, 0.1875000000000001110, 0.2500000000000001665, 0.3125000000000002220, 0.3750000000000002220, 0.4375000000000002776, 0.5000000000000003331, 0.5625000000000003331, 0.6250000000000004441, 0.6875000000000004441, 0.7500000000000004441, 0.8125000000000005551, 0.8750000000000005551, 1.000000000000000000 ),
 .UNSPECIFIED. ) ;
#497 = ADVANCED_FACE ( 'NONE', ( #636 ), #1856, .F. ) ;
#498 = CARTESIAN_POINT ( 'NONE',  ( 43.25000000000000000, -29.35322323254530019, -50.00000000000000000 ) ) ;
#499 = CARTESIAN_POINT ( 'NONE',  ( 38.25000000000000711, 12.88612163632426366, -14.69104282995109045 ) ) ;
#500 = CARTESIAN_POINT ( 'NONE',  ( 41.70000000000000284, 11.25833024919771930, 4.899999999999999467 ) ) ;
#501 = CARTESIAN_POINT ( 'NONE',  ( 39.06666666666666288, -22.79368571587785297, -54.77100004334069894 ) ) ;
#502 = CARTESIAN_POINT ( 'NONE',  ( 43.25000000000000000, 27.55684975817675308, -56.61473076743516941 ) ) ;
#503 = B_SPLINE_CURVE_WITH_KNOTS ( 'NONE', 3,
 ( #1545, #2498, #2736, #3763 ),
 .UNSPECIFIED., .F., .F.,
 ( 4, 4 ),
 ( 0.000000000000000000, 1.000000000000000000 ),
 .UNSPECIFIED. ) ;
#504 = VERTEX_POINT ( 'NONE', #4048 ) ;
#505 = CARTESIAN_POINT ( 'NONE',  ( 34.24999999999999289, -2.360845002735871390, 17.95965484770579934 ) ) ;
#506 = CARTESIAN_POINT ( 'NONE',  ( 34.25000000000000000, 11.01113380455015900, -14.34627571755431319 ) ) ;
#507 = DIRECTION ( 'NONE',  ( 1.000000000000000000, 0.000000000000000000, 0.000000000000000000 ) ) ;
#508 = CARTESIAN_POINT ( 'NONE',  ( 41.70000000000000284, -1.959434878635764984E-16, 11.40000000000000036 ) ) ;
#509 = CARTESIAN_POINT ( 'NONE',  ( 40.69999999999999574, 13.05573592242778069, -67.04235930837904789 ) ) ;
#510 = CARTESIAN_POINT ( 'NONE',  ( 34.25000000000000000, -9.772438145944454035, -16.92271618095899299 ) ) ;
#511 = ORIENTED_EDGE ( 'NONE', *, *, #605, .F. ) ;
#512 = CARTESIAN_POINT ( 'NONE',  ( 41.69999999999998863, -10.27505549723775324, 5.220533052163039756 ) ) ;
#513 = CARTESIAN_POINT ( 'NONE',  ( 38.25000000000001421, 12.42894363277352099, -70.23306596207322627 ) ) ;
#514 = CARTESIAN_POINT ( 'NONE',  ( 37.25000000000000000, 1.549463886246850608, 13.41318465337910304 ) ) ;
#515 = CARTESIAN_POINT ( 'NONE',  ( 37.25000000000000000, -9.142242359643709629E-14, -11.40000000000000036 ) ) ;
#516 = ORIENTED_EDGE ( 'NONE', *, *, #4104, .F. ) ;
#517 = CARTESIAN_POINT ( 'NONE',  ( 43.24999999999999289, -21.56285811625570048, -61.49880378567490169 ) ) ;
#518 = CARTESIAN_POINT ( 'NONE',  ( 43.25000000000000000, 23.47149329515932337, -52.25156881611345483 ) ) ;
#519 = CARTESIAN_POINT ( 'NONE',  ( 38.25000000000001421, -2.150238432377155728, -82.85322323254530374 ) ) ;
#520 = EDGE_CURVE ( 'NONE', #2129, #3951, #1231, .T. ) ;
#521 = CONICAL_SURFACE ( 'NONE', #3631, 33.35322323254528953, 0.7853981633974547183 ) ;
#522 = CARTESIAN_POINT ( 'NONE',  ( 43.25000000000000000, 14.13851673022521993, -68.92100004334069752 ) ) ;
#523 = CARTESIAN_POINT ( 'NONE',  ( 41.70000000000000284, -12.24160500115748107, 5.220533052163036203 ) ) ;
#524 = CARTESIAN_POINT ( 'NONE',  ( 37.25000000000000711, -12.85818960711162973, -6.394625424897294685 ) ) ;
#525 = VERTEX_POINT ( 'NONE', #31 ) ;
#526 = CARTESIAN_POINT ( 'NONE',  ( 38.24999999999999289, 31.80246705209793134, 8.518268103537907976 ) ) ;
#527 = CARTESIAN_POINT ( 'NONE',  ( 34.24999999999999289, -14.69878824175103205, 10.53597809072982017 ) ) ;
#528 = CARTESIAN_POINT ( 'NONE',  ( 34.24999999999999289, 18.04616491197228001, -1.182882272756988762 ) ) ;
#529 = CARTESIAN_POINT ( 'NONE',  ( 38.25000000000000000, 14.13851673022521993, -71.07100004334070320 ) ) ;
#530 = CARTESIAN_POINT ( 'NONE',  ( 43.25000000000000000, -1.578923527345532651, -15.73418149870593830 ) ) ;
#531 =( NAMED_UNIT ( * ) PLANE_ANGLE_UNIT ( ) SI_UNIT ( $, .RADIAN. ) );
#532 = CARTESIAN_POINT ( 'NONE',  ( 38.25000000000000000, -14.07517537981347999, -71.07100004334070320 ) ) ;
#533 = VERTEX_POINT ( 'NONE', #1326 ) ;
#534 = EDGE_CURVE ( 'NONE', #361, #2478, #1471, .T. ) ;
#535 = CARTESIAN_POINT ( 'NONE',  ( 41.69999999999998863, -10.83953363422276972, 4.941643717330822305 ) ) ;
#536 = CARTESIAN_POINT ( 'NONE',  ( 40.70000000000000284, -15.15795618761090857, -70.79964077830234714 ) ) ;
#537 = CARTESIAN_POINT ( 'NONE',  ( 43.25000000000000000, -22.08133469807180660, 19.36411184841614741 ) ) ;
#538 = CARTESIAN_POINT ( 'NONE',  ( 37.24999999999999289, -0.8016607892815438285, -11.61098853222140370 ) ) ;
#539 = ORIENTED_EDGE ( 'NONE', *, *, #1508, .T. ) ;
#540 = CARTESIAN_POINT ( 'NONE',  ( 41.70000000000000284, -11.25833024919776015, -8.099999999999900169 ) ) ;
#541 = CARTESIAN_POINT ( 'NONE',  ( 41.69999999999999574, 11.67712686417256940, 8.058356282669308257 ) ) ;
#542 = B_SPLINE_CURVE_WITH_KNOTS ( 'NONE', 3,
 ( #2924, #1074, #2327, #89 ),
 .UNSPECIFIED., .F., .F.,
 ( 4, 4 ),
 ( 0.000000000000000000, 1.000000000000000000 ),
 .UNSPECIFIED. ) ;
#543 = CARTESIAN_POINT ( 'NONE',  ( 38.25000000000000711, 18.87632464937485821, -5.056010085927902686 ) ) ;
#544 = CARTESIAN_POINT ( 'NONE',  ( 39.24999999999998579, 33.35322323254528953, 2.182963355852233445 ) ) ;
#545 = CARTESIAN_POINT ( 'NONE',  ( 37.25000000000000000, 9.984930916336464790, -7.474686576200371135 ) ) ;
#546 = CARTESIAN_POINT ( 'NONE',  ( 43.25000000000000000, -11.25833024919776015, -6.499999999999899636 ) ) ;
#547 = EDGE_LOOP ( 'NONE', ( #1684, #1485, #3731, #2557 ) ) ;
#548 = CARTESIAN_POINT ( 'NONE',  ( 34.25000000000000000, -15.66304318503788195, 9.040452024616250526 ) ) ;
#549 = CARTESIAN_POINT ( 'NONE',  ( 34.25000000000000000, 13.59837750554479818, -11.92245041266002481 ) ) ;
#550 = CARTESIAN_POINT ( 'NONE',  ( 43.24999999999999289, 0.4130476178205522153, -9.869981622715785718 ) ) ;
#551 = CARTESIAN_POINT ( 'NONE',  ( 38.25000000000000000, 15.45058352479496655, -70.63057277392456967 ) ) ;
#552 = CARTESIAN_POINT ( 'NONE',  ( 43.25000000000000000, -0.4130476178223654871, -16.13001837728421606 ) ) ;
#553 = B_SPLINE_CURVE_WITH_KNOTS ( 'NONE', 3,
 ( #3029, #3303, #2991, #1109, #2123, #2684, #4000, #3361, #1811, #3730, #3491, #615, #2783, #3428, #633, #1568, #905, #3790, #1220, #3475, #926, #3750, #1912, #3811, #1589, #966, #658, #3170, #1196, #2346 ),
 .UNSPECIFIED., .F., .F.,
 ( 4, 2, 2, 2, 2, 2, 2, 2, 2, 2, 2, 2, 2, 2, 4 ),
 ( 0.000000000000000000, 0.06250000000000000000, 0.1250000000000000000, 0.1875000000000000000, 0.2500000000000000000, 0.3125000000000000000, 0.3750000000000000000, 0.4375000000000000000, 0.5000000000000000000, 0.5625000000000000000, 0.6250000000000000000, 0.6875000000000000000, 0.7500000000000000000, 0.8750000000000000000, 1.000000000000000000 ),
 .UNSPECIFIED. ) ;
#554 = EDGE_CURVE ( 'NONE', #2278, #1454, #3802, .T. ) ;
#555 = CARTESIAN_POINT ( 'NONE',  ( 38.25000000000002132, -12.36411236772973510, -70.23083647402518181 ) ) ;
#556 = VERTEX_POINT ( 'NONE', #2901 ) ;
#557 = CARTESIAN_POINT ( 'NONE',  ( 43.25000000000000000, -28.97694873486234712, -54.78224108896147726 ) ) ;
#558 = CARTESIAN_POINT ( 'NONE',  ( 43.25000000000000000, 14.24797489868428180, 5.486753580124744900 ) ) ;
#559 = CARTESIAN_POINT ( 'NONE',  ( 40.70000000000000284, -22.79368571587784942, -59.07100004334069610 ) ) ;
#560 = CARTESIAN_POINT ( 'NONE',  ( 37.25000000000001421, -0.2114308004451012635, -11.40000000000000213 ) ) ;
#561 = ORIENTED_EDGE ( 'NONE', *, *, #2900, .T. ) ;
#562 = CARTESIAN_POINT ( 'NONE',  ( 37.25000000000000000, -11.25833024919761982, 8.100000000000129319 ) ) ;
#563 = CARTESIAN_POINT ( 'NONE',  ( 41.69999999999998863, -1.279466947837086366, 12.01672524804012987 ) ) ;
#564 = DIRECTION ( 'NONE',  ( -1.000000000000000000, 0.000000000000000000, 0.000000000000000000 ) ) ;
#565 = ORIENTED_EDGE ( 'NONE', *, *, #1801, .T. ) ;
#566 = CARTESIAN_POINT ( 'NONE',  ( 34.24999999999999289, -17.12515185072090773, -5.813127608359073051 ) ) ;
#567 = CARTESIAN_POINT ( 'NONE',  ( 34.25000000000000000, 17.84367439535015265, 2.943551286602229755 ) ) ;
#568 = CARTESIAN_POINT ( 'NONE',  ( 38.25000000000002132, 16.22006221014378724, -68.36303355455089559 ) ) ;
#569 = DIRECTION ( 'NONE',  ( -1.000000000000000000, 0.000000000000000000, 0.000000000000000000 ) ) ;
#570 = CARTESIAN_POINT ( 'NONE',  ( 43.25000000000000711, 13.99100272986864368, -4.918818068327744264 ) ) ;
#571 = DIRECTION ( 'NONE',  ( 0.000000000000000000, 0.000000000000000000, 1.000000000000000000 ) ) ;
#572 = CARTESIAN_POINT ( 'NONE',  ( 38.25000000000000711, -12.65644240898046746, -67.29942172695908198 ) ) ;
#573 = ORIENTED_EDGE ( 'NONE', *, *, #3249, .T. ) ;
#574 = EDGE_CURVE ( 'NONE', #2106, #1221, #2851, .T. ) ;
#575 = CARTESIAN_POINT ( 'NONE',  ( 43.25000000000000000, 10.43787624120113122, 9.570073509136843626 ) ) ;
#576 = CARTESIAN_POINT ( 'NONE',  ( 38.25000000000000711, 13.06118631371859706, -70.78741998451727113 ) ) ;
#577 = CARTESIAN_POINT ( 'NONE',  ( 40.70000000000000995, -14.35660972169757166, -66.77100004334072025 ) ) ;
#578 = CARTESIAN_POINT ( 'NONE',  ( 43.25000000000000000, -23.87135205171358265, 17.10824184540043191 ) ) ;
#579 = CARTESIAN_POINT ( 'NONE',  ( 41.70000000000000284, -9.097445829778509144E-14, -14.59999999999999964 ) ) ;
#580 = ORIENTED_EDGE ( 'NONE', *, *, #2085, .F. ) ;
#581 = CARTESIAN_POINT ( 'NONE',  ( 38.25000000000000711, -8.641448524175933343, 17.52724272843904885 ) ) ;
#582 = CARTESIAN_POINT ( 'NONE',  ( 37.25000000000000000, -9.739667889259559175, -7.014993565364275874 ) ) ;
#583 = CARTESIAN_POINT ( 'NONE',  ( 37.25000000000000711, 17.43418453954092584, 2.295215179539613626 ) ) ;
#584 = CARTESIAN_POINT ( 'NONE',  ( 43.25000000000000000, 11.25833024919771930, 6.500000000000000000 ) ) ;
#585 = CONICAL_SURFACE ( 'NONE', #1795, 3.149999999999998135, 0.7853981633974476129 ) ;
#586 = EDGE_LOOP ( 'NONE', ( #1377, #2676, #1583, #3283 ) ) ;
#587 = CARTESIAN_POINT ( 'NONE',  ( 34.24999999999999289, 18.87632464937485111, 5.056010085927942654 ) ) ;
#588 = CONICAL_SURFACE ( 'NONE', #1386, 4.699999999999995737, 0.7853981633974476129 ) ;
#589 = CARTESIAN_POINT ( 'NONE',  ( 34.25000000000000000, 15.35895724895553727, 9.547965350219046243 ) ) ;
#590 = CARTESIAN_POINT ( 'NONE',  ( 38.24999999999999289, 15.09344922203885986, -66.98921205014163149 ) ) ;
#591 = CARTESIAN_POINT ( 'NONE',  ( 37.25000000000000000, -1.272189671795572519, 13.97649696192071289 ) ) ;
#592 = B_SPLINE_CURVE_WITH_KNOTS ( 'NONE', 3,
 ( #3856, #2035, #2905, #103, #2923, #681, #1958, #3552, #2647, #1978, #3189, #1319, #1073, #2605, #3916, #2344, #2282, #2326, #3532, #3209, #375, #1031, #1654, #1682, #419, #88, #68, #2303, #1340, #3877, #1362, #2625 ),
 .UNSPECIFIED., .F., .F.,
 ( 4, 2, 2, 2, 2, 2, 2, 2, 2, 2, 2, 2, 2, 2, 2, 4 ),
 ( 0.000000000000000000, 0.06249999999999984734, 0.1249999999999996947, 0.1874999999999995559, 0.2499999999999993894, 0.3124999999999992228, 0.3749999999999991118, 0.4374999999999991673, 0.4999999999999992228, 0.5624999999999993339, 0.6249999999999993339, 0.6874999999999994449, 0.7499999999999994449, 0.8124999999999995559, 0.8749999999999997780, 1.000000000000000000 ),
 .UNSPECIFIED. ) ;
#593 = CARTESIAN_POINT ( 'NONE',  ( 38.25000000000000000, -22.23524256075233296, -54.82555304504091964 ) ) ;
#594 = CARTESIAN_POINT ( 'NONE',  ( 40.69999999999999574, 12.41923301906912513, -67.59972459539466172 ) ) ;
#595 = AXIS2_PLACEMENT_3D ( 'NONE', #759, #2000, #1628 ) ;
#596 = EDGE_LOOP ( 'NONE', ( #282, #3185, #3706, #669 ) ) ;
#597 = B_SPLINE_CURVE_WITH_KNOTS ( 'NONE', 3,
 ( #1743, #1800, #2092, #3018, #3371, #1498, #1120, #2393, #3651, #813, #2113, #2675, #3719, #222, #871, #3332, #1453, #3043, #3949, #200, #1473, #545, #1819, #2753, #2459, #1102, #793, #3315, #480, #20 ),
 .UNSPECIFIED., .F., .F.,
 ( 4, 2, 2, 2, 2, 2, 2, 2, 2, 2, 2, 2, 2, 2, 4 ),
 ( 0.000000000000000000, 0.1250000000000006939, 0.1875000000000005551, 0.2500000000000004441, 0.3125000000000002776, 0.3750000000000001665, 0.4375000000000001110, 0.5000000000000000000, 0.5624999999999998890, 0.6249999999999997780, 0.6874999999999996669, 0.7499999999999995559, 0.8124999999999995559, 0.8749999999999994449, 1.000000000000000000 ),
 .UNSPECIFIED. ) ;
#598 = CARTESIAN_POINT ( 'NONE',  ( 43.24999999999999289, -28.36840283479225278, -57.60183466859266588 ) ) ;
#599 = CARTESIAN_POINT ( 'NONE',  ( 43.25000000000000711, 13.63289786581648322, 8.580453838243125020 ) ) ;
#600 = CARTESIAN_POINT ( 'NONE',  ( 43.24999999999999289, -15.50721286299308233, 24.94112541642154568 ) ) ;
#601 = CARTESIAN_POINT ( 'NONE',  ( 43.25000000000000000, 3.825887315114044953E-16, 16.15000000000000213 ) ) ;
#602 = EDGE_LOOP ( 'NONE', ( #2709, #641, #1475, #1110 ) ) ;
#603 = CARTESIAN_POINT ( 'NONE',  ( 38.25000000000000711, -9.772438145944457588, -16.92271618095899299 ) ) ;
#604 = B_SPLINE_CURVE_WITH_KNOTS ( 'NONE', 3,
 ( #990, #2003, #3274, #3253, #27, #1343, #1033, #1321, #1705, #2943, #105, #2284, #683, #360, #2586, #3554, #3860, #399 ),
 .UNSPECIFIED., .F., .F.,
 ( 4, 2, 2, 2, 2, 2, 2, 2, 4 ),
 ( 0.000000000000000000, 0.1250000000000000000, 0.2500000000000000000, 0.3750000000000000000, 0.5000000000000000000, 0.6250000000000000000, 0.7500000000000000000, 0.8750000000000000000, 1.000000000000000000 ),
 .UNSPECIFIED. ) ;
#605 = EDGE_CURVE ( 'NONE', #493, #2824, #2132, .T. ) ;
#606 = FACE_OUTER_BOUND ( 'NONE', #3072, .T. ) ;
#607 = EDGE_CURVE ( 'NONE', #1398, #533, #181, .T. ) ;
#608 = ORIENTED_EDGE ( 'NONE', *, *, #3462, .F. ) ;
#609 = CARTESIAN_POINT ( 'NONE',  ( 43.25000000000000000, -13.63264942139183589, -4.419795184500586060 ) ) ;
#610 = CARTESIAN_POINT ( 'NONE',  ( 43.25000000000000000, -11.25833024919761982, 9.650000000000130029 ) ) ;
#611 = CARTESIAN_POINT ( 'NONE',  ( 43.25000000000000000, -11.25833024919761982, 6.500000000000129674 ) ) ;
#612 = CARTESIAN_POINT ( 'NONE',  ( 40.69999999999999574, -24.11496116382390653, -58.64028375449679231 ) ) ;
#613 = CARTESIAN_POINT ( 'NONE',  ( 43.25000000000000000, 3.825887315114044953E-16, 16.15000000000000213 ) ) ;
#614 = CARTESIAN_POINT ( 'NONE',  ( 41.70000000000000284, 9.860272027830907504, 5.694209631406555339 ) ) ;
#615 = CARTESIAN_POINT ( 'NONE',  ( 37.25000000000000000, -9.870528157741224717, 5.696529249119011595 ) ) ;
#616 = ORIENTED_EDGE ( 'NONE', *, *, #1781, .F. ) ;
#617 = CARTESIAN_POINT ( 'NONE',  ( 41.70000000000000284, 11.25833024919765890, -8.099999999999999645 ) ) ;
#618 = CARTESIAN_POINT ( 'NONE',  ( 40.70000000000000284, -16.22517537981348212, -69.20243438522481938 ) ) ;
#619 = CARTESIAN_POINT ( 'NONE',  ( 40.70000000000000284, 24.73566780125120701, -58.00378085113812432 ) ) ;
#620 = CARTESIAN_POINT ( 'NONE',  ( 40.70000000000000284, -20.64368571587785084, -57.20243438522478385 ) ) ;
#621 = DIRECTION ( 'NONE',  ( 1.000000000000000000, 0.000000000000000000, 0.000000000000000000 ) ) ;
#622 = CARTESIAN_POINT ( 'NONE',  ( 38.25000000000000000, -24.41551190413268912, -58.33998088607259547 ) ) ;
#623 = CARTESIAN_POINT ( 'NONE',  ( 38.25000000000000000, -18.50405903950113640, 6.283205338062553658 ) ) ;
#624 = EDGE_CURVE ( 'NONE', #2074, #504, #1992, .T. ) ;
#625 = DIRECTION ( 'NONE',  ( 0.000000000000000000, 0.000000000000000000, -1.000000000000000000 ) ) ;
#626 = ORIENTED_EDGE ( 'NONE', *, *, #3512, .T. ) ;
#627 = CARTESIAN_POINT ( 'NONE',  ( 43.25000000000000711, -14.40850613026412574, -6.292030152877984506 ) ) ;
#628 = CARTESIAN_POINT ( 'NONE',  ( 40.21666666666665435, 11.25833024919765535, -4.899999999999999467 ) ) ;
#629 = DIRECTION ( 'NONE',  ( 1.000000000000000000, 0.000000000000000000, 0.000000000000000000 ) ) ;
#630 = CARTESIAN_POINT ( 'NONE',  ( 43.24999999999999289, 1.921826014486731848, -15.50506152581739094 ) ) ;
#631 = CARTESIAN_POINT ( 'NONE',  ( 38.58333333333333570, 33.18655656587863234, -50.00000000000005684 ) ) ;
#632 = CARTESIAN_POINT ( 'NONE',  ( 38.25000000000000000, -22.79368571587784942, -54.77100004334069894 ) ) ;
#633 = CARTESIAN_POINT ( 'NONE',  ( 37.25000000000000000, -9.709290939634175999, 6.084680855496100271 ) ) ;
#634 = ORIENTED_EDGE ( 'NONE', *, *, #2133, .T. ) ;
#635 = CARTESIAN_POINT ( 'NONE',  ( 43.25000000000000000, 29.16521858132038147, -53.83712102464564708 ) ) ;
#636 = FACE_OUTER_BOUND ( 'NONE', #3513, .T. ) ;
#637 = DIRECTION ( 'NONE',  ( 0.000000000000000000, 0.000000000000000000, 1.000000000000000000 ) ) ;
#638 = CARTESIAN_POINT ( 'NONE',  ( 37.25000000000000000, 12.53052020661258936, 5.523503463078732523 ) ) ;
#639 = CARTESIAN_POINT ( 'NONE',  ( 42.39999999999999858, -22.79368571587785652, -53.07100004334068899 ) ) ;
#640 = CARTESIAN_POINT ( 'NONE',  ( 37.24999999999999289, -0.7097631087104038228, -14.43768155160790378 ) ) ;
#641 = ORIENTED_EDGE ( 'NONE', *, *, #3667, .F. ) ;
#642 = CARTESIAN_POINT ( 'NONE',  ( 38.25000000000000000, -6.283205338062648693, 18.50405903950110797 ) ) ;
#643 = CARTESIAN_POINT ( 'NONE',  ( 38.25000000000000000, 21.43804414090960009, -55.29917559787142523 ) ) ;
#644 = CARTESIAN_POINT ( 'NONE',  ( 41.70000000000000284, -12.53779719703484652, -7.483274751959772431 ) ) ;
#645 = CARTESIAN_POINT ( 'NONE',  ( 37.25000000000000000, -11.25833024919776015, -8.099999999999900169 ) ) ;
#646 = CARTESIAN_POINT ( 'NONE',  ( 37.25000000000001421, -10.05234868329493025, -7.556958938919832391 ) ) ;
#647 = B_SPLINE_CURVE_WITH_KNOTS ( 'NONE', 3,
 ( #161, #3969, #2955, #1406, #3262, #2895, #1389, #1334, #1692, #3245, #1672, #2046, #3281, #2976, #734, #3222, #82, #3942 ),
 .UNSPECIFIED., .F., .F.,
 ( 4, 2, 2, 2, 2, 2, 2, 2, 4 ),
 ( 0.000000000000000000, 0.1250000000000000000, 0.2500000000000000000, 0.3750000000000000000, 0.5000000000000000000, 0.6250000000000000000, 0.7500000000000000000, 0.8750000000000000000, 1.000000000000000000 ),
 .UNSPECIFIED. ) ;
#648 = CARTESIAN_POINT ( 'NONE',  ( 37.25000000000001421, 15.22977977611840572, -8.790340798864070493 ) ) ;
#649 = CARTESIAN_POINT ( 'NONE',  ( 38.25000000000000000, -32.85322323254529664, -50.00000000000000000 ) ) ;
#650 = EDGE_CURVE ( 'NONE', #1300, #2741, #3294, .T. ) ;
#651 = ORIENTED_EDGE ( 'NONE', *, *, #1486, .F. ) ;
#652 = CARTESIAN_POINT ( 'NONE',  ( 41.70000000000000284, 11.25833024919765890, -4.899999999999999467 ) ) ;
#653 = CARTESIAN_POINT ( 'NONE',  ( 43.24999999999999289, -11.20734466308865684, -65.18503792492653304 ) ) ;
#654 = CARTESIAN_POINT ( 'NONE',  ( 37.24999999999999289, -1.056959165795586797, 11.79401856790171443 ) ) ;
#655 = CARTESIAN_POINT ( 'NONE',  ( 39.06666666666666288, -14.07517537981348532, -66.77100004334070604 ) ) ;
#656 = B_SPLINE_CURVE_WITH_KNOTS ( 'NONE', 3,
 ( #2462, #1214, #3744, #3066, #2720, #1786, #816, #2397, #1147, #1523, #2095, #3023, #506, #3421, #1436, #2480, #549, #1842, #833, #2159, #226, #3995, #2117, #855, #3335, #1866, #897, #3110, #3356, #528, #3377, #3975, #2418, #3679, #567, #2735, #3088, #3723, #1124, #205, #2697, #186, #589, #1191, #3656, #1478, #3048, #1806, #875, #247, #1501, #4013, #1168, #2440, #4057, #3700, #2777, #2181, #961, #1277 ),
 .UNSPECIFIED., .F., .F.,
 ( 4, 2, 2, 2, 2, 2, 2, 2, 2, 2, 2, 2, 2, 2, 2, 2, 2, 2, 2, 2, 2, 2, 2, 2, 2, 2, 2, 2, 2, 4 ),
 ( 0.000000000000000000, 0.06249999999999981959, 0.09374999999999972244, 0.1249999999999996114, 0.1562499999999995559, 0.1874999999999994726, 0.2187499999999994726, 0.2499999999999995004, 0.2812499999999995004, 0.3124999999999995559, 0.3437499999999995559, 0.3749999999999995559, 0.4062499999999996114, 0.4374999999999996114, 0.4687499999999996669, 0.4999999999999996669, 0.5312499999999996669, 0.5624999999999996669, 0.5937499999999997780, 0.6249999999999997780, 0.6562499999999997780, 0.6874999999999997780, 0.7187499999999997780, 0.7499999999999997780, 0.7812499999999998890, 0.8124999999999998890, 0.8437499999999998890, 0.8749999999999998890, 0.9375000000000000000, 1.000000000000000000 ),
 .UNSPECIFIED. ) ;
#657 = AXIS2_PLACEMENT_3D ( 'NONE', #2850, #933, #3778 ) ;
#658 = CARTESIAN_POINT ( 'NONE',  ( 37.25000000000000000, -10.45075060252872312, 7.897012086696894251 ) ) ;
#659 = VERTEX_POINT ( 'NONE', #214 ) ;
#660 = CARTESIAN_POINT ( 'NONE',  ( 43.25000000000000000, -12.12244201704842261, -76.75032312633481979 ) ) ;
#661 = CARTESIAN_POINT ( 'NONE',  ( 38.25000000000001421, -14.55894550857940573, 29.52955989786745405 ) ) ;
#662 = CARTESIAN_POINT ( 'NONE',  ( 37.25000000000000000, -12.85818960711132242, 6.605374575102358037 ) ) ;
#663 = CARTESIAN_POINT ( 'NONE',  ( 37.25000000000000711, 1.599859423618113619, -13.10537491008976829 ) ) ;
#664 = AXIS2_PLACEMENT_3D ( 'NONE', #1742, #3948, #3314 ) ;
#665 = CARTESIAN_POINT ( 'NONE',  ( 40.70000000000000284, 24.95106832112642437, -56.35824209196825052 ) ) ;
#666 = EDGE_CURVE ( 'NONE', #1233, #556, #2706, .T. ) ;
#667 = CARTESIAN_POINT ( 'NONE',  ( 37.25000000000000000, -9.090639485424858231E-14, -14.59999999999999964 ) ) ;
#668 = CONICAL_SURFACE ( 'NONE', #388, 3.149999999999999023, 0.7853981633974476129 ) ;
#669 = ORIENTED_EDGE ( 'NONE', *, *, #2635, .T. ) ;
#670 = CARTESIAN_POINT ( 'NONE',  ( 39.24999999999998579, -29.97897637808378235, 14.78052111176351069 ) ) ;
#671 = CARTESIAN_POINT ( 'NONE',  ( 41.91666666666666430, -30.68655656587863234, -50.00000000000000711 ) ) ;
#672 = CARTESIAN_POINT ( 'NONE',  ( 42.39999999999999147, -14.07517537981348887, -65.07100004334070320 ) ) ;
#673 = FACE_OUTER_BOUND ( 'NONE', #1904, .T. ) ;
#674 = DIRECTION ( 'NONE',  ( 0.000000000000000000, 0.000000000000000000, -1.000000000000000000 ) ) ;
#675 = CARTESIAN_POINT ( 'NONE',  ( 43.25000000000000000, 15.36934432998613786, -73.49880378563531735 ) ) ;
#676 = CARTESIAN_POINT ( 'NONE',  ( 37.25000000000000711, 13.95079233010268460, -10.70486789463564392 ) ) ;
#677 = VERTEX_POINT ( 'NONE', #3881 ) ;
#678 = CARTESIAN_POINT ( 'NONE',  ( 34.24999999999998579, -1.186086693741759790, -18.07499999972614191 ) ) ;
#679 = CARTESIAN_POINT ( 'NONE',  ( 43.25000000000000711, -11.18463937024044341, -72.67776919922404488 ) ) ;
#680 = CARTESIAN_POINT ( 'NONE',  ( 43.25000000000000000, 2.734181497070319988, -14.57892352912974587 ) ) ;
#681 = CARTESIAN_POINT ( 'NONE',  ( 43.25000000000000711, 9.860671046361138892, -9.330796406422617650 ) ) ;
#682 = CARTESIAN_POINT ( 'NONE',  ( 38.25000000000000000, -20.71161691938726790, -57.47633564694551467 ) ) ;
#683 = CARTESIAN_POINT ( 'NONE',  ( 41.69999999999999574, 9.978863301360567206, -5.516725248040136975 ) ) ;
#684 = ORIENTED_EDGE ( 'NONE', *, *, #2983, .F. ) ;
#685 = CARTESIAN_POINT ( 'NONE',  ( 37.25000000000001421, 12.23301725177392818, -7.773399049655879800 ) ) ;
#686 = CARTESIAN_POINT ( 'NONE',  ( 43.25000000000000000, -9.439945648036985659, -77.81081796504690828 ) ) ;
#687 = CARTESIAN_POINT ( 'NONE',  ( 38.25000000000000711, -16.46441497102335560, 28.51106525097700128 ) ) ;
#688 = CARTESIAN_POINT ( 'NONE',  ( 37.24999999999999289, 3.993921143242762373, 17.12494729766758184 ) ) ;
#689 = CARTESIAN_POINT ( 'NONE',  ( 39.24999999999999289, -33.35322323254529664, -16.66666666666667140 ) ) ;
#690 = ADVANCED_FACE ( 'NONE', ( #3865 ), #1941, .F. ) ;
#691 = CARTESIAN_POINT ( 'NONE',  ( 43.25000000000001421, -2.374567616616718446, 10.91954616175185500 ) ) ;
#692 = CARTESIAN_POINT ( 'NONE',  ( 34.25000000000001421, -8.641448524175935120, 17.52724272843904885 ) ) ;
#693 = CARTESIAN_POINT ( 'NONE',  ( 37.25000000000000000, -1.590061567464540637, -13.20908632029980900 ) ) ;
#694 = CARTESIAN_POINT ( 'NONE',  ( 39.06666666666666288, -22.79368571587784942, -59.07100004334069610 ) ) ;
#695 = CARTESIAN_POINT ( 'NONE',  ( 41.69999999999998863, -1.600000000000094236, -12.79056048976068460 ) ) ;
#696 = CARTESIAN_POINT ( 'NONE',  ( 38.24999999999999289, 22.29969396252926117, -54.83919129546598725 ) ) ;
#697 = CARTESIAN_POINT ( 'NONE',  ( 38.25000000000000000, 24.93857254621080699, -56.36303355455570596 ) ) ;
#698 = ORIENTED_EDGE ( 'NONE', *, *, #3031, .T. ) ;
#699 = CARTESIAN_POINT ( 'NONE',  ( 43.25000000000000000, 0.000000000000000000, -50.00000000000000000 ) ) ;
#700 = CARTESIAN_POINT ( 'NONE',  ( 40.69999999999999574, -11.98113412497660057, -69.48375799471315872 ) ) ;
#701 = FACE_OUTER_BOUND ( 'NONE', #1338, .T. ) ;
#702 = CARTESIAN_POINT ( 'NONE',  ( 38.25000000000001421, -15.03039020272219517, -66.98970972038144112 ) ) ;
#703 = CARTESIAN_POINT ( 'NONE',  ( 43.25000000000000000, 29.35322323254530019, -50.00000000000000000 ) ) ;
#704 = ORIENTED_EDGE ( 'NONE', *, *, #2510, .T. ) ;
#705 = CARTESIAN_POINT ( 'NONE',  ( 37.24999999999999289, 12.64734143258763233, -5.698338782924382784 ) ) ;
#706 = CARTESIAN_POINT ( 'NONE',  ( 43.24999999999999289, 3.830209960257402457, -79.11835165110188939 ) ) ;
#707 = CARTESIAN_POINT ( 'NONE',  ( 43.25000000000000000, 11.25833024919771930, 9.650000000000000355 ) ) ;
#708 = CARTESIAN_POINT ( 'NONE',  ( 43.25000000000000000, -12.83725377654054611, -9.234181498707361158 ) ) ;
#709 = CARTESIAN_POINT ( 'NONE',  ( 34.74999999928449768, -1.155557966632341862E-30, -17.57499999999999929 ) ) ;
#710 = CARTESIAN_POINT ( 'NONE',  ( 37.25000000000000000, 11.96803125981135807, 5.061988104523660326 ) ) ;
#711 = CARTESIAN_POINT ( 'NONE',  ( 34.25000000000000000, -19.37430128635114102, 2.552512472701023327 ) ) ;
#712 = EDGE_CURVE ( 'NONE', #3311, #1116, #1177, .T. ) ;
#713 = CARTESIAN_POINT ( 'NONE',  ( 41.70000000000000284, -1.959434878635764984E-16, 11.40000000000000036 ) ) ;
#714 = CARTESIAN_POINT ( 'NONE',  ( 34.74999999928449057, 17.01289260065449938, -4.556891141547872337 ) ) ;
#715 = CARTESIAN_POINT ( 'NONE',  ( 41.69999999999998863, -11.46776975943708266, -4.899999999999897327 ) ) ;
#716 = CARTESIAN_POINT ( 'NONE',  ( 38.25000000000000000, 13.44819279396859280, -66.87960837649546875 ) ) ;
#717 = CARTESIAN_POINT ( 'NONE',  ( 39.24999999999999289, 2.182963355852179266, 33.35322323254529664 ) ) ;
#718 = CARTESIAN_POINT ( 'NONE',  ( 37.25000000000000000, -7.258090551182862171, -16.01672087529960109 ) ) ;
#719 = CARTESIAN_POINT ( 'NONE',  ( 38.25000000000001421, 24.78831763381773001, -55.96578580431270211 ) ) ;
#720 = CARTESIAN_POINT ( 'NONE',  ( 40.70000000000000995, 14.41995107210930449, -71.07100004334070320 ) ) ;
#721 = FACE_BOUND ( 'NONE', #1449, .T. ) ;
#722 = CARTESIAN_POINT ( 'NONE',  ( 43.25000000000000000, 11.25833024919771930, 6.500000000000000000 ) ) ;
#723 = CARTESIAN_POINT ( 'NONE',  ( 41.70000000000000284, -11.25833024919761982, 4.900000000000130029 ) ) ;
#724 = EDGE_LOOP ( 'NONE', ( #1104, #2485 ) ) ;
#725 = CARTESIAN_POINT ( 'NONE',  ( 39.24999999999999289, 29.97897637808383564, -64.78052111176344852 ) ) ;
#726 = CARTESIAN_POINT ( 'NONE',  ( 37.25000000000000000, 0.5148859729547780040, -14.51840260855950682 ) ) ;
#727 = CARTESIAN_POINT ( 'NONE',  ( 43.25000000000000000, -1.578923527344025191, 10.26581850129429796 ) ) ;
#728 = CARTESIAN_POINT ( 'NONE',  ( 34.25000000000000000, -19.50000000000000000, -1.276272015520920622 ) ) ;
#729 = CARTESIAN_POINT ( 'NONE',  ( 34.25000000000000000, 2.186221322889190062E-15, -18.07499999972614901 ) ) ;
#730 = CARTESIAN_POINT ( 'NONE',  ( 41.70000000000000284, -0.4187966149749337563, -14.55835628266931359 ) ) ;
#731 = AXIS2_PLACEMENT_3D ( 'NONE', #3826, #3441, #2815 ) ;
#732 = CARTESIAN_POINT ( 'NONE',  ( 34.74999999928448347, 8.807723098203815937, -15.25214035283864433 ) ) ;
#733 = AXIS2_PLACEMENT_3D ( 'NONE', #722, #358, #3510 ) ;
#734 = CARTESIAN_POINT ( 'NONE',  ( 40.70000000000000284, 21.77424625849212347, -58.79964077830236846 ) ) ;
#735 = CARTESIAN_POINT ( 'NONE',  ( 38.74999999999999289, -33.35322323254530374, -52.18296335585219481 ) ) ;
#736 = CARTESIAN_POINT ( 'NONE',  ( 43.25000000000000000, -21.27809801471549989, -52.46172543142434108 ) ) ;
#737 = CARTESIAN_POINT ( 'NONE',  ( 37.25000000000000000, -16.65141730375268736, -5.652353939327749544 ) ) ;
#738 = CARTESIAN_POINT ( 'NONE',  ( 38.25000000000000000, 23.14010371019148238, -59.05736179291562138 ) ) ;
#739 = EDGE_CURVE ( 'NONE', #1221, #2478, #2566, .T. ) ;
#740 = CARTESIAN_POINT ( 'NONE',  ( 41.70000000000000284, 1.959434878635764984E-16, 14.59999999999999964 ) ) ;
#741 = CARTESIAN_POINT ( 'NONE',  ( 38.91666666666667140, 1.399488818983411852E-13, 33.35322323254529664 ) ) ;
#742 = EDGE_CURVE ( 'NONE', #3884, #43, #2331, .T. ) ;
#743 = CARTESIAN_POINT ( 'NONE',  ( 38.24999999999999289, -14.35936207506375695, -71.07100004334070320 ) ) ;
#744 = B_SPLINE_CURVE_WITH_KNOTS ( 'NONE', 3,
 ( #540, #3987, #1161, #157 ),
 .UNSPECIFIED., .F., .F.,
 ( 4, 4 ),
 ( 0.000000000000000000, 1.000000000000000000 ),
 .UNSPECIFIED. ) ;
#745 = ORIENTED_EDGE ( 'NONE', *, *, #3852, .T. ) ;
#746 = CARTESIAN_POINT ( 'NONE',  ( 39.24999999999999289, 26.51940212992065682, -70.34512569842107155 ) ) ;
#747 = CARTESIAN_POINT ( 'NONE',  ( 41.70000000000000284, 0.2094395102393166175, 14.60000000000000142 ) ) ;
#748 = B_SPLINE_CURVE_WITH_KNOTS ( 'NONE', 3,
 ( #3934, #1087, #1629, #3600 ),
 .UNSPECIFIED., .F., .F.,
 ( 4, 4 ),
 ( 0.000000000000000000, 1.000000000000000000 ),
 .UNSPECIFIED. ) ;
#749 = CARTESIAN_POINT ( 'NONE',  ( 43.25000000000000000, -9.178125144339805530, -4.125681116771086288 ) ) ;
#750 = CARTESIAN_POINT ( 'NONE',  ( 43.25000000000000000, 18.63216125255698685, -59.00250023804633059 ) ) ;
#751 = CARTESIAN_POINT ( 'NONE',  ( 43.24999999999998579, -16.44157204422493379, -64.81433618001837260 ) ) ;
#752 = CARTESIAN_POINT ( 'NONE',  ( 43.25000000000000000, 14.24797489868526057, -7.513246419874424653 ) ) ;
#753 = CARTESIAN_POINT ( 'NONE',  ( 39.25000000000000000, 33.13822542452609099, 4.365872733633663572 ) ) ;
#754 = CARTESIAN_POINT ( 'NONE',  ( 37.25000000000000000, -10.24333560964872625, -14.29298085196011669 ) ) ;
#755 = CARTESIAN_POINT ( 'NONE',  ( 34.74999999928448347, -13.97401651959577507, 10.72057059243519817 ) ) ;
#756 = CARTESIAN_POINT ( 'NONE',  ( 37.25000000000000000, 11.25833024919771930, 4.899999999999999467 ) ) ;
#757 = ADVANCED_FACE ( 'NONE', ( #1965, #1266, #3195, #2227, #2546, #3815, #364 ), #2889, .T. ) ;
#758 = CARTESIAN_POINT ( 'NONE',  ( 34.24999999999998579, 15.50459869884029551, 11.89480094181997494 ) ) ;
#759 = CARTESIAN_POINT ( 'NONE',  ( 0.000000000000000000, 8.673617379883829737E-14, -9.999999999999758415 ) ) ;
#760 = CARTESIAN_POINT ( 'NONE',  ( 38.25000000000000000, -14.07517537981347999, -71.07100004334070320 ) ) ;
#761 = ORIENTED_EDGE ( 'NONE', *, *, #520, .F. ) ;
#762 = CARTESIAN_POINT ( 'NONE',  ( 38.25000000000000000, 32.85322323254529664, -1.713653106460060033E-15 ) ) ;
#763 = FACE_OUTER_BOUND ( 'NONE', #586, .T. ) ;
#764 = FACE_OUTER_BOUND ( 'NONE', #2218, .T. ) ;
#765 = DIRECTION ( 'NONE',  ( 0.000000000000000000, 0.000000000000000000, -1.000000000000000000 ) ) ;
#766 = CARTESIAN_POINT ( 'NONE',  ( 41.70000000000000995, -9.699973966528453673, -6.918796614974747961 ) ) ;
#767 = CARTESIAN_POINT ( 'NONE',  ( 38.75000000000000000, -33.35322323254529664, -50.00000000000000000 ) ) ;
#768 = VERTEX_POINT ( 'NONE', #344 ) ;
#769 = CARTESIAN_POINT ( 'NONE',  ( -26.04596033538502908, 41.38962461263888315, -10.41666666666605856 ) ) ;
#770 = CARTESIAN_POINT ( 'NONE',  ( 37.24999999999999289, -17.12494729767533386, 3.993921143224216319 ) ) ;
#771 = CARTESIAN_POINT ( 'NONE',  ( 34.74999999928449057, -5.662940195715331804, 16.67737628816576390 ) ) ;
#772 = CARTESIAN_POINT ( 'NONE',  ( 38.25000000000000000, -22.79368571587784942, -54.77100004334069894 ) ) ;
#773 = CARTESIAN_POINT ( 'NONE',  ( 40.58333333333332860, 32.01988989921196804, 5.172955940060067784E-14 ) ) ;
#774 = FACE_OUTER_BOUND ( 'NONE', #596, .T. ) ;
#775 = EDGE_CURVE ( 'NONE', #2741, #3541, #936, .T. ) ;
#776 = CARTESIAN_POINT ( 'NONE',  ( 37.25000000000000000, -11.46976104964373100, -4.899999999999899103 ) ) ;
#777 = VERTEX_POINT ( 'NONE', #53 ) ;
#778 = CARTESIAN_POINT ( 'NONE',  ( 38.25000000000002132, 32.64144846846582482, 4.300423695871992358 ) ) ;
#779 = CARTESIAN_POINT ( 'NONE',  ( 38.75000000000000000, -33.35322323254529664, -9.573262048355590951E-17 ) ) ;
#780 = CARTESIAN_POINT ( 'NONE',  ( 43.25000000000000711, -25.68422172547658633, -53.16423088747817616 ) ) ;
#781 = CARTESIAN_POINT ( 'NONE',  ( 43.25000000000000000, -3.149824118933885142, -13.20796984712475997 ) ) ;
#782 = EDGE_CURVE ( 'NONE', #332, #525, #2607, .T. ) ;
#783 = CYLINDRICAL_SURFACE ( 'NONE', #2705, 1.599999999999999867 ) ;
#784 = CARTESIAN_POINT ( 'NONE',  ( 38.25000000000000000, 14.13851673022521993, -71.07100004334070320 ) ) ;
#785 = CARTESIAN_POINT ( 'NONE',  ( 38.75000000000000000, -33.35322323254529664, -9.573262048355590951E-17 ) ) ;
#786 = CARTESIAN_POINT ( 'NONE',  ( 41.70000000000000284, -9.978863301360533455, 7.483274751959997140 ) ) ;
#787 = CARTESIAN_POINT ( 'NONE',  ( 41.70000000000000284, -10.45253988060431993, -7.898058221366715870 ) ) ;
#788 = ADVANCED_FACE ( 'NONE', ( #763 ), #1382, .F. ) ;
#789 = VERTEX_POINT ( 'NONE', #2948 ) ;
#790 = CARTESIAN_POINT ( 'NONE',  ( 43.25000000000000000, -20.42728905126810091, -61.02766390661250284 ) ) ;
#791 = CARTESIAN_POINT ( 'NONE',  ( 37.25000000000000000, -12.83483376863229353, 12.01986833354961703 ) ) ;
#792 = CONICAL_SURFACE ( 'NONE', #1663, 29.35322323254530019, 0.7853981633974476129 ) ;
#793 = CARTESIAN_POINT ( 'NONE',  ( 37.24999999999999289, 10.54856714048917432, -7.937681551608031683 ) ) ;
#794 = VERTEX_POINT ( 'NONE', #444 ) ;
#795 = CARTESIAN_POINT ( 'NONE',  ( 34.25000000000000711, -11.00944271027792709, -14.34766356271573962 ) ) ;
#796 = CARTESIAN_POINT ( 'NONE',  ( 37.25000000000000000, 11.25833024919771930, 8.099999999999999645 ) ) ;
#797 = CARTESIAN_POINT ( 'NONE',  ( 43.25000000000000711, 2.374567616616321875, -10.91954616175138071 ) ) ;
#798 = CARTESIAN_POINT ( 'NONE',  ( 43.25000000000000711, -26.87290657960031481, -59.27510774368772672 ) ) ;
#799 = CARTESIAN_POINT ( 'NONE',  ( 43.25000000000000000, -2.734181497069195554, -11.42107647086596955 ) ) ;
#800 = CARTESIAN_POINT ( 'NONE',  ( 43.25000000000000000, 29.30622206973906785, 1.922041863510584037 ) ) ;
#801 = CARTESIAN_POINT ( 'NONE',  ( 43.24999999999999289, 19.12103314768739537, -54.05320114948839461 ) ) ;
#802 = ORIENTED_EDGE ( 'NONE', *, *, #3328, .T. ) ;
#803 = DIRECTION ( 'NONE',  ( 1.000000000000000000, 0.000000000000000000, 0.000000000000000000 ) ) ;
#804 = EDGE_CURVE ( 'NONE', #2628, #3235, #2540, .T. ) ;
#805 = CARTESIAN_POINT ( 'NONE',  ( 38.74999999999999289, 14.78052111176343431, -79.97897637808380011 ) ) ;
#806 = DIRECTION ( 'NONE',  ( 0.000000000000000000, 0.000000000000000000, -1.000000000000000000 ) ) ;
#807 = CARTESIAN_POINT ( 'NONE',  ( 37.24999999999999289, 1.437752144097712792, 12.29040658179543932 ) ) ;
#808 = CARTESIAN_POINT ( 'NONE',  ( 38.75000000000000000, -1.361530602432789986E-15, -83.35322323254530374 ) ) ;
#809 = ORIENTED_EDGE ( 'NONE', *, *, #554, .T. ) ;
#810 = CARTESIAN_POINT ( 'NONE',  ( 43.24999999999999289, -19.05769179730433294, -59.78879893722128003 ) ) ;
#811 = CARTESIAN_POINT ( 'NONE',  ( 43.25000000000000000, 23.16418807418994419, -52.22100004334069467 ) ) ;
#812 = CARTESIAN_POINT ( 'NONE',  ( 40.70000000000000284, -22.79368571587784942, -54.77100004334069894 ) ) ;
#813 = CARTESIAN_POINT ( 'NONE',  ( 37.25000000000000000, 9.870528443362040605, -5.696528824117844891 ) ) ;
#814 = VERTEX_POINT ( 'NONE', #4015 ) ;
#815 = CARTESIAN_POINT ( 'NONE',  ( 34.25000000000000000, -18.04616491197510797, 1.182882272791685896 ) ) ;
#816 = CARTESIAN_POINT ( 'NONE',  ( 34.25000000000000711, 6.368119957735632219, -16.92655482690765467 ) ) ;
#817 = CARTESIAN_POINT ( 'NONE',  ( 43.25000000000000000, -22.79368571587784942, -61.62100004334070036 ) ) ;
#818 = DIRECTION ( 'NONE',  ( 1.000000000000000000, 0.000000000000000000, 0.000000000000000000 ) ) ;
#819 = CARTESIAN_POINT ( 'NONE',  ( 42.73333333333333428, -9.630319908250518440E-14, -10.36666666666666536 ) ) ;
#820 = ORIENTED_EDGE ( 'NONE', *, *, #2477, .T. ) ;
#821 = CARTESIAN_POINT ( 'NONE',  ( 43.24999999999999289, 8.207974541177593508, 7.314226775667594715 ) ) ;
#822 = CARTESIAN_POINT ( 'NONE',  ( 38.24999999999999289, 12.27358982765745843, -70.00056256208449668 ) ) ;
#823 = CARTESIAN_POINT ( 'NONE',  ( 43.25000000000000711, 13.33853535405554958, -4.125681116771001911 ) ) ;
#824 = EDGE_CURVE ( 'NONE', #3045, #1256, #1152, .T. ) ;
#825 = EDGE_LOOP ( 'NONE', ( #4078, #1974, #1820, #3449 ) ) ;
#826 = CARTESIAN_POINT ( 'NONE',  ( 38.75000000000000000, -22.04070213015659618, 25.12787851416635476 ) ) ;
#827 = CARTESIAN_POINT ( 'NONE',  ( 41.69999999999998863, 11.67712686417256762, 4.941643717330691743 ) ) ;
#828 = CARTESIAN_POINT ( 'NONE',  ( 41.69999999999998863, -12.53779719703470263, 5.516725248040258656 ) ) ;
#829 = EDGE_CURVE ( 'NONE', #2628, #2285, #1497, .T. ) ;
#830 = EDGE_LOOP ( 'NONE', ( #3943, #2913, #2860, #516 ) ) ;
#831 = CARTESIAN_POINT ( 'NONE',  ( 34.25000000000000711, -10.53589857314293354, 14.69866923532688219 ) ) ;
#832 = B_SPLINE_CURVE_WITH_KNOTS ( 'NONE', 3,
 ( #3002, #3974, #505, #3021, #4056, #1190, #165, #874, #1477, #2439, #1146, #831, #3654, #3376, #2158, #854, #3396, #2116, #527, #3353, #548, #1455, #3318, #1435, #2719, #1805, #2396, #204, #1213, #815, #1841, #3994, #2461, #4012, #2695, #1123, #3047, #566, #2417, #2734, #1167, #3698, #225, #1500, #3087, #245, #1522, #2776, #3634, #795, #940, #3760, #3146, #334, #310, #2202, #3487, #2257, #678, #6 ),
 .UNSPECIFIED., .F., .F.,
 ( 4, 2, 2, 2, 2, 2, 2, 2, 2, 2, 2, 2, 2, 2, 2, 2, 2, 2, 2, 2, 2, 2, 2, 2, 2, 2, 2, 2, 2, 4 ),
 ( 0.000000000000000000, 0.06250000000000008327, 0.09375000000000012490, 0.1250000000000001665, 0.1562500000000002220, 0.1875000000000002498, 0.2187500000000002220, 0.2500000000000002220, 0.2812500000000002220, 0.3125000000000001665, 0.3437500000000001665, 0.3750000000000001665, 0.4062500000000001665, 0.4375000000000001110, 0.4687500000000001665, 0.5000000000000002220, 0.5312500000000002220, 0.5625000000000003331, 0.5937500000000003331, 0.6250000000000003331, 0.6562500000000004441, 0.6875000000000004441, 0.7187500000000005551, 0.7500000000000005551, 0.7812500000000004441, 0.8125000000000004441, 0.8437500000000003331, 0.8750000000000002220, 0.9375000000000001110, 1.000000000000000000 ),
 .UNSPECIFIED. ) ;
#833 = CARTESIAN_POINT ( 'NONE',  ( 34.25000000000000000, 14.69878824174324983, -10.53597809074527270 ) ) ;
#834 = FACE_OUTER_BOUND ( 'NONE', #866, .T. ) ;
#835 = CARTESIAN_POINT ( 'NONE',  ( 43.25000000000001421, 0.8204540079939285357, 9.929926490863147492 ) ) ;
#836 = CARTESIAN_POINT ( 'NONE',  ( 43.25000000000000711, 20.07514486065761616, 21.43670808986372833 ) ) ;
#837 = CARTESIAN_POINT ( 'NONE',  ( 43.25000000000000000, 11.25833024919765890, -9.650000000000000355 ) ) ;
#838 = CARTESIAN_POINT ( 'NONE',  ( 34.25000000000000000, -12.88612163632419616, -14.69104282995114907 ) ) ;
#839 = ORIENTED_EDGE ( 'NONE', *, *, #97, .T. ) ;
#840 = B_SPLINE_CURVE_WITH_KNOTS ( 'NONE', 3,
 ( #3347, #1496, #2752, #869, #2456, #3392, #1557, #3464, #2855, #60, #2554, #3823, #978, #2198, #4110, #3885, #1638, #2615, #3180, #323, #34, #3842, #3696, #957, #1862, #2795, #3369, #1185, #2411, #2432 ),
 .UNSPECIFIED., .F., .F.,
 ( 4, 2, 2, 2, 2, 2, 2, 2, 2, 2, 2, 2, 2, 2, 4 ),
 ( 0.000000000000000000, 0.06250000000000027756, 0.1250000000000005551, 0.1875000000000008327, 0.2500000000000011102, 0.3125000000000013878, 0.3750000000000016653, 0.4375000000000019429, 0.5000000000000022204, 0.5625000000000024425, 0.6250000000000027756, 0.6875000000000031086, 0.7500000000000033307, 0.8750000000000016653, 1.000000000000000000 ),
 .UNSPECIFIED. ) ;
#841 = CARTESIAN_POINT ( 'NONE',  ( 43.25000000000000000, 14.13851673022521993, -73.62100004334071457 ) ) ;
#842 = CARTESIAN_POINT ( 'NONE',  ( 43.25000000000000711, 14.08912665453224200, 5.102340795975137233 ) ) ;
#843 = CARTESIAN_POINT ( 'NONE',  ( 40.21666666666665435, 11.25833024919765890, -8.099999999999999645 ) ) ;
#844 = ORIENTED_EDGE ( 'NONE', *, *, #2144, .T. ) ;
#845 = CARTESIAN_POINT ( 'NONE',  ( 40.21666666666665435, -11.25833024919776015, -8.099999999999900169 ) ) ;
#846 = CARTESIAN_POINT ( 'NONE',  ( 41.70000000000000284, 11.25833024919771930, 4.899999999999999467 ) ) ;
#847 = AXIS2_PLACEMENT_3D ( 'NONE', #2583, #629, #1957 ) ;
#848 = ADVANCED_FACE ( 'NONE', ( #834 ), #1236, .F. ) ;
#849 = DIRECTION ( 'NONE',  ( 1.000000000000000000, 0.000000000000000000, 0.000000000000000000 ) ) ;
#850 = CARTESIAN_POINT ( 'NONE',  ( 41.70000000000000284, -12.65638847056442984, 5.694209631406684124 ) ) ;
#851 = UNCERTAINTY_MEASURE_WITH_UNIT (LENGTH_MEASURE( 1.000000000000000082E-05 ), #1770, 'distance_accuracy_value', 'NONE');
#852 = CARTESIAN_POINT ( 'NONE',  ( 37.25000000000000711, -12.53051992099325673, -5.523503038078727556 ) ) ;
#853 = ORIENTED_EDGE ( 'NONE', *, *, #650, .T. ) ;
#854 = CARTESIAN_POINT ( 'NONE',  ( 34.25000000000000000, -13.20102235069428964, 12.36078658215024717 ) ) ;
#855 = CARTESIAN_POINT ( 'NONE',  ( 34.25000000000000000, 16.92642259402533966, -6.368065185071285050 ) ) ;
#856 = CARTESIAN_POINT ( 'NONE',  ( 43.25000000000000000, -11.25833024919761982, 9.650000000000130029 ) ) ;
#857 = FACE_OUTER_BOUND ( 'NONE', #3316, .T. ) ;
#858 = CARTESIAN_POINT ( 'NONE',  ( 43.25000000000000000, 24.94112541646419956, 15.50721286294435153 ) ) ;
#859 = CARTESIAN_POINT ( 'NONE',  ( 41.70000000000000284, 11.25833024919765890, -8.099999999999999645 ) ) ;
#860 = ORIENTED_EDGE ( 'NONE', *, *, #4024, .T. ) ;
#861 = CARTESIAN_POINT ( 'NONE',  ( 43.25000000000000000, -8.524148752126690098, 4.921076470871682318 ) ) ;
#862 = CARTESIAN_POINT ( 'NONE',  ( 43.24999999999999289, 9.860378035270985109, 9.330294036547373437 ) ) ;
#863 = CARTESIAN_POINT ( 'NONE',  ( 43.25000000000000711, 13.33878379847420170, 4.125432094020974993 ) ) ;
#864 = CARTESIAN_POINT ( 'NONE',  ( 43.24999999999999289, -27.48736122265844628, 10.34354233759442288 ) ) ;
#865 = CARTESIAN_POINT ( 'NONE',  ( 43.25000000000000000, 1.397659202834004910, 15.83079640642458230 ) ) ;
#866 = EDGE_LOOP ( 'NONE', ( #2873, #1075, #3738, #223 ) ) ;
#867 = CARTESIAN_POINT ( 'NONE',  ( 37.25000000000000000, -12.77699254164443410, 7.014993899998470894 ) ) ;
#868 = CARTESIAN_POINT ( 'NONE',  ( 38.25000000000000000, -1.483117202166929948E-15, -82.85322323254530374 ) ) ;
#869 = CARTESIAN_POINT ( 'NONE',  ( 43.25000000000000711, 12.91854262391971986, -73.47002361538761761 ) ) ;
#870 = CARTESIAN_POINT ( 'NONE',  ( 37.25000000000001421, -9.708866362950635320, -6.086815346622702627 ) ) ;
#871 = CARTESIAN_POINT ( 'NONE',  ( 37.25000000000000000, 9.658470891284329340, -6.394625424901024147 ) ) ;
#872 = ADVANCED_FACE ( 'NONE', ( #3112 ), #4035, .T. ) ;
#873 = ORIENTED_EDGE ( 'NONE', *, *, #3144, .T. ) ;
#874 = CARTESIAN_POINT ( 'NONE',  ( 34.25000000000000711, -7.465886122043856155, 16.47169027287598198 ) ) ;
#875 = CARTESIAN_POINT ( 'NONE',  ( 34.24999999999999289, 11.92245041295293007, 13.59837750526602562 ) ) ;
#876 = CARTESIAN_POINT ( 'NONE',  ( 43.24999999999999289, 1.919568043603474772, -10.49342989018255423 ) ) ;
#877 = CARTESIAN_POINT ( 'NONE',  ( 38.25000000000001421, 16.17990815249675407, -68.23067552320250684 ) ) ;
#878 = CARTESIAN_POINT ( 'NONE',  ( 37.25000000000000000, -1.549463984803768124, 12.58681584910525864 ) ) ;
#879 = APPLICATION_PROTOCOL_DEFINITION ( 'draft international standard', 'automotive_design', 1998, #2110 ) ;
#880 = CARTESIAN_POINT ( 'NONE',  ( 38.24999999999999289, -12.45334919154437259, -67.50201920062012562 ) ) ;
#881 = ORIENTED_EDGE ( 'NONE', *, *, #829, .F. ) ;
#882 = B_SPLINE_CURVE_WITH_KNOTS ( 'NONE', 3,
 ( #2345, #3595, #1725, #2965 ),
 .UNSPECIFIED., .F., .F.,
 ( 4, 4 ),
 ( 0.000000000000000000, 1.000000000000000000 ),
 .UNSPECIFIED. ) ;
#883 = CARTESIAN_POINT ( 'NONE',  ( 41.69999999999998863, -9.658330249197614847, 6.290560489760812501 ) ) ;
#884 = CARTESIAN_POINT ( 'NONE',  ( 43.25000000000000000, 14.38861244808197348, 6.087590828324026759 ) ) ;
#885 = CARTESIAN_POINT ( 'NONE',  ( 43.25000000000000000, -12.12251050809622654, 26.75048847941028640 ) ) ;
#886 = DIRECTION ( 'NONE',  ( -1.000000000000000000, 0.000000000000000000, 0.000000000000000000 ) ) ;
#887 = EDGE_LOOP ( 'NONE', ( #3756, #1604, #3980, #967 ) ) ;
#888 = CARTESIAN_POINT ( 'NONE',  ( 37.25000000000000711, 6.193232096437312428, 16.45764469247850670 ) ) ;
#889 = CARTESIAN_POINT ( 'NONE',  ( 41.69999999999999574, 12.53779719703481277, 5.516725248040134311 ) ) ;
#890 = CARTESIAN_POINT ( 'NONE',  ( 38.25000000000000000, -23.07676235976860823, -54.78463829376575234 ) ) ;
#891 = B_SPLINE_CURVE_WITH_KNOTS ( 'NONE', 3,
 ( #3630, #3990, #3292, #459 ),
 .UNSPECIFIED., .F., .F.,
 ( 4, 4 ),
 ( 0.000000000000000000, 1.000000000000000000 ),
 .UNSPECIFIED. ) ;
#892 = CARTESIAN_POINT ( 'NONE',  ( 37.25000000000000000, 4.559795436132363378, -17.01216883847800787 ) ) ;
#893 = CARTESIAN_POINT ( 'NONE',  ( 37.25000000000000711, 10.05234887370832020, 7.556959222253508912 ) ) ;
#894 = UNCERTAINTY_MEASURE_WITH_UNIT (LENGTH_MEASURE( 1.000000000000000082E-05 ), #1242, 'distance_accuracy_value', 'NONE');
#895 = ORIENTED_EDGE ( 'NONE', *, *, #3348, .T. ) ;
#896 = CARTESIAN_POINT ( 'NONE',  ( 34.25000000000000000, 19.50000000000000355, -1.276272015520834024 ) ) ;
#897 = CARTESIAN_POINT ( 'NONE',  ( 34.25000000000000000, 17.61185386835880351, -4.108991777034356474 ) ) ;
#898 = CARTESIAN_POINT ( 'NONE',  ( 38.25000000000000711, 14.69695988535287690, -66.82555304504091964 ) ) ;
#899 = CARTESIAN_POINT ( 'NONE',  ( 43.24999999999999289, -1.581181498218423798, -10.26732708528866311 ) ) ;
#900 = EDGE_CURVE ( 'NONE', #533, #1878, #503, .T. ) ;
#901 = CARTESIAN_POINT ( 'NONE',  ( 38.25000000000000000, -20.71214023595861420, -56.36303355455574859 ) ) ;
#902 =( NAMED_UNIT ( * ) SI_UNIT ( $, .STERADIAN. ) SOLID_ANGLE_UNIT ( ) );
#903 = CARTESIAN_POINT ( 'NONE',  ( 38.25000000000001421, -12.76310858526677805, -70.63057277393967581 ) ) ;
#904 = B_SPLINE_CURVE_WITH_KNOTS ( 'NONE', 3,
 ( #2272, #3522, #1970, #2616, #3561, #1041, #2315, #2082, #1445, #429, #3959, #2704, #2027, #1756, #489, #3306, #1774, #448, #2974, #1734, #2993, #111, #1690, #2932, #1714, #133, #751, #2665, #2406, #3258 ),
 .UNSPECIFIED., .F., .F.,
 ( 4, 2, 2, 2, 2, 2, 2, 2, 2, 2, 2, 2, 2, 2, 4 ),
 ( 0.000000000000000000, 0.06250000000000058287, 0.1250000000000011657, 0.1875000000000010825, 0.2500000000000009992, 0.3125000000000008882, 0.3750000000000008327, 0.4375000000000007216, 0.5000000000000006661, 0.5625000000000005551, 0.6250000000000004441, 0.6875000000000004441, 0.7500000000000003331, 0.8750000000000001110, 1.000000000000000000 ),
 .UNSPECIFIED. ) ;
#905 = CARTESIAN_POINT ( 'NONE',  ( 37.25000000000000000, -9.658470825579586361, 6.394625089910884519 ) ) ;
#906 = VERTEX_POINT ( 'NONE', #856 ) ;
#907 = CARTESIAN_POINT ( 'NONE',  ( 43.25000000000000000, 8.884011076998779899, 8.580204815497520343 ) ) ;
#908 = CARTESIAN_POINT ( 'NONE',  ( 40.69999999999999574, -15.95381611477513317, -67.83821923554326361 ) ) ;
#909 = EDGE_CURVE ( 'NONE', #1233, #1227, #2922, .T. ) ;
#910 = DIRECTION ( 'NONE',  ( 0.000000000000000000, 0.000000000000000000, -1.000000000000000000 ) ) ;
#911 = CARTESIAN_POINT ( 'NONE',  ( 41.70000000000000284, 1.599999999999911271, -12.79056048976067927 ) ) ;
#912 = ORIENTED_EDGE ( 'NONE', *, *, #1342, .T. ) ;
#913 = FACE_OUTER_BOUND ( 'NONE', #602, .T. ) ;
#914 = ADVANCED_FACE ( 'NONE', ( #188 ), #1653, .F. ) ;
#915 = CARTESIAN_POINT ( 'NONE',  ( 37.25000000000000711, -9.739927640435071865, -5.985114027402907766 ) ) ;
#916 = CARTESIAN_POINT ( 'NONE',  ( 37.25000000000000711, 10.28364367387857570, 7.773399333739485328 ) ) ;
#917 = CONICAL_SURFACE ( 'NONE', #242, 3.149999999999999911, 0.7853981633974476129 ) ;
#918 = ORIENTED_EDGE ( 'NONE', *, *, #520, .T. ) ;
#919 = CARTESIAN_POINT ( 'NONE',  ( 43.25000000000000711, -14.30868595721837622, -5.685773224337841825 ) ) ;
#920 = CARTESIAN_POINT ( 'NONE',  ( 34.25000000000001421, 11.89480094181996606, -15.50459869884031328 ) ) ;
#921 = DIRECTION ( 'NONE',  ( 1.000000000000000000, 0.000000000000000000, 0.000000000000000000 ) ) ;
#922 = CARTESIAN_POINT ( 'NONE',  ( 38.25000000000000000, 16.17958409256910102, -69.61118964890954430 ) ) ;
#923 = CARTESIAN_POINT ( 'NONE',  ( 43.24999999999999289, -0.8204540079959919963, -9.929926490863145716 ) ) ;
#924 = CARTESIAN_POINT ( 'NONE',  ( 38.25000000000001421, -21.83847089295612776, -58.85229036628761889 ) ) ;
#925 = CARTESIAN_POINT ( 'NONE',  ( 41.70000000000000284, 10.27505549723785983, 5.220533052162907417 ) ) ;
#926 = CARTESIAN_POINT ( 'NONE',  ( 37.25000000000000000, -9.739927640434890677, 7.014885972597089570 ) ) ;
#927 = ORIENTED_EDGE ( 'NONE', *, *, #554, .F. ) ;
#928 = CARTESIAN_POINT ( 'NONE',  ( 43.25000000000000000, 29.35322323254530019, -50.00000000000000000 ) ) ;
#929 = CARTESIAN_POINT ( 'NONE',  ( 38.25000000000000711, -10.58582295319433797, 31.17528114527839023 ) ) ;
#930 = CARTESIAN_POINT ( 'NONE',  ( 43.24999999999999289, 12.65628246312772731, 3.669705963452559505 ) ) ;
#931 = CARTESIAN_POINT ( 'NONE',  ( 41.69999999999998863, 1.558356282669216331, -12.58120338502514990 ) ) ;
#932 = ADVANCED_FACE ( 'NONE', ( #3808 ), #3188, .F. ) ;
#933 = DIRECTION ( 'NONE',  ( 1.000000000000000000, 0.000000000000000000, 0.000000000000000000 ) ) ;
#934 = CARTESIAN_POINT ( 'NONE',  ( 43.25000000000000000, -11.67137786701904467, -9.630018377284104147 ) ) ;
#935 = CARTESIAN_POINT ( 'NONE',  ( 38.25000000000000711, -19.37430128635114457, 2.552512472701021551 ) ) ;
#936 = B_SPLINE_CURVE_WITH_KNOTS ( 'NONE', 3,
 ( #381, #2911, #1347, #3157 ),
 .UNSPECIFIED., .F., .F.,
 ( 4, 4 ),
 ( 0.000000000000000000, 1.000000000000000000 ),
 .UNSPECIFIED. ) ;
#937 = CARTESIAN_POINT ( 'NONE',  ( 37.25000000000001421, 17.34979575533882468, 2.863531612250529435 ) ) ;
#938 = CARTESIAN_POINT ( 'NONE',  ( 37.25000000000000000, 9.658189607111751229, 6.394625424897799171 ) ) ;
#939 = ORIENTED_EDGE ( 'NONE', *, *, #1905, .F. ) ;
#940 = CARTESIAN_POINT ( 'NONE',  ( 34.25000000000000000, -10.53597823139090828, -14.69878814773479903 ) ) ;
#941 = CARTESIAN_POINT ( 'NONE',  ( 40.70000000000000284, -12.75389993186741400, -70.64028375449677810 ) ) ;
#942 = CARTESIAN_POINT ( 'NONE',  ( 37.25000000000000000, -0.2114308004436682709, 14.60000000000000142 ) ) ;
#943 = CARTESIAN_POINT ( 'NONE',  ( 38.25000000000000711, -20.92875881331319121, -55.84143752459178245 ) ) ;
#944 = EDGE_LOOP ( 'NONE', ( #3324, #698 ) ) ;
#945 = CARTESIAN_POINT ( 'NONE',  ( 43.25000000000000000, 1.921366702707903551, -79.30635630232677613 ) ) ;
#946 = DIRECTION ( 'NONE',  ( 0.000000000000000000, 0.000000000000000000, -1.000000000000000000 ) ) ;
#947 = CARTESIAN_POINT ( 'NONE',  ( 43.25000000000000000, -22.79368571587784942, -52.22100004334069467 ) ) ;
#948 = CARTESIAN_POINT ( 'NONE',  ( 37.24999999999999289, -0.8034710911965198266, -14.38780189074781646 ) ) ;
#949 = CARTESIAN_POINT ( 'NONE',  ( 38.25000000000000000, -22.79368571587784942, -59.07100004334069610 ) ) ;
#950 = CARTESIAN_POINT ( 'NONE',  ( 39.25000000000000000, -4.084591807298374691E-15, 33.35322323254529664 ) ) ;
#951 = CARTESIAN_POINT ( 'NONE',  ( 38.25000000000000711, -18.50405903950110797, -6.283205338062676226 ) ) ;
#952 = CARTESIAN_POINT ( 'NONE',  ( 34.74999999928449057, 17.57499999999998153, -1.150281060142531064 ) ) ;
#953 = EDGE_CURVE ( 'NONE', #1227, #1840, #2592, .T. ) ;
#954 = CARTESIAN_POINT ( 'NONE',  ( 37.25000000000000000, -12.23482712643126469, -7.772189756708435482 ) ) ;
#955 = CARTESIAN_POINT ( 'NONE',  ( 38.24999999999999289, -23.35101881963024439, -54.83919129546597304 ) ) ;
#956 = CARTESIAN_POINT ( 'NONE',  ( 37.25000000000000000, 10.84085122539673129, 8.058597586323053008 ) ) ;
#957 = CARTESIAN_POINT ( 'NONE',  ( 43.25000000000000000, 10.40252281164960024, -66.05320114946698595 ) ) ;
#958 = ORIENTED_EDGE ( 'NONE', *, *, #2388, .T. ) ;
#959 = PLANE ( 'NONE',  #3288 ) ;
#960 = CARTESIAN_POINT ( 'NONE',  ( 39.06666666666666288, 22.85702706628954672, -54.77100004334069894 ) ) ;
#961 = CARTESIAN_POINT ( 'NONE',  ( 34.25000000000000000, 1.186086693809045745, 18.07499999972614901 ) ) ;
#962 = CARTESIAN_POINT ( 'NONE',  ( 43.25000000000000711, 2.506570108179338785, -14.91956804539228010 ) ) ;
#963 = CARTESIAN_POINT ( 'NONE',  ( 37.25000000000001421, -1.590061567464416070, 12.79091367969997428 ) ) ;
#964 = EDGE_CURVE ( 'NONE', #1180, #43, #3619, .T. ) ;
#965 = CARTESIAN_POINT ( 'NONE',  ( 38.25000000000000000, -22.79368571587784942, -59.07100004334069610 ) ) ;
#966 = CARTESIAN_POINT ( 'NONE',  ( 37.25000000000000000, -10.27578390903751071, 7.780592971221924614 ) ) ;
#967 = ORIENTED_EDGE ( 'NONE', *, *, #160, .T. ) ;
#968 = PRESENTATION_STYLE_ASSIGNMENT (( #4087 ) ) ;
#969 = FACE_BOUND ( 'NONE', #724, .T. ) ;
#970 = CARTESIAN_POINT ( 'NONE',  ( 38.25000000000001421, -20.04013080247692002, 26.12184831712989919 ) ) ;
#971 = CARTESIAN_POINT ( 'NONE',  ( 37.25000000000000711, 10.70486789465084598, 13.95079233008887520 ) ) ;
#972 = CARTESIAN_POINT ( 'NONE',  ( 37.25000000000000000, 1.387802091454438891, -13.80347075088329944 ) ) ;
#973 = CARTESIAN_POINT ( 'NONE',  ( 41.55000000000000426, -22.79368571587784942, -59.92100004334070462 ) ) ;
#974 = EDGE_LOOP ( 'NONE', ( #3962, #317, #1313, #3333 ) ) ;
#975 = CARTESIAN_POINT ( 'NONE',  ( 38.75000000000000000, 29.97897637808379301, 14.78052111176350536 ) ) ;
#976 = CARTESIAN_POINT ( 'NONE',  ( 38.25000000000000711, 20.92541243883444935, -55.96565088975339819 ) ) ;
#977 = DIRECTION ( 'NONE',  ( 1.000000000000000000, 0.000000000000000000, 0.000000000000000000 ) ) ;
#978 = CARTESIAN_POINT ( 'NONE',  ( 43.25000000000000000, 9.913650916496960619, -71.00250023805291733 ) ) ;
#979 = CARTESIAN_POINT ( 'NONE',  ( 37.25000000000001421, 12.01996959008125998, -12.83493502515473317 ) ) ;
#980 = ORIENTED_EDGE ( 'NONE', *, *, #574, .F. ) ;
#981 = EDGE_CURVE ( 'NONE', #1945, #28, #904, .T. ) ;
#982 = CARTESIAN_POINT ( 'NONE',  ( 38.25000000000001421, 18.50405903950111863, 6.283205338062630929 ) ) ;
#983 = CARTESIAN_POINT ( 'NONE',  ( 37.25000000000000000, 11.25833024919765890, -4.899999999999999467 ) ) ;
#984 = CARTESIAN_POINT ( 'NONE',  ( 43.25000000000000000, -9.995932575779452378, -71.27502046722361229 ) ) ;
#985 = CARTESIAN_POINT ( 'NONE',  ( 43.25000000000000711, 2.830796405332200116, -14.39765920402608756 ) ) ;
#986 = CARTESIAN_POINT ( 'NONE',  ( 38.75000000000000000, -33.35322323254529664, 0.000000000000000000 ) ) ;
#987 = CYLINDRICAL_SURFACE ( 'NONE', #2258, 1.599999999999999867 ) ;
#988 = AXIS2_PLACEMENT_3D ( 'NONE', #1255, #2476, #4052 ) ;
#989 = B_SPLINE_CURVE_WITH_KNOTS ( 'NONE', 3,
 ( #1929, #269, #290, #22, #1296, #1562, #1956, #920, #1626, #3785, #2881, #44, #2818, #1258, #1234, #3743, #896, #2180, #3420, #587, #3593, #1050, #1314, #758, #374, #3290, #3913, #458, #87, #2921, #1339, #1072, #2645, #1701 ),
 .UNSPECIFIED., .F., .F.,
 ( 4, 2, 2, 2, 2, 2, 2, 2, 2, 2, 2, 2, 2, 2, 2, 2, 4 ),
 ( 0.000000000000000000, 0.06249999999999998612, 0.1249999999999999722, 0.1875000000000000278, 0.2500000000000000555, 0.3125000000000000555, 0.3750000000000000000, 0.4375000000000000000, 0.5000000000000000000, 0.5625000000000000000, 0.6250000000000000000, 0.6875000000000000000, 0.7499999999999998890, 0.8124999999999998890, 0.8749999999999998890, 0.9374999999999998890, 1.000000000000000000 ),
 .UNSPECIFIED. ) ;
#990 = CARTESIAN_POINT ( 'NONE',  ( 41.70000000000000284, 11.25833024919765890, -8.099999999999999645 ) ) ;
#991 = VERTEX_POINT ( 'NONE', #2952 ) ;
#992 = CARTESIAN_POINT ( 'NONE',  ( 43.24999999999999289, -15.50731229697637836, -74.94127423031206092 ) ) ;
#993 = CARTESIAN_POINT ( 'NONE',  ( 38.25000000000001421, -32.85322323254528953, 2.150238432377298281 ) ) ;
#994 = CARTESIAN_POINT ( 'NONE',  ( 37.25000000000000000, -5.722340766308410292E-16, 17.57499999999999929 ) ) ;
#995 = CARTESIAN_POINT ( 'NONE',  ( 37.24999999999999289, 0.7097010106133253560, -14.43801189547659902 ) ) ;
#996 = AXIS2_PLACEMENT_3D ( 'NONE', #3308, #1136, #3409 ) ;
#997 = CARTESIAN_POINT ( 'NONE',  ( 37.25000000000000000, 12.80736955876167293, 6.084680855495229856 ) ) ;
#998 = ORIENTED_EDGE ( 'NONE', *, *, #2856, .T. ) ;
#999 = CARTESIAN_POINT ( 'NONE',  ( 39.25000000000000000, -33.35322323254529664, -5.935422469980449725E-15 ) ) ;
#1000 = CARTESIAN_POINT ( 'NONE',  ( 38.25000000000000711, -12.88612163632419261, -14.69104282995115085 ) ) ;
#1001 = CARTESIAN_POINT ( 'NONE',  ( 38.25000000000000000, 20.77548158637035769, -57.47896653212724516 ) ) ;
#1002 = CARTESIAN_POINT ( 'NONE',  ( 38.75000000000000000, 0.000000000000000000, 0.000000000000000000 ) ) ;
#1003 = CARTESIAN_POINT ( 'NONE',  ( 43.24999999999999289, -18.12409903637083275, -56.30713836313488940 ) ) ;
#1004 = CARTESIAN_POINT ( 'NONE',  ( 38.25000000000000711, 24.47860330001017104, -58.33973475697931121 ) ) ;
#1005 = CARTESIAN_POINT ( 'NONE',  ( 43.25000000000000000, -12.83725377654136146, 3.765818501291894993 ) ) ;
#1006 = ORIENTED_EDGE ( 'NONE', *, *, #3597, .F. ) ;
#1007 = CARTESIAN_POINT ( 'NONE',  ( 38.25000000000000711, 19.49999999999999645, 1.276272015520875325 ) ) ;
#1008 = CARTESIAN_POINT ( 'NONE',  ( 40.70000000000000284, 16.01715746518687666, -70.00378085113814564 ) ) ;
#1009 = CARTESIAN_POINT ( 'NONE',  ( 43.24999999999999289, -9.849986173860111549, -71.00264617044453530 ) ) ;
#1010 = DIRECTION ( 'NONE',  ( 0.000000000000000000, 0.000000000000000000, -1.000000000000000000 ) ) ;
#1011 = CARTESIAN_POINT ( 'NONE',  ( 38.25000000000000711, -16.21179717800433906, -68.63992089958537690 ) ) ;
#1012 = ADVANCED_FACE ( 'NONE', ( #2686 ), #1385, .T. ) ;
#1013 = VERTEX_POINT ( 'NONE', #1404 ) ;
#1014 = CARTESIAN_POINT ( 'NONE',  ( 43.25000000000000000, -3.832938307536255085, -79.11808293232982692 ) ) ;
#1015 = CARTESIAN_POINT ( 'NONE',  ( 37.25000000000000711, 10.24333560964962153, 14.29298085195741663 ) ) ;
#1016 = CARTESIAN_POINT ( 'NONE',  ( 37.25000000000000000, -2.099173126056989973E-15, -17.57499999999999929 ) ) ;
#1017 = CARTESIAN_POINT ( 'NONE',  ( 43.25000000000001421, -2.080453549279501768, 15.37456790597730105 ) ) ;
#1018 = EDGE_LOOP ( 'NONE', ( #1658, #918 ) ) ;
#1019 = CARTESIAN_POINT ( 'NONE',  ( 41.69999999999999574, -1.558356282669399517, -12.58120338502515700 ) ) ;
#1020 = CARTESIAN_POINT ( 'NONE',  ( 38.25000000000000000, 22.85702706628955028, -59.07100004334069610 ) ) ;
#1021 = FACE_OUTER_BOUND ( 'NONE', #3827, .T. ) ;
#1022 = CARTESIAN_POINT ( 'NONE',  ( 38.24999999999999289, 13.85544008632415824, -66.78463829376573813 ) ) ;
#1023 = CARTESIAN_POINT ( 'NONE',  ( 37.25000000000000711, -1.153255545570010643, -17.57500000000000284 ) ) ;
#1024 = CARTESIAN_POINT ( 'NONE',  ( 34.74999999928448347, -17.57499999999998508, -1.150281060142452905 ) ) ;
#1025 = CARTESIAN_POINT ( 'NONE',  ( 43.25000000000000711, -13.63289786581472463, 4.419546161753834745 ) ) ;
#1026 = CARTESIAN_POINT ( 'NONE',  ( 37.25000000000000000, 10.84097599126800837, 4.940741347161806019 ) ) ;
#1027 = ORIENTED_EDGE ( 'NONE', *, *, #340, .F. ) ;
#1028 = CARTESIAN_POINT ( 'NONE',  ( 38.25000000000000711, 17.52724272843905595, 8.641448524175919133 ) ) ;
#1029 = CARTESIAN_POINT ( 'NONE',  ( 43.25000000000000000, -9.077851480992150510E-14, -13.00000000000000000 ) ) ;
#1030 = CARTESIAN_POINT ( 'NONE',  ( 37.25000000000001421, 16.98479014348381000, 4.553370967891286369 ) ) ;
#1031 = CARTESIAN_POINT ( 'NONE',  ( 43.25000000000000711, 8.427533843866275021, -5.102340795973093535 ) ) ;
#1032 = DIRECTION ( 'NONE',  ( 0.000000000000000000, 0.000000000000000000, 1.000000000000000000 ) ) ;
#1033 = CARTESIAN_POINT ( 'NONE',  ( 41.70000000000000284, 9.860272027830850661, -7.305790368593445550 ) ) ;
#1034 = ORIENTED_EDGE ( 'NONE', *, *, #4077, .F. ) ;
#1035 = DIRECTION ( 'NONE',  ( 0.000000000000000000, 0.000000000000000000, -1.000000000000000000 ) ) ;
#1036 = FACE_OUTER_BOUND ( 'NONE', #1815, .T. ) ;
#1037 = CARTESIAN_POINT ( 'NONE',  ( 37.25000000000000711, 1.205783104767201186, -11.94324021076283060 ) ) ;
#1038 = B_SPLINE_CURVE_WITH_KNOTS ( 'NONE', 3,
 ( #1450, #1816, #845, #1426 ),
 .UNSPECIFIED., .F., .F.,
 ( 4, 4 ),
 ( 0.000000000000000000, 1.000000000000000000 ),
 .UNSPECIFIED. ) ;
#1039 = CARTESIAN_POINT ( 'NONE',  ( 43.25000000000000000, -2.374319172195718419, 15.08020481549799996 ) ) ;
#1040 = ADVANCED_FACE ( 'NONE', ( #407 ), #917, .F. ) ;
#1041 = CARTESIAN_POINT ( 'NONE',  ( 43.24999999999999289, -16.15681194285239286, -73.14619303704468223 ) ) ;
#1042 = B_SPLINE_CURVE_WITH_KNOTS ( 'NONE', 3,
 ( #1702, #2941, #1724, #2964 ),
 .UNSPECIFIED., .F., .F.,
 ( 4, 4 ),
 ( 0.000000000000000000, 1.000000000000000000 ),
 .UNSPECIFIED. ) ;
#1043 = CARTESIAN_POINT ( 'NONE',  ( 34.74999999928448347, 17.57499999999998508, 1.150281060142493761 ) ) ;
#1044 = CARTESIAN_POINT ( 'NONE',  ( 37.25000000000000711, 0.4134370172770374108, 11.45064025217341097 ) ) ;
#1045 = CARTESIAN_POINT ( 'NONE',  ( 38.25000000000000711, -24.21266864125618667, -55.29917559787121917 ) ) ;
#1046 = CARTESIAN_POINT ( 'NONE',  ( 43.25000000000000000, -18.24468163903117102, -55.70110608634089999 ) ) ;
#1047 = CARTESIAN_POINT ( 'NONE',  ( 37.25000000000000000, -11.59261950599420032, -13.22223341113836881 ) ) ;
#1048 = CARTESIAN_POINT ( 'NONE',  ( 38.25000000000000000, 22.85702706628955028, -59.07100004334069610 ) ) ;
#1049 = B_SPLINE_CURVE_WITH_KNOTS ( 'NONE', 3,
 ( #4016, #1149, #2139, #2442 ),
 .UNSPECIFIED., .F., .F.,
 ( 4, 4 ),
 ( 0.000000000000000000, 1.000000000000000000 ),
 .UNSPECIFIED. ) ;
#1050 = CARTESIAN_POINT ( 'NONE',  ( 34.24999999999999289, 17.52724272843904885, 8.641448524175919133 ) ) ;
#1051 = CARTESIAN_POINT ( 'NONE',  ( 39.25000000000000000, -4.084591807298374691E-15, 33.35322323254529664 ) ) ;
#1052 = CARTESIAN_POINT ( 'NONE',  ( 43.25000000000000000, 0.000000000000000000, 0.000000000000000000 ) ) ;
#1053 = ORIENTED_EDGE ( 'NONE', *, *, #1184, .T. ) ;
#1054 = CARTESIAN_POINT ( 'NONE',  ( 37.24999999999999289, 12.24087658935636824, -5.219407028777037993 ) ) ;
#1055 = DIRECTION ( 'NONE',  ( 1.000000000000000000, 0.000000000000000000, 0.000000000000000000 ) ) ;
#1056 = CARTESIAN_POINT ( 'NONE',  ( 43.25000000000000711, -24.02451331559635150, -52.34319630103134813 ) ) ;
#1057 = B_SPLINE_CURVE_WITH_KNOTS ( 'NONE', 3,
 ( #2845, #2908, #1345, #928 ),
 .UNSPECIFIED., .F., .F.,
 ( 4, 4 ),
 ( 0.000000000000000000, 1.000000000000000000 ),
 .UNSPECIFIED. ) ;
#1058 = CARTESIAN_POINT ( 'NONE',  ( 43.24999999999999289, 20.50299039091455811, -61.00022673967434628 ) ) ;
#1059 = AXIS2_PLACEMENT_3D ( 'NONE', #2611, #3635, #1035 ) ;
#1060 = CARTESIAN_POINT ( 'NONE',  ( 34.24999999999999289, -17.52724272843908082, 8.641448524175842749 ) ) ;
#1061 = CARTESIAN_POINT ( 'NONE',  ( 43.25000000000000000, -11.25833024919761982, 9.650000000000130029 ) ) ;
#1062 = CARTESIAN_POINT ( 'NONE',  ( 38.75000000000000000, 2.182963355852117981, -83.35322323254531796 ) ) ;
#1063 = CARTESIAN_POINT ( 'NONE',  ( 43.24999999999999289, 14.30868595721729797, -7.314226775665430225 ) ) ;
#1064 = ADVANCED_FACE ( 'NONE', ( #2636 ), #2043, .F. ) ;
#1065 = CONICAL_SURFACE ( 'NONE', #2455, 4.699999999999995737, 0.7853981633974476129 ) ;
#1066 = CARTESIAN_POINT ( 'NONE',  ( 38.24999999999999289, -24.72530034333296101, -55.96565088974976021 ) ) ;
#1067 = CARTESIAN_POINT ( 'NONE',  ( 43.25000000000000000, -19.68697430212155197, -53.38115846538297404 ) ) ;
#1068 = CARTESIAN_POINT ( 'NONE',  ( 42.21666666666666146, -9.077851480992150510E-14, -15.11666666666666714 ) ) ;
#1069 = CARTESIAN_POINT ( 'NONE',  ( 38.24999999999999289, 23.93435748279227582, -55.05458010215886588 ) ) ;
#1070 = CARTESIAN_POINT ( 'NONE',  ( 37.25000000000000000, 10.45485915800254162, 5.112198109250871703 ) ) ;
#1071 = CARTESIAN_POINT ( 'NONE',  ( 38.25000000000000711, 18.87632464937485111, 5.056010085927942654 ) ) ;
#1072 = CARTESIAN_POINT ( 'NONE',  ( 34.25000000000000000, 2.552512472701045532, 19.37430128635113391 ) ) ;
#1073 = CARTESIAN_POINT ( 'NONE',  ( 43.24999999999999289, 8.427858829630302751, -7.897524590313918402 ) ) ;
#1074 = CARTESIAN_POINT ( 'NONE',  ( 40.21666666666665435, 11.25833024919771752, 8.099999999999999645 ) ) ;
#1075 = ORIENTED_EDGE ( 'NONE', *, *, #15, .F. ) ;
#1076 = CARTESIAN_POINT ( 'NONE',  ( 38.75000000000000000, -1.361530602432789986E-15, -83.35322323254530374 ) ) ;
#1077 = CARTESIAN_POINT ( 'NONE',  ( 43.25000000000000711, -24.30927341704258637, -61.38027465525322413 ) ) ;
#1078 = CARTESIAN_POINT ( 'NONE',  ( 43.24999999999999289, 21.63705295999071510, -61.47002361540758386 ) ) ;
#1079 = CARTESIAN_POINT ( 'NONE',  ( 43.25000000000000711, -10.44346502739430882, 9.550091886421194332 ) ) ;
#1080 = CARTESIAN_POINT ( 'NONE',  ( 38.74999999999999289, 25.12787851416629437, -72.04070213015664592 ) ) ;
#1081 = CARTESIAN_POINT ( 'NONE',  ( 41.70000000000000284, -10.83953363422291183, -4.941643717330593155 ) ) ;
#1082 = DIRECTION ( 'NONE',  ( 1.000000000000000000, 0.000000000000000000, 0.000000000000000000 ) ) ;
#1083 = CARTESIAN_POINT ( 'NONE',  ( 37.25000000000000711, -15.77114789201844403, 7.777512291691516033 ) ) ;
#1084 = EDGE_CURVE ( 'NONE', #1295, #1300, #2673, .T. ) ;
#1085 = CARTESIAN_POINT ( 'NONE',  ( 38.25000000000001421, 24.56660016373709965, -55.60893412460532659 ) ) ;
#1086 = DIRECTION ( 'NONE',  ( 1.000000000000000000, 0.000000000000000000, 0.000000000000000000 ) ) ;
#1087 = CARTESIAN_POINT ( 'NONE',  ( 42.39999999999999147, 14.13851673022521105, -65.07100004334070320 ) ) ;
#1088 = B_SPLINE_CURVE_WITH_KNOTS ( 'NONE', 3,
 ( #14, #973, #3518, #2890 ),
 .UNSPECIFIED., .F., .F.,
 ( 4, 4 ),
 ( 0.000000000000000000, 1.000000000000000000 ),
 .UNSPECIFIED. ) ;
#1089 = ORIENTED_EDGE ( 'NONE', *, *, #3799, .F. ) ;
#1090 = EDGE_CURVE ( 'NONE', #2689, #1792, #3729, .T. ) ;
#1091 = CARTESIAN_POINT ( 'NONE',  ( 39.24999999999999289, -33.13822542452609099, -54.36587273363363693 ) ) ;
#1092 = CARTESIAN_POINT ( 'NONE',  ( 43.25000000000000000, -27.46325068363782052, -56.30720661445274544 ) ) ;
#1093 = CARTESIAN_POINT ( 'NONE',  ( 43.25000000000000711, 21.62619946656358749, -52.34319630103708221 ) ) ;
#1094 = CARTESIAN_POINT ( 'NONE',  ( 43.25000000000000000, -11.25833024919761982, 6.500000000000129674 ) ) ;
#1095 = CARTESIAN_POINT ( 'NONE',  ( 34.74999999928449057, 13.24077321725078704, 11.61403014145633428 ) ) ;
#1096 = CARTESIAN_POINT ( 'NONE',  ( 41.70000000000000284, 10.27505549723785094, 7.779466947837089030 ) ) ;
#1097 = CARTESIAN_POINT ( 'NONE',  ( 38.75000000000000711, -29.97897637808382143, -64.78052111176346273 ) ) ;
#1098 = EDGE_LOOP ( 'NONE', ( #2069, #1160, #3528, #2472, #561 ) ) ;
#1099 = CARTESIAN_POINT ( 'NONE',  ( 43.25000000000000000, -22.17576847514498795, -61.62100004334070036 ) ) ;
#1100 = CARTESIAN_POINT ( 'NONE',  ( 37.25000000000002132, -13.95079233006985753, 10.70486789467398658 ) ) ;
#1101 = CARTESIAN_POINT ( 'NONE',  ( 38.25000000000000711, 19.37430128635113036, -2.552512472701067292 ) ) ;
#1102 = CARTESIAN_POINT ( 'NONE',  ( 37.25000000000000711, 10.45485915800045440, -7.887801890746565014 ) ) ;
#1103 = EDGE_CURVE ( 'NONE', #2824, #493, #3125, .T. ) ;
#1104 = ORIENTED_EDGE ( 'NONE', *, *, #2428, .F. ) ;
#1105 = CARTESIAN_POINT ( 'NONE',  ( 39.24999999999999289, 8.647909387792564573, -82.28647537644086185 ) ) ;
#1106 = CARTESIAN_POINT ( 'NONE',  ( 43.25000000000000711, -8.128577946443501290, -6.084926860579782826 ) ) ;
#1107 = CARTESIAN_POINT ( 'NONE',  ( 43.25000000000000711, -1.919568043608065100, -15.50657010981496953 ) ) ;
#1108 = CARTESIAN_POINT ( 'NONE',  ( 43.25000000000000000, 18.30802298944583484, -58.14089400032293042 ) ) ;
#1109 = CARTESIAN_POINT ( 'NONE',  ( 37.24999999999998579, -10.84489323192182830, 4.950640252173156952 ) ) ;
#1110 = ORIENTED_EDGE ( 'NONE', *, *, #534, .F. ) ;
#1111 = CARTESIAN_POINT ( 'NONE',  ( 43.25000000000000000, -9.860378035269050656, 3.669705963452729591 ) ) ;
#1112 = DIRECTION ( 'NONE',  ( 1.000000000000000000, 0.000000000000000000, 0.000000000000000000 ) ) ;
#1113 = AXIS2_PLACEMENT_3D ( 'NONE', #2289, #3176, #637 ) ;
#1114 = CARTESIAN_POINT ( 'NONE',  ( 41.69999999999998863, -10.45253988060432171, -5.101941778633084290 ) ) ;
#1115 = AXIS2_PLACEMENT_3D ( 'NONE', #1798, #4007, #2392 ) ;
#1116 = VERTEX_POINT ( 'NONE', #841 ) ;
#1117 = CARTESIAN_POINT ( 'NONE',  ( 38.75000000000000000, 0.000000000000000000, 33.35322323254529664 ) ) ;
#1118 = CARTESIAN_POINT ( 'NONE',  ( 38.25000000000000000, 1.645107408773974943E-13, 32.85322323254529664 ) ) ;
#1119 = CARTESIAN_POINT ( 'NONE',  ( 38.25000000000000711, 15.50459869884032038, -11.89480094181994474 ) ) ;
#1120 = CARTESIAN_POINT ( 'NONE',  ( 37.25000000000000711, 10.20156992489076231, -5.294217522455777036 ) ) ;
#1121 = ORIENTED_EDGE ( 'NONE', *, *, #3355, .F. ) ;
#1122 = CARTESIAN_POINT ( 'NONE',  ( 37.25000000000000000, 11.25833024919765890, -4.899999999999999467 ) ) ;
#1123 = CARTESIAN_POINT ( 'NONE',  ( 34.24999999999999289, -17.61171349069035230, -4.108963854172612784 ) ) ;
#1124 = CARTESIAN_POINT ( 'NONE',  ( 34.25000000000000000, 16.92655482690004831, 6.368119957737187420 ) ) ;
#1125 = CARTESIAN_POINT ( 'NONE',  ( 43.25000000000000711, -9.677148750978469494, -9.232672914711518075 ) ) ;
#1126 = CARTESIAN_POINT ( 'NONE',  ( 43.25000000000000000, 1.921826014481909928, 10.49493847417946135 ) ) ;
#1127 = EDGE_CURVE ( 'NONE', #2838, #2115, #2012, .T. ) ;
#1128 = CARTESIAN_POINT ( 'NONE',  ( 41.70000000000000284, -9.058257132205788090E-14, -11.40000000000000036 ) ) ;
#1129 = CARTESIAN_POINT ( 'NONE',  ( 37.25000000000000000, 11.67533758609777017, 8.059402417339352809 ) ) ;
#1130 = CARTESIAN_POINT ( 'NONE',  ( 34.25000000000000000, -11.89480094181988434, -15.50459869884036479 ) ) ;
#1131 = VERTEX_POINT ( 'NONE', #1611 ) ;
#1132 = FACE_BOUND ( 'NONE', #16, .T. ) ;
#1133 = CARTESIAN_POINT ( 'NONE',  ( 38.75000000000000711, 31.64974419757328405, -60.74693078237547894 ) ) ;
#1134 = CARTESIAN_POINT ( 'NONE',  ( 34.74999999928448347, 15.79698927960596500, 7.788382451917486016 ) ) ;
#1135 = B_SPLINE_CURVE_WITH_KNOTS ( 'NONE', 3,
 ( #1600, #2853, #17, #2550, #2295, #2637, #134, #3605, #2617, #1641, #3242, #2597, #2028, #2666, #1670, #1715, #2044, #2531, #369, #330, #1254, #1272, #3801, #1292, #2253, #1623, #3503, #675, #2878, #1676 ),
 .UNSPECIFIED., .F., .F.,
 ( 4, 2, 2, 2, 2, 2, 2, 2, 2, 2, 2, 2, 2, 2, 4 ),
 ( 0.000000000000000000, 0.06250000000000086042, 0.1250000000000017208, 0.1875000000000019151, 0.2500000000000021094, 0.3125000000000022760, 0.3750000000000024980, 0.4375000000000026645, 0.5000000000000028866, 0.5625000000000031086, 0.6250000000000032196, 0.6875000000000034417, 0.7500000000000036637, 0.8750000000000019984, 1.000000000000000000 ),
 .UNSPECIFIED. ) ;
#1136 = DIRECTION ( 'NONE',  ( -1.000000000000000000, 0.000000000000000000, 0.000000000000000000 ) ) ;
#1137 = CARTESIAN_POINT ( 'NONE',  ( 37.25000000000000000, 1.589636892224380427, 12.78877868608987889 ) ) ;
#1138 = VERTEX_POINT ( 'NONE', #2563 ) ;
#1139 = DIRECTION ( 'NONE',  ( 0.000000000000000000, -1.000000000000000000, 0.000000000000000000 ) ) ;
#1140 = CARTESIAN_POINT ( 'NONE',  ( 41.70000000000000284, -1.398058221366811793, 12.19420963140655445 ) ) ;
#1141 = CARTESIAN_POINT ( 'NONE',  ( 38.25000000000001421, -16.46441497102334139, -78.51106525097704036 ) ) ;
#1142 = CARTESIAN_POINT ( 'NONE',  ( 38.25000000000000711, 2.552512472701086832, -19.37430128635113746 ) ) ;
#1143 = CARTESIAN_POINT ( 'NONE',  ( 41.70000000000000284, -11.25833024919761982, 8.100000000000129319 ) ) ;
#1144 = CARTESIAN_POINT ( 'NONE',  ( 37.25000000000000000, -12.64613205503311733, -5.696528824116835032 ) ) ;
#1145 = EDGE_LOOP ( 'NONE', ( #1053, #3295, #958, #1802 ) ) ;
#1146 = CARTESIAN_POINT ( 'NONE',  ( 34.24999999999999289, -9.547965350211464752, 15.35895724895471481 ) ) ;
#1147 = CARTESIAN_POINT ( 'NONE',  ( 34.25000000000000000, 8.000738406614045672, -16.21878169204746811 ) ) ;
#1148 = CARTESIAN_POINT ( 'NONE',  ( 38.25000000000000000, 15.09373155314278492, -70.85229036629309007 ) ) ;
#1149 = CARTESIAN_POINT ( 'NONE',  ( 40.58333333333332860, -32.01988989921196804, -5.881958351118089769E-15 ) ) ;
#1150 = CARTESIAN_POINT ( 'NONE',  ( 37.25000000000000000, -9.142242359643709629E-14, -11.40000000000000036 ) ) ;
#1151 = CARTESIAN_POINT ( 'NONE',  ( 41.70000000000000284, 9.658330249197721429, 6.290560489760677498 ) ) ;
#1152 = B_SPLINE_CURVE_WITH_KNOTS ( 'NONE', 3,
 ( #529, #1170, #1807, #1867, #2441, #1148, #2119, #551, #2756, #2420, #3701, #249, #2138, #922, #2481, #3336, #4082, #2778, #3049, #568, #877, #1823, #227, #3068, #1524, #3725, #3746, #2161, #590, #898, #206, #2182 ),
 .UNSPECIFIED., .F., .F.,
 ( 4, 2, 2, 2, 2, 2, 2, 2, 2, 2, 2, 2, 2, 2, 2, 4 ),
 ( 0.000000000000000000, 0.06250000000000005551, 0.1250000000000001110, 0.1875000000000001665, 0.2500000000000002220, 0.3125000000000002776, 0.3750000000000003331, 0.4375000000000003886, 0.5000000000000004441, 0.5625000000000004441, 0.6250000000000005551, 0.6875000000000006661, 0.7500000000000006661, 0.8125000000000013323, 0.8750000000000018874, 1.000000000000000000 ),
 .UNSPECIFIED. ) ;
#1153 = VERTEX_POINT ( 'NONE', #617 ) ;
#1154 = CARTESIAN_POINT ( 'NONE',  ( 43.25000000000000000, -8.128048050313369188, 6.087590828317850367 ) ) ;
#1155 = FACE_OUTER_BOUND ( 'NONE', #2903, .T. ) ;
#1156 = CARTESIAN_POINT ( 'NONE',  ( 43.25000000000000000, -25.43609121649995686, -64.68176334247077364 ) ) ;
#1157 = CARTESIAN_POINT ( 'NONE',  ( 39.08333333333332149, 33.35322323254529664, -49.99999999999995026 ) ) ;
#1158 = CARTESIAN_POINT ( 'NONE',  ( 41.55000000000000426, 22.85702706628954317, -53.92100004334069041 ) ) ;
#1159 = EDGE_CURVE ( 'NONE', #2115, #2995, #304, .T. ) ;
#1160 = ORIENTED_EDGE ( 'NONE', *, *, #1127, .T. ) ;
#1161 = CARTESIAN_POINT ( 'NONE',  ( 42.73333333333332718, -11.25833024919776015, -9.133333333333229831 ) ) ;
#1162 = CARTESIAN_POINT ( 'NONE',  ( 41.69999999999998863, 12.06412061779115952, 7.898058221366815346 ) ) ;
#1163 = DIRECTION ( 'NONE',  ( 0.000000000000000000, 0.000000000000000000, -1.000000000000000000 ) ) ;
#1164 = CARTESIAN_POINT ( 'NONE',  ( 38.25000000000001421, -21.71028875486623022, -74.75118510827017815 ) ) ;
#1165 = CARTESIAN_POINT ( 'NONE',  ( 43.25000000000000000, 22.85702706628955028, -61.62100004334070036 ) ) ;
#1166 = VERTEX_POINT ( 'NONE', #1659 ) ;
#1167 = CARTESIAN_POINT ( 'NONE',  ( 34.24999999999998579, -16.21878169205378839, -8.000738406622668109 ) ) ;
#1168 = CARTESIAN_POINT ( 'NONE',  ( 34.25000000000000000, 9.040451813651115387, 15.66304332604305927 ) ) ;
#1169 = CARTESIAN_POINT ( 'NONE',  ( 43.25000000000000000, 1.578923527340943656, -10.26581850129156770 ) ) ;
#1170 = CARTESIAN_POINT ( 'NONE',  ( 38.25000000000001421, 14.28152508284705213, -71.07100004334073162 ) ) ;
#1171 = CARTESIAN_POINT ( 'NONE',  ( 43.25000000000000000, 0.4186364040105814976, 9.850000000000001421 ) ) ;
#1172 = CARTESIAN_POINT ( 'NONE',  ( 43.25000000000001421, 7.604458045655152709, 28.36760705551571604 ) ) ;
#1173 = CARTESIAN_POINT ( 'NONE',  ( 38.24999999999999289, -12.99561198525548811, -70.78592657905572594 ) ) ;
#1174 = ORIENTED_EDGE ( 'NONE', *, *, #3127, .F. ) ;
#1175 = CARTESIAN_POINT ( 'NONE',  ( 43.25000000000000711, -29.35322323254530730, -50.96322069944443456 ) ) ;
#1176 = CARTESIAN_POINT ( 'NONE',  ( 38.25000000000000711, 12.05644793373533652, -68.36566443973681828 ) ) ;
#1177 = B_SPLINE_CURVE_WITH_KNOTS ( 'NONE', 3,
 ( #1614, #3517, #2565, #2591 ),
 .UNSPECIFIED., .F., .F.,
 ( 4, 4 ),
 ( 0.000000000000000000, 1.000000000000000000 ),
 .UNSPECIFIED. ) ;
#1178 = CARTESIAN_POINT ( 'NONE',  ( -26.05214179311486689, 41.39108885412115058, -10.39539150024230096 ) ) ;
#1179 = CARTESIAN_POINT ( 'NONE',  ( 40.70000000000000284, -20.91504498091619624, -58.00378085113812432 ) ) ;
#1180 = VERTEX_POINT ( 'NONE', #3835 ) ;
#1181 = CARTESIAN_POINT ( 'NONE',  ( 38.25000000000000000, 29.52955989786740432, -64.55894550857951231 ) ) ;
#1182 = AXIS2_PLACEMENT_3D ( 'NONE', #2581, #1086, #418 ) ;
#1183 = CARTESIAN_POINT ( 'NONE',  ( 41.70000000000000284, -0.2094395102393132035, 11.39999999999999858 ) ) ;
#1184 = EDGE_CURVE ( 'NONE', #2741, #2115, #1057, .T. ) ;
#1185 = CARTESIAN_POINT ( 'NONE',  ( 43.24999999999999289, 12.90768913060306033, -64.34319630100465304 ) ) ;
#1186 = B_SPLINE_CURVE_WITH_KNOTS ( 'NONE', 3,
 ( #1771, #3006, #3339, #509, #3027, #594, #3402, #3381, #2444, #3093, #1890, #2484, #3134, #2758, #1504, #4018, #3749, #1219 ),
 .UNSPECIFIED., .F., .F.,
 ( 4, 2, 2, 2, 2, 2, 2, 2, 4 ),
 ( 0.000000000000000000, 0.1250000000000000000, 0.2500000000000000000, 0.3750000000000000000, 0.5000000000000000000, 0.6250000000000000000, 0.7500000000000000000, 0.8750000000000000000, 1.000000000000000000 ),
 .UNSPECIFIED. ) ;
#1187 = CARTESIAN_POINT ( 'NONE',  ( 43.25000000000000711, 26.59302098490826083, -59.78879893717750349 ) ) ;
#1188 = AXIS2_PLACEMENT_3D ( 'NONE', #3270, #2018, #1010 ) ;
#1189 = EDGE_LOOP ( 'NONE', ( #1650, #3219, #2570, #1350 ) ) ;
#1190 = CARTESIAN_POINT ( 'NONE',  ( 34.25000000000000711, -5.813127608421512882, 17.12515185070058976 ) ) ;
#1191 = CARTESIAN_POINT ( 'NONE',  ( 34.24999999999999289, 14.69866923532605973, 10.53589857313535383 ) ) ;
#1192 = CARTESIAN_POINT ( 'NONE',  ( 34.25000000000000000, 0.000000000000000000, 0.000000000000000000 ) ) ;
#1193 = CARTESIAN_POINT ( 'NONE',  ( 43.24999999999999289, 2.830796405333097177, 11.60234079597357315 ) ) ;
#1194 = CARTESIAN_POINT ( 'NONE',  ( 43.24999999999998579, 21.43658153417298706, 20.07501830496686779 ) ) ;
#1195 = CARTESIAN_POINT ( 'NONE',  ( 38.25000000000000711, -13.51784227606689903, -71.00280879121542910 ) ) ;
#1196 = CARTESIAN_POINT ( 'NONE',  ( 37.25000000000000000, -11.04542074289295250, 8.100000000000132871 ) ) ;
#1197 = EDGE_LOOP ( 'NONE', ( #2424, #377, #1462, #2649 ) ) ;
#1198 = CARTESIAN_POINT ( 'NONE',  ( 43.25000000000000000, -8.268685599709167278, 5.486753580125308893 ) ) ;
#1199 = DIRECTION ( 'NONE',  ( -1.000000000000000000, 0.000000000000000000, 0.000000000000000000 ) ) ;
#1200 = CARTESIAN_POINT ( 'NONE',  ( 43.24999999999999289, 9.178125144338620700, 4.125681116773792567 ) ) ;
#1201 = CARTESIAN_POINT ( 'NONE',  ( 38.25000000000001421, 12.20722616269428151, -69.87621428236671761 ) ) ;
#1202 = CARTESIAN_POINT ( 'NONE',  ( 43.25000000000000000, 12.27157667025836041, 9.489644648399400140 ) ) ;
#1203 = CARTESIAN_POINT ( 'NONE',  ( 43.24999999999999289, -28.36760705554895523, 7.604458045520181564 ) ) ;
#1204 = CARTESIAN_POINT ( 'NONE',  ( 41.70000000000000284, 0.4187966149747553990, -11.44164371733069352 ) ) ;
#1205 = CARTESIAN_POINT ( 'NONE',  ( 37.25000000000000711, 1.205981565903057939, 11.94304106108038255 ) ) ;
#1206 = ORIENTED_EDGE ( 'NONE', *, *, #1649, .T. ) ;
#1207 = CARTESIAN_POINT ( 'NONE',  ( 37.25000000000001421, -12.31509057350517189, 7.705782477543591469 ) ) ;
#1208 = CARTESIAN_POINT ( 'NONE',  ( 41.70000000000000995, -0.4187966149748522660, 14.55835628266931003 ) ) ;
#1209 = ADVANCED_FACE ( 'NONE', ( #3771, #1893, #11, #1281, #2543, #969 ), #2040, .F. ) ;
#1210 = CARTESIAN_POINT ( 'NONE',  ( 37.25000000000000000, 10.54862952342200799, 7.938012084865562201 ) ) ;
#1211 = ORIENTED_EDGE ( 'NONE', *, *, #65, .T. ) ;
#1212 = EDGE_CURVE ( 'NONE', #3884, #2741, #3474, .T. ) ;
#1213 = CARTESIAN_POINT ( 'NONE',  ( 34.25000000000000000, -17.93039622640631947, 2.358301462921057912 ) ) ;
#1214 = CARTESIAN_POINT ( 'NONE',  ( 34.25000000000000000, 1.187553719943167385, -18.07499999972614901 ) ) ;
#1215 = CARTESIAN_POINT ( 'NONE',  ( 43.24999999999999289, -9.860378035269576458, -9.330294036547318370 ) ) ;
#1216 = CARTESIAN_POINT ( 'NONE',  ( 37.24999999999998579, -0.7097007257759343490, 14.43801208486535792 ) ) ;
#1217 = CARTESIAN_POINT ( 'NONE',  ( 38.25000000000000000, -21.71412232129054587, -58.78592657903239171 ) ) ;
#1218 = CARTESIAN_POINT ( 'NONE',  ( 43.25000000000000000, 22.08307391796527597, 19.36199260280151790 ) ) ;
#1219 = CARTESIAN_POINT ( 'NONE',  ( 40.70000000000000284, 14.13851673022521993, -71.07100004334070320 ) ) ;
#1220 = CARTESIAN_POINT ( 'NONE',  ( 37.25000000000000000, -9.668268780289839270, 6.709086822782679427 ) ) ;
#1221 = VERTEX_POINT ( 'NONE', #3952 ) ;
#1222 = CARTESIAN_POINT ( 'NONE',  ( 43.25000000000001421, 8.524148752129653062, 8.078923529135797921 ) ) ;
#1223 = CARTESIAN_POINT ( 'NONE',  ( 43.25000000000000711, 14.40850613026441174, 6.292030152879910077 ) ) ;
#1224 = CYLINDRICAL_SURFACE ( 'NONE', #2769, 1.599999999999999867 ) ;
#1225 = CARTESIAN_POINT ( 'NONE',  ( 40.69999999999999574, -21.47241026793178520, -55.20171633218460272 ) ) ;
#1226 = CARTESIAN_POINT ( 'NONE',  ( 40.70000000000000284, -14.07517537981347999, -66.77100004334070604 ) ) ;
#1227 = VERTEX_POINT ( 'NONE', #2376 ) ;
#1228 = CARTESIAN_POINT ( 'NONE',  ( 38.75000000000000000, 2.182963355852179266, 33.35322323254529664 ) ) ;
#1229 = CARTESIAN_POINT ( 'NONE',  ( 41.70000000000000995, -12.24160500115761963, -7.779466947836993995 ) ) ;
#1230 = CARTESIAN_POINT ( 'NONE',  ( 37.25000000000000000, 11.59431564260891534, -13.22084142779398341 ) ) ;
#1231 = B_SPLINE_CURVE_WITH_KNOTS ( 'NONE', 3,
 ( #562, #2545, #1346, #3516, #1592, #343, #1207, #1613, #1984, #2590, #2846, #867, #12, #1511, #662, #3215, #1916, #1661, #2246, #3495, #2910, #1939, #2870, #1282, #1836, #238, #3837, #52, #2771, #2267 ),
 .UNSPECIFIED., .F., .F.,
 ( 4, 2, 2, 2, 2, 2, 2, 2, 2, 2, 2, 2, 2, 2, 4 ),
 ( 0.000000000000000000, 0.1249999999999999445, 0.1874999999999999167, 0.2499999999999996114, 0.3124999999999996669, 0.3749999999999996669, 0.4374999999999997224, 0.4999999999999997224, 0.5624999999999997780, 0.6249999999999997780, 0.6874999999999998890, 0.7500000000000000000, 0.8125000000000001110, 0.8750000000000001110, 1.000000000000000000 ),
 .UNSPECIFIED. ) ;
#1232 = FACE_OUTER_BOUND ( 'NONE', #3429, .T. ) ;
#1233 = VERTEX_POINT ( 'NONE', #92 ) ;
#1234 = CARTESIAN_POINT ( 'NONE',  ( 34.25000000000000000, 18.87632464937486176, -5.056010085927902686 ) ) ;
#1235 = DIRECTION ( 'NONE',  ( 0.000000000000000000, 0.000000000000000000, -1.000000000000000000 ) ) ;
#1236 = CYLINDRICAL_SURFACE ( 'NONE', #4031, 1.600000000000000755 ) ;
#1237 = CARTESIAN_POINT ( 'NONE',  ( 37.25000000000000711, -1.599859357913615332, 13.10537457510090320 ) ) ;
#1238 = DIRECTION ( 'NONE',  ( -0.7071067811865470176, 0.7071067811865480168, 0.000000000000000000 ) ) ;
#1239 = ADVANCED_FACE ( 'NONE', ( #1708 ), #402, .F. ) ;
#1240 = CARTESIAN_POINT ( 'NONE',  ( 38.24999999999999289, -12.76534156333666559, -67.20993390726479788 ) ) ;
#1241 = VERTEX_POINT ( 'NONE', #484 ) ;
#1242 =( LENGTH_UNIT ( ) NAMED_UNIT ( * ) SI_UNIT ( .MILLI., .METRE. ) );
#1243 = CARTESIAN_POINT ( 'NONE',  ( 43.25000000000000000, -23.29989056573381490, -67.87929722749991868 ) ) ;
#1244 = B_SPLINE_CURVE_WITH_KNOTS ( 'NONE', 3,
 ( #2683, #128, #2950, #1078, #2100, #2724, #1058, #2363, #2990, #469, #3955, #2664, #750, #3582, #1108, #3979, #2025, #3640, #2382, #446, #109, #1730, #3621, #801, #1381, #3938, #2079, #1093, #2652, #172 ),
 .UNSPECIFIED., .F., .F.,
 ( 4, 2, 2, 2, 2, 2, 2, 2, 2, 2, 2, 2, 2, 2, 4 ),
 ( 0.000000000000000000, 0.06250000000000012490, 0.1250000000000002498, 0.1875000000000003886, 0.2500000000000004996, 0.3125000000000006106, 0.3750000000000007772, 0.4375000000000008882, 0.5000000000000009992, 0.5625000000000011102, 0.6250000000000012212, 0.6875000000000013323, 0.7500000000000015543, 0.8750000000000007772, 1.000000000000000000 ),
 .UNSPECIFIED. ) ;
#1245 = CARTESIAN_POINT ( 'NONE',  ( 43.25000000000000000, 11.46672572708144244, 9.650000000000002132 ) ) ;
#1246 = CARTESIAN_POINT ( 'NONE',  ( 40.70000000000000284, 24.17830251423561450, -58.64028375449679231 ) ) ;
#1247 = CARTESIAN_POINT ( 'NONE',  ( 40.70000000000000284, -21.07440200472177239, -55.59972459539463330 ) ) ;
#1248 = B_SPLINE_CURVE_WITH_KNOTS ( 'NONE', 3,
 ( #3433, #2507, #2569, #2789 ),
 .UNSPECIFIED., .F., .F.,
 ( 4, 4 ),
 ( 0.000000000000000000, 1.000000000000000000 ),
 .UNSPECIFIED. ) ;
#1249 = CARTESIAN_POINT ( 'NONE',  ( 37.24999999999999289, -1.600140642086498532, -13.10537457510074866 ) ) ;
#1250 = CYLINDRICAL_SURFACE ( 'NONE', #2759, 1.600000000000000755 ) ;
#1251 = CARTESIAN_POINT ( 'NONE',  ( 38.25000000000000000, -24.72497628340555664, -57.87621428236901266 ) ) ;
#1252 = CARTESIAN_POINT ( 'NONE',  ( 38.25000000000000000, -18.87632464937483334, -5.056010085927987063 ) ) ;
#1253 = CARTESIAN_POINT ( 'NONE',  ( 37.25000000000000000, -9.986140291782779954, -7.476496536921033886 ) ) ;
#1254 = CARTESIAN_POINT ( 'NONE',  ( 43.25000000000000711, 18.59779512988453831, -70.43657818046943930 ) ) ;
#1255 = CARTESIAN_POINT ( 'NONE',  ( 43.25000000000000000, -9.077851480992150510E-14, -13.00000000000000000 ) ) ;
#1256 = VERTEX_POINT ( 'NONE', #1378 ) ;
#1257 = CARTESIAN_POINT ( 'NONE',  ( 43.25000000000000711, -13.18015626368512017, -3.994938474182052168 ) ) ;
#1258 = CARTESIAN_POINT ( 'NONE',  ( 34.24999999999999289, 18.50405903950113284, -6.283205338062590961 ) ) ;
#1259 = CARTESIAN_POINT ( 'NONE',  ( 40.69999999999999574, -12.99239457201604075, -70.79964077830231872 ) ) ;
#1260 = CARTESIAN_POINT ( 'NONE',  ( 40.70000000000000284, -24.67232645083950970, -55.83821923554328492 ) ) ;
#1261 = FACE_OUTER_BOUND ( 'NONE', #2080, .T. ) ;
#1262 = ORIENTED_EDGE ( 'NONE', *, *, #2380, .F. ) ;
#1263 = ADVANCED_FACE ( 'NONE', ( #2967 ), #3617, .F. ) ;
#1264 = CARTESIAN_POINT ( 'NONE',  ( 43.25000000000000000, 29.35322323254530019, -16.66666666666666785 ) ) ;
#1265 = CARTESIAN_POINT ( 'NONE',  ( 38.25000000000000000, 14.13851673022521993, -71.07100004334070320 ) ) ;
#1266 = FACE_BOUND ( 'NONE', #5, .T. ) ;
#1267 = CARTESIAN_POINT ( 'NONE',  ( 40.69999999999999574, -20.69964446104097533, -57.48375799471314451 ) ) ;
#1268 = DIRECTION ( 'NONE',  ( 1.000000000000000000, 0.000000000000000000, 0.000000000000000000 ) ) ;
#1269 = VERTEX_POINT ( 'NONE', #796 ) ;
#1270 = CARTESIAN_POINT ( 'NONE',  ( 41.70000000000000284, -9.058257132205788090E-14, -11.40000000000000036 ) ) ;
#1271 = CARTESIAN_POINT ( 'NONE',  ( 38.25000000000000711, -19.49999999999999289, -1.276272015520918846 ) ) ;
#1272 = CARTESIAN_POINT ( 'NONE',  ( 43.24999999999998579, 18.36370593617206382, -71.00264617044359738 ) ) ;
#1273 = CARTESIAN_POINT ( 'NONE',  ( 43.25000000000000000, 0.000000000000000000, 0.000000000000000000 ) ) ;
#1274 = VERTEX_POINT ( 'NONE', #1767 ) ;
#1275 = CARTESIAN_POINT ( 'NONE',  ( 41.69999999999999574, 12.53779719703475060, -7.483274751959864801 ) ) ;
#1276 = DIRECTION ( 'NONE',  ( 0.000000000000000000, 0.000000000000000000, -1.000000000000000000 ) ) ;
#1277 = CARTESIAN_POINT ( 'NONE',  ( 34.25000000000000000, -2.510842143792649962E-15, 18.07499999972614901 ) ) ;
#1278 = CARTESIAN_POINT ( 'NONE',  ( 37.25000000000000000, -6.439087865156279720E-16, 14.59999999999999964 ) ) ;
#1279 = CARTESIAN_POINT ( 'NONE',  ( 38.25000000000001421, -21.71635529937941556, -55.05458010215797771 ) ) ;
#1280 = ORIENTED_EDGE ( 'NONE', *, *, #1159, .F. ) ;
#1281 = FACE_BOUND ( 'NONE', #1442, .T. ) ;
#1282 = CARTESIAN_POINT ( 'NONE',  ( 37.25000000000000711, -12.31528941499318464, 5.294018567902117667 ) ) ;
#1283 = CARTESIAN_POINT ( 'NONE',  ( 37.24999999999999289, 0.9825463401607501535, -11.71940702877890317 ) ) ;
#1284 = CARTESIAN_POINT ( 'NONE',  ( 43.25000000000000000, 3.825887315114044953E-16, 16.15000000000000213 ) ) ;
#1285 = ORIENTED_EDGE ( 'NONE', *, *, #574, .T. ) ;
#1286 = CARTESIAN_POINT ( 'NONE',  ( 41.69999999999999574, -0.4187966149749428046, -11.44164371733069530 ) ) ;
#1287 = CARTESIAN_POINT ( 'NONE',  ( 38.25000000000000000, -14.69104282995112420, 12.88612163632422103 ) ) ;
#1288 = CARTESIAN_POINT ( 'NONE',  ( 34.74999999928449057, 15.79698927960594723, -7.788382451917517990 ) ) ;
#1289 = CARTESIAN_POINT ( 'NONE',  ( 42.39999999999999858, 22.85702706628954317, -53.07100004334068899 ) ) ;
#1290 = EDGE_CURVE ( 'NONE', #3935, #794, #2533, .T. ) ;
#1291 = CARTESIAN_POINT ( 'NONE',  ( 39.06666666666666288, 22.85702706628955028, -59.07100004334069610 ) ) ;
#1292 = CARTESIAN_POINT ( 'NONE',  ( 43.24999999999998579, 17.87451064883740415, -71.78879893718146832 ) ) ;
#1293 = DIRECTION ( 'NONE',  ( 0.000000000000000000, 0.000000000000000000, 1.000000000000000000 ) ) ;
#1294 = B_SPLINE_CURVE_WITH_KNOTS ( 'NONE', 3,
 ( #3019, #776, #163, #3992, #1433, #3373, #2114, #123, #852, #1144, #1413, #2414, #3676, #3351, #524, #3044, #201, #4010, #3950, #1397, #461, #2274, #2530, #1644, #954, #2896, #40, #3162, #1310, #645 ),
 .UNSPECIFIED., .F., .F.,
 ( 4, 2, 2, 2, 2, 2, 2, 2, 2, 2, 2, 2, 2, 2, 4 ),
 ( 0.000000000000000000, 0.1249999999999996392, 0.1874999999999995559, 0.2499999999999995004, 0.3124999999999994449, 0.3749999999999993339, 0.4374999999999992784, 0.4999999999999992228, 0.5624999999999991118, 0.6249999999999991118, 0.6874999999999990008, 0.7499999999999988898, 0.8124999999999988898, 0.8749999999999987788, 1.000000000000000000 ),
 .UNSPECIFIED. ) ;
#1295 = VERTEX_POINT ( 'NONE', #1076 ) ;
#1296 = CARTESIAN_POINT ( 'NONE',  ( 34.25000000000000711, 6.283205338062612277, -18.50405903950112219 ) ) ;
#1297 = CARTESIAN_POINT ( 'NONE',  ( 43.24999999999999289, -9.374998071702147939, -69.22726931925343763 ) ) ;
#1298 = FACE_OUTER_BOUND ( 'NONE', #3633, .T. ) ;
#1299 = CARTESIAN_POINT ( 'NONE',  ( 39.06666666666666288, 14.13851673022521460, -66.77100004334070604 ) ) ;
#1300 = VERTEX_POINT ( 'NONE', #2348 ) ;
#1301 = CARTESIAN_POINT ( 'NONE',  ( 43.24999999999999289, -4.782276005498644622, -78.97712427263930124 ) ) ;
#1302 = CARTESIAN_POINT ( 'NONE',  ( 38.25000000000000711, -31.80246705209791713, 8.518268103537987912 ) ) ;
#1303 = CARTESIAN_POINT ( 'NONE',  ( 37.25000000000000711, 4.551271253012665774, 16.98542708502456833 ) ) ;
#1304 = CARTESIAN_POINT ( 'NONE',  ( 37.24999999999999289, 0.4134370172765211016, -14.54935974782683417 ) ) ;
#1305 = CARTESIAN_POINT ( 'NONE',  ( 37.25000000000000711, 11.77321622215236374, 4.981597391440219624 ) ) ;
#1306 = ORIENTED_EDGE ( 'NONE', *, *, #3930, .T. ) ;
#1307 = CARTESIAN_POINT ( 'NONE',  ( 38.25000000000000000, -17.52724272843908793, 8.641448524175839196 ) ) ;
#1308 = CARTESIAN_POINT ( 'NONE',  ( 38.75000000000000000, -33.35322323254529664, -50.00000000000000000 ) ) ;
#1309 = CARTESIAN_POINT ( 'NONE',  ( 41.69999999999999574, -12.65638847056458438, -5.694209631406464744 ) ) ;
#1310 = CARTESIAN_POINT ( 'NONE',  ( 37.25000000000000000, -11.47158667653435060, -8.099856235498908319 ) ) ;
#1311 = CARTESIAN_POINT ( 'NONE',  ( 39.24999999999998579, 10.74693078237549848, 31.64974419757327695 ) ) ;
#1312 = EDGE_CURVE ( 'NONE', #1828, #1166, #3261, .T. ) ;
#1313 = ORIENTED_EDGE ( 'NONE', *, *, #3588, .F. ) ;
#1314 = CARTESIAN_POINT ( 'NONE',  ( 34.25000000000000000, 16.92271618095893970, 9.772438145944555288 ) ) ;
#1315 = CARTESIAN_POINT ( 'NONE',  ( 43.24999999999999289, -12.84434778017337564, -73.49880378568064998 ) ) ;
#1316 = CARTESIAN_POINT ( 'NONE',  ( 43.25000000000000000, 0.000000000000000000, 0.000000000000000000 ) ) ;
#1317 = AXIS2_PLACEMENT_3D ( 'NONE', #2022, #1055, #3236 ) ;
#1318 = CARTESIAN_POINT ( 'NONE',  ( 43.25000000000000000, 11.25833024919771930, 6.500000000000000000 ) ) ;
#1319 = CARTESIAN_POINT ( 'NONE',  ( 43.25000000000000711, 8.525657768530578551, -8.081181931676731267 ) ) ;
#1320 = CARTESIAN_POINT ( 'NONE',  ( 38.25000000000000000, -16.11624274215693475, -68.23081043775742671 ) ) ;
#1321 = CARTESIAN_POINT ( 'NONE',  ( 41.69999999999998863, 9.699973966528354197, -6.918796614974852766 ) ) ;
#1322 = VERTEX_POINT ( 'NONE', #762 ) ;
#1323 = CARTESIAN_POINT ( 'NONE',  ( 37.25000000000000000, 12.80779413544450840, -6.086815346620673139 ) ) ;
#1324 = DIRECTION ( 'NONE',  ( 0.000000000000000000, 0.000000000000000000, 1.000000000000000000 ) ) ;
#1325 = CARTESIAN_POINT ( 'NONE',  ( 43.25000000000001421, 21.43670808993176990, -70.07514486057753800 ) ) ;
#1326 = CARTESIAN_POINT ( 'NONE',  ( -26.04887703352175166, 41.40261884281704852, -10.35263071333493912 ) ) ;
#1327 = CARTESIAN_POINT ( 'NONE',  ( 37.25000000000000000, -9.142242359643709629E-14, -11.40000000000000036 ) ) ;
#1328 = CARTESIAN_POINT ( 'NONE',  ( 39.25000000000000000, -33.35322323254529664, -50.00000000000000000 ) ) ;
#1329 = CARTESIAN_POINT ( 'NONE',  ( 43.25000000000000000, -8.753269157417568280, 8.421826447937393212 ) ) ;
#1330 = ORIENTED_EDGE ( 'NONE', *, *, #2015, .T. ) ;
#1331 = CARTESIAN_POINT ( 'NONE',  ( 39.25000000000000000, -20.34512569842100405, 26.51940212992068169 ) ) ;
#1332 = CARTESIAN_POINT ( 'NONE',  ( 43.25000000000000711, -12.07319547100239454, -9.550091886420963405 ) ) ;
#1333 = CARTESIAN_POINT ( 'NONE',  ( 34.74999999928448347, 13.24077321725076217, -11.61403014145636270 ) ) ;
#1334 = CARTESIAN_POINT ( 'NONE',  ( 40.69999999999999574, 20.76298581145266908, -56.35824209196825052 ) ) ;
#1335 = CARTESIAN_POINT ( 'NONE',  ( 38.75000000000000000, -33.35322323254529664, -16.66666666666666785 ) ) ;
#1336 = CARTESIAN_POINT ( 'NONE',  ( 37.25000000000000000, -8.792275907100556509, 15.22874543922693746 ) ) ;
#1337 = CARTESIAN_POINT ( 'NONE',  ( 34.74999999928446925, -15.25214035283859815, 8.807723098203890544 ) ) ;
#1338 = EDGE_LOOP ( 'NONE', ( #2445, #1871, #2328 ) ) ;
#1339 = CARTESIAN_POINT ( 'NONE',  ( 34.25000000000000000, 5.056010085927883146, 18.87632464937486176 ) ) ;
#1340 = CARTESIAN_POINT ( 'NONE',  ( 43.25000000000000000, 9.860378035269379282, -3.669705963452672748 ) ) ;
#1341 = CARTESIAN_POINT ( 'NONE',  ( 38.24999999999999289, -15.94010228237738325, -70.00056256209306582 ) ) ;
#1342 = EDGE_CURVE ( 'NONE', #339, #2587, #1598, .T. ) ;
#1343 = CARTESIAN_POINT ( 'NONE',  ( 41.69999999999998863, 9.978863301360574312, -7.483274751959871907 ) ) ;
#1344 = EDGE_LOOP ( 'NONE', ( #3596, #3039, #761, #2004 ) ) ;
#1345 = CARTESIAN_POINT ( 'NONE',  ( 41.91666666666666430, 30.68655656587863234, -49.99999999999995737 ) ) ;
#1346 = CARTESIAN_POINT ( 'NONE',  ( 37.25000000000000000, -11.67580927299711036, 8.058597586324710349 ) ) ;
#1347 = CARTESIAN_POINT ( 'NONE',  ( 39.24999999999999289, 33.35322323254529664, -16.66666666666666430 ) ) ;
#1348 = CARTESIAN_POINT ( 'NONE',  ( 43.25000000000000000, -3.049825811891865079, 12.18310925659882749 ) ) ;
#1349 = EDGE_CURVE ( 'NONE', #70, #4019, #656, .T. ) ;
#1350 = ORIENTED_EDGE ( 'NONE', *, *, #42, .T. ) ;
#1351 = CARTESIAN_POINT ( 'NONE',  ( 39.25000000000000000, -31.64974419757324853, 10.74693078237554289 ) ) ;
#1352 = CARTESIAN_POINT ( 'NONE',  ( 43.24999999999998579, -12.83951174743461010, 9.232672914700012612 ) ) ;
#1353 = FACE_OUTER_BOUND ( 'NONE', #2796, .T. ) ;
#1354 = CARTESIAN_POINT ( 'NONE',  ( 37.25000000000000711, 0.1055431526890963367, 11.39992884923173300 ) ) ;
#1355 = CARTESIAN_POINT ( 'NONE',  ( 38.75000000000000000, -8.647909387792591218, -82.28647537644086185 ) ) ;
#1356 = CARTESIAN_POINT ( 'NONE',  ( 43.25000000000000000, -22.79368571587784942, -52.22100004334069467 ) ) ;
#1357 = CARTESIAN_POINT ( 'NONE',  ( 37.24999999999999289, -3.993921143199299806, -17.12494729768445367 ) ) ;
#1358 = CARTESIAN_POINT ( 'NONE',  ( 34.74999999928448347, -17.46171000551902353, -2.300533677318997050 ) ) ;
#1359 = CARTESIAN_POINT ( 'NONE',  ( 38.25000000000000000, 5.056010085927881370, 18.87632464937486176 ) ) ;
#1360 = CARTESIAN_POINT ( 'NONE',  ( 40.70000000000000284, 14.41995107210930271, -66.77100004334070604 ) ) ;
#1361 = CARTESIAN_POINT ( 'NONE',  ( 37.25000000000000711, 17.12480685083478704, 3.993893206616379477 ) ) ;
#1362 = CARTESIAN_POINT ( 'NONE',  ( 43.25000000000000711, 10.83969384518750800, -3.350000000000000977 ) ) ;
#1363 = CYLINDRICAL_SURFACE ( 'NONE', #3435, 33.35322323254529664 ) ;
#1364 = ORIENTED_EDGE ( 'NONE', *, *, #3597, .T. ) ;
#1365 = CARTESIAN_POINT ( 'NONE',  ( 39.24999999999999289, 33.13822542452609810, -54.36587273363355877 ) ) ;
#1366 = CARTESIAN_POINT ( 'NONE',  ( 43.25000000000000000, -8.753269157417896906, -4.578173552064678020 ) ) ;
#1367 = EDGE_CURVE ( 'NONE', #309, #3060, #1395, .T. ) ;
#1368 = CARTESIAN_POINT ( 'NONE',  ( 37.25000000000000000, 11.25833024919771930, 4.899999999999999467 ) ) ;
#1369 = CARTESIAN_POINT ( 'NONE',  ( 38.75000000000000711, 29.97897637808381788, -64.78052111176347694 ) ) ;
#1370 = CARTESIAN_POINT ( 'NONE',  ( 43.25000000000000000, -14.07517537981347999, -64.22100004334070888 ) ) ;
#1371 = CARTESIAN_POINT ( 'NONE',  ( 37.25000000000000711, -17.57492840081798491, -0.5762675855313970086 ) ) ;
#1372 = CARTESIAN_POINT ( 'NONE',  ( 38.25000000000000000, 23.81195955810563092, -54.98921205014160307 ) ) ;
#1373 = CARTESIAN_POINT ( 'NONE',  ( 43.25000000000000000, -13.76490035738013162, 8.419568045385080524 ) ) ;
#1374 = FACE_OUTER_BOUND ( 'NONE', #974, .T. ) ;
#1375 = CARTESIAN_POINT ( 'NONE',  ( 43.25000000000000000, -14.07517537981347999, -73.62100004334071457 ) ) ;
#1376 = CARTESIAN_POINT ( 'NONE',  ( 38.25000000000000711, -16.22535089178381895, -68.77756943403653622 ) ) ;
#1377 = ORIENTED_EDGE ( 'NONE', *, *, #4024, .F. ) ;
#1378 = CARTESIAN_POINT ( 'NONE',  ( 38.25000000000000000, 14.13851673022521993, -66.77100004334070604 ) ) ;
#1379 = CARTESIAN_POINT ( 'NONE',  ( 43.25000000000000711, -25.66151643262995918, -60.65696216172654687 ) ) ;
#1380 = CARTESIAN_POINT ( 'NONE',  ( 43.25000000000000000, 29.35322323254530019, 1.716079042152164845E-15 ) ) ;
#1381 = CARTESIAN_POINT ( 'NONE',  ( 43.24999999999999289, 19.31719226370870146, -53.81428181391596866 ) ) ;
#1382 = CONICAL_SURFACE ( 'NONE', #2832, 4.699999999999995737, 0.7853981633974476129 ) ;
#1383 = ADVANCED_FACE ( 'NONE', ( #2220 ), #2897, .F. ) ;
#1384 = CARTESIAN_POINT ( 'NONE',  ( 34.74999999928449768, -1.155557966632341862E-30, -17.57499999999999929 ) ) ;
#1385 = CYLINDRICAL_SURFACE ( 'NONE', #3564, 19.50000000000000000 ) ;
#1386 = AXIS2_PLACEMENT_3D ( 'NONE', #1576, #1268, #2526 ) ;
#1387 = CARTESIAN_POINT ( 'NONE',  ( 34.74999999928449768, 1.155557966632341862E-30, 17.57499999999999929 ) ) ;
#1388 = AXIS2_PLACEMENT_3D ( 'NONE', #1809, #571, #1483 ) ;
#1389 = CARTESIAN_POINT ( 'NONE',  ( 40.70000000000000284, 20.97838633132788999, -55.83821923554328492 ) ) ;
#1390 = CARTESIAN_POINT ( 'NONE',  ( 38.25000000000000000, -31.80246705209791003, -58.51826810353799857 ) ) ;
#1391 = CARTESIAN_POINT ( 'NONE',  ( 37.24999999999999289, -16.45764469248252837, 6.193232096427729871 ) ) ;
#1392 = CARTESIAN_POINT ( 'NONE',  ( 38.25000000000000711, 24.99312554791104546, -56.63729001441738120 ) ) ;
#1393 = CARTESIAN_POINT ( 'NONE',  ( 43.25000000000001421, -14.38808255195237606, 6.084926860580262442 ) ) ;
#1394 = DIRECTION ( 'NONE',  ( 0.000000000000000000, 0.000000000000000000, 1.000000000000000000 ) ) ;
#1395 = B_SPLINE_CURVE_WITH_KNOTS ( 'NONE', 3,
 ( #3148, #1909, #291, #2862 ),
 .UNSPECIFIED., .F., .F.,
 ( 4, 4 ),
 ( 0.000000000000000000, 1.000000000000000000 ),
 .UNSPECIFIED. ) ;
#1396 = FACE_BOUND ( 'NONE', #1434, .T. ) ;
#1397 = CARTESIAN_POINT ( 'NONE',  ( 37.25000000000000711, -12.69634233347615115, -7.209700726364773438 ) ) ;
#1398 = VERTEX_POINT ( 'NONE', #1627 ) ;
#1399 = CARTESIAN_POINT ( 'NONE',  ( 43.25000000000000000, 22.85702706628955028, -61.62100004334070036 ) ) ;
#1400 = CARTESIAN_POINT ( 'NONE',  ( 41.69999999999998863, 1.279466947837088586, 13.98327475195986480 ) ) ;
#1401 = DIRECTION ( 'NONE',  ( 1.000000000000000000, 0.000000000000000000, 0.000000000000000000 ) ) ;
#1402 = CARTESIAN_POINT ( 'NONE',  ( 37.25000000000000000, 12.69634214447074783, 7.209701010971000024 ) ) ;
#1403 = CARTESIAN_POINT ( 'NONE',  ( 34.25000000000000000, -19.37430128635111970, -2.552512472701153445 ) ) ;
#1404 = CARTESIAN_POINT ( 'NONE',  ( 43.25000000000000000, -11.25833024919761982, 3.350000000000130207 ) ) ;
#1405 = CARTESIAN_POINT ( 'NONE',  ( 43.25000000000000711, 13.63289786581505325, -4.419546161753869384 ) ) ;
#1406 = CARTESIAN_POINT ( 'NONE',  ( 40.69999999999999574, 21.77424625849210216, -55.04235930837902657 ) ) ;
#1407 = ORIENTED_EDGE ( 'NONE', *, *, #1717, .F. ) ;
#1408 = CARTESIAN_POINT ( 'NONE',  ( 38.75000000000000000, -4.365872733633506364, 33.13822542452611231 ) ) ;
#1409 = CARTESIAN_POINT ( 'NONE',  ( 37.25000000000000000, -9.284958080990254103, -14.93317602047436132 ) ) ;
#1410 = CARTESIAN_POINT ( 'NONE',  ( 34.74999999928447636, -15.79698927960593302, 7.788382451917558846 ) ) ;
#1411 = EDGE_CURVE ( 'NONE', #504, #2074, #3968, .T. ) ;
#1412 = CARTESIAN_POINT ( 'NONE',  ( 41.70000000000000284, -12.24160500115749173, 7.779466947837216928 ) ) ;
#1413 = CARTESIAN_POINT ( 'NONE',  ( 37.24999999999999289, -12.69608246078689184, -5.790406916428684880 ) ) ;
#1414 = EDGE_LOOP ( 'NONE', ( #2528, #3079, #912, #3340 ) ) ;
#1415 = CARTESIAN_POINT ( 'NONE',  ( 39.24999999999998579, 25.12787851416631213, -72.04070213015663171 ) ) ;
#1416 = CARTESIAN_POINT ( 'NONE',  ( 43.25000000000000000, 2.830471419567030189, -11.60247540968213364 ) ) ;
#1417 = CARTESIAN_POINT ( 'NONE',  ( 43.25000000000000711, -8.268360613944029325, -5.486618966417028176 ) ) ;
#1418 = CARTESIAN_POINT ( 'NONE',  ( 43.25000000000001421, -3.150175881066295869, -12.79203015287524003 ) ) ;
#1419 = CARTESIAN_POINT ( 'NONE',  ( 37.25000000000000000, 12.53172929854840412, 7.474687003112069128 ) ) ;
#1420 = CARTESIAN_POINT ( 'NONE',  ( 43.25000000000000711, -8.128577946443368063, 6.915073139417767578 ) ) ;
#1421 = CARTESIAN_POINT ( 'NONE',  ( 41.69999999999998863, -10.45253988060417960, 7.898058221366946796 ) ) ;
#1422 = B_SPLINE_CURVE_WITH_KNOTS ( 'NONE', 3,
 ( #2940, #3892, #773, #1741 ),
 .UNSPECIFIED., .F., .F.,
 ( 4, 4 ),
 ( 0.000000000000000000, 1.000000000000000000 ),
 .UNSPECIFIED. ) ;
#1423 = CARTESIAN_POINT ( 'NONE',  ( 41.70000000000000284, -10.27505549723789713, -5.220533052162809717 ) ) ;
#1424 = CARTESIAN_POINT ( 'NONE',  ( 37.25000000000000000, 1.549039309563732481, 12.58468085549516857 ) ) ;
#1425 = ORIENTED_EDGE ( 'NONE', *, *, #2037, .F. ) ;
#1426 = CARTESIAN_POINT ( 'NONE',  ( 41.70000000000000284, -11.25833024919776015, -8.099999999999900169 ) ) ;
#1427 = B_SPLINE_CURVE_WITH_KNOTS ( 'NONE', 3,
 ( #1061, #447, #3923, #1079, #3603, #1732, #2972, #131, #2365, #3304, #1329, #3867, #3218, #1667, #79, #1420, #212, #3032, #1154, #2145, #1198, #2742, #861, #4020, #1829, #231, #2167, #3958, #1111, #3642, #2081, #1773 ),
 .UNSPECIFIED., .F., .F.,
 ( 4, 2, 2, 2, 2, 2, 2, 2, 2, 2, 2, 2, 2, 2, 2, 4 ),
 ( 0.000000000000000000, 0.06250000000000001388, 0.1250000000000000278, 0.1875000000000000555, 0.2500000000000000555, 0.3125000000000000555, 0.3750000000000001110, 0.4375000000000001110, 0.5000000000000001110, 0.5625000000000001110, 0.6250000000000001110, 0.6875000000000001110, 0.7500000000000002220, 0.8125000000000002220, 0.8750000000000003331, 1.000000000000000000 ),
 .UNSPECIFIED. ) ;
#1428 = CARTESIAN_POINT ( 'NONE',  ( 41.69999999999998863, 12.81668653186702578, 6.918796614974850101 ) ) ;
#1429 = CARTESIAN_POINT ( 'NONE',  ( 41.70000000000000284, -11.25833024919776015, -8.099999999999900169 ) ) ;
#1430 = ADVANCED_FACE ( 'NONE', ( #2840 ), #3965, .F. ) ;
#1431 = CARTESIAN_POINT ( 'NONE',  ( 38.25000000000000711, 17.52724272843905950, -8.641448524175881829 ) ) ;
#1432 = CARTESIAN_POINT ( 'NONE',  ( 41.69999999999999574, -12.65638847056443872, 7.305790368593565454 ) ) ;
#1433 = CARTESIAN_POINT ( 'NONE',  ( 37.24999999999999289, -12.05999103847960541, -5.110988532221778513 ) ) ;
#1434 = EDGE_LOOP ( 'NONE', ( #3625, #1863 ) ) ;
#1435 = CARTESIAN_POINT ( 'NONE',  ( 34.25000000000000000, -16.92642259401164395, 6.368065185107528947 ) ) ;
#1436 = CARTESIAN_POINT ( 'NONE',  ( 34.25000000000000000, 12.36088778880255923, -13.20112355736664789 ) ) ;
#1437 = CARTESIAN_POINT ( 'NONE',  ( 43.25000000000001421, 3.129752302754543081, -12.58492686058088772 ) ) ;
#1438 = CARTESIAN_POINT ( 'NONE',  ( 43.25000000000000000, -11.04993477131404767, -3.349999999999900613 ) ) ;
#1439 = CARTESIAN_POINT ( 'NONE',  ( 43.25000000000000711, 2.989969635254146496, 14.01338103358326848 ) ) ;
#1440 = CARTESIAN_POINT ( 'NONE',  ( 43.25000000000000000, 3.837121024627551336, 29.16521858132038503 ) ) ;
#1441 = CARTESIAN_POINT ( 'NONE',  ( 41.70000000000000284, -9.058257132205788090E-14, -11.40000000000000036 ) ) ;
#1442 = EDGE_LOOP ( 'NONE', ( #2047, #3054 ) ) ;
#1443 = CARTESIAN_POINT ( 'NONE',  ( 43.25000000000000000, 29.35322323254530019, 0.000000000000000000 ) ) ;
#1444 = CARTESIAN_POINT ( 'NONE',  ( 34.25000000000000000, 0.000000000000000000, 0.000000000000000000 ) ) ;
#1445 = CARTESIAN_POINT ( 'NONE',  ( 43.25000000000000000, -17.18188679358527793, -72.46084162128276773 ) ) ;
#1446 = AXIS2_PLACEMENT_3D ( 'NONE', #3238, #3216, #946 ) ;
#1447 = CARTESIAN_POINT ( 'NONE',  ( 41.70000000000000284, -9.658330249197756956, -6.709439510239221249 ) ) ;
#1448 = FACE_OUTER_BOUND ( 'NONE', #2562, .T. ) ;
#1449 = EDGE_LOOP ( 'NONE', ( #156, #626 ) ) ;
#1450 = CARTESIAN_POINT ( 'NONE',  ( 37.25000000000000000, -11.25833024919776015, -8.099999999999900169 ) ) ;
#1451 = CARTESIAN_POINT ( 'NONE',  ( 37.25000000000000000, -5.722340766308410292E-16, 17.57499999999999929 ) ) ;
#1452 = CARTESIAN_POINT ( 'NONE',  ( 43.25000000000000000, 11.25833024919771930, 3.350000000000000089 ) ) ;
#1453 = CARTESIAN_POINT ( 'NONE',  ( 37.25000000000000000, 9.668268681732890002, -6.709086320297143580 ) ) ;
#1454 = VERTEX_POINT ( 'NONE', #7 ) ;
#1455 = CARTESIAN_POINT ( 'NONE',  ( 34.25000000000000000, -16.21981295428709657, 7.998809050688597821 ) ) ;
#1456 = CARTESIAN_POINT ( 'NONE',  ( 38.75000000000000000, 0.000000000000000000, 33.35322323254529664 ) ) ;
#1457 = CARTESIAN_POINT ( 'NONE',  ( 43.25000000000000000, 0.000000000000000000, 13.00000000000000000 ) ) ;
#1458 = CARTESIAN_POINT ( 'NONE',  ( 43.25000000000000000, 2.506570108180649292, 11.08043195460722785 ) ) ;
#1459 = EDGE_CURVE ( 'NONE', #28, #1945, #2767, .T. ) ;
#1460 = CARTESIAN_POINT ( 'NONE',  ( 38.73333333333333428, -9.413528500085843232E-14, -11.39999999999999858 ) ) ;
#1461 = CARTESIAN_POINT ( 'NONE',  ( 37.25000000000000000, 12.80779413544434675, 6.913184653380286981 ) ) ;
#1462 = ORIENTED_EDGE ( 'NONE', *, *, #350, .F. ) ;
#1463 = CARTESIAN_POINT ( 'NONE',  ( 38.91666666666667140, -33.35322323254529664, -2.042295903649187346E-15 ) ) ;
#1464 = CARTESIAN_POINT ( 'NONE',  ( 43.25000000000000711, 8.108506130263762657, 6.292030152874383830 ) ) ;
#1465 = EDGE_CURVE ( 'NONE', #1013, #906, #2051, .T. ) ;
#1466 = VERTEX_POINT ( 'NONE', #2320 ) ;
#1467 = CARTESIAN_POINT ( 'NONE',  ( 38.75000000000000711, -31.64974419757324853, 10.74693078237554289 ) ) ;
#1468 = CARTESIAN_POINT ( 'NONE',  ( 41.69999999999998863, 12.85833024919772072, 6.290560489760681051 ) ) ;
#1469 = CARTESIAN_POINT ( 'NONE',  ( 43.25000000000000000, -9.077851480992150510E-14, -13.00000000000000000 ) ) ;
#1470 = CARTESIAN_POINT ( 'NONE',  ( 39.25000000000000000, 33.35322323254529664, 1.978474156660149908E-15 ) ) ;
#1471 = B_SPLINE_CURVE_WITH_KNOTS ( 'NONE', 3,
 ( #994, #3864, #2473, #688, #1303, #3739, #888, #2175, #3156, #3814, #3716, #1015, #971, #2288, #2564, #1964, #3194, #363, #1634, #2888, #3538, #380, #3273, #3914, #3291, #1030, #1361, #937, #583, #1859, #1881, #3142, #3440, #2, #2575, #3465, #351, #307, #2555, #1624, #2532, #648, #1925, #3163, #676, #2879, #3825, #979, #1230, #4075, #3104, #2254, #3504, #2493, #1953, #41, #892, #2177, #3416, #2937 ),
 .UNSPECIFIED., .F., .F.,
 ( 4, 2, 2, 2, 2, 2, 2, 2, 2, 2, 2, 2, 2, 2, 2, 2, 2, 2, 2, 2, 2, 2, 2, 2, 2, 2, 2, 2, 2, 4 ),
 ( 0.000000000000000000, 0.06250000000000001388, 0.09374999999999998612, 0.1249999999999999722, 0.1562499999999999445, 0.1874999999999999722, 0.2187500000000000278, 0.2500000000000000555, 0.2812500000000000555, 0.3125000000000000555, 0.3437500000000000555, 0.3750000000000001110, 0.4062500000000001110, 0.4375000000000001110, 0.4687500000000001110, 0.5000000000000001110, 0.5312500000000001110, 0.5625000000000001110, 0.5937500000000001110, 0.6250000000000001110, 0.6562500000000001110, 0.6875000000000001110, 0.7187500000000001110, 0.7500000000000002220, 0.7812500000000002220, 0.8125000000000002220, 0.8437500000000002220, 0.8750000000000002220, 0.9375000000000001110, 1.000000000000000000 ),
 .UNSPECIFIED. ) ;
#1472 = DIRECTION ( 'NONE',  ( -0.7071067811865424657, 0.7071067811865525687, 0.000000000000000000 ) ) ;
#1473 = CARTESIAN_POINT ( 'NONE',  ( 37.25000000000000000, 9.869318782296611303, -7.301660790162262771 ) ) ;
#1474 = B_SPLINE_CURVE_WITH_KNOTS ( 'NONE', 3,
 ( #3190, #2036, #3271, #376, #104, #702, #2606, #69, #2884, #48, #2660, #2626, #2283, #1320, #3878, #1011, #1376, #3576, #1656, #3917, #1683, #2585, #1341, #439, #3857, #1979, #3533, #2359, #359, #122, #743, #760 ),
 .UNSPECIFIED., .F., .F.,
 ( 4, 2, 2, 2, 2, 2, 2, 2, 2, 2, 2, 2, 2, 2, 2, 4 ),
 ( 0.000000000000000000, 0.06250000000000004163, 0.1250000000000000833, 0.1875000000000001110, 0.2500000000000001665, 0.3125000000000002220, 0.3750000000000002220, 0.4375000000000002776, 0.5000000000000003331, 0.5625000000000003331, 0.6250000000000004441, 0.6875000000000004441, 0.7500000000000004441, 0.8125000000000005551, 0.8750000000000005551, 1.000000000000000000 ),
 .UNSPECIFIED. ) ;
#1475 = ORIENTED_EDGE ( 'NONE', *, *, #739, .T. ) ;
#1476 = CARTESIAN_POINT ( 'NONE',  ( 38.25000000000000711, 2.150238432377391984, 32.85322323254528243 ) ) ;
#1477 = CARTESIAN_POINT ( 'NONE',  ( 34.25000000000000000, -8.000738406600584440, 16.21878169205742637 ) ) ;
#1478 = CARTESIAN_POINT ( 'NONE',  ( 34.25000000000000000, 13.59698966009053223, 11.92414150722942878 ) ) ;
#1479 = CARTESIAN_POINT ( 'NONE',  ( 43.25000000000000000, 1.013246421066359870, -10.01035535160318979 ) ) ;
#1480 = B_SPLINE_CURVE_WITH_KNOTS ( 'NONE', 3,
 ( #3797, #671, #3821, #2195 ),
 .UNSPECIFIED., .F., .F.,
 ( 4, 4 ),
 ( 0.000000000000000000, 1.000000000000000000 ),
 .UNSPECIFIED. ) ;
#1481 = CARTESIAN_POINT ( 'NONE',  ( 42.73333333333333428, -11.25833024919776548, -3.866666666666565888 ) ) ;
#1482 = CARTESIAN_POINT ( 'NONE',  ( 43.25000000000000711, -3.049825811891950789, -13.81689074340095758 ) ) ;
#1483 = DIRECTION ( 'NONE',  ( 1.000000000000000000, 0.000000000000000000, 0.000000000000000000 ) ) ;
#1484 = CARTESIAN_POINT ( 'NONE',  ( 38.25000000000000711, -13.93216702720047273, -71.07100004334071741 ) ) ;
#1485 = ORIENTED_EDGE ( 'NONE', *, *, #2015, .F. ) ;
#1486 = EDGE_CURVE ( 'NONE', #4026, #2514, #3115, .T. ) ;
#1487 = CARTESIAN_POINT ( 'NONE',  ( 43.25000000000000000, 8.208504437305613521, 5.683109256598722681 ) ) ;
#1488 = CARTESIAN_POINT ( 'NONE',  ( 43.25000000000000000, -12.27157667026306065, -9.489644648397364435 ) ) ;
#1489 = CARTESIAN_POINT ( 'NONE',  ( 43.25000000000001421, 14.24829988445144124, 7.513381033582593460 ) ) ;
#1490 = CARTESIAN_POINT ( 'NONE',  ( 43.24999999999999289, -26.33897519857790925, 12.99258622086481729 ) ) ;
#1491 = CARTESIAN_POINT ( 'NONE',  ( 37.25000000000001421, 0.7097010106134438168, 11.56198810452336367 ) ) ;
#1492 = CARTESIAN_POINT ( 'NONE',  ( 37.25000000000000000, -0.9746865753196540805, -11.72660066626126074 ) ) ;
#1493 = ORIENTED_EDGE ( 'NONE', *, *, #964, .F. ) ;
#1494 = CARTESIAN_POINT ( 'NONE',  ( 38.74999999999999289, -8.647909387792436675, 32.28647537644089738 ) ) ;
#1495 = CARTESIAN_POINT ( 'NONE',  ( 43.25000000000000000, 22.85702706628955028, -52.22100004334069467 ) ) ;
#1496 = CARTESIAN_POINT ( 'NONE',  ( 43.25000000000000711, 13.83135572236006361, -73.62100004334074299 ) ) ;
#1497 = B_SPLINE_CURVE_WITH_KNOTS ( 'NONE', 3,
 ( #1844, #1481, #3997, #3680 ),
 .UNSPECIFIED., .F., .F.,
 ( 4, 4 ),
 ( 0.000000000000000000, 1.000000000000000000 ),
 .UNSPECIFIED. ) ;
#1498 = CARTESIAN_POINT ( 'NONE',  ( 37.25000000000000000, 10.28364367387633571, -5.226600666262489092 ) ) ;
#1499 = ORIENTED_EDGE ( 'NONE', *, *, #1758, .F. ) ;
#1500 = CARTESIAN_POINT ( 'NONE',  ( 34.24999999999998579, -14.69866923532692837, -10.53589857313164480 ) ) ;
#1501 = CARTESIAN_POINT ( 'NONE',  ( 34.25000000000000000, 10.53597823137330991, 14.69878814774758169 ) ) ;
#1502 = CARTESIAN_POINT ( 'NONE',  ( 43.25000000000000000, 0.000000000000000000, 13.00000000000000000 ) ) ;
#1503 = CARTESIAN_POINT ( 'NONE',  ( 43.25000000000000711, -0.8148652218057060859, -16.05009188642106466 ) ) ;
#1504 = CARTESIAN_POINT ( 'NONE',  ( 40.70000000000000284, 13.05573592242779135, -70.79964077830234714 ) ) ;
#1505 = ORIENTED_EDGE ( 'NONE', *, *, #534, .T. ) ;
#1506 = CARTESIAN_POINT ( 'NONE',  ( 37.25000000000000000, -9.090639485424858231E-14, -14.59999999999999964 ) ) ;
#1507 = CARTESIAN_POINT ( 'NONE',  ( 43.25000000000000000, -1.922041863555641550, 29.30622206973907495 ) ) ;
#1508 = EDGE_CURVE ( 'NONE', #1116, #1927, #840, .T. ) ;
#1509 = CARTESIAN_POINT ( 'NONE',  ( 43.25000000000000711, 2.374567616615817833, 15.08045383824857488 ) ) ;
#1510 = ORIENTED_EDGE ( 'NONE', *, *, #3197, .T. ) ;
#1511 = CARTESIAN_POINT ( 'NONE',  ( 37.25000000000000711, -12.84796704018462066, 6.711221815862179696 ) ) ;
#1512 = AXIS2_PLACEMENT_3D ( 'NONE', #2946, #125, #107 ) ;
#1513 = CARTESIAN_POINT ( 'NONE',  ( 43.25000000000000711, 26.93624792999928275, -54.56689234297604685 ) ) ;
#1514 = EDGE_CURVE ( 'NONE', #677, #1466, #2816, .T. ) ;
#1515 = CONICAL_SURFACE ( 'NONE', #2062, 33.35322323254528953, 0.7853981633974547183 ) ;
#1516 = AXIS2_PLACEMENT_3D ( 'NONE', #3399, #569, #121 ) ;
#1517 = CARTESIAN_POINT ( 'NONE',  ( 40.21666666666665435, -11.25833024919762337, 8.100000000000129319 ) ) ;
#1518 = PRODUCT_DEFINITION_CONTEXT ( 'detailed design', #2110, 'design' ) ;
#1519 = EDGE_CURVE ( 'NONE', #43, #1828, #3011, .T. ) ;
#1520 = ORIENTED_EDGE ( 'NONE', *, *, #829, .T. ) ;
#1521 = CARTESIAN_POINT ( 'NONE',  ( 43.25000000000000000, -11.67696665320974603, -3.349999999999900169 ) ) ;
#1522 = CARTESIAN_POINT ( 'NONE',  ( 34.25000000000000000, -13.20112355716004160, -12.36088778899695306 ) ) ;
#1523 = CARTESIAN_POINT ( 'NONE',  ( 34.25000000000000000, 9.042381380541700153, -15.66201192279824106 ) ) ;
#1524 = CARTESIAN_POINT ( 'NONE',  ( 38.25000000000000000, 15.76034291848758073, -67.50201920061353178 ) ) ;
#1525 = CARTESIAN_POINT ( 'NONE',  ( 40.70000000000000284, -23.35644366725031063, -54.82695878850383053 ) ) ;
#1526 = CARTESIAN_POINT ( 'NONE',  ( 38.25000000000000000, -32.85322323254528953, -16.66666666666668561 ) ) ;
#1527 = CARTESIAN_POINT ( 'NONE',  ( 38.25000000000000000, -13.12024288799073091, -66.98921205014164570 ) ) ;
#1528 = ORIENTED_EDGE ( 'NONE', *, *, #981, .F. ) ;
#1529 = CARTESIAN_POINT ( 'NONE',  ( 43.25000000000000711, 9.860671046364847925, 3.669203593575098399 ) ) ;
#1530 = CARTESIAN_POINT ( 'NONE',  ( 34.74999999928448347, -4.556891141547891877, -17.01289260065449227 ) ) ;
#1531 = CARTESIAN_POINT ( 'NONE',  ( 43.25000000000000000, 11.25833024919771930, 6.500000000000000000 ) ) ;
#1532 = CARTESIAN_POINT ( 'NONE',  ( 41.70000000000000284, 0.9832747519597723196, -11.72053305216290831 ) ) ;
#1533 = B_SPLINE_CURVE_WITH_KNOTS ( 'NONE', 3,
 ( #3053, #2501, #4037, #1548 ),
 .UNSPECIFIED., .F., .F.,
 ( 4, 4 ),
 ( 0.000000000000000000, 1.000000000000000000 ),
 .UNSPECIFIED. ) ;
#1534 = CARTESIAN_POINT ( 'NONE',  ( 38.73333333333333428, 11.25833024919765890, -8.099999999999999645 ) ) ;
#1535 = ORIENTED_EDGE ( 'NONE', *, *, #624, .T. ) ;
#1536 = CARTESIAN_POINT ( 'NONE',  ( 38.25000000000001421, -5.056010085927842290, -18.87632464937486887 ) ) ;
#1537 = B_SPLINE_CURVE_WITH_KNOTS ( 'NONE', 3,
 ( #3, #4095, #2774, #1882 ),
 .UNSPECIFIED., .F., .F.,
 ( 4, 4 ),
 ( 0.000000000000000000, 1.000000000000000000 ),
 .UNSPECIFIED. ) ;
#1538 = CARTESIAN_POINT ( 'NONE',  ( 38.25000000000000711, -8.518268103537877778, -81.80246705209793845 ) ) ;
#1539 = ADVANCED_FACE ( 'NONE', ( #3924, #1132 ), #472, .F. ) ;
#1540 = CARTESIAN_POINT ( 'NONE',  ( 38.75000000000000000, 0.000000000000000000, -50.00000000000000000 ) ) ;
#1541 = ORIENTED_EDGE ( 'NONE', *, *, #1411, .F. ) ;
#1542 = CARTESIAN_POINT ( 'NONE',  ( 41.70000000000000284, 12.24160500115752370, -5.220533052162908305 ) ) ;
#1543 = CARTESIAN_POINT ( 'NONE',  ( 43.25000000000000000, -14.07517537981347999, -73.62100004334071457 ) ) ;
#1544 = CARTESIAN_POINT ( 'NONE',  ( 38.25000000000000000, 32.85322323254529664, 0.000000000000000000 ) ) ;
#1545 = CARTESIAN_POINT ( 'NONE',  ( -26.04887703352175166, 41.40261884281704852, -10.35263071333493912 ) ) ;
#1546 = CARTESIAN_POINT ( 'NONE',  ( 40.70000000000000284, -23.87646652367527622, -58.79964077830236846 ) ) ;
#1547 = CARTESIAN_POINT ( 'NONE',  ( 38.25000000000000000, -21.08262270378235925, -58.23083647400726193 ) ) ;
#1548 = CARTESIAN_POINT ( 'NONE',  ( 34.25000000000000000, -2.378233845751590078E-15, -19.50000000000000000 ) ) ;
#1549 = ORIENTED_EDGE ( 'NONE', *, *, #1103, .T. ) ;
#1550 = CARTESIAN_POINT ( 'NONE',  ( 43.24999999999999289, -26.34026755542954845, -62.99016839127995127 ) ) ;
#1551 = CARTESIAN_POINT ( 'NONE',  ( 43.25000000000000000, 11.25833024919771930, 3.350000000000000089 ) ) ;
#1552 = CARTESIAN_POINT ( 'NONE',  ( 40.70000000000000284, 23.41978501766200793, -59.01504129817758582 ) ) ;
#1553 = CARTESIAN_POINT ( 'NONE',  ( 40.70000000000000284, -22.23092776450540242, -59.01504129817758582 ) ) ;
#1554 = ORIENTED_EDGE ( 'NONE', *, *, #110, .F. ) ;
#1555 = CARTESIAN_POINT ( 'NONE',  ( 38.75000000000000000, 20.34512569842106089, 26.51940212992064971 ) ) ;
#1556 = CARTESIAN_POINT ( 'NONE',  ( 38.25000000000000000, 14.13851673022521993, -71.07100004334070320 ) ) ;
#1557 = CARTESIAN_POINT ( 'NONE',  ( 43.25000000000000000, 11.78448005486066563, -73.00022673968291542 ) ) ;
#1558 = CARTESIAN_POINT ( 'NONE',  ( 37.25000000000000711, -10.54862923858536661, -7.938011895477470325 ) ) ;
#1559 = CARTESIAN_POINT ( 'NONE',  ( 41.70000000000000284, -11.25833024919761982, 8.100000000000129319 ) ) ;
#1560 = EDGE_CURVE ( 'NONE', #659, #2824, #3568, .T. ) ;
#1561 = ORIENTED_EDGE ( 'NONE', *, *, #3051, .T. ) ;
#1562 = CARTESIAN_POINT ( 'NONE',  ( 34.25000000000000000, 8.641448524175899593, -17.52724272843905595 ) ) ;
#1563 = CARTESIAN_POINT ( 'NONE',  ( 43.24999999999999289, -10.53508305040474191, -65.81403787815477813 ) ) ;
#1564 = CARTESIAN_POINT ( 'NONE',  ( 43.24999999999998579, 2.989644649488739425, -14.01324641987399211 ) ) ;
#1565 = CARTESIAN_POINT ( 'NONE',  ( 40.69999999999999574, -24.67232645083949905, -58.00378085113813853 ) ) ;
#1566 = FACE_OUTER_BOUND ( 'NONE', #825, .T. ) ;
#1567 = CARTESIAN_POINT ( 'NONE',  ( 41.70000000000000284, 9.699973966528418146, 6.081203385025148123 ) ) ;
#1568 = CARTESIAN_POINT ( 'NONE',  ( 37.25000000000000000, -9.668693356973527386, 6.288778686090811476 ) ) ;
#1569 = EDGE_LOOP ( 'NONE', ( #3442, #1796 ) ) ;
#1570 = CARTESIAN_POINT ( 'NONE',  ( 42.21666666666666146, 11.25833024919771930, 4.383333333333331083 ) ) ;
#1571 = CARTESIAN_POINT ( 'NONE',  ( 43.24999999999998579, 28.60120462764562532, -56.67123414665005754 ) ) ;
#1572 = CARTESIAN_POINT ( 'NONE',  ( 35.58333333285633415, 0.000000000000000000, -17.57499999999999929 ) ) ;
#1573 = CARTESIAN_POINT ( 'NONE',  ( 40.69999999999999574, 24.95106832112642437, -57.48375799471314451 ) ) ;
#1574 = ADVANCED_FACE ( 'NONE', ( #1155 ), #2963, .F. ) ;
#1575 = CARTESIAN_POINT ( 'NONE',  ( 43.25000000000000000, 0.000000000000000000, 0.000000000000000000 ) ) ;
#1576 = CARTESIAN_POINT ( 'NONE',  ( 43.25000000000000000, -14.07517537981347999, -68.92100004334069752 ) ) ;
#1577 = CARTESIAN_POINT ( 'NONE',  ( 37.24999999999999289, -1.056959165795627653, -14.20598143209815412 ) ) ;
#1578 = VERTEX_POINT ( 'NONE', #72 ) ;
#1579 = CARTESIAN_POINT ( 'NONE',  ( 41.70000000000000284, -0.9832747519599506214, -14.27946694783709525 ) ) ;
#1580 = CARTESIAN_POINT ( 'NONE',  ( 38.75000000000000711, 4.365872733633611169, 33.13822542452609099 ) ) ;
#1581 = CARTESIAN_POINT ( 'NONE',  ( 37.25000000000000711, 9.739927829440778950, 5.985113742795465264 ) ) ;
#1582 = B_SPLINE_CURVE_WITH_KNOTS ( 'NONE', 3,
 ( #3444, #2558, #1865, #2798, #1542, #355, #2479, #3508, #1584, #2861, #1885, #3166, #1275, #1606, #2536, #2515, #2839, #3469 ),
 .UNSPECIFIED., .F., .F.,
 ( 4, 2, 2, 2, 2, 2, 2, 2, 4 ),
 ( 0.000000000000000000, 0.1250000000000000000, 0.2500000000000000000, 0.3750000000000000000, 0.5000000000000000000, 0.6250000000000000000, 0.7500000000000000000, 0.8750000000000000000, 1.000000000000000000 ),
 .UNSPECIFIED. ) ;
#1583 = ORIENTED_EDGE ( 'NONE', *, *, #712, .F. ) ;
#1584 = CARTESIAN_POINT ( 'NONE',  ( 41.70000000000000284, 12.85833024919766032, -6.290560489760677498 ) ) ;
#1585 = CARTESIAN_POINT ( 'NONE',  ( 40.70000000000000284, -14.07517537981347999, -66.77100004334070604 ) ) ;
#1586 = CARTESIAN_POINT ( 'NONE',  ( 40.70000000000000284, -22.79368571587784942, -54.77100004334069894 ) ) ;
#1587 = CARTESIAN_POINT ( 'NONE',  ( 37.25000000000000000, 11.25833024919771930, 4.899999999999999467 ) ) ;
#1588 = B_SPLINE_CURVE_WITH_KNOTS ( 'NONE', 3,
 ( #2112, #198, #2731, #1818, #2235, #1558, #3415, #4029, #3439, #646, #1253, #2457, #265, #582, #3083, #3782, #286, #1902, #2492, #870, #915, #2154, #3393, #306, #2835, #3800, #2600, #3524, #1602, #2857 ),
 .UNSPECIFIED., .F., .F.,
 ( 4, 2, 2, 2, 2, 2, 2, 2, 2, 2, 2, 2, 2, 2, 4 ),
 ( 0.000000000000000000, 0.06250000000000051348, 0.1250000000000010270, 0.1875000000000015543, 0.2500000000000017764, 0.3125000000000016098, 0.3750000000000014433, 0.4375000000000013323, 0.5000000000000011102, 0.5625000000000011102, 0.6250000000000008882, 0.6875000000000007772, 0.7500000000000005551, 0.8750000000000003331, 1.000000000000000000 ),
 .UNSPECIFIED. ) ;
#1589 = CARTESIAN_POINT ( 'NONE',  ( 37.24999999999999289, -10.05254714442995123, 7.556759789236953573 ) ) ;
#1590 = ORIENTED_EDGE ( 'NONE', *, *, #1103, .F. ) ;
#1591 = CARTESIAN_POINT ( 'NONE',  ( 43.24999999999999289, 9.437322150078093941, -77.81161379448070647 ) ) ;
#1592 = CARTESIAN_POINT ( 'NONE',  ( 37.25000000000000711, -12.05999103847978127, 7.889011467778335174 ) ) ;
#1593 = CARTESIAN_POINT ( 'NONE',  ( 37.25000000000000000, 0.2129095063055027048, -11.40000000000000036 ) ) ;
#1594 = ADVANCED_FACE ( 'NONE', ( #2610 ), #3840, .F. ) ;
#1595 = CARTESIAN_POINT ( 'NONE',  ( 40.69999999999999574, 24.17830251423561450, -55.20171633218460272 ) ) ;
#1596 = CARTESIAN_POINT ( 'NONE',  ( 34.25000000000000000, 2.388061258337340122E-15, 19.50000000000000000 ) ) ;
#1597 = ORIENTED_EDGE ( 'NONE', *, *, #1349, .T. ) ;
#1598 = B_SPLINE_CURVE_WITH_KNOTS ( 'NONE', 3,
 ( #1456, #4034, #2755, #1822 ),
 .UNSPECIFIED., .F., .F.,
 ( 4, 4 ),
 ( 0.000000000000000000, 1.000000000000000000 ),
 .UNSPECIFIED. ) ;
#1599 = CARTESIAN_POINT ( 'NONE',  ( 41.69999999999998863, -1.558356282669396187, -13.41879661497485365 ) ) ;
#1600 = CARTESIAN_POINT ( 'NONE',  ( 43.25000000000000000, 14.13851673022521993, -64.22100004334070888 ) ) ;
#1601 = CARTESIAN_POINT ( 'NONE',  ( 38.25000000000000711, 20.70720257825992405, -57.06443065264704728 ) ) ;
#1602 = CARTESIAN_POINT ( 'NONE',  ( 37.24999999999999289, -11.04542074289538789, -4.899999999999899991 ) ) ;
#1603 = CARTESIAN_POINT ( 'NONE',  ( 40.70000000000000284, 14.13851673022521993, -66.77100004334070604 ) ) ;
#1604 = ORIENTED_EDGE ( 'NONE', *, *, #2674, .T. ) ;
#1605 = CARTESIAN_POINT ( 'NONE',  ( 43.25000000000001421, -13.33878379847897122, -4.125432094023954832 ) ) ;
#1606 = CARTESIAN_POINT ( 'NONE',  ( 41.69999999999998863, 12.24160500115752370, -7.779466947837088142 ) ) ;
#1607 = CARTESIAN_POINT ( 'NONE',  ( 43.24999999999999289, -9.615573587937671363, -67.40527597381694136 ) ) ;
#1608 = CARTESIAN_POINT ( 'NONE',  ( 37.25000000000000000, -0.4173542579302694233, 11.44074134716130864 ) ) ;
#1609 = CARTESIAN_POINT ( 'NONE',  ( 38.25000000000000000, -21.83875322406317920, -54.98921205014162439 ) ) ;
#1610 = ORIENTED_EDGE ( 'NONE', *, *, #1459, .F. ) ;
#1611 = CARTESIAN_POINT ( 'NONE',  ( 40.70000000000000284, 22.85702706628955028, -54.77100004334069894 ) ) ;
#1612 = CARTESIAN_POINT ( 'NONE',  ( 38.25000000000001421, -4.300423695871959495, 32.64144846846581061 ) ) ;
#1613 = CARTESIAN_POINT ( 'NONE',  ( 37.24999999999998579, -12.46431162468703135, 7.556959222253627928 ) ) ;
#1614 = CARTESIAN_POINT ( 'NONE',  ( 40.70000000000000284, 14.13851673022521993, -71.07100004334070320 ) ) ;
#1615 = CARTESIAN_POINT ( 'NONE',  ( 40.70000000000000284, 22.85702706628955028, -54.77100004334069894 ) ) ;
#1616 = EDGE_CURVE ( 'NONE', #3235, #2628, #2434, .T. ) ;
#1617 = CARTESIAN_POINT ( 'NONE',  ( 41.70000000000000284, -11.25833024919776015, -4.899999999999899991 ) ) ;
#1618 = ORIENTED_EDGE ( 'NONE', *, *, #666, .T. ) ;
#1619 = CARTESIAN_POINT ( 'NONE',  ( 39.25000000000000000, -32.28647537644087606, 8.647909387792566349 ) ) ;
#1620 = CARTESIAN_POINT ( 'NONE',  ( 38.75000000000000000, 8.647909387792521940, 32.28647537644088317 ) ) ;
#1621 = CARTESIAN_POINT ( 'NONE',  ( 38.25000000000000711, 20.81595970394615591, -56.23081043775800225 ) ) ;
#1622 = CARTESIAN_POINT ( 'NONE',  ( 39.24999999999999289, 31.64974419757324853, 10.74693078237554644 ) ) ;
#1623 = CARTESIAN_POINT ( 'NONE',  ( 43.24999999999999289, 17.02905273975197886, -72.67776919926534163 ) ) ;
#1624 = CARTESIAN_POINT ( 'NONE',  ( 37.25000000000001421, 16.01672087528216792, -7.258090551208466579 ) ) ;
#1625 = EDGE_LOOP ( 'NONE', ( #1364, #809 ) ) ;
#1626 = CARTESIAN_POINT ( 'NONE',  ( 34.25000000000000711, 12.88612163632426721, -14.69104282995109401 ) ) ;
#1627 = CARTESIAN_POINT ( 'NONE',  ( -26.05349424533815039, 41.38488242297790265, -10.41666666666606034 ) ) ;
#1628 = DIRECTION ( 'NONE',  ( 0.000000000000000000, -1.000000000000000000, -8.673617379884041783E-15 ) ) ;
#1629 = CARTESIAN_POINT ( 'NONE',  ( 41.55000000000000426, 14.13851673022521283, -65.92100004334069752 ) ) ;
#1630 = EDGE_LOOP ( 'NONE', ( #1897, #3153, #2135, #2661 ) ) ;
#1631 = CARTESIAN_POINT ( 'NONE',  ( 37.25000000000000711, 12.31509038309114601, -7.705782760877914583 ) ) ;
#1632 = CARTESIAN_POINT ( 'NONE',  ( 43.25000000000000000, -6.670783539798657458, -78.60129428510192895 ) ) ;
#1633 = CARTESIAN_POINT ( 'NONE',  ( 38.25000000000000000, -8.518268103537890212, 31.80246705209793845 ) ) ;
#1634 = CARTESIAN_POINT ( 'NONE',  ( 37.25000000000000000, 14.29286178688744613, 10.24325605289343954 ) ) ;
#1635 = CARTESIAN_POINT ( 'NONE',  ( 39.25000000000000000, -33.35322323254529664, -50.00000000000000000 ) ) ;
#1636 = CARTESIAN_POINT ( 'NONE',  ( 40.70000000000000284, 24.57631077744563441, -55.59972459539463330 ) ) ;
#1637 = CARTESIAN_POINT ( 'NONE',  ( 34.25000000000000711, -17.52724272843903464, -8.641448524175965318 ) ) ;
#1638 = CARTESIAN_POINT ( 'NONE',  ( 43.25000000000000000, 9.438694038334130454, -69.22726931925744509 ) ) ;
#1639 = B_SPLINE_CURVE_WITH_KNOTS ( 'NONE', 3,
 ( #2332, #819, #152, #1441 ),
 .UNSPECIFIED., .F., .F.,
 ( 4, 4 ),
 ( 0.000000000000000000, 1.000000000000000000 ),
 .UNSPECIFIED. ) ;
#1640 = ORIENTED_EDGE ( 'NONE', *, *, #1514, .F. ) ;
#1641 = CARTESIAN_POINT ( 'NONE',  ( 43.24999999999999289, 17.67860905965434526, -65.81403787819246531 ) ) ;
#1642 = CARTESIAN_POINT ( 'NONE',  ( 34.74999999928448347, 5.662940195715366443, -16.67737628816575324 ) ) ;
#1643 = ADVANCED_FACE ( 'NONE', ( #1906 ), #959, .T. ) ;
#1644 = CARTESIAN_POINT ( 'NONE',  ( 37.25000000000000000, -12.31528941499259844, -7.705981432098436557 ) ) ;
#1645 = CARTESIAN_POINT ( 'NONE',  ( 38.25000000000000000, 14.13851673022521993, -66.77100004334070604 ) ) ;
#1646 = CARTESIAN_POINT ( 'NONE',  ( 39.24999999999998579, 4.365872733633611169, 33.13822542452609099 ) ) ;
#1647 = CARTESIAN_POINT ( 'NONE',  ( 37.25000000000000000, -8.790340798825669211, -15.22977977614455725 ) ) ;
#1648 = CARTESIAN_POINT ( 'NONE',  ( 34.74999999928449057, -2.300533677318982395, 17.46171000551901642 ) ) ;
#1649 = EDGE_CURVE ( 'NONE', #493, #202, #2199, .T. ) ;
#1650 = ORIENTED_EDGE ( 'NONE', *, *, #1655, .T. ) ;
#1651 = CARTESIAN_POINT ( 'NONE',  ( 40.70000000000000284, 15.45979217817128770, -70.64028375449677810 ) ) ;
#1652 = FACE_BOUND ( 'NONE', #2467, .T. ) ;
#1653 = CONICAL_SURFACE ( 'NONE', #113, 3.149999999999999911, 0.7853981633974476129 ) ;
#1654 = CARTESIAN_POINT ( 'NONE',  ( 43.25000000000000000, 8.524148752128594353, -4.921076470868992914 ) ) ;
#1655 = EDGE_CURVE ( 'NONE', #777, #2293, #2716, .T. ) ;
#1656 = CARTESIAN_POINT ( 'NONE',  ( 38.25000000000000711, -16.21127386143296079, -69.20471007226237248 ) ) ;
#1657 = CONICAL_SURFACE ( 'NONE', #3909, 3.149999999999999911, 0.7853981633974476129 ) ;
#1658 = ORIENTED_EDGE ( 'NONE', *, *, #2089, .T. ) ;
#1659 = CARTESIAN_POINT ( 'NONE',  ( 38.25000000000000000, -32.85322323254529664, 5.140959319380179311E-15 ) ) ;
#1660 = CARTESIAN_POINT ( 'NONE',  ( 41.69999999999998863, 0.2094395102393200037, 11.39999999999999680 ) ) ;
#1661 = CARTESIAN_POINT ( 'NONE',  ( 37.25000000000000000, -12.80779423400126227, 6.086815849103397902 ) ) ;
#1662 = CARTESIAN_POINT ( 'NONE',  ( 37.25000000000000000, 1.273399049351032319, -12.02531299688738997 ) ) ;
#1663 = AXIS2_PLACEMENT_3D ( 'NONE', #3005, #486, #2989 ) ;
#1664 = CARTESIAN_POINT ( 'NONE',  ( 37.24999999999998579, 11.67176726647464946, 4.950640252173026390 ) ) ;
#1665 = CARTESIAN_POINT ( 'NONE',  ( 34.25000000000000000, -6.283205338062646028, 18.50405903950110797 ) ) ;
#1666 = ORIENTED_EDGE ( 'NONE', *, *, #909, .T. ) ;
#1667 = CARTESIAN_POINT ( 'NONE',  ( 43.25000000000001421, -8.268360613943899651, 7.513381033581362445 ) ) ;
#1668 = ORIENTED_EDGE ( 'NONE', *, *, #3718, .F. ) ;
#1669 = CARTESIAN_POINT ( 'NONE',  ( 39.24999999999999289, -4.365872733633506364, 33.13822542452611231 ) ) ;
#1670 = CARTESIAN_POINT ( 'NONE',  ( 43.25000000000000000, 18.68752080706951446, -67.70110608635538085 ) ) ;
#1671 = CARTESIAN_POINT ( 'NONE',  ( 38.25000000000002132, 21.54719324979733841, -58.63206617940227972 ) ) ;
#1672 = CARTESIAN_POINT ( 'NONE',  ( 40.70000000000000284, 20.76298581145266908, -57.48375799471316583 ) ) ;
#1673 = CARTESIAN_POINT ( 'NONE',  ( 38.75000000000000000, -10.74693078237555888, -81.64974419757324142 ) ) ;
#1674 = CARTESIAN_POINT ( 'NONE',  ( 38.25000000000001421, -24.10575251043307432, -55.21142731274776594 ) ) ;
#1675 = CARTESIAN_POINT ( 'NONE',  ( 34.25000000000000000, -2.510842143792649962E-15, 18.07499999972614901 ) ) ;
#1676 = CARTESIAN_POINT ( 'NONE',  ( 43.25000000000000000, 14.13851673022521993, -73.62100004334071457 ) ) ;
#1677 = CARTESIAN_POINT ( 'NONE',  ( 34.74999999928448347, -17.57499999999998153, 1.150281060142571476 ) ) ;
#1678 = CARTESIAN_POINT ( 'NONE',  ( 37.24999999999999289, 9.869318782297948900, 5.698339209836925434 ) ) ;
#1679 = EDGE_CURVE ( 'NONE', #768, #2811, #1588, .T. ) ;
#1680 = CARTESIAN_POINT ( 'NONE',  ( 43.25000000000000000, -22.79368571587784942, -61.62100004334070036 ) ) ;
#1681 = CARTESIAN_POINT ( 'NONE',  ( -26.04219289491555145, 41.39199493597259760, -10.41666666666606034 ) ) ;
#1682 = CARTESIAN_POINT ( 'NONE',  ( 43.24999999999999289, 8.751760141019570227, -4.580431954606461353 ) ) ;
#1683 = CARTESIAN_POINT ( 'NONE',  ( 38.25000000000000711, -16.11656680208365700, -69.61132456347888819 ) ) ;
#1684 = ORIENTED_EDGE ( 'NONE', *, *, #650, .F. ) ;
#1685 = CARTESIAN_POINT ( 'NONE',  ( 40.70000000000000284, 22.85702706628955028, -59.07100004334069610 ) ) ;
#1686 = CARTESIAN_POINT ( 'NONE',  ( 43.25000000000000711, -8.883762632580472385, -4.419546161753451941 ) ) ;
#1687 = CARTESIAN_POINT ( 'NONE',  ( 38.25000000000000000, -32.85322323254529664, -50.00000000000000000 ) ) ;
#1688 = CARTESIAN_POINT ( 'NONE',  ( 43.25000000000000000, 28.60146982289094808, 6.670818456303153177 ) ) ;
#1689 = CARTESIAN_POINT ( 'NONE',  ( 43.25000000000000000, -3.841762366214105053E-16, 9.849999999999999645 ) ) ;
#1690 = CARTESIAN_POINT ( 'NONE',  ( 43.25000000000000000, -18.15441818384086758, -66.56697961944784936 ) ) ;
#1691 = CARTESIAN_POINT ( 'NONE',  ( 38.24999999999999289, 22.71401871366738234, -54.77100004334067762 ) ) ;
#1692 = CARTESIAN_POINT ( 'NONE',  ( 40.70000000000000284, 20.70702706628954815, -56.63956570145661829 ) ) ;
#1693 = CARTESIAN_POINT ( 'NONE',  ( 38.25000000000000000, -24.50474872796699088, -55.61116361266438446 ) ) ;
#1694 = CARTESIAN_POINT ( 'NONE',  ( 38.25000000000000000, -32.85322323254529664, -50.00000000000000000 ) ) ;
#1695 = CARTESIAN_POINT ( 'NONE',  ( 43.24999999999999289, -18.24463546389229407, -58.14083926585558260 ) ) ;
#1696 = B_SPLINE_CURVE_WITH_KNOTS ( 'NONE', 3,
 ( #729, #406, #2633, #1384 ),
 .UNSPECIFIED., .F., .F.,
 ( 4, 4 ),
 ( 0.000000000000000000, 1.000000000000000000 ),
 .UNSPECIFIED. ) ;
#1697 = CARTESIAN_POINT ( 'NONE',  ( 37.25000000000000000, -14.29286178686842845, -10.24325605292699137 ) ) ;
#1698 = CARTESIAN_POINT ( 'NONE',  ( 38.25000000000000711, 24.72344388349000965, -57.99833307403713434 ) ) ;
#1699 = CARTESIAN_POINT ( 'NONE',  ( 43.25000000000000000, -14.24829988445169882, 5.486618966417426080 ) ) ;
#1700 = CARTESIAN_POINT ( 'NONE',  ( 38.25000000000000000, 2.368406433165840033E-15, 19.50000000000000000 ) ) ;
#1701 = CARTESIAN_POINT ( 'NONE',  ( 34.25000000000000000, 2.388061258337340122E-15, 19.50000000000000000 ) ) ;
#1702 = CARTESIAN_POINT ( 'NONE',  ( 38.75000000000000000, 33.35322323254529664, 2.239724881261170019E-14 ) ) ;
#1703 = CARTESIAN_POINT ( 'NONE',  ( 43.25000000000000000, 11.25833024919765890, -6.500000000000000000 ) ) ;
#1704 = ADVANCED_FACE ( 'NONE', ( #3546 ), #2383, .T. ) ;
#1705 = CARTESIAN_POINT ( 'NONE',  ( 41.70000000000000284, 9.658330249197659256, -6.709439510239324278 ) ) ;
#1706 = ORIENTED_EDGE ( 'NONE', *, *, #3372, .T. ) ;
#1707 = CARTESIAN_POINT ( 'NONE',  ( 37.25000000000001421, 12.84796714142197516, -6.711221313909815578 ) ) ;
#1708 = FACE_OUTER_BOUND ( 'NONE', #2008, .T. ) ;
#1709 = CARTESIAN_POINT ( 'NONE',  ( 43.25000000000000000, -23.41160295663798507, -52.22100004334070178 ) ) ;
#1710 = CARTESIAN_POINT ( 'NONE',  ( 43.25000000000000000, -9.039592607841008547E-14, -9.849999999999999645 ) ) ;
#1711 = CARTESIAN_POINT ( 'NONE',  ( 37.25000000000000000, 11.25833024919771930, 8.099999999999999645 ) ) ;
#1712 = CARTESIAN_POINT ( 'NONE',  ( 38.25000000000000000, -2.378233845751590078E-15, -19.50000000000000000 ) ) ;
#1713 = CARTESIAN_POINT ( 'NONE',  ( 38.25000000000000000, -23.35212887101365098, -59.01644704164046829 ) ) ;
#1714 = CARTESIAN_POINT ( 'NONE',  ( 43.24999999999999289, -17.61501018235469473, -65.81428181388235998 ) ) ;
#1715 = CARTESIAN_POINT ( 'NONE',  ( 43.25000000000000711, 18.80810340972938732, -68.30713836313924503 ) ) ;
#1716 = CARTESIAN_POINT ( 'NONE',  ( 43.25000000000000711, 13.99251174626991912, -8.078923529129227177 ) ) ;
#1717 = EDGE_CURVE ( 'NONE', #2106, #4019, #193, .T. ) ;
#1718 = CARTESIAN_POINT ( 'NONE',  ( 43.25000000000000000, -18.33440731621647046, -58.43657818045526398 ) ) ;
#1719 = CARTESIAN_POINT ( 'NONE',  ( 37.25000000000000000, -16.98479014348633243, -4.553370967866749552 ) ) ;
#1720 = CARTESIAN_POINT ( 'NONE',  ( 34.74999999928449057, -13.97401651959583901, -10.72057059243511468 ) ) ;
#1721 = FACE_OUTER_BOUND ( 'NONE', #164, .T. ) ;
#1722 = CARTESIAN_POINT ( 'NONE',  ( 41.69999999999999574, 9.978863301360625826, 7.483274751959863025 ) ) ;
#1723 = DIRECTION ( 'NONE',  ( 1.000000000000000000, 0.000000000000000000, 0.000000000000000000 ) ) ;
#1724 = CARTESIAN_POINT ( 'NONE',  ( 38.41666666666667140, 33.01988989921196804, -5.334510397503325826E-14 ) ) ;
#1725 = CARTESIAN_POINT ( 'NONE',  ( 35.58333333285633415, -3.687202256607278406E-14, 17.57499999999999929 ) ) ;
#1726 = EDGE_LOOP ( 'NONE', ( #1505, #704 ) ) ;
#1727 = CARTESIAN_POINT ( 'NONE',  ( 37.25000000000000711, 12.77699260913601442, -7.014993565363511152 ) ) ;
#1728 = CARTESIAN_POINT ( 'NONE',  ( 39.24999999999999289, 33.35322323254530374, -52.18296335585214507 ) ) ;
#1729 = CARTESIAN_POINT ( 'NONE',  ( 43.25000000000000711, -26.52958426924518776, -59.78886359595027500 ) ) ;
#1730 = CARTESIAN_POINT ( 'NONE',  ( 43.25000000000000711, 18.63183786034578659, -54.83935391622213018 ) ) ;
#1731 = CARTESIAN_POINT ( 'NONE',  ( 34.24999999999999289, -11.89480094181999981, 15.50459869884027775 ) ) ;
#1732 = CARTESIAN_POINT ( 'NONE',  ( 43.25000000000000711, -9.860671046364581471, 9.330796406424839873 ) ) ;
#1733 = EDGE_CURVE ( 'NONE', #1256, #3045, #496, .T. ) ;
#1734 = CARTESIAN_POINT ( 'NONE',  ( 43.25000000000001421, -18.62422563180336965, -67.70116082083903564 ) ) ;
#1735 = CARTESIAN_POINT ( 'NONE',  ( 43.24999999999999289, 14.38808255195342234, -6.084926860583461661 ) ) ;
#1736 = CARTESIAN_POINT ( 'NONE',  ( 38.75000000000000711, -32.28647537644086896, -58.64790938779250240 ) ) ;
#1737 = EDGE_LOOP ( 'NONE', ( #2054, #3171 ) ) ;
#1738 = CARTESIAN_POINT ( 'NONE',  ( 38.25000000000000711, 32.85322323254529664, -52.15023843237735690 ) ) ;
#1739 = CARTESIAN_POINT ( 'NONE',  ( 37.25000000000000711, -4.551271252947470813, -16.98542708504986365 ) ) ;
#1740 = CARTESIAN_POINT ( 'NONE',  ( 34.74999999928448347, -8.807723098203776857, 15.25214035283867098 ) ) ;
#1741 = CARTESIAN_POINT ( 'NONE',  ( 39.25000000000000000, 33.35322323254529664, 1.978474156660149908E-15 ) ) ;
#1742 = CARTESIAN_POINT ( 'NONE',  ( 38.75000000000000000, 0.000000000000000000, 0.000000000000000000 ) ) ;
#1743 = CARTESIAN_POINT ( 'NONE',  ( 37.25000000000000000, 11.25833024919765890, -4.899999999999999467 ) ) ;
#1744 = B_SPLINE_CURVE_WITH_KNOTS ( 'NONE', 3,
 ( #1328, #2547, #94, #3158 ),
 .UNSPECIFIED., .F., .F.,
 ( 4, 4 ),
 ( 0.000000000000000000, 1.000000000000000000 ),
 .UNSPECIFIED. ) ;
#1745 = VERTEX_POINT ( 'NONE', #1915 ) ;
#1746 = CARTESIAN_POINT ( 'NONE',  ( 38.25000000000000000, 31.17528114527838312, 10.58582295319435573 ) ) ;
#1747 = CARTESIAN_POINT ( 'NONE',  ( 38.58333333333332860, -33.18655656587862524, 1.436996298876764185E-15 ) ) ;
#1748 = CARTESIAN_POINT ( 'NONE',  ( 41.70000000000000284, 1.398058221366814013, 13.80579036859344200 ) ) ;
#1749 = CARTESIAN_POINT ( 'NONE',  ( 43.24999999999999289, -13.18015626369714433, 9.005061525809045619 ) ) ;
#1750 = B_SPLINE_CURVE_WITH_KNOTS ( 'NONE', 3,
 ( #59, #1335, #2319, #3544 ),
 .UNSPECIFIED., .F., .F.,
 ( 4, 4 ),
 ( 0.000000000000000000, 1.000000000000000000 ),
 .UNSPECIFIED. ) ;
#1751 = CARTESIAN_POINT ( 'NONE',  ( 43.24999999999999289, -26.33352051844368447, -53.81428181390677423 ) ) ;
#1752 = CARTESIAN_POINT ( 'NONE',  ( 43.25000000000000000, -3.841762366214105053E-16, 9.849999999999999645 ) ) ;
#1753 = CARTESIAN_POINT ( 'NONE',  ( 37.25000000000000000, 12.84839171810499892, 6.709086822785573112 ) ) ;
#1754 = EDGE_LOOP ( 'NONE', ( #3388, #1262, #2761, #3853 ) ) ;
#1755 = CARTESIAN_POINT ( 'NONE',  ( 38.25000000000000000, -22.79368571587784942, -59.07100004334069610 ) ) ;
#1756 = CARTESIAN_POINT ( 'NONE',  ( 43.25000000000000000, -18.53477717167024608, -70.43672411293960067 ) ) ;
#1757 = FACE_OUTER_BOUND ( 'NONE', #2429, .T. ) ;
#1758 = EDGE_CURVE ( 'NONE', #2587, #1166, #146, .T. ) ;
#1759 = CARTESIAN_POINT ( 'NONE',  ( 37.25000000000000711, 1.438011895272742091, 13.70970101097211113 ) ) ;
#1760 = ORIENTED_EDGE ( 'NONE', *, *, #1560, .F. ) ;
#1761 = CARTESIAN_POINT ( 'NONE',  ( 38.25000000000001421, -29.52955989786740076, -64.55894550857951231 ) ) ;
#1762 = CARTESIAN_POINT ( 'NONE',  ( 38.25000000000001421, 21.71028875486627996, -74.75118510827013552 ) ) ;
#1763 = CARTESIAN_POINT ( 'NONE',  ( 43.24999999999999289, 27.40603114313664790, -55.70110608636473160 ) ) ;
#1764 = CARTESIAN_POINT ( 'NONE',  ( 43.25000000000000000, -14.07517537981347999, -73.62100004334071457 ) ) ;
#1765 = CARTESIAN_POINT ( 'NONE',  ( 43.24999999999999289, 27.31630546595285836, -58.43657818045470975 ) ) ;
#1766 = ORIENTED_EDGE ( 'NONE', *, *, #3615, .T. ) ;
#1767 = CARTESIAN_POINT ( 'NONE',  ( 37.25000000000000000, 11.25833024919765890, -8.099999999999999645 ) ) ;
#1768 = CARTESIAN_POINT ( 'NONE',  ( 43.25000000000000711, -9.177876699920258119, -8.874567905977702509 ) ) ;
#1769 = CARTESIAN_POINT ( 'NONE',  ( 43.25000000000000711, 3.050355708020494827, 12.18577322433632837 ) ) ;
#1770 =( LENGTH_UNIT ( ) NAMED_UNIT ( * ) SI_UNIT ( .MILLI., .METRE. ) );
#1771 = CARTESIAN_POINT ( 'NONE',  ( 40.70000000000000284, 14.13851673022521993, -66.77100004334070604 ) ) ;
#1772 = ORIENTED_EDGE ( 'NONE', *, *, #1514, .T. ) ;
#1773 = CARTESIAN_POINT ( 'NONE',  ( 43.25000000000000000, -11.25833024919761982, 3.350000000000130207 ) ) ;
#1774 = CARTESIAN_POINT ( 'NONE',  ( 43.25000000000001421, -18.77499807170260837, -69.22726931924978544 ) ) ;
#1775 = CARTESIAN_POINT ( 'NONE',  ( 43.25000000000000000, 11.25833024919765890, -3.350000000000000089 ) ) ;
#1776 = CARTESIAN_POINT ( 'NONE',  ( 37.25000000000000711, 1.387802091455175635, 12.19652924911745195 ) ) ;
#1777 = ORIENTED_EDGE ( 'NONE', *, *, #1212, .F. ) ;
#1778 = CARTESIAN_POINT ( 'NONE',  ( -26.04219289491555145, 41.39199493597259760, -10.41666666666606034 ) ) ;
#1779 = CARTESIAN_POINT ( 'NONE',  ( 41.69999999999998863, 12.24160500115758232, 5.220533052162910970 ) ) ;
#1780 = CARTESIAN_POINT ( 'NONE',  ( 41.70000000000000284, -11.46776975943707555, -8.099999999999901945 ) ) ;
#1781 = EDGE_CURVE ( 'NONE', #309, #3343, #2577, .T. ) ;
#1782 = CARTESIAN_POINT ( 'NONE',  ( 41.70000000000000284, -12.81668653186692630, 6.081203385025277797 ) ) ;
#1783 = ORIENTED_EDGE ( 'NONE', *, *, #2844, .T. ) ;
#1784 = CARTESIAN_POINT ( 'NONE',  ( 38.25000000000000711, 28.51106525097699773, 16.46441497102336271 ) ) ;
#1785 = ADVANCED_FACE ( 'NONE', ( #1036 ), #180, .F. ) ;
#1786 = CARTESIAN_POINT ( 'NONE',  ( 34.25000000000000711, 5.813127608413918956, -17.12515185070807178 ) ) ;
#1787 = CARTESIAN_POINT ( 'NONE',  ( 40.21666666666665435, -9.077851480992150510E-14, -14.59999999999999964 ) ) ;
#1788 = CARTESIAN_POINT ( 'NONE',  ( 43.25000000000000711, 3.150175881066285655, 12.79203015287700396 ) ) ;
#1789 = B_SPLINE_CURVE_WITH_KNOTS ( 'NONE', 3,
 ( #2240, #1907, #2496, #3109 ),
 .UNSPECIFIED., .F., .F.,
 ( 4, 4 ),
 ( 0.000000000000000000, 1.000000000000000000 ),
 .UNSPECIFIED. ) ;
#1790 = CARTESIAN_POINT ( 'NONE',  ( 38.25000000000000000, -14.07517537981347999, -71.07100004334070320 ) ) ;
#1791 = CARTESIAN_POINT ( 'NONE',  ( 34.25000000000000000, -2.378233845751590078E-15, -19.50000000000000000 ) ) ;
#1792 = VERTEX_POINT ( 'NONE', #3996 ) ;
#1793 = CARTESIAN_POINT ( 'NONE',  ( 41.69999999999999574, -10.45253988060417960, 5.101941778633314328 ) ) ;
#1794 = CARTESIAN_POINT ( 'NONE',  ( 38.25000000000000711, 12.09712530795764174, -69.61132456348450148 ) ) ;
#1795 = AXIS2_PLACEMENT_3D ( 'NONE', #1029, #3932, #396 ) ;
#1796 = ORIENTED_EDGE ( 'NONE', *, *, #824, .T. ) ;
#1797 = CARTESIAN_POINT ( 'NONE',  ( 43.25000000000000000, 33.35322323254529664, 0.000000000000000000 ) ) ;
#1798 = CARTESIAN_POINT ( 'NONE',  ( 43.25000000000000000, 22.85702706628955028, -56.92100004334069752 ) ) ;
#1799 = B_SPLINE_CURVE_WITH_KNOTS ( 'NONE', 3,
 ( #812, #3349, #501, #145 ),
 .UNSPECIFIED., .F., .F.,
 ( 4, 4 ),
 ( 0.000000000000000000, 1.000000000000000000 ),
 .UNSPECIFIED. ) ;
#1800 = CARTESIAN_POINT ( 'NONE',  ( 37.25000000000000000, 11.04689944875118002, -4.899999999999998579 ) ) ;
#1801 = EDGE_CURVE ( 'NONE', #4054, #195, #2634, .T. ) ;
#1802 = ORIENTED_EDGE ( 'NONE', *, *, #1212, .T. ) ;
#1803 = PRODUCT_DEFINITION_SHAPE ( 'NONE', 'NONE',  #1972 ) ;
#1804 = CARTESIAN_POINT ( 'NONE',  ( 38.25000000000000711, 24.75118510827016749, 21.71028875486624088 ) ) ;
#1805 = CARTESIAN_POINT ( 'NONE',  ( 34.24999999999999289, -17.46864402987793596, 4.680785645419989649 ) ) ;
#1806 = CARTESIAN_POINT ( 'NONE',  ( 34.24999999999999289, 12.36078658233502559, 13.20102235051799333 ) ) ;
#1807 = CARTESIAN_POINT ( 'NONE',  ( 38.25000000000000000, 14.42159337412338438, -71.05736179291564270 ) ) ;
#1808 = CARTESIAN_POINT ( 'NONE',  ( 43.25000000000000711, -2.505061091780354410, -14.92182644793497026 ) ) ;
#1809 = CARTESIAN_POINT ( 'NONE',  ( 0.000000000000000000, 0.000000000000000000, 0.000000000000000000 ) ) ;
#1810 = CARTESIAN_POINT ( 'NONE',  ( 38.25000000000000000, -11.93855358162336522, -69.20207918709616024 ) ) ;
#1811 = CARTESIAN_POINT ( 'NONE',  ( 37.25000000000000711, -10.20157011530453772, 5.294217239121836727 ) ) ;
#1812 = VERTEX_POINT ( 'NONE', #2221 ) ;
#1813 = CARTESIAN_POINT ( 'NONE',  ( 43.25000000000000000, 9.338762205595255494, 3.993429890181656283 ) ) ;
#1814 = CARTESIAN_POINT ( 'NONE',  ( 43.25000000000000000, 12.83951174741546808, 3.767327085286569677 ) ) ;
#1815 = EDGE_LOOP ( 'NONE', ( #482, #243, #2394, #1855 ) ) ;
#1816 = CARTESIAN_POINT ( 'NONE',  ( 38.73333333333333428, -11.25833024919776015, -8.099999999999900169 ) ) ;
#1817 = CARTESIAN_POINT ( 'NONE',  ( 41.69999999999998863, -0.8057903685934350024, 11.60194177863318110 ) ) ;
#1818 = CARTESIAN_POINT ( 'NONE',  ( 37.25000000000000711, -10.84489323192321031, -8.049359747826740019 ) ) ;
#1819 = CARTESIAN_POINT ( 'NONE',  ( 37.24999999999999289, 10.05254771519678592, -7.556760267699601741 ) ) ;
#1820 = ORIENTED_EDGE ( 'NONE', *, *, #159, .T. ) ;
#1821 = CARTESIAN_POINT ( 'NONE',  ( 38.75000000000000000, 33.35322323254529664, 2.239724881261170019E-14 ) ) ;
#1822 = CARTESIAN_POINT ( 'NONE',  ( 38.25000000000000000, 1.645107408773974943E-13, 32.85322323254529664 ) ) ;
#1823 = CARTESIAN_POINT ( 'NONE',  ( 38.25000000000001421, 16.06980729775224859, -67.96578580430889360 ) ) ;
#1824 = CARTESIAN_POINT ( 'NONE',  ( 43.25000000000000000, 3.130282198883643563, 12.58759082831967646 ) ) ;
#1825 = ADVANCED_FACE ( 'NONE', ( #24 ), #3149, .F. ) ;
#1826 = CARTESIAN_POINT ( 'NONE',  ( 43.25000000000000000, -3.565146807082729798E-15, 29.35322323254530019 ) ) ;
#1827 = CARTESIAN_POINT ( 'NONE',  ( 38.25000000000001421, -11.92535089178336705, -68.77756943402971501 ) ) ;
#1828 = VERTEX_POINT ( 'NONE', #2302 ) ;
#1829 = CARTESIAN_POINT ( 'NONE',  ( 43.25000000000000000, -8.884011077002437418, 4.419795184501792207 ) ) ;
#1830 = CARTESIAN_POINT ( 'NONE',  ( 43.25000000000000000, 11.25833024919771930, 3.350000000000000089 ) ) ;
#1831 = CARTESIAN_POINT ( 'NONE',  ( 41.69999999999998863, -11.04889073895829910, 4.900000000000126477 ) ) ;
#1832 = CARTESIAN_POINT ( 'NONE',  ( -26.05349424533815039, 41.38488242297790265, -10.41666666666606034 ) ) ;
#1833 = CARTESIAN_POINT ( 'NONE',  ( 43.25000000000000000, 2.080205104859391252, 15.37431888322671725 ) ) ;
#1834 = CARTESIAN_POINT ( 'NONE',  ( 37.25000000000000000, 1.272189957415315265, 12.02350346307934181 ) ) ;
#1835 = EDGE_LOOP ( 'NONE', ( #580, #2694 ) ) ;
#1836 = CARTESIAN_POINT ( 'NONE',  ( 37.25000000000000000, -12.23482712643219550, 5.227810243292385195 ) ) ;
#1837 = CARTESIAN_POINT ( 'NONE',  ( 41.70000000000000284, 1.959434878635764984E-16, 14.59999999999999964 ) ) ;
#1838 = CARTESIAN_POINT ( 'NONE',  ( 38.24999999999999289, -23.48400965213979319, -54.87960837650055623 ) ) ;
#1839 = CARTESIAN_POINT ( 'NONE',  ( 38.73333333333333428, -11.25833024919762337, 8.100000000000129319 ) ) ;
#1840 = VERTEX_POINT ( 'NONE', #3933 ) ;
#1841 = CARTESIAN_POINT ( 'NONE',  ( 34.25000000000000000, -18.07507156364500034, 0.5941364097372667796 ) ) ;
#1842 = CARTESIAN_POINT ( 'NONE',  ( 34.25000000000000711, 14.34766356300735168, -11.00944270996800434 ) ) ;
#1843 = CARTESIAN_POINT ( 'NONE',  ( 43.24999999999999289, 2.505061091778458149, -11.07817355206150012 ) ) ;
#1844 = CARTESIAN_POINT ( 'NONE',  ( 43.25000000000000000, -11.25833024919776015, -3.349999999999900169 ) ) ;
#1845 = CARTESIAN_POINT ( 'NONE',  ( 37.24999999999999289, -0.4174790238005596232, 14.55859758632345624 ) ) ;
#1846 = CARTESIAN_POINT ( 'NONE',  ( 43.25000000000000000, 14.08880166876401674, -5.102475409680484297 ) ) ;
#1847 = CARTESIAN_POINT ( 'NONE',  ( 38.25000000000000711, -12.99784496332538808, -67.05458010214876197 ) ) ;
#1848 = ORIENTED_EDGE ( 'NONE', *, *, #3328, .F. ) ;
#1849 = CARTESIAN_POINT ( 'NONE',  ( 43.25000000000000000, 10.83969384518446688, 9.650000000000000355 ) ) ;
#1850 = CARTESIAN_POINT ( 'NONE',  ( 38.25000000000000711, 12.20690210276966781, -67.96565088974523405 ) ) ;
#1851 = CARTESIAN_POINT ( 'NONE',  ( 40.69999999999999574, -14.63793333118593587, -66.82695878850383053 ) ) ;
#1852 = CARTESIAN_POINT ( 'NONE',  ( 43.24999999999999289, -29.16521858132038503, 3.837121024584790874 ) ) ;
#1853 = DIRECTION ( 'NONE',  ( 0.000000000000000000, 0.000000000000000000, 1.000000000000000000 ) ) ;
#1854 = ADVANCED_FACE ( 'NONE', ( #3574 ), #521, .T. ) ;
#1855 = ORIENTED_EDGE ( 'NONE', *, *, #1969, .F. ) ;
#1856 = CONICAL_SURFACE ( 'NONE', #2696, 4.700000000000002842, 0.7853981633974476129 ) ;
#1857 = CARTESIAN_POINT ( 'NONE',  ( 38.75000000000000000, 14.78052111176345917, 29.97897637808381788 ) ) ;
#1858 = CARTESIAN_POINT ( 'NONE',  ( 41.69999999999998863, -12.06412061779119504, -7.898058221366715870 ) ) ;
#1859 = CARTESIAN_POINT ( 'NONE',  ( 37.25000000000001421, 17.54675077184532483, 1.152311043061795770 ) ) ;
#1860 = CONICAL_SURFACE ( 'NONE', #457, 3.149999999999999911, 0.7853981633974476129 ) ;
#1861 = DIRECTION ( 'NONE',  ( 1.000000000000000000, 0.000000000000000000, 0.000000000000000000 ) ) ;
#1862 = CARTESIAN_POINT ( 'NONE',  ( 43.24999999999999289, 10.59868192766000661, -65.81428181390383259 ) ) ;
#1863 = ORIENTED_EDGE ( 'NONE', *, *, #1616, .T. ) ;
#1864 = DIRECTION ( 'NONE',  ( 0.000000000000000000, -1.000000000000000000, 0.000000000000000000 ) ) ;
#1865 = CARTESIAN_POINT ( 'NONE',  ( 41.70000000000000284, 11.67712686417250900, -4.941643717330690855 ) ) ;
#1866 = CARTESIAN_POINT ( 'NONE',  ( 34.25000000000000000, 17.46864402989841381, -4.680785645365627801 ) ) ;
#1867 = CARTESIAN_POINT ( 'NONE',  ( 38.25000000000000711, 14.69584983398503475, -71.00280879121542910 ) ) ;
#1868 = CARTESIAN_POINT ( 'NONE',  ( 37.25000000000000000, -1.056760324307052024, 14.20578247754397694 ) ) ;
#1869 = PLANE ( 'NONE',  #3972 ) ;
#1870 = CARTESIAN_POINT ( 'NONE',  ( 41.69999999999999574, 11.04889073895840923, 4.899999999999996803 ) ) ;
#1871 = ORIENTED_EDGE ( 'NONE', *, *, #607, .T. ) ;
#1872 = CARTESIAN_POINT ( 'NONE',  ( 43.25000000000000000, -27.48719583619769935, -60.34347392702716917 ) ) ;
#1873 = CARTESIAN_POINT ( 'NONE',  ( 43.25000000000000000, 14.30815606108882143, 7.316890743403051900 ) ) ;
#1874 = CARTESIAN_POINT ( 'NONE',  ( 43.25000000000000711, -0.9632206994455089211, 29.35322323254530374 ) ) ;
#1875 = CARTESIAN_POINT ( 'NONE',  ( 40.69999999999999574, -20.91504498091619979, -55.83821923554325650 ) ) ;
#1876 = CARTESIAN_POINT ( 'NONE',  ( 37.25000000000000711, 0.8075796466715698951, 14.39701208669677079 ) ) ;
#1877 = CARTESIAN_POINT ( 'NONE',  ( 37.25000000000000000, -1.589636790986930892, -12.78877818413860190 ) ) ;
#1878 = VERTEX_POINT ( 'NONE', #1681 ) ;
#1879 = CARTESIAN_POINT ( 'NONE',  ( 38.24999999999999289, -14.69104282995104427, -12.88612163632431873 ) ) ;
#1880 = ADVANCED_FACE ( 'NONE', ( #102, #3269, #3893, #120, #1396, #357, #1977, #2646, #721, #1652, #3915 ), #2883, .T. ) ;
#1881 = CARTESIAN_POINT ( 'NONE',  ( 37.25000000000000711, 17.57492840081979679, 0.5762675855498297084 ) ) ;
#1882 = CARTESIAN_POINT ( 'NONE',  ( 43.25000000000000000, -11.25833024919761982, 3.350000000000130207 ) ) ;
#1883 = ORIENTED_EDGE ( 'NONE', *, *, #2977, .T. ) ;
#1884 = CARTESIAN_POINT ( 'NONE',  ( 38.25000000000001421, -26.12184831712982458, -70.04013080247700884 ) ) ;
#1885 = CARTESIAN_POINT ( 'NONE',  ( 41.69999999999999574, 12.81668653186696893, -6.918796614974847436 ) ) ;
#1886 = CARTESIAN_POINT ( 'NONE',  ( 43.24999999999999289, -12.85520127346805808, -64.37197647128667199 ) ) ;
#1887 = CARTESIAN_POINT ( 'NONE',  ( 43.25000000000000000, 2.374319172194306660, -15.08020481549964664 ) ) ;
#1888 = CARTESIAN_POINT ( 'NONE',  ( 38.25000000000000000, 32.85322323254529664, -50.00000000000000000 ) ) ;
#1889 = CARTESIAN_POINT ( 'NONE',  ( 38.25000000000000000, -20.65706391768703654, -57.20207918708386075 ) ) ;
#1890 = CARTESIAN_POINT ( 'NONE',  ( 40.70000000000000284, 12.04447547538834229, -69.48375799471318714 ) ) ;
#1891 = ORIENTED_EDGE ( 'NONE', *, *, #2655, .T. ) ;
#1892 = B_SPLINE_CURVE_WITH_KNOTS ( 'NONE', 3,
 ( #1429, #1780, #3692, #1858, #1229, #644, #3463, #3082, #4050, #1901, #3391, #1309, #3202, #2553, #2599, #3260, #715, #2317 ),
 .UNSPECIFIED., .F., .F.,
 ( 4, 2, 2, 2, 2, 2, 2, 2, 4 ),
 ( 0.000000000000000000, 0.1249999999999997502, 0.2499999999999995004, 0.3749999999999995559, 0.4999999999999996669, 0.6249999999999997780, 0.7499999999999997780, 0.8749999999999998890, 1.000000000000000000 ),
 .UNSPECIFIED. ) ;
#1893 = FACE_BOUND ( 'NONE', #1625, .T. ) ;
#1894 = CARTESIAN_POINT ( 'NONE',  ( 40.70000000000000284, -16.16921663465035408, -69.48375799471318714 ) ) ;
#1895 = CARTESIAN_POINT ( 'NONE',  ( 43.24999999999999289, -21.43670808987635468, 20.07514486065106851 ) ) ;
#1896 = CARTESIAN_POINT ( 'NONE',  ( 40.70000000000000284, -22.51225137399377019, -54.77100004334069894 ) ) ;
#1897 = ORIENTED_EDGE ( 'NONE', *, *, #3852, .F. ) ;
#1898 = CARTESIAN_POINT ( 'NONE',  ( 38.25000000000000000, -15.50459869884034703, 11.89480094181991454 ) ) ;
#1899 = APPLICATION_CONTEXT ( 'automotive_design' ) ;
#1900 = CARTESIAN_POINT ( 'NONE',  ( 39.06666666666666288, 14.13851673022521993, -71.07100004334070320 ) ) ;
#1901 = CARTESIAN_POINT ( 'NONE',  ( 41.69999999999998863, -12.85833024919776513, -6.290560489760584240 ) ) ;
#1902 = CARTESIAN_POINT ( 'NONE',  ( 37.25000000000000711, -9.658189672815799653, -6.394625089910697113 ) ) ;
#1903 = CARTESIAN_POINT ( 'NONE',  ( 37.25000000000001421, 9.739667956750567512, 7.014993899997542748 ) ) ;
#1904 = EDGE_LOOP ( 'NONE', ( #1174, #1561, #3669, #4093 ) ) ;
#1905 = EDGE_CURVE ( 'NONE', #3275, #677, #1799, .T. ) ;
#1906 = FACE_OUTER_BOUND ( 'NONE', #2313, .T. ) ;
#1907 = CARTESIAN_POINT ( 'NONE',  ( 38.25000000000000000, 32.85322323254529664, -33.33333333333334281 ) ) ;
#1908 = DIRECTION ( 'NONE',  ( 1.000000000000000000, 0.000000000000000000, 0.000000000000000000 ) ) ;
#1909 = CARTESIAN_POINT ( 'NONE',  ( 40.21666666666665435, -3.356770190936924850E-15, 14.59999999999999964 ) ) ;
#1910 = CARTESIAN_POINT ( 'NONE',  ( 37.25000000000000711, -1.549039208326229655, 13.41531964645608710 ) ) ;
#1911 = CARTESIAN_POINT ( 'NONE',  ( 43.25000000000000000, 12.65628246312680361, -9.330294036547481795 ) ) ;
#1912 = CARTESIAN_POINT ( 'NONE',  ( 37.25000000000000000, -9.869319065806537949, 7.301661217074569166 ) ) ;
#1913 = ORIENTED_EDGE ( 'NONE', *, *, #3016, .T. ) ;
#1914 = CARTESIAN_POINT ( 'NONE',  ( 43.25000000000000000, 15.50721286304435154, -74.94112541635186631 ) ) ;
#1915 = CARTESIAN_POINT ( 'NONE',  ( 38.25000000000000000, -14.07517537981347999, -71.07100004334070320 ) ) ;
#1916 = CARTESIAN_POINT ( 'NONE',  ( 37.25000000000000000, -12.84839181666191088, 6.290913679698112659 ) ) ;
#1917 = CARTESIAN_POINT ( 'NONE',  ( 37.24999999999999289, 0.8016612165374901178, -14.38901118369591359 ) ) ;
#1918 = CARTESIAN_POINT ( 'NONE',  ( 37.25000000000000000, 12.64613234065244285, 5.696529249116841775 ) ) ;
#1919 = CARTESIAN_POINT ( 'NONE',  ( 41.55000000000000426, -22.79368571587785652, -53.92100004334069041 ) ) ;
#1920 = CARTESIAN_POINT ( 'NONE',  ( 35.58333333333333570, -4.091063670204376969E-14, 19.50000000000000000 ) ) ;
#1921 = CARTESIAN_POINT ( 'NONE',  ( 39.24999999999999289, -22.04070213015659618, 25.12787851416635476 ) ) ;
#1922 = CARTESIAN_POINT ( 'NONE',  ( 38.25000000000000000, 2.368406433165840033E-15, 19.50000000000000000 ) ) ;
#1923 = CARTESIAN_POINT ( 'NONE',  ( 38.25000000000000711, 20.99210016372614263, -58.00056256209082761 ) ) ;
#1924 = CARTESIAN_POINT ( 'NONE',  ( 38.24999999999999289, 12.82644993566195524, -67.21142731275537585 ) ) ;
#1925 = CARTESIAN_POINT ( 'NONE',  ( 37.25000000000000000, 14.93317602046785453, -9.284958080999484054 ) ) ;
#1926 = CARTESIAN_POINT ( 'NONE',  ( 37.25000000000000000, -11.25833024919761982, 8.100000000000129319 ) ) ;
#1927 = VERTEX_POINT ( 'NONE', #3693 ) ;
#1928 = DIRECTION ( 'NONE',  ( 0.000000000000000000, 0.000000000000000000, -1.000000000000000000 ) ) ;
#1929 = CARTESIAN_POINT ( 'NONE',  ( 34.25000000000000000, -2.378233845751590078E-15, -19.50000000000000000 ) ) ;
#1930 =( GEOMETRIC_REPRESENTATION_CONTEXT ( 3 ) GLOBAL_UNCERTAINTY_ASSIGNED_CONTEXT ( ( #894 ) ) GLOBAL_UNIT_ASSIGNED_CONTEXT ( ( #1242, #3172, #3769 ) ) REPRESENTATION_CONTEXT ( 'NONE', 'WORKASPACE' ) );
#1931 = CARTESIAN_POINT ( 'NONE',  ( 43.25000000000000000, -10.96846396606865959, -65.38115846537304776 ) ) ;
#1932 = CARTESIAN_POINT ( 'NONE',  ( 43.25000000000000711, 3.050355708020658696, -13.81422677566655288 ) ) ;
#1933 = CARTESIAN_POINT ( 'NONE',  ( 37.25000000000000711, -0.9764968772346155346, 11.72781024329184518 ) ) ;
#1934 = CARTESIAN_POINT ( 'NONE',  ( 40.70000000000000284, -14.07517537981347999, -66.77100004334070604 ) ) ;
#1935 = EDGE_CURVE ( 'NONE', #4047, #1180, #891, .T. ) ;
#1936 = B_SPLINE_CURVE_WITH_KNOTS ( 'NONE', 3,
 ( #1470, #544, #753, #2297, #1622, #3547, #3849, #2917, #2958, #61, #2877, #391, #84, #1311, #3525, #1646, #717, #2574 ),
 .UNSPECIFIED., .F., .F.,
 ( 4, 2, 2, 2, 2, 2, 2, 2, 4 ),
 ( 0.000000000000000000, 0.1250000000000000000, 0.2500000000000000000, 0.3750000000000000000, 0.5000000000000000000, 0.6250000000000000000, 0.7500000000000000000, 0.8750000000000000000, 1.000000000000000000 ),
 .UNSPECIFIED. ) ;
#1937 = ORIENTED_EDGE ( 'NONE', *, *, #2109, .F. ) ;
#1938 = CARTESIAN_POINT ( 'NONE',  ( 43.24999999999999289, 6.670818456223615911, -78.60146982291261963 ) ) ;
#1939 = CARTESIAN_POINT ( 'NONE',  ( 37.25000000000000000, -12.53172958205648690, 5.525313423797638457 ) ) ;
#1940 = CARTESIAN_POINT ( 'NONE',  ( 43.25000000000000711, -12.65598945203254111, -9.330796406423559120 ) ) ;
#1941 = CYLINDRICAL_SURFACE ( 'NONE', #1446, 1.599999999999999867 ) ;
#1942 = CARTESIAN_POINT ( 'NONE',  ( 43.25000000000001421, -0.2083954778856385304, 9.850000000000003197 ) ) ;
#1943 = CARTESIAN_POINT ( 'NONE',  ( 43.25000000000000000, -29.35322323254530019, -4.504511214758050129E-15 ) ) ;
#1944 = CARTESIAN_POINT ( 'NONE',  ( 38.25000000000000000, 22.85702706628955028, -59.07100004334069610 ) ) ;
#1945 = VERTEX_POINT ( 'NONE', #1764 ) ;
#1946 = CARTESIAN_POINT ( 'NONE',  ( 41.70000000000000284, -0.2094395102394040753, -14.59999999999999964 ) ) ;
#1947 = CARTESIAN_POINT ( 'NONE',  ( 43.25000000000000000, -12.65628246311883842, 9.330294036547527980 ) ) ;
#1948 = CARTESIAN_POINT ( 'NONE',  ( 38.75000000000000000, 32.28647537644085475, 8.647909387792575231 ) ) ;
#1949 = CARTESIAN_POINT ( 'NONE',  ( 43.25000000000000000, -22.79368571587784942, -56.92100004334069752 ) ) ;
#1950 = B_SPLINE_CURVE_WITH_KNOTS ( 'NONE', 3,
 ( #1368, #2228, #3479, #1664, #1305, #710, #2291, #2912, #54, #382, #638, #1918, #3839, #3816, #997, #2269, #2061, #3922, #1753, #1461, #2350, #1402, #2700, #1419, #3257, #427, #3301, #1129, #3278, #1711 ),
 .UNSPECIFIED., .F., .F.,
 ( 4, 2, 2, 2, 2, 2, 2, 2, 2, 2, 2, 2, 2, 2, 4 ),
 ( 0.000000000000000000, 0.06250000000000000000, 0.1250000000000000000, 0.1875000000000000000, 0.2500000000000000000, 0.3125000000000000000, 0.3750000000000000000, 0.4375000000000000000, 0.5000000000000000000, 0.5625000000000000000, 0.6250000000000000000, 0.6875000000000000000, 0.7500000000000000000, 0.8750000000000000000, 1.000000000000000000 ),
 .UNSPECIFIED. ) ;
#1951 = CARTESIAN_POINT ( 'NONE',  ( 34.41666666642816352, 0.000000000000000000, 17.90833333315076104 ) ) ;
#1952 = B_SPLINE_CURVE_WITH_KNOTS ( 'NONE', 3,
 ( #1995, #1023, #2601, #1357, #1739, #2298, #3227, #718, #3628, #1647, #1409, #754, #455, #1047, #2354, #3265, #3609, #434, #1697, #3587, #3906, #2670, #2072, #3566, #737, #1719, #2014, #2981, #3247, #414, #1371, #2032, #2336, #2918, #2959, #770, #116, #392, #1391, #2656, #1083, #85, #142, #3945, #1100, #2370, #791, #2621, #3889, #3313, #2899, #62, #1336, #3872, #197, #3717, #2772, #3015, #179, #1451 ),
 .UNSPECIFIED., .F., .F.,
 ( 4, 2, 2, 2, 2, 2, 2, 2, 2, 2, 2, 2, 2, 2, 2, 2, 2, 2, 2, 2, 2, 2, 2, 2, 2, 2, 2, 2, 2, 4 ),
 ( 0.000000000000000000, 0.06249999999999988898, 0.09374999999999981959, 0.1249999999999997502, 0.1562499999999996947, 0.1874999999999996392, 0.2187499999999995837, 0.2499999999999995282, 0.2812499999999995004, 0.3124999999999995004, 0.3437499999999995004, 0.3749999999999995004, 0.4062499999999995004, 0.4374999999999995004, 0.4687499999999995004, 0.4999999999999995559, 0.5312499999999995559, 0.5624999999999996669, 0.5937499999999996669, 0.6249999999999997780, 0.6562499999999997780, 0.6874999999999997780, 0.7187499999999996669, 0.7499999999999996669, 0.7812499999999996669, 0.8124999999999997780, 0.8437499999999997780, 0.8749999999999998890, 0.9375000000000000000, 1.000000000000000000 ),
 .UNSPECIFIED. ) ;
#1953 = CARTESIAN_POINT ( 'NONE',  ( 37.25000000000000000, 7.258035832789191844, -16.01658854361582840 ) ) ;
#1954 = ORIENTED_EDGE ( 'NONE', *, *, #3732, .T. ) ;
#1955 = CARTESIAN_POINT ( 'NONE',  ( 41.70000000000000284, 11.25833024919771930, 8.099999999999999645 ) ) ;
#1956 = CARTESIAN_POINT ( 'NONE',  ( 34.25000000000000000, 9.772438145944539301, -16.92271618095894681 ) ) ;
#1957 = DIRECTION ( 'NONE',  ( 0.000000000000000000, 0.000000000000000000, -1.000000000000000000 ) ) ;
#1958 = CARTESIAN_POINT ( 'NONE',  ( 43.25000000000000000, 9.679406721852258144, -9.234181498705876123 ) ) ;
#1959 = CARTESIAN_POINT ( 'NONE',  ( 38.24999999999999289, -20.86207108842269520, -57.87634919693538649 ) ) ;
#1960 = ORIENTED_EDGE ( 'NONE', *, *, #775, .T. ) ;
#1961 = ADVANCED_FACE ( 'NONE', ( #199 ), #4105, .T. ) ;
#1962 = CARTESIAN_POINT ( 'NONE',  ( 43.24999999999998579, 29.35322323254528953, -51.92827776709611243 ) ) ;
#1963 = CARTESIAN_POINT ( 'NONE',  ( 38.25000000000000711, -21.71028875486625154, 24.75118510827016394 ) ) ;
#1964 = CARTESIAN_POINT ( 'NONE',  ( 37.25000000000000711, 12.83493502514890849, 12.01996959008621957 ) ) ;
#1965 = FACE_BOUND ( 'NONE', #237, .T. ) ;
#1966 = CARTESIAN_POINT ( 'NONE',  ( 43.25000000000001421, -2.732672480669981141, 11.41881806832473423 ) ) ;
#1967 = CARTESIAN_POINT ( 'NONE',  ( 34.25000000000000000, -9.772438145944576604, 16.92271618095892194 ) ) ;
#1968 = CARTESIAN_POINT ( 'NONE',  ( 39.88333333333333286, -22.79368571587784942, -59.07100004334069610 ) ) ;
#1969 = EDGE_CURVE ( 'NONE', #1131, #3935, #647, .T. ) ;
#1970 = CARTESIAN_POINT ( 'NONE',  ( 43.25000000000000711, -14.68964160867359681, -73.59043127058015443 ) ) ;
#1971 = CARTESIAN_POINT ( 'NONE',  ( 34.74999999928447636, 4.556891141547816382, -17.01289260065451003 ) ) ;
#1972 = PRODUCT_DEFINITION ( 'General', '', #4111, #1518 ) ;
#1973 = CARTESIAN_POINT ( 'NONE',  ( 34.74999999928449768, 1.155557966632341862E-30, 17.57499999999999929 ) ) ;
#1974 = ORIENTED_EDGE ( 'NONE', *, *, #97, .F. ) ;
#1975 = CARTESIAN_POINT ( 'NONE',  ( 40.69999999999999574, 15.22129753802265384, -70.79964077830231872 ) ) ;
#1976 = CARTESIAN_POINT ( 'NONE',  ( 40.69999999999999574, -11.92517537981348141, -68.63956570145661829 ) ) ;
#1977 = FACE_BOUND ( 'NONE', #1737, .T. ) ;
#1978 = CARTESIAN_POINT ( 'NONE',  ( 43.25000000000001421, 8.883762632582891783, -8.580453838249155751 ) ) ;
#1979 = CARTESIAN_POINT ( 'NONE',  ( 38.24999999999999289, -15.49390835064553507, -70.54257835972222779 ) ) ;
#1980 = CARTESIAN_POINT ( 'NONE',  ( 41.70000000000000284, 9.658330249197719652, 6.709439510239315396 ) ) ;
#1981 = ORIENTED_EDGE ( 'NONE', *, *, #953, .T. ) ;
#1982 = CARTESIAN_POINT ( 'NONE',  ( 43.25000000000000000, 10.34347392730339088, -77.48719583607086747 ) ) ;
#1983 = CARTESIAN_POINT ( 'NONE',  ( 41.69999999999999574, 1.279466947837090807, 12.01672524804013165 ) ) ;
#1984 = CARTESIAN_POINT ( 'NONE',  ( 37.25000000000000711, -12.53051992099246625, 7.476496961921612616 ) ) ;
#1985 = CARTESIAN_POINT ( 'NONE',  ( 37.25000000000000000, 1.438011895273227259, -12.29029898902864026 ) ) ;
#1986 = CARTESIAN_POINT ( 'NONE',  ( 43.25000000000000711, -1.397659202835606740, 10.16920359357751913 ) ) ;
#1987 = ORIENTED_EDGE ( 'NONE', *, *, #1905, .T. ) ;
#1988 = ORIENTED_EDGE ( 'NONE', *, *, #2844, .F. ) ;
#1989 = CARTESIAN_POINT ( 'NONE',  ( 41.69999999999998863, -0.8057903685935253746, -14.39805822136681712 ) ) ;
#1990 = CARTESIAN_POINT ( 'NONE',  ( 34.74999999928448347, 17.46171000551900931, -2.300533677319073877 ) ) ;
#1991 = EDGE_CURVE ( 'NONE', #3135, #3060, #4, .T. ) ;
#1992 = B_SPLINE_CURVE_WITH_KNOTS ( 'NONE', 3,
 ( #3406, #577, #1851, #2447, #2786, #3452, #908, #3710, #3431, #618, #1894, #3138, #2148, #3056, #536, #3686, #3384, #299 ),
 .UNSPECIFIED., .F., .F.,
 ( 4, 2, 2, 2, 2, 2, 2, 2, 4 ),
 ( 0.000000000000000000, 0.1250000000000008327, 0.2500000000000016653, 0.3750000000000014433, 0.5000000000000012212, 0.6250000000000008882, 0.7500000000000006661, 0.8750000000000003331, 1.000000000000000000 ),
 .UNSPECIFIED. ) ;
#1993 = CARTESIAN_POINT ( 'NONE',  ( 43.25000000000000000, -13.33853535405699731, -8.874318883226607113 ) ) ;
#1994 = CARTESIAN_POINT ( 'NONE',  ( 38.25000000000000711, -23.74890053878570839, -54.98970972038222271 ) ) ;
#1995 = CARTESIAN_POINT ( 'NONE',  ( 37.25000000000000000, -2.099173126056989973E-15, -17.57499999999999929 ) ) ;
#1996 = CARTESIAN_POINT ( 'NONE',  ( 34.74999999928447636, -7.788382451917437166, 15.79698927960598098 ) ) ;
#1997 = B_SPLINE_CURVE_WITH_KNOTS ( 'NONE', 3,
 ( #532, #1484, #3766, #1195, #2803, #4085, #1173, #903, #2739, #2142, #555, #2423, #3683, #2206, #2165, #1810, #2122, #1827, #3070, #2186, #253, #229, #2466, #3728, #880, #572, #1240, #1847, #1527, #2782, #295, #3999 ),
 .UNSPECIFIED., .F., .F.,
 ( 4, 2, 2, 2, 2, 2, 2, 2, 2, 2, 2, 2, 2, 2, 2, 4 ),
 ( 0.000000000000000000, 0.06250000000000009714, 0.1250000000000001943, 0.1875000000000002776, 0.2500000000000003886, 0.3125000000000004996, 0.3750000000000005551, 0.4375000000000006661, 0.5000000000000007772, 0.5625000000000008882, 0.6250000000000009992, 0.6875000000000011102, 0.7500000000000011102, 0.8125000000000012212, 0.8750000000000013323, 1.000000000000000000 ),
 .UNSPECIFIED. ) ;
#1998 = CARTESIAN_POINT ( 'NONE',  ( 40.69999999999999574, 16.01715746518687311, -67.83821923554324940 ) ) ;
#1999 = OPEN_SHELL ( 'NONE', ( #3486 ) ) ;
#2000 = DIRECTION ( 'NONE',  ( 0.000000000000000000, -8.673617379884041783E-15, 1.000000000000000000 ) ) ;
#2001 = DIRECTION ( 'NONE',  ( -1.000000000000000000, 0.000000000000000000, 0.000000000000000000 ) ) ;
#2002 = AXIS2_PLACEMENT_3D ( 'NONE', #546, #977, #3064 ) ;
#2003 = CARTESIAN_POINT ( 'NONE',  ( 41.70000000000000284, 11.04889073895834706, -8.100000000000004974 ) ) ;
#2004 = ORIENTED_EDGE ( 'NONE', *, *, #2730, .F. ) ;
#2005 = CARTESIAN_POINT ( 'NONE',  ( 39.25000000000000711, -29.97897637808382498, -64.78052111176347694 ) ) ;
#2006 = CARTESIAN_POINT ( 'NONE',  ( 37.24999999999999289, 0.9746870025756003697, -14.27339904965605122 ) ) ;
#2007 = CARTESIAN_POINT ( 'NONE',  ( 40.70000000000000995, 23.41978501766199727, -54.82695878850381632 ) ) ;
#2008 = EDGE_LOOP ( 'NONE', ( #927, #844, #3467, #2020 ) ) ;
#2009 = CARTESIAN_POINT ( 'NONE',  ( 41.70000000000000284, -11.04889073895830087, 8.100000000000131095 ) ) ;
#2010 = CARTESIAN_POINT ( 'NONE',  ( 34.74999999928449057, 16.67737628816574613, 5.662940195715379765 ) ) ;
#2011 = CARTESIAN_POINT ( 'NONE',  ( 41.70000000000000284, 11.25833024919765890, -4.899999999999999467 ) ) ;
#2012 = B_SPLINE_CURVE_WITH_KNOTS ( 'NONE', 3,
 ( #4021, #1175, #2446, #3708, #557, #3430, #598, #4003, #1872, #277, #1550, #1156, #2806, #4088, #1243, #2503, #3034, #192, #2426, #3192, #2226, #992, #3536, #2245, #660, #3494, #686, #29, #1632, #1301, #1014, #51, #2521, #2887, #945, #706, #2266, #1938, #362, #1591, #1982, #3137, #3173, #3863, #1914, #298, #2825, #2287, #3813, #1325, #2589, #3792, #3515, #4102, #3154, #3477, #2208, #3451, #3213, #341, #1571, #635, #1962, #378 ),
 .UNSPECIFIED., .F., .F.,
 ( 4, 2, 2, 2, 2, 2, 2, 2, 2, 2, 2, 2, 2, 2, 2, 2, 2, 2, 2, 2, 2, 2, 2, 2, 2, 2, 2, 2, 2, 2, 2, 4 ),
 ( 0.000000000000000000, 0.03124999999999999306, 0.06249999999999998612, 0.09374999999999997224, 0.1249999999999999722, 0.1562499999999999722, 0.1874999999999999445, 0.2187499999999999445, 0.2499999999999999445, 0.2812499999999999445, 0.3124999999999999445, 0.3437499999999999445, 0.3749999999999998890, 0.4062499999999998890, 0.4374999999999998890, 0.4687499999999998890, 0.4999999999999998890, 0.5312499999999998890, 0.5624999999999998890, 0.5937499999999998890, 0.6249999999999998890, 0.6562499999999998890, 0.6874999999999998890, 0.7187499999999998890, 0.7499999999999997780, 0.7812499999999997780, 0.8124999999999997780, 0.8437499999999997780, 0.8749999999999997780, 0.9062499999999997780, 0.9374999999999997780, 1.000000000000000000 ),
 .UNSPECIFIED. ) ;
#2013 = CARTESIAN_POINT ( 'NONE',  ( 43.24999999999999289, -18.09350840776901848, -57.22726931927910243 ) ) ;
#2014 = CARTESIAN_POINT ( 'NONE',  ( 37.25000000000000000, -17.12480685083662379, -3.993893206599328227 ) ) ;
#2015 = EDGE_CURVE ( 'NONE', #814, #1300, #1248, .T. ) ;
#2016 = CARTESIAN_POINT ( 'NONE',  ( 34.74999999928447636, -4.556891141547781743, 17.01289260065452069 ) ) ;
#2017 = CARTESIAN_POINT ( 'NONE',  ( 37.25000000000000000, 11.25833024919771930, 4.899999999999999467 ) ) ;
#2018 = DIRECTION ( 'NONE',  ( 1.000000000000000000, 0.000000000000000000, 0.000000000000000000 ) ) ;
#2019 = CARTESIAN_POINT ( 'NONE',  ( 40.21666666666665435, -11.25833024919761982, 4.900000000000130029 ) ) ;
#2020 = ORIENTED_EDGE ( 'NONE', *, *, #110, .T. ) ;
#2021 = ADVANCED_FACE ( 'NONE', ( #2212 ), #588, .F. ) ;
#2022 = CARTESIAN_POINT ( 'NONE',  ( 38.25000000000000000, 0.000000000000000000, 0.000000000000000000 ) ) ;
#2023 = CARTESIAN_POINT ( 'NONE',  ( 41.69999999999998863, 0.8057903685934380000, 14.39805822136681179 ) ) ;
#2024 = CARTESIAN_POINT ( 'NONE',  ( 43.24999999999999289, -27.34273596786729144, -55.70116082084127385 ) ) ;
#2025 = CARTESIAN_POINT ( 'NONE',  ( 43.25000000000000000, 18.15720437440041835, -57.22726931925756588 ) ) ;
#2026 = CARTESIAN_POINT ( 'NONE',  ( 42.21666666666666146, 0.000000000000000000, 10.88333333333333108 ) ) ;
#2027 = CARTESIAN_POINT ( 'NONE',  ( 43.25000000000000000, -18.30004119356285130, -71.00250023797359233 ) ) ;
#2028 = CARTESIAN_POINT ( 'NONE',  ( 43.25000000000000000, 18.36338254395886338, -66.83949984864273119 ) ) ;
#2029 = CARTESIAN_POINT ( 'NONE',  ( 43.24999999999999289, 14.38861244808043516, -6.912409171682065256 ) ) ;
#2030 = CARTESIAN_POINT ( 'NONE',  ( 38.25000000000002132, 12.05697125030532035, -69.47896653212156082 ) ) ;
#2031 = CARTESIAN_POINT ( 'NONE',  ( 43.24999999999999289, -18.33408392400326647, -55.40527597379833225 ) ) ;
#2032 = CARTESIAN_POINT ( 'NONE',  ( 37.25000000000000000, -17.57507159918202078, 0.5762675855313819095 ) ) ;
#2033 = CARTESIAN_POINT ( 'NONE',  ( 34.74999999928448347, -15.25214035283865677, -8.807723098203803502 ) ) ;
#2034 = CARTESIAN_POINT ( 'NONE',  ( 40.70000000000000284, 15.85780044138130407, -67.59972459539463330 ) ) ;
#2035 = CARTESIAN_POINT ( 'NONE',  ( 43.25000000000000000, 11.04993477131310797, -9.650000000000000355 ) ) ;
#2036 = CARTESIAN_POINT ( 'NONE',  ( 38.24999999999999289, -14.21818373242768274, -66.77100004334070604 ) ) ;
#2037 = EDGE_CURVE ( 'NONE', #525, #3275, #3663, .T. ) ;
#2038 = ORIENTED_EDGE ( 'NONE', *, *, #2085, .T. ) ;
#2039 = CARTESIAN_POINT ( 'NONE',  ( 37.25000000000000711, 12.05999146573582692, -7.889011183695735063 ) ) ;
#2040 = PLANE ( 'NONE',  #1317 ) ;
#2041 = CARTESIAN_POINT ( 'NONE',  ( 43.25000000000000711, -27.01887492182755324, -54.83935391623069222 ) ) ;
#2042 = CARTESIAN_POINT ( 'NONE',  ( 43.25000000000000000, 29.35322323254530019, 1.716079042152164845E-15 ) ) ;
#2043 = CYLINDRICAL_SURFACE ( 'NONE', #2325, 1.599999999999999867 ) ;
#2044 = CARTESIAN_POINT ( 'NONE',  ( 43.24999999999999289, 18.83833942211441581, -68.61473076740294630 ) ) ;
#2045 = CARTESIAN_POINT ( 'NONE',  ( 43.24999999999999289, 11.67137786702061319, -3.369981622715791936 ) ) ;
#2046 = CARTESIAN_POINT ( 'NONE',  ( 40.69999999999999574, 20.97838633132789710, -58.00378085113813853 ) ) ;
#2047 = ORIENTED_EDGE ( 'NONE', *, *, #3882, .T. ) ;
#2048 = CARTESIAN_POINT ( 'NONE',  ( 38.25000000000000711, 8.518268103537959490, -81.80246705209792424 ) ) ;
#2049 = CARTESIAN_POINT ( 'NONE',  ( 39.08333333333332149, 33.35322323254529664, 5.388361883317745594E-14 ) ) ;
#2050 = CARTESIAN_POINT ( 'NONE',  ( 34.74999999928448347, -7.788382451917531313, -15.79698927960594368 ) ) ;
#2051 = B_SPLINE_CURVE_WITH_KNOTS ( 'NONE', 3,
 ( #2125, #2703, #2992, #3707, #3908, #118, #1005, #2338, #416, #1025, #3550, #2920, #2323, #1699, #3851, #1393, #2938, #2356, #3287, #100, #2961, #2276, #3267, #1373, #3590, #2658, #1749, #1352, #1947, #3745, #3694, #3263 ),
 .UNSPECIFIED., .F., .F.,
 ( 4, 2, 2, 2, 2, 2, 2, 2, 2, 2, 2, 2, 2, 2, 2, 4 ),
 ( 0.000000000000000000, 0.06249999999999975020, 0.1249999999999995004, 0.1874999999999992506, 0.2499999999999990008, 0.3124999999999988898, 0.3749999999999988343, 0.4374999999999987232, 0.4999999999999986677, 0.5624999999999988898, 0.6249999999999990008, 0.6874999999999992228, 0.7499999999999994449, 0.8124999999999996669, 0.8749999999999997780, 1.000000000000000000 ),
 .UNSPECIFIED. ) ;
#2052 = CARTESIAN_POINT ( 'NONE',  ( 40.70000000000000284, 16.23255798506209757, -68.35824209196825052 ) ) ;
#2053 = DIRECTION ( 'NONE',  ( 1.000000000000000000, 0.000000000000000000, 0.000000000000000000 ) ) ;
#2054 = ORIENTED_EDGE ( 'NONE', *, *, #2314, .T. ) ;
#2055 = AXIS2_PLACEMENT_3D ( 'NONE', #2307, #1908, #1276 ) ;
#2056 = CARTESIAN_POINT ( 'NONE',  ( 39.24999999999999289, 14.78052111176350003, -79.97897637808378590 ) ) ;
#2057 = CARTESIAN_POINT ( 'NONE',  ( 43.25000000000000000, -9.860671046361495939, -3.669203593576879641 ) ) ;
#2058 = CARTESIAN_POINT ( 'NONE',  ( 43.25000000000000000, 3.049825811891732741, 13.81689074340405377 ) ) ;
#2059 = EDGE_CURVE ( 'NONE', #789, #2838, #294, .T. ) ;
#2060 = CARTESIAN_POINT ( 'NONE',  ( 43.25000000000000000, 11.25833024919765890, -6.500000000000000000 ) ) ;
#2061 = CARTESIAN_POINT ( 'NONE',  ( 37.25000000000000000, 12.85818967281609559, 6.394625089908736015 ) ) ;
#2062 = AXIS2_PLACEMENT_3D ( 'NONE', #1540, #3466, #4076 ) ;
#2063 = CARTESIAN_POINT ( 'NONE',  ( 34.25000000000000000, -14.69104282995104427, -12.88612163632432051 ) ) ;
#2064 = CARTESIAN_POINT ( 'NONE',  ( 41.70000000000000284, -9.860272027830808028, 7.305790368593572559 ) ) ;
#2065 = TOROIDAL_SURFACE ( 'NONE', #595, 46.94677837722209546, 2.000000000000000000 ) ;
#2066 = CARTESIAN_POINT ( 'NONE',  ( 43.25000000000000000, 11.46672572708240523, -3.350000000000000533 ) ) ;
#2067 = CARTESIAN_POINT ( 'NONE',  ( 41.70000000000000284, 11.04889073895839857, 8.100000000000003197 ) ) ;
#2068 = CARTESIAN_POINT ( 'NONE',  ( 38.75000000000000000, -25.12787851416631213, -72.04070213015666013 ) ) ;
#2069 = ORIENTED_EDGE ( 'NONE', *, *, #2059, .T. ) ;
#2070 = CARTESIAN_POINT ( 'NONE',  ( 38.25000000000001421, -24.94386122784809956, -56.77756943403171164 ) ) ;
#2071 = CARTESIAN_POINT ( 'NONE',  ( 38.25000000000000000, -1.483117202166929948E-15, -82.85322323254530374 ) ) ;
#2072 = CARTESIAN_POINT ( 'NONE',  ( 37.25000000000000000, -16.01658857726357255, -7.258035751565451221 ) ) ;
#2073 = CARTESIAN_POINT ( 'NONE',  ( 41.70000000000000284, -11.46776975943694588, 8.100000000000134648 ) ) ;
#2074 = VERTEX_POINT ( 'NONE', #1226 ) ;
#2075 = CARTESIAN_POINT ( 'NONE',  ( 39.24999999999999289, -10.74693078237547184, -81.64974419757326984 ) ) ;
#2076 = CARTESIAN_POINT ( 'NONE',  ( 43.25000000000000000, -8.128048050313498862, -6.912409171681111353 ) ) ;
#2077 = CARTESIAN_POINT ( 'NONE',  ( 43.25000000000000000, -3.050355708020461964, -12.18577322433367627 ) ) ;
#2078 = CARTESIAN_POINT ( 'NONE',  ( 43.25000000000001421, 29.11821741851415268, 3.830885121060097376 ) ) ;
#2079 = CARTESIAN_POINT ( 'NONE',  ( 43.25000000000000000, 20.49063040178372574, -52.81433618003813990 ) ) ;
#2080 = EDGE_LOOP ( 'NONE', ( #3102, #2784, #3677, #1848 ) ) ;
#2081 = CARTESIAN_POINT ( 'NONE',  ( 43.25000000000000000, -10.83969384518803558, 3.350000000000130207 ) ) ;
#2082 = CARTESIAN_POINT ( 'NONE',  ( 43.25000000000000711, -16.94300609655798695, -72.65696216173040511 ) ) ;
#2083 = CARTESIAN_POINT ( 'NONE',  ( 41.69999999999999574, -11.04889073895844298, -4.899999999999898215 ) ) ;
#2084 = CARTESIAN_POINT ( 'NONE',  ( 37.25000000000000000, 1.600140576381773316, 13.10537491009047528 ) ) ;
#2085 = EDGE_CURVE ( 'NONE', #1138, #2224, #2341, .T. ) ;
#2086 = ORIENTED_EDGE ( 'NONE', *, *, #2089, .F. ) ;
#2087 = CARTESIAN_POINT ( 'NONE',  ( 38.41666666666667140, 0.000000000000000000, -83.01988989921196094 ) ) ;
#2088 = CARTESIAN_POINT ( 'NONE',  ( 43.24999999999999289, 25.96373848005634599, -53.38115846539742648 ) ) ;
#2089 = EDGE_CURVE ( 'NONE', #3951, #2129, #553, .T. ) ;
#2090 = B_SPLINE_CURVE_WITH_KNOTS ( 'NONE', 3,
 ( #409, #1289, #1158, #3961 ),
 .UNSPECIFIED., .F., .F.,
 ( 4, 4 ),
 ( 0.000000000000000000, 1.000000000000000000 ),
 .UNSPECIFIED. ) ;
#2091 = CARTESIAN_POINT ( 'NONE',  ( 38.25000000000000711, 16.92271618095895747, -9.772438145944521537 ) ) ;
#2092 = CARTESIAN_POINT ( 'NONE',  ( 37.25000000000000000, 10.84085122539958412, -4.941402413674374827 ) ) ;
#2093 = ORIENTED_EDGE ( 'NONE', *, *, #2797, .F. ) ;
#2094 = CARTESIAN_POINT ( 'NONE',  ( 37.24999999999999289, 11.67533758609550709, -4.940597582660656073 ) ) ;
#2095 = CARTESIAN_POINT ( 'NONE',  ( 34.25000000000000711, 9.547965350210562363, -15.35895724895470060 ) ) ;
#2096 = CARTESIAN_POINT ( 'NONE',  ( 43.25000000000000000, -23.40815194468730098, -61.59043127058542666 ) ) ;
#2097 = CARTESIAN_POINT ( 'NONE',  ( 43.25000000000000000, 2.734181497071626055, 11.42107647086975142 ) ) ;
#2098 = B_SPLINE_CURVE_WITH_KNOTS ( 'NONE', 3,
 ( #2252, #1291, #2156, #4032 ),
 .UNSPECIFIED., .F., .F.,
 ( 4, 4 ),
 ( 0.000000000000000000, 1.000000000000000000 ),
 .UNSPECIFIED. ) ;
#2099 = CARTESIAN_POINT ( 'NONE',  ( 40.21666666666665435, -9.413528500085843232E-14, -11.39999999999999858 ) ) ;
#2100 = CARTESIAN_POINT ( 'NONE',  ( 43.25000000000000711, 21.34143936512588624, -61.38027465525723869 ) ) ;
#2101 = ORIENTED_EDGE ( 'NONE', *, *, #136, .F. ) ;
#2102 = DIRECTION ( 'NONE',  ( 0.000000000000000000, 0.000000000000000000, -1.000000000000000000 ) ) ;
#2103 = CARTESIAN_POINT ( 'NONE',  ( 43.25000000000000711, 8.128048050314449213, 6.912409171684260834 ) ) ;
#2104 = CARTESIAN_POINT ( 'NONE',  ( 38.25000000000000711, 12.27209991301401537, -67.84366701265943789 ) ) ;
#2105 = CARTESIAN_POINT ( 'NONE',  ( 43.25000000000000000, 13.76339134097767314, -4.578173552065219809 ) ) ;
#2106 = VERTEX_POINT ( 'NONE', #3577 ) ;
#2107 = CARTESIAN_POINT ( 'NONE',  ( 38.75000000000000000, -16.71499030809884445, 28.94498105048878145 ) ) ;
#2108 = CARTESIAN_POINT ( 'NONE',  ( 41.70000000000000284, -0.8057903685934432181, 14.39805822136681357 ) ) ;
#2109 = EDGE_CURVE ( 'NONE', #1153, #2885, #604, .T. ) ;
#2110 = APPLICATION_CONTEXT ( 'automotive_design' ) ;
#2111 = CARTESIAN_POINT ( 'NONE',  ( 38.25000000000000000, -1.483117202166929948E-15, -82.85322323254530374 ) ) ;
#2112 = CARTESIAN_POINT ( 'NONE',  ( 37.25000000000000000, -11.25833024919776015, -8.099999999999900169 ) ) ;
#2113 = CARTESIAN_POINT ( 'NONE',  ( 37.24999999999997868, 9.820578037608038713, -5.790406916430188566 ) ) ;
#2114 = CARTESIAN_POINT ( 'NONE',  ( 37.25000000000000711, -12.31509057350484326, -5.294217522456252212 ) ) ;
#2115 = VERTEX_POINT ( 'NONE', #703 ) ;
#2116 = CARTESIAN_POINT ( 'NONE',  ( 34.25000000000000000, -14.34766356299301471, 11.00944270998375352 ) ) ;
#2117 = CARTESIAN_POINT ( 'NONE',  ( 34.25000000000000000, 16.47182250575176354, -7.465940894717093101 ) ) ;
#2118 = CARTESIAN_POINT ( 'NONE',  ( 43.24999999999999289, 0.2083954778831140497, -9.849999999999999645 ) ) ;
#2119 = CARTESIAN_POINT ( 'NONE',  ( 38.24999999999999289, 15.21808012480626182, -70.78592657904061980 ) ) ;
#2120 = FACE_OUTER_BOUND ( 'NONE', #147, .T. ) ;
#2121 = CARTESIAN_POINT ( 'NONE',  ( 43.25000000000000711, 6.671234146659112518, 28.60120462764563243 ) ) ;
#2122 = CARTESIAN_POINT ( 'NONE',  ( 38.25000000000000711, -11.92499986784364019, -69.06443065265169423 ) ) ;
#2123 = CARTESIAN_POINT ( 'NONE',  ( 37.25000000000000711, -10.74344427624289366, 4.981597391440696576 ) ) ;
#2124 = ORIENTED_EDGE ( 'NONE', *, *, #2900, .F. ) ;
#2125 = CARTESIAN_POINT ( 'NONE',  ( 43.25000000000000000, -11.25833024919761982, 3.350000000000130207 ) ) ;
#2126 = CARTESIAN_POINT ( 'NONE',  ( 43.25000000000000000, 8.883762632581579055, 4.419546161750905533 ) ) ;
#2127 = CARTESIAN_POINT ( 'NONE',  ( 43.25000000000000000, 13.99251174627148586, 4.921076470872103314 ) ) ;
#2128 = CARTESIAN_POINT ( 'NONE',  ( 43.25000000000000000, 11.25833024919765890, -6.500000000000000000 ) ) ;
#2129 = VERTEX_POINT ( 'NONE', #3211 ) ;
#2130 = CARTESIAN_POINT ( 'NONE',  ( 38.25000000000000711, 2.150238432377285402, -82.85322323254528953 ) ) ;
#2131 = CARTESIAN_POINT ( 'NONE',  ( 41.70000000000000284, -1.959434878635764984E-16, 11.40000000000000036 ) ) ;
#2132 = B_SPLINE_CURVE_WITH_KNOTS ( 'NONE', 3,
 ( #2487, #1245, #4069, #2504, #1202, #3734, #2470, #3753, #3096, #599, #258, #4089, #3120, #1489, #1873, #4022, #3773, #1223, #884, #2190, #558, #842, #2127, #2170, #2807, #863, #3364, #1814, #930, #4043, #278, #1551 ),
 .UNSPECIFIED., .F., .F.,
 ( 4, 2, 2, 2, 2, 2, 2, 2, 2, 2, 2, 2, 2, 2, 2, 4 ),
 ( 0.000000000000000000, 0.06250000000000001388, 0.1250000000000000278, 0.1875000000000000555, 0.2500000000000000555, 0.3125000000000000555, 0.3750000000000001110, 0.4375000000000001110, 0.5000000000000001110, 0.5625000000000001110, 0.6250000000000001110, 0.6875000000000001110, 0.7500000000000002220, 0.8125000000000002220, 0.8750000000000001110, 1.000000000000000000 ),
 .UNSPECIFIED. ) ;
#2133 = EDGE_CURVE ( 'NONE', #2811, #768, #1294, .T. ) ;
#2134 = CARTESIAN_POINT ( 'NONE',  ( 41.70000000000000995, -12.81668653186693163, 6.918796614974976222 ) ) ;
#2135 = ORIENTED_EDGE ( 'NONE', *, *, #65, .F. ) ;
#2136 = B_SPLINE_CURVE_WITH_KNOTS ( 'NONE', 3,
 ( #3828, #3806, #960, #4098 ),
 .UNSPECIFIED., .F., .F.,
 ( 4, 4 ),
 ( 0.000000000000000000, 1.000000000000000000 ),
 .UNSPECIFIED. ) ;
#2137 = CARTESIAN_POINT ( 'NONE',  ( 38.25000000000000000, -32.85322323254529664, 5.140959319380179311E-15 ) ) ;
#2138 = CARTESIAN_POINT ( 'NONE',  ( 38.25000000000000000, 16.07013135767990164, -69.87634919694185953 ) ) ;
#2139 = CARTESIAN_POINT ( 'NONE',  ( 41.91666666666666430, -30.68655656587863234, -5.637028991288618683E-15 ) ) ;
#2140 = B_SPLINE_CURVE_WITH_KNOTS ( 'NONE', 3,
 ( #3161, #2573, #3846, #1971, #1642, #2894, #732, #58, #2854, #1333, #2598, #3870, #1288, #2296, #714, #1990, #952, #1043, #3221, #387, #2010, #1134, #3960, #2407, #1095, #3623, #2367, #3644, #2994, #490, #154, #3982, #3010, #1387 ),
 .UNSPECIFIED., .F., .F.,
 ( 4, 2, 2, 2, 2, 2, 2, 2, 2, 2, 2, 2, 2, 2, 2, 2, 4 ),
 ( 0.000000000000000000, 0.06250000000000000000, 0.1250000000000000000, 0.1875000000000000000, 0.2500000000000000000, 0.3125000000000000000, 0.3750000000000000000, 0.4375000000000000000, 0.5000000000000000000, 0.5625000000000000000, 0.6250000000000000000, 0.6875000000000000000, 0.7500000000000000000, 0.8125000000000000000, 0.8750000000000000000, 0.9375000000000000000, 1.000000000000000000 ),
 .UNSPECIFIED. ) ;
#2141 = CARTESIAN_POINT ( 'NONE',  ( 43.25000000000000711, 10.34354233768441134, 27.48736122263628445 ) ) ;
#2142 = CARTESIAN_POINT ( 'NONE',  ( 38.25000000000000711, -12.45359914609330154, -70.33973475697885647 ) ) ;
#2143 = ORIENTED_EDGE ( 'NONE', *, *, #3348, .F. ) ;
#2144 = EDGE_CURVE ( 'NONE', #2278, #3935, #2098, .T. ) ;
#2145 = CARTESIAN_POINT ( 'NONE',  ( 43.25000000000000711, -8.207974541176518812, 5.685773224334511156 ) ) ;
#2146 = CARTESIAN_POINT ( 'NONE',  ( 41.69999999999999574, -9.658330249197614847, 6.709439510239449511 ) ) ;
#2147 = CARTESIAN_POINT ( 'NONE',  ( 38.25000000000000000, 12.09744936788225189, -68.23081043776615218 ) ) ;
#2148 = CARTESIAN_POINT ( 'NONE',  ( 40.70000000000000284, -15.79445909096956235, -70.24227549128679016 ) ) ;
#2149 = CARTESIAN_POINT ( 'NONE',  ( 43.24999999999999289, 1.578923527341629329, 15.73418149870885507 ) ) ;
#2150 = CARTESIAN_POINT ( 'NONE',  ( 43.25000000000000711, -14.38808255195251462, -6.915073139420265136 ) ) ;
#2151 = ORIENTED_EDGE ( 'NONE', *, *, #2270, .T. ) ;
#2152 = DIRECTION ( 'NONE',  ( 1.000000000000000000, 0.000000000000000000, 0.000000000000000000 ) ) ;
#2153 = CARTESIAN_POINT ( 'NONE',  ( 41.70000000000000995, 12.24160500115758410, 7.779466947837090807 ) ) ;
#2154 = CARTESIAN_POINT ( 'NONE',  ( 37.25000000000000000, -9.820318353924351484, -5.790298989028613619 ) ) ;
#2155 = CYLINDRICAL_SURFACE ( 'NONE', #3970, 33.35322323254529664 ) ;
#2156 = CARTESIAN_POINT ( 'NONE',  ( 39.88333333333333286, 22.85702706628955028, -59.07100004334069610 ) ) ;
#2157 = ORIENTED_EDGE ( 'NONE', *, *, #1649, .F. ) ;
#2158 = CARTESIAN_POINT ( 'NONE',  ( 34.25000000000000000, -12.36088778881211248, 13.20112355735615317 ) ) ;
#2159 = CARTESIAN_POINT ( 'NONE',  ( 34.24999999999999289, 15.35883824253844665, -9.547885832609006584 ) ) ;
#2160 = CARTESIAN_POINT ( 'NONE',  ( 43.25000000000000000, 2.080205104858748211, -10.62568111677342131 ) ) ;
#2161 = CARTESIAN_POINT ( 'NONE',  ( 38.25000000000001421, 15.21584714672360228, -67.05458010215859588 ) ) ;
#2162 = CYLINDRICAL_SURFACE ( 'NONE', #1516, 33.35322323254529664 ) ;
#2163 = ADVANCED_FACE ( 'NONE', ( #1021 ), #246, .F. ) ;
#2164 = SHAPE_DEFINITION_REPRESENTATION ( #1803, #2513 ) ;
#2165 = CARTESIAN_POINT ( 'NONE',  ( 38.25000000000000711, -11.99310658332359480, -69.47633564695782127 ) ) ;
#2166 = ORIENTED_EDGE ( 'NONE', *, *, #236, .T. ) ;
#2167 = CARTESIAN_POINT ( 'NONE',  ( 43.25000000000000000, -9.336504234711977546, 3.994938474180843802 ) ) ;
#2168 = CARTESIAN_POINT ( 'NONE',  ( 43.25000000000000000, 8.268685599707348288, 7.513246419869906489 ) ) ;
#2169 = CARTESIAN_POINT ( 'NONE',  ( 38.25000000000000000, 12.82868291372987990, -70.63206617940122101 ) ) ;
#2170 = CARTESIAN_POINT ( 'NONE',  ( 43.25000000000000711, 13.76490035738051354, 4.580431954609571754 ) ) ;
#2171 = CARTESIAN_POINT ( 'NONE',  ( 43.25000000000000000, -10.34347392712201419, 27.48719583615651274 ) ) ;
#2172 = CARTESIAN_POINT ( 'NONE',  ( 41.69999999999998863, 1.398058221366724307, -13.80579036859344022 ) ) ;
#2173 = CARTESIAN_POINT ( 'NONE',  ( 37.24999999999999289, 1.599859423618227083, 12.89462508990952472 ) ) ;
#2174 = EDGE_LOOP ( 'NONE', ( #2733, #3874, #218, #860 ) ) ;
#2175 = CARTESIAN_POINT ( 'NONE',  ( 37.25000000000001421, 7.258090551195612861, 16.01672087529320265 ) ) ;
#2176 = CARTESIAN_POINT ( 'NONE',  ( 41.69999999999998863, -0.9832747519598684649, 14.27946694783708637 ) ) ;
#2177 = CARTESIAN_POINT ( 'NONE',  ( 37.25000000000000000, 2.297629382734561521, -17.46243376769559674 ) ) ;
#2178 = CARTESIAN_POINT ( 'NONE',  ( 38.41666666666667851, -33.01988989921196804, -49.99999999999999289 ) ) ;
#2179 = ORIENTED_EDGE ( 'NONE', *, *, #3732, .F. ) ;
#2180 = CARTESIAN_POINT ( 'NONE',  ( 34.24999999999999289, 19.50000000000000000, 1.276272015520874881 ) ) ;
#2181 = CARTESIAN_POINT ( 'NONE',  ( 34.25000000000000000, 2.361505883938415096, 17.95923131415736762 ) ) ;
#2182 = CARTESIAN_POINT ( 'NONE',  ( 38.25000000000000000, 14.13851673022521993, -66.77100004334070604 ) ) ;
#2183 = CARTESIAN_POINT ( 'NONE',  ( 40.69999999999999574, -24.88772697071473416, -56.35824209196825052 ) ) ;
#2184 = CARTESIAN_POINT ( 'NONE',  ( 38.25000000000001421, -21.37495274503793397, -55.29942172696522817 ) ) ;
#2185 = CARTESIAN_POINT ( 'NONE',  ( 43.25000000000000711, 14.68418117219366259, 25.43479885956838515 ) ) ;
#2186 = CARTESIAN_POINT ( 'NONE',  ( 38.25000000000001421, -11.99362989989360351, -68.36303355454712971 ) ) ;
#2187 = EDGE_LOOP ( 'NONE', ( #573, #3843 ) ) ;
#2188 = EDGE_CURVE ( 'NONE', #1828, #3661, #1750, .T. ) ;
#2189 = CARTESIAN_POINT ( 'NONE',  ( 43.25000000000000711, 9.336504234717716955, 9.005061525820446278 ) ) ;
#2190 = CARTESIAN_POINT ( 'NONE',  ( 43.25000000000000711, 14.30868595721881853, 5.685773224340672449 ) ) ;
#2191 = CARTESIAN_POINT ( 'NONE',  ( 40.70000000000000995, 23.13846140817363661, -59.07100004334069610 ) ) ;
#2192 = CARTESIAN_POINT ( 'NONE',  ( 40.70000000000000995, -22.23092776450540242, -54.82695878850381632 ) ) ;
#2193 = ORIENTED_EDGE ( 'NONE', *, *, #393, .T. ) ;
#2194 = AXIS2_PLACEMENT_3D ( 'NONE', #1192, #2463, #3422 ) ;
#2195 = CARTESIAN_POINT ( 'NONE',  ( 39.25000000000000000, -33.35322323254529664, -50.00000000000000000 ) ) ;
#2196 = DIRECTION ( 'NONE',  ( 0.000000000000000000, 0.000000000000000000, -1.000000000000000000 ) ) ;
#2197 = B_SPLINE_CURVE_WITH_KNOTS ( 'NONE', 3,
 ( #1888, #4100, #631, #3788 ),
 .UNSPECIFIED., .F., .F.,
 ( 4, 4 ),
 ( 0.000000000000000000, 1.000000000000000000 ),
 .UNSPECIFIED. ) ;
#2198 = CARTESIAN_POINT ( 'NONE',  ( 43.25000000000000711, 9.678914938347420005, -70.43672411286027568 ) ) ;
#2199 = B_SPLINE_CURVE_WITH_KNOTS ( 'NONE', 3,
 ( #395, #2644, #373, #1955 ),
 .UNSPECIFIED., .F., .F.,
 ( 4, 4 ),
 ( 0.000000000000000000, 1.000000000000000000 ),
 .UNSPECIFIED. ) ;
#2200 = FACE_OUTER_BOUND ( 'NONE', #2305, .T. ) ;
#2201 = ORIENTED_EDGE ( 'NONE', *, *, #2655, .F. ) ;
#2202 = CARTESIAN_POINT ( 'NONE',  ( 34.25000000000000000, -5.819125596397950240, -17.15372328438460414 ) ) ;
#2203 = CARTESIAN_POINT ( 'NONE',  ( 43.25000000000000000, -9.526171302967053833, -67.70110608635867777 ) ) ;
#2204 = CARTESIAN_POINT ( 'NONE',  ( 37.25000000000000000, -1.437752211589388152, 13.70959308357039319 ) ) ;
#2205 = CARTESIAN_POINT ( 'NONE',  ( 38.25000000000000711, -20.75261835353440176, -57.61118964891579708 ) ) ;
#2206 = CARTESIAN_POINT ( 'NONE',  ( 38.25000000000001421, -12.03410801747050130, -69.61118964892403937 ) ) ;
#2207 = ORIENTED_EDGE ( 'NONE', *, *, #471, .T. ) ;
#2208 = CARTESIAN_POINT ( 'NONE',  ( 43.25000000000000711, 26.75032309291606936, -62.12244209761525582 ) ) ;
#2209 = CARTESIAN_POINT ( 'NONE',  ( -26.05060303750350315, 41.39700167319772106, -10.37404239491490721 ) ) ;
#2210 = CARTESIAN_POINT ( 'NONE',  ( 40.70000000000000284, 22.85702706628955028, -59.07100004334069610 ) ) ;
#2211 = CARTESIAN_POINT ( 'NONE',  ( 41.69999999999998863, 0.2094395102392291874, -14.60000000000000320 ) ) ;
#2212 = FACE_OUTER_BOUND ( 'NONE', #3684, .T. ) ;
#2213 = CARTESIAN_POINT ( 'NONE',  ( 37.25000000000000000, -1.273399332860356337, -13.97468657620089161 ) ) ;
#2214 = CARTESIAN_POINT ( 'NONE',  ( 38.25000000000000000, 2.368406433165840033E-15, 19.50000000000000000 ) ) ;
#2215 = CARTESIAN_POINT ( 'NONE',  ( 38.25000000000000000, -18.87632464937487242, 5.056010085927856501 ) ) ;
#2216 = ADVANCED_FACE ( 'NONE', ( #673 ), #2335, .F. ) ;
#2217 = CYLINDRICAL_SURFACE ( 'NONE', #386, 17.57499999999999929 ) ;
#2218 = EDGE_LOOP ( 'NONE', ( #881, #3742, #2727, #1783 ) ) ;
#2219 = CARTESIAN_POINT ( 'NONE',  ( 42.21666666666666146, -11.25833024919762515, 8.616666666666796814 ) ) ;
#2220 = FACE_OUTER_BOUND ( 'NONE', #3352, .T. ) ;
#2221 = CARTESIAN_POINT ( 'NONE',  ( 43.25000000000000000, 3.825887315114044953E-16, 16.15000000000000213 ) ) ;
#2222 = CARTESIAN_POINT ( 'NONE',  ( 37.25000000000000711, -0.8016607892813581993, 14.38901146777904749 ) ) ;
#2223 = CARTESIAN_POINT ( 'NONE',  ( 38.25000000000000711, -22.23635261210453251, -59.00280879121540067 ) ) ;
#2224 = VERTEX_POINT ( 'NONE', #2353 ) ;
#2225 = SURFACE_SIDE_STYLE ('',( #3493 ) ) ;
#2226 = CARTESIAN_POINT ( 'NONE',  ( 43.25000000000000000, -17.10824184538692094, -73.87135205167692220 ) ) ;
#2227 = FACE_BOUND ( 'NONE', #3374, .T. ) ;
#2228 = CARTESIAN_POINT ( 'NONE',  ( 37.25000000000000000, 11.36387340188674244, 4.899928849231480754 ) ) ;
#2229 = CARTESIAN_POINT ( 'NONE',  ( 37.25000000000000000, -1.278800443270974187E-16, 11.40000000000000036 ) ) ;
#2230 = CARTESIAN_POINT ( 'NONE',  ( 38.25000000000000000, -24.92978419749729113, -57.20471007226959159 ) ) ;
#2231 = CARTESIAN_POINT ( 'NONE',  ( 39.24999999999999289, -2.182963355852047815, 33.35322323254530374 ) ) ;
#2232 = CARTESIAN_POINT ( 'NONE',  ( 38.25000000000000711, -2.552512472701128132, 19.37430128635112325 ) ) ;
#2233 = CARTESIAN_POINT ( 'NONE',  ( 38.25000000000000711, 21.23545083256739829, -55.50226532970778237 ) ) ;
#2234 = B_SPLINE_CURVE_WITH_KNOTS ( 'NONE', 3,
 ( #1117, #3312, #1408, #1494, #454, #140, #2107, #3646, #826, #4006, #478, #3344, #196, #1467, #320, #3175, #3080, #74 ),
 .UNSPECIFIED., .F., .F.,
 ( 4, 2, 2, 2, 2, 2, 2, 2, 4 ),
 ( 0.000000000000000000, 0.1250000000000000278, 0.2500000000000000555, 0.3750000000000001110, 0.5000000000000001110, 0.6250000000000001110, 0.7500000000000002220, 0.8750000000000001110, 1.000000000000000000 ),
 .UNSPECIFIED. ) ;
#2235 = CARTESIAN_POINT ( 'NONE',  ( 37.25000000000000000, -10.74344427624187404, -8.018402608558428568 ) ) ;
#2236 = EDGE_CURVE ( 'NONE', #3661, #1295, #2292, .T. ) ;
#2237 = FACE_OUTER_BOUND ( 'NONE', #3485, .T. ) ;
#2238 = ORIENTED_EDGE ( 'NONE', *, *, #3667, .T. ) ;
#2239 = CARTESIAN_POINT ( 'NONE',  ( 43.25000000000000000, -33.35322323254529664, 0.000000000000000000 ) ) ;
#2240 = CARTESIAN_POINT ( 'NONE',  ( 38.25000000000000000, 32.85322323254529664, -50.00000000000000000 ) ) ;
#2241 = CARTESIAN_POINT ( 'NONE',  ( 40.70000000000000284, -12.35589166865739763, -67.59972459539463330 ) ) ;
#2242 = CARTESIAN_POINT ( 'NONE',  ( 37.25000000000000000, -1.438012084279482350, 12.29029927363670716 ) ) ;
#2243 = CARTESIAN_POINT ( 'NONE',  ( 41.70000000000000284, 1.959434878635764984E-16, 14.59999999999999964 ) ) ;
#2244 = ORIENTED_EDGE ( 'NONE', *, *, #2458, .T. ) ;
#2245 = CARTESIAN_POINT ( 'NONE',  ( 43.24999999999999289, -12.99258622088522230, -76.33897519863286618 ) ) ;
#2246 = CARTESIAN_POINT ( 'NONE',  ( 37.25000000000000000, -12.77673266895526361, 5.985113742796464464 ) ) ;
#2247 = CARTESIAN_POINT ( 'NONE',  ( 37.24999999999999289, 1.272189957414577854, -13.97649653692141136 ) ) ;
#2248 = CARTESIAN_POINT ( 'NONE',  ( 43.25000000000000000, -1.013246421064462277, 10.01035535160136725 ) ) ;
#2249 = ORIENTED_EDGE ( 'NONE', *, *, #782, .F. ) ;
#2250 = CARTESIAN_POINT ( 'NONE',  ( 38.75000000000000000, 28.94498105048871395, 16.71499030809895814 ) ) ;
#2251 = CARTESIAN_POINT ( 'NONE',  ( 38.25000000000000711, 20.77495826979901850, -56.36566443972456852 ) ) ;
#2252 = CARTESIAN_POINT ( 'NONE',  ( 38.25000000000000000, 22.85702706628955028, -59.07100004334069610 ) ) ;
#2253 = CARTESIAN_POINT ( 'NONE',  ( 43.25000000000000000, 17.67835153282708305, -72.02771827274358429 ) ) ;
#2254 = CARTESIAN_POINT ( 'NONE',  ( 37.25000000000001421, 9.285037637683730694, -14.93329508558584529 ) ) ;
#2255 = EDGE_CURVE ( 'NONE', #1274, #1153, #3611, .T. ) ;
#2256 = EDGE_LOOP ( 'NONE', ( #1554, #3578, #3759, #1006 ) ) ;
#2257 = CARTESIAN_POINT ( 'NONE',  ( 34.24999999999998579, -2.361505883871123590, -17.95923131415736052 ) ) ;
#2258 = AXIS2_PLACEMENT_3D ( 'NONE', #4084, #3490, #2261 ) ;
#2259 = CARTESIAN_POINT ( 'NONE',  ( 40.70000000000000284, -13.79374103792940076, -66.77100004334070604 ) ) ;
#2260 = PLANE ( 'NONE',  #2582 ) ;
#2261 = DIRECTION ( 'NONE',  ( 0.000000000000000000, 0.000000000000000000, -1.000000000000000000 ) ) ;
#2262 = CONICAL_SURFACE ( 'NONE', #254, 3.149999999999998135, 0.7853981633974476129 ) ;
#2263 = ADVANCED_FACE ( 'NONE', ( #2790 ), #3028, .F. ) ;
#2264 = ORIENTED_EDGE ( 'NONE', *, *, #3400, .F. ) ;
#2265 = SHELL_BASED_SURFACE_MODEL ( 'NONE', ( #3903, #1999 ) );
#2266 = CARTESIAN_POINT ( 'NONE',  ( 43.25000000000000000, 4.782241089073322904, -78.97694873482859634 ) ) ;
#2267 = CARTESIAN_POINT ( 'NONE',  ( 37.25000000000000000, -11.25833024919761982, 4.900000000000130029 ) ) ;
#2268 = CARTESIAN_POINT ( 'NONE',  ( 37.25000000000000000, 1.518402608762704720, -12.48511402740308185 ) ) ;
#2269 = CARTESIAN_POINT ( 'NONE',  ( 37.25000000000000000, 12.84796714142231977, 6.288778686089943726 ) ) ;
#2270 = EDGE_CURVE ( 'NONE', #556, #1233, #3817, .T. ) ;
#2271 = ORIENTED_EDGE ( 'NONE', *, *, #1459, .T. ) ;
#2272 = CARTESIAN_POINT ( 'NONE',  ( 43.25000000000000000, -14.07517537981347999, -73.62100004334071457 ) ) ;
#2273 = CARTESIAN_POINT ( 'NONE',  ( 40.70000000000000284, 14.13851673022521993, -71.07100004334070320 ) ) ;
#2274 = CARTESIAN_POINT ( 'NONE',  ( 37.25000000000000000, -12.53172958205647092, -7.474686576202778099 ) ) ;
#2275 = CARTESIAN_POINT ( 'NONE',  ( 38.25000000000000000, 23.93659046085748088, -58.78592657904434304 ) ) ;
#2276 = CARTESIAN_POINT ( 'NONE',  ( 43.24999999999999289, -14.08912665453195956, 7.897659204021339363 ) ) ;
#2277 = CARTESIAN_POINT ( 'NONE',  ( 37.25000000000001421, 9.984930916337814821, 5.525313423798818846 ) ) ;
#2278 = VERTEX_POINT ( 'NONE', #1944 ) ;
#2279 = CARTESIAN_POINT ( 'NONE',  ( 40.70000000000000284, 14.13851673022521993, -71.07100004334070320 ) ) ;
#2280 = CARTESIAN_POINT ( 'NONE',  ( 43.25000000000000000, -12.55958767873172199, -64.46172543137994637 ) ) ;
#2281 = DIRECTION ( 'NONE',  ( 0.000000000000000000, 0.000000000000000000, -1.000000000000000000 ) ) ;
#2282 = CARTESIAN_POINT ( 'NONE',  ( 43.25000000000000000, 8.108506130264370171, -6.707969847125549556 ) ) ;
#2283 = CARTESIAN_POINT ( 'NONE',  ( 38.25000000000000711, -16.00679000726856671, -67.96565088975397373 ) ) ;
#2284 = CARTESIAN_POINT ( 'NONE',  ( 41.69999999999998863, 9.860272027830843555, -5.694209631406564220 ) ) ;
#2285 = VERTEX_POINT ( 'NONE', #1617 ) ;
#2286 = CARTESIAN_POINT ( 'NONE',  ( 37.25000000000000000, 12.53172929854776640, -5.525312996886277084 ) ) ;
#2287 = CARTESIAN_POINT ( 'NONE',  ( 43.25000000000001421, 19.36199260265131272, -72.08307391813384868 ) ) ;
#2288 = CARTESIAN_POINT ( 'NONE',  ( 37.25000000000000000, 11.59261950599553437, 13.22223341113431694 ) ) ;
#2289 = CARTESIAN_POINT ( 'NONE',  ( 37.25000000000000000, 0.000000000000000000, 0.000000000000000000 ) ) ;
#2290 = EDGE_CURVE ( 'NONE', #70, #1221, #1696, .T. ) ;
#2291 = CARTESIAN_POINT ( 'NONE',  ( 37.25000000000000711, 12.05999146573563863, 5.110988816304486093 ) ) ;
#2292 = B_SPLINE_CURVE_WITH_KNOTS ( 'NONE', 3,
 ( #767, #735, #3282, #1736, #137, #1097, #83, #410, #2068, #3224, #389, #3624, #3310, #1673, #1355, #4004, #492, #808 ),
 .UNSPECIFIED., .F., .F.,
 ( 4, 2, 2, 2, 2, 2, 2, 2, 4 ),
 ( 0.000000000000000000, 0.1249999999999999167, 0.2499999999999998335, 0.3749999999999998335, 0.4999999999999998890, 0.6249999999999998890, 0.7499999999999998890, 0.8750000000000000000, 1.000000000000000000 ),
 .UNSPECIFIED. ) ;
#2293 = VERTEX_POINT ( 'NONE', #1712 ) ;
#2294 = CARTESIAN_POINT ( 'NONE',  ( 40.21666666666665435, 0.000000000000000000, 11.39999999999999858 ) ) ;
#2295 = CARTESIAN_POINT ( 'NONE',  ( 43.25000000000000711, 15.65410443140255126, -64.46172543144243150 ) ) ;
#2296 = CARTESIAN_POINT ( 'NONE',  ( 34.74999999928448347, 16.67737628816573192, -5.662940195715417069 ) ) ;
#2297 = CARTESIAN_POINT ( 'NONE',  ( 39.24999999999998579, 32.28647537644085475, 8.647909387792575231 ) ) ;
#2298 = CARTESIAN_POINT ( 'NONE',  ( 37.25000000000001421, -5.650254224408471693, -16.65205424531621503 ) ) ;
#2299 = CARTESIAN_POINT ( 'NONE',  ( 38.25000000000002132, 24.16686088278100186, -55.20993390727495154 ) ) ;
#2300 = ORIENTED_EDGE ( 'NONE', *, *, #2805, .F. ) ;
#2301 = FACE_OUTER_BOUND ( 'NONE', #36, .T. ) ;
#2302 = CARTESIAN_POINT ( 'NONE',  ( 38.75000000000000000, -33.35322323254529664, -9.573262048355590951E-17 ) ) ;
#2303 = CARTESIAN_POINT ( 'NONE',  ( 43.24999999999999289, 9.677148750975469227, -3.767327085289614796 ) ) ;
#2304 = CARTESIAN_POINT ( 'NONE',  ( 37.25000000000000000, -11.25833024919761982, 4.900000000000130029 ) ) ;
#2305 = EDGE_LOOP ( 'NONE', ( #3791, #616, #470, #3607 ) ) ;
#2306 = CARTESIAN_POINT ( 'NONE',  ( 37.24999999999998579, 12.84839171810514813, -6.290913177215381680 ) ) ;
#2307 = CARTESIAN_POINT ( 'NONE',  ( 43.25000000000000000, -22.79368571587784942, -56.92100004334069752 ) ) ;
#2308 = CARTESIAN_POINT ( 'NONE',  ( 39.24999999999999289, 28.94498105048875658, -66.71499030809889064 ) ) ;
#2309 = CARTESIAN_POINT ( 'NONE',  ( 37.25000000000000000, 0.4170073369002182950, -11.44059758266065074 ) ) ;
#2310 = CARTESIAN_POINT ( 'NONE',  ( 43.25000000000000000, -3.565146807082729798E-15, 29.35322323254530019 ) ) ;
#2311 = CARTESIAN_POINT ( 'NONE',  ( 43.25000000000001421, -0.8204540079921782691, 16.07007350913685073 ) ) ;
#2312 = CARTESIAN_POINT ( 'NONE',  ( 34.25000000000000000, -18.50405903950114350, 6.283205338062550993 ) ) ;
#2313 = EDGE_LOOP ( 'NONE', ( #184, #3382, #3418, #2791 ) ) ;
#2314 = EDGE_CURVE ( 'NONE', #906, #1013, #1427, .T. ) ;
#2315 = CARTESIAN_POINT ( 'NONE',  ( 43.25000000000000000, -16.42921205518211991, -73.00022673967079356 ) ) ;
#2316 = CARTESIAN_POINT ( 'NONE',  ( 38.25000000000000711, 20.72040526809878713, -56.63992089958622955 ) ) ;
#2317 = CARTESIAN_POINT ( 'NONE',  ( 41.70000000000000284, -11.25833024919776015, -4.899999999999899991 ) ) ;
#2318 = CARTESIAN_POINT ( 'NONE',  ( 37.25000000000000000, 0.5148859729548425079, 11.48159739144051805 ) ) ;
#2319 = CARTESIAN_POINT ( 'NONE',  ( 38.75000000000000000, -33.35322323254529664, -33.33333333333334281 ) ) ;
#2320 = CARTESIAN_POINT ( 'NONE',  ( 38.25000000000000000, -22.79368571587784942, -59.07100004334069610 ) ) ;
#2321 = CARTESIAN_POINT ( 'NONE',  ( 43.25000000000000000, -9.116269104654289564E-14, -16.15000000000000213 ) ) ;
#2322 = CARTESIAN_POINT ( 'NONE',  ( 38.25000000000000711, 23.14121376155058485, -54.77100004334069894 ) ) ;
#2323 = CARTESIAN_POINT ( 'NONE',  ( 43.25000000000000000, -14.08880166876470064, 5.102475409682794449 ) ) ;
#2324 = DIRECTION ( 'NONE',  ( -1.000000000000000000, 0.000000000000000000, 0.000000000000000000 ) ) ;
#2325 = AXIS2_PLACEMENT_3D ( 'NONE', #1094, #1112, #175 ) ;
#2326 = CARTESIAN_POINT ( 'NONE',  ( 43.25000000000000711, 8.108154368130968237, -6.292030152874448667 ) ) ;
#2327 = CARTESIAN_POINT ( 'NONE',  ( 38.73333333333333428, 11.25833024919771752, 8.099999999999999645 ) ) ;
#2328 = ORIENTED_EDGE ( 'NONE', *, *, #900, .T. ) ;
#2329 = CARTESIAN_POINT ( 'NONE',  ( 39.25000000000000711, -26.51940212992061774, -70.34512569842109997 ) ) ;
#2330 = CARTESIAN_POINT ( 'NONE',  ( 43.25000000000000711, -8.207974541176648486, -7.314226775664456781 ) ) ;
#2331 = B_SPLINE_CURVE_WITH_KNOTS ( 'NONE', 3,
 ( #1635, #2613, #689, #3838 ),
 .UNSPECIFIED., .F., .F.,
 ( 4, 4 ),
 ( 0.000000000000000000, 1.000000000000000000 ),
 .UNSPECIFIED. ) ;
#2332 = CARTESIAN_POINT ( 'NONE',  ( 43.25000000000000000, -9.039592607841008547E-14, -9.849999999999999645 ) ) ;
#2333 = CARTESIAN_POINT ( 'NONE',  ( 38.75000000000000000, 22.04070213015664237, -75.12787851416629792 ) ) ;
#2334 = CARTESIAN_POINT ( 'NONE',  ( 41.69999999999999574, -9.860272027830946584, -7.305790368593338080 ) ) ;
#2335 = CYLINDRICAL_SURFACE ( 'NONE', #2902, 2.149999999999999023 ) ;
#2336 = CARTESIAN_POINT ( 'NONE',  ( 37.25000000000000711, -17.54696584069692733, 1.150127412416532380 ) ) ;
#2337 = CARTESIAN_POINT ( 'NONE',  ( 38.25000000000000711, 24.56809007837394532, -58.23083647402588525 ) ) ;
#2338 = CARTESIAN_POINT ( 'NONE',  ( 43.25000000000000000, -13.17789829280389569, 3.993429890182875752 ) ) ;
#2339 = B_SPLINE_CURVE_WITH_KNOTS ( 'NONE', 3,
 ( #2449, #2471, #1204, #2506, #1532, #3775, #2808, #931, #911, #3139, #2788, #2172, #2489, #235, #3755, #301, #2211, #579 ),
 .UNSPECIFIED., .F., .F.,
 ( 4, 2, 2, 2, 2, 2, 2, 2, 4 ),
 ( 0.000000000000000000, 0.1250000000000000000, 0.2500000000000000000, 0.3750000000000000000, 0.5000000000000000000, 0.6250000000000000000, 0.7500000000000000000, 0.8750000000000000000, 1.000000000000000000 ),
 .UNSPECIFIED. ) ;
#2340 = ADVANCED_FACE ( 'NONE', ( #3662 ), #174, .T. ) ;
#2341 = B_SPLINE_CURVE_WITH_KNOTS ( 'NONE', 3,
 ( #1596, #2951, #2594, #383, #1665, #692, #1967, #1731, #405, #55, #77, #3602, #1060, #2312, #3583, #711, #129, #728, #1403, #3939, #3519, #1637, #3071, #2364, #2063, #838, #1130, #510, #2740, #2760, #3323, #3007, #2401, #1791 ),
 .UNSPECIFIED., .F., .F.,
 ( 4, 2, 2, 2, 2, 2, 2, 2, 2, 2, 2, 2, 2, 2, 2, 2, 4 ),
 ( 0.000000000000000000, 0.06249999999999991673, 0.1249999999999998612, 0.1874999999999998057, 0.2499999999999997780, 0.3124999999999997224, 0.3749999999999997780, 0.4374999999999997780, 0.4999999999999997780, 0.5624999999999997780, 0.6249999999999997780, 0.6874999999999998890, 0.7499999999999998890, 0.8124999999999998890, 0.8749999999999998890, 0.9375000000000000000, 1.000000000000000000 ),
 .UNSPECIFIED. ) ;
#2342 = CARTESIAN_POINT ( 'NONE',  ( 40.69999999999999574, 15.45979217817128415, -67.20171633218463114 ) ) ;
#2343 = DIRECTION ( 'NONE',  ( 0.000000000000000000, 0.000000000000000000, -1.000000000000000000 ) ) ;
#2344 = CARTESIAN_POINT ( 'NONE',  ( 43.24999999999999289, 8.128577946443410696, -6.915073139425160775 ) ) ;
#2345 = CARTESIAN_POINT ( 'NONE',  ( 37.25000000000000000, -5.722340766308410292E-16, 17.57499999999999929 ) ) ;
#2346 = CARTESIAN_POINT ( 'NONE',  ( 37.25000000000000000, -11.25833024919761982, 8.100000000000129319 ) ) ;
#2347 = ORIENTED_EDGE ( 'NONE', *, *, #2949, .F. ) ;
#2348 = CARTESIAN_POINT ( 'NONE',  ( 38.75000000000000000, 33.35322323254529664, -50.00000000000000000 ) ) ;
#2349 = CARTESIAN_POINT ( 'NONE',  ( 43.24999999999999289, -27.49386302398766802, -56.61473076741823007 ) ) ;
#2350 = CARTESIAN_POINT ( 'NONE',  ( 37.25000000000000000, 12.77673285796081259, 7.014885972597280528 ) ) ;
#2351 = CARTESIAN_POINT ( 'NONE',  ( 38.75000000000000711, 26.51940212992063550, -70.34512569842108576 ) ) ;
#2352 = CARTESIAN_POINT ( 'NONE',  ( 41.70000000000000284, -10.27505549723789713, -7.779466947836991331 ) ) ;
#2353 = CARTESIAN_POINT ( 'NONE',  ( 34.25000000000000000, -2.378233845751590078E-15, -19.50000000000000000 ) ) ;
#2354 = CARTESIAN_POINT ( 'NONE',  ( 37.24999999999999289, -12.01986833354421691, -12.83483376863673620 ) ) ;
#2355 = CARTESIAN_POINT ( 'NONE',  ( 34.74999999928448347, -16.67737628816576034, -5.662940195715346015 ) ) ;
#2356 = CARTESIAN_POINT ( 'NONE',  ( 43.25000000000000000, -14.40850613026398719, 6.707969847125192508 ) ) ;
#2357 = EDGE_CURVE ( 'NONE', #1274, #3094, #49, .T. ) ;
#2358 = CARTESIAN_POINT ( 'NONE',  ( 40.70000000000000284, 16.28851673022521851, -69.20243438522477675 ) ) ;
#2359 = CARTESIAN_POINT ( 'NONE',  ( 38.25000000000000711, -15.15250579630013483, -70.78741998453247675 ) ) ;
#2360 = CARTESIAN_POINT ( 'NONE',  ( 37.25000000000002132, 11.96803125981146820, -7.938011895476477342 ) ) ;
#2361 = CARTESIAN_POINT ( 'NONE',  ( 39.24999999999999289, 4.365872733633639591, -83.13822542452608388 ) ) ;
#2362 = CARTESIAN_POINT ( 'NONE',  ( 43.25000000000000000, -24.87532227894492109, -61.14619303703417330 ) ) ;
#2363 = CARTESIAN_POINT ( 'NONE',  ( 43.25000000000000711, 19.98919634954883762, -60.65696216174223565 ) ) ;
#2364 = CARTESIAN_POINT ( 'NONE',  ( 34.24999999999999289, -15.50459869884027420, -11.89480094182000336 ) ) ;
#2365 = CARTESIAN_POINT ( 'NONE',  ( 43.25000000000000000, -9.178125144339793096, 8.874318883227584109 ) ) ;
#2366 = CARTESIAN_POINT ( 'NONE',  ( 38.75000000000000711, 32.28647537644089027, -58.64790938779249529 ) ) ;
#2367 = CARTESIAN_POINT ( 'NONE',  ( 34.74999999928449057, 10.72057059243516441, 13.97401651959580704 ) ) ;
#2368 = ORIENTED_EDGE ( 'NONE', *, *, #1935, .F. ) ;
#2369 = CARTESIAN_POINT ( 'NONE',  ( -26.05349424533815039, 41.38488242297790265, -10.41666666666606034 ) ) ;
#2370 = CARTESIAN_POINT ( 'NONE',  ( 37.25000000000000711, -13.22223341111530814, 11.59261950601866076 ) ) ;
#2371 = DIRECTION ( 'NONE',  ( 1.000000000000000000, 0.000000000000000000, 0.000000000000000000 ) ) ;
#2372 = CARTESIAN_POINT ( 'NONE',  ( 43.25000000000000000, 26.93626987033692544, -59.27502046720693585 ) ) ;
#2373 = EDGE_CURVE ( 'NONE', #1322, #2587, #2813, .T. ) ;
#2374 = ORIENTED_EDGE ( 'NONE', *, *, #666, .F. ) ;
#2375 = CARTESIAN_POINT ( 'NONE',  ( 38.25000000000000711, 4.300423695872147789, 32.64144846846580350 ) ) ;
#2376 = CARTESIAN_POINT ( 'NONE',  ( 41.70000000000000284, -9.097445829778509144E-14, -14.59999999999999964 ) ) ;
#2377 = DIRECTION ( 'NONE',  ( 0.000000000000000000, 0.000000000000000000, -1.000000000000000000 ) ) ;
#2378 = CARTESIAN_POINT ( 'NONE',  ( 43.24999999999999289, -26.33377804529856192, -60.02796220851018205 ) ) ;
#2379 = CARTESIAN_POINT ( 'NONE',  ( 43.24999999999999289, -2.989644649489780370, -11.98675358012886605 ) ) ;
#2380 = EDGE_CURVE ( 'NONE', #814, #339, #3302, .T. ) ;
#2381 = DIRECTION ( 'NONE',  ( 0.000000000000000000, 0.000000000000000000, -1.000000000000000000 ) ) ;
#2382 = CARTESIAN_POINT ( 'NONE',  ( 43.25000000000000000, 18.18746209852418616, -56.30720661448404485 ) ) ;
#2383 = CONICAL_SURFACE ( 'NONE', #3230, 33.35322323254529664, 0.7853981633974547183 ) ;
#2384 = ORIENTED_EDGE ( 'NONE', *, *, #316, .T. ) ;
#2385 = CARTESIAN_POINT ( 'NONE',  ( 38.75000000000000000, 33.35322323254529664, -50.00000000000000000 ) ) ;
#2386 = AXIS2_PLACEMENT_3D ( 'NONE', #2421, #818, #2722 ) ;
#2387 = CARTESIAN_POINT ( 'NONE',  ( 43.25000000000000000, -14.07517537981347999, -68.92100004334069752 ) ) ;
#2388 = EDGE_CURVE ( 'NONE', #2838, #3884, #1480, .T. ) ;
#2389 = CARTESIAN_POINT ( 'NONE',  ( 37.25000000000000711, 1.518662359938399709, 12.48500643463628279 ) ) ;
#2390 = EDGE_LOOP ( 'NONE', ( #1306, #2452, #230, #2086 ) ) ;
#2391 = CARTESIAN_POINT ( 'NONE',  ( 38.58333333333333570, 0.000000000000000000, -83.18655656587863234 ) ) ;
#2392 = DIRECTION ( 'NONE',  ( 0.000000000000000000, 0.000000000000000000, -1.000000000000000000 ) ) ;
#2393 = CARTESIAN_POINT ( 'NONE',  ( 37.25000000000000000, 10.05234887370764341, -5.443040777747321535 ) ) ;
#2394 = ORIENTED_EDGE ( 'NONE', *, *, #1290, .F. ) ;
#2395 = CARTESIAN_POINT ( 'NONE',  ( 38.25000000000001421, 29.52955989786744695, 14.55894550857941994 ) ) ;
#2396 = CARTESIAN_POINT ( 'NONE',  ( 34.24999999999998579, -17.61185386835690991, 4.108991777011238966 ) ) ;
#2397 = CARTESIAN_POINT ( 'NONE',  ( 34.24999999999999289, 7.465886122052828533, -16.47169027286934551 ) ) ;
#2398 = CARTESIAN_POINT ( 'NONE',  ( 43.25000000000000711, -10.44346502739299609, -3.449908113578834534 ) ) ;
#2399 = CARTESIAN_POINT ( 'NONE',  ( 40.21666666666665435, -11.25833024919776371, -4.899999999999899991 ) ) ;
#2400 = CARTESIAN_POINT ( 'NONE',  ( 39.06666666666666288, -14.07517537981347999, -71.07100004334070320 ) ) ;
#2401 = CARTESIAN_POINT ( 'NONE',  ( 34.25000000000000000, -1.276272015520772074, -19.50000000000000355 ) ) ;
#2402 = ORIENTED_EDGE ( 'NONE', *, *, #3535, .T. ) ;
#2403 = DIRECTION ( 'NONE',  ( 0.7071067811865470176, 0.7071067811865480168, 0.000000000000000000 ) ) ;
#2404 = CARTESIAN_POINT ( 'NONE',  ( 38.25000000000000711, -24.10351953237614353, -58.63206617939961518 ) ) ;
#2405 = ADVANCED_FACE ( 'NONE', ( #913 ), #2833, .F. ) ;
#2406 = CARTESIAN_POINT ( 'NONE',  ( 43.25000000000000711, -14.69309262060017574, -64.22100004334072310 ) ) ;
#2407 = CARTESIAN_POINT ( 'NONE',  ( 34.74999999928448347, 13.97401651959581415, 10.72057059243514665 ) ) ;
#2408 = EDGE_LOOP ( 'NONE', ( #3986, #1330, #2264, #2495 ) ) ;
#2409 = CARTESIAN_POINT ( 'NONE',  ( 38.25000000000000000, 31.17528114527834759, -60.58582295319447297 ) ) ;
#2410 = CARTESIAN_POINT ( 'NONE',  ( 41.69999999999999574, -1.600000000000002531, 13.20943951023931362 ) ) ;
#2411 = CARTESIAN_POINT ( 'NONE',  ( 43.25000000000000000, 13.52059948950226342, -64.22100004334070888 ) ) ;
#2412 = CARTESIAN_POINT ( 'NONE',  ( 38.25000000000000711, -24.75118510827007157, -71.71028875486635457 ) ) ;
#2413 = CARTESIAN_POINT ( 'NONE',  ( 43.25000000000000000, 25.22342373082503286, -61.02766390663409624 ) ) ;
#2414 = CARTESIAN_POINT ( 'NONE',  ( 37.25000000000000711, -12.77699254164474674, -5.985006100002832063 ) ) ;
#2415 = ORIENTED_EDGE ( 'NONE', *, *, #471, .F. ) ;
#2416 = DIRECTION ( 'NONE',  ( 0.000000000000000000, 0.000000000000000000, -1.000000000000000000 ) ) ;
#2417 = CARTESIAN_POINT ( 'NONE',  ( 34.25000000000000000, -16.92655482690343050, -6.368119957729827973 ) ) ;
#2418 = CARTESIAN_POINT ( 'NONE',  ( 34.25000000000000000, 18.04595048245849753, 1.185059412128762091 ) ) ;
#2419 = CARTESIAN_POINT ( 'NONE',  ( 43.25000000000000000, -9.039592607841008547E-14, -9.849999999999999645 ) ) ;
#2420 = CARTESIAN_POINT ( 'NONE',  ( 38.25000000000000000, 15.76009296395782577, -70.33973475696092237 ) ) ;
#2421 = CARTESIAN_POINT ( 'NONE',  ( 43.25000000000000000, -11.25833024919776015, -6.499999999999899636 ) ) ;
#2422 = CARTESIAN_POINT ( 'NONE',  ( 43.25000000000001421, 26.75048847939214625, 12.12251050813848074 ) ) ;
#2423 = CARTESIAN_POINT ( 'NONE',  ( 38.24999999999999289, -12.20875856261366543, -69.99833307403642380 ) ) ;
#2424 = ORIENTED_EDGE ( 'NONE', *, *, #3233, .F. ) ;
#2425 = CARTESIAN_POINT ( 'NONE',  ( 41.70000000000000284, 11.25833024919771930, 4.899999999999999467 ) ) ;
#2426 = CARTESIAN_POINT ( 'NONE',  ( 43.25000000000000000, -19.36411184854119227, -72.08133469791954440 ) ) ;
#2427 = CARTESIAN_POINT ( 'NONE',  ( 39.25000000000000000, 33.35322323254529664, -50.00000000000000000 ) ) ;
#2428 = EDGE_CURVE ( 'NONE', #2293, #777, #4059, .T. ) ;
#2429 = EDGE_LOOP ( 'NONE', ( #3688, #1528, #608, #106 ) ) ;
#2430 = CARTESIAN_POINT ( 'NONE',  ( 43.25000000000000000, -19.25385091327538589, -60.02771827274388983 ) ) ;
#2431 = FACE_OUTER_BOUND ( 'NONE', #2256, .T. ) ;
#2432 = CARTESIAN_POINT ( 'NONE',  ( 43.25000000000000000, 14.13851673022521993, -64.22100004334070888 ) ) ;
#2433 = CARTESIAN_POINT ( 'NONE',  ( 38.25000000000000711, -20.04013080247690581, -76.12184831712991695 ) ) ;
#2434 = B_SPLINE_CURVE_WITH_KNOTS ( 'NONE', 3,
 ( #2639, #311, #934, #1332, #1488, #1940, #708, #3848, #1993, #3223, #3687, #2809, #216, #3737, #3714, #2150, #3468, #627, #4097, #919, #3086, #3419, #333, #3443, #609, #1605, #1257, #4055, #3721, #244, #1521, #268 ),
 .UNSPECIFIED., .F., .F.,
 ( 4, 2, 2, 2, 2, 2, 2, 2, 2, 2, 2, 2, 2, 2, 2, 4 ),
 ( 0.000000000000000000, 0.06250000000000001388, 0.1250000000000000278, 0.1875000000000000555, 0.2500000000000000555, 0.3125000000000000555, 0.3750000000000001110, 0.4375000000000001110, 0.5000000000000001110, 0.5625000000000001110, 0.6250000000000001110, 0.6875000000000001110, 0.7500000000000002220, 0.8125000000000000000, 0.8749999999999998890, 1.000000000000000000 ),
 .UNSPECIFIED. ) ;
#2435 = DIRECTION ( 'NONE',  ( 1.000000000000000000, 0.000000000000000000, 0.000000000000000000 ) ) ;
#2436 = CARTESIAN_POINT ( 'NONE',  ( 41.70000000000000284, -11.67712686417246637, 4.941643717330820529 ) ) ;
#2437 = EDGE_LOOP ( 'NONE', ( #565, #2775 ) ) ;
#2438 = CARTESIAN_POINT ( 'NONE',  ( 38.25000000000000000, 1.645107408773974943E-13, 32.85322323254529664 ) ) ;
#2439 = CARTESIAN_POINT ( 'NONE',  ( 34.25000000000000000, -9.042381380528242474, 15.66201192280818333 ) ) ;
#2440 = CARTESIAN_POINT ( 'NONE',  ( 34.24999999999999289, 7.998808839723444919, 16.21981309529229165 ) ) ;
#2441 = CARTESIAN_POINT ( 'NONE',  ( 38.24999999999999289, 14.82884066647757138, -70.96239171018689262 ) ) ;
#2442 = CARTESIAN_POINT ( 'NONE',  ( 43.25000000000000000, -29.35322323254530019, -4.504511214758050129E-15 ) ) ;
#2443 = CARTESIAN_POINT ( 'NONE',  ( 43.25000000000000000, 26.34026755546412346, 12.99016839120087852 ) ) ;
#2444 = CARTESIAN_POINT ( 'NONE',  ( 40.70000000000000284, 11.98851673022521780, -68.63956570145664671 ) ) ;
#2445 = ORIENTED_EDGE ( 'NONE', *, *, #401, .T. ) ;
#2446 = CARTESIAN_POINT ( 'NONE',  ( 43.25000000000000000, -29.30622206973907140, -51.92204186355404261 ) ) ;
#2447 = CARTESIAN_POINT ( 'NONE',  ( 40.70000000000000284, -15.15795618761091745, -67.04235930837904789 ) ) ;
#2448 = AXIS2_PLACEMENT_3D ( 'NONE', #611, #921, #1235 ) ;
#2449 = CARTESIAN_POINT ( 'NONE',  ( 41.70000000000000284, -9.058257132205788090E-14, -11.40000000000000036 ) ) ;
#2450 = CARTESIAN_POINT ( 'NONE',  ( 37.24999999999999289, -1.272189671795453281, -12.02350303807872756 ) ) ;
#2451 = AXIS2_PLACEMENT_3D ( 'NONE', #1544, #313, #2343 ) ;
#2452 = ORIENTED_EDGE ( 'NONE', *, *, #1090, .F. ) ;
#2453 = CARTESIAN_POINT ( 'NONE',  ( 38.25000000000000711, 32.64144846846580350, -54.30042369587209095 ) ) ;
#2454 = CARTESIAN_POINT ( 'NONE',  ( 43.24999999999999289, 25.72485778303724402, -53.18503792495630478 ) ) ;
#2455 = AXIS2_PLACEMENT_3D ( 'NONE', #2387, #3666, #806 ) ;
#2456 = CARTESIAN_POINT ( 'NONE',  ( 43.25000000000000000, 12.62292902902894021, -73.38027465523536819 ) ) ;
#2457 = CARTESIAN_POINT ( 'NONE',  ( 37.25000000000000711, -9.870528157742914033, -7.303470750882923745 ) ) ;
#2458 = EDGE_CURVE ( 'NONE', #1927, #1116, #1135, .T. ) ;
#2459 = CARTESIAN_POINT ( 'NONE',  ( 37.25000000000000000, 10.28183337196234781, -7.772189756706709751 ) ) ;
#2460 = ORIENTED_EDGE ( 'NONE', *, *, #340, .T. ) ;
#2461 = CARTESIAN_POINT ( 'NONE',  ( 34.25000000000000000, -18.04595048245568023, -1.185059412138257606 ) ) ;
#2462 = CARTESIAN_POINT ( 'NONE',  ( 34.25000000000000000, 2.186221322889190062E-15, -18.07499999972614901 ) ) ;
#2463 = DIRECTION ( 'NONE',  ( 1.000000000000000000, 0.000000000000000000, 0.000000000000000000 ) ) ;
#2464 = CARTESIAN_POINT ( 'NONE',  ( 43.25000000000000711, -3.129752302755100413, -13.41507313941762014 ) ) ;
#2465 = APPLICATION_PROTOCOL_DEFINITION ( 'draft international standard', 'automotive_design', 1998, #1899 ) ;
#2466 = CARTESIAN_POINT ( 'NONE',  ( 38.25000000000001421, -12.21024847725690954, -67.84143752458267329 ) ) ;
#2467 = EDGE_LOOP ( 'NONE', ( #3784, #1549 ) ) ;
#2468 = CARTESIAN_POINT ( 'NONE',  ( 43.25000000000000000, 8.427533843866994445, 7.897659204030117230 ) ) ;
#2469 = CARTESIAN_POINT ( 'NONE',  ( 38.24999999999999289, 12.71978375937985284, -70.54257835971205282 ) ) ;
#2470 = CARTESIAN_POINT ( 'NONE',  ( 43.25000000000000000, 12.83725377654744548, 9.234181498704487012 ) ) ;
#2471 = CARTESIAN_POINT ( 'NONE',  ( 41.70000000000000284, 0.2094395102392258845, -11.39999999999999680 ) ) ;
#2472 = ORIENTED_EDGE ( 'NONE', *, *, #4077, .T. ) ;
#2473 = CARTESIAN_POINT ( 'NONE',  ( 37.25000000000000000, 2.298294941814854386, 17.46200931392523259 ) ) ;
#2474 = CARTESIAN_POINT ( 'NONE',  ( 43.25000000000000711, 25.21106374166685171, -52.84177334700670770 ) ) ;
#2475 = B_SPLINE_CURVE_WITH_KNOTS ( 'NONE', 3,
 ( #1790, #2400, #190, #487 ),
 .UNSPECIFIED., .F., .F.,
 ( 4, 4 ),
 ( 0.000000000000000000, 1.000000000000000000 ),
 .UNSPECIFIED. ) ;
#2476 = DIRECTION ( 'NONE',  ( 1.000000000000000000, 0.000000000000000000, 0.000000000000000000 ) ) ;
#2477 = EDGE_CURVE ( 'NONE', #1227, #195, #2627, .T. ) ;
#2478 = VERTEX_POINT ( 'NONE', #2642 ) ;
#2479 = CARTESIAN_POINT ( 'NONE',  ( 41.70000000000000284, 12.65638847056447247, -5.694209631406558891 ) ) ;
#2480 = CARTESIAN_POINT ( 'NONE',  ( 34.24999999999999289, 13.20102235070383934, -12.36078658213975245 ) ) ;
#2481 = CARTESIAN_POINT ( 'NONE',  ( 38.25000000000000000, 16.22058552671646936, -69.47633564693609287 ) ) ;
#2482 = CARTESIAN_POINT ( 'NONE',  ( 37.25000000000000000, -1.205981375489896035, 14.05695922225298844 ) ) ;
#2483 = CARTESIAN_POINT ( 'NONE',  ( 38.25000000000000000, -21.48161892130182338, -58.63057277391632027 ) ) ;
#2484 = CARTESIAN_POINT ( 'NONE',  ( 40.69999999999999574, 12.25987599526357030, -70.00378085113811721 ) ) ;
#2485 = ORIENTED_EDGE ( 'NONE', *, *, #1655, .F. ) ;
#2486 = CARTESIAN_POINT ( 'NONE',  ( 41.69999999999999574, -9.860272027830804475, 5.694209631406690342 ) ) ;
#2487 = CARTESIAN_POINT ( 'NONE',  ( 43.25000000000000000, 11.25833024919771930, 9.650000000000000355 ) ) ;
#2488 = CARTESIAN_POINT ( 'NONE',  ( 43.25000000000000000, -4.782241088969088949, 28.97694873486105038 ) ) ;
#2489 = CARTESIAN_POINT ( 'NONE',  ( 41.69999999999999574, 1.279466947836999546, -13.98327475195986480 ) ) ;
#2490 = EDGE_LOOP ( 'NONE', ( #1937, #3145, #2201, #3165 ) ) ;
#2491 = CARTESIAN_POINT ( 'NONE',  ( 38.75000000000000711, 33.13822542452609099, 4.365872733633663572 ) ) ;
#2492 = CARTESIAN_POINT ( 'NONE',  ( 37.25000000000000000, -9.668268780289986708, -6.290913177217416496 ) ) ;
#2493 = CARTESIAN_POINT ( 'NONE',  ( 37.25000000000000711, 7.779447399906228355, -15.77011355513206681 ) ) ;
#2494 = CARTESIAN_POINT ( 'NONE',  ( 38.75000000000000000, -33.35322323254529664, -50.00000000000000000 ) ) ;
#2495 = ORIENTED_EDGE ( 'NONE', *, *, #136, .T. ) ;
#2496 = CARTESIAN_POINT ( 'NONE',  ( 38.25000000000000000, 32.85322323254529664, -16.66666666666666785 ) ) ;
#2497 = CARTESIAN_POINT ( 'NONE',  ( 43.24999999999999289, -11.99353881666339916, -64.69580704969528995 ) ) ;
#2498 = CARTESIAN_POINT ( 'NONE',  ( -26.04683463006104915, 41.39937260491229409, -10.37404239491490898 ) ) ;
#2499 = CARTESIAN_POINT ( 'NONE',  ( 37.25000000000000711, -1.389011466900228697, 12.19833920983760223 ) ) ;
#2500 = CARTESIAN_POINT ( 'NONE',  ( 38.24999999999999289, -21.37470279050366528, -58.54282448881670575 ) ) ;
#2501 = CARTESIAN_POINT ( 'NONE',  ( 36.91666666666667140, 0.000000000000000000, -19.50000000000000000 ) ) ;
#2502 = ORIENTED_EDGE ( 'NONE', *, *, #3859, .T. ) ;
#2503 = CARTESIAN_POINT ( 'NONE',  ( 43.24999999999999289, -22.08307391787409202, -69.36199260291110136 ) ) ;
#2504 = CARTESIAN_POINT ( 'NONE',  ( 43.25000000000000711, 12.07319547100247448, 9.550091886421053999 ) ) ;
#2505 = EDGE_CURVE ( 'NONE', #3541, #814, #3346, .T. ) ;
#2506 = CARTESIAN_POINT ( 'NONE',  ( 41.69999999999998863, 0.8057903685933469617, -11.60194177863318288 ) ) ;
#2507 = CARTESIAN_POINT ( 'NONE',  ( 38.75000000000000000, 33.35322323254530374, -16.66666666666665009 ) ) ;
#2508 = CARTESIAN_POINT ( 'NONE',  ( 36.91666666666667140, -4.091063670204376969E-14, 19.50000000000000000 ) ) ;
#2509 = CARTESIAN_POINT ( 'NONE',  ( 38.25000000000002132, -19.37430128635111970, -2.552512472701154778 ) ) ;
#2510 = EDGE_CURVE ( 'NONE', #2478, #361, #1952, .T. ) ;
#2511 = AXIS2_PLACEMENT_3D ( 'NONE', #2792, #3845, #3183 ) ;
#2512 = CARTESIAN_POINT ( 'NONE',  ( 37.25000000000000711, 9.709291040870859035, 6.915319646455563962 ) ) ;
#2513 = MANIFOLD_SURFACE_SHAPE_REPRESENTATION ( 'ASV1_400_01A_1_1.STEP', ( #2265, #1388 ), #3573 ) ;
#2514 = VERTEX_POINT ( 'NONE', #868 ) ;
#2515 = CARTESIAN_POINT ( 'NONE',  ( 41.69999999999999574, 11.67712686417250723, -8.058356282669308257 ) ) ;
#2516 = CARTESIAN_POINT ( 'NONE',  ( 40.70000000000000284, -12.99239457201604964, -67.04235930837904789 ) ) ;
#2517 = CARTESIAN_POINT ( 'NONE',  ( 40.70000000000000284, -23.07512005776192510, -59.07100004334071031 ) ) ;
#2518 = CARTESIAN_POINT ( 'NONE',  ( 38.25000000000000000, -21.17210948214982835, -58.33973475696687672 ) ) ;
#2519 = EDGE_LOOP ( 'NONE', ( #3499, #1954, #2093, #422 ) ) ;
#2520 = FILL_AREA_STYLE_COLOUR ( '', #3774 ) ;
#2521 = CARTESIAN_POINT ( 'NONE',  ( 43.25000000000000000, -0.9627705922137319572, -79.35313374415352428 ) ) ;
#2522 = B_SPLINE_CURVE_WITH_KNOTS ( 'NONE', 3,
 ( #3426, #1870, #3116, #275, #925, #3448, #614, #1567, #1151, #1980, #3858, #3832, #1722, #1096, #3058, #451, #2067, #3036 ),
 .UNSPECIFIED., .F., .F.,
 ( 4, 2, 2, 2, 2, 2, 2, 2, 4 ),
 ( 0.000000000000000000, 0.1249999999999999167, 0.2499999999999998335, 0.3749999999999997780, 0.4999999999999996669, 0.6249999999999995559, 0.7499999999999995559, 0.8749999999999997780, 1.000000000000000000 ),
 .UNSPECIFIED. ) ;
#2523 = CARTESIAN_POINT ( 'NONE',  ( 37.24999999999999289, 1.056760133894231179, -14.20578276087683989 ) ) ;
#2524 = CARTESIAN_POINT ( 'NONE',  ( 43.25000000000000000, -3.565146807082729798E-15, 29.35322323254530019 ) ) ;
#2525 = CARTESIAN_POINT ( 'NONE',  ( 40.70000000000000284, -21.47241026793178875, -58.64028375449679231 ) ) ;
#2526 = DIRECTION ( 'NONE',  ( 0.000000000000000000, 0.000000000000000000, -1.000000000000000000 ) ) ;
#2527 = ADVANCED_FACE ( 'NONE', ( #2431 ), #3331, .F. ) ;
#2528 = ORIENTED_EDGE ( 'NONE', *, *, #1312, .F. ) ;
#2529 = CARTESIAN_POINT ( 'NONE',  ( 38.25000000000000000, -5.056010085927959530, 18.87632464937484045 ) ) ;
#2530 = CARTESIAN_POINT ( 'NONE',  ( 37.24999999999999289, -12.46411278319983751, -7.556760267698303224 ) ) ;
#2531 = CARTESIAN_POINT ( 'NONE',  ( 43.24999999999997868, 18.83869403833607592, -69.22726931927843452 ) ) ;
#2532 = CARTESIAN_POINT ( 'NONE',  ( 37.25000000000000000, 15.77114789200794220, -7.777512291696394797 ) ) ;
#2533 = B_SPLINE_CURVE_WITH_KNOTS ( 'NONE', 3,
 ( #1685, #2650, #3297, #1399 ),
 .UNSPECIFIED., .F., .F.,
 ( 4, 4 ),
 ( 0.000000000000000000, 1.000000000000000000 ),
 .UNSPECIFIED. ) ;
#2534 = CARTESIAN_POINT ( 'NONE',  ( 34.25000000000000000, 0.000000000000000000, 0.000000000000000000 ) ) ;
#2535 = EDGE_LOOP ( 'NONE', ( #2880, #191 ) ) ;
#2536 = CARTESIAN_POINT ( 'NONE',  ( 41.69999999999999574, 12.06412061779110090, -7.898058221366813569 ) ) ;
#2537 = CARTESIAN_POINT ( 'NONE',  ( 43.25000000000000000, -14.07517537981347999, -64.22100004334070888 ) ) ;
#2538 = CARTESIAN_POINT ( 'NONE',  ( 37.25000000000000000, -1.518662292446731676, 13.51499389999788825 ) ) ;
#2539 = CARTESIAN_POINT ( 'NONE',  ( 38.25000000000000000, -22.50949902061397978, -54.77100004334067762 ) ) ;
#2540 = B_SPLINE_CURVE_WITH_KNOTS ( 'NONE', 3,
 ( #2663, #1438, #2651, #2398, #3937, #2057, #3657, #3298, #749, #1686, #1366, #2631, #466, #1417, #3953, #1106, #3636, #2698, #2076, #2330, #3256, #3320, #3898, #485, #3581, #1768, #3976, #1125, #1215, #2800, #3357, #3090 ),
 .UNSPECIFIED., .F., .F.,
 ( 4, 2, 2, 2, 2, 2, 2, 2, 2, 2, 2, 2, 2, 2, 2, 4 ),
 ( 0.000000000000000000, 0.06249999999999990286, 0.1249999999999998057, 0.1874999999999997224, 0.2499999999999995559, 0.3124999999999995559, 0.3749999999999995559, 0.4374999999999996114, 0.4999999999999996669, 0.5624999999999996669, 0.6249999999999996669, 0.6874999999999996669, 0.7499999999999996669, 0.8124999999999997780, 0.8749999999999997780, 1.000000000000000000 ),
 .UNSPECIFIED. ) ;
#2541 = ORIENTED_EDGE ( 'NONE', *, *, #2236, .T. ) ;
#2542 = FILL_AREA_STYLE ('',( #2520 ) ) ;
#2543 = FACE_BOUND ( 'NONE', #3796, .T. ) ;
#2544 = CARTESIAN_POINT ( 'NONE',  ( 38.25000000000001421, -24.75118510827006801, 21.71028875486634035 ) ) ;
#2545 = CARTESIAN_POINT ( 'NONE',  ( 37.25000000000000711, -11.46976104964293874, 8.100000000000127542 ) ) ;
#2546 = FACE_BOUND ( 'NONE', #3973, .T. ) ;
#2547 = CARTESIAN_POINT ( 'NONE',  ( 39.08333333333332149, -33.35322323254529664, -50.00000000000000711 ) ) ;
#2548 = ORIENTED_EDGE ( 'NONE', *, *, #2552, .F. ) ;
#2549 = CARTESIAN_POINT ( 'NONE',  ( 39.24999999999999289, -25.12787851416625173, 22.04070213015672053 ) ) ;
#2550 = CARTESIAN_POINT ( 'NONE',  ( 43.24999999999999289, 15.35849083658957070, -64.37197647131650058 ) ) ;
#2551 = CARTESIAN_POINT ( 'NONE',  ( 38.25000000000000711, 20.72092858467013698, -57.20471007226561255 ) ) ;
#2552 = EDGE_CURVE ( 'NONE', #202, #659, #3204, .T. ) ;
#2553 = CARTESIAN_POINT ( 'NONE',  ( 41.69999999999998863, -12.24160500115762851, -5.220533052162811494 ) ) ;
#2554 = CARTESIAN_POINT ( 'NONE',  ( 43.25000000000000000, 10.40261817684846868, -71.78886359593572308 ) ) ;
#2555 = CARTESIAN_POINT ( 'NONE',  ( 37.25000000000000000, 16.45764469248953787, -6.193232096424434729 ) ) ;
#2556 = CYLINDRICAL_SURFACE ( 'NONE', #731, 1.600000000000000755 ) ;
#2557 = ORIENTED_EDGE ( 'NONE', *, *, #775, .F. ) ;
#2558 = CARTESIAN_POINT ( 'NONE',  ( 41.70000000000000284, 11.46776975943697607, -4.899999999999996803 ) ) ;
#2559 = CARTESIAN_POINT ( 'NONE',  ( 43.24999999999999289, -9.526125127822542282, -70.14083926583323603 ) ) ;
#2560 = CYLINDRICAL_SURFACE ( 'NONE', #1188, 2.149999999999999023 ) ;
#2561 = CARTESIAN_POINT ( 'NONE',  ( 38.25000000000000000, 14.13851673022521993, -66.77100004334070604 ) ) ;
#2562 = EDGE_LOOP ( 'NONE', ( #1407, #1285, #2804, #462 ) ) ;
#2563 = CARTESIAN_POINT ( 'NONE',  ( 34.25000000000000000, 2.388061258337340122E-15, 19.50000000000000000 ) ) ;
#2564 = CARTESIAN_POINT ( 'NONE',  ( 37.24999999999999289, 12.01986833355829098, 12.83483376862090175 ) ) ;
#2565 = CARTESIAN_POINT ( 'NONE',  ( 42.39999999999999147, 14.13851673022521993, -72.77100004334069183 ) ) ;
#2566 = B_SPLINE_CURVE_WITH_KNOTS ( 'NONE', 3,
 ( #709, #1572, #2826, #1016 ),
 .UNSPECIFIED., .F., .F.,
 ( 4, 4 ),
 ( 0.000000000000000000, 1.000000000000000000 ),
 .UNSPECIFIED. ) ;
#2567 = CARTESIAN_POINT ( 'NONE',  ( 43.25000000000000711, -2.506570108181275458, 14.91956804538994064 ) ) ;
#2568 = B_SPLINE_CURVE_WITH_KNOTS ( 'NONE', 3,
 ( #2304, #3553, #2019, #723 ),
 .UNSPECIFIED., .F., .F.,
 ( 4, 4 ),
 ( 0.000000000000000000, 1.000000000000000000 ),
 .UNSPECIFIED. ) ;
#2569 = CARTESIAN_POINT ( 'NONE',  ( 38.75000000000000000, 33.35322323254530374, -33.33333333333332860 ) ) ;
#2570 = ORIENTED_EDGE ( 'NONE', *, *, #166, .T. ) ;
#2571 = CARTESIAN_POINT ( 'NONE',  ( 39.25000000000000000, -33.35322323254531085, 2.182963355852180154 ) ) ;
#2572 = CARTESIAN_POINT ( 'NONE',  ( 38.25000000000000711, -16.92271618095897878, 9.772438145944486010 ) ) ;
#2573 = CARTESIAN_POINT ( 'NONE',  ( 34.74999999928449057, 1.150281060142475775, -17.57499999999998863 ) ) ;
#2574 = CARTESIAN_POINT ( 'NONE',  ( 39.25000000000000000, -4.084591807298374691E-15, 33.35322323254529664 ) ) ;
#2575 = CARTESIAN_POINT ( 'NONE',  ( 37.25000000000000000, 17.34965530850705306, -2.863503675607824484 ) ) ;
#2576 = B_SPLINE_CURVE_WITH_KNOTS ( 'NONE', 3,
 ( #1775, #2066, #2045, #3606, #3259, #2707, #3902, #2638, #823, #1405, #2105, #570, #1846, #3280, #450, #1735, #2975, #251, #2029, #1063, #752, #430, #1716, #2953, #112, #3926, #135, #2667, #1911, #2822, #3831, #3511 ),
 .UNSPECIFIED., .F., .F.,
 ( 4, 2, 2, 2, 2, 2, 2, 2, 2, 2, 2, 2, 2, 2, 2, 4 ),
 ( 0.000000000000000000, 0.06249999999999984734, 0.1249999999999996947, 0.1874999999999995559, 0.2499999999999995004, 0.3124999999999996114, 0.3749999999999997224, 0.4374999999999998890, 0.5000000000000000000, 0.5625000000000002220, 0.6250000000000002220, 0.6875000000000003331, 0.7500000000000003331, 0.8125000000000004441, 0.8750000000000005551, 1.000000000000000000 ),
 .UNSPECIFIED. ) ;
#2577 = B_SPLINE_CURVE_WITH_KNOTS ( 'NONE', 3,
 ( #3920, #747, #126, #2023, #465, #1400, #1748, #3237, #425, #2947, #2909, #149, #1983, #3537, #3214, #379, #1660, #2612 ),
 .UNSPECIFIED., .F., .F.,
 ( 4, 2, 2, 2, 2, 2, 2, 2, 4 ),
 ( 0.000000000000000000, 0.1250000000000000000, 0.2500000000000000000, 0.3750000000000000000, 0.5000000000000000000, 0.6250000000000000000, 0.7500000000000000000, 0.8750000000000000000, 1.000000000000000000 ),
 .UNSPECIFIED. ) ;
#2578 = ORIENTED_EDGE ( 'NONE', *, *, #3016, .F. ) ;
#2579 = EDGE_CURVE ( 'NONE', #3343, #309, #3869, .T. ) ;
#2580 = CARTESIAN_POINT ( 'NONE',  ( 38.25000000000000711, 12.88612163632423346, 14.69104282995111888 ) ) ;
#2581 = CARTESIAN_POINT ( 'NONE',  ( 43.25000000000000000, 14.13851673022521993, -68.92100004334069752 ) ) ;
#2582 = AXIS2_PLACEMENT_3D ( 'NONE', #986, #3894, #1472 ) ;
#2583 = CARTESIAN_POINT ( 'NONE',  ( 43.25000000000000000, -22.79368571587784942, -56.92100004334069752 ) ) ;
#2584 = FACE_OUTER_BOUND ( 'NONE', #3206, .T. ) ;
#2585 = CARTESIAN_POINT ( 'NONE',  ( 38.25000000000001421, -16.00646594734184802, -69.87621428237250143 ) ) ;
#2586 = CARTESIAN_POINT ( 'NONE',  ( 41.69999999999999574, 10.45253988060421868, -5.101941778633187319 ) ) ;
#2587 = VERTEX_POINT ( 'NONE', #1118 ) ;
#2588 = CARTESIAN_POINT ( 'NONE',  ( 37.25000000000000000, 12.77673285796110036, -5.985114027403843906 ) ) ;
#2589 = CARTESIAN_POINT ( 'NONE',  ( 43.25000000000000711, 22.08133469815492944, -69.36411184830575394 ) ) ;
#2590 = CARTESIAN_POINT ( 'NONE',  ( 37.25000000000000711, -12.64613205503232862, 7.303471175883500699 ) ) ;
#2591 = CARTESIAN_POINT ( 'NONE',  ( 43.25000000000000000, 14.13851673022521993, -73.62100004334071457 ) ) ;
#2592 = B_SPLINE_CURVE_WITH_KNOTS ( 'NONE', 3,
 ( #57, #1946, #730, #1989, #1579, #3886, #2596, #1599, #2893, #695, #1019, #347, #3199, #3844, #3220, #1286, #2831, #1270 ),
 .UNSPECIFIED., .F., .F.,
 ( 4, 2, 2, 2, 2, 2, 2, 2, 4 ),
 ( 0.000000000000000000, 0.1250000000000000000, 0.2500000000000000000, 0.3750000000000000000, 0.5000000000000000000, 0.6250000000000000000, 0.7500000000000000000, 0.8750000000000000000, 1.000000000000000000 ),
 .UNSPECIFIED. ) ;
#2593 = CARTESIAN_POINT ( 'NONE',  ( 43.25000000000001421, -2.989969635254236646, 11.98661896641865177 ) ) ;
#2594 = CARTESIAN_POINT ( 'NONE',  ( 34.25000000000000000, -2.552512472701128576, 19.37430128635113036 ) ) ;
#2595 = CARTESIAN_POINT ( 'NONE',  ( 34.25000000000000000, 2.388061258337340122E-15, 19.50000000000000000 ) ) ;
#2596 = CARTESIAN_POINT ( 'NONE',  ( 41.70000000000000284, -1.398058221366902609, -13.80579036859344555 ) ) ;
#2597 = CARTESIAN_POINT ( 'NONE',  ( 43.25000000000000000, 18.21773759393719772, -66.56689234297616053 ) ) ;
#2598 = CARTESIAN_POINT ( 'NONE',  ( 34.74999999928449057, 13.97401651959579461, -10.72057059243517863 ) ) ;
#2599 = CARTESIAN_POINT ( 'NONE',  ( 41.69999999999999574, -12.06412061779120215, -5.101941778633086066 ) ) ;
#2600 = CARTESIAN_POINT ( 'NONE',  ( 37.24999999999999289, -10.45075060252656840, -5.102987913303150158 ) ) ;
#2601 = CARTESIAN_POINT ( 'NONE',  ( 37.25000000000000000, -2.298294941901765309, -17.46200931389150313 ) ) ;
#2602 = CARTESIAN_POINT ( 'NONE',  ( 34.74999999928448347, -17.01289260065448516, 4.556891141547910529 ) ) ;
#2603 = ORIENTED_EDGE ( 'NONE', *, *, #2552, .T. ) ;
#2604 = CARTESIAN_POINT ( 'NONE',  ( 40.70000000000000995, 14.70127468159766693, -66.82695878850383053 ) ) ;
#2605 = CARTESIAN_POINT ( 'NONE',  ( 43.25000000000000711, 8.268360613943940507, -7.513381033586278512 ) ) ;
#2606 = CARTESIAN_POINT ( 'NONE',  ( 38.25000000000000000, -15.15473877438126316, -67.05607350763044394 ) ) ;
#2607 = B_SPLINE_CURVE_WITH_KNOTS ( 'NONE', 3,
 ( #817, #169, #2096, #3921, #1077, #2362, #2929, #1379, #108, #2378, #1729, #798, #2681, #93, #3277, #403, #150, #2349, #1092, #2024, #3618, #2041, #426, #2988, #1751, #780, #3599, #1056, #1709, #3004 ),
 .UNSPECIFIED., .F., .F.,
 ( 4, 2, 2, 2, 2, 2, 2, 2, 2, 2, 2, 2, 2, 2, 4 ),
 ( 0.000000000000000000, 0.06250000000000012490, 0.1250000000000002498, 0.1875000000000003886, 0.2500000000000004996, 0.3125000000000006106, 0.3750000000000007772, 0.4375000000000008882, 0.5000000000000009992, 0.5625000000000011102, 0.6250000000000012212, 0.6875000000000013323, 0.7500000000000015543, 0.8750000000000007772, 1.000000000000000000 ),
 .UNSPECIFIED. ) ;
#2608 = EDGE_CURVE ( 'NONE', #1241, #794, #240, .T. ) ;
#2609 = ORIENTED_EDGE ( 'NONE', *, *, #1781, .T. ) ;
#2610 = FACE_OUTER_BOUND ( 'NONE', #1197, .T. ) ;
#2611 = CARTESIAN_POINT ( 'NONE',  ( 43.25000000000000000, 22.85702706628955028, -56.92100004334069752 ) ) ;
#2612 = CARTESIAN_POINT ( 'NONE',  ( 41.70000000000000284, -1.959434878635764984E-16, 11.40000000000000036 ) ) ;
#2613 = CARTESIAN_POINT ( 'NONE',  ( 39.24999999999999289, -33.35322323254529664, -33.33333333333334281 ) ) ;
#2614 = CARTESIAN_POINT ( 'NONE',  ( 43.25000000000001421, -3.150175881066203054, 13.20796984712407429 ) ) ;
#2615 = CARTESIAN_POINT ( 'NONE',  ( 43.24999999999997868, 9.438339422116353461, -68.61473076742396415 ) ) ;
#2616 = CARTESIAN_POINT ( 'NONE',  ( 43.25000000000000711, -15.29514948614391834, -73.47002361539065873 ) ) ;
#2617 = CARTESIAN_POINT ( 'NONE',  ( 43.25000000000000000, 17.24522814394955361, -65.38115846533531794 ) ) ;
#2618 = DIRECTION ( 'NONE',  ( 0.000000000000000000, 0.000000000000000000, -1.000000000000000000 ) ) ;
#2619 = CARTESIAN_POINT ( 'NONE',  ( 37.25000000000000000, 0.2093391866823231251, 11.41004266951276236 ) ) ;
#2620 = CARTESIAN_POINT ( 'NONE',  ( 43.24999999999999289, -19.25359338648054575, -53.81403787814483763 ) ) ;
#2621 = CARTESIAN_POINT ( 'NONE',  ( 37.25000000000000711, -12.01996959007490418, 12.83493502515746876 ) ) ;
#2622 = CARTESIAN_POINT ( 'NONE',  ( 34.74999999928449057, -17.01289260065451714, -4.556891141547798618 ) ) ;
#2623 = CARTESIAN_POINT ( 'NONE',  ( 43.25000000000000000, 14.13851673022521993, -68.92100004334069752 ) ) ;
#2624 = CARTESIAN_POINT ( 'NONE',  ( 38.75000000000000000, 0.000000000000000000, -50.00000000000000000 ) ) ;
#2625 = CARTESIAN_POINT ( 'NONE',  ( 43.25000000000000000, 11.25833024919765890, -3.350000000000000089 ) ) ;
#2626 = CARTESIAN_POINT ( 'NONE',  ( 38.25000000000000711, -15.94159219701586316, -67.84366701265267352 ) ) ;
#2627 = B_SPLINE_CURVE_WITH_KNOTS ( 'NONE', 3,
 ( #2936, #1068, #3548, #2321 ),
 .UNSPECIFIED., .F., .F.,
 ( 4, 4 ),
 ( 0.000000000000000000, 1.000000000000000000 ),
 .UNSPECIFIED. ) ;
#2628 = VERTEX_POINT ( 'NONE', #3675 ) ;
#2629 = CARTESIAN_POINT ( 'NONE',  ( 37.25000000000000000, 12.85818967281582736, -6.605374910090628049 ) ) ;
#2630 = CARTESIAN_POINT ( 'NONE',  ( 39.24999999999999289, -31.64974419757326984, -60.74693078237550736 ) ) ;
#2631 = CARTESIAN_POINT ( 'NONE',  ( 43.25000000000000711, -8.525657768526919256, -4.918818068327212245 ) ) ;
#2632 = CARTESIAN_POINT ( 'NONE',  ( 40.70000000000000284, 23.93980787408698063, -55.04235930837903368 ) ) ;
#2633 = CARTESIAN_POINT ( 'NONE',  ( 34.58333333285632705, -3.722168612743717618E-14, -17.74166666657536950 ) ) ;
#2634 = B_SPLINE_CURVE_WITH_KNOTS ( 'NONE', 3,
 ( #2419, #2118, #550, #3724, #1479, #4014, #1169, #876, #2160, #797, #1843, #3089, #1416, #2680, #168, #1437, #4058, #3762, #4081, #1932, #1564, #985, #680, #962, #1887, #3111, #630, #248, #2863, #271, #2820, #3787 ),
 .UNSPECIFIED., .F., .F.,
 ( 4, 2, 2, 2, 2, 2, 2, 2, 2, 2, 2, 2, 2, 2, 2, 4 ),
 ( 0.000000000000000000, 0.06249999999999995837, 0.1249999999999998890, 0.1874999999999998335, 0.2499999999999997502, 0.3124999999999996669, 0.3749999999999996669, 0.4374999999999996114, 0.4999999999999995559, 0.5624999999999995559, 0.6249999999999994449, 0.6874999999999994449, 0.7499999999999994449, 0.8124999999999993339, 0.8749999999999995559, 1.000000000000000000 ),
 .UNSPECIFIED. ) ;
#2635 = EDGE_CURVE ( 'NONE', #1792, #2689, #443, .T. ) ;
#2636 = FACE_OUTER_BOUND ( 'NONE', #2390, .T. ) ;
#2637 = CARTESIAN_POINT ( 'NONE',  ( 43.25000000000000711, 16.22015329327975053, -64.69580704963280482 ) ) ;
#2638 = CARTESIAN_POINT ( 'NONE',  ( 43.25000000000000711, 13.17789829280677338, -3.993429890185866693 ) ) ;
#2639 = CARTESIAN_POINT ( 'NONE',  ( 43.25000000000000000, -11.25833024919776015, -9.649999999999890221 ) ) ;
#2640 = CARTESIAN_POINT ( 'NONE',  ( 38.25000000000001421, 13.18330190731201235, -66.98970972038731020 ) ) ;
#2641 = CARTESIAN_POINT ( 'NONE',  ( 43.25000000000000711, -22.48652470795368430, -52.22100004334069467 ) ) ;
#2642 = CARTESIAN_POINT ( 'NONE',  ( 37.25000000000000000, -2.099173126056989973E-15, -17.57499999999999929 ) ) ;
#2643 = CARTESIAN_POINT ( 'NONE',  ( 34.74999999928449057, -11.61403014145628454, 13.24077321725083678 ) ) ;
#2644 = CARTESIAN_POINT ( 'NONE',  ( 42.73333333333333428, 11.25833024919771574, 9.133333333333332860 ) ) ;
#2645 = CARTESIAN_POINT ( 'NONE',  ( 34.25000000000000711, 1.276272015520815817, 19.50000000000000711 ) ) ;
#2646 = FACE_BOUND ( 'NONE', #2437, .T. ) ;
#2647 = CARTESIAN_POINT ( 'NONE',  ( 43.25000000000000000, 9.178125144337231589, -8.874318883226209209 ) ) ;
#2648 = CARTESIAN_POINT ( 'NONE',  ( 34.25000000000000000, -2.510842143792649962E-15, 18.07499999972614901 ) ) ;
#2649 = ORIENTED_EDGE ( 'NONE', *, *, #2037, .T. ) ;
#2650 = CARTESIAN_POINT ( 'NONE',  ( 41.55000000000000426, 22.85702706628955028, -59.92100004334070462 ) ) ;
#2651 = CARTESIAN_POINT ( 'NONE',  ( 43.25000000000000000, -10.84528263137634951, -3.369981622715687131 ) ) ;
#2652 = CARTESIAN_POINT ( 'NONE',  ( 43.25000000000000000, 22.23910982550701831, -52.22100004334070888 ) ) ;
#2653 = CARTESIAN_POINT ( 'NONE',  ( 43.25000000000000000, 0.000000000000000000, 13.00000000000000000 ) ) ;
#2654 = CARTESIAN_POINT ( 'NONE',  ( 41.69999999999998863, -10.83953363422291361, -8.058356282669208781 ) ) ;
#2655 = EDGE_CURVE ( 'NONE', #3094, #1274, #597, .T. ) ;
#2656 = CARTESIAN_POINT ( 'NONE',  ( 37.25000000000000000, -16.01672087528916322, 7.258090551205229168 ) ) ;
#2657 = CARTESIAN_POINT ( 'NONE',  ( 34.74999999928448347, -10.72057059243519461, -13.97401651959577507 ) ) ;
#2658 = CARTESIAN_POINT ( 'NONE',  ( 43.24999999999997868, -13.33878379848693818, 8.874567905970128123 ) ) ;
#2659 = CARTESIAN_POINT ( 'NONE',  ( 40.70000000000000284, 14.70127468159767403, -71.01504129817757871 ) ) ;
#2660 = CARTESIAN_POINT ( 'NONE',  ( 38.25000000000000711, -15.78623839189979172, -67.61116361266391550 ) ) ;
#2661 = ORIENTED_EDGE ( 'NONE', *, *, #2579, .T. ) ;
#2662 = CARTESIAN_POINT ( 'NONE',  ( 39.24999999999999289, 20.34512569842111063, -76.51940212992062129 ) ) ;
#2663 = CARTESIAN_POINT ( 'NONE',  ( 43.25000000000000000, -11.25833024919776015, -3.349999999999900169 ) ) ;
#2664 = CARTESIAN_POINT ( 'NONE',  ( 43.25000000000000711, 18.77780620257025390, -59.27510774369650903 ) ) ;
#2665 = CARTESIAN_POINT ( 'NONE',  ( 43.25000000000001421, -15.30600297963387035, -64.34319630105680687 ) ) ;
#2666 = CARTESIAN_POINT ( 'NONE',  ( 43.24999999999999289, 18.59811852209773519, -67.40527597380683744 ) ) ;
#2667 = CARTESIAN_POINT ( 'NONE',  ( 43.25000000000001421, 12.83951174741680035, -9.232672914712354739 ) ) ;
#2668 = ORIENTED_EDGE ( 'NONE', *, *, #2608, .F. ) ;
#2669 = CARTESIAN_POINT ( 'NONE',  ( 38.25000000000000711, 14.55894550857945902, -79.52955989786742919 ) ) ;
#2670 = CARTESIAN_POINT ( 'NONE',  ( 37.25000000000000000, -15.77011355510234125, -7.779447399948689501 ) ) ;
#2671 = ADVANCED_FACE ( 'NONE', ( #2200 ), #2556, .F. ) ;
#2672 = CARTESIAN_POINT ( 'NONE',  ( 38.75000000000000000, 33.35322323254529664, -50.00000000000000000 ) ) ;
#2673 = B_SPLINE_CURVE_WITH_KNOTS ( 'NONE', 3,
 ( #3901, #1062, #3009, #3279, #3643, #805, #3925, #153, #2333, #1080, #2351, #95, #1369, #1133, #2366, #3584, #3604, #2385 ),
 .UNSPECIFIED., .F., .F.,
 ( 4, 2, 2, 2, 2, 2, 2, 2, 4 ),
 ( 0.000000000000000000, 0.1250000000000001110, 0.2500000000000002220, 0.3750000000000003331, 0.5000000000000004441, 0.6250000000000005551, 0.7500000000000006661, 0.8750000000000003331, 1.000000000000000000 ),
 .UNSPECIFIED. ) ;
#2674 = EDGE_CURVE ( 'NONE', #1792, #1013, #1537, .T. ) ;
#2675 = CARTESIAN_POINT ( 'NONE',  ( 37.25000000000000000, 9.739667956751222988, -5.985006100001551310 ) ) ;
#2676 = ORIENTED_EDGE ( 'NONE', *, *, #1508, .F. ) ;
#2677 = CARTESIAN_POINT ( 'NONE',  ( 38.25000000000001421, 14.55894550857956204, 29.52955989786739721 ) ) ;
#2678 = ADVANCED_FACE ( 'NONE', ( #3803 ), #1657, .F. ) ;
#2679 = CARTESIAN_POINT ( 'NONE',  ( 39.25000000000000000, -14.78052111176344319, -79.97897637808384275 ) ) ;
#2680 = CARTESIAN_POINT ( 'NONE',  ( 43.25000000000000711, 2.989969635253891145, -11.98661896641778846 ) ) ;
#2681 = CARTESIAN_POINT ( 'NONE',  ( 43.25000000000000000, -27.01855152960488127, -59.00250023805993749 ) ) ;
#2682 = CARTESIAN_POINT ( 'NONE',  ( 43.24999999999999289, 3.149824118933712391, 13.20796984712299071 ) ) ;
#2683 = CARTESIAN_POINT ( 'NONE',  ( 43.25000000000000000, 22.85702706628955028, -61.62100004334070036 ) ) ;
#2684 = CARTESIAN_POINT ( 'NONE',  ( 37.25000000000000000, -10.54862923858406809, 5.061988104523442722 ) ) ;
#2685 = CARTESIAN_POINT ( 'NONE',  ( 39.25000000000000000, -33.35322323254529664, -5.935422469980449725E-15 ) ) ;
#2686 = FACE_OUTER_BOUND ( 'NONE', #1189, .T. ) ;
#2687 = CARTESIAN_POINT ( 'NONE',  ( 41.70000000000000284, -9.699973966528455449, -6.081203385025051311 ) ) ;
#2688 = CARTESIAN_POINT ( 'NONE',  ( 37.25000000000000711, 0.9825463401576862710, 14.28059297122392479 ) ) ;
#2689 = VERTEX_POINT ( 'NONE', #2858 ) ;
#2690 = CARTESIAN_POINT ( 'NONE',  ( 38.25000000000001421, 4.300423695872043872, -82.64144846846582482 ) ) ;
#2691 = CARTESIAN_POINT ( 'NONE',  ( 41.69999999999998863, -1.558356282669305592, 12.58120338502514102 ) ) ;
#2692 = CARTESIAN_POINT ( 'NONE',  ( 43.24999999999999289, 27.40607731827088500, -58.14083926586702233 ) ) ;
#2693 = ADVANCED_FACE ( 'NONE', ( #2237 ), #2217, .F. ) ;
#2694 = ORIENTED_EDGE ( 'NONE', *, *, #166, .F. ) ;
#2695 = CARTESIAN_POINT ( 'NONE',  ( 34.24999999999998579, -17.84367439534924671, -2.943551286603593997 ) ) ;
#2696 = AXIS2_PLACEMENT_3D ( 'NONE', #3412, #2152, #3389 ) ;
#2697 = CARTESIAN_POINT ( 'NONE',  ( 34.25000000000000000, 16.21878169205886522, 8.000738406611587195 ) ) ;
#2698 = CARTESIAN_POINT ( 'NONE',  ( 43.25000000000001421, -8.108154368131060608, -6.707969847123483653 ) ) ;
#2699 = CARTESIAN_POINT ( 'NONE',  ( 40.70000000000000284, 14.13851673022521993, -71.07100004334070320 ) ) ;
#2700 = CARTESIAN_POINT ( 'NONE',  ( 37.25000000000000000, 12.64734143258826649, 7.301661217073959875 ) ) ;
#2701 = AXIS2_PLACEMENT_3D ( 'NONE', #2128, #2708, #3668 ) ;
#2702 = ORIENTED_EDGE ( 'NONE', *, *, #2510, .F. ) ;
#2703 = CARTESIAN_POINT ( 'NONE',  ( 43.25000000000000000, -11.46672572707933391, 3.350000000000129763 ) ) ;
#2704 = CARTESIAN_POINT ( 'NONE',  ( 43.25000000000000711, -18.15439624350731407, -71.27510774371675950 ) ) ;
#2705 = AXIS2_PLACEMENT_3D ( 'NONE', #2060, #3300, #2381 ) ;
#2706 = B_SPLINE_CURVE_WITH_KNOTS ( 'NONE', 3,
 ( #1506, #3558, #32, #1304, #726, #995, #1917, #2006, #2523, #4103, #2247, #972, #2847, #3496, #13, #75, #663, #3478, #321, #2871, #2268, #1985, #3793, #1662, #1037, #1283, #3539, #2309, #1593, #1327 ),
 .UNSPECIFIED., .F., .F.,
 ( 4, 2, 2, 2, 2, 2, 2, 2, 2, 2, 2, 2, 2, 2, 4 ),
 ( 0.000000000000000000, 0.06250000000000000000, 0.1249999999999999722, 0.1874999999999999445, 0.2499999999999999167, 0.3124999999999998890, 0.3749999999999998890, 0.4374999999999998890, 0.4999999999999998890, 0.5624999999999998890, 0.6249999999999998890, 0.6874999999999998890, 0.7499999999999998890, 0.8750000000000000000, 1.000000000000000000 ),
 .UNSPECIFIED. ) ;
#2707 = CARTESIAN_POINT ( 'NONE',  ( 43.25000000000000711, 12.65598945203498005, -3.669203593577929468 ) ) ;
#2708 = DIRECTION ( 'NONE',  ( 1.000000000000000000, 0.000000000000000000, 0.000000000000000000 ) ) ;
#2709 = ORIENTED_EDGE ( 'NONE', *, *, #4002, .T. ) ;
#2710 = CARTESIAN_POINT ( 'NONE',  ( 38.25000000000000711, 28.51106525097694444, -66.46441497102345863 ) ) ;
#2711 = CARTESIAN_POINT ( 'NONE',  ( 41.70000000000000284, 12.53779719703481099, 7.483274751959868354 ) ) ;
#2712 = B_SPLINE_CURVE_WITH_KNOTS ( 'NONE', 3,
 ( #2595, #1920, #2508, #2214 ),
 .UNSPECIFIED., .F., .F.,
 ( 4, 4 ),
 ( 0.000000000000000000, 1.000000000000000000 ),
 .UNSPECIFIED. ) ;
#2713 = CARTESIAN_POINT ( 'NONE',  ( 38.25000000000000711, 8.641448524175901369, -17.52724272843906306 ) ) ;
#2714 = CARTESIAN_POINT ( 'NONE',  ( 38.73333333333333428, 11.25833024919771930, 4.899999999999999467 ) ) ;
#2715 = CARTESIAN_POINT ( 'NONE',  ( 43.24999999999999289, 27.52659203405481136, -57.53479347219673912 ) ) ;
#2716 = B_SPLINE_CURVE_WITH_KNOTS ( 'NONE', 3,
 ( #1700, #3571, #2939, #1359, #3592, #3875, #66, #3891, #2580, #417, #436, #3912, #1028, #982, #1071, #354, #1007, #3370, #1101, #543, #3966, #1431, #2091, #1119, #3649, #499, #3931, #3289, #2713, #3042, #3629, #1142, #3017, #3674 ),
 .UNSPECIFIED., .F., .F.,
 ( 4, 2, 2, 2, 2, 2, 2, 2, 2, 2, 2, 2, 2, 2, 2, 2, 4 ),
 ( 0.000000000000000000, 0.06250000000000000000, 0.1250000000000000000, 0.1875000000000000000, 0.2500000000000000000, 0.3125000000000000000, 0.3750000000000000000, 0.4375000000000000000, 0.5000000000000000000, 0.5625000000000000000, 0.6250000000000000000, 0.6875000000000000000, 0.7500000000000000000, 0.8125000000000000000, 0.8750000000000000000, 0.9375000000000000000, 1.000000000000000000 ),
 .UNSPECIFIED. ) ;
#2717 = ORIENTED_EDGE ( 'NONE', *, *, #3672, .F. ) ;
#2718 = CARTESIAN_POINT ( 'NONE',  ( 38.25000000000001421, 32.85322323254530374, 2.150238432377232112 ) ) ;
#2719 = CARTESIAN_POINT ( 'NONE',  ( 34.25000000000000000, -17.12578689883417127, 5.811034135255354727 ) ) ;
#2720 = CARTESIAN_POINT ( 'NONE',  ( 34.25000000000000000, 4.682879118578542332, -17.46800898175183647 ) ) ;
#2721 = DIRECTION ( 'NONE',  ( 1.000000000000000000, 0.000000000000000000, 0.000000000000000000 ) ) ;
#2722 = DIRECTION ( 'NONE',  ( 0.000000000000000000, 0.000000000000000000, -1.000000000000000000 ) ) ;
#2723 = ADVANCED_FACE ( 'NONE', ( #606 ), #2155, .T. ) ;
#2724 = CARTESIAN_POINT ( 'NONE',  ( 43.25000000000000000, 20.77539050322141634, -61.14619303703015873 ) ) ;
#2725 = EDGE_LOOP ( 'NONE', ( #839, #4065, #1668, #2166 ) ) ;
#2726 = CARTESIAN_POINT ( 'NONE',  ( 43.25000000000000711, 10.44346502739470139, 3.449908113578925573 ) ) ;
#2727 = ORIENTED_EDGE ( 'NONE', *, *, #445, .F. ) ;
#2728 = DIRECTION ( 'NONE',  ( 0.000000000000000000, 0.000000000000000000, -1.000000000000000000 ) ) ;
#2729 = CARTESIAN_POINT ( 'NONE',  ( 41.69999999999999574, -0.4187966149748427180, 11.44164371733068819 ) ) ;
#2730 = EDGE_CURVE ( 'NONE', #2689, #2129, #3712, .T. ) ;
#2731 = CARTESIAN_POINT ( 'NONE',  ( 37.25000000000000000, -11.04899106251792062, -8.089957330487390408 ) ) ;
#2732 = CARTESIAN_POINT ( 'NONE',  ( 43.25000000000000000, 27.52661374579184894, -56.30713836314485832 ) ) ;
#2733 = ORIENTED_EDGE ( 'NONE', *, *, #297, .F. ) ;
#2734 = CARTESIAN_POINT ( 'NONE',  ( 34.24999999999998579, -16.47169027287356968, -7.465886122058571495 ) ) ;
#2735 = CARTESIAN_POINT ( 'NONE',  ( 34.24999999999999289, 17.61171349068944281, 4.108963854173993901 ) ) ;
#2736 = CARTESIAN_POINT ( 'NONE',  ( -26.04460618851057419, 41.39583067425596852, -10.39539150024230274 ) ) ;
#2737 = CYLINDRICAL_SURFACE ( 'NONE', #2386, 1.600000000000000755 ) ;
#2738 = CARTESIAN_POINT ( 'NONE',  ( 43.25000000000000711, 17.88141647301473114, 23.29815134591260772 ) ) ;
#2739 = CARTESIAN_POINT ( 'NONE',  ( 38.25000000000000000, -12.65619245443150120, -70.54282448880478285 ) ) ;
#2740 = CARTESIAN_POINT ( 'NONE',  ( 34.25000000000000000, -8.641448524175830315, -17.52724272843908793 ) ) ;
#2741 = VERTEX_POINT ( 'NONE', #3084 ) ;
#2742 = CARTESIAN_POINT ( 'NONE',  ( 43.25000000000000711, -8.427533843864990715, 5.102340795974913412 ) ) ;
#2743 = CARTESIAN_POINT ( 'NONE',  ( 42.73333333333333428, 11.25833024919771930, 3.866666666666665808 ) ) ;
#2744 = CARTESIAN_POINT ( 'NONE',  ( 43.24999999999999289, 8.751760141020628936, 8.419568045398323264 ) ) ;
#2745 = CARTESIAN_POINT ( 'NONE',  ( 34.74999999928449768, -1.155557966632341862E-30, -17.57499999999999929 ) ) ;
#2746 = CARTESIAN_POINT ( 'NONE',  ( 43.25000000000000000, -26.75032309290834576, 12.12244209762381963 ) ) ;
#2747 = ADVANCED_FACE ( 'NONE', ( #1232 ), #241, .F. ) ;
#2748 = CARTESIAN_POINT ( 'NONE',  ( 37.24999999999999289, -1.056760324307284504, -11.79421752245640143 ) ) ;
#2749 = ORIENTED_EDGE ( 'NONE', *, *, #2290, .T. ) ;
#2750 = FACE_OUTER_BOUND ( 'NONE', #547, .T. ) ;
#2751 = CARTESIAN_POINT ( 'NONE',  ( 43.24999999999999289, 24.07700117257677519, -52.37197647127675992 ) ) ;
#2752 = CARTESIAN_POINT ( 'NONE',  ( 43.25000000000000000, 13.52405050140899867, -73.59043127056750677 ) ) ;
#2753 = CARTESIAN_POINT ( 'NONE',  ( 37.25000000000000000, 10.20137108340161092, -7.705981432097316564 ) ) ;
#2754 = ORIENTED_EDGE ( 'NONE', *, *, #1084, .T. ) ;
#2755 = CARTESIAN_POINT ( 'NONE',  ( 38.41666666666667140, 4.833116016459149252E-14, 33.01988989921196804 ) ) ;
#2756 = CARTESIAN_POINT ( 'NONE',  ( 38.24999999999999289, 15.55749965559476600, -70.54282448882267431 ) ) ;
#2757 = CARTESIAN_POINT ( 'NONE',  ( 43.25000000000000000, 2.989644649488011119, 11.98675358012634362 ) ) ;
#2758 = CARTESIAN_POINT ( 'NONE',  ( 40.69999999999999574, 12.81724128227916104, -70.64028375449679231 ) ) ;
#2759 = AXIS2_PLACEMENT_3D ( 'NONE', #3458, #621, #3140 ) ;
#2760 = CARTESIAN_POINT ( 'NONE',  ( 34.25000000000000000, -6.283205338062533230, -18.50405903950114705 ) ) ;
#2761 = ORIENTED_EDGE ( 'NONE', *, *, #3542, .T. ) ;
#2762 = CARTESIAN_POINT ( 'NONE',  ( 41.69999999999999574, -9.699973966528309788, 6.081203385025283126 ) ) ;
#2763 = CARTESIAN_POINT ( 'NONE',  ( 38.25000000000000711, 12.42745371813007438, -67.61116361267072250 ) ) ;
#2764 = CARTESIAN_POINT ( 'NONE',  ( 34.74999999928447636, -1.150281060142551715, -17.57499999999997797 ) ) ;
#2765 = CARTESIAN_POINT ( 'NONE',  ( 43.25000000000000000, -20.07501830495425565, 21.43658153417953471 ) ) ;
#2766 = CARTESIAN_POINT ( 'NONE',  ( 43.25000000000000000, 2.505061091777670779, 14.92182644793841106 ) ) ;
#2767 = B_SPLINE_CURVE_WITH_KNOTS ( 'NONE', 3,
 ( #2537, #3530, #3488, #1886, #2280, #2497, #4080, #653, #1931, #1563, #3167, #336, #2882, #1607, #2203, #3131, #23, #1297, #3445, #2559, #3829, #1009, #984, #3509, #270, #679, #3187, #1315, #356, #1543 ),
 .UNSPECIFIED., .F., .F.,
 ( 4, 2, 2, 2, 2, 2, 2, 2, 2, 2, 2, 2, 2, 2, 4 ),
 ( 0.000000000000000000, 0.06250000000000000000, 0.1250000000000000000, 0.1875000000000000000, 0.2500000000000000000, 0.3125000000000000000, 0.3750000000000000000, 0.4375000000000000000, 0.5000000000000000000, 0.5625000000000000000, 0.6250000000000000000, 0.6875000000000000000, 0.7500000000000000000, 0.8750000000000000000, 1.000000000000000000 ),
 .UNSPECIFIED. ) ;
#2768 = CARTESIAN_POINT ( 'NONE',  ( 37.24999999999999289, 1.056760133893889675, 11.79421723912266273 ) ) ;
#2769 = AXIS2_PLACEMENT_3D ( 'NONE', #1531, #4070, #910 ) ;
#2770 = VERTEX_POINT ( 'NONE', #1603 ) ;
#2771 = CARTESIAN_POINT ( 'NONE',  ( 37.25000000000000000, -11.47158667653578057, 4.900143764501290633 ) ) ;
#2772 = CARTESIAN_POINT ( 'NONE',  ( 37.25000000000000711, -4.559795436136007574, 17.01216883847800432 ) ) ;
#2773 = ADVANCED_FACE ( 'NONE', ( #3105 ), #1515, .T. ) ;
#2774 = CARTESIAN_POINT ( 'NONE',  ( 42.73333333333333428, -11.25833024919761982, 3.866666666666795926 ) ) ;
#2775 = ORIENTED_EDGE ( 'NONE', *, *, #3355, .T. ) ;
#2776 = CARTESIAN_POINT ( 'NONE',  ( 34.25000000000000711, -12.36078658234636407, -13.20102235050945083 ) ) ;
#2777 = CARTESIAN_POINT ( 'NONE',  ( 34.25000000000000711, 4.691009256837758379, 17.49615657188223850 ) ) ;
#2778 = CARTESIAN_POINT ( 'NONE',  ( 38.25000000000000000, 16.28834121825447667, -68.77756943403220191 ) ) ;
#2779 = CARTESIAN_POINT ( 'NONE',  ( 40.70000000000000284, -24.51296942703393000, -58.24227549128677595 ) ) ;
#2780 = CARTESIAN_POINT ( 'NONE',  ( 38.25000000000000000, -32.85322323254529664, 5.140959319380179311E-15 ) ) ;
#2781 = CARTESIAN_POINT ( 'NONE',  ( 43.25000000000000711, 27.81161379444817783, 9.437322150197360315 ) ) ;
#2782 = CARTESIAN_POINT ( 'NONE',  ( 38.25000000000000711, -13.51673222470422608, -66.82555304504091964 ) ) ;
#2783 = CARTESIAN_POINT ( 'NONE',  ( 37.25000000000000000, -9.820578105099725619, 5.790406581795037866 ) ) ;
#2784 = ORIENTED_EDGE ( 'NONE', *, *, #2388, .F. ) ;
#2785 = CARTESIAN_POINT ( 'NONE',  ( 43.25000000000000000, 8.753269157419572011, 4.578173552060818885 ) ) ;
#2786 = CARTESIAN_POINT ( 'NONE',  ( 40.70000000000000284, -15.39645082775955487, -67.20171633218460272 ) ) ;
#2787 = CARTESIAN_POINT ( 'NONE',  ( 43.24999999999999289, -24.94127423027541113, 15.50731229696276969 ) ) ;
#2788 = CARTESIAN_POINT ( 'NONE',  ( 41.69999999999999574, 1.558356282669216775, -13.41879661497484655 ) ) ;
#2789 = CARTESIAN_POINT ( 'NONE',  ( 38.75000000000000000, 33.35322323254529664, -50.00000000000000000 ) ) ;
#2790 = FACE_OUTER_BOUND ( 'NONE', #2725, .T. ) ;
#2791 = ORIENTED_EDGE ( 'NONE', *, *, #742, .T. ) ;
#2792 = CARTESIAN_POINT ( 'NONE',  ( 34.25000000000000000, 0.000000000000000000, 0.000000000000000000 ) ) ;
#2793 = CARTESIAN_POINT ( 'NONE',  ( 38.25000000000000711, -4.300423695871941732, -82.64144846846581061 ) ) ;
#2794 = DIRECTION ( 'NONE',  ( 0.000000000000000000, 0.000000000000000000, -1.000000000000000000 ) ) ;
#2795 = CARTESIAN_POINT ( 'NONE',  ( 43.24999999999999289, 11.24798072062536569, -65.16423088748403813 ) ) ;
#2796 = EDGE_LOOP ( 'NONE', ( #91, #138, #4011, #1987 ) ) ;
#2797 = EDGE_CURVE ( 'NONE', #3661, #4026, #3506, .T. ) ;
#2798 = CARTESIAN_POINT ( 'NONE',  ( 41.69999999999998863, 12.06412061779109912, -5.101941778633183766 ) ) ;
#2799 = CARTESIAN_POINT ( 'NONE',  ( 40.69999999999999574, -12.75389993186741755, -67.20171633218463114 ) ) ;
#2800 = CARTESIAN_POINT ( 'NONE',  ( 43.25000000000000711, -10.43787624120400359, -9.570073509136749479 ) ) ;
#2801 = CARTESIAN_POINT ( 'NONE',  ( 40.70000000000000995, -23.35644366725029641, -59.01504129817757871 ) ) ;
#2802 = CARTESIAN_POINT ( 'NONE',  ( 38.25000000000000000, -14.07517537981347999, -66.77100004334070604 ) ) ;
#2803 = CARTESIAN_POINT ( 'NONE',  ( 38.24999999999999289, -13.38485144354575596, -70.96239171017680292 ) ) ;
#2804 = ORIENTED_EDGE ( 'NONE', *, *, #2290, .F. ) ;
#2805 = EDGE_CURVE ( 'NONE', #1269, #3805, #2866, .T. ) ;
#2806 = CARTESIAN_POINT ( 'NONE',  ( 43.25000000000000711, -24.94112541652517834, -65.50721286287144096 ) ) ;
#2807 = CARTESIAN_POINT ( 'NONE',  ( 43.25000000000000000, 13.63264942139648461, 4.419795184503716001 ) ) ;
#2808 = CARTESIAN_POINT ( 'NONE',  ( 41.70000000000000284, 1.398058221366722975, -12.19420963140655800 ) ) ;
#2809 = CARTESIAN_POINT ( 'NONE',  ( 43.25000000000000711, -13.99100272986671456, -8.081181931675727625 ) ) ;
#2810 = CARTESIAN_POINT ( 'NONE',  ( 37.25000000000000000, -1.599859357913681723, -12.89462542489924601 ) ) ;
#2811 = VERTEX_POINT ( 'NONE', #3505 ) ;
#2812 = CARTESIAN_POINT ( 'NONE',  ( 38.75000000000000000, 0.000000000000000000, 33.35322323254529664 ) ) ;
#2813 = B_SPLINE_CURVE_WITH_KNOTS ( 'NONE', 3,
 ( #3296, #2718, #778, #526, #1746, #2395, #1784, #3317, #1804, #203, #3678, #185, #2677, #483, #3375, #2375, #1476, #2438 ),
 .UNSPECIFIED., .F., .F.,
 ( 4, 2, 2, 2, 2, 2, 2, 2, 4 ),
 ( 0.000000000000000000, 0.1249999999999999722, 0.2500000000000000000, 0.3750000000000000000, 0.5000000000000001110, 0.6250000000000001110, 0.7500000000000000000, 0.8750000000000000000, 1.000000000000000000 ),
 .UNSPECIFIED. ) ;
#2814 = CARTESIAN_POINT ( 'NONE',  ( 39.88333333333333286, 14.13851673022521993, -71.07100004334070320 ) ) ;
#2815 = DIRECTION ( 'NONE',  ( 0.000000000000000000, 0.000000000000000000, -1.000000000000000000 ) ) ;
#2816 = B_SPLINE_CURVE_WITH_KNOTS ( 'NONE', 3,
 ( #772, #144, #890, #955, #1838, #1994, #3225, #1674, #1045, #411, #1693, #2934, #1066, #114, #3013, #3927, #2070, #177, #2230, #3779, #3411, #1251, #3459, #3437, #622, #3481, #2404, #2973, #428, #1713, #132, #1755 ),
 .UNSPECIFIED., .F., .F.,
 ( 4, 2, 2, 2, 2, 2, 2, 2, 2, 2, 2, 2, 2, 2, 2, 4 ),
 ( 0.000000000000000000, 0.06249999999999993061, 0.1249999999999998612, 0.1874999999999997780, 0.2499999999999997224, 0.3124999999999996669, 0.3749999999999995559, 0.4374999999999995004, 0.4999999999999994449, 0.5624999999999993339, 0.6249999999999993339, 0.6874999999999992228, 0.7499999999999991118, 0.8124999999999991118, 0.8749999999999990008, 1.000000000000000000 ),
 .UNSPECIFIED. ) ;
#2817 = ORIENTED_EDGE ( 'NONE', *, *, #3978, .F. ) ;
#2818 = CARTESIAN_POINT ( 'NONE',  ( 34.25000000000001421, 17.52724272843907016, -8.641448524175881829 ) ) ;
#2819 = CARTESIAN_POINT ( 'NONE',  ( 40.70000000000000995, -13.79374103792939366, -71.07100004334070320 ) ) ;
#2820 = CARTESIAN_POINT ( 'NONE',  ( 43.25000000000000000, 0.4186364040140189147, -16.15000000000000568 ) ) ;
#2821 = CARTESIAN_POINT ( 'NONE',  ( 43.25000000000000000, -1.921826014480952916, -10.49493847417965320 ) ) ;
#2822 = CARTESIAN_POINT ( 'NONE',  ( 43.25000000000000711, 12.07878425718949877, -9.570073509136870271 ) ) ;
#2823 = ADVANCED_FACE ( 'NONE', ( #1721 ), #2262, .F. ) ;
#2824 = VERTEX_POINT ( 'NONE', #1452 ) ;
#2825 = CARTESIAN_POINT ( 'NONE',  ( 43.25000000000000000, 17.87929722724004122, -73.29989056599350761 ) ) ;
#2826 = CARTESIAN_POINT ( 'NONE',  ( 36.41666666642817063, 0.000000000000000000, -17.57499999999999929 ) ) ;
#2827 = CARTESIAN_POINT ( 'NONE',  ( 40.70000000000000284, 25.00702706628954886, -57.20243438522478385 ) ) ;
#2828 = CARTESIAN_POINT ( 'NONE',  ( 43.25000000000000711, 0.2083954778821109355, 16.15000000000000213 ) ) ;
#2829 = CARTESIAN_POINT ( 'NONE',  ( 37.25000000000000000, -0.9764968772346304116, -14.27218975670795587 ) ) ;
#2830 = CARTESIAN_POINT ( 'NONE',  ( 39.25000000000000000, -33.35322323254529664, -5.935422469980449725E-15 ) ) ;
#2831 = CARTESIAN_POINT ( 'NONE',  ( 41.69999999999998863, -0.2094395102394140951, -11.39999999999999680 ) ) ;
#2832 = AXIS2_PLACEMENT_3D ( 'NONE', #2968, #1401, #127 ) ;
#2833 = CYLINDRICAL_SURFACE ( 'NONE', #2511, 17.57499999999999929 ) ;
#2834 = AXIS2_PLACEMENT_3D ( 'NONE', #3067, #3024, #2377 ) ;
#2835 = CARTESIAN_POINT ( 'NONE',  ( 37.25000000000000000, -10.05254714442929398, -5.443240210763909737 ) ) ;
#2836 = CONICAL_SURFACE ( 'NONE', #996, 18.07499999972614901, 0.7853981638391333009 ) ;
#2837 = CARTESIAN_POINT ( 'NONE',  ( 37.25000000000000000, 9.820318164918541370, 5.790299273636255961 ) ) ;
#2838 = VERTEX_POINT ( 'NONE', #498 ) ;
#2839 = CARTESIAN_POINT ( 'NONE',  ( 41.69999999999998863, 11.46776975943697963, -8.100000000000004974 ) ) ;
#2840 = FACE_OUTER_BOUND ( 'NONE', #887, .T. ) ;
#2841 = CARTESIAN_POINT ( 'NONE',  ( 40.70000000000000284, -24.88772697071472706, -57.48375799471316583 ) ) ;
#2842 = CARTESIAN_POINT ( 'NONE',  ( 38.25000000000000000, -32.85322323254528953, -33.33333333333337833 ) ) ;
#2843 = ORIENTED_EDGE ( 'NONE', *, *, #263, .F. ) ;
#2844 = EDGE_CURVE ( 'NONE', #991, #2285, #1892, .T. ) ;
#2845 = CARTESIAN_POINT ( 'NONE',  ( 39.25000000000000000, 33.35322323254529664, -50.00000000000000000 ) ) ;
#2846 = CARTESIAN_POINT ( 'NONE',  ( 37.25000000000000000, -12.69608246078692737, 7.209593083570069894 ) ) ;
#2847 = CARTESIAN_POINT ( 'NONE',  ( 37.25000000000000711, 1.437752144097647955, -13.70959341820397270 ) ) ;
#2848 = CARTESIAN_POINT ( 'NONE',  ( 43.25000000000000000, -1.581181498222285375, 15.73267291471083063 ) ) ;
#2849 = CARTESIAN_POINT ( 'NONE',  ( 37.24999999999999289, -0.4173542579318941237, -14.55925865283836629 ) ) ;
#2850 = CARTESIAN_POINT ( 'NONE',  ( 43.25000000000000000, -11.25833024919776015, -6.499999999999899636 ) ) ;
#2851 = B_SPLINE_CURVE_WITH_KNOTS ( 'NONE', 3,
 ( #1973, #2919, #1648, #2016, #771, #1996, #1740, #3567, #2643, #2982, #755, #1337, #1410, #370, #2602, #394, #1677, #1024, #1358, #2622, #2355, #3890, #2033, #1720, #2960, #3850, #2657, #3610, #2050, #3286, #1530, #234, #2764, #2745 ),
 .UNSPECIFIED., .F., .F.,
 ( 4, 2, 2, 2, 2, 2, 2, 2, 2, 2, 2, 2, 2, 2, 2, 2, 4 ),
 ( 0.000000000000000000, 0.06249999999999993061, 0.1249999999999998890, 0.1874999999999997780, 0.2499999999999997224, 0.3124999999999996669, 0.3749999999999995559, 0.4374999999999995559, 0.4999999999999995559, 0.5624999999999995559, 0.6249999999999996669, 0.6874999999999996669, 0.7499999999999996669, 0.8124999999999997780, 0.8749999999999997780, 0.9374999999999998890, 1.000000000000000000 ),
 .UNSPECIFIED. ) ;
#2852 = CARTESIAN_POINT ( 'NONE',  ( 39.25000000000000000, -26.51940212992060353, 20.34512569842112484 ) ) ;
#2853 = CARTESIAN_POINT ( 'NONE',  ( 43.25000000000000711, 14.44567773820300793, -64.22100004334070888 ) ) ;
#2854 = CARTESIAN_POINT ( 'NONE',  ( 34.74999999928448347, 11.61403014145632007, -13.24077321725080125 ) ) ;
#2855 = CARTESIAN_POINT ( 'NONE',  ( 43.25000000000000000, 11.03180531649100793, -72.46084162132181916 ) ) ;
#2856 = EDGE_CURVE ( 'NONE', #1241, #1131, #2090, .T. ) ;
#2857 = CARTESIAN_POINT ( 'NONE',  ( 37.25000000000000000, -11.25833024919776015, -4.899999999999899991 ) ) ;
#2858 = CARTESIAN_POINT ( 'NONE',  ( 41.70000000000000284, -11.25833024919761982, 8.100000000000129319 ) ) ;
#2859 = B_SPLINE_CURVE_WITH_KNOTS ( 'NONE', 3,
 ( #3401, #2083, #1081, #1114, #1423, #3327, #3941, #2687, #3307, #1447, #766, #2334, #3585, #2352, #787, #2654, #474, #3092 ),
 .UNSPECIFIED., .F., .F.,
 ( 4, 2, 2, 2, 2, 2, 2, 2, 4 ),
 ( 0.000000000000000000, 0.1249999999999999167, 0.2499999999999998335, 0.3749999999999997780, 0.4999999999999996669, 0.6249999999999995559, 0.7499999999999995559, 0.8749999999999997780, 1.000000000000000000 ),
 .UNSPECIFIED. ) ;
#2860 = ORIENTED_EDGE ( 'NONE', *, *, #2270, .F. ) ;
#2861 = CARTESIAN_POINT ( 'NONE',  ( 41.69999999999998863, 12.85833024919766387, -6.709439510239318061 ) ) ;
#2862 = CARTESIAN_POINT ( 'NONE',  ( 37.25000000000000000, -6.439087865156279720E-16, 14.59999999999999964 ) ) ;
#2863 = CARTESIAN_POINT ( 'NONE',  ( 43.24999999999999289, 1.397952213926230591, -15.83029403654739831 ) ) ;
#2864 = CARTESIAN_POINT ( 'NONE',  ( 37.25000000000001421, -0.2132564273355552487, 11.40014376450066891 ) ) ;
#2865 = CARTESIAN_POINT ( 'NONE',  ( 38.25000000000000711, -21.17185952761557033, -55.50201920061397942 ) ) ;
#2866 = B_SPLINE_CURVE_WITH_KNOTS ( 'NONE', 3,
 ( #3758, #3164, #956, #1210, #266, #916, #3128, #893, #3484, #3417, #287, #1903, #2512, #331, #3783, #938, #3143, #308, #1581, #2837, #1678, #2277, #352, #371, #3527, #1070, #3569, #1026, #3591, #756 ),
 .UNSPECIFIED., .F., .F.,
 ( 4, 2, 2, 2, 2, 2, 2, 2, 2, 2, 2, 2, 2, 2, 4 ),
 ( 0.000000000000000000, 0.1250000000000016931, 0.1875000000000018596, 0.2500000000000017764, 0.3125000000000016653, 0.3750000000000015543, 0.4375000000000014988, 0.5000000000000013323, 0.5625000000000013323, 0.6250000000000011102, 0.6875000000000009992, 0.7500000000000007772, 0.8125000000000006661, 0.8750000000000005551, 1.000000000000000000 ),
 .UNSPECIFIED. ) ;
#2867 = ORIENTED_EDGE ( 'NONE', *, *, #3197, .F. ) ;
#2868 = CARTESIAN_POINT ( 'NONE',  ( 43.25000000000000000, 29.35322323254530019, -33.33333333333334281 ) ) ;
#2869 = CARTESIAN_POINT ( 'NONE',  ( 38.25000000000000711, -29.52955989786741142, 14.55894550857949987 ) ) ;
#2870 = CARTESIAN_POINT ( 'NONE',  ( 37.25000000000000000, -12.46411278319902038, 5.443239732301183409 ) ) ;
#2871 = CARTESIAN_POINT ( 'NONE',  ( 37.25000000000000000, 1.549463886246794875, -12.58681534662195567 ) ) ;
#2872 = CARTESIAN_POINT ( 'NONE',  ( 40.69999999999999574, 24.73566780125120346, -55.83821923554325650 ) ) ;
#2873 = ORIENTED_EDGE ( 'NONE', *, *, #2579, .F. ) ;
#2874 = CARTESIAN_POINT ( 'NONE',  ( 39.25000000000000711, -33.13822542452609810, 4.365872733633644032 ) ) ;
#2875 = CARTESIAN_POINT ( 'NONE',  ( 38.25000000000000000, -15.50459869884027420, -11.89480094182000514 ) ) ;
#2876 = CARTESIAN_POINT ( 'NONE',  ( 38.25000000000000711, 20.70685155431928592, -56.77756943403436196 ) ) ;
#2877 = CARTESIAN_POINT ( 'NONE',  ( 39.24999999999999289, 20.34512569842106089, 26.51940212992064971 ) ) ;
#2878 = CARTESIAN_POINT ( 'NONE',  ( 43.25000000000000000, 14.75643397101826082, -73.62100004334071457 ) ) ;
#2879 = CARTESIAN_POINT ( 'NONE',  ( 37.25000000000000000, 13.22223341114813344, -11.59261950598031810 ) ) ;
#2880 = ORIENTED_EDGE ( 'NONE', *, *, #350, .T. ) ;
#2881 = CARTESIAN_POINT ( 'NONE',  ( 34.25000000000000000, 15.50459869884031683, -11.89480094181994829 ) ) ;
#2882 = CARTESIAN_POINT ( 'NONE',  ( 43.25000000000000000, -9.850309566083232937, -66.83949984863266991 ) ) ;
#2883 = PLANE ( 'NONE',  #3097 ) ;
#2884 = CARTESIAN_POINT ( 'NONE',  ( 38.24999999999999289, -15.49415830519373216, -67.29917559787148207 ) ) ;
#2885 = VERTEX_POINT ( 'NONE', #2011 ) ;
#2886 = CARTESIAN_POINT ( 'NONE',  ( 37.24999999999998579, 12.85847082557941157, -6.394625089909372839 ) ) ;
#2887 = CARTESIAN_POINT ( 'NONE',  ( 43.24999999999999289, 0.9627705922136761130, -79.35331272093708321 ) ) ;
#2888 = CARTESIAN_POINT ( 'NONE',  ( 37.25000000000000711, 14.93329508554699814, 9.285037637745579886 ) ) ;
#2889 = PLANE ( 'NONE',  #1113 ) ;
#2890 = CARTESIAN_POINT ( 'NONE',  ( 43.25000000000000000, -22.79368571587784942, -61.62100004334070036 ) ) ;
#2891 = CARTESIAN_POINT ( 'NONE',  ( 37.24999999999999289, -1.549463984803893579, -13.41318415089452287 ) ) ;
#2892 = CARTESIAN_POINT ( 'NONE',  ( 43.25000000000000000, -14.07517537981347999, -64.22100004334070888 ) ) ;
#2893 = CARTESIAN_POINT ( 'NONE',  ( 41.70000000000000284, -1.600000000000092681, -13.20943951023932605 ) ) ;
#2894 = CARTESIAN_POINT ( 'NONE',  ( 34.74999999928448347, 7.788382451917469140, -15.79698927960597388 ) ) ;
#2895 = CARTESIAN_POINT ( 'NONE',  ( 40.69999999999999574, 21.13774335513346259, -55.59972459539464040 ) ) ;
#2896 = CARTESIAN_POINT ( 'NONE',  ( 37.25000000000000711, -12.06180134039315632, -7.887801890748294298 ) ) ;
#2897 = CONICAL_SURFACE ( 'NONE', #847, 4.700000000000002842, 0.7853981633974476129 ) ;
#2898 = CARTESIAN_POINT ( 'NONE',  ( 38.24999999999999289, 13.99550837760145505, -66.77100004334070604 ) ) ;
#2899 = CARTESIAN_POINT ( 'NONE',  ( 37.24999999999999289, -10.24325605293755004, 14.29286178685896402 ) ) ;
#2900 = EDGE_CURVE ( 'NONE', #4047, #789, #3560, .T. ) ;
#2901 = CARTESIAN_POINT ( 'NONE',  ( 37.25000000000000000, -9.142242359643709629E-14, -11.40000000000000036 ) ) ;
#2902 = AXIS2_PLACEMENT_3D ( 'NONE', #431, #1082, #2956 ) ;
#2903 = EDGE_LOOP ( 'NONE', ( #2749, #2238, #3001, #173 ) ) ;
#2904 = CARTESIAN_POINT ( 'NONE',  ( 40.69999999999999574, 15.85780044138130762, -70.24227549128674752 ) ) ;
#2905 = CARTESIAN_POINT ( 'NONE',  ( 43.24999999999999289, 10.84528263137499238, -9.630018377284217834 ) ) ;
#2906 = DIRECTION ( 'NONE',  ( 1.000000000000000000, 0.000000000000000000, 0.000000000000000000 ) ) ;
#2907 = EDGE_LOOP ( 'NONE', ( #176, #802, #2124, #124 ) ) ;
#2908 = CARTESIAN_POINT ( 'NONE',  ( 40.58333333333332860, 32.01988989921196804, -49.99999999999995026 ) ) ;
#2909 = CARTESIAN_POINT ( 'NONE',  ( 41.69999999999999574, 1.558356282669307813, 12.58120338502515345 ) ) ;
#2910 = CARTESIAN_POINT ( 'NONE',  ( 37.25000000000000000, -12.64734171609634750, 5.698339209835753039 ) ) ;
#2911 = CARTESIAN_POINT ( 'NONE',  ( 39.24999999999999289, 33.35322323254529664, -33.33333333333334281 ) ) ;
#2912 = CARTESIAN_POINT ( 'NONE',  ( 37.25000000000000000, 12.23301725177375232, 5.226600950344349350 ) ) ;
#2913 = ORIENTED_EDGE ( 'NONE', *, *, #909, .F. ) ;
#2914 = B_SPLINE_CURVE_WITH_KNOTS ( 'NONE', 3,
 ( #46, #397, #3594, #1375 ),
 .UNSPECIFIED., .F., .F.,
 ( 4, 4 ),
 ( 0.000000000000000000, 1.000000000000000000 ),
 .UNSPECIFIED. ) ;
#2915 = FACE_OUTER_BOUND ( 'NONE', #261, .T. ) ;
#2916 = CARTESIAN_POINT ( 'NONE',  ( 41.55000000000000426, -14.07517537981348710, -65.92100004334069752 ) ) ;
#2917 = CARTESIAN_POINT ( 'NONE',  ( 39.24999999999998579, 26.51940212992061419, 20.34512569842110352 ) ) ;
#2918 = CARTESIAN_POINT ( 'NONE',  ( 37.24999999999999289, -17.43439960839252478, 2.293031548894356231 ) ) ;
#2919 = CARTESIAN_POINT ( 'NONE',  ( 34.74999999928449057, -1.150281060142439138, 17.57499999999998153 ) ) ;
#2920 = CARTESIAN_POINT ( 'NONE',  ( 43.25000000000000711, -13.99100272986818183, 4.918818068327648341 ) ) ;
#2921 = CARTESIAN_POINT ( 'NONE',  ( 34.24999999999998579, 6.283205338062576750, 18.50405903950113284 ) ) ;
#2922 = B_SPLINE_CURVE_WITH_KNOTS ( 'NONE', 3,
 ( #3398, #272, #1787, #3025 ),
 .UNSPECIFIED., .F., .F.,
 ( 4, 4 ),
 ( 0.000000000000000000, 1.000000000000000000 ),
 .UNSPECIFIED. ) ;
#2923 = CARTESIAN_POINT ( 'NONE',  ( 43.25000000000000000, 10.24508382813414009, -9.489644648398604332 ) ) ;
#2924 = CARTESIAN_POINT ( 'NONE',  ( 41.70000000000000284, 11.25833024919771930, 8.099999999999999645 ) ) ;
#2925 = ADVANCED_FACE ( 'NONE', ( #259 ), #1224, .F. ) ;
#2926 = ORIENTED_EDGE ( 'NONE', *, *, #42, .F. ) ;
#2927 = CARTESIAN_POINT ( 'NONE',  ( 37.25000000000000000, 12.80736955876133187, -6.915319144504523230 ) ) ;
#2928 = CARTESIAN_POINT ( 'NONE',  ( 39.24999999999999289, -28.94498105048872105, -66.71499030809896169 ) ) ;
#2929 = CARTESIAN_POINT ( 'NONE',  ( 43.24999999999999289, -25.14772239121575126, -61.00022673970146769 ) ) ;
#2930 = CARTESIAN_POINT ( 'NONE',  ( 43.25000000000000711, -0.8148652218076384290, 9.949908113578931790 ) ) ;
#2931 = EDGE_CURVE ( 'NONE', #3935, #1131, #187, .T. ) ;
#2932 = CARTESIAN_POINT ( 'NONE',  ( 43.25000000000000711, -17.81116929839293306, -66.05320114947197396 ) ) ;
#2933 = CARTESIAN_POINT ( 'NONE',  ( 38.25000000000000000, 22.16670313003373138, -54.87960837649578849 ) ) ;
#2934 = CARTESIAN_POINT ( 'NONE',  ( 38.24999999999999289, -24.66010253308305167, -55.84366701265309985 ) ) ;
#2935 = CARTESIAN_POINT ( 'NONE',  ( 38.25000000000000000, 13.58118362646251853, -66.83919129546599436 ) ) ;
#2936 = CARTESIAN_POINT ( 'NONE',  ( 41.70000000000000284, -9.097445829778509144E-14, -14.59999999999999964 ) ) ;
#2937 = CARTESIAN_POINT ( 'NONE',  ( 37.25000000000000000, -2.099173126056989973E-15, -17.57499999999999929 ) ) ;
#2938 = CARTESIAN_POINT ( 'NONE',  ( 43.25000000000001421, -14.40815436813125316, 6.292030152875068616 ) ) ;
#2939 = CARTESIAN_POINT ( 'NONE',  ( 38.25000000000001421, 2.552512472701047752, 19.37430128635113391 ) ) ;
#2940 = CARTESIAN_POINT ( 'NONE',  ( 43.25000000000000000, 29.35322323254530019, 1.716079042152164845E-15 ) ) ;
#2941 = CARTESIAN_POINT ( 'NONE',  ( 38.58333333333333570, 33.18655656587862524, -5.361436140410536025E-14 ) ) ;
#2942 = DIRECTION ( 'NONE',  ( 0.000000000000000000, 0.000000000000000000, -1.000000000000000000 ) ) ;
#2943 = CARTESIAN_POINT ( 'NONE',  ( 41.69999999999998863, 9.658330249197653927, -6.290560489760686380 ) ) ;
#2944 = ORIENTED_EDGE ( 'NONE', *, *, #236, .F. ) ;
#2945 = CARTESIAN_POINT ( 'NONE',  ( 37.25000000000000000, 12.06590989586809393, -5.102987913303285161 ) ) ;
#2946 = CARTESIAN_POINT ( 'NONE',  ( 43.25000000000000000, -14.07517537981347999, -68.92100004334069752 ) ) ;
#2947 = CARTESIAN_POINT ( 'NONE',  ( 41.69999999999998863, 1.600000000000002309, 12.79056048976068283 ) ) ;
#2948 = CARTESIAN_POINT ( 'NONE',  ( 43.25000000000000000, -29.35322323254530019, -4.504511214758050129E-15 ) ) ;
#2949 = EDGE_CURVE ( 'NONE', #3645, #332, #1088, .T. ) ;
#2950 = CARTESIAN_POINT ( 'NONE',  ( 43.25000000000000000, 22.24256083741938994, -61.59043127057999811 ) ) ;
#2951 = CARTESIAN_POINT ( 'NONE',  ( 34.25000000000000000, -1.276272015520895087, 19.49999999999999645 ) ) ;
#2952 = CARTESIAN_POINT ( 'NONE',  ( 41.70000000000000284, -11.25833024919776015, -8.099999999999900169 ) ) ;
#2953 = CARTESIAN_POINT ( 'NONE',  ( 43.25000000000000711, 13.76490035737894146, -8.419568045391763178 ) ) ;
#2954 = B_SPLINE_CURVE_WITH_KNOTS ( 'NONE', 3,
 ( #1380, #3639, #800, #2078, #3239, #1688, #3703, #2781, #209, #2422, #2443, #3338, #858, #3380, #3682, #1218, #1194, #836, #3659, #2738, #4063, #252, #2185, #3425, #3052, #2141, #4017, #1172, #2121, #1440, #171, #1826 ),
 .UNSPECIFIED., .F., .F.,
 ( 4, 2, 2, 2, 2, 2, 2, 2, 2, 2, 2, 2, 2, 2, 2, 4 ),
 ( 0.000000000000000000, 0.06250000000000023592, 0.1250000000000004718, 0.1875000000000007216, 0.2500000000000008882, 0.3125000000000010547, 0.3750000000000012212, 0.4375000000000012212, 0.5000000000000011102, 0.5625000000000011102, 0.6250000000000011102, 0.6875000000000008882, 0.7500000000000006661, 0.8125000000000005551, 0.8750000000000003331, 1.000000000000000000 ),
 .UNSPECIFIED. ) ;
#2955 = CARTESIAN_POINT ( 'NONE',  ( 40.70000000000000284, 22.29426911491709618, -54.82695878850383053 ) ) ;
#2956 = DIRECTION ( 'NONE',  ( 0.000000000000000000, 0.000000000000000000, -1.000000000000000000 ) ) ;
#2957 = CARTESIAN_POINT ( 'NONE',  ( 38.25000000000000711, 13.58007357509060675, -71.01644704164046118 ) ) ;
#2958 = CARTESIAN_POINT ( 'NONE',  ( 39.24999999999999289, 25.12787851416627660, 22.04070213015668145 ) ) ;
#2959 = CARTESIAN_POINT ( 'NONE',  ( 37.24999999999999289, -17.34965530849826365, 2.863503675642700586 ) ) ;
#2960 = CARTESIAN_POINT ( 'NONE',  ( 34.74999999928448347, -13.24077321725081369, -11.61403014145630941 ) ) ;
#2961 = CARTESIAN_POINT ( 'NONE',  ( 43.25000000000000000, -14.24797489868439904, 7.513246419879039628 ) ) ;
#2962 = FACE_OUTER_BOUND ( 'NONE', #3507, .T. ) ;
#2963 = CONICAL_SURFACE ( 'NONE', #3500, 18.07499999972614901, 0.7853981638391333009 ) ;
#2964 = CARTESIAN_POINT ( 'NONE',  ( 38.25000000000000000, 32.85322323254529664, -1.713653106460060033E-15 ) ) ;
#2965 = CARTESIAN_POINT ( 'NONE',  ( 34.74999999928449768, 1.155557966632341862E-30, 17.57499999999999929 ) ) ;
#2966 = ORIENTED_EDGE ( 'NONE', *, *, #2505, .T. ) ;
#2967 = FACE_OUTER_BOUND ( 'NONE', #3896, .T. ) ;
#2968 = CARTESIAN_POINT ( 'NONE',  ( 43.25000000000000000, 14.13851673022521993, -68.92100004334069752 ) ) ;
#2969 = CONICAL_SURFACE ( 'NONE', #733, 3.149999999999999911, 0.7853981633974476129 ) ;
#2970 = CARTESIAN_POINT ( 'NONE',  ( 43.25000000000000000, -11.25833024919776015, -6.499999999999899636 ) ) ;
#2971 = EDGE_CURVE ( 'NONE', #288, #1812, #141, .T. ) ;
#2972 = CARTESIAN_POINT ( 'NONE',  ( 43.25000000000000000, -9.679406721857436224, 9.234181498709176594 ) ) ;
#2973 = CARTESIAN_POINT ( 'NONE',  ( 38.24999999999999289, -23.87101613238740327, -58.78741998451566531 ) ) ;
#2974 = CARTESIAN_POINT ( 'NONE',  ( 43.25000000000000711, -18.74474034757203356, -68.30720661445421626 ) ) ;
#2975 = CARTESIAN_POINT ( 'NONE',  ( 43.25000000000000000, 14.40815436813194772, -6.292030152875850213 ) ) ;
#2976 = CARTESIAN_POINT ( 'NONE',  ( 40.69999999999999574, 21.53575161834348961, -58.64028375449679231 ) ) ;
#2977 = EDGE_CURVE ( 'NONE', #3884, #3661, #1744, .T. ) ;
#2978 = ORIENTED_EDGE ( 'NONE', *, *, #1184, .F. ) ;
#2979 = CARTESIAN_POINT ( 'NONE',  ( 38.25000000000000000, -32.85322323254530374, -52.15023843237728585 ) ) ;
#2980 = CARTESIAN_POINT ( 'NONE',  ( 43.25000000000000000, 11.25833024919765890, -9.650000000000000355 ) ) ;
#2981 = CARTESIAN_POINT ( 'NONE',  ( 37.24999999999999289, -17.34979575533698437, -2.863531612267611770 ) ) ;
#2982 = CARTESIAN_POINT ( 'NONE',  ( 34.74999999928449768, -13.24077321725073730, 11.61403014145640178 ) ) ;
#2983 = EDGE_CURVE ( 'NONE', #3805, #1269, #1950, .T. ) ;
#2984 = CYLINDRICAL_SURFACE ( 'NONE', #1182, 2.149999999999999023 ) ;
#2985 = CARTESIAN_POINT ( 'NONE',  ( 41.69999999999999574, -12.53779719703471329, 7.483274751959993587 ) ) ;
#2986 = ORIENTED_EDGE ( 'NONE', *, *, #3407, .T. ) ;
#2987 = CARTESIAN_POINT ( 'NONE',  ( 39.25000000000000000, -33.35322323254529664, -50.00000000000000000 ) ) ;
#2988 = CARTESIAN_POINT ( 'NONE',  ( 43.24999999999999289, -26.52967963447430222, -54.05320114948803223 ) ) ;
#2989 = DIRECTION ( 'NONE',  ( 0.000000000000000000, 0.000000000000000000, 1.000000000000000000 ) ) ;
#2990 = CARTESIAN_POINT ( 'NONE',  ( 43.25000000000000000, 19.75031565255256893, -60.46084162132256523 ) ) ;
#2991 = CARTESIAN_POINT ( 'NONE',  ( 37.25000000000000000, -11.04899106251654395, 4.910042669512511893 ) ) ;
#2992 = CARTESIAN_POINT ( 'NONE',  ( 43.24999999999999289, -11.67137786701603019, 3.369981622715917169 ) ) ;
#2993 = CARTESIAN_POINT ( 'NONE',  ( 43.24999999999999289, -18.53445377947257811, -67.40542190622204544 ) ) ;
#2994 = CARTESIAN_POINT ( 'NONE',  ( 34.74999999928449057, 7.788382451917503779, 15.79698927960596144 ) ) ;
#2995 = VERTEX_POINT ( 'NONE', #2042 ) ;
#2996 = CARTESIAN_POINT ( 'NONE',  ( 43.25000000000000000, -22.79368571587784942, -61.62100004334070036 ) ) ;
#2997 = CARTESIAN_POINT ( 'NONE',  ( 43.25000000000000711, 24.37261476745646860, -52.46172543142981937 ) ) ;
#2998 = ADVANCED_FACE ( 'NONE', ( #764 ), #1860, .F. ) ;
#2999 = B_SPLINE_CURVE_WITH_KNOTS ( 'NONE', 3,
 ( #3572, #119, #3612, #3551 ),
 .UNSPECIFIED., .F., .F.,
 ( 4, 4 ),
 ( 0.000000000000000000, 1.000000000000000000 ),
 .UNSPECIFIED. ) ;
#3000 = CARTESIAN_POINT ( 'NONE',  ( 41.69999999999998863, -12.06412061779105294, 5.101941778633309887 ) ) ;
#3001 = ORIENTED_EDGE ( 'NONE', *, *, #1717, .T. ) ;
#3002 = CARTESIAN_POINT ( 'NONE',  ( 34.25000000000000000, -2.510842143792649962E-15, 18.07499999972614901 ) ) ;
#3003 = CARTESIAN_POINT ( 'NONE',  ( 39.25000000000000000, -22.04070213015664947, -75.12787851416631213 ) ) ;
#3004 = CARTESIAN_POINT ( 'NONE',  ( 43.25000000000000000, -22.79368571587784942, -52.22100004334069467 ) ) ;
#3005 = CARTESIAN_POINT ( 'NONE',  ( 43.25000000000000000, 0.000000000000000000, 0.000000000000000000 ) ) ;
#3006 = CARTESIAN_POINT ( 'NONE',  ( 40.70000000000000995, 13.85708238834112649, -66.77100004334070604 ) ) ;
#3007 = CARTESIAN_POINT ( 'NONE',  ( 34.25000000000000711, -2.552512472701007340, -19.37430128635113391 ) ) ;
#3008 = EDGE_LOOP ( 'NONE', ( #3436, #3751, #2300, #2817 ) ) ;
#3009 = CARTESIAN_POINT ( 'NONE',  ( 38.75000000000000000, 4.365872733633561431, -83.13822542452609810 ) ) ;
#3010 = CARTESIAN_POINT ( 'NONE',  ( 34.74999999928448347, 1.150281060142512635, 17.57499999999998153 ) ) ;
#3011 = B_SPLINE_CURVE_WITH_KNOTS ( 'NONE', 3,
 ( #2685, #3033, #1463, #785 ),
 .UNSPECIFIED., .F., .F.,
 ( 4, 4 ),
 ( 0.000000000000000000, 1.000000000000000000 ),
 .UNSPECIFIED. ) ;
#3012 = ORIENTED_EDGE ( 'NONE', *, *, #1290, .T. ) ;
#3013 = CARTESIAN_POINT ( 'NONE',  ( 38.25000000000001421, -24.87575451236835633, -56.36566443973025997 ) ) ;
#3014 = PLANE ( 'NONE',  #3767 ) ;
#3015 = CARTESIAN_POINT ( 'NONE',  ( 37.25000000000000000, -2.297629382730925318, 17.46243376769560030 ) ) ;
#3016 = EDGE_CURVE ( 'NONE', #4054, #1840, #1639, .T. ) ;
#3017 = CARTESIAN_POINT ( 'NONE',  ( 38.25000000000001421, 1.276272015520854231, -19.50000000000000355 ) ) ;
#3018 = CARTESIAN_POINT ( 'NONE',  ( 37.24999999999999289, 10.54862952342048388, -5.061987915135767402 ) ) ;
#3019 = CARTESIAN_POINT ( 'NONE',  ( 37.25000000000000000, -11.25833024919776015, -4.899999999999899991 ) ) ;
#3020 = ORIENTED_EDGE ( 'NONE', *, *, #1679, .F. ) ;
#3021 = CARTESIAN_POINT ( 'NONE',  ( 34.25000000000000711, -4.108963854214235489, 17.61171349067679870 ) ) ;
#3022 = AXIS2_PLACEMENT_3D ( 'NONE', #2623, #1723, #3876 ) ;
#3023 = CARTESIAN_POINT ( 'NONE',  ( 34.25000000000000000, 10.53589857314383949, -14.69866923532689462 ) ) ;
#3024 = DIRECTION ( 'NONE',  ( 1.000000000000000000, 0.000000000000000000, 0.000000000000000000 ) ) ;
#3025 = CARTESIAN_POINT ( 'NONE',  ( 41.70000000000000284, -9.097445829778509144E-14, -14.59999999999999964 ) ) ;
#3026 = CARTESIAN_POINT ( 'NONE',  ( 43.25000000000000000, 2.374319172197679961, 10.91979518450253117 ) ) ;
#3027 = CARTESIAN_POINT ( 'NONE',  ( 40.70000000000000284, 12.81724128227915038, -67.20171633218460272 ) ) ;
#3028 = CONICAL_SURFACE ( 'NONE', #2701, 3.149999999999999023, 0.7853981633974476129 ) ;
#3029 = CARTESIAN_POINT ( 'NONE',  ( 37.25000000000000000, -11.25833024919761982, 4.900000000000130029 ) ) ;
#3030 = ORIENTED_EDGE ( 'NONE', *, *, #476, .T. ) ;
#3031 = EDGE_CURVE ( 'NONE', #794, #1241, #1244, .T. ) ;
#3032 = CARTESIAN_POINT ( 'NONE',  ( 43.25000000000000711, -8.108154368130929157, 6.292030152875833338 ) ) ;
#3033 = CARTESIAN_POINT ( 'NONE',  ( 39.08333333333332149, -33.35322323254529664, -3.893126566331263563E-15 ) ) ;
#3034 = CARTESIAN_POINT ( 'NONE',  ( 43.25000000000000000, -21.43658153409633726, -70.07501830505576379 ) ) ;
#3035 = AXIS2_PLACEMENT_3D ( 'NONE', #3895, #2906, #3614 ) ;
#3036 = CARTESIAN_POINT ( 'NONE',  ( 41.70000000000000284, 11.25833024919771930, 8.099999999999999645 ) ) ;
#3037 = CARTESIAN_POINT ( 'NONE',  ( 37.25000000000000711, 1.389011183390118642, 13.80166121707563143 ) ) ;
#3038 = CARTESIAN_POINT ( 'NONE',  ( 37.25000000000000000, -0.4174790238005246512, -11.44140241367593802 ) ) ;
#3039 = ORIENTED_EDGE ( 'NONE', *, *, #3930, .F. ) ;
#3040 = CARTESIAN_POINT ( 'NONE',  ( -26.04972745223940933, 41.38725377494448310, -10.41666666666605856 ) ) ;
#3041 = CARTESIAN_POINT ( 'NONE',  ( 41.70000000000000284, 11.46776975943703469, 8.100000000000003197 ) ) ;
#3042 = CARTESIAN_POINT ( 'NONE',  ( 38.25000000000000711, 6.283205338062610501, -18.50405903950111863 ) ) ;
#3043 = CARTESIAN_POINT ( 'NONE',  ( 37.25000000000000000, 9.708866264393542167, -6.913184150891850344 ) ) ;
#3044 = CARTESIAN_POINT ( 'NONE',  ( 37.25000000000000000, -12.85847089128389342, -6.605374575102504586 ) ) ;
#3045 = VERTEX_POINT ( 'NONE', #784 ) ;
#3046 = CARTESIAN_POINT ( 'NONE',  ( 37.25000000000000000, 11.47123975550078967, -4.900000000000000355 ) ) ;
#3047 = CARTESIAN_POINT ( 'NONE',  ( 34.24999999999999289, -17.46800898176468309, -4.682879118523708861 ) ) ;
#3048 = CARTESIAN_POINT ( 'NONE',  ( 34.25000000000000000, 13.20112355717141206, 12.36088778898840523 ) ) ;
#3049 = CARTESIAN_POINT ( 'NONE',  ( 38.25000000000000711, 16.27461521184403637, -68.63729001441252819 ) ) ;
#3050 = CARTESIAN_POINT ( 'NONE',  ( 43.24999999999999289, -2.732672480671329840, -14.58118193167242360 ) ) ;
#3051 = EDGE_CURVE ( 'NONE', #1745, #504, #2475, .T. ) ;
#3052 = CARTESIAN_POINT ( 'NONE',  ( 43.25000000000001421, 12.12244209753387025, 26.75032309293052180 ) ) ;
#3053 = CARTESIAN_POINT ( 'NONE',  ( 38.25000000000000000, -2.378233845751590078E-15, -19.50000000000000000 ) ) ;
#3054 = ORIENTED_EDGE ( 'NONE', *, *, #3127, .T. ) ;
#3055 = CARTESIAN_POINT ( 'NONE',  ( 41.69999999999999574, -9.978863301360528126, 5.516725248040265761 ) ) ;
#3056 = CARTESIAN_POINT ( 'NONE',  ( 40.70000000000000995, -15.39645082775954243, -70.64028375449682073 ) ) ;
#3057 = CARTESIAN_POINT ( 'NONE',  ( 43.24999999999999289, -3.830885121105158664, 29.11821741851415624 ) ) ;
#3058 = CARTESIAN_POINT ( 'NONE',  ( 41.70000000000000284, 10.45253988060427908, 7.898058221366815346 ) ) ;
#3059 = B_SPLINE_CURVE_WITH_KNOTS ( 'NONE', 3,
 ( #1370, #672, #2916, #3798 ),
 .UNSPECIFIED., .F., .F.,
 ( 4, 4 ),
 ( 0.000000000000000000, 1.000000000000000000 ),
 .UNSPECIFIED. ) ;
#3060 = VERTEX_POINT ( 'NONE', #3322 ) ;
#3061 = CARTESIAN_POINT ( 'NONE',  ( 38.25000000000000000, -1.483117202166929948E-15, -82.85322323254530374 ) ) ;
#3062 = CARTESIAN_POINT ( 'NONE',  ( 41.70000000000000284, -1.558356282669308701, 13.41879661497484477 ) ) ;
#3063 = CARTESIAN_POINT ( 'NONE',  ( 43.24999999999998579, 25.74756307579167824, -60.67776919928603974 ) ) ;
#3064 = DIRECTION ( 'NONE',  ( 0.000000000000000000, 0.000000000000000000, -1.000000000000000000 ) ) ;
#3065 = ORIENTED_EDGE ( 'NONE', *, *, #3512, .F. ) ;
#3066 = CARTESIAN_POINT ( 'NONE',  ( 34.24999999999999289, 4.108963854209166655, -17.61171349068177960 ) ) ;
#3067 = CARTESIAN_POINT ( 'NONE',  ( 43.25000000000000000, 22.85702706628955028, -56.92100004334069752 ) ) ;
#3068 = CARTESIAN_POINT ( 'NONE',  ( 38.25000000000001421, 15.84808982767106578, -67.60893412459962803 ) ) ;
#3069 = CARTESIAN_POINT ( 'NONE',  ( 43.25000000000000711, -0.2083954778843837286, -16.15000000000000568 ) ) ;
#3070 = CARTESIAN_POINT ( 'NONE',  ( 38.25000000000001421, -11.93907689819336504, -68.63729001440879074 ) ) ;
#3071 = CARTESIAN_POINT ( 'NONE',  ( 34.25000000000000000, -16.92271618095892194, -9.772438145944583709 ) ) ;
#3072 = EDGE_LOOP ( 'NONE', ( #2402, #3030, #3555, #1493 ) ) ;
#3073 = EDGE_CURVE ( 'NONE', #2770, #3311, #1186, .T. ) ;
#3074 = CARTESIAN_POINT ( 'NONE',  ( 43.24999999999999289, 10.84528263137804238, 3.369981622715784830 ) ) ;
#3075 = CARTESIAN_POINT ( 'NONE',  ( 38.25000000000000711, 11.98834121825536059, -68.77756943403815626 ) ) ;
#3076 = CARTESIAN_POINT ( 'NONE',  ( -26.04887703352175166, 41.40261884281704852, -10.35263071333493912 ) ) ;
#3077 = CARTESIAN_POINT ( 'NONE',  ( 43.25000000000000000, -11.25833024919776015, -9.649999999999890221 ) ) ;
#3078 = CARTESIAN_POINT ( 'NONE',  ( 37.25000000000000000, -1.387801805835314317, -12.19652882411684125 ) ) ;
#3079 = ORIENTED_EDGE ( 'NONE', *, *, #476, .F. ) ;
#3080 = CARTESIAN_POINT ( 'NONE',  ( 38.75000000000000000, -33.35322323254531085, 2.182963355852180154 ) ) ;
#3081 = CARTESIAN_POINT ( 'NONE',  ( 43.25000000000000000, 26.39711939567634857, -53.81403787813036388 ) ) ;
#3082 = CARTESIAN_POINT ( 'NONE',  ( 41.69999999999998863, -12.81668653186706486, -6.918796614974754178 ) ) ;
#3083 = CARTESIAN_POINT ( 'NONE',  ( 37.24999999999999289, -9.709290939634314554, -6.915319144505716942 ) ) ;
#3084 = CARTESIAN_POINT ( 'NONE',  ( 39.25000000000000000, 33.35322323254529664, -50.00000000000000000 ) ) ;
#3085 = EDGE_LOOP ( 'NONE', ( #3329, #3395, #211, #3124 ) ) ;
#3086 = CARTESIAN_POINT ( 'NONE',  ( 43.25000000000000000, -14.24797489868388212, -5.486753580122530671 ) ) ;
#3087 = CARTESIAN_POINT ( 'NONE',  ( 34.24999999999998579, -14.34627571755436293, -11.01113380453187851 ) ) ;
#3088 = CARTESIAN_POINT ( 'NONE',  ( 34.24999999999999289, 17.46800898176332950, 4.682879118525766771 ) ) ;
#3089 = CARTESIAN_POINT ( 'NONE',  ( 43.25000000000000711, 2.732672480669434023, -11.41881806832402013 ) ) ;
#3090 = CARTESIAN_POINT ( 'NONE',  ( 43.25000000000000000, -11.25833024919776015, -9.649999999999890221 ) ) ;
#3091 = CARTESIAN_POINT ( 'NONE',  ( 40.69999999999999574, -24.94368571587785155, -57.20243438522478385 ) ) ;
#3092 = CARTESIAN_POINT ( 'NONE',  ( 41.70000000000000284, -11.25833024919776015, -8.099999999999900169 ) ) ;
#3093 = CARTESIAN_POINT ( 'NONE',  ( 40.69999999999999574, 11.98851673022521780, -69.20243438522481938 ) ) ;
#3094 = VERTEX_POINT ( 'NONE', #3704 ) ;
#3095 = CARTESIAN_POINT ( 'NONE',  ( 43.25000000000000000, 11.25833024919771930, 9.650000000000000355 ) ) ;
#3096 = CARTESIAN_POINT ( 'NONE',  ( 43.25000000000000000, 13.33853535405419777, 8.874318883232058752 ) ) ;
#3097 = AXIS2_PLACEMENT_3D ( 'NONE', #1316, #849, #3650 ) ;
#3098 = CARTESIAN_POINT ( 'NONE',  ( 43.24999999999998579, -29.35322323254528953, 1.928277767035259771 ) ) ;
#3099 = EDGE_CURVE ( 'NONE', #1153, #400, #3107, .T. ) ;
#3100 = CARTESIAN_POINT ( 'NONE',  ( 40.70000000000000995, -22.51225137399376308, -59.07100004334069610 ) ) ;
#3101 = AXIS2_PLACEMENT_3D ( 'NONE', #522, #2435, #2196 ) ;
#3102 = ORIENTED_EDGE ( 'NONE', *, *, #742, .F. ) ;
#3103 = CARTESIAN_POINT ( 'NONE',  ( 38.75000000000000000, 10.74693078237549848, 31.64974419757327695 ) ) ;
#3104 = CARTESIAN_POINT ( 'NONE',  ( 37.25000000000000000, 10.24325605295531183, -14.29286178684863984 ) ) ;
#3105 = FACE_OUTER_BOUND ( 'NONE', #255, .T. ) ;
#3106 = EDGE_CURVE ( 'NONE', #2293, #2224, #1533, .T. ) ;
#3107 = B_SPLINE_CURVE_WITH_KNOTS ( 'NONE', 3,
 ( #859, #210, #3359, #837 ),
 .UNSPECIFIED., .F., .F.,
 ( 4, 4 ),
 ( 0.000000000000000000, 1.000000000000000000 ),
 .UNSPECIFIED. ) ;
#3108 = ORIENTED_EDGE ( 'NONE', *, *, #368, .T. ) ;
#3109 = CARTESIAN_POINT ( 'NONE',  ( 38.25000000000000000, 32.85322323254529664, -1.713653106460060033E-15 ) ) ;
#3110 = CARTESIAN_POINT ( 'NONE',  ( 34.25000000000000000, 17.84353401768080261, -2.943523363741832100 ) ) ;
#3111 = CARTESIAN_POINT ( 'NONE',  ( 43.25000000000000711, 2.080453549280753656, -15.37456790597565259 ) ) ;
#3112 = FACE_OUTER_BOUND ( 'NONE', #4001, .T. ) ;
#3113 = CARTESIAN_POINT ( 'NONE',  ( 40.69999999999999574, -24.51296942703394066, -55.59972459539464040 ) ) ;
#3114 = CARTESIAN_POINT ( 'NONE',  ( 38.25000000000002132, -21.08411261842926265, -55.60893412460303153 ) ) ;
#3115 = B_SPLINE_CURVE_WITH_KNOTS ( 'NONE', 3,
 ( #1694, #2979, #139, #1390, #3626, #1761, #224, #1884, #2412, #1164, #2433, #1141, #264, #3673, #1538, #2793, #519, #2111 ),
 .UNSPECIFIED., .F., .F.,
 ( 4, 2, 2, 2, 2, 2, 2, 2, 4 ),
 ( 0.000000000000000000, 0.1250000000000000000, 0.2500000000000000000, 0.3750000000000000000, 0.5000000000000000000, 0.6250000000000000000, 0.7500000000000000000, 0.8750000000000000000, 1.000000000000000000 ),
 .UNSPECIFIED. ) ;
#3116 = CARTESIAN_POINT ( 'NONE',  ( 41.70000000000000284, 10.83953363422287630, 4.941643717330690855 ) ) ;
#3117 = EDGE_LOOP ( 'NONE', ( #2244, #539 ) ) ;
#3118 = CARTESIAN_POINT ( 'NONE',  ( 43.25000000000000000, 11.04993477131516144, 3.349999999999999645 ) ) ;
#3119 = CARTESIAN_POINT ( 'NONE',  ( 38.25000000000000000, -32.85322323254529664, 5.140959319380179311E-15 ) ) ;
#3120 = CARTESIAN_POINT ( 'NONE',  ( 43.24999999999999289, 14.08880166876507545, 7.897524590317424931 ) ) ;
#3121 = CARTESIAN_POINT ( 'NONE',  ( 43.25000000000000711, -7.601834668581149757, 28.36840283479420677 ) ) ;
#3122 = CARTESIAN_POINT ( 'NONE',  ( 43.24999999999999289, 1.013246421066035241, 15.98964464839652067 ) ) ;
#3123 = CARTESIAN_POINT ( 'NONE',  ( 37.25000000000001421, 0.4170073368967182059, 14.55940241733935814 ) ) ;
#3124 = ORIENTED_EDGE ( 'NONE', *, *, #2797, .T. ) ;
#3125 = B_SPLINE_CURVE_WITH_KNOTS ( 'NONE', 3,
 ( #3341, #3118, #3074, #2726, #213, #1529, #4040, #1813, #1200, #2126, #2785, #3383, #4066, #232, #1487, #3363, #1464, #3752, #2103, #821, #2168, #2468, #1222, #2744, #907, #3733, #2189, #3404, #862, #575, #1849, #3095 ),
 .UNSPECIFIED., .F., .F.,
 ( 4, 2, 2, 2, 2, 2, 2, 2, 2, 2, 2, 2, 2, 2, 2, 4 ),
 ( 0.000000000000000000, 0.06250000000000016653, 0.1250000000000003331, 0.1875000000000004996, 0.2500000000000005551, 0.3125000000000006661, 0.3750000000000007772, 0.4375000000000008882, 0.5000000000000009992, 0.5625000000000007772, 0.6250000000000006661, 0.6875000000000004441, 0.7500000000000003331, 0.8125000000000001110, 0.8750000000000000000, 1.000000000000000000 ),
 .UNSPECIFIED. ) ;
#3126 = CARTESIAN_POINT ( 'NONE',  ( 38.75000000000000000, 16.71499030809890840, 28.94498105048873526 ) ) ;
#3127 = EDGE_CURVE ( 'NONE', #1745, #10, #1997, .T. ) ;
#3128 = CARTESIAN_POINT ( 'NONE',  ( 37.24999999999999289, 10.20156992489016190, 7.705782477543449360 ) ) ;
#3129 = ORIENTED_EDGE ( 'NONE', *, *, #2805, .T. ) ;
#3130 = CARTESIAN_POINT ( 'NONE',  ( 42.73333333333333428, -11.25833024919762515, 9.133333333333466086 ) ) ;
#3131 = CARTESIAN_POINT ( 'NONE',  ( 43.24999999999999289, -9.405588700309563066, -68.30713836313991294 ) ) ;
#3132 = CARTESIAN_POINT ( 'NONE',  ( 43.25000000000000000, -9.039592607841008547E-14, -9.849999999999999645 ) ) ;
#3133 = CARTESIAN_POINT ( 'NONE',  ( 42.73333333333333428, -5.524684272583690344E-15, 15.63333333333333286 ) ) ;
#3134 = CARTESIAN_POINT ( 'NONE',  ( 40.70000000000000284, 12.41923301906913579, -70.24227549128680437 ) ) ;
#3135 = VERTEX_POINT ( 'NONE', #4064 ) ;
#3136 = CARTESIAN_POINT ( 'NONE',  ( 37.25000000000000711, 11.36387340188588091, -8.100071150768602735 ) ) ;
#3137 = CARTESIAN_POINT ( 'NONE',  ( 43.24999999999999289, 12.12251050791469176, -76.75048847949611286 ) ) ;
#3138 = CARTESIAN_POINT ( 'NONE',  ( 40.69999999999998863, -15.95381611477513317, -70.00378085113810300 ) ) ;
#3139 = CARTESIAN_POINT ( 'NONE',  ( 41.69999999999998863, 1.599999999999911715, -13.20943951023931717 ) ) ;
#3140 = DIRECTION ( 'NONE',  ( 0.000000000000000000, 0.000000000000000000, -1.000000000000000000 ) ) ;
#3141 = CARTESIAN_POINT ( 'NONE',  ( 38.25000000000000711, -11.89480094181999803, 15.50459869884028130 ) ) ;
#3142 = CARTESIAN_POINT ( 'NONE',  ( 37.25000000000001421, 17.57507159918020179, -0.5762675855498228250 ) ) ;
#3143 = CARTESIAN_POINT ( 'NONE',  ( 37.25000000000000000, 9.668268681733930947, 6.290913679698022065 ) ) ;
#3144 = EDGE_CURVE ( 'NONE', #659, #202, #2522, .T. ) ;
#3145 = ORIENTED_EDGE ( 'NONE', *, *, #2255, .F. ) ;
#3146 = CARTESIAN_POINT ( 'NONE',  ( 34.25000000000000711, -9.040451813624628130, -15.66304332606211602 ) ) ;
#3147 = B_SPLINE_CURVE_WITH_KNOTS ( 'NONE', 3,
 ( #3061, #2130, #2690, #2048, #3963, #2669, #178, #219, #1762, #4027, #3330, #2710, #1181, #2409, #3627, #2453, #1738, #3284 ),
 .UNSPECIFIED., .F., .F.,
 ( 4, 2, 2, 2, 2, 2, 2, 2, 4 ),
 ( 0.000000000000000000, 0.1250000000000000555, 0.2500000000000001665, 0.3750000000000002776, 0.5000000000000004441, 0.6250000000000005551, 0.7500000000000005551, 0.8750000000000002220, 1.000000000000000000 ),
 .UNSPECIFIED. ) ;
#3148 = CARTESIAN_POINT ( 'NONE',  ( 41.70000000000000284, 1.959434878635764984E-16, 14.59999999999999964 ) ) ;
#3149 = PLANE ( 'NONE',  #2451 ) ;
#3150 = CARTESIAN_POINT ( 'NONE',  ( 43.24999999999999289, -1.397952213927195597, -10.16970596345258748 ) ) ;
#3151 = B_SPLINE_CURVE_WITH_KNOTS ( 'NONE', 3,
 ( #2780, #1526, #2842, #293 ),
 .UNSPECIFIED., .F., .F.,
 ( 4, 4 ),
 ( 0.000000000000000000, 1.000000000000000000 ),
 .UNSPECIFIED. ) ;
#3152 = CARTESIAN_POINT ( 'NONE',  ( 38.25000000000000000, -20.64386122784816635, -56.77756943403544199 ) ) ;
#3153 = ORIENTED_EDGE ( 'NONE', *, *, #2971, .F. ) ;
#3154 = CARTESIAN_POINT ( 'NONE',  ( 43.25000000000000711, 25.43479885967993681, -64.68418117199445305 ) ) ;
#3155 = CARTESIAN_POINT ( 'NONE',  ( 38.25000000000000000, -2.150238432377185926, 32.85322323254530374 ) ) ;
#3156 = CARTESIAN_POINT ( 'NONE',  ( 37.25000000000000711, 7.777512291677107115, 15.77114789202448897 ) ) ;
#3157 = CARTESIAN_POINT ( 'NONE',  ( 39.25000000000000000, 33.35322323254529664, 1.978474156660149908E-15 ) ) ;
#3158 = CARTESIAN_POINT ( 'NONE',  ( 38.75000000000000000, -33.35322323254529664, -50.00000000000000000 ) ) ;
#3159 = FACE_OUTER_BOUND ( 'NONE', #830, .T. ) ;
#3160 = CARTESIAN_POINT ( 'NONE',  ( 38.75000000000000000, 25.12787851416627660, 22.04070213015668145 ) ) ;
#3161 = CARTESIAN_POINT ( 'NONE',  ( 34.74999999928449768, -1.155557966632341862E-30, -17.57499999999999929 ) ) ;
#3162 = CARTESIAN_POINT ( 'NONE',  ( 37.25000000000001421, -11.67568450712906269, -8.059258652838257930 ) ) ;
#3163 = CARTESIAN_POINT ( 'NONE',  ( 37.25000000000000711, 14.29298085196662704, -10.24333560963947320 ) ) ;
#3164 = CARTESIAN_POINT ( 'NONE',  ( 37.25000000000000711, 11.04689944875457819, 8.099999999999999645 ) ) ;
#3165 = ORIENTED_EDGE ( 'NONE', *, *, #159, .F. ) ;
#3166 = CARTESIAN_POINT ( 'NONE',  ( 41.69999999999998863, 12.65638847056447247, -7.305790368593440220 ) ) ;
#3167 = CARTESIAN_POINT ( 'NONE',  ( 43.25000000000000000, -10.33927682641825818, -66.05313649077297100 ) ) ;
#3168 = CARTESIAN_POINT ( 'NONE',  ( 37.25000000000000000, -0.8034710911965056157, 11.61219810925198637 ) ) ;
#3169 = CARTESIAN_POINT ( 'NONE',  ( 38.25000000000000000, -22.10336177962968307, -58.96239171019240644 ) ) ;
#3170 = CARTESIAN_POINT ( 'NONE',  ( 37.25000000000000000, -10.84132291229823686, 8.059402417339480706 ) ) ;
#3171 = ORIENTED_EDGE ( 'NONE', *, *, #1465, .T. ) ;
#3172 =( NAMED_UNIT ( * ) PLANE_ANGLE_UNIT ( ) SI_UNIT ( $, .RADIAN. ) );
#3173 = CARTESIAN_POINT ( 'NONE',  ( 43.25000000000000000, 12.99016839086522168, -76.34026755562003075 ) ) ;
#3174 = CARTESIAN_POINT ( 'NONE',  ( 38.25000000000000711, -26.12184831712982103, 20.04013080247701950 ) ) ;
#3175 = CARTESIAN_POINT ( 'NONE',  ( 38.75000000000001421, -33.13822542452609810, 4.365872733633644032 ) ) ;
#3176 = DIRECTION ( 'NONE',  ( -1.000000000000000000, 0.000000000000000000, 0.000000000000000000 ) ) ;
#3177 = ADVANCED_FACE ( 'NONE', ( #1448 ), #2836, .F. ) ;
#3178 = CARTESIAN_POINT ( 'NONE',  ( 43.25000000000000711, -2.989644649487589678, 14.01324641987553044 ) ) ;
#3179 = CARTESIAN_POINT ( 'NONE',  ( 43.25000000000000000, -29.35322323254530019, -16.66666666666666785 ) ) ;
#3180 = CARTESIAN_POINT ( 'NONE',  ( 43.24999999999999289, 9.468951762468416078, -68.30720661444571817 ) ) ;
#3181 = ORIENTED_EDGE ( 'NONE', *, *, #3462, .T. ) ;
#3182 = CARTESIAN_POINT ( 'NONE',  ( 39.25000000000000000, -8.647909387792436675, 32.28647537644089738 ) ) ;
#3183 = DIRECTION ( 'NONE',  ( 0.000000000000000000, 0.000000000000000000, -1.000000000000000000 ) ) ;
#3184 = CARTESIAN_POINT ( 'NONE',  ( 38.25000000000000711, 20.99061024908676387, -55.84366701265273747 ) ) ;
#3185 = ORIENTED_EDGE ( 'NONE', *, *, #1465, .F. ) ;
#3186 = CARTESIAN_POINT ( 'NONE',  ( 38.73333333333333428, 11.25833024919765535, -4.899999999999999467 ) ) ;
#3187 = CARTESIAN_POINT ( 'NONE',  ( 43.25000000000000000, -11.70877871522170288, -73.02766390660676166 ) ) ;
#3188 = CYLINDRICAL_SURFACE ( 'NONE', #3699, 1.599999999999999867 ) ;
#3189 = CARTESIAN_POINT ( 'NONE',  ( 43.25000000000000711, 8.753269157421565083, -8.421826447939261939 ) ) ;
#3190 = CARTESIAN_POINT ( 'NONE',  ( 38.25000000000000000, -14.07517537981347999, -66.77100004334070604 ) ) ;
#3191 = EDGE_LOOP ( 'NONE', ( #2978, #1960, #2843, #1280 ) ) ;
#3192 = CARTESIAN_POINT ( 'NONE',  ( 43.24999999999999289, -17.88141647312993854, -73.29815134577924596 ) ) ;
#3193 = CARTESIAN_POINT ( 'NONE',  ( 38.25000000000000000, 1.645107408773974943E-13, 32.85322323254529664 ) ) ;
#3194 = CARTESIAN_POINT ( 'NONE',  ( 37.25000000000000000, 13.22084142778519755, 11.59431564261638314 ) ) ;
#3195 = FACE_BOUND ( 'NONE', #1018, .T. ) ;
#3196 = CARTESIAN_POINT ( 'NONE',  ( 43.25000000000000000, -2.505061091779006155, 11.07817355206221066 ) ) ;
#3197 = EDGE_CURVE ( 'NONE', #1840, #1227, #2339, .T. ) ;
#3198 = ORIENTED_EDGE ( 'NONE', *, *, #824, .F. ) ;
#3199 = CARTESIAN_POINT ( 'NONE',  ( 41.69999999999999574, -1.279466947837183621, -12.01672524804013698 ) ) ;
#3200 = CARTESIAN_POINT ( 'NONE',  ( 38.25000000000000711, 21.90181224337556998, -54.98970972038701177 ) ) ;
#3201 = B_SPLINE_CURVE_WITH_KNOTS ( 'NONE', 3,
 ( #3379, #2399, #3658, #3998 ),
 .UNSPECIFIED., .F., .F.,
 ( 4, 4 ),
 ( 0.000000000000000000, 1.000000000000000000 ),
 .UNSPECIFIED. ) ;
#3202 = CARTESIAN_POINT ( 'NONE',  ( 41.69999999999999574, -12.53779719703485540, -5.516725248040037499 ) ) ;
#3203 = CARTESIAN_POINT ( 'NONE',  ( 38.24999999999999289, 12.71953380485083684, -67.29917559786694881 ) ) ;
#3204 = B_SPLINE_CURVE_WITH_KNOTS ( 'NONE', 3,
 ( #4028, #3041, #541, #1162, #2153, #2711, #158, #1428, #3988, #1468, #495, #3690, #889, #1779, #4049, #827, #3390, #846 ),
 .UNSPECIFIED., .F., .F.,
 ( 4, 2, 2, 2, 2, 2, 2, 2, 4 ),
 ( 0.000000000000000000, 0.1249999999999997502, 0.2499999999999995004, 0.3749999999999995559, 0.4999999999999996669, 0.6249999999999997780, 0.7499999999999997780, 0.8749999999999998890, 1.000000000000000000 ),
 .UNSPECIFIED. ) ;
#3205 = CARTESIAN_POINT ( 'NONE',  ( 38.25000000000000711, 24.89809442863166566, -57.61118964892467176 ) ) ;
#3206 = EDGE_LOOP ( 'NONE', ( #939, #1706, #346, #1640 ) ) ;
#3207 = CARTESIAN_POINT ( 'NONE',  ( 40.70000000000000284, 15.22129753802265029, -67.04235930837904789 ) ) ;
#3208 = DIRECTION ( 'NONE',  ( 1.000000000000000000, 0.000000000000000000, 0.000000000000000000 ) ) ;
#3209 = CARTESIAN_POINT ( 'NONE',  ( 43.25000000000000711, 8.207974541176554339, -5.685773224332521636 ) ) ;
#3210 = CARTESIAN_POINT ( 'NONE',  ( 39.25000000000000000, -33.35322323254529664, -50.00000000000000000 ) ) ;
#3211 = CARTESIAN_POINT ( 'NONE',  ( 37.25000000000000000, -11.25833024919761982, 8.100000000000129319 ) ) ;
#3212 = ORIENTED_EDGE ( 'NONE', *, *, #1560, .T. ) ;
#3213 = CARTESIAN_POINT ( 'NONE',  ( 43.25000000000000711, 27.81081801517487762, -59.43994552718671542 ) ) ;
#3214 = CARTESIAN_POINT ( 'NONE',  ( 41.69999999999999574, 0.8057903685934405535, 11.60194177863318643 ) ) ;
#3215 = CARTESIAN_POINT ( 'NONE',  ( 37.25000000000000000, -12.85847089128392007, 6.394625424897903088 ) ) ;
#3216 = DIRECTION ( 'NONE',  ( 1.000000000000000000, 0.000000000000000000, 0.000000000000000000 ) ) ;
#3217 = CARTESIAN_POINT ( 'NONE',  ( 43.25000000000000000, -2.830471419566872981, 11.60247540968127566 ) ) ;
#3218 = CARTESIAN_POINT ( 'NONE',  ( 43.24999999999999289, -8.427858829630260118, 7.897524590318996118 ) ) ;
#3219 = ORIENTED_EDGE ( 'NONE', *, *, #3106, .T. ) ;
#3220 = CARTESIAN_POINT ( 'NONE',  ( 41.69999999999999574, -0.8057903685935338123, -11.60194177863318821 ) ) ;
#3221 = CARTESIAN_POINT ( 'NONE',  ( 34.74999999928449057, 17.46171000551901287, 2.300533677319037018 ) ) ;
#3222 = CARTESIAN_POINT ( 'NONE',  ( 40.70000000000000995, 22.29426911491711039, -59.01504129817757871 ) ) ;
#3223 = CARTESIAN_POINT ( 'NONE',  ( 43.25000000000000711, -13.63289786581379737, -8.580453838248434550 ) ) ;
#3224 = CARTESIAN_POINT ( 'NONE',  ( 38.75000000000000000, -22.04070213015668145, -75.12787851416629792 ) ) ;
#3225 = CARTESIAN_POINT ( 'NONE',  ( 38.24999999999998579, -23.87324911044435538, -55.05607350763165186 ) ) ;
#3226 = CARTESIAN_POINT ( 'NONE',  ( 43.24999999999999289, -19.92585499912885538, -53.18503792495412341 ) ) ;
#3227 = CARTESIAN_POINT ( 'NONE',  ( 37.25000000000001421, -6.193232096450038249, -16.45764469247210471 ) ) ;
#3228 = CARTESIAN_POINT ( 'NONE',  ( 38.25000000000000711, 25.00720257825851789, -57.06443065264596726 ) ) ;
#3229 = ADVANCED_FACE ( 'NONE', ( #3736 ), #325, .T. ) ;
#3230 = AXIS2_PLACEMENT_3D ( 'NONE', #1002, #19, #674 ) ;
#3231 = CARTESIAN_POINT ( 'NONE',  ( 40.70000000000000284, 14.13851673022521993, -66.77100004334070604 ) ) ;
#3232 = FACE_OUTER_BOUND ( 'NONE', #267, .T. ) ;
#3233 = EDGE_CURVE ( 'NONE', #3645, #3275, #285, .T. ) ;
#3234 = CARTESIAN_POINT ( 'NONE',  ( 37.25000000000000000, -11.25833024919761982, 4.900000000000130029 ) ) ;
#3235 = VERTEX_POINT ( 'NONE', #3077 ) ;
#3236 = DIRECTION ( 'NONE',  ( 0.000000000000000000, 1.000000000000000000, 0.000000000000000000 ) ) ;
#3237 = CARTESIAN_POINT ( 'NONE',  ( 41.69999999999998863, 1.558356282669306703, 13.41879661497485010 ) ) ;
#3238 = CARTESIAN_POINT ( 'NONE',  ( 43.25000000000000000, -11.25833024919761982, 6.500000000000129674 ) ) ;
#3239 = CARTESIAN_POINT ( 'NONE',  ( 43.25000000000000000, 28.97694873485014710, 4.782241088993925970 ) ) ;
#3240 = CARTESIAN_POINT ( 'NONE',  ( 43.25000000000000000, -2.080205104858542153, 10.62568111677294702 ) ) ;
#3241 = CARTESIAN_POINT ( 'NONE',  ( 41.69999999999999574, -10.83953363422277150, 8.058356282669439707 ) ) ;
#3242 = CARTESIAN_POINT ( 'NONE',  ( 43.25000000000000000, 17.87441528359700271, -66.05313649074781779 ) ) ;
#3243 = CARTESIAN_POINT ( 'NONE',  ( 38.25000000000002132, 21.23520087803073864, -58.33998088607082622 ) ) ;
#3244 = B_SPLINE_CURVE_WITH_KNOTS ( 'NONE', 3,
 ( #1778, #769, #3040, #2369 ),
 .UNSPECIFIED., .F., .F.,
 ( 4, 4 ),
 ( 0.000000000000000000, 1.000000000000000000 ),
 .UNSPECIFIED. ) ;
#3245 = CARTESIAN_POINT ( 'NONE',  ( 40.69999999999999574, 20.70702706628954815, -57.20243438522478385 ) ) ;
#3246 = CARTESIAN_POINT ( 'NONE',  ( 43.24999999999999289, -18.71446485217058608, -54.56689234298156777 ) ) ;
#3247 = CARTESIAN_POINT ( 'NONE',  ( 37.25000000000000000, -17.43418453953817604, -2.295215179565226915 ) ) ;
#3248 = CARTESIAN_POINT ( 'NONE',  ( 38.24999999999999289, 23.41436017005312920, -59.00280879121532962 ) ) ;
#3249 = EDGE_CURVE ( 'NONE', #1812, #288, #3957, .T. ) ;
#3250 = CARTESIAN_POINT ( 'NONE',  ( 41.70000000000000284, 11.25833024919771930, 8.099999999999999645 ) ) ;
#3251 = CARTESIAN_POINT ( 'NONE',  ( 38.75000000000000000, 0.000000000000000000, 33.35322323254529664 ) ) ;
#3252 = CARTESIAN_POINT ( 'NONE',  ( 40.70000000000000284, 22.85702706628955028, -59.07100004334069610 ) ) ;
#3253 = CARTESIAN_POINT ( 'NONE',  ( 41.69999999999998863, 10.45253988060422046, -7.898058221366818010 ) ) ;
#3254 = ORIENTED_EDGE ( 'NONE', *, *, #3372, .F. ) ;
#3255 = CARTESIAN_POINT ( 'NONE',  ( 39.24999999999999289, -25.12787851416629437, -72.04070213015668855 ) ) ;
#3256 = CARTESIAN_POINT ( 'NONE',  ( 43.25000000000000000, -8.268685599708629042, -7.513246419872424475 ) ) ;
#3257 = CARTESIAN_POINT ( 'NONE',  ( 37.24999999999999289, 12.46411335396399700, 7.556759789237543323 ) ) ;
#3258 = CARTESIAN_POINT ( 'NONE',  ( 43.25000000000000000, -14.07517537981347999, -64.22100004334070888 ) ) ;
#3259 = CARTESIAN_POINT ( 'NONE',  ( 43.25000000000000000, 12.27157667026042809, -3.510355351601071039 ) ) ;
#3260 = CARTESIAN_POINT ( 'NONE',  ( 41.69999999999998863, -11.67712686417261203, -4.941643717330593155 ) ) ;
#3261 = B_SPLINE_CURVE_WITH_KNOTS ( 'NONE', 3,
 ( #779, #1747, #3397, #2137 ),
 .UNSPECIFIED., .F., .F.,
 ( 4, 4 ),
 ( 0.000000000000000000, 1.000000000000000000 ),
 .UNSPECIFIED. ) ;
#3262 = CARTESIAN_POINT ( 'NONE',  ( 40.70000000000000284, 21.53575161834348251, -55.20171633218461693 ) ) ;
#3263 = CARTESIAN_POINT ( 'NONE',  ( 43.25000000000000000, -11.25833024919761982, 9.650000000000130029 ) ) ;
#3264 = CARTESIAN_POINT ( 'NONE',  ( 43.24999999999999289, -20.71204915280829795, -52.69580704965085971 ) ) ;
#3265 = CARTESIAN_POINT ( 'NONE',  ( 37.25000000000000000, -12.83493502516285822, -12.01996959007041887 ) ) ;
#3266 = CARTESIAN_POINT ( 'NONE',  ( 38.25000000000000711, 24.27576003713233987, -55.29942172696585345 ) ) ;
#3267 = CARTESIAN_POINT ( 'NONE',  ( 43.24999999999999289, -13.99251174627110395, 8.078923529122548075 ) ) ;
#3268 = CARTESIAN_POINT ( 'NONE',  ( 43.25000000000000000, -9.116269104654289564E-14, -16.15000000000000213 ) ) ;
#3269 = FACE_BOUND ( 'NONE', #3366, .T. ) ;
#3270 = CARTESIAN_POINT ( 'NONE',  ( 43.25000000000000000, -22.79368571587784942, -56.92100004334069752 ) ) ;
#3271 = CARTESIAN_POINT ( 'NONE',  ( 38.24999999999999289, -14.35825202370019760, -66.78463829376573813 ) ) ;
#3272 = ADVANCED_FACE ( 'NONE', ( #2120 ), #792, .T. ) ;
#3273 = CARTESIAN_POINT ( 'NONE',  ( 37.25000000000000000, 16.01658857726524943, 7.258035751549049230 ) ) ;
#3274 = CARTESIAN_POINT ( 'NONE',  ( 41.70000000000000284, 10.83953363422281591, -8.058356282669310033 ) ) ;
#3275 = VERTEX_POINT ( 'NONE', #170 ) ;
#3276 = CARTESIAN_POINT ( 'NONE',  ( 39.24999999999999289, -32.28647537644086185, -58.64790938779256635 ) ) ;
#3277 = CARTESIAN_POINT ( 'NONE',  ( 43.25000000000000000, -27.34268979272443545, -58.14089400032867161 ) ) ;
#3278 = CARTESIAN_POINT ( 'NONE',  ( 37.25000000000000000, 11.47123975550305452, 8.099999999999999645 ) ) ;
#3279 = CARTESIAN_POINT ( 'NONE',  ( 38.75000000000000000, 8.647909387792489966, -82.28647537644087606 ) ) ;
#3280 = CARTESIAN_POINT ( 'NONE',  ( 43.25000000000000711, 14.24829988445238804, -5.486618966419536392 ) ) ;
#3281 = CARTESIAN_POINT ( 'NONE',  ( 40.70000000000000284, 21.13774335513347680, -58.24227549128677595 ) ) ;
#3282 = CARTESIAN_POINT ( 'NONE',  ( 38.75000000000000711, -33.13822542452609810, -54.36587273363360850 ) ) ;
#3283 = ORIENTED_EDGE ( 'NONE', *, *, #3073, .F. ) ;
#3284 = CARTESIAN_POINT ( 'NONE',  ( 38.25000000000000000, 32.85322323254529664, -50.00000000000000000 ) ) ;
#3285 = CARTESIAN_POINT ( 'NONE',  ( 38.75000000000000000, 33.35322323254529664, 2.239724881261170019E-14 ) ) ;
#3286 = CARTESIAN_POINT ( 'NONE',  ( 34.74999999928449057, -5.662940195715427727, -16.67737628816573547 ) ) ;
#3287 = CARTESIAN_POINT ( 'NONE',  ( 43.24999999999999289, -14.38861244808139439, 6.912409171683562725 ) ) ;
#3288 = AXIS2_PLACEMENT_3D ( 'NONE', #2239, #1864, #1928 ) ;
#3289 = CARTESIAN_POINT ( 'NONE',  ( 38.25000000000000711, 9.772438145944542853, -16.92271618095894326 ) ) ;
#3290 = CARTESIAN_POINT ( 'NONE',  ( 34.24999999999999289, 12.88612163632423702, 14.69104282995112065 ) ) ;
#3291 = CARTESIAN_POINT ( 'NONE',  ( 37.25000000000000711, 16.65141730375016138, 5.652353939352282808 ) ) ;
#3292 = CARTESIAN_POINT ( 'NONE',  ( 40.58333333333332860, 1.343542649134462939E-13, 32.01988989921196804 ) ) ;
#3293 = CARTESIAN_POINT ( 'NONE',  ( 43.25000000000000711, 26.39686186890368447, -60.02771827273324590 ) ) ;
#3294 = B_SPLINE_CURVE_WITH_KNOTS ( 'NONE', 3,
 ( #2672, #3946, #1157, #2427 ),
 .UNSPECIFIED., .F., .F.,
 ( 4, 4 ),
 ( 0.000000000000000000, 1.000000000000000000 ),
 .UNSPECIFIED. ) ;
#3295 = ORIENTED_EDGE ( 'NONE', *, *, #1127, .F. ) ;
#3296 = CARTESIAN_POINT ( 'NONE',  ( 38.25000000000000000, 32.85322323254529664, -1.713653106460060033E-15 ) ) ;
#3297 = CARTESIAN_POINT ( 'NONE',  ( 42.39999999999999858, 22.85702706628955028, -60.77100004334070604 ) ) ;
#3298 = CARTESIAN_POINT ( 'NONE',  ( 43.25000000000000711, -9.338762205590244392, -3.993429890184370556 ) ) ;
#3299 = CARTESIAN_POINT ( 'NONE',  ( 43.25000000000000000, 1.397952213928093546, 10.16970596345259104 ) ) ;
#3300 = DIRECTION ( 'NONE',  ( 1.000000000000000000, 0.000000000000000000, 0.000000000000000000 ) ) ;
#3301 = CARTESIAN_POINT ( 'NONE',  ( 37.25000000000000000, 12.06590989586595519, 7.897012086696766353 ) ) ;
#3302 = B_SPLINE_CURVE_WITH_KNOTS ( 'NONE', 3,
 ( #1821, #4074, #2491, #1948, #3460, #975, #2250, #3438, #3160, #3757, #1555, #3126, #1857, #3103, #1620, #1580, #1228, #2812 ),
 .UNSPECIFIED., .F., .F.,
 ( 4, 2, 2, 2, 2, 2, 2, 2, 4 ),
 ( 0.000000000000000000, 0.1250000000000000000, 0.2500000000000000000, 0.3750000000000000000, 0.5000000000000000000, 0.6250000000000000000, 0.7500000000000000000, 0.8750000000000000000, 1.000000000000000000 ),
 .UNSPECIFIED. ) ;
#3303 = CARTESIAN_POINT ( 'NONE',  ( 37.25000000000000000, -11.15278709650935340, 4.899928849231609540 ) ) ;
#3304 = CARTESIAN_POINT ( 'NONE',  ( 43.25000000000000711, -8.883762632580207708, 8.580453838247940723 ) ) ;
#3305 = ADVANCED_FACE ( 'NONE', ( #857 ), #2737, .F. ) ;
#3306 = CARTESIAN_POINT ( 'NONE',  ( 43.25000000000001421, -18.74476205931611617, -69.53486172356944905 ) ) ;
#3307 = CARTESIAN_POINT ( 'NONE',  ( 41.70000000000000284, -9.658330249197762285, -6.290560489760579799 ) ) ;
#3308 = CARTESIAN_POINT ( 'NONE',  ( 34.25000000000000000, 0.000000000000000000, 0.000000000000000000 ) ) ;
#3309 = B_SPLINE_CURVE_WITH_KNOTS ( 'NONE', 3,
 ( #3337, #3069, #552, #1503, #3681, #3358, #530, #1107, #228, #151, #1808, #3050, #207, #4036, #1482, #2464, #781, #1418, #3954, #2077, #2379, #3637, #799, #3321, #250, #3471, #2821, #899, #3150, #923, #314, #3132 ),
 .UNSPECIFIED., .F., .F.,
 ( 4, 2, 2, 2, 2, 2, 2, 2, 2, 2, 2, 2, 2, 2, 2, 4 ),
 ( 0.000000000000000000, 0.06250000000000019429, 0.1250000000000003886, 0.1875000000000005829, 0.2500000000000004996, 0.3125000000000004441, 0.3750000000000004441, 0.4375000000000003886, 0.5000000000000003331, 0.5625000000000004441, 0.6250000000000003331, 0.6875000000000003331, 0.7500000000000003331, 0.8125000000000003331, 0.8750000000000002220, 1.000000000000000000 ),
 .UNSPECIFIED. ) ;
#3310 = CARTESIAN_POINT ( 'NONE',  ( 38.75000000000000000, -14.78052111176351602, -79.97897637808380011 ) ) ;
#3311 = VERTEX_POINT ( 'NONE', #2699 ) ;
#3312 = CARTESIAN_POINT ( 'NONE',  ( 38.75000000000000711, -2.182963355852047815, 33.35322323254530374 ) ) ;
#3313 = CARTESIAN_POINT ( 'NONE',  ( 37.24999999999999289, -10.70656403125468792, 13.94940034675262197 ) ) ;
#3314 = DIRECTION ( 'NONE',  ( 0.000000000000000000, 0.000000000000000000, -1.000000000000000000 ) ) ;
#3315 = CARTESIAN_POINT ( 'NONE',  ( 37.25000000000000711, 10.84097599126221390, -8.059258652838018122 ) ) ;
#3316 = EDGE_LOOP ( 'NONE', ( #1988, #372, #3492, #2143 ) ) ;
#3317 = CARTESIAN_POINT ( 'NONE',  ( 38.25000000000000711, 26.12184831712989563, 20.04013080247691647 ) ) ;
#3318 = CARTESIAN_POINT ( 'NONE',  ( 34.25000000000000000, -16.47182250576534557, 7.465940894680870521 ) ) ;
#3319 = CARTESIAN_POINT ( 'NONE',  ( 39.24999999999999289, -2.182963355852149068, -83.35322323254530374 ) ) ;
#3320 = CARTESIAN_POINT ( 'NONE',  ( 43.25000000000000711, -8.427533843865786523, -7.897659204027456248 ) ) ;
#3321 = CARTESIAN_POINT ( 'NONE',  ( 43.24999999999999289, -2.506570108178219236, -11.08043195460344776 ) ) ;
#3322 = CARTESIAN_POINT ( 'NONE',  ( 37.25000000000000000, -6.439087865156279720E-16, 14.59999999999999964 ) ) ;
#3323 = CARTESIAN_POINT ( 'NONE',  ( 34.25000000000000000, -5.056010085927844955, -18.87632464937487242 ) ) ;
#3324 = ORIENTED_EDGE ( 'NONE', *, *, #2608, .T. ) ;
#3325 = DIRECTION ( 'NONE',  ( 0.000000000000000000, 1.000000000000000000, 0.000000000000000000 ) ) ;
#3326 = CARTESIAN_POINT ( 'NONE',  ( 41.70000000000000284, -11.25833024919761982, 8.100000000000129319 ) ) ;
#3327 = CARTESIAN_POINT ( 'NONE',  ( 41.69999999999998863, -9.978863301360672011, -5.516725248040033058 ) ) ;
#3328 = EDGE_CURVE ( 'NONE', #43, #789, #1049, .T. ) ;
#3329 = ORIENTED_EDGE ( 'NONE', *, *, #1486, .T. ) ;
#3330 = CARTESIAN_POINT ( 'NONE',  ( 38.25000000000000000, 26.12184831712983524, -70.04013080247700884 ) ) ;
#3331 = CYLINDRICAL_SURFACE ( 'NONE', #1115, 2.149999999999999023 ) ;
#3332 = CARTESIAN_POINT ( 'NONE',  ( 37.25000000000000000, 9.658189607111047792, -6.605374575098974965 ) ) ;
#3333 = ORIENTED_EDGE ( 'NONE', *, *, #1733, .F. ) ;
#3334 = CARTESIAN_POINT ( 'NONE',  ( 42.73333333333333428, 0.000000000000000000, 10.36666666666666536 ) ) ;
#3335 = CARTESIAN_POINT ( 'NONE',  ( 34.25000000000000000, 17.12578689885465622, -5.811034135200994655 ) ) ;
#3336 = CARTESIAN_POINT ( 'NONE',  ( 38.25000000000000000, 16.27513852841671138, -69.20207918707441763 ) ) ;
#3337 = CARTESIAN_POINT ( 'NONE',  ( 43.25000000000000000, -9.116269104654289564E-14, -16.15000000000000213 ) ) ;
#3338 = CARTESIAN_POINT ( 'NONE',  ( 43.25000000000001421, 25.43609121653448568, 14.68176334239171510 ) ) ;
#3339 = CARTESIAN_POINT ( 'NONE',  ( 40.70000000000000284, 13.57575877885276583, -66.82695878850384474 ) ) ;
#3340 = ORIENTED_EDGE ( 'NONE', *, *, #1758, .T. ) ;
#3341 = CARTESIAN_POINT ( 'NONE',  ( 43.25000000000000000, 11.25833024919771930, 3.350000000000000089 ) ) ;
#3342 = CARTESIAN_POINT ( 'NONE',  ( 37.25000000000000000, 1.590061468907498332, 13.20908682278438739 ) ) ;
#3343 = VERTEX_POINT ( 'NONE', #508 ) ;
#3344 = CARTESIAN_POINT ( 'NONE',  ( 38.75000000000000711, -28.94498105048871395, 16.71499030809895814 ) ) ;
#3345 = CARTESIAN_POINT ( 'NONE',  ( 41.70000000000000995, -0.2094395102393231400, 14.60000000000000320 ) ) ;
#3346 = B_SPLINE_CURVE_WITH_KNOTS ( 'NONE', 3,
 ( #98, #2049, #3928, #3285 ),
 .UNSPECIFIED., .F., .F.,
 ( 4, 4 ),
 ( 0.000000000000000000, 1.000000000000000000 ),
 .UNSPECIFIED. ) ;
#3347 = CARTESIAN_POINT ( 'NONE',  ( 43.25000000000000000, 14.13851673022521993, -73.62100004334071457 ) ) ;
#3348 = EDGE_CURVE ( 'NONE', #2285, #2811, #3201, .T. ) ;
#3349 = CARTESIAN_POINT ( 'NONE',  ( 39.88333333333333286, -22.79368571587785297, -54.77100004334069894 ) ) ;
#3350 = CARTESIAN_POINT ( 'NONE',  ( 41.70000000000000284, -12.85833024919762479, 6.290560489760806284 ) ) ;
#3351 = CARTESIAN_POINT ( 'NONE',  ( 37.25000000000001421, -12.84796704018502389, -6.288778184139764527 ) ) ;
#3352 = EDGE_LOOP ( 'NONE', ( #1425, #2249, #2347, #3254 ) ) ;
#3353 = CARTESIAN_POINT ( 'NONE',  ( 34.25000000000000000, -15.35883824253066798, 9.547885832624496416 ) ) ;
#3354 = AXIS2_PLACEMENT_3D ( 'NONE', #699, #2324, #1394 ) ;
#3355 = EDGE_CURVE ( 'NONE', #195, #4054, #3309, .T. ) ;
#3356 = CARTESIAN_POINT ( 'NONE',  ( 34.24999999999999289, 17.93039622640349151, -2.358301462886360333 ) ) ;
#3357 = CARTESIAN_POINT ( 'NONE',  ( 43.25000000000001421, -10.83969384518735346, -9.649999999999895550 ) ) ;
#3358 = CARTESIAN_POINT ( 'NONE',  ( 43.25000000000000000, -1.397659202836637471, -15.83079640642263008 ) ) ;
#3359 = CARTESIAN_POINT ( 'NONE',  ( 42.73333333333333428, 11.25833024919765890, -9.133333333333332860 ) ) ;
#3360 = AXIS2_PLACEMENT_3D ( 'NONE', #1443, #2403, #2102 ) ;
#3361 = CARTESIAN_POINT ( 'NONE',  ( 37.25000000000000000, -10.28364324662172002, 5.226600950343954999 ) ) ;
#3362 = ORIENTED_EDGE ( 'NONE', *, *, #2983, .T. ) ;
#3363 = CARTESIAN_POINT ( 'NONE',  ( 43.25000000000000711, 8.128577946442462121, 6.084926860582076991 ) ) ;
#3364 = CARTESIAN_POINT ( 'NONE',  ( 43.25000000000000000, 13.18015626367799875, 3.994938474177545107 ) ) ;
#3365 = CARTESIAN_POINT ( 'NONE',  ( 43.25000000000000000, -9.437322150234672691, 27.81161379443181758 ) ) ;
#3366 = EDGE_LOOP ( 'NONE', ( #2271, #3879 ) ) ;
#3367 = CARTESIAN_POINT ( 'NONE',  ( 43.25000000000000000, -18.71444291183247088, -59.27502046720793061 ) ) ;
#3368 = CARTESIAN_POINT ( 'NONE',  ( 41.69999999999998863, -0.9832747519598594721, 11.72053305216290298 ) ) ;
#3369 = CARTESIAN_POINT ( 'NONE',  ( 43.25000000000000000, 11.77212006561554247, -64.81433618007055486 ) ) ;
#3370 = CARTESIAN_POINT ( 'NONE',  ( 38.25000000000000711, 19.50000000000000711, -1.276272015520833358 ) ) ;
#3371 = CARTESIAN_POINT ( 'NONE',  ( 37.25000000000001421, 10.45666945991444585, -5.110988532222630276 ) ) ;
#3372 = EDGE_CURVE ( 'NONE', #3275, #3645, #4068, .T. ) ;
#3373 = CARTESIAN_POINT ( 'NONE',  ( 37.25000000000001421, -12.23301682451771555, -5.226600666261639994 ) ) ;
#3374 = EDGE_LOOP ( 'NONE', ( #78, #634 ) ) ;
#3375 = CARTESIAN_POINT ( 'NONE',  ( 38.25000000000000711, 8.518268103538062519, 31.80246705209791003 ) ) ;
#3376 = CARTESIAN_POINT ( 'NONE',  ( 34.24999999999999289, -11.92414150724079924, 13.59698966009175436 ) ) ;
#3377 = CARTESIAN_POINT ( 'NONE',  ( 34.25000000000000000, 18.07507156364312095, -0.5941364097309186354 ) ) ;
#3378 = DIRECTION ( 'NONE',  ( 0.000000000000000000, 0.000000000000000000, -1.000000000000000000 ) ) ;
#3379 = CARTESIAN_POINT ( 'NONE',  ( 41.70000000000000284, -11.25833024919776015, -4.899999999999899991 ) ) ;
#3380 = CARTESIAN_POINT ( 'NONE',  ( 43.25000000000000711, 23.87150086552479422, 17.10834127941884830 ) ) ;
#3381 = CARTESIAN_POINT ( 'NONE',  ( 40.69999999999999574, 12.04447547538833874, -68.35824209196826473 ) ) ;
#3382 = ORIENTED_EDGE ( 'NONE', *, *, #2188, .T. ) ;
#3383 = CARTESIAN_POINT ( 'NONE',  ( 43.25000000000000711, 8.525657768528597913, 4.918818068323348669 ) ) ;
#3384 = CARTESIAN_POINT ( 'NONE',  ( 40.70000000000000995, -14.35660972169755922, -71.07100004334071741 ) ) ;
#3385 = CARTESIAN_POINT ( 'NONE',  ( 43.24999999999999289, -12.99016839113748389, 26.34026755549130883 ) ) ;
#3386 = CARTESIAN_POINT ( 'NONE',  ( 43.25000000000001421, 1.919568043604158003, 15.50657010981788808 ) ) ;
#3387 = CARTESIAN_POINT ( 'NONE',  ( 37.25000000000000000, 0.9746870025757317091, 11.72660095034389549 ) ) ;
#3388 = ORIENTED_EDGE ( 'NONE', *, *, #1342, .F. ) ;
#3389 = DIRECTION ( 'NONE',  ( 0.000000000000000000, 0.000000000000000000, -1.000000000000000000 ) ) ;
#3390 = CARTESIAN_POINT ( 'NONE',  ( 41.69999999999998863, 11.46776975943704180, 4.899999999999996803 ) ) ;
#3391 = CARTESIAN_POINT ( 'NONE',  ( 41.69999999999999574, -12.81668653186707019, -6.081203385025056640 ) ) ;
#3392 = CARTESIAN_POINT ( 'NONE',  ( 43.25000000000000711, 12.05688016718966082, -73.14619303705204345 ) ) ;
#3393 = CARTESIAN_POINT ( 'NONE',  ( 37.24999999999999289, -9.869319065806640978, -5.698338782925511659 ) ) ;
#3394 = DIRECTION ( 'NONE',  ( 1.000000000000000000, 0.000000000000000000, 0.000000000000000000 ) ) ;
#3395 = ORIENTED_EDGE ( 'NONE', *, *, #368, .F. ) ;
#3396 = CARTESIAN_POINT ( 'NONE',  ( 34.25000000000000000, -13.59837750553046831, 11.92245041267576688 ) ) ;
#3397 = CARTESIAN_POINT ( 'NONE',  ( 38.41666666666667140, -33.01988989921196094, 3.065457838720640681E-15 ) ) ;
#3398 = CARTESIAN_POINT ( 'NONE',  ( 37.25000000000000000, -9.090639485424858231E-14, -14.59999999999999964 ) ) ;
#3399 = CARTESIAN_POINT ( 'NONE',  ( 43.25000000000000000, 0.000000000000000000, -50.00000000000000000 ) ) ;
#3400 = EDGE_CURVE ( 'NONE', #1578, #1300, #2197, .T. ) ;
#3401 = CARTESIAN_POINT ( 'NONE',  ( 41.70000000000000284, -11.25833024919776015, -4.899999999999899991 ) ) ;
#3402 = CARTESIAN_POINT ( 'NONE',  ( 40.70000000000000284, 12.25987599526356497, -67.83821923554326361 ) ) ;
#3403 = ORIENTED_EDGE ( 'NONE', *, *, #3672, .T. ) ;
#3404 = CARTESIAN_POINT ( 'NONE',  ( 43.25000000000000000, 9.677148750980247627, 9.232672914711423928 ) ) ;
#3405 = CARTESIAN_POINT ( 'NONE',  ( 38.24999999999999289, 12.51669054196846886, -70.33998088607154386 ) ) ;
#3406 = CARTESIAN_POINT ( 'NONE',  ( 40.70000000000000284, -14.07517537981347999, -66.77100004334070604 ) ) ;
#3407 = EDGE_CURVE ( 'NONE', #3060, #3135, #491, .T. ) ;
#3408 = CARTESIAN_POINT ( 'NONE',  ( 43.25000000000000000, -28.60120462764562888, 6.671234146680476762 ) ) ;
#3409 = DIRECTION ( 'NONE',  ( 0.000000000000000000, 0.000000000000000000, 1.000000000000000000 ) ) ;
#3410 = ORIENTED_EDGE ( 'NONE', *, *, #2380, .T. ) ;
#3411 = CARTESIAN_POINT ( 'NONE',  ( 38.25000000000000711, -24.83507713814865170, -57.61132456348217090 ) ) ;
#3412 = CARTESIAN_POINT ( 'NONE',  ( 43.25000000000000000, 22.85702706628955028, -56.92100004334069752 ) ) ;
#3413 = CARTESIAN_POINT ( 'NONE',  ( 38.25000000000000711, -12.88612163632429741, 14.69104282995106558 ) ) ;
#3414 = ADVANCED_FACE ( 'NONE', ( #1298 ), #2162, .T. ) ;
#3415 = CARTESIAN_POINT ( 'NONE',  ( 37.25000000000001421, -10.45666903266171488, -7.889011183697274276 ) ) ;
#3416 = CARTESIAN_POINT ( 'NONE',  ( 37.24999999999999289, 1.154725246256739890, -17.57499999999999929 ) ) ;
#3417 = CARTESIAN_POINT ( 'NONE',  ( 37.25000000000000000, 9.870528443363033588, 7.303471175883384348 ) ) ;
#3418 = ORIENTED_EDGE ( 'NONE', *, *, #2977, .F. ) ;
#3419 = CARTESIAN_POINT ( 'NONE',  ( 43.25000000000000711, -14.08912665453276247, -5.102340795977190702 ) ) ;
#3420 = CARTESIAN_POINT ( 'NONE',  ( 34.25000000000000000, 19.37430128635112681, 2.552512472701108592 ) ) ;
#3421 = CARTESIAN_POINT ( 'NONE',  ( 34.25000000000000000, 11.92414150724215460, -13.59698966009178100 ) ) ;
#3422 = DIRECTION ( 'NONE',  ( 0.000000000000000000, 0.000000000000000000, -1.000000000000000000 ) ) ;
#3423 = CARTESIAN_POINT ( 'NONE',  ( 40.70000000000000284, -22.79368571587784942, -59.07100004334069610 ) ) ;
#3424 = CARTESIAN_POINT ( 'NONE',  ( 38.24999999999999289, -21.48385189939070372, -55.20993390727402783 ) ) ;
#3425 = CARTESIAN_POINT ( 'NONE',  ( 43.25000000000001421, 12.99258622100284377, 26.33897519849802293 ) ) ;
#3426 = CARTESIAN_POINT ( 'NONE',  ( 41.70000000000000284, 11.25833024919771930, 4.899999999999999467 ) ) ;
#3427 = AXIS2_PLACEMENT_3D ( 'NONE', #1444, #803, #3325 ) ;
#3428 = CARTESIAN_POINT ( 'NONE',  ( 37.25000000000000000, -9.739667889259417066, 5.985006434636944483 ) ) ;
#3429 = EDGE_LOOP ( 'NONE', ( #1666, #2867, #3993, #2374 ) ) ;
#3430 = CARTESIAN_POINT ( 'NONE',  ( 43.24999999999999289, -28.60146982287873740, -56.67081845633571646 ) ) ;
#3431 = CARTESIAN_POINT ( 'NONE',  ( 40.70000000000000284, -16.22517537981348212, -68.63956570145664671 ) ) ;
#3432 = CARTESIAN_POINT ( 'NONE',  ( 40.70000000000000284, -22.79368571587784942, -54.77100004334069894 ) ) ;
#3433 = CARTESIAN_POINT ( 'NONE',  ( 38.75000000000000000, 33.35322323254529664, 2.239724881261170019E-14 ) ) ;
#3434 = ADVANCED_FACE ( 'NONE', ( #3232 ), #2969, .F. ) ;
#3435 = AXIS2_PLACEMENT_3D ( 'NONE', #1052, #2001, #1032 ) ;
#3436 = ORIENTED_EDGE ( 'NONE', *, *, #3144, .F. ) ;
#3437 = CARTESIAN_POINT ( 'NONE',  ( 38.25000000000000711, -24.50325881332472022, -58.23306596207665109 ) ) ;
#3438 = CARTESIAN_POINT ( 'NONE',  ( 38.75000000000000000, 26.51940212992061419, 20.34512569842110352 ) ) ;
#3439 = CARTESIAN_POINT ( 'NONE',  ( 37.24999999999999289, -10.20157011530366731, -7.705782760876910942 ) ) ;
#3440 = CARTESIAN_POINT ( 'NONE',  ( 37.25000000000000000, 17.54696584069420240, -1.150127412444190034 ) ) ;
#3441 = DIRECTION ( 'NONE',  ( 1.000000000000000000, 0.000000000000000000, 0.000000000000000000 ) ) ;
#3442 = ORIENTED_EDGE ( 'NONE', *, *, #1733, .T. ) ;
#3443 = CARTESIAN_POINT ( 'NONE',  ( 43.25000000000000711, -13.76490035738126316, -4.580431954612691925 ) ) ;
#3444 = CARTESIAN_POINT ( 'NONE',  ( 41.70000000000000284, 11.25833024919765890, -4.899999999999999467 ) ) ;
#3445 = CARTESIAN_POINT ( 'NONE',  ( 43.25000000000000000, -9.405610412054116409, -69.53479347222936724 ) ) ;
#3446 = CARTESIAN_POINT ( 'NONE',  ( 40.69999999999999574, -23.87646652367528688, -55.04235930837902657 ) ) ;
#3447 = CARTESIAN_POINT ( 'NONE',  ( 38.25000000000000711, -20.86239514834895914, -55.96578580431122418 ) ) ;
#3448 = CARTESIAN_POINT ( 'NONE',  ( 41.69999999999998863, 9.978863301360634708, 5.516725248040127205 ) ) ;
#3449 = ORIENTED_EDGE ( 'NONE', *, *, #2357, .F. ) ;
#3450 = B_SPLINE_CURVE_WITH_KNOTS ( 'NONE', 3,
 ( #1934, #274, #655, #2802 ),
 .UNSPECIFIED., .F., .F.,
 ( 4, 4 ),
 ( 0.000000000000000000, 1.000000000000000000 ),
 .UNSPECIFIED. ) ;
#3451 = CARTESIAN_POINT ( 'NONE',  ( 43.25000000000000711, 27.48736122265063742, -60.34354233760314656 ) ) ;
#3452 = CARTESIAN_POINT ( 'NONE',  ( 40.70000000000000284, -15.79445909096956946, -67.59972459539464751 ) ) ;
#3453 = B_SPLINE_CURVE_WITH_KNOTS ( 'NONE', 3,
 ( #2229, #3521, #2294, #713 ),
 .UNSPECIFIED., .F., .F.,
 ( 4, 4 ),
 ( 0.000000000000000000, 1.000000000000000000 ),
 .UNSPECIFIED. ) ;
#3454 = CARTESIAN_POINT ( 'NONE',  ( 40.69999999999999574, 24.57631077744563797, -58.24227549128676173 ) ) ;
#3455 = B_SPLINE_CURVE_WITH_KNOTS ( 'NONE', 3,
 ( #1556, #1900, #2814, #2273 ),
 .UNSPECIFIED., .F., .F.,
 ( 4, 4 ),
 ( 0.000000000000000000, 1.000000000000000000 ),
 .UNSPECIFIED. ) ;
#3456 = CARTESIAN_POINT ( 'NONE',  ( 40.69999999999999574, -21.07440200472176883, -58.24227549128676173 ) ) ;
#3457 = CARTESIAN_POINT ( 'NONE',  ( 37.25000000000000000, -1.205782534001504258, -14.05676026769880771 ) ) ;
#3458 = CARTESIAN_POINT ( 'NONE',  ( 43.25000000000000000, -9.077851480992150510E-14, -13.00000000000000000 ) ) ;
#3459 = CARTESIAN_POINT ( 'NONE',  ( 38.25000000000000711, -24.65861261844075969, -58.00056256208793570 ) ) ;
#3460 = CARTESIAN_POINT ( 'NONE',  ( 38.75000000000000000, 31.64974419757324853, 10.74693078237554644 ) ) ;
#3461 = B_SPLINE_CURVE_WITH_KNOTS ( 'NONE', 3,
 ( #4112, #2026, #3334, #3722 ),
 .UNSPECIFIED., .F., .F.,
 ( 4, 4 ),
 ( 0.000000000000000000, 1.000000000000000000 ),
 .UNSPECIFIED. ) ;
#3462 = EDGE_CURVE ( 'NONE', #504, #1945, #2914, .T. ) ;
#3463 = CARTESIAN_POINT ( 'NONE',  ( 41.70000000000000284, -12.65638847056457372, -7.305790368593346074 ) ) ;
#3464 = CARTESIAN_POINT ( 'NONE',  ( 43.25000000000000711, 11.27068601351861510, -72.65696216177168765 ) ) ;
#3465 = CARTESIAN_POINT ( 'NONE',  ( 37.25000000000001421, 17.12494729766655510, -3.993921143259067108 ) ) ;
#3466 = DIRECTION ( 'NONE',  ( 1.000000000000000000, 0.000000000000000000, 0.000000000000000000 ) ) ;
#3467 = ORIENTED_EDGE ( 'NONE', *, *, #2931, .T. ) ;
#3468 = CARTESIAN_POINT ( 'NONE',  ( 43.25000000000000000, -14.40815436813139527, -6.707969847121817430 ) ) ;
#3469 = CARTESIAN_POINT ( 'NONE',  ( 41.70000000000000284, 11.25833024919765890, -8.099999999999999645 ) ) ;
#3470 = CARTESIAN_POINT ( 'NONE',  ( 40.69999999999999574, -12.19653464485182859, -67.83821923554324940 ) ) ;
#3471 = CARTESIAN_POINT ( 'NONE',  ( 43.24999999999999289, -2.080453549276962022, -10.62543209402239874 ) ) ;
#3472 = ADVANCED_FACE ( 'NONE', ( #2584 ), #2560, .F. ) ;
#3473 = CARTESIAN_POINT ( 'NONE',  ( 38.25000000000000711, -20.92726889866629136, -57.99833307401853943 ) ) ;
#3474 = B_SPLINE_CURVE_WITH_KNOTS ( 'NONE', 3,
 ( #2987, #3880, #1091, #3276, #2630, #2005, #2928, #2329, #3255, #3003, #148, #3557, #2679, #2075, #3580, #464, #3319, #3897, #2361, #1105, #3936, #2056, #3919, #2662, #442, #1415, #746, #2308, #725, #424, #3598, #1365, #1728, #167 ),
 .UNSPECIFIED., .F., .F.,
 ( 4, 2, 2, 2, 2, 2, 2, 2, 2, 2, 2, 2, 2, 2, 2, 2, 4 ),
 ( 0.000000000000000000, 0.06249999999999994449, 0.1249999999999998890, 0.1874999999999998335, 0.2499999999999997780, 0.3124999999999997224, 0.3749999999999996669, 0.4374999999999996669, 0.4999999999999996669, 0.5624999999999996669, 0.6249999999999997780, 0.6874999999999997780, 0.7499999999999998890, 0.8124999999999998890, 0.8750000000000000000, 0.9375000000000000000, 1.000000000000000000 ),
 .UNSPECIFIED. ) ;
#3475 = CARTESIAN_POINT ( 'NONE',  ( 37.25000000000000000, -9.708866362950484330, 6.913184653377392408 ) ) ;
#3476 = EDGE_LOOP ( 'NONE', ( #2603, #3212, #511, #1206 ) ) ;
#3477 = CARTESIAN_POINT ( 'NONE',  ( 43.25000000000000711, 26.33897519860956749, -62.99258622080360226 ) ) ;
#3478 = CARTESIAN_POINT ( 'NONE',  ( 37.25000000000000000, 1.600140576381706259, -12.89462508991023171 ) ) ;
#3479 = CARTESIAN_POINT ( 'NONE',  ( 37.25000000000000000, 11.46766943587993914, 4.910042669512381330 ) ) ;
#3480 = CARTESIAN_POINT ( 'NONE',  ( 38.25000000000000000, -14.07517537981347999, -66.77100004334070604 ) ) ;
#3481 = CARTESIAN_POINT ( 'NONE',  ( 38.25000000000000000, -24.21241868672519004, -58.54257835971098700 ) ) ;
#3482 = CARTESIAN_POINT ( 'NONE',  ( 38.25000000000000711, -1.276272015520895309, 19.49999999999999645 ) ) ;
#3483 = CARTESIAN_POINT ( 'NONE',  ( 40.70000000000000284, -22.79368571587784942, -59.07100004334069610 ) ) ;
#3484 = CARTESIAN_POINT ( 'NONE',  ( 37.25000000000000000, 9.986140577402895957, 7.476496961921498041 ) ) ;
#3485 = EDGE_LOOP ( 'NONE', ( #453, #980, #50, #2702 ) ) ;
#3486 = ADVANCED_FACE ( 'NONE', ( #701 ), #2065, .T. ) ;
#3487 = CARTESIAN_POINT ( 'NONE',  ( 34.25000000000000000, -4.691009256905073421, -17.49615657188223494 ) ) ;
#3488 = CARTESIAN_POINT ( 'NONE',  ( 43.25000000000000000, -13.46070915105446275, -64.25156881608532444 ) ) ;
#3489 = CARTESIAN_POINT ( 'NONE',  ( 37.25000000000000711, -1.273399332860367439, 12.02531342379949209 ) ) ;
#3490 = DIRECTION ( 'NONE',  ( 1.000000000000000000, 0.000000000000000000, 0.000000000000000000 ) ) ;
#3491 = CARTESIAN_POINT ( 'NONE',  ( 37.25000000000000000, -9.986140291781081757, 5.523503463080898790 ) ) ;
#3492 = ORIENTED_EDGE ( 'NONE', *, *, #2133, .F. ) ;
#3493 = SURFACE_STYLE_FILL_AREA ( #2542 ) ;
#3494 = CARTESIAN_POINT ( 'NONE',  ( 43.25000000000001421, -10.34354241816997977, -77.48736118923199001 ) ) ;
#3495 = CARTESIAN_POINT ( 'NONE',  ( 37.25000000000001421, -12.69634233347609786, 5.790299273635517885 ) ) ;
#3496 = CARTESIAN_POINT ( 'NONE',  ( 37.25000000000000000, 1.518662359938283801, -13.51499356536430696 ) ) ;
#3497 = CARTESIAN_POINT ( 'NONE',  ( 43.25000000000000000, -3.130282198883518330, 13.41240917168194713 ) ) ;
#3498 = CARTESIAN_POINT ( 'NONE',  ( 37.25000000000000000, -0.2132564273371792829, -14.59985623549901312 ) ) ;
#3499 = ORIENTED_EDGE ( 'NONE', *, *, #1312, .T. ) ;
#3500 = AXIS2_PLACEMENT_3D ( 'NONE', #4039, #1199, #1324 ) ;
#3501 = CARTESIAN_POINT ( 'NONE',  ( 38.25000000000000000, -2.378233845751590078E-15, -19.50000000000000000 ) ) ;
#3502 = CARTESIAN_POINT ( 'NONE',  ( 38.25000000000000711, 21.43829409544626685, -58.54257835971277757 ) ) ;
#3503 = CARTESIAN_POINT ( 'NONE',  ( 43.25000000000000000, 16.50491339469627405, -73.02766390665210849 ) ) ;
#3504 = CARTESIAN_POINT ( 'NONE',  ( 37.25000000000000000, 8.792275907073909380, -15.22874543924253210 ) ) ;
#3505 = CARTESIAN_POINT ( 'NONE',  ( 37.25000000000000000, -11.25833024919776015, -4.899999999999899991 ) ) ;
#3506 = B_SPLINE_CURVE_WITH_KNOTS ( 'NONE', 3,
 ( #2494, #3741, #2178, #649 ),
 .UNSPECIFIED., .F., .F.,
 ( 4, 4 ),
 ( 0.000000000000000000, 1.000000000000000000 ),
 .UNSPECIFIED. ) ;
#3507 = EDGE_LOOP ( 'NONE', ( #2578, #1121, #353, #1981 ) ) ;
#3508 = CARTESIAN_POINT ( 'NONE',  ( 41.69999999999998863, 12.81668653186696538, -6.081203385025148123 ) ) ;
#3509 = CARTESIAN_POINT ( 'NONE',  ( 43.24999999999999289, -10.33918146123982496, -71.78879893721777705 ) ) ;
#3510 = DIRECTION ( 'NONE',  ( 0.000000000000000000, 0.000000000000000000, -1.000000000000000000 ) ) ;
#3511 = CARTESIAN_POINT ( 'NONE',  ( 43.25000000000000000, 11.25833024919765890, -9.650000000000000355 ) ) ;
#3512 = EDGE_CURVE ( 'NONE', #400, #4038, #592, .T. ) ;
#3513 = EDGE_LOOP ( 'NONE', ( #440, #3012, #2668, #998 ) ) ;
#3514 = CARTESIAN_POINT ( 'NONE',  ( 37.25000000000000000, 11.67176726647338647, -8.049359747827084632 ) ) ;
#3515 = CARTESIAN_POINT ( 'NONE',  ( 43.25000000000000711, 23.87135205169240137, -67.10824184544139825 ) ) ;
#3516 = CARTESIAN_POINT ( 'NONE',  ( 37.24999999999998579, -11.96803097497408785, 7.938012084864928930 ) ) ;
#3517 = CARTESIAN_POINT ( 'NONE',  ( 41.55000000000000426, 14.13851673022521993, -71.92100004334071173 ) ) ;
#3518 = CARTESIAN_POINT ( 'NONE',  ( 42.39999999999999858, -22.79368571587784942, -60.77100004334070604 ) ) ;
#3519 = CARTESIAN_POINT ( 'NONE',  ( 34.25000000000000000, -18.50405903950109732, -6.283205338062676226 ) ) ;
#3520 = CARTESIAN_POINT ( 'NONE',  ( 37.25000000000000000, -1.437752211589501394, -12.29040691642962635 ) ) ;
#3521 = CARTESIAN_POINT ( 'NONE',  ( 38.73333333333333428, 0.000000000000000000, 11.39999999999999858 ) ) ;
#3522 = CARTESIAN_POINT ( 'NONE',  ( 43.25000000000000711, -14.38233638776171652, -73.62100004334072878 ) ) ;
#3523 = CARTESIAN_POINT ( 'NONE',  ( 38.25000000000000000, 22.57395042239089378, -54.78463829376575944 ) ) ;
#3524 = CARTESIAN_POINT ( 'NONE',  ( 37.25000000000000000, -10.84132291230067224, -4.940597582660551268 ) ) ;
#3525 = CARTESIAN_POINT ( 'NONE',  ( 39.24999999999999289, 8.647909387792521940, 32.28647537644088317 ) ) ;
#3526 = CARTESIAN_POINT ( 'NONE',  ( 38.25000000000000711, 23.81224188919836848, -58.85229036629554145 ) ) ;
#3527 = CARTESIAN_POINT ( 'NONE',  ( 37.24999999999999289, 10.28183337196442793, 5.227810243290734071 ) ) ;
#3528 = ORIENTED_EDGE ( 'NONE', *, *, #1159, .T. ) ;
#3529 = CARTESIAN_POINT ( 'NONE',  ( 40.69999999999999574, 16.23255798506210112, -69.48375799471315872 ) ) ;
#3530 = CARTESIAN_POINT ( 'NONE',  ( 43.25000000000000711, -13.76801437188858657, -64.22100004334070888 ) ) ;
#3531 = DIRECTION ( 'NONE',  ( 1.000000000000000000, 0.000000000000000000, 0.000000000000000000 ) ) ;
#3532 = CARTESIAN_POINT ( 'NONE',  ( 43.25000000000000000, 8.128048050313408268, -6.087590828315843972 ) ) ;
#3533 = CARTESIAN_POINT ( 'NONE',  ( 38.25000000000000000, -15.38500919628884844, -70.63206617941642662 ) ) ;
#3534 = ORIENTED_EDGE ( 'NONE', *, *, #90, .T. ) ;
#3535 = EDGE_CURVE ( 'NONE', #1180, #339, #3652, .T. ) ;
#3536 = CARTESIAN_POINT ( 'NONE',  ( 43.25000000000000000, -14.68418117207603935, -75.43479885970326393 ) ) ;
#3537 = CARTESIAN_POINT ( 'NONE',  ( 41.69999999999998863, 0.9832747519598658004, 11.72053305216291008 ) ) ;
#3538 = CARTESIAN_POINT ( 'NONE',  ( 37.25000000000000711, 15.22874543918427293, 8.792275907166693827 ) ) ;
#3539 = CARTESIAN_POINT ( 'NONE',  ( 37.25000000000000000, 0.8075796466678886176, -11.60298791330323454 ) ) ;
#3540 = CARTESIAN_POINT ( 'NONE',  ( 43.25000000000000711, -1.919568043606558305, 10.49342989018528272 ) ) ;
#3541 = VERTEX_POINT ( 'NONE', #438 ) ;
#3542 = EDGE_CURVE ( 'NONE', #814, #1322, #1042, .T. ) ;
#3543 = CARTESIAN_POINT ( 'NONE',  ( 38.25000000000000000, 22.29858391115475058, -59.01644704164041855 ) ) ;
#3544 = CARTESIAN_POINT ( 'NONE',  ( 38.75000000000000000, -33.35322323254529664, -50.00000000000000000 ) ) ;
#3545 = ADVANCED_FACE ( 'NONE', ( #3830 ), #2260, .T. ) ;
#3546 = FACE_OUTER_BOUND ( 'NONE', #1414, .T. ) ;
#3547 = CARTESIAN_POINT ( 'NONE',  ( 39.24999999999998579, 29.97897637808379301, 14.78052111176350536 ) ) ;
#3548 = CARTESIAN_POINT ( 'NONE',  ( 42.73333333333333428, -9.077851480992150510E-14, -15.63333333333333286 ) ) ;
#3549 = CARTESIAN_POINT ( 'NONE',  ( 38.25000000000000711, 24.99364886447835588, -57.20207918709716211 ) ) ;
#3550 = CARTESIAN_POINT ( 'NONE',  ( 43.24999999999999289, -13.76339134097719885, 4.578173552065116780 ) ) ;
#3551 = CARTESIAN_POINT ( 'NONE',  ( 41.70000000000000284, 11.25833024919765890, -4.899999999999999467 ) ) ;
#3552 = CARTESIAN_POINT ( 'NONE',  ( 43.25000000000000711, 9.338762205589729248, -9.006570109814900249 ) ) ;
#3553 = CARTESIAN_POINT ( 'NONE',  ( 38.73333333333333428, -11.25833024919761982, 4.900000000000130029 ) ) ;
#3554 = CARTESIAN_POINT ( 'NONE',  ( 41.69999999999999574, 10.83953363422280702, -4.941643717330692631 ) ) ;
#3555 = ORIENTED_EDGE ( 'NONE', *, *, #1519, .F. ) ;
#3556 = CARTESIAN_POINT ( 'NONE',  ( 37.25000000000000711, 12.46411335396596876, -5.443240210763806708 ) ) ;
#3557 = CARTESIAN_POINT ( 'NONE',  ( 39.25000000000000000, -16.71499030809891906, -78.94498105048877790 ) ) ;
#3558 = CARTESIAN_POINT ( 'NONE',  ( 37.25000000000000000, 0.1055431526887219973, -14.60007115076843220 ) ) ;
#3559 = CARTESIAN_POINT ( 'NONE',  ( 43.25000000000000711, -3.149824118933798101, 12.79203015287592926 ) ) ;
#3560 = B_SPLINE_CURVE_WITH_KNOTS ( 'NONE', 3,
 ( #2524, #1874, #1507, #3057, #2488, #3794, #3121, #3365, #2171, #885, #3385, #279, #600, #3754, #3735, #4023, #2765, #1895, #537, #215, #578, #2787, #3711, #1490, #2746, #864, #4044, #1203, #3408, #1852, #3098, #300 ),
 .UNSPECIFIED., .F., .F.,
 ( 4, 2, 2, 2, 2, 2, 2, 2, 2, 2, 2, 2, 2, 2, 2, 4 ),
 ( 0.000000000000000000, 0.06250000000000000000, 0.1250000000000000000, 0.1875000000000000000, 0.2500000000000000555, 0.3125000000000001110, 0.3750000000000001665, 0.4375000000000002220, 0.5000000000000002220, 0.5625000000000002220, 0.6250000000000002220, 0.6875000000000002220, 0.7500000000000002220, 0.8125000000000002220, 0.8750000000000002220, 1.000000000000000000 ),
 .UNSPECIFIED. ) ;
#3561 = CARTESIAN_POINT ( 'NONE',  ( 43.25000000000000711, -15.59076308100640418, -73.38027465524271520 ) ) ;
#3562 = CARTESIAN_POINT ( 'NONE',  ( 38.25000000000000711, 22.57284037101638319, -59.07100004334070320 ) ) ;
#3563 = ADVANCED_FACE ( 'NONE', ( #3613 ), #3777, .F. ) ;
#3564 = AXIS2_PLACEMENT_3D ( 'NONE', #473, #3981, #765 ) ;
#3565 = CARTESIAN_POINT ( 'NONE',  ( 43.25000000000000000, -22.17921948709231117, -52.25156881609267856 ) ) ;
#3566 = CARTESIAN_POINT ( 'NONE',  ( 37.25000000000000000, -16.45777699050813681, -6.193286896067490943 ) ) ;
#3567 = CARTESIAN_POINT ( 'NONE',  ( 34.74999999928448347, -10.72057059243509158, 13.97401651959585323 ) ) ;
#3568 = B_SPLINE_CURVE_WITH_KNOTS ( 'NONE', 3,
 ( #2425, #1570, #2743, #1830 ),
 .UNSPECIFIED., .F., .F.,
 ( 4, 4 ),
 ( 0.000000000000000000, 1.000000000000000000 ),
 .UNSPECIFIED. ) ;
#3569 = CARTESIAN_POINT ( 'NONE',  ( 37.24999999999999289, 10.54856714048636590, 5.062318448392007397 ) ) ;
#3570 = PRESENTATION_LAYER_ASSIGNMENT (  '', '', ( #452 ) ) ;
#3571 = CARTESIAN_POINT ( 'NONE',  ( 38.25000000000000000, 1.276272015520813818, 19.49999999999999645 ) ) ;
#3572 = CARTESIAN_POINT ( 'NONE',  ( 43.25000000000000000, 11.25833024919765890, -3.350000000000000089 ) ) ;
#3573 =( GEOMETRIC_REPRESENTATION_CONTEXT ( 3 ) GLOBAL_UNCERTAINTY_ASSIGNED_CONTEXT ( ( #851 ) ) GLOBAL_UNIT_ASSIGNED_CONTEXT ( ( #1770, #531, #902 ) ) REPRESENTATION_CONTEXT ( 'NONE', 'WORKASPACE' ) );
#3574 = FACE_OUTER_BOUND ( 'NONE', #3085, .T. ) ;
#3575 = CARTESIAN_POINT ( 'NONE',  ( 39.08333333333332149, 1.399488818983411852E-13, 33.35322323254529664 ) ) ;
#3576 = CARTESIAN_POINT ( 'NONE',  ( 38.25000000000000000, -16.22499986784318793, -69.06443065264484460 ) ) ;
#3577 = CARTESIAN_POINT ( 'NONE',  ( 34.74999999928449768, 1.155557966632341862E-30, 17.57499999999999929 ) ) ;
#3578 = ORIENTED_EDGE ( 'NONE', *, *, #1969, .T. ) ;
#3579 = CARTESIAN_POINT ( 'NONE',  ( 37.25000000000000000, 12.69608239329538790, -7.209593418204750748 ) ) ;
#3580 = CARTESIAN_POINT ( 'NONE',  ( 39.24999999999999289, -8.647909387792507729, -82.28647537644087606 ) ) ;
#3581 = CARTESIAN_POINT ( 'NONE',  ( 43.25000000000000000, -8.884011077000039336, -8.580204815497339155 ) ) ;
#3582 = CARTESIAN_POINT ( 'NONE',  ( 43.25000000000000711, 18.39742527441612197, -58.43672411286684820 ) ) ;
#3583 = CARTESIAN_POINT ( 'NONE',  ( 34.25000000000000711, -18.87632464937487597, 5.056010085927860054 ) ) ;
#3584 = CARTESIAN_POINT ( 'NONE',  ( 38.75000000000000711, 33.13822542452609810, -54.36587273363358008 ) ) ;
#3585 = CARTESIAN_POINT ( 'NONE',  ( 41.69999999999999574, -9.978863301360668459, -7.483274751959763549 ) ) ;
#3586 = CARTESIAN_POINT ( 'NONE',  ( 43.25000000000000000, -20.43964904051344789, -52.84177334700027018 ) ) ;
#3587 = CARTESIAN_POINT ( 'NONE',  ( 37.25000000000000000, -14.93329508556601226, -9.285037637712029834 ) ) ;
#3588 = EDGE_CURVE ( 'NONE', #3045, #3311, #3455, .T. ) ;
#3589 = CARTESIAN_POINT ( 'NONE',  ( 38.25000000000000000, 22.85702706628955028, -54.77100004334069894 ) ) ;
#3590 = CARTESIAN_POINT ( 'NONE',  ( 43.24999999999999289, -13.63264942138357583, 8.580204815505430460 ) ) ;
#3591 = CARTESIAN_POINT ( 'NONE',  ( 37.24999999999998579, 11.04507382186271869, 4.900143764501159183 ) ) ;
#3592 = CARTESIAN_POINT ( 'NONE',  ( 38.25000000000000711, 6.283205338062575862, 18.50405903950113995 ) ) ;
#3593 = CARTESIAN_POINT ( 'NONE',  ( 34.25000000000000000, 18.50405903950111863, 6.283205338062631817 ) ) ;
#3594 = CARTESIAN_POINT ( 'NONE',  ( 42.39999999999999147, -14.07517537981347999, -72.77100004334069183 ) ) ;
#3595 = CARTESIAN_POINT ( 'NONE',  ( 36.41666666642817063, -3.687202256607278406E-14, 17.57499999999999929 ) ) ;
#3596 = ORIENTED_EDGE ( 'NONE', *, *, #2635, .F. ) ;
#3597 = EDGE_CURVE ( 'NONE', #1454, #2278, #4008, .T. ) ;
#3598 = CARTESIAN_POINT ( 'NONE',  ( 39.24999999999999289, 32.28647537644089027, -58.64790938779247398 ) ) ;
#3599 = CARTESIAN_POINT ( 'NONE',  ( 43.25000000000000000, -25.16008238039115952, -52.81433618004388819 ) ) ;
#3600 = CARTESIAN_POINT ( 'NONE',  ( 40.70000000000000284, 14.13851673022521993, -66.77100004334070604 ) ) ;
#3601 = DIRECTION ( 'NONE',  ( 1.000000000000000000, 0.000000000000000000, 0.000000000000000000 ) ) ;
#3602 = CARTESIAN_POINT ( 'NONE',  ( 34.24999999999999289, -16.92271618095897878, 9.772438145944480681 ) ) ;
#3603 = CARTESIAN_POINT ( 'NONE',  ( 43.25000000000000000, -10.24508382813061758, 9.489644648396518889 ) ) ;
#3604 = CARTESIAN_POINT ( 'NONE',  ( 38.75000000000001421, 33.35322323254531796, -52.18296335585214507 ) ) ;
#3605 = CARTESIAN_POINT ( 'NONE',  ( 43.25000000000000711, 17.00634744703337020, -65.18503792499978999 ) ) ;
#3606 = CARTESIAN_POINT ( 'NONE',  ( 43.24999999999997868, 12.07319547100395951, -3.449908113578957991 ) ) ;
#3607 = ORIENTED_EDGE ( 'NONE', *, *, #1991, .F. ) ;
#3608 = B_SPLINE_CURVE_WITH_KNOTS ( 'NONE', 3,
 ( #652, #628, #3186, #983 ),
 .UNSPECIFIED., .F., .F.,
 ( 4, 4 ),
 ( 0.000000000000000000, 1.000000000000000000 ),
 .UNSPECIFIED. ) ;
#3609 = CARTESIAN_POINT ( 'NONE',  ( 37.25000000000000711, -13.22084142780616567, -11.59431564259267233 ) ) ;
#3610 = CARTESIAN_POINT ( 'NONE',  ( 34.74999999928449057, -8.807723098203885215, -15.25214035283860525 ) ) ;
#3611 = B_SPLINE_CURVE_WITH_KNOTS ( 'NONE', 3,
 ( #3985, #1534, #843, #4046 ),
 .UNSPECIFIED., .F., .F.,
 ( 4, 4 ),
 ( 0.000000000000000000, 1.000000000000000000 ),
 .UNSPECIFIED. ) ;
#3612 = CARTESIAN_POINT ( 'NONE',  ( 42.21666666666666146, 11.25833024919765357, -4.383333333333331083 ) ) ;
#3613 = FACE_OUTER_BOUND ( 'NONE', #2174, .T. ) ;
#3614 = DIRECTION ( 'NONE',  ( 0.000000000000000000, 0.000000000000000000, -1.000000000000000000 ) ) ;
#3615 = EDGE_CURVE ( 'NONE', #28, #2074, #3059, .T. ) ;
#3616 = ORIENTED_EDGE ( 'NONE', *, *, #3978, .T. ) ;
#3617 = CYLINDRICAL_SURFACE ( 'NONE', #1512, 2.149999999999999023 ) ;
#3618 = CARTESIAN_POINT ( 'NONE',  ( 43.25000000000000000, -27.25296411553415510, -55.40542190621893326 ) ) ;
#3619 = B_SPLINE_CURVE_WITH_KNOTS ( 'NONE', 3,
 ( #950, #2231, #1669, #3182, #385, #80, #327, #1331, #1921, #2549, #2852, #3820, #670, #1351, #1619, #2874, #2571, #999 ),
 .UNSPECIFIED., .F., .F.,
 ( 4, 2, 2, 2, 2, 2, 2, 2, 4 ),
 ( 0.000000000000000000, 0.1250000000000000278, 0.2500000000000000555, 0.3750000000000001110, 0.5000000000000001110, 0.6250000000000001110, 0.7500000000000002220, 0.8750000000000001110, 1.000000000000000000 ),
 .UNSPECIFIED. ) ;
#3620 = FACE_OUTER_BOUND ( 'NONE', #2490, .T. ) ;
#3621 = CARTESIAN_POINT ( 'NONE',  ( 43.25000000000000000, 18.77778426224319830, -54.56697961947200781 ) ) ;
#3622 = CARTESIAN_POINT ( 'NONE',  ( 41.70000000000000995, -10.27505549723775857, 7.779466947837220481 ) ) ;
#3623 = CARTESIAN_POINT ( 'NONE',  ( 34.74999999928448347, 11.61403014145634494, 13.24077321725077461 ) ) ;
#3624 = CARTESIAN_POINT ( 'NONE',  ( 38.75000000000000711, -16.71499030809896524, -78.94498105048870684 ) ) ;
#3625 = ORIENTED_EDGE ( 'NONE', *, *, #804, .T. ) ;
#3626 = CARTESIAN_POINT ( 'NONE',  ( 38.25000000000000711, -31.17528114527835470, -60.58582295319444455 ) ) ;
#3627 = CARTESIAN_POINT ( 'NONE',  ( 38.25000000000001421, 31.80246705209791713, -58.51826810353803410 ) ) ;
#3628 = CARTESIAN_POINT ( 'NONE',  ( 37.25000000000000000, -7.777512291657989962, -15.77114789203408840 ) ) ;
#3629 = CARTESIAN_POINT ( 'NONE',  ( 38.25000000000000711, 5.056010085927921338, -18.87632464937485466 ) ) ;
#3630 = CARTESIAN_POINT ( 'NONE',  ( 43.25000000000000000, -3.565146807082729798E-15, 29.35322323254530019 ) ) ;
#3631 = AXIS2_PLACEMENT_3D ( 'NONE', #2624, #3208, #2281 ) ;
#3632 = CARTESIAN_POINT ( 'NONE',  ( 43.24999999999999289, 27.08221627223233341, -59.00264617045848325 ) ) ;
#3633 = EDGE_LOOP ( 'NONE', ( #2541, #2754, #853, #1777, #1883 ) ) ;
#3634 = CARTESIAN_POINT ( 'NONE',  ( 34.25000000000000711, -11.92245041296993691, -13.59837750525321098 ) ) ;
#3635 = DIRECTION ( 'NONE',  ( 1.000000000000000000, 0.000000000000000000, 0.000000000000000000 ) ) ;
#3636 = CARTESIAN_POINT ( 'NONE',  ( 43.24999999999999289, -8.108506130264462541, -6.292030152876316507 ) ) ;
#3637 = CARTESIAN_POINT ( 'NONE',  ( 43.25000000000001421, -2.830796405331509114, -11.60234079597105605 ) ) ;
#3638 = ADVANCED_FACE ( 'NONE', ( #1353 ), #38, .F. ) ;
#3639 = CARTESIAN_POINT ( 'NONE',  ( 43.25000000000000711, 29.35322323254531085, 0.9632206994154712820 ) ) ;
#3640 = CARTESIAN_POINT ( 'NONE',  ( 43.24999999999999289, 18.15684975817868718, -56.61473076742384336 ) ) ;
#3641 = ORIENTED_EDGE ( 'NONE', *, *, #1801, .F. ) ;
#3642 = CARTESIAN_POINT ( 'NONE',  ( 43.25000000000001421, -10.43787624120469815, 3.429926490863279831 ) ) ;
#3643 = CARTESIAN_POINT ( 'NONE',  ( 38.75000000000000000, 10.74693078237546118, -81.64974419757326984 ) ) ;
#3644 = CARTESIAN_POINT ( 'NONE',  ( 34.74999999928448347, 8.807723098203849688, 15.25214035283862479 ) ) ;
#3645 = VERTEX_POINT ( 'NONE', #3483 ) ;
#3646 = CARTESIAN_POINT ( 'NONE',  ( 38.75000000000000000, -20.34512569842100405, 26.51940212992068169 ) ) ;
#3647 = CARTESIAN_POINT ( 'NONE',  ( 43.25000000000000711, 24.93866362935454362, -52.69580704964541695 ) ) ;
#3648 = B_SPLINE_CURVE_WITH_KNOTS ( 'NONE', 3,
 ( #1356, #2641, #3565, #3905, #736, #3264, #3586, #3226, #1067, #2620, #115, #3246, #3888, #2031, #1046, #1003, #433, #2013, #413, #1695, #1718, #3944, #3367, #810, #2430, #3689, #790, #517, #1099, #2996 ),
 .UNSPECIFIED., .F., .F.,
 ( 4, 2, 2, 2, 2, 2, 2, 2, 2, 2, 2, 2, 2, 2, 4 ),
 ( 0.000000000000000000, 0.06250000000000000000, 0.1250000000000000000, 0.1875000000000000000, 0.2500000000000000000, 0.3125000000000000000, 0.3750000000000000000, 0.4375000000000000000, 0.5000000000000000000, 0.5625000000000000000, 0.6250000000000000000, 0.6875000000000000000, 0.7500000000000000000, 0.8750000000000000000, 1.000000000000000000 ),
 .UNSPECIFIED. ) ;
#3649 = CARTESIAN_POINT ( 'NONE',  ( 38.25000000000000711, 14.69104282995110466, -12.88612163632425123 ) ) ;
#3650 = DIRECTION ( 'NONE',  ( 0.000000000000000000, 1.000000000000000000, 0.000000000000000000 ) ) ;
#3651 = CARTESIAN_POINT ( 'NONE',  ( 37.25000000000000000, 9.986140577401895868, -5.523503038079738303 ) ) ;
#3652 = B_SPLINE_CURVE_WITH_KNOTS ( 'NONE', 3,
 ( #1051, #3575, #741, #3251 ),
 .UNSPECIFIED., .F., .F.,
 ( 4, 4 ),
 ( 0.000000000000000000, 1.000000000000000000 ),
 .UNSPECIFIED. ) ;
#3653 = EDGE_LOOP ( 'NONE', ( #2384, #2548, #3616, #684 ) ) ;
#3654 = CARTESIAN_POINT ( 'NONE',  ( 34.25000000000000000, -11.01113380454879831, 14.34627571755428832 ) ) ;
#3655 = B_SPLINE_CURVE_WITH_KNOTS ( 'NONE', 3,
 ( #949, #694, #1968, #366 ),
 .UNSPECIFIED., .F., .F.,
 ( 4, 4 ),
 ( 0.000000000000000000, 1.000000000000000000 ),
 .UNSPECIFIED. ) ;
#3656 = CARTESIAN_POINT ( 'NONE',  ( 34.25000000000000000, 14.34627571755305908, 11.01113380453742963 ) ) ;
#3657 = CARTESIAN_POINT ( 'NONE',  ( 43.25000000000000000, -9.679406721852762630, -3.765818501293394238 ) ) ;
#3658 = CARTESIAN_POINT ( 'NONE',  ( 38.73333333333333428, -11.25833024919776371, -4.899999999999899991 ) ) ;
#3659 = CARTESIAN_POINT ( 'NONE',  ( 43.25000000000000000, 19.36411184842596356, 22.08133469805288129 ) ) ;
#3660 = DIRECTION ( 'NONE',  ( 0.000000000000000000, 0.000000000000000000, -1.000000000000000000 ) ) ;
#3661 = VERTEX_POINT ( 'NONE', #1308 ) ;
#3662 = FACE_OUTER_BOUND ( 'NONE', #3191, .T. ) ;
#3663 = B_SPLINE_CURVE_WITH_KNOTS ( 'NONE', 3,
 ( #947, #639, #1919, #3818 ),
 .UNSPECIFIED., .F., .F.,
 ( 4, 4 ),
 ( 0.000000000000000000, 1.000000000000000000 ),
 .UNSPECIFIED. ) ;
#3664 = DIRECTION ( 'NONE',  ( 0.000000000000000000, 0.000000000000000000, -1.000000000000000000 ) ) ;
#3665 = CARTESIAN_POINT ( 'NONE',  ( 38.25000000000000711, 12.51694049649744045, -67.50226532971224458 ) ) ;
#3666 = DIRECTION ( 'NONE',  ( 1.000000000000000000, 0.000000000000000000, 0.000000000000000000 ) ) ;
#3667 = EDGE_CURVE ( 'NONE', #1221, #2106, #2140, .T. ) ;
#3668 = DIRECTION ( 'NONE',  ( 0.000000000000000000, 0.000000000000000000, -1.000000000000000000 ) ) ;
#3669 = ORIENTED_EDGE ( 'NONE', *, *, #1411, .T. ) ;
#3670 = CARTESIAN_POINT ( 'NONE',  ( 38.75000000000000000, -1.361530602432789986E-15, -83.35322323254530374 ) ) ;
#3671 = CARTESIAN_POINT ( 'NONE',  ( 41.69999999999998863, -1.398058221366816678, 13.80579036859343489 ) ) ;
#3672 = EDGE_CURVE ( 'NONE', #2285, #991, #2859, .T. ) ;
#3673 = CARTESIAN_POINT ( 'NONE',  ( 38.25000000000001421, -10.58582295319432198, -81.17528114527837602 ) ) ;
#3674 = CARTESIAN_POINT ( 'NONE',  ( 38.25000000000000000, -2.378233845751590078E-15, -19.50000000000000000 ) ) ;
#3675 = CARTESIAN_POINT ( 'NONE',  ( 43.25000000000000000, -11.25833024919776015, -3.349999999999900169 ) ) ;
#3676 = CARTESIAN_POINT ( 'NONE',  ( 37.25000000000000711, -12.80736945752437528, -6.084680353545050657 ) ) ;
#3677 = ORIENTED_EDGE ( 'NONE', *, *, #2059, .F. ) ;
#3678 = CARTESIAN_POINT ( 'NONE',  ( 38.25000000000000711, 20.04013080247704082, 26.12184831712980326 ) ) ;
#3679 = CARTESIAN_POINT ( 'NONE',  ( 34.25000000000000000, 17.93018179688971259, 2.360478602258125669 ) ) ;
#3680 = CARTESIAN_POINT ( 'NONE',  ( 41.70000000000000284, -11.25833024919776015, -4.899999999999899991 ) ) ;
#3681 = CARTESIAN_POINT ( 'NONE',  ( 43.25000000000000000, -1.013246421063590308, -15.98964464839847111 ) ) ;
#3682 = CARTESIAN_POINT ( 'NONE',  ( 43.25000000000000000, 23.29989056582501661, 17.87929722739028549 ) ) ;
#3683 = CARTESIAN_POINT ( 'NONE',  ( 38.25000000000000711, -12.14356075235789945, -69.87634919692720814 ) ) ;
#3684 = EDGE_LOOP ( 'NONE', ( #1541, #3181, #1610, #1766 ) ) ;
#3685 = CARTESIAN_POINT ( 'NONE',  ( 41.70000000000000284, -11.25833024919761982, 4.900000000000130029 ) ) ;
#3686 = CARTESIAN_POINT ( 'NONE',  ( 40.70000000000000284, -14.63793333118592876, -71.01504129817757871 ) ) ;
#3687 = CARTESIAN_POINT ( 'NONE',  ( 43.25000000000000000, -13.76339134097574579, -8.421826447938260074 ) ) ;
#3688 = ORIENTED_EDGE ( 'NONE', *, *, #3615, .F. ) ;
#3689 = CARTESIAN_POINT ( 'NONE',  ( 43.25000000000000711, -19.90314970635238367, -60.67776919926471635 ) ) ;
#3690 = CARTESIAN_POINT ( 'NONE',  ( 41.69999999999999574, 12.65638847056453642, 5.694209631406561556 ) ) ;
#3691 = ADVANCED_FACE ( 'NONE', ( #1757 ), #1065, .F. ) ;
#3692 = CARTESIAN_POINT ( 'NONE',  ( 41.69999999999999574, -11.67712686417260493, -8.058356282669210557 ) ) ;
#3693 = CARTESIAN_POINT ( 'NONE',  ( 43.25000000000000000, 14.13851673022521993, -64.22100004334070888 ) ) ;
#3694 = CARTESIAN_POINT ( 'NONE',  ( 43.25000000000001421, -11.67696665322196914, 9.650000000000133582 ) ) ;
#3695 = CARTESIAN_POINT ( 'NONE',  ( 43.25000000000000000, 24.08785466598597935, -61.49880378565328698 ) ) ;
#3696 = CARTESIAN_POINT ( 'NONE',  ( 43.25000000000000000, 10.05927392619639882, -66.56697961945901909 ) ) ;
#3697 = ORIENTED_EDGE ( 'NONE', *, *, #3824, .T. ) ;
#3698 = CARTESIAN_POINT ( 'NONE',  ( 34.24999999999999289, -15.66201192280455778, -9.042381380550327918 ) ) ;
#3699 = AXIS2_PLACEMENT_3D ( 'NONE', #1318, #3531, #2416 ) ;
#3700 = CARTESIAN_POINT ( 'NONE',  ( 34.25000000000000000, 5.819125596510555276, 17.15372328434886029 ) ) ;
#3701 = CARTESIAN_POINT ( 'NONE',  ( 38.25000000000000000, 15.84957974232761835, -70.23083647399833751 ) ) ;
#3702 = CARTESIAN_POINT ( 'NONE',  ( 43.25000000000000000, 2.830471419566953362, 14.39752459031680765 ) ) ;
#3703 = CARTESIAN_POINT ( 'NONE',  ( 43.25000000000000000, 28.36840283481056346, 7.601834668543840046 ) ) ;
#3704 = CARTESIAN_POINT ( 'NONE',  ( 37.25000000000000000, 11.25833024919765890, -4.899999999999999467 ) ) ;
#3705 = MECHANICAL_DESIGN_GEOMETRIC_PRESENTATION_REPRESENTATION (  '', ( #452 ), #1930 ) ;
#3706 = ORIENTED_EDGE ( 'NONE', *, *, #2674, .F. ) ;
#3707 = CARTESIAN_POINT ( 'NONE',  ( 43.24999999999999289, -12.07319547099936941, 3.449908113579067681 ) ) ;
#3708 = CARTESIAN_POINT ( 'NONE',  ( 43.25000000000000711, -29.11821741851416334, -53.83088512110356305 ) ) ;
#3709 = AXIS2_PLACEMENT_3D ( 'NONE', #1949, #329, #2618 ) ;
#3710 = CARTESIAN_POINT ( 'NONE',  ( 40.69999999999999574, -16.16921663465035763, -68.35824209196825052 ) ) ;
#3711 = CARTESIAN_POINT ( 'NONE',  ( 43.25000000000000000, -25.43479885964828568, 14.68418117205564677 ) ) ;
#3712 = B_SPLINE_CURVE_WITH_KNOTS ( 'NONE', 3,
 ( #1559, #1517, #1839, #1926 ),
 .UNSPECIFIED., .F., .F.,
 ( 4, 4 ),
 ( 0.000000000000000000, 1.000000000000000000 ),
 .UNSPECIFIED. ) ;
#3713 = CARTESIAN_POINT ( 'NONE',  ( 43.24999999999998579, 0.8148652218023408889, 16.05009188642105755 ) ) ;
#3714 = CARTESIAN_POINT ( 'NONE',  ( 43.25000000000000000, -14.30815606108937033, -7.316890743403608788 ) ) ;
#3715 = ORIENTED_EDGE ( 'NONE', *, *, #804, .F. ) ;
#3716 = CARTESIAN_POINT ( 'NONE',  ( 37.24999999999999289, 9.284958080989419216, 14.93317602047702763 ) ) ;
#3717 = CARTESIAN_POINT ( 'NONE',  ( 37.25000000000000711, -5.660912305895600127, 16.67837126442171680 ) ) ;
#3718 = EDGE_CURVE ( 'NONE', #4038, #400, #2576, .T. ) ;
#3719 = CARTESIAN_POINT ( 'NONE',  ( 37.25000000000000000, 9.709291040871853795, -6.084680353543068243 ) ) ;
#3720 = ORIENTED_EDGE ( 'NONE', *, *, #3249, .F. ) ;
#3721 = CARTESIAN_POINT ( 'NONE',  ( 43.24999999999998579, -12.65628246312514982, -3.669705963452485786 ) ) ;
#3722 = CARTESIAN_POINT ( 'NONE',  ( 43.25000000000000000, -3.841762366214105053E-16, 9.849999999999999645 ) ) ;
#3723 = CARTESIAN_POINT ( 'NONE',  ( 34.24999999999999289, 17.12515185071956125, 5.813127608361125631 ) ) ;
#3724 = CARTESIAN_POINT ( 'NONE',  ( 43.24999999999999289, 0.8148652218038956452, -9.949908113578933566 ) ) ;
#3725 = CARTESIAN_POINT ( 'NONE',  ( 38.25000000000001421, 15.55724970106511584, -67.29942172696566161 ) ) ;
#3726 = CARTESIAN_POINT ( 'NONE',  ( 37.25000000000000711, -1.518402419756634147, 12.48511374279500963 ) ) ;
#3727 = PRODUCT_CONTEXT ( 'NONE', #1899, 'mechanical' ) ;
#3728 = CARTESIAN_POINT ( 'NONE',  ( 38.25000000000000711, -12.36560228237297032, -67.60893412459398633 ) ) ;
#3729 = B_SPLINE_CURVE_WITH_KNOTS ( 'NONE', 3,
 ( #3326, #2009, #3241, #1421, #3622, #786, #2064, #257, #2146, #883, #2762, #2486, #3055, #512, #1793, #535, #1831, #3685 ),
 .UNSPECIFIED., .F., .F.,
 ( 4, 2, 2, 2, 2, 2, 2, 2, 4 ),
 ( 0.000000000000000000, 0.1249999999999997502, 0.2499999999999995004, 0.3749999999999995559, 0.4999999999999996669, 0.6249999999999997780, 0.7499999999999997780, 0.8749999999999998890, 1.000000000000000000 ),
 .UNSPECIFIED. ) ;
#3730 = CARTESIAN_POINT ( 'NONE',  ( 37.25000000000000000, -10.05234868329374365, 5.443041061081462573 ) ) ;
#3731 = ORIENTED_EDGE ( 'NONE', *, *, #2505, .F. ) ;
#3732 = EDGE_CURVE ( 'NONE', #1166, #4026, #3151, .T. ) ;
#3733 = CARTESIAN_POINT ( 'NONE',  ( 43.25000000000000711, 9.177876699921425185, 8.874567905977666982 ) ) ;
#3734 = CARTESIAN_POINT ( 'NONE',  ( 43.25000000000000711, 12.65598945203712056, 9.330796406421665523 ) ) ;
#3735 = CARTESIAN_POINT ( 'NONE',  ( 43.25000000000000000, -17.87929722731718130, 23.29989056588899388 ) ) ;
#3736 = FACE_OUTER_BOUND ( 'NONE', #2907, .T. ) ;
#3737 = CARTESIAN_POINT ( 'NONE',  ( 43.25000000000001421, -14.24829988445183027, -7.513381033582940738 ) ) ;
#3738 = ORIENTED_EDGE ( 'NONE', *, *, #3407, .F. ) ;
#3739 = CARTESIAN_POINT ( 'NONE',  ( 37.25000000000000000, 5.650254224473664877, 16.65205424529091260 ) ) ;
#3740 = CARTESIAN_POINT ( 'NONE',  ( 43.25000000000000000, 27.08189288002143158, -54.83949984864065641 ) ) ;
#3741 = CARTESIAN_POINT ( 'NONE',  ( 38.58333333333333570, -33.18655656587863234, -49.99999999999999289 ) ) ;
#3742 = ORIENTED_EDGE ( 'NONE', *, *, #1616, .F. ) ;
#3743 = CARTESIAN_POINT ( 'NONE',  ( 34.24999999999999289, 19.37430128635113036, -2.552512472701066848 ) ) ;
#3744 = CARTESIAN_POINT ( 'NONE',  ( 34.24999999999999289, 2.360845002745981080, -17.95965484769583043 ) ) ;
#3745 = CARTESIAN_POINT ( 'NONE',  ( 43.25000000000000711, -12.07878425720531546, 9.570073509136982182 ) ) ;
#3746 = CARTESIAN_POINT ( 'NONE',  ( 38.24999999999999289, 15.44835054671232477, -67.20993390727467443 ) ) ;
#3747 = CARTESIAN_POINT ( 'NONE',  ( 37.25000000000002842, -1.600140642086385734, 12.89462542489910390 ) ) ;
#3748 = CARTESIAN_POINT ( 'NONE',  ( 38.25000000000000711, -20.65758723425838639, -56.63729001441738831 ) ) ;
#3749 = CARTESIAN_POINT ( 'NONE',  ( 40.70000000000000284, 13.85708238834114425, -71.07100004334070320 ) ) ;
#3750 = CARTESIAN_POINT ( 'NONE',  ( 37.25000000000000000, -9.820318353924234245, 7.209701010971448554 ) ) ;
#3751 = ORIENTED_EDGE ( 'NONE', *, *, #316, .F. ) ;
#3752 = CARTESIAN_POINT ( 'NONE',  ( 43.25000000000001421, 8.108154368131684109, 6.707969847125616170 ) ) ;
#3753 = CARTESIAN_POINT ( 'NONE',  ( 43.25000000000000711, 13.17789829280997793, 9.006570109813505809 ) ) ;
#3754 = CARTESIAN_POINT ( 'NONE',  ( 43.25000000000000000, -17.10834127937011573, 23.87150086556744810 ) ) ;
#3755 = CARTESIAN_POINT ( 'NONE',  ( 41.69999999999999574, 0.8057903685933498483, -14.39805822136681712 ) ) ;
#3756 = ORIENTED_EDGE ( 'NONE', *, *, #1090, .T. ) ;
#3757 = CARTESIAN_POINT ( 'NONE',  ( 38.75000000000000000, 22.04070213015664237, 25.12787851416631568 ) ) ;
#3758 = CARTESIAN_POINT ( 'NONE',  ( 37.25000000000000000, 11.25833024919771930, 8.099999999999999645 ) ) ;
#3759 = ORIENTED_EDGE ( 'NONE', *, *, #2144, .F. ) ;
#3760 = CARTESIAN_POINT ( 'NONE',  ( 34.25000000000000711, -9.547885691963415411, -15.35883833654679798 ) ) ;
#3761 = CARTESIAN_POINT ( 'NONE',  ( 40.70000000000000284, -12.19653464485182681, -70.00378085113814564 ) ) ;
#3762 = CARTESIAN_POINT ( 'NONE',  ( 43.25000000000001421, 3.150175881066365147, -13.20796984712491096 ) ) ;
#3763 = CARTESIAN_POINT ( 'NONE',  ( -26.04219289491555145, 41.39199493597259760, -10.41666666666606034 ) ) ;
#3764 = CARTESIAN_POINT ( 'NONE',  ( 37.25000000000000711, -1.205782534001361261, 11.94323973230132907 ) ) ;
#3765 = CARTESIAN_POINT ( 'NONE',  ( 39.25000000000000000, -33.35322323254529664, 0.000000000000000000 ) ) ;
#3766 = CARTESIAN_POINT ( 'NONE',  ( 38.25000000000000000, -13.79209873592855828, -71.05736179291564270 ) ) ;
#3767 = AXIS2_PLACEMENT_3D ( 'NONE', #1797, #1139, #2728 ) ;
#3768 = EDGE_LOOP ( 'NONE', ( #2966, #3410, #3833, #1027 ) ) ;
#3769 =( NAMED_UNIT ( * ) SI_UNIT ( $, .STERADIAN. ) SOLID_ANGLE_UNIT ( ) );
#3770 = ADVANCED_FACE ( 'NONE', ( #1566 ), #987, .F. ) ;
#3771 = FACE_OUTER_BOUND ( 'NONE', #64, .T. ) ;
#3772 = CARTESIAN_POINT ( 'NONE',  ( 38.24999999999999289, 13.85433003495224646, -71.07100004334070320 ) ) ;
#3773 = CARTESIAN_POINT ( 'NONE',  ( 43.25000000000000000, 14.40815436813102934, 6.707969847120089923 ) ) ;
#3774 = COLOUR_RGB ( '',0.7921568627450980005, 0.8196078431372548767, 0.9333333333333333481 ) ;
#3775 = CARTESIAN_POINT ( 'NONE',  ( 41.69999999999998863, 1.279466947836997770, -12.01672524804013342 ) ) ;
#3776 = CARTESIAN_POINT ( 'NONE',  ( 37.24999999999999289, -1.518402419756794242, -13.51488625720473280 ) ) ;
#3777 = CONICAL_SURFACE ( 'NONE', #3101, 4.699999999999995737, 0.7853981633974476129 ) ;
#3778 = DIRECTION ( 'NONE',  ( 0.000000000000000000, 0.000000000000000000, -1.000000000000000000 ) ) ;
#3779 = CARTESIAN_POINT ( 'NONE',  ( 38.25000000000000000, -24.87523119579705266, -57.47896653213122420 ) ) ;
#3780 = CARTESIAN_POINT ( 'NONE',  ( 38.25000000000000711, -16.92271618095891839, -9.772438145944585486 ) ) ;
#3781 = ADVANCED_FACE ( 'NONE', ( #1261 ), #1869, .F. ) ;
#3782 = CARTESIAN_POINT ( 'NONE',  ( 37.25000000000000711, -9.668693356973669495, -6.711221313911005737 ) ) ;
#3783 = CARTESIAN_POINT ( 'NONE',  ( 37.25000000000000000, 9.658470891283686299, 6.605374575102199053 ) ) ;
#3784 = ORIENTED_EDGE ( 'NONE', *, *, #605, .T. ) ;
#3785 = CARTESIAN_POINT ( 'NONE',  ( 34.25000000000000711, 14.69104282995110466, -12.88612163632425123 ) ) ;
#3786 = CARTESIAN_POINT ( 'NONE',  ( 40.70000000000000284, -11.98113412497660235, -68.35824209196825052 ) ) ;
#3787 = CARTESIAN_POINT ( 'NONE',  ( 43.25000000000000000, -9.116269104654289564E-14, -16.15000000000000213 ) ) ;
#3788 = CARTESIAN_POINT ( 'NONE',  ( 38.75000000000000000, 33.35322323254529664, -50.00000000000000000 ) ) ;
#3789 = CARTESIAN_POINT ( 'NONE',  ( 38.25000000000000711, -20.75229429360813427, -56.23067552320036810 ) ) ;
#3790 = CARTESIAN_POINT ( 'NONE',  ( 37.25000000000000000, -9.658189672815657545, 6.605374910089375717 ) ) ;
#3791 = ORIENTED_EDGE ( 'NONE', *, *, #15, .T. ) ;
#3792 = CARTESIAN_POINT ( 'NONE',  ( 43.25000000000000711, 23.29815134601464877, -67.88141647289450020 ) ) ;
#3793 = CARTESIAN_POINT ( 'NONE',  ( 37.25000000000000000, 1.389011183390892912, -12.19833878292550366 ) ) ;
#3794 = CARTESIAN_POINT ( 'NONE',  ( 43.24999999999999289, -6.670818456328032831, 28.60146982288004125 ) ) ;
#3795 = CARTESIAN_POINT ( 'NONE',  ( 37.25000000000000711, -1.438012084279505665, -13.70970072636355042 ) ) ;
#3796 = EDGE_LOOP ( 'NONE', ( #1772, #3697 ) ) ;
#3797 = CARTESIAN_POINT ( 'NONE',  ( 43.25000000000000000, -29.35322323254530019, -50.00000000000000000 ) ) ;
#3798 = CARTESIAN_POINT ( 'NONE',  ( 40.70000000000000284, -14.07517537981347999, -66.77100004334070604 ) ) ;
#3799 = EDGE_CURVE ( 'NONE', #2074, #10, #3450, .T. ) ;
#3800 = CARTESIAN_POINT ( 'NONE',  ( 37.25000000000000711, -10.27578390903931194, -5.219407028776469559 ) ) ;
#3801 = CARTESIAN_POINT ( 'NONE',  ( 43.25000000000000000, 18.21775953425019523, -71.27502046722889872 ) ) ;
#3802 = B_SPLINE_CURVE_WITH_KNOTS ( 'NONE', 3,
 ( #1048, #415, #738, #3248, #86, #3526, #2275, #3907, #117, #1004, #2337, #1698, #3873, #3205, #63, #3549, #3228, #143, #1392, #697, #3929, #719, #99, #1085, #456, #3266, #2299, #1069, #1372, #435, #2322, #3589 ),
 .UNSPECIFIED., .F., .F.,
 ( 4, 2, 2, 2, 2, 2, 2, 2, 2, 2, 2, 2, 2, 2, 2, 4 ),
 ( 0.000000000000000000, 0.06249999999999983347, 0.1249999999999996669, 0.1874999999999995004, 0.2499999999999993339, 0.3124999999999991673, 0.3749999999999990008, 0.4374999999999988343, 0.4999999999999986677, 0.5624999999999984457, 0.6249999999999983347, 0.6874999999999982236, 0.7499999999999980016, 0.8124999999999977796, 0.8749999999999976685, 1.000000000000000000 ),
 .UNSPECIFIED. ) ;
#3803 = FACE_OUTER_BOUND ( 'NONE', #3476, .T. ) ;
#3804 = B_SPLINE_CURVE_WITH_KNOTS ( 'NONE', 3,
 ( #315, #26, #1299, #2561 ),
 .UNSPECIFIED., .F., .F.,
 ( 4, 4 ),
 ( 0.000000000000000000, 1.000000000000000000 ),
 .UNSPECIFIED. ) ;
#3805 = VERTEX_POINT ( 'NONE', #1587 ) ;
#3806 = CARTESIAN_POINT ( 'NONE',  ( 39.88333333333333286, 22.85702706628954672, -54.77100004334069894 ) ) ;
#3807 = CARTESIAN_POINT ( 'NONE',  ( 40.69999999999999574, -12.35589166865739230, -70.24227549128674752 ) ) ;
#3808 = FACE_OUTER_BOUND ( 'NONE', #3008, .T. ) ;
#3809 = CARTESIAN_POINT ( 'NONE',  ( 37.25000000000001421, -0.9746865753194687843, 14.27339933373919045 ) ) ;
#3810 = CARTESIAN_POINT ( 'NONE',  ( 42.21666666666666146, -4.440727231760309569E-15, 15.11666666666666714 ) ) ;
#3811 = CARTESIAN_POINT ( 'NONE',  ( 37.25000000000000000, -9.984931199846398542, 7.474687003112681971 ) ) ;
#3812 = ORIENTED_EDGE ( 'NONE', *, *, #2357, .T. ) ;
#3813 = CARTESIAN_POINT ( 'NONE',  ( 43.25000000000000711, 20.07501830489884753, -71.43658153425330681 ) ) ;
#3814 = CARTESIAN_POINT ( 'NONE',  ( 37.25000000000000711, 8.790340798844793468, 15.22977977613494360 ) ) ;
#3815 = FACE_BOUND ( 'NONE', #477, .T. ) ;
#3816 = CARTESIAN_POINT ( 'NONE',  ( 37.25000000000000000, 12.77699260913626844, 5.985006434636321870 ) ) ;
#3817 = B_SPLINE_CURVE_WITH_KNOTS ( 'NONE', 3,
 ( #515, #560, #3038, #217, #538, #1492, #2748, #4025, #2450, #3078, #3520, #35, #302, #1877, #2810, #1249, #693, #2891, #3776, #3795, #324, #2213, #3457, #1577, #2829, #948, #640, #2849, #3498, #667 ),
 .UNSPECIFIED., .F., .F.,
 ( 4, 2, 2, 2, 2, 2, 2, 2, 2, 2, 2, 2, 2, 2, 4 ),
 ( 0.000000000000000000, 0.1249999999999999445, 0.1874999999999999445, 0.2499999999999999445, 0.3124999999999999445, 0.3749999999999999445, 0.4374999999999998890, 0.4999999999999998890, 0.5624999999999998890, 0.6249999999999997780, 0.6874999999999997780, 0.7499999999999997780, 0.8124999999999997780, 0.8749999999999996669, 1.000000000000000000 ),
 .UNSPECIFIED. ) ;
#3818 = CARTESIAN_POINT ( 'NONE',  ( 40.70000000000000284, -22.79368571587784942, -54.77100004334069894 ) ) ;
#3819 = ORIENTED_EDGE ( 'NONE', *, *, #3400, .T. ) ;
#3820 = CARTESIAN_POINT ( 'NONE',  ( 39.25000000000000711, -28.94498105048871395, 16.71499030809895814 ) ) ;
#3821 = CARTESIAN_POINT ( 'NONE',  ( 40.58333333333332860, -32.01988989921196804, -50.00000000000000711 ) ) ;
#3822 = CARTESIAN_POINT ( 'NONE',  ( 38.25000000000000000, 21.90209457447959807, -58.85278803653962143 ) ) ;
#3823 = CARTESIAN_POINT ( 'NONE',  ( 43.25000000000000711, 10.05929586649853569, -71.27510774367428326 ) ) ;
#3824 = EDGE_CURVE ( 'NONE', #1466, #677, #4109, .T. ) ;
#3825 = CARTESIAN_POINT ( 'NONE',  ( 37.24999999999999289, 12.83483376862593950, -12.01986833355230289 ) ) ;
#3826 = CARTESIAN_POINT ( 'NONE',  ( 43.25000000000000000, 0.000000000000000000, 13.00000000000000000 ) ) ;
#3827 = EDGE_LOOP ( 'NONE', ( #3403, #4005, #3715, #1520 ) ) ;
#3828 = CARTESIAN_POINT ( 'NONE',  ( 40.70000000000000284, 22.85702706628955028, -54.77100004334069894 ) ) ;
#3829 = CARTESIAN_POINT ( 'NONE',  ( 43.25000000000000000, -9.615896980160750118, -70.43657818046865771 ) ) ;
#3830 = FACE_OUTER_BOUND ( 'NONE', #2519, .T. ) ;
#3831 = CARTESIAN_POINT ( 'NONE',  ( 43.24999999999999289, 11.67696665320615068, -9.650000000000000355 ) ) ;
#3832 = CARTESIAN_POINT ( 'NONE',  ( 41.69999999999999574, 9.860272027830898622, 7.305790368593435780 ) ) ;
#3833 = ORIENTED_EDGE ( 'NONE', *, *, #3535, .F. ) ;
#3834 = CARTESIAN_POINT ( 'NONE',  ( 37.24999999999999289, 11.46766943587866905, -8.089957330487740350 ) ) ;
#3835 = CARTESIAN_POINT ( 'NONE',  ( 39.25000000000000000, -4.084591807298374691E-15, 33.35322323254529664 ) ) ;
#3836 = CARTESIAN_POINT ( 'NONE',  ( 38.25000000000000711, -32.64144846846580350, 4.300423695872056307 ) ) ;
#3837 = CARTESIAN_POINT ( 'NONE',  ( 37.25000000000000000, -11.96809335790739759, 5.062318448392137071 ) ) ;
#3838 = CARTESIAN_POINT ( 'NONE',  ( 39.25000000000000000, -33.35322323254529664, -5.935422469980449725E-15 ) ) ;
#3839 = CARTESIAN_POINT ( 'NONE',  ( 37.25000000000000000, 12.69608239329529553, 5.790406581795400243 ) ) ;
#3840 = CONICAL_SURFACE ( 'NONE', #2055, 4.700000000000002842, 0.7853981633974476129 ) ;
#3841 = CARTESIAN_POINT ( 'NONE',  ( 43.25000000000000000, -29.35322323254530019, -33.33333333333334281 ) ) ;
#3842 = CARTESIAN_POINT ( 'NONE',  ( 43.24999999999999289, 9.913327524274953007, -66.83935391623980138 ) ) ;
#3843 = ORIENTED_EDGE ( 'NONE', *, *, #2971, .T. ) ;
#3844 = CARTESIAN_POINT ( 'NONE',  ( 41.69999999999998863, -0.9832747519599595032, -11.72053305216291363 ) ) ;
#3845 = DIRECTION ( 'NONE',  ( 1.000000000000000000, 0.000000000000000000, 0.000000000000000000 ) ) ;
#3846 = CARTESIAN_POINT ( 'NONE',  ( 34.74999999928449057, 2.300533677319019699, -17.46171000551901997 ) ) ;
#3847 = AXIS2_PLACEMENT_3D ( 'NONE', #1575, #886, #1853 ) ;
#3848 = CARTESIAN_POINT ( 'NONE',  ( 43.25000000000000711, -13.17789829280307501, -9.006570109816381731 ) ) ;
#3849 = CARTESIAN_POINT ( 'NONE',  ( 39.24999999999999289, 28.94498105048871395, 16.71499030809895814 ) ) ;
#3850 = CARTESIAN_POINT ( 'NONE',  ( 34.74999999928448347, -11.61403014145637158, -13.24077321725076040 ) ) ;
#3851 = CARTESIAN_POINT ( 'NONE',  ( 43.24999999999998579, -14.30815606108922999, 5.683109256596919678 ) ) ;
#3852 = EDGE_CURVE ( 'NONE', #1812, #309, #4053, .T. ) ;
#3853 = ORIENTED_EDGE ( 'NONE', *, *, #2373, .T. ) ;
#3854 = CARTESIAN_POINT ( 'NONE',  ( 43.25000000000000000, -3.841762366214105053E-16, 9.849999999999999645 ) ) ;
#3855 = CARTESIAN_POINT ( 'NONE',  ( 40.70000000000000284, -14.07517537981347999, -71.07100004334070320 ) ) ;
#3856 = CARTESIAN_POINT ( 'NONE',  ( 43.25000000000000000, 11.25833024919765890, -9.650000000000000355 ) ) ;
#3857 = CARTESIAN_POINT ( 'NONE',  ( 38.24999999999999289, -15.69700156808356795, -70.33998088606139731 ) ) ;
#3858 = CARTESIAN_POINT ( 'NONE',  ( 41.70000000000000995, 9.699973966528412817, 6.918796614974845660 ) ) ;
#3859 = EDGE_CURVE ( 'NONE', #2770, #1256, #3804, .T. ) ;
#3860 = CARTESIAN_POINT ( 'NONE',  ( 41.69999999999998863, 11.04889073895833640, -4.899999999999997691 ) ) ;
#3861 = ORIENTED_EDGE ( 'NONE', *, *, #2428, .T. ) ;
#3862 = CARTESIAN_POINT ( 'NONE',  ( 37.24999999999999289, 12.69634214447030018, -5.790298989027895971 ) ) ;
#3863 = CARTESIAN_POINT ( 'NONE',  ( 43.24999999999999289, 14.68176334205604405, -75.43609121669035744 ) ) ;
#3864 = CARTESIAN_POINT ( 'NONE',  ( 37.25000000000000711, 1.153255545652967839, 17.57500000000000284 ) ) ;
#3865 = FACE_OUTER_BOUND ( 'NONE', #1344, .T. ) ;
#3866 = CARTESIAN_POINT ( 'NONE',  ( 43.25000000000001421, -3.129752302755013371, 12.58492686058217735 ) ) ;
#3867 = CARTESIAN_POINT ( 'NONE',  ( 43.25000000000000711, -8.525657768526594182, 8.081181931674867869 ) ) ;
#3868 = ORIENTED_EDGE ( 'NONE', *, *, #297, .T. ) ;
#3869 = B_SPLINE_CURVE_WITH_KNOTS ( 'NONE', 3,
 ( #2131, #1183, #2729, #1817, #3368, #563, #1140, #2691, #3964, #2410, #3062, #3671, #220, #2176, #2108, #1208, #3345, #1837 ),
 .UNSPECIFIED., .F., .F.,
 ( 4, 2, 2, 2, 2, 2, 2, 2, 4 ),
 ( 0.000000000000000000, 0.1250000000000000555, 0.2500000000000000555, 0.3750000000000000555, 0.5000000000000000000, 0.6250000000000000000, 0.7500000000000001110, 0.8750000000000001110, 1.000000000000000000 ),
 .UNSPECIFIED. ) ;
#3870 = CARTESIAN_POINT ( 'NONE',  ( 34.74999999928448347, 15.25214035283862124, -8.807723098203865675 ) ) ;
#3871 = CARTESIAN_POINT ( 'NONE',  ( 37.25000000000000000, -1.278800443270974187E-16, 11.40000000000000036 ) ) ;
#3872 = CARTESIAN_POINT ( 'NONE',  ( 37.25000000000000000, -7.779447399932867491, 15.77011355511648638 ) ) ;
#3873 = CARTESIAN_POINT ( 'NONE',  ( 38.25000000000000711, 24.78864169374603321, -57.87634919692654734 ) ) ;
#3874 = ORIENTED_EDGE ( 'NONE', *, *, #712, .T. ) ;
#3875 = CARTESIAN_POINT ( 'NONE',  ( 38.25000000000001421, 8.641448524175864065, 17.52724272843907372 ) ) ;
#3876 = DIRECTION ( 'NONE',  ( 0.000000000000000000, 0.000000000000000000, -1.000000000000000000 ) ) ;
#3877 = CARTESIAN_POINT ( 'NONE',  ( 43.25000000000000711, 10.43787624120415991, -3.429926490863167921 ) ) ;
#3878 = CARTESIAN_POINT ( 'NONE',  ( 38.25000000000000711, -16.15724417630408638, -68.36566443972370166 ) ) ;
#3879 = ORIENTED_EDGE ( 'NONE', *, *, #981, .T. ) ;
#3880 = CARTESIAN_POINT ( 'NONE',  ( 39.25000000000000000, -33.35322323254529664, -52.18296335585219481 ) ) ;
#3881 = CARTESIAN_POINT ( 'NONE',  ( 38.25000000000000000, -22.79368571587784942, -54.77100004334069894 ) ) ;
#3882 = EDGE_CURVE ( 'NONE', #10, #1745, #1474, .T. ) ;
#3883 = CARTESIAN_POINT ( 'NONE',  ( 43.25000000000000711, -3.050355708020369150, 13.81422677566528279 ) ) ;
#3884 = VERTEX_POINT ( 'NONE', #3210 ) ;
#3885 = CARTESIAN_POINT ( 'NONE',  ( 43.25000000000001421, 9.468930050719070124, -69.53486172353110817 ) ) ;
#3886 = CARTESIAN_POINT ( 'NONE',  ( 41.69999999999998863, -1.279466947837176960, -13.98327475195987368 ) ) ;
#3887 = CARTESIAN_POINT ( 'NONE',  ( 38.25000000000001421, 21.14745396884221051, -58.23306596207955721 ) ) ;
#3888 = CARTESIAN_POINT ( 'NONE',  ( 43.25000000000000000, -18.56881990214633404, -54.83949984865126481 ) ) ;
#3889 = CARTESIAN_POINT ( 'NONE',  ( 37.25000000000000000, -11.59431564259938519, 13.22084142779806903 ) ) ;
#3890 = CARTESIAN_POINT ( 'NONE',  ( 34.74999999928448347, -15.79698927960598098, -7.788382451917452265 ) ) ;
#3891 = CARTESIAN_POINT ( 'NONE',  ( 38.25000000000001421, 11.89480094181992698, 15.50459869884033282 ) ) ;
#3892 = CARTESIAN_POINT ( 'NONE',  ( 41.91666666666666430, 30.68655656587863234, 4.957549996802389342E-14 ) ) ;
#3893 = FACE_BOUND ( 'NONE', #3117, .T. ) ;
#3894 = DIRECTION ( 'NONE',  ( -0.7071067811865525687, -0.7071067811865424657, 0.000000000000000000 ) ) ;
#3895 = CARTESIAN_POINT ( 'NONE',  ( 43.25000000000000000, -11.25833024919761982, 6.500000000000129674 ) ) ;
#3896 = EDGE_LOOP ( 'NONE', ( #1089, #1535, #130, #488 ) ) ;
#3897 = CARTESIAN_POINT ( 'NONE',  ( 39.24999999999998579, 2.182963355852216125, -83.35322323254528953 ) ) ;
#3898 = CARTESIAN_POINT ( 'NONE',  ( 43.25000000000000000, -8.524148752127819861, -8.078923529131845527 ) ) ;
#3899 = CARTESIAN_POINT ( 'NONE',  ( 40.70000000000000284, 23.13846140817362951, -54.77100004334069894 ) ) ;
#3900 = ADVANCED_FACE ( 'NONE', ( #774 ), #4042, .F. ) ;
#3901 = CARTESIAN_POINT ( 'NONE',  ( 38.75000000000000000, -1.361530602432789986E-15, -83.35322323254530374 ) ) ;
#3902 = CARTESIAN_POINT ( 'NONE',  ( 43.25000000000000711, 12.83725377654424626, -3.765818501294887710 ) ) ;
#3903 = CLOSED_SHELL ( 'NONE', ( #932, #2925, #3434, #757, #2678, #1880, #47, #2747, #690, #1064, #3305, #39, #4051, #3770, #848, #2671, #2693, #2405, #1383, #1594, #3691, #2021, #788, #3563, #1785, #497, #2998, #2163, #914, #1040, #3900, #1430, #221, #2823, #3983, #2263, #183, #3781, #3229, #3272, #2340, #3177, #1574, #3472, #3638, #1263, #2216, #289, #208, #2527, #1239, #3414, #1643, #2723, #3947, #421, #1539, #1209, #2773, #1854, #3545, #1704, #1961, #1825, #1012, #872 ) ) ;
#3904 = CARTESIAN_POINT ( 'NONE',  ( 38.25000000000000000, 13.05895333565068128, -67.05607350763931152 ) ) ;
#3905 = CARTESIAN_POINT ( 'NONE',  ( 43.24999999999999289, -21.57371160954689415, -52.37197647129332267 ) ) ;
#3906 = CARTESIAN_POINT ( 'NONE',  ( 37.25000000000000000, -15.22874543921279411, -8.792275907116366085 ) ) ;
#3907 = CARTESIAN_POINT ( 'NONE',  ( 38.25000000000000711, 24.16909386084619626, -58.63057277392832134 ) ) ;
#3908 = CARTESIAN_POINT ( 'NONE',  ( 43.25000000000000000, -12.27157667026228260, 3.510355351603200003 ) ) ;
#3909 = AXIS2_PLACEMENT_3D ( 'NONE', #584, #1861, #2794 ) ;
#3910 = PRODUCT_RELATED_PRODUCT_CATEGORY ( 'part', '', ( #463 ) ) ;
#3911 = B_SPLINE_CURVE_WITH_KNOTS ( 'NONE', 3,
 ( #1128, #2099, #1460, #1150 ),
 .UNSPECIFIED., .F., .F.,
 ( 4, 4 ),
 ( 0.000000000000000000, 1.000000000000000000 ),
 .UNSPECIFIED. ) ;
#3912 = CARTESIAN_POINT ( 'NONE',  ( 38.25000000000001421, 16.92271618095894326, 9.772438145944555288 ) ) ;
#3913 = CARTESIAN_POINT ( 'NONE',  ( 34.25000000000000000, 11.89480094181992875, 15.50459869884033459 ) ) ;
#3914 = CARTESIAN_POINT ( 'NONE',  ( 37.25000000000000000, 16.45777699050645637, 6.193286896083831650 ) ) ;
#3915 = FACE_OUTER_BOUND ( 'NONE', #1098, .T. ) ;
#3916 = CARTESIAN_POINT ( 'NONE',  ( 43.25000000000000000, 8.208504437306563872, -7.316890743408528408 ) ) ;
#3917 = CARTESIAN_POINT ( 'NONE',  ( 38.25000000000002132, -16.15672085973271166, -69.47896653212404772 ) ) ;
#3918 = EDGE_LOOP ( 'NONE', ( #2609, #1211, #3720, #745 ) ) ;
#3919 = CARTESIAN_POINT ( 'NONE',  ( 39.25000000000000000, 16.71499030809896169, -78.94498105048873526 ) ) ;
#3920 = CARTESIAN_POINT ( 'NONE',  ( 41.70000000000000284, 1.959434878635764984E-16, 14.59999999999999964 ) ) ;
#3921 = CARTESIAN_POINT ( 'NONE',  ( 43.24999999999999289, -24.01365982221569340, -61.47002361538316251 ) ) ;
#3922 = CARTESIAN_POINT ( 'NONE',  ( 37.25000000000000000, 12.85847082557934584, 6.605374910091263096 ) ) ;
#3923 = CARTESIAN_POINT ( 'NONE',  ( 43.25000000000000000, -10.84528263137764448, 9.630018377284343956 ) ) ;
#3924 = FACE_OUTER_BOUND ( 'NONE', #1835, .T. ) ;
#3925 = CARTESIAN_POINT ( 'NONE',  ( 38.75000000000000000, 16.71499030809890129, -78.94498105048873526 ) ) ;
#3926 = CARTESIAN_POINT ( 'NONE',  ( 43.25000000000000000, 13.33878379847508278, -8.874567905978334892 ) ) ;
#3927 = CARTESIAN_POINT ( 'NONE',  ( 38.25000000000001421, -24.93030751406859125, -56.63992089959191389 ) ) ;
#3928 = CARTESIAN_POINT ( 'NONE',  ( 38.91666666666667140, 33.35322323254529664, 5.388361883317745594E-14 ) ) ;
#3929 = CARTESIAN_POINT ( 'NONE',  ( 38.25000000000000000, 24.89841848855996176, -56.23067552319869833 ) ) ;
#3930 = EDGE_CURVE ( 'NONE', #3951, #1792, #2568, .T. ) ;
#3931 = CARTESIAN_POINT ( 'NONE',  ( 38.25000000000000711, 11.89480094181996250, -15.50459869884030972 ) ) ;
#3932 = DIRECTION ( 'NONE',  ( 1.000000000000000000, 0.000000000000000000, 0.000000000000000000 ) ) ;
#3933 = CARTESIAN_POINT ( 'NONE',  ( 41.70000000000000284, -9.058257132205788090E-14, -11.40000000000000036 ) ) ;
#3934 = CARTESIAN_POINT ( 'NONE',  ( 43.25000000000000000, 14.13851673022521993, -64.22100004334070888 ) ) ;
#3935 = VERTEX_POINT ( 'NONE', #3252 ) ;
#3936 = CARTESIAN_POINT ( 'NONE',  ( 39.25000000000000000, 10.74693078237553223, -81.64974419757326984 ) ) ;
#3937 = CARTESIAN_POINT ( 'NONE',  ( 43.25000000000000000, -10.24508382813390384, -3.510355351601800677 ) ) ;
#3938 = CARTESIAN_POINT ( 'NONE',  ( 43.25000000000000711, 19.96649105672100077, -53.16423088745977310 ) ) ;
#3939 = CARTESIAN_POINT ( 'NONE',  ( 34.24999999999999289, -18.87632464937483689, -5.056010085927985287 ) ) ;
#3940 = DIRECTION ( 'NONE',  ( 1.000000000000000000, 0.000000000000000000, 0.000000000000000000 ) ) ;
#3941 = CARTESIAN_POINT ( 'NONE',  ( 41.70000000000000284, -9.860272027830948360, -5.694209631406458527 ) ) ;
#3942 = CARTESIAN_POINT ( 'NONE',  ( 40.70000000000000284, 22.85702706628955028, -59.07100004334069610 ) ) ;
#3943 = ORIENTED_EDGE ( 'NONE', *, *, #953, .F. ) ;
#3944 = CARTESIAN_POINT ( 'NONE',  ( 43.24999999999999289, -18.56849650993313716, -59.00264617045792193 ) ) ;
#3945 = CARTESIAN_POINT ( 'NONE',  ( 37.25000000000001421, -14.29298085194474766, 10.24333560966503853 ) ) ;
#3946 = CARTESIAN_POINT ( 'NONE',  ( 38.91666666666667140, 33.35322323254529664, -49.99999999999995026 ) ) ;
#3947 = ADVANCED_FACE ( 'NONE', ( #420 ), #1363, .T. ) ;
#3948 = DIRECTION ( 'NONE',  ( 1.000000000000000000, 0.000000000000000000, 0.000000000000000000 ) ) ;
#3949 = CARTESIAN_POINT ( 'NONE',  ( 37.25000000000000000, 9.739927829441622720, -7.014886257205061426 ) ) ;
#3950 = CARTESIAN_POINT ( 'NONE',  ( 37.25000000000000000, -12.77673266895549453, -7.014886257203307274 ) ) ;
#3951 = VERTEX_POINT ( 'NONE', #3234 ) ;
#3952 = CARTESIAN_POINT ( 'NONE',  ( 34.74999999928449768, -1.155557966632341862E-30, -17.57499999999999929 ) ) ;
#3953 = CARTESIAN_POINT ( 'NONE',  ( 43.25000000000000711, -8.208504437306654467, -5.683109256596441838 ) ) ;
#3954 = CARTESIAN_POINT ( 'NONE',  ( 43.25000000000000000, -3.130282198883610700, -12.58759082831702258 ) ) ;
#3955 = CARTESIAN_POINT ( 'NONE',  ( 43.25000000000000711, 19.12112851290985560, -59.78886359592770106 ) ) ;
#3956 = B_SPLINE_CURVE_WITH_KNOTS ( 'NONE', 3,
 ( #610, #3130, #2219, #4079 ),
 .UNSPECIFIED., .F., .F.,
 ( 4, 4 ),
 ( 0.000000000000000000, 1.000000000000000000 ),
 .UNSPECIFIED. ) ;
#3957 = B_SPLINE_CURVE_WITH_KNOTS ( 'NONE', 3,
 ( #601, #2828, #4108, #3713, #3122, #865, #2149, #3386, #1833, #1509, #2766, #4045, #3702, #1439, #2058, #3977, #2682, #1788, #1824, #1769, #2757, #1193, #2097, #1458, #3026, #189, #1126, #467, #3299, #835, #1171, #1752 ),
 .UNSPECIFIED., .F., .F.,
 ( 4, 2, 2, 2, 2, 2, 2, 2, 2, 2, 2, 2, 2, 2, 2, 4 ),
 ( 0.000000000000000000, 0.06249999999999994449, 0.1249999999999998751, 0.1874999999999998057, 0.2499999999999997224, 0.3124999999999997224, 0.3749999999999997224, 0.4374999999999997224, 0.4999999999999997780, 0.5624999999999997780, 0.6249999999999998890, 0.6874999999999998890, 0.7500000000000000000, 0.8125000000000000000, 0.8750000000000001110, 1.000000000000000000 ),
 .UNSPECIFIED. ) ;
#3958 = CARTESIAN_POINT ( 'NONE',  ( 43.25000000000000000, -9.677148750974511771, 3.767327085289867483 ) ) ;
#3959 = CARTESIAN_POINT ( 'NONE',  ( 43.24999999999999289, -17.81107393320177934, -71.78886359589661481 ) ) ;
#3960 = CARTESIAN_POINT ( 'NONE',  ( 34.74999999928449057, 15.25214035283863190, 8.807723098203835477 ) ) ;
#3961 = CARTESIAN_POINT ( 'NONE',  ( 40.70000000000000284, 22.85702706628955028, -54.77100004334069894 ) ) ;
#3962 = ORIENTED_EDGE ( 'NONE', *, *, #3859, .F. ) ;
#3963 = CARTESIAN_POINT ( 'NONE',  ( 38.25000000000001421, 10.58582295319440547, -81.17528114527839023 ) ) ;
#3964 = CARTESIAN_POINT ( 'NONE',  ( 41.70000000000000284, -1.600000000000001865, 12.79056048976067572 ) ) ;
#3965 = CONICAL_SURFACE ( 'NONE', #2448, 3.149999999999999911, 0.7853981633974476129 ) ;
#3966 = CARTESIAN_POINT ( 'NONE',  ( 38.25000000000000711, 18.50405903950113640, -6.283205338062591849 ) ) ;
#3967 = CARTESIAN_POINT ( 'NONE',  ( 40.21666666666665435, 11.25833024919771930, 4.899999999999999467 ) ) ;
#3968 = B_SPLINE_CURVE_WITH_KNOTS ( 'NONE', 3,
 ( #3855, #2819, #4099, #1259, #941, #3807, #3761, #700, #45, #1976, #3786, #3470, #2241, #2799, #2516, #312, #2259, #1585 ),
 .UNSPECIFIED., .F., .F.,
 ( 4, 2, 2, 2, 2, 2, 2, 2, 4 ),
 ( 0.000000000000000000, 0.1250000000000000000, 0.2500000000000000000, 0.3750000000000000000, 0.5000000000000000000, 0.6250000000000000000, 0.7500000000000000000, 0.8750000000000000000, 1.000000000000000000 ),
 .UNSPECIFIED. ) ;
#3969 = CARTESIAN_POINT ( 'NONE',  ( 40.70000000000000995, 22.57559272440546039, -54.77100004334071315 ) ) ;
#3970 = AXIS2_PLACEMENT_3D ( 'NONE', #1273, #564, #1293 ) ;
#3971 = CARTESIAN_POINT ( 'NONE',  ( 43.24999999999998579, 23.47494430705654622, -61.62100004334067904 ) ) ;
#3972 = AXIS2_PLACEMENT_3D ( 'NONE', #3765, #1238, #4062 ) ;
#3973 = EDGE_LOOP ( 'NONE', ( #3812, #1891 ) ) ;
#3974 = CARTESIAN_POINT ( 'NONE',  ( 34.24999999999999289, -1.187553719983204470, 18.07499999972614191 ) ) ;
#3975 = CARTESIAN_POINT ( 'NONE',  ( 34.24999999999999289, 18.07492843580918063, 0.5941364097309529413 ) ) ;
#3976 = CARTESIAN_POINT ( 'NONE',  ( 43.25000000000000000, -9.336504234715945927, -9.005061525820538648 ) ) ;
#3977 = CARTESIAN_POINT ( 'NONE',  ( 43.25000000000000711, 3.129752302754882365, 13.41507313942070745 ) ) ;
#3978 = EDGE_CURVE ( 'NONE', #202, #1269, #542, .T. ) ;
#3979 = CARTESIAN_POINT ( 'NONE',  ( 43.25000000000001421, 18.18744038678556052, -57.53486172353067474 ) ) ;
#3980 = ORIENTED_EDGE ( 'NONE', *, *, #2314, .F. ) ;
#3981 = DIRECTION ( 'NONE',  ( 1.000000000000000000, 0.000000000000000000, 0.000000000000000000 ) ) ;
#3982 = CARTESIAN_POINT ( 'NONE',  ( 34.74999999928449057, 2.300533677319054338, 17.46171000551901642 ) ) ;
#3983 = ADVANCED_FACE ( 'NONE', ( #398 ), #668, .F. ) ;
#3984 = CARTESIAN_POINT ( 'NONE',  ( 37.25000000000000711, 0.8016612165376216792, 11.61098881630403667 ) ) ;
#3985 = CARTESIAN_POINT ( 'NONE',  ( 37.25000000000000000, 11.25833024919765890, -8.099999999999999645 ) ) ;
#3986 = ORIENTED_EDGE ( 'NONE', *, *, #3542, .F. ) ;
#3987 = CARTESIAN_POINT ( 'NONE',  ( 42.21666666666666146, -11.25833024919776015, -8.616666666666565888 ) ) ;
#3988 = CARTESIAN_POINT ( 'NONE',  ( 41.69999999999999574, 12.85833024919772072, 6.709439510239318949 ) ) ;
#3989 = CARTESIAN_POINT ( 'NONE',  ( 38.75000000000000000, 0.000000000000000000, 33.35322323254529664 ) ) ;
#3990 = CARTESIAN_POINT ( 'NONE',  ( 41.91666666666666430, 1.287596479285514531E-13, 30.68655656587863234 ) ) ;
#3991 = CARTESIAN_POINT ( 'NONE',  ( 41.70000000000000284, -12.85833024919762479, 6.709439510239445070 ) ) ;
#3992 = CARTESIAN_POINT ( 'NONE',  ( 37.25000000000000711, -11.96803097497402213, -5.061987915135161664 ) ) ;
#3993 = ORIENTED_EDGE ( 'NONE', *, *, #4104, .T. ) ;
#3994 = CARTESIAN_POINT ( 'NONE',  ( 34.24999999999999289, -18.07492843580730124, -0.5941364097372794362 ) ) ;
#3995 = CARTESIAN_POINT ( 'NONE',  ( 34.25000000000000000, 16.21981295429879211, -7.998809050665379061 ) ) ;
#3996 = CARTESIAN_POINT ( 'NONE',  ( 41.70000000000000284, -11.25833024919761982, 4.900000000000130029 ) ) ;
#3997 = CARTESIAN_POINT ( 'NONE',  ( 42.21666666666666146, -11.25833024919776548, -4.383333333333231607 ) ) ;
#3998 = CARTESIAN_POINT ( 'NONE',  ( 37.25000000000000000, -11.25833024919776015, -4.899999999999899991 ) ) ;
#3999 = CARTESIAN_POINT ( 'NONE',  ( 38.25000000000000000, -14.07517537981347999, -66.77100004334070604 ) ) ;
#4000 = CARTESIAN_POINT ( 'NONE',  ( 37.25000000000000711, -10.45666903265983372, 5.110988816304096183 ) ) ;
#4001 = EDGE_LOOP ( 'NONE', ( #21, #3861, #2926, #2038 ) ) ;
#4002 = EDGE_CURVE ( 'NONE', #361, #2106, #882, .T. ) ;
#4003 = CARTESIAN_POINT ( 'NONE',  ( 43.25000000000000711, -27.81161379442986714, -59.43732215024621013 ) ) ;
#4004 = CARTESIAN_POINT ( 'NONE',  ( 38.75000000000000711, -4.365872733633680447, -83.13822542452608388 ) ) ;
#4005 = ORIENTED_EDGE ( 'NONE', *, *, #445, .T. ) ;
#4006 = CARTESIAN_POINT ( 'NONE',  ( 38.75000000000000000, -25.12787851416625173, 22.04070213015672053 ) ) ;
#4007 = DIRECTION ( 'NONE',  ( 1.000000000000000000, 0.000000000000000000, 0.000000000000000000 ) ) ;
#4008 = B_SPLINE_CURVE_WITH_KNOTS ( 'NONE', 3,
 ( #284, #1691, #3523, #696, #2933, #3200, #18, #96, #643, #2233, #349, #3184, #976, #1621, #2251, #2316, #2876, #1601, #2551, #1001, #367, #81, #1923, #3887, #3243, #3502, #1671, #408, #3822, #3543, #3562, #1020 ),
 .UNSPECIFIED., .F., .F.,
 ( 4, 2, 2, 2, 2, 2, 2, 2, 2, 2, 2, 2, 2, 2, 2, 4 ),
 ( 0.000000000000000000, 0.06249999999999983347, 0.1249999999999996669, 0.1874999999999995004, 0.2499999999999993339, 0.3124999999999991673, 0.3749999999999990008, 0.4374999999999988343, 0.4999999999999986677, 0.5624999999999984457, 0.6249999999999983347, 0.6874999999999982236, 0.7499999999999980016, 0.8124999999999977796, 0.8749999999999976685, 1.000000000000000000 ),
 .UNSPECIFIED. ) ;
#4009 = CARTESIAN_POINT ( 'NONE',  ( 43.24999999999999289, 27.55720437440235315, -57.22726931924624694 ) ) ;
#4010 = CARTESIAN_POINT ( 'NONE',  ( 37.25000000000000000, -12.80779423400114858, -6.913184150897199842 ) ) ;
#4011 = ORIENTED_EDGE ( 'NONE', *, *, #3233, .T. ) ;
#4012 = CARTESIAN_POINT ( 'NONE',  ( 34.24999999999998579, -17.93018179688688818, -2.360478602267625181 ) ) ;
#4013 = CARTESIAN_POINT ( 'NONE',  ( 34.24999999999999289, 9.547885691981088385, 15.35883833653411301 ) ) ;
#4014 = CARTESIAN_POINT ( 'NONE',  ( 43.25000000000001421, 1.397659202833520409, -10.16920359357569659 ) ) ;
#4015 = CARTESIAN_POINT ( 'NONE',  ( 38.75000000000000000, 33.35322323254529664, 2.239724881261170019E-14 ) ) ;
#4016 = CARTESIAN_POINT ( 'NONE',  ( 39.25000000000000000, -33.35322323254529664, -5.935422469980449725E-15 ) ) ;
#4017 = CARTESIAN_POINT ( 'NONE',  ( 43.24999999999998579, 9.439945527308667650, 27.81081801515331264 ) ) ;
#4018 = CARTESIAN_POINT ( 'NONE',  ( 40.70000000000000995, 13.57575877885277293, -71.01504129817757871 ) ) ;
#4019 = VERTEX_POINT ( 'NONE', #2648 ) ;
#4020 = CARTESIAN_POINT ( 'NONE',  ( 43.25000000000000711, -8.751760141017665973, 4.580431954609148093 ) ) ;
#4021 = CARTESIAN_POINT ( 'NONE',  ( 43.25000000000000000, -29.35322323254530019, -50.00000000000000000 ) ) ;
#4022 = CARTESIAN_POINT ( 'NONE',  ( 43.25000000000000711, 14.38808255195196928, 6.915073139419712689 ) ) ;
#4023 = CARTESIAN_POINT ( 'NONE',  ( 43.25000000000001421, -19.36199260272842082, 22.08307391802926034 ) ) ;
#4024 = EDGE_CURVE ( 'NONE', #1927, #2770, #748, .T. ) ;
#4025 = CARTESIAN_POINT ( 'NONE',  ( 37.25000000000000000, -1.205981375489847185, -11.94304077774664385 ) ) ;
#4026 = VERTEX_POINT ( 'NONE', #1687 ) ;
#4027 = CARTESIAN_POINT ( 'NONE',  ( 38.24999999999999289, 24.75118510827009288, -71.71028875486632614 ) ) ;
#4028 = CARTESIAN_POINT ( 'NONE',  ( 41.70000000000000284, 11.25833024919771930, 8.099999999999999645 ) ) ;
#4029 = CARTESIAN_POINT ( 'NONE',  ( 37.25000000000000000, -10.28364324662360652, -7.773399049657411908 ) ) ;
#4030 = CARTESIAN_POINT ( 'NONE',  ( 41.69999999999999574, -11.46776975943693522, 4.900000000000126477 ) ) ;
#4031 = AXIS2_PLACEMENT_3D ( 'NONE', #1502, #507, #4060 ) ;
#4032 = CARTESIAN_POINT ( 'NONE',  ( 40.70000000000000284, 22.85702706628955028, -59.07100004334069610 ) ) ;
#4033 = ORIENTED_EDGE ( 'NONE', *, *, #263, .T. ) ;
#4034 = CARTESIAN_POINT ( 'NONE',  ( 38.58333333333333570, -1.037755118243950479E-14, 33.18655656587862524 ) ) ;
#4035 = CYLINDRICAL_SURFACE ( 'NONE', #2194, 19.50000000000000000 ) ;
#4036 = CARTESIAN_POINT ( 'NONE',  ( 43.24999999999999289, -2.989969635254321467, -14.01338103358120257 ) ) ;
#4037 = CARTESIAN_POINT ( 'NONE',  ( 35.58333333333333570, 0.000000000000000000, -19.50000000000000000 ) ) ;
#4038 = VERTEX_POINT ( 'NONE', #468 ) ;
#4039 = CARTESIAN_POINT ( 'NONE',  ( 34.25000000000000000, 0.000000000000000000, 0.000000000000000000 ) ) ;
#4040 = CARTESIAN_POINT ( 'NONE',  ( 43.25000000000000000, 9.679406721857787943, 3.765818501290680853 ) ) ;
#4041 = CARTESIAN_POINT ( 'NONE',  ( 38.25000000000000711, 12.00241824860507300, -69.20471007225992821 ) ) ;
#4042 = CONICAL_SURFACE ( 'NONE', #3035, 3.149999999999999911, 0.7853981633974476129 ) ;
#4043 = CARTESIAN_POINT ( 'NONE',  ( 43.25000000000001421, 12.07878425718782722, 3.429926490863139943 ) ) ;
#4044 = CARTESIAN_POINT ( 'NONE',  ( 43.25000000000000000, -27.81081801518656960, 9.439945527173696505 ) ) ;
#4045 = CARTESIAN_POINT ( 'NONE',  ( 43.25000000000000711, 2.732672480668652426, 14.58118193167587506 ) ) ;
#4046 = CARTESIAN_POINT ( 'NONE',  ( 41.70000000000000284, 11.25833024919765890, -8.099999999999999645 ) ) ;
#4047 = VERTEX_POINT ( 'NONE', #2310 ) ;
#4048 = CARTESIAN_POINT ( 'NONE',  ( 40.70000000000000284, -14.07517537981347999, -71.07100004334070320 ) ) ;
#4049 = CARTESIAN_POINT ( 'NONE',  ( 41.69999999999999574, 12.06412061779115952, 5.101941778633184654 ) ) ;
#4050 = CARTESIAN_POINT ( 'NONE',  ( 41.69999999999999574, -12.85833024919775802, -6.709439510239223914 ) ) ;
#4051 = ADVANCED_FACE ( 'NONE', ( #3620 ), #783, .F. ) ;
#4052 = DIRECTION ( 'NONE',  ( 0.000000000000000000, 0.000000000000000000, -1.000000000000000000 ) ) ;
#4053 = B_SPLINE_CURVE_WITH_KNOTS ( 'NONE', 3,
 ( #613, #3133, #3810, #2243 ),
 .UNSPECIFIED., .F., .F.,
 ( 4, 4 ),
 ( 0.000000000000000000, 1.000000000000000000 ),
 .UNSPECIFIED. ) ;
#4054 = VERTEX_POINT ( 'NONE', #1710 ) ;
#4055 = CARTESIAN_POINT ( 'NONE',  ( 43.25000000000000711, -12.83951174742258239, -3.767327085291073629 ) ) ;
#4056 = CARTESIAN_POINT ( 'NONE',  ( 34.25000000000000000, -4.682879118586139811, 17.46800898174435801 ) ) ;
#4057 = CARTESIAN_POINT ( 'NONE',  ( 34.24999999999999289, 7.465941761586004866, 16.47182218265839637 ) ) ;
#4058 = CARTESIAN_POINT ( 'NONE',  ( 43.25000000000000711, 3.149824118933455708, -12.79203015287509082 ) ) ;
#4059 = B_SPLINE_CURVE_WITH_KNOTS ( 'NONE', 3,
 ( #3501, #4094, #262, #1536, #283, #305, #603, #4113, #1000, #1879, #2875, #3780, #348, #951, #1252, #2509, #1271, #37, #935, #2215, #623, #1307, #2572, #1898, #1287, #3413, #3141, #328, #581, #642, #2529, #2232, #3482, #1922 ),
 .UNSPECIFIED., .F., .F.,
 ( 4, 2, 2, 2, 2, 2, 2, 2, 2, 2, 2, 2, 2, 2, 2, 2, 4 ),
 ( 0.000000000000000000, 0.06250000000000006939, 0.1250000000000001110, 0.1875000000000001388, 0.2500000000000001665, 0.3125000000000002220, 0.3750000000000002220, 0.4375000000000002776, 0.5000000000000002220, 0.5625000000000003331, 0.6250000000000002220, 0.6875000000000002220, 0.7500000000000001110, 0.8125000000000001110, 0.8750000000000001110, 0.9375000000000000000, 1.000000000000000000 ),
 .UNSPECIFIED. ) ;
#4060 = DIRECTION ( 'NONE',  ( 0.000000000000000000, 0.000000000000000000, -1.000000000000000000 ) ) ;
#4061 = CARTESIAN_POINT ( 'NONE',  ( 40.70000000000000284, -24.94368571587785510, -56.63956570145661829 ) ) ;
#4062 = DIRECTION ( 'NONE',  ( 0.000000000000000000, 0.000000000000000000, 1.000000000000000000 ) ) ;
#4063 = CARTESIAN_POINT ( 'NONE',  ( 43.25000000000000000, 17.10824184530843439, 23.87135205176684849 ) ) ;
#4064 = CARTESIAN_POINT ( 'NONE',  ( 37.25000000000000000, -1.278800443270974187E-16, 11.40000000000000036 ) ) ;
#4065 = ORIENTED_EDGE ( 'NONE', *, *, #3099, .T. ) ;
#4066 = CARTESIAN_POINT ( 'NONE',  ( 43.25000000000000000, 8.427858829631016846, 5.102475409681312080 ) ) ;
#4067 = CARTESIAN_POINT ( 'NONE',  ( 38.25000000000000000, 11.98869224219507679, -69.06443065264323877 ) ) ;
#4068 = B_SPLINE_CURVE_WITH_KNOTS ( 'NONE', 3,
 ( #1586, #292, #1525, #3446, #273, #3113, #1260, #2183, #4061, #3091, #2841, #1565, #2779, #612, #1546, #2801, #2517, #3423 ),
 .UNSPECIFIED., .F., .F.,
 ( 4, 2, 2, 2, 2, 2, 2, 2, 4 ),
 ( 0.000000000000000000, 0.1250000000000000000, 0.2500000000000000000, 0.3750000000000000000, 0.5000000000000000000, 0.6250000000000000000, 0.7500000000000000000, 0.8750000000000000000, 1.000000000000000000 ),
 .UNSPECIFIED. ) ;
#4069 = CARTESIAN_POINT ( 'NONE',  ( 43.25000000000000000, 11.67137786701913527, 9.630018377284212505 ) ) ;
#4070 = DIRECTION ( 'NONE',  ( 1.000000000000000000, 0.000000000000000000, 0.000000000000000000 ) ) ;
#4071 = CARTESIAN_POINT ( 'NONE',  ( 40.69999999999999574, -20.64368571587785084, -56.63956570145661829 ) ) ;
#4072 = CARTESIAN_POINT ( 'NONE',  ( 43.25000000000000000, -29.35322323254530019, -50.00000000000000000 ) ) ;
#4073 = EDGE_LOOP ( 'NONE', ( #2944, #3065, #276, #4086 ) ) ;
#4074 = CARTESIAN_POINT ( 'NONE',  ( 38.74999999999999289, 33.35322323254528953, 2.182963355852233445 ) ) ;
#4075 = CARTESIAN_POINT ( 'NONE',  ( 37.25000000000001421, 10.70656403126422340, -13.94940034674855944 ) ) ;
#4076 = DIRECTION ( 'NONE',  ( 0.000000000000000000, 0.000000000000000000, -1.000000000000000000 ) ) ;
#4077 = EDGE_CURVE ( 'NONE', #2995, #4047, #2954, .T. ) ;
#4078 = ORIENTED_EDGE ( 'NONE', *, *, #2255, .T. ) ;
#4079 = CARTESIAN_POINT ( 'NONE',  ( 41.70000000000000284, -11.25833024919761982, 8.100000000000129319 ) ) ;
#4080 = CARTESIAN_POINT ( 'NONE',  ( 43.25000000000000000, -11.72113870441094718, -64.84177334701227835 ) ) ;
#4081 = CARTESIAN_POINT ( 'NONE',  ( 43.25000000000000000, 3.130282198883806544, -13.41240917168320834 ) ) ;
#4082 = CARTESIAN_POINT ( 'NONE',  ( 38.24999999999999289, 16.28869224219602430, -69.06443065264919312 ) ) ;
#4083 = CARTESIAN_POINT ( 'NONE',  ( 37.24999999999999289, -1.589636790986875825, 13.21122181586136612 ) ) ;
#4084 = CARTESIAN_POINT ( 'NONE',  ( 43.25000000000000000, 11.25833024919765890, -6.500000000000000000 ) ) ;
#4085 = CARTESIAN_POINT ( 'NONE',  ( 38.25000000000000000, -13.11996055691128049, -70.85229036630316557 ) ) ;
#4086 = ORIENTED_EDGE ( 'NONE', *, *, #2109, .T. ) ;
#4087 = SURFACE_STYLE_USAGE ( .BOTH. , #2225 ) ;
#4088 = CARTESIAN_POINT ( 'NONE',  ( 43.24999999999999289, -23.87150086546404282, -67.10834127949198091 ) ) ;
#4089 = CARTESIAN_POINT ( 'NONE',  ( 43.25000000000000711, 13.99100272987076643, 8.081181931667732243 ) ) ;
#4090 = CARTESIAN_POINT ( 'NONE',  ( 40.69999999999999574, 23.93980787408698774, -58.79964077830233293 ) ) ;
#4091 = CARTESIAN_POINT ( 'NONE',  ( 40.70000000000000284, -20.69964446104096822, -56.35824209196825052 ) ) ;
#4092 = CARTESIAN_POINT ( 'NONE',  ( 37.25000000000000000, -6.439087865156279720E-16, 14.59999999999999964 ) ) ;
#4093 = ORIENTED_EDGE ( 'NONE', *, *, #3799, .T. ) ;
#4094 = CARTESIAN_POINT ( 'NONE',  ( 38.25000000000001421, -1.276272015520772962, -19.50000000000000355 ) ) ;
#4095 = CARTESIAN_POINT ( 'NONE',  ( 42.21666666666666146, -11.25833024919761982, 4.383333333333460757 ) ) ;
#4096 = ORIENTED_EDGE ( 'NONE', *, *, #3588, .T. ) ;
#4097 = CARTESIAN_POINT ( 'NONE',  ( 43.25000000000000000, -14.38861244808152584, -6.087590828321189029 ) ) ;
#4098 = CARTESIAN_POINT ( 'NONE',  ( 38.25000000000000000, 22.85702706628955028, -54.77100004334069894 ) ) ;
#4099 = CARTESIAN_POINT ( 'NONE',  ( 40.70000000000000284, -13.51241742844102944, -71.01504129817757871 ) ) ;
#4100 = CARTESIAN_POINT ( 'NONE',  ( 38.41666666666667851, 33.01988989921196804, -50.00000000000005684 ) ) ;
#4101 = CARTESIAN_POINT ( 'NONE',  ( 38.25000000000000711, -22.65067736324701997, -59.07100004334070320 ) ) ;
#4102 = CARTESIAN_POINT ( 'NONE',  ( 43.25000000000000711, 24.94127423029650359, -65.50731229692199520 ) ) ;
#4103 = CARTESIAN_POINT ( 'NONE',  ( 37.24999999999999289, 1.205981565902536357, -14.05695893892011661 ) ) ;
#4104 = EDGE_CURVE ( 'NONE', #1840, #556, #3911, .T. ) ;
#4105 = CONICAL_SURFACE ( 'NONE', #664, 33.35322323254529664, 0.7853981633974547183 ) ;
#4106 = B_SPLINE_CURVE_WITH_KNOTS ( 'NONE', 3,
 ( #3670, #2391, #2087, #2071 ),
 .UNSPECIFIED., .F., .F.,
 ( 4, 4 ),
 ( 0.000000000000000000, 1.000000000000000000 ),
 .UNSPECIFIED. ) ;
#4107 = CARTESIAN_POINT ( 'NONE',  ( 40.69999999999999574, 25.00702706628954886, -56.63956570145661829 ) ) ;
#4108 = CARTESIAN_POINT ( 'NONE',  ( 43.25000000000000000, 0.4130476178190010672, 16.13001837728421251 ) ) ;
#4109 = B_SPLINE_CURVE_WITH_KNOTS ( 'NONE', 3,
 ( #965, #4101, #9, #2223, #3169, #924, #1217, #2483, #2500, #2518, #1547, #3473, #1959, #2205, #682, #1889, #338, #3152, #3748, #901, #3789, #3447, #943, #3114, #2865, #2184, #3424, #1279, #1609, #593, #2539, #632 ),
 .UNSPECIFIED., .F., .F.,
 ( 4, 2, 2, 2, 2, 2, 2, 2, 2, 2, 2, 2, 2, 2, 2, 4 ),
 ( 0.000000000000000000, 0.06250000000000001388, 0.1250000000000000278, 0.1875000000000000555, 0.2500000000000000555, 0.3125000000000000555, 0.3750000000000001110, 0.4375000000000001110, 0.5000000000000001110, 0.5625000000000001110, 0.6250000000000001110, 0.6875000000000001110, 0.7500000000000002220, 0.8125000000000002220, 0.8750000000000002220, 1.000000000000000000 ),
 .UNSPECIFIED. ) ;
#4110 = CARTESIAN_POINT ( 'NONE',  ( 43.25000000000000000, 9.589512653382469054, -70.14089400034831101 ) ) ;
#4111 = PRODUCT_DEFINITION_FORMATION_WITH_SPECIFIED_SOURCE ( 'Symmetric', '', #463, .NOT_KNOWN. ) ;
#4112 = CARTESIAN_POINT ( 'NONE',  ( 41.70000000000000284, -1.959434878635764984E-16, 11.40000000000000036 ) ) ;
#4113 = CARTESIAN_POINT ( 'NONE',  ( 38.25000000000002132, -11.89480094181989145, -15.50459869884036834 ) ) ;
ENDSEC;
END-ISO-10303-21;
