ISO-10303-21;
HEADER;
FILE_DESCRIPTION (( 'STEP AP214' ),
    '1' );
FILE_NAME ('ASV1_400_08A_1_1.STEP.STEP',
    '2026-08-01T03:19:22',
    ( '' ),
    ( '' ),
    'SwSTEP 2.0',
    'SolidWorks 2025',
    '' );
FILE_SCHEMA (( 'AUTOMOTIVE_DESIGN' ));
ENDSEC;

DATA;
#1 = EDGE_CURVE ( 'NONE', #1428, #1336, #564, .T. ) ;
#2 = DIRECTION ( 'NONE',  ( 0.000000000000000000, 0.000000000000000000, 1.000000000000000000 ) ) ;
#3 = ORIENTED_EDGE ( 'NONE', *, *, #1543, .F. ) ;
#4 = DIRECTION ( 'NONE',  ( -1.000000000000000000, 0.000000000000000000, 0.000000000000000000 ) ) ;
#5 = AXIS2_PLACEMENT_3D ( 'NONE', #1669, #1090, #476 ) ;
#6 = EDGE_LOOP ( 'NONE', ( #915, #1038, #788, #90 ) ) ;
#7 = CARTESIAN_POINT ( 'NONE',  ( 32.75000000000000000, -24.04163056034260038, -71.55836943965739749 ) ) ;
#8 = CARTESIAN_POINT ( 'NONE',  ( 25.75000000000000000, 25.00000000000000000, -52.29872981077809868 ) ) ;
#9 = AXIS2_PLACEMENT_3D ( 'NONE', #1624, #876, #1477 ) ;
#10 = ORIENTED_EDGE ( 'NONE', *, *, #86, .F. ) ;
#11 = EDGE_CURVE ( 'NONE', #1804, #200, #1406, .T. ) ;
#12 = DIRECTION ( 'NONE',  ( -1.000000000000000000, 0.000000000000000000, 0.000000000000000000 ) ) ;
#13 = ORIENTED_EDGE ( 'NONE', *, *, #1415, .T. ) ;
#14 = CARTESIAN_POINT ( 'NONE',  ( 27.25000000000000000, 0.000000000000000000, -95.60000000000000853 ) ) ;
#15 = ORIENTED_EDGE ( 'NONE', *, *, #1892, .F. ) ;
#16 = DIRECTION ( 'NONE',  ( 0.000000000000000000, 0.000000000000000000, -1.000000000000000000 ) ) ;
#17 = DIRECTION ( 'NONE',  ( -1.000000000000000000, 0.000000000000000000, 0.000000000000000000 ) ) ;
#18 = ORIENTED_EDGE ( 'NONE', *, *, #1340, .F. ) ;
#19 = CARTESIAN_POINT ( 'NONE',  ( 37.50000000000000000, -6.316893913410320138, -66.78426035502960190 ) ) ;
#20 = EDGE_CURVE ( 'NONE', #799, #833, #845, .T. ) ;
#21 = DIRECTION ( 'NONE',  ( 0.000000000000000000, 0.000000000000000000, -1.000000000000000000 ) ) ;
#22 = ADVANCED_FACE ( 'NONE', ( #1531 ), #1314, .T. ) ;
#23 = ORIENTED_EDGE ( 'NONE', *, *, #1716, .T. ) ;
#24 = LINE ( 'NONE', #160, #162 ) ;
#25 = EDGE_CURVE ( 'NONE', #1089, #1220, #1694, .T. ) ;
#26 = ORIENTED_EDGE ( 'NONE', *, *, #1454, .F. ) ;
#27 = FACE_BOUND ( 'NONE', #1698, .T. ) ;
#28 = CARTESIAN_POINT ( 'NONE',  ( 31.75000000000000000, 1.567388698824725098E-15, -27.79870000000000019 ) ) ;
#29 = AXIS2_PLACEMENT_3D ( 'NONE', #1893, #1416, #1828 ) ;
#30 = ORIENTED_EDGE ( 'NONE', *, *, #25, .F. ) ;
#31 = CARTESIAN_POINT ( 'NONE',  ( 32.75000000000000000, -24.04163056034260038, -119.6416305603426053 ) ) ;
#32 = CARTESIAN_POINT ( 'NONE',  ( 37.50000000000000000, 6.959289904604590404, -63.85384615384620588 ) ) ;
#33 = AXIS2_PLACEMENT_3D ( 'NONE', #782, #1951, #1376 ) ;
#34 = CIRCLE ( 'NONE', #847, 38.99999999999999289 ) ;
#35 = DIRECTION ( 'NONE',  ( 1.000000000000000000, 0.000000000000000000, 0.000000000000000000 ) ) ;
#36 = DIRECTION ( 'NONE',  ( -1.000000000000000000, 0.000000000000000000, 0.000000000000000000 ) ) ;
#37 = EDGE_CURVE ( 'NONE', #1182, #1384, #538, .T. ) ;
#38 = CIRCLE ( 'NONE', #851, 38.99999999999999289 ) ;
#39 = ORIENTED_EDGE ( 'NONE', *, *, #1158, .F. ) ;
#40 = AXIS2_PLACEMENT_3D ( 'NONE', #815, #1850, #974 ) ;
#41 = CARTESIAN_POINT ( 'NONE',  ( 30.20000000000000284, -24.04163056034260038, -119.6416305603426053 ) ) ;
#42 = DIRECTION ( 'NONE',  ( -0.7071067811865570096, 0.000000000000000000, 0.7071067811865380248 ) ) ;
#43 = VECTOR ( 'NONE', #4, 1000.000000000000000 ) ;
#44 = VERTEX_POINT ( 'NONE', #1370 ) ;
#45 = CARTESIAN_POINT ( 'NONE',  ( 27.25000000000000000, 1.408343819019455979E-15, -107.0999999999999943 ) ) ;
#46 = AXIS2_PLACEMENT_3D ( 'NONE', #944, #181, #1380 ) ;
#47 = CYLINDRICAL_SURFACE ( 'NONE', #1735, 2.149999999999999023 ) ;
#48 = EDGE_CURVE ( 'NONE', #746, #693, #1068, .T. ) ;
#49 = ORIENTED_EDGE ( 'NONE', *, *, #375, .T. ) ;
#50 = DIRECTION ( 'NONE',  ( -0.7071067811865570096, 0.7071067811865380248, 0.000000000000000000 ) ) ;
#51 = CARTESIAN_POINT ( 'NONE',  ( 31.75000000000000000, -20.00000000000000000, -60.95898384862239539 ) ) ;
#52 = ORIENTED_EDGE ( 'NONE', *, *, #689, .T. ) ;
#53 = DIRECTION ( 'NONE',  ( 0.000000000000000000, 0.000000000000000000, -1.000000000000000000 ) ) ;
#54 = PRODUCT_DEFINITION_SHAPE ( 'NONE', 'NONE',  #1648 ) ;
#55 = EDGE_CURVE ( 'NONE', #833, #1637, #1434, .T. ) ;
#56 = CARTESIAN_POINT ( 'NONE',  ( 31.64999999999999858, 0.000000000000000000, -95.60000000000000853 ) ) ;
#57 = ORIENTED_EDGE ( 'NONE', *, *, #501, .F. ) ;
#58 = CARTESIAN_POINT ( 'NONE',  ( 32.75000000000000000, 0.000000000000000000, -95.60000000000000853 ) ) ;
#59 = DIRECTION ( 'NONE',  ( -1.000000000000000000, 0.000000000000000000, 0.000000000000000000 ) ) ;
#60 = ORIENTED_EDGE ( 'NONE', *, *, #114, .F. ) ;
#61 = EDGE_CURVE ( 'NONE', #829, #1837, #1944, .T. ) ;
#62 = CARTESIAN_POINT ( 'NONE',  ( 37.50000000000000000, 0.000000000000000000, -95.60000000000000853 ) ) ;
#63 = AXIS2_PLACEMENT_3D ( 'NONE', #92, #1426, #935 ) ;
#64 = CARTESIAN_POINT ( 'NONE',  ( 32.75000000000000000, -19.50000000000000000, -61.82500925240690037 ) ) ;
#65 = AXIS2_PLACEMENT_3D ( 'NONE', #1862, #1711, #1124 ) ;
#66 = ORIENTED_EDGE ( 'NONE', *, *, #1827, .F. ) ;
#67 = DIRECTION ( 'NONE',  ( 1.000000000000000000, 0.000000000000000000, 0.000000000000000000 ) ) ;
#68 = AXIS2_PLACEMENT_3D ( 'NONE', #1316, #864, #119 ) ;
#69 = CYLINDRICAL_SURFACE ( 'NONE', #950, 40.00000000000000000 ) ;
#70 = AXIS2_PLACEMENT_3D ( 'NONE', #1192, #397, #278 ) ;
#71 = ORIENTED_EDGE ( 'NONE', *, *, #1206, .T. ) ;
#72 = CARTESIAN_POINT ( 'NONE',  ( 25.75000000000000000, 20.00000000000000000, -60.95898384862239539 ) ) ;
#73 = VECTOR ( 'NONE', #1572, 1000.000000000000114 ) ;
#74 = EDGE_CURVE ( 'NONE', #1526, #1392, #631, .T. ) ;
#75 = AXIS2_PLACEMENT_3D ( 'NONE', #613, #142, #1062 ) ;
#76 = CARTESIAN_POINT ( 'NONE',  ( 32.75000000000000000, 0.000000000000000000, -95.60000000000000853 ) ) ;
#77 = LINE ( 'NONE', #1121, #1208 ) ;
#78 = VECTOR ( 'NONE', #503, 1000.000000000000000 ) ;
#79 = ORIENTED_EDGE ( 'NONE', *, *, #1334, .T. ) ;
#80 = CARTESIAN_POINT ( 'NONE',  ( 24.75000000000000000, -24.04163056034260038, -69.40836943965740602 ) ) ;
#81 = CARTESIAN_POINT ( 'NONE',  ( 24.75000000000000000, -14.00000000000000000, -52.29872981077809868 ) ) ;
#82 = EDGE_LOOP ( 'NONE', ( #100, #1485, #26, #513 ) ) ;
#83 = CYLINDRICAL_SURFACE ( 'NONE', #418, 2.149999999999999023 ) ;
#84 = DIRECTION ( 'NONE',  ( 0.000000000000000000, 0.000000000000000000, 1.000000000000000000 ) ) ;
#85 = EDGE_CURVE ( 'NONE', #1701, #666, #495, .T. ) ;
#86 = EDGE_CURVE ( 'NONE', #1753, #1047, #566, .T. ) ;
#87 = ORIENTED_EDGE ( 'NONE', *, *, #1787, .T. ) ;
#88 = DIRECTION ( 'NONE',  ( 0.000000000000000000, 0.000000000000000000, 1.000000000000000000 ) ) ;
#89 = LINE ( 'NONE', #1271, #1664 ) ;
#90 = ORIENTED_EDGE ( 'NONE', *, *, #682, .F. ) ;
#91 = LINE ( 'NONE', #1289, #1111 ) ;
#92 = CARTESIAN_POINT ( 'NONE',  ( 30.20000000000000284, 24.04163056034260038, -119.6416305603426053 ) ) ;
#93 = VECTOR ( 'NONE', #627, 1000.000000000000000 ) ;
#94 = CONICAL_SURFACE ( 'NONE', #1348, 4.699999999999995737, 0.7853981633974476129 ) ;
#95 = EDGE_CURVE ( 'NONE', #1392, #1526, #439, .T. ) ;
#96 = CIRCLE ( 'NONE', #1262, 29.49999999999998579 ) ;
#97 = ORIENTED_EDGE ( 'NONE', *, *, #1435, .T. ) ;
#98 = CARTESIAN_POINT ( 'NONE',  ( 37.50000000000000000, 0.000000000000000000, -95.60000000000000853 ) ) ;
#99 = CARTESIAN_POINT ( 'NONE',  ( 32.75000000000000000, -24.04163056034260038, -119.6416305603426053 ) ) ;
#100 = ORIENTED_EDGE ( 'NONE', *, *, #1379, .T. ) ;
#101 = DIRECTION ( 'NONE',  ( -1.000000000000000000, 0.000000000000000000, 0.000000000000000000 ) ) ;
#102 = EDGE_LOOP ( 'NONE', ( #136, #1556, #1205, #1821, #813 ) ) ;
#103 = CARTESIAN_POINT ( 'NONE',  ( 32.75000000000000000, 15.00000000000000000, -27.79870000000000019 ) ) ;
#104 = AXIS2_PLACEMENT_3D ( 'NONE', #1808, #1659, #515 ) ;
#105 = AXIS2_PLACEMENT_3D ( 'NONE', #108, #116, #238 ) ;
#106 = CIRCLE ( 'NONE', #857, 14.00000000000000178 ) ;
#107 = EDGE_LOOP ( 'NONE', ( #1935, #1724, #406, #168 ) ) ;
#108 = CARTESIAN_POINT ( 'NONE',  ( 37.50000000000000000, 0.000000000000000000, -95.60000000000000853 ) ) ;
#109 = LINE ( 'NONE', #1190, #1950 ) ;
#110 = EDGE_CURVE ( 'NONE', #569, #1661, #1378, .T. ) ;
#111 = ORIENTED_EDGE ( 'NONE', *, *, #1353, .T. ) ;
#112 = FACE_OUTER_BOUND ( 'NONE', #540, .T. ) ;
#113 = CARTESIAN_POINT ( 'NONE',  ( 32.75000000000000000, -24.04163056034260038, -71.55836943965739749 ) ) ;
#114 = EDGE_CURVE ( 'NONE', #561, #280, #838, .T. ) ;
#115 = ORIENTED_EDGE ( 'NONE', *, *, #726, .F. ) ;
#116 = DIRECTION ( 'NONE',  ( -1.000000000000000000, 0.000000000000000000, 0.000000000000000000 ) ) ;
#117 = CARTESIAN_POINT ( 'NONE',  ( 31.64999999999999858, 0.000000000000000000, -107.3499999999999943 ) ) ;
#118 = ORIENTED_EDGE ( 'NONE', *, *, #85, .F. ) ;
#119 = DIRECTION ( 'NONE',  ( 0.000000000000000000, 0.000000000000000000, -1.000000000000000000 ) ) ;
#120 = ADVANCED_FACE ( 'NONE', ( #319 ), #1347, .F. ) ;
#121 = CYLINDRICAL_SURFACE ( 'NONE', #945, 11.74999999999999645 ) ;
#122 = VECTOR ( 'NONE', #1910, 1000.000000000000000 ) ;
#123 = EDGE_LOOP ( 'NONE', ( #762, #553, #1284, #488 ) ) ;
#124 = DIRECTION ( 'NONE',  ( 0.000000000000000000, 0.000000000000000000, -1.000000000000000000 ) ) ;
#125 = DIRECTION ( 'NONE',  ( 0.000000000000000000, 0.000000000000000000, 1.000000000000000000 ) ) ;
#126 = CIRCLE ( 'NONE', #381, 39.99999999999999289 ) ;
#127 = ORIENTED_EDGE ( 'NONE', *, *, #1, .F. ) ;
#128 = DIRECTION ( 'NONE',  ( 0.000000000000000000, 0.000000000000000000, 1.000000000000000000 ) ) ;
#129 = CARTESIAN_POINT ( 'NONE',  ( 37.00000000000000000, -6.209827914877940280, -67.27266272189349650 ) ) ;
#130 = EDGE_CURVE ( 'NONE', #836, #1548, #1447, .T. ) ;
#131 = CIRCLE ( 'NONE', #642, 39.99999999999999289 ) ;
#132 = VECTOR ( 'NONE', #966, 1000.000000000000000 ) ;
#133 = ORIENTED_EDGE ( 'NONE', *, *, #1197, .T. ) ;
#134 = CARTESIAN_POINT ( 'NONE',  ( 31.75000000000000000, -15.00000000000000000, -27.79870000000000019 ) ) ;
#135 = DIRECTION ( 'NONE',  ( 1.000000000000000000, 0.000000000000000000, 0.000000000000000000 ) ) ;
#136 = ORIENTED_EDGE ( 'NONE', *, *, #285, .F. ) ;
#137 = FACE_OUTER_BOUND ( 'NONE', #1176, .T. ) ;
#138 = ORIENTED_EDGE ( 'NONE', *, *, #471, .T. ) ;
#139 = CARTESIAN_POINT ( 'NONE',  ( -35.00000000000000000, 0.000000000000000000, -95.60000000000000853 ) ) ;
#140 = VERTEX_POINT ( 'NONE', #129 ) ;
#141 = EDGE_CURVE ( 'NONE', #859, #295, #1635, .T. ) ;
#142 = DIRECTION ( 'NONE',  ( 1.000000000000000000, 0.000000000000000000, 0.000000000000000000 ) ) ;
#143 = EDGE_LOOP ( 'NONE', ( #1016, #1515, #1641, #531, #1105, #1571, #1949 ) ) ;
#144 = ADVANCED_FACE ( 'NONE', ( #1594 ), #814, .F. ) ;
#145 = DIRECTION ( 'NONE',  ( 1.000000000000000000, 0.000000000000000000, 0.000000000000000000 ) ) ;
#146 = ORIENTED_EDGE ( 'NONE', *, *, #1112, .T. ) ;
#147 = DIRECTION ( 'NONE',  ( 0.000000000000000000, 0.000000000000000000, -1.000000000000000000 ) ) ;
#148 = CARTESIAN_POINT ( 'NONE',  ( 37.00000000000000000, 7.708751894331239640, -60.43502958579880158 ) ) ;
#149 = ORIENTED_EDGE ( 'NONE', *, *, #1330, .T. ) ;
#150 = LINE ( 'NONE', #333, #358 ) ;
#151 = ADVANCED_FACE ( 'NONE', ( #999 ), #1149, .F. ) ;
#152 = AXIS2_PLACEMENT_3D ( 'NONE', #1029, #846, #281 ) ;
#153 = ORIENTED_EDGE ( 'NONE', *, *, #436, .F. ) ;
#154 = DIRECTION ( 'NONE',  ( 1.000000000000000000, 0.000000000000000000, 0.000000000000000000 ) ) ;
#155 = DIRECTION ( 'NONE',  ( 1.000000000000000000, 0.000000000000000000, 0.000000000000000000 ) ) ;
#156 = ORIENTED_EDGE ( 'NONE', *, *, #55, .F. ) ;
#157 = DIRECTION ( 'NONE',  ( 1.000000000000000000, 0.000000000000000000, 0.000000000000000000 ) ) ;
#158 = FACE_BOUND ( 'NONE', #1020, .T. ) ;
#159 = EDGE_LOOP ( 'NONE', ( #1226, #590, #1093, #1215 ) ) ;
#160 = CARTESIAN_POINT ( 'NONE',  ( 32.75000000000000000, -24.04163056034260038, -73.70836943965740318 ) ) ;
#161 = CIRCLE ( 'NONE', #1140, 2.149999999999999023 ) ;
#162 = VECTOR ( 'NONE', #1794, 1000.000000000000000 ) ;
#163 = ORIENTED_EDGE ( 'NONE', *, *, #1858, .F. ) ;
#164 = ADVANCED_FACE ( 'NONE', ( #1157 ), #1039, .F. ) ;
#165 = CARTESIAN_POINT ( 'NONE',  ( 31.75000000000000000, 15.00000000000000000, -52.29872981077809868 ) ) ;
#166 = DIRECTION ( 'NONE',  ( 0.7071067811865537900, 0.3535533905932694010, -0.6123724356957898074 ) ) ;
#167 = CIRCLE ( 'NONE', #46, 35.99999999999999289 ) ;
#168 = ORIENTED_EDGE ( 'NONE', *, *, #543, .T. ) ;
#169 = DIRECTION ( 'NONE',  ( 0.000000000000000000, 0.000000000000000000, -1.000000000000000000 ) ) ;
#170 = PLANE ( 'NONE',  #1290 ) ;
#171 = EDGE_CURVE ( 'NONE', #272, #561, #1469, .T. ) ;
#172 = DIRECTION ( 'NONE',  ( -1.000000000000000000, 0.000000000000000000, 0.000000000000000000 ) ) ;
#173 = CARTESIAN_POINT ( 'NONE',  ( 37.00000000000000000, 0.000000000000000000, -95.60000000000000853 ) ) ;
#174 = CARTESIAN_POINT ( 'NONE',  ( 30.20000000000000284, 24.04163056034260038, -73.70836943965740318 ) ) ;
#175 = ORIENTED_EDGE ( 'NONE', *, *, #1853, .F. ) ;
#176 = FACE_OUTER_BOUND ( 'NONE', #1408, .T. ) ;
#177 = CARTESIAN_POINT ( 'NONE',  ( 31.75000000000000000, -20.00000000000000000, -60.95898384862239539 ) ) ;
#178 = EDGE_LOOP ( 'NONE', ( #825, #929, #1097, #1066 ) ) ;
#179 = CARTESIAN_POINT ( 'NONE',  ( 32.75000000000000000, -14.00000000000000000, -52.29872981077809868 ) ) ;
#180 = EDGE_CURVE ( 'NONE', #1403, #1428, #1328, .T. ) ;
#181 = DIRECTION ( 'NONE',  ( -1.000000000000000000, 0.000000000000000000, 0.000000000000000000 ) ) ;
#182 = ORIENTED_EDGE ( 'NONE', *, *, #1255, .T. ) ;
#183 = ORIENTED_EDGE ( 'NONE', *, *, #1552, .T. ) ;
#184 = CARTESIAN_POINT ( 'NONE',  ( 32.75000000000000000, -7.708751894331239640, -60.43502958579880158 ) ) ;
#185 = DIRECTION ( 'NONE',  ( 1.000000000000000000, 0.000000000000000000, 0.000000000000000000 ) ) ;
#186 = ORIENTED_EDGE ( 'NONE', *, *, #267, .F. ) ;
#187 = DIRECTION ( 'NONE',  ( 0.000000000000000000, 0.000000000000000000, -1.000000000000000000 ) ) ;
#188 = FACE_BOUND ( 'NONE', #1917, .T. ) ;
#189 = VECTOR ( 'NONE', #460, 1000.000000000000000 ) ;
#190 = EDGE_CURVE ( 'NONE', #1044, #587, #1504, .T. ) ;
#191 = DIRECTION ( 'NONE',  ( 0.7071067811865474617, -0.7071067811865474617, 0.000000000000000000 ) ) ;
#192 = EDGE_LOOP ( 'NONE', ( #937, #15, #1683, #423 ) ) ;
#193 = CIRCLE ( 'NONE', #732, 38.99999999999999289 ) ;
#194 = LINE ( 'NONE', #1393, #321 ) ;
#195 = FACE_OUTER_BOUND ( 'NONE', #940, .T. ) ;
#196 = ORIENTED_EDGE ( 'NONE', *, *, #992, .T. ) ;
#197 = CARTESIAN_POINT ( 'NONE',  ( 25.75000000000000000, -15.00000000000000000, -52.29872981077809868 ) ) ;
#198 = DIRECTION ( 'NONE',  ( 0.000000000000000000, -9.462128050782586841E-16, -1.000000000000000000 ) ) ;
#199 = EDGE_CURVE ( 'NONE', #716, #1548, #886, .T. ) ;
#200 = VERTEX_POINT ( 'NONE', #715 ) ;
#201 = CARTESIAN_POINT ( 'NONE',  ( 37.50000000000000000, 6.316893913410320138, -66.78426035502960190 ) ) ;
#202 = DIRECTION ( 'NONE',  ( -1.000000000000000000, 0.000000000000000000, 0.000000000000000000 ) ) ;
#203 = ORIENTED_EDGE ( 'NONE', *, *, #723, .F. ) ;
#204 = DIRECTION ( 'NONE',  ( 0.000000000000000000, 2.832198147307834952E-16, -1.000000000000000000 ) ) ;
#205 = CARTESIAN_POINT ( 'NONE',  ( 32.75000000000000000, -24.04163056034260038, -124.3416305603425940 ) ) ;
#206 = ORIENTED_EDGE ( 'NONE', *, *, #338, .F. ) ;
#207 = DIRECTION ( 'NONE',  ( -1.000000000000000000, 0.000000000000000000, 0.000000000000000000 ) ) ;
#208 = DIRECTION ( 'NONE',  ( 0.000000000000000000, 0.000000000000000000, 1.000000000000000000 ) ) ;
#209 = EDGE_CURVE ( 'NONE', #214, #1548, #1310, .T. ) ;
#210 = ORIENTED_EDGE ( 'NONE', *, *, #1435, .F. ) ;
#211 = DIRECTION ( 'NONE',  ( 1.000000000000000000, 0.000000000000000000, 0.000000000000000000 ) ) ;
#212 = CIRCLE ( 'NONE', #1040, 2.149999999999999023 ) ;
#213 = AXIS2_PLACEMENT_3D ( 'NONE', #896, #12, #618 ) ;
#214 = VERTEX_POINT ( 'NONE', #1458 ) ;
#215 = DIRECTION ( 'NONE',  ( 0.000000000000000000, 0.000000000000000000, 1.000000000000000000 ) ) ;
#216 = VECTOR ( 'NONE', #560, 1000.000000000000000 ) ;
#217 = CIRCLE ( 'NONE', #1570, 2.149999999999999023 ) ;
#218 = EDGE_LOOP ( 'NONE', ( #1797, #638, #400, #156 ) ) ;
#219 = FACE_OUTER_BOUND ( 'NONE', #1790, .T. ) ;
#220 = DIRECTION ( 'NONE',  ( 1.000000000000000000, 0.000000000000000000, 0.000000000000000000 ) ) ;
#221 = CIRCLE ( 'NONE', #1046, 11.74999999999999645 ) ;
#222 = ORIENTED_EDGE ( 'NONE', *, *, #436, .T. ) ;
#223 = EDGE_CURVE ( 'NONE', #140, #925, #708, .T. ) ;
#224 = DIRECTION ( 'NONE',  ( 0.000000000000000000, 0.000000000000000000, -1.000000000000000000 ) ) ;
#225 = AXIS2_PLACEMENT_3D ( 'NONE', #860, #1927, #868 ) ;
#226 = ADVANCED_FACE ( 'NONE', ( #1751 ), #1932, .F. ) ;
#227 = AXIS2_PLACEMENT_3D ( 'NONE', #804, #362, #1856 ) ;
#228 = DIRECTION ( 'NONE',  ( 1.000000000000000000, 0.000000000000000000, 0.000000000000000000 ) ) ;
#229 = ADVANCED_FACE ( 'NONE', ( #563 ), #874, .F. ) ;
#230 = ORIENTED_EDGE ( 'NONE', *, *, #141, .T. ) ;
#231 = DIRECTION ( 'NONE',  ( 0.7071067811865516806, 0.1514141871935059391, -0.6907052511140507889 ) ) ;
#232 = LINE ( 'NONE', #1423, #1919 ) ;
#233 = ORIENTED_EDGE ( 'NONE', *, *, #736, .F. ) ;
#234 = DIRECTION ( 'NONE',  ( 1.000000000000000000, 0.000000000000000000, 0.000000000000000000 ) ) ;
#235 = DIRECTION ( 'NONE',  ( 0.000000000000000000, 0.000000000000000000, -1.000000000000000000 ) ) ;
#236 = EDGE_CURVE ( 'NONE', #1637, #1212, #212, .T. ) ;
#237 = ORIENTED_EDGE ( 'NONE', *, *, #1909, .F. ) ;
#238 = DIRECTION ( 'NONE',  ( 0.000000000000000000, 0.000000000000000000, 1.000000000000000000 ) ) ;
#239 = DIRECTION ( 'NONE',  ( -0.7071067811865516806, 0.1514141871935059391, 0.6907052511140507889 ) ) ;
#240 = ORIENTED_EDGE ( 'NONE', *, *, #110, .T. ) ;
#241 = CARTESIAN_POINT ( 'NONE',  ( 32.75000000000000000, 24.04163056034260038, -124.3416305603425940 ) ) ;
#242 = CARTESIAN_POINT ( 'NONE',  ( 32.75000000000000000, 20.00000000000000000, -60.95898384862239539 ) ) ;
#243 = AXIS2_PLACEMENT_3D ( 'NONE', #380, #832, #84 ) ;
#244 = ADVANCED_FACE ( 'NONE', ( #1743 ), #121, .F. ) ;
#245 = AXIS2_PLACEMENT_3D ( 'NONE', #1461, #265, #125 ) ;
#246 = ORIENTED_EDGE ( 'NONE', *, *, #1415, .F. ) ;
#247 = CARTESIAN_POINT ( 'NONE',  ( 32.75000000000000000, 24.04163056034260038, -66.85836943965740886 ) ) ;
#248 = CARTESIAN_POINT ( 'NONE',  ( 37.00000000000000000, 0.000000000000000000, -95.60000000000000853 ) ) ;
#249 = ORIENTED_EDGE ( 'NONE', *, *, #1693, .T. ) ;
#250 = EDGE_CURVE ( 'NONE', #799, #1212, #428, .T. ) ;
#251 = LINE ( 'NONE', #1308, #316 ) ;
#252 = CARTESIAN_POINT ( 'NONE',  ( 32.75000000000000000, 24.04163056034260038, -117.4916305603425997 ) ) ;
#253 = AXIS2_PLACEMENT_3D ( 'NONE', #268, #871, #1471 ) ;
#254 = CIRCLE ( 'NONE', #225, 14.00000000000000178 ) ;
#255 = CIRCLE ( 'NONE', #9, 11.49999999999999645 ) ;
#256 = ORIENTED_EDGE ( 'NONE', *, *, #338, .T. ) ;
#257 = DIRECTION ( 'NONE',  ( 0.7071067811865480168, 8.659560562354929160E-17, 0.7071067811865470176 ) ) ;
#258 = LINE ( 'NONE', #117, #600 ) ;
#259 = EDGE_CURVE ( 'NONE', #601, #289, #449, .T. ) ;
#260 = VERTEX_POINT ( 'NONE', #492 ) ;
#261 = DIRECTION ( 'NONE',  ( 0.000000000000000000, 0.000000000000000000, -1.000000000000000000 ) ) ;
#262 = DIRECTION ( 'NONE',  ( 0.000000000000000000, 4.956346757788709441E-16, 1.000000000000000000 ) ) ;
#263 = VERTEX_POINT ( 'NONE', #916 ) ;
#264 = CARTESIAN_POINT ( 'NONE',  ( 24.75000000000000000, 0.000000000000000000, -95.60000000000000853 ) ) ;
#265 = DIRECTION ( 'NONE',  ( -1.000000000000000000, 0.000000000000000000, 0.000000000000000000 ) ) ;
#266 = ORIENTED_EDGE ( 'NONE', *, *, #130, .T. ) ;
#267 = EDGE_CURVE ( 'NONE', #1701, #416, #1644, .T. ) ;
#268 = CARTESIAN_POINT ( 'NONE',  ( 37.50000000000000000, 0.000000000000000000, -95.60000000000000853 ) ) ;
#269 = DIRECTION ( 'NONE',  ( 1.000000000000000000, 0.000000000000000000, 0.000000000000000000 ) ) ;
#270 = FACE_OUTER_BOUND ( 'NONE', #1436, .T. ) ;
#271 = AXIS2_PLACEMENT_3D ( 'NONE', #332, #991, #922 ) ;
#272 = VERTEX_POINT ( 'NONE', #480 ) ;
#273 = AXIS2_PLACEMENT_3D ( 'NONE', #1238, #293, #752 ) ;
#274 = DIRECTION ( 'NONE',  ( 0.000000000000000000, 0.000000000000000000, -1.000000000000000000 ) ) ;
#275 = LINE ( 'NONE', #1153, #637 ) ;
#276 = AXIS2_PLACEMENT_3D ( 'NONE', #959, #220, #1131 ) ;
#277 = ORIENTED_EDGE ( 'NONE', *, *, #1513, .F. ) ;
#278 = DIRECTION ( 'NONE',  ( 0.000000000000000000, 0.000000000000000000, 1.000000000000000000 ) ) ;
#279 = CIRCLE ( 'NONE', #1445, 4.699999999999995737 ) ;
#280 = VERTEX_POINT ( 'NONE', #459 ) ;
#281 = DIRECTION ( 'NONE',  ( 0.000000000000000000, 0.000000000000000000, 1.000000000000000000 ) ) ;
#282 = EDGE_CURVE ( 'NONE', #817, #1304, #1437, .T. ) ;
#283 = AXIS2_PLACEMENT_3D ( 'NONE', #1908, #427, #562 ) ;
#284 = CIRCLE ( 'NONE', #1175, 2.149999999999999023 ) ;
#285 = EDGE_CURVE ( 'NONE', #140, #393, #1684, .T. ) ;
#286 = ORIENTED_EDGE ( 'NONE', *, *, #1912, .F. ) ;
#287 =( GEOMETRIC_REPRESENTATION_CONTEXT ( 3 ) GLOBAL_UNCERTAINTY_ASSIGNED_CONTEXT ( ( #1744 ) ) GLOBAL_UNIT_ASSIGNED_CONTEXT ( ( #670, #331, #405 ) ) REPRESENTATION_CONTEXT ( 'NONE', 'WORKASPACE' ) );
#288 = DIRECTION ( 'NONE',  ( 1.000000000000000000, 0.000000000000000000, 0.000000000000000000 ) ) ;
#289 = VERTEX_POINT ( 'NONE', #339 ) ;
#290 = DIRECTION ( 'NONE',  ( 0.000000000000000000, 1.000000000000000000, 0.000000000000000000 ) ) ;
#291 = APPLICATION_PROTOCOL_DEFINITION ( 'draft international standard', 'automotive_design', 1998, #1877 ) ;
#292 = ORIENTED_EDGE ( 'NONE', *, *, #1565, .F. ) ;
#293 = DIRECTION ( 'NONE',  ( 1.000000000000000000, 0.000000000000000000, 0.000000000000000000 ) ) ;
#294 = ADVANCED_FACE ( 'NONE', ( #1227 ), #1317, .T. ) ;
#295 = VERTEX_POINT ( 'NONE', #329 ) ;
#296 = FACE_OUTER_BOUND ( 'NONE', #1412, .T. ) ;
#297 = ORIENTED_EDGE ( 'NONE', *, *, #48, .T. ) ;
#298 = FACE_BOUND ( 'NONE', #899, .T. ) ;
#299 = CARTESIAN_POINT ( 'NONE',  ( 27.25000000000000000, 0.000000000000000000, -67.40000000000000568 ) ) ;
#300 = EDGE_LOOP ( 'NONE', ( #1483, #1459, #1349, #1077 ) ) ;
#301 = CARTESIAN_POINT ( 'NONE',  ( 32.75000000000000000, 24.04163056034260038, -119.6416305603426053 ) ) ;
#302 = DIRECTION ( 'NONE',  ( 0.000000000000000000, 0.000000000000000000, -1.000000000000000000 ) ) ;
#303 = EDGE_CURVE ( 'NONE', #1304, #925, #1198, .T. ) ;
#304 = EDGE_LOOP ( 'NONE', ( #895, #1712, #175, #18 ) ) ;
#305 = CARTESIAN_POINT ( 'NONE',  ( 32.75000000000000000, -24.04163056034260038, -69.40836943965740602 ) ) ;
#306 = AXIS2_PLACEMENT_3D ( 'NONE', #173, #36, #1230 ) ;
#307 = ORIENTED_EDGE ( 'NONE', *, *, #190, .F. ) ;
#308 = CARTESIAN_POINT ( 'NONE',  ( 25.75000000000000000, 0.000000000000000000, -67.40000000000000568 ) ) ;
#309 = DIRECTION ( 'NONE',  ( 0.000000000000000000, 0.000000000000000000, -1.000000000000000000 ) ) ;
#310 = VECTOR ( 'NONE', #466, 1000.000000000000000 ) ;
#311 = ADVANCED_FACE ( 'NONE', ( #1811 ), #903, .F. ) ;
#312 = ORIENTED_EDGE ( 'NONE', *, *, #1283, .T. ) ;
#313 = CIRCLE ( 'NONE', #276, 28.99999999999999645 ) ;
#314 = CARTESIAN_POINT ( 'NONE',  ( 30.20000000000000284, 1.567388698824725098E-15, -27.79870000000000019 ) ) ;
#315 = DIRECTION ( 'NONE',  ( 0.000000000000000000, 0.000000000000000000, 1.000000000000000000 ) ) ;
#316 = VECTOR ( 'NONE', #704, 1000.000000000000000 ) ;
#317 = DIRECTION ( 'NONE',  ( 0.000000000000000000, 0.000000000000000000, -1.000000000000000000 ) ) ;
#318 = CIRCLE ( 'NONE', #420, 10.49999999999999467 ) ;
#319 = FACE_OUTER_BOUND ( 'NONE', #107, .T. ) ;
#320 = CARTESIAN_POINT ( 'NONE',  ( 32.75000000000000000, 24.04163056034260038, -119.6416305603426053 ) ) ;
#321 = VECTOR ( 'NONE', #50, 1000.000000000000000 ) ;
#322 = VECTOR ( 'NONE', #1497, 1000.000000000000000 ) ;
#323 = VERTEX_POINT ( 'NONE', #179 ) ;
#324 = DIRECTION ( 'NONE',  ( 0.000000000000000000, 2.832198147307834952E-16, -1.000000000000000000 ) ) ;
#325 = LINE ( 'NONE', #457, #1760 ) ;
#326 = EDGE_CURVE ( 'NONE', #561, #272, #379, .T. ) ;
#327 = AXIS2_PLACEMENT_3D ( 'NONE', #586, #894, #1028 ) ;
#328 = EDGE_LOOP ( 'NONE', ( #1022, #206, #651, #1732 ) ) ;
#329 = CARTESIAN_POINT ( 'NONE',  ( 25.75000000000000000, 20.00000000000000000, -60.95898384862239539 ) ) ;
#330 = FACE_OUTER_BOUND ( 'NONE', #1876, .T. ) ;
#331 =( NAMED_UNIT ( * ) PLANE_ANGLE_UNIT ( ) SI_UNIT ( $, .RADIAN. ) );
#332 = CARTESIAN_POINT ( 'NONE',  ( 24.75000000000000000, 0.000000000000000000, -95.60000000000000853 ) ) ;
#333 = CARTESIAN_POINT ( 'NONE',  ( 37.50000000000000000, 0.000000000000000000, -66.60000000000000853 ) ) ;
#334 = EDGE_LOOP ( 'NONE', ( #3, #518, #1729, #965 ) ) ;
#335 = FACE_OUTER_BOUND ( 'NONE', #1612, .T. ) ;
#336 = CARTESIAN_POINT ( 'NONE',  ( 37.50000000000000000, 0.000000000000000000, -60.10000000000000142 ) ) ;
#337 = EDGE_LOOP ( 'NONE', ( #854, #1446 ) ) ;
#338 = EDGE_CURVE ( 'NONE', #751, #367, #875, .T. ) ;
#339 = CARTESIAN_POINT ( 'NONE',  ( 24.75000000000000000, -14.00000000000000000, -27.79870000000000019 ) ) ;
#340 = CARTESIAN_POINT ( 'NONE',  ( 32.75000000000000000, 0.000000000000000000, -95.60000000000000853 ) ) ;
#341 = ORIENTED_EDGE ( 'NONE', *, *, #1487, .T. ) ;
#342 = FACE_OUTER_BOUND ( 'NONE', #1871, .T. ) ;
#343 = DIRECTION ( 'NONE',  ( 0.000000000000000000, 0.000000000000000000, -1.000000000000000000 ) ) ;
#344 = AXIS2_PLACEMENT_3D ( 'NONE', #688, #369, #1139 ) ;
#345 = EDGE_LOOP ( 'NONE', ( #246, #1842 ) ) ;
#346 = DIRECTION ( 'NONE',  ( 0.7071067811865480168, 0.000000000000000000, -0.7071067811865470176 ) ) ;
#347 = AXIS2_PLACEMENT_3D ( 'NONE', #941, #1838, #187 ) ;
#348 = CIRCLE ( 'NONE', #821, 10.00000000000000178 ) ;
#349 = CARTESIAN_POINT ( 'NONE',  ( 24.75000000000000000, 3.575968653510269955E-15, -124.7999999999999972 ) ) ;
#350 = VECTOR ( 'NONE', #1692, 1000.000000000000000 ) ;
#351 = ADVANCED_FACE ( 'NONE', ( #1058 ), #1165, .F. ) ;
#352 = ADVANCED_FACE ( 'NONE', ( #1357 ), #1048, .T. ) ;
#353 = AXIS2_PLACEMENT_3D ( 'NONE', #1281, #528, #377 ) ;
#354 = ORIENTED_EDGE ( 'NONE', *, *, #114, .T. ) ;
#355 = CIRCLE ( 'NONE', #1514, 14.99999999999999645 ) ;
#356 = DIRECTION ( 'NONE',  ( 1.000000000000000000, 0.000000000000000000, 0.000000000000000000 ) ) ;
#357 = CARTESIAN_POINT ( 'NONE',  ( 32.75000000000000000, -14.00000000000000000, -27.79870000000000019 ) ) ;
#358 = VECTOR ( 'NONE', #1521, 1000.000000000000000 ) ;
#359 = ORIENTED_EDGE ( 'NONE', *, *, #818, .T. ) ;
#360 = CARTESIAN_POINT ( 'NONE',  ( 32.75000000000000000, 0.000000000000000000, -66.60000000000000853 ) ) ;
#361 = VECTOR ( 'NONE', #1687, 1000.000000000000000 ) ;
#362 = DIRECTION ( 'NONE',  ( -1.000000000000000000, 0.000000000000000000, 0.000000000000000000 ) ) ;
#363 = EDGE_CURVE ( 'NONE', #1753, #1502, #669, .T. ) ;
#364 = ORIENTED_EDGE ( 'NONE', *, *, #486, .T. ) ;
#365 = CARTESIAN_POINT ( 'NONE',  ( 24.75000000000000000, 24.04163056034260038, -117.4916305603425997 ) ) ;
#366 = CARTESIAN_POINT ( 'NONE',  ( 31.75000000000000000, 25.00000000000000000, -52.29872981077809868 ) ) ;
#367 = VERTEX_POINT ( 'NONE', #1493 ) ;
#368 = DIRECTION ( 'NONE',  ( 1.000000000000000000, 0.000000000000000000, 0.000000000000000000 ) ) ;
#369 = DIRECTION ( 'NONE',  ( 1.000000000000000000, 0.000000000000000000, 0.000000000000000000 ) ) ;
#370 = DIRECTION ( 'NONE',  ( -1.000000000000000000, 0.000000000000000000, 0.000000000000000000 ) ) ;
#371 = ADVANCED_FACE ( 'NONE', ( #930 ), #94, .F. ) ;
#372 = EDGE_LOOP ( 'NONE', ( #882, #737, #703, #1299 ) ) ;
#373 = DIRECTION ( 'NONE',  ( 0.000000000000000000, 0.000000000000000000, -1.000000000000000000 ) ) ;
#374 = CARTESIAN_POINT ( 'NONE',  ( 25.75000000000000000, -15.00000000000000000, -27.79870000000000019 ) ) ;
#375 = EDGE_CURVE ( 'NONE', #1269, #1880, #410, .T. ) ;
#376 = ORIENTED_EDGE ( 'NONE', *, *, #628, .T. ) ;
#377 = DIRECTION ( 'NONE',  ( 0.000000000000000000, 0.000000000000000000, -1.000000000000000000 ) ) ;
#378 = EDGE_CURVE ( 'NONE', #1880, #1269, #1789, .T. ) ;
#379 = CIRCLE ( 'NONE', #1857, 10.49999999999999467 ) ;
#380 = CARTESIAN_POINT ( 'NONE',  ( 27.25000000000000000, 0.000000000000000000, -95.60000000000000853 ) ) ;
#381 = AXIS2_PLACEMENT_3D ( 'NONE', #1583, #202, #675 ) ;
#382 = AXIS2_PLACEMENT_3D ( 'NONE', #932, #1529, #1239 ) ;
#383 = ORIENTED_EDGE ( 'NONE', *, *, #326, .T. ) ;
#384 = DIRECTION ( 'NONE',  ( 0.7071067811865480168, 8.659560562354929160E-17, 0.7071067811865470176 ) ) ;
#385 = CARTESIAN_POINT ( 'NONE',  ( 32.75000000000000000, 24.04163056034260038, -76.25836943965740033 ) ) ;
#386 = AXIS2_PLACEMENT_3D ( 'NONE', #1155, #855, #128 ) ;
#387 = EDGE_LOOP ( 'NONE', ( #1116, #769, #1913, #1929, #1363 ) ) ;
#388 = EDGE_CURVE ( 'NONE', #479, #716, #774, .T. ) ;
#389 = DIRECTION ( 'NONE',  ( 0.000000000000000000, 0.000000000000000000, -1.000000000000000000 ) ) ;
#390 = AXIS2_PLACEMENT_3D ( 'NONE', #320, #1489, #1074 ) ;
#391 = AXIS2_PLACEMENT_3D ( 'NONE', #1550, #1840, #1530 ) ;
#392 = DIRECTION ( 'NONE',  ( 1.000000000000000000, 0.000000000000000000, 0.000000000000000000 ) ) ;
#393 = VERTEX_POINT ( 'NONE', #19 ) ;
#394 = CARTESIAN_POINT ( 'NONE',  ( 32.75000000000000000, 24.04163056034260038, -76.25836943965740033 ) ) ;
#395 = CYLINDRICAL_SURFACE ( 'NONE', #1444, 28.20000000000000284 ) ;
#396 = ORIENTED_EDGE ( 'NONE', *, *, #785, .F. ) ;
#397 = DIRECTION ( 'NONE',  ( -1.000000000000000000, 0.000000000000000000, 0.000000000000000000 ) ) ;
#398 = EDGE_CURVE ( 'NONE', #140, #1804, #1381, .T. ) ;
#399 = CARTESIAN_POINT ( 'NONE',  ( 37.50000000000000000, 6.959289904604590404, -63.85384615384620588 ) ) ;
#400 = ORIENTED_EDGE ( 'NONE', *, *, #745, .T. ) ;
#401 = DIRECTION ( 'NONE',  ( 1.000000000000000000, 0.000000000000000000, 0.000000000000000000 ) ) ;
#402 = CARTESIAN_POINT ( 'NONE',  ( 24.75000000000000000, 0.000000000000000000, -66.40000000000000568 ) ) ;
#403 = ORIENTED_EDGE ( 'NONE', *, *, #990, .T. ) ;
#404 = CARTESIAN_POINT ( 'NONE',  ( 31.64999999999999858, 0.000000000000000000, -95.60000000000000853 ) ) ;
#405 =( NAMED_UNIT ( * ) SI_UNIT ( $, .STERADIAN. ) SOLID_ANGLE_UNIT ( ) );
#406 = ORIENTED_EDGE ( 'NONE', *, *, #933, .T. ) ;
#407 = DIRECTION ( 'NONE',  ( 0.000000000000000000, 0.000000000000000000, -1.000000000000000000 ) ) ;
#408 = VECTOR ( 'NONE', #438, 1000.000000000000114 ) ;
#409 = EDGE_CURVE ( 'NONE', #719, #140, #1472, .T. ) ;
#410 = CIRCLE ( 'NONE', #1600, 2.149999999999999023 ) ;
#411 = CIRCLE ( 'NONE', #725, 2.149999999999999023 ) ;
#412 = ORIENTED_EDGE ( 'NONE', *, *, #1156, .T. ) ;
#413 = FACE_OUTER_BOUND ( 'NONE', #192, .T. ) ;
#414 = DIRECTION ( 'NONE',  ( 0.000000000000000000, 0.000000000000000000, -1.000000000000000000 ) ) ;
#415 = VECTOR ( 'NONE', #1217, 999.9999999999998863 ) ;
#416 = VERTEX_POINT ( 'NONE', #901 ) ;
#417 = DIRECTION ( 'NONE',  ( 0.000000000000000000, 0.000000000000000000, -1.000000000000000000 ) ) ;
#418 = AXIS2_PLACEMENT_3D ( 'NONE', #1713, #368, #389 ) ;
#419 = CARTESIAN_POINT ( 'NONE',  ( 32.75000000000000000, 24.04163056034260038, -119.6416305603426053 ) ) ;
#420 = AXIS2_PLACEMENT_3D ( 'NONE', #404, #1620, #1027 ) ;
#421 = CONICAL_SURFACE ( 'NONE', #1926, 10.00000000000000178, 0.7853981633974476129 ) ;
#422 = ADVANCED_FACE ( 'NONE', ( #1690 ), #625, .T. ) ;
#423 = ORIENTED_EDGE ( 'NONE', *, *, #1495, .F. ) ;
#424 = LINE ( 'NONE', #1905, #1049 ) ;
#425 = CARTESIAN_POINT ( 'NONE',  ( 24.75000000000000000, 1.567388698824725098E-15, -29.94870000000000232 ) ) ;
#426 = ORIENTED_EDGE ( 'NONE', *, *, #720, .T. ) ;
#427 = DIRECTION ( 'NONE',  ( 1.000000000000000000, 0.000000000000000000, 0.000000000000000000 ) ) ;
#428 = LINE ( 'NONE', #1622, #1538 ) ;
#429 = DIRECTION ( 'NONE',  ( 1.000000000000000000, 0.000000000000000000, 0.000000000000000000 ) ) ;
#430 = EDGE_LOOP ( 'NONE', ( #867, #222, #312, #1782 ) ) ;
#431 = DIRECTION ( 'NONE',  ( 0.7071067811865480168, 0.000000000000000000, -0.7071067811865470176 ) ) ;
#432 = CARTESIAN_POINT ( 'NONE',  ( 32.75000000000000000, 14.00000000000000000, -27.79870000000000019 ) ) ;
#433 = EDGE_CURVE ( 'NONE', #1701, #523, #1407, .T. ) ;
#434 = ORIENTED_EDGE ( 'NONE', *, *, #1934, .T. ) ;
#435 = CARTESIAN_POINT ( 'NONE',  ( 27.25000000000000000, 0.000000000000000000, -95.60000000000000853 ) ) ;
#436 = EDGE_CURVE ( 'NONE', #1890, #437, #1099, .T. ) ;
#437 = VERTEX_POINT ( 'NONE', #649 ) ;
#438 = DIRECTION ( 'NONE',  ( 0.7071067811865474617, 0.7071067811865474617, 0.000000000000000000 ) ) ;
#439 = CIRCLE ( 'NONE', #1104, 2.149999999999999023 ) ;
#440 = ORIENTED_EDGE ( 'NONE', *, *, #1017, .T. ) ;
#441 =( NAMED_UNIT ( * ) PLANE_ANGLE_UNIT ( ) SI_UNIT ( $, .RADIAN. ) );
#442 = CYLINDRICAL_SURFACE ( 'NONE', #1136, 2.149999999999999023 ) ;
#443 = AXIS2_PLACEMENT_3D ( 'NONE', #701, #1296, #552 ) ;
#444 = ORIENTED_EDGE ( 'NONE', *, *, #783, .T. ) ;
#445 = CARTESIAN_POINT ( 'NONE',  ( 32.75000000000000000, -15.00000000000000000, -27.79870000000000019 ) ) ;
#446 = AXIS2_PLACEMENT_3D ( 'NONE', #32, #481, #315 ) ;
#447 = ORIENTED_EDGE ( 'NONE', *, *, #1169, .F. ) ;
#448 = EDGE_CURVE ( 'NONE', #611, #1868, #490, .T. ) ;
#449 = LINE ( 'NONE', #1792, #93 ) ;
#450 = VECTOR ( 'NONE', #1163, 1000.000000000000000 ) ;
#451 = CARTESIAN_POINT ( 'NONE',  ( 25.75000000000000000, 0.000000000000000000, -95.60000000000000853 ) ) ;
#452 = CONICAL_SURFACE ( 'NONE', #1704, 4.699999999999995737, 0.7853981633974476129 ) ;
#453 = ORIENTED_EDGE ( 'NONE', *, *, #1000, .F. ) ;
#454 = DIRECTION ( 'NONE',  ( 1.000000000000000000, 0.000000000000000000, 0.000000000000000000 ) ) ;
#455 = VERTEX_POINT ( 'NONE', #1534 ) ;
#456 = PLANE ( 'NONE',  #853 ) ;
#457 = CARTESIAN_POINT ( 'NONE',  ( 37.50000000000000000, 0.000000000000000000, -59.60000000000000142 ) ) ;
#458 = ORIENTED_EDGE ( 'NONE', *, *, #1017, .F. ) ;
#459 = CARTESIAN_POINT ( 'NONE',  ( 31.64999999999999858, 1.285879139104722014E-15, -85.09999999999999432 ) ) ;
#460 = DIRECTION ( 'NONE',  ( 0.000000000000000000, -4.956346757788709441E-16, -1.000000000000000000 ) ) ;
#461 = ADVANCED_FACE ( 'NONE', ( #1225 ), #724, .T. ) ;
#462 = ORIENTED_EDGE ( 'NONE', *, *, #964, .T. ) ;
#463 = EDGE_CURVE ( 'NONE', #1502, #817, #1884, .T. ) ;
#464 = ORIENTED_EDGE ( 'NONE', *, *, #388, .T. ) ;
#465 = LINE ( 'NONE', #635, #609 ) ;
#466 = DIRECTION ( 'NONE',  ( -1.000000000000000000, 0.000000000000000000, 0.000000000000000000 ) ) ;
#467 = EDGE_LOOP ( 'NONE', ( #596, #396, #1507, #444 ) ) ;
#468 = DIRECTION ( 'NONE',  ( 1.000000000000000000, 0.000000000000000000, 0.000000000000000000 ) ) ;
#469 = CARTESIAN_POINT ( 'NONE',  ( 37.00000000000000000, -7.708751894331239640, -60.43502958579880158 ) ) ;
#470 = ORIENTED_EDGE ( 'NONE', *, *, #1559, .T. ) ;
#471 = EDGE_CURVE ( 'NONE', #1479, #523, #1834, .T. ) ;
#472 = PLANE ( 'NONE',  #1839 ) ;
#473 = CLOSED_SHELL ( 'NONE', ( #1803, #1050, #1297, #1742, #144, #294, #1092, #1071, #1527, #1122, #1442, #1705, #1633, #164, #371, #761, #244, #909, #1395, #1771, #1035, #151, #1752, #1303, #1101, #671, #1181, #1621, #866, #1231, #1923, #229, #1576, #773, #581, #1137, #1128, #658, #1265, #1947, #1889, #521, #311, #565, #926, #1076, #226, #1320, #1645, #120, #1727, #1900, #22, #831, #1540, #1402, #811, #620, #352, #1595, #898, #1586, #422, #351, #461, #1309, #602 ) ) ;
#474 = AXIS2_PLACEMENT_3D ( 'NONE', #28, #636, #343 ) ;
#475 = VERTEX_POINT ( 'NONE', #760 ) ;
#476 = DIRECTION ( 'NONE',  ( 0.000000000000000000, 1.000000000000000000, 0.000000000000000000 ) ) ;
#477 = CARTESIAN_POINT ( 'NONE',  ( 32.75000000000000000, 24.04163056034260038, -119.6416305603426053 ) ) ;
#478 = CIRCLE ( 'NONE', #1411, 35.49999999999999289 ) ;
#479 = VERTEX_POINT ( 'NONE', #1091 ) ;
#480 = CARTESIAN_POINT ( 'NONE',  ( 28.25000000000000000, 0.000000000000000000, -106.0999999999999943 ) ) ;
#481 = DIRECTION ( 'NONE',  ( -1.000000000000000000, 0.000000000000000000, 0.000000000000000000 ) ) ;
#482 = AXIS2_PLACEMENT_3D ( 'NONE', #807, #1689, #1710 ) ;
#483 = DIRECTION ( 'NONE',  ( 0.000000000000000000, 0.000000000000000000, -1.000000000000000000 ) ) ;
#484 = DIRECTION ( 'NONE',  ( 0.000000000000000000, 0.000000000000000000, -1.000000000000000000 ) ) ;
#485 = AXIS2_PLACEMENT_3D ( 'NONE', #800, #532, #1260 ) ;
#486 = EDGE_CURVE ( 'NONE', #993, #1753, #1247, .T. ) ;
#487 = AXIS2_PLACEMENT_3D ( 'NONE', #451, #1933, #1494 ) ;
#488 = ORIENTED_EDGE ( 'NONE', *, *, #530, .T. ) ;
#489 = DIRECTION ( 'NONE',  ( 0.000000000000000000, 0.000000000000000000, -1.000000000000000000 ) ) ;
#490 = LINE ( 'NONE', #177, #1631 ) ;
#491 = ORIENTED_EDGE ( 'NONE', *, *, #20, .T. ) ;
#492 = CARTESIAN_POINT ( 'NONE',  ( 24.75000000000000000, -19.50000000000000000, -61.82500925240690037 ) ) ;
#493 = LINE ( 'NONE', #1249, #350 ) ;
#494 = CARTESIAN_POINT ( 'NONE',  ( 32.75000000000000000, -14.00000000000000000, -52.29872981077809868 ) ) ;
#495 = LINE ( 'NONE', #970, #722 ) ;
#496 = CARTESIAN_POINT ( 'NONE',  ( 25.75000000000000000, -15.00000000000000000, -27.79870000000000019 ) ) ;
#497 = ORIENTED_EDGE ( 'NONE', *, *, #259, .F. ) ;
#498 = LINE ( 'NONE', #1278, #796 ) ;
#499 = DIRECTION ( 'NONE',  ( 0.000000000000000000, -4.956346757788709441E-16, -1.000000000000000000 ) ) ;
#500 = ORIENTED_EDGE ( 'NONE', *, *, #964, .F. ) ;
#501 = EDGE_CURVE ( 'NONE', #295, #716, #977, .T. ) ;
#502 = DIRECTION ( 'NONE',  ( 1.000000000000000000, 0.000000000000000000, 0.000000000000000000 ) ) ;
#503 = DIRECTION ( 'NONE',  ( 0.000000000000000000, 2.832198147307834952E-16, -1.000000000000000000 ) ) ;
#504 = ORIENTED_EDGE ( 'NONE', *, *, #702, .T. ) ;
#505 = LINE ( 'NONE', #1869, #544 ) ;
#506 = DIRECTION ( 'NONE',  ( 0.000000000000000000, 0.000000000000000000, -1.000000000000000000 ) ) ;
#507 = AXIS2_PLACEMENT_3D ( 'NONE', #1921, #873, #1762 ) ;
#508 = VERTEX_POINT ( 'NONE', #336 ) ;
#509 = DIRECTION ( 'NONE',  ( 0.000000000000000000, 0.000000000000000000, 1.000000000000000000 ) ) ;
#510 = EDGE_CURVE ( 'NONE', #849, #683, #1723, .T. ) ;
#511 = VECTOR ( 'NONE', #819, 1000.000000000000114 ) ;
#512 = AXIS2_PLACEMENT_3D ( 'NONE', #1585, #1740, #1432 ) ;
#513 = ORIENTED_EDGE ( 'NONE', *, *, #1330, .F. ) ;
#514 = AXIS2_PLACEMENT_3D ( 'NONE', #1511, #1499, #1078 ) ;
#515 = DIRECTION ( 'NONE',  ( 0.000000000000000000, 0.000000000000000000, -1.000000000000000000 ) ) ;
#516 = CARTESIAN_POINT ( 'NONE',  ( 27.25000000000000000, 0.000000000000000000, -84.09999999999999432 ) ) ;
#517 = CIRCLE ( 'NONE', #1518, 29.20000000000000284 ) ;
#518 = ORIENTED_EDGE ( 'NONE', *, *, #1206, .F. ) ;
#519 = DIRECTION ( 'NONE',  ( -1.000000000000000000, 0.000000000000000000, 0.000000000000000000 ) ) ;
#520 = AXIS2_PLACEMENT_3D ( 'NONE', #56, #661, #1405 ) ;
#521 = ADVANCED_FACE ( 'NONE', ( #1547 ), #1541, .F. ) ;
#522 = CARTESIAN_POINT ( 'NONE',  ( 30.20000000000000284, -24.04163056034260038, -119.6416305603426053 ) ) ;
#523 = VERTEX_POINT ( 'NONE', #913 ) ;
#524 = PRODUCT_RELATED_PRODUCT_CATEGORY ( 'part', '', ( #1731 ) ) ;
#525 = CARTESIAN_POINT ( 'NONE',  ( 32.75000000000000000, 1.567388698824725098E-15, -12.79870000000000019 ) ) ;
#526 = DIRECTION ( 'NONE',  ( 1.000000000000000000, 0.000000000000000000, 0.000000000000000000 ) ) ;
#527 = ORIENTED_EDGE ( 'NONE', *, *, #872, .F. ) ;
#528 = DIRECTION ( 'NONE',  ( 1.000000000000000000, 0.000000000000000000, 0.000000000000000000 ) ) ;
#529 = CARTESIAN_POINT ( 'NONE',  ( 24.75000000000000000, -24.04163056034260038, -71.55836943965739749 ) ) ;
#530 = EDGE_CURVE ( 'NONE', #214, #1223, #1204, .T. ) ;
#531 = ORIENTED_EDGE ( 'NONE', *, *, #1025, .T. ) ;
#532 = DIRECTION ( 'NONE',  ( -1.000000000000000000, 0.000000000000000000, 0.000000000000000000 ) ) ;
#533 = DIRECTION ( 'NONE',  ( -1.000000000000000000, 0.000000000000000000, 0.000000000000000000 ) ) ;
#534 = EDGE_LOOP ( 'NONE', ( #1658, #1649, #426, #277 ) ) ;
#535 = DIRECTION ( 'NONE',  ( 1.000000000000000000, 0.000000000000000000, 0.000000000000000000 ) ) ;
#536 = VECTOR ( 'NONE', #1166, 1000.000000000000000 ) ;
#537 = VECTOR ( 'NONE', #949, 1000.000000000000000 ) ;
#538 = LINE ( 'NONE', #1873, #1597 ) ;
#539 = CIRCLE ( 'NONE', #1506, 2.149999999999999023 ) ;
#540 = EDGE_LOOP ( 'NONE', ( #146, #902, #1605, #1315 ) ) ;
#541 = DIRECTION ( 'NONE',  ( 1.000000000000000000, 0.000000000000000000, 0.000000000000000000 ) ) ;
#542 = FACE_OUTER_BOUND ( 'NONE', #1054, .T. ) ;
#543 = EDGE_CURVE ( 'NONE', #683, #849, #1287, .T. ) ;
#544 = VECTOR ( 'NONE', #1400, 1000.000000000000000 ) ;
#545 = ORIENTED_EDGE ( 'NONE', *, *, #1334, .F. ) ;
#546 = DIRECTION ( 'NONE',  ( -1.000000000000000000, 0.000000000000000000, 0.000000000000000000 ) ) ;
#547 = CIRCLE ( 'NONE', #1294, 11.74999999999999645 ) ;
#548 = PRODUCT_DEFINITION_FORMATION_WITH_SPECIFIED_SOURCE ( 'Symmetric', '', #1731, .NOT_KNOWN. ) ;
#549 = CARTESIAN_POINT ( 'NONE',  ( -35.00000000000000000, 1.285879139104720042E-15, -85.09999999999999432 ) ) ;
#550 = ORIENTED_EDGE ( 'NONE', *, *, #645, .F. ) ;
#551 = CARTESIAN_POINT ( 'NONE',  ( 32.75000000000000000, -24.04163056034260038, -71.55836943965739749 ) ) ;
#552 = DIRECTION ( 'NONE',  ( 0.000000000000000000, 0.000000000000000000, -1.000000000000000000 ) ) ;
#553 = ORIENTED_EDGE ( 'NONE', *, *, #199, .T. ) ;
#554 = CYLINDRICAL_SURFACE ( 'NONE', #1170, 10.00000000000000178 ) ;
#555 = PRODUCT_CONTEXT ( 'NONE', #1774, 'mechanical' ) ;
#556 = EDGE_CURVE ( 'NONE', #200, #817, #325, .T. ) ;
#557 = DIRECTION ( 'NONE',  ( -1.000000000000000000, 0.000000000000000000, 0.000000000000000000 ) ) ;
#558 = ORIENTED_EDGE ( 'NONE', *, *, #706, .F. ) ;
#559 = DIRECTION ( 'NONE',  ( 0.000000000000000000, 0.000000000000000000, -1.000000000000000000 ) ) ;
#560 = DIRECTION ( 'NONE',  ( 0.000000000000000000, 4.956346757788709441E-16, 1.000000000000000000 ) ) ;
#561 = VERTEX_POINT ( 'NONE', #1651 ) ;
#562 = DIRECTION ( 'NONE',  ( 0.000000000000000000, 0.000000000000000000, -1.000000000000000000 ) ) ;
#563 = FACE_OUTER_BOUND ( 'NONE', #82, .T. ) ;
#564 = CIRCLE ( 'NONE', #63, 2.149999999999999023 ) ;
#565 = ADVANCED_FACE ( 'NONE', ( #939 ), #1010, .F. ) ;
#566 = CIRCLE ( 'NONE', #1785, 28.99999999999999645 ) ;
#567 = AXIS2_PLACEMENT_3D ( 'NONE', #750, #1374, #771 ) ;
#568 = VECTOR ( 'NONE', #664, 1000.000000000000000 ) ;
#569 = VERTEX_POINT ( 'NONE', #299 ) ;
#570 = DIRECTION ( 'NONE',  ( 1.000000000000000000, 0.000000000000000000, 0.000000000000000000 ) ) ;
#571 = DIRECTION ( 'NONE',  ( 1.000000000000000000, 0.000000000000000000, 0.000000000000000000 ) ) ;
#572 = VERTEX_POINT ( 'NONE', #1144 ) ;
#573 = DIRECTION ( 'NONE',  ( -0.7071067811865500152, 0.000000000000000000, 0.7071067811865450192 ) ) ;
#574 = CONICAL_SURFACE ( 'NONE', #482, 14.00000000000000000, 0.7853981633974348453 ) ;
#575 = CARTESIAN_POINT ( 'NONE',  ( 32.75000000000000000, 25.00000000000000000, -52.29872981077809868 ) ) ;
#576 = AXIS2_PLACEMENT_3D ( 'NONE', #58, #663, #1582 ) ;
#577 = AXIS2_PLACEMENT_3D ( 'NONE', #14, #622, #1221 ) ;
#578 = EDGE_CURVE ( 'NONE', #1148, #1336, #232, .T. ) ;
#579 = VECTOR ( 'NONE', #1095, 1000.000000000000114 ) ;
#580 = ORIENTED_EDGE ( 'NONE', *, *, #141, .F. ) ;
#581 = ADVANCED_FACE ( 'NONE', ( #195 ), #1410, .T. ) ;
#582 = CARTESIAN_POINT ( 'NONE',  ( 25.75000000000000000, 15.00000000000000000, -52.29872981077809868 ) ) ;
#583 = DIRECTION ( 'NONE',  ( -0.7071067811865531239, 0.000000000000000000, 0.7071067811865420216 ) ) ;
#584 = ORIENTED_EDGE ( 'NONE', *, *, #448, .F. ) ;
#585 = DIRECTION ( 'NONE',  ( 1.000000000000000000, 0.000000000000000000, 0.000000000000000000 ) ) ;
#586 = CARTESIAN_POINT ( 'NONE',  ( 0.000000000000000000, 0.000000000000000000, 0.000000000000000000 ) ) ;
#587 = VERTEX_POINT ( 'NONE', #657 ) ;
#588 = DIRECTION ( 'NONE',  ( 0.000000000000000000, 0.000000000000000000, -1.000000000000000000 ) ) ;
#589 = CARTESIAN_POINT ( 'NONE',  ( 32.75000000000000000, 6.209827914877940280, -67.27266272189349650 ) ) ;
#590 = ORIENTED_EDGE ( 'NONE', *, *, #236, .F. ) ;
#591 =( LENGTH_UNIT ( ) NAMED_UNIT ( * ) SI_UNIT ( .MILLI., .METRE. ) );
#592 = DIRECTION ( 'NONE',  ( 0.000000000000000000, 0.000000000000000000, -1.000000000000000000 ) ) ;
#593 = EDGE_CURVE ( 'NONE', #611, #1619, #801, .T. ) ;
#594 = ORIENTED_EDGE ( 'NONE', *, *, #25, .T. ) ;
#595 = FACE_OUTER_BOUND ( 'NONE', #1581, .T. ) ;
#596 = ORIENTED_EDGE ( 'NONE', *, *, #180, .F. ) ;
#597 = DIRECTION ( 'NONE',  ( -1.000000000000000000, 0.000000000000000000, 0.000000000000000000 ) ) ;
#598 = VERTEX_POINT ( 'NONE', #516 ) ;
#599 = FILL_AREA_STYLE_COLOUR ( '', #1267 ) ;
#600 = VECTOR ( 'NONE', #571, 1000.000000000000000 ) ;
#601 = VERTEX_POINT ( 'NONE', #81 ) ;
#602 = ADVANCED_FACE ( 'NONE', ( #1870 ), #1791, .T. ) ;
#603 = CARTESIAN_POINT ( 'NONE',  ( 24.75000000000000000, 1.567388698824725098E-15, -27.79870000000000019 ) ) ;
#604 = CIRCLE ( 'NONE', #1604, 2.149999999999999023 ) ;
#605 = CARTESIAN_POINT ( 'NONE',  ( 32.75000000000000000, -24.04163056034260038, -117.4916305603425997 ) ) ;
#606 = ORIENTED_EDGE ( 'NONE', *, *, #74, .F. ) ;
#607 = DIRECTION ( 'NONE',  ( 1.000000000000000000, 0.000000000000000000, 0.000000000000000000 ) ) ;
#608 = DIRECTION ( 'NONE',  ( 0.000000000000000000, 0.000000000000000000, 1.000000000000000000 ) ) ;
#609 = VECTOR ( 'NONE', #789, 1000.000000000000000 ) ;
#610 = VECTOR ( 'NONE', #431, 1000.000000000000000 ) ;
#611 = VERTEX_POINT ( 'NONE', #51 ) ;
#612 = CIRCLE ( 'NONE', #227, 28.20000000000000284 ) ;
#613 = CARTESIAN_POINT ( 'NONE',  ( 24.75000000000000000, -25.00000000000000000, -52.29872981077809868 ) ) ;
#614 = ORIENTED_EDGE ( 'NONE', *, *, #1169, .T. ) ;
#615 = DIRECTION ( 'NONE',  ( 1.000000000000000000, 0.000000000000000000, 0.000000000000000000 ) ) ;
#616 = DIRECTION ( 'NONE',  ( 0.000000000000000000, 0.000000000000000000, -1.000000000000000000 ) ) ;
#617 = EDGE_LOOP ( 'NONE', ( #742, #500 ) ) ;
#618 = DIRECTION ( 'NONE',  ( 0.000000000000000000, 0.000000000000000000, 1.000000000000000000 ) ) ;
#619 = DIRECTION ( 'NONE',  ( 0.000000000000000000, 0.000000000000000000, -1.000000000000000000 ) ) ;
#620 = ADVANCED_FACE ( 'NONE', ( #542 ), #1075, .F. ) ;
#621 = VERTEX_POINT ( 'NONE', #1253 ) ;
#622 = DIRECTION ( 'NONE',  ( -1.000000000000000000, 0.000000000000000000, 0.000000000000000000 ) ) ;
#623 = EDGE_LOOP ( 'NONE', ( #1625, #1441, #1061, #1535, #1817, #1210 ) ) ;
#624 = DIRECTION ( 'NONE',  ( 1.000000000000000000, 0.000000000000000000, 0.000000000000000000 ) ) ;
#625 = PLANE ( 'NONE',  #1440 ) ;
#626 = ORIENTED_EDGE ( 'NONE', *, *, #848, .T. ) ;
#627 = DIRECTION ( 'NONE',  ( 0.000000000000000000, -2.832198147307834952E-16, 1.000000000000000000 ) ) ;
#628 = EDGE_CURVE ( 'NONE', #1223, #859, #348, .T. ) ;
#629 = EDGE_LOOP ( 'NONE', ( #237, #1338, #1601, #39 ) ) ;
#630 = FILL_AREA_STYLE ('',( #599 ) ) ;
#631 = CIRCLE ( 'NONE', #344, 2.149999999999999023 ) ;
#632 = CARTESIAN_POINT ( 'NONE',  ( 31.75000000000000000, 20.00000000000000000, -60.95898384862239539 ) ) ;
#633 = AXIS2_PLACEMENT_3D ( 'NONE', #8, #17, #616 ) ;
#634 = ORIENTED_EDGE ( 'NONE', *, *, #110, .F. ) ;
#635 = CARTESIAN_POINT ( 'NONE',  ( 31.75000000000000000, -15.00000000000000000, -52.29872981077809868 ) ) ;
#636 = DIRECTION ( 'NONE',  ( -1.000000000000000000, 0.000000000000000000, 0.000000000000000000 ) ) ;
#637 = VECTOR ( 'NONE', #842, 1000.000000000000000 ) ;
#638 = ORIENTED_EDGE ( 'NONE', *, *, #250, .T. ) ;
#639 = DIRECTION ( 'NONE',  ( 0.7071067811865459074, -0.1514141871935099637, 0.6907052511140558959 ) ) ;
#640 = FACE_OUTER_BOUND ( 'NONE', #1333, .T. ) ;
#641 = DIRECTION ( 'NONE',  ( -1.000000000000000000, 0.000000000000000000, 0.000000000000000000 ) ) ;
#642 = AXIS2_PLACEMENT_3D ( 'NONE', #1833, #1491, #1945 ) ;
#643 = CARTESIAN_POINT ( 'NONE',  ( 25.75000000000000000, 1.567388698824725098E-15, -27.79870000000000019 ) ) ;
#644 = CONICAL_SURFACE ( 'NONE', #1865, 4.699999999999995737, 0.7853981633974476129 ) ;
#645 = EDGE_CURVE ( 'NONE', #1831, #1470, #34, .T. ) ;
#646 = AXIS2_PLACEMENT_3D ( 'NONE', #905, #1505, #1814 ) ;
#647 = ORIENTED_EDGE ( 'NONE', *, *, #1608, .F. ) ;
#648 = PLANE ( 'NONE',  #918 ) ;
#649 = CARTESIAN_POINT ( 'NONE',  ( 30.20000000000000284, -24.04163056034260038, -117.4916305603425997 ) ) ;
#650 = EDGE_CURVE ( 'NONE', #1245, #1243, #1318, .T. ) ;
#651 = ORIENTED_EDGE ( 'NONE', *, *, #976, .T. ) ;
#652 = CARTESIAN_POINT ( 'NONE',  ( 32.75000000000000000, 1.567388698824725098E-15, -27.79870000000000019 ) ) ;
#653 = FACE_OUTER_BOUND ( 'NONE', #996, .T. ) ;
#654 = DIRECTION ( 'NONE',  ( 0.000000000000000000, 2.832198147307834952E-16, -1.000000000000000000 ) ) ;
#655 = ORIENTED_EDGE ( 'NONE', *, *, #171, .T. ) ;
#656 = CARTESIAN_POINT ( 'NONE',  ( 25.75000000000000000, 25.00000000000000000, -52.29872981077809868 ) ) ;
#657 = CARTESIAN_POINT ( 'NONE',  ( 37.50000000000000000, 7.601685895798850012, -60.92343195266269618 ) ) ;
#658 = ADVANCED_FACE ( 'NONE', ( #1430 ), #395, .F. ) ;
#659 = ORIENTED_EDGE ( 'NONE', *, *, #1463, .T. ) ;
#660 = DIRECTION ( 'NONE',  ( 1.000000000000000000, 0.000000000000000000, 0.000000000000000000 ) ) ;
#661 = DIRECTION ( 'NONE',  ( 1.000000000000000000, 0.000000000000000000, 0.000000000000000000 ) ) ;
#662 = EDGE_LOOP ( 'NONE', ( #1162, #458, #1655, #1492 ) ) ;
#663 = DIRECTION ( 'NONE',  ( 1.000000000000000000, 0.000000000000000000, 0.000000000000000000 ) ) ;
#664 = DIRECTION ( 'NONE',  ( 0.7071067811865450192, 0.000000000000000000, -0.7071067811865500152 ) ) ;
#665 = AXIS2_PLACEMENT_3D ( 'NONE', #1714, #1566, #1882 ) ;
#666 = VERTEX_POINT ( 'NONE', #374 ) ;
#667 = EDGE_CURVE ( 'NONE', #393, #1044, #96, .T. ) ;
#668 = CYLINDRICAL_SURFACE ( 'NONE', #353, 10.49999999999999467 ) ;
#669 = CIRCLE ( 'NONE', #33, 3.500000000000003109 ) ;
#670 =( LENGTH_UNIT ( ) NAMED_UNIT ( * ) SI_UNIT ( .MILLI., .METRE. ) );
#671 = ADVANCED_FACE ( 'NONE', ( #1107 ), #69, .T. ) ;
#672 = ORIENTED_EDGE ( 'NONE', *, *, #1060, .F. ) ;
#673 = CIRCLE ( 'NONE', #253, 35.49999999999999289 ) ;
#674 = CARTESIAN_POINT ( 'NONE',  ( 31.64999999999999858, 0.000000000000000000, -95.60000000000000853 ) ) ;
#675 = DIRECTION ( 'NONE',  ( 0.000000000000000000, 0.000000000000000000, -1.000000000000000000 ) ) ;
#676 = CONICAL_SURFACE ( 'NONE', #734, 10.99999999999999645, 0.7853981633974348453 ) ;
#677 = ORIENTED_EDGE ( 'NONE', *, *, #976, .F. ) ;
#678 = LINE ( 'NONE', #810, #878 ) ;
#679 = AXIS2_PLACEMENT_3D ( 'NONE', #889, #172, #1646 ) ;
#680 = DIRECTION ( 'NONE',  ( 1.000000000000000000, 0.000000000000000000, 0.000000000000000000 ) ) ;
#681 = DIRECTION ( 'NONE',  ( 1.000000000000000000, 0.000000000000000000, 0.000000000000000000 ) ) ;
#682 = EDGE_CURVE ( 'NONE', #1047, #925, #313, .T. ) ;
#683 = VERTEX_POINT ( 'NONE', #1286 ) ;
#684 = CARTESIAN_POINT ( 'NONE',  ( 32.75000000000000000, 24.04163056034260038, -119.6416305603426053 ) ) ;
#685 = CARTESIAN_POINT ( 'NONE',  ( 25.75000000000000000, 0.000000000000000000, -95.60000000000000853 ) ) ;
#686 = ORIENTED_EDGE ( 'NONE', *, *, #1132, .T. ) ;
#687 = LINE ( 'NONE', #830, #981 ) ;
#688 = CARTESIAN_POINT ( 'NONE',  ( 24.75000000000000000, -24.04163056034260038, -71.55836943965739749 ) ) ;
#689 = EDGE_CURVE ( 'NONE', #508, #988, #478, .T. ) ;
#690 = ORIENTED_EDGE ( 'NONE', *, *, #433, .F. ) ;
#691 = FACE_OUTER_BOUND ( 'NONE', #123, .T. ) ;
#692 = DIRECTION ( 'NONE',  ( 0.000000000000000000, 0.000000000000000000, 1.000000000000000000 ) ) ;
#693 = VERTEX_POINT ( 'NONE', #385 ) ;
#694 = CARTESIAN_POINT ( 'NONE',  ( 25.75000000000000000, 0.000000000000000000, -95.60000000000000853 ) ) ;
#695 = AXIS2_PLACEMENT_3D ( 'NONE', #786, #392, #483 ) ;
#696 = AXIS2_PLACEMENT_3D ( 'NONE', #793, #1094, #1388 ) ;
#697 = ORIENTED_EDGE ( 'NONE', *, *, #1853, .T. ) ;
#698 = AXIS2_PLACEMENT_3D ( 'NONE', #477, #1386, #1525 ) ;
#699 = ORIENTED_EDGE ( 'NONE', *, *, #1787, .F. ) ;
#700 = PLANE ( 'NONE',  #1451 ) ;
#701 = CARTESIAN_POINT ( 'NONE',  ( 24.75000000000000000, -24.04163056034260038, -119.6416305603426053 ) ) ;
#702 = EDGE_CURVE ( 'NONE', #1470, #455, #986, .T. ) ;
#703 = ORIENTED_EDGE ( 'NONE', *, *, #1608, .T. ) ;
#704 = DIRECTION ( 'NONE',  ( -1.000000000000000000, 0.000000000000000000, 0.000000000000000000 ) ) ;
#705 = PRESENTATION_LAYER_ASSIGNMENT (  '', '', ( #921 ) ) ;
#706 = EDGE_CURVE ( 'NONE', #859, #611, #126, .T. ) ;
#707 = ORIENTED_EDGE ( 'NONE', *, *, #37, .T. ) ;
#708 = LINE ( 'NONE', #1902, #122 ) ;
#709 = ORIENTED_EDGE ( 'NONE', *, *, #282, .T. ) ;
#710 = LINE ( 'NONE', #1183, #1325 ) ;
#711 = DIRECTION ( 'NONE',  ( -4.956346757788839603E-16, 0.000000000000000000, -1.000000000000000000 ) ) ;
#712 = ORIENTED_EDGE ( 'NONE', *, *, #943, .T. ) ;
#713 = EDGE_CURVE ( 'NONE', #587, #1770, #89, .T. ) ;
#714 = DIRECTION ( 'NONE',  ( 0.000000000000000000, 0.000000000000000000, 1.000000000000000000 ) ) ;
#715 = CARTESIAN_POINT ( 'NONE',  ( 37.00000000000000000, 0.000000000000000000, -59.60000000000000142 ) ) ;
#716 = VERTEX_POINT ( 'NONE', #1777 ) ;
#717 = DIRECTION ( 'NONE',  ( -1.000000000000000000, 0.000000000000000000, 0.000000000000000000 ) ) ;
#718 = DIRECTION ( 'NONE',  ( 1.000000000000000000, 0.000000000000000000, 0.000000000000000000 ) ) ;
#719 = VERTEX_POINT ( 'NONE', #852 ) ;
#720 = EDGE_CURVE ( 'NONE', #561, #598, #109, .T. ) ;
#721 = CARTESIAN_POINT ( 'NONE',  ( 31.64999999999999858, 0.000000000000000000, -95.60000000000000853 ) ) ;
#722 = VECTOR ( 'NONE', #822, 1000.000000000000000 ) ;
#723 = EDGE_CURVE ( 'NONE', #621, #1421, #1306, .T. ) ;
#724 = CONICAL_SURFACE ( 'NONE', #567, 3.000000000000002665, 0.7853981633974405074 ) ;
#725 = AXIS2_PLACEMENT_3D ( 'NONE', #1313, #1161, #1453 ) ;
#726 = EDGE_CURVE ( 'NONE', #367, #751, #217, .T. ) ;
#727 = EDGE_LOOP ( 'NONE', ( #1288, #183, #1387, #1004, #1052, #1280, #149 ) ) ;
#728 = DIRECTION ( 'NONE',  ( 0.000000000000000000, -4.956346757788709441E-16, -1.000000000000000000 ) ) ;
#729 = CARTESIAN_POINT ( 'NONE',  ( 25.75000000000000000, 0.000000000000000000, -95.60000000000000853 ) ) ;
#730 = ORIENTED_EDGE ( 'NONE', *, *, #726, .T. ) ;
#731 = CARTESIAN_POINT ( 'NONE',  ( 30.20000000000000284, 24.04163056034260038, -69.40836943965740602 ) ) ;
#732 = AXIS2_PLACEMENT_3D ( 'NONE', #1930, #1186, #1779 ) ;
#733 = DIRECTION ( 'NONE',  ( 0.000000000000000000, 0.000000000000000000, 1.000000000000000000 ) ) ;
#734 = AXIS2_PLACEMENT_3D ( 'NONE', #850, #541, #559 ) ;
#735 = CIRCLE ( 'NONE', #987, 2.149999999999999023 ) ;
#736 = EDGE_CURVE ( 'NONE', #1089, #263, #258, .T. ) ;
#737 = ORIENTED_EDGE ( 'NONE', *, *, #1845, .T. ) ;
#738 = FACE_OUTER_BOUND ( 'NONE', #218, .T. ) ;
#739 = DIRECTION ( 'NONE',  ( 1.000000000000000000, 0.000000000000000000, 0.000000000000000000 ) ) ;
#740 = ORIENTED_EDGE ( 'NONE', *, *, #888, .T. ) ;
#741 = PLANE ( 'NONE',  #1173 ) ;
#742 = ORIENTED_EDGE ( 'NONE', *, *, #1275, .F. ) ;
#743 = DIRECTION ( 'NONE',  ( 0.000000000000000000, 0.000000000000000000, -1.000000000000000000 ) ) ;
#744 = UNCERTAINTY_MEASURE_WITH_UNIT (LENGTH_MEASURE( 1.000000000000000082E-05 ), #591, 'distance_accuracy_value', 'NONE');
#745 = EDGE_CURVE ( 'NONE', #1212, #1637, #411, .T. ) ;
#746 = VERTEX_POINT ( 'NONE', #1784 ) ;
#747 = LINE ( 'NONE', #1200, #43 ) ;
#748 = ORIENTED_EDGE ( 'NONE', *, *, #1680, .T. ) ;
#749 = FACE_OUTER_BOUND ( 'NONE', #1382, .T. ) ;
#750 = CARTESIAN_POINT ( 'NONE',  ( 37.50000000000000000, 6.959289904604590404, -63.85384615384620588 ) ) ;
#751 = VERTEX_POINT ( 'NONE', #425 ) ;
#752 = DIRECTION ( 'NONE',  ( 0.000000000000000000, 0.000000000000000000, -1.000000000000000000 ) ) ;
#753 = CYLINDRICAL_SURFACE ( 'NONE', #446, 3.500000000000003109 ) ;
#754 = VECTOR ( 'NONE', #1677, 1000.000000000000000 ) ;
#755 = ORIENTED_EDGE ( 'NONE', *, *, #1473, .F. ) ;
#756 = AXIS2_PLACEMENT_3D ( 'NONE', #1654, #157, #763 ) ;
#757 = AXIS2_PLACEMENT_3D ( 'NONE', #729, #1928, #1184 ) ;
#758 = ORIENTED_EDGE ( 'NONE', *, *, #486, .F. ) ;
#759 = DIRECTION ( 'NONE',  ( -1.000000000000000000, 0.000000000000000000, 0.000000000000000000 ) ) ;
#760 = CARTESIAN_POINT ( 'NONE',  ( 31.64999999999999858, 0.000000000000000000, -106.0999999999999943 ) ) ;
#761 = ADVANCED_FACE ( 'NONE', ( #1439 ), #442, .F. ) ;
#762 = ORIENTED_EDGE ( 'NONE', *, *, #931, .T. ) ;
#763 = DIRECTION ( 'NONE',  ( 0.000000000000000000, 0.000000000000000000, -1.000000000000000000 ) ) ;
#764 = CARTESIAN_POINT ( 'NONE',  ( 31.75000000000000000, 1.567388698824725098E-15, -27.79870000000000019 ) ) ;
#765 = CONICAL_SURFACE ( 'NONE', #1292, 4.699999999999995737, 0.7853981633974476129 ) ;
#766 = AXIS2_PLACEMENT_3D ( 'NONE', #1943, #454, #1805 ) ;
#767 = ORIENTED_EDGE ( 'NONE', *, *, #1830, .F. ) ;
#768 = CARTESIAN_POINT ( 'NONE',  ( 32.75000000000000000, -24.04163056034260038, -114.9416305603426025 ) ) ;
#769 = ORIENTED_EDGE ( 'NONE', *, *, #1763, .F. ) ;
#770 = FACE_BOUND ( 'NONE', #1026, .T. ) ;
#771 = DIRECTION ( 'NONE',  ( 0.000000000000000000, 0.000000000000000000, 1.000000000000000000 ) ) ;
#772 = EDGE_LOOP ( 'NONE', ( #655, #354, #1786, #1745 ) ) ;
#773 = ADVANCED_FACE ( 'NONE', ( #1898 ), #1590, .T. ) ;
#774 = LINE ( 'NONE', #1536, #907 ) ;
#775 = FACE_OUTER_BOUND ( 'NONE', #662, .T. ) ;
#776 = CARTESIAN_POINT ( 'NONE',  ( 32.75000000000000000, 1.567388698824725098E-15, -27.79870000000000019 ) ) ;
#777 = DIRECTION ( 'NONE',  ( 0.7071067811865480168, 8.659560562354929160E-17, 0.7071067811865470176 ) ) ;
#778 = ORIENTED_EDGE ( 'NONE', *, *, #1827, .T. ) ;
#779 = DIRECTION ( 'NONE',  ( 0.000000000000000000, 0.000000000000000000, -1.000000000000000000 ) ) ;
#780 = CARTESIAN_POINT ( 'NONE',  ( 37.50000000000000000, 6.209827914877940280, -67.27266272189349650 ) ) ;
#781 = ORIENTED_EDGE ( 'NONE', *, *, #785, .T. ) ;
#782 = CARTESIAN_POINT ( 'NONE',  ( 32.75000000000000000, 6.959289904604590404, -63.85384615384620588 ) ) ;
#783 = EDGE_CURVE ( 'NONE', #1336, #1428, #539, .T. ) ;
#784 = CARTESIAN_POINT ( 'NONE',  ( 24.75000000000000000, 19.50000000000000000, -61.82500925240690037 ) ) ;
#785 = EDGE_CURVE ( 'NONE', #1148, #1403, #1825, .T. ) ;
#786 = CARTESIAN_POINT ( 'NONE',  ( 32.75000000000000000, 24.04163056034260038, -71.55836943965739749 ) ) ;
#787 = AXIS2_PLACEMENT_3D ( 'NONE', #575, #1187, #1180 ) ;
#788 = ORIENTED_EDGE ( 'NONE', *, *, #223, .T. ) ;
#789 = DIRECTION ( 'NONE',  ( 0.7071067811865570096, 0.7071067811865380248, 0.000000000000000000 ) ) ;
#790 = CARTESIAN_POINT ( 'NONE',  ( 32.75000000000000000, 1.567388698824725098E-15, -27.79870000000000019 ) ) ;
#791 = AXIS2_PLACEMENT_3D ( 'NONE', #99, #135, #1332 ) ;
#792 = EDGE_LOOP ( 'NONE', ( #781, #1150 ) ) ;
#793 = CARTESIAN_POINT ( 'NONE',  ( 32.75000000000000000, 0.000000000000000000, -95.60000000000000853 ) ) ;
#794 = CYLINDRICAL_SURFACE ( 'NONE', #1761, 28.20000000000000284 ) ;
#795 = DIRECTION ( 'NONE',  ( 0.000000000000000000, 0.000000000000000000, -1.000000000000000000 ) ) ;
#796 = VECTOR ( 'NONE', #834, 1000.000000000000000 ) ;
#797 = EDGE_CURVE ( 'NONE', #993, #719, #1232, .T. ) ;
#798 = AXIS2_PLACEMENT_3D ( 'NONE', #1211, #288, #891 ) ;
#799 = VERTEX_POINT ( 'NONE', #1468 ) ;
#800 = CARTESIAN_POINT ( 'NONE',  ( 31.64999999999999858, 0.000000000000000000, -95.60000000000000853 ) ) ;
#801 = LINE ( 'NONE', #1394, #1167 ) ;
#802 = ORIENTED_EDGE ( 'NONE', *, *, #1244, .T. ) ;
#803 = CARTESIAN_POINT ( 'NONE',  ( 32.75000000000000000, -24.04163056034260038, -71.55836943965739749 ) ) ;
#804 = CARTESIAN_POINT ( 'NONE',  ( 25.75000000000000000, 0.000000000000000000, -95.60000000000000853 ) ) ;
#805 = EDGE_CURVE ( 'NONE', #1421, #214, #275, .T. ) ;
#806 = ORIENTED_EDGE ( 'NONE', *, *, #1420, .T. ) ;
#807 = CARTESIAN_POINT ( 'NONE',  ( 32.75000000000000000, 1.567388698824725098E-15, -27.79870000000000019 ) ) ;
#808 = CARTESIAN_POINT ( 'NONE',  ( 25.75000000000000000, 0.000000000000000000, -135.5999999999999943 ) ) ;
#809 = ORIENTED_EDGE ( 'NONE', *, *, #1000, .T. ) ;
#810 = CARTESIAN_POINT ( 'NONE',  ( 25.75000000000000000, -15.00000000000000000, -27.79870000000000019 ) ) ;
#811 = ADVANCED_FACE ( 'NONE', ( #869 ), #877, .F. ) ;
#812 = CARTESIAN_POINT ( 'NONE',  ( 32.75000000000000000, -24.04163056034260038, -119.6416305603426053 ) ) ;
#813 = ORIENTED_EDGE ( 'NONE', *, *, #667, .F. ) ;
#814 = CONICAL_SURFACE ( 'NONE', #1258, 11.49999999999999645, 0.7853981633974405074 ) ;
#815 = CARTESIAN_POINT ( 'NONE',  ( 25.75000000000000000, -25.00000000000000000, -52.29872981077809868 ) ) ;
#816 = DIRECTION ( 'NONE',  ( -1.000000000000000000, 0.000000000000000000, 0.000000000000000000 ) ) ;
#817 = VERTEX_POINT ( 'NONE', #1014 ) ;
#818 = EDGE_CURVE ( 'NONE', #367, #1269, #1611, .T. ) ;
#819 = DIRECTION ( 'NONE',  ( -0.7071067811865425767, -0.3535533905932762844, -0.6123724356957986892 ) ) ;
#820 = AXIS2_PLACEMENT_3D ( 'NONE', #1079, #155, #1670 ) ;
#821 = AXIS2_PLACEMENT_3D ( 'NONE', #366, #1261, #506 ) ;
#822 = DIRECTION ( 'NONE',  ( -1.000000000000000000, 0.000000000000000000, 0.000000000000000000 ) ) ;
#823 = LINE ( 'NONE', #494, #78 ) ;
#824 = AXIS2_PLACEMENT_3D ( 'NONE', #958, #1546, #1123 ) ;
#825 = ORIENTED_EDGE ( 'NONE', *, *, #223, .F. ) ;
#826 = CIRCLE ( 'NONE', #1924, 11.49999999999999645 ) ;
#827 = CARTESIAN_POINT ( 'NONE',  ( 32.75000000000000000, 19.50000000000000000, -61.82500925240680090 ) ) ;
#828 = DIRECTION ( 'NONE',  ( 0.000000000000000000, 0.000000000000000000, -1.000000000000000000 ) ) ;
#829 = VERTEX_POINT ( 'NONE', #402 ) ;
#830 = CARTESIAN_POINT ( 'NONE',  ( 31.75000000000000000, -15.00000000000000000, -27.79870000000000019 ) ) ;
#831 = ADVANCED_FACE ( 'NONE', ( #1003 ), #1634, .T. ) ;
#832 = DIRECTION ( 'NONE',  ( -1.000000000000000000, 0.000000000000000000, 0.000000000000000000 ) ) ;
#833 = VERTEX_POINT ( 'NONE', #881 ) ;
#834 = DIRECTION ( 'NONE',  ( -0.7071067811865500152, 8.659560562354899578E-17, -0.7071067811865450192 ) ) ;
#835 = DIRECTION ( 'NONE',  ( 0.7071067811865380248, -0.7071067811865570096, -2.002666515625373324E-16 ) ) ;
#836 = VERTEX_POINT ( 'NONE', #1482 ) ;
#837 = CARTESIAN_POINT ( 'NONE',  ( 24.75000000000000000, 24.04163056034260038, -71.55836943965739749 ) ) ;
#838 = LINE ( 'NONE', #549, #1754 ) ;
#839 = EDGE_CURVE ( 'NONE', #44, #1523, #1383, .T. ) ;
#840 = ORIENTED_EDGE ( 'NONE', *, *, #471, .F. ) ;
#841 = CARTESIAN_POINT ( 'NONE',  ( 32.75000000000000000, 15.00000000000000000, -52.29872981077809868 ) ) ;
#842 = DIRECTION ( 'NONE',  ( -0.7071067811865570096, 0.7071067811865380248, 0.000000000000000000 ) ) ;
#843 = ORIENTED_EDGE ( 'NONE', *, *, #11, .T. ) ;
#844 = DIRECTION ( 'NONE',  ( 1.000000000000000000, 0.000000000000000000, 0.000000000000000000 ) ) ;
#845 = CIRCLE ( 'NONE', #29, 2.149999999999999023 ) ;
#846 = DIRECTION ( 'NONE',  ( -1.000000000000000000, 0.000000000000000000, 0.000000000000000000 ) ) ;
#847 = AXIS2_PLACEMENT_3D ( 'NONE', #1401, #59, #967 ) ;
#848 = EDGE_CURVE ( 'NONE', #1890, #1237, #1885, .T. ) ;
#849 = VERTEX_POINT ( 'NONE', #1806 ) ;
#850 = CARTESIAN_POINT ( 'NONE',  ( 32.75000000000000000, -25.00000000000000000, -52.29872981077809868 ) ) ;
#851 = AXIS2_PLACEMENT_3D ( 'NONE', #1404, #519, #1273 ) ;
#852 = CARTESIAN_POINT ( 'NONE',  ( 37.00000000000000000, 0.000000000000000000, -66.60000000000000853 ) ) ;
#853 = AXIS2_PLACEMENT_3D ( 'NONE', #603, #145, #290 ) ;
#854 = ORIENTED_EDGE ( 'NONE', *, *, #1156, .F. ) ;
#855 = DIRECTION ( 'NONE',  ( -1.000000000000000000, 0.000000000000000000, 0.000000000000000000 ) ) ;
#856 = VERTEX_POINT ( 'NONE', #1522 ) ;
#857 = AXIS2_PLACEMENT_3D ( 'NONE', #1663, #920, #21 ) ;
#858 = CARTESIAN_POINT ( 'NONE',  ( 25.75000000000000000, 15.00000000000000000, -52.29872981077809868 ) ) ;
#859 = VERTEX_POINT ( 'NONE', #632 ) ;
#860 = CARTESIAN_POINT ( 'NONE',  ( 32.75000000000000000, 1.567388698824725098E-15, -27.79870000000000019 ) ) ;
#861 = DIRECTION ( 'NONE',  ( 0.000000000000000000, 0.000000000000000000, -1.000000000000000000 ) ) ;
#862 = EDGE_CURVE ( 'NONE', #836, #479, #1678, .T. ) ;
#863 = EDGE_LOOP ( 'NONE', ( #778, #1942 ) ) ;
#864 = DIRECTION ( 'NONE',  ( 1.000000000000000000, 0.000000000000000000, 0.000000000000000000 ) ) ;
#865 = CARTESIAN_POINT ( 'NONE',  ( 30.20000000000000284, 24.04163056034260038, -71.55836943965739749 ) ) ;
#866 = ADVANCED_FACE ( 'NONE', ( #904, #942, #1812, #188, #1537, #1059, #158, #1228 ), #170, .T. ) ;
#867 = ORIENTED_EDGE ( 'NONE', *, *, #848, .F. ) ;
#868 = DIRECTION ( 'NONE',  ( 0.000000000000000000, 0.000000000000000000, -1.000000000000000000 ) ) ;
#869 = FACE_OUTER_BOUND ( 'NONE', #534, .T. ) ;
#870 = VERTEX_POINT ( 'NONE', #1823 ) ;
#871 = DIRECTION ( 'NONE',  ( 1.000000000000000000, 0.000000000000000000, 0.000000000000000000 ) ) ;
#872 = EDGE_CURVE ( 'NONE', #523, #214, #1542, .T. ) ;
#873 = DIRECTION ( 'NONE',  ( 1.000000000000000000, 0.000000000000000000, 0.000000000000000000 ) ) ;
#874 = CONICAL_SURFACE ( 'NONE', #787, 10.99999999999999645, 0.7853981633974348453 ) ;
#875 = CIRCLE ( 'NONE', #273, 2.149999999999999023 ) ;
#876 = DIRECTION ( 'NONE',  ( 1.000000000000000000, 0.000000000000000000, 0.000000000000000000 ) ) ;
#877 = CONICAL_SURFACE ( 'NONE', #245, 11.49999999999999645, 0.7853981633974405074 ) ;
#878 = VECTOR ( 'NONE', #204, 1000.000000000000000 ) ;
#879 = EDGE_LOOP ( 'NONE', ( #1234, #740, #66, #1201 ) ) ;
#880 = FACE_OUTER_BOUND ( 'NONE', #1496, .T. ) ;
#881 = CARTESIAN_POINT ( 'NONE',  ( 24.75000000000000000, 24.04163056034260038, -73.70836943965740318 ) ) ;
#882 = ORIENTED_EDGE ( 'NONE', *, *, #556, .F. ) ;
#883 = LINE ( 'NONE', #241, #450 ) ;
#884 = CIRCLE ( 'NONE', #1639, 10.99999999999999645 ) ;
#885 = ORIENTED_EDGE ( 'NONE', *, *, #1478, .T. ) ;
#886 = LINE ( 'NONE', #858, #1628 ) ;
#887 = CIRCLE ( 'NONE', #75, 10.99999999999999645 ) ;
#888 = EDGE_CURVE ( 'NONE', #272, #856, #1674, .T. ) ;
#889 = CARTESIAN_POINT ( 'NONE',  ( 32.75000000000000000, 1.567388698824725098E-15, -27.79870000000000019 ) ) ;
#890 = ORIENTED_EDGE ( 'NONE', *, *, #943, .F. ) ;
#891 = DIRECTION ( 'NONE',  ( 0.000000000000000000, 0.000000000000000000, -1.000000000000000000 ) ) ;
#892 = ORIENTED_EDGE ( 'NONE', *, *, #1680, .F. ) ;
#893 = FACE_OUTER_BOUND ( 'NONE', #1815, .T. ) ;
#894 = DIRECTION ( 'NONE',  ( 0.000000000000000000, 0.000000000000000000, 1.000000000000000000 ) ) ;
#895 = ORIENTED_EDGE ( 'NONE', *, *, #1686, .T. ) ;
#896 = CARTESIAN_POINT ( 'NONE',  ( 37.50000000000000000, -6.959289904604590404, -63.85384615384620588 ) ) ;
#897 = ORIENTED_EDGE ( 'NONE', *, *, #1867, .T. ) ;
#898 = ADVANCED_FACE ( 'NONE', ( #330 ), #753, .T. ) ;
#899 = EDGE_LOOP ( 'NONE', ( #1588, #1688 ) ) ;
#900 = CYLINDRICAL_SURFACE ( 'NONE', #514, 28.99999999999999645 ) ;
#901 = CARTESIAN_POINT ( 'NONE',  ( 32.75000000000000000, -14.00000000000000000, -27.79870000000000019 ) ) ;
#902 = ORIENTED_EDGE ( 'NONE', *, *, #1340, .T. ) ;
#903 = CYLINDRICAL_SURFACE ( 'NONE', #1948, 2.149999999999999023 ) ;
#904 = FACE_BOUND ( 'NONE', #623, .T. ) ;
#905 = CARTESIAN_POINT ( 'NONE',  ( 37.50000000000000000, 0.000000000000000000, -95.60000000000000853 ) ) ;
#906 = ORIENTED_EDGE ( 'NONE', *, *, #1158, .T. ) ;
#907 = VECTOR ( 'NONE', #1367, 1000.000000000000114 ) ;
#908 = LINE ( 'NONE', #936, #1142 ) ;
#909 = ADVANCED_FACE ( 'NONE', ( #640 ), #794, .F. ) ;
#910 = AXIS2_PLACEMENT_3D ( 'NONE', #685, #1738, #1719 ) ;
#911 = VERTEX_POINT ( 'NONE', #1083 ) ;
#912 = CARTESIAN_POINT ( 'NONE',  ( 30.20000000000000284, 1.830687760641405233E-15, -25.64870000000000161 ) ) ;
#913 = CARTESIAN_POINT ( 'NONE',  ( 31.75000000000000000, 1.567388698824725098E-15, -12.79870000000000019 ) ) ;
#914 = CONICAL_SURFACE ( 'NONE', #68, 4.699999999999999289, 0.7853981633974476129 ) ;
#915 = ORIENTED_EDGE ( 'NONE', *, *, #1685, .F. ) ;
#916 = CARTESIAN_POINT ( 'NONE',  ( 32.75000000000000000, 0.000000000000000000, -107.3499999999999943 ) ) ;
#917 = CARTESIAN_POINT ( 'NONE',  ( 27.25000000000000000, 0.000000000000000000, -95.60000000000000853 ) ) ;
#918 = AXIS2_PLACEMENT_3D ( 'NONE', #445, #938, #324 ) ;
#919 = VECTOR ( 'NONE', #207, 1000.000000000000000 ) ;
#920 = DIRECTION ( 'NONE',  ( 1.000000000000000000, 0.000000000000000000, 0.000000000000000000 ) ) ;
#921 = STYLED_ITEM ( 'NONE', ( #1053 ), #1652 ) ;
#922 = DIRECTION ( 'NONE',  ( 0.000000000000000000, 0.000000000000000000, -1.000000000000000000 ) ) ;
#923 = AXIS2_PLACEMENT_3D ( 'NONE', #776, #1219, #2 ) ;
#924 = FACE_OUTER_BOUND ( 'NONE', #328, .T. ) ;
#925 = VERTEX_POINT ( 'NONE', #1517 ) ;
#926 = ADVANCED_FACE ( 'NONE', ( #775 ), #1368, .F. ) ;
#927 = DIRECTION ( 'NONE',  ( 0.000000000000000000, 0.000000000000000000, 1.000000000000000000 ) ) ;
#928 = DIRECTION ( 'NONE',  ( 1.000000000000000000, 0.000000000000000000, 0.000000000000000000 ) ) ;
#929 = ORIENTED_EDGE ( 'NONE', *, *, #398, .T. ) ;
#930 = FACE_OUTER_BOUND ( 'NONE', #300, .T. ) ;
#931 = EDGE_CURVE ( 'NONE', #1223, #716, #493, .T. ) ;
#932 = CARTESIAN_POINT ( 'NONE',  ( 32.75000000000000000, 24.04163056034260038, -71.55836943965739749 ) ) ;
#933 = EDGE_CURVE ( 'NONE', #1880, #683, #1847, .T. ) ;
#934 = CARTESIAN_POINT ( 'NONE',  ( 32.75000000000000000, -25.00000000000000000, -52.29872981077809868 ) ) ;
#935 = DIRECTION ( 'NONE',  ( 0.000000000000000000, 0.000000000000000000, -1.000000000000000000 ) ) ;
#936 = CARTESIAN_POINT ( 'NONE',  ( 25.75000000000000000, -15.00000000000000000, -52.29872981077809868 ) ) ;
#937 = ORIENTED_EDGE ( 'NONE', *, *, #448, .T. ) ;
#938 = DIRECTION ( 'NONE',  ( 0.000000000000000000, 1.000000000000000000, 2.832198147307834952E-16 ) ) ;
#939 = FACE_OUTER_BOUND ( 'NONE', #1431, .T. ) ;
#940 = EDGE_LOOP ( 'NONE', ( #802, #286, #186, #890 ) ) ;
#941 = CARTESIAN_POINT ( 'NONE',  ( 30.20000000000000284, 1.567388698824725098E-15, -27.79870000000000019 ) ) ;
#942 = FACE_BOUND ( 'NONE', #1185, .T. ) ;
#943 = EDGE_CURVE ( 'NONE', #1191, #1701, #687, .T. ) ;
#944 = CARTESIAN_POINT ( 'NONE',  ( 37.00000000000000000, 0.000000000000000000, -95.60000000000000853 ) ) ;
#945 = AXIS2_PLACEMENT_3D ( 'NONE', #721, #1319, #1773 ) ;
#946 = AXIS2_PLACEMENT_3D ( 'NONE', #961, #1946, #1214 ) ;
#947 = ORIENTED_EDGE ( 'NONE', *, *, #1552, .F. ) ;
#948 = DIRECTION ( 'NONE',  ( 0.000000000000000000, 0.000000000000000000, -1.000000000000000000 ) ) ;
#949 = DIRECTION ( 'NONE',  ( 1.000000000000000000, 0.000000000000000000, 0.000000000000000000 ) ) ;
#950 = AXIS2_PLACEMENT_3D ( 'NONE', #1700, #533, #975 ) ;
#951 = EDGE_LOOP ( 'NONE', ( #240, #23 ) ) ;
#952 = FACE_OUTER_BOUND ( 'NONE', #1653, .T. ) ;
#953 = EDGE_CURVE ( 'NONE', #1619, #455, #1168, .T. ) ;
#954 = DIRECTION ( 'NONE',  ( 1.000000000000000000, 0.000000000000000000, 0.000000000000000000 ) ) ;
#955 = AXIS2_PLACEMENT_3D ( 'NONE', #656, #1409, #88 ) ;
#956 = CONICAL_SURFACE ( 'NONE', #646, 35.50000000000000000, 0.7853981633974419507 ) ;
#957 = ORIENTED_EDGE ( 'NONE', *, *, #61, .T. ) ;
#958 = CARTESIAN_POINT ( 'NONE',  ( 37.50000000000000000, -6.959289904604590404, -63.85384615384620588 ) ) ;
#959 = CARTESIAN_POINT ( 'NONE',  ( 32.75000000000000000, 0.000000000000000000, -95.60000000000000853 ) ) ;
#960 = EDGE_LOOP ( 'NONE', ( #1129, #550, #453, #1899 ) ) ;
#961 = CARTESIAN_POINT ( 'NONE',  ( 37.00000000000000000, -6.959289904604590404, -63.85384615384620588 ) ) ;
#962 = DIRECTION ( 'NONE',  ( 1.000000000000000000, 0.000000000000000000, 0.000000000000000000 ) ) ;
#963 = PRODUCT_DEFINITION_CONTEXT ( 'detailed design', #1877, 'design' ) ;
#964 = EDGE_CURVE ( 'NONE', #1384, #870, #1544, .T. ) ;
#965 = ORIENTED_EDGE ( 'NONE', *, *, #1845, .F. ) ;
#966 = DIRECTION ( 'NONE',  ( -0.7071067811865459074, -0.1514141871935099637, -0.6907052511140558959 ) ) ;
#967 = DIRECTION ( 'NONE',  ( 0.000000000000000000, 0.000000000000000000, -1.000000000000000000 ) ) ;
#968 = EDGE_LOOP ( 'NONE', ( #1466, #138, #690, #1282 ) ) ;
#969 = CARTESIAN_POINT ( 'NONE',  ( 32.75000000000000000, 1.567388698824725098E-15, -29.94870000000000232 ) ) ;
#970 = CARTESIAN_POINT ( 'NONE',  ( 32.75000000000000000, -15.00000000000000000, -27.79870000000000019 ) ) ;
#971 = LINE ( 'NONE', #205, #361 ) ;
#972 = EDGE_LOOP ( 'NONE', ( #1545, #163, #897, #412 ) ) ;
#973 = VECTOR ( 'NONE', #557, 1000.000000000000000 ) ;
#974 = DIRECTION ( 'NONE',  ( 0.000000000000000000, -1.734723475976806700E-15, -1.000000000000000000 ) ) ;
#975 = DIRECTION ( 'NONE',  ( 0.000000000000000000, 0.000000000000000000, 1.000000000000000000 ) ) ;
#976 = EDGE_CURVE ( 'NONE', #751, #1880, #1264, .T. ) ;
#977 = CIRCLE ( 'NONE', #633, 10.00000000000000178 ) ;
#978 = VERTEX_POINT ( 'NONE', #1864 ) ;
#979 = FACE_OUTER_BOUND ( 'NONE', #1057, .T. ) ;
#980 = AXIS2_PLACEMENT_3D ( 'NONE', #357, #835, #1851 ) ;
#981 = VECTOR ( 'NONE', #1577, 1000.000000000000000 ) ;
#982 = ORIENTED_EDGE ( 'NONE', *, *, #1391, .F. ) ;
#983 = EDGE_LOOP ( 'NONE', ( #957, #1341 ) ) ;
#984 =( GEOMETRIC_REPRESENTATION_CONTEXT ( 3 ) GLOBAL_UNCERTAINTY_ASSIGNED_CONTEXT ( ( #744 ) ) GLOBAL_UNIT_ASSIGNED_CONTEXT ( ( #591, #441, #1331 ) ) REPRESENTATION_CONTEXT ( 'NONE', 'WORKASPACE' ) );
#985 = CARTESIAN_POINT ( 'NONE',  ( 37.00000000000000000, -7.708751894331239640, -60.43502958579880158 ) ) ;
#986 = LINE ( 'NONE', #808, #568 ) ;
#987 = AXIS2_PLACEMENT_3D ( 'NONE', #522, #35, #795 ) ;
#988 = VERTEX_POINT ( 'NONE', #1256 ) ;
#989 = FACE_OUTER_BOUND ( 'NONE', #159, .T. ) ;
#990 = EDGE_CURVE ( 'NONE', #666, #998, #678, .T. ) ;
#991 = DIRECTION ( 'NONE',  ( 1.000000000000000000, 0.000000000000000000, 0.000000000000000000 ) ) ;
#992 = EDGE_CURVE ( 'NONE', #1237, #1896, #1564, .T. ) ;
#993 = VERTEX_POINT ( 'NONE', #1414 ) ;
#994 = DIRECTION ( 'NONE',  ( 1.000000000000000000, 0.000000000000000000, 0.000000000000000000 ) ) ;
#995 = DIRECTION ( 'NONE',  ( -1.000000000000000000, 0.000000000000000000, 0.000000000000000000 ) ) ;
#996 = EDGE_LOOP ( 'NONE', ( #584, #558, #1251, #1801 ) ) ;
#997 = CARTESIAN_POINT ( 'NONE',  ( 30.20000000000000284, -24.04163056034260038, -69.40836943965740602 ) ) ;
#998 = VERTEX_POINT ( 'NONE', #197 ) ;
#999 = FACE_OUTER_BOUND ( 'NONE', #1748, .T. ) ;
#1000 = EDGE_CURVE ( 'NONE', #295, #1831, #1557, .T. ) ;
#1001 = ORIENTED_EDGE ( 'NONE', *, *, #363, .T. ) ;
#1002 = CARTESIAN_POINT ( 'NONE',  ( 27.25000000000000000, 0.000000000000000000, -95.60000000000000853 ) ) ;
#1003 = FACE_OUTER_BOUND ( 'NONE', #960, .T. ) ;
#1004 = ORIENTED_EDGE ( 'NONE', *, *, #1912, .T. ) ;
#1005 = CARTESIAN_POINT ( 'NONE',  ( 25.75000000000000000, 0.000000000000000000, -67.40000000000000568 ) ) ;
#1006 = AXIS2_PLACEMENT_3D ( 'NONE', #113, #1337, #588 ) ;
#1007 = ORIENTED_EDGE ( 'NONE', *, *, #209, .T. ) ;
#1008 = VECTOR ( 'NONE', #499, 1000.000000000000000 ) ;
#1009 = DIRECTION ( 'NONE',  ( -1.000000000000000000, 0.000000000000000000, 0.000000000000000000 ) ) ;
#1010 = CONICAL_SURFACE ( 'NONE', #698, 4.699999999999995737, 0.7853981633974476129 ) ;
#1011 = EDGE_CURVE ( 'NONE', #693, #746, #279, .T. ) ;
#1012 = ORIENTED_EDGE ( 'NONE', *, *, #1132, .F. ) ;
#1013 = DIRECTION ( 'NONE',  ( -1.000000000000000000, 0.000000000000000000, 0.000000000000000000 ) ) ;
#1014 = CARTESIAN_POINT ( 'NONE',  ( 32.75000000000000000, 0.000000000000000000, -59.60000000000000142 ) ) ;
#1015 = CIRCLE ( 'NONE', #1703, 4.699999999999995737 ) ;
#1016 = ORIENTED_EDGE ( 'NONE', *, *, #862, .T. ) ;
#1017 = EDGE_CURVE ( 'NONE', #833, #799, #604, .T. ) ;
#1018 = CYLINDRICAL_SURFACE ( 'NONE', #386, 10.00000000000000178 ) ;
#1019 = CONICAL_SURFACE ( 'NONE', #390, 4.699999999999995737, 0.7853981633974476129 ) ;
#1020 = EDGE_LOOP ( 'NONE', ( #1012, #1072 ) ) ;
#1021 = DIRECTION ( 'NONE',  ( 0.000000000000000000, 0.000000000000000000, -1.000000000000000000 ) ) ;
#1022 = ORIENTED_EDGE ( 'NONE', *, *, #818, .F. ) ;
#1023 = CARTESIAN_POINT ( 'NONE',  ( 37.50000000000000000, 0.000000000000000000, -60.10000000000000142 ) ) ;
#1024 = CARTESIAN_POINT ( 'NONE',  ( 32.75000000000000000, -24.04163056034260038, -119.6416305603426053 ) ) ;
#1025 = EDGE_CURVE ( 'NONE', #1470, #260, #38, .T. ) ;
#1026 = EDGE_LOOP ( 'NONE', ( #440, #491 ) ) ;
#1027 = DIRECTION ( 'NONE',  ( 0.000000000000000000, 0.000000000000000000, -1.000000000000000000 ) ) ;
#1028 = DIRECTION ( 'NONE',  ( 1.000000000000000000, 0.000000000000000000, 0.000000000000000000 ) ) ;
#1029 = CARTESIAN_POINT ( 'NONE',  ( 28.25000000000000000, 0.000000000000000000, -95.60000000000000853 ) ) ;
#1030 = CYLINDRICAL_SURFACE ( 'NONE', #923, 15.00000000000000000 ) ;
#1031 = ORIENTED_EDGE ( 'NONE', *, *, #1275, .T. ) ;
#1032 = LINE ( 'NONE', #1776, #610 ) ;
#1033 = DIRECTION ( 'NONE',  ( 0.000000000000000000, 0.000000000000000000, -1.000000000000000000 ) ) ;
#1034 = VERTEX_POINT ( 'NONE', #1702 ) ;
#1035 = ADVANCED_FACE ( 'NONE', ( #1872 ), #668, .F. ) ;
#1036 = CARTESIAN_POINT ( 'NONE',  ( 32.75000000000000000, -25.00000000000000000, -52.29872981077809868 ) ) ;
#1037 = SHAPE_DEFINITION_REPRESENTATION ( #54, #1903 ) ;
#1038 = ORIENTED_EDGE ( 'NONE', *, *, #409, .T. ) ;
#1039 = CYLINDRICAL_SURFACE ( 'NONE', #1855, 2.149999999999999023 ) ;
#1040 = AXIS2_PLACEMENT_3D ( 'NONE', #865, #1941, #1465 ) ;
#1041 = AXIS2_PLACEMENT_3D ( 'NONE', #1056, #185, #1343 ) ;
#1042 = AXIS2_PLACEMENT_3D ( 'NONE', #1879, #1118, #692 ) ;
#1043 = ORIENTED_EDGE ( 'NONE', *, *, #1193, .T. ) ;
#1044 = VERTEX_POINT ( 'NONE', #1854 ) ;
#1045 = FACE_OUTER_BOUND ( 'NONE', #1488, .T. ) ;
#1046 = AXIS2_PLACEMENT_3D ( 'NONE', #1335, #844, #1592 ) ;
#1047 = VERTEX_POINT ( 'NONE', #360 ) ;
#1048 = CYLINDRICAL_SURFACE ( 'NONE', #213, 3.500000000000003109 ) ;
#1049 = VECTOR ( 'NONE', #717, 1000.000000000000000 ) ;
#1050 = ADVANCED_FACE ( 'NONE', ( #1881 ), #1721, .T. ) ;
#1051 = CONICAL_SURFACE ( 'NONE', #487, 28.20000000000000284, 0.7853981633974447263 ) ;
#1052 = ORIENTED_EDGE ( 'NONE', *, *, #1892, .T. ) ;
#1053 = PRESENTATION_STYLE_ASSIGNMENT (( #1657 ) ) ;
#1054 = EDGE_LOOP ( 'NONE', ( #982, #1263, #906, #292 ) ) ;
#1055 = CARTESIAN_POINT ( 'NONE',  ( 24.75000000000000000, -24.04163056034260038, -121.7916305603425968 ) ) ;
#1056 = CARTESIAN_POINT ( 'NONE',  ( 32.75000000000000000, 1.567388698824725098E-15, -27.79870000000000019 ) ) ;
#1057 = EDGE_LOOP ( 'NONE', ( #115, #359, #49, #677 ) ) ;
#1058 = FACE_OUTER_BOUND ( 'NONE', #102, .T. ) ;
#1059 = FACE_BOUND ( 'NONE', #337, .T. ) ;
#1060 = EDGE_CURVE ( 'NONE', #1403, #1148, #1202, .T. ) ;
#1061 = ORIENTED_EDGE ( 'NONE', *, *, #303, .F. ) ;
#1062 = DIRECTION ( 'NONE',  ( 0.000000000000000000, 0.000000000000000000, -1.000000000000000000 ) ) ;
#1063 = ORIENTED_EDGE ( 'NONE', *, *, #501, .T. ) ;
#1064 = FACE_BOUND ( 'NONE', #1326, .T. ) ;
#1065 = CARTESIAN_POINT ( 'NONE',  ( 32.75000000000000000, 1.567388698824725098E-15, -13.79870000000000019 ) ) ;
#1066 = ORIENTED_EDGE ( 'NONE', *, *, #303, .T. ) ;
#1067 = DIRECTION ( 'NONE',  ( 0.7071067811865570096, 0.7071067811865380248, 0.000000000000000000 ) ) ;
#1068 = CIRCLE ( 'NONE', #695, 4.699999999999995737 ) ;
#1069 = CARTESIAN_POINT ( 'NONE',  ( 37.00000000000000000, 6.959289904604590404, -63.85384615384620588 ) ) ;
#1070 = VECTOR ( 'NONE', #639, 1000.000000000000000 ) ;
#1071 = ADVANCED_FACE ( 'NONE', ( #979 ), #83, .F. ) ;
#1072 = ORIENTED_EDGE ( 'NONE', *, *, #1478, .F. ) ;
#1073 = AXIS2_PLACEMENT_3D ( 'NONE', #1937, #1324, #711 ) ;
#1074 = DIRECTION ( 'NONE',  ( 0.000000000000000000, 0.000000000000000000, -1.000000000000000000 ) ) ;
#1075 = CONICAL_SURFACE ( 'NONE', #65, 28.20000000000000284, 0.7853981633974447263 ) ;
#1076 = ADVANCED_FACE ( 'NONE', ( #989 ), #1352, .F. ) ;
#1077 = ORIENTED_EDGE ( 'NONE', *, *, #1867, .F. ) ;
#1078 = DIRECTION ( 'NONE',  ( 0.000000000000000000, 0.000000000000000000, 1.000000000000000000 ) ) ;
#1079 = CARTESIAN_POINT ( 'NONE',  ( 32.75000000000000000, 0.000000000000000000, -95.60000000000000853 ) ) ;
#1080 = EDGE_CURVE ( 'NONE', #1804, #1304, #91, .T. ) ;
#1081 = ORIENTED_EDGE ( 'NONE', *, *, #85, .T. ) ;
#1082 = DIRECTION ( 'NONE',  ( 1.000000000000000000, 0.000000000000000000, 0.000000000000000000 ) ) ;
#1083 = CARTESIAN_POINT ( 'NONE',  ( 32.75000000000000000, 24.04163056034260038, -124.3416305603425940 ) ) ;
#1084 = CONICAL_SURFACE ( 'NONE', #70, 14.00000000000000000, 0.7853981633974348453 ) ;
#1085 = CIRCLE ( 'NONE', #485, 10.49999999999999467 ) ;
#1086 = CARTESIAN_POINT ( 'NONE',  ( 25.75000000000000000, -25.00000000000000000, -52.29872981077809868 ) ) ;
#1087 = CARTESIAN_POINT ( 'NONE',  ( 32.75000000000000000, 24.04163056034260038, -73.70836943965740318 ) ) ;
#1088 = LINE ( 'NONE', #305, #322 ) ;
#1089 = VERTEX_POINT ( 'NONE', #1147 ) ;
#1090 = DIRECTION ( 'NONE',  ( 1.000000000000000000, 0.000000000000000000, 0.000000000000000000 ) ) ;
#1091 = CARTESIAN_POINT ( 'NONE',  ( 24.75000000000000000, 14.00000000000000000, -52.29872981077809868 ) ) ;
#1092 = ADVANCED_FACE ( 'NONE', ( #952 ), #914, .F. ) ;
#1093 = ORIENTED_EDGE ( 'NONE', *, *, #1501, .T. ) ;
#1094 = DIRECTION ( 'NONE',  ( 1.000000000000000000, 0.000000000000000000, 0.000000000000000000 ) ) ;
#1095 = DIRECTION ( 'NONE',  ( -0.7071067811865479058, 0.3535533905932739529, -0.6123724356957939152 ) ) ;
#1096 = EDGE_LOOP ( 'NONE', ( #447, #707, #462, #1277 ) ) ;
#1097 = ORIENTED_EDGE ( 'NONE', *, *, #1080, .T. ) ;
#1098 = CARTESIAN_POINT ( 'NONE',  ( 32.75000000000000000, -24.04163056034260038, -66.85836943965740886 ) ) ;
#1099 = LINE ( 'NONE', #605, #537 ) ;
#1100 = ORIENTED_EDGE ( 'NONE', *, *, #1146, .F. ) ;
#1101 = ADVANCED_FACE ( 'NONE', ( #112 ), #554, .F. ) ;
#1102 = CARTESIAN_POINT ( 'NONE',  ( 32.75000000000000000, 1.567388698824725098E-15, -32.49869999999999948 ) ) ;
#1103 = DIRECTION ( 'NONE',  ( 0.000000000000000000, 0.000000000000000000, 1.000000000000000000 ) ) ;
#1104 = AXIS2_PLACEMENT_3D ( 'NONE', #529, #228, #1127 ) ;
#1105 = ORIENTED_EDGE ( 'NONE', *, *, #1656, .T. ) ;
#1106 = CARTESIAN_POINT ( 'NONE',  ( 30.20000000000000284, 24.04163056034260038, -117.4916305603425997 ) ) ;
#1107 = FACE_OUTER_BOUND ( 'NONE', #1307, .T. ) ;
#1108 = AXIS2_PLACEMENT_3D ( 'NONE', #1174, #1747, #592 ) ;
#1109 = EDGE_LOOP ( 'NONE', ( #767, #497, #1931, #1462 ) ) ;
#1110 = DIRECTION ( 'NONE',  ( -1.000000000000000000, 0.000000000000000000, 0.000000000000000000 ) ) ;
#1111 = VECTOR ( 'NONE', #546, 1000.000000000000000 ) ;
#1112 = EDGE_CURVE ( 'NONE', #1191, #998, #251, .T. ) ;
#1113 = CONICAL_SURFACE ( 'NONE', #1417, 3.000000000000002665, 0.7853981633974419507 ) ;
#1114 = AXIS2_PLACEMENT_3D ( 'NONE', #841, #1438, #1737 ) ;
#1115 = CIRCLE ( 'NONE', #391, 10.99999999999999645 ) ;
#1116 = ORIENTED_EDGE ( 'NONE', *, *, #1830, .T. ) ;
#1117 = CARTESIAN_POINT ( 'NONE',  ( 30.20000000000000284, 24.04163056034260038, -121.7916305603425968 ) ) ;
#1118 = DIRECTION ( 'NONE',  ( -1.000000000000000000, 0.000000000000000000, 0.000000000000000000 ) ) ;
#1119 = ORIENTED_EDGE ( 'NONE', *, *, #953, .F. ) ;
#1120 = CARTESIAN_POINT ( 'NONE',  ( 24.75000000000000000, 24.04163056034260038, -119.6416305603426053 ) ) ;
#1121 = CARTESIAN_POINT ( 'NONE',  ( 24.75000000000000000, -14.00000000000000000, -27.79870000000000019 ) ) ;
#1122 = ADVANCED_FACE ( 'NONE', ( #1602 ), #1300, .F. ) ;
#1123 = DIRECTION ( 'NONE',  ( 0.000000000000000000, 0.000000000000000000, -1.000000000000000000 ) ) ;
#1124 = DIRECTION ( 'NONE',  ( 0.000000000000000000, 0.000000000000000000, 1.000000000000000000 ) ) ;
#1125 = ORIENTED_EDGE ( 'NONE', *, *, #510, .T. ) ;
#1126 = DIRECTION ( 'NONE',  ( 0.000000000000000000, 0.000000000000000000, -1.000000000000000000 ) ) ;
#1127 = DIRECTION ( 'NONE',  ( 0.000000000000000000, 0.000000000000000000, -1.000000000000000000 ) ) ;
#1128 = ADVANCED_FACE ( 'NONE', ( #1901, #1918 ), #741, .T. ) ;
#1129 = ORIENTED_EDGE ( 'NONE', *, *, #702, .F. ) ;
#1130 = LINE ( 'NONE', #1699, #1241 ) ;
#1131 = DIRECTION ( 'NONE',  ( 0.000000000000000000, 0.000000000000000000, -1.000000000000000000 ) ) ;
#1132 = EDGE_CURVE ( 'NONE', #263, #978, #221, .T. ) ;
#1133 = AXIS2_PLACEMENT_3D ( 'NONE', #1365, #1500, #1355 ) ;
#1134 = ORIENTED_EDGE ( 'NONE', *, *, #689, .F. ) ;
#1135 = CARTESIAN_POINT ( 'NONE',  ( 32.75000000000000000, -24.04163056034260038, -121.7916305603425968 ) ) ;
#1136 = AXIS2_PLACEMENT_3D ( 'NONE', #1024, #1768, #861 ) ;
#1137 = ADVANCED_FACE ( 'NONE', ( #595 ), #1084, .T. ) ;
#1138 = VECTOR ( 'NONE', #1891, 1000.000000000000000 ) ;
#1139 = DIRECTION ( 'NONE',  ( 0.000000000000000000, 0.000000000000000000, -1.000000000000000000 ) ) ;
#1140 = AXIS2_PLACEMENT_3D ( 'NONE', #1772, #585, #417 ) ;
#1141 = ORIENTED_EDGE ( 'NONE', *, *, #433, .T. ) ;
#1142 = VECTOR ( 'NONE', #1783, 1000.000000000000114 ) ;
#1143 = CARTESIAN_POINT ( 'NONE',  ( 32.75000000000000000, -24.04163056034260038, -124.3416305603425940 ) ) ;
#1144 = CARTESIAN_POINT ( 'NONE',  ( 25.75000000000000000, 1.567388698824725098E-15, -12.79870000000000019 ) ) ;
#1145 = ORIENTED_EDGE ( 'NONE', *, *, #1487, .F. ) ;
#1146 = EDGE_CURVE ( 'NONE', #1336, #911, #883, .T. ) ;
#1147 = CARTESIAN_POINT ( 'NONE',  ( 31.64999999999999858, 0.000000000000000000, -107.3499999999999943 ) ) ;
#1148 = VERTEX_POINT ( 'NONE', #1759 ) ;
#1149 = CYLINDRICAL_SURFACE ( 'NONE', #1164, 10.49999999999999467 ) ;
#1150 = ORIENTED_EDGE ( 'NONE', *, *, #1060, .T. ) ;
#1151 = CARTESIAN_POINT ( 'NONE',  ( 24.75000000000000000, 14.00000000000000000, -27.79870000000000019 ) ) ;
#1152 = CARTESIAN_POINT ( 'NONE',  ( 25.75000000000000000, 15.00000000000000000, -27.79870000000000019 ) ) ;
#1153 = CARTESIAN_POINT ( 'NONE',  ( 32.75000000000000000, 14.00000000000000000, -27.79870000000000019 ) ) ;
#1154 = ORIENTED_EDGE ( 'NONE', *, *, #797, .T. ) ;
#1155 = CARTESIAN_POINT ( 'NONE',  ( 32.75000000000000000, 25.00000000000000000, -52.29872981077809868 ) ) ;
#1156 = EDGE_CURVE ( 'NONE', #1523, #44, #1015, .T. ) ;
#1157 = FACE_OUTER_BOUND ( 'NONE', #1372, .T. ) ;
#1158 = EDGE_CURVE ( 'NONE', #1245, #829, #1484, .T. ) ;
#1159 = ORIENTED_EDGE ( 'NONE', *, *, #1685, .T. ) ;
#1160 = CYLINDRICAL_SURFACE ( 'NONE', #1835, 36.00000000000000000 ) ;
#1161 = DIRECTION ( 'NONE',  ( 1.000000000000000000, 0.000000000000000000, 0.000000000000000000 ) ) ;
#1162 = ORIENTED_EDGE ( 'NONE', *, *, #250, .F. ) ;
#1163 = DIRECTION ( 'NONE',  ( 0.7071067811865480168, 0.000000000000000000, -0.7071067811865470176 ) ) ;
#1164 = AXIS2_PLACEMENT_3D ( 'NONE', #139, #1475, #407 ) ;
#1165 = CONICAL_SURFACE ( 'NONE', #756, 28.99999999999999645, 0.7853981633974419507 ) ;
#1166 = DIRECTION ( 'NONE',  ( 1.000000000000000000, 0.000000000000000000, 0.000000000000000000 ) ) ;
#1167 = VECTOR ( 'NONE', #1562, 1000.000000000000000 ) ;
#1168 = CIRCLE ( 'NONE', #1476, 39.99999999999999289 ) ;
#1169 = EDGE_CURVE ( 'NONE', #1182, #1034, #161, .T. ) ;
#1170 = AXIS2_PLACEMENT_3D ( 'NONE', #1036, #101, #714 ) ;
#1171 = ORIENTED_EDGE ( 'NONE', *, *, #556, .T. ) ;
#1172 = DIRECTION ( 'NONE',  ( 0.7071067811865480168, 0.000000000000000000, -0.7071067811865470176 ) ) ;
#1173 = AXIS2_PLACEMENT_3D ( 'NONE', #435, #1939, #1177 ) ;
#1174 = CARTESIAN_POINT ( 'NONE',  ( 24.75000000000000000, 24.04163056034260038, -119.6416305603426053 ) ) ;
#1175 = AXIS2_PLACEMENT_3D ( 'NONE', #1233, #1829, #484 ) ;
#1176 = EDGE_LOOP ( 'NONE', ( #230, #1063, #1321, #376 ) ) ;
#1177 = DIRECTION ( 'NONE',  ( 0.000000000000000000, 0.000000000000000000, 1.000000000000000000 ) ) ;
#1178 = VECTOR ( 'NONE', #1172, 1000.000000000000000 ) ;
#1179 = CONICAL_SURFACE ( 'NONE', #1298, 39.00000000000000000, 0.7853981633974348453 ) ;
#1180 = DIRECTION ( 'NONE',  ( 0.000000000000000000, 0.000000000000000000, -1.000000000000000000 ) ) ;
#1181 = ADVANCED_FACE ( 'NONE', ( #137 ), #1018, .F. ) ;
#1182 = VERTEX_POINT ( 'NONE', #997 ) ;
#1183 = CARTESIAN_POINT ( 'NONE',  ( 37.50000000000000000, 7.708751894331239640, -60.43502958579880158 ) ) ;
#1184 = DIRECTION ( 'NONE',  ( 0.000000000000000000, 0.000000000000000000, -1.000000000000000000 ) ) ;
#1185 = EDGE_LOOP ( 'NONE', ( #1629, #1886 ) ) ;
#1186 = DIRECTION ( 'NONE',  ( 1.000000000000000000, 0.000000000000000000, 0.000000000000000000 ) ) ;
#1187 = DIRECTION ( 'NONE',  ( 1.000000000000000000, 0.000000000000000000, 0.000000000000000000 ) ) ;
#1188 = CARTESIAN_POINT ( 'NONE',  ( 25.75000000000000000, 1.567388698824725098E-15, -27.79870000000000019 ) ) ;
#1189 = ORIENTED_EDGE ( 'NONE', *, *, #593, .T. ) ;
#1190 = CARTESIAN_POINT ( 'NONE',  ( 27.25000000000000000, 0.000000000000000000, -84.09999999999999432 ) ) ;
#1191 = VERTEX_POINT ( 'NONE', #1443 ) ;
#1192 = CARTESIAN_POINT ( 'NONE',  ( 32.75000000000000000, 1.567388698824725098E-15, -27.79870000000000019 ) ) ;
#1193 = EDGE_CURVE ( 'NONE', #1344, #911, #1481, .T. ) ;
#1194 = ORIENTED_EDGE ( 'NONE', *, *, #783, .F. ) ;
#1195 = CARTESIAN_POINT ( 'NONE',  ( 25.75000000000000000, 0.000000000000000000, -95.60000000000000853 ) ) ;
#1196 = VECTOR ( 'NONE', #1067, 1000.000000000000000 ) ;
#1197 = EDGE_CURVE ( 'NONE', #475, #280, #318, .T. ) ;
#1198 = CIRCLE ( 'NONE', #1569, 3.500000000000003109 ) ;
#1199 = ORIENTED_EDGE ( 'NONE', *, *, #1454, .T. ) ;
#1200 = CARTESIAN_POINT ( 'NONE',  ( 27.25000000000000000, 3.453503973595534807E-15, -123.7999999999999972 ) ) ;
#1201 = ORIENTED_EDGE ( 'NONE', *, *, #720, .F. ) ;
#1202 = CIRCLE ( 'NONE', #1510, 2.149999999999999023 ) ;
#1203 = FACE_BOUND ( 'NONE', #792, .T. ) ;
#1204 = LINE ( 'NONE', #1844, #1008 ) ;
#1205 = ORIENTED_EDGE ( 'NONE', *, *, #797, .F. ) ;
#1206 = EDGE_CURVE ( 'NONE', #587, #508, #673, .T. ) ;
#1207 = DIRECTION ( 'NONE',  ( 1.000000000000000000, 0.000000000000000000, 0.000000000000000000 ) ) ;
#1208 = VECTOR ( 'NONE', #191, 1000.000000000000114 ) ;
#1209 = FACE_OUTER_BOUND ( 'NONE', #1591, .T. ) ;
#1210 = ORIENTED_EDGE ( 'NONE', *, *, #363, .F. ) ;
#1211 = CARTESIAN_POINT ( 'NONE',  ( 32.75000000000000000, 24.04163056034260038, -71.55836943965739749 ) ) ;
#1212 = VERTEX_POINT ( 'NONE', #731 ) ;
#1213 = CARTESIAN_POINT ( 'NONE',  ( 32.75000000000000000, 25.00000000000000000, -52.29872981077809868 ) ) ;
#1214 = DIRECTION ( 'NONE',  ( 0.000000000000000000, -3.469446951953611033E-15, -1.000000000000000000 ) ) ;
#1215 = ORIENTED_EDGE ( 'NONE', *, *, #1011, .T. ) ;
#1216 = CARTESIAN_POINT ( 'NONE',  ( 37.00000000000000000, -6.209827914877940280, -67.27266272189349650 ) ) ;
#1217 = DIRECTION ( 'NONE',  ( -0.7071067811865531239, 8.659560562354858902E-17, -0.7071067811865420216 ) ) ;
#1218 = EDGE_CURVE ( 'NONE', #1868, #1615, #193, .T. ) ;
#1219 = DIRECTION ( 'NONE',  ( -1.000000000000000000, 0.000000000000000000, 0.000000000000000000 ) ) ;
#1220 = VERTEX_POINT ( 'NONE', #1630 ) ;
#1221 = DIRECTION ( 'NONE',  ( 0.000000000000000000, 0.000000000000000000, 1.000000000000000000 ) ) ;
#1222 = EDGE_CURVE ( 'NONE', #455, #295, #131, .T. ) ;
#1223 = VERTEX_POINT ( 'NONE', #165 ) ;
#1224 = DIRECTION ( 'NONE',  ( 0.000000000000000000, 0.000000000000000000, -1.000000000000000000 ) ) ;
#1225 = FACE_OUTER_BOUND ( 'NONE', #1717, .T. ) ;
#1226 = ORIENTED_EDGE ( 'NONE', *, *, #1559, .F. ) ;
#1227 = FACE_OUTER_BOUND ( 'NONE', #1739, .T. ) ;
#1228 = FACE_OUTER_BOUND ( 'NONE', #727, .T. ) ;
#1229 = CYLINDRICAL_SURFACE ( 'NONE', #679, 15.00000000000000000 ) ;
#1230 = DIRECTION ( 'NONE',  ( 0.000000000000000000, 3.552713678800500929E-15, -1.000000000000000000 ) ) ;
#1231 = ADVANCED_FACE ( 'NONE', ( #1385, #27, #298, #770, #1203, #1354, #1798 ), #456, .F. ) ;
#1232 = CIRCLE ( 'NONE', #1474, 28.99999999999999645 ) ;
#1233 = CARTESIAN_POINT ( 'NONE',  ( 24.75000000000000000, -24.04163056034260038, -119.6416305603426053 ) ) ;
#1234 = ORIENTED_EDGE ( 'NONE', *, *, #171, .F. ) ;
#1235 = CARTESIAN_POINT ( 'NONE',  ( 32.75000000000000000, -24.04163056034260038, -71.55836943965739749 ) ) ;
#1236 = CARTESIAN_POINT ( 'NONE',  ( 37.50000000000000000, 0.000000000000000000, 0.000000000000000000 ) ) ;
#1237 = VERTEX_POINT ( 'NONE', #1055 ) ;
#1238 = CARTESIAN_POINT ( 'NONE',  ( 24.75000000000000000, 1.567388698824725098E-15, -27.79870000000000019 ) ) ;
#1239 = DIRECTION ( 'NONE',  ( 0.000000000000000000, 0.000000000000000000, -1.000000000000000000 ) ) ;
#1240 = AXIS2_PLACEMENT_3D ( 'NONE', #41, #624, #1224 ) ;
#1241 = VECTOR ( 'NONE', #384, 1000.000000000000000 ) ;
#1242 = LINE ( 'NONE', #1695, #1268 ) ;
#1243 = VERTEX_POINT ( 'NONE', #1364 ) ;
#1244 = EDGE_CURVE ( 'NONE', #1191, #323, #465, .T. ) ;
#1245 = VERTEX_POINT ( 'NONE', #308 ) ;
#1246 = FACE_OUTER_BOUND ( 'NONE', #968, .T. ) ;
#1247 = LINE ( 'NONE', #780, #310 ) ;
#1248 = ORIENTED_EDGE ( 'NONE', *, *, #375, .F. ) ;
#1249 = CARTESIAN_POINT ( 'NONE',  ( 32.75000000000000000, 15.00000000000000000, -52.29872981077809868 ) ) ;
#1250 = CARTESIAN_POINT ( 'NONE',  ( 25.75000000000000000, -20.00000000000000000, -60.95898384862239539 ) ) ;
#1251 = ORIENTED_EDGE ( 'NONE', *, *, #1379, .F. ) ;
#1252 = CARTESIAN_POINT ( 'NONE',  ( 24.75000000000000000, 0.000000000000000000, -134.5999999999999943 ) ) ;
#1253 = CARTESIAN_POINT ( 'NONE',  ( 32.75000000000000000, 14.00000000000000000, -52.29872981077809868 ) ) ;
#1254 = ORIENTED_EDGE ( 'NONE', *, *, #1427, .F. ) ;
#1255 = EDGE_CURVE ( 'NONE', #1428, #1344, #1788, .T. ) ;
#1256 = CARTESIAN_POINT ( 'NONE',  ( 37.50000000000000000, -7.601685895798850012, -60.92343195266269618 ) ) ;
#1257 = DIRECTION ( 'NONE',  ( 0.000000000000000000, 0.000000000000000000, -1.000000000000000000 ) ) ;
#1258 = AXIS2_PLACEMENT_3D ( 'NONE', #1606, #1009, #733 ) ;
#1259 = EDGE_LOOP ( 'NONE', ( #892, #606, #1793, #79 ) ) ;
#1260 = DIRECTION ( 'NONE',  ( 0.000000000000000000, 0.000000000000000000, -1.000000000000000000 ) ) ;
#1261 = DIRECTION ( 'NONE',  ( 1.000000000000000000, 0.000000000000000000, 0.000000000000000000 ) ) ;
#1262 = AXIS2_PLACEMENT_3D ( 'NONE', #1573, #816, #1888 ) ;
#1263 = ORIENTED_EDGE ( 'NONE', *, *, #650, .F. ) ;
#1264 = LINE ( 'NONE', #969, #1697 ) ;
#1265 = ADVANCED_FACE ( 'NONE', ( #1064, #893 ), #1650, .T. ) ;
#1266 = VECTOR ( 'NONE', #573, 1000.000000000000000 ) ;
#1267 = COLOUR_RGB ( '',0.7921568627450980005, 0.8196078431372548767, 0.9333333333333333481 ) ;
#1268 = VECTOR ( 'NONE', #681, 1000.000000000000000 ) ;
#1269 = VERTEX_POINT ( 'NONE', #912 ) ;
#1270 = DIRECTION ( 'NONE',  ( 1.000000000000000000, 0.000000000000000000, 0.000000000000000000 ) ) ;
#1271 = CARTESIAN_POINT ( 'NONE',  ( 37.50000000000000000, 7.601685895798850012, -60.92343195266269618 ) ) ;
#1272 = EDGE_LOOP ( 'NONE', ( #210, #1366, #885, #233 ) ) ;
#1273 = DIRECTION ( 'NONE',  ( 0.000000000000000000, 0.000000000000000000, -1.000000000000000000 ) ) ;
#1274 = ORIENTED_EDGE ( 'NONE', *, *, #398, .F. ) ;
#1275 = EDGE_CURVE ( 'NONE', #870, #1384, #1733, .T. ) ;
#1276 = EDGE_CURVE ( 'NONE', #1548, #572, #355, .T. ) ;
#1277 = ORIENTED_EDGE ( 'NONE', *, *, #1618, .F. ) ;
#1278 = CARTESIAN_POINT ( 'NONE',  ( 25.75000000000000000, 3.453503973595534807E-15, -123.7999999999999972 ) ) ;
#1279 = CARTESIAN_POINT ( 'NONE',  ( 27.25000000000000000, 0.000000000000000000, -95.60000000000000853 ) ) ;
#1280 = ORIENTED_EDGE ( 'NONE', *, *, #1218, .T. ) ;
#1281 = CARTESIAN_POINT ( 'NONE',  ( -35.00000000000000000, 0.000000000000000000, -95.60000000000000853 ) ) ;
#1282 = ORIENTED_EDGE ( 'NONE', *, *, #267, .T. ) ;
#1283 = EDGE_CURVE ( 'NONE', #437, #1896, #1607, .T. ) ;
#1284 = ORIENTED_EDGE ( 'NONE', *, *, #209, .F. ) ;
#1285 = PLANE ( 'NONE',  #1114 ) ;
#1286 = CARTESIAN_POINT ( 'NONE',  ( 32.75000000000000000, 1.567388698824725098E-15, -32.49869999999999948 ) ) ;
#1287 = CIRCLE ( 'NONE', #1916, 4.699999999999999289 ) ;
#1288 = ORIENTED_EDGE ( 'NONE', *, *, #723, .T. ) ;
#1289 = CARTESIAN_POINT ( 'NONE',  ( 37.50000000000000000, -7.708751894331239640, -60.43502958579880158 ) ) ;
#1290 = AXIS2_PLACEMENT_3D ( 'NONE', #652, #502, #1377 ) ;
#1291 = ORIENTED_EDGE ( 'NONE', *, *, #713, .F. ) ;
#1292 = AXIS2_PLACEMENT_3D ( 'NONE', #7, #615, #779 ) ;
#1293 = ORIENTED_EDGE ( 'NONE', *, *, #1276, .T. ) ;
#1294 = AXIS2_PLACEMENT_3D ( 'NONE', #674, #1270, #373 ) ;
#1295 = DIRECTION ( 'NONE',  ( 0.000000000000000000, 0.000000000000000000, 1.000000000000000000 ) ) ;
#1296 = DIRECTION ( 'NONE',  ( 1.000000000000000000, 0.000000000000000000, 0.000000000000000000 ) ) ;
#1297 = ADVANCED_FACE ( 'NONE', ( #749 ), #900, .F. ) ;
#1298 = AXIS2_PLACEMENT_3D ( 'NONE', #340, #1848, #1103 ) ;
#1299 = ORIENTED_EDGE ( 'NONE', *, *, #463, .T. ) ;
#1300 = CYLINDRICAL_SURFACE ( 'NONE', #283, 2.149999999999999023 ) ;
#1301 = ORIENTED_EDGE ( 'NONE', *, *, #1666, .F. ) ;
#1302 = CARTESIAN_POINT ( 'NONE',  ( 24.75000000000000000, 14.00000000000000000, -27.79870000000000019 ) ) ;
#1303 = ADVANCED_FACE ( 'NONE', ( #335 ), #648, .F. ) ;
#1304 = VERTEX_POINT ( 'NONE', #184 ) ;
#1305 = CARTESIAN_POINT ( 'NONE',  ( 32.75000000000000000, 19.50000000000000000, -61.82500925240680090 ) ) ;
#1306 = LINE ( 'NONE', #432, #216 ) ;
#1307 = EDGE_LOOP ( 'NONE', ( #1189, #1490, #1450, #580, #1399 ) ) ;
#1308 = CARTESIAN_POINT ( 'NONE',  ( 32.75000000000000000, -15.00000000000000000, -52.29872981077809868 ) ) ;
#1309 = ADVANCED_FACE ( 'NONE', ( #1045 ), #1113, .T. ) ;
#1310 = LINE ( 'NONE', #103, #973 ) ;
#1311 = ORIENTED_EDGE ( 'NONE', *, *, #1623, .F. ) ;
#1312 = DIRECTION ( 'NONE',  ( -1.000000000000000000, 0.000000000000000000, 0.000000000000000000 ) ) ;
#1313 = CARTESIAN_POINT ( 'NONE',  ( 30.20000000000000284, 24.04163056034260038, -71.55836943965739749 ) ) ;
#1314 = CONICAL_SURFACE ( 'NONE', #1883, 14.99999999999999645, 0.7853981633974476129 ) ;
#1315 = ORIENTED_EDGE ( 'NONE', *, *, #1495, .T. ) ;
#1316 = CARTESIAN_POINT ( 'NONE',  ( 32.75000000000000000, 1.567388698824725098E-15, -27.79870000000000019 ) ) ;
#1317 = CONICAL_SURFACE ( 'NONE', #1757, 39.99999999999999289, 0.7853981633974518317 ) ;
#1318 = CIRCLE ( 'NONE', #910, 28.20000000000000284 ) ;
#1319 = DIRECTION ( 'NONE',  ( 1.000000000000000000, 0.000000000000000000, 0.000000000000000000 ) ) ;
#1320 = ADVANCED_FACE ( 'NONE', ( #176 ), #765, .F. ) ;
#1321 = ORIENTED_EDGE ( 'NONE', *, *, #931, .F. ) ;
#1322 = DIRECTION ( 'NONE',  ( 0.7071067811865475727, -0.7071067811865475727, 3.504666402344355246E-16 ) ) ;
#1323 = AXIS2_PLACEMENT_3D ( 'NONE', #684, #67, #1725 ) ;
#1324 = DIRECTION ( 'NONE',  ( 0.7071067811865380248, 0.7071067811865570096, -3.504666402344400113E-16 ) ) ;
#1325 = VECTOR ( 'NONE', #1312, 1000.000000000000000 ) ;
#1326 = EDGE_LOOP ( 'NONE', ( #133, #1351 ) ) ;
#1327 = DIRECTION ( 'NONE',  ( 0.000000000000000000, 0.000000000000000000, -1.000000000000000000 ) ) ;
#1328 = LINE ( 'NONE', #252, #536 ) ;
#1329 = EDGE_LOOP ( 'NONE', ( #1375, #1750, #1007, #1293 ) ) ;
#1330 = EDGE_CURVE ( 'NONE', #1615, #621, #884, .T. ) ;
#1331 =( NAMED_UNIT ( * ) SI_UNIT ( $, .STERADIAN. ) SOLID_ANGLE_UNIT ( ) );
#1332 = DIRECTION ( 'NONE',  ( 0.000000000000000000, 0.000000000000000000, -1.000000000000000000 ) ) ;
#1333 = EDGE_LOOP ( 'NONE', ( #1780, #1667, #1860, #1145 ) ) ;
#1334 = EDGE_CURVE ( 'NONE', #1034, #1182, #1764, .T. ) ;
#1335 = CARTESIAN_POINT ( 'NONE',  ( 32.75000000000000000, 0.000000000000000000, -95.60000000000000853 ) ) ;
#1336 = VERTEX_POINT ( 'NONE', #1117 ) ;
#1337 = DIRECTION ( 'NONE',  ( 1.000000000000000000, 0.000000000000000000, 0.000000000000000000 ) ) ;
#1338 = ORIENTED_EDGE ( 'NONE', *, *, #1391, .T. ) ;
#1339 = CYLINDRICAL_SURFACE ( 'NONE', #766, 2.149999999999999023 ) ;
#1340 = EDGE_CURVE ( 'NONE', #998, #1619, #1449, .T. ) ;
#1341 = ORIENTED_EDGE ( 'NONE', *, *, #1565, .T. ) ;
#1342 = CARTESIAN_POINT ( 'NONE',  ( 37.50000000000000000, -6.959289904604590404, -63.85384615384620588 ) ) ;
#1343 = DIRECTION ( 'NONE',  ( 0.000000000000000000, 0.000000000000000000, -1.000000000000000000 ) ) ;
#1344 = VERTEX_POINT ( 'NONE', #1429 ) ;
#1345 = DIRECTION ( 'NONE',  ( 0.000000000000000000, 0.000000000000000000, -1.000000000000000000 ) ) ;
#1346 = DIRECTION ( 'NONE',  ( -1.000000000000000000, 0.000000000000000000, 0.000000000000000000 ) ) ;
#1347 = CONICAL_SURFACE ( 'NONE', #507, 4.699999999999999289, 0.7853981633974476129 ) ;
#1348 = AXIS2_PLACEMENT_3D ( 'NONE', #31, #468, #147 ) ;
#1349 = ORIENTED_EDGE ( 'NONE', *, *, #839, .T. ) ;
#1350 = SURFACE_SIDE_STYLE ('',( #1936 ) ) ;
#1351 = ORIENTED_EDGE ( 'NONE', *, *, #1427, .T. ) ;
#1352 = CONICAL_SURFACE ( 'NONE', #512, 4.699999999999995737, 0.7853981633974476129 ) ;
#1353 = EDGE_CURVE ( 'NONE', #523, #572, #1561, .T. ) ;
#1354 = FACE_BOUND ( 'NONE', #1632, .T. ) ;
#1355 = DIRECTION ( 'NONE',  ( 0.000000000000000000, 0.000000000000000000, -1.000000000000000000 ) ) ;
#1356 = ORIENTED_EDGE ( 'NONE', *, *, #933, .F. ) ;
#1357 = FACE_OUTER_BOUND ( 'NONE', #178, .T. ) ;
#1358 = DIRECTION ( 'NONE',  ( -1.000000000000000000, 0.000000000000000000, 0.000000000000000000 ) ) ;
#1359 = CIRCLE ( 'NONE', #576, 11.74999999999999645 ) ;
#1360 = EDGE_CURVE ( 'NONE', #1220, #978, #505, .T. ) ;
#1361 = ORIENTED_EDGE ( 'NONE', *, *, #650, .T. ) ;
#1362 = DIRECTION ( 'NONE',  ( 0.7071067811865480168, 8.659560562354929160E-17, 0.7071067811865470176 ) ) ;
#1363 = ORIENTED_EDGE ( 'NONE', *, *, #1875, .F. ) ;
#1364 = CARTESIAN_POINT ( 'NONE',  ( 25.75000000000000000, 3.453503973595534807E-15, -123.7999999999999972 ) ) ;
#1365 = CARTESIAN_POINT ( 'NONE',  ( 37.00000000000000000, 0.000000000000000000, -95.60000000000000853 ) ) ;
#1366 = ORIENTED_EDGE ( 'NONE', *, *, #1360, .T. ) ;
#1367 = DIRECTION ( 'NONE',  ( 0.7071067811865474617, 0.7071067811865474617, 0.000000000000000000 ) ) ;
#1368 = CYLINDRICAL_SURFACE ( 'NONE', #382, 2.149999999999999023 ) ;
#1369 = DIRECTION ( 'NONE',  ( -1.000000000000000000, 0.000000000000000000, 0.000000000000000000 ) ) ;
#1370 = CARTESIAN_POINT ( 'NONE',  ( 32.75000000000000000, -24.04163056034260038, -114.9416305603426025 ) ) ;
#1371 = CARTESIAN_POINT ( 'NONE',  ( 27.25000000000000000, 3.453503973595534807E-15, -123.7999999999999972 ) ) ;
#1372 = EDGE_LOOP ( 'NONE', ( #672, #1741, #1456, #1679 ) ) ;
#1373 = DIRECTION ( 'NONE',  ( -1.000000000000000000, 0.000000000000000000, 0.000000000000000000 ) ) ;
#1374 = DIRECTION ( 'NONE',  ( -1.000000000000000000, 0.000000000000000000, 0.000000000000000000 ) ) ;
#1375 = ORIENTED_EDGE ( 'NONE', *, *, #1353, .F. ) ;
#1376 = DIRECTION ( 'NONE',  ( 0.000000000000000000, 0.000000000000000000, -1.000000000000000000 ) ) ;
#1377 = DIRECTION ( 'NONE',  ( 0.000000000000000000, 1.000000000000000000, 0.000000000000000000 ) ) ;
#1378 = CIRCLE ( 'NONE', #243, 28.20000000000000284 ) ;
#1379 = EDGE_CURVE ( 'NONE', #1615, #859, #1422, .T. ) ;
#1380 = DIRECTION ( 'NONE',  ( 0.000000000000000000, 3.552713678800500929E-15, -1.000000000000000000 ) ) ;
#1381 = CIRCLE ( 'NONE', #946, 3.500000000000003109 ) ;
#1382 = EDGE_LOOP ( 'NONE', ( #1154, #1159, #10, #758 ) ) ;
#1383 = CIRCLE ( 'NONE', #791, 4.699999999999995737 ) ;
#1384 = VERTEX_POINT ( 'NONE', #1098 ) ;
#1385 = FACE_BOUND ( 'NONE', #983, .T. ) ;
#1386 = DIRECTION ( 'NONE',  ( 1.000000000000000000, 0.000000000000000000, 0.000000000000000000 ) ) ;
#1387 = ORIENTED_EDGE ( 'NONE', *, *, #1813, .T. ) ;
#1388 = DIRECTION ( 'NONE',  ( 0.000000000000000000, 0.000000000000000000, -1.000000000000000000 ) ) ;
#1389 = AXIS2_PLACEMENT_3D ( 'NONE', #1749, #1457, #1327 ) ;
#1390 = DIRECTION ( 'NONE',  ( 0.000000000000000000, 0.000000000000000000, -1.000000000000000000 ) ) ;
#1391 = EDGE_CURVE ( 'NONE', #1243, #1837, #498, .T. ) ;
#1392 = VERTEX_POINT ( 'NONE', #80 ) ;
#1393 = CARTESIAN_POINT ( 'NONE',  ( 32.75000000000000000, 14.00000000000000000, -52.29872981077809868 ) ) ;
#1394 = CARTESIAN_POINT ( 'NONE',  ( 32.75000000000000000, -20.00000000000000000, -60.95898384862239539 ) ) ;
#1395 = ADVANCED_FACE ( 'NONE', ( #1246 ), #574, .T. ) ;
#1396 = ORIENTED_EDGE ( 'NONE', *, *, #1360, .F. ) ;
#1397 = CARTESIAN_POINT ( 'NONE',  ( 32.75000000000000000, 24.04163056034260038, -71.55836943965739749 ) ) ;
#1398 = FACE_OUTER_BOUND ( 'NONE', #1852, .T. ) ;
#1399 = ORIENTED_EDGE ( 'NONE', *, *, #706, .T. ) ;
#1400 = DIRECTION ( 'NONE',  ( 1.000000000000000000, 0.000000000000000000, 0.000000000000000000 ) ) ;
#1401 = CARTESIAN_POINT ( 'NONE',  ( 24.75000000000000000, 0.000000000000000000, -95.60000000000000853 ) ) ;
#1402 = ADVANCED_FACE ( 'NONE', ( #342 ), #1795, .F. ) ;
#1403 = VERTEX_POINT ( 'NONE', #365 ) ;
#1404 = CARTESIAN_POINT ( 'NONE',  ( 24.75000000000000000, 0.000000000000000000, -95.60000000000000853 ) ) ;
#1405 = DIRECTION ( 'NONE',  ( 0.000000000000000000, 0.000000000000000000, -1.000000000000000000 ) ) ;
#1406 = CIRCLE ( 'NONE', #306, 35.99999999999999289 ) ;
#1407 = CIRCLE ( 'NONE', #474, 14.99999999999999645 ) ;
#1408 = EDGE_LOOP ( 'NONE', ( #1907, #545, #1708, #1031 ) ) ;
#1409 = DIRECTION ( 'NONE',  ( -1.000000000000000000, 0.000000000000000000, 0.000000000000000000 ) ) ;
#1410 = PLANE ( 'NONE',  #980 ) ;
#1411 = AXIS2_PLACEMENT_3D ( 'NONE', #1726, #1555, #828 ) ;
#1412 = EDGE_LOOP ( 'NONE', ( #127, #182, #1043, #1100 ) ) ;
#1413 = EDGE_CURVE ( 'NONE', #988, #393, #1668, .T. ) ;
#1414 = CARTESIAN_POINT ( 'NONE',  ( 37.00000000000000000, 6.209827914877940280, -67.27266272189349650 ) ) ;
#1415 = EDGE_CURVE ( 'NONE', #911, #1344, #1922, .T. ) ;
#1416 = DIRECTION ( 'NONE',  ( 1.000000000000000000, 0.000000000000000000, 0.000000000000000000 ) ) ;
#1417 = AXIS2_PLACEMENT_3D ( 'NONE', #1342, #759, #927 ) ;
#1418 = CARTESIAN_POINT ( 'NONE',  ( 30.20000000000000284, -24.04163056034260038, -121.7916305603425968 ) ) ;
#1419 = VECTOR ( 'NONE', #231, 1000.000000000000227 ) ;
#1420 = EDGE_CURVE ( 'NONE', #1044, #993, #1843, .T. ) ;
#1421 = VERTEX_POINT ( 'NONE', #1718 ) ;
#1422 = LINE ( 'NONE', #827, #73 ) ;
#1423 = CARTESIAN_POINT ( 'NONE',  ( 32.75000000000000000, 24.04163056034260038, -121.7916305603425968 ) ) ;
#1424 = ORIENTED_EDGE ( 'NONE', *, *, #745, .F. ) ;
#1425 = DIRECTION ( 'NONE',  ( 0.000000000000000000, 0.000000000000000000, -1.000000000000000000 ) ) ;
#1426 = DIRECTION ( 'NONE',  ( 1.000000000000000000, 0.000000000000000000, 0.000000000000000000 ) ) ;
#1427 = EDGE_CURVE ( 'NONE', #280, #475, #1085, .T. ) ;
#1428 = VERTEX_POINT ( 'NONE', #1106 ) ;
#1429 = CARTESIAN_POINT ( 'NONE',  ( 32.75000000000000000, 24.04163056034260038, -114.9416305603426025 ) ) ;
#1430 = FACE_OUTER_BOUND ( 'NONE', #1925, .T. ) ;
#1431 = EDGE_LOOP ( 'NONE', ( #1765, #1194, #1433, #13 ) ) ;
#1432 = DIRECTION ( 'NONE',  ( 0.000000000000000000, 0.000000000000000000, -1.000000000000000000 ) ) ;
#1433 = ORIENTED_EDGE ( 'NONE', *, *, #1146, .T. ) ;
#1434 = LINE ( 'NONE', #1087, #754 ) ;
#1435 = EDGE_CURVE ( 'NONE', #1220, #1089, #547, .T. ) ;
#1436 = EDGE_LOOP ( 'NONE', ( #1141, #111, #1810, #118 ) ) ;
#1437 = CIRCLE ( 'NONE', #696, 35.99999999999999289 ) ;
#1438 = DIRECTION ( 'NONE',  ( 0.000000000000000000, -1.000000000000000000, 4.956346757788709441E-16 ) ) ;
#1439 = FACE_OUTER_BOUND ( 'NONE', #430, .T. ) ;
#1440 = AXIS2_PLACEMENT_3D ( 'NONE', #1236, #928, #1682 ) ;
#1441 = ORIENTED_EDGE ( 'NONE', *, *, #682, .T. ) ;
#1442 = ADVANCED_FACE ( 'NONE', ( #219 ), #452, .F. ) ;
#1443 = CARTESIAN_POINT ( 'NONE',  ( 31.75000000000000000, -15.00000000000000000, -52.29872981077809868 ) ) ;
#1444 = AXIS2_PLACEMENT_3D ( 'NONE', #1279, #995, #208 ) ;
#1445 = AXIS2_PLACEMENT_3D ( 'NONE', #1397, #234, #53 ) ;
#1446 = ORIENTED_EDGE ( 'NONE', *, *, #839, .F. ) ;
#1447 = LINE ( 'NONE', #1302, #408 ) ;
#1448 = AXIS2_PLACEMENT_3D ( 'NONE', #62, #1110, #509 ) ;
#1449 = CIRCLE ( 'NONE', #40, 10.00000000000000178 ) ;
#1450 = ORIENTED_EDGE ( 'NONE', *, *, #1222, .T. ) ;
#1451 = AXIS2_PLACEMENT_3D ( 'NONE', #582, #1322, #728 ) ;
#1452 = CYLINDRICAL_SURFACE ( 'NONE', #105, 28.99999999999999645 ) ;
#1453 = DIRECTION ( 'NONE',  ( 0.000000000000000000, 0.000000000000000000, -1.000000000000000000 ) ) ;
#1454 = EDGE_CURVE ( 'NONE', #621, #1223, #194, .T. ) ;
#1455 = CIRCLE ( 'NONE', #1769, 10.99999999999999645 ) ;
#1456 = ORIENTED_EDGE ( 'NONE', *, *, #1, .T. ) ;
#1457 = DIRECTION ( 'NONE',  ( 1.000000000000000000, 0.000000000000000000, 0.000000000000000000 ) ) ;
#1458 = CARTESIAN_POINT ( 'NONE',  ( 31.75000000000000000, 15.00000000000000000, -27.79870000000000019 ) ) ;
#1459 = ORIENTED_EDGE ( 'NONE', *, *, #1709, .T. ) ;
#1460 = DIRECTION ( 'NONE',  ( 0.000000000000000000, 0.000000000000000000, -1.000000000000000000 ) ) ;
#1461 = CARTESIAN_POINT ( 'NONE',  ( 27.25000000000000000, 0.000000000000000000, -95.60000000000000853 ) ) ;
#1462 = ORIENTED_EDGE ( 'NONE', *, *, #990, .F. ) ;
#1463 = EDGE_CURVE ( 'NONE', #1269, #849, #1130, .T. ) ;
#1464 = DIRECTION ( 'NONE',  ( 1.000000000000000000, 0.000000000000000000, 0.000000000000000000 ) ) ;
#1465 = DIRECTION ( 'NONE',  ( 0.000000000000000000, 0.000000000000000000, -1.000000000000000000 ) ) ;
#1466 = ORIENTED_EDGE ( 'NONE', *, *, #1813, .F. ) ;
#1467 = DIRECTION ( 'NONE',  ( 1.000000000000000000, 0.000000000000000000, 0.000000000000000000 ) ) ;
#1468 = CARTESIAN_POINT ( 'NONE',  ( 24.75000000000000000, 24.04163056034260038, -69.40836943965740602 ) ) ;
#1469 = CIRCLE ( 'NONE', #152, 10.49999999999999467 ) ;
#1470 = VERTEX_POINT ( 'NONE', #1252 ) ;
#1471 = DIRECTION ( 'NONE',  ( 0.000000000000000000, 0.000000000000000000, -1.000000000000000000 ) ) ;
#1472 = CIRCLE ( 'NONE', #1133, 28.99999999999999645 ) ;
#1473 = EDGE_CURVE ( 'NONE', #1804, #988, #1554, .T. ) ;
#1474 = AXIS2_PLACEMENT_3D ( 'NONE', #248, #739, #414 ) ;
#1475 = DIRECTION ( 'NONE',  ( 1.000000000000000000, 0.000000000000000000, 0.000000000000000000 ) ) ;
#1476 = AXIS2_PLACEMENT_3D ( 'NONE', #694, #962, #1425 ) ;
#1477 = DIRECTION ( 'NONE',  ( 0.000000000000000000, 0.000000000000000000, 1.000000000000000000 ) ) ;
#1478 = EDGE_CURVE ( 'NONE', #978, #263, #1359, .T. ) ;
#1479 = VERTEX_POINT ( 'NONE', #1861 ) ;
#1480 = DIRECTION ( 'NONE',  ( 0.000000000000000000, 0.000000000000000000, 1.000000000000000000 ) ) ;
#1481 = CIRCLE ( 'NONE', #1389, 4.699999999999995737 ) ;
#1482 = CARTESIAN_POINT ( 'NONE',  ( 24.75000000000000000, 14.00000000000000000, -27.79870000000000019 ) ) ;
#1483 = ORIENTED_EDGE ( 'NONE', *, *, #1283, .F. ) ;
#1484 = LINE ( 'NONE', #1005, #1266 ) ;
#1485 = ORIENTED_EDGE ( 'NONE', *, *, #628, .F. ) ;
#1486 = DIRECTION ( 'NONE',  ( -1.000000000000000000, 0.000000000000000000, 0.000000000000000000 ) ) ;
#1487 = EDGE_CURVE ( 'NONE', #569, #1245, #424, .T. ) ;
#1488 = EDGE_LOOP ( 'NONE', ( #1643, #1563, #755, #1274 ) ) ;
#1489 = DIRECTION ( 'NONE',  ( 1.000000000000000000, 0.000000000000000000, 0.000000000000000000 ) ) ;
#1490 = ORIENTED_EDGE ( 'NONE', *, *, #953, .T. ) ;
#1491 = DIRECTION ( 'NONE',  ( 1.000000000000000000, 0.000000000000000000, 0.000000000000000000 ) ) ;
#1492 = ORIENTED_EDGE ( 'NONE', *, *, #236, .T. ) ;
#1493 = CARTESIAN_POINT ( 'NONE',  ( 24.75000000000000000, 1.830687760641405233E-15, -25.64870000000000161 ) ) ;
#1494 = DIRECTION ( 'NONE',  ( 0.000000000000000000, 0.000000000000000000, 1.000000000000000000 ) ) ;
#1495 = EDGE_CURVE ( 'NONE', #611, #1191, #1766, .T. ) ;
#1496 = EDGE_LOOP ( 'NONE', ( #266, #1846, #1736, #1587 ) ) ;
#1497 = DIRECTION ( 'NONE',  ( 1.000000000000000000, 0.000000000000000000, 0.000000000000000000 ) ) ;
#1498 = EDGE_LOOP ( 'NONE', ( #843, #1171, #709, #1593 ) ) ;
#1499 = DIRECTION ( 'NONE',  ( -1.000000000000000000, 0.000000000000000000, 0.000000000000000000 ) ) ;
#1500 = DIRECTION ( 'NONE',  ( 1.000000000000000000, 0.000000000000000000, 0.000000000000000000 ) ) ;
#1501 = EDGE_CURVE ( 'NONE', #1637, #693, #1610, .T. ) ;
#1502 = VERTEX_POINT ( 'NONE', #1767 ) ;
#1503 = DIRECTION ( 'NONE',  ( 0.000000000000000000, 0.000000000000000000, -1.000000000000000000 ) ) ;
#1504 = CIRCLE ( 'NONE', #1911, 3.000000000000002665 ) ;
#1505 = DIRECTION ( 'NONE',  ( -1.000000000000000000, 0.000000000000000000, 0.000000000000000000 ) ) ;
#1506 = AXIS2_PLACEMENT_3D ( 'NONE', #1617, #1756, #1033 ) ;
#1507 = ORIENTED_EDGE ( 'NONE', *, *, #578, .T. ) ;
#1508 = LINE ( 'NONE', #768, #1640 ) ;
#1509 = EDGE_LOOP ( 'NONE', ( #1575, #71, #52, #1672, #1758 ) ) ;
#1510 = AXIS2_PLACEMENT_3D ( 'NONE', #1120, #535, #1126 ) ;
#1511 = CARTESIAN_POINT ( 'NONE',  ( 37.50000000000000000, 0.000000000000000000, -95.60000000000000853 ) ) ;
#1512 = DIRECTION ( 'NONE',  ( 1.000000000000000000, 0.000000000000000000, 0.000000000000000000 ) ) ;
#1513 = EDGE_CURVE ( 'NONE', #856, #598, #826, .T. ) ;
#1514 = AXIS2_PLACEMENT_3D ( 'NONE', #1818, #1681, #16 ) ;
#1515 = ORIENTED_EDGE ( 'NONE', *, *, #1836, .T. ) ;
#1516 = CARTESIAN_POINT ( 'NONE',  ( 28.25000000000000000, 0.000000000000000000, -95.60000000000000853 ) ) ;
#1517 = CARTESIAN_POINT ( 'NONE',  ( 32.75000000000000000, -6.209827914877940280, -67.27266272189349650 ) ) ;
#1518 = AXIS2_PLACEMENT_3D ( 'NONE', #264, #1467, #1460 ) ;
#1519 = CIRCLE ( 'NONE', #1895, 14.00000000000000178 ) ;
#1520 = ORIENTED_EDGE ( 'NONE', *, *, #530, .F. ) ;
#1521 = DIRECTION ( 'NONE',  ( -1.000000000000000000, 0.000000000000000000, 0.000000000000000000 ) ) ;
#1522 = CARTESIAN_POINT ( 'NONE',  ( 27.25000000000000000, 1.408343819019455979E-15, -107.0999999999999943 ) ) ;
#1523 = VERTEX_POINT ( 'NONE', #1143 ) ;
#1524 = DIRECTION ( 'NONE',  ( 0.7071067811865480168, 8.659560562354929160E-17, 0.7071067811865470176 ) ) ;
#1525 = DIRECTION ( 'NONE',  ( 0.000000000000000000, 0.000000000000000000, -1.000000000000000000 ) ) ;
#1526 = VERTEX_POINT ( 'NONE', #1616 ) ;
#1527 = ADVANCED_FACE ( 'NONE', ( #1897 ), #644, .F. ) ;
#1528 = CARTESIAN_POINT ( 'NONE',  ( 31.75000000000000000, -15.00000000000000000, -27.79870000000000019 ) ) ;
#1529 = DIRECTION ( 'NONE',  ( 1.000000000000000000, 0.000000000000000000, 0.000000000000000000 ) ) ;
#1530 = DIRECTION ( 'NONE',  ( 0.000000000000000000, 0.000000000000000000, -1.000000000000000000 ) ) ;
#1531 = FACE_OUTER_BOUND ( 'NONE', #387, .T. ) ;
#1532 = ORIENTED_EDGE ( 'NONE', *, *, #1473, .T. ) ;
#1533 = CARTESIAN_POINT ( 'NONE',  ( 32.75000000000000000, 24.04163056034260038, -114.9416305603426025 ) ) ;
#1534 = CARTESIAN_POINT ( 'NONE',  ( 25.75000000000000000, 0.000000000000000000, -135.5999999999999943 ) ) ;
#1535 = ORIENTED_EDGE ( 'NONE', *, *, #282, .F. ) ;
#1536 = CARTESIAN_POINT ( 'NONE',  ( 24.75000000000000000, 14.00000000000000000, -52.29872981077809868 ) ) ;
#1537 = FACE_BOUND ( 'NONE', #345, .T. ) ;
#1538 = VECTOR ( 'NONE', #269, 1000.000000000000000 ) ;
#1539 = LINE ( 'NONE', #1250, #579 ) ;
#1540 = ADVANCED_FACE ( 'NONE', ( #880 ), #700, .F. ) ;
#1541 = CONICAL_SURFACE ( 'NONE', #1696, 4.699999999999995737, 0.7853981633974476129 ) ;
#1542 = CIRCLE ( 'NONE', #1920, 14.99999999999999645 ) ;
#1543 = EDGE_CURVE ( 'NONE', #508, #200, #1755, .T. ) ;
#1544 = CIRCLE ( 'NONE', #1728, 4.699999999999995737 ) ;
#1545 = ORIENTED_EDGE ( 'NONE', *, *, #1709, .F. ) ;
#1546 = DIRECTION ( 'NONE',  ( 1.000000000000000000, 0.000000000000000000, 0.000000000000000000 ) ) ;
#1547 = FACE_OUTER_BOUND ( 'NONE', #972, .T. ) ;
#1548 = VERTEX_POINT ( 'NONE', #1152 ) ;
#1549 = DIRECTION ( 'NONE',  ( 1.000000000000000000, 0.000000000000000000, 0.000000000000000000 ) ) ;
#1550 = CARTESIAN_POINT ( 'NONE',  ( 24.75000000000000000, 25.00000000000000000, -52.29872981077809868 ) ) ;
#1551 = CIRCLE ( 'NONE', #1800, 14.99999999999999645 ) ;
#1552 = EDGE_CURVE ( 'NONE', #1421, #1479, #254, .T. ) ;
#1553 = ORIENTED_EDGE ( 'NONE', *, *, #95, .F. ) ;
#1554 = LINE ( 'NONE', #985, #1419 ) ;
#1555 = DIRECTION ( 'NONE',  ( 1.000000000000000000, 0.000000000000000000, 0.000000000000000000 ) ) ;
#1556 = ORIENTED_EDGE ( 'NONE', *, *, #409, .F. ) ;
#1557 = LINE ( 'NONE', #72, #511 ) ;
#1558 = CARTESIAN_POINT ( 'NONE',  ( 24.75000000000000000, -24.04163056034260038, -117.4916305603425997 ) ) ;
#1559 = EDGE_CURVE ( 'NONE', #1212, #746, #1589, .T. ) ;
#1560 = EDGE_LOOP ( 'NONE', ( #1553, #748, #614, #1311 ) ) ;
#1561 = LINE ( 'NONE', #525, #919 ) ;
#1562 = DIRECTION ( 'NONE',  ( -1.000000000000000000, 0.000000000000000000, 0.000000000000000000 ) ) ;
#1563 = ORIENTED_EDGE ( 'NONE', *, *, #1413, .F. ) ;
#1564 = LINE ( 'NONE', #1135, #1138 ) ;
#1565 = EDGE_CURVE ( 'NONE', #1837, #829, #517, .T. ) ;
#1566 = DIRECTION ( 'NONE',  ( 1.000000000000000000, 0.000000000000000000, 0.000000000000000000 ) ) ;
#1567 = CARTESIAN_POINT ( 'NONE',  ( 30.20000000000000284, 1.567388698824725098E-15, -29.94870000000000232 ) ) ;
#1568 = DIRECTION ( 'NONE',  ( 0.7071067811865475727, 0.7071067811865475727, 2.002666515625346700E-16 ) ) ;
#1569 = AXIS2_PLACEMENT_3D ( 'NONE', #1662, #1082, #1673 ) ;
#1570 = AXIS2_PLACEMENT_3D ( 'NONE', #1627, #1906, #1915 ) ;
#1571 = ORIENTED_EDGE ( 'NONE', *, *, #259, .T. ) ;
#1572 = DIRECTION ( 'NONE',  ( -0.7071067811865567876, 0.3535533905932684018, 0.6123724356957869208 ) ) ;
#1573 = CARTESIAN_POINT ( 'NONE',  ( 37.50000000000000000, 0.000000000000000000, -95.60000000000000853 ) ) ;
#1574 = VECTOR ( 'NONE', #346, 1000.000000000000000 ) ;
#1575 = ORIENTED_EDGE ( 'NONE', *, *, #190, .T. ) ;
#1576 = ADVANCED_FACE ( 'NONE', ( #413 ), #676, .F. ) ;
#1577 = DIRECTION ( 'NONE',  ( 0.000000000000000000, -2.832198147307834952E-16, 1.000000000000000000 ) ) ;
#1578 = ORIENTED_EDGE ( 'NONE', *, *, #736, .T. ) ;
#1579 = VECTOR ( 'NONE', #1524, 1000.000000000000000 ) ;
#1580 = CIRCLE ( 'NONE', #577, 28.20000000000000284 ) ;
#1581 = EDGE_LOOP ( 'NONE', ( #840, #947, #1609, #527 ) ) ;
#1582 = DIRECTION ( 'NONE',  ( 0.000000000000000000, 0.000000000000000000, -1.000000000000000000 ) ) ;
#1583 = CARTESIAN_POINT ( 'NONE',  ( 31.75000000000000000, 0.000000000000000000, -95.60000000000000853 ) ) ;
#1584 = ORIENTED_EDGE ( 'NONE', *, *, #1858, .T. ) ;
#1585 = CARTESIAN_POINT ( 'NONE',  ( 32.75000000000000000, 24.04163056034260038, -71.55836943965739749 ) ) ;
#1586 = ADVANCED_FACE ( 'NONE', ( #1887 ), #1160, .T. ) ;
#1587 = ORIENTED_EDGE ( 'NONE', *, *, #862, .F. ) ;
#1588 = ORIENTED_EDGE ( 'NONE', *, *, #74, .T. ) ;
#1589 = LINE ( 'NONE', #247, #1734 ) ;
#1590 = PLANE ( 'NONE',  #1073 ) ;
#1591 = EDGE_LOOP ( 'NONE', ( #1134, #1647, #1940, #1532 ) ) ;
#1592 = DIRECTION ( 'NONE',  ( 0.000000000000000000, 0.000000000000000000, -1.000000000000000000 ) ) ;
#1593 = ORIENTED_EDGE ( 'NONE', *, *, #1080, .F. ) ;
#1594 = FACE_OUTER_BOUND ( 'NONE', #879, .T. ) ;
#1595 = ADVANCED_FACE ( 'NONE', ( #1746 ), #1452, .F. ) ;
#1596 = ORIENTED_EDGE ( 'NONE', *, *, #1693, .F. ) ;
#1597 = VECTOR ( 'NONE', #777, 1000.000000000000000 ) ;
#1598 = DIRECTION ( 'NONE',  ( -0.7071067811865520136, 0.000000000000000000, 0.7071067811865431318 ) ) ;
#1599 = CARTESIAN_POINT ( 'NONE',  ( 32.75000000000000000, 1.830687760641405233E-15, -25.64870000000000161 ) ) ;
#1600 = AXIS2_PLACEMENT_3D ( 'NONE', #314, #607, #169 ) ;
#1601 = ORIENTED_EDGE ( 'NONE', *, *, #61, .F. ) ;
#1602 = FACE_OUTER_BOUND ( 'NONE', #1560, .T. ) ;
#1603 = VECTOR ( 'NONE', #718, 1000.000000000000000 ) ;
#1604 = AXIS2_PLACEMENT_3D ( 'NONE', #837, #211, #1730 ) ;
#1605 = ORIENTED_EDGE ( 'NONE', *, *, #593, .F. ) ;
#1606 = CARTESIAN_POINT ( 'NONE',  ( 27.25000000000000000, 0.000000000000000000, -95.60000000000000853 ) ) ;
#1607 = CIRCLE ( 'NONE', #1240, 2.149999999999999023 ) ;
#1608 = EDGE_CURVE ( 'NONE', #1770, #1502, #710, .T. ) ;
#1609 = ORIENTED_EDGE ( 'NONE', *, *, #805, .T. ) ;
#1610 = LINE ( 'NONE', #394, #1178 ) ;
#1611 = LINE ( 'NONE', #1599, #1603 ) ;
#1612 = EDGE_LOOP ( 'NONE', ( #1081, #403, #1807, #712 ) ) ;
#1613 = CARTESIAN_POINT ( 'NONE',  ( 32.75000000000000000, -24.04163056034260038, -119.6416305603426053 ) ) ;
#1614 = DIRECTION ( 'NONE',  ( 1.000000000000000000, 0.000000000000000000, 0.000000000000000000 ) ) ;
#1615 = VERTEX_POINT ( 'NONE', #1305 ) ;
#1616 = CARTESIAN_POINT ( 'NONE',  ( 24.75000000000000000, -24.04163056034260038, -73.70836943965740318 ) ) ;
#1617 = CARTESIAN_POINT ( 'NONE',  ( 30.20000000000000284, 24.04163056034260038, -119.6416305603426053 ) ) ;
#1618 = EDGE_CURVE ( 'NONE', #1034, #870, #1032, .T. ) ;
#1619 = VERTEX_POINT ( 'NONE', #1626 ) ;
#1620 = DIRECTION ( 'NONE',  ( -1.000000000000000000, 0.000000000000000000, 0.000000000000000000 ) ) ;
#1621 = ADVANCED_FACE ( 'NONE', ( #691 ), #1285, .F. ) ;
#1622 = CARTESIAN_POINT ( 'NONE',  ( 32.75000000000000000, 24.04163056034260038, -69.40836943965740602 ) ) ;
#1623 = EDGE_CURVE ( 'NONE', #1526, #1034, #24, .T. ) ;
#1624 = CARTESIAN_POINT ( 'NONE',  ( 27.25000000000000000, 0.000000000000000000, -95.60000000000000853 ) ) ;
#1625 = ORIENTED_EDGE ( 'NONE', *, *, #86, .T. ) ;
#1626 = CARTESIAN_POINT ( 'NONE',  ( 25.75000000000000000, -20.00000000000000000, -60.95898384862239539 ) ) ;
#1627 = CARTESIAN_POINT ( 'NONE',  ( 24.75000000000000000, 1.567388698824725098E-15, -27.79870000000000019 ) ) ;
#1628 = VECTOR ( 'NONE', #262, 1000.000000000000000 ) ;
#1629 = ORIENTED_EDGE ( 'NONE', *, *, #543, .F. ) ;
#1630 = CARTESIAN_POINT ( 'NONE',  ( 31.64999999999999858, 1.438959988998139963E-15, -83.84999999999999432 ) ) ;
#1631 = VECTOR ( 'NONE', #166, 1000.000000000000114 ) ;
#1632 = EDGE_LOOP ( 'NONE', ( #249, #626 ) ) ;
#1633 = ADVANCED_FACE ( 'NONE', ( #296 ), #1019, .F. ) ;
#1634 = CONICAL_SURFACE ( 'NONE', #757, 39.99999999999999289, 0.7853981633974518317 ) ;
#1635 = LINE ( 'NONE', #242, #1820 ) ;
#1636 = FACE_OUTER_BOUND ( 'NONE', #1329, .T. ) ;
#1637 = VERTEX_POINT ( 'NONE', #174 ) ;
#1638 = CYLINDRICAL_SURFACE ( 'NONE', #798, 2.149999999999999023 ) ;
#1639 = AXIS2_PLACEMENT_3D ( 'NONE', #1213, #1373, #489 ) ;
#1640 = VECTOR ( 'NONE', #1362, 1000.000000000000000 ) ;
#1641 = ORIENTED_EDGE ( 'NONE', *, *, #645, .T. ) ;
#1642 = DIRECTION ( 'NONE',  ( 0.000000000000000000, 0.000000000000000000, -1.000000000000000000 ) ) ;
#1643 = ORIENTED_EDGE ( 'NONE', *, *, #285, .T. ) ;
#1644 = LINE ( 'NONE', #1528, #1196 ) ;
#1645 = ADVANCED_FACE ( 'NONE', ( #924 ), #1339, .F. ) ;
#1646 = DIRECTION ( 'NONE',  ( 0.000000000000000000, 0.000000000000000000, 1.000000000000000000 ) ) ;
#1647 = ORIENTED_EDGE ( 'NONE', *, *, #1543, .T. ) ;
#1648 = PRODUCT_DEFINITION ( 'General', '', #548, #963 ) ;
#1649 = ORIENTED_EDGE ( 'NONE', *, *, #326, .F. ) ;
#1650 = PLANE ( 'NONE',  #5 ) ;
#1651 = CARTESIAN_POINT ( 'NONE',  ( 28.25000000000000000, 1.285879139104722014E-15, -85.09999999999999432 ) ) ;
#1652 = MANIFOLD_SOLID_BREP ( 'NONE', #473 ) ;
#1653 = EDGE_LOOP ( 'NONE', ( #1248, #659, #1125, #1356 ) ) ;
#1654 = CARTESIAN_POINT ( 'NONE',  ( 37.00000000000000000, 0.000000000000000000, -95.60000000000000853 ) ) ;
#1655 = ORIENTED_EDGE ( 'NONE', *, *, #55, .T. ) ;
#1656 = EDGE_CURVE ( 'NONE', #260, #601, #887, .T. ) ;
#1657 = SURFACE_STYLE_USAGE ( .BOTH. , #1350 ) ;
#1658 = ORIENTED_EDGE ( 'NONE', *, *, #888, .F. ) ;
#1659 = DIRECTION ( 'NONE',  ( 1.000000000000000000, 0.000000000000000000, 0.000000000000000000 ) ) ;
#1660 = DIRECTION ( 'NONE',  ( 1.000000000000000000, 0.000000000000000000, 0.000000000000000000 ) ) ;
#1661 = VERTEX_POINT ( 'NONE', #1371 ) ;
#1662 = CARTESIAN_POINT ( 'NONE',  ( 32.75000000000000000, -6.959289904604590404, -63.85384615384620588 ) ) ;
#1663 = CARTESIAN_POINT ( 'NONE',  ( 32.75000000000000000, 1.567388698824725098E-15, -27.79870000000000019 ) ) ;
#1664 = VECTOR ( 'NONE', #239, 1000.000000000000227 ) ;
#1665 = DIRECTION ( 'NONE',  ( 1.000000000000000000, 0.000000000000000000, 0.000000000000000000 ) ) ;
#1666 = EDGE_CURVE ( 'NONE', #1661, #1243, #747, .T. ) ;
#1667 = ORIENTED_EDGE ( 'NONE', *, *, #1666, .T. ) ;
#1668 = CIRCLE ( 'NONE', #824, 3.000000000000002665 ) ;
#1669 = CARTESIAN_POINT ( 'NONE',  ( 31.64999999999999858, 0.000000000000000000, -95.60000000000000853 ) ) ;
#1670 = DIRECTION ( 'NONE',  ( 0.000000000000000000, 0.000000000000000000, -1.000000000000000000 ) ) ;
#1671 = AXIS2_PLACEMENT_3D ( 'NONE', #1914, #570, #274 ) ;
#1672 = ORIENTED_EDGE ( 'NONE', *, *, #1413, .T. ) ;
#1673 = DIRECTION ( 'NONE',  ( 0.000000000000000000, 0.000000000000000000, -1.000000000000000000 ) ) ;
#1674 = LINE ( 'NONE', #45, #415 ) ;
#1675 = CIRCLE ( 'NONE', #1707, 3.500000000000003109 ) ;
#1676 = FACE_OUTER_BOUND ( 'NONE', #1778, .T. ) ;
#1677 = DIRECTION ( 'NONE',  ( 1.000000000000000000, 0.000000000000000000, 0.000000000000000000 ) ) ;
#1678 = LINE ( 'NONE', #1151, #189 ) ;
#1679 = ORIENTED_EDGE ( 'NONE', *, *, #578, .F. ) ;
#1680 = EDGE_CURVE ( 'NONE', #1392, #1182, #1088, .T. ) ;
#1681 = DIRECTION ( 'NONE',  ( 1.000000000000000000, 0.000000000000000000, 0.000000000000000000 ) ) ;
#1682 = DIRECTION ( 'NONE',  ( 0.000000000000000000, 1.000000000000000000, 0.000000000000000000 ) ) ;
#1683 = ORIENTED_EDGE ( 'NONE', *, *, #1244, .F. ) ;
#1684 = LINE ( 'NONE', #1216, #1070 ) ;
#1685 = EDGE_CURVE ( 'NONE', #719, #1047, #150, .T. ) ;
#1686 = EDGE_CURVE ( 'NONE', #998, #601, #908, .T. ) ;
#1687 = DIRECTION ( 'NONE',  ( 0.7071067811865480168, 0.000000000000000000, -0.7071067811865470176 ) ) ;
#1688 = ORIENTED_EDGE ( 'NONE', *, *, #95, .T. ) ;
#1689 = DIRECTION ( 'NONE',  ( -1.000000000000000000, 0.000000000000000000, 0.000000000000000000 ) ) ;
#1690 = FACE_OUTER_BOUND ( 'NONE', #1509, .T. ) ;
#1691 = ORIENTED_EDGE ( 'NONE', *, *, #1836, .F. ) ;
#1692 = DIRECTION ( 'NONE',  ( -1.000000000000000000, 0.000000000000000000, 0.000000000000000000 ) ) ;
#1693 = EDGE_CURVE ( 'NONE', #1237, #1890, #284, .T. ) ;
#1694 = CIRCLE ( 'NONE', #665, 11.74999999999999645 ) ;
#1695 = CARTESIAN_POINT ( 'NONE',  ( -35.00000000000000000, 0.000000000000000000, -106.0999999999999943 ) ) ;
#1696 = AXIS2_PLACEMENT_3D ( 'NONE', #1809, #1660, #309 ) ;
#1697 = VECTOR ( 'NONE', #660, 1000.000000000000000 ) ;
#1698 = EDGE_LOOP ( 'NONE', ( #256, #730 ) ) ;
#1699 = CARTESIAN_POINT ( 'NONE',  ( 32.75000000000000000, 2.142972694423979782E-15, -23.09870000000000090 ) ) ;
#1700 = CARTESIAN_POINT ( 'NONE',  ( 32.75000000000000000, 0.000000000000000000, -95.60000000000000853 ) ) ;
#1701 = VERTEX_POINT ( 'NONE', #134 ) ;
#1702 = CARTESIAN_POINT ( 'NONE',  ( 30.20000000000000284, -24.04163056034260038, -73.70836943965740318 ) ) ;
#1703 = AXIS2_PLACEMENT_3D ( 'NONE', #1613, #1464, #261 ) ;
#1704 = AXIS2_PLACEMENT_3D ( 'NONE', #1878, #356, #948 ) ;
#1705 = ADVANCED_FACE ( 'NONE', ( #738 ), #1638, .F. ) ;
#1706 = FACE_OUTER_BOUND ( 'NONE', #304, .T. ) ;
#1707 = AXIS2_PLACEMENT_3D ( 'NONE', #1069, #1369, #302 ) ;
#1708 = ORIENTED_EDGE ( 'NONE', *, *, #1618, .T. ) ;
#1709 = EDGE_CURVE ( 'NONE', #437, #44, #1508, .T. ) ;
#1710 = DIRECTION ( 'NONE',  ( 0.000000000000000000, 0.000000000000000000, 1.000000000000000000 ) ) ;
#1711 = DIRECTION ( 'NONE',  ( -1.000000000000000000, 0.000000000000000000, 0.000000000000000000 ) ) ;
#1712 = ORIENTED_EDGE ( 'NONE', *, *, #1656, .F. ) ;
#1713 = CARTESIAN_POINT ( 'NONE',  ( 32.75000000000000000, 1.567388698824725098E-15, -27.79870000000000019 ) ) ;
#1714 = CARTESIAN_POINT ( 'NONE',  ( 31.64999999999999858, 0.000000000000000000, -95.60000000000000853 ) ) ;
#1715 = CARTESIAN_POINT ( 'NONE',  ( 24.75000000000000000, 1.567388698824725098E-15, -27.79870000000000019 ) ) ;
#1716 = EDGE_CURVE ( 'NONE', #1661, #569, #1580, .T. ) ;
#1717 = EDGE_LOOP ( 'NONE', ( #806, #699, #1291, #307 ) ) ;
#1718 = CARTESIAN_POINT ( 'NONE',  ( 32.75000000000000000, 14.00000000000000000, -27.79870000000000019 ) ) ;
#1719 = DIRECTION ( 'NONE',  ( 0.000000000000000000, 0.000000000000000000, -1.000000000000000000 ) ) ;
#1720 = ORIENTED_EDGE ( 'NONE', *, *, #1011, .F. ) ;
#1721 = CYLINDRICAL_SURFACE ( 'NONE', #1448, 36.00000000000000000 ) ;
#1722 = DIRECTION ( 'NONE',  ( 1.000000000000000000, 0.000000000000000000, 0.000000000000000000 ) ) ;
#1723 = CIRCLE ( 'NONE', #1041, 4.699999999999999289 ) ;
#1724 = ORIENTED_EDGE ( 'NONE', *, *, #378, .F. ) ;
#1725 = DIRECTION ( 'NONE',  ( 0.000000000000000000, 0.000000000000000000, -1.000000000000000000 ) ) ;
#1726 = CARTESIAN_POINT ( 'NONE',  ( 37.50000000000000000, 0.000000000000000000, -95.60000000000000853 ) ) ;
#1727 = ADVANCED_FACE ( 'NONE', ( #1816 ), #472, .F. ) ;
#1728 = AXIS2_PLACEMENT_3D ( 'NONE', #803, #1549, #224 ) ;
#1729 = ORIENTED_EDGE ( 'NONE', *, *, #713, .T. ) ;
#1730 = DIRECTION ( 'NONE',  ( 0.000000000000000000, 0.000000000000000000, -1.000000000000000000 ) ) ;
#1731 = PRODUCT ( 'ASV1_400_08A_1_1.STEP', 'ASV1_400_08A_1_1.STEP', '', ( #555 ) ) ;
#1732 = ORIENTED_EDGE ( 'NONE', *, *, #378, .T. ) ;
#1733 = CIRCLE ( 'NONE', #1832, 4.699999999999995737 ) ;
#1734 = VECTOR ( 'NONE', #257, 1000.000000000000000 ) ;
#1735 = AXIS2_PLACEMENT_3D ( 'NONE', #812, #954, #1257 ) ;
#1736 = ORIENTED_EDGE ( 'NONE', *, *, #388, .F. ) ;
#1737 = DIRECTION ( 'NONE',  ( -1.000000000000000000, 0.000000000000000000, 0.000000000000000000 ) ) ;
#1738 = DIRECTION ( 'NONE',  ( -1.000000000000000000, 0.000000000000000000, 0.000000000000000000 ) ) ;
#1739 = EDGE_LOOP ( 'NONE', ( #1775, #504, #1119, #697 ) ) ;
#1740 = DIRECTION ( 'NONE',  ( 1.000000000000000000, 0.000000000000000000, 0.000000000000000000 ) ) ;
#1741 = ORIENTED_EDGE ( 'NONE', *, *, #180, .T. ) ;
#1742 = ADVANCED_FACE ( 'NONE', ( #1859 ), #1051, .F. ) ;
#1743 = FACE_OUTER_BOUND ( 'NONE', #1272, .T. ) ;
#1744 = UNCERTAINTY_MEASURE_WITH_UNIT (LENGTH_MEASURE( 1.000000000000000082E-05 ), #670, 'distance_accuracy_value', 'NONE');
#1745 = ORIENTED_EDGE ( 'NONE', *, *, #1934, .F. ) ;
#1746 = FACE_OUTER_BOUND ( 'NONE', #6, .T. ) ;
#1747 = DIRECTION ( 'NONE',  ( 1.000000000000000000, 0.000000000000000000, 0.000000000000000000 ) ) ;
#1748 = EDGE_LOOP ( 'NONE', ( #60, #383, #434, #1254 ) ) ;
#1749 = CARTESIAN_POINT ( 'NONE',  ( 32.75000000000000000, 24.04163056034260038, -119.6416305603426053 ) ) ;
#1750 = ORIENTED_EDGE ( 'NONE', *, *, #872, .T. ) ;
#1751 = FACE_OUTER_BOUND ( 'NONE', #1259, .T. ) ;
#1752 = ADVANCED_FACE ( 'NONE', ( #1636 ), #1229, .T. ) ;
#1753 = VERTEX_POINT ( 'NONE', #589 ) ;
#1754 = VECTOR ( 'NONE', #1665, 1000.000000000000000 ) ;
#1755 = LINE ( 'NONE', #1023, #1894 ) ;
#1756 = DIRECTION ( 'NONE',  ( 1.000000000000000000, 0.000000000000000000, 0.000000000000000000 ) ) ;
#1757 = AXIS2_PLACEMENT_3D ( 'NONE', #1195, #1822, #1345 ) ;
#1758 = ORIENTED_EDGE ( 'NONE', *, *, #667, .T. ) ;
#1759 = CARTESIAN_POINT ( 'NONE',  ( 24.75000000000000000, 24.04163056034260038, -121.7916305603425968 ) ) ;
#1760 = VECTOR ( 'NONE', #1819, 1000.000000000000000 ) ;
#1761 = AXIS2_PLACEMENT_3D ( 'NONE', #917, #1346, #608 ) ;
#1762 = DIRECTION ( 'NONE',  ( 0.000000000000000000, 0.000000000000000000, -1.000000000000000000 ) ) ;
#1763 = EDGE_CURVE ( 'NONE', #572, #666, #1551, .T. ) ;
#1764 = CIRCLE ( 'NONE', #104, 2.149999999999999023 ) ;
#1765 = ORIENTED_EDGE ( 'NONE', *, *, #1255, .F. ) ;
#1766 = CIRCLE ( 'NONE', #1671, 10.00000000000000178 ) ;
#1767 = CARTESIAN_POINT ( 'NONE',  ( 32.75000000000000000, 7.708751894331239640, -60.43502958579880158 ) ) ;
#1768 = DIRECTION ( 'NONE',  ( 1.000000000000000000, 0.000000000000000000, 0.000000000000000000 ) ) ;
#1769 = AXIS2_PLACEMENT_3D ( 'NONE', #934, #641, #198 ) ;
#1770 = VERTEX_POINT ( 'NONE', #148 ) ;
#1771 = ADVANCED_FACE ( 'NONE', ( #270 ), #1030, .T. ) ;
#1772 = CARTESIAN_POINT ( 'NONE',  ( 30.20000000000000284, -24.04163056034260038, -71.55836943965739749 ) ) ;
#1773 = DIRECTION ( 'NONE',  ( 0.000000000000000000, 0.000000000000000000, -1.000000000000000000 ) ) ;
#1774 = APPLICATION_CONTEXT ( 'automotive_design' ) ;
#1775 = ORIENTED_EDGE ( 'NONE', *, *, #1025, .F. ) ;
#1776 = CARTESIAN_POINT ( 'NONE',  ( 32.75000000000000000, -24.04163056034260038, -76.25836943965740033 ) ) ;
#1777 = CARTESIAN_POINT ( 'NONE',  ( 25.75000000000000000, 15.00000000000000000, -52.29872981077809868 ) ) ;
#1778 = EDGE_LOOP ( 'NONE', ( #153, #1596, #196, #1584 ) ) ;
#1779 = DIRECTION ( 'NONE',  ( 0.000000000000000000, 0.000000000000000000, -1.000000000000000000 ) ) ;
#1780 = ORIENTED_EDGE ( 'NONE', *, *, #1716, .F. ) ;
#1781 = DIRECTION ( 'NONE',  ( 1.000000000000000000, 0.000000000000000000, 0.000000000000000000 ) ) ;
#1782 = ORIENTED_EDGE ( 'NONE', *, *, #992, .F. ) ;
#1783 = DIRECTION ( 'NONE',  ( -0.7071067811865474617, 0.7071067811865474617, 0.000000000000000000 ) ) ;
#1784 = CARTESIAN_POINT ( 'NONE',  ( 32.75000000000000000, 24.04163056034260038, -66.85836943965740886 ) ) ;
#1785 = AXIS2_PLACEMENT_3D ( 'NONE', #76, #680, #235 ) ;
#1786 = ORIENTED_EDGE ( 'NONE', *, *, #1197, .F. ) ;
#1787 = EDGE_CURVE ( 'NONE', #1770, #993, #1675, .T. ) ;
#1788 = LINE ( 'NONE', #1533, #1579 ) ;
#1789 = CIRCLE ( 'NONE', #347, 2.149999999999999023 ) ;
#1790 = EDGE_LOOP ( 'NONE', ( #1424, #470, #297, #1904 ) ) ;
#1791 = CONICAL_SURFACE ( 'NONE', #1042, 35.50000000000000000, 0.7853981633974419507 ) ;
#1792 = CARTESIAN_POINT ( 'NONE',  ( 24.75000000000000000, -14.00000000000000000, -27.79870000000000019 ) ) ;
#1793 = ORIENTED_EDGE ( 'NONE', *, *, #1623, .T. ) ;
#1794 = DIRECTION ( 'NONE',  ( 1.000000000000000000, 0.000000000000000000, 0.000000000000000000 ) ) ;
#1795 = CONICAL_SURFACE ( 'NONE', #955, 10.00000000000000178, 0.7853981633974476129 ) ;
#1796 = MECHANICAL_DESIGN_GEOMETRIC_PRESENTATION_REPRESENTATION (  '', ( #921 ), #984 ) ;
#1797 = ORIENTED_EDGE ( 'NONE', *, *, #20, .F. ) ;
#1798 = FACE_OUTER_BOUND ( 'NONE', #143, .T. ) ;
#1799 = DIRECTION ( 'NONE',  ( 0.000000000000000000, 0.000000000000000000, -1.000000000000000000 ) ) ;
#1800 = AXIS2_PLACEMENT_3D ( 'NONE', #1188, #429, #317 ) ;
#1801 = ORIENTED_EDGE ( 'NONE', *, *, #1218, .F. ) ;
#1802 = DIRECTION ( 'NONE',  ( 0.000000000000000000, 0.000000000000000000, 1.000000000000000000 ) ) ;
#1803 = ADVANCED_FACE ( 'NONE', ( #1209 ), #956, .T. ) ;
#1804 = VERTEX_POINT ( 'NONE', #469 ) ;
#1805 = DIRECTION ( 'NONE',  ( 0.000000000000000000, 0.000000000000000000, -1.000000000000000000 ) ) ;
#1806 = CARTESIAN_POINT ( 'NONE',  ( 32.75000000000000000, 2.142972694423979782E-15, -23.09870000000000090 ) ) ;
#1807 = ORIENTED_EDGE ( 'NONE', *, *, #1112, .F. ) ;
#1808 = CARTESIAN_POINT ( 'NONE',  ( 30.20000000000000284, -24.04163056034260038, -71.55836943965739749 ) ) ;
#1809 = CARTESIAN_POINT ( 'NONE',  ( 32.75000000000000000, -24.04163056034260038, -119.6416305603426053 ) ) ;
#1810 = ORIENTED_EDGE ( 'NONE', *, *, #1763, .T. ) ;
#1811 = FACE_OUTER_BOUND ( 'NONE', #467, .T. ) ;
#1812 = FACE_BOUND ( 'NONE', #617, .T. ) ;
#1813 = EDGE_CURVE ( 'NONE', #1479, #416, #106, .T. ) ;
#1814 = DIRECTION ( 'NONE',  ( 0.000000000000000000, 0.000000000000000000, 1.000000000000000000 ) ) ;
#1815 = EDGE_LOOP ( 'NONE', ( #594, #97 ) ) ;
#1816 = FACE_OUTER_BOUND ( 'NONE', #1109, .T. ) ;
#1817 = ORIENTED_EDGE ( 'NONE', *, *, #463, .F. ) ;
#1818 = CARTESIAN_POINT ( 'NONE',  ( 25.75000000000000000, 1.567388698824725098E-15, -27.79870000000000019 ) ) ;
#1819 = DIRECTION ( 'NONE',  ( -1.000000000000000000, 0.000000000000000000, 0.000000000000000000 ) ) ;
#1820 = VECTOR ( 'NONE', #1486, 1000.000000000000000 ) ;
#1821 = ORIENTED_EDGE ( 'NONE', *, *, #1420, .F. ) ;
#1822 = DIRECTION ( 'NONE',  ( 1.000000000000000000, 0.000000000000000000, 0.000000000000000000 ) ) ;
#1823 = CARTESIAN_POINT ( 'NONE',  ( 32.75000000000000000, -24.04163056034260038, -76.25836943965740033 ) ) ;
#1824 = VECTOR ( 'NONE', #42, 1000.000000000000000 ) ;
#1825 = CIRCLE ( 'NONE', #1108, 2.149999999999999023 ) ;
#1826 = CYLINDRICAL_SURFACE ( 'NONE', #520, 11.74999999999999645 ) ;
#1827 = EDGE_CURVE ( 'NONE', #598, #856, #255, .T. ) ;
#1828 = DIRECTION ( 'NONE',  ( 0.000000000000000000, 0.000000000000000000, -1.000000000000000000 ) ) ;
#1829 = DIRECTION ( 'NONE',  ( 1.000000000000000000, 0.000000000000000000, 0.000000000000000000 ) ) ;
#1830 = EDGE_CURVE ( 'NONE', #289, #666, #77, .T. ) ;
#1831 = VERTEX_POINT ( 'NONE', #784 ) ;
#1832 = AXIS2_PLACEMENT_3D ( 'NONE', #1235, #154, #1642 ) ;
#1833 = CARTESIAN_POINT ( 'NONE',  ( 25.75000000000000000, 0.000000000000000000, -95.60000000000000853 ) ) ;
#1834 = LINE ( 'NONE', #1065, #1824 ) ;
#1835 = AXIS2_PLACEMENT_3D ( 'NONE', #98, #1013, #1480 ) ;
#1836 = EDGE_CURVE ( 'NONE', #479, #1831, #1115, .T. ) ;
#1837 = VERTEX_POINT ( 'NONE', #349 ) ;
#1838 = DIRECTION ( 'NONE',  ( 1.000000000000000000, 0.000000000000000000, 0.000000000000000000 ) ) ;
#1839 = AXIS2_PLACEMENT_3D ( 'NONE', #496, #1568, #654 ) ;
#1840 = DIRECTION ( 'NONE',  ( 1.000000000000000000, 0.000000000000000000, 0.000000000000000000 ) ) ;
#1841 = DIRECTION ( 'NONE',  ( 0.000000000000000000, 0.000000000000000000, -1.000000000000000000 ) ) ;
#1842 = ORIENTED_EDGE ( 'NONE', *, *, #1193, .F. ) ;
#1843 = LINE ( 'NONE', #201, #132 ) ;
#1844 = CARTESIAN_POINT ( 'NONE',  ( 31.75000000000000000, 15.00000000000000000, -52.29872981077809868 ) ) ;
#1845 = EDGE_CURVE ( 'NONE', #200, #1770, #167, .T. ) ;
#1846 = ORIENTED_EDGE ( 'NONE', *, *, #199, .F. ) ;
#1847 = LINE ( 'NONE', #1102, #1574 ) ;
#1848 = DIRECTION ( 'NONE',  ( -1.000000000000000000, 0.000000000000000000, 0.000000000000000000 ) ) ;
#1849 = EDGE_LOOP ( 'NONE', ( #1199, #1520, #1863, #203 ) ) ;
#1850 = DIRECTION ( 'NONE',  ( -1.000000000000000000, 0.000000000000000000, 0.000000000000000000 ) ) ;
#1851 = DIRECTION ( 'NONE',  ( 0.000000000000000000, 2.832198147307834952E-16, -1.000000000000000000 ) ) ;
#1852 = EDGE_LOOP ( 'NONE', ( #1396, #30, #1578, #686 ) ) ;
#1853 = EDGE_CURVE ( 'NONE', #1619, #260, #1539, .T. ) ;
#1854 = CARTESIAN_POINT ( 'NONE',  ( 37.50000000000000000, 6.316893913410320138, -66.78426035502960190 ) ) ;
#1855 = AXIS2_PLACEMENT_3D ( 'NONE', #419, #1614, #1021 ) ;
#1856 = DIRECTION ( 'NONE',  ( 0.000000000000000000, 0.000000000000000000, -1.000000000000000000 ) ) ;
#1857 = AXIS2_PLACEMENT_3D ( 'NONE', #1516, #597, #1802 ) ;
#1858 = EDGE_CURVE ( 'NONE', #1896, #437, #735, .T. ) ;
#1859 = FACE_OUTER_BOUND ( 'NONE', #629, .T. ) ;
#1860 = ORIENTED_EDGE ( 'NONE', *, *, #1909, .T. ) ;
#1861 = CARTESIAN_POINT ( 'NONE',  ( 32.75000000000000000, 1.567388698824725098E-15, -13.79870000000000019 ) ) ;
#1862 = CARTESIAN_POINT ( 'NONE',  ( 25.75000000000000000, 0.000000000000000000, -95.60000000000000853 ) ) ;
#1863 = ORIENTED_EDGE ( 'NONE', *, *, #805, .F. ) ;
#1864 = CARTESIAN_POINT ( 'NONE',  ( 32.75000000000000000, 1.438959988998139963E-15, -83.84999999999999432 ) ) ;
#1865 = AXIS2_PLACEMENT_3D ( 'NONE', #551, #994, #124 ) ;
#1866 = DIRECTION ( 'NONE',  ( -1.000000000000000000, 0.000000000000000000, 0.000000000000000000 ) ) ;
#1867 = EDGE_CURVE ( 'NONE', #1896, #1523, #971, .T. ) ;
#1868 = VERTEX_POINT ( 'NONE', #64 ) ;
#1869 = CARTESIAN_POINT ( 'NONE',  ( 31.64999999999999858, 1.438959988998139963E-15, -83.84999999999999432 ) ) ;
#1870 = FACE_OUTER_BOUND ( 'NONE', #334, .T. ) ;
#1871 = EDGE_LOOP ( 'NONE', ( #809, #1691, #464, #57 ) ) ;
#1872 = FACE_OUTER_BOUND ( 'NONE', #772, .T. ) ;
#1873 = CARTESIAN_POINT ( 'NONE',  ( 32.75000000000000000, -24.04163056034260038, -66.85836943965740886 ) ) ;
#1874 = APPLICATION_PROTOCOL_DEFINITION ( 'draft international standard', 'automotive_design', 1998, #1774 ) ;
#1875 = EDGE_CURVE ( 'NONE', #289, #836, #1519, .T. ) ;
#1876 = EDGE_LOOP ( 'NONE', ( #647, #87, #364, #1001 ) ) ;
#1877 = APPLICATION_CONTEXT ( 'automotive_design' ) ;
#1878 = CARTESIAN_POINT ( 'NONE',  ( 32.75000000000000000, 24.04163056034260038, -71.55836943965739749 ) ) ;
#1879 = CARTESIAN_POINT ( 'NONE',  ( 37.50000000000000000, 0.000000000000000000, -95.60000000000000853 ) ) ;
#1880 = VERTEX_POINT ( 'NONE', #1567 ) ;
#1881 = FACE_OUTER_BOUND ( 'NONE', #1498, .T. ) ;
#1882 = DIRECTION ( 'NONE',  ( 0.000000000000000000, 0.000000000000000000, -1.000000000000000000 ) ) ;
#1883 = AXIS2_PLACEMENT_3D ( 'NONE', #643, #1722, #1841 ) ;
#1884 = CIRCLE ( 'NONE', #820, 35.99999999999999289 ) ;
#1885 = CIRCLE ( 'NONE', #443, 2.149999999999999023 ) ;
#1886 = ORIENTED_EDGE ( 'NONE', *, *, #510, .F. ) ;
#1887 = FACE_OUTER_BOUND ( 'NONE', #372, .T. ) ;
#1888 = DIRECTION ( 'NONE',  ( 0.000000000000000000, 3.552713678800501718E-15, -1.000000000000000000 ) ) ;
#1889 = ADVANCED_FACE ( 'NONE', ( #1676 ), #47, .F. ) ;
#1890 = VERTEX_POINT ( 'NONE', #1558 ) ;
#1891 = DIRECTION ( 'NONE',  ( 1.000000000000000000, 0.000000000000000000, 0.000000000000000000 ) ) ;
#1892 = EDGE_CURVE ( 'NONE', #323, #1868, #1455, .T. ) ;
#1893 = CARTESIAN_POINT ( 'NONE',  ( 24.75000000000000000, 24.04163056034260038, -71.55836943965739749 ) ) ;
#1894 = VECTOR ( 'NONE', #1598, 999.9999999999998863 ) ;
#1895 = AXIS2_PLACEMENT_3D ( 'NONE', #1715, #1866, #1390 ) ;
#1896 = VERTEX_POINT ( 'NONE', #1418 ) ;
#1897 = FACE_OUTER_BOUND ( 'NONE', #1096, .T. ) ;
#1898 = FACE_OUTER_BOUND ( 'NONE', #1849, .T. ) ;
#1899 = ORIENTED_EDGE ( 'NONE', *, *, #1222, .F. ) ;
#1900 = ADVANCED_FACE ( 'NONE', ( #1706 ), #421, .F. ) ;
#1901 = FACE_BOUND ( 'NONE', #863, .T. ) ;
#1902 = CARTESIAN_POINT ( 'NONE',  ( 37.50000000000000000, -6.209827914877940280, -67.27266272189349650 ) ) ;
#1903 = ADVANCED_BREP_SHAPE_REPRESENTATION ( 'ASV1_400_08A_1_1.STEP', ( #1652, #327 ), #287 ) ;
#1904 = ORIENTED_EDGE ( 'NONE', *, *, #1501, .F. ) ;
#1905 = CARTESIAN_POINT ( 'NONE',  ( 27.25000000000000000, 0.000000000000000000, -67.40000000000000568 ) ) ;
#1906 = DIRECTION ( 'NONE',  ( 1.000000000000000000, 0.000000000000000000, 0.000000000000000000 ) ) ;
#1907 = ORIENTED_EDGE ( 'NONE', *, *, #37, .F. ) ;
#1908 = CARTESIAN_POINT ( 'NONE',  ( 32.75000000000000000, -24.04163056034260038, -71.55836943965739749 ) ) ;
#1909 = EDGE_CURVE ( 'NONE', #1243, #1245, #612, .T. ) ;
#1910 = DIRECTION ( 'NONE',  ( -1.000000000000000000, 0.000000000000000000, 0.000000000000000000 ) ) ;
#1911 = AXIS2_PLACEMENT_3D ( 'NONE', #399, #1781, #743 ) ;
#1912 = EDGE_CURVE ( 'NONE', #416, #323, #823, .T. ) ;
#1913 = ORIENTED_EDGE ( 'NONE', *, *, #1276, .F. ) ;
#1914 = CARTESIAN_POINT ( 'NONE',  ( 31.75000000000000000, -25.00000000000000000, -52.29872981077809868 ) ) ;
#1915 = DIRECTION ( 'NONE',  ( 0.000000000000000000, 0.000000000000000000, -1.000000000000000000 ) ) ;
#1916 = AXIS2_PLACEMENT_3D ( 'NONE', #790, #1512, #1799 ) ;
#1917 = EDGE_LOOP ( 'NONE', ( #1720, #1938 ) ) ;
#1918 = FACE_OUTER_BOUND ( 'NONE', #951, .T. ) ;
#1919 = VECTOR ( 'NONE', #526, 1000.000000000000000 ) ;
#1920 = AXIS2_PLACEMENT_3D ( 'NONE', #764, #1358, #619 ) ;
#1921 = CARTESIAN_POINT ( 'NONE',  ( 32.75000000000000000, 1.567388698824725098E-15, -27.79870000000000019 ) ) ;
#1922 = CIRCLE ( 'NONE', #1323, 4.699999999999995737 ) ;
#1923 = ADVANCED_FACE ( 'NONE', ( #653 ), #1179, .T. ) ;
#1924 = AXIS2_PLACEMENT_3D ( 'NONE', #1002, #401, #1295 ) ;
#1925 = EDGE_LOOP ( 'NONE', ( #1301, #634, #341, #1361 ) ) ;
#1926 = AXIS2_PLACEMENT_3D ( 'NONE', #1086, #370, #215 ) ;
#1927 = DIRECTION ( 'NONE',  ( 1.000000000000000000, 0.000000000000000000, 0.000000000000000000 ) ) ;
#1928 = DIRECTION ( 'NONE',  ( 1.000000000000000000, 0.000000000000000000, 0.000000000000000000 ) ) ;
#1929 = ORIENTED_EDGE ( 'NONE', *, *, #130, .F. ) ;
#1930 = CARTESIAN_POINT ( 'NONE',  ( 32.75000000000000000, 0.000000000000000000, -95.60000000000000853 ) ) ;
#1931 = ORIENTED_EDGE ( 'NONE', *, *, #1686, .F. ) ;
#1932 = CYLINDRICAL_SURFACE ( 'NONE', #1006, 2.149999999999999023 ) ;
#1933 = DIRECTION ( 'NONE',  ( -1.000000000000000000, 0.000000000000000000, 0.000000000000000000 ) ) ;
#1934 = EDGE_CURVE ( 'NONE', #272, #475, #1242, .T. ) ;
#1935 = ORIENTED_EDGE ( 'NONE', *, *, #1463, .F. ) ;
#1936 = SURFACE_STYLE_FILL_AREA ( #630 ) ;
#1937 = CARTESIAN_POINT ( 'NONE',  ( 32.75000000000000000, 14.00000000000000000, -27.79870000000000019 ) ) ;
#1938 = ORIENTED_EDGE ( 'NONE', *, *, #48, .F. ) ;
#1939 = DIRECTION ( 'NONE',  ( -1.000000000000000000, 0.000000000000000000, 0.000000000000000000 ) ) ;
#1940 = ORIENTED_EDGE ( 'NONE', *, *, #11, .F. ) ;
#1941 = DIRECTION ( 'NONE',  ( 1.000000000000000000, 0.000000000000000000, 0.000000000000000000 ) ) ;
#1942 = ORIENTED_EDGE ( 'NONE', *, *, #1513, .T. ) ;
#1943 = CARTESIAN_POINT ( 'NONE',  ( 32.75000000000000000, 1.567388698824725098E-15, -27.79870000000000019 ) ) ;
#1944 = CIRCLE ( 'NONE', #271, 29.20000000000000284 ) ;
#1945 = DIRECTION ( 'NONE',  ( 0.000000000000000000, 0.000000000000000000, -1.000000000000000000 ) ) ;
#1946 = DIRECTION ( 'NONE',  ( -1.000000000000000000, 0.000000000000000000, 0.000000000000000000 ) ) ;
#1947 = ADVANCED_FACE ( 'NONE', ( #1398 ), #1826, .F. ) ;
#1948 = AXIS2_PLACEMENT_3D ( 'NONE', #301, #1207, #1503 ) ;
#1949 = ORIENTED_EDGE ( 'NONE', *, *, #1875, .T. ) ;
#1950 = VECTOR ( 'NONE', #583, 999.9999999999998863 ) ;
#1951 = DIRECTION ( 'NONE',  ( 1.000000000000000000, 0.000000000000000000, 0.000000000000000000 ) ) ;
ENDSEC;
END-ISO-10303-21;
